=== Debug Logger Session Started at 2026-09-21T17:45:53.492 ===
PNut-Term-TS: v1.0.8
Program: debug
=====================================

[2026-09-21T17:45:53.386] [SYSTEM] BAUD_RATE_SET 2000000 baud (preferences/default)

=== Session ended - Download Started at 2026-09-21T17:45:53.622 ===
=== Debug Logger Session Started at 2026-09-21T17:45:53.626 ===
PNut-Term-TS: v1.0.8
Program: debug
=====================================

[2026-09-21T17:45:53.622] [SYSTEM] [DOWNLOAD TO RAM] File: test_bench_dual.bin | Size: 83874 bytes | Modified: 2026-09-21T23:45:52.593Z
[2026-09-21T17:45:53.626] [SYSTEM] Download Session Started
[2026-09-21T17:45:55.283] [SYSTEM] [DOWNLOAD SUCCESS] test_bench_dual.bin successfully downloaded to RAM
[2026-09-21T17:45:55.285] Cog0  INIT $0000_0000 $0000_0000 load
[2026-09-21T17:45:55.290] Cog0  INIT $0000_0FA8 $0004_5804 jump
[2026-09-21T17:45:55.302] Cog1  INIT $0000_0FA8 $0004_17FC jump
[2026-09-21T17:45:55.302] Cog0  BM-WDSTART,seq,1,started,TRUE,cog,1
[2026-09-21T17:45:55.303] Cog0  BM-BANNER,seq,2,src_rev,23,fmt,11,part,ALIGN,cfg_id,BENCH,frame,MOTOR,clkfreq,270_000_000,left_base,32,right_base,16,voltage_enum,6,det_mode,30,motor_type,0,quiet,TRUE,mdbg,3,sdbg,3
[2026-09-21T17:45:55.305] Cog0  BM-BUILD,seq,3,sf,1,inst_hz,500,inst_ticks,540_000,ring,4_096,slongs,11,waitms_max,7_953,wd_stall_ms,4_000,abs_abort_mV,1_500,ladder_max,165_000_000,rwire_mohm,20,pack_mV,18_500,fault_cool_ms,5_000
[2026-09-21T17:45:55.306] Cog0  SIGNOFF-DECL,sf,1,bin,DUAL,cell,R18-DUAL-NOSTALL-Z,task,3508
[2026-09-21T17:45:55.306] Cog0  SIGNOFF-DECL,sf,1,bin,DUAL,cell,R18-DUAL-DBGMASK-Z,task,3508
[2026-09-21T17:45:55.307] Cog0  SIGNOFF-DECL,sf,1,bin,DUAL,cell,R18-DUAL-ALIGN-ND,task,3508
[2026-09-21T17:45:55.308] Cog0  SIGNOFF-DECL,sf,1,bin,DUAL,cell,R18-DUAL-ALIGN-CLIP,task,3508
[2026-09-21T17:45:55.309] Cog0  SIGNOFF-DECL,sf,1,bin,DUAL,cell,R18-DUAL-ALIGN-COVER,task,3508
[2026-09-21T17:45:55.309] Cog0  SIGNOFF-DECL,sf,1,bin,DUAL,cell,R18-DUAL-ALIGN-RES,task,3508
[2026-09-21T17:45:55.310] Cog0  SIGNOFF-DECL,sf,1,bin,DUAL,cell,R18-DUAL-ALIGN-MTRX,task,3508
[2026-09-21T17:45:55.312] Cog0  * PANIC PROCEDURE IS PHYSICAL BATTERY DISCONNECT ONLY -- no operator control can stop a runaway (finding S-4: the e-stop now latches, task 3556)
[2026-09-21T17:45:55.328] Cog2  INIT $0000_0FA8 $0003_F03C jump
[2026-09-21T17:45:55.329] Cog0  BM-INST,seq,4,event,START,cog,2,state,IDLE,ack_ms,5,samples,0,late,0,skipped,0,max_late_us,0,clamps,0,why,NONE
[2026-09-21T17:45:55.340] Cog0  BM-SEG,seq,5,seg,ALIGN,event,BEGIN,attended,TRUE,items,0,faults,0,unrecov,0,ms,0,why,NONE
[2026-09-21T17:45:55.356] Cog3  INIT $0001_01E2 $0004_326F load
[2026-09-21T17:45:55.356] Cog4  INIT $0000_0FA8 $0004_2E4B jump
[2026-09-21T17:45:57.452] Cog0  BM-START,seq,6,seg,ALIGN,motor,LEFT,life,1,cog_ret,3,cog_ok,TRUE,board,REV_B,board_enum,22,ready,TRUE,ready_ms,0,off_neg,14,off_pos,338,missed,0,illegal,0,zero_x10,76,ph_x10,1_699,why,NONE
[2026-09-21T17:45:58.088] Cog0  BM-AGUIDE,seq,7,leg,0,motor,LEFT,ask_dir,FORWARD,speed,SLOW,turns,3,ticks,270,bias_still,TRUE,bias_u_mV,51,bias_v_mV,59,bias_w_mV,60,bias_tries,1
[2026-09-21T17:45:58.104] Cog0  TURN LEFT WHEEL FORWARD, SLOW -- keep turning until output resumes
[2026-09-21T17:46:08.590] Cog0  BM-ACROSS,seq,8,leg,0,motor,LEFT,phase,0,rising,FALSE,hall,1,tick,1,t_us,1_834,dur_us,185_577
[2026-09-21T17:46:08.591] Cog0  BM-ACROSS,seq,9,leg,0,motor,LEFT,phase,0,rising,TRUE,hall,1,tick,1,t_us,1_887,dur_us,185_577
[2026-09-21T17:46:08.592] Cog0  BM-ACROSS,seq,10,leg,0,motor,LEFT,phase,1,rising,FALSE,hall,1,tick,1,t_us,45_630,dur_us,185_577
[2026-09-21T17:46:08.593] Cog0  BM-ACROSS,seq,11,leg,0,motor,LEFT,phase,1,rising,TRUE,hall,1,tick,1,t_us,45_684,dur_us,185_577
[2026-09-21T17:46:08.595] Cog0  BM-ACROSS,seq,12,leg,0,motor,LEFT,phase,1,rising,FALSE,hall,1,tick,1,t_us,47_805,dur_us,185_577
[2026-09-21T17:46:08.596] Cog0  BM-ACROSS,seq,13,leg,0,motor,LEFT,phase,1,rising,TRUE,hall,1,tick,1,t_us,47_859,dur_us,185_577
[2026-09-21T17:46:08.597] Cog0  BM-ACROSS,seq,14,leg,0,motor,LEFT,phase,1,rising,FALSE,hall,1,tick,1,t_us,49_884,dur_us,185_577
[2026-09-21T17:46:08.598] Cog0  BM-ACROSS,seq,15,leg,0,motor,LEFT,phase,1,rising,TRUE,hall,1,tick,1,t_us,49_986,dur_us,185_577
[2026-09-21T17:46:08.599] Cog0  BM-ACROSS,seq,16,leg,0,motor,LEFT,phase,1,rising,FALSE,hall,1,tick,1,t_us,54_177,dur_us,185_577
[2026-09-21T17:46:08.600] Cog0  BM-ACROSS,seq,17,leg,0,motor,LEFT,phase,1,rising,TRUE,hall,1,tick,1,t_us,54_326,dur_us,185_577
[2026-09-21T17:46:08.601] Cog0  BM-ACROSS,seq,18,leg,0,motor,LEFT,phase,1,rising,FALSE,hall,1,tick,1,t_us,56_496,dur_us,185_577
[2026-09-21T17:46:08.602] Cog0  BM-ACROSS,seq,19,leg,0,motor,LEFT,phase,1,rising,TRUE,hall,1,tick,1,t_us,56_597,dur_us,185_577
[2026-09-21T17:46:08.603] Cog0  BM-ACROSS,seq,20,leg,0,motor,LEFT,phase,1,rising,FALSE,hall,1,tick,1,t_us,58_046,dur_us,185_577
[2026-09-21T17:46:08.604] Cog0  BM-ACROSS,seq,21,leg,0,motor,LEFT,phase,1,rising,TRUE,hall,1,tick,1,t_us,58_099,dur_us,185_577
[2026-09-21T17:46:08.605] Cog0  BM-ACROSS,seq,22,leg,0,motor,LEFT,phase,1,rising,FALSE,hall,1,tick,1,t_us,58_152,dur_us,185_577
[2026-09-21T17:46:08.606] Cog0  BM-ACROSS,seq,23,leg,0,motor,LEFT,phase,1,rising,TRUE,hall,1,tick,1,t_us,58_253,dur_us,185_577
[2026-09-21T17:46:08.608] Cog0  BM-ACROSS,seq,24,leg,0,motor,LEFT,phase,1,rising,FALSE,hall,1,tick,1,t_us,58_354,dur_us,185_577
[2026-09-21T17:46:08.609] Cog0  BM-ACROSS,seq,25,leg,0,motor,LEFT,phase,1,rising,TRUE,hall,1,tick,1,t_us,58_408,dur_us,185_577
[2026-09-21T17:46:08.610] Cog0  BM-ACROSS,seq,26,leg,0,motor,LEFT,phase,1,rising,FALSE,hall,1,tick,1,t_us,58_557,dur_us,185_577
[2026-09-21T17:46:08.611] Cog0  BM-ACROSS,seq,27,leg,0,motor,LEFT,phase,1,rising,TRUE,hall,1,tick,1,t_us,58_611,dur_us,185_577
[2026-09-21T17:46:08.612] Cog0  BM-ACROSS,seq,28,leg,0,motor,LEFT,phase,1,rising,FALSE,hall,1,tick,1,t_us,60_540,dur_us,185_577
[2026-09-21T17:46:08.613] Cog0  BM-ACROSS,seq,29,leg,0,motor,LEFT,phase,1,rising,TRUE,hall,1,tick,1,t_us,60_739,dur_us,185_577
[2026-09-21T17:46:08.614] Cog0  BM-ACROSS,seq,30,leg,0,motor,LEFT,phase,1,rising,FALSE,hall,1,tick,1,t_us,62_860,dur_us,185_577
[2026-09-21T17:46:08.615] Cog0  BM-ACROSS,seq,31,leg,0,motor,LEFT,phase,1,rising,TRUE,hall,1,tick,1,t_us,62_914,dur_us,185_577
[2026-09-21T17:46:08.616] Cog0  BM-ACROSS,seq,32,leg,0,motor,LEFT,phase,1,rising,FALSE,hall,1,tick,1,t_us,62_967,dur_us,185_577
[2026-09-21T17:46:08.618] Cog0  BM-ACROSS,seq,33,leg,0,motor,LEFT,phase,1,rising,TRUE,hall,1,tick,1,t_us,63_165,dur_us,185_577
[2026-09-21T17:46:08.618] Cog0  BM-ACROSS,seq,34,leg,0,motor,LEFT,phase,1,rising,FALSE,hall,1,tick,1,t_us,64_613,dur_us,185_577
[2026-09-21T17:46:08.619] Cog0  BM-ACROSS,seq,35,leg,0,motor,LEFT,phase,1,rising,TRUE,hall,1,tick,1,t_us,64_667,dur_us,185_577
[2026-09-21T17:46:08.621] Cog0  BM-ACROSS,seq,36,leg,0,motor,LEFT,phase,1,rising,FALSE,hall,1,tick,1,t_us,64_959,dur_us,185_577
[2026-09-21T17:46:08.622] Cog0  BM-ACROSS,seq,37,leg,0,motor,LEFT,phase,1,rising,TRUE,hall,1,tick,1,t_us,65_013,dur_us,185_577
[2026-09-21T17:46:08.623] Cog0  BM-ACROSS,seq,38,leg,0,motor,LEFT,phase,1,rising,FALSE,hall,1,tick,1,t_us,65_306,dur_us,185_577
[2026-09-21T17:46:08.624] Cog0  BM-ACROSS,seq,39,leg,0,motor,LEFT,phase,1,rising,TRUE,hall,1,tick,1,t_us,65_359,dur_us,185_577
[2026-09-21T17:46:08.625] Cog0  BM-ACROSS,seq,40,leg,0,motor,LEFT,phase,1,rising,FALSE,hall,1,tick,1,t_us,66_808,dur_us,185_577
[2026-09-21T17:46:08.626] Cog0  BM-ACROSS,seq,41,leg,0,motor,LEFT,phase,1,rising,TRUE,hall,1,tick,1,t_us,67_345,dur_us,185_577
[2026-09-21T17:46:08.627] Cog0  BM-ACROSS,seq,42,leg,0,motor,LEFT,phase,1,rising,FALSE,hall,1,tick,1,t_us,68_889,dur_us,185_577
[2026-09-21T17:46:08.628] Cog0  BM-ACROSS,seq,43,leg,0,motor,LEFT,phase,1,rising,TRUE,hall,1,tick,1,t_us,68_942,dur_us,185_577
[2026-09-21T17:46:08.629] Cog0  BM-ACROSS,seq,44,leg,0,motor,LEFT,phase,1,rising,FALSE,hall,1,tick,1,t_us,69_332,dur_us,185_577
[2026-09-21T17:46:08.631] Cog0  BM-ACROSS,seq,45,leg,0,motor,LEFT,phase,1,rising,TRUE,hall,1,tick,1,t_us,69_675,dur_us,185_577
[2026-09-21T17:46:08.631] Cog0  BM-ACROSS,seq,46,leg,0,motor,LEFT,phase,1,rising,FALSE,hall,1,tick,1,t_us,71_651,dur_us,185_577
[2026-09-21T17:46:08.633] Cog0  BM-ACROSS,seq,47,leg,0,motor,LEFT,phase,1,rising,TRUE,hall,1,tick,1,t_us,71_753,dur_us,185_577
[2026-09-21T17:46:08.634] Cog0  BM-ACROSS,seq,48,leg,0,motor,LEFT,phase,1,rising,FALSE,hall,1,tick,1,t_us,71_806,dur_us,185_577
[2026-09-21T17:46:08.635] Cog0  BM-ACROSS,seq,49,leg,0,motor,LEFT,phase,1,rising,TRUE,hall,1,tick,1,t_us,71_908,dur_us,185_577
[2026-09-21T17:46:08.636] Cog0  BM-ACROSS,seq,50,leg,0,motor,LEFT,phase,1,rising,FALSE,hall,1,tick,1,t_us,73_356,dur_us,185_577
[2026-09-21T17:46:08.637] Cog0  BM-ACROSS,seq,51,leg,0,motor,LEFT,phase,1,rising,TRUE,hall,1,tick,1,t_us,74_135,dur_us,185_577
[2026-09-21T17:46:08.638] Cog0  BM-ACROSS,seq,52,leg,0,motor,LEFT,phase,1,rising,FALSE,hall,1,tick,1,t_us,75_631,dur_us,185_577
[2026-09-21T17:46:08.639] Cog0  BM-ACROSS,seq,53,leg,0,motor,LEFT,phase,1,rising,TRUE,hall,1,tick,1,t_us,76_361,dur_us,185_577
[2026-09-21T17:46:08.640] Cog0  BM-ACROSS,seq,54,leg,0,motor,LEFT,phase,1,rising,FALSE,hall,1,tick,1,t_us,77_328,dur_us,185_577
[2026-09-21T17:46:08.641] Cog0  BM-ACROSS,seq,55,leg,0,motor,LEFT,phase,1,rising,TRUE,hall,1,tick,1,t_us,77_381,dur_us,185_577
[2026-09-21T17:46:08.643] Cog0  BM-ACROSS,seq,56,leg,0,motor,LEFT,phase,1,rising,FALSE,hall,1,tick,1,t_us,77_771,dur_us,185_577
[2026-09-21T17:46:08.643] Cog0  BM-ACROSS,seq,57,leg,0,motor,LEFT,phase,1,rising,TRUE,hall,1,tick,1,t_us,78_114,dur_us,185_577
[2026-09-21T17:46:08.645] Cog0  BM-ACROSS,seq,58,leg,0,motor,LEFT,phase,1,rising,FALSE,hall,1,tick,1,t_us,78_167,dur_us,185_577
[2026-09-21T17:46:08.646] Cog0  BM-ACROSS,seq,59,leg,0,motor,LEFT,phase,1,rising,TRUE,hall,1,tick,1,t_us,78_510,dur_us,185_577
[2026-09-21T17:46:08.647] Cog0  BM-ACROSS,seq,60,leg,0,motor,LEFT,phase,1,rising,FALSE,hall,1,tick,1,t_us,79_573,dur_us,185_577
[2026-09-21T17:46:08.648] Cog0  BM-ACROSS,seq,61,leg,0,motor,LEFT,phase,1,rising,TRUE,hall,1,tick,1,t_us,79_626,dur_us,185_577
[2026-09-21T17:46:08.649] Cog0  BM-ACROSS,seq,62,leg,0,motor,LEFT,phase,1,rising,FALSE,hall,1,tick,1,t_us,79_727,dur_us,185_577
[2026-09-21T17:46:08.650] Cog0  BM-ACROSS,seq,63,leg,0,motor,LEFT,phase,1,rising,TRUE,hall,1,tick,1,t_us,79_781,dur_us,185_577
[2026-09-21T17:46:08.651] Cog0  BM-ACROSS,seq,64,leg,0,motor,LEFT,phase,1,rising,FALSE,hall,1,tick,1,t_us,79_882,dur_us,185_577
[2026-09-21T17:46:08.653] Cog0  BM-ACROSS,seq,65,leg,0,motor,LEFT,phase,1,rising,TRUE,hall,1,tick,1,t_us,80_709,dur_us,185_577
[2026-09-21T17:46:08.653] Cog0  BM-ACROSS,seq,66,leg,0,motor,LEFT,phase,1,rising,FALSE,hall,1,tick,1,t_us,81_484,dur_us,185_577
[2026-09-21T17:46:08.655] Cog0  BM-ACROSS,seq,67,leg,0,motor,LEFT,phase,1,rising,TRUE,hall,1,tick,1,t_us,81_682,dur_us,185_577
[2026-09-21T17:46:08.656] Cog0  BM-ACROSS,seq,68,leg,0,motor,LEFT,phase,1,rising,FALSE,hall,1,tick,1,t_us,81_735,dur_us,185_577
[2026-09-21T17:46:08.657] Cog0  BM-ACROSS,seq,69,leg,0,motor,LEFT,phase,1,rising,TRUE,hall,1,tick,1,t_us,81_788,dur_us,185_577
[2026-09-21T17:46:08.658] Cog0  BM-ACROSS,seq,70,leg,0,motor,LEFT,phase,1,rising,FALSE,hall,1,tick,1,t_us,81_985,dur_us,185_577
[2026-09-21T17:46:08.658] Cog0  BM-ACROSS,seq,71,leg,0,motor,LEFT,phase,1,rising,TRUE,hall,1,tick,1,t_us,82_135,dur_us,185_577
[2026-09-21T17:46:08.660] Cog0  BM-ACROSS,seq,72,leg,0,motor,LEFT,phase,1,rising,FALSE,hall,1,tick,1,t_us,82_188,dur_us,185_577
[2026-09-21T17:46:08.661] Cog0  BM-ACROSS,seq,73,leg,0,motor,LEFT,phase,1,rising,TRUE,hall,1,tick,1,t_us,82_916,dur_us,185_577
[2026-09-21T17:46:08.662] Cog0  BM-ACROSS,seq,74,leg,0,motor,LEFT,phase,1,rising,FALSE,hall,1,tick,1,t_us,83_691,dur_us,185_577
[2026-09-21T17:46:08.663] Cog0  BM-ACROSS,seq,75,leg,0,motor,LEFT,phase,1,rising,TRUE,hall,1,tick,1,t_us,83_793,dur_us,185_577
[2026-09-21T17:46:08.664] Cog0  BM-ACROSS,seq,76,leg,0,motor,LEFT,phase,1,rising,FALSE,hall,1,tick,1,t_us,83_894,dur_us,185_577
[2026-09-21T17:46:08.665] Cog0  BM-ACROSS,seq,77,leg,0,motor,LEFT,phase,1,rising,TRUE,hall,1,tick,1,t_us,84_043,dur_us,185_577
[2026-09-21T17:46:08.666] Cog0  BM-ACROSS,seq,78,leg,0,motor,LEFT,phase,1,rising,FALSE,hall,1,tick,1,t_us,84_096,dur_us,185_577
[2026-09-21T17:46:08.668] Cog0  BM-ACROSS,seq,79,leg,0,motor,LEFT,phase,1,rising,TRUE,hall,1,tick,1,t_us,84_245,dur_us,185_577
[2026-09-21T17:46:08.669] Cog0  BM-ACROSS,seq,80,leg,0,motor,LEFT,phase,1,rising,FALSE,hall,1,tick,1,t_us,84_394,dur_us,185_577
[2026-09-21T17:46:08.670] Cog0  BM-ACROSS,seq,81,leg,0,motor,LEFT,phase,1,rising,TRUE,hall,1,tick,1,t_us,85_126,dur_us,185_577
[2026-09-21T17:46:08.671] Cog0  BM-ACROSS,seq,82,leg,0,motor,LEFT,phase,1,rising,FALSE,hall,1,tick,1,t_us,85_756,dur_us,185_577
[2026-09-21T17:46:08.672] Cog0  BM-ACROSS,seq,83,leg,0,motor,LEFT,phase,1,rising,TRUE,hall,1,tick,1,t_us,85_809,dur_us,185_577
[2026-09-21T17:46:08.673] Cog0  BM-ACROSS,seq,84,leg,0,motor,LEFT,phase,1,rising,FALSE,hall,1,tick,1,t_us,86_343,dur_us,185_577
[2026-09-21T17:46:08.674] Cog0  BM-ACROSS,seq,85,leg,0,motor,LEFT,phase,1,rising,TRUE,hall,1,tick,1,t_us,87_362,dur_us,185_577
[2026-09-21T17:46:08.675] Cog0  BM-ACROSS,seq,86,leg,0,motor,LEFT,phase,1,rising,FALSE,hall,1,tick,1,t_us,88_473,dur_us,185_577
[2026-09-21T17:46:08.676] Cog0  BM-ACROSS,seq,87,leg,0,motor,LEFT,phase,1,rising,TRUE,hall,1,tick,1,t_us,88_623,dur_us,185_577
[2026-09-21T17:46:08.677] Cog0  BM-ACROSS,seq,88,leg,0,motor,LEFT,phase,1,rising,FALSE,hall,1,tick,1,t_us,88_724,dur_us,185_577
[2026-09-21T17:46:08.678] Cog0  BM-ACROSS,seq,89,leg,0,motor,LEFT,phase,1,rising,TRUE,hall,1,tick,1,t_us,89_552,dur_us,185_577
[2026-09-21T17:46:08.679] Cog0  BM-ACROSS,seq,90,leg,0,motor,LEFT,phase,1,rising,FALSE,hall,1,tick,1,t_us,90_855,dur_us,185_577
[2026-09-21T17:46:08.681] Cog0  BM-ACROSS,seq,91,leg,0,motor,LEFT,phase,1,rising,TRUE,hall,1,tick,1,t_us,90_909,dur_us,185_577
[2026-09-21T17:46:08.682] Cog0  BM-ACROSS,seq,92,leg,0,motor,LEFT,phase,1,rising,FALSE,hall,1,tick,1,t_us,91_154,dur_us,185_577
[2026-09-21T17:46:08.683] Cog0  BM-ACROSS,seq,93,leg,0,motor,LEFT,phase,1,rising,TRUE,hall,1,tick,1,t_us,91_739,dur_us,185_577
[2026-09-21T17:46:08.684] Cog0  BM-ACROSS,seq,94,leg,0,motor,LEFT,phase,1,rising,FALSE,hall,1,tick,1,t_us,92_802,dur_us,185_577
[2026-09-21T17:46:08.685] Cog0  BM-ACROSS,seq,95,leg,0,motor,LEFT,phase,1,rising,TRUE,hall,1,tick,1,t_us,93_048,dur_us,185_577
[2026-09-21T17:46:08.686] Cog0  BM-ACROSS,seq,96,leg,0,motor,LEFT,phase,1,rising,FALSE,hall,1,tick,1,t_us,93_437,dur_us,185_577
[2026-09-21T17:46:08.687] Cog0  BM-ACROSS,seq,97,leg,0,motor,LEFT,phase,1,rising,TRUE,hall,1,tick,1,t_us,93_878,dur_us,185_577
[2026-09-21T17:46:08.688] Cog0  BM-ACROSS,seq,98,leg,0,motor,LEFT,phase,1,rising,FALSE,hall,1,tick,1,t_us,95_325,dur_us,185_577
[2026-09-21T17:46:08.689] Cog0  BM-ACROSS,seq,99,leg,0,motor,LEFT,phase,1,rising,TRUE,hall,1,tick,1,t_us,96_105,dur_us,185_577
[2026-09-21T17:46:08.690] Cog0  BM-ACROSS,seq,100,leg,0,motor,LEFT,phase,1,rising,FALSE,hall,1,tick,1,t_us,96_687,dur_us,185_577
[2026-09-21T17:46:08.692] Cog0  BM-ACROSS,seq,101,leg,0,motor,LEFT,phase,1,rising,TRUE,hall,1,tick,1,t_us,96_981,dur_us,185_577
[2026-09-21T17:46:08.693] Cog0  BM-ACROSS,seq,102,leg,0,motor,LEFT,phase,1,rising,FALSE,hall,1,tick,1,t_us,97_034,dur_us,185_577
[2026-09-21T17:46:08.694] Cog0  BM-ACROSS,seq,103,leg,0,motor,LEFT,phase,1,rising,TRUE,hall,1,tick,1,t_us,97_087,dur_us,185_577
[2026-09-21T17:46:08.695] Cog0  BM-ACROSS,seq,104,leg,0,motor,LEFT,phase,1,rising,FALSE,hall,1,tick,1,t_us,97_236,dur_us,185_577
[2026-09-21T17:46:08.696] Cog0  BM-ACROSS,seq,105,leg,0,motor,LEFT,phase,1,rising,TRUE,hall,1,tick,1,t_us,97_435,dur_us,185_577
[2026-09-21T17:46:08.697] Cog0  BM-ACROSS,seq,106,leg,0,motor,LEFT,phase,1,rising,FALSE,hall,1,tick,1,t_us,97_488,dur_us,185_577
[2026-09-21T17:46:08.698] Cog0  BM-ACROSS,seq,107,leg,0,motor,LEFT,phase,1,rising,TRUE,hall,1,tick,1,t_us,98_268,dur_us,185_577
[2026-09-21T17:46:08.699] Cog0  BM-ACROSS,seq,108,leg,0,motor,LEFT,phase,1,rising,FALSE,hall,1,tick,1,t_us,99_186,dur_us,185_577
[2026-09-21T17:46:08.700] Cog0  BM-ACROSS,seq,109,leg,0,motor,LEFT,phase,1,rising,TRUE,hall,1,tick,1,t_us,99_288,dur_us,185_577
[2026-09-21T17:46:08.702] Cog0  BM-ACROSS,seq,110,leg,0,motor,LEFT,phase,1,rising,FALSE,hall,1,tick,1,t_us,99_341,dur_us,185_577
[2026-09-21T17:46:08.703] Cog0  BM-ACROSS,seq,111,leg,0,motor,LEFT,phase,1,rising,TRUE,hall,1,tick,1,t_us,100_459,dur_us,185_577
[2026-09-21T17:46:08.704] Cog0  BM-ACROSS,seq,112,leg,0,motor,LEFT,phase,1,rising,FALSE,hall,1,tick,1,t_us,101_377,dur_us,185_577
[2026-09-21T17:46:08.705] Cog0  BM-ACROSS,seq,113,leg,0,motor,LEFT,phase,1,rising,TRUE,hall,1,tick,1,t_us,101_478,dur_us,185_577
[2026-09-21T17:46:08.706] Cog0  BM-ACROSS,seq,114,leg,0,motor,LEFT,phase,1,rising,FALSE,hall,1,tick,1,t_us,101_579,dur_us,185_577
[2026-09-21T17:46:08.707] Cog0  BM-ACROSS,seq,115,leg,0,motor,LEFT,phase,1,rising,TRUE,hall,1,tick,1,t_us,101_921,dur_us,185_577
[2026-09-21T17:46:08.708] Cog0  BM-ACROSS,seq,116,leg,0,motor,LEFT,phase,1,rising,FALSE,hall,1,tick,1,t_us,101_974,dur_us,185_577
[2026-09-21T17:46:08.709] Cog0  BM-ACROSS,seq,117,leg,0,motor,LEFT,phase,1,rising,TRUE,hall,1,tick,1,t_us,102_705,dur_us,185_577
[2026-09-21T17:46:08.711] Cog0  BM-ACROSS,seq,118,leg,0,motor,LEFT,phase,1,rising,FALSE,hall,1,tick,1,t_us,103_815,dur_us,185_577
[2026-09-21T17:46:08.711] Cog0  BM-ACROSS,seq,119,leg,0,motor,LEFT,phase,1,rising,TRUE,hall,1,tick,1,t_us,104_836,dur_us,185_577
[2026-09-21T17:46:08.713] Cog0  BM-ACROSS,seq,120,leg,0,motor,LEFT,phase,1,rising,FALSE,hall,1,tick,1,t_us,105_946,dur_us,185_577
[2026-09-21T17:46:08.714] Cog0  BM-ACROSS,seq,121,leg,0,motor,LEFT,phase,1,rising,TRUE,hall,1,tick,1,t_us,106_193,dur_us,185_577
[2026-09-21T17:46:08.715] Cog0  BM-ACROSS,seq,122,leg,0,motor,LEFT,phase,1,rising,FALSE,hall,1,tick,1,t_us,106_294,dur_us,185_577
[2026-09-21T17:46:08.716] Cog0  BM-ACROSS,seq,123,leg,0,motor,LEFT,phase,1,rising,TRUE,hall,1,tick,1,t_us,106_637,dur_us,185_577
[2026-09-21T17:46:08.717] Cog0  BM-ACROSS,seq,124,leg,0,motor,LEFT,phase,1,rising,FALSE,hall,1,tick,1,t_us,106_690,dur_us,185_577
[2026-09-21T17:46:08.718] Cog0  BM-ACROSS,seq,125,leg,0,motor,LEFT,phase,1,rising,TRUE,hall,1,tick,1,t_us,107_034,dur_us,185_577
[2026-09-21T17:46:08.719] Cog0  BM-ACROSS,seq,126,leg,0,motor,LEFT,phase,1,rising,FALSE,hall,1,tick,1,t_us,107_231,dur_us,185_577
[2026-09-21T17:46:08.720] Cog0  BM-ACROSS,seq,127,leg,0,motor,LEFT,phase,1,rising,TRUE,hall,1,tick,1,t_us,107_284,dur_us,185_577
[2026-09-21T17:46:08.721] Cog0  BM-ACROSS,seq,128,leg,0,motor,LEFT,phase,1,rising,FALSE,hall,1,tick,1,t_us,108_011,dur_us,185_577
[2026-09-21T17:46:08.723] Cog0  BM-ACROSS,seq,129,leg,0,motor,LEFT,phase,1,rising,TRUE,hall,1,tick,1,t_us,108_209,dur_us,185_577
[2026-09-21T17:46:08.724] Cog0  BM-ACROSS,seq,130,leg,0,motor,LEFT,phase,1,rising,FALSE,hall,1,tick,1,t_us,108_311,dur_us,185_577
[2026-09-21T17:46:08.725] Cog0  BM-ACROSS,seq,131,leg,0,motor,LEFT,phase,1,rising,TRUE,hall,1,tick,1,t_us,109_234,dur_us,185_577
[2026-09-21T17:46:08.726] Cog0  BM-ACROSS,seq,132,leg,0,motor,LEFT,phase,1,rising,FALSE,hall,1,tick,1,t_us,110_008,dur_us,185_577
[2026-09-21T17:46:08.727] Cog0  BM-ACROSS,seq,133,leg,0,motor,LEFT,phase,1,rising,TRUE,hall,1,tick,1,t_us,110_110,dur_us,185_577
[2026-09-21T17:46:08.728] Cog0  BM-ACROSS,seq,134,leg,0,motor,LEFT,phase,1,rising,FALSE,hall,1,tick,1,t_us,110_211,dur_us,185_577
[2026-09-21T17:46:08.729] Cog0  BM-ACROSS,seq,135,leg,0,motor,LEFT,phase,1,rising,TRUE,hall,1,tick,1,t_us,110_265,dur_us,185_577
[2026-09-21T17:46:08.730] Cog0  BM-ACROSS,seq,136,leg,0,motor,LEFT,phase,1,rising,FALSE,hall,1,tick,1,t_us,110_654,dur_us,185_577
[2026-09-21T17:46:08.732] Cog0  BM-ACROSS,seq,137,leg,0,motor,LEFT,phase,1,rising,TRUE,hall,1,tick,1,t_us,111_481,dur_us,185_577
[2026-09-21T17:46:08.733] Cog0  BM-ACROSS,seq,138,leg,0,motor,LEFT,phase,1,rising,FALSE,hall,1,tick,1,t_us,112_304,dur_us,185_577
[2026-09-21T17:46:08.734] Cog0  BM-ACROSS,seq,139,leg,0,motor,LEFT,phase,1,rising,TRUE,hall,1,tick,1,t_us,113_664,dur_us,185_577
[2026-09-21T17:46:08.735] Cog0  BM-ACROSS,seq,140,leg,0,motor,LEFT,phase,1,rising,FALSE,hall,1,tick,1,t_us,114_102,dur_us,185_577
[2026-09-21T17:46:08.736] Cog0  BM-ACROSS,seq,141,leg,0,motor,LEFT,phase,1,rising,TRUE,hall,1,tick,1,t_us,114_252,dur_us,185_577
[2026-09-21T17:46:08.737] Cog0  BM-ACROSS,seq,142,leg,0,motor,LEFT,phase,1,rising,FALSE,hall,1,tick,1,t_us,114_353,dur_us,185_577
[2026-09-21T17:46:08.738] Cog0  BM-ACROSS,seq,143,leg,0,motor,LEFT,phase,1,rising,TRUE,hall,1,tick,1,t_us,114_406,dur_us,185_577
[2026-09-21T17:46:08.739] Cog0  BM-ACROSS,seq,144,leg,0,motor,LEFT,phase,1,rising,FALSE,hall,1,tick,1,t_us,114_507,dur_us,185_577
[2026-09-21T17:46:08.741] Cog0  BM-ACROSS,seq,145,leg,0,motor,LEFT,phase,1,rising,TRUE,hall,1,tick,1,t_us,114_658,dur_us,185_577
[2026-09-21T17:46:08.742] Cog0  BM-ACROSS,seq,146,leg,0,motor,LEFT,phase,1,rising,FALSE,hall,1,tick,1,t_us,114_711,dur_us,185_577
[2026-09-21T17:46:08.743] Cog0  BM-ACROSS,seq,147,leg,0,motor,LEFT,phase,1,rising,TRUE,hall,1,tick,1,t_us,114_861,dur_us,185_577
[2026-09-21T17:46:08.744] Cog0  BM-ACROSS,seq,148,leg,0,motor,LEFT,phase,1,rising,FALSE,hall,1,tick,1,t_us,114_914,dur_us,185_577
[2026-09-21T17:46:08.745] Cog0  BM-ACROSS,seq,149,leg,0,motor,LEFT,phase,1,rising,TRUE,hall,1,tick,1,t_us,115_887,dur_us,185_577
[2026-09-21T17:46:08.746] Cog0  BM-ACROSS,seq,150,leg,0,motor,LEFT,phase,1,rising,FALSE,hall,1,tick,1,t_us,116_901,dur_us,185_577
[2026-09-21T17:46:08.747] Cog0  BM-ACROSS,seq,151,leg,0,motor,LEFT,phase,1,rising,TRUE,hall,1,tick,1,t_us,118_068,dur_us,185_577
[2026-09-21T17:46:08.748] Cog0  BM-ACROSS,seq,152,leg,0,motor,LEFT,phase,1,rising,FALSE,hall,1,tick,1,t_us,118_795,dur_us,185_577
[2026-09-21T17:46:08.750] Cog0  BM-ACROSS,seq,153,leg,0,motor,LEFT,phase,1,rising,TRUE,hall,1,tick,1,t_us,118_945,dur_us,185_577
[2026-09-21T17:46:08.751] Cog0  BM-ACROSS,seq,154,leg,0,motor,LEFT,phase,1,rising,FALSE,hall,1,tick,1,t_us,119_046,dur_us,185_577
[2026-09-21T17:46:08.752] Cog0  BM-ACROSS,seq,155,leg,0,motor,LEFT,phase,1,rising,TRUE,hall,1,tick,1,t_us,120_262,dur_us,185_577
[2026-09-21T17:46:08.753] Cog0  BM-ACROSS,seq,156,leg,0,motor,LEFT,phase,1,rising,FALSE,hall,1,tick,1,t_us,120_988,dur_us,185_577
[2026-09-21T17:46:08.754] Cog0  BM-ACROSS,seq,157,leg,0,motor,LEFT,phase,1,rising,TRUE,hall,1,tick,1,t_us,122_347,dur_us,185_577
[2026-09-21T17:46:08.755] Cog0  BM-ACROSS,seq,158,leg,0,motor,LEFT,phase,1,rising,FALSE,hall,1,tick,1,t_us,123_265,dur_us,185_577
[2026-09-21T17:46:08.756] Cog0  BM-ACROSS,seq,159,leg,0,motor,LEFT,phase,1,rising,TRUE,hall,1,tick,1,t_us,123_319,dur_us,185_577
[2026-09-21T17:46:08.757] Cog0  BM-ACROSS,seq,160,leg,0,motor,LEFT,phase,1,rising,FALSE,hall,1,tick,1,t_us,123_372,dur_us,185_577
[2026-09-21T17:46:08.758] Cog0  BM-ACROSS,seq,161,leg,0,motor,LEFT,phase,1,rising,TRUE,hall,1,tick,1,t_us,123_425,dur_us,185_577
[2026-09-21T17:46:08.760] Cog0  BM-ACROSS,seq,162,leg,0,motor,LEFT,phase,1,rising,FALSE,hall,1,tick,1,t_us,123_478,dur_us,185_577
[2026-09-21T17:46:08.760] Cog0  BM-ACROSS,seq,163,leg,0,motor,LEFT,phase,1,rising,TRUE,hall,1,tick,1,t_us,124_693,dur_us,185_577
[2026-09-21T17:46:08.762] Cog0  BM-ACROSS,seq,164,leg,0,motor,LEFT,phase,1,rising,FALSE,hall,1,tick,1,t_us,125_660,dur_us,185_577
[2026-09-21T17:46:08.763] Cog0  BM-ACROSS,seq,165,leg,0,motor,LEFT,phase,1,rising,TRUE,hall,1,tick,1,t_us,126_824,dur_us,185_577
[2026-09-21T17:46:08.764] Cog0  BM-ACROSS,seq,166,leg,0,motor,LEFT,phase,1,rising,FALSE,hall,1,tick,1,t_us,127_646,dur_us,185_577
[2026-09-21T17:46:08.765] Cog0  BM-ACROSS,seq,167,leg,0,motor,LEFT,phase,1,rising,TRUE,hall,1,tick,1,t_us,127_796,dur_us,185_577
[2026-09-21T17:46:08.766] Cog0  BM-ACROSS,seq,168,leg,0,motor,LEFT,phase,1,rising,FALSE,hall,1,tick,1,t_us,127_849,dur_us,185_577
[2026-09-21T17:46:08.768] Cog0  BM-ACROSS,seq,169,leg,0,motor,LEFT,phase,1,rising,TRUE,hall,1,tick,1,t_us,129_061,dur_us,185_577
[2026-09-21T17:46:08.768] Cog0  BM-ACROSS,seq,170,leg,0,motor,LEFT,phase,1,rising,FALSE,hall,1,tick,1,t_us,129_787,dur_us,185_577
[2026-09-21T17:46:08.770] Cog0  BM-ACROSS,seq,171,leg,0,motor,LEFT,phase,1,rising,TRUE,hall,1,tick,1,t_us,131_245,dur_us,185_577
[2026-09-21T17:46:08.771] Cog0  BM-ACROSS,seq,172,leg,0,motor,LEFT,phase,1,rising,FALSE,hall,1,tick,1,t_us,131_635,dur_us,185_577
[2026-09-21T17:46:08.772] Cog0  BM-ACROSS,seq,173,leg,0,motor,LEFT,phase,1,rising,TRUE,hall,1,tick,1,t_us,131_688,dur_us,185_577
[2026-09-21T17:46:08.773] Cog0  BM-ACROSS,seq,174,leg,0,motor,LEFT,phase,1,rising,FALSE,hall,1,tick,1,t_us,131_981,dur_us,185_577
[2026-09-21T17:46:08.774] Cog0  BM-ACROSS,seq,175,leg,0,motor,LEFT,phase,1,rising,TRUE,hall,1,tick,1,t_us,132_083,dur_us,185_577
[2026-09-21T17:46:08.775] Cog0  BM-ACROSS,seq,176,leg,0,motor,LEFT,phase,1,rising,FALSE,hall,1,tick,1,t_us,132_184,dur_us,185_577
[2026-09-21T17:46:08.776] Cog0  BM-ACROSS,seq,177,leg,0,motor,LEFT,phase,1,rising,TRUE,hall,1,tick,1,t_us,132_334,dur_us,185_577
[2026-09-21T17:46:08.777] Cog0  BM-ACROSS,seq,178,leg,0,motor,LEFT,phase,1,rising,FALSE,hall,1,tick,1,t_us,132_387,dur_us,185_577
[2026-09-21T17:46:08.778] Cog0  BM-ACROSS,seq,179,leg,0,motor,LEFT,phase,1,rising,TRUE,hall,1,tick,1,t_us,133_457,dur_us,185_577
[2026-09-21T17:46:08.779] Cog0  BM-ACROSS,seq,180,leg,0,motor,LEFT,phase,1,rising,FALSE,hall,1,tick,1,t_us,133_846,dur_us,185_577
[2026-09-21T17:46:08.781] Cog0  BM-ACROSS,seq,181,leg,0,motor,LEFT,phase,1,rising,TRUE,hall,1,tick,1,t_us,133_900,dur_us,185_577
[2026-09-21T17:46:08.782] Cog0  BM-ACROSS,seq,182,leg,0,motor,LEFT,phase,1,rising,FALSE,hall,1,tick,1,t_us,134_049,dur_us,185_577
[2026-09-21T17:46:08.783] Cog0  BM-ACROSS,seq,183,leg,0,motor,LEFT,phase,1,rising,TRUE,hall,1,tick,1,t_us,134_150,dur_us,185_577
[2026-09-21T17:46:08.784] Cog0  BM-ACROSS,seq,184,leg,0,motor,LEFT,phase,1,rising,FALSE,hall,1,tick,1,t_us,134_252,dur_us,185_577
[2026-09-21T17:46:08.785] Cog0  BM-ACROSS,seq,185,leg,0,motor,LEFT,phase,1,rising,TRUE,hall,1,tick,1,t_us,134_594,dur_us,185_577
[2026-09-21T17:46:08.786] Cog0  BM-ACROSS,seq,186,leg,0,motor,LEFT,phase,1,rising,FALSE,hall,1,tick,1,t_us,134_647,dur_us,185_577
[2026-09-21T17:46:08.787] Cog0  BM-ACROSS,seq,187,leg,0,motor,LEFT,phase,1,rising,TRUE,hall,1,tick,1,t_us,135_620,dur_us,185_577
[2026-09-21T17:46:08.789] Cog0  BM-ACROSS,seq,188,leg,0,motor,LEFT,phase,1,rising,FALSE,hall,1,tick,1,t_us,135_913,dur_us,185_577
[2026-09-21T17:46:08.790] Cog0  BM-ACROSS,seq,189,leg,0,motor,LEFT,phase,1,rising,TRUE,hall,1,tick,1,t_us,135_967,dur_us,185_577
[2026-09-21T17:46:08.791] Cog0  BM-ACROSS,seq,190,leg,0,motor,LEFT,phase,1,rising,FALSE,hall,1,tick,1,t_us,136_452,dur_us,185_577
[2026-09-21T17:46:08.792] Cog0  BM-ACROSS,seq,191,leg,0,motor,LEFT,phase,1,rising,TRUE,hall,1,tick,1,t_us,137_811,dur_us,185_577
[2026-09-21T17:46:08.793] Cog0  BM-ACROSS,seq,192,leg,0,motor,LEFT,phase,1,rising,FALSE,hall,1,tick,1,t_us,138_393,dur_us,185_577
[2026-09-21T17:46:08.794] Cog0  BM-ACROSS,seq,193,leg,0,motor,LEFT,phase,1,rising,TRUE,hall,1,tick,1,t_us,138_543,dur_us,185_577
[2026-09-21T17:46:08.795] Cog0  BM-ACROSS,seq,194,leg,0,motor,LEFT,phase,1,rising,FALSE,hall,1,tick,1,t_us,138_644,dur_us,185_577
[2026-09-21T17:46:08.796] Cog0  BM-ACROSS,seq,195,leg,0,motor,LEFT,phase,1,rising,TRUE,hall,1,tick,1,t_us,138_697,dur_us,185_577
[2026-09-21T17:46:08.797] Cog0  BM-ACROSS,seq,196,leg,0,motor,LEFT,phase,1,rising,FALSE,hall,1,tick,1,t_us,138_750,dur_us,185_577
[2026-09-21T17:46:08.799] Cog0  BM-ACROSS,seq,197,leg,0,motor,LEFT,phase,1,rising,TRUE,hall,1,tick,1,t_us,140_109,dur_us,185_577
[2026-09-21T17:46:08.800] Cog0  BM-ACROSS,seq,198,leg,0,motor,LEFT,phase,1,rising,FALSE,hall,1,tick,1,t_us,140_450,dur_us,185_577
[2026-09-21T17:46:08.801] Cog0  BM-ACROSS,seq,199,leg,0,motor,LEFT,phase,1,rising,TRUE,hall,1,tick,1,t_us,140_600,dur_us,185_577
[2026-09-21T17:46:08.802] Cog0  BM-ACROSS,seq,200,leg,0,motor,LEFT,phase,1,rising,FALSE,hall,1,tick,1,t_us,140_701,dur_us,185_577
[2026-09-21T17:46:08.803] Cog0  BM-ACROSS,seq,201,leg,0,motor,LEFT,phase,1,rising,TRUE,hall,1,tick,1,t_us,142_351,dur_us,185_577
[2026-09-21T17:46:08.804] Cog0  BM-ACROSS,seq,202,leg,0,motor,LEFT,phase,1,rising,FALSE,hall,1,tick,1,t_us,142_549,dur_us,185_577
[2026-09-21T17:46:08.805] Cog0  BM-ACROSS,seq,203,leg,0,motor,LEFT,phase,1,rising,TRUE,hall,1,tick,1,t_us,143_231,dur_us,185_577
[2026-09-21T17:46:08.806] Cog0  BM-ACROSS,seq,204,leg,0,motor,LEFT,phase,1,rising,FALSE,hall,1,tick,1,t_us,143_284,dur_us,185_577
[2026-09-21T17:46:08.807] Cog0  BM-ACROSS,seq,205,leg,0,motor,LEFT,phase,1,rising,TRUE,hall,1,tick,1,t_us,144_596,dur_us,185_577
[2026-09-21T17:46:08.809] Cog0  BM-ACROSS,seq,206,leg,0,motor,LEFT,phase,1,rising,FALSE,hall,1,tick,1,t_us,144_793,dur_us,185_577
[2026-09-21T17:46:08.810] Cog0  BM-ACROSS,seq,207,leg,0,motor,LEFT,phase,1,rising,TRUE,hall,1,tick,1,t_us,144_847,dur_us,185_577
[2026-09-21T17:46:08.811] Cog0  BM-ACROSS,seq,208,leg,0,motor,LEFT,phase,1,rising,FALSE,hall,1,tick,1,t_us,144_900,dur_us,185_577
[2026-09-21T17:46:08.812] Cog0  BM-ACROSS,seq,209,leg,0,motor,LEFT,phase,1,rising,TRUE,hall,1,tick,1,t_us,146_793,dur_us,185_577
[2026-09-21T17:46:08.813] Cog0  BM-ACROSS,seq,210,leg,0,motor,LEFT,phase,1,rising,FALSE,hall,1,tick,1,t_us,147_230,dur_us,185_577
[2026-09-21T17:46:08.814] Cog0  BM-ACROSS,seq,211,leg,0,motor,LEFT,phase,1,rising,TRUE,hall,1,tick,1,t_us,147_284,dur_us,185_577
[2026-09-21T17:46:08.815] Cog0  BM-ACROSS,seq,212,leg,0,motor,LEFT,phase,1,rising,FALSE,hall,1,tick,1,t_us,147_528,dur_us,185_577
[2026-09-21T17:46:08.816] Cog0  BM-ACROSS,seq,213,leg,0,motor,LEFT,phase,1,rising,TRUE,hall,1,tick,1,t_us,147_582,dur_us,185_577
[2026-09-21T17:46:08.818] Cog0  BM-ACROSS,seq,214,leg,0,motor,LEFT,phase,1,rising,FALSE,hall,1,tick,1,t_us,147_731,dur_us,185_577
[2026-09-21T17:46:08.832] Cog0  BM-ACROSS,seq,215,leg,0,motor,LEFT,phase,1,rising,TRUE,hall,1,tick,1,t_us,149_236,dur_us,185_577
[2026-09-21T17:46:08.832] Cog0  BM-ACROSS,seq,216,leg,0,motor,LEFT,phase,1,rising,FALSE,hall,1,tick,1,t_us,149_434,dur_us,185_577
[2026-09-21T17:46:08.832] Cog0  BM-ACROSS,seq,217,leg,0,motor,LEFT,phase,1,rising,TRUE,hall,1,tick,1,t_us,151_327,dur_us,185_577
[2026-09-21T17:46:08.832] Cog0  BM-ACROSS,seq,218,leg,0,motor,LEFT,phase,1,rising,FALSE,hall,1,tick,1,t_us,151_476,dur_us,185_577
[2026-09-21T17:46:08.832] Cog0  BM-ACROSS,seq,219,leg,0,motor,LEFT,phase,1,rising,TRUE,hall,1,tick,1,t_us,153_707,dur_us,185_577
[2026-09-21T17:46:08.832] Cog0  BM-ACROSS,seq,220,leg,0,motor,LEFT,phase,1,rising,FALSE,hall,1,tick,1,t_us,153_808,dur_us,185_577
[2026-09-21T17:46:08.832] Cog0  BM-ACROSS,seq,221,leg,0,motor,LEFT,phase,1,rising,TRUE,hall,1,tick,1,t_us,153_861,dur_us,185_577
[2026-09-21T17:46:08.832] Cog0  BM-ACROSS,seq,222,leg,0,motor,LEFT,phase,1,rising,FALSE,hall,1,tick,1,t_us,153_914,dur_us,185_577
[2026-09-21T17:46:08.832] Cog0  BM-ACROSS,seq,223,leg,0,motor,LEFT,phase,1,rising,TRUE,hall,1,tick,1,t_us,155_806,dur_us,185_577
[2026-09-21T17:46:08.832] Cog0  BM-ACROSS,seq,224,leg,0,motor,LEFT,phase,1,rising,FALSE,hall,1,tick,1,t_us,155_956,dur_us,185_577
[2026-09-21T17:46:08.833] Cog0  BM-ACROSS,seq,225,leg,0,motor,LEFT,phase,1,rising,TRUE,hall,1,tick,1,t_us,156_009,dur_us,185_577
[2026-09-21T17:46:08.833] Cog0  BM-ACROSS,seq,226,leg,0,motor,LEFT,phase,1,rising,FALSE,hall,1,tick,1,t_us,156_206,dur_us,185_577
[2026-09-21T17:46:08.833] Cog0  BM-ACROSS,seq,227,leg,0,motor,LEFT,phase,1,rising,TRUE,hall,1,tick,1,t_us,162_457,dur_us,185_577
[2026-09-21T17:46:08.834] Cog0  BM-ACROSS,seq,228,leg,0,motor,LEFT,phase,1,rising,FALSE,hall,1,tick,1,t_us,162_558,dur_us,185_577
[2026-09-21T17:46:08.834] Cog0  BM-ACROSS,seq,229,leg,0,motor,LEFT,phase,1,rising,TRUE,hall,1,tick,1,t_us,177_576,dur_us,185_577
[2026-09-21T17:46:08.835] Cog0  BM-ACROSS,seq,230,leg,0,motor,LEFT,phase,1,rising,FALSE,hall,1,tick,1,t_us,177_629,dur_us,185_577
[2026-09-21T17:46:08.836] Cog0  BM-ACROSS,seq,231,leg,0,motor,LEFT,phase,2,rising,TRUE,hall,5,tick,2,t_us,45_117,dur_us,116_892
[2026-09-21T17:46:08.838] Cog0  BM-ACROSS,seq,232,leg,0,motor,LEFT,phase,2,rising,FALSE,hall,5,tick,2,t_us,45_170,dur_us,116_892
[2026-09-21T17:46:08.839] Cog0  BM-ACROSS,seq,233,leg,0,motor,LEFT,phase,2,rising,TRUE,hall,5,tick,2,t_us,46_967,dur_us,116_892
[2026-09-21T17:46:08.840] Cog0  BM-ACROSS,seq,234,leg,0,motor,LEFT,phase,2,rising,FALSE,hall,5,tick,2,t_us,47_020,dur_us,116_892
[2026-09-21T17:46:08.841] Cog0  BM-ACROSS,seq,235,leg,0,motor,LEFT,phase,2,rising,TRUE,hall,5,tick,2,t_us,49_058,dur_us,116_892
[2026-09-21T17:46:08.842] Cog0  BM-ACROSS,seq,236,leg,0,motor,LEFT,phase,2,rising,FALSE,hall,5,tick,2,t_us,49_159,dur_us,116_892
[2026-09-21T17:46:08.843] Cog0  BM-ACROSS,seq,237,leg,0,motor,LEFT,phase,2,rising,TRUE,hall,5,tick,2,t_us,51_294,dur_us,116_892
[2026-09-21T17:46:08.844] Cog0  BM-ACROSS,seq,238,leg,0,motor,LEFT,phase,2,rising,FALSE,hall,5,tick,2,t_us,51_347,dur_us,116_892
[2026-09-21T17:46:08.845] Cog0  BM-ACROSS,seq,239,leg,0,motor,LEFT,phase,2,rising,TRUE,hall,5,tick,2,t_us,53_434,dur_us,116_892
[2026-09-21T17:46:08.846] Cog0  BM-ACROSS,seq,240,leg,0,motor,LEFT,phase,2,rising,FALSE,hall,5,tick,2,t_us,53_584,dur_us,116_892
[2026-09-21T17:46:08.848] Cog0  BM-ACROSS,seq,241,leg,0,motor,LEFT,phase,2,rising,TRUE,hall,5,tick,2,t_us,55_670,dur_us,116_892
[2026-09-21T17:46:08.849] Cog0  BM-ACROSS,seq,242,leg,0,motor,LEFT,phase,2,rising,FALSE,hall,5,tick,2,t_us,55_723,dur_us,116_892
[2026-09-21T17:46:08.850] Cog0  BM-ACROSS,seq,243,leg,0,motor,LEFT,phase,2,rising,TRUE,hall,5,tick,2,t_us,57_761,dur_us,116_892
[2026-09-21T17:46:08.851] Cog0  BM-ACROSS,seq,244,leg,0,motor,LEFT,phase,2,rising,FALSE,hall,5,tick,2,t_us,57_862,dur_us,116_892
[2026-09-21T17:46:08.852] Cog0  BM-ACROSS,seq,245,leg,0,motor,LEFT,phase,2,rising,TRUE,hall,5,tick,2,t_us,58_107,dur_us,116_892
[2026-09-21T17:46:08.853] Cog0  BM-ACROSS,seq,246,leg,0,motor,LEFT,phase,2,rising,FALSE,hall,5,tick,2,t_us,58_304,dur_us,116_892
[2026-09-21T17:46:08.854] Cog0  BM-ACROSS,seq,247,leg,0,motor,LEFT,phase,2,rising,TRUE,hall,5,tick,2,t_us,60_003,dur_us,116_892
[2026-09-21T17:46:08.855] Cog0  BM-ACROSS,seq,248,leg,0,motor,LEFT,phase,2,rising,FALSE,hall,5,tick,2,t_us,60_200,dur_us,116_892
[2026-09-21T17:46:08.856] Cog0  BM-ACROSS,seq,249,leg,0,motor,LEFT,phase,2,rising,TRUE,hall,5,tick,2,t_us,60_254,dur_us,116_892
[2026-09-21T17:46:08.858] Cog0  BM-ACROSS,seq,250,leg,0,motor,LEFT,phase,2,rising,FALSE,hall,5,tick,2,t_us,60_355,dur_us,116_892
[2026-09-21T17:46:08.858] Cog0  BM-ACROSS,seq,251,leg,0,motor,LEFT,phase,2,rising,TRUE,hall,5,tick,2,t_us,60_456,dur_us,116_892
[2026-09-21T17:46:08.860] Cog0  BM-ACROSS,seq,252,leg,0,motor,LEFT,phase,2,rising,FALSE,hall,5,tick,2,t_us,60_509,dur_us,116_892
[2026-09-21T17:46:08.861] Cog0  BM-ACROSS,seq,253,leg,0,motor,LEFT,phase,2,rising,TRUE,hall,5,tick,2,t_us,60_708,dur_us,116_892
[2026-09-21T17:46:08.862] Cog0  BM-ACROSS,seq,254,leg,0,motor,LEFT,phase,2,rising,FALSE,hall,5,tick,2,t_us,60_761,dur_us,116_892
[2026-09-21T17:46:08.863] Cog0  BM-ACROSS,seq,255,leg,0,motor,LEFT,phase,2,rising,TRUE,hall,5,tick,2,t_us,62_171,dur_us,116_892
[2026-09-21T17:46:08.864] Cog0  BM-ACROSS,seq,256,leg,0,motor,LEFT,phase,2,rising,FALSE,hall,5,tick,2,t_us,62_512,dur_us,116_892
[2026-09-21T17:46:08.865] Cog0  BM-ACROSS,seq,257,leg,0,motor,LEFT,phase,2,rising,TRUE,hall,5,tick,2,t_us,62_614,dur_us,116_892
[2026-09-21T17:46:08.866] Cog0  BM-ACROSS,seq,258,leg,0,motor,LEFT,phase,2,rising,FALSE,hall,5,tick,2,t_us,62_667,dur_us,116_892
[2026-09-21T17:46:08.868] Cog0  BM-ACROSS,seq,259,leg,0,motor,LEFT,phase,2,rising,TRUE,hall,5,tick,2,t_us,63_107,dur_us,116_892
[2026-09-21T17:46:08.868] Cog0  BM-ACROSS,seq,260,leg,0,motor,LEFT,phase,2,rising,FALSE,hall,5,tick,2,t_us,63_256,dur_us,116_892
[2026-09-21T17:46:08.869] Cog0  BM-ACROSS,seq,261,leg,0,motor,LEFT,phase,2,rising,TRUE,hall,5,tick,2,t_us,64_375,dur_us,116_892
[2026-09-21T17:46:08.871] Cog0  BM-ACROSS,seq,262,leg,0,motor,LEFT,phase,2,rising,FALSE,hall,5,tick,2,t_us,64_669,dur_us,116_892
[2026-09-21T17:46:08.871] Cog0  BM-ACROSS,seq,263,leg,0,motor,LEFT,phase,2,rising,TRUE,hall,5,tick,2,t_us,64_770,dur_us,116_892
[2026-09-21T17:46:08.873] Cog0  BM-ACROSS,seq,264,leg,0,motor,LEFT,phase,2,rising,FALSE,hall,5,tick,2,t_us,64_871,dur_us,116_892
[2026-09-21T17:46:08.874] Cog0  BM-ACROSS,seq,265,leg,0,motor,LEFT,phase,2,rising,TRUE,hall,5,tick,2,t_us,64_924,dur_us,116_892
[2026-09-21T17:46:08.875] Cog0  BM-ACROSS,seq,266,leg,0,motor,LEFT,phase,2,rising,FALSE,hall,5,tick,2,t_us,64_977,dur_us,116_892
[2026-09-21T17:46:08.876] Cog0  BM-ACROSS,seq,267,leg,0,motor,LEFT,phase,2,rising,TRUE,hall,5,tick,2,t_us,65_031,dur_us,116_892
[2026-09-21T17:46:08.877] Cog0  BM-ACROSS,seq,268,leg,0,motor,LEFT,phase,2,rising,FALSE,hall,5,tick,2,t_us,65_132,dur_us,116_892
[2026-09-21T17:46:08.879] Cog0  BM-ACROSS,seq,269,leg,0,motor,LEFT,phase,2,rising,TRUE,hall,5,tick,2,t_us,66_491,dur_us,116_892
[2026-09-21T17:46:08.880] Cog0  BM-ACROSS,seq,270,leg,0,motor,LEFT,phase,2,rising,FALSE,hall,5,tick,2,t_us,67_458,dur_us,116_892
[2026-09-21T17:46:08.881] Cog0  BM-ACROSS,seq,271,leg,0,motor,LEFT,phase,2,rising,TRUE,hall,5,tick,2,t_us,67_608,dur_us,116_892
[2026-09-21T17:46:08.882] Cog0  BM-ACROSS,seq,272,leg,0,motor,LEFT,phase,2,rising,FALSE,hall,5,tick,2,t_us,67_709,dur_us,116_892
[2026-09-21T17:46:08.883] Cog0  BM-ACROSS,seq,273,leg,0,motor,LEFT,phase,2,rising,TRUE,hall,5,tick,2,t_us,68_730,dur_us,116_892
[2026-09-21T17:46:08.884] Cog0  BM-ACROSS,seq,274,leg,0,motor,LEFT,phase,2,rising,FALSE,hall,5,tick,2,t_us,69_264,dur_us,116_892
[2026-09-21T17:46:08.885] Cog0  BM-ACROSS,seq,275,leg,0,motor,LEFT,phase,2,rising,TRUE,hall,5,tick,2,t_us,69_317,dur_us,116_892
[2026-09-21T17:46:08.886] Cog0  BM-ACROSS,seq,276,leg,0,motor,LEFT,phase,2,rising,FALSE,hall,5,tick,2,t_us,69_370,dur_us,116_892
[2026-09-21T17:46:08.887] Cog0  BM-ACROSS,seq,277,leg,0,motor,LEFT,phase,2,rising,TRUE,hall,5,tick,2,t_us,69_665,dur_us,116_892
[2026-09-21T17:46:08.888] Cog0  BM-ACROSS,seq,278,leg,0,motor,LEFT,phase,2,rising,FALSE,hall,5,tick,2,t_us,69_718,dur_us,116_892
[2026-09-21T17:46:08.889] Cog0  BM-ACROSS,seq,279,leg,0,motor,LEFT,phase,2,rising,TRUE,hall,5,tick,2,t_us,70_931,dur_us,116_892
[2026-09-21T17:46:08.891] Cog0  BM-ACROSS,seq,280,leg,0,motor,LEFT,phase,2,rising,FALSE,hall,5,tick,2,t_us,71_273,dur_us,116_892
[2026-09-21T17:46:08.892] Cog0  BM-ACROSS,seq,281,leg,0,motor,LEFT,phase,2,rising,TRUE,hall,5,tick,2,t_us,71_326,dur_us,116_892
[2026-09-21T17:46:08.893] Cog0  BM-ACROSS,seq,282,leg,0,motor,LEFT,phase,2,rising,FALSE,hall,5,tick,2,t_us,71_956,dur_us,116_892
[2026-09-21T17:46:08.894] Cog0  BM-ACROSS,seq,283,leg,0,motor,LEFT,phase,2,rising,TRUE,hall,5,tick,2,t_us,72_299,dur_us,116_892
[2026-09-21T17:46:08.895] Cog0  BM-ACROSS,seq,284,leg,0,motor,LEFT,phase,2,rising,FALSE,hall,5,tick,2,t_us,72_447,dur_us,116_892
[2026-09-21T17:46:08.896] Cog0  BM-ACROSS,seq,285,leg,0,motor,LEFT,phase,2,rising,TRUE,hall,5,tick,2,t_us,72_839,dur_us,116_892
[2026-09-21T17:46:08.897] Cog0  BM-ACROSS,seq,286,leg,0,motor,LEFT,phase,2,rising,FALSE,hall,5,tick,2,t_us,72_940,dur_us,116_892
[2026-09-21T17:46:08.898] Cog0  BM-ACROSS,seq,287,leg,0,motor,LEFT,phase,2,rising,TRUE,hall,5,tick,2,t_us,73_090,dur_us,116_892
[2026-09-21T17:46:08.899] Cog0  BM-ACROSS,seq,288,leg,0,motor,LEFT,phase,2,rising,FALSE,hall,5,tick,2,t_us,74_249,dur_us,116_892
[2026-09-21T17:46:08.901] Cog0  BM-ACROSS,seq,289,leg,0,motor,LEFT,phase,2,rising,TRUE,hall,5,tick,2,t_us,74_303,dur_us,116_892
[2026-09-21T17:46:08.902] Cog0  BM-ACROSS,seq,290,leg,0,motor,LEFT,phase,2,rising,FALSE,hall,5,tick,2,t_us,74_404,dur_us,116_892
[2026-09-21T17:46:08.903] Cog0  BM-ACROSS,seq,291,leg,0,motor,LEFT,phase,2,rising,TRUE,hall,5,tick,2,t_us,74_457,dur_us,116_892
[2026-09-21T17:46:08.904] Cog0  BM-ACROSS,seq,292,leg,0,motor,LEFT,phase,2,rising,FALSE,hall,5,tick,2,t_us,74_655,dur_us,116_892
[2026-09-21T17:46:08.905] Cog0  BM-ACROSS,seq,293,leg,0,motor,LEFT,phase,2,rising,TRUE,hall,5,tick,2,t_us,74_804,dur_us,116_892
[2026-09-21T17:46:08.906] Cog0  BM-ACROSS,seq,294,leg,0,motor,LEFT,phase,2,rising,FALSE,hall,5,tick,2,t_us,74_953,dur_us,116_892
[2026-09-21T17:46:08.908] Cog0  BM-ACROSS,seq,295,leg,0,motor,LEFT,phase,2,rising,TRUE,hall,5,tick,2,t_us,75_006,dur_us,116_892
[2026-09-21T17:46:08.925] Cog0  BM-ALEG,seq,296,leg,0,motor,LEFT,speed,SLOW,ask_dir,FORWARD,meas_dir,FORWARD,ticks,270,span_ms,7_555,edge_s_x10,357,samples,258_946,sectors,269,samp_sect,322,cross,288,unusable,0,dropped,1_199,clip,99_999,peak_i_mV,13,bias_still,TRUE,outcome,CLIPPED
[2026-09-21T17:46:09.560] Cog0  BM-AGUIDE,seq,297,leg,1,motor,LEFT,ask_dir,REVERSE,speed,SLOW,turns,3,ticks,270,bias_still,TRUE,bias_u_mV,51,bias_v_mV,61,bias_w_mV,62,bias_tries,1
[2026-09-21T17:46:09.576] Cog0  TURN LEFT WHEEL REVERSE, SLOW -- keep turning until output resumes
[2026-09-21T17:46:18.303] Cog0  BM-ACROSS,seq,298,leg,1,motor,LEFT,phase,2,rising,TRUE,hall,5,tick,-1,t_us,25_963,dur_us,59_615
[2026-09-21T17:46:18.304] Cog0  BM-ACROSS,seq,299,leg,1,motor,LEFT,phase,2,rising,FALSE,hall,5,tick,-1,t_us,26_256,dur_us,59_615
[2026-09-21T17:46:18.304] Cog0  BM-ACROSS,seq,300,leg,1,motor,LEFT,phase,2,rising,TRUE,hall,5,tick,-1,t_us,26_646,dur_us,59_615
[2026-09-21T17:46:18.306] Cog0  BM-ACROSS,seq,301,leg,1,motor,LEFT,phase,2,rising,FALSE,hall,5,tick,-1,t_us,26_699,dur_us,59_615
[2026-09-21T17:46:18.307] Cog0  BM-ACROSS,seq,302,leg,1,motor,LEFT,phase,2,rising,TRUE,hall,5,tick,-1,t_us,28_011,dur_us,59_615
[2026-09-21T17:46:18.308] Cog0  BM-ACROSS,seq,303,leg,1,motor,LEFT,phase,2,rising,FALSE,hall,5,tick,-1,t_us,28_832,dur_us,59_615
[2026-09-21T17:46:18.309] Cog0  BM-ACROSS,seq,304,leg,1,motor,LEFT,phase,2,rising,TRUE,hall,5,tick,-1,t_us,29_125,dur_us,59_615
[2026-09-21T17:46:18.310] Cog0  BM-ACROSS,seq,305,leg,1,motor,LEFT,phase,2,rising,FALSE,hall,5,tick,-1,t_us,29_226,dur_us,59_615
[2026-09-21T17:46:18.312] Cog0  BM-ACROSS,seq,306,leg,1,motor,LEFT,phase,2,rising,TRUE,hall,5,tick,-1,t_us,30_244,dur_us,59_615
[2026-09-21T17:46:18.312] Cog0  BM-ACROSS,seq,307,leg,1,motor,LEFT,phase,1,rising,FALSE,hall,1,tick,-2,t_us,22_743,dur_us,47_844
[2026-09-21T17:46:18.314] Cog0  BM-ACROSS,seq,308,leg,1,motor,LEFT,phase,1,rising,TRUE,hall,1,tick,-2,t_us,23_090,dur_us,47_844
[2026-09-21T17:46:18.315] Cog0  BM-ACROSS,seq,309,leg,1,motor,LEFT,phase,1,rising,FALSE,hall,1,tick,-2,t_us,24_306,dur_us,47_844
[2026-09-21T17:46:18.316] Cog0  BM-ACROSS,seq,310,leg,1,motor,LEFT,phase,1,rising,TRUE,hall,1,tick,-2,t_us,25_287,dur_us,47_844
[2026-09-21T17:46:18.317] Cog0  BM-ACROSS,seq,311,leg,1,motor,LEFT,phase,1,rising,FALSE,hall,1,tick,-2,t_us,26_109,dur_us,47_844
[2026-09-21T17:46:18.318] Cog0  BM-ACROSS,seq,312,leg,1,motor,LEFT,phase,1,rising,TRUE,hall,1,tick,-2,t_us,27_576,dur_us,47_844
[2026-09-21T17:46:18.319] Cog0  BM-ACROSS,seq,313,leg,1,motor,LEFT,phase,1,rising,FALSE,hall,1,tick,-2,t_us,27_869,dur_us,47_844
[2026-09-21T17:46:18.320] Cog0  BM-ACROSS,seq,314,leg,1,motor,LEFT,phase,0,rising,TRUE,hall,3,tick,-3,t_us,16_538,dur_us,39_639
[2026-09-21T17:46:18.321] Cog0  BM-ACROSS,seq,315,leg,1,motor,LEFT,phase,0,rising,FALSE,hall,3,tick,-3,t_us,16_639,dur_us,39_639
[2026-09-21T17:46:18.322] Cog0  BM-ACROSS,seq,316,leg,1,motor,LEFT,phase,0,rising,TRUE,hall,3,tick,-3,t_us,16_789,dur_us,39_639
[2026-09-21T17:46:18.324] Cog0  BM-ACROSS,seq,317,leg,1,motor,LEFT,phase,0,rising,FALSE,hall,3,tick,-3,t_us,16_890,dur_us,39_639
[2026-09-21T17:46:18.325] Cog0  BM-ACROSS,seq,318,leg,1,motor,LEFT,phase,0,rising,TRUE,hall,3,tick,-3,t_us,18_636,dur_us,39_639
[2026-09-21T17:46:18.326] Cog0  BM-ACROSS,seq,319,leg,1,motor,LEFT,phase,0,rising,FALSE,hall,3,tick,-3,t_us,19_651,dur_us,39_639
[2026-09-21T17:46:18.327] Cog0  BM-ACROSS,seq,320,leg,1,motor,LEFT,phase,0,rising,TRUE,hall,3,tick,-3,t_us,19_704,dur_us,39_639
[2026-09-21T17:46:18.328] Cog0  BM-ACROSS,seq,321,leg,1,motor,LEFT,phase,0,rising,FALSE,hall,3,tick,-3,t_us,20_239,dur_us,39_639
[2026-09-21T17:46:18.329] Cog0  BM-ACROSS,seq,322,leg,1,motor,LEFT,phase,0,rising,TRUE,hall,3,tick,-3,t_us,20_293,dur_us,39_639
[2026-09-21T17:46:18.330] Cog0  BM-ACROSS,seq,323,leg,1,motor,LEFT,phase,0,rising,FALSE,hall,3,tick,-3,t_us,20_442,dur_us,39_639
[2026-09-21T17:46:18.331] Cog0  BM-ACROSS,seq,324,leg,1,motor,LEFT,phase,0,rising,TRUE,hall,3,tick,-3,t_us,20_545,dur_us,39_639
[2026-09-21T17:46:18.332] Cog0  BM-ACROSS,seq,325,leg,1,motor,LEFT,phase,0,rising,FALSE,hall,3,tick,-3,t_us,20_745,dur_us,39_639
[2026-09-21T17:46:18.333] Cog0  BM-ACROSS,seq,326,leg,1,motor,LEFT,phase,0,rising,TRUE,hall,3,tick,-3,t_us,20_799,dur_us,39_639
[2026-09-21T17:46:18.335] Cog0  BM-ACROSS,seq,327,leg,1,motor,LEFT,phase,2,rising,FALSE,hall,2,tick,-4,t_us,15_708,dur_us,31_333
[2026-09-21T17:46:18.335] Cog0  BM-ACROSS,seq,328,leg,1,motor,LEFT,phase,2,rising,TRUE,hall,2,tick,-4,t_us,15_762,dur_us,31_333
[2026-09-21T17:46:18.337] Cog0  BM-ACROSS,seq,329,leg,1,motor,LEFT,phase,2,rising,FALSE,hall,2,tick,-4,t_us,15_816,dur_us,31_333
[2026-09-21T17:46:18.338] Cog0  BM-ACROSS,seq,330,leg,1,motor,LEFT,phase,2,rising,TRUE,hall,2,tick,-4,t_us,16_261,dur_us,31_333
[2026-09-21T17:46:18.339] Cog0  BM-ACROSS,seq,331,leg,1,motor,LEFT,phase,2,rising,FALSE,hall,2,tick,-4,t_us,16_948,dur_us,31_333
[2026-09-21T17:46:18.340] Cog0  BM-ACROSS,seq,332,leg,1,motor,LEFT,phase,1,rising,TRUE,hall,6,tick,-5,t_us,13_183,dur_us,29_457
[2026-09-21T17:46:18.341] Cog0  BM-ACROSS,seq,333,leg,1,motor,LEFT,phase,0,rising,FALSE,hall,4,tick,-6,t_us,13_990,dur_us,26_702
[2026-09-21T17:46:18.342] Cog0  BM-ACROSS,seq,334,leg,1,motor,LEFT,phase,0,rising,TRUE,hall,4,tick,-6,t_us,14_044,dur_us,26_702
[2026-09-21T17:46:18.343] Cog0  BM-ACROSS,seq,335,leg,1,motor,LEFT,phase,0,rising,FALSE,hall,4,tick,-6,t_us,14_243,dur_us,26_702
[2026-09-21T17:46:18.345] Cog0  BM-ACROSS,seq,336,leg,1,motor,LEFT,phase,0,rising,TRUE,hall,4,tick,-6,t_us,14_540,dur_us,26_702
[2026-09-21T17:46:18.345] Cog0  BM-ACROSS,seq,337,leg,1,motor,LEFT,phase,0,rising,FALSE,hall,4,tick,-6,t_us,15_080,dur_us,26_702
[2026-09-21T17:46:18.347] Cog0  BM-ACROSS,seq,338,leg,1,motor,LEFT,phase,2,rising,TRUE,hall,5,tick,-7,t_us,9_573,dur_us,24_581
[2026-09-21T17:46:18.348] Cog0  BM-ACROSS,seq,339,leg,1,motor,LEFT,phase,1,rising,FALSE,hall,1,tick,-8,t_us,13_404,dur_us,22_538
[2026-09-21T17:46:18.349] Cog0  BM-ACROSS,seq,340,leg,1,motor,LEFT,phase,1,rising,TRUE,hall,1,tick,-8,t_us,13_899,dur_us,22_538
[2026-09-21T17:46:18.350] Cog0  BM-ACROSS,seq,341,leg,1,motor,LEFT,phase,1,rising,FALSE,hall,1,tick,-8,t_us,14_001,dur_us,22_538
[2026-09-21T17:46:18.351] Cog0  BM-ACROSS,seq,342,leg,1,motor,LEFT,phase,0,rising,TRUE,hall,3,tick,-9,t_us,8_729,dur_us,22_714
[2026-09-21T17:46:18.352] Cog0  BM-ACROSS,seq,343,leg,1,motor,LEFT,phase,2,rising,FALSE,hall,2,tick,-10,t_us,13_649,dur_us,21_427
[2026-09-21T17:46:18.353] Cog0  BM-ACROSS,seq,344,leg,1,motor,LEFT,phase,1,rising,TRUE,hall,6,tick,-11,t_us,5_746,dur_us,19_098
[2026-09-21T17:46:18.354] Cog0  BM-ACROSS,seq,345,leg,1,motor,LEFT,phase,0,rising,FALSE,hall,4,tick,-12,t_us,13_307,dur_us,19_616
[2026-09-21T17:46:18.355] Cog0  BM-ACROSS,seq,346,leg,1,motor,LEFT,phase,2,rising,TRUE,hall,5,tick,-13,t_us,5_207,dur_us,18_851
[2026-09-21T17:46:18.357] Cog0  BM-ACROSS,seq,347,leg,1,motor,LEFT,phase,1,rising,FALSE,hall,1,tick,-14,t_us,12_431,dur_us,17_683
[2026-09-21T17:46:18.358] Cog0  BM-ACROSS,seq,348,leg,1,motor,LEFT,phase,0,rising,TRUE,hall,3,tick,-15,t_us,5_746,dur_us,18_757
[2026-09-21T17:46:18.359] Cog0  BM-ACROSS,seq,349,leg,1,motor,LEFT,phase,2,rising,FALSE,hall,2,tick,-16,t_us,12_722,dur_us,18_344
[2026-09-21T17:46:18.360] Cog0  BM-ACROSS,seq,350,leg,1,motor,LEFT,phase,1,rising,TRUE,hall,6,tick,-17,t_us,4_713,dur_us,18_016
[2026-09-21T17:46:18.361] Cog0  BM-ACROSS,seq,351,leg,1,motor,LEFT,phase,0,rising,FALSE,hall,4,tick,-18,t_us,12_090,dur_us,17_618
[2026-09-21T17:46:18.362] Cog0  BM-ACROSS,seq,352,leg,1,motor,LEFT,phase,2,rising,TRUE,hall,5,tick,-19,t_us,5_647,dur_us,18_707
[2026-09-21T17:46:18.363] Cog0  BM-ACROSS,seq,353,leg,1,motor,LEFT,phase,1,rising,FALSE,hall,1,tick,-20,t_us,12_334,dur_us,18_661
[2026-09-21T17:46:18.364] Cog0  BM-ACROSS,seq,354,leg,1,motor,LEFT,phase,0,rising,TRUE,hall,3,tick,-21,t_us,5_067,dur_us,18_039
[2026-09-21T17:46:18.365] Cog0  BM-ACROSS,seq,355,leg,1,motor,LEFT,phase,0,rising,FALSE,hall,3,tick,-21,t_us,5_121,dur_us,18_039
[2026-09-21T17:46:18.366] Cog0  BM-ACROSS,seq,356,leg,1,motor,LEFT,phase,0,rising,TRUE,hall,3,tick,-21,t_us,5_175,dur_us,18_039
[2026-09-21T17:46:18.368] Cog0  BM-ACROSS,seq,357,leg,1,motor,LEFT,phase,2,rising,FALSE,hall,2,tick,-22,t_us,13_213,dur_us,20_003
[2026-09-21T17:46:18.368] Cog0  BM-ACROSS,seq,358,leg,1,motor,LEFT,phase,1,rising,TRUE,hall,6,tick,-23,t_us,5_352,dur_us,19_970
[2026-09-21T17:46:18.370] Cog0  BM-ACROSS,seq,359,leg,1,motor,LEFT,phase,0,rising,FALSE,hall,4,tick,-24,t_us,13_795,dur_us,21_212
[2026-09-21T17:46:18.371] Cog0  BM-ACROSS,seq,360,leg,1,motor,LEFT,phase,2,rising,TRUE,hall,5,tick,-25,t_us,8_836,dur_us,24_818
[2026-09-21T17:46:18.372] Cog0  BM-ACROSS,seq,361,leg,1,motor,LEFT,phase,1,rising,FALSE,hall,1,tick,-26,t_us,12_916,dur_us,22_811
[2026-09-21T17:46:18.373] Cog0  BM-ACROSS,seq,362,leg,1,motor,LEFT,phase,0,rising,TRUE,hall,3,tick,-27,t_us,8_826,dur_us,23_591
[2026-09-21T17:46:18.374] Cog0  BM-ACROSS,seq,363,leg,1,motor,LEFT,phase,2,rising,FALSE,hall,2,tick,-28,t_us,13_892,dur_us,23_513
[2026-09-21T17:46:18.375] Cog0  BM-ACROSS,seq,364,leg,1,motor,LEFT,phase,1,rising,TRUE,hall,6,tick,-29,t_us,7_259,dur_us,21_925
[2026-09-21T17:46:18.376] Cog0  BM-ACROSS,seq,365,leg,1,motor,LEFT,phase,0,rising,FALSE,hall,4,tick,-30,t_us,14_086,dur_us,22_605
[2026-09-21T17:46:18.378] Cog0  BM-ACROSS,seq,366,leg,1,motor,LEFT,phase,2,rising,TRUE,hall,5,tick,-31,t_us,7_117,dur_us,22_223
[2026-09-21T17:46:18.379] Cog0  BM-ACROSS,seq,367,leg,1,motor,LEFT,phase,1,rising,FALSE,hall,1,tick,-32,t_us,12_479,dur_us,21_025
[2026-09-21T17:46:18.380] Cog0  BM-ACROSS,seq,368,leg,1,motor,LEFT,phase,1,rising,TRUE,hall,1,tick,-32,t_us,12_582,dur_us,21_025
[2026-09-21T17:46:18.381] Cog0  BM-ACROSS,seq,369,leg,1,motor,LEFT,phase,1,rising,FALSE,hall,1,tick,-32,t_us,13_170,dur_us,21_025
[2026-09-21T17:46:18.382] Cog0  BM-ACROSS,seq,370,leg,1,motor,LEFT,phase,0,rising,TRUE,hall,3,tick,-33,t_us,6_823,dur_us,21_101
[2026-09-21T17:46:18.383] Cog0  BM-ACROSS,seq,371,leg,1,motor,LEFT,phase,2,rising,FALSE,hall,2,tick,-34,t_us,13_794,dur_us,21_131
[2026-09-21T17:46:18.384] Cog0  BM-ACROSS,seq,372,leg,1,motor,LEFT,phase,1,rising,TRUE,hall,6,tick,-35,t_us,5_449,dur_us,19_823
[2026-09-21T17:46:18.385] Cog0  BM-ACROSS,seq,373,leg,1,motor,LEFT,phase,0,rising,FALSE,hall,4,tick,-36,t_us,12_285,dur_us,18_601
[2026-09-21T17:46:18.386] Cog0  BM-ACROSS,seq,374,leg,1,motor,LEFT,phase,2,rising,TRUE,hall,5,tick,-37,t_us,5_501,dur_us,19_388
[2026-09-21T17:46:18.388] Cog0  BM-ACROSS,seq,375,leg,1,motor,LEFT,phase,1,rising,FALSE,hall,1,tick,-38,t_us,11_749,dur_us,18_627
[2026-09-21T17:46:18.389] Cog0  BM-ACROSS,seq,376,leg,1,motor,LEFT,phase,0,rising,TRUE,hall,3,tick,-39,t_us,5_208,dur_us,18_375
[2026-09-21T17:46:18.390] Cog0  BM-ACROSS,seq,377,leg,1,motor,LEFT,phase,0,rising,FALSE,hall,3,tick,-39,t_us,5_311,dur_us,18_375
[2026-09-21T17:46:18.391] Cog0  BM-ACROSS,seq,378,leg,1,motor,LEFT,phase,0,rising,TRUE,hall,3,tick,-39,t_us,5_365,dur_us,18_375
[2026-09-21T17:46:18.392] Cog0  BM-ACROSS,seq,379,leg,1,motor,LEFT,phase,2,rising,FALSE,hall,2,tick,-40,t_us,12_628,dur_us,19_187
[2026-09-21T17:46:18.393] Cog0  BM-ACROSS,seq,380,leg,1,motor,LEFT,phase,2,rising,TRUE,hall,2,tick,-40,t_us,12_926,dur_us,19_187
[2026-09-21T17:46:18.394] Cog0  BM-ACROSS,seq,381,leg,1,motor,LEFT,phase,2,rising,FALSE,hall,2,tick,-40,t_us,13_126,dur_us,19_187
[2026-09-21T17:46:18.395] Cog0  BM-ACROSS,seq,382,leg,1,motor,LEFT,phase,1,rising,TRUE,hall,6,tick,-41,t_us,5_057,dur_us,19_139
[2026-09-21T17:46:18.396] Cog0  BM-ACROSS,seq,383,leg,1,motor,LEFT,phase,0,rising,FALSE,hall,4,tick,-42,t_us,12_480,dur_us,18_395
[2026-09-21T17:46:18.397] Cog0  BM-ACROSS,seq,384,leg,1,motor,LEFT,phase,2,rising,TRUE,hall,5,tick,-43,t_us,5_255,dur_us,19_386
[2026-09-21T17:46:18.399] Cog0  BM-ACROSS,seq,385,leg,1,motor,LEFT,phase,1,rising,FALSE,hall,1,tick,-44,t_us,12_577,dur_us,19_255
[2026-09-21T17:46:18.399] Cog0  BM-ACROSS,seq,386,leg,1,motor,LEFT,phase,0,rising,TRUE,hall,3,tick,-45,t_us,5_353,dur_us,19_630
[2026-09-21T17:46:18.401] Cog0  BM-ACROSS,seq,387,leg,1,motor,LEFT,phase,2,rising,FALSE,hall,2,tick,-46,t_us,12_771,dur_us,20_205
[2026-09-21T17:46:18.402] Cog0  BM-ACROSS,seq,388,leg,1,motor,LEFT,phase,1,rising,TRUE,hall,6,tick,-47,t_us,4_129,dur_us,18_270
[2026-09-21T17:46:18.403] Cog0  BM-ACROSS,seq,389,leg,1,motor,LEFT,phase,1,rising,FALSE,hall,6,tick,-47,t_us,4_182,dur_us,18_270
[2026-09-21T17:46:18.404] Cog0  BM-ACROSS,seq,390,leg,1,motor,LEFT,phase,1,rising,TRUE,hall,6,tick,-47,t_us,4_285,dur_us,18_270
[2026-09-21T17:46:18.405] Cog0  BM-ACROSS,seq,391,leg,1,motor,LEFT,phase,0,rising,FALSE,hall,4,tick,-48,t_us,12_287,dur_us,19_090
[2026-09-21T17:46:18.406] Cog0  BM-ACROSS,seq,392,leg,1,motor,LEFT,phase,2,rising,TRUE,hall,5,tick,-49,t_us,5_206,dur_us,19_737
[2026-09-21T17:46:18.407] Cog0  BM-ACROSS,seq,393,leg,1,motor,LEFT,phase,2,rising,FALSE,hall,5,tick,-49,t_us,5_260,dur_us,19_737
[2026-09-21T17:46:18.408] Cog0  BM-ACROSS,seq,394,leg,1,motor,LEFT,phase,2,rising,TRUE,hall,5,tick,-49,t_us,5_314,dur_us,19_737
[2026-09-21T17:46:18.409] Cog0  BM-ACROSS,seq,395,leg,1,motor,LEFT,phase,1,rising,FALSE,hall,1,tick,-50,t_us,11_166,dur_us,17_406
[2026-09-21T17:46:18.411] Cog0  BM-ACROSS,seq,396,leg,1,motor,LEFT,phase,0,rising,TRUE,hall,3,tick,-51,t_us,4_819,dur_us,18_608
[2026-09-21T17:46:18.412] Cog0  BM-ACROSS,seq,397,leg,1,motor,LEFT,phase,2,rising,FALSE,hall,2,tick,-52,t_us,12_139,dur_us,18_101
[2026-09-21T17:46:18.413] Cog0  BM-ACROSS,seq,398,leg,1,motor,LEFT,phase,1,rising,TRUE,hall,6,tick,-53,t_us,4_766,dur_us,18_410
[2026-09-21T17:46:18.414] Cog0  BM-ACROSS,seq,399,leg,1,motor,LEFT,phase,0,rising,FALSE,hall,4,tick,-54,t_us,12_626,dur_us,18_561
[2026-09-21T17:46:18.415] Cog0  BM-ACROSS,seq,400,leg,1,motor,LEFT,phase,0,rising,TRUE,hall,4,tick,-54,t_us,12_680,dur_us,18_561
[2026-09-21T17:46:18.416] Cog0  BM-ACROSS,seq,401,leg,1,motor,LEFT,phase,0,rising,FALSE,hall,4,tick,-54,t_us,12_782,dur_us,18_561
[2026-09-21T17:46:18.417] Cog0  BM-ACROSS,seq,402,leg,1,motor,LEFT,phase,2,rising,TRUE,hall,5,tick,-55,t_us,5_062,dur_us,18_950
[2026-09-21T17:46:18.418] Cog0  BM-ACROSS,seq,403,leg,1,motor,LEFT,phase,1,rising,FALSE,hall,1,tick,-56,t_us,11_700,dur_us,19_122
[2026-09-21T17:46:18.420] Cog0  BM-ACROSS,seq,404,leg,1,motor,LEFT,phase,1,rising,TRUE,hall,1,tick,-56,t_us,11_950,dur_us,19_122
[2026-09-21T17:46:18.421] Cog0  BM-ACROSS,seq,405,leg,1,motor,LEFT,phase,1,rising,FALSE,hall,1,tick,-56,t_us,12_149,dur_us,19_122
[2026-09-21T17:46:18.422] Cog0  BM-ACROSS,seq,406,leg,1,motor,LEFT,phase,0,rising,TRUE,hall,3,tick,-57,t_us,4_130,dur_us,17_580
[2026-09-21T17:46:18.423] Cog0  BM-ACROSS,seq,407,leg,1,motor,LEFT,phase,2,rising,FALSE,hall,2,tick,-58,t_us,12_139,dur_us,18_896
[2026-09-21T17:46:18.424] Cog0  BM-ACROSS,seq,408,leg,1,motor,LEFT,phase,1,rising,TRUE,hall,6,tick,-59,t_us,4_080,dur_us,17_967
[2026-09-21T17:46:18.425] Cog0  BM-ACROSS,seq,409,leg,1,motor,LEFT,phase,0,rising,FALSE,hall,4,tick,-60,t_us,11_067,dur_us,16_712
[2026-09-21T17:46:18.426] Cog0  BM-ACROSS,seq,410,leg,1,motor,LEFT,phase,0,rising,TRUE,hall,4,tick,-60,t_us,11_219,dur_us,16_712
[2026-09-21T17:46:18.427] Cog0  BM-ACROSS,seq,411,leg,1,motor,LEFT,phase,0,rising,FALSE,hall,4,tick,-60,t_us,11_613,dur_us,16_712
[2026-09-21T17:46:18.428] Cog0  BM-ACROSS,seq,412,leg,1,motor,LEFT,phase,2,rising,TRUE,hall,5,tick,-61,t_us,4_914,dur_us,17_925
[2026-09-21T17:46:18.430] Cog0  BM-ACROSS,seq,413,leg,1,motor,LEFT,phase,1,rising,FALSE,hall,1,tick,-62,t_us,11_554,dur_us,17_150
[2026-09-21T17:46:18.430] Cog0  BM-ACROSS,seq,414,leg,1,motor,LEFT,phase,0,rising,TRUE,hall,3,tick,-63,t_us,4_473,dur_us,17_337
[2026-09-21T17:46:18.432] Cog0  BM-ACROSS,seq,415,leg,1,motor,LEFT,phase,2,rising,FALSE,hall,2,tick,-64,t_us,11_847,dur_us,17_480
[2026-09-21T17:46:18.433] Cog0  BM-ACROSS,seq,416,leg,1,motor,LEFT,phase,2,rising,TRUE,hall,2,tick,-64,t_us,12_341,dur_us,17_480
[2026-09-21T17:46:18.434] Cog0  BM-ACROSS,seq,417,leg,1,motor,LEFT,phase,2,rising,FALSE,hall,2,tick,-64,t_us,12_491,dur_us,17_480
[2026-09-21T17:46:18.435] Cog0  BM-ACROSS,seq,418,leg,1,motor,LEFT,phase,1,rising,TRUE,hall,6,tick,-65,t_us,3_835,dur_us,16_943
[2026-09-21T17:46:18.436] Cog0  BM-ACROSS,seq,419,leg,1,motor,LEFT,phase,0,rising,FALSE,hall,4,tick,-66,t_us,11_701,dur_us,17_630
[2026-09-21T17:46:18.437] Cog0  BM-ACROSS,seq,420,leg,1,motor,LEFT,phase,2,rising,TRUE,hall,5,tick,-67,t_us,3_687,dur_us,17_087
[2026-09-21T17:46:18.438] Cog0  BM-ACROSS,seq,421,leg,1,motor,LEFT,phase,1,rising,FALSE,hall,1,tick,-68,t_us,10_921,dur_us,17_468
[2026-09-21T17:46:18.440] Cog0  BM-ACROSS,seq,422,leg,1,motor,LEFT,phase,1,rising,TRUE,hall,1,tick,-68,t_us,11_170,dur_us,17_468
[2026-09-21T17:46:18.441] Cog0  BM-ACROSS,seq,423,leg,1,motor,LEFT,phase,1,rising,FALSE,hall,1,tick,-68,t_us,11_321,dur_us,17_468
[2026-09-21T17:46:18.442] Cog0  BM-ACROSS,seq,424,leg,1,motor,LEFT,phase,0,rising,TRUE,hall,3,tick,-69,t_us,3_935,dur_us,17_492
[2026-09-21T17:46:18.443] Cog0  BM-ACROSS,seq,425,leg,1,motor,LEFT,phase,0,rising,FALSE,hall,3,tick,-69,t_us,3_989,dur_us,17_492
[2026-09-21T17:46:18.444] Cog0  BM-ACROSS,seq,426,leg,1,motor,LEFT,phase,0,rising,TRUE,hall,3,tick,-69,t_us,4_043,dur_us,17_492
[2026-09-21T17:46:18.445] Cog0  BM-ACROSS,seq,427,leg,1,motor,LEFT,phase,2,rising,FALSE,hall,2,tick,-70,t_us,10_972,dur_us,16_458
[2026-09-21T17:46:18.446] Cog0  BM-ACROSS,seq,428,leg,1,motor,LEFT,phase,1,rising,TRUE,hall,6,tick,-71,t_us,4_177,dur_us,17_041
[2026-09-21T17:46:18.447] Cog0  BM-ACROSS,seq,429,leg,1,motor,LEFT,phase,0,rising,FALSE,hall,4,tick,-72,t_us,11_749,dur_us,16_500
[2026-09-21T17:46:18.448] Cog0  BM-ACROSS,seq,430,leg,1,motor,LEFT,phase,2,rising,TRUE,hall,5,tick,-73,t_us,4_421,dur_us,17_042
[2026-09-21T17:46:18.449] Cog0  BM-ACROSS,seq,431,leg,1,motor,LEFT,phase,1,rising,FALSE,hall,1,tick,-74,t_us,11_603,dur_us,17_054
[2026-09-21T17:46:18.451] Cog0  BM-ACROSS,seq,432,leg,1,motor,LEFT,phase,0,rising,TRUE,hall,3,tick,-75,t_us,3_786,dur_us,16_894
[2026-09-21T17:46:18.452] Cog0  BM-ACROSS,seq,433,leg,1,motor,LEFT,phase,2,rising,FALSE,hall,2,tick,-76,t_us,11_505,dur_us,17_045
[2026-09-21T17:46:18.453] Cog0  BM-ACROSS,seq,434,leg,1,motor,LEFT,phase,2,rising,TRUE,hall,2,tick,-76,t_us,11_608,dur_us,17_045
[2026-09-21T17:46:18.454] Cog0  BM-ACROSS,seq,435,leg,1,motor,LEFT,phase,2,rising,FALSE,hall,2,tick,-76,t_us,11_905,dur_us,17_045
[2026-09-21T17:46:18.455] Cog0  BM-ACROSS,seq,436,leg,1,motor,LEFT,phase,1,rising,TRUE,hall,6,tick,-77,t_us,4_081,dur_us,17_384
[2026-09-21T17:46:18.456] Cog0  BM-ACROSS,seq,437,leg,1,motor,LEFT,phase,0,rising,FALSE,hall,4,tick,-78,t_us,11_213,dur_us,17_138
[2026-09-21T17:46:18.457] Cog0  BM-ACROSS,seq,438,leg,1,motor,LEFT,phase,2,rising,TRUE,hall,5,tick,-79,t_us,4_274,dur_us,17_188
[2026-09-21T17:46:18.458] Cog0  BM-ACROSS,seq,439,leg,1,motor,LEFT,phase,1,rising,FALSE,hall,1,tick,-80,t_us,11_798,dur_us,17_786
[2026-09-21T17:46:18.459] Cog0  BM-ACROSS,seq,440,leg,1,motor,LEFT,phase,0,rising,TRUE,hall,3,tick,-81,t_us,5_161,dur_us,18_756
[2026-09-21T17:46:18.461] Cog0  BM-ACROSS,seq,441,leg,1,motor,LEFT,phase,2,rising,FALSE,hall,2,tick,-82,t_us,12_869,dur_us,19_711
[2026-09-21T17:46:18.461] Cog0  BM-ACROSS,seq,442,leg,1,motor,LEFT,phase,1,rising,TRUE,hall,6,tick,-83,t_us,5_692,dur_us,19_920
[2026-09-21T17:46:18.463] Cog0  BM-ACROSS,seq,443,leg,1,motor,LEFT,phase,0,rising,FALSE,hall,4,tick,-84,t_us,13_065,dur_us,20_952
[2026-09-21T17:46:18.464] Cog0  BM-ACROSS,seq,444,leg,1,motor,LEFT,phase,0,rising,TRUE,hall,4,tick,-84,t_us,13_119,dur_us,20_952
[2026-09-21T17:46:18.465] Cog0  BM-ACROSS,seq,445,leg,1,motor,LEFT,phase,0,rising,FALSE,hall,4,tick,-84,t_us,13_172,dur_us,20_952
[2026-09-21T17:46:18.466] Cog0  BM-ACROSS,seq,446,leg,1,motor,LEFT,phase,0,rising,TRUE,hall,4,tick,-84,t_us,13_275,dur_us,20_952
[2026-09-21T17:46:18.467] Cog0  BM-ACROSS,seq,447,leg,1,motor,LEFT,phase,0,rising,FALSE,hall,4,tick,-84,t_us,13_620,dur_us,20_952
[2026-09-21T17:46:18.468] Cog0  BM-ACROSS,seq,448,leg,1,motor,LEFT,phase,2,rising,TRUE,hall,5,tick,-85,t_us,6_729,dur_us,21_542
[2026-09-21T17:46:18.469] Cog0  BM-ACROSS,seq,449,leg,1,motor,LEFT,phase,1,rising,FALSE,hall,1,tick,-86,t_us,13_405,dur_us,22_853
[2026-09-21T17:46:18.470] Cog0  BM-ACROSS,seq,450,leg,1,motor,LEFT,phase,0,rising,TRUE,hall,3,tick,-87,t_us,8_428,dur_us,24_702
[2026-09-21T17:46:18.472] Cog0  BM-ACROSS,seq,451,leg,1,motor,LEFT,phase,2,rising,FALSE,hall,2,tick,-88,t_us,13_015,dur_us,23_565
[2026-09-21T17:46:18.473] Cog0  BM-ACROSS,seq,452,leg,1,motor,LEFT,phase,2,rising,TRUE,hall,2,tick,-88,t_us,13_069,dur_us,23_565
[2026-09-21T17:46:18.474] Cog0  BM-ACROSS,seq,453,leg,1,motor,LEFT,phase,2,rising,FALSE,hall,2,tick,-88,t_us,13_707,dur_us,23_565
[2026-09-21T17:46:18.475] Cog0  BM-ACROSS,seq,454,leg,1,motor,LEFT,phase,1,rising,TRUE,hall,6,tick,-89,t_us,8_717,dur_us,24_796
[2026-09-21T17:46:18.476] Cog0  BM-ACROSS,seq,455,leg,1,motor,LEFT,phase,0,rising,FALSE,hall,4,tick,-90,t_us,14_087,dur_us,24_011
[2026-09-21T17:46:18.477] Cog0  BM-ACROSS,seq,456,leg,1,motor,LEFT,phase,0,rising,TRUE,hall,4,tick,-90,t_us,14_728,dur_us,24_011
[2026-09-21T17:46:18.478] Cog0  BM-ACROSS,seq,457,leg,1,motor,LEFT,phase,0,rising,FALSE,hall,4,tick,-90,t_us,14_879,dur_us,24_011
[2026-09-21T17:46:18.479] Cog0  BM-ACROSS,seq,458,leg,1,motor,LEFT,phase,2,rising,TRUE,hall,5,tick,-91,t_us,9_082,dur_us,24_489
[2026-09-21T17:46:18.480] Cog0  BM-ACROSS,seq,459,leg,1,motor,LEFT,phase,2,rising,FALSE,hall,5,tick,-91,t_us,9_233,dur_us,24_489
[2026-09-21T17:46:18.482] Cog0  BM-ACROSS,seq,460,leg,1,motor,LEFT,phase,2,rising,TRUE,hall,5,tick,-91,t_us,9_384,dur_us,24_489
[2026-09-21T17:46:18.483] Cog0  BM-ACROSS,seq,461,leg,1,motor,LEFT,phase,1,rising,FALSE,hall,1,tick,-92,t_us,15_111,dur_us,25_627
[2026-09-21T17:46:18.484] Cog0  BM-ACROSS,seq,462,leg,1,motor,LEFT,phase,0,rising,TRUE,hall,3,tick,-93,t_us,9_504,dur_us,24_863
[2026-09-21T17:46:18.485] Cog0  BM-ACROSS,seq,463,leg,1,motor,LEFT,phase,0,rising,FALSE,hall,3,tick,-93,t_us,9_558,dur_us,24_863
[2026-09-21T17:46:18.486] Cog0  BM-ACROSS,seq,464,leg,1,motor,LEFT,phase,0,rising,TRUE,hall,3,tick,-93,t_us,9_758,dur_us,24_863
[2026-09-21T17:46:18.487] Cog0  BM-ACROSS,seq,465,leg,1,motor,LEFT,phase,2,rising,FALSE,hall,2,tick,-94,t_us,14_576,dur_us,23_475
[2026-09-21T17:46:18.488] Cog0  BM-ACROSS,seq,466,leg,1,motor,LEFT,phase,2,rising,TRUE,hall,2,tick,-94,t_us,14_776,dur_us,23_475
[2026-09-21T17:46:18.489] Cog0  BM-ACROSS,seq,467,leg,1,motor,LEFT,phase,2,rising,FALSE,hall,2,tick,-94,t_us,15_170,dur_us,23_475
[2026-09-21T17:46:18.490] Cog0  BM-ACROSS,seq,468,leg,1,motor,LEFT,phase,1,rising,TRUE,hall,6,tick,-95,t_us,8_378,dur_us,24_067
[2026-09-21T17:46:18.491] Cog0  BM-ACROSS,seq,469,leg,1,motor,LEFT,phase,0,rising,FALSE,hall,4,tick,-96,t_us,14_135,dur_us,23_278
[2026-09-21T17:46:18.492] Cog0  BM-ACROSS,seq,470,leg,1,motor,LEFT,phase,2,rising,TRUE,hall,5,tick,-97,t_us,7_608,dur_us,22_762
[2026-09-21T17:46:18.494] Cog0  BM-ACROSS,seq,471,leg,1,motor,LEFT,phase,1,rising,FALSE,hall,1,tick,-98,t_us,13_064,dur_us,21_653
[2026-09-21T17:46:18.495] Cog0  BM-ACROSS,seq,472,leg,1,motor,LEFT,phase,1,rising,TRUE,hall,1,tick,-98,t_us,13_167,dur_us,21_653
[2026-09-21T17:46:18.496] Cog0  BM-ACROSS,seq,473,leg,1,motor,LEFT,phase,1,rising,FALSE,hall,1,tick,-98,t_us,13_852,dur_us,21_653
[2026-09-21T17:46:18.497] Cog0  BM-ACROSS,seq,474,leg,1,motor,LEFT,phase,0,rising,TRUE,hall,3,tick,-99,t_us,8_238,dur_us,22_563
[2026-09-21T17:46:18.498] Cog0  BM-ACROSS,seq,475,leg,1,motor,LEFT,phase,2,rising,FALSE,hall,2,tick,-100,t_us,13_503,dur_us,22_097
[2026-09-21T17:46:18.498] Cog0  BM-ACROSS,seq,476,leg,1,motor,LEFT,phase,1,rising,TRUE,hall,6,tick,-101,t_us,5_891,dur_us,20_373
[2026-09-21T17:46:18.500] Cog0  BM-ACROSS,seq,477,leg,1,motor,LEFT,phase,1,rising,FALSE,hall,6,tick,-101,t_us,5_945,dur_us,20_373
[2026-09-21T17:46:18.501] Cog0  BM-ACROSS,seq,478,leg,1,motor,LEFT,phase,1,rising,TRUE,hall,6,tick,-101,t_us,6_144,dur_us,20_373
[2026-09-21T17:46:18.503] Cog0  BM-ACROSS,seq,479,leg,1,motor,LEFT,phase,0,rising,FALSE,hall,4,tick,-102,t_us,13_652,dur_us,21_916
[2026-09-21T17:46:18.504] Cog0  BM-ACROSS,seq,480,leg,1,motor,LEFT,phase,0,rising,TRUE,hall,4,tick,-102,t_us,13_705,dur_us,21_916
[2026-09-21T17:46:18.505] Cog0  BM-ACROSS,seq,481,leg,1,motor,LEFT,phase,0,rising,FALSE,hall,4,tick,-102,t_us,14_295,dur_us,21_916
[2026-09-21T17:46:18.506] Cog0  BM-ACROSS,seq,482,leg,1,motor,LEFT,phase,2,rising,TRUE,hall,5,tick,-103,t_us,7_022,dur_us,21_738
[2026-09-21T17:46:18.507] Cog0  BM-ACROSS,seq,483,leg,1,motor,LEFT,phase,1,rising,FALSE,hall,1,tick,-104,t_us,13_551,dur_us,21_156
[2026-09-21T17:46:18.508] Cog0  BM-ACROSS,seq,484,leg,1,motor,LEFT,phase,1,rising,TRUE,hall,1,tick,-104,t_us,13_947,dur_us,21_156
[2026-09-21T17:46:18.509] Cog0  BM-ACROSS,seq,485,leg,1,motor,LEFT,phase,1,rising,FALSE,hall,1,tick,-104,t_us,14_000,dur_us,21_156
[2026-09-21T17:46:18.510] Cog0  BM-ACROSS,seq,486,leg,1,motor,LEFT,phase,0,rising,TRUE,hall,3,tick,-105,t_us,7_894,dur_us,23_388
[2026-09-21T17:46:18.511] Cog0  BM-ACROSS,seq,487,leg,1,motor,LEFT,phase,2,rising,FALSE,hall,2,tick,-106,t_us,14_087,dur_us,23_118
[2026-09-21T17:46:18.513] Cog0  BM-ACROSS,seq,488,leg,1,motor,LEFT,phase,1,rising,TRUE,hall,6,tick,-107,t_us,7_447,dur_us,23_331
[2026-09-21T17:46:18.514] Cog0  BM-ACROSS,seq,489,leg,1,motor,LEFT,phase,0,rising,FALSE,hall,4,tick,-108,t_us,13_649,dur_us,23_847
[2026-09-21T17:46:18.515] Cog0  BM-ACROSS,seq,490,leg,1,motor,LEFT,phase,0,rising,TRUE,hall,4,tick,-108,t_us,13_752,dur_us,23_847
[2026-09-21T17:46:18.516] Cog0  BM-ACROSS,seq,491,leg,1,motor,LEFT,phase,0,rising,FALSE,hall,4,tick,-108,t_us,14_097,dur_us,23_847
[2026-09-21T17:46:18.517] Cog0  BM-ACROSS,seq,492,leg,1,motor,LEFT,phase,2,rising,TRUE,hall,5,tick,-109,t_us,10_306,dur_us,25_909
[2026-09-21T17:46:18.518] Cog0  BM-ACROSS,seq,493,leg,1,motor,LEFT,phase,2,rising,FALSE,hall,5,tick,-109,t_us,10_360,dur_us,25_909
[2026-09-21T17:46:18.519] Cog0  BM-ACROSS,seq,494,leg,1,motor,LEFT,phase,2,rising,TRUE,hall,5,tick,-109,t_us,10_414,dur_us,25_909
[2026-09-21T17:46:18.521] Cog0  BM-ACROSS,seq,495,leg,1,motor,LEFT,phase,1,rising,FALSE,hall,1,tick,-110,t_us,14_479,dur_us,27_339
[2026-09-21T17:46:18.522] Cog0  BM-ACROSS,seq,496,leg,1,motor,LEFT,phase,0,rising,TRUE,hall,3,tick,-111,t_us,12_028,dur_us,28_741
[2026-09-21T17:46:18.523] Cog0  BM-ACROSS,seq,497,leg,1,motor,LEFT,phase,2,rising,FALSE,hall,2,tick,-112,t_us,15_646,dur_us,31_922
[2026-09-21T17:46:18.524] Cog0  BM-ACROSS,seq,498,leg,1,motor,LEFT,phase,2,rising,TRUE,hall,2,tick,-112,t_us,16_234,dur_us,31_922
[2026-09-21T17:46:18.525] Cog0  BM-ACROSS,seq,499,leg,1,motor,LEFT,phase,2,rising,FALSE,hall,2,tick,-112,t_us,17_211,dur_us,31_922
[2026-09-21T17:46:18.526] Cog0  BM-ACROSS,seq,500,leg,1,motor,LEFT,phase,1,rising,TRUE,hall,6,tick,-113,t_us,12_831,dur_us,30_615
[2026-09-21T17:46:18.527] Cog0  BM-ACROSS,seq,501,leg,1,motor,LEFT,phase,0,rising,FALSE,hall,4,tick,-114,t_us,16_132,dur_us,30_788
[2026-09-21T17:46:18.528] Cog0  BM-ACROSS,seq,502,leg,1,motor,LEFT,phase,0,rising,TRUE,hall,4,tick,-114,t_us,17_117,dur_us,30_788
[2026-09-21T17:46:18.529] Cog0  BM-ACROSS,seq,503,leg,1,motor,LEFT,phase,0,rising,FALSE,hall,4,tick,-114,t_us,17_268,dur_us,30_788
[2026-09-21T17:46:18.531] Cog0  BM-ACROSS,seq,504,leg,1,motor,LEFT,phase,2,rising,TRUE,hall,5,tick,-115,t_us,14_457,dur_us,32_631
[2026-09-21T17:46:18.532] Cog0  BM-ACROSS,seq,505,leg,1,motor,LEFT,phase,1,rising,FALSE,hall,1,tick,-116,t_us,13_795,dur_us,27_566
[2026-09-21T17:46:18.533] Cog0  BM-ACROSS,seq,506,leg,1,motor,LEFT,phase,1,rising,TRUE,hall,1,tick,-116,t_us,14_386,dur_us,27_566
[2026-09-21T17:46:18.534] Cog0  BM-ACROSS,seq,507,leg,1,motor,LEFT,phase,1,rising,FALSE,hall,1,tick,-116,t_us,14_829,dur_us,27_566
[2026-09-21T17:46:18.535] Cog0  BM-ACROSS,seq,508,leg,1,motor,LEFT,phase,1,rising,TRUE,hall,1,tick,-116,t_us,15_029,dur_us,27_566
[2026-09-21T17:46:18.537] Cog0  BM-ACROSS,seq,509,leg,1,motor,LEFT,phase,1,rising,FALSE,hall,1,tick,-116,t_us,15_132,dur_us,27_566
[2026-09-21T17:46:18.537] Cog0  BM-ACROSS,seq,510,leg,1,motor,LEFT,phase,0,rising,TRUE,hall,3,tick,-117,t_us,10_909,dur_us,26_579
[2026-09-21T17:46:18.538] Cog0  BM-ACROSS,seq,511,leg,1,motor,LEFT,phase,0,rising,FALSE,hall,3,tick,-117,t_us,11_108,dur_us,26_579
[2026-09-21T17:46:18.540] Cog0  BM-ACROSS,seq,512,leg,1,motor,LEFT,phase,0,rising,TRUE,hall,3,tick,-117,t_us,11_162,dur_us,26_579
[2026-09-21T17:46:18.541] Cog0  BM-ACROSS,seq,513,leg,1,motor,LEFT,phase,0,rising,FALSE,hall,3,tick,-117,t_us,11_800,dur_us,26_579
[2026-09-21T17:46:18.542] Cog0  BM-ACROSS,seq,514,leg,1,motor,LEFT,phase,0,rising,TRUE,hall,3,tick,-117,t_us,11_951,dur_us,26_579
[2026-09-21T17:46:18.543] Cog0  BM-ACROSS,seq,515,leg,1,motor,LEFT,phase,0,rising,FALSE,hall,3,tick,-117,t_us,12_005,dur_us,26_579
[2026-09-21T17:46:18.544] Cog0  BM-ACROSS,seq,516,leg,1,motor,LEFT,phase,0,rising,TRUE,hall,3,tick,-117,t_us,12_059,dur_us,26_579
[2026-09-21T17:46:18.545] Cog0  BM-ACROSS,seq,517,leg,1,motor,LEFT,phase,2,rising,FALSE,hall,2,tick,-118,t_us,14_094,dur_us,24_208
[2026-09-21T17:46:18.546] Cog0  BM-ACROSS,seq,518,leg,1,motor,LEFT,phase,1,rising,TRUE,hall,6,tick,-119,t_us,6_818,dur_us,20_998
[2026-09-21T17:46:18.548] Cog0  BM-ACROSS,seq,519,leg,1,motor,LEFT,phase,0,rising,FALSE,hall,4,tick,-120,t_us,13_405,dur_us,20_608
[2026-09-21T17:46:18.548] Cog0  BM-ACROSS,seq,520,leg,1,motor,LEFT,phase,2,rising,TRUE,hall,5,tick,-121,t_us,5_599,dur_us,19_730
[2026-09-21T17:46:18.550] Cog0  BM-ACROSS,seq,521,leg,1,motor,LEFT,phase,1,rising,FALSE,hall,1,tick,-122,t_us,12_187,dur_us,17_934
[2026-09-21T17:46:18.551] Cog0  BM-ACROSS,seq,522,leg,1,motor,LEFT,phase,0,rising,TRUE,hall,3,tick,-123,t_us,4_570,dur_us,17_386
[2026-09-21T17:46:18.552] Cog0  BM-ACROSS,seq,523,leg,1,motor,LEFT,phase,2,rising,FALSE,hall,2,tick,-124,t_us,12_285,dur_us,17_376
[2026-09-21T17:46:18.553] Cog0  BM-ACROSS,seq,524,leg,1,motor,LEFT,phase,1,rising,TRUE,hall,6,tick,-125,t_us,3_589,dur_us,16_454
[2026-09-21T17:46:18.554] Cog0  BM-ACROSS,seq,525,leg,1,motor,LEFT,phase,0,rising,FALSE,hall,4,tick,-126,t_us,11_359,dur_us,15_724
[2026-09-21T17:46:18.555] Cog0  BM-ACROSS,seq,526,leg,1,motor,LEFT,phase,2,rising,TRUE,hall,5,tick,-127,t_us,4_471,dur_us,17_336
[2026-09-21T17:46:18.556] Cog0  BM-ACROSS,seq,527,leg,1,motor,LEFT,phase,1,rising,FALSE,hall,1,tick,-128,t_us,11_408,dur_us,17_542
[2026-09-21T17:46:18.558] Cog0  BM-ACROSS,seq,528,leg,1,motor,LEFT,phase,0,rising,TRUE,hall,3,tick,-129,t_us,4_967,dur_us,18_134
[2026-09-21T17:46:18.558] Cog0  BM-ACROSS,seq,529,leg,1,motor,LEFT,phase,0,rising,FALSE,hall,3,tick,-129,t_us,5_021,dur_us,18_134
[2026-09-21T17:46:18.560] Cog0  BM-ACROSS,seq,530,leg,1,motor,LEFT,phase,0,rising,TRUE,hall,3,tick,-129,t_us,5_075,dur_us,18_134
[2026-09-21T17:46:18.561] Cog0  BM-ACROSS,seq,531,leg,1,motor,LEFT,phase,2,rising,FALSE,hall,2,tick,-130,t_us,12_920,dur_us,19_464
[2026-09-21T17:46:18.562] Cog0  BM-ACROSS,seq,532,leg,1,motor,LEFT,phase,1,rising,TRUE,hall,6,tick,-131,t_us,5_550,dur_us,20_266
[2026-09-21T17:46:18.563] Cog0  BM-ACROSS,seq,533,leg,1,motor,LEFT,phase,0,rising,FALSE,hall,4,tick,-132,t_us,13_015,dur_us,20_194
[2026-09-21T17:46:18.564] Cog0  BM-ACROSS,seq,534,leg,1,motor,LEFT,phase,2,rising,TRUE,hall,5,tick,-133,t_us,6_530,dur_us,21_148
[2026-09-21T17:46:18.565] Cog0  BM-ACROSS,seq,535,leg,1,motor,LEFT,phase,1,rising,FALSE,hall,1,tick,-134,t_us,13_113,dur_us,20_667
[2026-09-21T17:46:18.566] Cog0  BM-ACROSS,seq,536,leg,1,motor,LEFT,phase,0,rising,TRUE,hall,3,tick,-135,t_us,6_137,dur_us,20_803
[2026-09-21T17:46:18.568] Cog0  BM-ACROSS,seq,537,leg,1,motor,LEFT,phase,2,rising,FALSE,hall,2,tick,-136,t_us,12_334,dur_us,21_246
[2026-09-21T17:46:18.569] Cog0  BM-ACROSS,seq,538,leg,1,motor,LEFT,phase,2,rising,TRUE,hall,2,tick,-136,t_us,12_388,dur_us,21_246
[2026-09-21T17:46:18.570] Cog0  BM-ACROSS,seq,539,leg,1,motor,LEFT,phase,2,rising,FALSE,hall,2,tick,-136,t_us,12_928,dur_us,21_246
[2026-09-21T17:46:18.571] Cog0  BM-ACROSS,seq,540,leg,1,motor,LEFT,phase,1,rising,TRUE,hall,6,tick,-137,t_us,4_669,dur_us,19_189
[2026-09-21T17:46:18.572] Cog0  BM-ACROSS,seq,541,leg,1,motor,LEFT,phase,0,rising,FALSE,hall,4,tick,-138,t_us,12_626,dur_us,20_212
[2026-09-21T17:46:18.573] Cog0  BM-ACROSS,seq,542,leg,1,motor,LEFT,phase,2,rising,TRUE,hall,5,tick,-139,t_us,6_187,dur_us,21_097
[2026-09-21T17:46:18.574] Cog0  BM-ACROSS,seq,543,leg,1,motor,LEFT,phase,1,rising,FALSE,hall,1,tick,-140,t_us,11_457,dur_us,18_866
[2026-09-21T17:46:18.575] Cog0  BM-ACROSS,seq,544,leg,1,motor,LEFT,phase,1,rising,TRUE,hall,1,tick,-140,t_us,11_755,dur_us,18_866
[2026-09-21T17:46:18.577] Cog0  BM-ACROSS,seq,545,leg,1,motor,LEFT,phase,1,rising,FALSE,hall,1,tick,-140,t_us,12_100,dur_us,18_866
[2026-09-21T17:46:18.578] Cog0  BM-ACROSS,seq,546,leg,1,motor,LEFT,phase,0,rising,TRUE,hall,3,tick,-141,t_us,5_705,dur_us,20_421
[2026-09-21T17:46:18.579] Cog0  BM-ACROSS,seq,547,leg,1,motor,LEFT,phase,2,rising,FALSE,hall,2,tick,-142,t_us,12_869,dur_us,19_709
[2026-09-21T17:46:18.580] Cog0  BM-ACROSS,seq,548,leg,1,motor,LEFT,phase,1,rising,TRUE,hall,6,tick,-143,t_us,5_157,dur_us,19_883
[2026-09-21T17:46:18.581] Cog0  BM-ACROSS,seq,549,leg,1,motor,LEFT,phase,1,rising,FALSE,hall,6,tick,-143,t_us,5_308,dur_us,19_883
[2026-09-21T17:46:18.582] Cog0  BM-ACROSS,seq,550,leg,1,motor,LEFT,phase,1,rising,TRUE,hall,6,tick,-143,t_us,5_410,dur_us,19_883
[2026-09-21T17:46:18.583] Cog0  BM-ACROSS,seq,551,leg,1,motor,LEFT,phase,0,rising,FALSE,hall,4,tick,-144,t_us,12_969,dur_us,19_669
[2026-09-21T17:46:18.584] Cog0  BM-ACROSS,seq,552,leg,1,motor,LEFT,phase,2,rising,TRUE,hall,5,tick,-145,t_us,5_255,dur_us,19_775
[2026-09-21T17:46:18.585] Cog0  BM-ACROSS,seq,553,leg,1,motor,LEFT,phase,1,rising,FALSE,hall,1,tick,-146,t_us,12_041,dur_us,19_654
[2026-09-21T17:46:18.587] Cog0  BM-ACROSS,seq,554,leg,1,motor,LEFT,phase,1,rising,TRUE,hall,1,tick,-146,t_us,12_095,dur_us,19_654
[2026-09-21T17:46:18.588] Cog0  BM-ACROSS,seq,555,leg,1,motor,LEFT,phase,1,rising,FALSE,hall,1,tick,-146,t_us,12_489,dur_us,19_654
[2026-09-21T17:46:18.589] Cog0  BM-ACROSS,seq,556,leg,1,motor,LEFT,phase,0,rising,TRUE,hall,3,tick,-147,t_us,4_376,dur_us,17_922
[2026-09-21T17:46:18.590] Cog0  BM-ACROSS,seq,557,leg,1,motor,LEFT,phase,2,rising,FALSE,hall,2,tick,-148,t_us,12_334,dur_us,19_324
[2026-09-21T17:46:18.591] Cog0  BM-ACROSS,seq,558,leg,1,motor,LEFT,phase,1,rising,TRUE,hall,6,tick,-149,t_us,4_519,dur_us,18_699
[2026-09-21T17:46:18.592] Cog0  BM-ACROSS,seq,559,leg,1,motor,LEFT,phase,0,rising,FALSE,hall,4,tick,-150,t_us,11_603,dur_us,17_722
[2026-09-21T17:46:18.593] Cog0  BM-ACROSS,seq,560,leg,1,motor,LEFT,phase,2,rising,TRUE,hall,5,tick,-151,t_us,5_649,dur_us,19_439
[2026-09-21T17:46:18.595] Cog0  BM-ACROSS,seq,561,leg,1,motor,LEFT,phase,1,rising,FALSE,hall,1,tick,-152,t_us,12_431,dur_us,18_960
[2026-09-21T17:46:18.595] Cog0  BM-ACROSS,seq,562,leg,1,motor,LEFT,phase,0,rising,TRUE,hall,3,tick,-153,t_us,5_598,dur_us,19_729
[2026-09-21T17:46:18.597] Cog0  BM-ACROSS,seq,563,leg,1,motor,LEFT,phase,2,rising,FALSE,hall,2,tick,-154,t_us,13_161,dur_us,20_102
[2026-09-21T17:46:18.598] Cog0  BM-ACROSS,seq,564,leg,1,motor,LEFT,phase,1,rising,TRUE,hall,6,tick,-155,t_us,4_961,dur_us,19_481
[2026-09-21T17:46:18.598] Cog0  BM-ACROSS,seq,565,leg,1,motor,LEFT,phase,0,rising,FALSE,hall,4,tick,-156,t_us,12_480,dur_us,19_673
[2026-09-21T17:46:18.600] Cog0  BM-ACROSS,seq,566,leg,1,motor,LEFT,phase,2,rising,TRUE,hall,5,tick,-157,t_us,4_373,dur_us,18_066
[2026-09-21T17:46:18.601] Cog0  BM-ACROSS,seq,567,leg,1,motor,LEFT,phase,1,rising,FALSE,hall,1,tick,-158,t_us,11_213,dur_us,17_506
[2026-09-21T17:46:18.602] Cog0  BM-ACROSS,seq,568,leg,1,motor,LEFT,phase,0,rising,TRUE,hall,3,tick,-159,t_us,3_884,dur_us,16_749
[2026-09-21T17:46:18.603] Cog0  BM-ACROSS,seq,569,leg,1,motor,LEFT,phase,2,rising,FALSE,hall,2,tick,-160,t_us,10_434,dur_us,15_442
[2026-09-21T17:46:18.605] Cog0  BM-ACROSS,seq,570,leg,1,motor,LEFT,phase,2,rising,TRUE,hall,2,tick,-160,t_us,10_684,dur_us,15_442
[2026-09-21T17:46:18.606] Cog0  BM-ACROSS,seq,571,leg,1,motor,LEFT,phase,2,rising,FALSE,hall,2,tick,-160,t_us,10_834,dur_us,15_442
[2026-09-21T17:46:18.607] Cog0  BM-ACROSS,seq,572,leg,1,motor,LEFT,phase,1,rising,TRUE,hall,6,tick,-161,t_us,3_445,dur_us,15_627
[2026-09-21T17:46:18.608] Cog0  BM-ACROSS,seq,573,leg,1,motor,LEFT,phase,0,rising,FALSE,hall,4,tick,-162,t_us,10_872,dur_us,15_053
[2026-09-21T17:46:18.609] Cog0  BM-ACROSS,seq,574,leg,1,motor,LEFT,phase,2,rising,TRUE,hall,5,tick,-163,t_us,3_540,dur_us,15_479
[2026-09-21T17:46:18.610] Cog0  BM-ACROSS,seq,575,leg,1,motor,LEFT,phase,1,rising,FALSE,hall,1,tick,-164,t_us,10_775,dur_us,15_601
[2026-09-21T17:46:18.611] Cog0  BM-ACROSS,seq,576,leg,1,motor,LEFT,phase,0,rising,TRUE,hall,3,tick,-165,t_us,3_298,dur_us,15_676
[2026-09-21T17:46:18.612] Cog0  BM-ACROSS,seq,577,leg,1,motor,LEFT,phase,2,rising,FALSE,hall,2,tick,-166,t_us,11_116,dur_us,16_161
[2026-09-21T17:46:18.614] Cog0  BM-ACROSS,seq,578,leg,1,motor,LEFT,phase,1,rising,TRUE,hall,6,tick,-167,t_us,3_637,dur_us,16_843
[2026-09-21T17:46:18.614] Cog0  BM-ACROSS,seq,579,leg,1,motor,LEFT,phase,0,rising,FALSE,hall,4,tick,-168,t_us,11_019,dur_us,16_711
[2026-09-21T17:46:18.616] Cog0  BM-ACROSS,seq,580,leg,1,motor,LEFT,phase,0,rising,TRUE,hall,4,tick,-168,t_us,11_073,dur_us,16_711
[2026-09-21T17:46:18.617] Cog0  BM-ACROSS,seq,581,leg,1,motor,LEFT,phase,0,rising,FALSE,hall,4,tick,-168,t_us,11_126,dur_us,16_711
[2026-09-21T17:46:18.618] Cog0  BM-ACROSS,seq,582,leg,1,motor,LEFT,phase,2,rising,TRUE,hall,5,tick,-169,t_us,3_836,dur_us,16_700
[2026-09-21T17:46:18.619] Cog0  BM-ACROSS,seq,583,leg,1,motor,LEFT,phase,1,rising,FALSE,hall,1,tick,-170,t_us,11_554,dur_us,17_103
[2026-09-21T17:46:18.620] Cog0  BM-ACROSS,seq,584,leg,1,motor,LEFT,phase,0,rising,TRUE,hall,3,tick,-171,t_us,4_873,dur_us,18_127
[2026-09-21T17:46:18.622] Cog0  BM-ACROSS,seq,585,leg,1,motor,LEFT,phase,2,rising,FALSE,hall,2,tick,-172,t_us,12_821,dur_us,19_353
[2026-09-21T17:46:18.639] Cog0  BM-ALEG,seq,586,leg,1,motor,LEFT,speed,SLOW,ask_dir,REVERSE,meas_dir,REVERSE,ticks,-270,span_ms,5_902,edge_s_x10,457,samples,221_035,sectors,269,samp_sect,308,cross,288,unusable,0,dropped,225,clip,99_999,peak_i_mV,14,bias_still,TRUE,outcome,CLIPPED
[2026-09-21T17:46:19.275] Cog0  BM-AGUIDE,seq,587,leg,2,motor,LEFT,ask_dir,FORWARD,speed,FAST,turns,3,ticks,270,bias_still,TRUE,bias_u_mV,53,bias_v_mV,62,bias_w_mV,62,bias_tries,1
[2026-09-21T17:46:19.291] Cog0  TURN LEFT WHEEL FORWARD, FAST -- keep turning until output resumes
[2026-09-21T17:46:25.166] Cog0  BM-ACROSS,seq,588,leg,2,motor,LEFT,phase,1,rising,TRUE,hall,6,tick,1,t_us,21_151,dur_us,36_875
[2026-09-21T17:46:25.167] Cog0  BM-ACROSS,seq,589,leg,2,motor,LEFT,phase,1,rising,FALSE,hall,6,tick,1,t_us,21_302,dur_us,36_875
[2026-09-21T17:46:25.168] Cog0  BM-ACROSS,seq,590,leg,2,motor,LEFT,phase,1,rising,TRUE,hall,6,tick,1,t_us,21_454,dur_us,36_875
[2026-09-21T17:46:25.169] Cog0  BM-ACROSS,seq,591,leg,2,motor,LEFT,phase,1,rising,FALSE,hall,6,tick,1,t_us,21_604,dur_us,36_875
[2026-09-21T17:46:25.170] Cog0  BM-ACROSS,seq,592,leg,2,motor,LEFT,phase,1,rising,TRUE,hall,6,tick,1,t_us,21_756,dur_us,36_875
[2026-09-21T17:46:25.171] Cog0  BM-ACROSS,seq,593,leg,2,motor,LEFT,phase,1,rising,FALSE,hall,6,tick,1,t_us,21_858,dur_us,36_875
[2026-09-21T17:46:25.172] Cog0  BM-ACROSS,seq,594,leg,2,motor,LEFT,phase,1,rising,TRUE,hall,6,tick,1,t_us,23_134,dur_us,36_875
[2026-09-21T17:46:25.173] Cog0  BM-ACROSS,seq,595,leg,2,motor,LEFT,phase,2,rising,FALSE,hall,2,tick,2,t_us,18_575,dur_us,27_068
[2026-09-21T17:46:25.174] Cog0  BM-ACROSS,seq,596,leg,2,motor,LEFT,phase,2,rising,TRUE,hall,2,tick,2,t_us,19_020,dur_us,27_068
[2026-09-21T17:46:25.175] Cog0  BM-ACROSS,seq,597,leg,2,motor,LEFT,phase,2,rising,FALSE,hall,2,tick,2,t_us,19_219,dur_us,27_068
[2026-09-21T17:46:25.177] Cog0  BM-ACROSS,seq,598,leg,2,motor,LEFT,phase,0,rising,TRUE,hall,3,tick,3,t_us,9_611,dur_us,21_793
[2026-09-21T17:46:25.177] Cog0  BM-ACROSS,seq,599,leg,2,motor,LEFT,phase,1,rising,FALSE,hall,1,tick,4,t_us,13_990,dur_us,18_056
[2026-09-21T17:46:25.179] Cog0  BM-ACROSS,seq,600,leg,2,motor,LEFT,phase,2,rising,TRUE,hall,5,tick,5,t_us,6_171,dur_us,17_380
[2026-09-21T17:46:25.180] Cog0  BM-ACROSS,seq,601,leg,2,motor,LEFT,phase,0,rising,FALSE,hall,4,tick,6,t_us,12_480,dur_us,15_722
[2026-09-21T17:46:25.181] Cog0  BM-ACROSS,seq,602,leg,2,motor,LEFT,phase,1,rising,TRUE,hall,6,tick,7,t_us,4_725,dur_us,15_008
[2026-09-21T17:46:25.182] Cog0  BM-ACROSS,seq,603,leg,2,motor,LEFT,phase,2,rising,FALSE,hall,2,tick,8,t_us,11_359,dur_us,13_669
[2026-09-21T17:46:25.183] Cog0  BM-ACROSS,seq,604,leg,2,motor,LEFT,phase,0,rising,TRUE,hall,3,tick,9,t_us,3_657,dur_us,12_966
[2026-09-21T17:46:25.184] Cog0  BM-ACROSS,seq,605,leg,2,motor,LEFT,phase,1,rising,FALSE,hall,1,tick,10,t_us,10_726,dur_us,12_790
[2026-09-21T17:46:25.185] Cog0  BM-ACROSS,seq,606,leg,2,motor,LEFT,phase,2,rising,TRUE,hall,5,tick,11,t_us,3_112,dur_us,12_177
[2026-09-21T17:46:25.186] Cog0  BM-ACROSS,seq,607,leg,2,motor,LEFT,phase,0,rising,FALSE,hall,4,tick,12,t_us,10_190,dur_us,11_716
[2026-09-21T17:46:25.187] Cog0  BM-ACROSS,seq,608,leg,2,motor,LEFT,phase,1,rising,TRUE,hall,6,tick,13,t_us,3_165,dur_us,11_937
[2026-09-21T17:46:25.188] Cog0  BM-ACROSS,seq,609,leg,2,motor,LEFT,phase,2,rising,FALSE,hall,2,tick,14,t_us,9_752,dur_us,11_178
[2026-09-21T17:46:25.189] Cog0  BM-ACROSS,seq,610,leg,2,motor,LEFT,phase,0,rising,TRUE,hall,3,tick,15,t_us,3_214,dur_us,11_743
[2026-09-21T17:46:25.191] Cog0  BM-ACROSS,seq,611,leg,2,motor,LEFT,phase,1,rising,FALSE,hall,1,tick,16,t_us,9_947,dur_us,11_472
[2026-09-21T17:46:25.192] Cog0  BM-ACROSS,seq,612,leg,2,motor,LEFT,phase,2,rising,TRUE,hall,5,tick,17,t_us,2_765,dur_us,11_100
[2026-09-21T17:46:25.193] Cog0  BM-ACROSS,seq,613,leg,2,motor,LEFT,phase,0,rising,FALSE,hall,4,tick,18,t_us,9_801,dur_us,11_130
[2026-09-21T17:46:25.194] Cog0  BM-ACROSS,seq,614,leg,2,motor,LEFT,phase,1,rising,TRUE,hall,6,tick,19,t_us,2_524,dur_us,10_517
[2026-09-21T17:46:25.195] Cog0  BM-ACROSS,seq,615,leg,2,motor,LEFT,phase,2,rising,FALSE,hall,2,tick,20,t_us,9_509,dur_us,10_494
[2026-09-21T17:46:25.196] Cog0  BM-ACROSS,seq,616,leg,2,motor,LEFT,phase,0,rising,TRUE,hall,3,tick,21,t_us,2_421,dur_us,10_171
[2026-09-21T17:46:25.197] Cog0  BM-ACROSS,seq,617,leg,2,motor,LEFT,phase,1,rising,FALSE,hall,1,tick,22,t_us,8_827,dur_us,9_714
[2026-09-21T17:46:25.198] Cog0  BM-ACROSS,seq,618,leg,2,motor,LEFT,phase,2,rising,TRUE,hall,5,tick,23,t_us,2_419,dur_us,9_779
[2026-09-21T17:46:25.199] Cog0  BM-ACROSS,seq,619,leg,2,motor,LEFT,phase,0,rising,FALSE,hall,4,tick,24,t_us,8_924,dur_us,9_665
[2026-09-21T17:46:25.200] Cog0  BM-ACROSS,seq,620,leg,2,motor,LEFT,phase,1,rising,TRUE,hall,6,tick,25,t_us,2_373,dur_us,10_074
[2026-09-21T17:46:25.202] Cog0  BM-ACROSS,seq,621,leg,2,motor,LEFT,phase,2,rising,FALSE,hall,2,tick,26,t_us,9_070,dur_us,10_056
[2026-09-21T17:46:25.202] Cog0  BM-ACROSS,seq,622,leg,2,motor,LEFT,phase,0,rising,TRUE,hall,3,tick,27,t_us,2_423,dur_us,10_173
[2026-09-21T17:46:25.204] Cog0  BM-ACROSS,seq,623,leg,2,motor,LEFT,phase,1,rising,FALSE,hall,1,tick,28,t_us,9_363,dur_us,10_691
[2026-09-21T17:46:25.205] Cog0  BM-ACROSS,seq,624,leg,2,motor,LEFT,phase,2,rising,TRUE,hall,5,tick,29,t_us,2_617,dur_us,11_146
[2026-09-21T17:46:25.206] Cog0  BM-ACROSS,seq,625,leg,2,motor,LEFT,phase,0,rising,FALSE,hall,4,tick,30,t_us,9_801,dur_us,11_326
[2026-09-21T17:46:25.207] Cog0  BM-ACROSS,seq,626,leg,2,motor,LEFT,phase,1,rising,TRUE,hall,6,tick,31,t_us,3_213,dur_us,11_937
[2026-09-21T17:46:25.208] Cog0  BM-ACROSS,seq,627,leg,2,motor,LEFT,phase,2,rising,FALSE,hall,2,tick,32,t_us,10_386,dur_us,11_862
[2026-09-21T17:46:25.209] Cog0  BM-ACROSS,seq,628,leg,2,motor,LEFT,phase,0,rising,TRUE,hall,3,tick,33,t_us,4_149,dur_us,12_824
[2026-09-21T17:46:25.210] Cog0  BM-ACROSS,seq,629,leg,2,motor,LEFT,phase,1,rising,FALSE,hall,1,tick,34,t_us,11_262,dur_us,12_836
[2026-09-21T17:46:25.211] Cog0  BM-ACROSS,seq,630,leg,2,motor,LEFT,phase,2,rising,TRUE,hall,5,tick,35,t_us,4_093,dur_us,12_817
[2026-09-21T17:46:25.212] Cog0  BM-ACROSS,seq,631,leg,2,motor,LEFT,phase,0,rising,FALSE,hall,4,tick,36,t_us,11_554,dur_us,13_130
[2026-09-21T17:46:25.214] Cog0  BM-ACROSS,seq,632,leg,2,motor,LEFT,phase,1,rising,TRUE,hall,6,tick,37,t_us,3_509,dur_us,12_331
[2026-09-21T17:46:25.215] Cog0  BM-ACROSS,seq,633,leg,2,motor,LEFT,phase,2,rising,FALSE,hall,2,tick,38,t_us,10_872,dur_us,12_447
[2026-09-21T17:46:25.216] Cog0  BM-ACROSS,seq,634,leg,2,motor,LEFT,phase,0,rising,TRUE,hall,3,tick,39,t_us,3_212,dur_us,11_937
[2026-09-21T17:46:25.217] Cog0  BM-ACROSS,seq,635,leg,2,motor,LEFT,phase,1,rising,FALSE,hall,1,tick,40,t_us,10_142,dur_us,11_569
[2026-09-21T17:46:25.217] Cog0  BM-ACROSS,seq,636,leg,2,motor,LEFT,phase,2,rising,TRUE,hall,5,tick,41,t_us,3_208,dur_us,11_932
[2026-09-21T17:46:25.219] Cog0  BM-ACROSS,seq,637,leg,2,motor,LEFT,phase,0,rising,FALSE,hall,4,tick,42,t_us,9_995,dur_us,11_030
[2026-09-21T17:46:25.220] Cog0  BM-ACROSS,seq,638,leg,2,motor,LEFT,phase,1,rising,TRUE,hall,6,tick,43,t_us,3_655,dur_us,11_843
[2026-09-21T17:46:25.221] Cog0  BM-ACROSS,seq,639,leg,2,motor,LEFT,phase,2,rising,FALSE,hall,2,tick,44,t_us,10_677,dur_us,12_448
[2026-09-21T17:46:25.222] Cog0  BM-ACROSS,seq,640,leg,2,motor,LEFT,phase,0,rising,TRUE,hall,3,tick,45,t_us,3_410,dur_us,11_940
[2026-09-21T17:46:25.223] Cog0  BM-ACROSS,seq,641,leg,2,motor,LEFT,phase,1,rising,FALSE,hall,1,tick,46,t_us,11_408,dur_us,13_579
[2026-09-21T17:46:25.224] Cog0  BM-ACROSS,seq,642,leg,2,motor,LEFT,phase,1,rising,TRUE,hall,1,tick,46,t_us,11_462,dur_us,13_579
[2026-09-21T17:46:25.226] Cog0  BM-ACROSS,seq,643,leg,2,motor,LEFT,phase,1,rising,FALSE,hall,1,tick,46,t_us,11_662,dur_us,13_579
[2026-09-21T17:46:25.227] Cog0  BM-ACROSS,seq,644,leg,2,motor,LEFT,phase,2,rising,TRUE,hall,5,tick,47,t_us,4_194,dur_us,14_428
[2026-09-21T17:46:25.228] Cog0  BM-ACROSS,seq,645,leg,2,motor,LEFT,phase,0,rising,FALSE,hall,4,tick,48,t_us,12_480,dur_us,15_428
[2026-09-21T17:46:25.229] Cog0  BM-ACROSS,seq,646,leg,2,motor,LEFT,phase,1,rising,TRUE,hall,6,tick,49,t_us,5_707,dur_us,16_720
[2026-09-21T17:46:25.230] Cog0  BM-ACROSS,seq,647,leg,2,motor,LEFT,phase,2,rising,FALSE,hall,2,tick,50,t_us,13_844,dur_us,17_722
[2026-09-21T17:46:25.231] Cog0  BM-ACROSS,seq,648,leg,2,motor,LEFT,phase,0,rising,TRUE,hall,3,tick,51,t_us,7_552,dur_us,19_150
[2026-09-21T17:46:25.232] Cog0  BM-ACROSS,seq,649,leg,2,motor,LEFT,phase,1,rising,FALSE,hall,1,tick,52,t_us,14_282,dur_us,18_108
[2026-09-21T17:46:25.233] Cog0  BM-ACROSS,seq,650,leg,2,motor,LEFT,phase,2,rising,TRUE,hall,5,tick,53,t_us,8_371,dur_us,20_310
[2026-09-21T17:46:25.234] Cog0  BM-ACROSS,seq,651,leg,2,motor,LEFT,phase,0,rising,FALSE,hall,4,tick,54,t_us,14_136,dur_us,18_414
[2026-09-21T17:46:25.235] Cog0  BM-ACROSS,seq,652,leg,2,motor,LEFT,phase,0,rising,TRUE,hall,4,tick,54,t_us,14_239,dur_us,18_414
[2026-09-21T17:46:25.237] Cog0  BM-ACROSS,seq,653,leg,2,motor,LEFT,phase,0,rising,FALSE,hall,4,tick,54,t_us,14_682,dur_us,18_414
[2026-09-21T17:46:25.238] Cog0  BM-ACROSS,seq,654,leg,2,motor,LEFT,phase,1,rising,TRUE,hall,6,tick,55,t_us,6_480,dur_us,16_666
[2026-09-21T17:46:25.239] Cog0  BM-ACROSS,seq,655,leg,2,motor,LEFT,phase,2,rising,FALSE,hall,2,tick,56,t_us,14_135,dur_us,17_288
[2026-09-21T17:46:25.240] Cog0  BM-ACROSS,seq,656,leg,2,motor,LEFT,phase,2,rising,TRUE,hall,2,tick,56,t_us,14_533,dur_us,17_288
[2026-09-21T17:46:25.241] Cog0  BM-ACROSS,seq,657,leg,2,motor,LEFT,phase,2,rising,FALSE,hall,2,tick,56,t_us,14_586,dur_us,17_288
[2026-09-21T17:46:25.242] Cog0  BM-ACROSS,seq,658,leg,2,motor,LEFT,phase,0,rising,TRUE,hall,3,tick,57,t_us,5_498,dur_us,15_538
[2026-09-21T17:46:25.243] Cog0  BM-ACROSS,seq,659,leg,2,motor,LEFT,phase,1,rising,FALSE,hall,1,tick,58,t_us,12_285,dur_us,14_888
[2026-09-21T17:46:25.244] Cog0  BM-ACROSS,seq,660,leg,2,motor,LEFT,phase,2,rising,TRUE,hall,5,tick,59,t_us,4_630,dur_us,14_767
[2026-09-21T17:46:25.245] Cog0  BM-ACROSS,seq,661,leg,2,motor,LEFT,phase,0,rising,FALSE,hall,4,tick,60,t_us,11_311,dur_us,13_481
[2026-09-21T17:46:25.247] Cog0  BM-ACROSS,seq,662,leg,2,motor,LEFT,phase,0,rising,TRUE,hall,4,tick,60,t_us,11_365,dur_us,13_481
[2026-09-21T17:46:25.247] Cog0  BM-ACROSS,seq,663,leg,2,motor,LEFT,phase,0,rising,FALSE,hall,4,tick,60,t_us,11_662,dur_us,13_481
[2026-09-21T17:46:25.249] Cog0  BM-ACROSS,seq,664,leg,2,motor,LEFT,phase,1,rising,TRUE,hall,6,tick,61,t_us,4_300,dur_us,13_511
[2026-09-21T17:46:25.250] Cog0  BM-ACROSS,seq,665,leg,2,motor,LEFT,phase,2,rising,FALSE,hall,2,tick,62,t_us,10_726,dur_us,12_838
[2026-09-21T17:46:25.251] Cog0  BM-ACROSS,seq,666,leg,2,motor,LEFT,phase,0,rising,TRUE,hall,3,tick,63,t_us,3_262,dur_us,11_694
[2026-09-21T17:46:25.252] Cog0  BM-ACROSS,seq,667,leg,2,motor,LEFT,phase,1,rising,FALSE,hall,1,tick,64,t_us,9_947,dur_us,11_276
[2026-09-21T17:46:25.253] Cog0  BM-ACROSS,seq,668,leg,2,motor,LEFT,phase,2,rising,TRUE,hall,5,tick,65,t_us,2_861,dur_us,11_245
[2026-09-21T17:46:25.254] Cog0  BM-ACROSS,seq,669,leg,2,motor,LEFT,phase,0,rising,FALSE,hall,4,tick,66,t_us,9_022,dur_us,10_007
[2026-09-21T17:46:25.255] Cog0  BM-ACROSS,seq,670,leg,2,motor,LEFT,phase,1,rising,TRUE,hall,6,tick,67,t_us,2_522,dur_us,10_029
[2026-09-21T17:46:25.256] Cog0  BM-ACROSS,seq,671,leg,2,motor,LEFT,phase,2,rising,FALSE,hall,2,tick,68,t_us,9_216,dur_us,10_397
[2026-09-21T17:46:25.257] Cog0  BM-ACROSS,seq,672,leg,2,motor,LEFT,phase,0,rising,TRUE,hall,3,tick,69,t_us,2_030,dur_us,9_585
[2026-09-21T17:46:25.258] Cog0  BM-ACROSS,seq,673,leg,2,motor,LEFT,phase,1,rising,FALSE,hall,1,tick,70,t_us,8_924,dur_us,9_566
[2026-09-21T17:46:25.260] Cog0  BM-ACROSS,seq,674,leg,2,motor,LEFT,phase,2,rising,TRUE,hall,5,tick,71,t_us,2_616,dur_us,10_171
[2026-09-21T17:46:25.261] Cog0  BM-ACROSS,seq,675,leg,2,motor,LEFT,phase,0,rising,FALSE,hall,4,tick,72,t_us,9_021,dur_us,10_252
[2026-09-21T17:46:25.262] Cog0  BM-ACROSS,seq,676,leg,2,motor,LEFT,phase,1,rising,TRUE,hall,6,tick,73,t_us,2_325,dur_us,10_172
[2026-09-21T17:46:25.263] Cog0  BM-ACROSS,seq,677,leg,2,motor,LEFT,phase,2,rising,FALSE,hall,2,tick,74,t_us,9_655,dur_us,11_131
[2026-09-21T17:46:25.264] Cog0  BM-ACROSS,seq,678,leg,2,motor,LEFT,phase,0,rising,TRUE,hall,3,tick,75,t_us,2_620,dur_us,11_393
[2026-09-21T17:46:25.265] Cog0  BM-ACROSS,seq,679,leg,2,motor,LEFT,phase,1,rising,FALSE,hall,1,tick,76,t_us,9_801,dur_us,11_277
[2026-09-21T17:46:25.265] Cog0  BM-ACROSS,seq,680,leg,2,motor,LEFT,phase,2,rising,TRUE,hall,5,tick,77,t_us,3_356,dur_us,12_762
[2026-09-21T17:46:25.267] Cog0  BM-ACROSS,seq,681,leg,2,motor,LEFT,phase,0,rising,FALSE,hall,4,tick,78,t_us,9_801,dur_us,11_672
[2026-09-21T17:46:25.268] Cog0  BM-ACROSS,seq,682,leg,2,motor,LEFT,phase,1,rising,TRUE,hall,6,tick,79,t_us,3_016,dur_us,11_789
[2026-09-21T17:46:25.269] Cog0  BM-ACROSS,seq,683,leg,2,motor,LEFT,phase,2,rising,FALSE,hall,2,tick,80,t_us,10_531,dur_us,12_547
[2026-09-21T17:46:25.270] Cog0  BM-ACROSS,seq,684,leg,2,motor,LEFT,phase,0,rising,TRUE,hall,3,tick,81,t_us,2_919,dur_us,11_448
[2026-09-21T17:46:25.272] Cog0  BM-ACROSS,seq,685,leg,2,motor,LEFT,phase,1,rising,FALSE,hall,1,tick,82,t_us,10_191,dur_us,11_765
[2026-09-21T17:46:25.273] Cog0  BM-ACROSS,seq,686,leg,2,motor,LEFT,phase,2,rising,TRUE,hall,5,tick,83,t_us,3_011,dur_us,11_589
[2026-09-21T17:46:25.274] Cog0  BM-ACROSS,seq,687,leg,2,motor,LEFT,phase,0,rising,FALSE,hall,4,tick,84,t_us,9_168,dur_us,10_596
[2026-09-21T17:46:25.275] Cog0  BM-ACROSS,seq,688,leg,2,motor,LEFT,phase,1,rising,TRUE,hall,6,tick,85,t_us,2_474,dur_us,10_662
[2026-09-21T17:46:25.276] Cog0  BM-ACROSS,seq,689,leg,2,motor,LEFT,phase,2,rising,FALSE,hall,2,tick,86,t_us,9_411,dur_us,10_740
[2026-09-21T17:46:25.277] Cog0  BM-ACROSS,seq,690,leg,2,motor,LEFT,phase,0,rising,TRUE,hall,3,tick,87,t_us,2_226,dur_us,10_658
[2026-09-21T17:46:25.278] Cog0  BM-ACROSS,seq,691,leg,2,motor,LEFT,phase,1,rising,FALSE,hall,1,tick,88,t_us,8_827,dur_us,10_009
[2026-09-21T17:46:25.279] Cog0  BM-ACROSS,seq,692,leg,2,motor,LEFT,phase,2,rising,TRUE,hall,5,tick,89,t_us,2_418,dur_us,10_461
[2026-09-21T17:46:25.280] Cog0  BM-ACROSS,seq,693,leg,2,motor,LEFT,phase,0,rising,FALSE,hall,4,tick,90,t_us,9_021,dur_us,10_302
[2026-09-21T17:46:25.281] Cog0  BM-ACROSS,seq,694,leg,2,motor,LEFT,phase,1,rising,TRUE,hall,6,tick,91,t_us,2_227,dur_us,9_636
[2026-09-21T17:46:25.282] Cog0  BM-ACROSS,seq,695,leg,2,motor,LEFT,phase,2,rising,FALSE,hall,2,tick,92,t_us,9_265,dur_us,10_349
[2026-09-21T17:46:25.284] Cog0  BM-ACROSS,seq,696,leg,2,motor,LEFT,phase,0,rising,TRUE,hall,3,tick,93,t_us,2_225,dur_us,10_073
[2026-09-21T17:46:25.285] Cog0  BM-ACROSS,seq,697,leg,2,motor,LEFT,phase,1,rising,FALSE,hall,1,tick,94,t_us,8_534,dur_us,9_520
[2026-09-21T17:46:25.286] Cog0  BM-ACROSS,seq,698,leg,2,motor,LEFT,phase,2,rising,TRUE,hall,5,tick,95,t_us,2_221,dur_us,10_117
[2026-09-21T17:46:25.287] Cog0  BM-ACROSS,seq,699,leg,2,motor,LEFT,phase,0,rising,FALSE,hall,4,tick,96,t_us,8_729,dur_us,9_862
[2026-09-21T17:46:25.288] Cog0  BM-ACROSS,seq,700,leg,2,motor,LEFT,phase,1,rising,TRUE,hall,6,tick,97,t_us,2_178,dur_us,10_269
[2026-09-21T17:46:25.289] Cog0  BM-ACROSS,seq,701,leg,2,motor,LEFT,phase,2,rising,FALSE,hall,2,tick,98,t_us,8_827,dur_us,10_107
[2026-09-21T17:46:25.290] Cog0  BM-ACROSS,seq,702,leg,2,motor,LEFT,phase,0,rising,TRUE,hall,3,tick,99,t_us,2_276,dur_us,10_319
[2026-09-21T17:46:25.291] Cog0  BM-ACROSS,seq,703,leg,2,motor,LEFT,phase,1,rising,FALSE,hall,1,tick,100,t_us,9_460,dur_us,10_838
[2026-09-21T17:46:25.292] Cog0  BM-ACROSS,seq,704,leg,2,motor,LEFT,phase,2,rising,TRUE,hall,5,tick,101,t_us,2_471,dur_us,10_903
[2026-09-21T17:46:25.293] Cog0  BM-ACROSS,seq,705,leg,2,motor,LEFT,phase,0,rising,FALSE,hall,4,tick,102,t_us,9_557,dur_us,10_837
[2026-09-21T17:46:25.295] Cog0  BM-ACROSS,seq,706,leg,2,motor,LEFT,phase,1,rising,TRUE,hall,6,tick,103,t_us,2_818,dur_us,11_347
[2026-09-21T17:46:25.296] Cog0  BM-ACROSS,seq,707,leg,2,motor,LEFT,phase,2,rising,FALSE,hall,2,tick,104,t_us,9_460,dur_us,10_642
[2026-09-21T17:46:25.297] Cog0  BM-ACROSS,seq,708,leg,2,motor,LEFT,phase,0,rising,TRUE,hall,3,tick,105,t_us,2_867,dur_us,11_347
[2026-09-21T17:46:25.298] Cog0  BM-ACROSS,seq,709,leg,2,motor,LEFT,phase,1,rising,FALSE,hall,1,tick,106,t_us,9_655,dur_us,11_033
[2026-09-21T17:46:25.299] Cog0  BM-ACROSS,seq,710,leg,2,motor,LEFT,phase,2,rising,TRUE,hall,5,tick,107,t_us,2_617,dur_us,10_951
[2026-09-21T17:46:25.300] Cog0  BM-ACROSS,seq,711,leg,2,motor,LEFT,phase,0,rising,FALSE,hall,4,tick,108,t_us,9_850,dur_us,11_276
[2026-09-21T17:46:25.301] Cog0  BM-ACROSS,seq,712,leg,2,motor,LEFT,phase,1,rising,TRUE,hall,6,tick,109,t_us,2_622,dur_us,11_005
[2026-09-21T17:46:25.302] Cog0  BM-ACROSS,seq,713,leg,2,motor,LEFT,phase,2,rising,FALSE,hall,2,tick,110,t_us,9_996,dur_us,11_423
[2026-09-21T17:46:25.303] Cog0  BM-ACROSS,seq,714,leg,2,motor,LEFT,phase,0,rising,TRUE,hall,3,tick,111,t_us,2_916,dur_us,11_446
[2026-09-21T17:46:25.305] Cog0  BM-ACROSS,seq,715,leg,2,motor,LEFT,phase,1,rising,FALSE,hall,1,tick,112,t_us,9_947,dur_us,11_325
[2026-09-21T17:46:25.305] Cog0  BM-ACROSS,seq,716,leg,2,motor,LEFT,phase,2,rising,TRUE,hall,5,tick,113,t_us,3_208,dur_us,11_542
[2026-09-21T17:46:25.307] Cog0  BM-ACROSS,seq,717,leg,2,motor,LEFT,phase,0,rising,FALSE,hall,4,tick,114,t_us,10_239,dur_us,11_568
[2026-09-21T17:46:25.308] Cog0  BM-ACROSS,seq,718,leg,2,motor,LEFT,phase,1,rising,TRUE,hall,6,tick,115,t_us,3_312,dur_us,11_938
[2026-09-21T17:46:25.309] Cog0  BM-ACROSS,seq,719,leg,2,motor,LEFT,phase,2,rising,FALSE,hall,2,tick,116,t_us,10_288,dur_us,11_764
[2026-09-21T17:46:25.310] Cog0  BM-ACROSS,seq,720,leg,2,motor,LEFT,phase,0,rising,TRUE,hall,3,tick,117,t_us,3_113,dur_us,11_593
[2026-09-21T17:46:25.311] Cog0  BM-ACROSS,seq,721,leg,2,motor,LEFT,phase,1,rising,FALSE,hall,1,tick,118,t_us,10_190,dur_us,11_813
[2026-09-21T17:46:25.312] Cog0  BM-ACROSS,seq,722,leg,2,motor,LEFT,phase,2,rising,TRUE,hall,5,tick,119,t_us,3_059,dur_us,11_881
[2026-09-21T17:46:25.313] Cog0  BM-ACROSS,seq,723,leg,2,motor,LEFT,phase,0,rising,FALSE,hall,4,tick,120,t_us,9_996,dur_us,11_521
[2026-09-21T17:46:25.315] Cog0  BM-ACROSS,seq,724,leg,2,motor,LEFT,phase,1,rising,TRUE,hall,6,tick,121,t_us,3_211,dur_us,11_935
[2026-09-21T17:46:25.315] Cog0  BM-ACROSS,seq,725,leg,2,motor,LEFT,phase,2,rising,FALSE,hall,2,tick,122,t_us,10_385,dur_us,11_567
[2026-09-21T17:46:25.317] Cog0  BM-ACROSS,seq,726,leg,2,motor,LEFT,phase,0,rising,TRUE,hall,3,tick,123,t_us,3_899,dur_us,12_429
[2026-09-21T17:46:25.318] Cog0  BM-ACROSS,seq,727,leg,2,motor,LEFT,phase,1,rising,FALSE,hall,1,tick,124,t_us,10_970,dur_us,12_593
[2026-09-21T17:46:25.319] Cog0  BM-ACROSS,seq,728,leg,2,motor,LEFT,phase,2,rising,TRUE,hall,5,tick,125,t_us,3_894,dur_us,12_862
[2026-09-21T17:46:25.320] Cog0  BM-ACROSS,seq,729,leg,2,motor,LEFT,phase,0,rising,FALSE,hall,4,tick,126,t_us,11_749,dur_us,13_717
[2026-09-21T17:46:25.321] Cog0  BM-ACROSS,seq,730,leg,2,motor,LEFT,phase,1,rising,TRUE,hall,6,tick,127,t_us,3_950,dur_us,13_453
[2026-09-21T17:46:25.322] Cog0  BM-ACROSS,seq,731,leg,2,motor,LEFT,phase,2,rising,FALSE,hall,2,tick,128,t_us,11_749,dur_us,14_255
[2026-09-21T17:46:25.323] Cog0  BM-ACROSS,seq,732,leg,2,motor,LEFT,phase,0,rising,TRUE,hall,3,tick,129,t_us,4_199,dur_us,14_092
[2026-09-21T17:46:25.324] Cog0  BM-ACROSS,seq,733,leg,2,motor,LEFT,phase,1,rising,FALSE,hall,1,tick,130,t_us,11_554,dur_us,13_863
[2026-09-21T17:46:25.325] Cog0  BM-ACROSS,seq,734,leg,2,motor,LEFT,phase,2,rising,TRUE,hall,5,tick,131,t_us,4_243,dur_us,14_088
[2026-09-21T17:46:25.327] Cog0  BM-ACROSS,seq,735,leg,2,motor,LEFT,phase,0,rising,FALSE,hall,4,tick,132,t_us,11_019,dur_us,12_543
[2026-09-21T17:46:25.328] Cog0  BM-ACROSS,seq,736,leg,2,motor,LEFT,phase,1,rising,TRUE,hall,6,tick,133,t_us,4_395,dur_us,12_924
[2026-09-21T17:46:25.329] Cog0  BM-ACROSS,seq,737,leg,2,motor,LEFT,phase,2,rising,FALSE,hall,2,tick,134,t_us,11_067,dur_us,12_788
[2026-09-21T17:46:25.330] Cog0  BM-ACROSS,seq,738,leg,2,motor,LEFT,phase,0,rising,TRUE,hall,3,tick,135,t_us,3_262,dur_us,11_304
[2026-09-21T17:46:25.331] Cog0  BM-ACROSS,seq,739,leg,2,motor,LEFT,phase,1,rising,FALSE,hall,1,tick,136,t_us,10_531,dur_us,11_811
[2026-09-21T17:46:25.332] Cog0  BM-ACROSS,seq,740,leg,2,motor,LEFT,phase,2,rising,TRUE,hall,5,tick,137,t_us,2_961,dur_us,11_295
[2026-09-21T17:46:25.333] Cog0  BM-ACROSS,seq,741,leg,2,motor,LEFT,phase,0,rising,FALSE,hall,4,tick,138,t_us,9_752,dur_us,10_885
[2026-09-21T17:46:25.334] Cog0  BM-ACROSS,seq,742,leg,2,motor,LEFT,phase,1,rising,TRUE,hall,6,tick,139,t_us,2_572,dur_us,10_517
[2026-09-21T17:46:25.335] Cog0  BM-ACROSS,seq,743,leg,2,motor,LEFT,phase,2,rising,FALSE,hall,2,tick,140,t_us,9_460,dur_us,10_298
[2026-09-21T17:46:25.337] Cog0  BM-ACROSS,seq,744,leg,2,motor,LEFT,phase,0,rising,TRUE,hall,3,tick,141,t_us,2_618,dur_us,10_368
[2026-09-21T17:46:25.338] Cog0  BM-ACROSS,seq,745,leg,2,motor,LEFT,phase,1,rising,FALSE,hall,1,tick,142,t_us,8_973,dur_us,9_468
[2026-09-21T17:46:25.339] Cog0  BM-ACROSS,seq,746,leg,2,motor,LEFT,phase,2,rising,TRUE,hall,5,tick,143,t_us,2_762,dur_us,10_414
[2026-09-21T17:46:25.340] Cog0  BM-ACROSS,seq,747,leg,2,motor,LEFT,phase,0,rising,FALSE,hall,4,tick,144,t_us,8_681,dur_us,9_470
[2026-09-21T17:46:25.341] Cog0  BM-ACROSS,seq,748,leg,2,motor,LEFT,phase,1,rising,TRUE,hall,6,tick,145,t_us,2_076,dur_us,9_096
[2026-09-21T17:46:25.342] Cog0  BM-ACROSS,seq,749,leg,2,motor,LEFT,phase,2,rising,FALSE,hall,2,tick,146,t_us,9_168,dur_us,9_761
[2026-09-21T17:46:25.343] Cog0  BM-ACROSS,seq,750,leg,2,motor,LEFT,phase,0,rising,TRUE,hall,3,tick,147,t_us,2_027,dur_us,9_095
[2026-09-21T17:46:25.344] Cog0  BM-ACROSS,seq,751,leg,2,motor,LEFT,phase,1,rising,FALSE,hall,1,tick,148,t_us,8_340,dur_us,8_982
[2026-09-21T17:46:25.345] Cog0  BM-ACROSS,seq,752,leg,2,motor,LEFT,phase,2,rising,TRUE,hall,5,tick,149,t_us,1_967,dur_us,9_035
[2026-09-21T17:46:25.346] Cog0  BM-ACROSS,seq,753,leg,2,motor,LEFT,phase,0,rising,FALSE,hall,4,tick,150,t_us,7_950,dur_us,8_347
[2026-09-21T17:46:25.348] Cog0  BM-ACROSS,seq,754,leg,2,motor,LEFT,phase,1,rising,TRUE,hall,6,tick,151,t_us,1_974,dur_us,8_701
[2026-09-21T17:46:25.348] Cog0  BM-ACROSS,seq,755,leg,2,motor,LEFT,phase,2,rising,FALSE,hall,2,tick,152,t_us,8_145,dur_us,8_787
[2026-09-21T17:46:25.350] Cog0  BM-ACROSS,seq,756,leg,2,motor,LEFT,phase,0,rising,TRUE,hall,3,tick,153,t_us,1_585,dur_us,8_214
[2026-09-21T17:46:25.351] Cog0  BM-ACROSS,seq,757,leg,2,motor,LEFT,phase,1,rising,FALSE,hall,1,tick,154,t_us,7_950,dur_us,8_443
[2026-09-21T17:46:25.352] Cog0  BM-ACROSS,seq,758,leg,2,motor,LEFT,phase,2,rising,TRUE,hall,5,tick,155,t_us,1_817,dur_us,8_934
[2026-09-21T17:46:25.353] Cog0  BM-ACROSS,seq,759,leg,2,motor,LEFT,phase,0,rising,FALSE,hall,4,tick,156,t_us,7_852,dur_us,8_347
[2026-09-21T17:46:25.354] Cog0  BM-ACROSS,seq,760,leg,2,motor,LEFT,phase,1,rising,TRUE,hall,6,tick,157,t_us,1_874,dur_us,8_796
[2026-09-21T17:46:25.355] Cog0  BM-ACROSS,seq,761,leg,2,motor,LEFT,phase,2,rising,FALSE,hall,2,tick,158,t_us,8_534,dur_us,9_471
[2026-09-21T17:46:25.356] Cog0  BM-ACROSS,seq,762,leg,2,motor,LEFT,phase,0,rising,TRUE,hall,3,tick,159,t_us,1_832,dur_us,9_193
[2026-09-21T17:46:25.357] Cog0  BM-ACROSS,seq,763,leg,2,motor,LEFT,phase,1,rising,FALSE,hall,1,tick,160,t_us,8_778,dur_us,9_420
[2026-09-21T17:46:25.358] Cog0  BM-ACROSS,seq,764,leg,2,motor,LEFT,phase,2,rising,TRUE,hall,5,tick,161,t_us,2_564,dur_us,10_314
[2026-09-21T17:46:25.360] Cog0  BM-ACROSS,seq,765,leg,2,motor,LEFT,phase,0,rising,FALSE,hall,4,tick,162,t_us,9_265,dur_us,10_398
[2026-09-21T17:46:25.361] Cog0  BM-ACROSS,seq,766,leg,2,motor,LEFT,phase,1,rising,TRUE,hall,6,tick,163,t_us,2_424,dur_us,10_125
[2026-09-21T17:46:25.362] Cog0  BM-ACROSS,seq,767,leg,2,motor,LEFT,phase,2,rising,FALSE,hall,2,tick,164,t_us,9_411,dur_us,10_642
[2026-09-21T17:46:25.363] Cog0  BM-ACROSS,seq,768,leg,2,motor,LEFT,phase,0,rising,TRUE,hall,3,tick,165,t_us,2_227,dur_us,10_318
[2026-09-21T17:46:25.364] Cog0  BM-ACROSS,seq,769,leg,2,motor,LEFT,phase,1,rising,FALSE,hall,1,tick,166,t_us,8_876,dur_us,9_714
[2026-09-21T17:46:25.365] Cog0  BM-ACROSS,seq,770,leg,2,motor,LEFT,phase,2,rising,TRUE,hall,5,tick,167,t_us,2_562,dur_us,10_750
[2026-09-21T17:46:25.366] Cog0  BM-ACROSS,seq,771,leg,2,motor,LEFT,phase,0,rising,FALSE,hall,4,tick,168,t_us,8_534,dur_us,9_569
[2026-09-21T17:46:25.367] Cog0  BM-ACROSS,seq,772,leg,2,motor,LEFT,phase,1,rising,TRUE,hall,6,tick,169,t_us,2_177,dur_us,9_635
[2026-09-21T17:46:25.368] Cog0  BM-ACROSS,seq,773,leg,2,motor,LEFT,phase,2,rising,FALSE,hall,2,tick,170,t_us,9_021,dur_us,10_252
[2026-09-21T17:46:25.369] Cog0  BM-ACROSS,seq,774,leg,2,motor,LEFT,phase,0,rising,TRUE,hall,3,tick,171,t_us,1_932,dur_us,9_244
[2026-09-21T17:46:25.371] Cog0  BM-ACROSS,seq,775,leg,2,motor,LEFT,phase,1,rising,FALSE,hall,1,tick,172,t_us,8_924,dur_us,9_861
[2026-09-21T17:46:25.371] Cog0  BM-ACROSS,seq,776,leg,2,motor,LEFT,phase,2,rising,TRUE,hall,5,tick,173,t_us,2_221,dur_us,10_020
[2026-09-21T17:46:25.373] Cog0  BM-ACROSS,seq,777,leg,2,motor,LEFT,phase,0,rising,FALSE,hall,4,tick,174,t_us,8_340,dur_us,9_326
[2026-09-21T17:46:25.373] Cog0  BM-ACROSS,seq,778,leg,2,motor,LEFT,phase,1,rising,TRUE,hall,6,tick,175,t_us,2_030,dur_us,9_585
[2026-09-21T17:46:25.375] Cog0  BM-ACROSS,seq,779,leg,2,motor,LEFT,phase,2,rising,FALSE,hall,2,tick,176,t_us,8_729,dur_us,9_617
[2026-09-21T17:46:25.376] Cog0  BM-ACROSS,seq,780,leg,2,motor,LEFT,phase,0,rising,TRUE,hall,3,tick,177,t_us,1_832,dur_us,9_582
[2026-09-21T17:46:25.377] Cog0  BM-ACROSS,seq,781,leg,2,motor,LEFT,phase,1,rising,FALSE,hall,1,tick,178,t_us,8_145,dur_us,8_983
[2026-09-21T17:46:25.378] Cog0  BM-ACROSS,seq,782,leg,2,motor,LEFT,phase,2,rising,TRUE,hall,5,tick,179,t_us,2_073,dur_us,9_336
[2026-09-21T17:46:25.379] Cog0  BM-ACROSS,seq,783,leg,2,motor,LEFT,phase,0,rising,FALSE,hall,4,tick,180,t_us,8_291,dur_us,9_179
[2026-09-21T17:46:25.380] Cog0  BM-ACROSS,seq,784,leg,2,motor,LEFT,phase,1,rising,TRUE,hall,6,tick,181,t_us,1_829,dur_us,8_702
[2026-09-21T17:46:25.381] Cog0  BM-ACROSS,seq,785,leg,2,motor,LEFT,phase,2,rising,FALSE,hall,2,tick,182,t_us,8_632,dur_us,9_421
[2026-09-21T17:46:25.383] Cog0  BM-ACROSS,seq,786,leg,2,motor,LEFT,phase,0,rising,TRUE,hall,3,tick,183,t_us,1_929,dur_us,9_290
[2026-09-21T17:46:25.383] Cog0  BM-ACROSS,seq,787,leg,2,motor,LEFT,phase,1,rising,FALSE,hall,1,tick,184,t_us,8_194,dur_us,9_032
[2026-09-21T17:46:25.385] Cog0  BM-ACROSS,seq,788,leg,2,motor,LEFT,phase,2,rising,TRUE,hall,5,tick,185,t_us,2_170,dur_us,9_823
[2026-09-21T17:46:25.386] Cog0  BM-ACROSS,seq,789,leg,2,motor,LEFT,phase,0,rising,FALSE,hall,4,tick,186,t_us,8_680,dur_us,9_764
[2026-09-21T17:46:25.387] Cog0  BM-ACROSS,seq,790,leg,2,motor,LEFT,phase,1,rising,TRUE,hall,6,tick,187,t_us,2_128,dur_us,10_268
[2026-09-21T17:46:25.388] Cog0  BM-ACROSS,seq,791,leg,2,motor,LEFT,phase,2,rising,FALSE,hall,2,tick,188,t_us,8_875,dur_us,10_204
[2026-09-21T17:46:25.389] Cog0  BM-ACROSS,seq,792,leg,2,motor,LEFT,phase,0,rising,TRUE,hall,3,tick,189,t_us,2_326,dur_us,10_417
[2026-09-21T17:46:25.390] Cog0  BM-ACROSS,seq,793,leg,2,motor,LEFT,phase,1,rising,FALSE,hall,1,tick,190,t_us,9_460,dur_us,10_936
[2026-09-21T17:46:25.391] Cog0  BM-ACROSS,seq,794,leg,2,motor,LEFT,phase,2,rising,TRUE,hall,5,tick,191,t_us,2_666,dur_us,11_098
[2026-09-21T17:46:25.392] Cog0  BM-ACROSS,seq,795,leg,2,motor,LEFT,phase,0,rising,FALSE,hall,4,tick,192,t_us,9_703,dur_us,11_180
[2026-09-21T17:46:25.393] Cog0  BM-ACROSS,seq,796,leg,2,motor,LEFT,phase,1,rising,TRUE,hall,6,tick,193,t_us,3_066,dur_us,11_985
[2026-09-21T17:46:25.395] Cog0  BM-ACROSS,seq,797,leg,2,motor,LEFT,phase,2,rising,FALSE,hall,2,tick,194,t_us,10_093,dur_us,11_618
[2026-09-21T17:46:25.396] Cog0  BM-ACROSS,seq,798,leg,2,motor,LEFT,phase,0,rising,TRUE,hall,3,tick,195,t_us,3_508,dur_us,12_622
[2026-09-21T17:46:25.397] Cog0  BM-ACROSS,seq,799,leg,2,motor,LEFT,phase,1,rising,FALSE,hall,1,tick,196,t_us,10_629,dur_us,12_644
[2026-09-21T17:46:25.398] Cog0  BM-ACROSS,seq,800,leg,2,motor,LEFT,phase,2,rising,TRUE,hall,5,tick,197,t_us,3_308,dur_us,12_714
[2026-09-21T17:46:25.399] Cog0  BM-ACROSS,seq,801,leg,2,motor,LEFT,phase,0,rising,FALSE,hall,4,tick,198,t_us,11_019,dur_us,13_084
[2026-09-21T17:46:25.400] Cog0  BM-ACROSS,seq,802,leg,2,motor,LEFT,phase,1,rising,TRUE,hall,6,tick,199,t_us,3_654,dur_us,12_963
[2026-09-21T17:46:25.401] Cog0  BM-ACROSS,seq,803,leg,2,motor,LEFT,phase,2,rising,FALSE,hall,2,tick,200,t_us,11_262,dur_us,13_228
[2026-09-21T17:46:25.402] Cog0  BM-ACROSS,seq,804,leg,2,motor,LEFT,phase,0,rising,TRUE,hall,3,tick,201,t_us,3_756,dur_us,13_065
[2026-09-21T17:46:25.403] Cog0  BM-ACROSS,seq,805,leg,2,motor,LEFT,phase,1,rising,FALSE,hall,1,tick,202,t_us,10_775,dur_us,12_840
[2026-09-21T17:46:25.405] Cog0  BM-ACROSS,seq,806,leg,2,motor,LEFT,phase,2,rising,TRUE,hall,5,tick,203,t_us,3_897,dur_us,12_864
[2026-09-21T17:46:25.406] Cog0  BM-ACROSS,seq,807,leg,2,motor,LEFT,phase,0,rising,FALSE,hall,4,tick,204,t_us,11_213,dur_us,12_934
[2026-09-21T17:46:25.406] Cog0  BM-ACROSS,seq,808,leg,2,motor,LEFT,phase,1,rising,TRUE,hall,6,tick,205,t_us,4_149,dur_us,13_458
[2026-09-21T17:46:25.408] Cog0  BM-ACROSS,seq,809,leg,2,motor,LEFT,phase,2,rising,FALSE,hall,2,tick,206,t_us,11_262,dur_us,13_571
[2026-09-21T17:46:25.409] Cog0  BM-ACROSS,seq,810,leg,2,motor,LEFT,phase,0,rising,TRUE,hall,3,tick,207,t_us,4_098,dur_us,13_796
[2026-09-21T17:46:25.410] Cog0  BM-ACROSS,seq,811,leg,2,motor,LEFT,phase,1,rising,FALSE,hall,1,tick,208,t_us,11_896,dur_us,14_696
[2026-09-21T17:46:25.411] Cog0  BM-ACROSS,seq,812,leg,2,motor,LEFT,phase,2,rising,TRUE,hall,5,tick,209,t_us,4_682,dur_us,15_501
[2026-09-21T17:46:25.412] Cog0  BM-ACROSS,seq,813,leg,2,motor,LEFT,phase,0,rising,FALSE,hall,4,tick,210,t_us,12_188,dur_us,15_723
[2026-09-21T17:46:25.414] Cog0  BM-ACROSS,seq,814,leg,2,motor,LEFT,phase,1,rising,TRUE,hall,6,tick,211,t_us,5_752,dur_us,16_522
[2026-09-21T17:46:25.414] Cog0  BM-ACROSS,seq,815,leg,2,motor,LEFT,phase,2,rising,FALSE,hall,2,tick,212,t_us,13_357,dur_us,16_353
[2026-09-21T17:46:25.416] Cog0  BM-ACROSS,seq,816,leg,2,motor,LEFT,phase,0,rising,TRUE,hall,3,tick,213,t_us,6_533,dur_us,17_011
[2026-09-21T17:46:25.417] Cog0  BM-ACROSS,seq,817,leg,2,motor,LEFT,phase,1,rising,FALSE,hall,1,tick,214,t_us,13_162,dur_us,15_961
[2026-09-21T17:46:25.418] Cog0  BM-ACROSS,seq,818,leg,2,motor,LEFT,phase,2,rising,TRUE,hall,5,tick,215,t_us,5_256,dur_us,15_052
[2026-09-21T17:46:25.419] Cog0  BM-ACROSS,seq,819,leg,2,motor,LEFT,phase,0,rising,FALSE,hall,4,tick,216,t_us,12_383,dur_us,14_695
[2026-09-21T17:46:25.420] Cog0  BM-ACROSS,seq,820,leg,2,motor,LEFT,phase,1,rising,TRUE,hall,6,tick,217,t_us,4_197,dur_us,13_506
[2026-09-21T17:46:25.421] Cog0  BM-ACROSS,seq,821,leg,2,motor,LEFT,phase,2,rising,FALSE,hall,2,tick,218,t_us,11_505,dur_us,13_619
[2026-09-21T17:46:25.422] Cog0  BM-ACROSS,seq,822,leg,2,motor,LEFT,phase,0,rising,TRUE,hall,3,tick,219,t_us,3_706,dur_us,13_064
[2026-09-21T17:46:25.424] Cog0  BM-ACROSS,seq,823,leg,2,motor,LEFT,phase,1,rising,FALSE,hall,1,tick,220,t_us,10_873,dur_us,12_741
[2026-09-21T17:46:25.424] Cog0  BM-ACROSS,seq,824,leg,2,motor,LEFT,phase,2,rising,TRUE,hall,5,tick,221,t_us,3_799,dur_us,13_156
[2026-09-21T17:46:25.426] Cog0  BM-ACROSS,seq,825,leg,2,motor,LEFT,phase,0,rising,FALSE,hall,4,tick,222,t_us,10_678,dur_us,12_154
[2026-09-21T17:46:25.427] Cog0  BM-ACROSS,seq,826,leg,2,motor,LEFT,phase,1,rising,TRUE,hall,6,tick,223,t_us,4_347,dur_us,12_974
[2026-09-21T17:46:25.428] Cog0  BM-ACROSS,seq,827,leg,2,motor,LEFT,phase,2,rising,FALSE,hall,2,tick,224,t_us,11_262,dur_us,13_376
[2026-09-21T17:46:25.429] Cog0  BM-ACROSS,seq,828,leg,2,motor,LEFT,phase,0,rising,TRUE,hall,3,tick,225,t_us,3_658,dur_us,12_285
[2026-09-21T17:46:25.430] Cog0  BM-ACROSS,seq,829,leg,2,motor,LEFT,phase,1,rising,FALSE,hall,1,tick,226,t_us,11_408,dur_us,13_130
[2026-09-21T17:46:25.431] Cog0  BM-ACROSS,seq,830,leg,2,motor,LEFT,phase,2,rising,TRUE,hall,5,tick,227,t_us,3_553,dur_us,12_715
[2026-09-21T17:46:25.432] Cog0  BM-ACROSS,seq,831,leg,2,motor,LEFT,phase,0,rising,FALSE,hall,4,tick,228,t_us,10_678,dur_us,12_350
[2026-09-21T17:46:25.433] Cog0  BM-ACROSS,seq,832,leg,2,motor,LEFT,phase,1,rising,TRUE,hall,6,tick,229,t_us,3_264,dur_us,12_231
[2026-09-21T17:46:25.434] Cog0  BM-ACROSS,seq,833,leg,2,motor,LEFT,phase,2,rising,FALSE,hall,2,tick,230,t_us,10_385,dur_us,11_861
[2026-09-21T17:46:25.436] Cog0  BM-ACROSS,seq,834,leg,2,motor,LEFT,phase,0,rising,TRUE,hall,3,tick,231,t_us,3_410,dur_us,12_085
[2026-09-21T17:46:25.437] Cog0  BM-ACROSS,seq,835,leg,2,motor,LEFT,phase,1,rising,FALSE,hall,1,tick,232,t_us,10_044,dur_us,11_177
[2026-09-21T17:46:25.438] Cog0  BM-ACROSS,seq,836,leg,2,motor,LEFT,phase,2,rising,TRUE,hall,5,tick,233,t_us,3_794,dur_us,12_373
[2026-09-21T17:46:25.439] Cog0  BM-ACROSS,seq,837,leg,2,motor,LEFT,phase,0,rising,FALSE,hall,4,tick,234,t_us,10_191,dur_us,11_618
[2026-09-21T17:46:25.440] Cog0  BM-ACROSS,seq,838,leg,2,motor,LEFT,phase,1,rising,TRUE,hall,6,tick,235,t_us,3_113,dur_us,11_155
[2026-09-21T17:46:25.441] Cog0  BM-ACROSS,seq,839,leg,2,motor,LEFT,phase,2,rising,FALSE,hall,2,tick,236,t_us,10_678,dur_us,12_301
[2026-09-21T17:46:25.442] Cog0  BM-ACROSS,seq,840,leg,2,motor,LEFT,phase,0,rising,TRUE,hall,3,tick,237,t_us,3_115,dur_us,11_791
[2026-09-21T17:46:25.443] Cog0  BM-ACROSS,seq,841,leg,2,motor,LEFT,phase,1,rising,FALSE,hall,1,tick,238,t_us,10_386,dur_us,12_009
[2026-09-21T17:46:25.445] Cog0  BM-ACROSS,seq,842,leg,2,motor,LEFT,phase,2,rising,TRUE,hall,5,tick,239,t_us,3_356,dur_us,12_373
[2026-09-21T17:46:25.446] Cog0  BM-ACROSS,seq,843,leg,2,motor,LEFT,phase,0,rising,FALSE,hall,4,tick,240,t_us,10_337,dur_us,11_862
[2026-09-21T17:46:25.447] Cog0  BM-ACROSS,seq,844,leg,2,motor,LEFT,phase,1,rising,TRUE,hall,6,tick,241,t_us,3_658,dur_us,12_479
[2026-09-21T17:46:25.448] Cog0  BM-ACROSS,seq,845,leg,2,motor,LEFT,phase,2,rising,FALSE,hall,2,tick,242,t_us,10_337,dur_us,12_303
[2026-09-21T17:46:25.449] Cog0  BM-ACROSS,seq,846,leg,2,motor,LEFT,phase,0,rising,TRUE,hall,3,tick,243,t_us,3_164,dur_us,11_645
[2026-09-21T17:46:25.450] Cog0  BM-ACROSS,seq,847,leg,2,motor,LEFT,phase,1,rising,FALSE,hall,1,tick,244,t_us,10_093,dur_us,11_520
[2026-09-21T17:46:25.451] Cog0  BM-ACROSS,seq,848,leg,2,motor,LEFT,phase,2,rising,TRUE,hall,5,tick,245,t_us,3_158,dur_us,11_931
[2026-09-21T17:46:25.452] Cog0  BM-ACROSS,seq,849,leg,2,motor,LEFT,phase,0,rising,FALSE,hall,4,tick,246,t_us,9_752,dur_us,10_934
[2026-09-21T17:46:25.453] Cog0  BM-ACROSS,seq,850,leg,2,motor,LEFT,phase,1,rising,TRUE,hall,6,tick,247,t_us,2_869,dur_us,11_058
[2026-09-21T17:46:25.455] Cog0  BM-ACROSS,seq,851,leg,2,motor,LEFT,phase,2,rising,FALSE,hall,2,tick,248,t_us,10_142,dur_us,11_569
[2026-09-21T17:46:25.455] Cog0  BM-ACROSS,seq,852,leg,2,motor,LEFT,phase,0,rising,TRUE,hall,3,tick,249,t_us,2_572,dur_us,10_956
[2026-09-21T17:46:25.457] Cog0  BM-ACROSS,seq,853,leg,2,motor,LEFT,phase,1,rising,FALSE,hall,1,tick,250,t_us,9_752,dur_us,10_787
[2026-09-21T17:46:25.458] Cog0  BM-ACROSS,seq,854,leg,2,motor,LEFT,phase,2,rising,TRUE,hall,5,tick,251,t_us,3_206,dur_us,11_590
[2026-09-21T17:46:25.459] Cog0  BM-ACROSS,seq,855,leg,2,motor,LEFT,phase,0,rising,FALSE,hall,4,tick,252,t_us,9_850,dur_us,11_524
[2026-09-21T17:46:25.460] Cog0  BM-ACROSS,seq,856,leg,2,motor,LEFT,phase,1,rising,TRUE,hall,6,tick,253,t_us,2_868,dur_us,11_251
[2026-09-21T17:46:25.461] Cog0  BM-ACROSS,seq,857,leg,2,motor,LEFT,phase,2,rising,FALSE,hall,2,tick,254,t_us,10_288,dur_us,12_009
[2026-09-21T17:46:25.462] Cog0  BM-ACROSS,seq,858,leg,2,motor,LEFT,phase,0,rising,TRUE,hall,3,tick,255,t_us,2_966,dur_us,11_983
[2026-09-21T17:46:25.463] Cog0  BM-ACROSS,seq,859,leg,2,motor,LEFT,phase,1,rising,FALSE,hall,1,tick,256,t_us,10_239,dur_us,11_715
[2026-09-21T17:46:25.464] Cog0  BM-ACROSS,seq,860,leg,2,motor,LEFT,phase,2,rising,TRUE,hall,5,tick,257,t_us,3_551,dur_us,13_103
[2026-09-21T17:46:25.465] Cog0  BM-ACROSS,seq,861,leg,2,motor,LEFT,phase,0,rising,FALSE,hall,4,tick,258,t_us,10_239,dur_us,12_109
[2026-09-21T17:46:25.467] Cog0  BM-ACROSS,seq,862,leg,2,motor,LEFT,phase,1,rising,TRUE,hall,6,tick,259,t_us,3_114,dur_us,12_277
[2026-09-21T17:46:25.468] Cog0  BM-ACROSS,seq,863,leg,2,motor,LEFT,phase,2,rising,FALSE,hall,2,tick,260,t_us,10_726,dur_us,13_037
[2026-09-21T17:46:25.469] Cog0  BM-ACROSS,seq,864,leg,2,motor,LEFT,phase,0,rising,TRUE,hall,3,tick,261,t_us,3_263,dur_us,11_987
[2026-09-21T17:46:25.470] Cog0  BM-ACROSS,seq,865,leg,2,motor,LEFT,phase,1,rising,FALSE,hall,1,tick,262,t_us,10_629,dur_us,12_595
[2026-09-21T17:46:25.471] Cog0  BM-ACROSS,seq,866,leg,2,motor,LEFT,phase,2,rising,TRUE,hall,5,tick,263,t_us,3_406,dur_us,12_715
[2026-09-21T17:46:25.472] Cog0  BM-ACROSS,seq,867,leg,2,motor,LEFT,phase,0,rising,FALSE,hall,4,tick,264,t_us,10_142,dur_us,11_866
[2026-09-21T17:46:25.473] Cog0  BM-ACROSS,seq,868,leg,2,motor,LEFT,phase,1,rising,TRUE,hall,6,tick,265,t_us,3_211,dur_us,12_179
[2026-09-21T17:46:25.475] Cog0  BM-ACROSS,seq,869,leg,2,motor,LEFT,phase,2,rising,FALSE,hall,2,tick,266,t_us,10_434,dur_us,12_401
[2026-09-21T17:46:25.475] Cog0  BM-ACROSS,seq,870,leg,2,motor,LEFT,phase,0,rising,TRUE,hall,3,tick,267,t_us,3_065,dur_us,12_471
[2026-09-21T17:46:25.477] Cog0  BM-ACROSS,seq,871,leg,2,motor,LEFT,phase,1,rising,FALSE,hall,1,tick,268,t_us,10_142,dur_us,12_010
[2026-09-21T17:46:25.479] Cog0  BM-ACROSS,seq,872,leg,2,motor,LEFT,phase,2,rising,TRUE,hall,5,tick,269,t_us,3_406,dur_us,12_617
[2026-09-21T17:46:25.495] Cog0  BM-ALEG,seq,873,leg,2,motor,LEFT,speed,FAST,ask_dir,FORWARD,meas_dir,FORWARD,ticks,270,span_ms,3_224,edge_s_x10,837,samples,159_958,sectors,269,samp_sect,168,cross,285,unusable,0,dropped,0,clip,68_132,peak_i_mV,15,bias_still,TRUE,outcome,CLIPPED
[2026-09-21T17:46:26.132] Cog0  BM-AGUIDE,seq,874,leg,3,motor,LEFT,ask_dir,REVERSE,speed,FAST,turns,3,ticks,270,bias_still,TRUE,bias_u_mV,53,bias_v_mV,61,bias_w_mV,63,bias_tries,1
[2026-09-21T17:46:26.147] Cog0  TURN LEFT WHEEL REVERSE, FAST -- keep turning until output resumes
[2026-09-21T17:46:31.157] Cog3  INIT $0001_01E2 $0004_3A4F load
[2026-09-21T17:46:31.173] Cog4  INIT $0000_0FA8 $0004_362B jump
[2026-09-21T17:46:33.254] Cog0  BM-START,seq,875,seg,ALIGN,motor,RIGHT,life,2,cog_ret,3,cog_ok,TRUE,board,REV_B,board_enum,22,ready,TRUE,ready_ms,0,off_neg,14,off_pos,338,missed,0,illegal,0,zero_x10,0,ph_x10,1_615,why,NONE
[2026-09-21T17:46:33.255] Cog0  BM-ACROSS,seq,876,leg,3,motor,LEFT,phase,0,rising,TRUE,hall,3,tick,-1,t_us,16_152,dur_us,33_393
[2026-09-21T17:46:33.256] Cog0  BM-ACROSS,seq,877,leg,3,motor,LEFT,phase,0,rising,FALSE,hall,3,tick,-1,t_us,16_206,dur_us,33_393
[2026-09-21T17:46:33.257] Cog0  BM-ACROSS,seq,878,leg,3,motor,LEFT,phase,0,rising,TRUE,hall,3,tick,-1,t_us,16_552,dur_us,33_393
[2026-09-21T17:46:33.258] Cog0  BM-ACROSS,seq,879,leg,3,motor,LEFT,phase,0,rising,FALSE,hall,3,tick,-1,t_us,16_702,dur_us,33_393
[2026-09-21T17:46:33.259] Cog0  BM-ACROSS,seq,880,leg,3,motor,LEFT,phase,0,rising,TRUE,hall,3,tick,-1,t_us,16_903,dur_us,33_393
[2026-09-21T17:46:33.261] Cog0  BM-ACROSS,seq,881,leg,3,motor,LEFT,phase,0,rising,FALSE,hall,3,tick,-1,t_us,17_005,dur_us,33_393
[2026-09-21T17:46:33.261] Cog0  BM-ACROSS,seq,882,leg,3,motor,LEFT,phase,0,rising,TRUE,hall,3,tick,-1,t_us,17_157,dur_us,33_393
[2026-09-21T17:46:33.263] Cog0  BM-ACROSS,seq,883,leg,3,motor,LEFT,phase,0,rising,FALSE,hall,3,tick,-1,t_us,17_259,dur_us,33_393
[2026-09-21T17:46:33.264] Cog0  BM-ACROSS,seq,884,leg,3,motor,LEFT,phase,0,rising,TRUE,hall,3,tick,-1,t_us,18_092,dur_us,33_393
[2026-09-21T17:46:33.265] Cog0  BM-ACROSS,seq,885,leg,3,motor,LEFT,phase,2,rising,FALSE,hall,2,tick,-2,t_us,13_171,dur_us,19_848
[2026-09-21T17:46:33.266] Cog0  BM-ACROSS,seq,886,leg,3,motor,LEFT,phase,2,rising,TRUE,hall,2,tick,-2,t_us,13_274,dur_us,19_848
[2026-09-21T17:46:33.267] Cog0  BM-ACROSS,seq,887,leg,3,motor,LEFT,phase,2,rising,FALSE,hall,2,tick,-2,t_us,13_328,dur_us,19_848
[2026-09-21T17:46:33.268] Cog0  BM-ACROSS,seq,888,leg,3,motor,LEFT,phase,1,rising,TRUE,hall,6,tick,-3,t_us,3_591,dur_us,15_725
[2026-09-21T17:46:33.269] Cog0  BM-ACROSS,seq,889,leg,3,motor,LEFT,phase,0,rising,FALSE,hall,4,tick,-4,t_us,9_460,dur_us,13_161
[2026-09-21T17:46:33.270] Cog0  BM-ACROSS,seq,890,leg,3,motor,LEFT,phase,2,rising,TRUE,hall,5,tick,-5,t_us,1_873,dur_us,11_767
[2026-09-21T17:46:33.271] Cog0  BM-ACROSS,seq,891,leg,3,motor,LEFT,phase,1,rising,FALSE,hall,1,tick,-6,t_us,8_583,dur_us,10_950
[2026-09-21T17:46:33.272] Cog0  BM-ACROSS,seq,892,leg,3,motor,LEFT,phase,0,rising,TRUE,hall,3,tick,-7,t_us,1_583,dur_us,10_503
[2026-09-21T17:46:33.274] Cog0  BM-ACROSS,seq,893,leg,3,motor,LEFT,phase,2,rising,FALSE,hall,2,tick,-8,t_us,8_096,dur_us,10_214
[2026-09-21T17:46:33.275] Cog0  BM-ACROSS,seq,894,leg,3,motor,LEFT,phase,1,rising,TRUE,hall,6,tick,-9,t_us,1_039,dur_us,9_715
[2026-09-21T17:46:33.276] Cog0  BM-ACROSS,seq,895,leg,3,motor,LEFT,phase,0,rising,FALSE,hall,4,tick,-10,t_us,7_755,dur_us,9_576
[2026-09-21T17:46:33.277] Cog0  BM-ACROSS,seq,896,leg,3,motor,LEFT,phase,2,rising,TRUE,hall,5,tick,-11,t_us,1_040,dur_us,9_423
[2026-09-21T17:46:33.278] Cog0  BM-ACROSS,seq,897,leg,3,motor,LEFT,phase,1,rising,FALSE,hall,1,tick,-12,t_us,7_609,dur_us,9_238
[2026-09-21T17:46:33.279] Cog0  BM-ACROSS,seq,898,leg,3,motor,LEFT,phase,0,rising,TRUE,hall,3,tick,-13,t_us,1_042,dur_us,9_279
[2026-09-21T17:46:33.280] Cog0  BM-ACROSS,seq,899,leg,3,motor,LEFT,phase,2,rising,FALSE,hall,2,tick,-14,t_us,7_122,dur_us,8_749
[2026-09-21T17:46:33.281] Cog0  BM-ACROSS,seq,900,leg,3,motor,LEFT,phase,1,rising,TRUE,hall,6,tick,-15,t_us,1_138,dur_us,9_083
[2026-09-21T17:46:33.282] Cog0  BM-ACROSS,seq,901,leg,3,motor,LEFT,phase,0,rising,FALSE,hall,4,tick,-16,t_us,7_268,dur_us,8_693
[2026-09-21T17:46:33.283] Cog0  BM-ACROSS,seq,902,leg,3,motor,LEFT,phase,2,rising,TRUE,hall,5,tick,-17,t_us,1_137,dur_us,8_790
[2026-09-21T17:46:33.284] Cog0  BM-ACROSS,seq,903,leg,3,motor,LEFT,phase,1,rising,FALSE,hall,1,tick,-18,t_us,7_365,dur_us,8_747
[2026-09-21T17:46:33.286] Cog0  BM-ACROSS,seq,904,leg,3,motor,LEFT,phase,0,rising,TRUE,hall,3,tick,-19,t_us,843,dur_us,8_398
[2026-09-21T17:46:33.286] Cog0  BM-ACROSS,seq,905,leg,3,motor,LEFT,phase,2,rising,FALSE,hall,2,tick,-20,t_us,7_219,dur_us,8_347
[2026-09-21T17:46:33.288] Cog0  BM-ACROSS,seq,906,leg,3,motor,LEFT,phase,1,rising,TRUE,hall,6,tick,-21,t_us,941,dur_us,8_545
[2026-09-21T17:46:33.289] Cog0  BM-ACROSS,seq,907,leg,3,motor,LEFT,phase,0,rising,FALSE,hall,4,tick,-22,t_us,6_830,dur_us,8_154
[2026-09-21T17:46:33.290] Cog0  BM-ACROSS,seq,908,leg,3,motor,LEFT,phase,2,rising,TRUE,hall,5,tick,-23,t_us,844,dur_us,8_253
[2026-09-21T17:46:33.291] Cog0  BM-ACROSS,seq,909,leg,3,motor,LEFT,phase,1,rising,FALSE,hall,1,tick,-24,t_us,6_781,dur_us,7_817
[2026-09-21T17:46:33.292] Cog0  BM-ACROSS,seq,910,leg,3,motor,LEFT,phase,0,rising,TRUE,hall,3,tick,-25,t_us,991,dur_us,8_011
[2026-09-21T17:46:33.293] Cog0  BM-ACROSS,seq,911,leg,3,motor,LEFT,phase,2,rising,FALSE,hall,2,tick,-26,t_us,6_732,dur_us,8_202
[2026-09-21T17:46:33.294] Cog0  BM-ACROSS,seq,912,leg,3,motor,LEFT,phase,1,rising,TRUE,hall,6,tick,-27,t_us,549,dur_us,7_568
[2026-09-21T17:46:33.295] Cog0  BM-ACROSS,seq,913,leg,3,motor,LEFT,phase,0,rising,FALSE,hall,4,tick,-28,t_us,6_878,dur_us,8_004
[2026-09-21T17:46:33.296] Cog0  BM-ACROSS,seq,914,leg,3,motor,LEFT,phase,2,rising,TRUE,hall,5,tick,-29,t_us,697,dur_us,8_106
[2026-09-21T17:46:33.297] Cog0  BM-ACROSS,seq,915,leg,3,motor,LEFT,phase,1,rising,FALSE,hall,1,tick,-30,t_us,6_976,dur_us,7_913
[2026-09-21T17:46:33.298] Cog0  BM-ACROSS,seq,916,leg,3,motor,LEFT,phase,0,rising,TRUE,hall,3,tick,-31,t_us,1_042,dur_us,8_500
[2026-09-21T17:46:33.299] Cog0  BM-ACROSS,seq,917,leg,3,motor,LEFT,phase,2,rising,FALSE,hall,2,tick,-32,t_us,7_219,dur_us,8_794
[2026-09-21T17:46:33.301] Cog0  BM-ACROSS,seq,918,leg,3,motor,LEFT,phase,1,rising,TRUE,hall,6,tick,-33,t_us,941,dur_us,9_032
[2026-09-21T17:46:33.302] Cog0  BM-ACROSS,seq,919,leg,3,motor,LEFT,phase,0,rising,FALSE,hall,4,tick,-34,t_us,7_560,dur_us,9_141
[2026-09-21T17:46:33.303] Cog0  BM-ACROSS,seq,920,leg,3,motor,LEFT,phase,2,rising,TRUE,hall,5,tick,-35,t_us,1_579,dur_us,10_205
[2026-09-21T17:46:33.304] Cog0  BM-ACROSS,seq,921,leg,3,motor,LEFT,phase,1,rising,FALSE,hall,1,tick,-36,t_us,8_193,dur_us,10_562
[2026-09-21T17:46:33.305] Cog0  BM-ACROSS,seq,922,leg,3,motor,LEFT,phase,0,rising,TRUE,hall,3,tick,-37,t_us,1_435,dur_us,10_500
[2026-09-21T17:46:33.306] Cog0  BM-ACROSS,seq,923,leg,3,motor,LEFT,phase,2,rising,FALSE,hall,2,tick,-38,t_us,9_168,dur_us,11_976
[2026-09-21T17:46:33.307] Cog0  BM-ACROSS,seq,924,leg,3,motor,LEFT,phase,1,rising,TRUE,hall,6,tick,-39,t_us,1_579,dur_us,12_056
[2026-09-21T17:46:33.308] Cog0  BM-ACROSS,seq,925,leg,3,motor,LEFT,phase,0,rising,FALSE,hall,4,tick,-40,t_us,9_752,dur_us,12_366
[2026-09-21T17:46:33.309] Cog0  BM-ACROSS,seq,926,leg,3,motor,LEFT,phase,2,rising,TRUE,hall,5,tick,-41,t_us,3_056,dur_us,14_362
[2026-09-21T17:46:33.311] Cog0  BM-ACROSS,seq,927,leg,3,motor,LEFT,phase,1,rising,FALSE,hall,1,tick,-42,t_us,9_800,dur_us,13_251
[2026-09-21T17:46:33.311] Cog0  BM-ACROSS,seq,928,leg,3,motor,LEFT,phase,0,rising,TRUE,hall,3,tick,-43,t_us,2_667,dur_us,13_583
[2026-09-21T17:46:33.313] Cog0  BM-ACROSS,seq,929,leg,3,motor,LEFT,phase,2,rising,FALSE,hall,2,tick,-44,t_us,9_947,dur_us,13_790
[2026-09-21T17:46:33.314] Cog0  BM-ACROSS,seq,930,leg,3,motor,LEFT,phase,1,rising,TRUE,hall,6,tick,-45,t_us,2_216,dur_us,12_792
[2026-09-21T17:46:33.315] Cog0  BM-ACROSS,seq,931,leg,3,motor,LEFT,phase,0,rising,FALSE,hall,4,tick,-46,t_us,9_654,dur_us,12_814
[2026-09-21T17:46:33.316] Cog0  BM-ACROSS,seq,932,leg,3,motor,LEFT,phase,2,rising,TRUE,hall,5,tick,-47,t_us,2_266,dur_us,12_744
[2026-09-21T17:46:33.317] Cog0  BM-ACROSS,seq,933,leg,3,motor,LEFT,phase,1,rising,FALSE,hall,1,tick,-48,t_us,8_778,dur_us,11_695
[2026-09-21T17:46:33.318] Cog0  BM-ACROSS,seq,934,leg,3,motor,LEFT,phase,1,rising,TRUE,hall,1,tick,-48,t_us,8_881,dur_us,11_695
[2026-09-21T17:46:33.319] Cog0  BM-ACROSS,seq,935,leg,3,motor,LEFT,phase,1,rising,FALSE,hall,1,tick,-48,t_us,9_031,dur_us,11_695
[2026-09-21T17:46:33.320] Cog0  BM-ACROSS,seq,936,leg,3,motor,LEFT,phase,0,rising,TRUE,hall,3,tick,-49,t_us,1_879,dur_us,11_577
[2026-09-21T17:46:33.321] Cog0  BM-ACROSS,seq,937,leg,3,motor,LEFT,phase,2,rising,FALSE,hall,2,tick,-50,t_us,9_167,dur_us,12_122
[2026-09-21T17:46:33.323] Cog0  BM-ACROSS,seq,938,leg,3,motor,LEFT,phase,1,rising,TRUE,hall,6,tick,-51,t_us,1_383,dur_us,11_666
[2026-09-21T17:46:33.324] Cog0  BM-ACROSS,seq,939,leg,3,motor,LEFT,phase,0,rising,FALSE,hall,4,tick,-52,t_us,8_681,dur_us,11_197
[2026-09-21T17:46:33.325] Cog0  BM-ACROSS,seq,940,leg,3,motor,LEFT,phase,2,rising,TRUE,hall,5,tick,-53,t_us,2_073,dur_us,12_210
[2026-09-21T17:46:33.326] Cog0  BM-ACROSS,seq,941,leg,3,motor,LEFT,phase,1,rising,FALSE,hall,1,tick,-54,t_us,8_680,dur_us,11_786
[2026-09-21T17:46:33.327] Cog0  BM-ACROSS,seq,942,leg,3,motor,LEFT,phase,0,rising,TRUE,hall,3,tick,-55,t_us,1_876,dur_us,11_477
[2026-09-21T17:46:33.328] Cog0  BM-ACROSS,seq,943,leg,3,motor,LEFT,phase,2,rising,FALSE,hall,2,tick,-56,t_us,9_119,dur_us,12_125
[2026-09-21T17:46:33.329] Cog0  BM-ACROSS,seq,944,leg,3,motor,LEFT,phase,1,rising,TRUE,hall,6,tick,-57,t_us,1_776,dur_us,12_058
[2026-09-21T17:46:33.330] Cog0  BM-ACROSS,seq,945,leg,3,motor,LEFT,phase,0,rising,FALSE,hall,4,tick,-58,t_us,8_680,dur_us,11_249
[2026-09-21T17:46:33.331] Cog0  BM-ACROSS,seq,946,leg,3,motor,LEFT,phase,2,rising,TRUE,hall,5,tick,-59,t_us,1_921,dur_us,11_961
[2026-09-21T17:46:33.332] Cog0  BM-ACROSS,seq,947,leg,3,motor,LEFT,phase,1,rising,FALSE,hall,1,tick,-60,t_us,8_826,dur_us,11_640
[2026-09-21T17:46:33.334] Cog0  BM-ACROSS,seq,948,leg,3,motor,LEFT,phase,0,rising,TRUE,hall,3,tick,-61,t_us,1_628,dur_us,11_473
[2026-09-21T17:46:33.334] Cog0  BM-ACROSS,seq,949,leg,3,motor,LEFT,phase,2,rising,FALSE,hall,2,tick,-62,t_us,8_827,dur_us,12_126
[2026-09-21T17:46:33.336] Cog0  BM-ACROSS,seq,950,leg,3,motor,LEFT,phase,1,rising,TRUE,hall,6,tick,-63,t_us,990,dur_us,10_883
[2026-09-21T17:46:33.337] Cog0  BM-ACROSS,seq,951,leg,3,motor,LEFT,phase,0,rising,FALSE,hall,4,tick,-64,t_us,8_534,dur_us,11_151
[2026-09-21T17:46:33.338] Cog0  BM-ACROSS,seq,952,leg,3,motor,LEFT,phase,2,rising,TRUE,hall,5,tick,-65,t_us,1_775,dur_us,11_717
[2026-09-21T17:46:33.339] Cog0  BM-ACROSS,seq,953,leg,3,motor,LEFT,phase,1,rising,FALSE,hall,1,tick,-66,t_us,7_950,dur_us,10_318
[2026-09-21T17:46:33.340] Cog0  BM-ACROSS,seq,954,leg,3,motor,LEFT,phase,0,rising,TRUE,hall,3,tick,-67,t_us,1_729,dur_us,10_989
[2026-09-21T17:46:33.341] Cog0  BM-ACROSS,seq,955,leg,3,motor,LEFT,phase,2,rising,FALSE,hall,2,tick,-68,t_us,8_242,dur_us,10_658
[2026-09-21T17:46:33.342] Cog0  BM-ACROSS,seq,956,leg,3,motor,LEFT,phase,1,rising,TRUE,hall,6,tick,-69,t_us,1_333,dur_us,10_642
[2026-09-21T17:46:33.344] Cog0  BM-ACROSS,seq,957,leg,3,motor,LEFT,phase,0,rising,FALSE,hall,4,tick,-70,t_us,8_437,dur_us,10_555
[2026-09-21T17:46:33.344] Cog0  BM-ACROSS,seq,958,leg,3,motor,LEFT,phase,2,rising,TRUE,hall,5,tick,-71,t_us,1_383,dur_us,10_789
[2026-09-21T17:46:33.346] Cog0  BM-ACROSS,seq,959,leg,3,motor,LEFT,phase,1,rising,FALSE,hall,1,tick,-72,t_us,8_096,dur_us,10_958
[2026-09-21T17:46:33.347] Cog0  BM-ACROSS,seq,960,leg,3,motor,LEFT,phase,0,rising,TRUE,hall,3,tick,-73,t_us,941,dur_us,10_055
[2026-09-21T17:46:33.348] Cog0  BM-ACROSS,seq,961,leg,3,motor,LEFT,phase,2,rising,FALSE,hall,2,tick,-74,t_us,8_194,dur_us,11_099
[2026-09-21T17:46:33.349] Cog0  BM-ACROSS,seq,962,leg,3,motor,LEFT,phase,1,rising,TRUE,hall,6,tick,-75,t_us,990,dur_us,10_494
[2026-09-21T17:46:33.350] Cog0  BM-ACROSS,seq,963,leg,3,motor,LEFT,phase,0,rising,FALSE,hall,4,tick,-76,t_us,7_755,dur_us,9_729
[2026-09-21T17:46:33.351] Cog0  BM-ACROSS,seq,964,leg,3,motor,LEFT,phase,2,rising,TRUE,hall,5,tick,-77,t_us,1_531,dur_us,10_450
[2026-09-21T17:46:33.352] Cog0  BM-ACROSS,seq,965,leg,3,motor,LEFT,phase,1,rising,FALSE,hall,1,tick,-78,t_us,7_852,dur_us,9_728
[2026-09-21T17:46:33.353] Cog0  BM-ACROSS,seq,966,leg,3,motor,LEFT,phase,0,rising,TRUE,hall,3,tick,-79,t_us,1_188,dur_us,9_668
[2026-09-21T17:46:33.354] Cog0  BM-ACROSS,seq,967,leg,3,motor,LEFT,phase,2,rising,FALSE,hall,2,tick,-80,t_us,7_755,dur_us,9_672
[2026-09-21T17:46:33.355] Cog0  BM-ACROSS,seq,968,leg,3,motor,LEFT,phase,1,rising,TRUE,hall,6,tick,-81,t_us,696,dur_us,9_128
[2026-09-21T17:46:33.357] Cog0  BM-ACROSS,seq,969,leg,3,motor,LEFT,phase,0,rising,FALSE,hall,4,tick,-82,t_us,7_219,dur_us,9_185
[2026-09-21T17:46:33.357] Cog0  BM-ACROSS,seq,970,leg,3,motor,LEFT,phase,2,rising,TRUE,hall,5,tick,-83,t_us,599,dur_us,8_787
[2026-09-21T17:46:33.359] Cog0  BM-ACROSS,seq,971,leg,3,motor,LEFT,phase,1,rising,FALSE,hall,1,tick,-84,t_us,6_829,dur_us,8_606
[2026-09-21T17:46:33.360] Cog0  BM-ACROSS,seq,972,leg,3,motor,LEFT,phase,0,rising,TRUE,hall,3,tick,-85,t_us,599,dur_us,8_495
[2026-09-21T17:46:33.361] Cog0  BM-ACROSS,seq,973,leg,3,motor,LEFT,phase,2,rising,FALSE,hall,2,tick,-86,t_us,6_732,dur_us,8_204
[2026-09-21T17:46:33.362] Cog0  BM-ACROSS,seq,974,leg,3,motor,LEFT,phase,1,rising,TRUE,hall,6,tick,-87,t_us,843,dur_us,8_447
[2026-09-21T17:46:33.363] Cog0  BM-ACROSS,seq,975,leg,3,motor,LEFT,phase,0,rising,FALSE,hall,4,tick,-88,t_us,7_024,dur_us,8_253
[2026-09-21T17:46:33.364] Cog0  BM-ACROSS,seq,976,leg,3,motor,LEFT,phase,2,rising,TRUE,hall,5,tick,-89,t_us,893,dur_us,8_691
[2026-09-21T17:46:33.365] Cog0  BM-ACROSS,seq,977,leg,3,motor,LEFT,phase,1,rising,FALSE,hall,1,tick,-90,t_us,7_122,dur_us,8_651
[2026-09-21T17:46:33.366] Cog0  BM-ACROSS,seq,978,leg,3,motor,LEFT,phase,0,rising,TRUE,hall,3,tick,-91,t_us,697,dur_us,8_593
[2026-09-21T17:46:33.367] Cog0  BM-ACROSS,seq,979,leg,3,motor,LEFT,phase,2,rising,FALSE,hall,2,tick,-92,t_us,7_219,dur_us,8_797
[2026-09-21T17:46:33.368] Cog0  BM-ACROSS,seq,980,leg,3,motor,LEFT,phase,1,rising,TRUE,hall,6,tick,-93,t_us,795,dur_us,9_081
[2026-09-21T17:46:33.369] Cog0  BM-ACROSS,seq,981,leg,3,motor,LEFT,phase,0,rising,FALSE,hall,4,tick,-94,t_us,7_122,dur_us,8_946
[2026-09-21T17:46:33.371] Cog0  BM-ACROSS,seq,982,leg,3,motor,LEFT,phase,2,rising,TRUE,hall,5,tick,-95,t_us,844,dur_us,8_935
[2026-09-21T17:46:33.372] Cog0  BM-ACROSS,seq,983,leg,3,motor,LEFT,phase,1,rising,FALSE,hall,1,tick,-96,t_us,7_462,dur_us,9_091
[2026-09-21T17:46:33.373] Cog0  BM-ACROSS,seq,984,leg,3,motor,LEFT,phase,0,rising,TRUE,hall,3,tick,-97,t_us,1_140,dur_us,9_231
[2026-09-21T17:46:33.374] Cog0  BM-ACROSS,seq,985,leg,3,motor,LEFT,phase,2,rising,FALSE,hall,2,tick,-98,t_us,7_463,dur_us,9_381
[2026-09-21T17:46:33.375] Cog0  BM-ACROSS,seq,986,leg,3,motor,LEFT,phase,1,rising,TRUE,hall,6,tick,-99,t_us,844,dur_us,9_227
[2026-09-21T17:46:33.376] Cog0  BM-ACROSS,seq,987,leg,3,motor,LEFT,phase,0,rising,FALSE,hall,4,tick,-100,t_us,7_658,dur_us,9_334
[2026-09-21T17:46:33.377] Cog0  BM-ACROSS,seq,988,leg,3,motor,LEFT,phase,2,rising,TRUE,hall,5,tick,-101,t_us,990,dur_us,9_325
[2026-09-21T17:46:33.378] Cog0  BM-ACROSS,seq,989,leg,3,motor,LEFT,phase,1,rising,FALSE,hall,1,tick,-102,t_us,7_511,dur_us,9_288
[2026-09-21T17:46:33.379] Cog0  BM-ACROSS,seq,990,leg,3,motor,LEFT,phase,0,rising,TRUE,hall,3,tick,-103,t_us,1_091,dur_us,9_474
[2026-09-21T17:46:33.380] Cog0  BM-ACROSS,seq,991,leg,3,motor,LEFT,phase,2,rising,FALSE,hall,2,tick,-104,t_us,7_414,dur_us,9_139
[2026-09-21T17:46:33.381] Cog0  BM-ACROSS,seq,992,leg,3,motor,LEFT,phase,1,rising,TRUE,hall,6,tick,-105,t_us,1_236,dur_us,9_522
[2026-09-21T17:46:33.382] Cog0  BM-ACROSS,seq,993,leg,3,motor,LEFT,phase,0,rising,FALSE,hall,4,tick,-106,t_us,7_609,dur_us,9_386
[2026-09-21T17:46:33.384] Cog0  BM-ACROSS,seq,994,leg,3,motor,LEFT,phase,2,rising,TRUE,hall,5,tick,-107,t_us,1_285,dur_us,9_620
[2026-09-21T17:46:33.384] Cog0  BM-ACROSS,seq,995,leg,3,motor,LEFT,phase,1,rising,FALSE,hall,1,tick,-108,t_us,8_047,dur_us,9_923
[2026-09-21T17:46:33.386] Cog0  BM-ACROSS,seq,996,leg,3,motor,LEFT,phase,0,rising,TRUE,hall,3,tick,-109,t_us,1_188,dur_us,9_864
[2026-09-21T17:46:33.387] Cog0  BM-ACROSS,seq,997,leg,3,motor,LEFT,phase,2,rising,FALSE,hall,2,tick,-110,t_us,8_145,dur_us,10_115
[2026-09-21T17:46:33.387] Cog0  BM-ACROSS,seq,998,leg,3,motor,LEFT,phase,1,rising,TRUE,hall,6,tick,-111,t_us,1_531,dur_us,10_742
[2026-09-21T17:46:33.389] Cog0  BM-ACROSS,seq,999,leg,3,motor,LEFT,phase,0,rising,FALSE,hall,4,tick,-112,t_us,8_534,dur_us,10_759
[2026-09-21T17:46:33.390] Cog0  BM-ACROSS,seq,1_000,leg,3,motor,LEFT,phase,2,rising,TRUE,hall,5,tick,-113,t_us,1_727,dur_us,11_231
[2026-09-21T17:46:33.391] Cog0  BM-ACROSS,seq,1_001,leg,3,motor,LEFT,phase,1,rising,FALSE,hall,1,tick,-114,t_us,8_680,dur_us,11_097
[2026-09-21T17:46:33.392] Cog0  BM-ACROSS,seq,1_002,leg,3,motor,LEFT,phase,0,rising,TRUE,hall,3,tick,-115,t_us,2_175,dur_us,11_776
[2026-09-21T17:46:33.394] Cog0  BM-ACROSS,seq,1_003,leg,3,motor,LEFT,phase,2,rising,FALSE,hall,2,tick,-116,t_us,9_070,dur_us,12_274
[2026-09-21T17:46:33.395] Cog0  BM-ACROSS,seq,1_004,leg,3,motor,LEFT,phase,1,rising,TRUE,hall,6,tick,-117,t_us,1_725,dur_us,11_862
[2026-09-21T17:46:33.395] Cog0  BM-ACROSS,seq,1_005,leg,3,motor,LEFT,phase,0,rising,FALSE,hall,4,tick,-118,t_us,9_752,dur_us,12_667
[2026-09-21T17:46:33.397] Cog0  BM-ACROSS,seq,1_006,leg,3,motor,LEFT,phase,2,rising,TRUE,hall,5,tick,-119,t_us,2_463,dur_us,13_184
[2026-09-21T17:46:33.398] Cog0  BM-ACROSS,seq,1_007,leg,3,motor,LEFT,phase,1,rising,FALSE,hall,1,tick,-120,t_us,10_190,dur_us,13_294
[2026-09-21T17:46:33.399] Cog0  BM-ACROSS,seq,1_008,leg,3,motor,LEFT,phase,0,rising,TRUE,hall,3,tick,-121,t_us,3_210,dur_us,14_857
[2026-09-21T17:46:33.400] Cog0  BM-ACROSS,seq,1_009,leg,3,motor,LEFT,phase,2,rising,FALSE,hall,2,tick,-122,t_us,10_970,dur_us,15_679
[2026-09-21T17:46:33.402] Cog0  BM-ACROSS,seq,1_010,leg,3,motor,LEFT,phase,1,rising,TRUE,hall,6,tick,-123,t_us,3_537,dur_us,16_012
[2026-09-21T17:46:33.403] Cog0  BM-ACROSS,seq,1_011,leg,3,motor,LEFT,phase,0,rising,FALSE,hall,4,tick,-124,t_us,10_921,dur_us,15_401
[2026-09-21T17:46:33.404] Cog0  BM-ACROSS,seq,1_012,leg,3,motor,LEFT,phase,0,rising,TRUE,hall,4,tick,-124,t_us,11_024,dur_us,15_401
[2026-09-21T17:46:33.405] Cog0  BM-ACROSS,seq,1_013,leg,3,motor,LEFT,phase,0,rising,FALSE,hall,4,tick,-124,t_us,11_078,dur_us,15_401
[2026-09-21T17:46:33.406] Cog0  BM-ACROSS,seq,1_014,leg,3,motor,LEFT,phase,2,rising,TRUE,hall,5,tick,-125,t_us,4_230,dur_us,15_779
[2026-09-21T17:46:33.407] Cog0  BM-ACROSS,seq,1_015,leg,3,motor,LEFT,phase,1,rising,FALSE,hall,1,tick,-126,t_us,10_532,dur_us,15_064
[2026-09-21T17:46:33.408] Cog0  BM-ACROSS,seq,1_016,leg,3,motor,LEFT,phase,0,rising,TRUE,hall,3,tick,-127,t_us,2_860,dur_us,13_933
[2026-09-21T17:46:33.409] Cog0  BM-ACROSS,seq,1_017,leg,3,motor,LEFT,phase,0,rising,FALSE,hall,3,tick,-127,t_us,2_914,dur_us,13_933
[2026-09-21T17:46:33.411] Cog0  BM-ACROSS,seq,1_018,leg,3,motor,LEFT,phase,0,rising,TRUE,hall,3,tick,-127,t_us,2_968,dur_us,13_933
[2026-09-21T17:46:33.412] Cog0  BM-ACROSS,seq,1_019,leg,3,motor,LEFT,phase,2,rising,FALSE,hall,2,tick,-128,t_us,10_582,dur_us,14_779
[2026-09-21T17:46:33.413] Cog0  BM-ACROSS,seq,1_020,leg,3,motor,LEFT,phase,2,rising,TRUE,hall,2,tick,-128,t_us,10_735,dur_us,14_779
[2026-09-21T17:46:33.414] Cog0  BM-ACROSS,seq,1_021,leg,3,motor,LEFT,phase,2,rising,FALSE,hall,2,tick,-128,t_us,10_837,dur_us,14_779
[2026-09-21T17:46:33.415] Cog0  BM-ACROSS,seq,1_022,leg,3,motor,LEFT,phase,1,rising,TRUE,hall,6,tick,-129,t_us,2_415,dur_us,13_672
[2026-09-21T17:46:33.417] Cog0  BM-ACROSS,seq,1_023,leg,3,motor,LEFT,phase,0,rising,FALSE,hall,4,tick,-130,t_us,9_995,dur_us,12_808
[2026-09-21T17:46:33.417] Cog0  BM-ACROSS,seq,1_024,leg,3,motor,LEFT,phase,2,rising,TRUE,hall,5,tick,-131,t_us,2_909,dur_us,13_631
[2026-09-21T17:46:33.419] Cog0  BM-ACROSS,seq,1_025,leg,3,motor,LEFT,phase,1,rising,FALSE,hall,1,tick,-132,t_us,9_070,dur_us,11_929
[2026-09-21T17:46:33.420] Cog0  BM-ACROSS,seq,1_026,leg,3,motor,LEFT,phase,0,rising,TRUE,hall,3,tick,-133,t_us,2_076,dur_us,11_677
[2026-09-21T17:46:33.421] Cog0  BM-ACROSS,seq,1_027,leg,3,motor,LEFT,phase,2,rising,FALSE,hall,2,tick,-134,t_us,8_875,dur_us,11_684
[2026-09-21T17:46:33.422] Cog0  BM-ACROSS,seq,1_028,leg,3,motor,LEFT,phase,1,rising,TRUE,hall,6,tick,-135,t_us,1_382,dur_us,10_496
[2026-09-21T17:46:33.423] Cog0  BM-ACROSS,seq,1_029,leg,3,motor,LEFT,phase,0,rising,FALSE,hall,4,tick,-136,t_us,8_388,dur_us,10_462
[2026-09-21T17:46:33.424] Cog0  BM-ACROSS,seq,1_030,leg,3,motor,LEFT,phase,2,rising,TRUE,hall,5,tick,-137,t_us,1_432,dur_us,10_497
[2026-09-21T17:46:33.425] Cog0  BM-ACROSS,seq,1_031,leg,3,motor,LEFT,phase,1,rising,FALSE,hall,1,tick,-138,t_us,7_706,dur_us,9_532
[2026-09-21T17:46:33.427] Cog0  BM-ACROSS,seq,1_032,leg,3,motor,LEFT,phase,0,rising,TRUE,hall,3,tick,-139,t_us,1_237,dur_us,9_717
[2026-09-21T17:46:33.428] Cog0  BM-ACROSS,seq,1_033,leg,3,motor,LEFT,phase,2,rising,FALSE,hall,2,tick,-140,t_us,8_047,dur_us,10_164
[2026-09-21T17:46:33.429] Cog0  BM-ACROSS,seq,1_034,leg,3,motor,LEFT,phase,1,rising,TRUE,hall,6,tick,-141,t_us,892,dur_us,9_958
[2026-09-21T17:46:33.430] Cog0  BM-ACROSS,seq,1_035,leg,3,motor,LEFT,phase,0,rising,FALSE,hall,4,tick,-142,t_us,7_658,dur_us,9_533
[2026-09-21T17:46:33.431] Cog0  BM-ACROSS,seq,1_036,leg,3,motor,LEFT,phase,2,rising,TRUE,hall,5,tick,-143,t_us,1_531,dur_us,10_499
[2026-09-21T17:46:33.432] Cog0  BM-ACROSS,seq,1_037,leg,3,motor,LEFT,phase,1,rising,FALSE,hall,1,tick,-144,t_us,7_804,dur_us,10_172
[2026-09-21T17:46:33.433] Cog0  BM-ACROSS,seq,1_038,leg,3,motor,LEFT,phase,0,rising,TRUE,hall,3,tick,-145,t_us,1_335,dur_us,9_913
[2026-09-21T17:46:33.434] Cog0  BM-ACROSS,seq,1_039,leg,3,motor,LEFT,phase,2,rising,FALSE,hall,2,tick,-146,t_us,8_340,dur_us,10_557
[2026-09-21T17:46:33.436] Cog0  BM-ACROSS,seq,1_040,leg,3,motor,LEFT,phase,1,rising,TRUE,hall,6,tick,-147,t_us,1_236,dur_us,10_447
[2026-09-21T17:46:33.437] Cog0  BM-ACROSS,seq,1_041,leg,3,motor,LEFT,phase,0,rising,FALSE,hall,4,tick,-148,t_us,7_901,dur_us,9_824
[2026-09-21T17:46:33.438] Cog0  BM-ACROSS,seq,1_042,leg,3,motor,LEFT,phase,2,rising,TRUE,hall,5,tick,-149,t_us,1_285,dur_us,10_398
[2026-09-21T17:46:33.439] Cog0  BM-ACROSS,seq,1_043,leg,3,motor,LEFT,phase,1,rising,FALSE,hall,1,tick,-150,t_us,7_901,dur_us,9_975
[2026-09-21T17:46:33.440] Cog0  BM-ACROSS,seq,1_044,leg,3,motor,LEFT,phase,0,rising,TRUE,hall,3,tick,-151,t_us,1_039,dur_us,9_861
[2026-09-21T17:46:33.441] Cog0  BM-ACROSS,seq,1_045,leg,3,motor,LEFT,phase,2,rising,FALSE,hall,2,tick,-152,t_us,7_706,dur_us,10_218
[2026-09-21T17:46:33.442] Cog0  BM-ACROSS,seq,1_046,leg,3,motor,LEFT,phase,1,rising,TRUE,hall,6,tick,-153,t_us,549,dur_us,9_224
[2026-09-21T17:46:33.444] Cog0  BM-ACROSS,seq,1_047,leg,3,motor,LEFT,phase,0,rising,FALSE,hall,4,tick,-154,t_us,7_560,dur_us,9_435
[2026-09-21T17:46:33.445] Cog0  BM-ACROSS,seq,1_048,leg,3,motor,LEFT,phase,2,rising,TRUE,hall,5,tick,-155,t_us,1_187,dur_us,10_009
[2026-09-21T17:46:33.446] Cog0  BM-ACROSS,seq,1_049,leg,3,motor,LEFT,phase,1,rising,FALSE,hall,1,tick,-156,t_us,7_219,dur_us,8_947
[2026-09-21T17:46:33.447] Cog0  BM-ACROSS,seq,1_050,leg,3,motor,LEFT,phase,0,rising,TRUE,hall,3,tick,-157,t_us,1_140,dur_us,9_524
[2026-09-21T17:46:33.448] Cog0  BM-ACROSS,seq,1_051,leg,3,motor,LEFT,phase,2,rising,FALSE,hall,2,tick,-158,t_us,7_463,dur_us,9_384
[2026-09-21T17:46:33.449] Cog0  BM-ACROSS,seq,1_052,leg,3,motor,LEFT,phase,1,rising,TRUE,hall,6,tick,-159,t_us,893,dur_us,9_422
[2026-09-21T17:46:33.450] Cog0  BM-ACROSS,seq,1_053,leg,3,motor,LEFT,phase,0,rising,FALSE,hall,4,tick,-160,t_us,7_609,dur_us,9_427
[2026-09-21T17:46:33.451] Cog0  BM-ACROSS,seq,1_054,leg,3,motor,LEFT,phase,2,rising,TRUE,hall,5,tick,-161,t_us,942,dur_us,9_715
[2026-09-21T17:46:33.452] Cog0  BM-ACROSS,seq,1_055,leg,3,motor,LEFT,phase,1,rising,FALSE,hall,1,tick,-162,t_us,7_512,dur_us,9_831
[2026-09-21T17:46:33.454] Cog0  BM-ACROSS,seq,1_056,leg,3,motor,LEFT,phase,0,rising,TRUE,hall,3,tick,-163,t_us,697,dur_us,9_177
[2026-09-21T17:46:33.455] Cog0  BM-ACROSS,seq,1_057,leg,3,motor,LEFT,phase,2,rising,FALSE,hall,2,tick,-164,t_us,7_609,dur_us,10_170
[2026-09-21T17:46:33.456] Cog0  BM-ACROSS,seq,1_058,leg,3,motor,LEFT,phase,1,rising,TRUE,hall,6,tick,-165,t_us,843,dur_us,9_908
[2026-09-21T17:46:33.457] Cog0  BM-ACROSS,seq,1_059,leg,3,motor,LEFT,phase,0,rising,FALSE,hall,4,tick,-166,t_us,7_414,dur_us,9_440
[2026-09-21T17:46:33.458] Cog0  BM-ACROSS,seq,1_060,leg,3,motor,LEFT,phase,2,rising,TRUE,hall,5,tick,-167,t_us,1_481,dur_us,10_449
[2026-09-21T17:46:33.459] Cog0  BM-ACROSS,seq,1_061,leg,3,motor,LEFT,phase,1,rising,FALSE,hall,1,tick,-168,t_us,8_096,dur_us,10_120
[2026-09-21T17:46:33.460] Cog0  BM-ACROSS,seq,1_062,leg,3,motor,LEFT,phase,0,rising,TRUE,hall,3,tick,-169,t_us,1_384,dur_us,10_401
[2026-09-21T17:46:33.462] Cog0  BM-ACROSS,seq,1_063,leg,3,motor,LEFT,phase,2,rising,FALSE,hall,2,tick,-170,t_us,8_339,dur_us,10_703
[2026-09-21T17:46:33.462] Cog0  BM-ACROSS,seq,1_064,leg,3,motor,LEFT,phase,1,rising,TRUE,hall,6,tick,-171,t_us,991,dur_us,10_446
[2026-09-21T17:46:33.464] Cog0  BM-ACROSS,seq,1_065,leg,3,motor,LEFT,phase,0,rising,FALSE,hall,4,tick,-172,t_us,8_193,dur_us,10_808
[2026-09-21T17:46:33.465] Cog0  BM-ACROSS,seq,1_066,leg,3,motor,LEFT,phase,2,rising,TRUE,hall,5,tick,-173,t_us,991,dur_us,10_494
[2026-09-21T17:46:33.466] Cog0  BM-ACROSS,seq,1_067,leg,3,motor,LEFT,phase,1,rising,FALSE,hall,1,tick,-174,t_us,7_852,dur_us,10_567
[2026-09-21T17:46:33.467] Cog0  BM-ACROSS,seq,1_068,leg,3,motor,LEFT,phase,0,rising,TRUE,hall,3,tick,-175,t_us,1_186,dur_us,10_495
[2026-09-21T17:46:33.468] Cog0  BM-ACROSS,seq,1_069,leg,3,motor,LEFT,phase,2,rising,FALSE,hall,2,tick,-176,t_us,7_804,dur_us,10_121
[2026-09-21T17:46:33.469] Cog0  BM-ACROSS,seq,1_070,leg,3,motor,LEFT,phase,1,rising,TRUE,hall,6,tick,-177,t_us,1_334,dur_us,10_350
[2026-09-21T17:46:33.470] Cog0  BM-ACROSS,seq,1_071,leg,3,motor,LEFT,phase,0,rising,FALSE,hall,4,tick,-178,t_us,7_901,dur_us,9_876
[2026-09-21T17:46:33.471] Cog0  BM-ACROSS,seq,1_072,leg,3,motor,LEFT,phase,2,rising,TRUE,hall,5,tick,-179,t_us,1_334,dur_us,10_107
[2026-09-21T17:46:33.473] Cog0  BM-ACROSS,seq,1_073,leg,3,motor,LEFT,phase,1,rising,FALSE,hall,1,tick,-180,t_us,7_755,dur_us,9_730
[2026-09-21T17:46:33.473] Cog0  BM-ACROSS,seq,1_074,leg,3,motor,LEFT,phase,0,rising,TRUE,hall,3,tick,-181,t_us,942,dur_us,9_374
[2026-09-21T17:46:33.475] Cog0  BM-ACROSS,seq,1_075,leg,3,motor,LEFT,phase,2,rising,FALSE,hall,2,tick,-182,t_us,7_511,dur_us,9_384
[2026-09-21T17:46:33.476] Cog0  BM-ACROSS,seq,1_076,leg,3,motor,LEFT,phase,1,rising,TRUE,hall,6,tick,-183,t_us,892,dur_us,9_372
[2026-09-21T17:46:33.477] Cog0  BM-ACROSS,seq,1_077,leg,3,motor,LEFT,phase,0,rising,FALSE,hall,4,tick,-184,t_us,7_171,dur_us,8_996
[2026-09-21T17:46:33.478] Cog0  BM-ACROSS,seq,1_078,leg,3,motor,LEFT,phase,2,rising,TRUE,hall,5,tick,-185,t_us,893,dur_us,8_935
[2026-09-21T17:46:33.479] Cog0  BM-ACROSS,seq,1_079,leg,3,motor,LEFT,phase,1,rising,FALSE,hall,1,tick,-186,t_us,7_268,dur_us,8_896
[2026-09-21T17:46:33.481] Cog0  BM-ACROSS,seq,1_080,leg,3,motor,LEFT,phase,0,rising,TRUE,hall,3,tick,-187,t_us,1_042,dur_us,8_987
[2026-09-21T17:46:33.481] Cog0  BM-ACROSS,seq,1_081,leg,3,motor,LEFT,phase,2,rising,FALSE,hall,2,tick,-188,t_us,7_463,dur_us,9_131
[2026-09-21T17:46:33.483] Cog0  BM-ACROSS,seq,1_082,leg,3,motor,LEFT,phase,1,rising,TRUE,hall,6,tick,-189,t_us,843,dur_us,9_032
[2026-09-21T17:46:33.484] Cog0  BM-ACROSS,seq,1_083,leg,3,motor,LEFT,phase,0,rising,FALSE,hall,4,tick,-190,t_us,7_512,dur_us,9_183
[2026-09-21T17:46:33.485] Cog0  BM-ACROSS,seq,1_084,leg,3,motor,LEFT,phase,2,rising,TRUE,hall,5,tick,-191,t_us,991,dur_us,9_277
[2026-09-21T17:46:33.486] Cog0  BM-ACROSS,seq,1_085,leg,3,motor,LEFT,phase,1,rising,FALSE,hall,1,tick,-192,t_us,7_609,dur_us,9_387
[2026-09-21T17:46:33.487] Cog0  BM-ACROSS,seq,1_086,leg,3,motor,LEFT,phase,0,rising,TRUE,hall,3,tick,-193,t_us,1_089,dur_us,9_618
[2026-09-21T17:46:33.487] Cog0  BM-ACROSS,seq,1_087,leg,3,motor,LEFT,phase,2,rising,FALSE,hall,2,tick,-194,t_us,7_560,dur_us,9_433
[2026-09-21T17:46:33.489] Cog0  BM-ACROSS,seq,1_088,leg,3,motor,LEFT,phase,1,rising,TRUE,hall,6,tick,-195,t_us,1_383,dur_us,10_009
[2026-09-21T17:46:33.490] Cog0  BM-ACROSS,seq,1_089,leg,3,motor,LEFT,phase,0,rising,FALSE,hall,4,tick,-196,t_us,8_145,dur_us,9_971
[2026-09-21T17:46:33.492] Cog0  BM-ACROSS,seq,1_090,leg,3,motor,LEFT,phase,2,rising,TRUE,hall,5,tick,-197,t_us,1_579,dur_us,10_400
[2026-09-21T17:46:33.493] Cog0  BM-ACROSS,seq,1_091,leg,3,motor,LEFT,phase,1,rising,FALSE,hall,1,tick,-198,t_us,8_485,dur_us,10_705
[2026-09-21T17:46:33.494] Cog0  BM-ACROSS,seq,1_092,leg,3,motor,LEFT,phase,0,rising,TRUE,hall,3,tick,-199,t_us,1_484,dur_us,10_696
[2026-09-21T17:46:33.495] Cog0  BM-ACROSS,seq,1_093,leg,3,motor,LEFT,phase,2,rising,FALSE,hall,2,tick,-200,t_us,8_681,dur_us,10_849
[2026-09-21T17:46:33.495] Cog0  BM-ACROSS,seq,1_094,leg,3,motor,LEFT,phase,1,rising,TRUE,hall,6,tick,-201,t_us,1_825,dur_us,11_377
[2026-09-21T17:46:33.497] Cog0  BM-ACROSS,seq,1_095,leg,3,motor,LEFT,phase,0,rising,FALSE,hall,4,tick,-202,t_us,8_729,dur_us,11_248
[2026-09-21T17:46:33.498] Cog0  BM-ACROSS,seq,1_096,leg,3,motor,LEFT,phase,2,rising,TRUE,hall,5,tick,-203,t_us,1_874,dur_us,11_524
[2026-09-21T17:46:33.500] Cog0  BM-ACROSS,seq,1_097,leg,3,motor,LEFT,phase,1,rising,FALSE,hall,1,tick,-204,t_us,8_632,dur_us,11_244
[2026-09-21T17:46:33.500] Cog0  BM-ACROSS,seq,1_098,leg,3,motor,LEFT,phase,0,rising,TRUE,hall,3,tick,-205,t_us,2_077,dur_us,11_775
[2026-09-21T17:46:33.502] Cog0  BM-ACROSS,seq,1_099,leg,3,motor,LEFT,phase,2,rising,FALSE,hall,2,tick,-206,t_us,9_022,dur_us,12_227
[2026-09-21T17:46:33.503] Cog0  BM-ACROSS,seq,1_100,leg,3,motor,LEFT,phase,1,rising,TRUE,hall,6,tick,-207,t_us,1_725,dur_us,11_716
[2026-09-21T17:46:33.504] Cog0  BM-ACROSS,seq,1_101,leg,3,motor,LEFT,phase,0,rising,FALSE,hall,4,tick,-208,t_us,9_363,dur_us,12_374
[2026-09-21T17:46:33.505] Cog0  BM-ACROSS,seq,1_102,leg,3,motor,LEFT,phase,2,rising,TRUE,hall,5,tick,-209,t_us,2_315,dur_us,12_744
[2026-09-21T17:46:33.506] Cog0  BM-ACROSS,seq,1_103,leg,3,motor,LEFT,phase,1,rising,FALSE,hall,1,tick,-210,t_us,9_606,dur_us,12_464
[2026-09-21T17:46:33.507] Cog0  BM-ACROSS,seq,1_104,leg,3,motor,LEFT,phase,0,rising,TRUE,hall,3,tick,-211,t_us,2_667,dur_us,13_291
[2026-09-21T17:46:33.508] Cog0  BM-ACROSS,seq,1_105,leg,3,motor,LEFT,phase,2,rising,FALSE,hall,2,tick,-212,t_us,10_044,dur_us,13_592
[2026-09-21T17:46:33.510] Cog0  BM-ACROSS,seq,1_106,leg,3,motor,LEFT,phase,1,rising,TRUE,hall,6,tick,-213,t_us,2_610,dur_us,13_818
[2026-09-21T17:46:33.511] Cog0  BM-ACROSS,seq,1_107,leg,3,motor,LEFT,phase,0,rising,FALSE,hall,4,tick,-214,t_us,10_045,dur_us,13_645
[2026-09-21T17:46:33.512] Cog0  BM-ACROSS,seq,1_108,leg,3,motor,LEFT,phase,2,rising,TRUE,hall,5,tick,-215,t_us,3_645,dur_us,14_756
[2026-09-21T17:46:33.513] Cog0  BM-ACROSS,seq,1_109,leg,3,motor,LEFT,phase,1,rising,FALSE,hall,1,tick,-216,t_us,10_336,dur_us,14_629
[2026-09-21T17:46:33.514] Cog0  BM-ACROSS,seq,1_110,leg,3,motor,LEFT,phase,0,rising,TRUE,hall,3,tick,-217,t_us,2_762,dur_us,13_630
[2026-09-21T17:46:33.515] Cog0  BM-ACROSS,seq,1_111,leg,3,motor,LEFT,phase,2,rising,FALSE,hall,2,tick,-218,t_us,10_531,dur_us,14_327
[2026-09-21T17:46:33.516] Cog0  BM-ACROSS,seq,1_112,leg,3,motor,LEFT,phase,1,rising,TRUE,hall,6,tick,-219,t_us,2_314,dur_us,13_279
[2026-09-21T17:46:33.518] Cog0  BM-ACROSS,seq,1_113,leg,3,motor,LEFT,phase,0,rising,FALSE,hall,4,tick,-220,t_us,9_850,dur_us,12_760
[2026-09-21T17:46:33.519] Cog0  BM-ACROSS,seq,1_114,leg,3,motor,LEFT,phase,2,rising,TRUE,hall,5,tick,-221,t_us,2_910,dur_us,13_875
[2026-09-21T17:46:33.520] Cog0  BM-ACROSS,seq,1_115,leg,3,motor,LEFT,phase,1,rising,FALSE,hall,1,tick,-222,t_us,9_167,dur_us,12_275
[2026-09-21T17:46:33.521] Cog0  BM-ACROSS,seq,1_116,leg,3,motor,LEFT,phase,0,rising,TRUE,hall,3,tick,-223,t_us,2_224,dur_us,12_312
[2026-09-21T17:46:33.522] Cog0  BM-ACROSS,seq,1_117,leg,3,motor,LEFT,phase,2,rising,FALSE,hall,2,tick,-224,t_us,9_314,dur_us,12_468
[2026-09-21T17:46:33.523] Cog0  BM-ACROSS,seq,1_118,leg,3,motor,LEFT,phase,1,rising,TRUE,hall,6,tick,-225,t_us,1_726,dur_us,11_619
[2026-09-21T17:46:33.525] Cog0  BM-ACROSS,seq,1_119,leg,3,motor,LEFT,phase,0,rising,FALSE,hall,4,tick,-226,t_us,9_119,dur_us,11_885
[2026-09-21T17:46:33.525] Cog0  BM-ACROSS,seq,1_120,leg,3,motor,LEFT,phase,2,rising,TRUE,hall,5,tick,-227,t_us,1_972,dur_us,12_060
[2026-09-21T17:46:33.527] Cog0  BM-ACROSS,seq,1_121,leg,3,motor,LEFT,phase,1,rising,FALSE,hall,1,tick,-228,t_us,8_437,dur_us,11_148
[2026-09-21T17:46:33.528] Cog0  BM-ACROSS,seq,1_122,leg,3,motor,LEFT,phase,0,rising,TRUE,hall,3,tick,-229,t_us,1_730,dur_us,11_088
[2026-09-21T17:46:33.529] Cog0  BM-ACROSS,seq,1_123,leg,3,motor,LEFT,phase,2,rising,FALSE,hall,2,tick,-230,t_us,8_827,dur_us,11_586
[2026-09-21T17:46:33.530] Cog0  BM-ACROSS,seq,1_124,leg,3,motor,LEFT,phase,1,rising,TRUE,hall,6,tick,-231,t_us,1_235,dur_us,11_031
[2026-09-21T17:46:33.531] Cog0  BM-ACROSS,seq,1_125,leg,3,motor,LEFT,phase,0,rising,FALSE,hall,4,tick,-232,t_us,8_339,dur_us,10_562
[2026-09-21T17:46:33.533] Cog0  BM-ACROSS,seq,1_126,leg,3,motor,LEFT,phase,2,rising,TRUE,hall,5,tick,-233,t_us,1_728,dur_us,11_388
[2026-09-21T17:46:33.533] Cog0  BM-ACROSS,seq,1_127,leg,3,motor,LEFT,phase,2,rising,FALSE,hall,5,tick,-233,t_us,1_782,dur_us,11_388
[2026-09-21T17:46:33.535] Cog0  BM-ACROSS,seq,1_128,leg,3,motor,LEFT,phase,2,rising,TRUE,hall,5,tick,-233,t_us,1_836,dur_us,11_388
[2026-09-21T17:46:33.536] Cog0  BM-ACROSS,seq,1_129,leg,3,motor,LEFT,phase,1,rising,FALSE,hall,1,tick,-234,t_us,8_293,dur_us,10_958
[2026-09-21T17:46:33.537] Cog0  BM-ACROSS,seq,1_130,leg,3,motor,LEFT,phase,0,rising,TRUE,hall,3,tick,-235,t_us,1_582,dur_us,10_647
[2026-09-21T17:46:33.538] Cog0  BM-ACROSS,seq,1_131,leg,3,motor,LEFT,phase,2,rising,FALSE,hall,2,tick,-236,t_us,8_729,dur_us,11_342
[2026-09-21T17:46:33.539] Cog0  BM-ACROSS,seq,1_132,leg,3,motor,LEFT,phase,1,rising,TRUE,hall,6,tick,-237,t_us,1_529,dur_us,11_130
[2026-09-21T17:46:33.540] Cog0  BM-ACROSS,seq,1_133,leg,3,motor,LEFT,phase,0,rising,FALSE,hall,4,tick,-238,t_us,8_193,dur_us,10_414
[2026-09-21T17:46:33.541] Cog0  BM-ACROSS,seq,1_134,leg,3,motor,LEFT,phase,2,rising,TRUE,hall,5,tick,-239,t_us,1_481,dur_us,10_936
[2026-09-21T17:46:33.542] Cog0  BM-ACROSS,seq,1_135,leg,3,motor,LEFT,phase,1,rising,FALSE,hall,1,tick,-240,t_us,8_145,dur_us,10_415
[2026-09-21T17:46:33.544] Cog0  BM-ACROSS,seq,1_136,leg,3,motor,LEFT,phase,0,rising,TRUE,hall,3,tick,-241,t_us,1_188,dur_us,10_253
[2026-09-21T17:46:33.545] Cog0  BM-ACROSS,seq,1_137,leg,3,motor,LEFT,phase,2,rising,FALSE,hall,2,tick,-242,t_us,7_950,dur_us,10_658
[2026-09-21T17:46:33.546] Cog0  BM-ACROSS,seq,1_138,leg,3,motor,LEFT,phase,1,rising,TRUE,hall,6,tick,-243,t_us,745,dur_us,9_566
[2026-09-21T17:46:33.547] Cog0  BM-ACROSS,seq,1_139,leg,3,motor,LEFT,phase,0,rising,FALSE,hall,4,tick,-244,t_us,7_852,dur_us,9_975
[2026-09-21T17:46:33.548] Cog0  BM-ACROSS,seq,1_140,leg,3,motor,LEFT,phase,2,rising,TRUE,hall,5,tick,-245,t_us,1_432,dur_us,10_643
[2026-09-21T17:46:33.549] Cog0  BM-ACROSS,seq,1_141,leg,3,motor,LEFT,phase,1,rising,FALSE,hall,1,tick,-246,t_us,7_609,dur_us,9_732
[2026-09-21T17:46:33.550] Cog0  BM-ACROSS,seq,1_142,leg,3,motor,LEFT,phase,0,rising,TRUE,hall,3,tick,-247,t_us,1_484,dur_us,10_500
[2026-09-21T17:46:33.552] Cog0  BM-ACROSS,seq,1_143,leg,3,motor,LEFT,phase,2,rising,FALSE,hall,2,tick,-248,t_us,8_145,dur_us,10_463
[2026-09-21T17:46:33.553] Cog0  BM-ACROSS,seq,1_144,leg,3,motor,LEFT,phase,1,rising,TRUE,hall,6,tick,-249,t_us,1_284,dur_us,10_690
[2026-09-21T17:46:33.554] Cog0  BM-ACROSS,seq,1_145,leg,3,motor,LEFT,phase,0,rising,FALSE,hall,4,tick,-250,t_us,8_388,dur_us,10_755
[2026-09-21T17:46:33.555] Cog0  BM-ACROSS,seq,1_146,leg,3,motor,LEFT,phase,2,rising,TRUE,hall,5,tick,-251,t_us,1_481,dur_us,11_277
[2026-09-21T17:46:33.556] Cog0  BM-ACROSS,seq,1_147,leg,3,motor,LEFT,phase,1,rising,FALSE,hall,1,tick,-252,t_us,8_291,dur_us,11_548
[2026-09-21T17:46:33.557] Cog0  BM-ACROSS,seq,1_148,leg,3,motor,LEFT,phase,0,rising,TRUE,hall,3,tick,-253,t_us,1_186,dur_us,10_788
[2026-09-21T17:46:33.558] Cog0  BM-ACROSS,seq,1_149,leg,3,motor,LEFT,phase,2,rising,FALSE,hall,2,tick,-254,t_us,8_875,dur_us,12_127
[2026-09-21T17:46:33.560] Cog0  BM-ACROSS,seq,1_150,leg,3,motor,LEFT,phase,1,rising,TRUE,hall,6,tick,-255,t_us,1_334,dur_us,11_812
[2026-09-21T17:46:33.560] Cog0  BM-ACROSS,seq,1_151,leg,3,motor,LEFT,phase,0,rising,FALSE,hall,4,tick,-256,t_us,8_340,dur_us,11_016
[2026-09-21T17:46:33.562] Cog0  BM-ACROSS,seq,1_152,leg,3,motor,LEFT,phase,0,rising,TRUE,hall,4,tick,-256,t_us,8_394,dur_us,11_016
[2026-09-21T17:46:33.563] Cog0  BM-ACROSS,seq,1_153,leg,3,motor,LEFT,phase,0,rising,FALSE,hall,4,tick,-256,t_us,8_496,dur_us,11_016
[2026-09-21T17:46:33.564] Cog0  BM-ACROSS,seq,1_154,leg,3,motor,LEFT,phase,2,rising,TRUE,hall,5,tick,-257,t_us,2_122,dur_us,12_113
[2026-09-21T17:46:33.565] Cog0  BM-ACROSS,seq,1_155,leg,3,motor,LEFT,phase,1,rising,FALSE,hall,1,tick,-258,t_us,8_778,dur_us,11_541
[2026-09-21T17:46:33.566] Cog0  BM-ACROSS,seq,1_156,leg,3,motor,LEFT,phase,0,rising,TRUE,hall,3,tick,-259,t_us,1_827,dur_us,11_623
[2026-09-21T17:46:33.567] Cog0  BM-ACROSS,seq,1_157,leg,3,motor,LEFT,phase,2,rising,FALSE,hall,2,tick,-260,t_us,8_924,dur_us,11_831
[2026-09-21T17:46:33.568] Cog0  BM-ACROSS,seq,1_158,leg,3,motor,LEFT,phase,1,rising,TRUE,hall,6,tick,-261,t_us,1_284,dur_us,11_226
[2026-09-21T17:46:33.570] Cog0  BM-ACROSS,seq,1_159,leg,3,motor,LEFT,phase,0,rising,FALSE,hall,4,tick,-262,t_us,8_486,dur_us,11_494
[2026-09-21T17:46:33.571] Cog0  BM-ACROSS,seq,1_160,leg,3,motor,LEFT,phase,2,rising,TRUE,hall,5,tick,-263,t_us,1_138,dur_us,10_982
[2026-09-21T17:46:33.572] Cog0  BM-ACROSS,seq,1_161,leg,3,motor,LEFT,phase,1,rising,FALSE,hall,1,tick,-264,t_us,8_047,dur_us,10_960
[2026-09-21T17:46:33.573] Cog0  BM-ACROSS,seq,1_162,leg,3,motor,LEFT,phase,0,rising,TRUE,hall,3,tick,-265,t_us,1_333,dur_us,10_788
[2026-09-21T17:46:33.575] Cog0  BM-ACROSS,seq,1_163,leg,3,motor,LEFT,phase,2,rising,FALSE,hall,2,tick,-266,t_us,7_950,dur_us,10_414
[2026-09-21T17:46:33.592] Cog0  BM-ALEG,seq,1_164,leg,3,motor,LEFT,speed,FAST,ask_dir,REVERSE,meas_dir,REVERSE,ticks,-270,span_ms,2_920,edge_s_x10,924,samples,133_554,sectors,269,samp_sect,155,cross,288,unusable,0,dropped,3,clip,61_502,peak_i_mV,14,bias_still,TRUE,outcome,CLIPPED
[2026-09-21T17:46:34.227] Cog0  BM-AGUIDE,seq,1_165,leg,4,motor,RIGHT,ask_dir,FORWARD,speed,SLOW,turns,3,ticks,270,bias_still,TRUE,bias_u_mV,54,bias_v_mV,52,bias_w_mV,53,bias_tries,1
[2026-09-21T17:46:34.242] Cog0  TURN RIGHT WHEEL FORWARD, SLOW -- keep turning until output resumes
[2026-09-21T17:46:42.200] Cog0  BM-ACROSS,seq,1_166,leg,4,motor,RIGHT,phase,1,rising,TRUE,hall,6,tick,-1,t_us,24_297,dur_us,48_949
[2026-09-21T17:46:42.201] Cog0  BM-ACROSS,seq,1_167,leg,4,motor,RIGHT,phase,1,rising,FALSE,hall,6,tick,-1,t_us,24_638,dur_us,48_949
[2026-09-21T17:46:42.202] Cog0  BM-ACROSS,seq,1_168,leg,4,motor,RIGHT,phase,1,rising,TRUE,hall,6,tick,-1,t_us,24_981,dur_us,48_949
[2026-09-21T17:46:42.203] Cog0  BM-ACROSS,seq,1_169,leg,4,motor,RIGHT,phase,1,rising,FALSE,hall,6,tick,-1,t_us,25_034,dur_us,48_949
[2026-09-21T17:46:42.205] Cog0  BM-ACROSS,seq,1_170,leg,4,motor,RIGHT,phase,1,rising,TRUE,hall,6,tick,-1,t_us,26_458,dur_us,48_949
[2026-09-21T17:46:42.206] Cog0  BM-ACROSS,seq,1_171,leg,4,motor,RIGHT,phase,1,rising,FALSE,hall,6,tick,-1,t_us,27_574,dur_us,48_949
[2026-09-21T17:46:42.207] Cog0  BM-ACROSS,seq,1_172,leg,4,motor,RIGHT,phase,1,rising,TRUE,hall,6,tick,-1,t_us,27_725,dur_us,48_949
[2026-09-21T17:46:42.208] Cog0  BM-ACROSS,seq,1_173,leg,4,motor,RIGHT,phase,1,rising,FALSE,hall,6,tick,-1,t_us,28_217,dur_us,48_949
[2026-09-21T17:46:42.209] Cog0  BM-ACROSS,seq,1_174,leg,4,motor,RIGHT,phase,1,rising,TRUE,hall,6,tick,-1,t_us,28_760,dur_us,48_949
[2026-09-21T17:46:42.210] Cog0  BM-ACROSS,seq,1_175,leg,4,motor,RIGHT,phase,1,rising,FALSE,hall,6,tick,-1,t_us,30_758,dur_us,48_949
[2026-09-21T17:46:42.211] Cog0  BM-ACROSS,seq,1_176,leg,4,motor,RIGHT,phase,1,rising,TRUE,hall,6,tick,-1,t_us,30_813,dur_us,48_949
[2026-09-21T17:46:42.213] Cog0  BM-ACROSS,seq,1_177,leg,4,motor,RIGHT,phase,0,rising,FALSE,hall,4,tick,-2,t_us,14_887,dur_us,32_425
[2026-09-21T17:46:42.214] Cog0  BM-ACROSS,seq,1_178,leg,4,motor,RIGHT,phase,0,rising,TRUE,hall,4,tick,-2,t_us,14_990,dur_us,32_425
[2026-09-21T17:46:42.215] Cog0  BM-ACROSS,seq,1_179,leg,4,motor,RIGHT,phase,0,rising,FALSE,hall,4,tick,-2,t_us,15_043,dur_us,32_425
[2026-09-21T17:46:42.216] Cog0  BM-ACROSS,seq,1_180,leg,4,motor,RIGHT,phase,0,rising,TRUE,hall,4,tick,-2,t_us,15_343,dur_us,32_425
[2026-09-21T17:46:42.217] Cog0  BM-ACROSS,seq,1_181,leg,4,motor,RIGHT,phase,0,rising,FALSE,hall,4,tick,-2,t_us,16_370,dur_us,32_425
[2026-09-21T17:46:42.218] Cog0  BM-ACROSS,seq,1_182,leg,4,motor,RIGHT,phase,0,rising,TRUE,hall,4,tick,-2,t_us,17_798,dur_us,32_425
[2026-09-21T17:46:42.219] Cog0  BM-ACROSS,seq,1_183,leg,4,motor,RIGHT,phase,0,rising,FALSE,hall,4,tick,-2,t_us,17_852,dur_us,32_425
[2026-09-21T17:46:42.220] Cog0  BM-ACROSS,seq,1_184,leg,4,motor,RIGHT,phase,2,rising,TRUE,hall,5,tick,-3,t_us,12_263,dur_us,29_092
[2026-09-21T17:46:42.222] Cog0  BM-ACROSS,seq,1_185,leg,4,motor,RIGHT,phase,2,rising,FALSE,hall,5,tick,-3,t_us,13_290,dur_us,29_092
[2026-09-21T17:46:42.223] Cog0  BM-ACROSS,seq,1_186,leg,4,motor,RIGHT,phase,2,rising,TRUE,hall,5,tick,-3,t_us,13_344,dur_us,29_092
[2026-09-21T17:46:42.224] Cog0  BM-ACROSS,seq,1_187,leg,4,motor,RIGHT,phase,1,rising,FALSE,hall,1,tick,-4,t_us,14_488,dur_us,25_810
[2026-09-21T17:46:42.225] Cog0  BM-ACROSS,seq,1_188,leg,4,motor,RIGHT,phase,1,rising,TRUE,hall,1,tick,-4,t_us,14_542,dur_us,25_810
[2026-09-21T17:46:42.226] Cog0  BM-ACROSS,seq,1_189,leg,4,motor,RIGHT,phase,1,rising,FALSE,hall,1,tick,-4,t_us,14_791,dur_us,25_810
[2026-09-21T17:46:42.227] Cog0  BM-ACROSS,seq,1_190,leg,4,motor,RIGHT,phase,1,rising,TRUE,hall,1,tick,-4,t_us,14_992,dur_us,25_810
[2026-09-21T17:46:42.228] Cog0  BM-ACROSS,seq,1_191,leg,4,motor,RIGHT,phase,1,rising,FALSE,hall,1,tick,-4,t_us,15_241,dur_us,25_810
[2026-09-21T17:46:42.230] Cog0  BM-ACROSS,seq,1_192,leg,4,motor,RIGHT,phase,1,rising,TRUE,hall,1,tick,-4,t_us,15_295,dur_us,25_810
[2026-09-21T17:46:42.231] Cog0  BM-ACROSS,seq,1_193,leg,4,motor,RIGHT,phase,1,rising,FALSE,hall,1,tick,-4,t_us,15_446,dur_us,25_810
[2026-09-21T17:46:42.232] Cog0  BM-ACROSS,seq,1_194,leg,4,motor,RIGHT,phase,0,rising,TRUE,hall,3,tick,-5,t_us,7_083,dur_us,22_100
[2026-09-21T17:46:42.233] Cog0  BM-ACROSS,seq,1_195,leg,4,motor,RIGHT,phase,2,rising,FALSE,hall,2,tick,-6,t_us,13_560,dur_us,20_298
[2026-09-21T17:46:42.234] Cog0  BM-ACROSS,seq,1_196,leg,4,motor,RIGHT,phase,1,rising,TRUE,hall,6,tick,-7,t_us,5_755,dur_us,19_574
[2026-09-21T17:46:42.235] Cog0  BM-ACROSS,seq,1_197,leg,4,motor,RIGHT,phase,1,rising,FALSE,hall,6,tick,-7,t_us,5_809,dur_us,19_574
[2026-09-21T17:46:42.236] Cog0  BM-ACROSS,seq,1_198,leg,4,motor,RIGHT,phase,1,rising,TRUE,hall,6,tick,-7,t_us,5_863,dur_us,19_574
[2026-09-21T17:46:42.238] Cog0  BM-ACROSS,seq,1_199,leg,4,motor,RIGHT,phase,1,rising,FALSE,hall,6,tick,-7,t_us,5_965,dur_us,19_574
[2026-09-21T17:46:42.239] Cog0  BM-ACROSS,seq,1_200,leg,4,motor,RIGHT,phase,1,rising,TRUE,hall,6,tick,-7,t_us,6_019,dur_us,19_574
[2026-09-21T17:46:42.240] Cog0  BM-ACROSS,seq,1_201,leg,4,motor,RIGHT,phase,0,rising,FALSE,hall,4,tick,-8,t_us,12_346,dur_us,18_352
[2026-09-21T17:46:42.241] Cog0  BM-ACROSS,seq,1_202,leg,4,motor,RIGHT,phase,0,rising,TRUE,hall,4,tick,-8,t_us,12_400,dur_us,18_352
[2026-09-21T17:46:42.242] Cog0  BM-ACROSS,seq,1_203,leg,4,motor,RIGHT,phase,0,rising,FALSE,hall,4,tick,-8,t_us,12_453,dur_us,18_352
[2026-09-21T17:46:42.243] Cog0  BM-ACROSS,seq,1_204,leg,4,motor,RIGHT,phase,2,rising,TRUE,hall,5,tick,-9,t_us,4_035,dur_us,16_810
[2026-09-21T17:46:42.244] Cog0  BM-ACROSS,seq,1_205,leg,4,motor,RIGHT,phase,1,rising,FALSE,hall,1,tick,-10,t_us,11_610,dur_us,16_591
[2026-09-21T17:46:42.246] Cog0  BM-ACROSS,seq,1_206,leg,4,motor,RIGHT,phase,1,rising,TRUE,hall,1,tick,-10,t_us,11_762,dur_us,16_591
[2026-09-21T17:46:42.247] Cog0  BM-ACROSS,seq,1_207,leg,4,motor,RIGHT,phase,1,rising,FALSE,hall,1,tick,-10,t_us,11_962,dur_us,16_591
[2026-09-21T17:46:42.248] Cog0  BM-ACROSS,seq,1_208,leg,4,motor,RIGHT,phase,0,rising,TRUE,hall,3,tick,-11,t_us,3_839,dur_us,16_614
[2026-09-21T17:46:42.249] Cog0  BM-ACROSS,seq,1_209,leg,4,motor,RIGHT,phase,2,rising,FALSE,hall,2,tick,-12,t_us,10_636,dur_us,15_037
[2026-09-21T17:46:42.250] Cog0  BM-ACROSS,seq,1_210,leg,4,motor,RIGHT,phase,2,rising,TRUE,hall,2,tick,-12,t_us,10_689,dur_us,15_037
[2026-09-21T17:46:42.250] Cog0  BM-ACROSS,seq,1_211,leg,4,motor,RIGHT,phase,2,rising,FALSE,hall,2,tick,-12,t_us,10_743,dur_us,15_037
[2026-09-21T17:46:42.252] Cog0  BM-ACROSS,seq,1_212,leg,4,motor,RIGHT,phase,1,rising,TRUE,hall,6,tick,-13,t_us,3_111,dur_us,15_008
[2026-09-21T17:46:42.253] Cog0  BM-ACROSS,seq,1_213,leg,4,motor,RIGHT,phase,0,rising,FALSE,hall,4,tick,-14,t_us,10_879,dur_us,15_467
[2026-09-21T17:46:42.255] Cog0  BM-ACROSS,seq,1_214,leg,4,motor,RIGHT,phase,2,rising,TRUE,hall,5,tick,-15,t_us,2_660,dur_us,15_337
[2026-09-21T17:46:42.256] Cog0  BM-ACROSS,seq,1_215,leg,4,motor,RIGHT,phase,1,rising,FALSE,hall,1,tick,-16,t_us,9_904,dur_us,14_199
[2026-09-21T17:46:42.257] Cog0  BM-ACROSS,seq,1_216,leg,4,motor,RIGHT,phase,0,rising,TRUE,hall,3,tick,-17,t_us,3_206,dur_us,15_298
[2026-09-21T17:46:42.258] Cog0  BM-ACROSS,seq,1_217,leg,4,motor,RIGHT,phase,2,rising,FALSE,hall,2,tick,-18,t_us,10_684,dur_us,15_626
[2026-09-21T17:46:42.259] Cog0  BM-ACROSS,seq,1_218,leg,4,motor,RIGHT,phase,1,rising,TRUE,hall,6,tick,-19,t_us,2_660,dur_us,14_607
[2026-09-21T17:46:42.260] Cog0  BM-ACROSS,seq,1_219,leg,4,motor,RIGHT,phase,0,rising,FALSE,hall,4,tick,-20,t_us,10_977,dur_us,15_472
[2026-09-21T17:46:42.262] Cog0  BM-ACROSS,seq,1_220,leg,4,motor,RIGHT,phase,0,rising,TRUE,hall,4,tick,-20,t_us,11_031,dur_us,15_472
[2026-09-21T17:46:42.263] Cog0  BM-ACROSS,seq,1_221,leg,4,motor,RIGHT,phase,0,rising,FALSE,hall,4,tick,-20,t_us,11_182,dur_us,15_472
[2026-09-21T17:46:42.264] Cog0  BM-ACROSS,seq,1_222,leg,4,motor,RIGHT,phase,2,rising,TRUE,hall,5,tick,-21,t_us,3_305,dur_us,15_982
[2026-09-21T17:46:42.265] Cog0  BM-ACROSS,seq,1_223,leg,4,motor,RIGHT,phase,1,rising,FALSE,hall,1,tick,-22,t_us,9_953,dur_us,14_201
[2026-09-21T17:46:42.266] Cog0  BM-ACROSS,seq,1_224,leg,4,motor,RIGHT,phase,0,rising,TRUE,hall,3,tick,-23,t_us,2_861,dur_us,14_271
[2026-09-21T17:46:42.267] Cog0  BM-ACROSS,seq,1_225,leg,4,motor,RIGHT,phase,2,rising,FALSE,hall,2,tick,-24,t_us,10_441,dur_us,14_344
[2026-09-21T17:46:42.268] Cog0  BM-ACROSS,seq,1_226,leg,4,motor,RIGHT,phase,1,rising,TRUE,hall,6,tick,-25,t_us,2_024,dur_us,13_629
[2026-09-21T17:46:42.270] Cog0  BM-ACROSS,seq,1_227,leg,4,motor,RIGHT,phase,0,rising,FALSE,hall,4,tick,-26,t_us,9_125,dur_us,12_285
[2026-09-21T17:46:42.271] Cog0  BM-ACROSS,seq,1_228,leg,4,motor,RIGHT,phase,2,rising,TRUE,hall,5,tick,-27,t_us,2_172,dur_us,12_900
[2026-09-21T17:46:42.272] Cog0  BM-ACROSS,seq,1_229,leg,4,motor,RIGHT,phase,1,rising,FALSE,hall,1,tick,-28,t_us,8_978,dur_us,12_585
[2026-09-21T17:46:42.273] Cog0  BM-ACROSS,seq,1_230,leg,4,motor,RIGHT,phase,0,rising,TRUE,hall,3,tick,-29,t_us,1_531,dur_us,11_918
[2026-09-21T17:46:42.274] Cog0  BM-ACROSS,seq,1_231,leg,4,motor,RIGHT,phase,2,rising,FALSE,hall,2,tick,-30,t_us,9_612,dur_us,12_823
[2026-09-21T17:46:42.275] Cog0  BM-ACROSS,seq,1_232,leg,4,motor,RIGHT,phase,1,rising,TRUE,hall,6,tick,-31,t_us,1_878,dur_us,13_093
[2026-09-21T17:46:42.276] Cog0  BM-ACROSS,seq,1_233,leg,4,motor,RIGHT,phase,0,rising,FALSE,hall,4,tick,-32,t_us,8_881,dur_us,12_093
[2026-09-21T17:46:42.277] Cog0  BM-ACROSS,seq,1_234,leg,4,motor,RIGHT,phase,2,rising,TRUE,hall,5,tick,-33,t_us,2_074,dur_us,13_045
[2026-09-21T17:46:42.279] Cog0  BM-ACROSS,seq,1_235,leg,4,motor,RIGHT,phase,1,rising,FALSE,hall,1,tick,-34,t_us,9_563,dur_us,13_517
[2026-09-21T17:46:42.280] Cog0  BM-ACROSS,seq,1_236,leg,4,motor,RIGHT,phase,0,rising,TRUE,hall,3,tick,-35,t_us,2_022,dur_us,14_115
[2026-09-21T17:46:42.281] Cog0  BM-ACROSS,seq,1_237,leg,4,motor,RIGHT,phase,2,rising,FALSE,hall,2,tick,-36,t_us,9_612,dur_us,13_810
[2026-09-21T17:46:42.282] Cog0  BM-ACROSS,seq,1_238,leg,4,motor,RIGHT,phase,1,rising,TRUE,hall,6,tick,-37,t_us,2_962,dur_us,15_407
[2026-09-21T17:46:42.283] Cog0  BM-ACROSS,seq,1_239,leg,4,motor,RIGHT,phase,1,rising,FALSE,hall,6,tick,-37,t_us,3_065,dur_us,15_407
[2026-09-21T17:46:42.284] Cog0  BM-ACROSS,seq,1_240,leg,4,motor,RIGHT,phase,1,rising,TRUE,hall,6,tick,-37,t_us,3_119,dur_us,15_407
[2026-09-21T17:46:42.285] Cog0  BM-ACROSS,seq,1_241,leg,4,motor,RIGHT,phase,0,rising,FALSE,hall,4,tick,-38,t_us,10_686,dur_us,15_819
[2026-09-21T17:46:42.287] Cog0  BM-ACROSS,seq,1_242,leg,4,motor,RIGHT,phase,2,rising,TRUE,hall,5,tick,-39,t_us,2_856,dur_us,14_802
[2026-09-21T17:46:42.288] Cog0  BM-ACROSS,seq,1_243,leg,4,motor,RIGHT,phase,1,rising,FALSE,hall,1,tick,-40,t_us,11_464,dur_us,16_542
[2026-09-21T17:46:42.289] Cog0  BM-ACROSS,seq,1_244,leg,4,motor,RIGHT,phase,0,rising,TRUE,hall,3,tick,-41,t_us,3_443,dur_us,16_559
[2026-09-21T17:46:42.290] Cog0  BM-ACROSS,seq,1_245,leg,4,motor,RIGHT,phase,2,rising,FALSE,hall,2,tick,-42,t_us,10_441,dur_us,14_776
[2026-09-21T17:46:42.291] Cog0  BM-ACROSS,seq,1_246,leg,4,motor,RIGHT,phase,1,rising,TRUE,hall,6,tick,-43,t_us,4_044,dur_us,16_673
[2026-09-21T17:46:42.292] Cog0  BM-ACROSS,seq,1_247,leg,4,motor,RIGHT,phase,0,rising,FALSE,hall,4,tick,-44,t_us,11_269,dur_us,16_931
[2026-09-21T17:46:42.293] Cog0  BM-ACROSS,seq,1_248,leg,4,motor,RIGHT,phase,0,rising,TRUE,hall,4,tick,-44,t_us,11_420,dur_us,16_931
[2026-09-21T17:46:42.295] Cog0  BM-ACROSS,seq,1_249,leg,4,motor,RIGHT,phase,0,rising,FALSE,hall,4,tick,-44,t_us,11_669,dur_us,16_931
[2026-09-21T17:46:42.296] Cog0  BM-ACROSS,seq,1_250,leg,4,motor,RIGHT,phase,2,rising,TRUE,hall,5,tick,-45,t_us,3_202,dur_us,15_879
[2026-09-21T17:46:42.297] Cog0  BM-ACROSS,seq,1_251,leg,4,motor,RIGHT,phase,1,rising,FALSE,hall,1,tick,-46,t_us,11_757,dur_us,16_928
[2026-09-21T17:46:42.298] Cog0  BM-ACROSS,seq,1_252,leg,4,motor,RIGHT,phase,0,rising,TRUE,hall,3,tick,-47,t_us,3_689,dur_us,16_659
[2026-09-21T17:46:42.299] Cog0  BM-ACROSS,seq,1_253,leg,4,motor,RIGHT,phase,2,rising,FALSE,hall,2,tick,-48,t_us,10_586,dur_us,14_578
[2026-09-21T17:46:42.300] Cog0  BM-ACROSS,seq,1_254,leg,4,motor,RIGHT,phase,1,rising,TRUE,hall,6,tick,-49,t_us,3_799,dur_us,15_307
[2026-09-21T17:46:42.301] Cog0  BM-ACROSS,seq,1_255,leg,4,motor,RIGHT,phase,0,rising,FALSE,hall,4,tick,-50,t_us,11_074,dur_us,15_273
[2026-09-21T17:46:42.303] Cog0  BM-ACROSS,seq,1_256,leg,4,motor,RIGHT,phase,2,rising,TRUE,hall,5,tick,-51,t_us,2_417,dur_us,13_496
[2026-09-21T17:46:42.304] Cog0  BM-ACROSS,seq,1_257,leg,4,motor,RIGHT,phase,2,rising,FALSE,hall,5,tick,-51,t_us,2_470,dur_us,13_496
[2026-09-21T17:46:42.305] Cog0  BM-ACROSS,seq,1_258,leg,4,motor,RIGHT,phase,2,rising,TRUE,hall,5,tick,-51,t_us,2_524,dur_us,13_496
[2026-09-21T17:46:42.306] Cog0  BM-ACROSS,seq,1_259,leg,4,motor,RIGHT,phase,1,rising,FALSE,hall,1,tick,-52,t_us,10_248,dur_us,13_615
[2026-09-21T17:46:42.307] Cog0  BM-ACROSS,seq,1_260,leg,4,motor,RIGHT,phase,1,rising,TRUE,hall,1,tick,-52,t_us,10_302,dur_us,13_615
[2026-09-21T17:46:42.308] Cog0  BM-ACROSS,seq,1_261,leg,4,motor,RIGHT,phase,1,rising,FALSE,hall,1,tick,-52,t_us,10_453,dur_us,13_615
[2026-09-21T17:46:42.309] Cog0  BM-ACROSS,seq,1_262,leg,4,motor,RIGHT,phase,0,rising,TRUE,hall,3,tick,-53,t_us,2_522,dur_us,13_640
[2026-09-21T17:46:42.311] Cog0  BM-ACROSS,seq,1_263,leg,4,motor,RIGHT,phase,2,rising,FALSE,hall,2,tick,-54,t_us,9_563,dur_us,12_437
[2026-09-21T17:46:42.312] Cog0  BM-ACROSS,seq,1_264,leg,4,motor,RIGHT,phase,2,rising,TRUE,hall,2,tick,-54,t_us,9_715,dur_us,12_437
[2026-09-21T17:46:42.313] Cog0  BM-ACROSS,seq,1_265,leg,4,motor,RIGHT,phase,2,rising,FALSE,hall,2,tick,-54,t_us,9_769,dur_us,12_437
[2026-09-21T17:46:42.314] Cog0  BM-ACROSS,seq,1_266,leg,4,motor,RIGHT,phase,1,rising,TRUE,hall,6,tick,-55,t_us,2_475,dur_us,12_959
[2026-09-21T17:46:42.315] Cog0  BM-ACROSS,seq,1_267,leg,4,motor,RIGHT,phase,0,rising,FALSE,hall,4,tick,-56,t_us,9_709,dur_us,12_920
[2026-09-21T17:46:42.316] Cog0  BM-ACROSS,seq,1_268,leg,4,motor,RIGHT,phase,2,rising,TRUE,hall,5,tick,-57,t_us,1_925,dur_us,12_263
[2026-09-21T17:46:42.317] Cog0  BM-ACROSS,seq,1_269,leg,4,motor,RIGHT,phase,1,rising,FALSE,hall,1,tick,-58,t_us,9_320,dur_us,11_936
[2026-09-21T17:46:42.319] Cog0  BM-ACROSS,seq,1_270,leg,4,motor,RIGHT,phase,0,rising,TRUE,hall,3,tick,-59,t_us,2_422,dur_us,12_613
[2026-09-21T17:46:42.320] Cog0  BM-ACROSS,seq,1_271,leg,4,motor,RIGHT,phase,2,rising,FALSE,hall,2,tick,-60,t_us,9_953,dur_us,13_016
[2026-09-21T17:46:42.321] Cog0  BM-ACROSS,seq,1_272,leg,4,motor,RIGHT,phase,1,rising,TRUE,hall,6,tick,-61,t_us,2_027,dur_us,12_658
[2026-09-21T17:46:42.322] Cog0  BM-ACROSS,seq,1_273,leg,4,motor,RIGHT,phase,0,rising,FALSE,hall,4,tick,-62,t_us,10_148,dur_us,13_209
[2026-09-21T17:46:42.323] Cog0  BM-ACROSS,seq,1_274,leg,4,motor,RIGHT,phase,2,rising,TRUE,hall,5,tick,-63,t_us,2_618,dur_us,13_833
[2026-09-21T17:46:42.324] Cog0  BM-ACROSS,seq,1_275,leg,4,motor,RIGHT,phase,1,rising,FALSE,hall,1,tick,-64,t_us,10_392,dur_us,13_896
[2026-09-21T17:46:42.325] Cog0  BM-ACROSS,seq,1_276,leg,4,motor,RIGHT,phase,0,rising,TRUE,hall,3,tick,-65,t_us,2_963,dur_us,15_056
[2026-09-21T17:46:42.326] Cog0  BM-ACROSS,seq,1_277,leg,4,motor,RIGHT,phase,2,rising,FALSE,hall,2,tick,-66,t_us,10_928,dur_us,15_519
[2026-09-21T17:46:42.328] Cog0  BM-ACROSS,seq,1_278,leg,4,motor,RIGHT,phase,1,rising,TRUE,hall,6,tick,-67,t_us,3_551,dur_us,16_033
[2026-09-21T17:46:42.329] Cog0  BM-ACROSS,seq,1_279,leg,4,motor,RIGHT,phase,0,rising,FALSE,hall,4,tick,-68,t_us,11_366,dur_us,15_697
[2026-09-21T17:46:42.330] Cog0  BM-ACROSS,seq,1_280,leg,4,motor,RIGHT,phase,2,rising,TRUE,hall,5,tick,-69,t_us,4_434,dur_us,16_878
[2026-09-21T17:46:42.331] Cog0  BM-ACROSS,seq,1_281,leg,4,motor,RIGHT,phase,2,rising,FALSE,hall,5,tick,-69,t_us,4_487,dur_us,16_878
[2026-09-21T17:46:42.332] Cog0  BM-ACROSS,seq,1_282,leg,4,motor,RIGHT,phase,2,rising,TRUE,hall,5,tick,-69,t_us,4_590,dur_us,16_878
[2026-09-21T17:46:42.333] Cog0  BM-ACROSS,seq,1_283,leg,4,motor,RIGHT,phase,1,rising,FALSE,hall,1,tick,-70,t_us,11_807,dur_us,16_729
[2026-09-21T17:46:42.334] Cog0  BM-ACROSS,seq,1_284,leg,4,motor,RIGHT,phase,0,rising,TRUE,hall,3,tick,-71,t_us,3_787,dur_us,15_928
[2026-09-21T17:46:42.336] Cog0  BM-ACROSS,seq,1_285,leg,4,motor,RIGHT,phase,2,rising,FALSE,hall,2,tick,-72,t_us,11_610,dur_us,16_094
[2026-09-21T17:46:42.337] Cog0  BM-ACROSS,seq,1_286,leg,4,motor,RIGHT,phase,1,rising,TRUE,hall,6,tick,-73,t_us,4_040,dur_us,16_376
[2026-09-21T17:46:42.338] Cog0  BM-ACROSS,seq,1_287,leg,4,motor,RIGHT,phase,0,rising,FALSE,hall,4,tick,-74,t_us,11_367,dur_us,15_847
[2026-09-21T17:46:42.339] Cog0  BM-ACROSS,seq,1_288,leg,4,motor,RIGHT,phase,2,rising,TRUE,hall,5,tick,-75,t_us,3_695,dur_us,16_334
[2026-09-21T17:46:42.340] Cog0  BM-ACROSS,seq,1_289,leg,4,motor,RIGHT,phase,2,rising,FALSE,hall,5,tick,-75,t_us,3_749,dur_us,16_334
[2026-09-21T17:46:42.341] Cog0  BM-ACROSS,seq,1_290,leg,4,motor,RIGHT,phase,2,rising,TRUE,hall,5,tick,-75,t_us,3_803,dur_us,16_334
[2026-09-21T17:46:42.342] Cog0  BM-ACROSS,seq,1_291,leg,4,motor,RIGHT,phase,1,rising,FALSE,hall,1,tick,-76,t_us,10_881,dur_us,15_568
[2026-09-21T17:46:42.344] Cog0  BM-ACROSS,seq,1_292,leg,4,motor,RIGHT,phase,0,rising,TRUE,hall,3,tick,-77,t_us,3_302,dur_us,15_443
[2026-09-21T17:46:42.345] Cog0  BM-ACROSS,seq,1_293,leg,4,motor,RIGHT,phase,2,rising,FALSE,hall,2,tick,-78,t_us,10_684,dur_us,15_130
[2026-09-21T17:46:42.345] Cog0  BM-ACROSS,seq,1_294,leg,4,motor,RIGHT,phase,1,rising,TRUE,hall,6,tick,-79,t_us,3_007,dur_us,14_563
[2026-09-21T17:46:42.347] Cog0  BM-ACROSS,seq,1_295,leg,4,motor,RIGHT,phase,0,rising,FALSE,hall,4,tick,-80,t_us,10_879,dur_us,15_125
[2026-09-21T17:46:42.348] Cog0  BM-ACROSS,seq,1_296,leg,4,motor,RIGHT,phase,2,rising,TRUE,hall,5,tick,-81,t_us,3_008,dur_us,15_052
[2026-09-21T17:46:42.350] Cog0  BM-ACROSS,seq,1_297,leg,4,motor,RIGHT,phase,1,rising,FALSE,hall,1,tick,-82,t_us,10_148,dur_us,14_247
[2026-09-21T17:46:42.350] Cog0  BM-ACROSS,seq,1_298,leg,4,motor,RIGHT,phase,0,rising,TRUE,hall,3,tick,-83,t_us,3_354,dur_us,15_447
[2026-09-21T17:46:42.352] Cog0  BM-ACROSS,seq,1_299,leg,4,motor,RIGHT,phase,2,rising,FALSE,hall,2,tick,-84,t_us,11_123,dur_us,16_058
[2026-09-21T17:46:42.353] Cog0  BM-ACROSS,seq,1_300,leg,4,motor,RIGHT,phase,1,rising,TRUE,hall,6,tick,-85,t_us,3_400,dur_us,16_370
[2026-09-21T17:46:42.354] Cog0  BM-ACROSS,seq,1_301,leg,4,motor,RIGHT,phase,0,rising,FALSE,hall,4,tick,-86,t_us,11_805,dur_us,17_355
[2026-09-21T17:46:42.355] Cog0  BM-ACROSS,seq,1_302,leg,4,motor,RIGHT,phase,2,rising,TRUE,hall,5,tick,-87,t_us,4_621,dur_us,18_127
[2026-09-21T17:46:42.356] Cog0  BM-ACROSS,seq,1_303,leg,4,motor,RIGHT,phase,1,rising,FALSE,hall,1,tick,-88,t_us,12_049,dur_us,18_387
[2026-09-21T17:46:42.357] Cog0  BM-ACROSS,seq,1_304,leg,4,motor,RIGHT,phase,1,rising,TRUE,hall,1,tick,-88,t_us,12_152,dur_us,18_387
[2026-09-21T17:46:42.359] Cog0  BM-ACROSS,seq,1_305,leg,4,motor,RIGHT,phase,1,rising,FALSE,hall,1,tick,-88,t_us,12_498,dur_us,18_387
[2026-09-21T17:46:42.360] Cog0  BM-ACROSS,seq,1_306,leg,4,motor,RIGHT,phase,0,rising,TRUE,hall,3,tick,-89,t_us,4_625,dur_us,18_131
[2026-09-21T17:46:42.361] Cog0  BM-ACROSS,seq,1_307,leg,4,motor,RIGHT,phase,2,rising,FALSE,hall,2,tick,-90,t_us,12_731,dur_us,18_683
[2026-09-21T17:46:42.362] Cog0  BM-ACROSS,seq,1_308,leg,4,motor,RIGHT,phase,2,rising,TRUE,hall,2,tick,-90,t_us,12_785,dur_us,18_683
[2026-09-21T17:46:42.363] Cog0  BM-ACROSS,seq,1_309,leg,4,motor,RIGHT,phase,2,rising,FALSE,hall,2,tick,-90,t_us,12_839,dur_us,18_683
[2026-09-21T17:46:42.364] Cog0  BM-ACROSS,seq,1_310,leg,4,motor,RIGHT,phase,1,rising,TRUE,hall,6,tick,-91,t_us,5_459,dur_us,19_307
[2026-09-21T17:46:42.365] Cog0  BM-ACROSS,seq,1_311,leg,4,motor,RIGHT,phase,0,rising,FALSE,hall,4,tick,-92,t_us,12_293,dur_us,17_901
[2026-09-21T17:46:42.367] Cog0  BM-ACROSS,seq,1_312,leg,4,motor,RIGHT,phase,2,rising,TRUE,hall,5,tick,-93,t_us,5_407,dur_us,18_767
[2026-09-21T17:46:42.368] Cog0  BM-ACROSS,seq,1_313,leg,4,motor,RIGHT,phase,1,rising,FALSE,hall,1,tick,-94,t_us,12_731,dur_us,19_469
[2026-09-21T17:46:42.369] Cog0  BM-ACROSS,seq,1_314,leg,4,motor,RIGHT,phase,1,rising,TRUE,hall,1,tick,-94,t_us,13_128,dur_us,19_469
[2026-09-21T17:46:42.370] Cog0  BM-ACROSS,seq,1_315,leg,4,motor,RIGHT,phase,1,rising,FALSE,hall,1,tick,-94,t_us,13_279,dur_us,19_469
[2026-09-21T17:46:42.371] Cog0  BM-ACROSS,seq,1_316,leg,4,motor,RIGHT,phase,0,rising,TRUE,hall,3,tick,-95,t_us,4_919,dur_us,19_253
[2026-09-21T17:46:42.372] Cog0  BM-ACROSS,seq,1_317,leg,4,motor,RIGHT,phase,2,rising,FALSE,hall,2,tick,-96,t_us,13_169,dur_us,19_649
[2026-09-21T17:46:42.373] Cog0  BM-ACROSS,seq,1_318,leg,4,motor,RIGHT,phase,1,rising,TRUE,hall,6,tick,-97,t_us,6_143,dur_us,20_488
[2026-09-21T17:46:42.375] Cog0  BM-ACROSS,seq,1_319,leg,4,motor,RIGHT,phase,1,rising,FALSE,hall,6,tick,-97,t_us,6_246,dur_us,20_488
[2026-09-21T17:46:42.376] Cog0  BM-ACROSS,seq,1_320,leg,4,motor,RIGHT,phase,1,rising,TRUE,hall,6,tick,-97,t_us,6_300,dur_us,20_488
[2026-09-21T17:46:42.377] Cog0  BM-ACROSS,seq,1_321,leg,4,motor,RIGHT,phase,0,rising,FALSE,hall,4,tick,-98,t_us,13_221,dur_us,20_293
[2026-09-21T17:46:42.378] Cog0  BM-ACROSS,seq,1_322,leg,4,motor,RIGHT,phase,2,rising,TRUE,hall,5,tick,-99,t_us,5_162,dur_us,19_214
[2026-09-21T17:46:42.380] Cog0  BM-ACROSS,seq,1_323,leg,4,motor,RIGHT,phase,2,rising,FALSE,hall,5,tick,-99,t_us,5_216,dur_us,19_214
[2026-09-21T17:46:42.380] Cog0  BM-ACROSS,seq,1_324,leg,4,motor,RIGHT,phase,2,rising,TRUE,hall,5,tick,-99,t_us,5_367,dur_us,19_214
[2026-09-21T17:46:42.382] Cog0  BM-ACROSS,seq,1_325,leg,4,motor,RIGHT,phase,1,rising,FALSE,hall,1,tick,-100,t_us,12_782,dur_us,19_281
[2026-09-21T17:46:42.383] Cog0  BM-ACROSS,seq,1_326,leg,4,motor,RIGHT,phase,1,rising,TRUE,hall,1,tick,-100,t_us,13_033,dur_us,19_281
[2026-09-21T17:46:42.384] Cog0  BM-ACROSS,seq,1_327,leg,4,motor,RIGHT,phase,1,rising,FALSE,hall,1,tick,-100,t_us,13_379,dur_us,19_281
[2026-09-21T17:46:42.385] Cog0  BM-ACROSS,seq,1_328,leg,4,motor,RIGHT,phase,0,rising,TRUE,hall,3,tick,-101,t_us,5_360,dur_us,19_402
[2026-09-21T17:46:42.386] Cog0  BM-ACROSS,seq,1_329,leg,4,motor,RIGHT,phase,2,rising,FALSE,hall,2,tick,-102,t_us,11_854,dur_us,17_465
[2026-09-21T17:46:42.387] Cog0  BM-ACROSS,seq,1_330,leg,4,motor,RIGHT,phase,1,rising,TRUE,hall,6,tick,-103,t_us,4_278,dur_us,17_101
[2026-09-21T17:46:42.389] Cog0  BM-ACROSS,seq,1_331,leg,4,motor,RIGHT,phase,0,rising,FALSE,hall,4,tick,-104,t_us,11_854,dur_us,17_273
[2026-09-21T17:46:42.389] Cog0  BM-ACROSS,seq,1_332,leg,4,motor,RIGHT,phase,0,rising,TRUE,hall,4,tick,-104,t_us,11_908,dur_us,17_273
[2026-09-21T17:46:42.391] Cog0  BM-ACROSS,seq,1_333,leg,4,motor,RIGHT,phase,0,rising,FALSE,hall,4,tick,-104,t_us,12_303,dur_us,17_273
[2026-09-21T17:46:42.392] Cog0  BM-ACROSS,seq,1_334,leg,4,motor,RIGHT,phase,2,rising,TRUE,hall,5,tick,-105,t_us,3_300,dur_us,16_660
[2026-09-21T17:46:42.392] Cog0  BM-ACROSS,seq,1_335,leg,4,motor,RIGHT,phase,1,rising,FALSE,hall,1,tick,-106,t_us,10_343,dur_us,15_123
[2026-09-21T17:46:42.394] Cog0  BM-ACROSS,seq,1_336,leg,4,motor,RIGHT,phase,0,rising,TRUE,hall,3,tick,-107,t_us,3_446,dur_us,16_074
[2026-09-21T17:46:42.395] Cog0  BM-ACROSS,seq,1_337,leg,4,motor,RIGHT,phase,2,rising,FALSE,hall,2,tick,-108,t_us,10_830,dur_us,16_202
[2026-09-21T17:46:42.397] Cog0  BM-ACROSS,seq,1_338,leg,4,motor,RIGHT,phase,1,rising,TRUE,hall,6,tick,-109,t_us,2_856,dur_us,15_094
[2026-09-21T17:46:42.398] Cog0  BM-ACROSS,seq,1_339,leg,4,motor,RIGHT,phase,0,rising,FALSE,hall,4,tick,-110,t_us,11_318,dur_us,15_996
[2026-09-21T17:46:42.399] Cog0  BM-ACROSS,seq,1_340,leg,4,motor,RIGHT,phase,2,rising,TRUE,hall,5,tick,-111,t_us,3_494,dur_us,16_621
[2026-09-21T17:46:42.400] Cog0  BM-ACROSS,seq,1_341,leg,4,motor,RIGHT,phase,2,rising,FALSE,hall,5,tick,-111,t_us,3_548,dur_us,16_621
[2026-09-21T17:46:42.401] Cog0  BM-ACROSS,seq,1_342,leg,4,motor,RIGHT,phase,2,rising,TRUE,hall,5,tick,-111,t_us,3_602,dur_us,16_621
[2026-09-21T17:46:42.402] Cog0  BM-ACROSS,seq,1_343,leg,4,motor,RIGHT,phase,1,rising,FALSE,hall,1,tick,-112,t_us,10_150,dur_us,14_837
[2026-09-21T17:46:42.403] Cog0  BM-ACROSS,seq,1_344,leg,4,motor,RIGHT,phase,0,rising,TRUE,hall,3,tick,-113,t_us,3_055,dur_us,15_050
[2026-09-21T17:46:42.405] Cog0  BM-ACROSS,seq,1_345,leg,4,motor,RIGHT,phase,2,rising,FALSE,hall,2,tick,-114,t_us,10_928,dur_us,15_127
[2026-09-21T17:46:42.406] Cog0  BM-ACROSS,seq,1_346,leg,4,motor,RIGHT,phase,1,rising,TRUE,hall,6,tick,-115,t_us,2_269,dur_us,14_459
[2026-09-21T17:46:42.407] Cog0  BM-ACROSS,seq,1_347,leg,4,motor,RIGHT,phase,0,rising,FALSE,hall,4,tick,-116,t_us,9_417,dur_us,13_121
[2026-09-21T17:46:42.408] Cog0  BM-ACROSS,seq,1_348,leg,4,motor,RIGHT,phase,2,rising,TRUE,hall,5,tick,-117,t_us,2_420,dur_us,13_831
[2026-09-21T17:46:42.409] Cog0  BM-ACROSS,seq,1_349,leg,4,motor,RIGHT,phase,1,rising,FALSE,hall,1,tick,-118,t_us,9_514,dur_us,13_567
[2026-09-21T17:46:42.410] Cog0  BM-ACROSS,seq,1_350,leg,4,motor,RIGHT,phase,0,rising,TRUE,hall,3,tick,-119,t_us,1_776,dur_us,12_942
[2026-09-21T17:46:42.411] Cog0  BM-ACROSS,seq,1_351,leg,4,motor,RIGHT,phase,2,rising,FALSE,hall,2,tick,-120,t_us,10_196,dur_us,13_952
[2026-09-21T17:46:42.413] Cog0  BM-ACROSS,seq,1_352,leg,4,motor,RIGHT,phase,1,rising,TRUE,hall,6,tick,-121,t_us,2_369,dur_us,14_365
[2026-09-21T17:46:42.414] Cog0  BM-ACROSS,seq,1_353,leg,4,motor,RIGHT,phase,0,rising,FALSE,hall,4,tick,-122,t_us,9_514,dur_us,13_324
[2026-09-21T17:46:42.415] Cog0  BM-ACROSS,seq,1_354,leg,4,motor,RIGHT,phase,0,rising,TRUE,hall,4,tick,-122,t_us,9_617,dur_us,13_324
[2026-09-21T17:46:42.416] Cog0  BM-ACROSS,seq,1_355,leg,4,motor,RIGHT,phase,0,rising,FALSE,hall,4,tick,-122,t_us,9_817,dur_us,13_324
[2026-09-21T17:46:42.417] Cog0  BM-ACROSS,seq,1_356,leg,4,motor,RIGHT,phase,2,rising,TRUE,hall,5,tick,-123,t_us,2_569,dur_us,14_028
[2026-09-21T17:46:42.418] Cog0  BM-ACROSS,seq,1_357,leg,4,motor,RIGHT,phase,1,rising,FALSE,hall,1,tick,-124,t_us,10_051,dur_us,14_300
[2026-09-21T17:46:42.419] Cog0  BM-ACROSS,seq,1_358,leg,4,motor,RIGHT,phase,0,rising,TRUE,hall,3,tick,-125,t_us,2_168,dur_us,14_359
[2026-09-21T17:46:42.421] Cog0  BM-ACROSS,seq,1_359,leg,4,motor,RIGHT,phase,2,rising,FALSE,hall,2,tick,-126,t_us,9_417,dur_us,13_369
[2026-09-21T17:46:42.422] Cog0  BM-ACROSS,seq,1_360,leg,4,motor,RIGHT,phase,1,rising,TRUE,hall,6,tick,-127,t_us,2_518,dur_us,14_124
[2026-09-21T17:46:42.423] Cog0  BM-ACROSS,seq,1_361,leg,4,motor,RIGHT,phase,0,rising,FALSE,hall,4,tick,-128,t_us,9_855,dur_us,14_004
[2026-09-21T17:46:42.424] Cog0  BM-ACROSS,seq,1_362,leg,4,motor,RIGHT,phase,2,rising,TRUE,hall,5,tick,-129,t_us,2_021,dur_us,12_895
[2026-09-21T17:46:42.425] Cog0  BM-ACROSS,seq,1_363,leg,4,motor,RIGHT,phase,1,rising,FALSE,hall,1,tick,-130,t_us,10_441,dur_us,14_443
[2026-09-21T17:46:42.426] Cog0  BM-ACROSS,seq,1_364,leg,4,motor,RIGHT,phase,0,rising,TRUE,hall,3,tick,-131,t_us,2_318,dur_us,14_654
[2026-09-21T17:46:42.428] Cog0  BM-ACROSS,seq,1_365,leg,4,motor,RIGHT,phase,2,rising,FALSE,hall,2,tick,-132,t_us,9_807,dur_us,13_312
[2026-09-21T17:46:42.429] Cog0  BM-ACROSS,seq,1_366,leg,4,motor,RIGHT,phase,1,rising,TRUE,hall,6,tick,-133,t_us,3_259,dur_us,15_206
[2026-09-21T17:46:42.430] Cog0  BM-ACROSS,seq,1_367,leg,4,motor,RIGHT,phase,0,rising,FALSE,hall,4,tick,-134,t_us,10_587,dur_us,15_429
[2026-09-21T17:46:42.431] Cog0  BM-ACROSS,seq,1_368,leg,4,motor,RIGHT,phase,2,rising,TRUE,hall,5,tick,-135,t_us,2_708,dur_us,14_460
[2026-09-21T17:46:42.432] Cog0  BM-ACROSS,seq,1_369,leg,4,motor,RIGHT,phase,1,rising,FALSE,hall,1,tick,-136,t_us,10_684,dur_us,15_285
[2026-09-21T17:46:42.433] Cog0  BM-ACROSS,seq,1_370,leg,4,motor,RIGHT,phase,1,rising,TRUE,hall,1,tick,-136,t_us,10_738,dur_us,15_285
[2026-09-21T17:46:42.435] Cog0  BM-ACROSS,seq,1_371,leg,4,motor,RIGHT,phase,1,rising,FALSE,hall,1,tick,-136,t_us,10_792,dur_us,15_285
[2026-09-21T17:46:42.436] Cog0  BM-ACROSS,seq,1_372,leg,4,motor,RIGHT,phase,0,rising,TRUE,hall,3,tick,-137,t_us,2_711,dur_us,14_950
[2026-09-21T17:46:42.437] Cog0  BM-ACROSS,seq,1_373,leg,4,motor,RIGHT,phase,2,rising,FALSE,hall,2,tick,-138,t_us,9_856,dur_us,13_163
[2026-09-21T17:46:42.438] Cog0  BM-ACROSS,seq,1_374,leg,4,motor,RIGHT,phase,1,rising,TRUE,hall,6,tick,-139,t_us,3_113,dur_us,13_890
[2026-09-21T17:46:42.439] Cog0  BM-ACROSS,seq,1_375,leg,4,motor,RIGHT,phase,0,rising,FALSE,hall,4,tick,-140,t_us,10_440,dur_us,13_848
[2026-09-21T17:46:42.440] Cog0  BM-ACROSS,seq,1_376,leg,4,motor,RIGHT,phase,2,rising,TRUE,hall,5,tick,-141,t_us,1_973,dur_us,12_311
[2026-09-21T17:46:42.442] Cog0  BM-ACROSS,seq,1_377,leg,4,motor,RIGHT,phase,1,rising,FALSE,hall,1,tick,-142,t_us,9_807,dur_us,12_474
[2026-09-21T17:46:42.443] Cog0  BM-ACROSS,seq,1_378,leg,4,motor,RIGHT,phase,0,rising,TRUE,hall,3,tick,-143,t_us,2_027,dur_us,12_619
[2026-09-21T17:46:42.444] Cog0  BM-ACROSS,seq,1_379,leg,4,motor,RIGHT,phase,0,rising,FALSE,hall,3,tick,-143,t_us,2_081,dur_us,12_619
[2026-09-21T17:46:42.445] Cog0  BM-ACROSS,seq,1_380,leg,4,motor,RIGHT,phase,0,rising,TRUE,hall,3,tick,-143,t_us,2_135,dur_us,12_619
[2026-09-21T17:46:42.446] Cog0  BM-ACROSS,seq,1_381,leg,4,motor,RIGHT,phase,2,rising,FALSE,hall,2,tick,-144,t_us,9_127,dur_us,11_546
[2026-09-21T17:46:42.447] Cog0  BM-ACROSS,seq,1_382,leg,4,motor,RIGHT,phase,1,rising,TRUE,hall,6,tick,-145,t_us,2_077,dur_us,12_123
[2026-09-21T17:46:42.448] Cog0  BM-ACROSS,seq,1_383,leg,4,motor,RIGHT,phase,0,rising,FALSE,hall,4,tick,-146,t_us,9_222,dur_us,11_941
[2026-09-21T17:46:42.450] Cog0  BM-ACROSS,seq,1_384,leg,4,motor,RIGHT,phase,2,rising,TRUE,hall,5,tick,-147,t_us,1_581,dur_us,11_383
[2026-09-21T17:46:42.451] Cog0  BM-ACROSS,seq,1_385,leg,4,motor,RIGHT,phase,1,rising,FALSE,hall,1,tick,-148,t_us,8_686,dur_us,10_860
[2026-09-21T17:46:42.452] Cog0  BM-ACROSS,seq,1_386,leg,4,motor,RIGHT,phase,0,rising,TRUE,hall,3,tick,-149,t_us,1_979,dur_us,11_391
[2026-09-21T17:46:42.453] Cog0  BM-ACROSS,seq,1_387,leg,4,motor,RIGHT,phase,2,rising,FALSE,hall,2,tick,-150,t_us,9_173,dur_us,11_594
[2026-09-21T17:46:42.454] Cog0  BM-ACROSS,seq,1_388,leg,4,motor,RIGHT,phase,1,rising,TRUE,hall,6,tick,-151,t_us,1_535,dur_us,11_044
[2026-09-21T17:46:42.455] Cog0  BM-ACROSS,seq,1_389,leg,4,motor,RIGHT,phase,0,rising,FALSE,hall,4,tick,-152,t_us,9_173,dur_us,11_495
[2026-09-21T17:46:42.456] Cog0  BM-ACROSS,seq,1_390,leg,4,motor,RIGHT,phase,2,rising,TRUE,hall,5,tick,-153,t_us,1_731,dur_us,11_825
[2026-09-21T17:46:42.458] Cog0  BM-ACROSS,seq,1_391,leg,4,motor,RIGHT,phase,1,rising,FALSE,hall,1,tick,-154,t_us,8_978,dur_us,11_546
[2026-09-21T17:46:42.459] Cog0  BM-ACROSS,seq,1_392,leg,4,motor,RIGHT,phase,0,rising,TRUE,hall,3,tick,-155,t_us,2_077,dur_us,12_415
[2026-09-21T17:46:42.460] Cog0  BM-ACROSS,seq,1_393,leg,4,motor,RIGHT,phase,2,rising,FALSE,hall,2,tick,-156,t_us,9_417,dur_us,12_529
[2026-09-21T17:46:42.461] Cog0  BM-ACROSS,seq,1_394,leg,4,motor,RIGHT,phase,1,rising,TRUE,hall,6,tick,-157,t_us,2_027,dur_us,12_511
[2026-09-21T17:46:42.462] Cog0  BM-ACROSS,seq,1_395,leg,4,motor,RIGHT,phase,0,rising,FALSE,hall,4,tick,-158,t_us,9_368,dur_us,12_231
[2026-09-21T17:46:42.463] Cog0  BM-ACROSS,seq,1_396,leg,4,motor,RIGHT,phase,2,rising,TRUE,hall,5,tick,-159,t_us,2_569,dur_us,13_151
[2026-09-21T17:46:42.464] Cog0  BM-ACROSS,seq,1_397,leg,4,motor,RIGHT,phase,1,rising,FALSE,hall,1,tick,-160,t_us,9_856,dur_us,13_363
[2026-09-21T17:46:42.466] Cog0  BM-ACROSS,seq,1_398,leg,4,motor,RIGHT,phase,0,rising,TRUE,hall,3,tick,-161,t_us,2_174,dur_us,13_048
[2026-09-21T17:46:42.467] Cog0  BM-ACROSS,seq,1_399,leg,4,motor,RIGHT,phase,2,rising,FALSE,hall,2,tick,-162,t_us,10_246,dur_us,13_355
[2026-09-21T17:46:42.468] Cog0  BM-ACROSS,seq,1_400,leg,4,motor,RIGHT,phase,1,rising,TRUE,hall,6,tick,-163,t_us,2_620,dur_us,13_689
[2026-09-21T17:46:42.469] Cog0  BM-ACROSS,seq,1_401,leg,4,motor,RIGHT,phase,0,rising,FALSE,hall,4,tick,-164,t_us,10_099,dur_us,13_208
[2026-09-21T17:46:42.470] Cog0  BM-ACROSS,seq,1_402,leg,4,motor,RIGHT,phase,2,rising,TRUE,hall,5,tick,-165,t_us,2_666,dur_us,13_784
[2026-09-21T17:46:42.472] Cog0  BM-ACROSS,seq,1_403,leg,4,motor,RIGHT,phase,1,rising,FALSE,hall,1,tick,-166,t_us,9_856,dur_us,13_413
[2026-09-21T17:46:42.472] Cog0  BM-ACROSS,seq,1_404,leg,4,motor,RIGHT,phase,0,rising,TRUE,hall,3,tick,-167,t_us,2_468,dur_us,13_488
[2026-09-21T17:46:42.474] Cog0  BM-ACROSS,seq,1_405,leg,4,motor,RIGHT,phase,2,rising,FALSE,hall,2,tick,-168,t_us,9_904,dur_us,13_462
[2026-09-21T17:46:42.475] Cog0  BM-ACROSS,seq,1_406,leg,4,motor,RIGHT,phase,1,rising,TRUE,hall,6,tick,-169,t_us,2_270,dur_us,13_144
[2026-09-21T17:46:42.476] Cog0  BM-ACROSS,seq,1_407,leg,4,motor,RIGHT,phase,0,rising,FALSE,hall,4,tick,-170,t_us,10_148,dur_us,13_605
[2026-09-21T17:46:42.477] Cog0  BM-ACROSS,seq,1_408,leg,4,motor,RIGHT,phase,2,rising,TRUE,hall,5,tick,-171,t_us,2_270,dur_us,13_534
[2026-09-21T17:46:42.478] Cog0  BM-ACROSS,seq,1_409,leg,4,motor,RIGHT,phase,1,rising,FALSE,hall,1,tick,-172,t_us,9_417,dur_us,12_676
[2026-09-21T17:46:42.480] Cog0  BM-ACROSS,seq,1_410,leg,4,motor,RIGHT,phase,0,rising,TRUE,hall,3,tick,-173,t_us,2_422,dur_us,13_393
[2026-09-21T17:46:42.481] Cog0  BM-ACROSS,seq,1_411,leg,4,motor,RIGHT,phase,2,rising,FALSE,hall,2,tick,-174,t_us,9_856,dur_us,13_413
[2026-09-21T17:46:42.482] Cog0  BM-ACROSS,seq,1_412,leg,4,motor,RIGHT,phase,1,rising,TRUE,hall,6,tick,-175,t_us,2_025,dur_us,13_240
[2026-09-21T17:46:42.483] Cog0  BM-ACROSS,seq,1_413,leg,4,motor,RIGHT,phase,0,rising,FALSE,hall,4,tick,-176,t_us,9_904,dur_us,13_558
[2026-09-21T17:46:42.484] Cog0  BM-ACROSS,seq,1_414,leg,4,motor,RIGHT,phase,2,rising,TRUE,hall,5,tick,-177,t_us,2_566,dur_us,13_879
[2026-09-21T17:46:42.485] Cog0  BM-ACROSS,seq,1_415,leg,4,motor,RIGHT,phase,1,rising,FALSE,hall,1,tick,-178,t_us,10_294,dur_us,14_395
[2026-09-21T17:46:42.486] Cog0  BM-ACROSS,seq,1_416,leg,4,motor,RIGHT,phase,0,rising,TRUE,hall,3,tick,-179,t_us,2_465,dur_us,14_412
[2026-09-21T17:46:42.488] Cog0  BM-ACROSS,seq,1_417,leg,4,motor,RIGHT,phase,2,rising,FALSE,hall,2,tick,-180,t_us,11_025,dur_us,15_171
[2026-09-21T17:46:42.489] Cog0  BM-ACROSS,seq,1_418,leg,4,motor,RIGHT,phase,1,rising,TRUE,hall,6,tick,-181,t_us,3_454,dur_us,15_936
[2026-09-21T17:46:42.490] Cog0  BM-ACROSS,seq,1_419,leg,4,motor,RIGHT,phase,0,rising,FALSE,hall,4,tick,-182,t_us,10_489,dur_us,14_885
[2026-09-21T17:46:42.491] Cog0  BM-ACROSS,seq,1_420,leg,4,motor,RIGHT,phase,0,rising,TRUE,hall,4,tick,-182,t_us,10_690,dur_us,14_885
[2026-09-21T17:46:42.492] Cog0  BM-ACROSS,seq,1_421,leg,4,motor,RIGHT,phase,0,rising,FALSE,hall,4,tick,-182,t_us,10_842,dur_us,14_885
[2026-09-21T17:46:42.493] Cog0  BM-ACROSS,seq,1_422,leg,4,motor,RIGHT,phase,2,rising,TRUE,hall,5,tick,-183,t_us,3_403,dur_us,15_593
[2026-09-21T17:46:42.494] Cog0  BM-ACROSS,seq,1_423,leg,4,motor,RIGHT,phase,1,rising,FALSE,hall,1,tick,-184,t_us,11_074,dur_us,16_051
[2026-09-21T17:46:42.496] Cog0  BM-ACROSS,seq,1_424,leg,4,motor,RIGHT,phase,0,rising,TRUE,hall,3,tick,-185,t_us,3_100,dur_us,15_631
[2026-09-21T17:46:42.497] Cog0  BM-ACROSS,seq,1_425,leg,4,motor,RIGHT,phase,2,rising,FALSE,hall,2,tick,-186,t_us,10_830,dur_us,15_560
[2026-09-21T17:46:42.498] Cog0  BM-ACROSS,seq,1_426,leg,4,motor,RIGHT,phase,1,rising,TRUE,hall,6,tick,-187,t_us,3_592,dur_us,16_074
[2026-09-21T17:46:42.499] Cog0  BM-ACROSS,seq,1_427,leg,4,motor,RIGHT,phase,0,rising,FALSE,hall,4,tick,-188,t_us,10_977,dur_us,16_155
[2026-09-21T17:46:42.500] Cog0  BM-ACROSS,seq,1_428,leg,4,motor,RIGHT,phase,0,rising,TRUE,hall,4,tick,-188,t_us,11_080,dur_us,16_155
[2026-09-21T17:46:42.501] Cog0  BM-ACROSS,seq,1_429,leg,4,motor,RIGHT,phase,0,rising,FALSE,hall,4,tick,-188,t_us,11_280,dur_us,16_155
[2026-09-21T17:46:42.503] Cog0  BM-ACROSS,seq,1_430,leg,4,motor,RIGHT,phase,2,rising,TRUE,hall,5,tick,-189,t_us,3_496,dur_us,15_832
[2026-09-21T17:46:42.504] Cog0  BM-ACROSS,seq,1_431,leg,4,motor,RIGHT,phase,1,rising,FALSE,hall,1,tick,-190,t_us,11_610,dur_us,16_681
[2026-09-21T17:46:42.505] Cog0  BM-ACROSS,seq,1_432,leg,4,motor,RIGHT,phase,0,rising,TRUE,hall,3,tick,-191,t_us,4_376,dur_us,17_883
[2026-09-21T17:46:42.506] Cog0  BM-ACROSS,seq,1_433,leg,4,motor,RIGHT,phase,2,rising,FALSE,hall,2,tick,-192,t_us,11_512,dur_us,16_985
[2026-09-21T17:46:42.507] Cog0  BM-ACROSS,seq,1_434,leg,4,motor,RIGHT,phase,2,rising,TRUE,hall,2,tick,-192,t_us,11_663,dur_us,16_985
[2026-09-21T17:46:42.508] Cog0  BM-ACROSS,seq,1_435,leg,4,motor,RIGHT,phase,2,rising,FALSE,hall,2,tick,-192,t_us,11_863,dur_us,16_985
[2026-09-21T17:46:42.509] Cog0  BM-ACROSS,seq,1_436,leg,4,motor,RIGHT,phase,1,rising,TRUE,hall,6,tick,-193,t_us,4_187,dur_us,16_875
[2026-09-21T17:46:42.511] Cog0  BM-ACROSS,seq,1_437,leg,4,motor,RIGHT,phase,1,rising,FALSE,hall,6,tick,-193,t_us,4_241,dur_us,16_875
[2026-09-21T17:46:42.512] Cog0  BM-ACROSS,seq,1_438,leg,4,motor,RIGHT,phase,1,rising,TRUE,hall,6,tick,-193,t_us,4_344,dur_us,16_875
[2026-09-21T17:46:42.513] Cog0  BM-ACROSS,seq,1_439,leg,4,motor,RIGHT,phase,0,rising,FALSE,hall,4,tick,-194,t_us,11_759,dur_us,16_781
[2026-09-21T17:46:42.514] Cog0  BM-ACROSS,seq,1_440,leg,4,motor,RIGHT,phase,2,rising,TRUE,hall,5,tick,-195,t_us,3_052,dur_us,15_681
[2026-09-21T17:46:42.515] Cog0  BM-ACROSS,seq,1_441,leg,4,motor,RIGHT,phase,1,rising,FALSE,hall,1,tick,-196,t_us,9_709,dur_us,13_758
[2026-09-21T17:46:42.516] Cog0  BM-ACROSS,seq,1_442,leg,4,motor,RIGHT,phase,0,rising,TRUE,hall,3,tick,-197,t_us,2_714,dur_us,14_319
[2026-09-21T17:46:42.518] Cog0  BM-ACROSS,seq,1_443,leg,4,motor,RIGHT,phase,2,rising,FALSE,hall,2,tick,-198,t_us,10_197,dur_us,14_447
[2026-09-21T17:46:42.519] Cog0  BM-ACROSS,seq,1_444,leg,4,motor,RIGHT,phase,1,rising,TRUE,hall,6,tick,-199,t_us,2_120,dur_us,13_579
[2026-09-21T17:46:42.520] Cog0  BM-ACROSS,seq,1_445,leg,4,motor,RIGHT,phase,0,rising,FALSE,hall,4,tick,-200,t_us,10_489,dur_us,14_634
[2026-09-21T17:46:42.521] Cog0  BM-ACROSS,seq,1_446,leg,4,motor,RIGHT,phase,2,rising,TRUE,hall,5,tick,-201,t_us,3_107,dur_us,15_882
[2026-09-21T17:46:42.522] Cog0  BM-ACROSS,seq,1_447,leg,4,motor,RIGHT,phase,1,rising,FALSE,hall,1,tick,-202,t_us,10_245,dur_us,14_982
[2026-09-21T17:46:42.523] Cog0  BM-ACROSS,seq,1_448,leg,4,motor,RIGHT,phase,0,rising,TRUE,hall,3,tick,-203,t_us,3_546,dur_us,16_175
[2026-09-21T17:46:42.525] Cog0  BM-ACROSS,seq,1_449,leg,4,motor,RIGHT,phase,2,rising,FALSE,hall,2,tick,-204,t_us,11_805,dur_us,17_367
[2026-09-21T17:46:42.526] Cog0  BM-ACROSS,seq,1_450,leg,4,motor,RIGHT,phase,1,rising,TRUE,hall,6,tick,-205,t_us,3_591,dur_us,17_292
[2026-09-21T17:46:42.527] Cog0  BM-ACROSS,seq,1_451,leg,4,motor,RIGHT,phase,0,rising,FALSE,hall,4,tick,-206,t_us,11_025,dur_us,16_291
[2026-09-21T17:46:42.528] Cog0  BM-ACROSS,seq,1_452,leg,4,motor,RIGHT,phase,0,rising,TRUE,hall,4,tick,-206,t_us,11_128,dur_us,16_291
[2026-09-21T17:46:42.530] Cog0  BM-ACROSS,seq,1_453,leg,4,motor,RIGHT,phase,0,rising,FALSE,hall,4,tick,-206,t_us,11_377,dur_us,16_291
[2026-09-21T17:46:42.546] Cog0  BM-ALEG,seq,1_454,leg,4,motor,RIGHT,speed,SLOW,ask_dir,FORWARD,meas_dir,REVERSE,ticks,-270,span_ms,4_050,edge_s_x10,666,samples,220_967,sectors,269,samp_sect,222,cross,288,unusable,0,dropped,71,clip,86_669,peak_i_mV,5,bias_still,TRUE,outcome,CLIPPED
[2026-09-21T17:46:43.183] Cog0  BM-AGUIDE,seq,1_455,leg,5,motor,RIGHT,ask_dir,REVERSE,speed,SLOW,turns,3,ticks,270,bias_still,TRUE,bias_u_mV,55,bias_v_mV,52,bias_w_mV,53,bias_tries,1
[2026-09-21T17:46:43.199] Cog0  TURN RIGHT WHEEL REVERSE, SLOW -- keep turning until output resumes
[2026-09-21T17:46:49.007] Cog0  BM-ACROSS,seq,1_456,leg,5,motor,RIGHT,phase,0,rising,FALSE,hall,4,tick,1,t_us,19_647,dur_us,36_188
[2026-09-21T17:46:49.008] Cog0  BM-ACROSS,seq,1_457,leg,5,motor,RIGHT,phase,0,rising,TRUE,hall,4,tick,1,t_us,19_799,dur_us,36_188
[2026-09-21T17:46:49.009] Cog0  BM-ACROSS,seq,1_458,leg,5,motor,RIGHT,phase,0,rising,FALSE,hall,4,tick,1,t_us,20_875,dur_us,36_188
[2026-09-21T17:46:49.010] Cog0  BM-ACROSS,seq,1_459,leg,5,motor,RIGHT,phase,0,rising,TRUE,hall,4,tick,1,t_us,20_978,dur_us,36_188
[2026-09-21T17:46:49.011] Cog0  BM-ACROSS,seq,1_460,leg,5,motor,RIGHT,phase,0,rising,FALSE,hall,4,tick,1,t_us,21_080,dur_us,36_188
[2026-09-21T17:46:49.013] Cog0  BM-ACROSS,seq,1_461,leg,5,motor,RIGHT,phase,0,rising,TRUE,hall,4,tick,1,t_us,22_065,dur_us,36_188
[2026-09-21T17:46:49.014] Cog0  BM-ACROSS,seq,1_462,leg,5,motor,RIGHT,phase,0,rising,FALSE,hall,4,tick,1,t_us,22_507,dur_us,36_188
[2026-09-21T17:46:49.015] Cog0  BM-ACROSS,seq,1_463,leg,5,motor,RIGHT,phase,1,rising,TRUE,hall,6,tick,2,t_us,17_410,dur_us,30_331
[2026-09-21T17:46:49.016] Cog0  BM-ACROSS,seq,1_464,leg,5,motor,RIGHT,phase,2,rising,FALSE,hall,2,tick,3,t_us,17_654,dur_us,25_870
[2026-09-21T17:46:49.017] Cog0  BM-ACROSS,seq,1_465,leg,5,motor,RIGHT,phase,2,rising,TRUE,hall,2,tick,3,t_us,17_708,dur_us,25_870
[2026-09-21T17:46:49.018] Cog0  BM-ACROSS,seq,1_466,leg,5,motor,RIGHT,phase,2,rising,FALSE,hall,2,tick,3,t_us,17_762,dur_us,25_870
[2026-09-21T17:46:49.019] Cog0  BM-ACROSS,seq,1_467,leg,5,motor,RIGHT,phase,2,rising,TRUE,hall,2,tick,3,t_us,18_550,dur_us,25_870
[2026-09-21T17:46:49.021] Cog0  BM-ACROSS,seq,1_468,leg,5,motor,RIGHT,phase,2,rising,FALSE,hall,2,tick,3,t_us,18_653,dur_us,25_870
[2026-09-21T17:46:49.022] Cog0  BM-ACROSS,seq,1_469,leg,5,motor,RIGHT,phase,0,rising,TRUE,hall,3,tick,4,t_us,9_249,dur_us,21_244
[2026-09-21T17:46:49.023] Cog0  BM-ACROSS,seq,1_470,leg,5,motor,RIGHT,phase,1,rising,FALSE,hall,1,tick,5,t_us,15_168,dur_us,18_411
[2026-09-21T17:46:49.024] Cog0  BM-ACROSS,seq,1_471,leg,5,motor,RIGHT,phase,2,rising,TRUE,hall,5,tick,6,t_us,7_677,dur_us,19_039
[2026-09-21T17:46:49.025] Cog0  BM-ACROSS,seq,1_472,leg,5,motor,RIGHT,phase,0,rising,FALSE,hall,4,tick,7,t_us,13_218,dur_us,16_960
[2026-09-21T17:46:49.026] Cog0  BM-ACROSS,seq,1_473,leg,5,motor,RIGHT,phase,0,rising,TRUE,hall,4,tick,7,t_us,13_468,dur_us,16_960
[2026-09-21T17:46:49.027] Cog0  BM-ACROSS,seq,1_474,leg,5,motor,RIGHT,phase,0,rising,FALSE,hall,4,tick,7,t_us,13_667,dur_us,16_960
[2026-09-21T17:46:49.028] Cog0  BM-ACROSS,seq,1_475,leg,5,motor,RIGHT,phase,1,rising,TRUE,hall,6,tick,8,t_us,4_940,dur_us,15_239
[2026-09-21T17:46:49.029] Cog0  BM-ACROSS,seq,1_476,leg,5,motor,RIGHT,phase,1,rising,FALSE,hall,6,tick,8,t_us,4_993,dur_us,15_239
[2026-09-21T17:46:49.031] Cog0  BM-ACROSS,seq,1_477,leg,5,motor,RIGHT,phase,1,rising,TRUE,hall,6,tick,8,t_us,5_096,dur_us,15_239
[2026-09-21T17:46:49.032] Cog0  BM-ACROSS,seq,1_478,leg,5,motor,RIGHT,phase,2,rising,FALSE,hall,2,tick,9,t_us,12_588,dur_us,15_544
[2026-09-21T17:46:49.033] Cog0  BM-ACROSS,seq,1_479,leg,5,motor,RIGHT,phase,2,rising,TRUE,hall,2,tick,9,t_us,12_642,dur_us,15_544
[2026-09-21T17:46:49.034] Cog0  BM-ACROSS,seq,1_480,leg,5,motor,RIGHT,phase,2,rising,FALSE,hall,2,tick,9,t_us,12_987,dur_us,15_544
[2026-09-21T17:46:49.035] Cog0  BM-ACROSS,seq,1_481,leg,5,motor,RIGHT,phase,0,rising,TRUE,hall,3,tick,10,t_us,4_550,dur_us,14_596
[2026-09-21T17:46:49.036] Cog0  BM-ACROSS,seq,1_482,leg,5,motor,RIGHT,phase,1,rising,FALSE,hall,1,tick,11,t_us,11_512,dur_us,13_137
[2026-09-21T17:46:49.037] Cog0  BM-ACROSS,seq,1_483,leg,5,motor,RIGHT,phase,2,rising,TRUE,hall,5,tick,12,t_us,4_501,dur_us,13_621
[2026-09-21T17:46:49.039] Cog0  BM-ACROSS,seq,1_484,leg,5,motor,RIGHT,phase,0,rising,FALSE,hall,4,tick,13,t_us,11_415,dur_us,13_383
[2026-09-21T17:46:49.039] Cog0  BM-ACROSS,seq,1_485,leg,5,motor,RIGHT,phase,1,rising,TRUE,hall,6,tick,14,t_us,3_120,dur_us,12_337
[2026-09-21T17:46:49.041] Cog0  BM-ACROSS,seq,1_486,leg,5,motor,RIGHT,phase,2,rising,FALSE,hall,2,tick,15,t_us,10_635,dur_us,11_671
[2026-09-21T17:46:49.042] Cog0  BM-ACROSS,seq,1_487,leg,5,motor,RIGHT,phase,0,rising,TRUE,hall,3,tick,16,t_us,3_512,dur_us,12_388
[2026-09-21T17:46:49.043] Cog0  BM-ACROSS,seq,1_488,leg,5,motor,RIGHT,phase,1,rising,FALSE,hall,1,tick,17,t_us,9_856,dur_us,11_481
[2026-09-21T17:46:49.044] Cog0  BM-ACROSS,seq,1_489,leg,5,motor,RIGHT,phase,2,rising,TRUE,hall,5,tick,18,t_us,2_722,dur_us,11_013
[2026-09-21T17:46:49.045] Cog0  BM-ACROSS,seq,1_490,leg,5,motor,RIGHT,phase,0,rising,FALSE,hall,4,tick,19,t_us,10_050,dur_us,11_380
[2026-09-21T17:46:49.047] Cog0  BM-ACROSS,seq,1_491,leg,5,motor,RIGHT,phase,1,rising,TRUE,hall,6,tick,20,t_us,2_674,dur_us,11_063
[2026-09-21T17:46:49.048] Cog0  BM-ACROSS,seq,1_492,leg,5,motor,RIGHT,phase,2,rising,FALSE,hall,2,tick,21,t_us,9_710,dur_us,10_990
[2026-09-21T17:46:49.049] Cog0  BM-ACROSS,seq,1_493,leg,5,motor,RIGHT,phase,0,rising,TRUE,hall,3,tick,22,t_us,2_870,dur_us,11_014
[2026-09-21T17:46:49.050] Cog0  BM-ACROSS,seq,1_494,leg,5,motor,RIGHT,phase,1,rising,FALSE,hall,1,tick,23,t_us,10_002,dur_us,11_430
[2026-09-21T17:46:49.051] Cog0  BM-ACROSS,seq,1_495,leg,5,motor,RIGHT,phase,2,rising,TRUE,hall,5,tick,24,t_us,2_626,dur_us,11_307
[2026-09-21T17:46:49.052] Cog0  BM-ACROSS,seq,1_496,leg,5,motor,RIGHT,phase,0,rising,FALSE,hall,4,tick,25,t_us,9_953,dur_us,11_037
[2026-09-21T17:46:49.053] Cog0  BM-ACROSS,seq,1_497,leg,5,motor,RIGHT,phase,1,rising,TRUE,hall,6,tick,26,t_us,3_215,dur_us,12_139
[2026-09-21T17:46:49.055] Cog0  BM-ACROSS,seq,1_498,leg,5,motor,RIGHT,phase,2,rising,FALSE,hall,2,tick,27,t_us,10_148,dur_us,11_871
[2026-09-21T17:46:49.055] Cog0  BM-ACROSS,seq,1_499,leg,5,motor,RIGHT,phase,0,rising,TRUE,hall,3,tick,28,t_us,3_066,dur_us,12_137
[2026-09-21T17:46:49.057] Cog0  BM-ACROSS,seq,1_500,leg,5,motor,RIGHT,phase,1,rising,FALSE,hall,1,tick,29,t_us,10_830,dur_us,12_700
[2026-09-21T17:46:49.058] Cog0  BM-ACROSS,seq,1_501,leg,5,motor,RIGHT,phase,2,rising,TRUE,hall,5,tick,30,t_us,3_711,dur_us,13_025
[2026-09-21T17:46:49.059] Cog0  BM-ACROSS,seq,1_502,leg,5,motor,RIGHT,phase,0,rising,FALSE,hall,4,tick,31,t_us,11_366,dur_us,13_777
[2026-09-21T17:46:49.060] Cog0  BM-ACROSS,seq,1_503,leg,5,motor,RIGHT,phase,1,rising,TRUE,hall,6,tick,32,t_us,4_303,dur_us,14_202
[2026-09-21T17:46:49.061] Cog0  BM-ACROSS,seq,1_504,leg,5,motor,RIGHT,phase,2,rising,FALSE,hall,2,tick,33,t_us,12_244,dur_us,15_343
[2026-09-21T17:46:49.062] Cog0  BM-ACROSS,seq,1_505,leg,5,motor,RIGHT,phase,0,rising,TRUE,hall,3,tick,34,t_us,4_938,dur_us,15_958
[2026-09-21T17:46:49.063] Cog0  BM-ACROSS,seq,1_506,leg,5,motor,RIGHT,phase,1,rising,FALSE,hall,1,tick,35,t_us,12_585,dur_us,15_385
[2026-09-21T17:46:49.065] Cog0  BM-ACROSS,seq,1_507,leg,5,motor,RIGHT,phase,2,rising,TRUE,hall,5,tick,36,t_us,5_572,dur_us,16_300
[2026-09-21T17:46:49.066] Cog0  BM-ACROSS,seq,1_508,leg,5,motor,RIGHT,phase,0,rising,FALSE,hall,4,tick,37,t_us,12_584,dur_us,15_877
[2026-09-21T17:46:49.067] Cog0  BM-ACROSS,seq,1_509,leg,5,motor,RIGHT,phase,1,rising,TRUE,hall,6,tick,38,t_us,4_151,dur_us,14_694
[2026-09-21T17:46:49.068] Cog0  BM-ACROSS,seq,1_510,leg,5,motor,RIGHT,phase,1,rising,FALSE,hall,6,tick,38,t_us,4_204,dur_us,14_694
[2026-09-21T17:46:49.069] Cog0  BM-ACROSS,seq,1_511,leg,5,motor,RIGHT,phase,1,rising,TRUE,hall,6,tick,38,t_us,4_307,dur_us,14_694
[2026-09-21T17:46:49.070] Cog0  BM-ACROSS,seq,1_512,leg,5,motor,RIGHT,phase,2,rising,FALSE,hall,2,tick,39,t_us,12_246,dur_us,14_806
[2026-09-21T17:46:49.071] Cog0  BM-ACROSS,seq,1_513,leg,5,motor,RIGHT,phase,0,rising,TRUE,hall,3,tick,40,t_us,4_692,dur_us,15_030
[2026-09-21T17:46:49.073] Cog0  BM-ACROSS,seq,1_514,leg,5,motor,RIGHT,phase,1,rising,FALSE,hall,1,tick,41,t_us,12_195,dur_us,15_392
[2026-09-21T17:46:49.074] Cog0  BM-ACROSS,seq,1_515,leg,5,motor,RIGHT,phase,2,rising,TRUE,hall,5,tick,42,t_us,5_431,dur_us,16_597
[2026-09-21T17:46:49.075] Cog0  BM-ACROSS,seq,1_516,leg,5,motor,RIGHT,phase,0,rising,FALSE,hall,4,tick,43,t_us,12_438,dur_us,16_277
[2026-09-21T17:46:49.076] Cog0  BM-ACROSS,seq,1_517,leg,5,motor,RIGHT,phase,0,rising,TRUE,hall,4,tick,43,t_us,12_541,dur_us,16_277
[2026-09-21T17:46:49.077] Cog0  BM-ACROSS,seq,1_518,leg,5,motor,RIGHT,phase,0,rising,FALSE,hall,4,tick,43,t_us,12_838,dur_us,16_277
[2026-09-21T17:46:49.078] Cog0  BM-ACROSS,seq,1_519,leg,5,motor,RIGHT,phase,1,rising,TRUE,hall,6,tick,44,t_us,5_236,dur_us,16_402
[2026-09-21T17:46:49.079] Cog0  BM-ACROSS,seq,1_520,leg,5,motor,RIGHT,phase,2,rising,FALSE,hall,2,tick,45,t_us,12_634,dur_us,15_584
[2026-09-21T17:46:49.081] Cog0  BM-ACROSS,seq,1_521,leg,5,motor,RIGHT,phase,0,rising,TRUE,hall,3,tick,46,t_us,4_488,dur_us,14_973
[2026-09-21T17:46:49.082] Cog0  BM-ACROSS,seq,1_522,leg,5,motor,RIGHT,phase,1,rising,FALSE,hall,1,tick,47,t_us,11_805,dur_us,15_014
[2026-09-21T17:46:49.083] Cog0  BM-ACROSS,seq,1_523,leg,5,motor,RIGHT,phase,1,rising,TRUE,hall,1,tick,47,t_us,11_908,dur_us,15_014
[2026-09-21T17:46:49.084] Cog0  BM-ACROSS,seq,1_524,leg,5,motor,RIGHT,phase,1,rising,FALSE,hall,1,tick,47,t_us,12_059,dur_us,15_014
[2026-09-21T17:46:49.085] Cog0  BM-ACROSS,seq,1_525,leg,5,motor,RIGHT,phase,2,rising,TRUE,hall,5,tick,48,t_us,4_056,dur_us,15_076
[2026-09-21T17:46:49.086] Cog0  BM-ACROSS,seq,1_526,leg,5,motor,RIGHT,phase,0,rising,FALSE,hall,4,tick,49,t_us,11_512,dur_us,14_218
[2026-09-21T17:46:49.087] Cog0  BM-ACROSS,seq,1_527,leg,5,motor,RIGHT,phase,1,rising,TRUE,hall,6,tick,50,t_us,4_699,dur_us,15_037
[2026-09-21T17:46:49.088] Cog0  BM-ACROSS,seq,1_528,leg,5,motor,RIGHT,phase,2,rising,FALSE,hall,2,tick,51,t_us,12_097,dur_us,15_247
[2026-09-21T17:46:49.090] Cog0  BM-ACROSS,seq,1_529,leg,5,motor,RIGHT,phase,0,rising,TRUE,hall,3,tick,52,t_us,4_694,dur_us,15_617
[2026-09-21T17:46:49.091] Cog0  BM-ACROSS,seq,1_530,leg,5,motor,RIGHT,phase,1,rising,FALSE,hall,1,tick,53,t_us,12_049,dur_us,15_295
[2026-09-21T17:46:49.092] Cog0  BM-ACROSS,seq,1_531,leg,5,motor,RIGHT,phase,2,rising,TRUE,hall,5,tick,54,t_us,4_795,dur_us,15_718
[2026-09-21T17:46:49.093] Cog0  BM-ACROSS,seq,1_532,leg,5,motor,RIGHT,phase,0,rising,FALSE,hall,4,tick,55,t_us,12_731,dur_us,15_925
[2026-09-21T17:46:49.094] Cog0  BM-ACROSS,seq,1_533,leg,5,motor,RIGHT,phase,1,rising,TRUE,hall,6,tick,56,t_us,4_841,dur_us,15_667
[2026-09-21T17:46:49.095] Cog0  BM-ACROSS,seq,1_534,leg,5,motor,RIGHT,phase,2,rising,FALSE,hall,2,tick,57,t_us,12_585,dur_us,16_319
[2026-09-21T17:46:49.096] Cog0  BM-ACROSS,seq,1_535,leg,5,motor,RIGHT,phase,0,rising,TRUE,hall,3,tick,58,t_us,4_639,dur_us,16_196
[2026-09-21T17:46:49.098] Cog0  BM-ACROSS,seq,1_536,leg,5,motor,RIGHT,phase,1,rising,FALSE,hall,1,tick,59,t_us,11_756,dur_us,15_148
[2026-09-21T17:46:49.099] Cog0  BM-ACROSS,seq,1_537,leg,5,motor,RIGHT,phase,2,rising,TRUE,hall,5,tick,60,t_us,5_084,dur_us,15_568
[2026-09-21T17:46:49.100] Cog0  BM-ACROSS,seq,1_538,leg,5,motor,RIGHT,phase,0,rising,FALSE,hall,4,tick,61,t_us,12_682,dur_us,15_925
[2026-09-21T17:46:49.101] Cog0  BM-ACROSS,seq,1_539,leg,5,motor,RIGHT,phase,1,rising,TRUE,hall,6,tick,62,t_us,4_644,dur_us,15_275
[2026-09-21T17:46:49.102] Cog0  BM-ACROSS,seq,1_540,leg,5,motor,RIGHT,phase,2,rising,FALSE,hall,2,tick,63,t_us,11_756,dur_us,14_018
[2026-09-21T17:46:49.103] Cog0  BM-ACROSS,seq,1_541,leg,5,motor,RIGHT,phase,0,rising,TRUE,hall,3,tick,64,t_us,4_303,dur_us,14_445
[2026-09-21T17:46:49.104] Cog0  BM-ACROSS,seq,1_542,leg,5,motor,RIGHT,phase,1,rising,FALSE,hall,1,tick,65,t_us,11_220,dur_us,13_587
[2026-09-21T17:46:49.106] Cog0  BM-ACROSS,seq,1_543,leg,5,motor,RIGHT,phase,2,rising,TRUE,hall,5,tick,66,t_us,3_364,dur_us,12_630
[2026-09-21T17:46:49.107] Cog0  BM-ACROSS,seq,1_544,leg,5,motor,RIGHT,phase,0,rising,FALSE,hall,4,tick,67,t_us,11_171,dur_us,13_339
[2026-09-21T17:46:49.108] Cog0  BM-ACROSS,seq,1_545,leg,5,motor,RIGHT,phase,1,rising,TRUE,hall,6,tick,68,t_us,2_920,dur_us,12_770
[2026-09-21T17:46:49.109] Cog0  BM-ACROSS,seq,1_546,leg,5,motor,RIGHT,phase,2,rising,FALSE,hall,2,tick,69,t_us,9_953,dur_us,11_479
[2026-09-21T17:46:49.110] Cog0  BM-ACROSS,seq,1_547,leg,5,motor,RIGHT,phase,0,rising,TRUE,hall,3,tick,70,t_us,3_610,dur_us,12_535
[2026-09-21T17:46:49.111] Cog0  BM-ACROSS,seq,1_548,leg,5,motor,RIGHT,phase,1,rising,FALSE,hall,1,tick,71,t_us,10_587,dur_us,12_657
[2026-09-21T17:46:49.112] Cog0  BM-ACROSS,seq,1_549,leg,5,motor,RIGHT,phase,2,rising,TRUE,hall,5,tick,72,t_us,3_118,dur_us,11_799
[2026-09-21T17:46:49.114] Cog0  BM-ACROSS,seq,1_550,leg,5,motor,RIGHT,phase,0,rising,FALSE,hall,4,tick,73,t_us,11_269,dur_us,13_041
[2026-09-21T17:46:49.114] Cog0  BM-ACROSS,seq,1_551,leg,5,motor,RIGHT,phase,1,rising,TRUE,hall,6,tick,74,t_us,3_465,dur_us,13_267
[2026-09-21T17:46:49.116] Cog0  BM-ACROSS,seq,1_552,leg,5,motor,RIGHT,phase,2,rising,FALSE,hall,2,tick,75,t_us,10_831,dur_us,12_013
[2026-09-21T17:46:49.117] Cog0  BM-ACROSS,seq,1_553,leg,5,motor,RIGHT,phase,0,rising,TRUE,hall,3,tick,76,t_us,4_494,dur_us,13_955
[2026-09-21T17:46:49.118] Cog0  BM-ACROSS,seq,1_554,leg,5,motor,RIGHT,phase,1,rising,FALSE,hall,1,tick,77,t_us,11_269,dur_us,14_030
[2026-09-21T17:46:49.119] Cog0  BM-ACROSS,seq,1_555,leg,5,motor,RIGHT,phase,2,rising,TRUE,hall,5,tick,78,t_us,3_265,dur_us,12_628
[2026-09-21T17:46:49.120] Cog0  BM-ACROSS,seq,1_556,leg,5,motor,RIGHT,phase,0,rising,FALSE,hall,4,tick,79,t_us,12_049,dur_us,13_869
[2026-09-21T17:46:49.122] Cog0  BM-ACROSS,seq,1_557,leg,5,motor,RIGHT,phase,1,rising,TRUE,hall,6,tick,80,t_us,4_302,dur_us,13_909
[2026-09-21T17:46:49.122] Cog0  BM-ACROSS,seq,1_558,leg,5,motor,RIGHT,phase,2,rising,FALSE,hall,2,tick,81,t_us,11_415,dur_us,12_892
[2026-09-21T17:46:49.124] Cog0  BM-ACROSS,seq,1_559,leg,5,motor,RIGHT,phase,0,rising,TRUE,hall,3,tick,82,t_us,4_594,dur_us,13_665
[2026-09-21T17:46:49.125] Cog0  BM-ACROSS,seq,1_560,leg,5,motor,RIGHT,phase,1,rising,FALSE,hall,1,tick,83,t_us,11_659,dur_us,13_529
[2026-09-21T17:46:49.126] Cog0  BM-ACROSS,seq,1_561,leg,5,motor,RIGHT,phase,2,rising,TRUE,hall,5,tick,84,t_us,3_712,dur_us,13_075
[2026-09-21T17:46:49.127] Cog0  BM-ACROSS,seq,1_562,leg,5,motor,RIGHT,phase,0,rising,FALSE,hall,4,tick,85,t_us,11_172,dur_us,12_354
[2026-09-21T17:46:49.128] Cog0  BM-ACROSS,seq,1_563,leg,5,motor,RIGHT,phase,1,rising,TRUE,hall,6,tick,86,t_us,4_005,dur_us,13_076
[2026-09-21T17:46:49.129] Cog0  BM-ACROSS,seq,1_564,leg,5,motor,RIGHT,phase,2,rising,FALSE,hall,2,tick,87,t_us,10_489,dur_us,12_272
[2026-09-21T17:46:49.130] Cog0  BM-ACROSS,seq,1_565,leg,5,motor,RIGHT,phase,2,rising,TRUE,hall,2,tick,87,t_us,10_543,dur_us,12_272
[2026-09-21T17:46:49.132] Cog0  BM-ACROSS,seq,1_566,leg,5,motor,RIGHT,phase,2,rising,FALSE,hall,2,tick,87,t_us,10_694,dur_us,12_272
[2026-09-21T17:46:49.133] Cog0  BM-ACROSS,seq,1_567,leg,5,motor,RIGHT,phase,0,rising,TRUE,hall,3,tick,88,t_us,2_922,dur_us,11_359
[2026-09-21T17:46:49.134] Cog0  BM-ACROSS,seq,1_568,leg,5,motor,RIGHT,phase,1,rising,FALSE,hall,1,tick,89,t_us,10_246,dur_us,11_526
[2026-09-21T17:46:49.135] Cog0  BM-ACROSS,seq,1_569,leg,5,motor,RIGHT,phase,2,rising,TRUE,hall,5,tick,90,t_us,3_020,dur_us,11_214
[2026-09-21T17:46:49.136] Cog0  BM-ACROSS,seq,1_570,leg,5,motor,RIGHT,phase,0,rising,FALSE,hall,4,tick,91,t_us,9_660,dur_us,10_352
[2026-09-21T17:46:49.137] Cog0  BM-ACROSS,seq,1_571,leg,5,motor,RIGHT,phase,1,rising,TRUE,hall,6,tick,92,t_us,2_967,dur_us,10_526
[2026-09-21T17:46:49.138] Cog0  BM-ACROSS,seq,1_572,leg,5,motor,RIGHT,phase,2,rising,FALSE,hall,2,tick,93,t_us,9_515,dur_us,10_501
[2026-09-21T17:46:49.140] Cog0  BM-ACROSS,seq,1_573,leg,5,motor,RIGHT,phase,0,rising,TRUE,hall,3,tick,94,t_us,2_082,dur_us,9_641
[2026-09-21T17:46:49.141] Cog0  BM-ACROSS,seq,1_574,leg,5,motor,RIGHT,phase,1,rising,FALSE,hall,1,tick,95,t_us,8_929,dur_us,9_180
[2026-09-21T17:46:49.142] Cog0  BM-ACROSS,seq,1_575,leg,5,motor,RIGHT,phase,2,rising,TRUE,hall,5,tick,96,t_us,2_474,dur_us,9_937
[2026-09-21T17:46:49.143] Cog0  BM-ACROSS,seq,1_576,leg,5,motor,RIGHT,phase,0,rising,FALSE,hall,4,tick,97,t_us,8_442,dur_us,9_330
[2026-09-21T17:46:49.144] Cog0  BM-ACROSS,seq,1_577,leg,5,motor,RIGHT,phase,1,rising,TRUE,hall,6,tick,98,t_us,1_785,dur_us,8_858
[2026-09-21T17:46:49.145] Cog0  BM-ACROSS,seq,1_578,leg,5,motor,RIGHT,phase,2,rising,FALSE,hall,2,tick,99,t_us,8_783,dur_us,9_377
[2026-09-21T17:46:49.146] Cog0  BM-ACROSS,seq,1_579,leg,5,motor,RIGHT,phase,0,rising,TRUE,hall,3,tick,100,t_us,2_029,dur_us,9_345
[2026-09-21T17:46:49.148] Cog0  BM-ACROSS,seq,1_580,leg,5,motor,RIGHT,phase,1,rising,FALSE,hall,1,tick,101,t_us,8_393,dur_us,8_791
[2026-09-21T17:46:49.148] Cog0  BM-ACROSS,seq,1_581,leg,5,motor,RIGHT,phase,2,rising,TRUE,hall,5,tick,102,t_us,2_426,dur_us,9_644
[2026-09-21T17:46:49.150] Cog0  BM-ACROSS,seq,1_582,leg,5,motor,RIGHT,phase,0,rising,FALSE,hall,4,tick,103,t_us,8_929,dur_us,9_965
[2026-09-21T17:46:49.151] Cog0  BM-ACROSS,seq,1_583,leg,5,motor,RIGHT,phase,1,rising,TRUE,hall,6,tick,104,t_us,1_983,dur_us,9_641
[2026-09-21T17:46:49.152] Cog0  BM-ACROSS,seq,1_584,leg,5,motor,RIGHT,phase,2,rising,FALSE,hall,2,tick,105,t_us,9_125,dur_us,9_767
[2026-09-21T17:46:49.153] Cog0  BM-ACROSS,seq,1_585,leg,5,motor,RIGHT,phase,0,rising,TRUE,hall,3,tick,106,t_us,2_572,dur_us,10_766
[2026-09-21T17:46:49.154] Cog0  BM-ACROSS,seq,1_586,leg,5,motor,RIGHT,phase,1,rising,FALSE,hall,1,tick,107,t_us,9_076,dur_us,10_513
[2026-09-21T17:46:49.155] Cog0  BM-ACROSS,seq,1_587,leg,5,motor,RIGHT,phase,1,rising,TRUE,hall,1,tick,107,t_us,9_178,dur_us,10_513
[2026-09-21T17:46:49.156] Cog0  BM-ACROSS,seq,1_588,leg,5,motor,RIGHT,phase,1,rising,FALSE,hall,1,tick,107,t_us,9_232,dur_us,10_513
[2026-09-21T17:46:49.158] Cog0  BM-ACROSS,seq,1_589,leg,5,motor,RIGHT,phase,2,rising,TRUE,hall,5,tick,108,t_us,2_332,dur_us,10_622
[2026-09-21T17:46:49.159] Cog0  BM-ACROSS,seq,1_590,leg,5,motor,RIGHT,phase,0,rising,FALSE,hall,4,tick,109,t_us,9_904,dur_us,11_332
[2026-09-21T17:46:49.160] Cog0  BM-ACROSS,seq,1_591,leg,5,motor,RIGHT,phase,1,rising,TRUE,hall,6,tick,110,t_us,2_972,dur_us,11_653
[2026-09-21T17:46:49.161] Cog0  BM-ACROSS,seq,1_592,leg,5,motor,RIGHT,phase,2,rising,FALSE,hall,2,tick,111,t_us,10_392,dur_us,11_918
[2026-09-21T17:46:49.162] Cog0  BM-ACROSS,seq,1_593,leg,5,motor,RIGHT,phase,0,rising,TRUE,hall,3,tick,112,t_us,3_512,dur_us,12_534
[2026-09-21T17:46:49.163] Cog0  BM-ACROSS,seq,1_594,leg,5,motor,RIGHT,phase,1,rising,FALSE,hall,1,tick,113,t_us,11_171,dur_us,13_487
[2026-09-21T17:46:49.164] Cog0  BM-ACROSS,seq,1_595,leg,5,motor,RIGHT,phase,2,rising,TRUE,hall,5,tick,114,t_us,3_610,dur_us,13_656
[2026-09-21T17:46:49.166] Cog0  BM-ACROSS,seq,1_596,leg,5,motor,RIGHT,phase,0,rising,FALSE,hall,4,tick,115,t_us,11_561,dur_us,13_480
[2026-09-21T17:46:49.167] Cog0  BM-ACROSS,seq,1_597,leg,5,motor,RIGHT,phase,1,rising,TRUE,hall,6,tick,116,t_us,4_549,dur_us,14_643
[2026-09-21T17:46:49.168] Cog0  BM-ACROSS,seq,1_598,leg,5,motor,RIGHT,phase,2,rising,FALSE,hall,2,tick,117,t_us,11_318,dur_us,13_930
[2026-09-21T17:46:49.169] Cog0  BM-ACROSS,seq,1_599,leg,5,motor,RIGHT,phase,0,rising,TRUE,hall,3,tick,118,t_us,3_757,dur_us,13_559
[2026-09-21T17:46:49.170] Cog0  BM-ACROSS,seq,1_600,leg,5,motor,RIGHT,phase,1,rising,FALSE,hall,1,tick,119,t_us,11_562,dur_us,13_973
[2026-09-21T17:46:49.172] Cog0  BM-ACROSS,seq,1_601,leg,5,motor,RIGHT,phase,2,rising,TRUE,hall,5,tick,120,t_us,4_109,dur_us,14_154
[2026-09-21T17:46:49.173] Cog0  BM-ACROSS,seq,1_602,leg,5,motor,RIGHT,phase,0,rising,FALSE,hall,4,tick,121,t_us,11_854,dur_us,14_704
[2026-09-21T17:46:49.174] Cog0  BM-ACROSS,seq,1_603,leg,5,motor,RIGHT,phase,1,rising,TRUE,hall,6,tick,122,t_us,4_945,dur_us,15_136
[2026-09-21T17:46:49.175] Cog0  BM-ACROSS,seq,1_604,leg,5,motor,RIGHT,phase,2,rising,FALSE,hall,2,tick,123,t_us,12_829,dur_us,16_172
[2026-09-21T17:46:49.176] Cog0  BM-ACROSS,seq,1_605,leg,5,motor,RIGHT,phase,0,rising,TRUE,hall,3,tick,124,t_us,5_080,dur_us,16_198
[2026-09-21T17:46:49.177] Cog0  BM-ACROSS,seq,1_606,leg,5,motor,RIGHT,phase,1,rising,FALSE,hall,1,tick,125,t_us,12_244,dur_us,14_956
[2026-09-21T17:46:49.178] Cog0  BM-ACROSS,seq,1_607,leg,5,motor,RIGHT,phase,1,rising,TRUE,hall,1,tick,125,t_us,12_347,dur_us,14_956
[2026-09-21T17:46:49.180] Cog0  BM-ACROSS,seq,1_608,leg,5,motor,RIGHT,phase,1,rising,FALSE,hall,1,tick,125,t_us,12_449,dur_us,14_956
[2026-09-21T17:46:49.181] Cog0  BM-ACROSS,seq,1_609,leg,5,motor,RIGHT,phase,2,rising,TRUE,hall,5,tick,126,t_us,4_992,dur_us,15_379
[2026-09-21T17:46:49.182] Cog0  BM-ACROSS,seq,1_610,leg,5,motor,RIGHT,phase,0,rising,FALSE,hall,4,tick,127,t_us,12_098,dur_us,14_854
[2026-09-21T17:46:49.183] Cog0  BM-ACROSS,seq,1_611,leg,5,motor,RIGHT,phase,1,rising,TRUE,hall,6,tick,128,t_us,4_006,dur_us,14_101
[2026-09-21T17:46:49.184] Cog0  BM-ACROSS,seq,1_612,leg,5,motor,RIGHT,phase,2,rising,FALSE,hall,2,tick,129,t_us,11_854,dur_us,14_413
[2026-09-21T17:46:49.185] Cog0  BM-ACROSS,seq,1_613,leg,5,motor,RIGHT,phase,0,rising,TRUE,hall,3,tick,130,t_us,4_646,dur_us,14_838
[2026-09-21T17:46:49.186] Cog0  BM-ACROSS,seq,1_614,leg,5,motor,RIGHT,phase,1,rising,FALSE,hall,1,tick,131,t_us,11_951,dur_us,15_103
[2026-09-21T17:46:49.188] Cog0  BM-ACROSS,seq,1_615,leg,5,motor,RIGHT,phase,2,rising,TRUE,hall,5,tick,132,t_us,5_041,dur_us,16_061
[2026-09-21T17:46:49.189] Cog0  BM-ACROSS,seq,1_616,leg,5,motor,RIGHT,phase,0,rising,FALSE,hall,4,tick,133,t_us,12_341,dur_us,15_830
[2026-09-21T17:46:49.190] Cog0  BM-ACROSS,seq,1_617,leg,5,motor,RIGHT,phase,1,rising,TRUE,hall,6,tick,134,t_us,5_231,dur_us,16_544
[2026-09-21T17:46:49.191] Cog0  BM-ACROSS,seq,1_618,leg,5,motor,RIGHT,phase,2,rising,FALSE,hall,2,tick,135,t_us,12_829,dur_us,16_569
[2026-09-21T17:46:49.192] Cog0  BM-ACROSS,seq,1_619,leg,5,motor,RIGHT,phase,2,rising,TRUE,hall,2,tick,135,t_us,12_883,dur_us,16_569
[2026-09-21T17:46:49.193] Cog0  BM-ACROSS,seq,1_620,leg,5,motor,RIGHT,phase,2,rising,FALSE,hall,2,tick,135,t_us,13_276,dur_us,16_569
[2026-09-21T17:46:49.194] Cog0  BM-ACROSS,seq,1_621,leg,5,motor,RIGHT,phase,0,rising,TRUE,hall,3,tick,136,t_us,5_562,dur_us,16_826
[2026-09-21T17:46:49.196] Cog0  BM-ACROSS,seq,1_622,leg,5,motor,RIGHT,phase,1,rising,FALSE,hall,1,tick,137,t_us,13_560,dur_us,17_941
[2026-09-21T17:46:49.197] Cog0  BM-ACROSS,seq,1_623,leg,5,motor,RIGHT,phase,1,rising,TRUE,hall,1,tick,137,t_us,13_614,dur_us,17_941
[2026-09-21T17:46:49.198] Cog0  BM-ACROSS,seq,1_624,leg,5,motor,RIGHT,phase,1,rising,FALSE,hall,1,tick,137,t_us,13_765,dur_us,17_941
[2026-09-21T17:46:49.199] Cog0  BM-ACROSS,seq,1_625,leg,5,motor,RIGHT,phase,2,rising,TRUE,hall,5,tick,138,t_us,6_111,dur_us,18_692
[2026-09-21T17:46:49.200] Cog0  BM-ACROSS,seq,1_626,leg,5,motor,RIGHT,phase,0,rising,FALSE,hall,4,tick,139,t_us,13_559,dur_us,18_175
[2026-09-21T17:46:49.201] Cog0  BM-ACROSS,seq,1_627,leg,5,motor,RIGHT,phase,1,rising,TRUE,hall,6,tick,140,t_us,7_484,dur_us,19_333
[2026-09-21T17:46:49.202] Cog0  BM-ACROSS,seq,1_628,leg,5,motor,RIGHT,phase,2,rising,FALSE,hall,2,tick,141,t_us,14_388,dur_us,19_250
[2026-09-21T17:46:49.204] Cog0  BM-ACROSS,seq,1_629,leg,5,motor,RIGHT,phase,0,rising,TRUE,hall,3,tick,142,t_us,6_990,dur_us,18_887
[2026-09-21T17:46:49.205] Cog0  BM-ACROSS,seq,1_630,leg,5,motor,RIGHT,phase,1,rising,FALSE,hall,1,tick,143,t_us,13_657,dur_us,17_833
[2026-09-21T17:46:49.206] Cog0  BM-ACROSS,seq,1_631,leg,5,motor,RIGHT,phase,2,rising,TRUE,hall,5,tick,144,t_us,5_913,dur_us,17_724
[2026-09-21T17:46:49.207] Cog0  BM-ACROSS,seq,1_632,leg,5,motor,RIGHT,phase,2,rising,FALSE,hall,5,tick,144,t_us,5_967,dur_us,17_724
[2026-09-21T17:46:49.208] Cog0  BM-ACROSS,seq,1_633,leg,5,motor,RIGHT,phase,2,rising,TRUE,hall,5,tick,144,t_us,6_021,dur_us,17_724
[2026-09-21T17:46:49.209] Cog0  BM-ACROSS,seq,1_634,leg,5,motor,RIGHT,phase,0,rising,FALSE,hall,4,tick,145,t_us,13_854,dur_us,17_442
[2026-09-21T17:46:49.210] Cog0  BM-ACROSS,seq,1_635,leg,5,motor,RIGHT,phase,1,rising,TRUE,hall,6,tick,146,t_us,5_815,dur_us,17_079
[2026-09-21T17:46:49.212] Cog0  BM-ACROSS,seq,1_636,leg,5,motor,RIGHT,phase,2,rising,FALSE,hall,2,tick,147,t_us,13_560,dur_us,17_639
[2026-09-21T17:46:49.213] Cog0  BM-ACROSS,seq,1_637,leg,5,motor,RIGHT,phase,0,rising,TRUE,hall,3,tick,148,t_us,5_564,dur_us,17_559
[2026-09-21T17:46:49.214] Cog0  BM-ACROSS,seq,1_638,leg,5,motor,RIGHT,phase,1,rising,FALSE,hall,1,tick,149,t_us,12_634,dur_us,16_613
[2026-09-21T17:46:49.215] Cog0  BM-ACROSS,seq,1_639,leg,5,motor,RIGHT,phase,2,rising,TRUE,hall,5,tick,150,t_us,6_115,dur_us,17_233
[2026-09-21T17:46:49.216] Cog0  BM-ACROSS,seq,1_640,leg,5,motor,RIGHT,phase,0,rising,FALSE,hall,4,tick,151,t_us,13_901,dur_us,17_880
[2026-09-21T17:46:49.218] Cog0  BM-ACROSS,seq,1_641,leg,5,motor,RIGHT,phase,1,rising,TRUE,hall,6,tick,152,t_us,5_968,dur_us,17_573
[2026-09-21T17:46:49.219] Cog0  BM-ACROSS,seq,1_642,leg,5,motor,RIGHT,phase,2,rising,FALSE,hall,2,tick,153,t_us,13_072,dur_us,16_756
[2026-09-21T17:46:49.220] Cog0  BM-ACROSS,seq,1_643,leg,5,motor,RIGHT,phase,0,rising,TRUE,hall,3,tick,154,t_us,6_057,dur_us,17_564
[2026-09-21T17:46:49.221] Cog0  BM-ACROSS,seq,1_644,leg,5,motor,RIGHT,phase,1,rising,FALSE,hall,1,tick,155,t_us,13_316,dur_us,17_004
[2026-09-21T17:46:49.222] Cog0  BM-ACROSS,seq,1_645,leg,5,motor,RIGHT,phase,2,rising,TRUE,hall,5,tick,156,t_us,5_180,dur_us,16_113
[2026-09-21T17:46:49.223] Cog0  BM-ACROSS,seq,1_646,leg,5,motor,RIGHT,phase,2,rising,FALSE,hall,5,tick,156,t_us,5_234,dur_us,16_113
[2026-09-21T17:46:49.224] Cog0  BM-ACROSS,seq,1_647,leg,5,motor,RIGHT,phase,2,rising,TRUE,hall,5,tick,156,t_us,5_288,dur_us,16_113
[2026-09-21T17:46:49.226] Cog0  BM-ACROSS,seq,1_648,leg,5,motor,RIGHT,phase,0,rising,FALSE,hall,4,tick,157,t_us,12_977,dur_us,16_810
[2026-09-21T17:46:49.227] Cog0  BM-ACROSS,seq,1_649,leg,5,motor,RIGHT,phase,1,rising,TRUE,hall,6,tick,158,t_us,4_495,dur_us,15_661
[2026-09-21T17:46:49.228] Cog0  BM-ACROSS,seq,1_650,leg,5,motor,RIGHT,phase,2,rising,FALSE,hall,2,tick,159,t_us,11_464,dur_us,13_775
[2026-09-21T17:46:49.229] Cog0  BM-ACROSS,seq,1_651,leg,5,motor,RIGHT,phase,0,rising,TRUE,hall,3,tick,160,t_us,4_795,dur_us,14_499
[2026-09-21T17:46:49.230] Cog0  BM-ACROSS,seq,1_652,leg,5,motor,RIGHT,phase,1,rising,FALSE,hall,1,tick,161,t_us,11_415,dur_us,13_978
[2026-09-21T17:46:49.232] Cog0  BM-ACROSS,seq,1_653,leg,5,motor,RIGHT,phase,2,rising,TRUE,hall,5,tick,162,t_us,3_513,dur_us,12_535
[2026-09-21T17:46:49.232] Cog0  BM-ACROSS,seq,1_654,leg,5,motor,RIGHT,phase,0,rising,FALSE,hall,4,tick,163,t_us,11_464,dur_us,13_186
[2026-09-21T17:46:49.234] Cog0  BM-ACROSS,seq,1_655,leg,5,motor,RIGHT,phase,1,rising,TRUE,hall,6,tick,164,t_us,3_414,dur_us,12_777
[2026-09-21T17:46:49.235] Cog0  BM-ACROSS,seq,1_656,leg,5,motor,RIGHT,phase,2,rising,FALSE,hall,2,tick,165,t_us,10_294,dur_us,11_084
[2026-09-21T17:46:49.236] Cog0  BM-ACROSS,seq,1_657,leg,5,motor,RIGHT,phase,0,rising,TRUE,hall,3,tick,166,t_us,3_805,dur_us,12_437
[2026-09-21T17:46:49.237] Cog0  BM-ACROSS,seq,1_658,leg,5,motor,RIGHT,phase,1,rising,FALSE,hall,1,tick,167,t_us,9_953,dur_us,11_876
[2026-09-21T17:46:49.238] Cog0  BM-ACROSS,seq,1_659,leg,5,motor,RIGHT,phase,2,rising,TRUE,hall,5,tick,168,t_us,2_377,dur_us,10_473
[2026-09-21T17:46:49.239] Cog0  BM-ACROSS,seq,1_660,leg,5,motor,RIGHT,phase,0,rising,FALSE,hall,4,tick,169,t_us,10_099,dur_us,11_183
[2026-09-21T17:46:49.240] Cog0  BM-ACROSS,seq,1_661,leg,5,motor,RIGHT,phase,1,rising,TRUE,hall,6,tick,170,t_us,2_920,dur_us,10_919
[2026-09-21T17:46:49.242] Cog0  BM-ACROSS,seq,1_662,leg,5,motor,RIGHT,phase,2,rising,FALSE,hall,2,tick,171,t_us,9_515,dur_us,10_108
[2026-09-21T17:46:49.243] Cog0  BM-ACROSS,seq,1_663,leg,5,motor,RIGHT,phase,0,rising,TRUE,hall,3,tick,172,t_us,3_016,dur_us,10_624
[2026-09-21T17:46:49.243] Cog0  BM-ACROSS,seq,1_664,leg,5,motor,RIGHT,phase,1,rising,FALSE,hall,1,tick,173,t_us,9_563,dur_us,10_549
[2026-09-21T17:46:49.245] Cog0  BM-ACROSS,seq,1_665,leg,5,motor,RIGHT,phase,2,rising,TRUE,hall,5,tick,174,t_us,2_330,dur_us,10_085
[2026-09-21T17:46:49.246] Cog0  BM-ACROSS,seq,1_666,leg,5,motor,RIGHT,phase,0,rising,FALSE,hall,4,tick,175,t_us,9_466,dur_us,9_716
[2026-09-21T17:46:49.248] Cog0  BM-ACROSS,seq,1_667,leg,5,motor,RIGHT,phase,1,rising,TRUE,hall,6,tick,176,t_us,2_720,dur_us,10_426
[2026-09-21T17:46:49.248] Cog0  BM-ACROSS,seq,1_668,leg,5,motor,RIGHT,phase,2,rising,FALSE,hall,2,tick,177,t_us,9_125,dur_us,10_013
[2026-09-21T17:46:49.250] Cog0  BM-ACROSS,seq,1_669,leg,5,motor,RIGHT,phase,0,rising,TRUE,hall,3,tick,178,t_us,2_081,dur_us,9_591
[2026-09-21T17:46:49.251] Cog0  BM-ACROSS,seq,1_670,leg,5,motor,RIGHT,phase,1,rising,FALSE,hall,1,tick,179,t_us,9_125,dur_us,9_866
[2026-09-21T17:46:49.252] Cog0  BM-ACROSS,seq,1_671,leg,5,motor,RIGHT,phase,2,rising,TRUE,hall,5,tick,180,t_us,2_426,dur_us,10_132
[2026-09-21T17:46:49.253] Cog0  BM-ACROSS,seq,1_672,leg,5,motor,RIGHT,phase,0,rising,FALSE,hall,4,tick,181,t_us,8_929,dur_us,9_425
[2026-09-21T17:46:49.254] Cog0  BM-ACROSS,seq,1_673,leg,5,motor,RIGHT,phase,1,rising,TRUE,hall,6,tick,182,t_us,2_672,dur_us,10_134
[2026-09-21T17:46:49.255] Cog0  BM-ACROSS,seq,1_674,leg,5,motor,RIGHT,phase,2,rising,FALSE,hall,2,tick,183,t_us,9_368,dur_us,10_354
[2026-09-21T17:46:49.256] Cog0  BM-ACROSS,seq,1_675,leg,5,motor,RIGHT,phase,0,rising,TRUE,hall,3,tick,184,t_us,2_179,dur_us,9_934
[2026-09-21T17:46:49.258] Cog0  BM-ACROSS,seq,1_676,leg,5,motor,RIGHT,phase,1,rising,FALSE,hall,1,tick,185,t_us,9_319,dur_us,9_766
[2026-09-21T17:46:49.259] Cog0  BM-ACROSS,seq,1_677,leg,5,motor,RIGHT,phase,2,rising,TRUE,hall,5,tick,186,t_us,2_867,dur_us,10_914
[2026-09-21T17:46:49.260] Cog0  BM-ACROSS,seq,1_678,leg,5,motor,RIGHT,phase,0,rising,FALSE,hall,4,tick,187,t_us,9_319,dur_us,10_600
[2026-09-21T17:46:49.261] Cog0  BM-ACROSS,seq,1_679,leg,5,motor,RIGHT,phase,1,rising,TRUE,hall,6,tick,188,t_us,2_328,dur_us,10_278
[2026-09-21T17:46:49.262] Cog0  BM-ACROSS,seq,1_680,leg,5,motor,RIGHT,phase,2,rising,FALSE,hall,2,tick,189,t_us,10_050,dur_us,11_184
[2026-09-21T17:46:49.263] Cog0  BM-ACROSS,seq,1_681,leg,5,motor,RIGHT,phase,0,rising,TRUE,hall,3,tick,190,t_us,2_918,dur_us,11_355
[2026-09-21T17:46:49.264] Cog0  BM-ACROSS,seq,1_682,leg,5,motor,RIGHT,phase,1,rising,FALSE,hall,1,tick,191,t_us,9_904,dur_us,10_989
[2026-09-21T17:46:49.266] Cog0  BM-ACROSS,seq,1_683,leg,5,motor,RIGHT,phase,2,rising,TRUE,hall,5,tick,192,t_us,3_610,dur_us,12_193
[2026-09-21T17:46:49.267] Cog0  BM-ACROSS,seq,1_684,leg,5,motor,RIGHT,phase,0,rising,FALSE,hall,4,tick,193,t_us,11_171,dur_us,12_943
[2026-09-21T17:46:49.267] Cog0  BM-ACROSS,seq,1_685,leg,5,motor,RIGHT,phase,1,rising,TRUE,hall,6,tick,194,t_us,3_120,dur_us,12_776
[2026-09-21T17:46:49.269] Cog0  BM-ACROSS,seq,1_686,leg,5,motor,RIGHT,phase,2,rising,FALSE,hall,2,tick,195,t_us,11_366,dur_us,12_942
[2026-09-21T17:46:49.270] Cog0  BM-ACROSS,seq,1_687,leg,5,motor,RIGHT,phase,0,rising,TRUE,hall,3,tick,196,t_us,4_744,dur_us,14_887
[2026-09-21T17:46:49.271] Cog0  BM-ACROSS,seq,1_688,leg,5,motor,RIGHT,phase,1,rising,FALSE,hall,1,tick,197,t_us,11_854,dur_us,15_106
[2026-09-21T17:46:49.272] Cog0  BM-ACROSS,seq,1_689,leg,5,motor,RIGHT,phase,2,rising,TRUE,hall,5,tick,198,t_us,4_644,dur_us,15_664
[2026-09-21T17:46:49.274] Cog0  BM-ACROSS,seq,1_690,leg,5,motor,RIGHT,phase,0,rising,FALSE,hall,4,tick,199,t_us,13_316,dur_us,17_490
[2026-09-21T17:46:49.275] Cog0  BM-ACROSS,seq,1_691,leg,5,motor,RIGHT,phase,1,rising,TRUE,hall,6,tick,200,t_us,6_841,dur_us,18_641
[2026-09-21T17:46:49.276] Cog0  BM-ACROSS,seq,1_692,leg,5,motor,RIGHT,phase,2,rising,FALSE,hall,2,tick,201,t_us,14_485,dur_us,19_151
[2026-09-21T17:46:49.277] Cog0  BM-ACROSS,seq,1_693,leg,5,motor,RIGHT,phase,0,rising,TRUE,hall,3,tick,202,t_us,8_354,dur_us,20_106
[2026-09-21T17:46:49.278] Cog0  BM-ACROSS,seq,1_694,leg,5,motor,RIGHT,phase,1,rising,FALSE,hall,1,tick,203,t_us,15_461,dur_us,21_500
[2026-09-21T17:46:49.279] Cog0  BM-ACROSS,seq,1_695,leg,5,motor,RIGHT,phase,2,rising,TRUE,hall,5,tick,204,t_us,7_870,dur_us,20_850
[2026-09-21T17:46:49.280] Cog0  BM-ACROSS,seq,1_696,leg,5,motor,RIGHT,phase,2,rising,FALSE,hall,5,tick,204,t_us,7_923,dur_us,20_850
[2026-09-21T17:46:49.282] Cog0  BM-ACROSS,seq,1_697,leg,5,motor,RIGHT,phase,2,rising,TRUE,hall,5,tick,204,t_us,8_075,dur_us,20_850
[2026-09-21T17:46:49.283] Cog0  BM-ACROSS,seq,1_698,leg,5,motor,RIGHT,phase,0,rising,FALSE,hall,4,tick,205,t_us,15_413,dur_us,19_736
[2026-09-21T17:46:49.284] Cog0  BM-ACROSS,seq,1_699,leg,5,motor,RIGHT,phase,1,rising,TRUE,hall,6,tick,206,t_us,8_222,dur_us,20_753
[2026-09-21T17:46:49.285] Cog0  BM-ACROSS,seq,1_700,leg,5,motor,RIGHT,phase,2,rising,FALSE,hall,2,tick,207,t_us,14_340,dur_us,19_015
[2026-09-21T17:46:49.286] Cog0  BM-ACROSS,seq,1_701,leg,5,motor,RIGHT,phase,2,rising,TRUE,hall,2,tick,207,t_us,14_834,dur_us,19_015
[2026-09-21T17:46:49.287] Cog0  BM-ACROSS,seq,1_702,leg,5,motor,RIGHT,phase,2,rising,FALSE,hall,2,tick,207,t_us,14_888,dur_us,19_015
[2026-09-21T17:46:49.289] Cog0  BM-ACROSS,seq,1_703,leg,5,motor,RIGHT,phase,0,rising,TRUE,hall,3,tick,208,t_us,6_348,dur_us,17_563
[2026-09-21T17:46:49.290] Cog0  BM-ACROSS,seq,1_704,leg,5,motor,RIGHT,phase,1,rising,FALSE,hall,1,tick,209,t_us,13_462,dur_us,16_853
[2026-09-21T17:46:49.291] Cog0  BM-ACROSS,seq,1_705,leg,5,motor,RIGHT,phase,2,rising,TRUE,hall,5,tick,210,t_us,5_225,dur_us,16_050
[2026-09-21T17:46:49.292] Cog0  BM-ACROSS,seq,1_706,leg,5,motor,RIGHT,phase,0,rising,FALSE,hall,4,tick,211,t_us,12_487,dur_us,15_827
[2026-09-21T17:46:49.293] Cog0  BM-ACROSS,seq,1_707,leg,5,motor,RIGHT,phase,1,rising,TRUE,hall,6,tick,212,t_us,5_335,dur_us,15_770
[2026-09-21T17:46:49.294] Cog0  BM-ACROSS,seq,1_708,leg,5,motor,RIGHT,phase,2,rising,FALSE,hall,2,tick,213,t_us,13_511,dur_us,16_754
[2026-09-21T17:46:49.296] Cog0  BM-ACROSS,seq,1_709,leg,5,motor,RIGHT,phase,0,rising,TRUE,hall,3,tick,214,t_us,5_611,dur_us,16_973
[2026-09-21T17:46:49.297] Cog0  BM-ACROSS,seq,1_710,leg,5,motor,RIGHT,phase,1,rising,FALSE,hall,1,tick,215,t_us,13_268,dur_us,16_069
[2026-09-21T17:46:49.298] Cog0  BM-ACROSS,seq,1_711,leg,5,motor,RIGHT,phase,2,rising,TRUE,hall,5,tick,216,t_us,6_155,dur_us,17_322
[2026-09-21T17:46:49.299] Cog0  BM-ACROSS,seq,1_712,leg,5,motor,RIGHT,phase,0,rising,FALSE,hall,4,tick,217,t_us,13_608,dur_us,17_391
[2026-09-21T17:46:49.300] Cog0  BM-ACROSS,seq,1_713,leg,5,motor,RIGHT,phase,1,rising,TRUE,hall,6,tick,218,t_us,5_618,dur_us,16_931
[2026-09-21T17:46:49.301] Cog0  BM-ACROSS,seq,1_714,leg,5,motor,RIGHT,phase,2,rising,FALSE,hall,2,tick,219,t_us,13_804,dur_us,17_586
[2026-09-21T17:46:49.302] Cog0  BM-ACROSS,seq,1_715,leg,5,motor,RIGHT,phase,0,rising,TRUE,hall,3,tick,220,t_us,6_639,dur_us,18_098
[2026-09-21T17:46:49.304] Cog0  BM-ACROSS,seq,1_716,leg,5,motor,RIGHT,phase,1,rising,FALSE,hall,1,tick,221,t_us,13_706,dur_us,17_980
[2026-09-21T17:46:49.305] Cog0  BM-ACROSS,seq,1_717,leg,5,motor,RIGHT,phase,2,rising,TRUE,hall,5,tick,222,t_us,6_850,dur_us,18_698
[2026-09-21T17:46:49.306] Cog0  BM-ACROSS,seq,1_718,leg,5,motor,RIGHT,phase,0,rising,FALSE,hall,4,tick,223,t_us,13_559,dur_us,17_980
[2026-09-21T17:46:49.307] Cog0  BM-ACROSS,seq,1_719,leg,5,motor,RIGHT,phase,1,rising,TRUE,hall,6,tick,224,t_us,6_506,dur_us,18_452
[2026-09-21T17:46:49.308] Cog0  BM-ACROSS,seq,1_720,leg,5,motor,RIGHT,phase,2,rising,FALSE,hall,2,tick,225,t_us,13_852,dur_us,18_241
[2026-09-21T17:46:49.309] Cog0  BM-ACROSS,seq,1_721,leg,5,motor,RIGHT,phase,2,rising,TRUE,hall,2,tick,225,t_us,13_906,dur_us,18_241
[2026-09-21T17:46:49.310] Cog0  BM-ACROSS,seq,1_722,leg,5,motor,RIGHT,phase,2,rising,FALSE,hall,2,tick,225,t_us,14_301,dur_us,18_241
[2026-09-21T17:46:49.312] Cog0  BM-ACROSS,seq,1_723,leg,5,motor,RIGHT,phase,2,rising,TRUE,hall,2,tick,225,t_us,14_355,dur_us,18_241
[2026-09-21T17:46:49.313] Cog0  BM-ACROSS,seq,1_724,leg,5,motor,RIGHT,phase,2,rising,FALSE,hall,2,tick,225,t_us,14_409,dur_us,18_241
[2026-09-21T17:46:49.314] Cog0  BM-ACROSS,seq,1_725,leg,5,motor,RIGHT,phase,0,rising,TRUE,hall,3,tick,226,t_us,6_499,dur_us,18_397
[2026-09-21T17:46:49.315] Cog0  BM-ACROSS,seq,1_726,leg,5,motor,RIGHT,phase,1,rising,FALSE,hall,1,tick,227,t_us,14_437,dur_us,19_153
[2026-09-21T17:46:49.316] Cog0  BM-ACROSS,seq,1_727,leg,5,motor,RIGHT,phase,2,rising,TRUE,hall,5,tick,228,t_us,6_839,dur_us,19_468
[2026-09-21T17:46:49.318] Cog0  BM-ACROSS,seq,1_728,leg,5,motor,RIGHT,phase,0,rising,FALSE,hall,4,tick,229,t_us,13_803,dur_us,18_371
[2026-09-21T17:46:49.319] Cog0  BM-ACROSS,seq,1_729,leg,5,motor,RIGHT,phase,1,rising,TRUE,hall,6,tick,230,t_us,7_141,dur_us,19_184
[2026-09-21T17:46:49.320] Cog0  BM-ACROSS,seq,1_730,leg,5,motor,RIGHT,phase,2,rising,FALSE,hall,2,tick,231,t_us,14_485,dur_us,19_201
[2026-09-21T17:46:49.321] Cog0  BM-ACROSS,seq,1_731,leg,5,motor,RIGHT,phase,0,rising,TRUE,hall,3,tick,232,t_us,7_334,dur_us,19_281
[2026-09-21T17:46:49.322] Cog0  BM-ACROSS,seq,1_732,leg,5,motor,RIGHT,phase,1,rising,FALSE,hall,1,tick,233,t_us,13_755,dur_us,18_627
[2026-09-21T17:46:49.323] Cog0  BM-ACROSS,seq,1_733,leg,5,motor,RIGHT,phase,1,rising,TRUE,hall,1,tick,233,t_us,13_956,dur_us,18_627
[2026-09-21T17:46:49.324] Cog0  BM-ACROSS,seq,1_734,leg,5,motor,RIGHT,phase,1,rising,FALSE,hall,1,tick,233,t_us,14_010,dur_us,18_627
[2026-09-21T17:46:49.326] Cog0  BM-ACROSS,seq,1_735,leg,5,motor,RIGHT,phase,2,rising,TRUE,hall,5,tick,234,t_us,6_899,dur_us,18_699
[2026-09-21T17:46:49.327] Cog0  BM-ACROSS,seq,1_736,leg,5,motor,RIGHT,phase,0,rising,FALSE,hall,4,tick,235,t_us,14_291,dur_us,18_417
[2026-09-21T17:46:49.328] Cog0  BM-ACROSS,seq,1_737,leg,5,motor,RIGHT,phase,1,rising,TRUE,hall,6,tick,236,t_us,6_346,dur_us,17_952
[2026-09-21T17:46:49.329] Cog0  BM-ACROSS,seq,1_738,leg,5,motor,RIGHT,phase,2,rising,FALSE,hall,2,tick,237,t_us,14_193,dur_us,18_665
[2026-09-21T17:46:49.330] Cog0  BM-ACROSS,seq,1_739,leg,5,motor,RIGHT,phase,0,rising,TRUE,hall,3,tick,238,t_us,6_196,dur_us,18_580
[2026-09-21T17:46:49.331] Cog0  BM-ACROSS,seq,1_740,leg,5,motor,RIGHT,phase,1,rising,FALSE,hall,1,tick,239,t_us,13_024,dur_us,17_405
[2026-09-21T17:46:49.332] Cog0  BM-ACROSS,seq,1_741,leg,5,motor,RIGHT,phase,1,rising,TRUE,hall,1,tick,239,t_us,13_078,dur_us,17_405
[2026-09-21T17:46:49.334] Cog0  BM-ACROSS,seq,1_742,leg,5,motor,RIGHT,phase,1,rising,FALSE,hall,1,tick,239,t_us,13_131,dur_us,17_405
[2026-09-21T17:46:49.336] Cog0  BM-ACROSS,seq,1_743,leg,5,motor,RIGHT,phase,2,rising,TRUE,hall,5,tick,240,t_us,6_454,dur_us,17_717
[2026-09-21T17:46:49.353] Cog0  BM-ALEG,seq,1_744,leg,5,motor,RIGHT,speed,SLOW,ask_dir,REVERSE,meas_dir,FORWARD,ticks,270,span_ms,3_959,edge_s_x10,681,samples,146_593,sectors,269,samp_sect,180,cross,288,unusable,0,dropped,35,clip,85_350,peak_i_mV,4,bias_still,TRUE,outcome,CLIPPED
[2026-09-21T17:46:49.990] Cog0  BM-AGUIDE,seq,1_745,leg,6,motor,RIGHT,ask_dir,FORWARD,speed,FAST,turns,3,ticks,270,bias_still,TRUE,bias_u_mV,54,bias_v_mV,51,bias_w_mV,54,bias_tries,1
[2026-09-21T17:46:50.006] Cog0  TURN RIGHT WHEEL FORWARD, FAST -- keep turning until output resumes
[2026-09-21T17:46:54.255] Cog0  BM-ACROSS,seq,1_746,leg,6,motor,RIGHT,phase,0,rising,TRUE,hall,3,tick,-1,t_us,878,dur_us,108_807
[2026-09-21T17:46:54.256] Cog0  BM-ACROSS,seq,1_747,leg,6,motor,RIGHT,phase,1,rising,TRUE,hall,3,tick,-1,t_us,878,dur_us,108_807
[2026-09-21T17:46:54.258] Cog0  BM-ACROSS,seq,1_748,leg,6,motor,RIGHT,phase,0,rising,FALSE,hall,3,tick,-1,t_us,1_556,dur_us,108_807
[2026-09-21T17:46:54.259] Cog0  BM-ACROSS,seq,1_749,leg,6,motor,RIGHT,phase,1,rising,FALSE,hall,3,tick,-1,t_us,1_556,dur_us,108_807
[2026-09-21T17:46:54.260] Cog0  BM-ACROSS,seq,1_750,leg,6,motor,RIGHT,phase,1,rising,TRUE,hall,3,tick,-1,t_us,1_662,dur_us,108_807
[2026-09-21T17:46:54.261] Cog0  BM-ACROSS,seq,1_751,leg,6,motor,RIGHT,phase,1,rising,FALSE,hall,3,tick,-1,t_us,1_714,dur_us,108_807
[2026-09-21T17:46:54.262] Cog0  BM-ACROSS,seq,1_752,leg,6,motor,RIGHT,phase,0,rising,TRUE,hall,3,tick,-1,t_us,1_864,dur_us,108_807
[2026-09-21T17:46:54.263] Cog0  BM-ACROSS,seq,1_753,leg,6,motor,RIGHT,phase,0,rising,FALSE,hall,3,tick,-1,t_us,1_916,dur_us,108_807
[2026-09-21T17:46:54.264] Cog0  BM-ACROSS,seq,1_754,leg,6,motor,RIGHT,phase,0,rising,TRUE,hall,3,tick,-1,t_us,2_018,dur_us,108_807
[2026-09-21T17:46:54.266] Cog0  BM-ACROSS,seq,1_755,leg,6,motor,RIGHT,phase,0,rising,FALSE,hall,3,tick,-1,t_us,2_119,dur_us,108_807
[2026-09-21T17:46:54.267] Cog0  BM-ACROSS,seq,1_756,leg,6,motor,RIGHT,phase,0,rising,TRUE,hall,3,tick,-1,t_us,2_946,dur_us,108_807
[2026-09-21T17:46:54.268] Cog0  BM-ACROSS,seq,1_757,leg,6,motor,RIGHT,phase,1,rising,TRUE,hall,3,tick,-1,t_us,2_999,dur_us,108_807
[2026-09-21T17:46:54.269] Cog0  BM-ACROSS,seq,1_758,leg,6,motor,RIGHT,phase,1,rising,FALSE,hall,3,tick,-1,t_us,3_290,dur_us,108_807
[2026-09-21T17:46:54.270] Cog0  BM-ACROSS,seq,1_759,leg,6,motor,RIGHT,phase,1,rising,TRUE,hall,3,tick,-1,t_us,3_343,dur_us,108_807
[2026-09-21T17:46:54.271] Cog0  BM-ACROSS,seq,1_760,leg,6,motor,RIGHT,phase,1,rising,FALSE,hall,3,tick,-1,t_us,3_539,dur_us,108_807
[2026-09-21T17:46:54.272] Cog0  BM-ACROSS,seq,1_761,leg,6,motor,RIGHT,phase,0,rising,FALSE,hall,3,tick,-1,t_us,4_118,dur_us,108_807
[2026-09-21T17:46:54.274] Cog0  BM-ACROSS,seq,1_762,leg,6,motor,RIGHT,phase,0,rising,TRUE,hall,3,tick,-1,t_us,4_702,dur_us,108_807
[2026-09-21T17:46:54.275] Cog0  BM-ACROSS,seq,1_763,leg,6,motor,RIGHT,phase,0,rising,FALSE,hall,3,tick,-1,t_us,4_755,dur_us,108_807
[2026-09-21T17:46:54.276] Cog0  BM-ACROSS,seq,1_764,leg,6,motor,RIGHT,phase,0,rising,TRUE,hall,3,tick,-1,t_us,5_100,dur_us,108_807
[2026-09-21T17:46:54.277] Cog0  BM-ACROSS,seq,1_765,leg,6,motor,RIGHT,phase,1,rising,TRUE,hall,3,tick,-1,t_us,5_248,dur_us,108_807
[2026-09-21T17:46:54.277] Cog0  BM-ACROSS,seq,1_766,leg,6,motor,RIGHT,phase,1,rising,FALSE,hall,3,tick,-1,t_us,5_395,dur_us,108_807
[2026-09-21T17:46:54.279] Cog0  BM-ACROSS,seq,1_767,leg,6,motor,RIGHT,phase,0,rising,FALSE,hall,3,tick,-1,t_us,5_878,dur_us,108_807
[2026-09-21T17:46:54.280] Cog0  BM-ACROSS,seq,1_768,leg,6,motor,RIGHT,phase,0,rising,TRUE,hall,3,tick,-1,t_us,6_413,dur_us,108_807
[2026-09-21T17:46:54.282] Cog0  BM-ACROSS,seq,1_769,leg,6,motor,RIGHT,phase,0,rising,FALSE,hall,3,tick,-1,t_us,6_514,dur_us,108_807
[2026-09-21T17:46:54.282] Cog0  BM-ACROSS,seq,1_770,leg,6,motor,RIGHT,phase,0,rising,TRUE,hall,3,tick,-1,t_us,7_294,dur_us,108_807
[2026-09-21T17:46:54.284] Cog0  BM-ACROSS,seq,1_771,leg,6,motor,RIGHT,phase,1,rising,TRUE,hall,3,tick,-1,t_us,7_294,dur_us,108_807
[2026-09-21T17:46:54.285] Cog0  BM-ACROSS,seq,1_772,leg,6,motor,RIGHT,phase,1,rising,FALSE,hall,3,tick,-1,t_us,7_637,dur_us,108_807
[2026-09-21T17:46:54.286] Cog0  BM-ACROSS,seq,1_773,leg,6,motor,RIGHT,phase,0,rising,FALSE,hall,3,tick,-1,t_us,8_024,dur_us,108_807
[2026-09-21T17:46:54.287] Cog0  BM-ACROSS,seq,1_774,leg,6,motor,RIGHT,phase,0,rising,TRUE,hall,3,tick,-1,t_us,8_173,dur_us,108_807
[2026-09-21T17:46:54.288] Cog0  BM-ACROSS,seq,1_775,leg,6,motor,RIGHT,phase,0,rising,FALSE,hall,3,tick,-1,t_us,8_514,dur_us,108_807
[2026-09-21T17:46:54.290] Cog0  BM-ACROSS,seq,1_776,leg,6,motor,RIGHT,phase,0,rising,TRUE,hall,3,tick,-1,t_us,9_487,dur_us,108_807
[2026-09-21T17:46:54.290] Cog0  BM-ACROSS,seq,1_777,leg,6,motor,RIGHT,phase,0,rising,FALSE,hall,3,tick,-1,t_us,10_547,dur_us,108_807
[2026-09-21T17:46:54.292] Cog0  BM-ACROSS,seq,1_778,leg,6,motor,RIGHT,phase,0,rising,TRUE,hall,3,tick,-1,t_us,11_569,dur_us,108_807
[2026-09-21T17:46:54.293] Cog0  BM-ACROSS,seq,1_779,leg,6,motor,RIGHT,phase,0,rising,FALSE,hall,3,tick,-1,t_us,12_247,dur_us,108_807
[2026-09-21T17:46:54.294] Cog0  BM-ACROSS,seq,1_780,leg,6,motor,RIGHT,phase,0,rising,TRUE,hall,3,tick,-1,t_us,12_300,dur_us,108_807
[2026-09-21T17:46:54.295] Cog0  BM-ACROSS,seq,1_781,leg,6,motor,RIGHT,phase,0,rising,FALSE,hall,3,tick,-1,t_us,12_786,dur_us,108_807
[2026-09-21T17:46:54.296] Cog0  BM-ACROSS,seq,1_782,leg,6,motor,RIGHT,phase,0,rising,TRUE,hall,3,tick,-1,t_us,12_887,dur_us,108_807
[2026-09-21T17:46:54.298] Cog0  BM-ACROSS,seq,1_783,leg,6,motor,RIGHT,phase,0,rising,FALSE,hall,3,tick,-1,t_us,12_940,dur_us,108_807
[2026-09-21T17:46:54.299] Cog0  BM-ACROSS,seq,1_784,leg,6,motor,RIGHT,phase,0,rising,TRUE,hall,3,tick,-1,t_us,13_866,dur_us,108_807
[2026-09-21T17:46:54.300] Cog0  BM-ACROSS,seq,1_785,leg,6,motor,RIGHT,phase,0,rising,FALSE,hall,3,tick,-1,t_us,14_447,dur_us,108_807
[2026-09-21T17:46:54.301] Cog0  BM-ACROSS,seq,1_786,leg,6,motor,RIGHT,phase,0,rising,TRUE,hall,3,tick,-1,t_us,14_549,dur_us,108_807
[2026-09-21T17:46:54.302] Cog0  BM-ACROSS,seq,1_787,leg,6,motor,RIGHT,phase,0,rising,FALSE,hall,3,tick,-1,t_us,14_602,dur_us,108_807
[2026-09-21T17:46:54.303] Cog0  BM-ACROSS,seq,1_788,leg,6,motor,RIGHT,phase,0,rising,TRUE,hall,3,tick,-1,t_us,15_962,dur_us,108_807
[2026-09-21T17:46:54.304] Cog0  BM-ACROSS,seq,1_789,leg,6,motor,RIGHT,phase,0,rising,FALSE,hall,3,tick,-1,t_us,16_303,dur_us,108_807
[2026-09-21T17:46:54.306] Cog0  BM-ACROSS,seq,1_790,leg,6,motor,RIGHT,phase,0,rising,TRUE,hall,3,tick,-1,t_us,16_356,dur_us,108_807
[2026-09-21T17:46:54.307] Cog0  BM-ACROSS,seq,1_791,leg,6,motor,RIGHT,phase,0,rising,FALSE,hall,3,tick,-1,t_us,16_505,dur_us,108_807
[2026-09-21T17:46:54.308] Cog0  BM-ACROSS,seq,1_792,leg,6,motor,RIGHT,phase,0,rising,TRUE,hall,3,tick,-1,t_us,16_559,dur_us,108_807
[2026-09-21T17:46:54.309] Cog0  BM-ACROSS,seq,1_793,leg,6,motor,RIGHT,phase,0,rising,FALSE,hall,3,tick,-1,t_us,16_612,dur_us,108_807
[2026-09-21T17:46:54.310] Cog0  BM-ACROSS,seq,1_794,leg,6,motor,RIGHT,phase,0,rising,TRUE,hall,3,tick,-1,t_us,18_117,dur_us,108_807
[2026-09-21T17:46:54.311] Cog0  BM-ACROSS,seq,1_795,leg,6,motor,RIGHT,phase,0,rising,FALSE,hall,3,tick,-1,t_us,18_457,dur_us,108_807
[2026-09-21T17:46:54.312] Cog0  BM-ACROSS,seq,1_796,leg,6,motor,RIGHT,phase,0,rising,TRUE,hall,3,tick,-1,t_us,18_558,dur_us,108_807
[2026-09-21T17:46:54.314] Cog0  BM-ACROSS,seq,1_797,leg,6,motor,RIGHT,phase,0,rising,FALSE,hall,3,tick,-1,t_us,18_803,dur_us,108_807
[2026-09-21T17:46:54.315] Cog0  BM-ACROSS,seq,1_798,leg,6,motor,RIGHT,phase,0,rising,TRUE,hall,3,tick,-1,t_us,20_261,dur_us,108_807
[2026-09-21T17:46:54.316] Cog0  BM-ACROSS,seq,1_799,leg,6,motor,RIGHT,phase,0,rising,FALSE,hall,3,tick,-1,t_us,20_747,dur_us,108_807
[2026-09-21T17:46:54.317] Cog0  BM-ACROSS,seq,1_800,leg,6,motor,RIGHT,phase,0,rising,TRUE,hall,3,tick,-1,t_us,20_993,dur_us,108_807
[2026-09-21T17:46:54.318] Cog0  BM-ACROSS,seq,1_801,leg,6,motor,RIGHT,phase,0,rising,FALSE,hall,3,tick,-1,t_us,21_046,dur_us,108_807
[2026-09-21T17:46:54.319] Cog0  BM-ACROSS,seq,1_802,leg,6,motor,RIGHT,phase,0,rising,TRUE,hall,3,tick,-1,t_us,22_457,dur_us,108_807
[2026-09-21T17:46:54.320] Cog0  BM-ACROSS,seq,1_803,leg,6,motor,RIGHT,phase,0,rising,FALSE,hall,3,tick,-1,t_us,22_749,dur_us,108_807
[2026-09-21T17:46:54.322] Cog0  BM-ACROSS,seq,1_804,leg,6,motor,RIGHT,phase,0,rising,TRUE,hall,3,tick,-1,t_us,22_802,dur_us,108_807
[2026-09-21T17:46:54.323] Cog0  BM-ACROSS,seq,1_805,leg,6,motor,RIGHT,phase,0,rising,FALSE,hall,3,tick,-1,t_us,23_143,dur_us,108_807
[2026-09-21T17:46:54.324] Cog0  BM-ACROSS,seq,1_806,leg,6,motor,RIGHT,phase,0,rising,TRUE,hall,3,tick,-1,t_us,24_699,dur_us,108_807
[2026-09-21T17:46:54.325] Cog0  BM-ACROSS,seq,1_807,leg,6,motor,RIGHT,phase,0,rising,FALSE,hall,3,tick,-1,t_us,24_896,dur_us,108_807
[2026-09-21T17:46:54.326] Cog0  BM-ACROSS,seq,1_808,leg,6,motor,RIGHT,phase,0,rising,TRUE,hall,3,tick,-1,t_us,25_286,dur_us,108_807
[2026-09-21T17:46:54.327] Cog0  BM-ACROSS,seq,1_809,leg,6,motor,RIGHT,phase,0,rising,FALSE,hall,3,tick,-1,t_us,25_339,dur_us,108_807
[2026-09-21T17:46:54.329] Cog0  BM-ACROSS,seq,1_810,leg,6,motor,RIGHT,phase,0,rising,TRUE,hall,3,tick,-1,t_us,26_846,dur_us,108_807
[2026-09-21T17:46:54.330] Cog0  BM-ACROSS,seq,1_811,leg,6,motor,RIGHT,phase,0,rising,FALSE,hall,3,tick,-1,t_us,27_188,dur_us,108_807
[2026-09-21T17:46:54.331] Cog0  BM-ACROSS,seq,1_812,leg,6,motor,RIGHT,phase,0,rising,TRUE,hall,3,tick,-1,t_us,29_129,dur_us,108_807
[2026-09-21T17:46:54.332] Cog0  BM-ACROSS,seq,1_813,leg,6,motor,RIGHT,phase,0,rising,FALSE,hall,3,tick,-1,t_us,29_662,dur_us,108_807
[2026-09-21T17:46:54.333] Cog0  BM-ACROSS,seq,1_814,leg,6,motor,RIGHT,phase,0,rising,TRUE,hall,3,tick,-1,t_us,31_266,dur_us,108_807
[2026-09-21T17:46:54.334] Cog0  BM-ACROSS,seq,1_815,leg,6,motor,RIGHT,phase,0,rising,FALSE,hall,3,tick,-1,t_us,31_897,dur_us,108_807
[2026-09-21T17:46:54.335] Cog0  BM-ACROSS,seq,1_816,leg,6,motor,RIGHT,phase,0,rising,TRUE,hall,3,tick,-1,t_us,33_500,dur_us,108_807
[2026-09-21T17:46:54.337] Cog0  BM-ACROSS,seq,1_817,leg,6,motor,RIGHT,phase,0,rising,FALSE,hall,3,tick,-1,t_us,33_986,dur_us,108_807
[2026-09-21T17:46:54.337] Cog0  BM-ACROSS,seq,1_818,leg,6,motor,RIGHT,phase,0,rising,TRUE,hall,3,tick,-1,t_us,34_232,dur_us,108_807
[2026-09-21T17:46:54.339] Cog0  BM-ACROSS,seq,1_819,leg,6,motor,RIGHT,phase,0,rising,FALSE,hall,3,tick,-1,t_us,34_286,dur_us,108_807
[2026-09-21T17:46:54.340] Cog0  BM-ACROSS,seq,1_820,leg,6,motor,RIGHT,phase,0,rising,TRUE,hall,3,tick,-1,t_us,35_743,dur_us,108_807
[2026-09-21T17:46:54.341] Cog0  BM-ACROSS,seq,1_821,leg,6,motor,RIGHT,phase,0,rising,FALSE,hall,3,tick,-1,t_us,36_037,dur_us,108_807
[2026-09-21T17:46:54.342] Cog0  BM-ACROSS,seq,1_822,leg,6,motor,RIGHT,phase,0,rising,TRUE,hall,3,tick,-1,t_us,36_090,dur_us,108_807
[2026-09-21T17:46:54.344] Cog0  BM-ACROSS,seq,1_823,leg,6,motor,RIGHT,phase,0,rising,FALSE,hall,3,tick,-1,t_us,36_287,dur_us,108_807
[2026-09-21T17:46:54.345] Cog0  BM-ACROSS,seq,1_824,leg,6,motor,RIGHT,phase,0,rising,TRUE,hall,3,tick,-1,t_us,36_388,dur_us,108_807
[2026-09-21T17:46:54.346] Cog0  BM-ACROSS,seq,1_825,leg,6,motor,RIGHT,phase,0,rising,FALSE,hall,3,tick,-1,t_us,36_442,dur_us,108_807
[2026-09-21T17:46:54.347] Cog0  BM-ACROSS,seq,1_826,leg,6,motor,RIGHT,phase,0,rising,TRUE,hall,3,tick,-1,t_us,38_092,dur_us,108_807
[2026-09-21T17:46:54.348] Cog0  BM-ACROSS,seq,1_827,leg,6,motor,RIGHT,phase,0,rising,FALSE,hall,3,tick,-1,t_us,38_722,dur_us,108_807
[2026-09-21T17:46:54.349] Cog0  BM-ACROSS,seq,1_828,leg,6,motor,RIGHT,phase,0,rising,TRUE,hall,3,tick,-1,t_us,38_824,dur_us,108_807
[2026-09-21T17:46:54.351] Cog0  BM-ACROSS,seq,1_829,leg,6,motor,RIGHT,phase,0,rising,FALSE,hall,3,tick,-1,t_us,38_925,dur_us,108_807
[2026-09-21T17:46:54.352] Cog0  BM-ACROSS,seq,1_830,leg,6,motor,RIGHT,phase,0,rising,TRUE,hall,3,tick,-1,t_us,40_431,dur_us,108_807
[2026-09-21T17:46:54.353] Cog0  BM-ACROSS,seq,1_831,leg,6,motor,RIGHT,phase,0,rising,FALSE,hall,3,tick,-1,t_us,40_628,dur_us,108_807
[2026-09-21T17:46:54.354] Cog0  BM-ACROSS,seq,1_832,leg,6,motor,RIGHT,phase,0,rising,TRUE,hall,3,tick,-1,t_us,40_873,dur_us,108_807
[2026-09-21T17:46:54.355] Cog0  BM-ACROSS,seq,1_833,leg,6,motor,RIGHT,phase,0,rising,FALSE,hall,3,tick,-1,t_us,41_071,dur_us,108_807
[2026-09-21T17:46:54.356] Cog0  BM-ACROSS,seq,1_834,leg,6,motor,RIGHT,phase,0,rising,TRUE,hall,3,tick,-1,t_us,42_674,dur_us,108_807
[2026-09-21T17:46:54.357] Cog0  BM-ACROSS,seq,1_835,leg,6,motor,RIGHT,phase,0,rising,FALSE,hall,3,tick,-1,t_us,42_871,dur_us,108_807
[2026-09-21T17:46:54.359] Cog0  BM-ACROSS,seq,1_836,leg,6,motor,RIGHT,phase,0,rising,TRUE,hall,3,tick,-1,t_us,42_925,dur_us,108_807
[2026-09-21T17:46:54.360] Cog0  BM-ACROSS,seq,1_837,leg,6,motor,RIGHT,phase,0,rising,FALSE,hall,3,tick,-1,t_us,43_170,dur_us,108_807
[2026-09-21T17:46:54.361] Cog0  BM-ACROSS,seq,1_838,leg,6,motor,RIGHT,phase,0,rising,TRUE,hall,3,tick,-1,t_us,43_272,dur_us,108_807
[2026-09-21T17:46:54.362] Cog0  BM-ACROSS,seq,1_839,leg,6,motor,RIGHT,phase,0,rising,FALSE,hall,3,tick,-1,t_us,43_373,dur_us,108_807
[2026-09-21T17:46:54.363] Cog0  BM-ACROSS,seq,1_840,leg,6,motor,RIGHT,phase,0,rising,TRUE,hall,3,tick,-1,t_us,44_686,dur_us,108_807
[2026-09-21T17:46:54.364] Cog0  BM-ACROSS,seq,1_841,leg,6,motor,RIGHT,phase,0,rising,FALSE,hall,3,tick,-1,t_us,45_508,dur_us,108_807
[2026-09-21T17:46:54.365] Cog0  BM-ACROSS,seq,1_842,leg,6,motor,RIGHT,phase,0,rising,TRUE,hall,3,tick,-1,t_us,45_755,dur_us,108_807
[2026-09-21T17:46:54.367] Cog0  BM-ACROSS,seq,1_843,leg,6,motor,RIGHT,phase,0,rising,FALSE,hall,3,tick,-1,t_us,45_808,dur_us,108_807
[2026-09-21T17:46:54.368] Cog0  BM-ACROSS,seq,1_844,leg,6,motor,RIGHT,phase,0,rising,TRUE,hall,3,tick,-1,t_us,46_976,dur_us,108_807
[2026-09-21T17:46:54.369] Cog0  BM-ACROSS,seq,1_845,leg,6,motor,RIGHT,phase,0,rising,FALSE,hall,3,tick,-1,t_us,47_269,dur_us,108_807
[2026-09-21T17:46:54.370] Cog0  BM-ACROSS,seq,1_846,leg,6,motor,RIGHT,phase,0,rising,TRUE,hall,3,tick,-1,t_us,47_371,dur_us,108_807
[2026-09-21T17:46:54.371] Cog0  BM-ACROSS,seq,1_847,leg,6,motor,RIGHT,phase,0,rising,FALSE,hall,3,tick,-1,t_us,47_568,dur_us,108_807
[2026-09-21T17:46:54.373] Cog0  BM-ACROSS,seq,1_848,leg,6,motor,RIGHT,phase,0,rising,TRUE,hall,3,tick,-1,t_us,47_621,dur_us,108_807
[2026-09-21T17:46:54.373] Cog0  BM-ACROSS,seq,1_849,leg,6,motor,RIGHT,phase,0,rising,FALSE,hall,3,tick,-1,t_us,47_770,dur_us,108_807
[2026-09-21T17:46:54.375] Cog0  BM-ACROSS,seq,1_850,leg,6,motor,RIGHT,phase,0,rising,TRUE,hall,3,tick,-1,t_us,48_937,dur_us,108_807
[2026-09-21T17:46:54.376] Cog0  BM-ACROSS,seq,1_851,leg,6,motor,RIGHT,phase,0,rising,FALSE,hall,3,tick,-1,t_us,49_616,dur_us,108_807
[2026-09-21T17:46:54.377] Cog0  BM-ACROSS,seq,1_852,leg,6,motor,RIGHT,phase,0,rising,TRUE,hall,3,tick,-1,t_us,49_717,dur_us,108_807
[2026-09-21T17:46:54.378] Cog0  BM-ACROSS,seq,1_853,leg,6,motor,RIGHT,phase,0,rising,FALSE,hall,3,tick,-1,t_us,50_010,dur_us,108_807
[2026-09-21T17:46:54.379] Cog0  BM-ACROSS,seq,1_854,leg,6,motor,RIGHT,phase,0,rising,TRUE,hall,3,tick,-1,t_us,51_275,dur_us,108_807
[2026-09-21T17:46:54.381] Cog0  BM-ACROSS,seq,1_855,leg,6,motor,RIGHT,phase,0,rising,FALSE,hall,3,tick,-1,t_us,51_857,dur_us,108_807
[2026-09-21T17:46:54.381] Cog0  BM-ACROSS,seq,1_856,leg,6,motor,RIGHT,phase,0,rising,TRUE,hall,3,tick,-1,t_us,51_958,dur_us,108_807
[2026-09-21T17:46:54.383] Cog0  BM-ACROSS,seq,1_857,leg,6,motor,RIGHT,phase,0,rising,FALSE,hall,3,tick,-1,t_us,52_011,dur_us,108_807
[2026-09-21T17:46:54.384] Cog0  BM-ACROSS,seq,1_858,leg,6,motor,RIGHT,phase,0,rising,TRUE,hall,3,tick,-1,t_us,52_353,dur_us,108_807
[2026-09-21T17:46:54.385] Cog0  BM-ACROSS,seq,1_859,leg,6,motor,RIGHT,phase,0,rising,FALSE,hall,3,tick,-1,t_us,52_406,dur_us,108_807
[2026-09-21T17:46:54.386] Cog0  BM-ACROSS,seq,1_860,leg,6,motor,RIGHT,phase,0,rising,TRUE,hall,3,tick,-1,t_us,52_508,dur_us,108_807
[2026-09-21T17:46:54.387] Cog0  BM-ACROSS,seq,1_861,leg,6,motor,RIGHT,phase,0,rising,FALSE,hall,3,tick,-1,t_us,52_561,dur_us,108_807
[2026-09-21T17:46:54.389] Cog0  BM-ACROSS,seq,1_862,leg,6,motor,RIGHT,phase,0,rising,TRUE,hall,3,tick,-1,t_us,53_438,dur_us,108_807
[2026-09-21T17:46:54.390] Cog0  BM-ACROSS,seq,1_863,leg,6,motor,RIGHT,phase,0,rising,FALSE,hall,3,tick,-1,t_us,53_925,dur_us,108_807
[2026-09-21T17:46:54.391] Cog0  BM-ACROSS,seq,1_864,leg,6,motor,RIGHT,phase,0,rising,TRUE,hall,3,tick,-1,t_us,54_026,dur_us,108_807
[2026-09-21T17:46:54.392] Cog0  BM-ACROSS,seq,1_865,leg,6,motor,RIGHT,phase,0,rising,FALSE,hall,3,tick,-1,t_us,54_127,dur_us,108_807
[2026-09-21T17:46:54.393] Cog0  BM-ACROSS,seq,1_866,leg,6,motor,RIGHT,phase,0,rising,TRUE,hall,3,tick,-1,t_us,54_180,dur_us,108_807
[2026-09-21T17:46:54.394] Cog0  BM-ACROSS,seq,1_867,leg,6,motor,RIGHT,phase,0,rising,FALSE,hall,3,tick,-1,t_us,54_234,dur_us,108_807
[2026-09-21T17:46:54.395] Cog0  BM-ACROSS,seq,1_868,leg,6,motor,RIGHT,phase,0,rising,TRUE,hall,3,tick,-1,t_us,54_335,dur_us,108_807
[2026-09-21T17:46:54.397] Cog0  BM-ACROSS,seq,1_869,leg,6,motor,RIGHT,phase,0,rising,FALSE,hall,3,tick,-1,t_us,54_436,dur_us,108_807
[2026-09-21T17:46:54.398] Cog0  BM-ACROSS,seq,1_870,leg,6,motor,RIGHT,phase,0,rising,TRUE,hall,3,tick,-1,t_us,55_796,dur_us,108_807
[2026-09-21T17:46:54.399] Cog0  BM-ACROSS,seq,1_871,leg,6,motor,RIGHT,phase,0,rising,FALSE,hall,3,tick,-1,t_us,56_138,dur_us,108_807
[2026-09-21T17:46:54.400] Cog0  BM-ACROSS,seq,1_872,leg,6,motor,RIGHT,phase,0,rising,TRUE,hall,3,tick,-1,t_us,56_191,dur_us,108_807
[2026-09-21T17:46:54.401] Cog0  BM-ACROSS,seq,1_873,leg,6,motor,RIGHT,phase,0,rising,FALSE,hall,3,tick,-1,t_us,56_292,dur_us,108_807
[2026-09-21T17:46:54.403] Cog0  BM-ACROSS,seq,1_874,leg,6,motor,RIGHT,phase,0,rising,TRUE,hall,3,tick,-1,t_us,56_346,dur_us,108_807
[2026-09-21T17:46:54.403] Cog0  BM-ACROSS,seq,1_875,leg,6,motor,RIGHT,phase,0,rising,FALSE,hall,3,tick,-1,t_us,56_495,dur_us,108_807
[2026-09-21T17:46:54.405] Cog0  BM-ACROSS,seq,1_876,leg,6,motor,RIGHT,phase,0,rising,TRUE,hall,3,tick,-1,t_us,57_759,dur_us,108_807
[2026-09-21T17:46:54.406] Cog0  BM-ACROSS,seq,1_877,leg,6,motor,RIGHT,phase,0,rising,FALSE,hall,3,tick,-1,t_us,58_629,dur_us,108_807
[2026-09-21T17:46:54.407] Cog0  BM-ACROSS,seq,1_878,leg,6,motor,RIGHT,phase,0,rising,TRUE,hall,3,tick,-1,t_us,58_682,dur_us,108_807
[2026-09-21T17:46:54.408] Cog0  BM-ACROSS,seq,1_879,leg,6,motor,RIGHT,phase,0,rising,FALSE,hall,3,tick,-1,t_us,58_735,dur_us,108_807
[2026-09-21T17:46:54.409] Cog0  BM-ACROSS,seq,1_880,leg,6,motor,RIGHT,phase,0,rising,TRUE,hall,3,tick,-1,t_us,59_031,dur_us,108_807
[2026-09-21T17:46:54.410] Cog0  BM-ACROSS,seq,1_881,leg,6,motor,RIGHT,phase,0,rising,FALSE,hall,3,tick,-1,t_us,59_132,dur_us,108_807
[2026-09-21T17:46:54.411] Cog0  BM-ACROSS,seq,1_882,leg,6,motor,RIGHT,phase,0,rising,TRUE,hall,3,tick,-1,t_us,59_960,dur_us,108_807
[2026-09-21T17:46:54.413] Cog0  BM-ACROSS,seq,1_883,leg,6,motor,RIGHT,phase,0,rising,FALSE,hall,3,tick,-1,t_us,61_120,dur_us,108_807
[2026-09-21T17:46:54.414] Cog0  BM-ACROSS,seq,1_884,leg,6,motor,RIGHT,phase,0,rising,TRUE,hall,3,tick,-1,t_us,62_287,dur_us,108_807
[2026-09-21T17:46:54.415] Cog0  BM-ACROSS,seq,1_885,leg,6,motor,RIGHT,phase,0,rising,FALSE,hall,3,tick,-1,t_us,63_495,dur_us,108_807
[2026-09-21T17:46:54.416] Cog0  BM-ACROSS,seq,1_886,leg,6,motor,RIGHT,phase,0,rising,TRUE,hall,3,tick,-1,t_us,64_514,dur_us,108_807
[2026-09-21T17:46:54.417] Cog0  BM-ACROSS,seq,1_887,leg,6,motor,RIGHT,phase,0,rising,FALSE,hall,3,tick,-1,t_us,65_770,dur_us,108_807
[2026-09-21T17:46:54.419] Cog0  BM-ACROSS,seq,1_888,leg,6,motor,RIGHT,phase,0,rising,TRUE,hall,3,tick,-1,t_us,66_642,dur_us,108_807
[2026-09-21T17:46:54.420] Cog0  BM-ACROSS,seq,1_889,leg,6,motor,RIGHT,phase,0,rising,FALSE,hall,3,tick,-1,t_us,68_139,dur_us,108_807
[2026-09-21T17:46:54.421] Cog0  BM-ACROSS,seq,1_890,leg,6,motor,RIGHT,phase,0,rising,TRUE,hall,3,tick,-1,t_us,68_385,dur_us,108_807
[2026-09-21T17:46:54.422] Cog0  BM-ACROSS,seq,1_891,leg,6,motor,RIGHT,phase,0,rising,FALSE,hall,3,tick,-1,t_us,68_486,dur_us,108_807
[2026-09-21T17:46:54.423] Cog0  BM-ACROSS,seq,1_892,leg,6,motor,RIGHT,phase,0,rising,TRUE,hall,3,tick,-1,t_us,68_927,dur_us,108_807
[2026-09-21T17:46:54.424] Cog0  BM-ACROSS,seq,1_893,leg,6,motor,RIGHT,phase,0,rising,FALSE,hall,3,tick,-1,t_us,70_376,dur_us,108_807
[2026-09-21T17:46:54.425] Cog0  BM-ACROSS,seq,1_894,leg,6,motor,RIGHT,phase,0,rising,TRUE,hall,3,tick,-1,t_us,70_429,dur_us,108_807
[2026-09-21T17:46:54.427] Cog0  BM-ACROSS,seq,1_895,leg,6,motor,RIGHT,phase,0,rising,FALSE,hall,3,tick,-1,t_us,70_482,dur_us,108_807
[2026-09-21T17:46:54.428] Cog0  BM-ACROSS,seq,1_896,leg,6,motor,RIGHT,phase,0,rising,TRUE,hall,3,tick,-1,t_us,70_535,dur_us,108_807
[2026-09-21T17:46:54.429] Cog0  BM-ACROSS,seq,1_897,leg,6,motor,RIGHT,phase,0,rising,FALSE,hall,3,tick,-1,t_us,70_732,dur_us,108_807
[2026-09-21T17:46:54.430] Cog0  BM-ACROSS,seq,1_898,leg,6,motor,RIGHT,phase,0,rising,TRUE,hall,3,tick,-1,t_us,71_076,dur_us,108_807
[2026-09-21T17:46:54.431] Cog0  BM-ACROSS,seq,1_899,leg,6,motor,RIGHT,phase,0,rising,FALSE,hall,3,tick,-1,t_us,73_054,dur_us,108_807
[2026-09-21T17:46:54.432] Cog0  BM-ACROSS,seq,1_900,leg,6,motor,RIGHT,phase,0,rising,TRUE,hall,3,tick,-1,t_us,73_348,dur_us,108_807
[2026-09-21T17:46:54.433] Cog0  BM-ACROSS,seq,1_901,leg,6,motor,RIGHT,phase,0,rising,FALSE,hall,3,tick,-1,t_us,73_401,dur_us,108_807
[2026-09-21T17:46:54.435] Cog0  BM-ACROSS,seq,1_902,leg,6,motor,RIGHT,phase,0,rising,TRUE,hall,3,tick,-1,t_us,73_502,dur_us,108_807
[2026-09-21T17:46:54.436] Cog0  BM-ACROSS,seq,1_903,leg,6,motor,RIGHT,phase,2,rising,FALSE,hall,2,tick,-2,t_us,19_904,dur_us,45_897
[2026-09-21T17:46:54.437] Cog0  BM-ACROSS,seq,1_904,leg,6,motor,RIGHT,phase,2,rising,TRUE,hall,2,tick,-2,t_us,19_958,dur_us,45_897
[2026-09-21T17:46:54.438] Cog0  BM-ACROSS,seq,1_905,leg,6,motor,RIGHT,phase,2,rising,FALSE,hall,2,tick,-2,t_us,21_225,dur_us,45_897
[2026-09-21T17:46:54.439] Cog0  BM-ACROSS,seq,1_906,leg,6,motor,RIGHT,phase,2,rising,TRUE,hall,2,tick,-2,t_us,21_425,dur_us,45_897
[2026-09-21T17:46:54.440] Cog0  BM-ACROSS,seq,1_907,leg,6,motor,RIGHT,phase,2,rising,FALSE,hall,2,tick,-2,t_us,21_479,dur_us,45_897
[2026-09-21T17:46:54.441] Cog0  BM-ACROSS,seq,1_908,leg,6,motor,RIGHT,phase,2,rising,TRUE,hall,2,tick,-2,t_us,22_267,dur_us,45_897
[2026-09-21T17:46:54.443] Cog0  BM-ACROSS,seq,1_909,leg,6,motor,RIGHT,phase,2,rising,FALSE,hall,2,tick,-2,t_us,22_995,dur_us,45_897
[2026-09-21T17:46:54.444] Cog0  BM-ACROSS,seq,1_910,leg,6,motor,RIGHT,phase,2,rising,TRUE,hall,2,tick,-2,t_us,24_463,dur_us,45_897
[2026-09-21T17:46:54.445] Cog0  BM-ACROSS,seq,1_911,leg,6,motor,RIGHT,phase,2,rising,FALSE,hall,2,tick,-2,t_us,24_901,dur_us,45_897
[2026-09-21T17:46:54.446] Cog0  BM-ACROSS,seq,1_912,leg,6,motor,RIGHT,phase,1,rising,TRUE,hall,6,tick,-3,t_us,16_782,dur_us,37_158
[2026-09-21T17:46:54.447] Cog0  BM-ACROSS,seq,1_913,leg,6,motor,RIGHT,phase,0,rising,FALSE,hall,4,tick,-4,t_us,16_630,dur_us,31_246
[2026-09-21T17:46:54.448] Cog0  BM-ACROSS,seq,1_914,leg,6,motor,RIGHT,phase,0,rising,TRUE,hall,4,tick,-4,t_us,17_026,dur_us,31_246
[2026-09-21T17:46:54.449] Cog0  BM-ACROSS,seq,1_915,leg,6,motor,RIGHT,phase,0,rising,FALSE,hall,4,tick,-4,t_us,17_518,dur_us,31_246
[2026-09-21T17:46:54.450] Cog0  BM-ACROSS,seq,1_916,leg,6,motor,RIGHT,phase,0,rising,TRUE,hall,4,tick,-4,t_us,17_816,dur_us,31_246
[2026-09-21T17:46:54.452] Cog0  BM-ACROSS,seq,1_917,leg,6,motor,RIGHT,phase,0,rising,FALSE,hall,4,tick,-4,t_us,17_967,dur_us,31_246
[2026-09-21T17:46:54.453] Cog0  BM-ACROSS,seq,1_918,leg,6,motor,RIGHT,phase,2,rising,TRUE,hall,5,tick,-5,t_us,8_403,dur_us,23_859
[2026-09-21T17:46:54.454] Cog0  BM-ACROSS,seq,1_919,leg,6,motor,RIGHT,phase,1,rising,FALSE,hall,1,tick,-6,t_us,12_585,dur_us,18_686
[2026-09-21T17:46:54.455] Cog0  BM-ACROSS,seq,1_920,leg,6,motor,RIGHT,phase,0,rising,TRUE,hall,3,tick,-7,t_us,4_770,dur_us,17_886
[2026-09-21T17:46:54.456] Cog0  BM-ACROSS,seq,1_921,leg,6,motor,RIGHT,phase,2,rising,FALSE,hall,2,tick,-8,t_us,11_122,dur_us,16_395
[2026-09-21T17:46:54.457] Cog0  BM-ACROSS,seq,1_922,leg,6,motor,RIGHT,phase,1,rising,TRUE,hall,6,tick,-9,t_us,2_708,dur_us,14_069
[2026-09-21T17:46:54.458] Cog0  BM-ACROSS,seq,1_923,leg,6,motor,RIGHT,phase,0,rising,FALSE,hall,4,tick,-10,t_us,10_586,dur_us,13_893
[2026-09-21T17:46:54.460] Cog0  BM-ACROSS,seq,1_924,leg,6,motor,RIGHT,phase,2,rising,TRUE,hall,5,tick,-11,t_us,2_421,dur_us,13_685
[2026-09-21T17:46:54.461] Cog0  BM-ACROSS,seq,1_925,leg,6,motor,RIGHT,phase,1,rising,FALSE,hall,1,tick,-12,t_us,8_783,dur_us,11_700
[2026-09-21T17:46:54.462] Cog0  BM-ACROSS,seq,1_926,leg,6,motor,RIGHT,phase,0,rising,TRUE,hall,3,tick,-13,t_us,1_730,dur_us,11_581
[2026-09-21T17:46:54.463] Cog0  BM-ACROSS,seq,1_927,leg,6,motor,RIGHT,phase,2,rising,FALSE,hall,2,tick,-14,t_us,8_978,dur_us,11_549
[2026-09-21T17:46:54.464] Cog0  BM-ACROSS,seq,1_928,leg,6,motor,RIGHT,phase,1,rising,TRUE,hall,6,tick,-15,t_us,991,dur_us,10_940
[2026-09-21T17:46:54.465] Cog0  BM-ACROSS,seq,1_929,leg,6,motor,RIGHT,phase,0,rising,FALSE,hall,4,tick,-16,t_us,7_808,dur_us,9_785
[2026-09-21T17:46:54.466] Cog0  BM-ACROSS,seq,1_930,leg,6,motor,RIGHT,phase,2,rising,TRUE,hall,5,tick,-17,t_us,1_238,dur_us,10_260
[2026-09-21T17:46:54.468] Cog0  BM-ACROSS,seq,1_931,leg,6,motor,RIGHT,phase,1,rising,FALSE,hall,1,tick,-18,t_us,7_467,dur_us,9_640
[2026-09-21T17:46:54.469] Cog0  BM-ACROSS,seq,1_932,leg,6,motor,RIGHT,phase,0,rising,TRUE,hall,3,tick,-19,t_us,696,dur_us,9_084
[2026-09-21T17:46:54.470] Cog0  BM-ACROSS,seq,1_933,leg,6,motor,RIGHT,phase,2,rising,FALSE,hall,2,tick,-20,t_us,7_711,dur_us,9_491
[2026-09-21T17:46:54.471] Cog0  BM-ACROSS,seq,1_934,leg,6,motor,RIGHT,phase,1,rising,TRUE,hall,6,tick,-21,t_us,843,dur_us,9_426
[2026-09-21T17:46:54.472] Cog0  BM-ACROSS,seq,1_935,leg,6,motor,RIGHT,phase,0,rising,FALSE,hall,4,tick,-22,t_us,7_126,dur_us,8_708
[2026-09-21T17:46:54.473] Cog0  BM-ACROSS,seq,1_936,leg,6,motor,RIGHT,phase,2,rising,TRUE,hall,5,tick,-23,t_us,795,dur_us,8_891
[2026-09-21T17:46:54.474] Cog0  BM-ACROSS,seq,1_937,leg,6,motor,RIGHT,phase,1,rising,FALSE,hall,1,tick,-24,t_us,7_272,dur_us,8_950
[2026-09-21T17:46:54.475] Cog0  BM-ACROSS,seq,1_938,leg,6,motor,RIGHT,phase,0,rising,TRUE,hall,3,tick,-25,t_us,452,dur_us,8_986
[2026-09-21T17:46:54.476] Cog0  BM-ACROSS,seq,1_939,leg,6,motor,RIGHT,phase,2,rising,FALSE,hall,2,tick,-26,t_us,6_931,dur_us,8_316
[2026-09-21T17:46:54.478] Cog0  BM-ACROSS,seq,1_940,leg,6,motor,RIGHT,phase,1,rising,TRUE,hall,6,tick,-27,t_us,795,dur_us,8_890
[2026-09-21T17:46:54.479] Cog0  BM-ACROSS,seq,1_941,leg,6,motor,RIGHT,phase,0,rising,FALSE,hall,4,tick,-28,t_us,6_980,dur_us,8_758
[2026-09-21T17:46:54.480] Cog0  BM-ACROSS,seq,1_942,leg,6,motor,RIGHT,phase,2,rising,TRUE,hall,5,tick,-29,t_us,451,dur_us,8_157
[2026-09-21T17:46:54.481] Cog0  BM-ACROSS,seq,1_943,leg,6,motor,RIGHT,phase,1,rising,FALSE,hall,1,tick,-30,t_us,7_321,dur_us,8_901
[2026-09-21T17:46:54.482] Cog0  BM-ACROSS,seq,1_944,leg,6,motor,RIGHT,phase,0,rising,TRUE,hall,3,tick,-31,t_us,648,dur_us,8_890
[2026-09-21T17:46:54.483] Cog0  BM-ACROSS,seq,1_945,leg,6,motor,RIGHT,phase,2,rising,FALSE,hall,2,tick,-32,t_us,6_687,dur_us,7_824
[2026-09-21T17:46:54.484] Cog0  BM-ACROSS,seq,1_946,leg,6,motor,RIGHT,phase,1,rising,TRUE,hall,6,tick,-33,t_us,942,dur_us,8_551
[2026-09-21T17:46:54.485] Cog0  BM-ACROSS,seq,1_947,leg,6,motor,RIGHT,phase,0,rising,FALSE,hall,4,tick,-34,t_us,6_883,dur_us,8_360
[2026-09-21T17:46:54.486] Cog0  BM-ACROSS,seq,1_948,leg,6,motor,RIGHT,phase,2,rising,TRUE,hall,5,tick,-35,t_us,353,dur_us,7_669
[2026-09-21T17:46:54.487] Cog0  BM-ACROSS,seq,1_949,leg,6,motor,RIGHT,phase,1,rising,FALSE,hall,1,tick,-36,t_us,6_931,dur_us,8_065
[2026-09-21T17:46:54.489] Cog0  BM-ACROSS,seq,1_950,leg,6,motor,RIGHT,phase,0,rising,TRUE,hall,3,tick,-37,t_us,501,dur_us,7_914
[2026-09-21T17:46:54.490] Cog0  BM-ACROSS,seq,1_951,leg,6,motor,RIGHT,phase,2,rising,FALSE,hall,2,tick,-38,t_us,6_346,dur_us,7_183
[2026-09-21T17:46:54.491] Cog0  BM-ACROSS,seq,1_952,leg,6,motor,RIGHT,phase,1,rising,TRUE,hall,6,tick,-39,t_us,795,dur_us,7_770
[2026-09-21T17:46:54.492] Cog0  BM-ACROSS,seq,1_953,leg,6,motor,RIGHT,phase,0,rising,FALSE,hall,4,tick,-40,t_us,6_736,dur_us,7_916
[2026-09-21T17:46:54.493] Cog0  BM-ACROSS,seq,1_954,leg,6,motor,RIGHT,phase,2,rising,TRUE,hall,5,tick,-41,t_us,451,dur_us,7_280
[2026-09-21T17:46:54.494] Cog0  BM-ACROSS,seq,1_955,leg,6,motor,RIGHT,phase,1,rising,FALSE,hall,1,tick,-42,t_us,6_785,dur_us,7_723
[2026-09-21T17:46:54.495] Cog0  BM-ACROSS,seq,1_956,leg,6,motor,RIGHT,phase,0,rising,TRUE,hall,3,tick,-43,t_us,697,dur_us,7_964
[2026-09-21T17:46:54.497] Cog0  BM-ACROSS,seq,1_957,leg,6,motor,RIGHT,phase,2,rising,FALSE,hall,2,tick,-44,t_us,6_590,dur_us,7_529
[2026-09-21T17:46:54.498] Cog0  BM-ACROSS,seq,1_958,leg,6,motor,RIGHT,phase,1,rising,TRUE,hall,6,tick,-45,t_us,844,dur_us,8_209
[2026-09-21T17:46:54.499] Cog0  BM-ACROSS,seq,1_959,leg,6,motor,RIGHT,phase,0,rising,FALSE,hall,4,tick,-46,t_us,6_980,dur_us,8_459
[2026-09-21T17:46:54.500] Cog0  BM-ACROSS,seq,1_960,leg,6,motor,RIGHT,phase,2,rising,TRUE,hall,5,tick,-47,t_us,598,dur_us,8_353
[2026-09-21T17:46:54.501] Cog0  BM-ACROSS,seq,1_961,leg,6,motor,RIGHT,phase,1,rising,FALSE,hall,1,tick,-48,t_us,7_126,dur_us,8_314
[2026-09-21T17:46:54.502] Cog0  BM-ACROSS,seq,1_962,leg,6,motor,RIGHT,phase,0,rising,TRUE,hall,3,tick,-49,t_us,1_188,dur_us,9_187
[2026-09-21T17:46:54.503] Cog0  BM-ACROSS,seq,1_963,leg,6,motor,RIGHT,phase,2,rising,FALSE,hall,2,tick,-50,t_us,7_809,dur_us,9_540
[2026-09-21T17:46:54.504] Cog0  BM-ACROSS,seq,1_964,leg,6,motor,RIGHT,phase,1,rising,TRUE,hall,6,tick,-51,t_us,992,dur_us,9_283
[2026-09-21T17:46:54.505] Cog0  BM-ACROSS,seq,1_965,leg,6,motor,RIGHT,phase,0,rising,FALSE,hall,4,tick,-52,t_us,8_198,dur_us,9_780
[2026-09-21T17:46:54.507] Cog0  BM-ACROSS,seq,1_966,leg,6,motor,RIGHT,phase,2,rising,TRUE,hall,5,tick,-53,t_us,1_237,dur_us,9_869
[2026-09-21T17:46:54.508] Cog0  BM-ACROSS,seq,1_967,leg,6,motor,RIGHT,phase,1,rising,FALSE,hall,1,tick,-54,t_us,7_906,dur_us,9_586
[2026-09-21T17:46:54.509] Cog0  BM-ACROSS,seq,1_968,leg,6,motor,RIGHT,phase,0,rising,TRUE,hall,3,tick,-55,t_us,1_240,dur_us,10_019
[2026-09-21T17:46:54.510] Cog0  BM-ACROSS,seq,1_969,leg,6,motor,RIGHT,phase,2,rising,FALSE,hall,2,tick,-56,t_us,7_906,dur_us,9_734
[2026-09-21T17:46:54.511] Cog0  BM-ACROSS,seq,1_970,leg,6,motor,RIGHT,phase,1,rising,TRUE,hall,6,tick,-57,t_us,1_091,dur_us,9_675
[2026-09-21T17:46:54.512] Cog0  BM-ACROSS,seq,1_971,leg,6,motor,RIGHT,phase,0,rising,FALSE,hall,4,tick,-58,t_us,7_516,dur_us,9_057
[2026-09-21T17:46:54.513] Cog0  BM-ACROSS,seq,1_972,leg,6,motor,RIGHT,phase,0,rising,TRUE,hall,4,tick,-58,t_us,7_668,dur_us,9_057
[2026-09-21T17:46:54.515] Cog0  BM-ACROSS,seq,1_973,leg,6,motor,RIGHT,phase,0,rising,FALSE,hall,4,tick,-58,t_us,7_721,dur_us,9_057
[2026-09-21T17:46:54.516] Cog0  BM-ACROSS,seq,1_974,leg,6,motor,RIGHT,phase,2,rising,TRUE,hall,5,tick,-59,t_us,1_341,dur_us,9_583
[2026-09-21T17:46:54.517] Cog0  BM-ACROSS,seq,1_975,leg,6,motor,RIGHT,phase,1,rising,FALSE,hall,1,tick,-60,t_us,7_760,dur_us,9_492
[2026-09-21T17:46:54.518] Cog0  BM-ACROSS,seq,1_976,leg,6,motor,RIGHT,phase,0,rising,TRUE,hall,3,tick,-61,t_us,942,dur_us,9_136
[2026-09-21T17:46:54.519] Cog0  BM-ACROSS,seq,1_977,leg,6,motor,RIGHT,phase,2,rising,FALSE,hall,2,tick,-62,t_us,7_857,dur_us,9_438
[2026-09-21T17:46:54.520] Cog0  BM-ACROSS,seq,1_978,leg,6,motor,RIGHT,phase,1,rising,TRUE,hall,6,tick,-63,t_us,1_143,dur_us,9_677
[2026-09-21T17:46:54.521] Cog0  BM-ACROSS,seq,1_979,leg,6,motor,RIGHT,phase,0,rising,FALSE,hall,4,tick,-64,t_us,7_906,dur_us,9_489
[2026-09-21T17:46:54.522] Cog0  BM-ACROSS,seq,1_980,leg,6,motor,RIGHT,phase,2,rising,TRUE,hall,5,tick,-65,t_us,1_238,dur_us,10_065
[2026-09-21T17:46:54.523] Cog0  BM-ACROSS,seq,1_981,leg,6,motor,RIGHT,phase,1,rising,FALSE,hall,1,tick,-66,t_us,7_808,dur_us,9_745
[2026-09-21T17:46:54.525] Cog0  BM-ACROSS,seq,1_982,leg,6,motor,RIGHT,phase,1,rising,TRUE,hall,1,tick,-66,t_us,7_862,dur_us,9_745
[2026-09-21T17:46:54.526] Cog0  BM-ACROSS,seq,1_983,leg,6,motor,RIGHT,phase,1,rising,FALSE,hall,1,tick,-66,t_us,8_013,dur_us,9_745
[2026-09-21T17:46:54.527] Cog0  BM-ACROSS,seq,1_984,leg,6,motor,RIGHT,phase,0,rising,TRUE,hall,3,tick,-67,t_us,1_191,dur_us,9_970
[2026-09-21T17:46:54.528] Cog0  BM-ACROSS,seq,1_985,leg,6,motor,RIGHT,phase,2,rising,FALSE,hall,2,tick,-68,t_us,7_760,dur_us,9_836
[2026-09-21T17:46:54.529] Cog0  BM-ACROSS,seq,1_986,leg,6,motor,RIGHT,phase,1,rising,TRUE,hall,6,tick,-69,t_us,991,dur_us,9_574
[2026-09-21T17:46:54.530] Cog0  BM-ACROSS,seq,1_987,leg,6,motor,RIGHT,phase,0,rising,FALSE,hall,4,tick,-70,t_us,8_052,dur_us,9_883
[2026-09-21T17:46:54.531] Cog0  BM-ACROSS,seq,1_988,leg,6,motor,RIGHT,phase,2,rising,TRUE,hall,5,tick,-71,t_us,990,dur_us,9_671
[2026-09-21T17:46:54.532] Cog0  BM-ACROSS,seq,1_989,leg,6,motor,RIGHT,phase,1,rising,FALSE,hall,1,tick,-72,t_us,7_418,dur_us,9_001
[2026-09-21T17:46:54.534] Cog0  BM-ACROSS,seq,1_990,leg,6,motor,RIGHT,phase,0,rising,TRUE,hall,3,tick,-73,t_us,1_092,dur_us,9_383
[2026-09-21T17:46:54.535] Cog0  BM-ACROSS,seq,1_991,leg,6,motor,RIGHT,phase,2,rising,FALSE,hall,2,tick,-74,t_us,7_613,dur_us,9_392
[2026-09-21T17:46:54.536] Cog0  BM-ACROSS,seq,1_992,leg,6,motor,RIGHT,phase,1,rising,TRUE,hall,6,tick,-75,t_us,648,dur_us,9_036
[2026-09-21T17:46:54.537] Cog0  BM-ACROSS,seq,1_993,leg,6,motor,RIGHT,phase,0,rising,FALSE,hall,4,tick,-76,t_us,7_516,dur_us,9_049
[2026-09-21T17:46:54.538] Cog0  BM-ACROSS,seq,1_994,leg,6,motor,RIGHT,phase,2,rising,TRUE,hall,5,tick,-77,t_us,892,dur_us,9_086
[2026-09-21T17:46:54.539] Cog0  BM-ACROSS,seq,1_995,leg,6,motor,RIGHT,phase,1,rising,FALSE,hall,1,tick,-78,t_us,7_272,dur_us,9_002
[2026-09-21T17:46:54.540] Cog0  BM-ACROSS,seq,1_996,leg,6,motor,RIGHT,phase,0,rising,TRUE,hall,3,tick,-79,t_us,697,dur_us,8_842
[2026-09-21T17:46:54.541] Cog0  BM-ACROSS,seq,1_997,leg,6,motor,RIGHT,phase,2,rising,FALSE,hall,2,tick,-80,t_us,7_565,dur_us,9_097
[2026-09-21T17:46:54.542] Cog0  BM-ACROSS,seq,1_998,leg,6,motor,RIGHT,phase,1,rising,TRUE,hall,6,tick,-81,t_us,944,dur_us,9_332
[2026-09-21T17:46:54.544] Cog0  BM-ACROSS,seq,1_999,leg,6,motor,RIGHT,phase,0,rising,FALSE,hall,4,tick,-82,t_us,7_321,dur_us,8_803
[2026-09-21T17:46:54.545] Cog0  BM-ACROSS,seq,2_000,leg,6,motor,RIGHT,phase,2,rising,TRUE,hall,5,tick,-83,t_us,1_041,dur_us,9_088
[2026-09-21T17:46:54.546] Cog0  BM-ACROSS,seq,2_001,leg,6,motor,RIGHT,phase,1,rising,FALSE,hall,1,tick,-84,t_us,7_565,dur_us,9_393
[2026-09-21T17:46:54.547] Cog0  BM-ACROSS,seq,2_002,leg,6,motor,RIGHT,phase,0,rising,TRUE,hall,3,tick,-85,t_us,696,dur_us,9_182
[2026-09-21T17:46:54.548] Cog0  BM-ACROSS,seq,2_003,leg,6,motor,RIGHT,phase,2,rising,FALSE,hall,2,tick,-86,t_us,7_418,dur_us,9_109
[2026-09-21T17:46:54.549] Cog0  BM-ACROSS,seq,2_004,leg,6,motor,RIGHT,phase,2,rising,TRUE,hall,2,tick,-86,t_us,7_472,dur_us,9_109
[2026-09-21T17:46:54.550] Cog0  BM-ACROSS,seq,2_005,leg,6,motor,RIGHT,phase,2,rising,FALSE,hall,2,tick,-86,t_us,7_526,dur_us,9_109
[2026-09-21T17:46:54.552] Cog0  BM-ACROSS,seq,2_006,leg,6,motor,RIGHT,phase,1,rising,TRUE,hall,6,tick,-87,t_us,994,dur_us,9_431
[2026-09-21T17:46:54.552] Cog0  BM-ACROSS,seq,2_007,leg,6,motor,RIGHT,phase,0,rising,FALSE,hall,4,tick,-88,t_us,7_516,dur_us,9_442
[2026-09-21T17:46:54.554] Cog0  BM-ACROSS,seq,2_008,leg,6,motor,RIGHT,phase,2,rising,TRUE,hall,5,tick,-89,t_us,844,dur_us,9_232
[2026-09-21T17:46:54.555] Cog0  BM-ACROSS,seq,2_009,leg,6,motor,RIGHT,phase,1,rising,FALSE,hall,1,tick,-90,t_us,7_760,dur_us,9_540
[2026-09-21T17:46:54.556] Cog0  BM-ACROSS,seq,2_010,leg,6,motor,RIGHT,phase,0,rising,TRUE,hall,3,tick,-91,t_us,1_090,dur_us,9_868
[2026-09-21T17:46:54.557] Cog0  BM-ACROSS,seq,2_011,leg,6,motor,RIGHT,phase,2,rising,FALSE,hall,2,tick,-92,t_us,7_516,dur_us,9_345
[2026-09-21T17:46:54.558] Cog0  BM-ACROSS,seq,2_012,leg,6,motor,RIGHT,phase,1,rising,TRUE,hall,6,tick,-93,t_us,993,dur_us,9_381
[2026-09-21T17:46:54.559] Cog0  BM-ACROSS,seq,2_013,leg,6,motor,RIGHT,phase,0,rising,FALSE,hall,4,tick,-94,t_us,8_004,dur_us,9_782
[2026-09-21T17:46:54.560] Cog0  BM-ACROSS,seq,2_014,leg,6,motor,RIGHT,phase,2,rising,TRUE,hall,5,tick,-95,t_us,795,dur_us,9_768
[2026-09-21T17:46:54.562] Cog0  BM-ACROSS,seq,2_015,leg,6,motor,RIGHT,phase,1,rising,FALSE,hall,1,tick,-96,t_us,7_224,dur_us,8_906
[2026-09-21T17:46:54.563] Cog0  BM-ACROSS,seq,2_016,leg,6,motor,RIGHT,phase,0,rising,TRUE,hall,3,tick,-97,t_us,1_041,dur_us,9_478
[2026-09-21T17:46:54.564] Cog0  BM-ACROSS,seq,2_017,leg,6,motor,RIGHT,phase,2,rising,FALSE,hall,2,tick,-98,t_us,7_613,dur_us,9_639
[2026-09-21T17:46:54.565] Cog0  BM-ACROSS,seq,2_018,leg,6,motor,RIGHT,phase,1,rising,TRUE,hall,6,tick,-99,t_us,599,dur_us,8_987
[2026-09-21T17:46:54.566] Cog0  BM-ACROSS,seq,2_019,leg,6,motor,RIGHT,phase,0,rising,FALSE,hall,4,tick,-100,t_us,7_857,dur_us,9_440
[2026-09-21T17:46:54.567] Cog0  BM-ACROSS,seq,2_020,leg,6,motor,RIGHT,phase,2,rising,TRUE,hall,5,tick,-101,t_us,1_041,dur_us,9_868
[2026-09-21T17:46:54.568] Cog0  BM-ACROSS,seq,2_021,leg,6,motor,RIGHT,phase,1,rising,FALSE,hall,1,tick,-102,t_us,7_175,dur_us,8_955
[2026-09-21T17:46:54.570] Cog0  BM-ACROSS,seq,2_022,leg,6,motor,RIGHT,phase,0,rising,TRUE,hall,3,tick,-103,t_us,942,dur_us,9_184
[2026-09-21T17:46:54.571] Cog0  BM-ACROSS,seq,2_023,leg,6,motor,RIGHT,phase,2,rising,FALSE,hall,2,tick,-104,t_us,7_808,dur_us,9_589
[2026-09-21T17:46:54.572] Cog0  BM-ACROSS,seq,2_024,leg,6,motor,RIGHT,phase,1,rising,TRUE,hall,6,tick,-105,t_us,647,dur_us,9_475
[2026-09-21T17:46:54.573] Cog0  BM-ACROSS,seq,2_025,leg,6,motor,RIGHT,phase,0,rising,FALSE,hall,4,tick,-106,t_us,7_175,dur_us,8_758
[2026-09-21T17:46:54.574] Cog0  BM-ACROSS,seq,2_026,leg,6,motor,RIGHT,phase,2,rising,TRUE,hall,5,tick,-107,t_us,990,dur_us,9_476
[2026-09-21T17:46:54.575] Cog0  BM-ACROSS,seq,2_027,leg,6,motor,RIGHT,phase,1,rising,FALSE,hall,1,tick,-108,t_us,7_175,dur_us,9_151
[2026-09-21T17:46:54.576] Cog0  BM-ACROSS,seq,2_028,leg,6,motor,RIGHT,phase,0,rising,TRUE,hall,3,tick,-109,t_us,598,dur_us,8_792
[2026-09-21T17:46:54.577] Cog0  BM-ACROSS,seq,2_029,leg,6,motor,RIGHT,phase,2,rising,FALSE,hall,2,tick,-110,t_us,7_565,dur_us,9_294
[2026-09-21T17:46:54.578] Cog0  BM-ACROSS,seq,2_030,leg,6,motor,RIGHT,phase,1,rising,TRUE,hall,6,tick,-111,t_us,795,dur_us,9_329
[2026-09-21T17:46:54.580] Cog0  BM-ACROSS,seq,2_031,leg,6,motor,RIGHT,phase,0,rising,FALSE,hall,4,tick,-112,t_us,7_077,dur_us,8_659
[2026-09-21T17:46:54.581] Cog0  BM-ACROSS,seq,2_032,leg,6,motor,RIGHT,phase,2,rising,TRUE,hall,5,tick,-113,t_us,844,dur_us,8_940
[2026-09-21T17:46:54.583] Cog0  BM-ACROSS,seq,2_033,leg,6,motor,RIGHT,phase,1,rising,FALSE,hall,1,tick,-114,t_us,7_175,dur_us,8_903
[2026-09-21T17:46:54.599] Cog0  BM-ALEG,seq,2_034,leg,6,motor,RIGHT,speed,FAST,ask_dir,FORWARD,meas_dir,REVERSE,ticks,-270,span_ms,2_687,edge_s_x10,1_004,samples,110_215,sectors,269,samp_sect,138,cross,288,unusable,0,dropped,157,clip,53_747,peak_i_mV,4,bias_still,TRUE,outcome,CLIPPED
[2026-09-21T17:46:55.237] Cog0  BM-AGUIDE,seq,2_035,leg,7,motor,RIGHT,ask_dir,REVERSE,speed,FAST,turns,3,ticks,270,bias_still,TRUE,bias_u_mV,55,bias_v_mV,52,bias_w_mV,53,bias_tries,1
[2026-09-21T17:46:55.253] Cog0  TURN RIGHT WHEEL REVERSE, FAST -- keep turning until output resumes
[2026-09-21T17:46:58.999] Cog0  BM-ACROSS,seq,2_036,leg,7,motor,RIGHT,phase,2,rising,TRUE,hall,3,tick,1,t_us,3_298,dur_us,129_648
[2026-09-21T17:46:59.001] Cog0  BM-ACROSS,seq,2_037,leg,7,motor,RIGHT,phase,2,rising,FALSE,hall,3,tick,1,t_us,3_351,dur_us,129_648
[2026-09-21T17:46:59.002] Cog0  BM-ACROSS,seq,2_038,leg,7,motor,RIGHT,phase,0,rising,TRUE,hall,3,tick,1,t_us,5_485,dur_us,129_648
[2026-09-21T17:46:59.003] Cog0  BM-ACROSS,seq,2_039,leg,7,motor,RIGHT,phase,2,rising,TRUE,hall,3,tick,1,t_us,5_586,dur_us,129_648
[2026-09-21T17:46:59.004] Cog0  BM-ACROSS,seq,2_040,leg,7,motor,RIGHT,phase,0,rising,FALSE,hall,3,tick,1,t_us,5_638,dur_us,129_648
[2026-09-21T17:46:59.005] Cog0  BM-ACROSS,seq,2_041,leg,7,motor,RIGHT,phase,2,rising,FALSE,hall,3,tick,1,t_us,5_638,dur_us,129_648
[2026-09-21T17:46:59.006] Cog0  BM-ACROSS,seq,2_042,leg,7,motor,RIGHT,phase,0,rising,TRUE,hall,3,tick,1,t_us,39_454,dur_us,129_648
[2026-09-21T17:46:59.007] Cog0  BM-ACROSS,seq,2_043,leg,7,motor,RIGHT,phase,0,rising,FALSE,hall,3,tick,1,t_us,39_603,dur_us,129_648
[2026-09-21T17:46:59.008] Cog0  BM-ACROSS,seq,2_044,leg,7,motor,RIGHT,phase,0,rising,TRUE,hall,3,tick,1,t_us,44_014,dur_us,129_648
[2026-09-21T17:46:59.010] Cog0  BM-ACROSS,seq,2_045,leg,7,motor,RIGHT,phase,0,rising,FALSE,hall,3,tick,1,t_us,44_211,dur_us,129_648
[2026-09-21T17:46:59.011] Cog0  BM-ACROSS,seq,2_046,leg,7,motor,RIGHT,phase,0,rising,TRUE,hall,3,tick,1,t_us,57_095,dur_us,129_648
[2026-09-21T17:46:59.012] Cog0  BM-ACROSS,seq,2_047,leg,7,motor,RIGHT,phase,0,rising,FALSE,hall,3,tick,1,t_us,57_196,dur_us,129_648
[2026-09-21T17:46:59.013] Cog0  BM-ACROSS,seq,2_048,leg,7,motor,RIGHT,phase,0,rising,TRUE,hall,3,tick,1,t_us,61_798,dur_us,129_648
[2026-09-21T17:46:59.014] Cog0  BM-ACROSS,seq,2_049,leg,7,motor,RIGHT,phase,0,rising,FALSE,hall,3,tick,1,t_us,62_042,dur_us,129_648
[2026-09-21T17:46:59.015] Cog0  BM-ACROSS,seq,2_050,leg,7,motor,RIGHT,phase,0,rising,TRUE,hall,3,tick,1,t_us,63_693,dur_us,129_648
[2026-09-21T17:46:59.016] Cog0  BM-ACROSS,seq,2_051,leg,7,motor,RIGHT,phase,0,rising,FALSE,hall,3,tick,1,t_us,64_179,dur_us,129_648
[2026-09-21T17:46:59.018] Cog0  BM-ACROSS,seq,2_052,leg,7,motor,RIGHT,phase,0,rising,TRUE,hall,3,tick,1,t_us,65_781,dur_us,129_648
[2026-09-21T17:46:59.019] Cog0  BM-ACROSS,seq,2_053,leg,7,motor,RIGHT,phase,0,rising,FALSE,hall,3,tick,1,t_us,66_507,dur_us,129_648
[2026-09-21T17:46:59.020] Cog0  BM-ACROSS,seq,2_054,leg,7,motor,RIGHT,phase,0,rising,TRUE,hall,3,tick,1,t_us,68_060,dur_us,129_648
[2026-09-21T17:46:59.021] Cog0  BM-ACROSS,seq,2_055,leg,7,motor,RIGHT,phase,0,rising,FALSE,hall,3,tick,1,t_us,68_737,dur_us,129_648
[2026-09-21T17:46:59.022] Cog0  BM-ACROSS,seq,2_056,leg,7,motor,RIGHT,phase,0,rising,TRUE,hall,3,tick,1,t_us,70_195,dur_us,129_648
[2026-09-21T17:46:59.023] Cog0  BM-ACROSS,seq,2_057,leg,7,motor,RIGHT,phase,0,rising,FALSE,hall,3,tick,1,t_us,70_729,dur_us,129_648
[2026-09-21T17:46:59.024] Cog0  BM-ACROSS,seq,2_058,leg,7,motor,RIGHT,phase,0,rising,TRUE,hall,3,tick,1,t_us,72_716,dur_us,129_648
[2026-09-21T17:46:59.026] Cog0  BM-ACROSS,seq,2_059,leg,7,motor,RIGHT,phase,0,rising,FALSE,hall,3,tick,1,t_us,72_914,dur_us,129_648
[2026-09-21T17:46:59.027] Cog0  BM-ACROSS,seq,2_060,leg,7,motor,RIGHT,phase,0,rising,TRUE,hall,3,tick,1,t_us,72_967,dur_us,129_648
[2026-09-21T17:46:59.028] Cog0  BM-ACROSS,seq,2_061,leg,7,motor,RIGHT,phase,0,rising,FALSE,hall,3,tick,1,t_us,73_212,dur_us,129_648
[2026-09-21T17:46:59.029] Cog0  BM-ACROSS,seq,2_062,leg,7,motor,RIGHT,phase,0,rising,TRUE,hall,3,tick,1,t_us,74_766,dur_us,129_648
[2026-09-21T17:46:59.029] Cog0  BM-ACROSS,seq,2_063,leg,7,motor,RIGHT,phase,0,rising,FALSE,hall,3,tick,1,t_us,75_395,dur_us,129_648
[2026-09-21T17:46:59.031] Cog0  BM-ACROSS,seq,2_064,leg,7,motor,RIGHT,phase,0,rising,TRUE,hall,3,tick,1,t_us,76_998,dur_us,129_648
[2026-09-21T17:46:59.032] Cog0  BM-ACROSS,seq,2_065,leg,7,motor,RIGHT,phase,0,rising,FALSE,hall,3,tick,1,t_us,77_867,dur_us,129_648
[2026-09-21T17:46:59.034] Cog0  BM-ACROSS,seq,2_066,leg,7,motor,RIGHT,phase,0,rising,TRUE,hall,3,tick,1,t_us,79_228,dur_us,129_648
[2026-09-21T17:46:59.035] Cog0  BM-ACROSS,seq,2_067,leg,7,motor,RIGHT,phase,0,rising,FALSE,hall,3,tick,1,t_us,79_953,dur_us,129_648
[2026-09-21T17:46:59.036] Cog0  BM-ACROSS,seq,2_068,leg,7,motor,RIGHT,phase,0,rising,TRUE,hall,3,tick,1,t_us,81_604,dur_us,129_648
[2026-09-21T17:46:59.037] Cog0  BM-ACROSS,seq,2_069,leg,7,motor,RIGHT,phase,0,rising,FALSE,hall,3,tick,1,t_us,82_521,dur_us,129_648
[2026-09-21T17:46:59.038] Cog0  BM-ACROSS,seq,2_070,leg,7,motor,RIGHT,phase,0,rising,TRUE,hall,3,tick,1,t_us,83_831,dur_us,129_648
[2026-09-21T17:46:59.039] Cog0  BM-ACROSS,seq,2_071,leg,7,motor,RIGHT,phase,0,rising,FALSE,hall,3,tick,1,t_us,84_508,dur_us,129_648
[2026-09-21T17:46:59.040] Cog0  BM-ACROSS,seq,2_072,leg,7,motor,RIGHT,phase,0,rising,TRUE,hall,3,tick,1,t_us,86_156,dur_us,129_648
[2026-09-21T17:46:59.042] Cog0  BM-ACROSS,seq,2_073,leg,7,motor,RIGHT,phase,0,rising,FALSE,hall,3,tick,1,t_us,87_025,dur_us,129_648
[2026-09-21T17:46:59.043] Cog0  BM-ACROSS,seq,2_074,leg,7,motor,RIGHT,phase,0,rising,TRUE,hall,3,tick,1,t_us,87_127,dur_us,129_648
[2026-09-21T17:46:59.044] Cog0  BM-ACROSS,seq,2_075,leg,7,motor,RIGHT,phase,0,rising,FALSE,hall,3,tick,1,t_us,87_515,dur_us,129_648
[2026-09-21T17:46:59.045] Cog0  BM-ACROSS,seq,2_076,leg,7,motor,RIGHT,phase,0,rising,TRUE,hall,3,tick,1,t_us,88_441,dur_us,129_648
[2026-09-21T17:46:59.046] Cog0  BM-ACROSS,seq,2_077,leg,7,motor,RIGHT,phase,0,rising,FALSE,hall,3,tick,1,t_us,89_504,dur_us,129_648
[2026-09-21T17:46:59.047] Cog0  BM-ACROSS,seq,2_078,leg,7,motor,RIGHT,phase,0,rising,TRUE,hall,3,tick,1,t_us,90_671,dur_us,129_648
[2026-09-21T17:46:59.048] Cog0  BM-ACROSS,seq,2_079,leg,7,motor,RIGHT,phase,0,rising,FALSE,hall,3,tick,1,t_us,92_404,dur_us,129_648
[2026-09-21T17:46:59.050] Cog0  BM-ACROSS,seq,2_080,leg,7,motor,RIGHT,phase,0,rising,TRUE,hall,3,tick,1,t_us,92_990,dur_us,129_648
[2026-09-21T17:46:59.051] Cog0  BM-ACROSS,seq,2_081,leg,7,motor,RIGHT,phase,0,rising,FALSE,hall,3,tick,1,t_us,94_197,dur_us,129_648
[2026-09-21T17:46:59.052] Cog0  BM-ACROSS,seq,2_082,leg,7,motor,RIGHT,phase,0,rising,TRUE,hall,3,tick,1,t_us,95_117,dur_us,129_648
[2026-09-21T17:46:59.053] Cog0  BM-ACROSS,seq,2_083,leg,7,motor,RIGHT,phase,0,rising,FALSE,hall,3,tick,1,t_us,96_373,dur_us,129_648
[2026-09-21T17:46:59.054] Cog0  BM-ACROSS,seq,2_084,leg,7,motor,RIGHT,phase,0,rising,TRUE,hall,3,tick,1,t_us,96_762,dur_us,129_648
[2026-09-21T17:46:59.055] Cog0  BM-ACROSS,seq,2_085,leg,7,motor,RIGHT,phase,0,rising,FALSE,hall,3,tick,1,t_us,96_912,dur_us,129_648
[2026-09-21T17:46:59.056] Cog0  BM-ACROSS,seq,2_086,leg,7,motor,RIGHT,phase,0,rising,TRUE,hall,3,tick,1,t_us,97_449,dur_us,129_648
[2026-09-21T17:46:59.058] Cog0  BM-ACROSS,seq,2_087,leg,7,motor,RIGHT,phase,0,rising,FALSE,hall,3,tick,1,t_us,99_089,dur_us,129_648
[2026-09-21T17:46:59.059] Cog0  BM-ACROSS,seq,2_088,leg,7,motor,RIGHT,phase,0,rising,TRUE,hall,3,tick,1,t_us,99_626,dur_us,129_648
[2026-09-21T17:46:59.060] Cog0  BM-ACROSS,seq,2_089,leg,7,motor,RIGHT,phase,0,rising,FALSE,hall,3,tick,1,t_us,100_689,dur_us,129_648
[2026-09-21T17:46:59.061] Cog0  BM-ACROSS,seq,2_090,leg,7,motor,RIGHT,phase,0,rising,TRUE,hall,3,tick,1,t_us,101_270,dur_us,129_648
[2026-09-21T17:46:59.062] Cog0  BM-ACROSS,seq,2_091,leg,7,motor,RIGHT,phase,0,rising,FALSE,hall,3,tick,1,t_us,101_515,dur_us,129_648
[2026-09-21T17:46:59.063] Cog0  BM-ACROSS,seq,2_092,leg,7,motor,RIGHT,phase,0,rising,TRUE,hall,3,tick,1,t_us,101_907,dur_us,129_648
[2026-09-21T17:46:59.064] Cog0  BM-ACROSS,seq,2_093,leg,7,motor,RIGHT,phase,1,rising,FALSE,hall,1,tick,2,t_us,19_423,dur_us,35_712
[2026-09-21T17:46:59.066] Cog0  BM-ACROSS,seq,2_094,leg,7,motor,RIGHT,phase,1,rising,TRUE,hall,1,tick,2,t_us,19_477,dur_us,35_712
[2026-09-21T17:46:59.066] Cog0  BM-ACROSS,seq,2_095,leg,7,motor,RIGHT,phase,1,rising,FALSE,hall,1,tick,2,t_us,19_726,dur_us,35_712
[2026-09-21T17:46:59.068] Cog0  BM-ACROSS,seq,2_096,leg,7,motor,RIGHT,phase,1,rising,TRUE,hall,1,tick,2,t_us,20_662,dur_us,35_712
[2026-09-21T17:46:59.069] Cog0  BM-ACROSS,seq,2_097,leg,7,motor,RIGHT,phase,1,rising,FALSE,hall,1,tick,2,t_us,20_910,dur_us,35_712
[2026-09-21T17:46:59.070] Cog0  BM-ACROSS,seq,2_098,leg,7,motor,RIGHT,phase,1,rising,TRUE,hall,1,tick,2,t_us,21_061,dur_us,35_712
[2026-09-21T17:46:59.071] Cog0  BM-ACROSS,seq,2_099,leg,7,motor,RIGHT,phase,1,rising,FALSE,hall,1,tick,2,t_us,21_261,dur_us,35_712
[2026-09-21T17:46:59.072] Cog0  BM-ACROSS,seq,2_100,leg,7,motor,RIGHT,phase,2,rising,TRUE,hall,5,tick,3,t_us,14_306,dur_us,26_838
[2026-09-21T17:46:59.074] Cog0  BM-ACROSS,seq,2_101,leg,7,motor,RIGHT,phase,0,rising,FALSE,hall,4,tick,4,t_us,16_191,dur_us,21_937
[2026-09-21T17:46:59.074] Cog0  BM-ACROSS,seq,2_102,leg,7,motor,RIGHT,phase,1,rising,TRUE,hall,6,tick,5,t_us,7_050,dur_us,18_606
[2026-09-21T17:46:59.076] Cog0  BM-ACROSS,seq,2_103,leg,7,motor,RIGHT,phase,2,rising,FALSE,hall,2,tick,6,t_us,13_170,dur_us,15_971
[2026-09-21T17:46:59.077] Cog0  BM-ACROSS,seq,2_104,leg,7,motor,RIGHT,phase,0,rising,TRUE,hall,3,tick,7,t_us,5_129,dur_us,15_662
[2026-09-21T17:46:59.078] Cog0  BM-ACROSS,seq,2_105,leg,7,motor,RIGHT,phase,1,rising,FALSE,hall,1,tick,8,t_us,11_562,dur_us,14_232
[2026-09-21T17:46:59.079] Cog0  BM-ACROSS,seq,2_106,leg,7,motor,RIGHT,phase,1,rising,TRUE,hall,1,tick,8,t_us,11_616,dur_us,14_232
[2026-09-21T17:46:59.080] Cog0  BM-ACROSS,seq,2_107,leg,7,motor,RIGHT,phase,1,rising,FALSE,hall,1,tick,8,t_us,11_669,dur_us,14_232
[2026-09-21T17:46:59.081] Cog0  BM-ACROSS,seq,2_108,leg,7,motor,RIGHT,phase,2,rising,TRUE,hall,5,tick,9,t_us,3_565,dur_us,13_075
[2026-09-21T17:46:59.082] Cog0  BM-ACROSS,seq,2_109,leg,7,motor,RIGHT,phase,0,rising,FALSE,hall,4,tick,10,t_us,11_269,dur_us,13_487
[2026-09-21T17:46:59.084] Cog0  BM-ACROSS,seq,2_110,leg,7,motor,RIGHT,phase,1,rising,TRUE,hall,6,tick,11,t_us,2_872,dur_us,12_625
[2026-09-21T17:46:59.085] Cog0  BM-ACROSS,seq,2_111,leg,7,motor,RIGHT,phase,2,rising,FALSE,hall,2,tick,12,t_us,9_709,dur_us,11_039
[2026-09-21T17:46:59.086] Cog0  BM-ACROSS,seq,2_112,leg,7,motor,RIGHT,phase,0,rising,TRUE,hall,3,tick,13,t_us,3_315,dur_us,11_704
[2026-09-21T17:46:59.087] Cog0  BM-ACROSS,seq,2_113,leg,7,motor,RIGHT,phase,1,rising,FALSE,hall,1,tick,14,t_us,10_002,dur_us,11_531
[2026-09-21T17:46:59.088] Cog0  BM-ACROSS,seq,2_114,leg,7,motor,RIGHT,phase,2,rising,TRUE,hall,5,tick,15,t_us,2_576,dur_us,10_526
[2026-09-21T17:46:59.089] Cog0  BM-ACROSS,seq,2_115,leg,7,motor,RIGHT,phase,0,rising,FALSE,hall,4,tick,16,t_us,10_294,dur_us,11_281
[2026-09-21T17:46:59.091] Cog0  BM-ACROSS,seq,2_116,leg,7,motor,RIGHT,phase,1,rising,TRUE,hall,6,tick,17,t_us,2_577,dur_us,11_112
[2026-09-21T17:46:59.092] Cog0  BM-ACROSS,seq,2_117,leg,7,motor,RIGHT,phase,2,rising,FALSE,hall,2,tick,18,t_us,9_417,dur_us,9_912
[2026-09-21T17:46:59.093] Cog0  BM-ACROSS,seq,2_118,leg,7,motor,RIGHT,phase,0,rising,TRUE,hall,3,tick,19,t_us,3_112,dur_us,11_159
[2026-09-21T17:46:59.094] Cog0  BM-ACROSS,seq,2_119,leg,7,motor,RIGHT,phase,1,rising,FALSE,hall,1,tick,20,t_us,9_417,dur_us,10_750
[2026-09-21T17:46:59.095] Cog0  BM-ACROSS,seq,2_120,leg,7,motor,RIGHT,phase,2,rising,TRUE,hall,5,tick,21,t_us,1_885,dur_us,9_689
[2026-09-21T17:46:59.096] Cog0  BM-ACROSS,seq,2_121,leg,7,motor,RIGHT,phase,0,rising,FALSE,hall,4,tick,22,t_us,9_465,dur_us,10_255
[2026-09-21T17:46:59.097] Cog0  BM-ACROSS,seq,2_122,leg,7,motor,RIGHT,phase,1,rising,TRUE,hall,6,tick,23,t_us,2_474,dur_us,10_180
[2026-09-21T17:46:59.098] Cog0  BM-ACROSS,seq,2_123,leg,7,motor,RIGHT,phase,2,rising,FALSE,hall,2,tick,24,t_us,9_027,dur_us,9_425
[2026-09-21T17:46:59.099] Cog0  BM-ACROSS,seq,2_124,leg,7,motor,RIGHT,phase,0,rising,TRUE,hall,3,tick,25,t_us,2_719,dur_us,10_036
[2026-09-21T17:46:59.100] Cog0  BM-ACROSS,seq,2_125,leg,7,motor,RIGHT,phase,1,rising,FALSE,hall,1,tick,26,t_us,9_173,dur_us,9_914
[2026-09-21T17:46:59.102] Cog0  BM-ACROSS,seq,2_126,leg,7,motor,RIGHT,phase,2,rising,TRUE,hall,5,tick,27,t_us,2_082,dur_us,9_544
[2026-09-21T17:46:59.103] Cog0  BM-ACROSS,seq,2_127,leg,7,motor,RIGHT,phase,0,rising,FALSE,hall,4,tick,28,t_us,8_930,dur_us,9_229
[2026-09-21T17:46:59.104] Cog0  BM-ACROSS,seq,2_128,leg,7,motor,RIGHT,phase,1,rising,TRUE,hall,6,tick,29,t_us,2_472,dur_us,9_788
[2026-09-21T17:46:59.105] Cog0  BM-ACROSS,seq,2_129,leg,7,motor,RIGHT,phase,2,rising,FALSE,hall,2,tick,30,t_us,8_637,dur_us,9_427
[2026-09-21T17:46:59.106] Cog0  BM-ACROSS,seq,2_130,leg,7,motor,RIGHT,phase,0,rising,TRUE,hall,3,tick,31,t_us,1_832,dur_us,8_807
[2026-09-21T17:46:59.107] Cog0  BM-ACROSS,seq,2_131,leg,7,motor,RIGHT,phase,1,rising,FALSE,hall,1,tick,32,t_us,8_588,dur_us,9_084
[2026-09-21T17:46:59.108] Cog0  BM-ACROSS,seq,2_132,leg,7,motor,RIGHT,phase,2,rising,TRUE,hall,5,tick,33,t_us,2_030,dur_us,9_102
[2026-09-21T17:46:59.109] Cog0  BM-ACROSS,seq,2_133,leg,7,motor,RIGHT,phase,0,rising,FALSE,hall,4,tick,34,t_us,8_296,dur_us,8_497
[2026-09-21T17:46:59.111] Cog0  BM-ACROSS,seq,2_134,leg,7,motor,RIGHT,phase,1,rising,TRUE,hall,6,tick,35,t_us,2_225,dur_us,8_956
[2026-09-21T17:46:59.111] Cog0  BM-ACROSS,seq,2_135,leg,7,motor,RIGHT,phase,2,rising,FALSE,hall,2,tick,36,t_us,8_442,dur_us,9_085
[2026-09-21T17:46:59.113] Cog0  BM-ACROSS,seq,2_136,leg,7,motor,RIGHT,phase,0,rising,TRUE,hall,3,tick,37,t_us,1_683,dur_us,8_609
[2026-09-21T17:46:59.114] Cog0  BM-ACROSS,seq,2_137,leg,7,motor,RIGHT,phase,1,rising,FALSE,hall,1,tick,38,t_us,8_296,dur_us,8_448
[2026-09-21T17:46:59.115] Cog0  BM-ACROSS,seq,2_138,leg,7,motor,RIGHT,phase,2,rising,TRUE,hall,5,tick,39,t_us,2_174,dur_us,9_393
[2026-09-21T17:46:59.116] Cog0  BM-ACROSS,seq,2_139,leg,7,motor,RIGHT,phase,0,rising,FALSE,hall,4,tick,40,t_us,8_345,dur_us,9_086
[2026-09-21T17:46:59.117] Cog0  BM-ACROSS,seq,2_140,leg,7,motor,RIGHT,phase,1,rising,TRUE,hall,6,tick,41,t_us,1_785,dur_us,8_906
[2026-09-21T17:46:59.118] Cog0  BM-ACROSS,seq,2_141,leg,7,motor,RIGHT,phase,2,rising,FALSE,hall,2,tick,42,t_us,8_978,dur_us,9_719
[2026-09-21T17:46:59.119] Cog0  BM-ACROSS,seq,2_142,leg,7,motor,RIGHT,phase,0,rising,TRUE,hall,3,tick,43,t_us,2_177,dur_us,9_883
[2026-09-21T17:46:59.121] Cog0  BM-ACROSS,seq,2_143,leg,7,motor,RIGHT,phase,1,rising,FALSE,hall,1,tick,44,t_us,8_832,dur_us,9_377
[2026-09-21T17:46:59.121] Cog0  BM-ACROSS,seq,2_144,leg,7,motor,RIGHT,phase,2,rising,TRUE,hall,5,tick,45,t_us,2_771,dur_us,10_331
[2026-09-21T17:46:59.123] Cog0  BM-ACROSS,seq,2_145,leg,7,motor,RIGHT,phase,0,rising,FALSE,hall,4,tick,46,t_us,9_466,dur_us,10_501
[2026-09-21T17:46:59.124] Cog0  BM-ACROSS,seq,2_146,leg,7,motor,RIGHT,phase,1,rising,TRUE,hall,6,tick,47,t_us,2_032,dur_us,9_836
[2026-09-21T17:46:59.125] Cog0  BM-ACROSS,seq,2_147,leg,7,motor,RIGHT,phase,2,rising,FALSE,hall,2,tick,48,t_us,9_173,dur_us,9_620
[2026-09-21T17:46:59.126] Cog0  BM-ACROSS,seq,2_148,leg,7,motor,RIGHT,phase,0,rising,TRUE,hall,3,tick,49,t_us,2_424,dur_us,10_179
[2026-09-21T17:46:59.127] Cog0  BM-ACROSS,seq,2_149,leg,7,motor,RIGHT,phase,1,rising,FALSE,hall,1,tick,50,t_us,8_442,dur_us,9_437
[2026-09-21T17:46:59.129] Cog0  BM-ACROSS,seq,2_150,leg,7,motor,RIGHT,phase,1,rising,TRUE,hall,1,tick,50,t_us,8_545,dur_us,9_437
[2026-09-21T17:46:59.129] Cog0  BM-ACROSS,seq,2_151,leg,7,motor,RIGHT,phase,1,rising,FALSE,hall,1,tick,50,t_us,8_647,dur_us,9_437
[2026-09-21T17:46:59.131] Cog0  BM-ACROSS,seq,2_152,leg,7,motor,RIGHT,phase,2,rising,TRUE,hall,5,tick,51,t_us,1_738,dur_us,8_957
[2026-09-21T17:46:59.132] Cog0  BM-ACROSS,seq,2_153,leg,7,motor,RIGHT,phase,0,rising,FALSE,hall,4,tick,52,t_us,8_296,dur_us,8_840
[2026-09-21T17:46:59.133] Cog0  BM-ACROSS,seq,2_154,leg,7,motor,RIGHT,phase,1,rising,TRUE,hall,6,tick,53,t_us,1_734,dur_us,8_563
[2026-09-21T17:46:59.134] Cog0  BM-ACROSS,seq,2_155,leg,7,motor,RIGHT,phase,2,rising,FALSE,hall,2,tick,54,t_us,7_662,dur_us,8_060
[2026-09-21T17:46:59.135] Cog0  BM-ACROSS,seq,2_156,leg,7,motor,RIGHT,phase,0,rising,TRUE,hall,3,tick,55,t_us,1_680,dur_us,7_924
[2026-09-21T17:46:59.136] Cog0  BM-ACROSS,seq,2_157,leg,7,motor,RIGHT,phase,1,rising,FALSE,hall,1,tick,56,t_us,7_516,dur_us,7_914
[2026-09-21T17:46:59.137] Cog0  BM-ACROSS,seq,2_158,leg,7,motor,RIGHT,phase,2,rising,TRUE,hall,5,tick,57,t_us,1_286,dur_us,7_530
[2026-09-21T17:46:59.138] Cog0  BM-ACROSS,seq,2_159,leg,7,motor,RIGHT,phase,0,rising,FALSE,hall,6,tick,59,t_us,0,dur_us,7_626
[2026-09-21T17:46:59.139] Cog0  BM-ACROSS,seq,2_160,leg,7,motor,RIGHT,phase,1,rising,TRUE,hall,6,tick,59,t_us,1_480,dur_us,7_626
[2026-09-21T17:46:59.141] Cog0  BM-ACROSS,seq,2_161,leg,7,motor,RIGHT,phase,2,rising,FALSE,hall,2,tick,60,t_us,6_981,dur_us,7_231
[2026-09-21T17:46:59.142] Cog0  BM-ACROSS,seq,2_162,leg,7,motor,RIGHT,phase,0,rising,TRUE,hall,3,tick,61,t_us,1_134,dur_us,7_135
[2026-09-21T17:46:59.142] Cog0  BM-ACROSS,seq,2_163,leg,7,motor,RIGHT,phase,1,rising,FALSE,hall,1,tick,62,t_us,6_931,dur_us,7_181
[2026-09-21T17:46:59.144] Cog0  BM-ACROSS,seq,2_164,leg,7,motor,RIGHT,phase,2,rising,TRUE,hall,5,tick,63,t_us,1_280,dur_us,7_134
[2026-09-21T17:46:59.145] Cog0  BM-ACROSS,seq,2_165,leg,7,motor,RIGHT,phase,0,rising,FALSE,hall,4,tick,64,t_us,7_029,dur_us,7_181
[2026-09-21T17:46:59.146] Cog0  BM-ACROSS,seq,2_166,leg,7,motor,RIGHT,phase,1,rising,TRUE,hall,6,tick,65,t_us,1_285,dur_us,7_090
[2026-09-21T17:46:59.147] Cog0  BM-ACROSS,seq,2_167,leg,7,motor,RIGHT,phase,2,rising,FALSE,hall,2,tick,66,t_us,7_126,dur_us,7_327
[2026-09-21T17:46:59.148] Cog0  BM-ACROSS,seq,2_168,leg,7,motor,RIGHT,phase,0,rising,TRUE,hall,3,tick,67,t_us,1_232,dur_us,7_330
[2026-09-21T17:46:59.150] Cog0  BM-ACROSS,seq,2_169,leg,7,motor,RIGHT,phase,1,rising,FALSE,hall,5,tick,69,t_us,56,dur_us,7_481
[2026-09-21T17:46:59.150] Cog0  BM-ACROSS,seq,2_170,leg,7,motor,RIGHT,phase,2,rising,TRUE,hall,5,tick,69,t_us,1_481,dur_us,7_481
[2026-09-21T17:46:59.152] Cog0  BM-ACROSS,seq,2_171,leg,7,motor,RIGHT,phase,0,rising,FALSE,hall,4,tick,70,t_us,7_078,dur_us,7_525
[2026-09-21T17:46:59.153] Cog0  BM-ACROSS,seq,2_172,leg,7,motor,RIGHT,phase,1,rising,TRUE,hall,6,tick,71,t_us,1_136,dur_us,7_283
[2026-09-21T17:46:59.154] Cog0  BM-ACROSS,seq,2_173,leg,7,motor,RIGHT,phase,2,rising,FALSE,hall,2,tick,72,t_us,7_321,dur_us,7_571
[2026-09-21T17:46:59.155] Cog0  BM-ACROSS,seq,2_174,leg,7,motor,RIGHT,phase,0,rising,TRUE,hall,3,tick,73,t_us,1_382,dur_us,7_674
[2026-09-21T17:46:59.156] Cog0  BM-ACROSS,seq,2_175,leg,7,motor,RIGHT,phase,1,rising,FALSE,hall,1,tick,74,t_us,7_370,dur_us,7_718
[2026-09-21T17:46:59.157] Cog0  BM-ACROSS,seq,2_176,leg,7,motor,RIGHT,phase,2,rising,TRUE,hall,5,tick,75,t_us,1_534,dur_us,8_070
[2026-09-21T17:46:59.158] Cog0  BM-ACROSS,seq,2_177,leg,7,motor,RIGHT,phase,0,rising,FALSE,hall,4,tick,76,t_us,7_467,dur_us,7_914
[2026-09-21T17:46:59.160] Cog0  BM-ACROSS,seq,2_178,leg,7,motor,RIGHT,phase,1,rising,TRUE,hall,6,tick,77,t_us,1_434,dur_us,8_165
[2026-09-21T17:46:59.161] Cog0  BM-ACROSS,seq,2_179,leg,7,motor,RIGHT,phase,2,rising,FALSE,hall,2,tick,78,t_us,7_613,dur_us,8_109
[2026-09-21T17:46:59.162] Cog0  BM-ACROSS,seq,2_180,leg,7,motor,RIGHT,phase,0,rising,TRUE,hall,3,tick,79,t_us,1_432,dur_us,8_114
[2026-09-21T17:46:59.163] Cog0  BM-ACROSS,seq,2_181,leg,7,motor,RIGHT,phase,1,rising,FALSE,hall,1,tick,80,t_us,7_662,dur_us,8_256
[2026-09-21T17:46:59.164] Cog0  BM-ACROSS,seq,2_182,leg,7,motor,RIGHT,phase,2,rising,TRUE,hall,5,tick,81,t_us,1_387,dur_us,8_459
[2026-09-21T17:46:59.165] Cog0  BM-ACROSS,seq,2_183,leg,7,motor,RIGHT,phase,0,rising,FALSE,hall,4,tick,82,t_us,7_370,dur_us,7_865
[2026-09-21T17:46:59.166] Cog0  BM-ACROSS,seq,2_184,leg,7,motor,RIGHT,phase,1,rising,TRUE,hall,6,tick,83,t_us,1_633,dur_us,8_267
[2026-09-21T17:46:59.168] Cog0  BM-ACROSS,seq,2_185,leg,7,motor,RIGHT,phase,2,rising,FALSE,hall,2,tick,84,t_us,7_808,dur_us,8_304
[2026-09-21T17:46:59.168] Cog0  BM-ACROSS,seq,2_186,leg,7,motor,RIGHT,phase,0,rising,TRUE,hall,3,tick,85,t_us,1_584,dur_us,8_413
[2026-09-21T17:46:59.170] Cog0  BM-ACROSS,seq,2_187,leg,7,motor,RIGHT,phase,1,rising,FALSE,hall,1,tick,86,t_us,7_613,dur_us,8_109
[2026-09-21T17:46:59.171] Cog0  BM-ACROSS,seq,2_188,leg,7,motor,RIGHT,phase,2,rising,TRUE,hall,5,tick,87,t_us,1_584,dur_us,8_316
[2026-09-21T17:46:59.172] Cog0  BM-ACROSS,seq,2_189,leg,7,motor,RIGHT,phase,0,rising,FALSE,hall,4,tick,88,t_us,7_906,dur_us,8_450
[2026-09-21T17:46:59.173] Cog0  BM-ACROSS,seq,2_190,leg,7,motor,RIGHT,phase,1,rising,TRUE,hall,6,tick,89,t_us,1_438,dur_us,8_266
[2026-09-21T17:46:59.174] Cog0  BM-ACROSS,seq,2_191,leg,7,motor,RIGHT,phase,2,rising,FALSE,hall,2,tick,90,t_us,7_809,dur_us,8_549
[2026-09-21T17:46:59.175] Cog0  BM-ACROSS,seq,2_192,leg,7,motor,RIGHT,phase,0,rising,TRUE,hall,3,tick,91,t_us,1_386,dur_us,8_653
[2026-09-21T17:46:59.176] Cog0  BM-ACROSS,seq,2_193,leg,7,motor,RIGHT,phase,1,rising,FALSE,hall,1,tick,92,t_us,7_467,dur_us,7_963
[2026-09-21T17:46:59.178] Cog0  BM-ACROSS,seq,2_194,leg,7,motor,RIGHT,phase,2,rising,TRUE,hall,5,tick,93,t_us,1_683,dur_us,8_268
[2026-09-21T17:46:59.178] Cog0  BM-ACROSS,seq,2_195,leg,7,motor,RIGHT,phase,0,rising,FALSE,hall,4,tick,94,t_us,7_906,dur_us,8_549
[2026-09-21T17:46:59.180] Cog0  BM-ACROSS,seq,2_196,leg,7,motor,RIGHT,phase,1,rising,TRUE,hall,6,tick,95,t_us,1_538,dur_us,8_415
[2026-09-21T17:46:59.181] Cog0  BM-ACROSS,seq,2_197,leg,7,motor,RIGHT,phase,2,rising,FALSE,hall,2,tick,96,t_us,7_565,dur_us,7_913
[2026-09-21T17:46:59.182] Cog0  BM-ACROSS,seq,2_198,leg,7,motor,RIGHT,phase,0,rising,TRUE,hall,3,tick,97,t_us,1_632,dur_us,8_363
[2026-09-21T17:46:59.183] Cog0  BM-ACROSS,seq,2_199,leg,7,motor,RIGHT,phase,1,rising,FALSE,hall,1,tick,98,t_us,7_565,dur_us,8_159
[2026-09-21T17:46:59.184] Cog0  BM-ACROSS,seq,2_200,leg,7,motor,RIGHT,phase,2,rising,TRUE,hall,5,tick,99,t_us,1_386,dur_us,7_873
[2026-09-21T17:46:59.185] Cog0  BM-ACROSS,seq,2_201,leg,7,motor,RIGHT,phase,0,rising,FALSE,hall,4,tick,100,t_us,7_857,dur_us,8_499
[2026-09-21T17:46:59.186] Cog0  BM-ACROSS,seq,2_202,leg,7,motor,RIGHT,phase,1,rising,TRUE,hall,6,tick,101,t_us,1_289,dur_us,8_362
[2026-09-21T17:46:59.188] Cog0  BM-ACROSS,seq,2_203,leg,7,motor,RIGHT,phase,2,rising,FALSE,hall,2,tick,102,t_us,7_467,dur_us,7_718
[2026-09-21T17:46:59.189] Cog0  BM-ACROSS,seq,2_204,leg,7,motor,RIGHT,phase,0,rising,TRUE,hall,3,tick,103,t_us,1_829,dur_us,8_560
[2026-09-21T17:46:59.190] Cog0  BM-ACROSS,seq,2_205,leg,7,motor,RIGHT,phase,1,rising,FALSE,hall,1,tick,104,t_us,8_052,dur_us,8_695
[2026-09-21T17:46:59.191] Cog0  BM-ACROSS,seq,2_206,leg,7,motor,RIGHT,phase,2,rising,TRUE,hall,5,tick,105,t_us,1_637,dur_us,8_271
[2026-09-21T17:46:59.192] Cog0  BM-ACROSS,seq,2_207,leg,7,motor,RIGHT,phase,0,rising,FALSE,hall,4,tick,106,t_us,8_491,dur_us,9_093
[2026-09-21T17:46:59.193] Cog0  BM-ACROSS,seq,2_208,leg,7,motor,RIGHT,phase,0,rising,TRUE,hall,4,tick,106,t_us,8_545,dur_us,9_093
[2026-09-21T17:46:59.194] Cog0  BM-ACROSS,seq,2_209,leg,7,motor,RIGHT,phase,0,rising,FALSE,hall,4,tick,106,t_us,8_647,dur_us,9_093
[2026-09-21T17:46:59.195] Cog0  BM-ACROSS,seq,2_210,leg,7,motor,RIGHT,phase,1,rising,TRUE,hall,6,tick,107,t_us,1_836,dur_us,9_103
[2026-09-21T17:46:59.197] Cog0  BM-ACROSS,seq,2_211,leg,7,motor,RIGHT,phase,2,rising,FALSE,hall,2,tick,108,t_us,8_296,dur_us,8_350
[2026-09-21T17:46:59.198] Cog0  BM-ACROSS,seq,2_212,leg,7,motor,RIGHT,phase,0,rising,TRUE,hall,3,tick,109,t_us,2_323,dur_us,9_395
[2026-09-21T17:46:59.199] Cog0  BM-ACROSS,seq,2_213,leg,7,motor,RIGHT,phase,1,rising,FALSE,hall,1,tick,110,t_us,8_442,dur_us,9_282
[2026-09-21T17:46:59.200] Cog0  BM-ACROSS,seq,2_214,leg,7,motor,RIGHT,phase,2,rising,TRUE,hall,5,tick,111,t_us,1_489,dur_us,8_366
[2026-09-21T17:46:59.201] Cog0  BM-ACROSS,seq,2_215,leg,7,motor,RIGHT,phase,0,rising,FALSE,hall,4,tick,112,t_us,8_588,dur_us,8_937
[2026-09-21T17:46:59.202] Cog0  BM-ACROSS,seq,2_216,leg,7,motor,RIGHT,phase,1,rising,TRUE,hall,6,tick,113,t_us,2_030,dur_us,9_004
[2026-09-21T17:46:59.203] Cog0  BM-ACROSS,seq,2_217,leg,7,motor,RIGHT,phase,2,rising,FALSE,hall,2,tick,114,t_us,8_247,dur_us,8_350
[2026-09-21T17:46:59.204] Cog0  BM-ACROSS,seq,2_218,leg,7,motor,RIGHT,phase,0,rising,TRUE,hall,3,tick,115,t_us,2_225,dur_us,8_956
[2026-09-21T17:46:59.206] Cog0  BM-ACROSS,seq,2_219,leg,7,motor,RIGHT,phase,1,rising,FALSE,hall,1,tick,116,t_us,8_296,dur_us,8_890
[2026-09-21T17:46:59.207] Cog0  BM-ACROSS,seq,2_220,leg,7,motor,RIGHT,phase,2,rising,TRUE,hall,5,tick,117,t_us,1_785,dur_us,8_711
[2026-09-21T17:46:59.208] Cog0  BM-ACROSS,seq,2_221,leg,7,motor,RIGHT,phase,0,rising,FALSE,hall,4,tick,118,t_us,8_345,dur_us,8_448
[2026-09-21T17:46:59.209] Cog0  BM-ACROSS,seq,2_222,leg,7,motor,RIGHT,phase,1,rising,TRUE,hall,6,tick,119,t_us,2_175,dur_us,9_150
[2026-09-21T17:46:59.210] Cog0  BM-ACROSS,seq,2_223,leg,7,motor,RIGHT,phase,2,rising,FALSE,hall,2,tick,120,t_us,8_296,dur_us,8_988
[2026-09-21T17:46:59.211] Cog0  BM-ACROSS,seq,2_224,leg,7,motor,RIGHT,phase,0,rising,TRUE,hall,3,tick,121,t_us,1_636,dur_us,8_562
[2026-09-21T17:46:59.212] Cog0  BM-ACROSS,seq,2_225,leg,7,motor,RIGHT,phase,1,rising,FALSE,hall,1,tick,122,t_us,8_442,dur_us,8_938
[2026-09-21T17:46:59.213] Cog0  BM-ACROSS,seq,2_226,leg,7,motor,RIGHT,phase,2,rising,TRUE,hall,5,tick,123,t_us,1_982,dur_us,9_055
[2026-09-21T17:46:59.215] Cog0  BM-ACROSS,seq,2_227,leg,7,motor,RIGHT,phase,0,rising,FALSE,hall,4,tick,124,t_us,8_296,dur_us,8_546
[2026-09-21T17:46:59.216] Cog0  BM-ACROSS,seq,2_228,leg,7,motor,RIGHT,phase,1,rising,TRUE,hall,6,tick,125,t_us,2_226,dur_us,9_006
[2026-09-21T17:46:59.217] Cog0  BM-ACROSS,seq,2_229,leg,7,motor,RIGHT,phase,2,rising,FALSE,hall,2,tick,126,t_us,8_491,dur_us,9_134
[2026-09-21T17:46:59.218] Cog0  BM-ACROSS,seq,2_230,leg,7,motor,RIGHT,phase,0,rising,TRUE,hall,3,tick,127,t_us,1_635,dur_us,8_561
[2026-09-21T17:46:59.219] Cog0  BM-ACROSS,seq,2_231,leg,7,motor,RIGHT,phase,1,rising,FALSE,hall,1,tick,128,t_us,8_198,dur_us,8_252
[2026-09-21T17:46:59.220] Cog0  BM-ACROSS,seq,2_232,leg,7,motor,RIGHT,phase,2,rising,TRUE,hall,5,tick,129,t_us,2_077,dur_us,8_955
[2026-09-21T17:46:59.221] Cog0  BM-ACROSS,seq,2_233,leg,7,motor,RIGHT,phase,0,rising,FALSE,hall,4,tick,130,t_us,7_808,dur_us,8_402
[2026-09-21T17:46:59.223] Cog0  BM-ACROSS,seq,2_234,leg,7,motor,RIGHT,phase,1,rising,TRUE,hall,6,tick,131,t_us,1_486,dur_us,7_924
[2026-09-21T17:46:59.223] Cog0  BM-ACROSS,seq,2_235,leg,7,motor,RIGHT,phase,2,rising,FALSE,hall,2,tick,132,t_us,8_052,dur_us,8_352
[2026-09-21T17:46:59.225] Cog0  BM-ACROSS,seq,2_236,leg,7,motor,RIGHT,phase,0,rising,TRUE,hall,3,tick,133,t_us,1_631,dur_us,8_167
[2026-09-21T17:46:59.226] Cog0  BM-ACROSS,seq,2_237,leg,7,motor,RIGHT,phase,1,rising,FALSE,hall,5,tick,135,t_us,0,dur_us,8_077
[2026-09-21T17:46:59.227] Cog0  BM-ACROSS,seq,2_238,leg,7,motor,RIGHT,phase,2,rising,TRUE,hall,5,tick,135,t_us,1_882,dur_us,8_077
[2026-09-21T17:46:59.228] Cog0  BM-ACROSS,seq,2_239,leg,7,motor,RIGHT,phase,0,rising,FALSE,hall,4,tick,136,t_us,7_664,dur_us,8_061
[2026-09-21T17:46:59.229] Cog0  BM-ACROSS,seq,2_240,leg,7,motor,RIGHT,phase,1,rising,TRUE,hall,6,tick,137,t_us,1_287,dur_us,7_531
[2026-09-21T17:46:59.230] Cog0  BM-ACROSS,seq,2_241,leg,7,motor,RIGHT,phase,2,rising,FALSE,hall,3,tick,139,t_us,0,dur_us,7_921
[2026-09-21T17:46:59.231] Cog0  BM-ACROSS,seq,2_242,leg,7,motor,RIGHT,phase,0,rising,TRUE,hall,3,tick,139,t_us,1_579,dur_us,7_921
[2026-09-21T17:46:59.233] Cog0  BM-ACROSS,seq,2_243,leg,7,motor,RIGHT,phase,1,rising,FALSE,hall,1,tick,140,t_us,7_127,dur_us,7_525
[2026-09-21T17:46:59.234] Cog0  BM-ACROSS,seq,2_244,leg,7,motor,RIGHT,phase,2,rising,TRUE,hall,5,tick,141,t_us,1_186,dur_us,7_333
[2026-09-21T17:46:59.235] Cog0  BM-ACROSS,seq,2_245,leg,7,motor,RIGHT,phase,0,rising,FALSE,hall,4,tick,142,t_us,7_321,dur_us,7_621
[2026-09-21T17:46:59.236] Cog0  BM-ACROSS,seq,2_246,leg,7,motor,RIGHT,phase,1,rising,TRUE,hall,6,tick,143,t_us,1_381,dur_us,7_576
[2026-09-21T17:46:59.237] Cog0  BM-ACROSS,seq,2_247,leg,7,motor,RIGHT,phase,2,rising,FALSE,hall,2,tick,144,t_us,7_272,dur_us,7_474
[2026-09-21T17:46:59.238] Cog0  BM-ACROSS,seq,2_248,leg,7,motor,RIGHT,phase,0,rising,TRUE,hall,3,tick,145,t_us,1_482,dur_us,7_531
[2026-09-21T17:46:59.239] Cog0  BM-ACROSS,seq,2_249,leg,7,motor,RIGHT,phase,1,rising,FALSE,hall,1,tick,146,t_us,7_467,dur_us,7_865
[2026-09-21T17:46:59.241] Cog0  BM-ACROSS,seq,2_250,leg,7,motor,RIGHT,phase,2,rising,TRUE,hall,5,tick,147,t_us,1_239,dur_us,7_580
[2026-09-21T17:46:59.241] Cog0  BM-ACROSS,seq,2_251,leg,7,motor,RIGHT,phase,0,rising,FALSE,hall,6,tick,149,t_us,0,dur_us,7_972
[2026-09-21T17:46:59.243] Cog0  BM-ACROSS,seq,2_252,leg,7,motor,RIGHT,phase,1,rising,TRUE,hall,6,tick,149,t_us,1_582,dur_us,7_972
[2026-09-21T17:46:59.244] Cog0  BM-ACROSS,seq,2_253,leg,7,motor,RIGHT,phase,2,rising,FALSE,hall,2,tick,150,t_us,7_225,dur_us,7_622
[2026-09-21T17:46:59.244] Cog0  BM-ACROSS,seq,2_254,leg,7,motor,RIGHT,phase,0,rising,TRUE,hall,3,tick,151,t_us,1_236,dur_us,7_577
[2026-09-21T17:46:59.246] Cog0  BM-ACROSS,seq,2_255,leg,7,motor,RIGHT,phase,1,rising,FALSE,hall,1,tick,152,t_us,7_321,dur_us,7_620
[2026-09-21T17:46:59.247] Cog0  BM-ACROSS,seq,2_256,leg,7,motor,RIGHT,phase,2,rising,TRUE,hall,5,tick,153,t_us,1_432,dur_us,7_676
[2026-09-21T17:46:59.248] Cog0  BM-ACROSS,seq,2_257,leg,7,motor,RIGHT,phase,0,rising,FALSE,hall,4,tick,154,t_us,7_370,dur_us,7_718
[2026-09-21T17:46:59.249] Cog0  BM-ACROSS,seq,2_258,leg,7,motor,RIGHT,phase,1,rising,TRUE,hall,6,tick,155,t_us,1_482,dur_us,7_628
[2026-09-21T17:46:59.251] Cog0  BM-ACROSS,seq,2_259,leg,7,motor,RIGHT,phase,2,rising,FALSE,hall,2,tick,156,t_us,7_565,dur_us,7_913
[2026-09-21T17:46:59.252] Cog0  BM-ACROSS,seq,2_260,leg,7,motor,RIGHT,phase,0,rising,TRUE,hall,3,tick,157,t_us,1_431,dur_us,7_919
[2026-09-21T17:46:59.253] Cog0  BM-ACROSS,seq,2_261,leg,7,motor,RIGHT,phase,1,rising,FALSE,hall,1,tick,158,t_us,7_419,dur_us,7_522
[2026-09-21T17:46:59.254] Cog0  BM-ACROSS,seq,2_262,leg,7,motor,RIGHT,phase,2,rising,TRUE,hall,5,tick,159,t_us,1_677,dur_us,8_116
[2026-09-21T17:46:59.255] Cog0  BM-ACROSS,seq,2_263,leg,7,motor,RIGHT,phase,0,rising,FALSE,hall,4,tick,160,t_us,7_565,dur_us,8_109
[2026-09-21T17:46:59.256] Cog0  BM-ACROSS,seq,2_264,leg,7,motor,RIGHT,phase,1,rising,TRUE,hall,6,tick,161,t_us,1_338,dur_us,7_923
[2026-09-21T17:46:59.257] Cog0  BM-ACROSS,seq,2_265,leg,7,motor,RIGHT,phase,2,rising,FALSE,hall,2,tick,162,t_us,7_760,dur_us,8_108
[2026-09-21T17:46:59.259] Cog0  BM-ACROSS,seq,2_266,leg,7,motor,RIGHT,phase,0,rising,TRUE,hall,3,tick,163,t_us,1_631,dur_us,8_216
[2026-09-21T17:46:59.260] Cog0  BM-ACROSS,seq,2_267,leg,7,motor,RIGHT,phase,1,rising,FALSE,hall,1,tick,164,t_us,7_711,dur_us,8_157
[2026-09-21T17:46:59.261] Cog0  BM-ACROSS,seq,2_268,leg,7,motor,RIGHT,phase,2,rising,TRUE,hall,5,tick,165,t_us,1_683,dur_us,8_512
[2026-09-21T17:46:59.262] Cog0  BM-ACROSS,seq,2_269,leg,7,motor,RIGHT,phase,0,rising,FALSE,hall,4,tick,166,t_us,7_662,dur_us,8_305
[2026-09-21T17:46:59.263] Cog0  BM-ACROSS,seq,2_270,leg,7,motor,RIGHT,phase,1,rising,TRUE,hall,6,tick,167,t_us,1_537,dur_us,8_511
[2026-09-21T17:46:59.264] Cog0  BM-ACROSS,seq,2_271,leg,7,motor,RIGHT,phase,2,rising,FALSE,hall,2,tick,168,t_us,7_955,dur_us,8_548
[2026-09-21T17:46:59.265] Cog0  BM-ACROSS,seq,2_272,leg,7,motor,RIGHT,phase,0,rising,TRUE,hall,3,tick,169,t_us,1_532,dur_us,8_507
[2026-09-21T17:46:59.267] Cog0  BM-ACROSS,seq,2_273,leg,7,motor,RIGHT,phase,1,rising,FALSE,hall,1,tick,170,t_us,8_101,dur_us,8_842
[2026-09-21T17:46:59.268] Cog0  BM-ACROSS,seq,2_274,leg,7,motor,RIGHT,phase,2,rising,TRUE,hall,5,tick,171,t_us,1_538,dur_us,9_098
[2026-09-21T17:46:59.269] Cog0  BM-ACROSS,seq,2_275,leg,7,motor,RIGHT,phase,0,rising,FALSE,hall,4,tick,172,t_us,7_906,dur_us,8_598
[2026-09-21T17:46:59.270] Cog0  BM-ACROSS,seq,2_276,leg,7,motor,RIGHT,phase,1,rising,TRUE,hall,6,tick,173,t_us,1_933,dur_us,9_005
[2026-09-21T17:46:59.271] Cog0  BM-ACROSS,seq,2_277,leg,7,motor,RIGHT,phase,2,rising,FALSE,hall,2,tick,174,t_us,8_345,dur_us,9_086
[2026-09-21T17:46:59.272] Cog0  BM-ACROSS,seq,2_278,leg,7,motor,RIGHT,phase,0,rising,TRUE,hall,3,tick,175,t_us,1_784,dur_us,9_100
[2026-09-21T17:46:59.273] Cog0  BM-ACROSS,seq,2_279,leg,7,motor,RIGHT,phase,1,rising,FALSE,hall,1,tick,176,t_us,7_955,dur_us,8_598
[2026-09-21T17:46:59.274] Cog0  BM-ACROSS,seq,2_280,leg,7,motor,RIGHT,phase,2,rising,TRUE,hall,5,tick,177,t_us,1_685,dur_us,8_660
[2026-09-21T17:46:59.275] Cog0  BM-ACROSS,seq,2_281,leg,7,motor,RIGHT,phase,0,rising,FALSE,hall,4,tick,178,t_us,7_955,dur_us,8_656
[2026-09-21T17:46:59.277] Cog0  BM-ACROSS,seq,2_282,leg,7,motor,RIGHT,phase,0,rising,TRUE,hall,4,tick,178,t_us,8_009,dur_us,8_656
[2026-09-21T17:46:59.278] Cog0  BM-ACROSS,seq,2_283,leg,7,motor,RIGHT,phase,0,rising,FALSE,hall,4,tick,178,t_us,8_111,dur_us,8_656
[2026-09-21T17:46:59.279] Cog0  BM-ACROSS,seq,2_284,leg,7,motor,RIGHT,phase,1,rising,TRUE,hall,6,tick,179,t_us,1_441,dur_us,8_319
[2026-09-21T17:46:59.280] Cog0  BM-ACROSS,seq,2_285,leg,7,motor,RIGHT,phase,2,rising,FALSE,hall,2,tick,180,t_us,7_809,dur_us,8_599
[2026-09-21T17:46:59.281] Cog0  BM-ACROSS,seq,2_286,leg,7,motor,RIGHT,phase,0,rising,TRUE,hall,3,tick,181,t_us,1_337,dur_us,8_604
[2026-09-21T17:46:59.282] Cog0  BM-ACROSS,seq,2_287,leg,7,motor,RIGHT,phase,1,rising,FALSE,hall,1,tick,182,t_us,7_516,dur_us,8_061
[2026-09-21T17:46:59.283] Cog0  BM-ACROSS,seq,2_288,leg,7,motor,RIGHT,phase,2,rising,TRUE,hall,5,tick,183,t_us,1_684,dur_us,8_415
[2026-09-21T17:46:59.284] Cog0  BM-ACROSS,seq,2_289,leg,7,motor,RIGHT,phase,0,rising,FALSE,hall,4,tick,184,t_us,8_101,dur_us,8_793
[2026-09-21T17:46:59.286] Cog0  BM-ACROSS,seq,2_290,leg,7,motor,RIGHT,phase,1,rising,TRUE,hall,6,tick,185,t_us,1_637,dur_us,8_758
[2026-09-21T17:46:59.287] Cog0  BM-ACROSS,seq,2_291,leg,7,motor,RIGHT,phase,2,rising,FALSE,hall,2,tick,186,t_us,7_857,dur_us,8_304
[2026-09-21T17:46:59.288] Cog0  BM-ACROSS,seq,2_292,leg,7,motor,RIGHT,phase,0,rising,TRUE,hall,3,tick,187,t_us,1_783,dur_us,8_807
[2026-09-21T17:46:59.289] Cog0  BM-ACROSS,seq,2_293,leg,7,motor,RIGHT,phase,1,rising,FALSE,hall,1,tick,188,t_us,7_955,dur_us,8_647
[2026-09-21T17:46:59.290] Cog0  BM-ACROSS,seq,2_294,leg,7,motor,RIGHT,phase,2,rising,TRUE,hall,5,tick,189,t_us,1_487,dur_us,8_267
[2026-09-21T17:46:59.291] Cog0  BM-ACROSS,seq,2_295,leg,7,motor,RIGHT,phase,0,rising,FALSE,hall,4,tick,190,t_us,8_199,dur_us,8_988
[2026-09-21T17:46:59.292] Cog0  BM-ACROSS,seq,2_296,leg,7,motor,RIGHT,phase,1,rising,TRUE,hall,6,tick,191,t_us,1_439,dur_us,8_804
[2026-09-21T17:46:59.294] Cog0  BM-ACROSS,seq,2_297,leg,7,motor,RIGHT,phase,2,rising,FALSE,hall,2,tick,192,t_us,7_662,dur_us,8_060
[2026-09-21T17:46:59.294] Cog0  BM-ACROSS,seq,2_298,leg,7,motor,RIGHT,phase,0,rising,TRUE,hall,3,tick,193,t_us,1_980,dur_us,8_955
[2026-09-21T17:46:59.296] Cog0  BM-ACROSS,seq,2_299,leg,7,motor,RIGHT,phase,1,rising,FALSE,hall,1,tick,194,t_us,8_199,dur_us,9_087
[2026-09-21T17:46:59.297] Cog0  BM-ACROSS,seq,2_300,leg,7,motor,RIGHT,phase,2,rising,TRUE,hall,5,tick,195,t_us,1_737,dur_us,8_614
[2026-09-21T17:46:59.298] Cog0  BM-ACROSS,seq,2_301,leg,7,motor,RIGHT,phase,0,rising,FALSE,hall,4,tick,196,t_us,8_734,dur_us,9_436
[2026-09-21T17:46:59.299] Cog0  BM-ACROSS,seq,2_302,leg,7,motor,RIGHT,phase,0,rising,TRUE,hall,4,tick,196,t_us,8_788,dur_us,9_436
[2026-09-21T17:46:59.300] Cog0  BM-ACROSS,seq,2_303,leg,7,motor,RIGHT,phase,0,rising,FALSE,hall,4,tick,196,t_us,8_842,dur_us,9_436
[2026-09-21T17:46:59.302] Cog0  BM-ACROSS,seq,2_304,leg,7,motor,RIGHT,phase,1,rising,TRUE,hall,6,tick,197,t_us,1_983,dur_us,9_494
[2026-09-21T17:46:59.302] Cog0  BM-ACROSS,seq,2_305,leg,7,motor,RIGHT,phase,2,rising,FALSE,hall,2,tick,198,t_us,8_540,dur_us,8_692
[2026-09-21T17:46:59.304] Cog0  BM-ACROSS,seq,2_306,leg,7,motor,RIGHT,phase,0,rising,TRUE,hall,3,tick,199,t_us,2_520,dur_us,9_934
[2026-09-21T17:46:59.305] Cog0  BM-ACROSS,seq,2_307,leg,7,motor,RIGHT,phase,1,rising,FALSE,hall,1,tick,200,t_us,8_637,dur_us,9_920
[2026-09-21T17:46:59.306] Cog0  BM-ACROSS,seq,2_308,leg,7,motor,RIGHT,phase,2,rising,TRUE,hall,5,tick,201,t_us,1_735,dur_us,9_051
[2026-09-21T17:46:59.307] Cog0  BM-ACROSS,seq,2_309,leg,7,motor,RIGHT,phase,0,rising,FALSE,hall,4,tick,202,t_us,9_271,dur_us,9_963
[2026-09-21T17:46:59.308] Cog0  BM-ACROSS,seq,2_310,leg,7,motor,RIGHT,phase,1,rising,TRUE,hall,6,tick,203,t_us,2_524,dur_us,10_181
[2026-09-21T17:46:59.309] Cog0  BM-ACROSS,seq,2_311,leg,7,motor,RIGHT,phase,2,rising,FALSE,hall,2,tick,204,t_us,9_173,dur_us,9_620
[2026-09-21T17:46:59.310] Cog0  BM-ACROSS,seq,2_312,leg,7,motor,RIGHT,phase,0,rising,TRUE,hall,3,tick,205,t_us,2_965,dur_us,10_573
[2026-09-21T17:46:59.312] Cog0  BM-ACROSS,seq,2_313,leg,7,motor,RIGHT,phase,1,rising,FALSE,hall,1,tick,206,t_us,9_661,dur_us,10_794
[2026-09-21T17:46:59.313] Cog0  BM-ACROSS,seq,2_314,leg,7,motor,RIGHT,phase,2,rising,TRUE,hall,5,tick,207,t_us,2_478,dur_us,10_622
[2026-09-21T17:46:59.314] Cog0  BM-ACROSS,seq,2_315,leg,7,motor,RIGHT,phase,0,rising,FALSE,hall,4,tick,208,t_us,9_953,dur_us,10_498
[2026-09-21T17:46:59.315] Cog0  BM-ACROSS,seq,2_316,leg,7,motor,RIGHT,phase,1,rising,TRUE,hall,6,tick,209,t_us,3_114,dur_us,11_405
[2026-09-21T17:46:59.316] Cog0  BM-ACROSS,seq,2_317,leg,7,motor,RIGHT,phase,2,rising,FALSE,hall,2,tick,210,t_us,9_758,dur_us,10_990
[2026-09-21T17:46:59.317] Cog0  BM-ACROSS,seq,2_318,leg,7,motor,RIGHT,phase,0,rising,TRUE,hall,3,tick,211,t_us,2_426,dur_us,10_522
[2026-09-21T17:46:59.318] Cog0  BM-ACROSS,seq,2_319,leg,7,motor,RIGHT,phase,1,rising,FALSE,hall,1,tick,212,t_us,9_709,dur_us,10_646
[2026-09-21T17:46:59.320] Cog0  BM-ACROSS,seq,2_320,leg,7,motor,RIGHT,phase,2,rising,TRUE,hall,5,tick,213,t_us,2_773,dur_us,10_674
[2026-09-21T17:46:59.321] Cog0  BM-ACROSS,seq,2_321,leg,7,motor,RIGHT,phase,0,rising,FALSE,hall,4,tick,214,t_us,9_222,dur_us,9_668
[2026-09-21T17:46:59.322] Cog0  BM-ACROSS,seq,2_322,leg,7,motor,RIGHT,phase,1,rising,TRUE,hall,6,tick,215,t_us,2_672,dur_us,9_940
[2026-09-21T17:46:59.324] Cog0  BM-ACROSS,seq,2_323,leg,7,motor,RIGHT,phase,2,rising,FALSE,hall,2,tick,216,t_us,8_881,dur_us,9_720
[2026-09-21T17:46:59.325] Cog0  BM-ALEG,seq,2_324,leg,7,motor,RIGHT,speed,FAST,ask_dir,REVERSE,meas_dir,FORWARD,ticks,270,span_ms,2_586,edge_s_x10,1_044,samples,93_946,sectors,269,samp_sect,143,cross,288,unusable,0,dropped,57,clip,51_664,peak_i_mV,4,bias_still,TRUE,outcome,CLIPPED
[2026-09-21T17:46:59.326] Cog0  ALIGN done -- all eight legs attempted; stop turning
[2026-09-21T17:46:59.337] Cog0  BM-SEG,seq,2_325,seg,ALIGN,event,END,attended,TRUE,items,0,faults,0,unrecov,0,ms,63_980,why,NONE
[2026-09-21T17:46:59.340] Cog0  BM-INST,seq,2_326,event,STOP,cog,2,state,EXITED,ack_ms,7,samples,1_015,late,0,skipped,0,max_late_us,0,clamps,0,why,NONE
[2026-09-21T17:46:59.341] Cog0  BM-LAG,seq,2_327,motor,LEFT,part,ALIGN,max_err,58,samples,507,lo,0,hi,124,hold,100,fault,125,sat,127,why,NONE
[2026-09-21T17:46:59.343] Cog0  BM-LAG,seq,2_328,motor,RIGHT,part,ALIGN,max_err,100,samples,508,lo,0,hi,124,hold,100,fault,125,sat,127,why,NONE
[2026-09-21T17:46:59.344] Cog0  SIGNOFF,sf,1,bin,DUAL,cell,R18-DUAL-NOSTALL-Z,task,3508,motor,NONE,crit,ENDED_BY_COG0,measured,TRUE,lo,TRUE,hi,TRUE,units,BOOL,n,1,verdict,PASS
[2026-09-21T17:46:59.346] Cog0  SIGNOFF,sf,1,bin,DUAL,cell,R18-DUAL-DBGMASK-Z,task,3508,motor,NONE,crit,QUIET_MASKS,measured,TRUE,lo,TRUE,hi,TRUE,units,BOOL,n,1,verdict,PASS
[2026-09-21T17:46:59.348] Cog0  SIGNOFF,sf,1,bin,DUAL,cell,R18-DUAL-ALIGN-ND,task,3508,motor,NONE,crit,PEAK_I_AT_REST,measured,15,lo,0,hi,150,units,MV,n,8,verdict,PASS
[2026-09-21T17:46:59.349] Cog0  SIGNOFF,sf,1,bin,DUAL,cell,R18-DUAL-ALIGN-CLIP,task,3508,motor,NONE,crit,PHASE_NOT_RAILED,measured,631_752,lo,0,hi,0,units,COUNT,n,8,verdict,FAIL
[2026-09-21T17:46:59.351] Cog0  SIGNOFF,sf,1,bin,DUAL,cell,R18-DUAL-ALIGN-COVER,task,3508,motor,NONE,crit,LEAST_CROSSINGS,measured,NA,lo,20,hi,999_999_999,units,COUNT,n,0,verdict,NOMEAS
[2026-09-21T17:46:59.352] Cog0  SIGNOFF,sf,1,bin,DUAL,cell,R18-DUAL-ALIGN-RES,task,3508,motor,NONE,crit,LEAST_PER_SECTOR,measured,NA,lo,4,hi,999_999_999,units,COUNT,n,0,verdict,NOMEAS
[2026-09-21T17:46:59.354] Cog0  SIGNOFF,sf,1,bin,DUAL,cell,R18-DUAL-ALIGN-MTRX,task,3508,motor,NONE,crit,ALL_FOUR_MEASURED,measured,FALSE,lo,TRUE,hi,TRUE,units,BOOL,n,4,verdict,FAIL
[2026-09-21T17:46:59.355] Cog0  BM-TRAP,seq,2_329,code,0,returned,TRUE
[2026-09-21T17:46:59.370] Cog0  BM-END,seq,2_330,exit,COMPLETE,part,ALIGN,segs,1,last_seg,ALIGN,records,2_330,trap_code,0,unrecov,0,why,NONE
[2026-09-21T17:46:59.371] Cog0  DEBUG_END_SESSION

=== Debug Logger Session Ended at 2026-09-21T17:46:59.373 ===
