=== Debug Logger Session Started at 2026-09-22T15:21:23.687 ===
PNut-Term-TS: v1.0.8
Program: debug
=====================================

[2026-09-22T15:21:23.585] [SYSTEM] BAUD_RATE_SET 2000000 baud (preferences/default)

=== Session ended - Download Started at 2026-09-22T15:21:23.820 ===
=== Debug Logger Session Started at 2026-09-22T15:21:23.825 ===
PNut-Term-TS: v1.0.8
Program: debug
=====================================

[2026-09-22T15:21:23.821] [SYSTEM] [DOWNLOAD TO RAM] File: test_bench_dual.bin | Size: 87794 bytes | Modified: 2026-09-22T21:21:22.782Z
[2026-09-22T15:21:23.824] [SYSTEM] Download Session Started
[2026-09-22T15:21:25.505] [SYSTEM] [DOWNLOAD SUCCESS] test_bench_dual.bin successfully downloaded to RAM
[2026-09-22T15:21:25.516] Cog0  INIT $0000_0000 $0000_0000 load
[2026-09-22T15:21:25.527] Cog0  INIT $0000_0FA8 $0004_6E00 jump
[2026-09-22T15:21:25.527] Cog1  INIT $0000_0FA8 $0004_28AC jump
[2026-09-22T15:21:25.528] Cog0  BM-WDSTART,seq,1,started,TRUE,cog,1
[2026-09-22T15:21:25.530] Cog0  BM-BANNER,seq,2,src_rev,28,fmt,16,part,LEAD,cfg_id,BENCH,frame,MOTOR,clkfreq,270_000_000,left_base,32,right_base,16,voltage_enum,6,det_mode,30,motor_type,0,quiet,TRUE,mdbg,3,sdbg,3
[2026-09-22T15:21:25.532] Cog0  BM-BUILD,seq,3,sf,1,inst_hz,500,inst_ticks,540_000,ring,4_096,slongs,11,waitms_max,7_953,wd_stall_ms,4_000,abs_abort_mV,1_500,ladder_max,165_000_000,rwire_mohm,20,pack_mV,18_500,fault_cool_ms,5_000,drv_rev,3
[2026-09-22T15:21:25.532] Cog0  SIGNOFF-DECL,sf,1,bin,DUAL,cell,R18-DUAL-NOSTALL-L,task,3508
[2026-09-22T15:21:25.533] Cog0  SIGNOFF-DECL,sf,1,bin,DUAL,cell,R18-DUAL-DBGMASK-L,task,3508
[2026-09-22T15:21:25.534] Cog0  SIGNOFF-DECL,sf,1,bin,DUAL,cell,R18-DUAL-LEAD-BRKT,task,3508
[2026-09-22T15:21:25.535] Cog0  SIGNOFF-DECL,sf,1,bin,DUAL,cell,R18-DUAL-LEAD-KNOWN,task,3508
[2026-09-22T15:21:25.536] Cog0  BM-PLAN,seq,4,seg,PREFLT,order,1,attended,FALSE,part,LEAD,finds,NONE,est_s,5,est_kb,2
[2026-09-22T15:21:25.536] Cog0  BM-PLAN,seq,5,seg,LEAD,order,2,attended,FALSE,part,LEAD,finds,?,est_s,0,est_kb,0
[2026-09-22T15:21:25.539] Cog0  * PANIC PROCEDURE IS PHYSICAL BATTERY DISCONNECT ONLY -- no operator control can stop a runaway (finding S-4: the e-stop now latches, task 3556)
[2026-09-22T15:21:25.555] Cog2  INIT $0000_0FA8 $0003_FF8C jump
[2026-09-22T15:21:25.556] Cog0  BM-INST,seq,6,event,START,cog,2,state,IDLE,ack_ms,5,samples,0,late,0,skipped,0,max_late_us,0,clamps,0,why,NONE
[2026-09-22T15:21:25.566] Cog0  BM-SEG,seq,7,seg,PREFLT,event,BEGIN,attended,FALSE,items,0,faults,0,unrecov,0,ms,0,why,NONE
[2026-09-22T15:21:25.566] Cog3  INIT $0001_0E5E $0004_44C7 load
[2026-09-22T15:21:25.582] Cog4  INIT $0000_0FA8 $0004_3F97 jump
[2026-09-22T15:21:27.677] Cog0  BM-START,seq,8,seg,PREFLT,motor,LEFT,life,1,cog_ret,3,cog_ok,TRUE,board,REV_B,board_enum,22,ready,TRUE,ready_ms,0,off_neg,14,off_pos,338,missed,0,illegal,0,zero_x10,82,ph_x10,1_680,why,NONE
[2026-09-22T15:21:28.590] Cog0  BM-PREFLT,seq,9,motor,LEFT,incre,18_375_000,ticks,19,hw_ticks,19,moved,TRUE,why,NONE
[2026-09-22T15:21:28.593] Cog3  INIT $0001_0E5E $0004_4DCF load
[2026-09-22T15:21:28.608] Cog4  INIT $0000_0FA8 $0004_489F jump
[2026-09-22T15:21:30.703] Cog0  BM-START,seq,10,seg,PREFLT,motor,RIGHT,life,2,cog_ret,3,cog_ok,TRUE,board,REV_B,board_enum,22,ready,TRUE,ready_ms,0,off_neg,14,off_pos,338,missed,0,illegal,0,zero_x10,3,ph_x10,1_597,why,NONE
[2026-09-22T15:21:31.611] Cog0  BM-PREFLT,seq,11,motor,RIGHT,incre,18_375_000,ticks,19,hw_ticks,19,moved,TRUE,why,NONE
[2026-09-22T15:21:31.612] Cog0  BM-SEG,seq,12,seg,PREFLT,event,END,attended,FALSE,items,2,faults,0,unrecov,0,ms,6_056,why,NONE
[2026-09-22T15:21:31.623] Cog0  BM-SEG,seq,13,seg,LEAD,event,BEGIN,attended,FALSE,items,0,faults,0,unrecov,0,ms,0,why,NONE
[2026-09-22T15:21:31.623] Cog3  INIT $0001_0E5E $0004_44C7 load
[2026-09-22T15:21:31.623] Cog4  INIT $0000_0FA8 $0004_3F97 jump
[2026-09-22T15:21:33.735] Cog0  BM-START,seq,14,seg,LEAD,motor,LEFT,life,3,cog_ret,3,cog_ok,TRUE,board,REV_B,board_enum,22,ready,TRUE,ready_ms,0,off_neg,14,off_pos,338,missed,0,illegal,0,zero_x10,83,ph_x10,1_674,why,NONE
[2026-09-22T15:21:35.984] Cog0  BM-RUNG,seq,15,seg,LEAD,life,3,rid,1,rung,0,motor,LEFT,incre,-18_375_000,result,OK,off_neg,14,off_pos,338,steady_ms,650,win_ms,1_001,ticks,-49,rate_x10,-489,pred_x10,-491,why,NONE
[2026-09-22T15:21:35.986] Cog0  BM-RUNG2,seq,16,rid,1,motor,LEFT,incre,-18_375_000,zero_x10,83,i_x10,143,inet_x10,60,i_min,11,i_max,20,ph_x10,23_707,phu_x10,7_747,phv_x10,8_135,phw_x10,7_824,duty,3_349,duty_pk,3_701,duty_max,24_264,err,-48,err_pk,78,n,502,why,NONE
[2026-09-22T15:21:35.988] Cog0  BM-RUNGTR,seq,17,rid,1,motor,LEFT,incre,-18_375_000,from_incre,0,from_rest,TRUE,tr_ms,1_155,tr_err_pk,81,tr_i_pk,26,tr_i_over,6,tr_over,3,tr_n,579,why,NONE
[2026-09-22T15:21:35.989] Cog0  BM-RUNGHL,seq,18,rid,1,motor,LEFT,incre,-18_375_000,tr_lag,0,tr_cap,0,win_lag,0,win_cap,0,drv_incr,-18_375_000,why,NONE
[2026-09-22T15:21:36.006] Cog0  BM-RUNG3,seq,19,rid,1,motor,LEFT,incre,-18_375_000,missed_d,0,illegal_d,0,hw_ticks,-49,hw_skip,0,amps_x10k,436,rs_impl,327,late,0,skipped,0,clamps,0,idle_up,FALSE,idle_i,0,why,NONE
[2026-09-22T15:21:37.620] Cog0  BM-RUNG,seq,20,seg,LEAD,life,3,rid,2,rung,0,motor,LEFT,incre,-18_375_000,result,OK,off_neg,9,off_pos,343,steady_ms,26,win_ms,1_003,ticks,-49,rate_x10,-488,pred_x10,-491,why,NONE
[2026-09-22T15:21:37.622] Cog0  BM-RUNG2,seq,21,rid,2,motor,LEFT,incre,-18_375_000,zero_x10,83,i_x10,148,inet_x10,65,i_min,11,i_max,21,ph_x10,23_718,phu_x10,7_766,phv_x10,8_092,phw_x10,7_859,duty,3_355,duty_pk,3_824,duty_max,24_264,err,-48,err_pk,85,n,503,why,NONE
[2026-09-22T15:21:37.624] Cog0  BM-RUNGTR,seq,22,rid,2,motor,LEFT,incre,-18_375_000,from_incre,-18_375_000,from_rest,FALSE,tr_ms,531,tr_err_pk,80,tr_i_pk,20,tr_i_over,-1,tr_over,-5,tr_n,267,why,NONE
[2026-09-22T15:21:37.625] Cog0  BM-RUNGHL,seq,23,rid,2,motor,LEFT,incre,-18_375_000,tr_lag,0,tr_cap,0,win_lag,0,win_cap,0,drv_incr,-18_375_000,why,NONE
[2026-09-22T15:21:37.642] Cog0  BM-RUNG3,seq,24,rid,2,motor,LEFT,incre,-18_375_000,missed_d,0,illegal_d,0,hw_ticks,-49,hw_skip,0,amps_x10k,447,rs_impl,331,late,0,skipped,0,clamps,0,idle_up,FALSE,idle_i,0,why,NONE
[2026-09-22T15:21:39.256] Cog0  BM-RUNG,seq,25,seg,LEAD,life,3,rid,3,rung,0,motor,LEFT,incre,-18_375_000,result,OK,off_neg,4,off_pos,348,steady_ms,26,win_ms,1_003,ticks,-50,rate_x10,-498,pred_x10,-491,why,NONE
[2026-09-22T15:21:39.258] Cog0  BM-RUNG2,seq,26,rid,3,motor,LEFT,incre,-18_375_000,zero_x10,83,i_x10,170,inet_x10,87,i_min,10,i_max,29,ph_x10,23_731,phu_x10,7_769,phv_x10,8_144,phw_x10,7_817,duty,3_416,duty_pk,4_232,duty_max,24_264,err,-48,err_pk,92,n,503,why,NONE
[2026-09-22T15:21:39.260] Cog0  BM-RUNGTR,seq,27,rid,3,motor,LEFT,incre,-18_375_000,from_incre,-18_375_000,from_rest,FALSE,tr_ms,531,tr_err_pk,87,tr_i_pk,23,tr_i_over,-6,tr_over,-5,tr_n,267,why,NONE
[2026-09-22T15:21:39.262] Cog0  BM-RUNGHL,seq,28,rid,3,motor,LEFT,incre,-18_375_000,tr_lag,0,tr_cap,0,win_lag,0,win_cap,0,drv_incr,-18_375_000,why,NONE
[2026-09-22T15:21:39.278] Cog0  BM-RUNG3,seq,29,rid,3,motor,LEFT,incre,-18_375_000,missed_d,0,illegal_d,0,hw_ticks,-50,hw_skip,0,amps_x10k,606,rs_impl,280,late,0,skipped,0,clamps,0,idle_up,FALSE,idle_i,0,why,NONE
[2026-09-22T15:21:40.893] Cog0  BM-RUNG,seq,30,seg,LEAD,life,3,rid,4,rung,0,motor,LEFT,incre,-18_375_000,result,OK,off_neg,359,off_pos,353,steady_ms,27,win_ms,1_003,ticks,-46,rate_x10,-458,pred_x10,-491,why,NONE
[2026-09-22T15:21:40.894] Cog0  BM-RUNG2,seq,31,rid,4,motor,LEFT,incre,-18_375_000,zero_x10,83,i_x10,269,inet_x10,186,i_min,9,i_max,60,ph_x10,23_714,phu_x10,7_754,phv_x10,8_087,phw_x10,7_872,duty,3_458,duty_pk,4_750,duty_max,24_264,err,-45,err_pk,100,n,503,why,NONE
[2026-09-22T15:21:40.896] Cog0  BM-RUNGTR,seq,32,rid,4,motor,LEFT,incre,-18_375_000,from_incre,-18_375_000,from_rest,FALSE,tr_ms,529,tr_err_pk,100,tr_i_pk,73,tr_i_over,13,tr_over,0,tr_n,266,why,NONE
[2026-09-22T15:21:40.898] Cog0  BM-RUNGHL,seq,33,rid,4,motor,LEFT,incre,-18_375_000,tr_lag,9,tr_cap,0,win_lag,19,win_cap,0,drv_incr,-16_532_846,why,NONE
[2026-09-22T15:21:40.915] Cog0  BM-RUNG3,seq,34,rid,4,motor,LEFT,incre,-18_375_000,missed_d,0,illegal_d,0,hw_ticks,-46,hw_skip,0,amps_x10k,1_277,rs_impl,210,late,0,skipped,0,clamps,0,idle_up,FALSE,idle_i,0,why,NONE
[2026-09-22T15:21:42.831] Cog0  BM-RUNG,seq,35,seg,LEAD,life,3,rid,5,rung,0,motor,LEFT,incre,-18_375_000,result,OK,off_neg,19,off_pos,333,steady_ms,323,win_ms,1_003,ticks,-50,rate_x10,-498,pred_x10,-491,why,NONE
[2026-09-22T15:21:42.833] Cog0  BM-RUNG2,seq,36,rid,5,motor,LEFT,incre,-18_375_000,zero_x10,83,i_x10,141,inet_x10,58,i_min,11,i_max,19,ph_x10,23_732,phu_x10,7_769,phv_x10,8_145,phw_x10,7_817,duty,3_324,duty_pk,3_427,duty_max,24_264,err,-48,err_pk,71,n,503,why,NONE
[2026-09-22T15:21:42.834] Cog0  BM-RUNGTR,seq,37,rid,5,motor,LEFT,incre,-18_375_000,from_incre,-18_375_000,from_rest,FALSE,tr_ms,827,tr_err_pk,79,tr_i_pk,66,tr_i_over,47,tr_over,8,tr_n,415,why,NONE
[2026-09-22T15:21:42.836] Cog0  BM-RUNGHL,seq,38,rid,5,motor,LEFT,incre,-18_375_000,tr_lag,1,tr_cap,0,win_lag,0,win_cap,0,drv_incr,-18_375_000,why,NONE
[2026-09-22T15:21:42.852] Cog0  BM-RUNG3,seq,39,rid,5,motor,LEFT,incre,-18_375_000,missed_d,0,illegal_d,0,hw_ticks,-50,hw_skip,0,amps_x10k,398,rs_impl,354,late,0,skipped,0,clamps,0,idle_up,FALSE,idle_i,0,why,NONE
[2026-09-22T15:21:44.467] Cog0  BM-RUNG,seq,40,seg,LEAD,life,3,rid,6,rung,0,motor,LEFT,incre,-18_375_000,result,OK,off_neg,24,off_pos,328,steady_ms,27,win_ms,1_003,ticks,-49,rate_x10,-488,pred_x10,-491,why,NONE
[2026-09-22T15:21:44.470] Cog0  BM-RUNG2,seq,41,rid,6,motor,LEFT,incre,-18_375_000,zero_x10,83,i_x10,164,inet_x10,81,i_min,13,i_max,21,ph_x10,23_714,phu_x10,7_743,phv_x10,8_111,phw_x10,7_859,duty,3_397,duty_pk,3_473,duty_max,24_264,err,-47,err_pk,70,n,503,why,NONE
[2026-09-22T15:21:44.472] Cog0  BM-RUNGTR,seq,42,rid,6,motor,LEFT,incre,-18_375_000,from_incre,-18_375_000,from_rest,FALSE,tr_ms,531,tr_err_pk,69,tr_i_pk,21,tr_i_over,0,tr_over,-1,tr_n,267,why,NONE
[2026-09-22T15:21:44.473] Cog0  BM-RUNGHL,seq,43,rid,6,motor,LEFT,incre,-18_375_000,tr_lag,0,tr_cap,0,win_lag,0,win_cap,0,drv_incr,-18_375_000,why,NONE
[2026-09-22T15:21:44.489] Cog0  BM-RUNG3,seq,44,rid,6,motor,LEFT,incre,-18_375_000,missed_d,0,illegal_d,0,hw_ticks,-49,hw_skip,0,amps_x10k,529,rs_impl,310,late,0,skipped,0,clamps,0,idle_up,FALSE,idle_i,0,why,NONE
[2026-09-22T15:21:46.103] Cog0  BM-RUNG,seq,45,seg,LEAD,life,3,rid,7,rung,0,motor,LEFT,incre,-18_375_000,result,OK,off_neg,29,off_pos,323,steady_ms,27,win_ms,1_003,ticks,-50,rate_x10,-498,pred_x10,-491,why,NONE
[2026-09-22T15:21:46.106] Cog0  BM-RUNG2,seq,46,rid,7,motor,LEFT,incre,-18_375_000,zero_x10,83,i_x10,200,inet_x10,117,i_min,16,i_max,25,ph_x10,23_715,phu_x10,7_775,phv_x10,8_120,phw_x10,7_819,duty,3_534,duty_pk,3_607,duty_max,24_264,err,-47,err_pk,70,n,503,why,NONE
[2026-09-22T15:21:46.108] Cog0  BM-RUNGTR,seq,47,rid,7,motor,LEFT,incre,-18_375_000,from_incre,-18_375_000,from_rest,FALSE,tr_ms,529,tr_err_pk,71,tr_i_pk,25,tr_i_over,0,tr_over,1,tr_n,266,why,NONE
[2026-09-22T15:21:46.109] Cog0  BM-RUNGHL,seq,48,rid,7,motor,LEFT,incre,-18_375_000,tr_lag,0,tr_cap,0,win_lag,0,win_cap,0,drv_incr,-18_375_000,why,NONE
[2026-09-22T15:21:46.111] Cog0  BM-RUNG3,seq,49,rid,7,motor,LEFT,incre,-18_375_000,missed_d,0,illegal_d,0,hw_ticks,-50,hw_skip,0,amps_x10k,826,rs_impl,242,late,0,skipped,0,clamps,0,idle_up,FALSE,idle_i,0,why,NONE
[2026-09-22T15:21:46.127] Cog0  BM-LEADMIN,seq,50,motor,LEFT,incre,-18_375_000,lead_min,23,inet_min_x10,58,inet18_x10,60,steps,7,verdict,BRACKETED
[2026-09-22T15:21:48.372] Cog0  BM-RUNG,seq,51,seg,LEAD,life,3,rid,8,rung,1,motor,LEFT,incre,-36_750_000,result,OK,off_neg,14,off_pos,338,steady_ms,645,win_ms,1_001,ticks,-98,rate_x10,-979,pred_x10,-982,why,NONE
[2026-09-22T15:21:48.374] Cog0  BM-RUNG2,seq,52,rid,8,motor,LEFT,incre,-36_750_000,zero_x10,83,i_x10,200,inet_x10,117,i_min,16,i_max,25,ph_x10,23_717,phu_x10,7_725,phv_x10,8_123,phw_x10,7_868,duty,6_199,duty_pk,6_274,duty_max,24_264,err,-47,err_pk,70,n,502,why,NONE
[2026-09-22T15:21:48.375] Cog0  BM-RUNGTR,seq,53,rid,8,motor,LEFT,incre,-36_750_000,from_incre,-18_375_000,from_rest,FALSE,tr_ms,1_151,tr_err_pk,78,tr_i_pk,35,tr_i_over,10,tr_over,8,tr_n,577,why,NONE
[2026-09-22T15:21:48.377] Cog0  BM-RUNGHL,seq,54,rid,8,motor,LEFT,incre,-36_750_000,tr_lag,0,tr_cap,0,win_lag,0,win_cap,0,drv_incr,-36_750_000,why,NONE
[2026-09-22T15:21:48.393] Cog0  BM-RUNG3,seq,55,rid,8,motor,LEFT,incre,-36_750_000,missed_d,0,illegal_d,0,hw_ticks,-98,hw_skip,0,amps_x10k,796,rs_impl,251,late,0,skipped,0,clamps,0,idle_up,FALSE,idle_i,0,why,NONE
[2026-09-22T15:21:50.009] Cog0  BM-RUNG,seq,56,seg,LEAD,life,3,rid,9,rung,1,motor,LEFT,incre,-36_750_000,result,OK,off_neg,9,off_pos,343,steady_ms,27,win_ms,1_001,ticks,-98,rate_x10,-979,pred_x10,-982,why,NONE
[2026-09-22T15:21:50.011] Cog0  BM-RUNG2,seq,57,rid,9,motor,LEFT,incre,-36_750_000,zero_x10,83,i_x10,190,inet_x10,107,i_min,13,i_max,27,ph_x10,23_720,phu_x10,7_720,phv_x10,8_127,phw_x10,7_873,duty,6_198,duty_pk,6_555,duty_max,24_264,err,-47,err_pk,75,n,502,why,NONE
[2026-09-22T15:21:50.012] Cog0  BM-RUNGTR,seq,58,rid,9,motor,LEFT,incre,-36_750_000,from_incre,-36_750_000,from_rest,FALSE,tr_ms,533,tr_err_pk,75,tr_i_pk,28,tr_i_over,1,tr_over,0,tr_n,268,why,NONE
[2026-09-22T15:21:50.014] Cog0  BM-RUNGHL,seq,59,rid,9,motor,LEFT,incre,-36_750_000,tr_lag,0,tr_cap,0,win_lag,0,win_cap,0,drv_incr,-36_750_000,why,NONE
[2026-09-22T15:21:50.030] Cog0  BM-RUNG3,seq,60,rid,9,motor,LEFT,incre,-36_750_000,missed_d,0,illegal_d,0,hw_ticks,-98,hw_skip,0,amps_x10k,720,rs_impl,263,late,0,skipped,0,clamps,0,idle_up,FALSE,idle_i,0,why,NONE
[2026-09-22T15:21:51.643] Cog0  BM-RUNG,seq,61,seg,LEAD,life,3,rid,10,rung,1,motor,LEFT,incre,-36_750_000,result,OK,off_neg,4,off_pos,348,steady_ms,27,win_ms,1_001,ticks,-99,rate_x10,-989,pred_x10,-982,why,NONE
[2026-09-22T15:21:51.647] Cog0  BM-RUNG2,seq,62,rid,10,motor,LEFT,incre,-36_750_000,zero_x10,83,i_x10,187,inet_x10,104,i_min,12,i_max,29,ph_x10,23_738,phu_x10,7_736,phv_x10,8_165,phw_x10,7_836,duty,6_117,duty_pk,6_486,duty_max,24_264,err,-48,err_pk,76,n,502,why,NONE
[2026-09-22T15:21:51.648] Cog0  BM-RUNGTR,seq,63,rid,10,motor,LEFT,incre,-36_750_000,from_incre,-36_750_000,from_rest,FALSE,tr_ms,531,tr_err_pk,77,tr_i_pk,29,tr_i_over,0,tr_over,1,tr_n,267,why,NONE
[2026-09-22T15:21:51.650] Cog0  BM-RUNGHL,seq,64,rid,10,motor,LEFT,incre,-36_750_000,tr_lag,0,tr_cap,0,win_lag,0,win_cap,0,drv_incr,-36_750_000,why,NONE
[2026-09-22T15:21:51.667] Cog0  BM-RUNG3,seq,65,rid,10,motor,LEFT,incre,-36_750_000,missed_d,0,illegal_d,0,hw_ticks,-99,hw_skip,0,amps_x10k,751,rs_impl,249,late,0,skipped,0,clamps,0,idle_up,FALSE,idle_i,0,why,NONE
[2026-09-22T15:21:53.281] Cog0  BM-RUNG,seq,66,seg,LEAD,life,3,rid,11,rung,1,motor,LEFT,incre,-36_750_000,result,OK,off_neg,359,off_pos,353,steady_ms,26,win_ms,1_001,ticks,-99,rate_x10,-989,pred_x10,-982,why,NONE
[2026-09-22T15:21:53.283] Cog0  BM-RUNG2,seq,67,rid,11,motor,LEFT,incre,-36_750_000,zero_x10,83,i_x10,211,inet_x10,128,i_min,12,i_max,43,ph_x10,23_721,phu_x10,7_772,phv_x10,8_138,phw_x10,7_810,duty,6_083,duty_pk,6_513,duty_max,24_264,err,-47,err_pk,80,n,502,why,NONE
[2026-09-22T15:21:53.285] Cog0  BM-RUNGTR,seq,68,rid,11,motor,LEFT,incre,-36_750_000,from_incre,-36_750_000,from_rest,FALSE,tr_ms,531,tr_err_pk,80,tr_i_pk,43,tr_i_over,0,tr_over,0,tr_n,267,why,NONE
[2026-09-22T15:21:53.286] Cog0  BM-RUNGHL,seq,69,rid,11,motor,LEFT,incre,-36_750_000,tr_lag,0,tr_cap,0,win_lag,0,win_cap,0,drv_incr,-36_750_000,why,NONE
[2026-09-22T15:21:53.303] Cog0  BM-RUNG3,seq,70,rid,11,motor,LEFT,incre,-36_750_000,missed_d,0,illegal_d,0,hw_ticks,-99,hw_skip,0,amps_x10k,893,rs_impl,236,late,0,skipped,0,clamps,0,idle_up,FALSE,idle_i,0,why,NONE
[2026-09-22T15:21:54.923] Cog0  BM-RUNG,seq,71,seg,LEAD,life,3,rid,12,rung,1,motor,LEFT,incre,-36_750_000,result,OK,off_neg,19,off_pos,333,steady_ms,26,win_ms,1_007,ticks,-99,rate_x10,-983,pred_x10,-982,why,NONE
[2026-09-22T15:21:54.924] Cog0  BM-RUNG2,seq,72,rid,12,motor,LEFT,incre,-36_750_000,zero_x10,83,i_x10,272,inet_x10,189,i_min,21,i_max,34,ph_x10,23_739,phu_x10,7_789,phv_x10,8_111,phw_x10,7_838,duty,6_377,duty_pk,6_470,duty_max,24_264,err,-48,err_pk,70,n,505,why,NONE
[2026-09-22T15:21:54.926] Cog0  BM-RUNGTR,seq,73,rid,12,motor,LEFT,incre,-36_750_000,from_incre,-36_750_000,from_rest,FALSE,tr_ms,531,tr_err_pk,94,tr_i_pk,70,tr_i_over,36,tr_over,24,tr_n,267,why,NONE
[2026-09-22T15:21:54.928] Cog0  BM-RUNGHL,seq,74,rid,12,motor,LEFT,incre,-36_750_000,tr_lag,0,tr_cap,0,win_lag,0,win_cap,0,drv_incr,-36_750_000,why,NONE
[2026-09-22T15:21:54.944] Cog0  BM-RUNG3,seq,75,rid,12,motor,LEFT,incre,-36_750_000,missed_d,0,illegal_d,0,hw_ticks,-99,hw_skip,0,amps_x10k,1_317,rs_impl,206,late,0,skipped,0,clamps,0,idle_up,FALSE,idle_i,0,why,NONE
[2026-09-22T15:21:56.559] Cog0  BM-RUNG,seq,76,seg,LEAD,life,3,rid,13,rung,1,motor,LEFT,incre,-36_750_000,result,OK,off_neg,24,off_pos,328,steady_ms,27,win_ms,1_001,ticks,-99,rate_x10,-989,pred_x10,-982,why,NONE
[2026-09-22T15:21:56.561] Cog0  BM-RUNG2,seq,77,rid,13,motor,LEFT,incre,-36_750_000,zero_x10,83,i_x10,403,inet_x10,320,i_min,33,i_max,53,ph_x10,23_722,phu_x10,7_763,phv_x10,8_086,phw_x10,7_873,duty,6_654,duty_pk,6_762,duty_max,24_264,err,-47,err_pk,71,n,502,why,NONE
[2026-09-22T15:21:56.562] Cog0  BM-RUNGTR,seq,78,rid,13,motor,LEFT,incre,-36_750_000,from_incre,-36_750_000,from_rest,FALSE,tr_ms,531,tr_err_pk,71,tr_i_pk,51,tr_i_over,-2,tr_over,0,tr_n,267,why,NONE
[2026-09-22T15:21:56.564] Cog0  BM-RUNGHL,seq,79,rid,13,motor,LEFT,incre,-36_750_000,tr_lag,0,tr_cap,0,win_lag,0,win_cap,0,drv_incr,-36_750_000,why,NONE
[2026-09-22T15:21:56.580] Cog0  BM-RUNG3,seq,80,rid,13,motor,LEFT,incre,-36_750_000,missed_d,0,illegal_d,0,hw_ticks,-99,hw_skip,0,amps_x10k,2_152,rs_impl,187,late,0,skipped,0,clamps,0,idle_up,FALSE,idle_i,0,why,NONE
[2026-09-22T15:21:58.195] Cog0  BM-RUNG,seq,81,seg,LEAD,life,3,rid,14,rung,1,motor,LEFT,incre,-36_750_000,result,OK,off_neg,29,off_pos,323,steady_ms,26,win_ms,1_001,ticks,-99,rate_x10,-989,pred_x10,-982,why,NONE
[2026-09-22T15:21:58.197] Cog0  BM-RUNG2,seq,82,rid,14,motor,LEFT,incre,-36_750_000,zero_x10,83,i_x10,630,inet_x10,547,i_min,52,i_max,75,ph_x10,23_714,phu_x10,7_712,phv_x10,8_122,phw_x10,7_879,duty,7_037,duty_pk,7_151,duty_max,24_264,err,-48,err_pk,72,n,502,why,NONE
[2026-09-22T15:21:58.198] Cog0  BM-RUNGTR,seq,83,rid,14,motor,LEFT,incre,-36_750_000,from_incre,-36_750_000,from_rest,FALSE,tr_ms,531,tr_err_pk,72,tr_i_pk,77,tr_i_over,2,tr_over,0,tr_n,267,why,NONE
[2026-09-22T15:21:58.200] Cog0  BM-RUNGHL,seq,84,rid,14,motor,LEFT,incre,-36_750_000,tr_lag,0,tr_cap,0,win_lag,0,win_cap,0,drv_incr,-36_750_000,why,NONE
[2026-09-22T15:21:58.202] Cog0  BM-RUNG3,seq,85,rid,14,motor,LEFT,incre,-36_750_000,missed_d,0,illegal_d,0,hw_ticks,-99,hw_skip,0,amps_x10k,3_727,rs_impl,169,late,0,skipped,0,clamps,0,idle_up,FALSE,idle_i,0,why,NONE
[2026-09-22T15:21:58.218] Cog0  BM-LEADMIN,seq,86,motor,LEFT,incre,-36_750_000,lead_min,8,inet_min_x10,104,inet18_x10,117,steps,7,verdict,BRACKETED
[2026-09-22T15:22:00.744] Cog0  BM-RUNG,seq,87,seg,LEAD,life,3,rid,15,rung,2,motor,LEFT,incre,-73_500_000,result,OK,off_neg,14,off_pos,338,steady_ms,922,win_ms,1_001,ticks,-196,rate_x10,-1_958,pred_x10,-1_964,why,NONE
[2026-09-22T15:22:00.746] Cog0  BM-RUNG2,seq,88,rid,15,motor,LEFT,incre,-73_500_000,zero_x10,83,i_x10,519,inet_x10,436,i_min,35,i_max,66,ph_x10,23_722,phu_x10,7_752,phv_x10,8_113,phw_x10,7_856,duty,12_491,duty_pk,12_598,duty_max,24_264,err,-48,err_pk,71,n,502,why,NONE
[2026-09-22T15:22:00.748] Cog0  BM-RUNGTR,seq,89,rid,15,motor,LEFT,incre,-73_500_000,from_incre,-36_750_000,from_rest,FALSE,tr_ms,1_427,tr_err_pk,72,tr_i_pk,77,tr_i_over,11,tr_over,1,tr_n,715,why,NONE
[2026-09-22T15:22:00.749] Cog0  BM-RUNGHL,seq,90,rid,15,motor,LEFT,incre,-73_500_000,tr_lag,0,tr_cap,0,win_lag,0,win_cap,0,drv_incr,-73_500_000,why,NONE
[2026-09-22T15:22:00.765] Cog0  BM-RUNG3,seq,91,rid,15,motor,LEFT,incre,-73_500_000,missed_d,0,illegal_d,0,hw_ticks,-196,hw_skip,0,amps_x10k,2_871,rs_impl,180,late,0,skipped,0,clamps,0,idle_up,FALSE,idle_i,0,why,NONE
[2026-09-22T15:22:02.380] Cog0  BM-RUNG,seq,92,seg,LEAD,life,3,rid,16,rung,2,motor,LEFT,incre,-73_500_000,result,OK,off_neg,9,off_pos,343,steady_ms,26,win_ms,1_001,ticks,-197,rate_x10,-1_968,pred_x10,-1_964,why,NONE
[2026-09-22T15:22:02.382] Cog0  BM-RUNG2,seq,93,rid,16,motor,LEFT,incre,-73_500_000,zero_x10,83,i_x10,310,inet_x10,227,i_min,23,i_max,41,ph_x10,23_737,phu_x10,7_761,phv_x10,8_116,phw_x10,7_859,duty,11_990,duty_pk,12_082,duty_max,24_264,err,-48,err_pk,71,n,502,why,NONE
[2026-09-22T15:22:02.384] Cog0  BM-RUNGTR,seq,94,rid,16,motor,LEFT,incre,-73_500_000,from_incre,-73_500_000,from_rest,FALSE,tr_ms,531,tr_err_pk,70,tr_i_pk,62,tr_i_over,21,tr_over,-1,tr_n,267,why,NONE
[2026-09-22T15:22:02.386] Cog0  BM-RUNGHL,seq,95,rid,16,motor,LEFT,incre,-73_500_000,tr_lag,0,tr_cap,0,win_lag,0,win_cap,0,drv_incr,-73_500_000,why,NONE
[2026-09-22T15:22:02.386] Cog0  BM-RUNG3,seq,96,rid,16,motor,LEFT,incre,-73_500_000,missed_d,0,illegal_d,0,hw_ticks,-197,hw_skip,0,amps_x10k,1_528,rs_impl,202,late,0,skipped,0,clamps,0,idle_up,FALSE,idle_i,0,why,NONE
[2026-09-22T15:22:04.017] Cog0  BM-RUNG,seq,97,seg,LEAD,life,3,rid,17,rung,2,motor,LEFT,incre,-73_500_000,result,OK,off_neg,4,off_pos,348,steady_ms,27,win_ms,1_001,ticks,-197,rate_x10,-1_968,pred_x10,-1_964,why,NONE
[2026-09-22T15:22:04.019] Cog0  BM-RUNG2,seq,98,rid,17,motor,LEFT,incre,-73_500_000,zero_x10,83,i_x10,275,inet_x10,192,i_min,17,i_max,42,ph_x10,23_722,phu_x10,7_736,phv_x10,8_141,phw_x10,7_843,duty,11_868,duty_pk,12_057,duty_max,24_264,err,-48,err_pk,73,n,502,why,NONE
[2026-09-22T15:22:04.020] Cog0  BM-RUNGTR,seq,99,rid,17,motor,LEFT,incre,-73_500_000,from_incre,-73_500_000,from_rest,FALSE,tr_ms,531,tr_err_pk,71,tr_i_pk,40,tr_i_over,-2,tr_over,-2,tr_n,267,why,NONE
[2026-09-22T15:22:04.022] Cog0  BM-RUNGHL,seq,100,rid,17,motor,LEFT,incre,-73_500_000,tr_lag,0,tr_cap,0,win_lag,0,win_cap,0,drv_incr,-73_500_000,why,NONE
[2026-09-22T15:22:04.038] Cog0  BM-RUNG3,seq,101,rid,17,motor,LEFT,incre,-73_500_000,missed_d,0,illegal_d,0,hw_ticks,-197,hw_skip,0,amps_x10k,1_290,rs_impl,213,late,0,skipped,0,clamps,0,idle_up,FALSE,idle_i,0,why,NONE
[2026-09-22T15:22:05.653] Cog0  BM-RUNG,seq,102,seg,LEAD,life,3,rid,18,rung,2,motor,LEFT,incre,-73_500_000,result,OK,off_neg,359,off_pos,353,steady_ms,26,win_ms,1_003,ticks,-197,rate_x10,-1_964,pred_x10,-1_964,why,NONE
[2026-09-22T15:22:05.655] Cog0  BM-RUNG2,seq,103,rid,18,motor,LEFT,incre,-73_500_000,zero_x10,83,i_x10,272,inet_x10,189,i_min,18,i_max,35,ph_x10,23_727,phu_x10,7_759,phv_x10,8_122,phw_x10,7_844,duty,11_667,duty_pk,11_769,duty_max,24_264,err,-47,err_pk,72,n,503,why,NONE
[2026-09-22T15:22:05.657] Cog0  BM-RUNGTR,seq,104,rid,18,motor,LEFT,incre,-73_500_000,from_incre,-73_500_000,from_rest,FALSE,tr_ms,531,tr_err_pk,72,tr_i_pk,51,tr_i_over,16,tr_over,0,tr_n,267,why,NONE
[2026-09-22T15:22:05.658] Cog0  BM-RUNGHL,seq,105,rid,18,motor,LEFT,incre,-73_500_000,tr_lag,0,tr_cap,0,win_lag,0,win_cap,0,drv_incr,-73_500_000,why,NONE
[2026-09-22T15:22:05.675] Cog0  BM-RUNG3,seq,106,rid,18,motor,LEFT,incre,-73_500_000,missed_d,0,illegal_d,0,hw_ticks,-197,hw_skip,0,amps_x10k,1_287,rs_impl,211,late,0,skipped,0,clamps,0,idle_up,FALSE,idle_i,0,why,NONE
[2026-09-22T15:22:07.289] Cog0  BM-RUNG,seq,107,seg,LEAD,life,3,rid,19,rung,2,motor,LEFT,incre,-73_500_000,result,OK,off_neg,19,off_pos,333,steady_ms,26,win_ms,1_003,ticks,-198,rate_x10,-1_974,pred_x10,-1_964,why,NONE
[2026-09-22T15:22:07.292] Cog0  BM-RUNG2,seq,108,rid,19,motor,LEFT,incre,-73_500_000,zero_x10,83,i_x10,980,inet_x10,897,i_min,74,i_max,120,ph_x10,23_696,phu_x10,7_737,phv_x10,8_117,phw_x10,7_841,duty,13_176,duty_pk,13_302,duty_max,24_264,err,-48,err_pk,70,n,503,why,NONE
[2026-09-22T15:22:07.293] Cog0  BM-RUNGTR,seq,109,rid,19,motor,LEFT,incre,-73_500_000,from_incre,-73_500_000,from_rest,FALSE,tr_ms,531,tr_err_pk,79,tr_i_pk,118,tr_i_over,-2,tr_over,9,tr_n,267,why,NONE
[2026-09-22T15:22:07.293] Cog0  BM-RUNGHL,seq,110,rid,19,motor,LEFT,incre,-73_500_000,tr_lag,0,tr_cap,0,win_lag,0,win_cap,0,drv_incr,-73_500_000,why,NONE
[2026-09-22T15:22:07.311] Cog0  BM-RUNG3,seq,111,rid,19,motor,LEFT,incre,-73_500_000,missed_d,0,illegal_d,0,hw_ticks,-198,hw_skip,0,amps_x10k,5_953,rs_impl,164,late,0,skipped,0,clamps,0,idle_up,FALSE,idle_i,0,why,NONE
[2026-09-22T15:22:08.926] Cog0  BM-RUNG,seq,112,seg,LEAD,life,3,rid,20,rung,2,motor,LEFT,incre,-73_500_000,result,OK,off_neg,24,off_pos,328,steady_ms,26,win_ms,1_001,ticks,-197,rate_x10,-1_968,pred_x10,-1_964,why,NONE
[2026-09-22T15:22:08.928] Cog0  BM-RUNG2,seq,113,rid,20,motor,LEFT,incre,-73_500_000,zero_x10,83,i_x10,1_748,inet_x10,1_665,i_min,142,i_max,207,ph_x10,23_662,phu_x10,7_748,phv_x10,8_105,phw_x10,7_808,duty,14_023,duty_pk,14_176,duty_max,24_264,err,-48,err_pk,72,n,502,why,NONE
[2026-09-22T15:22:08.928] Cog0  BM-RUNGTR,seq,114,rid,20,motor,LEFT,incre,-73_500_000,from_incre,-73_500_000,from_rest,FALSE,tr_ms,531,tr_err_pk,73,tr_i_pk,201,tr_i_over,-6,tr_over,1,tr_n,267,why,NONE
[2026-09-22T15:22:08.931] Cog0  BM-RUNGHL,seq,115,rid,20,motor,LEFT,incre,-73_500_000,tr_lag,0,tr_cap,0,win_lag,0,win_cap,0,drv_incr,-73_500_000,why,NONE
[2026-09-22T15:22:08.948] Cog0  BM-RUNG3,seq,116,rid,20,motor,LEFT,incre,-73_500_000,missed_d,0,illegal_d,0,hw_ticks,-197,hw_skip,0,amps_x10k,11_150,rs_impl,156,late,0,skipped,0,clamps,0,idle_up,FALSE,idle_i,0,why,NONE
[2026-09-22T15:22:10.562] Cog0  BM-RUNG,seq,117,seg,LEAD,life,3,rid,21,rung,2,motor,LEFT,incre,-73_500_000,result,OK,off_neg,29,off_pos,323,steady_ms,26,win_ms,1_001,ticks,-196,rate_x10,-1_958,pred_x10,-1_964,why,NONE
[2026-09-22T15:22:10.564] Cog0  BM-RUNG2,seq,118,rid,21,motor,LEFT,incre,-73_500_000,zero_x10,83,i_x10,2_987,inet_x10,2_904,i_min,257,i_max,343,ph_x10,23_580,phu_x10,7_702,phv_x10,8_063,phw_x10,7_814,duty,15_089,duty_pk,15_236,duty_max,24_264,err,-47,err_pk,73,n,502,why,NONE
[2026-09-22T15:22:10.566] Cog0  BM-RUNGTR,seq,119,rid,21,motor,LEFT,incre,-73_500_000,from_incre,-73_500_000,from_rest,FALSE,tr_ms,531,tr_err_pk,72,tr_i_pk,340,tr_i_over,-3,tr_over,-1,tr_n,267,why,NONE
[2026-09-22T15:22:10.568] Cog0  BM-RUNGHL,seq,120,rid,21,motor,LEFT,incre,-73_500_000,tr_lag,0,tr_cap,0,win_lag,0,win_cap,0,drv_incr,-73_500_000,why,NONE
[2026-09-22T15:22:10.569] Cog0  BM-RUNG3,seq,121,rid,21,motor,LEFT,incre,-73_500_000,missed_d,0,illegal_d,0,hw_ticks,-196,hw_skip,0,amps_x10k,19_290,rs_impl,154,late,0,skipped,0,clamps,0,idle_up,FALSE,idle_i,0,why,NONE
[2026-09-22T15:22:10.585] Cog0  BM-LEADMIN,seq,122,motor,LEFT,incre,-73_500_000,lead_min,3,inet_min_x10,189,inet18_x10,436,steps,7,verdict,EDGE
[2026-09-22T15:22:13.516] Cog0  BM-RUNG,seq,123,seg,LEAD,life,3,rid,22,rung,3,motor,LEFT,incre,-147_000_000,result,OK,off_neg,14,off_pos,338,steady_ms,1_320,win_ms,1_001,ticks,-394,rate_x10,-3_936,pred_x10,-3_928,why,NONE
[2026-09-22T15:22:13.518] Cog0  BM-RUNG2,seq,124,rid,22,motor,LEFT,incre,-147_000_000,zero_x10,83,i_x10,669,inet_x10,586,i_min,29,i_max,105,ph_x10,23_691,phu_x10,7_725,phv_x10,8_129,phw_x10,7_837,duty,24_246,duty_pk,24_264,duty_max,24_264,err,-52,err_pk,78,n,502,why,NONE
[2026-09-22T15:22:13.520] Cog0  BM-RUNGTR,seq,125,rid,22,motor,LEFT,incre,-147_000_000,from_incre,-73_500_000,from_rest,FALSE,tr_ms,1_825,tr_err_pk,77,tr_i_pk,279,tr_i_over,174,tr_over,-1,tr_n,914,why,NONE
[2026-09-22T15:22:13.522] Cog0  BM-RUNGHL,seq,126,rid,22,motor,LEFT,incre,-147_000_000,tr_lag,0,tr_cap,6_426,win_lag,0,win_cap,9_859,drv_incr,-147_000_000,why,NONE
[2026-09-22T15:22:13.538] Cog0  BM-RUNG3,seq,127,rid,22,motor,LEFT,incre,-147_000_000,missed_d,0,illegal_d,0,hw_ticks,-394,hw_skip,0,amps_x10k,3_926,rs_impl,170,late,0,skipped,0,clamps,0,idle_up,FALSE,idle_i,0,why,NONE
[2026-09-22T15:22:15.153] Cog0  BM-RUNG,seq,128,seg,LEAD,life,3,rid,23,rung,3,motor,LEFT,incre,-147_000_000,result,OK,off_neg,9,off_pos,343,steady_ms,26,win_ms,1_003,ticks,-394,rate_x10,-3_928,pred_x10,-3_928,why,NONE
[2026-09-22T15:22:15.155] Cog0  BM-RUNG2,seq,129,rid,23,motor,LEFT,incre,-147_000_000,zero_x10,83,i_x10,662,inet_x10,579,i_min,26,i_max,100,ph_x10,23_695,phu_x10,7_762,phv_x10,8_084,phw_x10,7_848,duty,24_232,duty_pk,24_264,duty_max,24_264,err,-49,err_pk,73,n,503,why,NONE
[2026-09-22T15:22:15.156] Cog0  BM-RUNGTR,seq,130,rid,23,motor,LEFT,incre,-147_000_000,from_incre,-147_000_000,from_rest,FALSE,tr_ms,531,tr_err_pk,75,tr_i_pk,102,tr_i_over,2,tr_over,2,tr_n,267,why,NONE
[2026-09-22T15:22:15.158] Cog0  BM-RUNGHL,seq,131,rid,23,motor,LEFT,incre,-147_000_000,tr_lag,0,tr_cap,1_322,win_lag,0,win_cap,2_477,drv_incr,-147_000_000,why,NONE
[2026-09-22T15:22:15.175] Cog0  BM-RUNG3,seq,132,rid,23,motor,LEFT,incre,-147_000_000,missed_d,0,illegal_d,0,hw_ticks,-394,hw_skip,0,amps_x10k,3_887,rs_impl,170,late,0,skipped,0,clamps,0,idle_up,FALSE,idle_i,0,why,NONE
[2026-09-22T15:22:16.789] Cog0  BM-RUNG,seq,133,seg,LEAD,life,3,rid,24,rung,3,motor,LEFT,incre,-147_000_000,result,OK,off_neg,4,off_pos,348,steady_ms,26,win_ms,1_001,ticks,-394,rate_x10,-3_936,pred_x10,-3_928,why,NONE
[2026-09-22T15:22:16.791] Cog0  BM-RUNG2,seq,134,rid,24,motor,LEFT,incre,-147_000_000,zero_x10,83,i_x10,479,inet_x10,396,i_min,23,i_max,71,ph_x10,23_705,phu_x10,7_702,phv_x10,8_135,phw_x10,7_867,duty,23_463,duty_pk,23_576,duty_max,24_264,err,-47,err_pk,73,n,502,why,NONE
[2026-09-22T15:22:16.793] Cog0  BM-RUNGTR,seq,135,rid,24,motor,LEFT,incre,-147_000_000,from_incre,-147_000_000,from_rest,FALSE,tr_ms,531,tr_err_pk,73,tr_i_pk,80,tr_i_over,9,tr_over,0,tr_n,267,why,NONE
[2026-09-22T15:22:16.795] Cog0  BM-RUNGHL,seq,136,rid,24,motor,LEFT,incre,-147_000_000,tr_lag,0,tr_cap,0,win_lag,0,win_cap,0,drv_incr,-147_000_000,why,NONE
[2026-09-22T15:22:16.811] Cog0  BM-RUNG3,seq,137,rid,24,motor,LEFT,incre,-147_000_000,missed_d,0,illegal_d,0,hw_ticks,-394,hw_skip,0,amps_x10k,2_641,rs_impl,181,late,0,skipped,0,clamps,0,idle_up,FALSE,idle_i,0,why,NONE
[2026-09-22T15:22:18.426] Cog0  BM-RUNG,seq,138,seg,LEAD,life,3,rid,25,rung,3,motor,LEFT,incre,-147_000_000,result,OK,off_neg,359,off_pos,353,steady_ms,26,win_ms,1_001,ticks,-393,rate_x10,-3_926,pred_x10,-3_928,why,NONE
[2026-09-22T15:22:18.428] Cog0  BM-RUNG2,seq,139,rid,25,motor,LEFT,incre,-147_000_000,zero_x10,83,i_x10,493,inet_x10,410,i_min,28,i_max,68,ph_x10,23_720,phu_x10,7_797,phv_x10,8_066,phw_x10,7_855,duty,22_599,duty_pk,22_729,duty_max,24_264,err,-48,err_pk,72,n,502,why,NONE
[2026-09-22T15:22:18.429] Cog0  BM-RUNGTR,seq,140,rid,25,motor,LEFT,incre,-147_000_000,from_incre,-147_000_000,from_rest,FALSE,tr_ms,531,tr_err_pk,72,tr_i_pk,77,tr_i_over,9,tr_over,0,tr_n,267,why,NONE
[2026-09-22T15:22:18.431] Cog0  BM-RUNGHL,seq,141,rid,25,motor,LEFT,incre,-147_000_000,tr_lag,0,tr_cap,0,win_lag,0,win_cap,0,drv_incr,-147_000_000,why,NONE
[2026-09-22T15:22:18.447] Cog0  BM-RUNG3,seq,142,rid,25,motor,LEFT,incre,-147_000_000,missed_d,0,illegal_d,0,hw_ticks,-393,hw_skip,0,amps_x10k,2_730,rs_impl,180,late,0,skipped,0,clamps,0,idle_up,FALSE,idle_i,0,why,NONE
[2026-09-22T15:22:20.062] Cog0  BM-RUNG,seq,143,seg,LEAD,life,3,rid,26,rung,3,motor,LEFT,incre,-147_000_000,result,OK,off_neg,19,off_pos,333,steady_ms,26,win_ms,1_003,ticks,-394,rate_x10,-3_928,pred_x10,-3_928,why,NONE
[2026-09-22T15:22:20.064] Cog0  BM-RUNG2,seq,144,rid,26,motor,LEFT,incre,-147_000_000,zero_x10,83,i_x10,672,inet_x10,589,i_min,32,i_max,102,ph_x10,23_698,phu_x10,7_710,phv_x10,8_159,phw_x10,7_828,duty,24_255,duty_pk,24_264,duty_max,24_264,err,-56,err_pk,82,n,503,why,NONE
[2026-09-22T15:22:20.066] Cog0  BM-RUNGTR,seq,145,rid,26,motor,LEFT,incre,-147_000_000,from_incre,-147_000_000,from_rest,FALSE,tr_ms,531,tr_err_pk,84,tr_i_pk,106,tr_i_over,4,tr_over,2,tr_n,267,why,NONE
[2026-09-22T15:22:20.068] Cog0  BM-RUNGHL,seq,146,rid,26,motor,LEFT,incre,-147_000_000,tr_lag,0,tr_cap,8_482,win_lag,0,win_cap,16_913,drv_incr,-147_000_000,why,NONE
[2026-09-22T15:22:20.084] Cog0  BM-RUNG3,seq,147,rid,26,motor,LEFT,incre,-147_000_000,missed_d,0,illegal_d,0,hw_ticks,-394,hw_skip,0,amps_x10k,3_958,rs_impl,169,late,0,skipped,0,clamps,0,idle_up,FALSE,idle_i,0,why,NONE
[2026-09-22T15:22:21.699] Cog0  BM-RUNG,seq,148,seg,LEAD,life,3,rid,27,rung,3,motor,LEFT,incre,-147_000_000,result,OK,off_neg,24,off_pos,328,steady_ms,26,win_ms,1_003,ticks,-395,rate_x10,-3_938,pred_x10,-3_928,why,NONE
[2026-09-22T15:22:21.701] Cog0  BM-RUNG2,seq,149,rid,27,motor,LEFT,incre,-147_000_000,zero_x10,83,i_x10,676,inet_x10,593,i_min,30,i_max,103,ph_x10,23_713,phu_x10,7_787,phv_x10,8_095,phw_x10,7_830,duty,24_260,duty_pk,24_264,duty_max,24_264,err,-60,err_pk,85,n,503,why,NONE
[2026-09-22T15:22:21.702] Cog0  BM-RUNGTR,seq,150,rid,27,motor,LEFT,incre,-147_000_000,from_incre,-147_000_000,from_rest,FALSE,tr_ms,531,tr_err_pk,83,tr_i_pk,103,tr_i_over,0,tr_over,-2,tr_n,267,why,NONE
[2026-09-22T15:22:21.704] Cog0  BM-RUNGHL,seq,151,rid,27,motor,LEFT,incre,-147_000_000,tr_lag,0,tr_cap,12_400,win_lag,0,win_cap,23_548,drv_incr,-147_000_000,why,NONE
[2026-09-22T15:22:21.721] Cog0  BM-RUNG3,seq,152,rid,27,motor,LEFT,incre,-147_000_000,missed_d,0,illegal_d,0,hw_ticks,-395,hw_skip,0,amps_x10k,3_953,rs_impl,171,late,0,skipped,0,clamps,0,idle_up,FALSE,idle_i,0,why,NONE
[2026-09-22T15:22:23.335] Cog0  BM-RUNG,seq,153,seg,LEAD,life,3,rid,28,rung,3,motor,LEFT,incre,-147_000_000,result,OK,off_neg,29,off_pos,323,steady_ms,26,win_ms,1_001,ticks,-394,rate_x10,-3_936,pred_x10,-3_928,why,NONE
[2026-09-22T15:22:23.338] Cog0  BM-RUNG2,seq,154,rid,28,motor,LEFT,incre,-147_000_000,zero_x10,83,i_x10,678,inet_x10,595,i_min,25,i_max,106,ph_x10,23_709,phu_x10,7_684,phv_x10,8_186,phw_x10,7_838,duty,24_262,duty_pk,24_264,duty_max,24_264,err,-63,err_pk,88,n,502,why,NONE
[2026-09-22T15:22:23.339] Cog0  BM-RUNGTR,seq,155,rid,28,motor,LEFT,incre,-147_000_000,from_incre,-147_000_000,from_rest,FALSE,tr_ms,531,tr_err_pk,87,tr_i_pk,102,tr_i_over,-4,tr_over,-1,tr_n,267,why,NONE
[2026-09-22T15:22:23.341] Cog0  BM-RUNGHL,seq,156,rid,28,motor,LEFT,incre,-147_000_000,tr_lag,0,tr_cap,15_484,win_lag,0,win_cap,29_341,drv_incr,-147_000_000,why,NONE
[2026-09-22T15:22:23.343] Cog0  BM-RUNG3,seq,157,rid,28,motor,LEFT,incre,-147_000_000,missed_d,0,illegal_d,0,hw_ticks,-394,hw_skip,0,amps_x10k,3_937,rs_impl,172,late,0,skipped,0,clamps,0,idle_up,FALSE,idle_i,0,why,NONE
[2026-09-22T15:22:23.359] Cog0  BM-LEADMIN,seq,158,motor,LEFT,incre,-147_000_000,lead_min,8,inet_min_x10,396,inet18_x10,586,steps,7,verdict,BRACKETED
[2026-09-22T15:22:24.903] Cog3  INIT $0001_0E5E $0004_44C7 load
[2026-09-22T15:22:24.918] Cog4  INIT $0000_0FA8 $0004_3F97 jump
[2026-09-22T15:22:27.015] Cog0  BM-START,seq,159,seg,LEAD,motor,LEFT,life,4,cog_ret,3,cog_ok,TRUE,board,REV_B,board_enum,22,ready,TRUE,ready_ms,0,off_neg,14,off_pos,338,missed,0,illegal,0,zero_x10,76,ph_x10,1_664,why,NONE
[2026-09-22T15:22:29.269] Cog0  BM-RUNG,seq,160,seg,LEAD,life,4,rid,29,rung,0,motor,LEFT,incre,18_375_000,result,OK,off_neg,14,off_pos,338,steady_ms,656,win_ms,1_003,ticks,49,rate_x10,488,pred_x10,491,why,NONE
[2026-09-22T15:22:29.271] Cog0  BM-RUNG2,seq,161,rid,29,motor,LEFT,incre,18_375_000,zero_x10,76,i_x10,136,inet_x10,60,i_min,9,i_max,18,ph_x10,23_705,phu_x10,7_773,phv_x10,8_090,phw_x10,7_840,duty,3_338,duty_pk,3_636,duty_max,24_264,err,47,err_pk,77,n,503,why,NONE
[2026-09-22T15:22:29.273] Cog0  BM-RUNGTR,seq,162,rid,29,motor,LEFT,incre,18_375_000,from_incre,0,from_rest,TRUE,tr_ms,1_159,tr_err_pk,85,tr_i_pk,26,tr_i_over,8,tr_over,8,tr_n,581,why,NONE
[2026-09-22T15:22:29.275] Cog0  BM-RUNGHL,seq,163,rid,29,motor,LEFT,incre,18_375_000,tr_lag,0,tr_cap,0,win_lag,0,win_cap,0,drv_incr,18_375_000,why,NONE
[2026-09-22T15:22:29.291] Cog0  BM-RUNG3,seq,164,rid,29,motor,LEFT,incre,18_375_000,missed_d,0,illegal_d,0,hw_ticks,49,hw_skip,0,amps_x10k,447,rs_impl,304,late,0,skipped,0,clamps,0,idle_up,FALSE,idle_i,0,why,NONE
[2026-09-22T15:22:30.905] Cog0  BM-RUNG,seq,165,seg,LEAD,life,4,rid,30,rung,0,motor,LEFT,incre,18_375_000,result,OK,off_neg,9,off_pos,343,steady_ms,26,win_ms,1_001,ticks,49,rate_x10,489,pred_x10,491,why,NONE
[2026-09-22T15:22:30.907] Cog0  BM-RUNG2,seq,166,rid,30,motor,LEFT,incre,18_375_000,zero_x10,76,i_x10,139,inet_x10,63,i_min,9,i_max,21,ph_x10,23_712,phu_x10,7_728,phv_x10,8_115,phw_x10,7_867,duty,3_361,duty_pk,3_822,duty_max,24_264,err,48,err_pk,83,n,502,why,NONE
[2026-09-22T15:22:30.909] Cog0  BM-RUNGTR,seq,167,rid,30,motor,LEFT,incre,18_375_000,from_incre,18_375_000,from_rest,FALSE,tr_ms,531,tr_err_pk,82,tr_i_pk,18,tr_i_over,-3,tr_over,-1,tr_n,267,why,NONE
[2026-09-22T15:22:30.911] Cog0  BM-RUNGHL,seq,168,rid,30,motor,LEFT,incre,18_375_000,tr_lag,0,tr_cap,0,win_lag,0,win_cap,0,drv_incr,18_375_000,why,NONE
[2026-09-22T15:22:30.927] Cog0  BM-RUNG3,seq,169,rid,30,motor,LEFT,incre,18_375_000,missed_d,0,illegal_d,0,hw_ticks,49,hw_skip,0,amps_x10k,419,rs_impl,331,late,0,skipped,0,clamps,0,idle_up,FALSE,idle_i,0,why,NONE
[2026-09-22T15:22:32.541] Cog0  BM-RUNG,seq,170,seg,LEAD,life,4,rid,31,rung,0,motor,LEFT,incre,18_375_000,result,OK,off_neg,4,off_pos,348,steady_ms,26,win_ms,1_003,ticks,50,rate_x10,498,pred_x10,491,why,NONE
[2026-09-22T15:22:32.543] Cog0  BM-RUNG2,seq,171,rid,31,motor,LEFT,incre,18_375_000,zero_x10,76,i_x10,153,inet_x10,77,i_min,9,i_max,25,ph_x10,23_720,phu_x10,7_781,phv_x10,8_110,phw_x10,7_828,duty,3_402,duty_pk,4_057,duty_max,24_264,err,47,err_pk,88,n,503,why,NONE
[2026-09-22T15:22:32.545] Cog0  BM-RUNGTR,seq,172,rid,31,motor,LEFT,incre,18_375_000,from_incre,18_375_000,from_rest,FALSE,tr_ms,531,tr_err_pk,90,tr_i_pk,27,tr_i_over,2,tr_over,2,tr_n,267,why,NONE
[2026-09-22T15:22:32.547] Cog0  BM-RUNGHL,seq,173,rid,31,motor,LEFT,incre,18_375_000,tr_lag,0,tr_cap,0,win_lag,0,win_cap,0,drv_incr,18_375_000,why,NONE
[2026-09-22T15:22:32.563] Cog0  BM-RUNG3,seq,174,rid,31,motor,LEFT,incre,18_375_000,missed_d,0,illegal_d,0,hw_ticks,50,hw_skip,0,amps_x10k,547,rs_impl,279,late,0,skipped,0,clamps,0,idle_up,FALSE,idle_i,0,why,NONE
[2026-09-22T15:22:34.177] Cog0  BM-RUNG,seq,175,seg,LEAD,life,4,rid,32,rung,0,motor,LEFT,incre,18_375_000,result,OK,off_neg,359,off_pos,353,steady_ms,26,win_ms,1_003,ticks,47,rate_x10,468,pred_x10,491,why,NONE
[2026-09-22T15:22:34.179] Cog0  BM-RUNG2,seq,176,rid,32,motor,LEFT,incre,18_375_000,zero_x10,76,i_x10,276,inet_x10,200,i_min,8,i_max,73,ph_x10,23_719,phu_x10,7_773,phv_x10,8_080,phw_x10,7_865,duty,3_547,duty_pk,5_098,duty_max,24_264,err,44,err_pk,100,n,503,why,NONE
[2026-09-22T15:22:34.181] Cog0  BM-RUNGTR,seq,177,rid,32,motor,LEFT,incre,18_375_000,from_incre,18_375_000,from_rest,FALSE,tr_ms,531,tr_err_pk,100,tr_i_pk,69,tr_i_over,-4,tr_over,0,tr_n,267,why,NONE
[2026-09-22T15:22:34.183] Cog0  BM-RUNGHL,seq,178,rid,32,motor,LEFT,incre,18_375_000,tr_lag,19,tr_cap,0,win_lag,13,win_cap,0,drv_incr,16_538_358,why,NONE
[2026-09-22T15:22:34.200] Cog0  BM-RUNG3,seq,179,rid,32,motor,LEFT,incre,18_375_000,missed_d,0,illegal_d,0,hw_ticks,47,hw_skip,0,amps_x10k,1_380,rs_impl,200,late,0,skipped,0,clamps,0,idle_up,FALSE,idle_i,0,why,NONE
[2026-09-22T15:22:35.988] Cog0  BM-RUNG,seq,180,seg,LEAD,life,4,rid,33,rung,0,motor,LEFT,incre,18_375_000,result,OK,off_neg,19,off_pos,333,steady_ms,198,win_ms,1_001,ticks,49,rate_x10,489,pred_x10,491,why,NONE
[2026-09-22T15:22:35.990] Cog0  BM-RUNG2,seq,181,rid,33,motor,LEFT,incre,18_375_000,zero_x10,76,i_x10,136,inet_x10,60,i_min,10,i_max,17,ph_x10,23_722,phu_x10,7_768,phv_x10,8_094,phw_x10,7_859,duty,3_340,duty_pk,3_472,duty_max,24_264,err,47,err_pk,70,n,502,why,NONE
[2026-09-22T15:22:35.991] Cog0  BM-RUNGTR,seq,182,rid,33,motor,LEFT,incre,18_375_000,from_incre,18_375_000,from_rest,FALSE,tr_ms,703,tr_err_pk,98,tr_i_pk,85,tr_i_over,68,tr_over,28,tr_n,353,why,NONE
[2026-09-22T15:22:35.993] Cog0  BM-RUNGHL,seq,183,rid,33,motor,LEFT,incre,18_375_000,tr_lag,2,tr_cap,0,win_lag,0,win_cap,0,drv_incr,18_375_000,why,NONE
[2026-09-22T15:22:36.009] Cog0  BM-RUNG3,seq,184,rid,33,motor,LEFT,incre,18_375_000,missed_d,0,illegal_d,0,hw_ticks,49,hw_skip,0,amps_x10k,435,rs_impl,312,late,0,skipped,0,clamps,0,idle_up,FALSE,idle_i,0,why,NONE
[2026-09-22T15:22:37.625] Cog0  BM-RUNG,seq,185,seg,LEAD,life,4,rid,34,rung,0,motor,LEFT,incre,18_375_000,result,OK,off_neg,24,off_pos,328,steady_ms,27,win_ms,1_001,ticks,49,rate_x10,489,pred_x10,491,why,NONE
[2026-09-22T15:22:37.627] Cog0  BM-RUNG2,seq,186,rid,34,motor,LEFT,incre,18_375_000,zero_x10,76,i_x10,153,inet_x10,77,i_min,11,i_max,19,ph_x10,23_714,phu_x10,7_735,phv_x10,8_131,phw_x10,7_848,duty,3_396,duty_pk,3_463,duty_max,24_264,err,48,err_pk,71,n,502,why,NONE
[2026-09-22T15:22:37.628] Cog0  BM-RUNGTR,seq,187,rid,34,motor,LEFT,incre,18_375_000,from_incre,18_375_000,from_rest,FALSE,tr_ms,531,tr_err_pk,73,tr_i_pk,20,tr_i_over,1,tr_over,2,tr_n,267,why,NONE
[2026-09-22T15:22:37.630] Cog0  BM-RUNGHL,seq,188,rid,34,motor,LEFT,incre,18_375_000,tr_lag,0,tr_cap,0,win_lag,0,win_cap,0,drv_incr,18_375_000,why,NONE
[2026-09-22T15:22:37.646] Cog0  BM-RUNG3,seq,189,rid,34,motor,LEFT,incre,18_375_000,missed_d,0,illegal_d,0,hw_ticks,49,hw_skip,0,amps_x10k,570,rs_impl,268,late,0,skipped,0,clamps,0,idle_up,FALSE,idle_i,0,why,NONE
[2026-09-22T15:22:39.261] Cog0  BM-RUNG,seq,190,seg,LEAD,life,4,rid,35,rung,0,motor,LEFT,incre,18_375_000,result,OK,off_neg,29,off_pos,323,steady_ms,26,win_ms,1_003,ticks,49,rate_x10,488,pred_x10,491,why,NONE
[2026-09-22T15:22:39.263] Cog0  BM-RUNG2,seq,191,rid,35,motor,LEFT,incre,18_375_000,zero_x10,76,i_x10,182,inet_x10,106,i_min,14,i_max,23,ph_x10,23_712,phu_x10,7_774,phv_x10,8_103,phw_x10,7_834,duty,3_508,duty_pk,3_588,duty_max,24_264,err,48,err_pk,70,n,503,why,NONE
[2026-09-22T15:22:39.265] Cog0  BM-RUNGTR,seq,192,rid,35,motor,LEFT,incre,18_375_000,from_incre,18_375_000,from_rest,FALSE,tr_ms,531,tr_err_pk,70,tr_i_pk,23,tr_i_over,0,tr_over,0,tr_n,267,why,NONE
[2026-09-22T15:22:39.266] Cog0  BM-RUNGHL,seq,193,rid,35,motor,LEFT,incre,18_375_000,tr_lag,0,tr_cap,0,win_lag,0,win_cap,0,drv_incr,18_375_000,why,NONE
[2026-09-22T15:22:39.268] Cog0  BM-RUNG3,seq,194,rid,35,motor,LEFT,incre,18_375_000,missed_d,0,illegal_d,0,hw_ticks,49,hw_skip,0,amps_x10k,736,rs_impl,247,late,0,skipped,0,clamps,0,idle_up,FALSE,idle_i,0,why,NONE
[2026-09-22T15:22:39.284] Cog0  BM-LEADMIN,seq,195,motor,LEFT,incre,18_375_000,lead_min,18,inet_min_x10,60,inet18_x10,60,steps,7,verdict,BRACKETED
[2026-09-22T15:22:41.528] Cog0  BM-RUNG,seq,196,seg,LEAD,life,4,rid,36,rung,1,motor,LEFT,incre,36_750_000,result,OK,off_neg,14,off_pos,338,steady_ms,646,win_ms,1_003,ticks,99,rate_x10,987,pred_x10,982,why,NONE
[2026-09-22T15:22:41.531] Cog0  BM-RUNG2,seq,197,rid,36,motor,LEFT,incre,36_750_000,zero_x10,76,i_x10,187,inet_x10,111,i_min,14,i_max,25,ph_x10,23_691,phu_x10,7_706,phv_x10,8_124,phw_x10,7_860,duty,6_206,duty_pk,6_264,duty_max,24_264,err,47,err_pk,71,n,503,why,NONE
[2026-09-22T15:22:41.532] Cog0  BM-RUNGTR,seq,198,rid,36,motor,LEFT,incre,36_750_000,from_incre,18_375_000,from_rest,FALSE,tr_ms,1_149,tr_err_pk,78,tr_i_pk,29,tr_i_over,4,tr_over,7,tr_n,576,why,NONE
[2026-09-22T15:22:41.534] Cog0  BM-RUNGHL,seq,199,rid,36,motor,LEFT,incre,36_750_000,tr_lag,0,tr_cap,0,win_lag,0,win_cap,0,drv_incr,36_750_000,why,NONE
[2026-09-22T15:22:41.550] Cog0  BM-RUNG3,seq,200,rid,36,motor,LEFT,incre,36_750_000,missed_d,0,illegal_d,0,hw_ticks,99,hw_skip,0,amps_x10k,775,rs_impl,241,late,0,skipped,0,clamps,0,idle_up,FALSE,idle_i,0,why,NONE
[2026-09-22T15:22:43.166] Cog0  BM-RUNG,seq,201,seg,LEAD,life,4,rid,37,rung,1,motor,LEFT,incre,36_750_000,result,OK,off_neg,9,off_pos,343,steady_ms,27,win_ms,1_001,ticks,99,rate_x10,989,pred_x10,982,why,NONE
[2026-09-22T15:22:43.168] Cog0  BM-RUNG2,seq,202,rid,37,motor,LEFT,incre,36_750_000,zero_x10,76,i_x10,185,inet_x10,109,i_min,12,i_max,27,ph_x10,23_694,phu_x10,7_708,phv_x10,8_125,phw_x10,7_859,duty,6_204,duty_pk,6_527,duty_max,24_264,err,48,err_pk,77,n,502,why,NONE
[2026-09-22T15:22:43.169] Cog0  BM-RUNGTR,seq,203,rid,37,motor,LEFT,incre,36_750_000,from_incre,36_750_000,from_rest,FALSE,tr_ms,533,tr_err_pk,74,tr_i_pk,26,tr_i_over,-1,tr_over,-3,tr_n,268,why,NONE
[2026-09-22T15:22:43.171] Cog0  BM-RUNGHL,seq,204,rid,37,motor,LEFT,incre,36_750_000,tr_lag,0,tr_cap,0,win_lag,0,win_cap,0,drv_incr,36_750_000,why,NONE
[2026-09-22T15:22:43.187] Cog0  BM-RUNG3,seq,205,rid,37,motor,LEFT,incre,36_750_000,missed_d,0,illegal_d,0,hw_ticks,99,hw_skip,0,amps_x10k,782,rs_impl,236,late,0,skipped,0,clamps,0,idle_up,FALSE,idle_i,0,why,NONE
[2026-09-22T15:22:44.807] Cog0  BM-RUNG,seq,206,seg,LEAD,life,4,rid,38,rung,1,motor,LEFT,incre,36_750_000,result,OK,off_neg,4,off_pos,348,steady_ms,26,win_ms,1_007,ticks,99,rate_x10,983,pred_x10,982,why,NONE
[2026-09-22T15:22:44.809] Cog0  BM-RUNG2,seq,207,rid,38,motor,LEFT,incre,36_750_000,zero_x10,76,i_x10,177,inet_x10,101,i_min,10,i_max,27,ph_x10,23_717,phu_x10,7_737,phv_x10,8_094,phw_x10,7_884,duty,6_124,duty_pk,6_474,duty_max,24_264,err,48,err_pk,75,n,505,why,NONE
[2026-09-22T15:22:44.811] Cog0  BM-RUNGTR,seq,208,rid,38,motor,LEFT,incre,36_750_000,from_incre,36_750_000,from_rest,FALSE,tr_ms,531,tr_err_pk,75,tr_i_pk,25,tr_i_over,-2,tr_over,0,tr_n,267,why,NONE
[2026-09-22T15:22:44.813] Cog0  BM-RUNGHL,seq,209,rid,38,motor,LEFT,incre,36_750_000,tr_lag,0,tr_cap,0,win_lag,0,win_cap,0,drv_incr,36_750_000,why,NONE
[2026-09-22T15:22:44.829] Cog0  BM-RUNG3,seq,210,rid,38,motor,LEFT,incre,36_750_000,missed_d,0,illegal_d,0,hw_ticks,99,hw_skip,0,amps_x10k,710,rs_impl,249,late,0,skipped,0,clamps,0,idle_up,FALSE,idle_i,0,why,NONE
[2026-09-22T15:22:46.443] Cog0  BM-RUNG,seq,211,seg,LEAD,life,4,rid,39,rung,1,motor,LEFT,incre,36_750_000,result,OK,off_neg,359,off_pos,353,steady_ms,26,win_ms,1_003,ticks,99,rate_x10,987,pred_x10,982,why,NONE
[2026-09-22T15:22:46.445] Cog0  BM-RUNG2,seq,212,rid,39,motor,LEFT,incre,36_750_000,zero_x10,76,i_x10,167,inet_x10,91,i_min,11,i_max,32,ph_x10,23_701,phu_x10,7_774,phv_x10,8_065,phw_x10,7_860,duty,6_100,duty_pk,6_353,duty_max,24_264,err,47,err_pk,76,n,503,why,NONE
[2026-09-22T15:22:46.447] Cog0  BM-RUNGTR,seq,213,rid,39,motor,LEFT,incre,36_750_000,from_incre,36_750_000,from_rest,FALSE,tr_ms,531,tr_err_pk,78,tr_i_pk,34,tr_i_over,2,tr_over,2,tr_n,267,why,NONE
[2026-09-22T15:22:46.449] Cog0  BM-RUNGHL,seq,214,rid,39,motor,LEFT,incre,36_750_000,tr_lag,0,tr_cap,0,win_lag,0,win_cap,0,drv_incr,36_750_000,why,NONE
[2026-09-22T15:22:46.465] Cog0  BM-RUNG3,seq,215,rid,39,motor,LEFT,incre,36_750_000,missed_d,0,illegal_d,0,hw_ticks,99,hw_skip,0,amps_x10k,658,rs_impl,253,late,0,skipped,0,clamps,0,idle_up,FALSE,idle_i,0,why,NONE
[2026-09-22T15:22:48.080] Cog0  BM-RUNG,seq,216,seg,LEAD,life,4,rid,40,rung,1,motor,LEFT,incre,36_750_000,result,OK,off_neg,19,off_pos,333,steady_ms,27,win_ms,1_001,ticks,99,rate_x10,989,pred_x10,982,why,NONE
[2026-09-22T15:22:48.082] Cog0  BM-RUNG2,seq,217,rid,40,motor,LEFT,incre,36_750_000,zero_x10,76,i_x10,260,inet_x10,184,i_min,20,i_max,33,ph_x10,23_710,phu_x10,7_785,phv_x10,8_099,phw_x10,7_825,duty,6_388,duty_pk,6_472,duty_max,24_264,err,47,err_pk,71,n,502,why,NONE
[2026-09-22T15:22:48.084] Cog0  BM-RUNGTR,seq,218,rid,40,motor,LEFT,incre,36_750_000,from_incre,36_750_000,from_rest,FALSE,tr_ms,531,tr_err_pk,82,tr_i_pk,51,tr_i_over,18,tr_over,11,tr_n,267,why,NONE
[2026-09-22T15:22:48.086] Cog0  BM-RUNGHL,seq,219,rid,40,motor,LEFT,incre,36_750_000,tr_lag,0,tr_cap,0,win_lag,0,win_cap,0,drv_incr,36_750_000,why,NONE
[2026-09-22T15:22:48.103] Cog0  BM-RUNG3,seq,220,rid,40,motor,LEFT,incre,36_750_000,missed_d,0,illegal_d,0,hw_ticks,99,hw_skip,0,amps_x10k,1_255,rs_impl,207,late,0,skipped,0,clamps,0,idle_up,FALSE,idle_i,0,why,NONE
[2026-09-22T15:22:49.722] Cog0  BM-RUNG,seq,221,seg,LEAD,life,4,rid,41,rung,1,motor,LEFT,incre,36_750_000,result,OK,off_neg,24,off_pos,328,steady_ms,26,win_ms,1_007,ticks,99,rate_x10,983,pred_x10,982,why,NONE
[2026-09-22T15:22:49.724] Cog0  BM-RUNG2,seq,222,rid,41,motor,LEFT,incre,36_750_000,zero_x10,76,i_x10,396,inet_x10,320,i_min,30,i_max,50,ph_x10,23_702,phu_x10,7_754,phv_x10,8_136,phw_x10,7_810,duty,6_675,duty_pk,6_773,duty_max,24_264,err,48,err_pk,72,n,505,why,NONE
[2026-09-22T15:22:49.726] Cog0  BM-RUNGTR,seq,223,rid,41,motor,LEFT,incre,36_750_000,from_incre,36_750_000,from_rest,FALSE,tr_ms,531,tr_err_pk,71,tr_i_pk,46,tr_i_over,-4,tr_over,-1,tr_n,267,why,NONE
[2026-09-22T15:22:49.727] Cog0  BM-RUNGHL,seq,224,rid,41,motor,LEFT,incre,36_750_000,tr_lag,0,tr_cap,0,win_lag,0,win_cap,0,drv_incr,36_750_000,why,NONE
[2026-09-22T15:22:49.743] Cog0  BM-RUNG3,seq,225,rid,41,motor,LEFT,incre,36_750_000,missed_d,0,illegal_d,0,hw_ticks,99,hw_skip,0,amps_x10k,2_213,rs_impl,178,late,0,skipped,0,clamps,0,idle_up,FALSE,idle_i,0,why,NONE
[2026-09-22T15:22:51.358] Cog0  BM-RUNG,seq,226,seg,LEAD,life,4,rid,42,rung,1,motor,LEFT,incre,36_750_000,result,OK,off_neg,29,off_pos,323,steady_ms,27,win_ms,1_001,ticks,99,rate_x10,989,pred_x10,982,why,NONE
[2026-09-22T15:22:51.360] Cog0  BM-RUNG2,seq,227,rid,42,motor,LEFT,incre,36_750_000,zero_x10,76,i_x10,622,inet_x10,546,i_min,52,i_max,75,ph_x10,23_701,phu_x10,7_719,phv_x10,8_147,phw_x10,7_834,duty,7_052,duty_pk,7_161,duty_max,24_264,err,48,err_pk,70,n,502,why,NONE
[2026-09-22T15:22:51.362] Cog0  BM-RUNGTR,seq,228,rid,42,motor,LEFT,incre,36_750_000,from_incre,36_750_000,from_rest,FALSE,tr_ms,531,tr_err_pk,70,tr_i_pk,68,tr_i_over,-7,tr_over,0,tr_n,267,why,NONE
[2026-09-22T15:22:51.363] Cog0  BM-RUNGHL,seq,229,rid,42,motor,LEFT,incre,36_750_000,tr_lag,0,tr_cap,0,win_lag,0,win_cap,0,drv_incr,36_750_000,why,NONE
[2026-09-22T15:22:51.365] Cog0  BM-RUNG3,seq,230,rid,42,motor,LEFT,incre,36_750_000,missed_d,0,illegal_d,0,hw_ticks,99,hw_skip,0,amps_x10k,3_709,rs_impl,167,late,0,skipped,0,clamps,0,idle_up,FALSE,idle_i,0,why,NONE
[2026-09-22T15:22:51.381] Cog0  BM-LEADMIN,seq,231,motor,LEFT,incre,36_750_000,lead_min,3,inet_min_x10,91,inet18_x10,111,steps,7,verdict,EDGE
[2026-09-22T15:22:53.913] Cog0  BM-RUNG,seq,232,seg,LEAD,life,4,rid,43,rung,2,motor,LEFT,incre,73_500_000,result,OK,off_neg,14,off_pos,338,steady_ms,927,win_ms,1_003,ticks,197,rate_x10,1_964,pred_x10,1_964,why,NONE
[2026-09-22T15:22:53.914] Cog0  BM-RUNG2,seq,233,rid,43,motor,LEFT,incre,73_500_000,zero_x10,76,i_x10,501,inet_x10,425,i_min,34,i_max,68,ph_x10,23_702,phu_x10,7_748,phv_x10,8_113,phw_x10,7_840,duty,12_493,duty_pk,12_617,duty_max,24_264,err,48,err_pk,72,n,503,why,NONE
[2026-09-22T15:22:53.916] Cog0  BM-RUNGTR,seq,234,rid,43,motor,LEFT,incre,73_500_000,from_incre,36_750_000,from_rest,FALSE,tr_ms,1_431,tr_err_pk,72,tr_i_pk,82,tr_i_over,14,tr_over,0,tr_n,717,why,NONE
[2026-09-22T15:22:53.918] Cog0  BM-RUNGHL,seq,235,rid,43,motor,LEFT,incre,73_500_000,tr_lag,0,tr_cap,0,win_lag,0,win_cap,0,drv_incr,73_500_000,why,NONE
[2026-09-22T15:22:53.934] Cog0  BM-RUNG3,seq,236,rid,43,motor,LEFT,incre,73_500_000,missed_d,0,illegal_d,0,hw_ticks,197,hw_skip,0,amps_x10k,2_868,rs_impl,174,late,0,skipped,0,clamps,0,idle_up,FALSE,idle_i,0,why,NONE
[2026-09-22T15:22:55.549] Cog0  BM-RUNG,seq,237,seg,LEAD,life,4,rid,44,rung,2,motor,LEFT,incre,73_500_000,result,OK,off_neg,9,off_pos,343,steady_ms,26,win_ms,1_003,ticks,197,rate_x10,1_964,pred_x10,1_964,why,NONE
[2026-09-22T15:22:55.551] Cog0  BM-RUNG2,seq,238,rid,44,motor,LEFT,incre,73_500_000,zero_x10,76,i_x10,292,inet_x10,216,i_min,17,i_max,38,ph_x10,23_709,phu_x10,7_757,phv_x10,8_108,phw_x10,7_843,duty,12_003,duty_pk,12_092,duty_max,24_264,err,48,err_pk,72,n,503,why,NONE
[2026-09-22T15:22:55.552] Cog0  BM-RUNGTR,seq,239,rid,44,motor,LEFT,incre,73_500_000,from_incre,73_500_000,from_rest,FALSE,tr_ms,531,tr_err_pk,70,tr_i_pk,55,tr_i_over,17,tr_over,-2,tr_n,267,why,NONE
[2026-09-22T15:22:55.554] Cog0  BM-RUNGHL,seq,240,rid,44,motor,LEFT,incre,73_500_000,tr_lag,0,tr_cap,0,win_lag,0,win_cap,0,drv_incr,73_500_000,why,NONE
[2026-09-22T15:22:55.570] Cog0  BM-RUNG3,seq,241,rid,44,motor,LEFT,incre,73_500_000,missed_d,0,illegal_d,0,hw_ticks,197,hw_skip,0,amps_x10k,1_517,rs_impl,192,late,0,skipped,0,clamps,0,idle_up,FALSE,idle_i,0,why,NONE
[2026-09-22T15:22:57.185] Cog0  BM-RUNG,seq,242,seg,LEAD,life,4,rid,45,rung,2,motor,LEFT,incre,73_500_000,result,OK,off_neg,4,off_pos,348,steady_ms,27,win_ms,1_003,ticks,198,rate_x10,1_974,pred_x10,1_964,why,NONE
[2026-09-22T15:22:57.187] Cog0  BM-RUNG2,seq,243,rid,45,motor,LEFT,incre,73_500_000,zero_x10,76,i_x10,253,inet_x10,177,i_min,14,i_max,37,ph_x10,23_703,phu_x10,7_743,phv_x10,8_114,phw_x10,7_845,duty,11_866,duty_pk,12_086,duty_max,24_264,err,48,err_pk,73,n,503,why,NONE
[2026-09-22T15:22:57.189] Cog0  BM-RUNGTR,seq,244,rid,45,motor,LEFT,incre,73_500_000,from_incre,73_500_000,from_rest,FALSE,tr_ms,529,tr_err_pk,72,tr_i_pk,39,tr_i_over,2,tr_over,-1,tr_n,266,why,NONE
[2026-09-22T15:22:57.190] Cog0  BM-RUNGHL,seq,245,rid,45,motor,LEFT,incre,73_500_000,tr_lag,0,tr_cap,0,win_lag,0,win_cap,0,drv_incr,73_500_000,why,NONE
[2026-09-22T15:22:57.206] Cog0  BM-RUNG3,seq,246,rid,45,motor,LEFT,incre,73_500_000,missed_d,0,illegal_d,0,hw_ticks,198,hw_skip,0,amps_x10k,1_201,rs_impl,210,late,0,skipped,0,clamps,0,idle_up,FALSE,idle_i,0,why,NONE
[2026-09-22T15:22:58.827] Cog0  BM-RUNG,seq,247,seg,LEAD,life,4,rid,46,rung,2,motor,LEFT,incre,73_500_000,result,OK,off_neg,359,off_pos,353,steady_ms,26,win_ms,1_007,ticks,198,rate_x10,1_966,pred_x10,1_964,why,NONE
[2026-09-22T15:22:58.829] Cog0  BM-RUNG2,seq,248,rid,46,motor,LEFT,incre,73_500_000,zero_x10,76,i_x10,254,inet_x10,178,i_min,17,i_max,33,ph_x10,23_713,phu_x10,7_748,phv_x10,8_116,phw_x10,7_847,duty,11_673,duty_pk,11_763,duty_max,24_264,err,48,err_pk,72,n,505,why,NONE
[2026-09-22T15:22:58.830] Cog0  BM-RUNGTR,seq,249,rid,46,motor,LEFT,incre,73_500_000,from_incre,73_500_000,from_rest,FALSE,tr_ms,531,tr_err_pk,71,tr_i_pk,46,tr_i_over,13,tr_over,-1,tr_n,267,why,NONE
[2026-09-22T15:22:58.832] Cog0  BM-RUNGHL,seq,250,rid,46,motor,LEFT,incre,73_500_000,tr_lag,0,tr_cap,0,win_lag,0,win_cap,0,drv_incr,73_500_000,why,NONE
[2026-09-22T15:22:58.848] Cog0  BM-RUNG3,seq,251,rid,46,motor,LEFT,incre,73_500_000,missed_d,0,illegal_d,0,hw_ticks,198,hw_skip,0,amps_x10k,1_219,rs_impl,208,late,0,skipped,0,clamps,0,idle_up,FALSE,idle_i,0,why,NONE
[2026-09-22T15:23:00.463] Cog0  BM-RUNG,seq,252,seg,LEAD,life,4,rid,47,rung,2,motor,LEFT,incre,73_500_000,result,OK,off_neg,19,off_pos,333,steady_ms,27,win_ms,1_003,ticks,197,rate_x10,1_964,pred_x10,1_964,why,NONE
[2026-09-22T15:23:00.465] Cog0  BM-RUNG2,seq,253,rid,47,motor,LEFT,incre,73_500_000,zero_x10,76,i_x10,977,inet_x10,901,i_min,76,i_max,122,ph_x10,23_691,phu_x10,7_747,phv_x10,8_103,phw_x10,7_840,duty,13_195,duty_pk,13_333,duty_max,24_264,err,47,err_pk,72,n,503,why,NONE
[2026-09-22T15:23:00.467] Cog0  BM-RUNGTR,seq,254,rid,47,motor,LEFT,incre,73_500_000,from_incre,73_500_000,from_rest,FALSE,tr_ms,529,tr_err_pk,81,tr_i_pk,119,tr_i_over,-3,tr_over,9,tr_n,266,why,NONE
[2026-09-22T15:23:00.468] Cog0  BM-RUNGHL,seq,255,rid,47,motor,LEFT,incre,73_500_000,tr_lag,0,tr_cap,0,win_lag,0,win_cap,0,drv_incr,73_500_000,why,NONE
[2026-09-22T15:23:00.485] Cog0  BM-RUNG3,seq,256,rid,47,motor,LEFT,incre,73_500_000,missed_d,0,illegal_d,0,hw_ticks,197,hw_skip,0,amps_x10k,5_975,rs_impl,163,late,0,skipped,0,clamps,0,idle_up,FALSE,idle_i,0,why,NONE
[2026-09-22T15:23:02.099] Cog0  BM-RUNG,seq,257,seg,LEAD,life,4,rid,48,rung,2,motor,LEFT,incre,73_500_000,result,OK,off_neg,24,off_pos,328,steady_ms,26,win_ms,1_001,ticks,197,rate_x10,1_968,pred_x10,1_964,why,NONE
[2026-09-22T15:23:02.102] Cog0  BM-RUNG2,seq,258,rid,48,motor,LEFT,incre,73_500_000,zero_x10,76,i_x10,1_789,inet_x10,1_713,i_min,146,i_max,215,ph_x10,23_643,phu_x10,7_712,phv_x10,8_091,phw_x10,7_839,duty,14_077,duty_pk,14_216,duty_max,24_264,err,48,err_pk,72,n,502,why,NONE
[2026-09-22T15:23:02.103] Cog0  BM-RUNGTR,seq,259,rid,48,motor,LEFT,incre,73_500_000,from_incre,73_500_000,from_rest,FALSE,tr_ms,531,tr_err_pk,72,tr_i_pk,210,tr_i_over,-5,tr_over,0,tr_n,267,why,NONE
[2026-09-22T15:23:02.105] Cog0  BM-RUNGHL,seq,260,rid,48,motor,LEFT,incre,73_500_000,tr_lag,0,tr_cap,0,win_lag,0,win_cap,0,drv_incr,73_500_000,why,NONE
[2026-09-22T15:23:02.121] Cog0  BM-RUNG3,seq,261,rid,48,motor,LEFT,incre,73_500_000,missed_d,0,illegal_d,0,hw_ticks,197,hw_skip,0,amps_x10k,11_566,rs_impl,154,late,0,skipped,0,clamps,0,idle_up,FALSE,idle_i,0,why,NONE
[2026-09-22T15:23:03.736] Cog0  BM-RUNG,seq,262,seg,LEAD,life,4,rid,49,rung,2,motor,LEFT,incre,73_500_000,result,OK,off_neg,29,off_pos,323,steady_ms,26,win_ms,1_001,ticks,197,rate_x10,1_968,pred_x10,1_964,why,NONE
[2026-09-22T15:23:03.738] Cog0  BM-RUNG2,seq,263,rid,49,motor,LEFT,incre,73_500_000,zero_x10,76,i_x10,3_086,inet_x10,3_010,i_min,269,i_max,359,ph_x10,23_571,phu_x10,7_725,phv_x10,8_043,phw_x10,7_802,duty,15_185,duty_pk,15_325,duty_max,24_264,err,48,err_pk,71,n,502,why,NONE
[2026-09-22T15:23:03.739] Cog0  BM-RUNGTR,seq,264,rid,49,motor,LEFT,incre,73_500_000,from_incre,73_500_000,from_rest,FALSE,tr_ms,531,tr_err_pk,72,tr_i_pk,330,tr_i_over,-29,tr_over,1,tr_n,267,why,NONE
[2026-09-22T15:23:03.741] Cog0  BM-RUNGHL,seq,265,rid,49,motor,LEFT,incre,73_500_000,tr_lag,0,tr_cap,0,win_lag,0,win_cap,0,drv_incr,73_500_000,why,NONE
[2026-09-22T15:23:03.743] Cog0  BM-RUNG3,seq,266,rid,49,motor,LEFT,incre,73_500_000,missed_d,0,illegal_d,0,hw_ticks,197,hw_skip,0,amps_x10k,20_031,rs_impl,154,late,0,skipped,0,clamps,0,idle_up,FALSE,idle_i,0,why,NONE
[2026-09-22T15:23:03.759] Cog0  BM-LEADMIN,seq,267,motor,LEFT,incre,73_500_000,lead_min,8,inet_min_x10,177,inet18_x10,425,steps,7,verdict,BRACKETED
[2026-09-22T15:23:06.695] Cog0  BM-RUNG,seq,268,seg,LEAD,life,4,rid,50,rung,3,motor,LEFT,incre,147_000_000,result,OK,off_neg,14,off_pos,338,steady_ms,1_320,win_ms,1_007,ticks,396,rate_x10,3_932,pred_x10,3_928,why,NONE
[2026-09-22T15:23:06.697] Cog0  BM-RUNG2,seq,269,rid,50,motor,LEFT,incre,147_000_000,zero_x10,76,i_x10,645,inet_x10,569,i_min,26,i_max,100,ph_x10,23_677,phu_x10,7_797,phv_x10,8_070,phw_x10,7_809,duty,24_246,duty_pk,24_264,duty_max,24_264,err,52,err_pk,78,n,505,why,NONE
[2026-09-22T15:23:06.698] Cog0  BM-RUNGTR,seq,270,rid,50,motor,LEFT,incre,147_000_000,from_incre,73_500_000,from_rest,FALSE,tr_ms,1_825,tr_err_pk,78,tr_i_pk,317,tr_i_over,217,tr_over,0,tr_n,914,why,NONE
[2026-09-22T15:23:06.701] Cog0  BM-RUNGHL,seq,271,rid,50,motor,LEFT,incre,147_000_000,tr_lag,0,tr_cap,6_586,win_lag,0,win_cap,9_850,drv_incr,147_000_000,why,NONE
[2026-09-22T15:23:06.717] Cog0  BM-RUNG3,seq,272,rid,50,motor,LEFT,incre,147_000_000,missed_d,0,illegal_d,0,hw_ticks,396,hw_skip,0,amps_x10k,3_854,rs_impl,167,late,0,skipped,0,clamps,0,idle_up,FALSE,idle_i,0,why,NONE
[2026-09-22T15:23:08.331] Cog0  BM-RUNG,seq,273,seg,LEAD,life,4,rid,51,rung,3,motor,LEFT,incre,147_000_000,result,OK,off_neg,9,off_pos,343,steady_ms,26,win_ms,1_001,ticks,394,rate_x10,3_936,pred_x10,3_928,why,NONE
[2026-09-22T15:23:08.332] Cog0  BM-RUNG2,seq,274,rid,51,motor,LEFT,incre,147_000_000,zero_x10,76,i_x10,648,inet_x10,572,i_min,25,i_max,102,ph_x10,23_676,phu_x10,7_708,phv_x10,8_090,phw_x10,7_877,duty,24_232,duty_pk,24_264,duty_max,24_264,err,49,err_pk,74,n,502,why,NONE
[2026-09-22T15:23:08.335] Cog0  BM-RUNGTR,seq,275,rid,51,motor,LEFT,incre,147_000_000,from_incre,147_000_000,from_rest,FALSE,tr_ms,531,tr_err_pk,73,tr_i_pk,100,tr_i_over,-2,tr_over,-1,tr_n,267,why,NONE
[2026-09-22T15:23:08.337] Cog0  BM-RUNGHL,seq,276,rid,51,motor,LEFT,incre,147_000_000,tr_lag,0,tr_cap,1_284,win_lag,0,win_cap,2_651,drv_incr,147_000_000,why,NONE
[2026-09-22T15:23:08.353] Cog0  BM-RUNG3,seq,277,rid,51,motor,LEFT,incre,147_000_000,missed_d,0,illegal_d,0,hw_ticks,394,hw_skip,0,amps_x10k,3_790,rs_impl,170,late,0,skipped,0,clamps,0,idle_up,FALSE,idle_i,0,why,NONE
[2026-09-22T15:23:09.968] Cog0  BM-RUNG,seq,278,seg,LEAD,life,4,rid,52,rung,3,motor,LEFT,incre,147_000_000,result,OK,off_neg,4,off_pos,348,steady_ms,26,win_ms,1_003,ticks,394,rate_x10,3_928,pred_x10,3_928,why,NONE
[2026-09-22T15:23:09.970] Cog0  BM-RUNG2,seq,279,rid,52,motor,LEFT,incre,147_000_000,zero_x10,76,i_x10,467,inet_x10,391,i_min,26,i_max,70,ph_x10,23_665,phu_x10,7_762,phv_x10,8_067,phw_x10,7_835,duty,23_471,duty_pk,23_579,duty_max,24_264,err,47,err_pk,75,n,503,why,NONE
[2026-09-22T15:23:09.971] Cog0  BM-RUNGTR,seq,280,rid,52,motor,LEFT,incre,147_000_000,from_incre,147_000_000,from_rest,FALSE,tr_ms,531,tr_err_pk,72,tr_i_pk,81,tr_i_over,11,tr_over,-3,tr_n,267,why,NONE
[2026-09-22T15:23:09.973] Cog0  BM-RUNGHL,seq,281,rid,52,motor,LEFT,incre,147_000_000,tr_lag,0,tr_cap,0,win_lag,0,win_cap,0,drv_incr,147_000_000,why,NONE
[2026-09-22T15:23:09.974] Cog0  BM-RUNG3,seq,282,rid,52,motor,LEFT,incre,147_000_000,missed_d,0,illegal_d,0,hw_ticks,394,hw_skip,0,amps_x10k,2_647,rs_impl,176,late,0,skipped,0,clamps,0,idle_up,FALSE,idle_i,0,why,NONE
[2026-09-22T15:23:11.604] Cog0  BM-RUNG,seq,283,seg,LEAD,life,4,rid,53,rung,3,motor,LEFT,incre,147_000_000,result,OK,off_neg,359,off_pos,353,steady_ms,26,win_ms,1_003,ticks,395,rate_x10,3_938,pred_x10,3_928,why,NONE
[2026-09-22T15:23:11.606] Cog0  BM-RUNG2,seq,284,rid,53,motor,LEFT,incre,147_000_000,zero_x10,76,i_x10,485,inet_x10,409,i_min,25,i_max,68,ph_x10,23_676,phu_x10,7_681,phv_x10,8_128,phw_x10,7_866,duty,22_586,duty_pk,22_703,duty_max,24_264,err,48,err_pk,73,n,503,why,NONE
[2026-09-22T15:23:11.608] Cog0  BM-RUNGTR,seq,285,rid,53,motor,LEFT,incre,147_000_000,from_incre,147_000_000,from_rest,FALSE,tr_ms,531,tr_err_pk,71,tr_i_pk,72,tr_i_over,4,tr_over,-2,tr_n,267,why,NONE
[2026-09-22T15:23:11.610] Cog0  BM-RUNGHL,seq,286,rid,53,motor,LEFT,incre,147_000_000,tr_lag,0,tr_cap,0,win_lag,0,win_cap,0,drv_incr,147_000_000,why,NONE
[2026-09-22T15:23:11.626] Cog0  BM-RUNG3,seq,287,rid,53,motor,LEFT,incre,147_000_000,missed_d,0,illegal_d,0,hw_ticks,395,hw_skip,0,amps_x10k,2_768,rs_impl,175,late,0,skipped,0,clamps,0,idle_up,FALSE,idle_i,0,why,NONE
[2026-09-22T15:23:13.242] Cog0  BM-RUNG,seq,288,seg,LEAD,life,4,rid,54,rung,3,motor,LEFT,incre,147_000_000,result,OK,off_neg,19,off_pos,333,steady_ms,27,win_ms,1_001,ticks,394,rate_x10,3_936,pred_x10,3_928,why,NONE
[2026-09-22T15:23:13.244] Cog0  BM-RUNG2,seq,289,rid,54,motor,LEFT,incre,147_000_000,zero_x10,76,i_x10,655,inet_x10,579,i_min,27,i_max,103,ph_x10,23_667,phu_x10,7_765,phv_x10,8_093,phw_x10,7_808,duty,24_255,duty_pk,24_264,duty_max,24_264,err,56,err_pk,82,n,502,why,NONE
[2026-09-22T15:23:13.245] Cog0  BM-RUNGTR,seq,290,rid,54,motor,LEFT,incre,147_000_000,from_incre,147_000_000,from_rest,FALSE,tr_ms,531,tr_err_pk,83,tr_i_pk,107,tr_i_over,4,tr_over,1,tr_n,267,why,NONE
[2026-09-22T15:23:13.247] Cog0  BM-RUNGHL,seq,291,rid,54,motor,LEFT,incre,147_000_000,tr_lag,0,tr_cap,8_587,win_lag,0,win_cap,17_044,drv_incr,147_000_000,why,NONE
[2026-09-22T15:23:13.263] Cog0  BM-RUNG3,seq,292,rid,54,motor,LEFT,incre,147_000_000,missed_d,0,illegal_d,0,hw_ticks,394,hw_skip,0,amps_x10k,3_910,rs_impl,167,late,0,skipped,0,clamps,0,idle_up,FALSE,idle_i,0,why,NONE
[2026-09-22T15:23:14.878] Cog0  BM-RUNG,seq,293,seg,LEAD,life,4,rid,55,rung,3,motor,LEFT,incre,147_000_000,result,OK,off_neg,24,off_pos,328,steady_ms,26,win_ms,1_003,ticks,394,rate_x10,3_928,pred_x10,3_928,why,NONE
[2026-09-22T15:23:14.880] Cog0  BM-RUNG2,seq,294,rid,55,motor,LEFT,incre,147_000_000,zero_x10,76,i_x10,658,inet_x10,582,i_min,27,i_max,105,ph_x10,23_678,phu_x10,7_708,phv_x10,8_124,phw_x10,7_844,duty,24_260,duty_pk,24_264,duty_max,24_264,err,59,err_pk,85,n,503,why,NONE
[2026-09-22T15:23:14.882] Cog0  BM-RUNGTR,seq,295,rid,55,motor,LEFT,incre,147_000_000,from_incre,147_000_000,from_rest,FALSE,tr_ms,531,tr_err_pk,84,tr_i_pk,105,tr_i_over,0,tr_over,-1,tr_n,267,why,NONE
[2026-09-22T15:23:14.884] Cog0  BM-RUNGHL,seq,296,rid,55,motor,LEFT,incre,147_000_000,tr_lag,0,tr_cap,12_563,win_lag,0,win_cap,23_545,drv_incr,147_000_000,why,NONE
[2026-09-22T15:23:14.900] Cog0  BM-RUNG3,seq,297,rid,55,motor,LEFT,incre,147_000_000,missed_d,0,illegal_d,0,hw_ticks,394,hw_skip,0,amps_x10k,3_925,rs_impl,167,late,0,skipped,0,clamps,0,idle_up,FALSE,idle_i,0,why,NONE
[2026-09-22T15:23:16.515] Cog0  BM-RUNG,seq,298,seg,LEAD,life,4,rid,56,rung,3,motor,LEFT,incre,147_000_000,result,OK,off_neg,29,off_pos,323,steady_ms,26,win_ms,1_001,ticks,394,rate_x10,3_936,pred_x10,3_928,why,NONE
[2026-09-22T15:23:16.517] Cog0  BM-RUNG2,seq,299,rid,56,motor,LEFT,incre,147_000_000,zero_x10,76,i_x10,658,inet_x10,582,i_min,28,i_max,103,ph_x10,23_663,phu_x10,7_797,phv_x10,8_040,phw_x10,7_826,duty,24_263,duty_pk,24_264,duty_max,24_264,err,63,err_pk,90,n,502,why,NONE
[2026-09-22T15:23:16.518] Cog0  BM-RUNGTR,seq,300,rid,56,motor,LEFT,incre,147_000_000,from_incre,147_000_000,from_rest,FALSE,tr_ms,531,tr_err_pk,87,tr_i_pk,99,tr_i_over,-4,tr_over,-3,tr_n,267,why,NONE
[2026-09-22T15:23:16.520] Cog0  BM-RUNGHL,seq,301,rid,56,motor,LEFT,incre,147_000_000,tr_lag,0,tr_cap,15_602,win_lag,0,win_cap,29_349,drv_incr,147_000_000,why,NONE
[2026-09-22T15:23:16.522] Cog0  BM-RUNG3,seq,302,rid,56,motor,LEFT,incre,147_000_000,missed_d,0,illegal_d,0,hw_ticks,394,hw_skip,0,amps_x10k,3_955,rs_impl,166,late,0,skipped,0,clamps,0,idle_up,FALSE,idle_i,0,why,NONE
[2026-09-22T15:23:16.538] Cog0  BM-LEADMIN,seq,303,motor,LEFT,incre,147_000_000,lead_min,8,inet_min_x10,391,inet18_x10,569,steps,7,verdict,BRACKETED
[2026-09-22T15:23:18.082] Cog3  INIT $0001_0E5E $0004_4DCF load
[2026-09-22T15:23:18.097] Cog4  INIT $0000_0FA8 $0004_489F jump
[2026-09-22T15:23:20.194] Cog0  BM-START,seq,304,seg,LEAD,motor,RIGHT,life,5,cog_ret,3,cog_ok,TRUE,board,REV_B,board_enum,22,ready,TRUE,ready_ms,0,off_neg,14,off_pos,338,missed,0,illegal,0,zero_x10,3,ph_x10,1_618,why,NONE
[2026-09-22T15:23:22.443] Cog0  BM-RUNG,seq,305,seg,LEAD,life,5,rid,57,rung,0,motor,RIGHT,incre,-18_375_000,result,OK,off_neg,14,off_pos,338,steady_ms,650,win_ms,1_001,ticks,-49,rate_x10,-489,pred_x10,-491,why,NONE
[2026-09-22T15:23:22.445] Cog0  BM-RUNG2,seq,306,rid,57,motor,RIGHT,incre,-18_375_000,zero_x10,3,i_x10,65,inet_x10,62,i_min,2,i_max,14,ph_x10,23_395,phu_x10,7_792,phv_x10,7_773,phw_x10,7_829,duty,3_434,duty_pk,3_848,duty_max,24_264,err,-48,err_pk,80,n,502,why,NONE
[2026-09-22T15:23:22.447] Cog0  BM-RUNGTR,seq,307,rid,57,motor,RIGHT,incre,-18_375_000,from_incre,0,from_rest,TRUE,tr_ms,1_155,tr_err_pk,84,tr_i_pk,17,tr_i_over,3,tr_over,4,tr_n,579,why,NONE
[2026-09-22T15:23:22.449] Cog0  BM-RUNGHL,seq,308,rid,57,motor,RIGHT,incre,-18_375_000,tr_lag,0,tr_cap,0,win_lag,0,win_cap,0,drv_incr,-18_375_000,why,NONE
[2026-09-22T15:23:22.465] Cog0  BM-RUNG3,seq,309,rid,57,motor,RIGHT,incre,-18_375_000,missed_d,0,illegal_d,0,hw_ticks,-49,hw_skip,0,amps_x10k,447,rs_impl,145,late,0,skipped,0,clamps,0,idle_up,FALSE,idle_i,0,why,NONE
[2026-09-22T15:23:24.081] Cog0  BM-RUNG,seq,310,seg,LEAD,life,5,rid,58,rung,0,motor,RIGHT,incre,-18_375_000,result,OK,off_neg,9,off_pos,343,steady_ms,27,win_ms,1_001,ticks,-49,rate_x10,-489,pred_x10,-491,why,NONE
[2026-09-22T15:23:24.082] Cog0  BM-RUNG2,seq,311,rid,58,motor,RIGHT,incre,-18_375_000,zero_x10,3,i_x10,66,inet_x10,63,i_min,2,i_max,13,ph_x10,23_381,phu_x10,7_832,phv_x10,7_753,phw_x10,7_795,duty,3_456,duty_pk,3_948,duty_max,24_264,err,-47,err_pk,83,n,502,why,NONE
[2026-09-22T15:23:24.084] Cog0  BM-RUNGTR,seq,312,rid,58,motor,RIGHT,incre,-18_375_000,from_incre,-18_375_000,from_rest,FALSE,tr_ms,533,tr_err_pk,83,tr_i_pk,12,tr_i_over,-1,tr_over,0,tr_n,268,why,NONE
[2026-09-22T15:23:24.086] Cog0  BM-RUNGHL,seq,313,rid,58,motor,RIGHT,incre,-18_375_000,tr_lag,0,tr_cap,0,win_lag,0,win_cap,0,drv_incr,-18_375_000,why,NONE
[2026-09-22T15:23:24.102] Cog0  BM-RUNG3,seq,314,rid,58,motor,RIGHT,incre,-18_375_000,missed_d,0,illegal_d,0,hw_ticks,-49,hw_skip,0,amps_x10k,432,rs_impl,152,late,0,skipped,0,clamps,0,idle_up,FALSE,idle_i,0,why,NONE
[2026-09-22T15:23:25.717] Cog0  BM-RUNG,seq,315,seg,LEAD,life,5,rid,59,rung,0,motor,RIGHT,incre,-18_375_000,result,OK,off_neg,4,off_pos,348,steady_ms,27,win_ms,1_001,ticks,-49,rate_x10,-489,pred_x10,-491,why,NONE
[2026-09-22T15:23:25.719] Cog0  BM-RUNG2,seq,316,rid,59,motor,RIGHT,incre,-18_375_000,zero_x10,3,i_x10,97,inet_x10,94,i_min,0,i_max,25,ph_x10,23_378,phu_x10,7_784,phv_x10,7_786,phw_x10,7_807,duty,3_480,duty_pk,4_357,duty_max,24_264,err,-46,err_pk,90,n,502,why,NONE
[2026-09-22T15:23:25.720] Cog0  BM-RUNGTR,seq,317,rid,59,motor,RIGHT,incre,-18_375_000,from_incre,-18_375_000,from_rest,FALSE,tr_ms,531,tr_err_pk,88,tr_i_pk,15,tr_i_over,-10,tr_over,-2,tr_n,267,why,NONE
[2026-09-22T15:23:25.722] Cog0  BM-RUNGHL,seq,318,rid,59,motor,RIGHT,incre,-18_375_000,tr_lag,0,tr_cap,0,win_lag,0,win_cap,0,drv_incr,-18_375_000,why,NONE
[2026-09-22T15:23:25.738] Cog0  BM-RUNG3,seq,319,rid,59,motor,RIGHT,incre,-18_375_000,missed_d,0,illegal_d,0,hw_ticks,-49,hw_skip,0,amps_x10k,671,rs_impl,144,late,0,skipped,0,clamps,0,idle_up,FALSE,idle_i,0,why,NONE
[2026-09-22T15:23:27.359] Cog0  BM-RUNG,seq,320,seg,LEAD,life,5,rid,60,rung,0,motor,RIGHT,incre,-18_375_000,result,OK,off_neg,359,off_pos,353,steady_ms,26,win_ms,1_007,ticks,-44,rate_x10,-436,pred_x10,-491,why,NONE
[2026-09-22T15:23:27.360] Cog0  BM-RUNG2,seq,321,rid,60,motor,RIGHT,incre,-18_375_000,zero_x10,3,i_x10,211,inet_x10,208,i_min,0,i_max,63,ph_x10,23_388,phu_x10,7_789,phv_x10,7_741,phw_x10,7_857,duty,3_453,duty_pk,4_889,duty_max,24_264,err,-48,err_pk,100,n,505,why,NONE
[2026-09-22T15:23:27.362] Cog0  BM-RUNGTR,seq,322,rid,60,motor,RIGHT,incre,-18_375_000,from_incre,-18_375_000,from_rest,FALSE,tr_ms,531,tr_err_pk,100,tr_i_pk,61,tr_i_over,-2,tr_over,0,tr_n,267,why,NONE
[2026-09-22T15:23:27.364] Cog0  BM-RUNGHL,seq,323,rid,60,motor,RIGHT,incre,-18_375_000,tr_lag,8,tr_cap,0,win_lag,39,win_cap,0,drv_incr,-17_045_690,why,NONE
[2026-09-22T15:23:27.380] Cog0  BM-RUNG3,seq,324,rid,60,motor,RIGHT,incre,-18_375_000,missed_d,0,illegal_d,0,hw_ticks,-44,hw_skip,0,amps_x10k,1_388,rs_impl,152,late,0,skipped,0,clamps,0,idle_up,FALSE,idle_i,0,why,NONE
[2026-09-22T15:23:29.072] Cog0  BM-RUNG,seq,325,seg,LEAD,life,5,rid,61,rung,0,motor,RIGHT,incre,-18_375_000,result,OK,off_neg,19,off_pos,333,steady_ms,101,win_ms,1_001,ticks,-49,rate_x10,-489,pred_x10,-491,why,NONE
[2026-09-22T15:23:29.073] Cog0  BM-RUNG2,seq,326,rid,61,motor,RIGHT,incre,-18_375_000,zero_x10,3,i_x10,47,inet_x10,44,i_min,1,i_max,8,ph_x10,23_366,phu_x10,7_792,phv_x10,7_748,phw_x10,7_825,duty,3_383,duty_pk,3_480,duty_max,24_264,err,-48,err_pk,71,n,502,why,NONE
[2026-09-22T15:23:29.075] Cog0  BM-RUNGTR,seq,327,rid,61,motor,RIGHT,incre,-18_375_000,from_incre,-18_375_000,from_rest,FALSE,tr_ms,607,tr_err_pk,80,tr_i_pk,16,tr_i_over,8,tr_over,9,tr_n,305,why,NONE
[2026-09-22T15:23:29.077] Cog0  BM-RUNGHL,seq,328,rid,61,motor,RIGHT,incre,-18_375_000,tr_lag,0,tr_cap,0,win_lag,0,win_cap,0,drv_incr,-18_375_000,why,NONE
[2026-09-22T15:23:29.093] Cog0  BM-RUNG3,seq,329,rid,61,motor,RIGHT,incre,-18_375_000,missed_d,0,illegal_d,0,hw_ticks,-49,hw_skip,0,amps_x10k,316,rs_impl,148,late,0,skipped,0,clamps,0,idle_up,FALSE,idle_i,0,why,NONE
[2026-09-22T15:23:30.708] Cog0  BM-RUNG,seq,330,seg,LEAD,life,5,rid,62,rung,0,motor,RIGHT,incre,-18_375_000,result,OK,off_neg,24,off_pos,328,steady_ms,26,win_ms,1_001,ticks,-49,rate_x10,-489,pred_x10,-491,why,NONE
[2026-09-22T15:23:30.710] Cog0  BM-RUNG2,seq,331,rid,62,motor,RIGHT,incre,-18_375_000,zero_x10,3,i_x10,68,inet_x10,65,i_min,4,i_max,11,ph_x10,23_377,phu_x10,7_826,phv_x10,7_764,phw_x10,7_786,duty,3_446,duty_pk,3_514,duty_max,24_264,err,-48,err_pk,71,n,502,why,NONE
[2026-09-22T15:23:30.711] Cog0  BM-RUNGTR,seq,332,rid,62,motor,RIGHT,incre,-18_375_000,from_incre,-18_375_000,from_rest,FALSE,tr_ms,531,tr_err_pk,71,tr_i_pk,11,tr_i_over,0,tr_over,0,tr_n,267,why,NONE
[2026-09-22T15:23:30.713] Cog0  BM-RUNGHL,seq,333,rid,62,motor,RIGHT,incre,-18_375_000,tr_lag,0,tr_cap,0,win_lag,0,win_cap,0,drv_incr,-18_375_000,why,NONE
[2026-09-22T15:23:30.730] Cog0  BM-RUNG3,seq,334,rid,62,motor,RIGHT,incre,-18_375_000,missed_d,0,illegal_d,0,hw_ticks,-49,hw_skip,0,amps_x10k,479,rs_impl,141,late,0,skipped,0,clamps,0,idle_up,FALSE,idle_i,0,why,NONE
[2026-09-22T15:23:32.344] Cog0  BM-RUNG,seq,335,seg,LEAD,life,5,rid,63,rung,0,motor,RIGHT,incre,-18_375_000,result,OK,off_neg,29,off_pos,323,steady_ms,26,win_ms,1_001,ticks,-49,rate_x10,-489,pred_x10,-491,why,NONE
[2026-09-22T15:23:32.346] Cog0  BM-RUNG2,seq,336,rid,63,motor,RIGHT,incre,-18_375_000,zero_x10,3,i_x10,111,inet_x10,108,i_min,6,i_max,16,ph_x10,23_395,phu_x10,7_788,phv_x10,7_786,phw_x10,7_820,duty,3_578,duty_pk,3_652,duty_max,24_264,err,-47,err_pk,70,n,502,why,NONE
[2026-09-22T15:23:32.347] Cog0  BM-RUNGTR,seq,337,rid,63,motor,RIGHT,incre,-18_375_000,from_incre,-18_375_000,from_rest,FALSE,tr_ms,531,tr_err_pk,72,tr_i_pk,14,tr_i_over,-2,tr_over,2,tr_n,267,why,NONE
[2026-09-22T15:23:32.349] Cog0  BM-RUNGHL,seq,338,rid,63,motor,RIGHT,incre,-18_375_000,tr_lag,0,tr_cap,0,win_lag,0,win_cap,0,drv_incr,-18_375_000,why,NONE
[2026-09-22T15:23:32.351] Cog0  BM-RUNG3,seq,339,rid,63,motor,RIGHT,incre,-18_375_000,missed_d,0,illegal_d,0,hw_ticks,-49,hw_skip,0,amps_x10k,719,rs_impl,154,late,0,skipped,0,clamps,0,idle_up,FALSE,idle_i,0,why,NONE
[2026-09-22T15:23:32.367] Cog0  BM-LEADMIN,seq,340,motor,RIGHT,incre,-18_375_000,lead_min,23,inet_min_x10,44,inet18_x10,62,steps,7,verdict,BRACKETED
[2026-09-22T15:23:34.612] Cog0  BM-RUNG,seq,341,seg,LEAD,life,5,rid,64,rung,1,motor,RIGHT,incre,-36_750_000,result,OK,off_neg,14,off_pos,338,steady_ms,645,win_ms,1_003,ticks,-99,rate_x10,-987,pred_x10,-982,why,NONE
[2026-09-22T15:23:34.613] Cog0  BM-RUNG2,seq,342,rid,64,motor,RIGHT,incre,-36_750_000,zero_x10,3,i_x10,118,inet_x10,115,i_min,8,i_max,16,ph_x10,23_399,phu_x10,7_848,phv_x10,7_759,phw_x10,7_791,duty,6_265,duty_pk,6_335,duty_max,24_264,err,-47,err_pk,71,n,503,why,NONE
[2026-09-22T15:23:34.615] Cog0  BM-RUNGTR,seq,343,rid,64,motor,RIGHT,incre,-36_750_000,from_incre,-18_375_000,from_rest,FALSE,tr_ms,1_149,tr_err_pk,77,tr_i_pk,29,tr_i_over,13,tr_over,6,tr_n,576,why,NONE
[2026-09-22T15:23:34.617] Cog0  BM-RUNGHL,seq,344,rid,64,motor,RIGHT,incre,-36_750_000,tr_lag,0,tr_cap,0,win_lag,0,win_cap,0,drv_incr,-36_750_000,why,NONE
[2026-09-22T15:23:34.633] Cog0  BM-RUNG3,seq,345,rid,64,motor,RIGHT,incre,-36_750_000,missed_d,0,illegal_d,0,hw_ticks,-99,hw_skip,0,amps_x10k,809,rs_impl,145,late,0,skipped,0,clamps,0,idle_up,FALSE,idle_i,0,why,NONE
[2026-09-22T15:23:36.248] Cog0  BM-RUNG,seq,346,seg,LEAD,life,5,rid,65,rung,1,motor,RIGHT,incre,-36_750_000,result,OK,off_neg,9,off_pos,343,steady_ms,26,win_ms,1_001,ticks,-98,rate_x10,-979,pred_x10,-982,why,NONE
[2026-09-22T15:23:36.250] Cog0  BM-RUNG2,seq,347,rid,65,motor,RIGHT,incre,-36_750_000,zero_x10,3,i_x10,108,inet_x10,105,i_min,4,i_max,22,ph_x10,23_390,phu_x10,7_847,phv_x10,7_745,phw_x10,7_797,duty,6_277,duty_pk,6_629,duty_max,24_264,err,-48,err_pk,77,n,502,why,NONE
[2026-09-22T15:23:36.251] Cog0  BM-RUNGTR,seq,348,rid,65,motor,RIGHT,incre,-36_750_000,from_incre,-36_750_000,from_rest,FALSE,tr_ms,531,tr_err_pk,74,tr_i_pk,21,tr_i_over,-1,tr_over,-3,tr_n,267,why,NONE
[2026-09-22T15:23:36.253] Cog0  BM-RUNGHL,seq,349,rid,65,motor,RIGHT,incre,-36_750_000,tr_lag,0,tr_cap,0,win_lag,0,win_cap,0,drv_incr,-36_750_000,why,NONE
[2026-09-22T15:23:36.269] Cog0  BM-RUNG3,seq,350,rid,65,motor,RIGHT,incre,-36_750_000,missed_d,0,illegal_d,0,hw_ticks,-98,hw_skip,0,amps_x10k,727,rs_impl,148,late,0,skipped,0,clamps,0,idle_up,FALSE,idle_i,0,why,NONE
[2026-09-22T15:23:37.884] Cog0  BM-RUNG,seq,351,seg,LEAD,life,5,rid,66,rung,1,motor,RIGHT,incre,-36_750_000,result,OK,off_neg,4,off_pos,348,steady_ms,27,win_ms,1_001,ticks,-98,rate_x10,-979,pred_x10,-982,why,NONE
[2026-09-22T15:23:37.886] Cog0  BM-RUNG2,seq,352,rid,66,motor,RIGHT,incre,-36_750_000,zero_x10,3,i_x10,105,inet_x10,102,i_min,4,i_max,20,ph_x10,23_386,phu_x10,7_813,phv_x10,7_731,phw_x10,7_841,duty,6_205,duty_pk,6_542,duty_max,24_264,err,-48,err_pk,75,n,502,why,NONE
[2026-09-22T15:23:37.888] Cog0  BM-RUNGTR,seq,353,rid,66,motor,RIGHT,incre,-36_750_000,from_incre,-36_750_000,from_rest,FALSE,tr_ms,531,tr_err_pk,75,tr_i_pk,21,tr_i_over,1,tr_over,0,tr_n,267,why,NONE
[2026-09-22T15:23:37.890] Cog0  BM-RUNGHL,seq,354,rid,66,motor,RIGHT,incre,-36_750_000,tr_lag,0,tr_cap,0,win_lag,0,win_cap,0,drv_incr,-36_750_000,why,NONE
[2026-09-22T15:23:37.906] Cog0  BM-RUNG3,seq,355,rid,66,motor,RIGHT,incre,-36_750_000,missed_d,0,illegal_d,0,hw_ticks,-98,hw_skip,0,amps_x10k,694,rs_impl,151,late,0,skipped,0,clamps,0,idle_up,FALSE,idle_i,0,why,NONE
[2026-09-22T15:23:39.521] Cog0  BM-RUNG,seq,356,seg,LEAD,life,5,rid,67,rung,1,motor,RIGHT,incre,-36_750_000,result,OK,off_neg,359,off_pos,353,steady_ms,26,win_ms,1_003,ticks,-99,rate_x10,-987,pred_x10,-982,why,NONE
[2026-09-22T15:23:39.522] Cog0  BM-RUNG2,seq,357,rid,67,motor,RIGHT,incre,-36_750_000,zero_x10,3,i_x10,92,inet_x10,89,i_min,5,i_max,14,ph_x10,23_378,phu_x10,7_774,phv_x10,7_767,phw_x10,7_837,duty,6_202,duty_pk,6_283,duty_max,24_264,err,-47,err_pk,71,n,503,why,NONE
[2026-09-22T15:23:39.524] Cog0  BM-RUNGTR,seq,358,rid,67,motor,RIGHT,incre,-36_750_000,from_incre,-36_750_000,from_rest,FALSE,tr_ms,531,tr_err_pk,77,tr_i_pk,26,tr_i_over,12,tr_over,6,tr_n,267,why,NONE
[2026-09-22T15:23:39.526] Cog0  BM-RUNGHL,seq,359,rid,67,motor,RIGHT,incre,-36_750_000,tr_lag,0,tr_cap,0,win_lag,0,win_cap,0,drv_incr,-36_750_000,why,NONE
[2026-09-22T15:23:39.542] Cog0  BM-RUNG3,seq,360,rid,67,motor,RIGHT,incre,-36_750_000,missed_d,0,illegal_d,0,hw_ticks,-99,hw_skip,0,amps_x10k,594,rs_impl,154,late,0,skipped,0,clamps,0,idle_up,FALSE,idle_i,0,why,NONE
[2026-09-22T15:23:41.158] Cog0  BM-RUNG,seq,361,seg,LEAD,life,5,rid,68,rung,1,motor,RIGHT,incre,-36_750_000,result,OK,off_neg,19,off_pos,333,steady_ms,27,win_ms,1_001,ticks,-98,rate_x10,-979,pred_x10,-982,why,NONE
[2026-09-22T15:23:41.160] Cog0  BM-RUNG2,seq,362,rid,68,motor,RIGHT,incre,-36_750_000,zero_x10,3,i_x10,186,inet_x10,183,i_min,12,i_max,25,ph_x10,23_401,phu_x10,7_788,phv_x10,7_798,phw_x10,7_814,duty,6_437,duty_pk,6_512,duty_max,24_264,err,-48,err_pk,71,n,502,why,NONE
[2026-09-22T15:23:41.161] Cog0  BM-RUNGTR,seq,363,rid,68,motor,RIGHT,incre,-36_750_000,from_incre,-36_750_000,from_rest,FALSE,tr_ms,533,tr_err_pk,84,tr_i_pk,47,tr_i_over,22,tr_over,13,tr_n,268,why,NONE
[2026-09-22T15:23:41.163] Cog0  BM-RUNGHL,seq,364,rid,68,motor,RIGHT,incre,-36_750_000,tr_lag,0,tr_cap,0,win_lag,0,win_cap,0,drv_incr,-36_750_000,why,NONE
[2026-09-22T15:23:41.180] Cog0  BM-RUNG3,seq,365,rid,68,motor,RIGHT,incre,-36_750_000,missed_d,0,illegal_d,0,hw_ticks,-98,hw_skip,0,amps_x10k,1_218,rs_impl,152,late,0,skipped,0,clamps,0,idle_up,FALSE,idle_i,0,why,NONE
[2026-09-22T15:23:42.794] Cog0  BM-RUNG,seq,366,seg,LEAD,life,5,rid,69,rung,1,motor,RIGHT,incre,-36_750_000,result,OK,off_neg,24,off_pos,328,steady_ms,26,win_ms,1_001,ticks,-99,rate_x10,-989,pred_x10,-982,why,NONE
[2026-09-22T15:23:42.796] Cog0  BM-RUNG2,seq,367,rid,69,motor,RIGHT,incre,-36_750_000,zero_x10,3,i_x10,324,inet_x10,321,i_min,23,i_max,43,ph_x10,23_384,phu_x10,7_827,phv_x10,7_781,phw_x10,7_776,duty,6_702,duty_pk,6_803,duty_max,24_264,err,-48,err_pk,71,n,502,why,NONE
[2026-09-22T15:23:42.798] Cog0  BM-RUNGTR,seq,368,rid,69,motor,RIGHT,incre,-36_750_000,from_incre,-36_750_000,from_rest,FALSE,tr_ms,531,tr_err_pk,72,tr_i_pk,42,tr_i_over,-1,tr_over,1,tr_n,267,why,NONE
[2026-09-22T15:23:42.799] Cog0  BM-RUNGHL,seq,369,rid,69,motor,RIGHT,incre,-36_750_000,tr_lag,0,tr_cap,0,win_lag,0,win_cap,0,drv_incr,-36_750_000,why,NONE
[2026-09-22T15:23:42.815] Cog0  BM-RUNG3,seq,370,rid,69,motor,RIGHT,incre,-36_750_000,missed_d,0,illegal_d,0,hw_ticks,-99,hw_skip,0,amps_x10k,2_134,rs_impl,151,late,0,skipped,0,clamps,0,idle_up,FALSE,idle_i,0,why,NONE
[2026-09-22T15:23:44.431] Cog0  BM-RUNG,seq,371,seg,LEAD,life,5,rid,70,rung,1,motor,RIGHT,incre,-36_750_000,result,OK,off_neg,29,off_pos,323,steady_ms,26,win_ms,1_003,ticks,-99,rate_x10,-987,pred_x10,-982,why,NONE
[2026-09-22T15:23:44.432] Cog0  BM-RUNG2,seq,372,rid,70,motor,RIGHT,incre,-36_750_000,zero_x10,3,i_x10,550,inet_x10,547,i_min,43,i_max,68,ph_x10,23_397,phu_x10,7_853,phv_x10,7_744,phw_x10,7_799,duty,7_062,duty_pk,7_176,duty_max,24_264,err,-48,err_pk,71,n,503,why,NONE
[2026-09-22T15:23:44.434] Cog0  BM-RUNGTR,seq,373,rid,70,motor,RIGHT,incre,-36_750_000,from_incre,-36_750_000,from_rest,FALSE,tr_ms,531,tr_err_pk,72,tr_i_pk,70,tr_i_over,2,tr_over,1,tr_n,267,why,NONE
[2026-09-22T15:23:44.436] Cog0  BM-RUNGHL,seq,374,rid,70,motor,RIGHT,incre,-36_750_000,tr_lag,0,tr_cap,0,win_lag,0,win_cap,0,drv_incr,-36_750_000,why,NONE
[2026-09-22T15:23:44.437] Cog0  BM-RUNG3,seq,375,rid,70,motor,RIGHT,incre,-36_750_000,missed_d,0,illegal_d,0,hw_ticks,-99,hw_skip,0,amps_x10k,3_646,rs_impl,150,late,0,skipped,0,clamps,0,idle_up,FALSE,idle_i,0,why,NONE
[2026-09-22T15:23:44.453] Cog0  BM-LEADMIN,seq,376,motor,RIGHT,incre,-36_750_000,lead_min,3,inet_min_x10,89,inet18_x10,115,steps,7,verdict,EDGE
[2026-09-22T15:23:46.990] Cog0  BM-RUNG,seq,377,seg,LEAD,life,5,rid,71,rung,2,motor,RIGHT,incre,-73_500_000,result,OK,off_neg,14,off_pos,338,steady_ms,927,win_ms,1_007,ticks,-198,rate_x10,-1_966,pred_x10,-1_964,why,NONE
[2026-09-22T15:23:46.992] Cog0  BM-RUNG2,seq,378,rid,71,motor,RIGHT,incre,-73_500_000,zero_x10,3,i_x10,436,inet_x10,433,i_min,25,i_max,68,ph_x10,23_391,phu_x10,7_815,phv_x10,7_762,phw_x10,7_813,duty,12_544,duty_pk,12_664,duty_max,24_264,err,-47,err_pk,71,n,505,why,NONE
[2026-09-22T15:23:46.994] Cog0  BM-RUNGTR,seq,379,rid,71,motor,RIGHT,incre,-73_500_000,from_incre,-36_750_000,from_rest,FALSE,tr_ms,1_433,tr_err_pk,71,tr_i_pk,71,tr_i_over,3,tr_over,0,tr_n,718,why,NONE
[2026-09-22T15:23:46.996] Cog0  BM-RUNGHL,seq,380,rid,71,motor,RIGHT,incre,-73_500_000,tr_lag,0,tr_cap,0,win_lag,0,win_cap,0,drv_incr,-73_500_000,why,NONE
[2026-09-22T15:23:47.013] Cog0  BM-RUNG3,seq,381,rid,71,motor,RIGHT,incre,-73_500_000,missed_d,0,illegal_d,0,hw_ticks,-198,hw_skip,0,amps_x10k,2_861,rs_impl,152,late,0,skipped,0,clamps,0,idle_up,FALSE,idle_i,0,why,NONE
[2026-09-22T15:23:48.627] Cog0  BM-RUNG,seq,382,seg,LEAD,life,5,rid,72,rung,2,motor,RIGHT,incre,-73_500_000,result,OK,off_neg,9,off_pos,343,steady_ms,26,win_ms,1_003,ticks,-197,rate_x10,-1_964,pred_x10,-1_964,why,NONE
[2026-09-22T15:23:48.629] Cog0  BM-RUNG2,seq,383,rid,72,motor,RIGHT,incre,-73_500_000,zero_x10,3,i_x10,233,inet_x10,230,i_min,12,i_max,34,ph_x10,23_382,phu_x10,7_802,phv_x10,7_769,phw_x10,7_810,duty,12_085,duty_pk,12_169,duty_max,24_264,err,-48,err_pk,72,n,503,why,NONE
[2026-09-22T15:23:48.630] Cog0  BM-RUNGTR,seq,384,rid,72,motor,RIGHT,incre,-73_500_000,from_incre,-73_500_000,from_rest,FALSE,tr_ms,531,tr_err_pk,71,tr_i_pk,48,tr_i_over,14,tr_over,-1,tr_n,267,why,NONE
[2026-09-22T15:23:48.632] Cog0  BM-RUNGHL,seq,385,rid,72,motor,RIGHT,incre,-73_500_000,tr_lag,0,tr_cap,0,win_lag,0,win_cap,0,drv_incr,-73_500_000,why,NONE
[2026-09-22T15:23:48.648] Cog0  BM-RUNG3,seq,386,rid,72,motor,RIGHT,incre,-73_500_000,missed_d,0,illegal_d,0,hw_ticks,-197,hw_skip,0,amps_x10k,1_574,rs_impl,148,late,0,skipped,0,clamps,0,idle_up,FALSE,idle_i,0,why,NONE
[2026-09-22T15:23:50.263] Cog0  BM-RUNG,seq,387,seg,LEAD,life,5,rid,73,rung,2,motor,RIGHT,incre,-73_500_000,result,OK,off_neg,4,off_pos,348,steady_ms,26,win_ms,1_001,ticks,-197,rate_x10,-1_968,pred_x10,-1_964,why,NONE
[2026-09-22T15:23:50.265] Cog0  BM-RUNG2,seq,388,rid,73,motor,RIGHT,incre,-73_500_000,zero_x10,3,i_x10,197,inet_x10,194,i_min,10,i_max,34,ph_x10,23_395,phu_x10,7_820,phv_x10,7_775,phw_x10,7_798,duty,11_994,duty_pk,12_179,duty_max,24_264,err,-47,err_pk,72,n,502,why,NONE
[2026-09-22T15:23:50.267] Cog0  BM-RUNGTR,seq,389,rid,73,motor,RIGHT,incre,-73_500_000,from_incre,-73_500_000,from_rest,FALSE,tr_ms,531,tr_err_pk,72,tr_i_pk,39,tr_i_over,5,tr_over,0,tr_n,267,why,NONE
[2026-09-22T15:23:50.268] Cog0  BM-RUNGHL,seq,390,rid,73,motor,RIGHT,incre,-73_500_000,tr_lag,0,tr_cap,0,win_lag,0,win_cap,0,drv_incr,-73_500_000,why,NONE
[2026-09-22T15:23:50.285] Cog0  BM-RUNG3,seq,391,rid,73,motor,RIGHT,incre,-73_500_000,missed_d,0,illegal_d,0,hw_ticks,-197,hw_skip,0,amps_x10k,1_294,rs_impl,152,late,0,skipped,0,clamps,0,idle_up,FALSE,idle_i,0,why,NONE
[2026-09-22T15:23:51.900] Cog0  BM-RUNG,seq,392,seg,LEAD,life,5,rid,74,rung,2,motor,RIGHT,incre,-73_500_000,result,OK,off_neg,359,off_pos,353,steady_ms,26,win_ms,1_001,ticks,-197,rate_x10,-1_968,pred_x10,-1_964,why,NONE
[2026-09-22T15:23:51.902] Cog0  BM-RUNG2,seq,393,rid,74,motor,RIGHT,incre,-73_500_000,zero_x10,3,i_x10,201,inet_x10,198,i_min,9,i_max,30,ph_x10,23_377,phu_x10,7_802,phv_x10,7_754,phw_x10,7_820,duty,11_769,duty_pk,11_870,duty_max,24_264,err,-47,err_pk,71,n,502,why,NONE
[2026-09-22T15:23:51.903] Cog0  BM-RUNGTR,seq,394,rid,74,motor,RIGHT,incre,-73_500_000,from_incre,-73_500_000,from_rest,FALSE,tr_ms,531,tr_err_pk,71,tr_i_pk,34,tr_i_over,4,tr_over,0,tr_n,267,why,NONE
[2026-09-22T15:23:51.904] Cog0  BM-RUNGHL,seq,395,rid,74,motor,RIGHT,incre,-73_500_000,tr_lag,0,tr_cap,0,win_lag,0,win_cap,0,drv_incr,-73_500_000,why,NONE
[2026-09-22T15:23:51.921] Cog0  BM-RUNG3,seq,396,rid,74,motor,RIGHT,incre,-73_500_000,missed_d,0,illegal_d,0,hw_ticks,-197,hw_skip,0,amps_x10k,1_358,rs_impl,148,late,0,skipped,0,clamps,0,idle_up,FALSE,idle_i,0,why,NONE
[2026-09-22T15:23:53.541] Cog0  BM-RUNG,seq,397,seg,LEAD,life,5,rid,75,rung,2,motor,RIGHT,incre,-73_500_000,result,OK,off_neg,19,off_pos,333,steady_ms,26,win_ms,1_007,ticks,-198,rate_x10,-1_966,pred_x10,-1_964,why,NONE
[2026-09-22T15:23:53.543] Cog0  BM-RUNG2,seq,398,rid,75,motor,RIGHT,incre,-73_500_000,zero_x10,3,i_x10,897,inet_x10,894,i_min,64,i_max,119,ph_x10,23_392,phu_x10,7_816,phv_x10,7_762,phw_x10,7_813,duty,13_199,duty_pk,13_323,duty_max,24_264,err,-47,err_pk,71,n,505,why,NONE
[2026-09-22T15:23:53.545] Cog0  BM-RUNGTR,seq,399,rid,75,motor,RIGHT,incre,-73_500_000,from_incre,-73_500_000,from_rest,FALSE,tr_ms,531,tr_err_pk,83,tr_i_pk,115,tr_i_over,-4,tr_over,12,tr_n,267,why,NONE
[2026-09-22T15:23:53.547] Cog0  BM-RUNGHL,seq,400,rid,75,motor,RIGHT,incre,-73_500_000,tr_lag,0,tr_cap,0,win_lag,0,win_cap,0,drv_incr,-73_500_000,why,NONE
[2026-09-22T15:23:53.563] Cog0  BM-RUNG3,seq,401,rid,75,motor,RIGHT,incre,-73_500_000,missed_d,0,illegal_d,0,hw_ticks,-198,hw_skip,0,amps_x10k,6_091,rs_impl,147,late,0,skipped,0,clamps,0,idle_up,FALSE,idle_i,0,why,NONE
[2026-09-22T15:23:55.178] Cog0  BM-RUNG,seq,402,seg,LEAD,life,5,rid,76,rung,2,motor,RIGHT,incre,-73_500_000,result,OK,off_neg,24,off_pos,328,steady_ms,26,win_ms,1_001,ticks,-197,rate_x10,-1_968,pred_x10,-1_964,why,NONE
[2026-09-22T15:23:55.180] Cog0  BM-RUNG2,seq,403,rid,76,motor,RIGHT,incre,-73_500_000,zero_x10,3,i_x10,1_677,inet_x10,1_674,i_min,133,i_max,205,ph_x10,23_382,phu_x10,7_822,phv_x10,7_763,phw_x10,7_796,duty,14_025,duty_pk,14_183,duty_max,24_264,err,-48,err_pk,73,n,502,why,NONE
[2026-09-22T15:23:55.182] Cog0  BM-RUNGTR,seq,404,rid,76,motor,RIGHT,incre,-73_500_000,from_incre,-73_500_000,from_rest,FALSE,tr_ms,531,tr_err_pk,74,tr_i_pk,198,tr_i_over,-7,tr_over,1,tr_n,267,why,NONE
[2026-09-22T15:23:55.183] Cog0  BM-RUNGHL,seq,405,rid,76,motor,RIGHT,incre,-73_500_000,tr_lag,0,tr_cap,0,win_lag,0,win_cap,0,drv_incr,-73_500_000,why,NONE
[2026-09-22T15:23:55.200] Cog0  BM-RUNG3,seq,406,rid,76,motor,RIGHT,incre,-73_500_000,missed_d,0,illegal_d,0,hw_ticks,-197,hw_skip,0,amps_x10k,11_113,rs_impl,150,late,0,skipped,0,clamps,0,idle_up,FALSE,idle_i,0,why,NONE
[2026-09-22T15:23:56.815] Cog0  BM-RUNG,seq,407,seg,LEAD,life,5,rid,77,rung,2,motor,RIGHT,incre,-73_500_000,result,OK,off_neg,29,off_pos,323,steady_ms,27,win_ms,1_001,ticks,-196,rate_x10,-1_958,pred_x10,-1_964,why,NONE
[2026-09-22T15:23:56.817] Cog0  BM-RUNG2,seq,408,rid,77,motor,RIGHT,incre,-73_500_000,zero_x10,3,i_x10,2_911,inet_x10,2_908,i_min,247,i_max,343,ph_x10,23_371,phu_x10,7_802,phv_x10,7_748,phw_x10,7_820,duty,15_046,duty_pk,15_216,duty_max,24_264,err,-48,err_pk,71,n,502,why,NONE
[2026-09-22T15:23:56.819] Cog0  BM-RUNGTR,seq,409,rid,77,motor,RIGHT,incre,-73_500_000,from_incre,-73_500_000,from_rest,FALSE,tr_ms,533,tr_err_pk,71,tr_i_pk,337,tr_i_over,-6,tr_over,0,tr_n,268,why,NONE
[2026-09-22T15:23:56.821] Cog0  BM-RUNGHL,seq,410,rid,77,motor,RIGHT,incre,-73_500_000,tr_lag,0,tr_cap,0,win_lag,0,win_cap,0,drv_incr,-73_500_000,why,NONE
[2026-09-22T15:23:56.822] Cog0  BM-RUNG3,seq,411,rid,77,motor,RIGHT,incre,-73_500_000,missed_d,0,illegal_d,0,hw_ticks,-196,hw_skip,0,amps_x10k,19_290,rs_impl,150,late,0,skipped,0,clamps,0,idle_up,FALSE,idle_i,0,why,NONE
[2026-09-22T15:23:56.839] Cog0  BM-LEADMIN,seq,412,motor,RIGHT,incre,-73_500_000,lead_min,8,inet_min_x10,194,inet18_x10,433,steps,7,verdict,BRACKETED
[2026-09-22T15:23:59.770] Cog0  BM-RUNG,seq,413,seg,LEAD,life,5,rid,78,rung,3,motor,RIGHT,incre,-147_000_000,result,OK,off_neg,14,off_pos,338,steady_ms,1_321,win_ms,1_003,ticks,-395,rate_x10,-3_938,pred_x10,-3_928,why,NONE
[2026-09-22T15:23:59.773] Cog0  BM-RUNG2,seq,414,rid,78,motor,RIGHT,incre,-147_000_000,zero_x10,3,i_x10,592,inet_x10,589,i_min,9,i_max,111,ph_x10,23_373,phu_x10,7_812,phv_x10,7_739,phw_x10,7_820,duty,24_246,duty_pk,24_264,duty_max,24_264,err,-53,err_pk,77,n,503,why,NONE
[2026-09-22T15:23:59.774] Cog0  BM-RUNGTR,seq,415,rid,78,motor,RIGHT,incre,-147_000_000,from_incre,-73_500_000,from_rest,FALSE,tr_ms,1_825,tr_err_pk,78,tr_i_pk,292,tr_i_over,181,tr_over,1,tr_n,914,why,NONE
[2026-09-22T15:23:59.776] Cog0  BM-RUNGHL,seq,416,rid,78,motor,RIGHT,incre,-147_000_000,tr_lag,0,tr_cap,6_530,win_lag,0,win_cap,10_147,drv_incr,-147_000_000,why,NONE
[2026-09-22T15:23:59.792] Cog0  BM-RUNG3,seq,417,rid,78,motor,RIGHT,incre,-147_000_000,missed_d,0,illegal_d,0,hw_ticks,-395,hw_skip,0,amps_x10k,3_986,rs_impl,148,late,0,skipped,0,clamps,0,idle_up,FALSE,idle_i,0,why,NONE
[2026-09-22T15:24:01.407] Cog0  BM-RUNG,seq,418,seg,LEAD,life,5,rid,79,rung,3,motor,RIGHT,incre,-147_000_000,result,OK,off_neg,9,off_pos,343,steady_ms,26,win_ms,1_001,ticks,-393,rate_x10,-3_926,pred_x10,-3_928,why,NONE
[2026-09-22T15:24:01.409] Cog0  BM-RUNG2,seq,419,rid,79,motor,RIGHT,incre,-147_000_000,zero_x10,3,i_x10,587,inet_x10,584,i_min,2,i_max,107,ph_x10,23_349,phu_x10,7_805,phv_x10,7_719,phw_x10,7_824,duty,24_232,duty_pk,24_264,duty_max,24_264,err,-49,err_pk,75,n,502,why,NONE
[2026-09-22T15:24:01.410] Cog0  BM-RUNGTR,seq,420,rid,79,motor,RIGHT,incre,-147_000_000,from_incre,-147_000_000,from_rest,FALSE,tr_ms,531,tr_err_pk,74,tr_i_pk,103,tr_i_over,-4,tr_over,-1,tr_n,267,why,NONE
[2026-09-22T15:24:01.413] Cog0  BM-RUNGHL,seq,421,rid,79,motor,RIGHT,incre,-147_000_000,tr_lag,0,tr_cap,1_553,win_lag,0,win_cap,2_714,drv_incr,-147_000_000,why,NONE
[2026-09-22T15:24:01.429] Cog0  BM-RUNG3,seq,422,rid,79,motor,RIGHT,incre,-147_000_000,missed_d,0,illegal_d,0,hw_ticks,-393,hw_skip,0,amps_x10k,3_925,rs_impl,149,late,0,skipped,0,clamps,0,idle_up,FALSE,idle_i,0,why,NONE
[2026-09-22T15:24:03.044] Cog0  BM-RUNG,seq,423,seg,LEAD,life,5,rid,80,rung,3,motor,RIGHT,incre,-147_000_000,result,OK,off_neg,4,off_pos,348,steady_ms,26,win_ms,1_003,ticks,-394,rate_x10,-3_928,pred_x10,-3_928,why,NONE
[2026-09-22T15:24:03.046] Cog0  BM-RUNG2,seq,424,rid,80,motor,RIGHT,incre,-147_000_000,zero_x10,3,i_x10,443,inet_x10,440,i_min,8,i_max,77,ph_x10,23_371,phu_x10,7_819,phv_x10,7_746,phw_x10,7_805,duty,23_626,duty_pk,23_768,duty_max,24_264,err,-48,err_pk,74,n,503,why,NONE
[2026-09-22T15:24:03.047] Cog0  BM-RUNGTR,seq,425,rid,80,motor,RIGHT,incre,-147_000_000,from_incre,-147_000_000,from_rest,FALSE,tr_ms,531,tr_err_pk,72,tr_i_pk,86,tr_i_over,9,tr_over,-2,tr_n,267,why,NONE
[2026-09-22T15:24:03.049] Cog0  BM-RUNGHL,seq,426,rid,80,motor,RIGHT,incre,-147_000_000,tr_lag,0,tr_cap,0,win_lag,0,win_cap,0,drv_incr,-147_000_000,why,NONE
[2026-09-22T15:24:03.066] Cog0  BM-RUNG3,seq,427,rid,80,motor,RIGHT,incre,-147_000_000,missed_d,0,illegal_d,0,hw_ticks,-394,hw_skip,0,amps_x10k,2_975,rs_impl,148,late,0,skipped,0,clamps,0,idle_up,FALSE,idle_i,0,why,NONE
[2026-09-22T15:24:04.680] Cog0  BM-RUNG,seq,428,seg,LEAD,life,5,rid,81,rung,3,motor,RIGHT,incre,-147_000_000,result,OK,off_neg,359,off_pos,353,steady_ms,27,win_ms,1_003,ticks,-394,rate_x10,-3_928,pred_x10,-3_928,why,NONE
[2026-09-22T15:24:04.682] Cog0  BM-RUNG2,seq,429,rid,81,motor,RIGHT,incre,-147_000_000,zero_x10,3,i_x10,473,inet_x10,470,i_min,3,i_max,102,ph_x10,23_365,phu_x10,7_814,phv_x10,7_753,phw_x10,7_797,duty,22_737,duty_pk,22_887,duty_max,24_264,err,-47,err_pk,73,n,503,why,NONE
[2026-09-22T15:24:04.684] Cog0  BM-RUNGTR,seq,430,rid,81,motor,RIGHT,incre,-147_000_000,from_incre,-147_000_000,from_rest,FALSE,tr_ms,529,tr_err_pk,72,tr_i_pk,89,tr_i_over,-13,tr_over,-1,tr_n,266,why,NONE
[2026-09-22T15:24:04.686] Cog0  BM-RUNGHL,seq,431,rid,81,motor,RIGHT,incre,-147_000_000,tr_lag,0,tr_cap,0,win_lag,0,win_cap,0,drv_incr,-147_000_000,why,NONE
[2026-09-22T15:24:04.702] Cog0  BM-RUNG3,seq,432,rid,81,motor,RIGHT,incre,-147_000_000,missed_d,0,illegal_d,0,hw_ticks,-394,hw_skip,0,amps_x10k,3_179,rs_impl,148,late,0,skipped,0,clamps,0,idle_up,FALSE,idle_i,0,why,NONE
[2026-09-22T15:24:06.318] Cog0  BM-RUNG,seq,433,seg,LEAD,life,5,rid,82,rung,3,motor,RIGHT,incre,-147_000_000,result,OK,off_neg,19,off_pos,333,steady_ms,27,win_ms,1_003,ticks,-394,rate_x10,-3_928,pred_x10,-3_928,why,NONE
[2026-09-22T15:24:06.320] Cog0  BM-RUNG2,seq,434,rid,82,motor,RIGHT,incre,-147_000_000,zero_x10,3,i_x10,593,inet_x10,590,i_min,8,i_max,104,ph_x10,23_374,phu_x10,7_786,phv_x10,7_779,phw_x10,7_807,duty,24_255,duty_pk,24_264,duty_max,24_264,err,-56,err_pk,82,n,503,why,NONE
[2026-09-22T15:24:06.322] Cog0  BM-RUNGTR,seq,435,rid,82,motor,RIGHT,incre,-147_000_000,from_incre,-147_000_000,from_rest,FALSE,tr_ms,531,tr_err_pk,80,tr_i_pk,116,tr_i_over,12,tr_over,-2,tr_n,267,why,NONE
[2026-09-22T15:24:06.323] Cog0  BM-RUNGHL,seq,436,rid,82,motor,RIGHT,incre,-147_000_000,tr_lag,0,tr_cap,8_681,win_lag,0,win_cap,17_195,drv_incr,-147_000_000,why,NONE
[2026-09-22T15:24:06.339] Cog0  BM-RUNG3,seq,437,rid,82,motor,RIGHT,incre,-147_000_000,missed_d,0,illegal_d,0,hw_ticks,-394,hw_skip,0,amps_x10k,3_975,rs_impl,149,late,0,skipped,0,clamps,0,idle_up,FALSE,idle_i,0,why,NONE
[2026-09-22T15:24:07.954] Cog0  BM-RUNG,seq,438,seg,LEAD,life,5,rid,83,rung,3,motor,RIGHT,incre,-147_000_000,result,OK,off_neg,24,off_pos,328,steady_ms,26,win_ms,1_001,ticks,-394,rate_x10,-3_936,pred_x10,-3_928,why,NONE
[2026-09-22T15:24:07.957] Cog0  BM-RUNG2,seq,439,rid,83,motor,RIGHT,incre,-147_000_000,zero_x10,3,i_x10,601,inet_x10,598,i_min,8,i_max,110,ph_x10,23_392,phu_x10,7_802,phv_x10,7_756,phw_x10,7_834,duty,24_260,duty_pk,24_264,duty_max,24_264,err,-60,err_pk,85,n,502,why,NONE
[2026-09-22T15:24:07.957] Cog0  BM-RUNGTR,seq,440,rid,83,motor,RIGHT,incre,-147_000_000,from_incre,-147_000_000,from_rest,FALSE,tr_ms,531,tr_err_pk,85,tr_i_pk,103,tr_i_over,-7,tr_over,0,tr_n,267,why,NONE
[2026-09-22T15:24:07.960] Cog0  BM-RUNGHL,seq,441,rid,83,motor,RIGHT,incre,-147_000_000,tr_lag,0,tr_cap,12_534,win_lag,0,win_cap,23_821,drv_incr,-147_000_000,why,NONE
[2026-09-22T15:24:07.976] Cog0  BM-RUNG3,seq,442,rid,83,motor,RIGHT,incre,-147_000_000,missed_d,0,illegal_d,0,hw_ticks,-394,hw_skip,0,amps_x10k,4_036,rs_impl,148,late,0,skipped,0,clamps,0,idle_up,FALSE,idle_i,0,why,NONE
[2026-09-22T15:24:09.591] Cog0  BM-RUNG,seq,443,seg,LEAD,life,5,rid,84,rung,3,motor,RIGHT,incre,-147_000_000,result,OK,off_neg,29,off_pos,323,steady_ms,26,win_ms,1_001,ticks,-394,rate_x10,-3_936,pred_x10,-3_928,why,NONE
[2026-09-22T15:24:09.593] Cog0  BM-RUNG2,seq,444,rid,84,motor,RIGHT,incre,-147_000_000,zero_x10,3,i_x10,596,inet_x10,593,i_min,8,i_max,105,ph_x10,23_412,phu_x10,7_843,phv_x10,7_737,phw_x10,7_830,duty,24_263,duty_pk,24_264,duty_max,24_264,err,-63,err_pk,91,n,502,why,NONE
[2026-09-22T15:24:09.595] Cog0  BM-RUNGTR,seq,445,rid,84,motor,RIGHT,incre,-147_000_000,from_incre,-147_000_000,from_rest,FALSE,tr_ms,531,tr_err_pk,87,tr_i_pk,102,tr_i_over,-3,tr_over,-4,tr_n,267,why,NONE
[2026-09-22T15:24:09.597] Cog0  BM-RUNGHL,seq,446,rid,84,motor,RIGHT,incre,-147_000_000,tr_lag,0,tr_cap,15_519,win_lag,0,win_cap,29_448,drv_incr,-147_000_000,why,NONE
[2026-09-22T15:24:09.598] Cog0  BM-RUNG3,seq,447,rid,84,motor,RIGHT,incre,-147_000_000,missed_d,0,illegal_d,0,hw_ticks,-394,hw_skip,0,amps_x10k,4_001,rs_impl,148,late,0,skipped,0,clamps,0,idle_up,FALSE,idle_i,0,why,NONE
[2026-09-22T15:24:09.614] Cog0  BM-LEADMIN,seq,448,motor,RIGHT,incre,-147_000_000,lead_min,8,inet_min_x10,440,inet18_x10,589,steps,7,verdict,BRACKETED
[2026-09-22T15:24:11.159] Cog3  INIT $0001_0E5E $0004_4DCF load
[2026-09-22T15:24:11.174] Cog4  INIT $0000_0FA8 $0004_489F jump
[2026-09-22T15:24:13.271] Cog0  BM-START,seq,449,seg,LEAD,motor,RIGHT,life,6,cog_ret,3,cog_ok,TRUE,board,REV_B,board_enum,22,ready,TRUE,ready_ms,0,off_neg,14,off_pos,338,missed,0,illegal,0,zero_x10,20,ph_x10,1_607,why,NONE
[2026-09-22T15:24:15.519] Cog0  BM-RUNG,seq,450,seg,LEAD,life,6,rid,85,rung,0,motor,RIGHT,incre,18_375_000,result,OK,off_neg,14,off_pos,338,steady_ms,650,win_ms,1_003,ticks,49,rate_x10,488,pred_x10,491,why,NONE
[2026-09-22T15:24:15.522] Cog0  BM-RUNG2,seq,451,rid,85,motor,RIGHT,incre,18_375_000,zero_x10,20,i_x10,84,inet_x10,64,i_min,4,i_max,16,ph_x10,23_387,phu_x10,7_799,phv_x10,7_794,phw_x10,7_793,duty,3_397,duty_pk,3_766,duty_max,24_264,err,48,err_pk,79,n,503,why,NONE
[2026-09-22T15:24:15.524] Cog0  BM-RUNGTR,seq,452,rid,85,motor,RIGHT,incre,18_375_000,from_incre,0,from_rest,TRUE,tr_ms,1_155,tr_err_pk,81,tr_i_pk,18,tr_i_over,2,tr_over,2,tr_n,579,why,NONE
[2026-09-22T15:24:15.525] Cog0  BM-RUNGHL,seq,453,rid,85,motor,RIGHT,incre,18_375_000,tr_lag,0,tr_cap,0,win_lag,0,win_cap,0,drv_incr,18_375_000,why,NONE
[2026-09-22T15:24:15.541] Cog0  BM-RUNG3,seq,454,rid,85,motor,RIGHT,incre,18_375_000,missed_d,0,illegal_d,0,hw_ticks,49,hw_skip,0,amps_x10k,507,rs_impl,165,late,0,skipped,0,clamps,0,idle_up,FALSE,idle_i,0,why,NONE
[2026-09-22T15:24:17.157] Cog0  BM-RUNG,seq,455,seg,LEAD,life,6,rid,86,rung,0,motor,RIGHT,incre,18_375_000,result,OK,off_neg,9,off_pos,343,steady_ms,27,win_ms,1_003,ticks,49,rate_x10,488,pred_x10,491,why,NONE
[2026-09-22T15:24:17.159] Cog0  BM-RUNG2,seq,456,rid,86,motor,RIGHT,incre,18_375_000,zero_x10,20,i_x10,87,inet_x10,67,i_min,4,i_max,16,ph_x10,23_394,phu_x10,7_837,phv_x10,7_745,phw_x10,7_810,duty,3_444,duty_pk,3_902,duty_max,24_264,err,48,err_pk,84,n,503,why,NONE
[2026-09-22T15:24:17.161] Cog0  BM-RUNGTR,seq,457,rid,86,motor,RIGHT,incre,18_375_000,from_incre,18_375_000,from_rest,FALSE,tr_ms,531,tr_err_pk,84,tr_i_pk,14,tr_i_over,-2,tr_over,0,tr_n,267,why,NONE
[2026-09-22T15:24:17.163] Cog0  BM-RUNGHL,seq,458,rid,86,motor,RIGHT,incre,18_375_000,tr_lag,0,tr_cap,0,win_lag,0,win_cap,0,drv_incr,18_375_000,why,NONE
[2026-09-22T15:24:17.179] Cog0  BM-RUNG3,seq,459,rid,86,motor,RIGHT,incre,18_375_000,missed_d,0,illegal_d,0,hw_ticks,49,hw_skip,0,amps_x10k,522,rs_impl,166,late,0,skipped,0,clamps,0,idle_up,FALSE,idle_i,0,why,NONE
[2026-09-22T15:24:18.793] Cog0  BM-RUNG,seq,460,seg,LEAD,life,6,rid,87,rung,0,motor,RIGHT,incre,18_375_000,result,OK,off_neg,4,off_pos,348,steady_ms,26,win_ms,1_003,ticks,50,rate_x10,498,pred_x10,491,why,NONE
[2026-09-22T15:24:18.795] Cog0  BM-RUNG2,seq,461,rid,87,motor,RIGHT,incre,18_375_000,zero_x10,20,i_x10,109,inet_x10,89,i_min,4,i_max,23,ph_x10,23_398,phu_x10,7_788,phv_x10,7_796,phw_x10,7_813,duty,3_484,duty_pk,4_283,duty_max,24_264,err,46,err_pk,89,n,503,why,NONE
[2026-09-22T15:24:18.797] Cog0  BM-RUNGTR,seq,462,rid,87,motor,RIGHT,incre,18_375_000,from_incre,18_375_000,from_rest,FALSE,tr_ms,529,tr_err_pk,92,tr_i_pk,25,tr_i_over,2,tr_over,3,tr_n,266,why,NONE
[2026-09-22T15:24:18.799] Cog0  BM-RUNGHL,seq,463,rid,87,motor,RIGHT,incre,18_375_000,tr_lag,0,tr_cap,0,win_lag,0,win_cap,0,drv_incr,18_375_000,why,NONE
[2026-09-22T15:24:18.815] Cog0  BM-RUNG3,seq,464,rid,87,motor,RIGHT,incre,18_375_000,missed_d,0,illegal_d,0,hw_ticks,50,hw_skip,0,amps_x10k,656,rs_impl,166,late,0,skipped,0,clamps,0,idle_up,FALSE,idle_i,0,why,NONE
[2026-09-22T15:24:20.428] Cog0  BM-RUNG,seq,465,seg,LEAD,life,6,rid,88,rung,0,motor,RIGHT,incre,18_375_000,result,OK,off_neg,359,off_pos,353,steady_ms,26,win_ms,1_001,ticks,44,rate_x10,439,pred_x10,491,why,NONE
[2026-09-22T15:24:20.432] Cog0  BM-RUNG2,seq,466,rid,88,motor,RIGHT,incre,18_375_000,zero_x10,20,i_x10,230,inet_x10,210,i_min,4,i_max,59,ph_x10,23_397,phu_x10,7_811,phv_x10,7_818,phw_x10,7_768,duty,3_422,duty_pk,4_927,duty_max,24_264,err,47,err_pk,100,n,502,why,NONE
[2026-09-22T15:24:20.433] Cog0  BM-RUNGTR,seq,467,rid,88,motor,RIGHT,incre,18_375_000,from_incre,18_375_000,from_rest,FALSE,tr_ms,531,tr_err_pk,100,tr_i_pk,55,tr_i_over,-4,tr_over,0,tr_n,267,why,NONE
[2026-09-22T15:24:20.435] Cog0  BM-RUNGHL,seq,468,rid,88,motor,RIGHT,incre,18_375_000,tr_lag,19,tr_cap,0,win_lag,23,win_cap,0,drv_incr,14_206_980,why,NONE
[2026-09-22T15:24:20.452] Cog0  BM-RUNG3,seq,469,rid,88,motor,RIGHT,incre,18_375_000,missed_d,0,illegal_d,0,hw_ticks,44,hw_skip,0,amps_x10k,1_470,rs_impl,156,late,0,skipped,0,clamps,0,idle_up,FALSE,idle_i,0,why,NONE
[2026-09-22T15:24:22.067] Cog0  BM-RUNG,seq,470,seg,LEAD,life,6,rid,89,rung,0,motor,RIGHT,incre,18_375_000,result,OK,off_neg,19,off_pos,333,steady_ms,27,win_ms,1_003,ticks,50,rate_x10,498,pred_x10,491,why,NONE
[2026-09-22T15:24:22.069] Cog0  BM-RUNG2,seq,471,rid,89,motor,RIGHT,incre,18_375_000,zero_x10,20,i_x10,84,inet_x10,64,i_min,5,i_max,12,ph_x10,23_388,phu_x10,7_825,phv_x10,7_744,phw_x10,7_819,duty,3_404,duty_pk,3_545,duty_max,24_264,err,47,err_pk,72,n,503,why,NONE
[2026-09-22T15:24:22.070] Cog0  BM-RUNGTR,seq,472,rid,89,motor,RIGHT,incre,18_375_000,from_incre,18_375_000,from_rest,FALSE,tr_ms,531,tr_err_pk,73,tr_i_pk,21,tr_i_over,9,tr_over,1,tr_n,267,why,NONE
[2026-09-22T15:24:22.072] Cog0  BM-RUNGHL,seq,473,rid,89,motor,RIGHT,incre,18_375_000,tr_lag,0,tr_cap,0,win_lag,0,win_cap,0,drv_incr,18_375_000,why,NONE
[2026-09-22T15:24:22.088] Cog0  BM-RUNG3,seq,474,rid,89,motor,RIGHT,incre,18_375_000,missed_d,0,illegal_d,0,hw_ticks,50,hw_skip,0,amps_x10k,482,rs_impl,174,late,0,skipped,0,clamps,0,idle_up,FALSE,idle_i,0,why,NONE
[2026-09-22T15:24:23.703] Cog0  BM-RUNG,seq,475,seg,LEAD,life,6,rid,90,rung,0,motor,RIGHT,incre,18_375_000,result,OK,off_neg,24,off_pos,328,steady_ms,27,win_ms,1_003,ticks,49,rate_x10,488,pred_x10,491,why,NONE
[2026-09-22T15:24:23.705] Cog0  BM-RUNG2,seq,476,rid,90,motor,RIGHT,incre,18_375_000,zero_x10,20,i_x10,96,inet_x10,76,i_min,6,i_max,13,ph_x10,23_388,phu_x10,7_800,phv_x10,7_793,phw_x10,7_794,duty,3_441,duty_pk,3_507,duty_max,24_264,err,47,err_pk,71,n,503,why,NONE
[2026-09-22T15:24:23.707] Cog0  BM-RUNGTR,seq,477,rid,90,motor,RIGHT,incre,18_375_000,from_incre,18_375_000,from_rest,FALSE,tr_ms,529,tr_err_pk,72,tr_i_pk,15,tr_i_over,2,tr_over,1,tr_n,266,why,NONE
[2026-09-22T15:24:23.708] Cog0  BM-RUNGHL,seq,478,rid,90,motor,RIGHT,incre,18_375_000,tr_lag,0,tr_cap,0,win_lag,0,win_cap,0,drv_incr,18_375_000,why,NONE
[2026-09-22T15:24:23.724] Cog0  BM-RUNG3,seq,479,rid,90,motor,RIGHT,incre,18_375_000,missed_d,0,illegal_d,0,hw_ticks,49,hw_skip,0,amps_x10k,562,rs_impl,170,late,0,skipped,0,clamps,0,idle_up,FALSE,idle_i,0,why,NONE
[2026-09-22T15:24:25.344] Cog0  BM-RUNG,seq,480,seg,LEAD,life,6,rid,91,rung,0,motor,RIGHT,incre,18_375_000,result,OK,off_neg,29,off_pos,323,steady_ms,26,win_ms,1_007,ticks,50,rate_x10,496,pred_x10,491,why,NONE
[2026-09-22T15:24:25.347] Cog0  BM-RUNG2,seq,481,rid,91,motor,RIGHT,incre,18_375_000,zero_x10,20,i_x10,133,inet_x10,113,i_min,10,i_max,19,ph_x10,23_397,phu_x10,7_847,phv_x10,7_754,phw_x10,7_796,duty,3_559,duty_pk,3_653,duty_max,24_264,err,47,err_pk,71,n,505,why,NONE
[2026-09-22T15:24:25.348] Cog0  BM-RUNGTR,seq,482,rid,91,motor,RIGHT,incre,18_375_000,from_incre,18_375_000,from_rest,FALSE,tr_ms,531,tr_err_pk,72,tr_i_pk,19,tr_i_over,0,tr_over,1,tr_n,267,why,NONE
[2026-09-22T15:24:25.350] Cog0  BM-RUNGHL,seq,483,rid,91,motor,RIGHT,incre,18_375_000,tr_lag,0,tr_cap,0,win_lag,0,win_cap,0,drv_incr,18_375_000,why,NONE
[2026-09-22T15:24:25.352] Cog0  BM-RUNG3,seq,484,rid,91,motor,RIGHT,incre,18_375_000,missed_d,0,illegal_d,0,hw_ticks,50,hw_skip,0,amps_x10k,842,rs_impl,157,late,0,skipped,0,clamps,0,idle_up,FALSE,idle_i,0,why,NONE
[2026-09-22T15:24:25.367] Cog0  BM-LEADMIN,seq,485,motor,RIGHT,incre,18_375_000,lead_min,18,inet_min_x10,64,inet18_x10,64,steps,7,verdict,BRACKETED
[2026-09-22T15:24:27.611] Cog0  BM-RUNG,seq,486,seg,LEAD,life,6,rid,92,rung,1,motor,RIGHT,incre,36_750_000,result,OK,off_neg,14,off_pos,338,steady_ms,645,win_ms,1_001,ticks,98,rate_x10,979,pred_x10,982,why,NONE
[2026-09-22T15:24:27.614] Cog0  BM-RUNG2,seq,487,rid,92,motor,RIGHT,incre,36_750_000,zero_x10,20,i_x10,142,inet_x10,122,i_min,9,i_max,21,ph_x10,23_389,phu_x10,7_792,phv_x10,7_803,phw_x10,7_792,duty,6_270,duty_pk,6_350,duty_max,24_264,err,48,err_pk,71,n,502,why,NONE
[2026-09-22T15:24:27.616] Cog0  BM-RUNGTR,seq,488,rid,92,motor,RIGHT,incre,36_750_000,from_incre,18_375_000,from_rest,FALSE,tr_ms,1_151,tr_err_pk,80,tr_i_pk,28,tr_i_over,7,tr_over,9,tr_n,577,why,NONE
[2026-09-22T15:24:27.617] Cog0  BM-RUNGHL,seq,489,rid,92,motor,RIGHT,incre,36_750_000,tr_lag,0,tr_cap,0,win_lag,0,win_cap,0,drv_incr,36_750_000,why,NONE
[2026-09-22T15:24:27.634] Cog0  BM-RUNG3,seq,490,rid,92,motor,RIGHT,incre,36_750_000,missed_d,0,illegal_d,0,hw_ticks,98,hw_skip,0,amps_x10k,874,rs_impl,162,late,0,skipped,0,clamps,0,idle_up,FALSE,idle_i,0,why,NONE
[2026-09-22T15:24:29.248] Cog0  BM-RUNG,seq,491,seg,LEAD,life,6,rid,93,rung,1,motor,RIGHT,incre,36_750_000,result,OK,off_neg,9,off_pos,343,steady_ms,26,win_ms,1_003,ticks,98,rate_x10,977,pred_x10,982,why,NONE
[2026-09-22T15:24:29.250] Cog0  BM-RUNG2,seq,492,rid,93,motor,RIGHT,incre,36_750_000,zero_x10,20,i_x10,136,inet_x10,116,i_min,7,i_max,25,ph_x10,23_381,phu_x10,7_779,phv_x10,7_801,phw_x10,7_801,duty,6_286,duty_pk,6_669,duty_max,24_264,err,47,err_pk,78,n,503,why,NONE
[2026-09-22T15:24:29.252] Cog0  BM-RUNGTR,seq,493,rid,93,motor,RIGHT,incre,36_750_000,from_incre,36_750_000,from_rest,FALSE,tr_ms,531,tr_err_pk,74,tr_i_pk,21,tr_i_over,-4,tr_over,-4,tr_n,267,why,NONE
[2026-09-22T15:24:29.254] Cog0  BM-RUNGHL,seq,494,rid,93,motor,RIGHT,incre,36_750_000,tr_lag,0,tr_cap,0,win_lag,0,win_cap,0,drv_incr,36_750_000,why,NONE
[2026-09-22T15:24:29.270] Cog0  BM-RUNG3,seq,495,rid,93,motor,RIGHT,incre,36_750_000,missed_d,0,illegal_d,0,hw_ticks,98,hw_skip,0,amps_x10k,828,rs_impl,164,late,0,skipped,0,clamps,0,idle_up,FALSE,idle_i,0,why,NONE
[2026-09-22T15:24:30.885] Cog0  BM-RUNG,seq,496,seg,LEAD,life,6,rid,94,rung,1,motor,RIGHT,incre,36_750_000,result,OK,off_neg,4,off_pos,348,steady_ms,26,win_ms,1_003,ticks,99,rate_x10,987,pred_x10,982,why,NONE
[2026-09-22T15:24:30.887] Cog0  BM-RUNG2,seq,497,rid,94,motor,RIGHT,incre,36_750_000,zero_x10,20,i_x10,132,inet_x10,112,i_min,7,i_max,22,ph_x10,23_379,phu_x10,7_792,phv_x10,7_755,phw_x10,7_832,duty,6_207,duty_pk,6_587,duty_max,24_264,err,48,err_pk,77,n,503,why,NONE
[2026-09-22T15:24:30.888] Cog0  BM-RUNGTR,seq,498,rid,94,motor,RIGHT,incre,36_750_000,from_incre,36_750_000,from_rest,FALSE,tr_ms,531,tr_err_pk,76,tr_i_pk,21,tr_i_over,-1,tr_over,-1,tr_n,267,why,NONE
[2026-09-22T15:24:30.890] Cog0  BM-RUNGHL,seq,499,rid,94,motor,RIGHT,incre,36_750_000,tr_lag,0,tr_cap,0,win_lag,0,win_cap,0,drv_incr,36_750_000,why,NONE
[2026-09-22T15:24:30.906] Cog0  BM-RUNG3,seq,500,rid,94,motor,RIGHT,incre,36_750_000,missed_d,0,illegal_d,0,hw_ticks,99,hw_skip,0,amps_x10k,829,rs_impl,159,late,0,skipped,0,clamps,0,idle_up,FALSE,idle_i,0,why,NONE
[2026-09-22T15:24:32.519] Cog0  BM-RUNG,seq,501,seg,LEAD,life,6,rid,95,rung,1,motor,RIGHT,incre,36_750_000,result,OK,off_neg,359,off_pos,353,steady_ms,26,win_ms,1_001,ticks,99,rate_x10,989,pred_x10,982,why,NONE
[2026-09-22T15:24:32.523] Cog0  BM-RUNG2,seq,502,rid,95,motor,RIGHT,incre,36_750_000,zero_x10,20,i_x10,110,inet_x10,90,i_min,6,i_max,17,ph_x10,23_368,phu_x10,7_835,phv_x10,7_732,phw_x10,7_799,duty,6_202,duty_pk,6_388,duty_max,24_264,err,48,err_pk,72,n,502,why,NONE
[2026-09-22T15:24:32.524] Cog0  BM-RUNGTR,seq,503,rid,95,motor,RIGHT,incre,36_750_000,from_incre,36_750_000,from_rest,FALSE,tr_ms,531,tr_err_pk,79,tr_i_pk,30,tr_i_over,13,tr_over,7,tr_n,267,why,NONE
[2026-09-22T15:24:32.526] Cog0  BM-RUNGHL,seq,504,rid,95,motor,RIGHT,incre,36_750_000,tr_lag,0,tr_cap,0,win_lag,0,win_cap,0,drv_incr,36_750_000,why,NONE
[2026-09-22T15:24:32.543] Cog0  BM-RUNG3,seq,505,rid,95,motor,RIGHT,incre,36_750_000,missed_d,0,illegal_d,0,hw_ticks,99,hw_skip,0,amps_x10k,676,rs_impl,162,late,0,skipped,0,clamps,0,idle_up,FALSE,idle_i,0,why,NONE
[2026-09-22T15:24:34.157] Cog0  BM-RUNG,seq,506,seg,LEAD,life,6,rid,96,rung,1,motor,RIGHT,incre,36_750_000,result,OK,off_neg,19,off_pos,333,steady_ms,26,win_ms,1_001,ticks,99,rate_x10,989,pred_x10,982,why,NONE
[2026-09-22T15:24:34.159] Cog0  BM-RUNG2,seq,507,rid,96,motor,RIGHT,incre,36_750_000,zero_x10,20,i_x10,226,inet_x10,206,i_min,16,i_max,31,ph_x10,23_385,phu_x10,7_850,phv_x10,7_767,phw_x10,7_767,duty,6_466,duty_pk,6_567,duty_max,24_264,err,48,err_pk,71,n,502,why,NONE
[2026-09-22T15:24:34.161] Cog0  BM-RUNGTR,seq,508,rid,96,motor,RIGHT,incre,36_750_000,from_incre,36_750_000,from_rest,FALSE,tr_ms,531,tr_err_pk,76,tr_i_pk,47,tr_i_over,16,tr_over,5,tr_n,267,why,NONE
[2026-09-22T15:24:34.162] Cog0  BM-RUNGHL,seq,509,rid,96,motor,RIGHT,incre,36_750_000,tr_lag,0,tr_cap,0,win_lag,0,win_cap,0,drv_incr,36_750_000,why,NONE
[2026-09-22T15:24:34.179] Cog0  BM-RUNG3,seq,510,rid,96,motor,RIGHT,incre,36_750_000,missed_d,0,illegal_d,0,hw_ticks,99,hw_skip,0,amps_x10k,1_476,rs_impl,153,late,0,skipped,0,clamps,0,idle_up,FALSE,idle_i,0,why,NONE
[2026-09-22T15:24:35.794] Cog0  BM-RUNG,seq,511,seg,LEAD,life,6,rid,97,rung,1,motor,RIGHT,incre,36_750_000,result,OK,off_neg,24,off_pos,328,steady_ms,27,win_ms,1_003,ticks,99,rate_x10,987,pred_x10,982,why,NONE
[2026-09-22T15:24:35.796] Cog0  BM-RUNG2,seq,512,rid,97,motor,RIGHT,incre,36_750_000,zero_x10,20,i_x10,378,inet_x10,358,i_min,29,i_max,48,ph_x10,23_386,phu_x10,7_814,phv_x10,7_807,phw_x10,7_764,duty,6_749,duty_pk,6_875,duty_max,24_264,err,48,err_pk,71,n,503,why,NONE
[2026-09-22T15:24:35.798] Cog0  BM-RUNGTR,seq,513,rid,97,motor,RIGHT,incre,36_750_000,from_incre,36_750_000,from_rest,FALSE,tr_ms,531,tr_err_pk,74,tr_i_pk,42,tr_i_over,-6,tr_over,3,tr_n,267,why,NONE
[2026-09-22T15:24:35.800] Cog0  BM-RUNGHL,seq,514,rid,97,motor,RIGHT,incre,36_750_000,tr_lag,0,tr_cap,0,win_lag,0,win_cap,0,drv_incr,36_750_000,why,NONE
[2026-09-22T15:24:35.816] Cog0  BM-RUNG3,seq,515,rid,97,motor,RIGHT,incre,36_750_000,missed_d,0,illegal_d,0,hw_ticks,99,hw_skip,0,amps_x10k,2_472,rs_impl,152,late,0,skipped,0,clamps,0,idle_up,FALSE,idle_i,0,why,NONE
[2026-09-22T15:24:37.431] Cog0  BM-RUNG,seq,516,seg,LEAD,life,6,rid,98,rung,1,motor,RIGHT,incre,36_750_000,result,OK,off_neg,29,off_pos,323,steady_ms,26,win_ms,1_003,ticks,98,rate_x10,977,pred_x10,982,why,NONE
[2026-09-22T15:24:37.433] Cog0  BM-RUNG2,seq,517,rid,98,motor,RIGHT,incre,36_750_000,zero_x10,20,i_x10,606,inet_x10,586,i_min,49,i_max,73,ph_x10,23_373,phu_x10,7_771,phv_x10,7_789,phw_x10,7_812,duty,7_119,duty_pk,7_239,duty_max,24_264,err,48,err_pk,71,n,503,why,NONE
[2026-09-22T15:24:37.434] Cog0  BM-RUNGTR,seq,518,rid,98,motor,RIGHT,incre,36_750_000,from_incre,36_750_000,from_rest,FALSE,tr_ms,529,tr_err_pk,74,tr_i_pk,72,tr_i_over,-1,tr_over,3,tr_n,266,why,NONE
[2026-09-22T15:24:37.436] Cog0  BM-RUNGHL,seq,519,rid,98,motor,RIGHT,incre,36_750_000,tr_lag,0,tr_cap,0,win_lag,0,win_cap,0,drv_incr,36_750_000,why,NONE
[2026-09-22T15:24:37.438] Cog0  BM-RUNG3,seq,520,rid,98,motor,RIGHT,incre,36_750_000,missed_d,0,illegal_d,0,hw_ticks,98,hw_skip,0,amps_x10k,3_959,rs_impl,153,late,0,skipped,0,clamps,0,idle_up,FALSE,idle_i,0,why,NONE
[2026-09-22T15:24:37.453] Cog0  BM-LEADMIN,seq,521,motor,RIGHT,incre,36_750_000,lead_min,3,inet_min_x10,90,inet18_x10,122,steps,7,verdict,EDGE
[2026-09-22T15:24:39.985] Cog0  BM-RUNG,seq,522,seg,LEAD,life,6,rid,99,rung,2,motor,RIGHT,incre,73_500_000,result,OK,off_neg,14,off_pos,338,steady_ms,928,win_ms,1_001,ticks,197,rate_x10,1_968,pred_x10,1_964,why,NONE
[2026-09-22T15:24:39.987] Cog0  BM-RUNG2,seq,523,rid,99,motor,RIGHT,incre,73_500_000,zero_x10,20,i_x10,497,inet_x10,477,i_min,32,i_max,67,ph_x10,23_380,phu_x10,7_819,phv_x10,7_778,phw_x10,7_782,duty,12_602,duty_pk,12_736,duty_max,24_264,err,48,err_pk,72,n,502,why,NONE
[2026-09-22T15:24:39.989] Cog0  BM-RUNGTR,seq,524,rid,99,motor,RIGHT,incre,73_500_000,from_incre,36_750_000,from_rest,FALSE,tr_ms,1_433,tr_err_pk,73,tr_i_pk,83,tr_i_over,16,tr_over,1,tr_n,718,why,NONE
[2026-09-22T15:24:39.990] Cog0  BM-RUNGHL,seq,525,rid,99,motor,RIGHT,incre,73_500_000,tr_lag,0,tr_cap,0,win_lag,0,win_cap,0,drv_incr,73_500_000,why,NONE
[2026-09-22T15:24:40.007] Cog0  BM-RUNG3,seq,526,rid,99,motor,RIGHT,incre,73_500_000,missed_d,0,illegal_d,0,hw_ticks,197,hw_skip,0,amps_x10k,3_314,rs_impl,149,late,0,skipped,0,clamps,0,idle_up,FALSE,idle_i,0,why,NONE
[2026-09-22T15:24:41.621] Cog0  BM-RUNG,seq,527,seg,LEAD,life,6,rid,100,rung,2,motor,RIGHT,incre,73_500_000,result,OK,off_neg,9,off_pos,343,steady_ms,27,win_ms,1_001,ticks,197,rate_x10,1_968,pred_x10,1_964,why,NONE
[2026-09-22T15:24:41.623] Cog0  BM-RUNG2,seq,528,rid,100,motor,RIGHT,incre,73_500_000,zero_x10,20,i_x10,265,inet_x10,245,i_min,17,i_max,38,ph_x10,23_380,phu_x10,7_830,phv_x10,7_766,phw_x10,7_783,duty,12_107,duty_pk,12_207,duty_max,24_264,err,48,err_pk,71,n,502,why,NONE
[2026-09-22T15:24:41.625] Cog0  BM-RUNGTR,seq,529,rid,100,motor,RIGHT,incre,73_500_000,from_incre,73_500_000,from_rest,FALSE,tr_ms,531,tr_err_pk,71,tr_i_pk,51,tr_i_over,13,tr_over,0,tr_n,267,why,NONE
[2026-09-22T15:24:41.627] Cog0  BM-RUNGHL,seq,530,rid,100,motor,RIGHT,incre,73_500_000,tr_lag,0,tr_cap,0,win_lag,0,win_cap,0,drv_incr,73_500_000,why,NONE
[2026-09-22T15:24:41.644] Cog0  BM-RUNG3,seq,531,rid,100,motor,RIGHT,incre,73_500_000,missed_d,0,illegal_d,0,hw_ticks,197,hw_skip,0,amps_x10k,1_699,rs_impl,155,late,0,skipped,0,clamps,0,idle_up,FALSE,idle_i,0,why,NONE
[2026-09-22T15:24:43.258] Cog0  BM-RUNG,seq,532,seg,LEAD,life,6,rid,101,rung,2,motor,RIGHT,incre,73_500_000,result,OK,off_neg,4,off_pos,348,steady_ms,26,win_ms,1_003,ticks,197,rate_x10,1_964,pred_x10,1_964,why,NONE
[2026-09-22T15:24:43.260] Cog0  BM-RUNG2,seq,533,rid,101,motor,RIGHT,incre,73_500_000,zero_x10,20,i_x10,215,inet_x10,195,i_min,11,i_max,38,ph_x10,23_372,phu_x10,7_806,phv_x10,7_766,phw_x10,7_799,duty,11_982,duty_pk,12_219,duty_max,24_264,err,48,err_pk,74,n,503,why,NONE
[2026-09-22T15:24:43.261] Cog0  BM-RUNGTR,seq,534,rid,101,motor,RIGHT,incre,73_500_000,from_incre,73_500_000,from_rest,FALSE,tr_ms,531,tr_err_pk,71,tr_i_pk,39,tr_i_over,1,tr_over,-3,tr_n,267,why,NONE
[2026-09-22T15:24:43.263] Cog0  BM-RUNGHL,seq,535,rid,101,motor,RIGHT,incre,73_500_000,tr_lag,0,tr_cap,0,win_lag,0,win_cap,0,drv_incr,73_500_000,why,NONE
[2026-09-22T15:24:43.279] Cog0  BM-RUNG3,seq,536,rid,101,motor,RIGHT,incre,73_500_000,missed_d,0,illegal_d,0,hw_ticks,197,hw_skip,0,amps_x10k,1_378,rs_impl,156,late,0,skipped,0,clamps,0,idle_up,FALSE,idle_i,0,why,NONE
[2026-09-22T15:24:44.894] Cog0  BM-RUNG,seq,537,seg,LEAD,life,6,rid,102,rung,2,motor,RIGHT,incre,73_500_000,result,OK,off_neg,359,off_pos,353,steady_ms,27,win_ms,1_003,ticks,198,rate_x10,1_974,pred_x10,1_964,why,NONE
[2026-09-22T15:24:44.896] Cog0  BM-RUNG2,seq,538,rid,102,motor,RIGHT,incre,73_500_000,zero_x10,20,i_x10,216,inet_x10,196,i_min,11,i_max,31,ph_x10,23_370,phu_x10,7_813,phv_x10,7_759,phw_x10,7_797,duty,11_824,duty_pk,11_955,duty_max,24_264,err,48,err_pk,72,n,503,why,NONE
[2026-09-22T15:24:44.898] Cog0  BM-RUNGTR,seq,539,rid,102,motor,RIGHT,incre,73_500_000,from_incre,73_500_000,from_rest,FALSE,tr_ms,531,tr_err_pk,71,tr_i_pk,35,tr_i_over,4,tr_over,-1,tr_n,267,why,NONE
[2026-09-22T15:24:44.900] Cog0  BM-RUNGHL,seq,540,rid,102,motor,RIGHT,incre,73_500_000,tr_lag,0,tr_cap,0,win_lag,0,win_cap,0,drv_incr,73_500_000,why,NONE
[2026-09-22T15:24:44.916] Cog0  BM-RUNG3,seq,541,rid,102,motor,RIGHT,incre,73_500_000,missed_d,0,illegal_d,0,hw_ticks,198,hw_skip,0,amps_x10k,1_353,rs_impl,159,late,0,skipped,0,clamps,0,idle_up,FALSE,idle_i,0,why,NONE
[2026-09-22T15:24:46.531] Cog0  BM-RUNG,seq,542,seg,LEAD,life,6,rid,103,rung,2,motor,RIGHT,incre,73_500_000,result,OK,off_neg,19,off_pos,333,steady_ms,26,win_ms,1_001,ticks,196,rate_x10,1_958,pred_x10,1_964,why,NONE
[2026-09-22T15:24:46.533] Cog0  BM-RUNG2,seq,543,rid,103,motor,RIGHT,incre,73_500_000,zero_x10,20,i_x10,1_000,inet_x10,980,i_min,75,i_max,128,ph_x10,23_369,phu_x10,7_803,phv_x10,7_780,phw_x10,7_784,duty,13_294,duty_pk,13_438,duty_max,24_264,err,47,err_pk,71,n,502,why,NONE
[2026-09-22T15:24:46.534] Cog0  BM-RUNGTR,seq,544,rid,103,motor,RIGHT,incre,73_500_000,from_incre,73_500_000,from_rest,FALSE,tr_ms,531,tr_err_pk,83,tr_i_pk,124,tr_i_over,-4,tr_over,12,tr_n,267,why,NONE
[2026-09-22T15:24:46.536] Cog0  BM-RUNGHL,seq,545,rid,103,motor,RIGHT,incre,73_500_000,tr_lag,0,tr_cap,0,win_lag,0,win_cap,0,drv_incr,73_500_000,why,NONE
[2026-09-22T15:24:46.553] Cog0  BM-RUNG3,seq,546,rid,103,motor,RIGHT,incre,73_500_000,missed_d,0,illegal_d,0,hw_ticks,196,hw_skip,0,amps_x10k,6_604,rs_impl,151,late,0,skipped,0,clamps,0,idle_up,FALSE,idle_i,0,why,NONE
[2026-09-22T15:24:48.167] Cog0  BM-RUNG,seq,547,seg,LEAD,life,6,rid,104,rung,2,motor,RIGHT,incre,73_500_000,result,OK,off_neg,24,off_pos,328,steady_ms,27,win_ms,1_001,ticks,197,rate_x10,1_968,pred_x10,1_964,why,NONE
[2026-09-22T15:24:48.169] Cog0  BM-RUNG2,seq,548,rid,104,motor,RIGHT,incre,73_500_000,zero_x10,20,i_x10,1_892,inet_x10,1_872,i_min,150,i_max,225,ph_x10,23_373,phu_x10,7_811,phv_x10,7_751,phw_x10,7_810,duty,14_195,duty_pk,14_355,duty_max,24_264,err,48,err_pk,71,n,502,why,NONE
[2026-09-22T15:24:48.171] Cog0  BM-RUNGTR,seq,549,rid,104,motor,RIGHT,incre,73_500_000,from_incre,73_500_000,from_rest,FALSE,tr_ms,531,tr_err_pk,73,tr_i_pk,220,tr_i_over,-5,tr_over,2,tr_n,267,why,NONE
[2026-09-22T15:24:48.173] Cog0  BM-RUNGHL,seq,550,rid,104,motor,RIGHT,incre,73_500_000,tr_lag,0,tr_cap,0,win_lag,0,win_cap,0,drv_incr,73_500_000,why,NONE
[2026-09-22T15:24:48.189] Cog0  BM-RUNG3,seq,551,rid,104,motor,RIGHT,incre,73_500_000,missed_d,0,illegal_d,0,hw_ticks,197,hw_skip,0,amps_x10k,12_639,rs_impl,149,late,0,skipped,0,clamps,0,idle_up,FALSE,idle_i,0,why,NONE
[2026-09-22T15:24:49.804] Cog0  BM-RUNG,seq,552,seg,LEAD,life,6,rid,105,rung,2,motor,RIGHT,incre,73_500_000,result,OK,off_neg,29,off_pos,323,steady_ms,26,win_ms,1_003,ticks,197,rate_x10,1_964,pred_x10,1_964,why,NONE
[2026-09-22T15:24:49.806] Cog0  BM-RUNG2,seq,553,rid,105,motor,RIGHT,incre,73_500_000,zero_x10,20,i_x10,3_243,inet_x10,3_223,i_min,274,i_max,381,ph_x10,23_370,phu_x10,7_816,phv_x10,7_765,phw_x10,7_788,duty,15_280,duty_pk,15_470,duty_max,24_264,err,47,err_pk,71,n,503,why,NONE
[2026-09-22T15:24:49.807] Cog0  BM-RUNGTR,seq,554,rid,105,motor,RIGHT,incre,73_500_000,from_incre,73_500_000,from_rest,FALSE,tr_ms,531,tr_err_pk,73,tr_i_pk,364,tr_i_over,-17,tr_over,2,tr_n,267,why,NONE
[2026-09-22T15:24:49.809] Cog0  BM-RUNGHL,seq,555,rid,105,motor,RIGHT,incre,73_500_000,tr_lag,0,tr_cap,0,win_lag,0,win_cap,0,drv_incr,73_500_000,why,NONE
[2026-09-22T15:24:49.811] Cog0  BM-RUNG3,seq,556,rid,105,motor,RIGHT,incre,73_500_000,missed_d,0,illegal_d,0,hw_ticks,197,hw_skip,0,amps_x10k,21_414,rs_impl,151,late,0,skipped,0,clamps,0,idle_up,FALSE,idle_i,0,why,NONE
[2026-09-22T15:24:49.827] Cog0  BM-LEADMIN,seq,557,motor,RIGHT,incre,73_500_000,lead_min,8,inet_min_x10,195,inet18_x10,477,steps,7,verdict,BRACKETED
[2026-09-22T15:24:52.758] Cog0  BM-RUNG,seq,558,seg,LEAD,life,6,rid,106,rung,3,motor,RIGHT,incre,147_000_000,result,OK,off_neg,14,off_pos,338,steady_ms,1_320,win_ms,1_003,ticks,395,rate_x10,3_938,pred_x10,3_928,why,NONE
[2026-09-22T15:24:52.760] Cog0  BM-RUNG2,seq,559,rid,106,motor,RIGHT,incre,147_000_000,zero_x10,20,i_x10,610,inet_x10,590,i_min,8,i_max,103,ph_x10,23_362,phu_x10,7_825,phv_x10,7_732,phw_x10,7_803,duty,24_247,duty_pk,24_264,duty_max,24_264,err,53,err_pk,79,n,503,why,NONE
[2026-09-22T15:24:52.762] Cog0  BM-RUNGTR,seq,560,rid,106,motor,RIGHT,incre,147_000_000,from_incre,73_500_000,from_rest,FALSE,tr_ms,1_825,tr_err_pk,79,tr_i_pk,335,tr_i_over,232,tr_over,0,tr_n,914,why,NONE
[2026-09-22T15:24:52.764] Cog0  BM-RUNGHL,seq,561,rid,106,motor,RIGHT,incre,147_000_000,tr_lag,0,tr_cap,7_272,win_lag,0,win_cap,10_865,drv_incr,147_000_000,why,NONE
[2026-09-22T15:24:52.780] Cog0  BM-RUNG3,seq,562,rid,106,motor,RIGHT,incre,147_000_000,missed_d,0,illegal_d,0,hw_ticks,395,hw_skip,0,amps_x10k,3_990,rs_impl,152,late,0,skipped,0,clamps,0,idle_up,FALSE,idle_i,0,why,NONE
[2026-09-22T15:24:54.394] Cog0  BM-RUNG,seq,563,seg,LEAD,life,6,rid,107,rung,3,motor,RIGHT,incre,147_000_000,result,OK,off_neg,9,off_pos,343,steady_ms,26,win_ms,1_001,ticks,393,rate_x10,3_926,pred_x10,3_928,why,NONE
[2026-09-22T15:24:54.397] Cog0  BM-RUNG2,seq,564,rid,107,motor,RIGHT,incre,147_000_000,zero_x10,20,i_x10,613,inet_x10,593,i_min,14,i_max,112,ph_x10,23_372,phu_x10,7_827,phv_x10,7_779,phw_x10,7_765,duty,24_234,duty_pk,24_264,duty_max,24_264,err,49,err_pk,75,n,502,why,NONE
[2026-09-22T15:24:54.398] Cog0  BM-RUNGTR,seq,565,rid,107,motor,RIGHT,incre,147_000_000,from_incre,147_000_000,from_rest,FALSE,tr_ms,531,tr_err_pk,75,tr_i_pk,110,tr_i_over,-2,tr_over,0,tr_n,267,why,NONE
[2026-09-22T15:24:54.400] Cog0  BM-RUNGHL,seq,566,rid,107,motor,RIGHT,incre,147_000_000,tr_lag,0,tr_cap,1_887,win_lag,0,win_cap,3_558,drv_incr,147_000_000,why,NONE
[2026-09-22T15:24:54.416] Cog0  BM-RUNG3,seq,567,rid,107,motor,RIGHT,incre,147_000_000,missed_d,0,illegal_d,0,hw_ticks,393,hw_skip,0,amps_x10k,3_982,rs_impl,153,late,0,skipped,0,clamps,0,idle_up,FALSE,idle_i,0,why,NONE
[2026-09-22T15:24:56.031] Cog0  BM-RUNG,seq,568,seg,LEAD,life,6,rid,108,rung,3,motor,RIGHT,incre,147_000_000,result,OK,off_neg,4,off_pos,348,steady_ms,26,win_ms,1_001,ticks,393,rate_x10,3_926,pred_x10,3_928,why,NONE
[2026-09-22T15:24:56.033] Cog0  BM-RUNG2,seq,569,rid,108,motor,RIGHT,incre,147_000_000,zero_x10,20,i_x10,477,inet_x10,457,i_min,14,i_max,79,ph_x10,23_349,phu_x10,7_837,phv_x10,7_727,phw_x10,7_785,duty,23_687,duty_pk,23_826,duty_max,24_264,err,48,err_pk,74,n,502,why,NONE
[2026-09-22T15:24:56.034] Cog0  BM-RUNGTR,seq,570,rid,108,motor,RIGHT,incre,147_000_000,from_incre,147_000_000,from_rest,FALSE,tr_ms,531,tr_err_pk,73,tr_i_pk,86,tr_i_over,7,tr_over,-1,tr_n,267,why,NONE
[2026-09-22T15:24:56.036] Cog0  BM-RUNGHL,seq,571,rid,108,motor,RIGHT,incre,147_000_000,tr_lag,0,tr_cap,0,win_lag,0,win_cap,0,drv_incr,147_000_000,why,NONE
[2026-09-22T15:24:56.053] Cog0  BM-RUNG3,seq,572,rid,108,motor,RIGHT,incre,147_000_000,missed_d,0,illegal_d,0,hw_ticks,393,hw_skip,0,amps_x10k,3_063,rs_impl,155,late,0,skipped,0,clamps,0,idle_up,FALSE,idle_i,0,why,NONE
[2026-09-22T15:24:57.668] Cog0  BM-RUNG,seq,573,seg,LEAD,life,6,rid,109,rung,3,motor,RIGHT,incre,147_000_000,result,OK,off_neg,359,off_pos,353,steady_ms,26,win_ms,1_003,ticks,395,rate_x10,3_938,pred_x10,3_928,why,NONE
[2026-09-22T15:24:57.670] Cog0  BM-RUNG2,seq,574,rid,109,motor,RIGHT,incre,147_000_000,zero_x10,20,i_x10,477,inet_x10,457,i_min,6,i_max,94,ph_x10,23_337,phu_x10,7_800,phv_x10,7_728,phw_x10,7_808,duty,22_875,duty_pk,23_036,duty_max,24_264,err,48,err_pk,73,n,503,why,NONE
[2026-09-22T15:24:57.671] Cog0  BM-RUNGTR,seq,575,rid,109,motor,RIGHT,incre,147_000_000,from_incre,147_000_000,from_rest,FALSE,tr_ms,531,tr_err_pk,71,tr_i_pk,94,tr_i_over,0,tr_over,-2,tr_n,267,why,NONE
[2026-09-22T15:24:57.673] Cog0  BM-RUNGHL,seq,576,rid,109,motor,RIGHT,incre,147_000_000,tr_lag,0,tr_cap,0,win_lag,0,win_cap,0,drv_incr,147_000_000,why,NONE
[2026-09-22T15:24:57.690] Cog0  BM-RUNG3,seq,577,rid,109,motor,RIGHT,incre,147_000_000,missed_d,0,illegal_d,0,hw_ticks,395,hw_skip,0,amps_x10k,3_122,rs_impl,152,late,0,skipped,0,clamps,0,idle_up,FALSE,idle_i,0,why,NONE
[2026-09-22T15:24:59.304] Cog0  BM-RUNG,seq,578,seg,LEAD,life,6,rid,110,rung,3,motor,RIGHT,incre,147_000_000,result,OK,off_neg,19,off_pos,333,steady_ms,26,win_ms,1_001,ticks,394,rate_x10,3_936,pred_x10,3_928,why,NONE
[2026-09-22T15:24:59.306] Cog0  BM-RUNG2,seq,579,rid,110,motor,RIGHT,incre,147_000_000,zero_x10,20,i_x10,622,inet_x10,602,i_min,10,i_max,113,ph_x10,23_358,phu_x10,7_809,phv_x10,7_742,phw_x10,7_806,duty,24_256,duty_pk,24_264,duty_max,24_264,err,56,err_pk,81,n,502,why,NONE
[2026-09-22T15:24:59.308] Cog0  BM-RUNGTR,seq,580,rid,110,motor,RIGHT,incre,147_000_000,from_incre,147_000_000,from_rest,FALSE,tr_ms,531,tr_err_pk,83,tr_i_pk,118,tr_i_over,5,tr_over,2,tr_n,267,why,NONE
[2026-09-22T15:24:59.310] Cog0  BM-RUNGHL,seq,581,rid,110,motor,RIGHT,incre,147_000_000,tr_lag,0,tr_cap,9_113,win_lag,0,win_cap,18_122,drv_incr,147_000_000,why,NONE
[2026-09-22T15:24:59.326] Cog0  BM-RUNG3,seq,582,rid,110,motor,RIGHT,incre,147_000_000,missed_d,0,illegal_d,0,hw_ticks,394,hw_skip,0,amps_x10k,4_162,rs_impl,149,late,0,skipped,0,clamps,0,idle_up,FALSE,idle_i,0,why,NONE
[2026-09-22T15:25:00.940] Cog0  BM-RUNG,seq,583,seg,LEAD,life,6,rid,111,rung,3,motor,RIGHT,incre,147_000_000,result,OK,off_neg,24,off_pos,328,steady_ms,27,win_ms,1_001,ticks,394,rate_x10,3_936,pred_x10,3_928,why,NONE
[2026-09-22T15:25:00.943] Cog0  BM-RUNG2,seq,584,rid,111,motor,RIGHT,incre,147_000_000,zero_x10,20,i_x10,618,inet_x10,598,i_min,10,i_max,115,ph_x10,23_347,phu_x10,7_776,phv_x10,7_789,phw_x10,7_781,duty,24_261,duty_pk,24_264,duty_max,24_264,err,60,err_pk,86,n,502,why,NONE
[2026-09-22T15:25:00.944] Cog0  BM-RUNGTR,seq,585,rid,111,motor,RIGHT,incre,147_000_000,from_incre,147_000_000,from_rest,FALSE,tr_ms,531,tr_err_pk,86,tr_i_pk,107,tr_i_over,-8,tr_over,0,tr_n,267,why,NONE
[2026-09-22T15:25:00.946] Cog0  BM-RUNGHL,seq,586,rid,111,motor,RIGHT,incre,147_000_000,tr_lag,0,tr_cap,12_986,win_lag,0,win_cap,24_569,drv_incr,147_000_000,why,NONE
[2026-09-22T15:25:00.962] Cog0  BM-RUNG3,seq,587,rid,111,motor,RIGHT,incre,147_000_000,missed_d,0,illegal_d,0,hw_ticks,394,hw_skip,0,amps_x10k,4_038,rs_impl,153,late,0,skipped,0,clamps,0,idle_up,FALSE,idle_i,0,why,NONE
[2026-09-22T15:25:02.577] Cog0  BM-RUNG,seq,588,seg,LEAD,life,6,rid,112,rung,3,motor,RIGHT,incre,147_000_000,result,OK,off_neg,29,off_pos,323,steady_ms,26,win_ms,1_003,ticks,394,rate_x10,3_928,pred_x10,3_928,why,NONE
[2026-09-22T15:25:02.579] Cog0  BM-RUNG2,seq,589,rid,112,motor,RIGHT,incre,147_000_000,zero_x10,20,i_x10,618,inet_x10,598,i_min,12,i_max,110,ph_x10,23_384,phu_x10,7_826,phv_x10,7_757,phw_x10,7_799,duty,24_263,duty_pk,24_264,duty_max,24_264,err,63,err_pk,89,n,503,why,NONE
[2026-09-22T15:25:02.581] Cog0  BM-RUNGTR,seq,590,rid,112,motor,RIGHT,incre,147_000_000,from_incre,147_000_000,from_rest,FALSE,tr_ms,531,tr_err_pk,89,tr_i_pk,107,tr_i_over,-3,tr_over,0,tr_n,267,why,NONE
[2026-09-22T15:25:02.583] Cog0  BM-RUNGHL,seq,591,rid,112,motor,RIGHT,incre,147_000_000,tr_lag,0,tr_cap,15_925,win_lag,0,win_cap,29_974,drv_incr,147_000_000,why,NONE
[2026-09-22T15:25:02.584] Cog0  BM-RUNG3,seq,592,rid,112,motor,RIGHT,incre,147_000_000,missed_d,0,illegal_d,0,hw_ticks,394,hw_skip,0,amps_x10k,4_011,rs_impl,154,late,0,skipped,0,clamps,0,idle_up,FALSE,idle_i,0,why,NONE
[2026-09-22T15:25:02.600] Cog0  BM-LEADMIN,seq,593,motor,RIGHT,incre,147_000_000,lead_min,3,inet_min_x10,457,inet18_x10,590,steps,7,verdict,EDGE
[2026-09-22T15:25:04.146] Cog0  BM-SEG,seq,594,seg,LEAD,event,END,attended,FALSE,items,112,faults,0,unrecov,0,ms,212_533,why,NONE
[2026-09-22T15:25:04.149] Cog0  BM-INST,seq,595,event,STOP,cog,2,state,EXITED,ack_ms,7,samples,97_866,late,0,skipped,0,max_late_us,0,clamps,0,why,NONE
[2026-09-22T15:25:04.150] Cog0  BM-LAG,seq,596,motor,LEFT,part,LEAD,max_err,100,samples,49_031,lo,0,hi,124,hold,100,fault,125,sat,127,why,NONE
[2026-09-22T15:25:04.152] Cog0  BM-LAG,seq,597,motor,RIGHT,part,LEAD,max_err,100,samples,48_835,lo,0,hi,124,hold,100,fault,125,sat,127,why,NONE
[2026-09-22T15:25:04.153] Cog0  SIGNOFF,sf,1,bin,DUAL,cell,R18-DUAL-NOSTALL-L,task,3508,motor,NONE,crit,ENDED_BY_COG0,measured,TRUE,lo,TRUE,hi,TRUE,units,BOOL,n,1,verdict,PASS
[2026-09-22T15:25:04.155] Cog0  SIGNOFF,sf,1,bin,DUAL,cell,R18-DUAL-DBGMASK-L,task,3508,motor,NONE,crit,QUIET_MASKS,measured,TRUE,lo,TRUE,hi,TRUE,units,BOOL,n,1,verdict,PASS
[2026-09-22T15:25:04.156] Cog0  SIGNOFF,sf,1,bin,DUAL,cell,R18-DUAL-LEAD-BRKT,task,3508,motor,LEFT,crit,MIN_BRACKETED,measured,6,lo,4,hi,8,units,COUNT,n,8,verdict,PASS
[2026-09-22T15:25:04.158] Cog0  SIGNOFF,sf,1,bin,DUAL,cell,R18-DUAL-LEAD-KNOWN,task,3508,motor,LEFT,crit,QTR_MIN_LEAD_DEG,measured,8,lo,8,hi,23,units,DEG,n,1,verdict,PASS
[2026-09-22T15:25:04.160] Cog0  SIGNOFF,sf,1,bin,DUAL,cell,R18-DUAL-LEAD-BRKT,task,3508,motor,RIGHT,crit,MIN_BRACKETED,measured,5,lo,4,hi,8,units,COUNT,n,8,verdict,PASS
[2026-09-22T15:25:04.161] Cog0  SIGNOFF,sf,1,bin,DUAL,cell,R18-DUAL-LEAD-KNOWN,task,3508,motor,RIGHT,crit,QTR_MIN_LEAD_DEG,measured,NA,lo,8,hi,23,units,DEG,n,0,verdict,NOMEAS
[2026-09-22T15:25:04.162] Cog0  BM-TRAP,seq,598,code,0,returned,TRUE
[2026-09-22T15:25:04.178] Cog0  BM-END,seq,599,exit,COMPLETE,part,LEAD,segs,2,last_seg,LEAD,records,599,trap_code,0,unrecov,0,why,NONE
[2026-09-22T15:25:04.179] Cog0  DEBUG_END_SESSION

=== Debug Logger Session Ended at 2026-09-22T15:25:04.180 ===
