=== Debug Logger Session Started at 2026-09-21T20:09:35.096 ===
PNut-Term-TS: v1.0.8
Program: debug
=====================================

[2026-09-21T20:09:35.093] [SYSTEM] [DOWNLOAD TO RAM] File: test_bench_scan.bin | Size: 53878 bytes | Modified: 2026-09-22T02:09:34.064Z
[2026-09-21T20:09:35.095] [SYSTEM] Download Session Started
[2026-09-21T20:09:36.556] [SYSTEM] [DOWNLOAD SUCCESS] test_bench_scan.bin successfully downloaded to RAM
[2026-09-21T20:09:36.558] Cog0  INIT $0000_0000 $0000_0000 load
[2026-09-21T20:09:36.564] Cog0  INIT $0000_0FA8 $0000_DEA4 jump
[2026-09-21T20:09:36.576] Cog1  INIT $0000_0FA8 $0000_C78C jump
[2026-09-21T20:09:36.576] Cog0  BS-WDSTART,started,TRUE,cog,1
[2026-09-21T20:09:36.577] Cog0  BS-BANNER,src_rev,17,fmt,10,cfg_id,BENCH,frame,MOTOR,clkfreq,270_000_000,left_base,32,right_base,16,voltage_enum,6,det_mode,30,motor_type,0,def_neg_deg,43,def_pos_deg,317
[2026-09-21T20:09:36.577] Cog0  BS-BUILD,wd_selftest,FALSE,sf,1,zxs_starts,5,zxs_max_mV_x10,50
[2026-09-21T20:09:36.578] Cog0  SIGNOFF-DECL,sf,1,bin,SCAN,cell,R1-SCAN-COGOK,task,3499
[2026-09-21T20:09:36.579] Cog0  SIGNOFF-DECL,sf,1,bin,SCAN,cell,R2-SCAN-REVB,task,3500
[2026-09-21T20:09:36.579] Cog0  SIGNOFF-DECL,sf,1,bin,SCAN,cell,R3-SCAN-INTEG,task,3501
[2026-09-21T20:09:36.580] Cog0  SIGNOFF-DECL,sf,1,bin,SCAN,cell,R5-SCAN-SELF,task,3503
[2026-09-21T20:09:36.580] Cog0  SIGNOFF-DECL,sf,1,bin,SCAN,cell,R6-SCAN-OFFSETS,task,3519
[2026-09-21T20:09:36.581] Cog0  SIGNOFF-DECL,sf,1,bin,SCAN,cell,R7-SCAN-STARTILL,task,3524
[2026-09-21T20:09:36.582] Cog0  SIGNOFF-DECL,sf,1,bin,SCAN,cell,R11-SCAN-NOSTALL,task,3534
[2026-09-21T20:09:36.583] Cog0  SIGNOFF-DECL,sf,1,bin,SCAN,cell,R12-SCAN-ALIVE,task,3535
[2026-09-21T20:09:36.583] Cog0  SIGNOFF-DECL,sf,1,bin,SCAN,cell,R12-SCAN-RATE,task,3535
[2026-09-21T20:09:36.584] Cog0  SIGNOFF-DECL,sf,1,bin,SCAN,cell,R8-SCAN-ZXS,task,3529
[2026-09-21T20:09:36.585] Cog0  SIGNOFF-DECL,sf,1,bin,SCAN,cell,R18-SCAN-LEGBRACKET,task,3530
[2026-09-21T20:09:36.585] Cog0  SIGNOFF-DECL,sf,1,bin,SCAN,cell,R9-SCAN-OWNZERO,task,3530
[2026-09-21T20:09:36.586] Cog0  SIGNOFF-DECL,sf,1,bin,SCAN,cell,R9-SCAN-PAIR2,task,3530
[2026-09-21T20:09:36.587] Cog0  SIGNOFF-DECL,sf,1,bin,SCAN,cell,R10-SCAN-RSTALONE,task,3533
[2026-09-21T20:09:36.589] Cog0  BS-DRIVE,ceiling_incre,147_000_000,qtr_incre,36_750_000,half_incre,73_500_000,preflight_incre,18_375_000,jog_incre,36_750_000
[2026-09-21T20:09:36.591] Cog0  BS-LIMITS,abs_abort_mV,1_500,fold_back_a,40,abs_abort_samples,4,point_abort_x100,250,point_abort_ceil_mV,1_200,point_abort_samples,40,run_time_cap_s,1_800,run_charge_cap_mVs,432_000,run_fault_cap,24,run_abort_i_cap,6
[2026-09-21T20:09:36.593] Cog0  BS-LIMITS2,leg_fault_cap,3,side_fault_stop,2,hard_limit_deg,90,drift_flag_pct,8,imbalance_pct,10,fault_rise_pct,4,zero_spread_max_mV,10,zero_abs_max_mV,300
[2026-09-21T20:09:36.595] Cog0  BS-PLAN-T,sample_ms,5,settle_ms,1_000,steady_timeout_ms,4_000,stop_timeout_ms,3_000,rest_ms,500,fault_cool_ms,5_000,jog_ms,1_000,batch_ticks,30,win_ticks_coarse,180,win_ticks_fine,270,win_ticks_self,450,win_ticks_half,540
[2026-09-21T20:09:36.598] Cog0  BS-PLAN-S,coarse_step_deg,10,fine_step_deg,5,cliff_half_step_deg,2,fine_half_deg,20,extend_pts,4,confirm_half_deg,15,confirm_extend_pts,2,rise_pct,15,min_past,2,fit_min_pts,6,confirm_min_pts,5
[2026-09-21T20:09:36.599] Cog0  BS-BANDS,pos_qtr_lo_mV,68,pos_qtr_hi_mV,114,neg_qtr_lo_mV,127,neg_qtr_hi_mV,212,ratio_lo_x1000,1_550,ratio_hi_x1000,2_200,zero_lo_mV,-10,zero_hi_mV,30,rate_qtr_lo,90,rate_qtr_hi,106,rate_half_lo,182,rate_half_hi,212,pos_qtr_net_lo_mV,59,pos_qtr_net_hi_mV,105,neg_qtr_net_lo_mV,118,neg_qtr_net_hi_mV,203
[2026-09-21T20:09:36.604] Cog0  * PANIC PROCEDURE IS PHYSICAL BATTERY DISCONNECT ONLY -- emergencyCutoff() is a software stop and is NOT a panic button
[2026-09-21T20:09:36.604] Cog0  *VAL* legalBasePin = 32
[2026-09-21T20:09:36.604] Cog0  *VAL* legalVoltage = 6
[2026-09-21T20:09:36.606] Cog0  *VAL* legalMode = 30
[2026-09-21T20:09:36.606] Cog0  --- pinSum = 99, 64010 Rev B, highTimeUs = 73
[2026-09-21T20:09:36.606] Cog0  MOT: fwdDegrees = 14, offset_fwd = $09F4_9F49
[2026-09-21T20:09:36.607] Cog0       revDegrees = 338, offset_rev = $F05B_05B0
[2026-09-21T20:09:36.608] Cog0   - Calc FRAME: frame_cnt = 6_136
[2026-09-21T20:09:36.608] Cog0  * init values dead_gap = 70, pwm_limit = 3_033, adc_fram = 6_136, duty_min = 1_600, duty_max = 24_264
[2026-09-21T20:09:36.608] Cog0  *      values duty_up = 18, duty_dn = 4, cfg_ctcks = 135_000
[2026-09-21T20:09:36.608] Cog0  * ENTRY CFG userVoltage = 6, index = 6
[2026-09-21T20:09:36.609] Cog0  * EXIT 2 CFG eUserSelectedVolts = 6 maxFwdIncreAtPwr = 147_000_000 minFwdIncreAtPwr = 544_628
[2026-09-21T20:09:36.609] Cog0  -MOT- inincr = 0 nTgtIncr = $0000_0000 0 sync = 0
[2026-09-21T20:09:36.609] Cog0  * Motor COG #2
[2026-09-21T20:09:36.609] Cog2  INIT $0000_894E $0000_CF13 load
[2026-09-21T20:09:36.625] Cog3  INIT $0000_0FA8 $0000_CAEF jump
[2026-09-21T20:09:36.625] Cog0  * Front COG #3
[2026-09-21T20:09:37.621] Cog0  BLDC: getBoardType() driver running, not measured; returning revision recorded at start 22
[2026-09-21T20:09:37.622] Cog0  MOT:  offset_fwd_degrees = 43, offset_fwd = $1E93_E93E
[2026-09-21T20:09:37.623] Cog0   (ind)offset_rev_degrees = 317, offset_rev = $E16C_16C1
[2026-09-21T20:09:37.624] Cog0  BS-START,motor,LEFT,base,32,cog,2,cog_ok,TRUE,board_rev,22,rev_b,TRUE,board_id,REV_B,init_neg_deg,14,init_pos_deg,338,neg_deg,43,pos_deg,317,offsets_ok,TRUE,missed,0,illegal,0,integ_ok,TRUE,result,OK
[2026-09-21T20:09:37.625] Cog3  -MOT- inincr = 18_375_000 nTgtIncr = $0118_6158 0 sync = 0
[2026-09-21T20:09:38.329] Cog3  -MOT- inincr = 0 nTgtIncr = $0000_0000 0 sync = 0
[2026-09-21T20:09:38.521] Cog0  BS-PREFLIGHT,motor,LEFT,base,32,ticks,13,moved,TRUE
[2026-09-21T20:09:38.526] Cog0  *VAL* legalBasePin = 16
[2026-09-21T20:09:38.526] Cog0  *VAL* legalVoltage = 6
[2026-09-21T20:09:38.528] Cog0  *VAL* legalMode = 30
[2026-09-21T20:09:38.528] Cog0  --- pinSum = 97, 64010 Rev B, highTimeUs = 71
[2026-09-21T20:09:38.529] Cog0  MOT: fwdDegrees = 14, offset_fwd = $09F4_9F49
[2026-09-21T20:09:38.529] Cog0       revDegrees = 338, offset_rev = $F05B_05B0
[2026-09-21T20:09:38.529] Cog0   - Calc FRAME: frame_cnt = 6_136
[2026-09-21T20:09:38.529] Cog0  * init values dead_gap = 70, pwm_limit = 3_033, adc_fram = 6_136, duty_min = 1_600, duty_max = 24_264
[2026-09-21T20:09:38.530] Cog0  *      values duty_up = 18, duty_dn = 4, cfg_ctcks = 135_000
[2026-09-21T20:09:38.530] Cog0  * ENTRY CFG userVoltage = 6, index = 6
[2026-09-21T20:09:38.530] Cog0  * EXIT 2 CFG eUserSelectedVolts = 6 maxFwdIncreAtPwr = 147_000_000 minFwdIncreAtPwr = 544_628
[2026-09-21T20:09:38.531] Cog0  -MOT- inincr = 0 nTgtIncr = $0000_0000 0 sync = 0
[2026-09-21T20:09:38.531] Cog0  * Motor COG #2
[2026-09-21T20:09:38.531] Cog2  INIT $0000_894E $0000_D6F3 load
[2026-09-21T20:09:38.546] Cog3  INIT $0000_0FA8 $0000_D2CF jump
[2026-09-21T20:09:38.547] Cog0  * Front COG #3
[2026-09-21T20:09:39.543] Cog0  BLDC: getBoardType() driver running, not measured; returning revision recorded at start 22
[2026-09-21T20:09:39.544] Cog0  MOT:  offset_fwd_degrees = 43, offset_fwd = $1E93_E93E
[2026-09-21T20:09:39.545] Cog0   (ind)offset_rev_degrees = 317, offset_rev = $E16C_16C1
[2026-09-21T20:09:39.546] Cog0  BS-START,motor,RIGHT,base,16,cog,2,cog_ok,TRUE,board_rev,22,rev_b,TRUE,board_id,REV_B,init_neg_deg,14,init_pos_deg,338,neg_deg,43,pos_deg,317,offsets_ok,TRUE,missed,0,illegal,0,integ_ok,TRUE,result,OK
[2026-09-21T20:09:39.562] Cog3  -MOT- inincr = 18_375_000 nTgtIncr = $0118_6158 0 sync = 0
[2026-09-21T20:09:40.251] Cog3  -MOT- inincr = 0 nTgtIncr = $0000_0000 0 sync = 0
[2026-09-21T20:09:40.443] Cog0  BS-PREFLIGHT,motor,RIGHT,base,16,ticks,13,moved,TRUE
[2026-09-21T20:09:40.448] Cog0  *VAL* legalBasePin = 32
[2026-09-21T20:09:40.448] Cog0  *VAL* legalVoltage = 6
[2026-09-21T20:09:40.450] Cog0  *VAL* legalMode = 30
[2026-09-21T20:09:40.450] Cog0  --- pinSum = 98, 64010 Rev B, highTimeUs = 72
[2026-09-21T20:09:40.450] Cog0  MOT: fwdDegrees = 14, offset_fwd = $09F4_9F49
[2026-09-21T20:09:40.451] Cog0       revDegrees = 338, offset_rev = $F05B_05B0
[2026-09-21T20:09:40.451] Cog0   - Calc FRAME: frame_cnt = 6_136
[2026-09-21T20:09:40.452] Cog0  * init values dead_gap = 70, pwm_limit = 3_033, adc_fram = 6_136, duty_min = 1_600, duty_max = 24_264
[2026-09-21T20:09:40.452] Cog0  *      values duty_up = 18, duty_dn = 4, cfg_ctcks = 135_000
[2026-09-21T20:09:40.452] Cog0  * ENTRY CFG userVoltage = 6, index = 6
[2026-09-21T20:09:40.453] Cog0  * EXIT 2 CFG eUserSelectedVolts = 6 maxFwdIncreAtPwr = 147_000_000 minFwdIncreAtPwr = 544_628
[2026-09-21T20:09:40.453] Cog0  -MOT- inincr = 0 nTgtIncr = $0000_0000 0 sync = 0
[2026-09-21T20:09:40.453] Cog0  * Motor COG #2
[2026-09-21T20:09:40.453] Cog2  INIT $0000_894E $0000_CF13 load
[2026-09-21T20:09:40.469] Cog3  INIT $0000_0FA8 $0000_CAEF jump
[2026-09-21T20:09:40.469] Cog0  * Front COG #3
[2026-09-21T20:09:41.466] Cog0  BLDC: getBoardType() driver running, not measured; returning revision recorded at start 22
[2026-09-21T20:09:41.466] Cog0  MOT:  offset_fwd_degrees = 43, offset_fwd = $1E93_E93E
[2026-09-21T20:09:41.467] Cog0   (ind)offset_rev_degrees = 317, offset_rev = $E16C_16C1
[2026-09-21T20:09:41.483] Cog0  BS-START,motor,LEFT,base,32,cog,2,cog_ok,TRUE,board_rev,22,rev_b,TRUE,board_id,REV_B,init_neg_deg,14,init_pos_deg,338,neg_deg,43,pos_deg,317,offsets_ok,TRUE,missed,0,illegal,0,integ_ok,TRUE,result,OK
[2026-09-21T20:09:42.497] Cog0  BS-ZERO,motor,LEFT,phase,XSTART,samples,200,i_mean_mV_x10,91,i_min_mV,7,i_max_mV,12,frozen,FALSE,in_band,TRUE,health_ok,NA,u_mV_x10,501,v_mV_x10,584,w_mV_x10,590
[2026-09-21T20:09:42.987] Cog0  *VAL* legalBasePin = 32
[2026-09-21T20:09:42.987] Cog0  *VAL* legalVoltage = 6
[2026-09-21T20:09:42.989] Cog0  *VAL* legalMode = 30
[2026-09-21T20:09:42.989] Cog0  --- pinSum = 99, 64010 Rev B, highTimeUs = 73
[2026-09-21T20:09:42.990] Cog0  MOT: fwdDegrees = 14, offset_fwd = $09F4_9F49
[2026-09-21T20:09:42.990] Cog0       revDegrees = 338, offset_rev = $F05B_05B0
[2026-09-21T20:09:42.990] Cog0   - Calc FRAME: frame_cnt = 6_136
[2026-09-21T20:09:42.991] Cog0  * init values dead_gap = 70, pwm_limit = 3_033, adc_fram = 6_136, duty_min = 1_600, duty_max = 24_264
[2026-09-21T20:09:42.991] Cog0  *      values duty_up = 18, duty_dn = 4, cfg_ctcks = 135_000
[2026-09-21T20:09:42.991] Cog0  * ENTRY CFG userVoltage = 6, index = 6
[2026-09-21T20:09:42.991] Cog0  * EXIT 2 CFG eUserSelectedVolts = 6 maxFwdIncreAtPwr = 147_000_000 minFwdIncreAtPwr = 544_628
[2026-09-21T20:09:42.992] Cog0  -MOT- inincr = 0 nTgtIncr = $0000_0000 0 sync = 0
[2026-09-21T20:09:42.992] Cog0  * Motor COG #2
[2026-09-21T20:09:42.992] Cog2  INIT $0000_894E $0000_CF13 load
[2026-09-21T20:09:43.008] Cog3  INIT $0000_0FA8 $0000_CAEF jump
[2026-09-21T20:09:43.008] Cog0  * Front COG #3
[2026-09-21T20:09:44.004] Cog0  BLDC: getBoardType() driver running, not measured; returning revision recorded at start 22
[2026-09-21T20:09:44.005] Cog0  MOT:  offset_fwd_degrees = 43, offset_fwd = $1E93_E93E
[2026-09-21T20:09:44.006] Cog0   (ind)offset_rev_degrees = 317, offset_rev = $E16C_16C1
[2026-09-21T20:09:44.022] Cog0  BS-START,motor,LEFT,base,32,cog,2,cog_ok,TRUE,board_rev,22,rev_b,TRUE,board_id,REV_B,init_neg_deg,14,init_pos_deg,338,neg_deg,43,pos_deg,317,offsets_ok,TRUE,missed,0,illegal,0,integ_ok,TRUE,result,OK
[2026-09-21T20:09:45.036] Cog0  BS-ZERO,motor,LEFT,phase,XSTART,samples,200,i_mean_mV_x10,78,i_min_mV,5,i_max_mV,10,frozen,FALSE,in_band,TRUE,health_ok,NA,u_mV_x10,507,v_mV_x10,594,w_mV_x10,572
[2026-09-21T20:09:45.526] Cog0  *VAL* legalBasePin = 32
[2026-09-21T20:09:45.526] Cog0  *VAL* legalVoltage = 6
[2026-09-21T20:09:45.528] Cog0  *VAL* legalMode = 30
[2026-09-21T20:09:45.528] Cog0  --- pinSum = 98, 64010 Rev B, highTimeUs = 72
[2026-09-21T20:09:45.529] Cog0  MOT: fwdDegrees = 14, offset_fwd = $09F4_9F49
[2026-09-21T20:09:45.529] Cog0       revDegrees = 338, offset_rev = $F05B_05B0
[2026-09-21T20:09:45.529] Cog0   - Calc FRAME: frame_cnt = 6_136
[2026-09-21T20:09:45.530] Cog0  * init values dead_gap = 70, pwm_limit = 3_033, adc_fram = 6_136, duty_min = 1_600, duty_max = 24_264
[2026-09-21T20:09:45.530] Cog0  *      values duty_up = 18, duty_dn = 4, cfg_ctcks = 135_000
[2026-09-21T20:09:45.530] Cog0  * ENTRY CFG userVoltage = 6, index = 6
[2026-09-21T20:09:45.530] Cog0  * EXIT 2 CFG eUserSelectedVolts = 6 maxFwdIncreAtPwr = 147_000_000 minFwdIncreAtPwr = 544_628
[2026-09-21T20:09:45.531] Cog0  -MOT- inincr = 0 nTgtIncr = $0000_0000 0 sync = 0
[2026-09-21T20:09:45.531] Cog0  * Motor COG #2
[2026-09-21T20:09:45.531] Cog2  INIT $0000_894E $0000_CF13 load
[2026-09-21T20:09:45.547] Cog3  INIT $0000_0FA8 $0000_CAEF jump
[2026-09-21T20:09:45.547] Cog0  * Front COG #3
[2026-09-21T20:09:46.543] Cog0  BLDC: getBoardType() driver running, not measured; returning revision recorded at start 22
[2026-09-21T20:09:46.544] Cog0  MOT:  offset_fwd_degrees = 43, offset_fwd = $1E93_E93E
[2026-09-21T20:09:46.545] Cog0   (ind)offset_rev_degrees = 317, offset_rev = $E16C_16C1
[2026-09-21T20:09:46.562] Cog0  BS-START,motor,LEFT,base,32,cog,2,cog_ok,TRUE,board_rev,22,rev_b,TRUE,board_id,REV_B,init_neg_deg,14,init_pos_deg,338,neg_deg,43,pos_deg,317,offsets_ok,TRUE,missed,0,illegal,0,integ_ok,TRUE,result,OK
[2026-09-21T20:09:47.574] Cog0  BS-ZERO,motor,LEFT,phase,XSTART,samples,200,i_mean_mV_x10,79,i_min_mV,6,i_max_mV,10,frozen,FALSE,in_band,TRUE,health_ok,NA,u_mV_x10,517,v_mV_x10,585,w_mV_x10,579
[2026-09-21T20:09:48.065] Cog0  *VAL* legalBasePin = 32
[2026-09-21T20:09:48.065] Cog0  *VAL* legalVoltage = 6
[2026-09-21T20:09:48.067] Cog0  *VAL* legalMode = 30
[2026-09-21T20:09:48.067] Cog0  --- pinSum = 99, 64010 Rev B, highTimeUs = 73
[2026-09-21T20:09:48.067] Cog0  MOT: fwdDegrees = 14, offset_fwd = $09F4_9F49
[2026-09-21T20:09:48.068] Cog0       revDegrees = 338, offset_rev = $F05B_05B0
[2026-09-21T20:09:48.068] Cog0   - Calc FRAME: frame_cnt = 6_136
[2026-09-21T20:09:48.068] Cog0  * init values dead_gap = 70, pwm_limit = 3_033, adc_fram = 6_136, duty_min = 1_600, duty_max = 24_264
[2026-09-21T20:09:48.069] Cog0  *      values duty_up = 18, duty_dn = 4, cfg_ctcks = 135_000
[2026-09-21T20:09:48.069] Cog0  * ENTRY CFG userVoltage = 6, index = 6
[2026-09-21T20:09:48.070] Cog0  * EXIT 2 CFG eUserSelectedVolts = 6 maxFwdIncreAtPwr = 147_000_000 minFwdIncreAtPwr = 544_628
[2026-09-21T20:09:48.070] Cog0  -MOT- inincr = 0 nTgtIncr = $0000_0000 0 sync = 0
[2026-09-21T20:09:48.070] Cog0  * Motor COG #2
[2026-09-21T20:09:48.070] Cog2  INIT $0000_894E $0000_CF13 load
[2026-09-21T20:09:48.085] Cog3  INIT $0000_0FA8 $0000_CAEF jump
[2026-09-21T20:09:48.085] Cog0  * Front COG #3
[2026-09-21T20:09:49.083] Cog0  BLDC: getBoardType() driver running, not measured; returning revision recorded at start 22
[2026-09-21T20:09:49.083] Cog0  MOT:  offset_fwd_degrees = 43, offset_fwd = $1E93_E93E
[2026-09-21T20:09:49.085] Cog0   (ind)offset_rev_degrees = 317, offset_rev = $E16C_16C1
[2026-09-21T20:09:49.101] Cog0  BS-START,motor,LEFT,base,32,cog,2,cog_ok,TRUE,board_rev,22,rev_b,TRUE,board_id,REV_B,init_neg_deg,14,init_pos_deg,338,neg_deg,43,pos_deg,317,offsets_ok,TRUE,missed,0,illegal,0,integ_ok,TRUE,result,OK
[2026-09-21T20:09:50.117] Cog0  BS-ZERO,motor,LEFT,phase,XSTART,samples,200,i_mean_mV_x10,76,i_min_mV,4,i_max_mV,10,frozen,FALSE,in_band,TRUE,health_ok,NA,u_mV_x10,505,v_mV_x10,596,w_mV_x10,572
[2026-09-21T20:09:50.609] Cog0  *VAL* legalBasePin = 32
[2026-09-21T20:09:50.609] Cog0  *VAL* legalVoltage = 6
[2026-09-21T20:09:50.611] Cog0  *VAL* legalMode = 30
[2026-09-21T20:09:50.611] Cog0  --- pinSum = 99, 64010 Rev B, highTimeUs = 73
[2026-09-21T20:09:50.612] Cog0  MOT: fwdDegrees = 14, offset_fwd = $09F4_9F49
[2026-09-21T20:09:50.612] Cog0       revDegrees = 338, offset_rev = $F05B_05B0
[2026-09-21T20:09:50.612] Cog0   - Calc FRAME: frame_cnt = 6_136
[2026-09-21T20:09:50.613] Cog0  * init values dead_gap = 70, pwm_limit = 3_033, adc_fram = 6_136, duty_min = 1_600, duty_max = 24_264
[2026-09-21T20:09:50.613] Cog0  *      values duty_up = 18, duty_dn = 4, cfg_ctcks = 135_000
[2026-09-21T20:09:50.613] Cog0  * ENTRY CFG userVoltage = 6, index = 6
[2026-09-21T20:09:50.614] Cog0  * EXIT 2 CFG eUserSelectedVolts = 6 maxFwdIncreAtPwr = 147_000_000 minFwdIncreAtPwr = 544_628
[2026-09-21T20:09:50.614] Cog0  -MOT- inincr = 0 nTgtIncr = $0000_0000 0 sync = 0
[2026-09-21T20:09:50.614] Cog0  * Motor COG #2
[2026-09-21T20:09:50.614] Cog2  INIT $0000_894E $0000_CF13 load
[2026-09-21T20:09:50.630] Cog3  INIT $0000_0FA8 $0000_CAEF jump
[2026-09-21T20:09:50.630] Cog0  * Front COG #3
[2026-09-21T20:09:51.629] Cog0  BLDC: getBoardType() driver running, not measured; returning revision recorded at start 22
[2026-09-21T20:09:51.629] Cog0  MOT:  offset_fwd_degrees = 43, offset_fwd = $1E93_E93E
[2026-09-21T20:09:51.630] Cog0   (ind)offset_rev_degrees = 317, offset_rev = $E16C_16C1
[2026-09-21T20:09:51.647] Cog0  BS-START,motor,LEFT,base,32,cog,2,cog_ok,TRUE,board_rev,22,rev_b,TRUE,board_id,REV_B,init_neg_deg,14,init_pos_deg,338,neg_deg,43,pos_deg,317,offsets_ok,TRUE,missed,0,illegal,0,integ_ok,TRUE,result,OK
[2026-09-21T20:09:52.663] Cog0  BS-ZERO,motor,LEFT,phase,XSTART,samples,200,i_mean_mV_x10,92,i_min_mV,7,i_max_mV,12,frozen,FALSE,in_band,TRUE,health_ok,NA,u_mV_x10,504,v_mV_x10,587,w_mV_x10,567
[2026-09-21T20:09:53.155] Cog0  *VAL* legalBasePin = 32
[2026-09-21T20:09:53.155] Cog0  *VAL* legalVoltage = 6
[2026-09-21T20:09:53.156] Cog0  *VAL* legalMode = 30
[2026-09-21T20:09:53.157] Cog0  --- pinSum = 99, 64010 Rev B, highTimeUs = 73
[2026-09-21T20:09:53.157] Cog0  MOT: fwdDegrees = 14, offset_fwd = $09F4_9F49
[2026-09-21T20:09:53.157] Cog0       revDegrees = 338, offset_rev = $F05B_05B0
[2026-09-21T20:09:53.157] Cog0   - Calc FRAME: frame_cnt = 6_136
[2026-09-21T20:09:53.158] Cog0  * init values dead_gap = 70, pwm_limit = 3_033, adc_fram = 6_136, duty_min = 1_600, duty_max = 24_264
[2026-09-21T20:09:53.158] Cog0  *      values duty_up = 18, duty_dn = 4, cfg_ctcks = 135_000
[2026-09-21T20:09:53.158] Cog0  * ENTRY CFG userVoltage = 6, index = 6
[2026-09-21T20:09:53.159] Cog0  * EXIT 2 CFG eUserSelectedVolts = 6 maxFwdIncreAtPwr = 147_000_000 minFwdIncreAtPwr = 544_628
[2026-09-21T20:09:53.159] Cog0  -MOT- inincr = 0 nTgtIncr = $0000_0000 0 sync = 0
[2026-09-21T20:09:53.159] Cog0  * Motor COG #2
[2026-09-21T20:09:53.159] Cog2  INIT $0000_894E $0000_CF13 load
[2026-09-21T20:09:53.175] Cog3  INIT $0000_0FA8 $0000_CAEF jump
[2026-09-21T20:09:53.175] Cog0  * Front COG #3
[2026-09-21T20:09:54.174] Cog0  BLDC: getBoardType() driver running, not measured; returning revision recorded at start 22
[2026-09-21T20:09:54.174] Cog0  MOT:  offset_fwd_degrees = 43, offset_fwd = $1E93_E93E
[2026-09-21T20:09:54.175] Cog0   (ind)offset_rev_degrees = 317, offset_rev = $E16C_16C1
[2026-09-21T20:09:54.192] Cog0  BS-START,motor,LEFT,base,32,cog,2,cog_ok,TRUE,board_rev,22,rev_b,TRUE,board_id,REV_B,init_neg_deg,14,init_pos_deg,338,neg_deg,43,pos_deg,317,offsets_ok,TRUE,missed,0,illegal,0,integ_ok,TRUE,result,OK
[2026-09-21T20:09:55.207] Cog0  BS-ZERO,motor,LEFT,phase,ZERO_INIT,samples,200,i_mean_mV_x10,87,i_min_mV,6,i_max_mV,11,frozen,FALSE,in_band,TRUE,health_ok,TRUE,u_mV_x10,511,v_mV_x10,587,w_mV_x10,581
[2026-09-21T20:09:56.207] Cog0  BS-ZERO,motor,LEFT,phase,SELF,samples,200,i_mean_mV_x10,88,i_min_mV,7,i_max_mV,12,frozen,FALSE,in_band,TRUE,health_ok,NA,u_mV_x10,512,v_mV_x10,588,w_mV_x10,584
[2026-09-21T20:09:56.208] Cog0  MOT:  offset_fwd_degrees = 43, offset_fwd = $1E93_E93E
[2026-09-21T20:09:56.209] Cog0   (ind)offset_rev_degrees = 317, offset_rev = $E16C_16C1
[2026-09-21T20:09:56.224] Cog3  -MOT- inincr = 36_750_000 nTgtIncr = $0230_C2B0 0 sync = 0
[2026-09-21T20:10:02.734] Cog3  -MOT- inincr = 0 nTgtIncr = $0000_0000 0 sync = 0
[2026-09-21T20:10:03.114] Cog0  BS-POINT,seq,1,motor,LEFT,speed,QTR,incre,36_750_000,phase,SELF,neg_deg,43,pos_deg,317,swept_deg,-43,result,OK,steady_ms,923,ticks,450,win_ms,4_580,rate_x10,982,rate_ok,TRUE,samples,906,i_mean_mV_x10,948,i_se_mV_x10,10
[2026-09-21T20:10:03.116] Cog0  BS-POINT2,seq,1,motor,LEFT,incre,36_750_000,i_halfA_mV_x10,951,i_halfB_mV_x10,946,unsettled,FALSE,i_min_mV,80,i_max_mV,114,duty_mean,7_374,err_mean,48,missed_d,0,illegal_d,0,fault,FALSE,abort_i,FALSE,charge_mVs,560,drv_state,1
[2026-09-21T20:10:03.132] Cog0  BS-POINT3,seq,1,motor,LEFT,zero_mV_x10,88,net_mV_x10,860,span_ms,6_505,span_rate_x10,890,follow_pct,90,span_duty_mean,6_743,span_duty_max,7_583
[2026-09-21T20:10:03.635] Cog0  BS-CHECK,motor,LEFT,incre,36_750_000,lo_mV,68,hi_mV,114,i_ok,TRUE,rate_ok,TRUE,integ_ok,TRUE,fault_ok,TRUE,net_lo_mV,59,net_hi_mV,105,net_mean_mV_x10,861
[2026-09-21T20:10:04.634] Cog0  BS-ZERO,motor,LEFT,phase,SELF,samples,200,i_mean_mV_x10,106,i_min_mV,8,i_max_mV,13,frozen,FALSE,in_band,TRUE,health_ok,NA,u_mV_x10,515,v_mV_x10,590,w_mV_x10,593
[2026-09-21T20:10:04.635] Cog0  MOT:  offset_fwd_degrees = 43, offset_fwd = $1E93_E93E
[2026-09-21T20:10:04.636] Cog0   (ind)offset_rev_degrees = 317, offset_rev = $E16C_16C1
[2026-09-21T20:10:04.652] Cog3  -MOT- inincr = -36_750_000 nTgtIncr = $7DCF_3D50 0 sync = 0
[2026-09-21T20:10:11.157] Cog3  -MOT- inincr = 0 nTgtIncr = $0000_0000 0 sync = 0
[2026-09-21T20:10:11.538] Cog0  BS-POINT,seq,2,motor,LEFT,speed,QTR,incre,-36_750_000,phase,SELF,neg_deg,43,pos_deg,317,swept_deg,43,result,OK,steady_ms,922,ticks,450,win_ms,4_580,rate_x10,982,rate_ok,TRUE,samples,906,i_mean_mV_x10,1_786,i_se_mV_x10,18
[2026-09-21T20:10:11.540] Cog0  BS-POINT2,seq,2,motor,LEFT,incre,-36_750_000,i_halfA_mV_x10,1_796,i_halfB_mV_x10,1_775,unsettled,FALSE,i_min_mV,157,i_max_mV,202,duty_mean,8_355,err_mean,-48,missed_d,0,illegal_d,0,fault,FALSE,abort_i,FALSE,charge_mVs,1_037,drv_state,1
[2026-09-21T20:10:11.556] Cog0  BS-POINT3,seq,2,motor,LEFT,zero_mV_x10,106,net_mV_x10,1_680,span_ms,6_504,span_rate_x10,890,follow_pct,90,span_duty_mean,7_602,span_duty_max,8_595
[2026-09-21T20:10:12.044] Cog0  BS-CHECK,motor,LEFT,incre,-36_750_000,lo_mV,127,hi_mV,212,i_ok,TRUE,rate_ok,TRUE,integ_ok,TRUE,fault_ok,TRUE,net_lo_mV,118,net_hi_mV,203,net_mean_mV_x10,1_699
[2026-09-21T20:10:12.061] Cog0  BS-CHECKSUM,motor,LEFT,start_ok,TRUE,zero_ok,TRUE,pos_i_ok,TRUE,neg_i_ok,TRUE,ratio_x1000,1_973,ratio_ok,TRUE,rate_ok,TRUE,integ_ok,TRUE,fault_ok,TRUE,verdict,PASS,first_miss,NONE
[2026-09-21T20:10:13.059] Cog0  BS-ZERO,motor,LEFT,phase,REF_START,samples,200,i_mean_mV_x10,103,i_min_mV,8,i_max_mV,12,frozen,FALSE,in_band,TRUE,health_ok,NA,u_mV_x10,507,v_mV_x10,595,w_mV_x10,594
[2026-09-21T20:10:13.059] Cog0  MOT:  offset_fwd_degrees = 43, offset_fwd = $1E93_E93E
[2026-09-21T20:10:13.060] Cog0   (ind)offset_rev_degrees = 317, offset_rev = $E16C_16C1
[2026-09-21T20:10:13.076] Cog3  -MOT- inincr = -18_375_000 nTgtIncr = $7EE7_9EA8 0 sync = 0
[2026-09-21T20:10:16.536] Cog3  -MOT- inincr = 0 nTgtIncr = $0000_0000 0 sync = 0
[2026-09-21T20:10:16.727] Cog0  BS-POINT,seq,3,motor,LEFT,speed,LOW,incre,-18_375_000,phase,REF_START,neg_deg,43,pos_deg,317,swept_deg,43,result,OK,steady_ms,645,ticks,90,win_ms,1_820,rate_x10,494,rate_ok,TRUE,samples,360,i_mean_mV_x10,413,i_se_mV_x10,10
[2026-09-21T20:10:16.729] Cog0  BS-POINT2,seq,3,motor,LEFT,incre,-18_375_000,i_halfA_mV_x10,419,i_halfB_mV_x10,406,unsettled,FALSE,i_min_mV,31,i_max_mV,53,duty_mean,4_028,err_mean,-49,missed_d,0,illegal_d,0,fault,FALSE,abort_i,FALSE,charge_mVs,132,drv_state,1
[2026-09-21T20:10:16.745] Cog0  BS-POINT3,seq,3,motor,LEFT,zero_mV_x10,103,net_mV_x10,310,span_ms,3_467,span_rate_x10,429,follow_pct,87,span_duty_mean,3_659,span_duty_max,4_323
[2026-09-21T20:10:18.244] Cog0  BS-ZERO,motor,LEFT,phase,COARSE,samples,200,i_mean_mV_x10,95,i_min_mV,7,i_max_mV,12,frozen,FALSE,in_band,TRUE,health_ok,NA,u_mV_x10,502,v_mV_x10,591,w_mV_x10,595
[2026-09-21T20:10:18.245] Cog0  MOT:  offset_fwd_degrees = 53, offset_fwd = $25B0_5B05
[2026-09-21T20:10:18.246] Cog0   (ind)offset_rev_degrees = 317, offset_rev = $E16C_16C1
[2026-09-21T20:10:18.261] Cog3  -MOT- inincr = -18_375_000 nTgtIncr = $7EE7_9EA8 0 sync = 0
[2026-09-21T20:10:21.721] Cog3  -MOT- inincr = 0 nTgtIncr = $0000_0000 0 sync = 0
[2026-09-21T20:10:21.913] Cog0  BS-POINT,seq,4,motor,LEFT,speed,LOW,incre,-18_375_000,phase,COARSE,neg_deg,53,pos_deg,317,swept_deg,53,result,OK,steady_ms,645,ticks,90,win_ms,1_820,rate_x10,494,rate_ok,TRUE,samples,360,i_mean_mV_x10,827,i_se_mV_x10,24
[2026-09-21T20:10:21.915] Cog0  BS-POINT2,seq,4,motor,LEFT,incre,-18_375_000,i_halfA_mV_x10,793,i_halfB_mV_x10,860,unsettled,TRUE,i_min_mV,66,i_max_mV,101,duty_mean,4_853,err_mean,-48,missed_d,0,illegal_d,0,fault,FALSE,abort_i,FALSE,charge_mVs,256,drv_state,1
[2026-09-21T20:10:21.931] Cog0  BS-POINT3,seq,4,motor,LEFT,zero_mV_x10,95,net_mV_x10,732,span_ms,3_468,span_rate_x10,429,follow_pct,87,span_duty_mean,4_379,span_duty_max,5_188
[2026-09-21T20:10:23.430] Cog0  BS-ZERO,motor,LEFT,phase,COARSE,samples,200,i_mean_mV_x10,100,i_min_mV,7,i_max_mV,12,frozen,FALSE,in_band,TRUE,health_ok,NA,u_mV_x10,507,v_mV_x10,595,w_mV_x10,599
[2026-09-21T20:10:23.430] Cog0  MOT:  offset_fwd_degrees = 63, offset_fwd = $2CCC_CCCC
[2026-09-21T20:10:23.431] Cog0   (ind)offset_rev_degrees = 317, offset_rev = $E16C_16C1
[2026-09-21T20:10:23.446] Cog3  -MOT- inincr = -18_375_000 nTgtIncr = $7EE7_9EA8 0 sync = 0
[2026-09-21T20:10:24.270] Cog0  BS-POINT,seq,5,motor,LEFT,speed,LOW,incre,-18_375_000,phase,COARSE,neg_deg,63,pos_deg,317,swept_deg,63,result,ABORT_I,steady_ms,645,ticks,NA,win_ms,NA,rate_x10,NA,rate_ok,FALSE,samples,NA,i_mean_mV_x10,NA,i_se_mV_x10,NA
[2026-09-21T20:10:24.272] Cog0  BS-POINT2,seq,5,motor,LEFT,incre,-18_375_000,i_halfA_mV_x10,NA,i_halfB_mV_x10,NA,unsettled,FALSE,i_min_mV,NA,i_max_mV,NA,duty_mean,NA,err_mean,NA,missed_d,NA,illegal_d,NA,fault,FALSE,abort_i,TRUE,charge_mVs,49,drv_state,3
[2026-09-21T20:10:24.273] Cog0  BS-POINT3,seq,5,motor,LEFT,zero_mV_x10,100,net_mV_x10,NA,span_ms,835,span_rate_x10,227,follow_pct,46,span_duty_mean,3_268,span_duty_max,6_206
[2026-09-21T20:10:24.278] Cog0  BS-ABORT,scope,POINT,reason,ABORT_I,motor,LEFT,incre,-18_375_000,seq,5,value,158,elapsed_s,47
[2026-09-21T20:10:24.278] Cog0  *VAL* legalBasePin = 32
[2026-09-21T20:10:24.280] Cog0  *VAL* legalVoltage = 6
[2026-09-21T20:10:24.280] Cog0  *VAL* legalMode = 30
[2026-09-21T20:10:24.280] Cog0  --- pinSum = 99, 64010 Rev B, highTimeUs = 73
[2026-09-21T20:10:24.280] Cog0  MOT: fwdDegrees = 14, offset_fwd = $09F4_9F49
[2026-09-21T20:10:24.281] Cog0       revDegrees = 338, offset_rev = $F05B_05B0
[2026-09-21T20:10:24.281] Cog0   - Calc FRAME: frame_cnt = 6_136
[2026-09-21T20:10:24.281] Cog0  * init values dead_gap = 70, pwm_limit = 3_033, adc_fram = 6_136, duty_min = 1_600, duty_max = 24_264
[2026-09-21T20:10:24.282] Cog0  *      values duty_up = 18, duty_dn = 4, cfg_ctcks = 135_000
[2026-09-21T20:10:24.282] Cog0  * ENTRY CFG userVoltage = 6, index = 6
[2026-09-21T20:10:24.283] Cog0  * EXIT 2 CFG eUserSelectedVolts = 6 maxFwdIncreAtPwr = 147_000_000 minFwdIncreAtPwr = 544_628
[2026-09-21T20:10:24.283] Cog0  -MOT- inincr = 0 nTgtIncr = $0000_0000 0 sync = 0
[2026-09-21T20:10:24.283] Cog0  * Motor COG #2
[2026-09-21T20:10:24.284] Cog2  INIT $0000_894E $0000_CF13 load
[2026-09-21T20:10:24.284] Cog3  INIT $0000_0FA8 $0000_CAEF jump
[2026-09-21T20:10:24.300] Cog0  * Front COG #3
[2026-09-21T20:10:25.296] Cog0  BLDC: getBoardType() driver running, not measured; returning revision recorded at start 22
[2026-09-21T20:10:25.296] Cog0  MOT:  offset_fwd_degrees = 43, offset_fwd = $1E93_E93E
[2026-09-21T20:10:25.297] Cog0   (ind)offset_rev_degrees = 317, offset_rev = $E16C_16C1
[2026-09-21T20:10:25.314] Cog0  BS-START,motor,LEFT,base,32,cog,2,cog_ok,TRUE,board_rev,22,rev_b,TRUE,board_id,REV_B,init_neg_deg,14,init_pos_deg,338,neg_deg,43,pos_deg,317,offsets_ok,TRUE,missed,0,illegal,0,integ_ok,TRUE,result,OK
[2026-09-21T20:10:25.816] Cog0  BS-WALK,motor,LEFT,speed,LOW,sign,NEG,side,UP,pts,2,last_swept_deg,63,stop,RISE,low_swept_deg,43,low_mV_x10,413,low_net_mV_x10,310
[2026-09-21T20:10:26.814] Cog0  BS-ZERO,motor,LEFT,phase,COARSE,samples,200,i_mean_mV_x10,100,i_min_mV,8,i_max_mV,12,frozen,FALSE,in_band,TRUE,health_ok,NA,u_mV_x10,503,v_mV_x10,582,w_mV_x10,576
[2026-09-21T20:10:26.814] Cog0  MOT:  offset_fwd_degrees = 33, offset_fwd = $1777_7777
[2026-09-21T20:10:26.815] Cog0   (ind)offset_rev_degrees = 317, offset_rev = $E16C_16C1
[2026-09-21T20:10:26.831] Cog3  -MOT- inincr = -18_375_000 nTgtIncr = $7EE7_9EA8 0 sync = 0
[2026-09-21T20:10:30.290] Cog3  -MOT- inincr = 0 nTgtIncr = $0000_0000 0 sync = 0
[2026-09-21T20:10:30.482] Cog0  BS-POINT,seq,6,motor,LEFT,speed,LOW,incre,-18_375_000,phase,COARSE,neg_deg,33,pos_deg,317,swept_deg,33,result,OK,steady_ms,645,ticks,90,win_ms,1_820,rate_x10,494,rate_ok,TRUE,samples,360,i_mean_mV_x10,230,i_se_mV_x10,6
[2026-09-21T20:10:30.484] Cog0  BS-POINT2,seq,6,motor,LEFT,incre,-18_375_000,i_halfA_mV_x10,223,i_halfB_mV_x10,238,unsettled,TRUE,i_min_mV,18,i_max_mV,29,duty_mean,3_547,err_mean,-48,missed_d,0,illegal_d,0,fault,FALSE,abort_i,FALSE,charge_mVs,79,drv_state,1
[2026-09-21T20:10:30.500] Cog0  BS-POINT3,seq,6,motor,LEFT,zero_mV_x10,100,net_mV_x10,130,span_ms,3_468,span_rate_x10,429,follow_pct,87,span_duty_mean,3_263,span_duty_max,4_139
[2026-09-21T20:10:31.999] Cog0  BS-ZERO,motor,LEFT,phase,COARSE,samples,200,i_mean_mV_x10,106,i_min_mV,8,i_max_mV,12,frozen,FALSE,in_band,TRUE,health_ok,NA,u_mV_x10,499,v_mV_x10,589,w_mV_x10,590
[2026-09-21T20:10:31.999] Cog0  MOT:  offset_fwd_degrees = 23, offset_fwd = $105B_05B0
[2026-09-21T20:10:32.000] Cog0   (ind)offset_rev_degrees = 317, offset_rev = $E16C_16C1
[2026-09-21T20:10:32.015] Cog3  -MOT- inincr = -18_375_000 nTgtIncr = $7EE7_9EA8 0 sync = 0
[2026-09-21T20:10:35.474] Cog3  -MOT- inincr = 0 nTgtIncr = $0000_0000 0 sync = 0
[2026-09-21T20:10:35.667] Cog0  BS-POINT,seq,7,motor,LEFT,speed,LOW,incre,-18_375_000,phase,COARSE,neg_deg,23,pos_deg,317,swept_deg,23,result,OK,steady_ms,645,ticks,90,win_ms,1_820,rate_x10,494,rate_ok,TRUE,samples,360,i_mean_mV_x10,208,i_se_mV_x10,6
[2026-09-21T20:10:35.668] Cog0  BS-POINT2,seq,7,motor,LEFT,incre,-18_375_000,i_halfA_mV_x10,201,i_halfB_mV_x10,214,unsettled,TRUE,i_min_mV,12,i_max_mV,40,duty_mean,3_472,err_mean,-46,missed_d,0,illegal_d,0,fault,FALSE,abort_i,FALSE,charge_mVs,73,drv_state,1
[2026-09-21T20:10:35.684] Cog0  BS-POINT3,seq,7,motor,LEFT,zero_mV_x10,106,net_mV_x10,102,span_ms,3_468,span_rate_x10,429,follow_pct,87,span_duty_mean,3_202,span_duty_max,4_750
[2026-09-21T20:10:37.183] Cog0  BS-ZERO,motor,LEFT,phase,COARSE,samples,200,i_mean_mV_x10,99,i_min_mV,6,i_max_mV,12,frozen,FALSE,in_band,TRUE,health_ok,NA,u_mV_x10,503,v_mV_x10,586,w_mV_x10,590
[2026-09-21T20:10:37.184] Cog0  MOT:  offset_fwd_degrees = 13, offset_fwd = $093E_93E9
[2026-09-21T20:10:37.185] Cog0   (ind)offset_rev_degrees = 317, offset_rev = $E16C_16C1
[2026-09-21T20:10:37.200] Cog3  -MOT- inincr = -18_375_000 nTgtIncr = $7EE7_9EA8 0 sync = 0
[2026-09-21T20:10:40.674] Cog3  -MOT- inincr = 0 nTgtIncr = $0000_0000 0 sync = 0
[2026-09-21T20:10:40.856] Cog0  BS-POINT,seq,8,motor,LEFT,speed,LOW,incre,-18_375_000,phase,COARSE,neg_deg,13,pos_deg,317,swept_deg,13,result,OK,steady_ms,645,ticks,90,win_ms,1_825,rate_x10,493,rate_ok,TRUE,samples,361,i_mean_mV_x10,261,i_se_mV_x10,8
[2026-09-21T20:10:40.858] Cog0  BS-POINT2,seq,8,motor,LEFT,incre,-18_375_000,i_halfA_mV_x10,252,i_halfB_mV_x10,270,unsettled,TRUE,i_min_mV,10,i_max_mV,57,duty_mean,3_594,err_mean,-45,missed_d,0,illegal_d,0,fault,FALSE,abort_i,FALSE,charge_mVs,90,drv_state,1
[2026-09-21T20:10:40.873] Cog0  BS-POINT3,seq,8,motor,LEFT,zero_mV_x10,99,net_mV_x10,162,span_ms,3_473,span_rate_x10,431,follow_pct,87,span_duty_mean,3_294,span_duty_max,5_880
[2026-09-21T20:10:42.372] Cog0  BS-ZERO,motor,LEFT,phase,COARSE,samples,200,i_mean_mV_x10,113,i_min_mV,8,i_max_mV,14,frozen,FALSE,in_band,TRUE,health_ok,NA,u_mV_x10,499,v_mV_x10,584,w_mV_x10,596
[2026-09-21T20:10:42.373] Cog0  MOT:  offset_fwd_degrees = 3, offset_fwd = $0222_2222
[2026-09-21T20:10:42.374] Cog0   (ind)offset_rev_degrees = 317, offset_rev = $E16C_16C1
[2026-09-21T20:10:42.390] Cog3  -MOT- inincr = -18_375_000 nTgtIncr = $7EE7_9EA8 0 sync = 0
[2026-09-21T20:10:45.847] Cog3  -MOT- inincr = 0 nTgtIncr = $0000_0000 0 sync = 0
[2026-09-21T20:10:46.040] Cog0  BS-POINT,seq,9,motor,LEFT,speed,LOW,incre,-18_375_000,phase,COARSE,neg_deg,3,pos_deg,317,swept_deg,3,result,OK,steady_ms,645,ticks,90,win_ms,1_820,rate_x10,494,rate_ok,TRUE,samples,360,i_mean_mV_x10,566,i_se_mV_x10,37
[2026-09-21T20:10:46.042] Cog0  BS-POINT2,seq,9,motor,LEFT,incre,-18_375_000,i_halfA_mV_x10,571,i_halfB_mV_x10,560,unsettled,FALSE,i_min_mV,10,i_max_mV,158,duty_mean,4_066,err_mean,-38,missed_d,0,illegal_d,0,fault,FALSE,abort_i,FALSE,charge_mVs,166,drv_state,1
[2026-09-21T20:10:46.058] Cog0  BS-POINT3,seq,9,motor,LEFT,zero_mV_x10,113,net_mV_x10,453,span_ms,3_468,span_rate_x10,429,follow_pct,87,span_duty_mean,3_624,span_duty_max,6_886
[2026-09-21T20:10:46.546] Cog0  BS-WALK,motor,LEFT,speed,LOW,sign,NEG,side,DOWN,pts,4,last_swept_deg,3,stop,RISE,low_swept_deg,23,low_mV_x10,208,low_net_mV_x10,102
[2026-09-21T20:10:46.562] Cog0  BS-BRACKET,motor,LEFT,speed,LOW,sign,NEG,low_swept_deg,23,low_mV_x10,208,below_ok,TRUE,above_ok,TRUE,bracketed,TRUE,reason,OK,low_net_mV_x10,102
[2026-09-21T20:10:47.560] Cog0  BS-ZERO,motor,LEFT,phase,FINE,samples,200,i_mean_mV_x10,111,i_min_mV,8,i_max_mV,14,frozen,FALSE,in_band,TRUE,health_ok,NA,u_mV_x10,503,v_mV_x10,586,w_mV_x10,595
[2026-09-21T20:10:47.560] Cog0  MOT:  offset_fwd_degrees = 23, offset_fwd = $105B_05B0
[2026-09-21T20:10:47.561] Cog0   (ind)offset_rev_degrees = 317, offset_rev = $E16C_16C1
[2026-09-21T20:10:47.577] Cog3  -MOT- inincr = -18_375_000 nTgtIncr = $7EE7_9EA8 0 sync = 0
[2026-09-21T20:10:51.052] Cog3  -MOT- inincr = 0 nTgtIncr = $0000_0000 0 sync = 0
[2026-09-21T20:10:51.247] Cog0  BS-POINT,seq,10,motor,LEFT,speed,LOW,incre,-18_375_000,phase,FINE,neg_deg,23,pos_deg,317,swept_deg,23,result,OK,steady_ms,645,ticks,90,win_ms,1_840,rate_x10,489,rate_ok,TRUE,samples,364,i_mean_mV_x10,208,i_se_mV_x10,5
[2026-09-21T20:10:51.249] Cog0  BS-POINT2,seq,10,motor,LEFT,incre,-18_375_000,i_halfA_mV_x10,204,i_halfB_mV_x10,211,unsettled,FALSE,i_min_mV,12,i_max_mV,38,duty_mean,3_472,err_mean,-47,missed_d,0,illegal_d,0,fault,FALSE,abort_i,FALSE,charge_mVs,74,drv_state,1
[2026-09-21T20:10:51.265] Cog0  BS-POINT3,seq,10,motor,LEFT,zero_mV_x10,111,net_mV_x10,97,span_ms,3_488,span_rate_x10,430,follow_pct,87,span_duty_mean,3_204,span_duty_max,4_568
[2026-09-21T20:10:52.764] Cog0  BS-ZERO,motor,LEFT,phase,FINE,samples,200,i_mean_mV_x10,103,i_min_mV,8,i_max_mV,13,frozen,FALSE,in_band,TRUE,health_ok,NA,u_mV_x10,503,v_mV_x10,587,w_mV_x10,597
[2026-09-21T20:10:52.764] Cog0  MOT:  offset_fwd_degrees = 33, offset_fwd = $1777_7777
[2026-09-21T20:10:52.765] Cog0   (ind)offset_rev_degrees = 317, offset_rev = $E16C_16C1
[2026-09-21T20:10:52.781] Cog3  -MOT- inincr = -18_375_000 nTgtIncr = $7EE7_9EA8 0 sync = 0
[2026-09-21T20:10:56.239] Cog3  -MOT- inincr = 0 nTgtIncr = $0000_0000 0 sync = 0
[2026-09-21T20:10:56.431] Cog0  BS-POINT,seq,11,motor,LEFT,speed,LOW,incre,-18_375_000,phase,FINE,neg_deg,33,pos_deg,317,swept_deg,33,result,OK,steady_ms,645,ticks,90,win_ms,1_819,rate_x10,494,rate_ok,TRUE,samples,360,i_mean_mV_x10,238,i_se_mV_x10,5
[2026-09-21T20:10:56.433] Cog0  BS-POINT2,seq,11,motor,LEFT,incre,-18_375_000,i_halfA_mV_x10,243,i_halfB_mV_x10,233,unsettled,FALSE,i_min_mV,17,i_max_mV,30,duty_mean,3_546,err_mean,-48,missed_d,0,illegal_d,0,fault,FALSE,abort_i,FALSE,charge_mVs,81,drv_state,1
[2026-09-21T20:10:56.449] Cog0  BS-POINT3,seq,11,motor,LEFT,zero_mV_x10,103,net_mV_x10,135,span_ms,3_467,span_rate_x10,429,follow_pct,87,span_duty_mean,3_256,span_duty_max,4_279
[2026-09-21T20:10:57.948] Cog0  BS-ZERO,motor,LEFT,phase,FINE,samples,200,i_mean_mV_x10,111,i_min_mV,8,i_max_mV,14,frozen,FALSE,in_band,TRUE,health_ok,NA,u_mV_x10,505,v_mV_x10,591,w_mV_x10,595
[2026-09-21T20:10:57.948] Cog0  MOT:  offset_fwd_degrees = 13, offset_fwd = $093E_93E9
[2026-09-21T20:10:57.949] Cog0   (ind)offset_rev_degrees = 317, offset_rev = $E16C_16C1
[2026-09-21T20:10:57.965] Cog3  -MOT- inincr = -18_375_000 nTgtIncr = $7EE7_9EA8 0 sync = 0
[2026-09-21T20:11:01.423] Cog3  -MOT- inincr = 0 nTgtIncr = $0000_0000 0 sync = 0
[2026-09-21T20:11:01.606] Cog0  BS-POINT,seq,12,motor,LEFT,speed,LOW,incre,-18_375_000,phase,FINE,neg_deg,13,pos_deg,317,swept_deg,13,result,OK,steady_ms,645,ticks,90,win_ms,1_810,rate_x10,497,rate_ok,TRUE,samples,358,i_mean_mV_x10,268,i_se_mV_x10,9
[2026-09-21T20:11:01.608] Cog0  BS-POINT2,seq,12,motor,LEFT,incre,-18_375_000,i_halfA_mV_x10,268,i_halfB_mV_x10,268,unsettled,FALSE,i_min_mV,12,i_max_mV,58,duty_mean,3_588,err_mean,-45,missed_d,0,illegal_d,0,fault,FALSE,abort_i,FALSE,charge_mVs,91,drv_state,1
[2026-09-21T20:11:01.623] Cog0  BS-POINT3,seq,12,motor,LEFT,zero_mV_x10,111,net_mV_x10,157,span_ms,3_457,span_rate_x10,431,follow_pct,87,span_duty_mean,3_271,span_duty_max,5_316
[2026-09-21T20:11:03.122] Cog0  BS-ZERO,motor,LEFT,phase,FINE,samples,200,i_mean_mV_x10,117,i_min_mV,9,i_max_mV,15,frozen,FALSE,in_band,TRUE,health_ok,NA,u_mV_x10,513,v_mV_x10,594,w_mV_x10,588
[2026-09-21T20:11:03.122] Cog0  MOT:  offset_fwd_degrees = 43, offset_fwd = $1E93_E93E
[2026-09-21T20:11:03.123] Cog0   (ind)offset_rev_degrees = 317, offset_rev = $E16C_16C1
[2026-09-21T20:11:03.139] Cog3  -MOT- inincr = -18_375_000 nTgtIncr = $7EE7_9EA8 0 sync = 0
[2026-09-21T20:11:06.597] Cog3  -MOT- inincr = 0 nTgtIncr = $0000_0000 0 sync = 0
[2026-09-21T20:11:06.789] Cog0  BS-POINT,seq,13,motor,LEFT,speed,LOW,incre,-18_375_000,phase,FINE,neg_deg,43,pos_deg,317,swept_deg,43,result,OK,steady_ms,645,ticks,90,win_ms,1_820,rate_x10,494,rate_ok,TRUE,samples,360,i_mean_mV_x10,425,i_se_mV_x10,10
[2026-09-21T20:11:06.791] Cog0  BS-POINT2,seq,13,motor,LEFT,incre,-18_375_000,i_halfA_mV_x10,411,i_halfB_mV_x10,439,unsettled,TRUE,i_min_mV,34,i_max_mV,54,duty_mean,4_029,err_mean,-48,missed_d,0,illegal_d,0,fault,FALSE,abort_i,FALSE,charge_mVs,138,drv_state,1
[2026-09-21T20:11:06.807] Cog0  BS-POINT3,seq,13,motor,LEFT,zero_mV_x10,117,net_mV_x10,308,span_ms,3_468,span_rate_x10,429,follow_pct,87,span_duty_mean,3_673,span_duty_max,4_308
[2026-09-21T20:11:08.306] Cog0  BS-ZERO,motor,LEFT,phase,FINE,samples,200,i_mean_mV_x10,111,i_min_mV,8,i_max_mV,14,frozen,FALSE,in_band,TRUE,health_ok,NA,u_mV_x10,510,v_mV_x10,592,w_mV_x10,593
[2026-09-21T20:11:08.306] Cog0  MOT:  offset_fwd_degrees = 3, offset_fwd = $0222_2222
[2026-09-21T20:11:08.307] Cog0   (ind)offset_rev_degrees = 317, offset_rev = $E16C_16C1
[2026-09-21T20:11:08.323] Cog3  -MOT- inincr = -18_375_000 nTgtIncr = $7EE7_9EA8 0 sync = 0
[2026-09-21T20:11:11.813] Cog3  -MOT- inincr = 0 nTgtIncr = $0000_0000 0 sync = 0
[2026-09-21T20:11:11.994] Cog0  BS-POINT,seq,14,motor,LEFT,speed,LOW,incre,-18_375_000,phase,FINE,neg_deg,3,pos_deg,317,swept_deg,3,result,OK,steady_ms,645,ticks,90,win_ms,1_840,rate_x10,489,rate_ok,TRUE,samples,364,i_mean_mV_x10,526,i_se_mV_x10,8
[2026-09-21T20:11:11.996] Cog0  BS-POINT2,seq,14,motor,LEFT,incre,-18_375_000,i_halfA_mV_x10,500,i_halfB_mV_x10,553,unsettled,TRUE,i_min_mV,8,i_max_mV,149,duty_mean,3_994,err_mean,-38,missed_d,0,illegal_d,0,fault,FALSE,abort_i,FALSE,charge_mVs,169,drv_state,1
[2026-09-21T20:11:12.012] Cog0  BS-POINT3,seq,14,motor,LEFT,zero_mV_x10,111,net_mV_x10,415,span_ms,3_488,span_rate_x10,430,follow_pct,87,span_duty_mean,3_634,span_duty_max,7_019
[2026-09-21T20:11:13.511] Cog0  BS-ZERO,motor,LEFT,phase,FINE,samples,200,i_mean_mV_x10,105,i_min_mV,8,i_max_mV,13,frozen,FALSE,in_band,TRUE,health_ok,NA,u_mV_x10,509,v_mV_x10,595,w_mV_x10,592
[2026-09-21T20:11:13.511] Cog0  MOT:  offset_fwd_degrees = 28, offset_fwd = $13E9_3E93
[2026-09-21T20:11:13.512] Cog0   (ind)offset_rev_degrees = 317, offset_rev = $E16C_16C1
[2026-09-21T20:11:13.528] Cog3  -MOT- inincr = -18_375_000 nTgtIncr = $7EE7_9EA8 0 sync = 0
[2026-09-21T20:11:16.986] Cog3  -MOT- inincr = 0 nTgtIncr = $0000_0000 0 sync = 0
[2026-09-21T20:11:17.178] Cog0  BS-POINT,seq,15,motor,LEFT,speed,LOW,incre,-18_375_000,phase,FINE,neg_deg,28,pos_deg,317,swept_deg,28,result,OK,steady_ms,645,ticks,90,win_ms,1_819,rate_x10,494,rate_ok,TRUE,samples,360,i_mean_mV_x10,192,i_se_mV_x10,4
[2026-09-21T20:11:17.180] Cog0  BS-POINT2,seq,15,motor,LEFT,incre,-18_375_000,i_halfA_mV_x10,197,i_halfB_mV_x10,187,unsettled,TRUE,i_min_mV,14,i_max_mV,25,duty_mean,3_399,err_mean,-48,missed_d,0,illegal_d,0,fault,FALSE,abort_i,FALSE,charge_mVs,68,drv_state,1
[2026-09-21T20:11:17.195] Cog0  BS-POINT3,seq,15,motor,LEFT,zero_mV_x10,105,net_mV_x10,87,span_ms,3_467,span_rate_x10,429,follow_pct,87,span_duty_mean,3_137,span_duty_max,4_146
[2026-09-21T20:11:18.694] Cog0  BS-ZERO,motor,LEFT,phase,FINE,samples,200,i_mean_mV_x10,98,i_min_mV,8,i_max_mV,12,frozen,FALSE,in_band,TRUE,health_ok,NA,u_mV_x10,514,v_mV_x10,598,w_mV_x10,596
[2026-09-21T20:11:18.695] Cog0  MOT:  offset_fwd_degrees = 18, offset_fwd = $0CCC_CCCC
[2026-09-21T20:11:18.696] Cog0   (ind)offset_rev_degrees = 317, offset_rev = $E16C_16C1
[2026-09-21T20:11:18.711] Cog3  -MOT- inincr = -18_375_000 nTgtIncr = $7EE7_9EA8 0 sync = 0
[2026-09-21T20:11:22.185] Cog3  -MOT- inincr = 0 nTgtIncr = $0000_0000 0 sync = 0
[2026-09-21T20:11:22.366] Cog0  BS-POINT,seq,16,motor,LEFT,speed,LOW,incre,-18_375_000,phase,FINE,neg_deg,18,pos_deg,317,swept_deg,18,result,OK,steady_ms,645,ticks,90,win_ms,1_824,rate_x10,493,rate_ok,TRUE,samples,361,i_mean_mV_x10,237,i_se_mV_x10,6
[2026-09-21T20:11:22.368] Cog0  BS-POINT2,seq,16,motor,LEFT,incre,-18_375_000,i_halfA_mV_x10,243,i_halfB_mV_x10,231,unsettled,FALSE,i_min_mV,11,i_max_mV,46,duty_mean,3_558,err_mean,-46,missed_d,0,illegal_d,0,fault,FALSE,abort_i,FALSE,charge_mVs,81,drv_state,1
[2026-09-21T20:11:22.384] Cog0  BS-POINT3,seq,16,motor,LEFT,zero_mV_x10,98,net_mV_x10,139,span_ms,3_472,span_rate_x10,429,follow_pct,87,span_duty_mean,3_246,span_duty_max,5_106
[2026-09-21T20:11:23.883] Cog0  BS-ZERO,motor,LEFT,phase,FINE,samples,200,i_mean_mV_x10,101,i_min_mV,8,i_max_mV,12,frozen,FALSE,in_band,TRUE,health_ok,NA,u_mV_x10,510,v_mV_x10,603,w_mV_x10,601
[2026-09-21T20:11:23.883] Cog0  MOT:  offset_fwd_degrees = 38, offset_fwd = $1B05_B05B
[2026-09-21T20:11:23.884] Cog0   (ind)offset_rev_degrees = 317, offset_rev = $E16C_16C1
[2026-09-21T20:11:23.899] Cog3  -MOT- inincr = -18_375_000 nTgtIncr = $7EE7_9EA8 0 sync = 0
[2026-09-21T20:11:27.357] Cog3  -MOT- inincr = 0 nTgtIncr = $0000_0000 0 sync = 0
[2026-09-21T20:11:27.550] Cog0  BS-POINT,seq,17,motor,LEFT,speed,LOW,incre,-18_375_000,phase,FINE,neg_deg,38,pos_deg,317,swept_deg,38,result,OK,steady_ms,645,ticks,90,win_ms,1_820,rate_x10,494,rate_ok,TRUE,samples,360,i_mean_mV_x10,305,i_se_mV_x10,7
[2026-09-21T20:11:27.552] Cog0  BS-POINT2,seq,17,motor,LEFT,incre,-18_375_000,i_halfA_mV_x10,297,i_halfB_mV_x10,313,unsettled,TRUE,i_min_mV,24,i_max_mV,40,duty_mean,3_754,err_mean,-48,missed_d,0,illegal_d,0,fault,FALSE,abort_i,FALSE,charge_mVs,102,drv_state,1
[2026-09-21T20:11:27.568] Cog0  BS-POINT3,seq,17,motor,LEFT,zero_mV_x10,101,net_mV_x10,204,span_ms,3_467,span_rate_x10,429,follow_pct,87,span_duty_mean,3_434,span_duty_max,4_035
[2026-09-21T20:11:29.066] Cog0  BS-ZERO,motor,LEFT,phase,FINE,samples,200,i_mean_mV_x10,106,i_min_mV,8,i_max_mV,14,frozen,FALSE,in_band,TRUE,health_ok,NA,u_mV_x10,511,v_mV_x10,601,w_mV_x10,599
[2026-09-21T20:11:29.067] Cog0  MOT:  offset_fwd_degrees = 8, offset_fwd = $05B0_5B05
[2026-09-21T20:11:29.067] Cog0   (ind)offset_rev_degrees = 317, offset_rev = $E16C_16C1
[2026-09-21T20:11:29.083] Cog3  -MOT- inincr = -18_375_000 nTgtIncr = $7EE7_9EA8 0 sync = 0
[2026-09-21T20:11:32.541] Cog3  -MOT- inincr = 0 nTgtIncr = $0000_0000 0 sync = 0
[2026-09-21T20:11:32.733] Cog0  BS-POINT,seq,18,motor,LEFT,speed,LOW,incre,-18_375_000,phase,FINE,neg_deg,8,pos_deg,317,swept_deg,8,result,OK,steady_ms,645,ticks,90,win_ms,1_820,rate_x10,494,rate_ok,TRUE,samples,360,i_mean_mV_x10,341,i_se_mV_x10,17
[2026-09-21T20:11:32.734] Cog0  BS-POINT2,seq,18,motor,LEFT,incre,-18_375_000,i_halfA_mV_x10,328,i_halfB_mV_x10,353,unsettled,FALSE,i_min_mV,9,i_max_mV,85,duty_mean,3_703,err_mean,-42,missed_d,0,illegal_d,0,fault,FALSE,abort_i,FALSE,charge_mVs,111,drv_state,1
[2026-09-21T20:11:32.750] Cog0  BS-POINT3,seq,18,motor,LEFT,zero_mV_x10,106,net_mV_x10,235,span_ms,3_468,span_rate_x10,432,follow_pct,88,span_duty_mean,3_380,span_duty_max,5_897
[2026-09-21T20:11:34.250] Cog0  BS-ZERO,motor,LEFT,phase,REF_END,samples,200,i_mean_mV_x10,105,i_min_mV,8,i_max_mV,13,frozen,FALSE,in_band,TRUE,health_ok,NA,u_mV_x10,513,v_mV_x10,605,w_mV_x10,597
[2026-09-21T20:11:34.250] Cog0  MOT:  offset_fwd_degrees = 43, offset_fwd = $1E93_E93E
[2026-09-21T20:11:34.251] Cog0   (ind)offset_rev_degrees = 317, offset_rev = $E16C_16C1
[2026-09-21T20:11:34.267] Cog3  -MOT- inincr = -18_375_000 nTgtIncr = $7EE7_9EA8 0 sync = 0
[2026-09-21T20:11:37.725] Cog3  -MOT- inincr = 0 nTgtIncr = $0000_0000 0 sync = 0
[2026-09-21T20:11:37.916] Cog0  BS-POINT,seq,19,motor,LEFT,speed,LOW,incre,-18_375_000,phase,REF_END,neg_deg,43,pos_deg,317,swept_deg,43,result,OK,steady_ms,645,ticks,90,win_ms,1_820,rate_x10,494,rate_ok,TRUE,samples,360,i_mean_mV_x10,416,i_se_mV_x10,9
[2026-09-21T20:11:37.918] Cog0  BS-POINT2,seq,19,motor,LEFT,incre,-18_375_000,i_halfA_mV_x10,424,i_halfB_mV_x10,409,unsettled,FALSE,i_min_mV,33,i_max_mV,53,duty_mean,4_028,err_mean,-49,missed_d,0,illegal_d,0,fault,FALSE,abort_i,FALSE,charge_mVs,134,drv_state,1
[2026-09-21T20:11:37.934] Cog0  BS-POINT3,seq,19,motor,LEFT,zero_mV_x10,105,net_mV_x10,311,span_ms,3_468,span_rate_x10,429,follow_pct,87,span_duty_mean,3_661,span_duty_max,4_330
[2026-09-21T20:11:38.422] Cog0  BS-FIT,motor,LEFT,speed,LOW,sign,NEG,status,OK,n,9,centre_deg,23,span_lo_deg,3,span_hi_deg,43,extended,FALSE,pinned,FALSE
[2026-09-21T20:11:38.424] Cog0  BS-FIT2,motor,LEFT,speed,LOW,sign,NEG,min_deg_x10,246,min_se_deg_x10,4,min_mV_x10,86,rms_mV_x10,21,med_se_mV_x10,7,curv_x100,658,curv_model_pct,5_013,flat2_deg_x10,16
[2026-09-21T20:11:38.426] Cog0  BS-CLIFF,motor,LEFT,speed,LOW,sign,NEG,found,FALSE,last_good_deg,NA,first_fault_deg,NA,edge_deg_x10,NA,margin_deg_x10,NA,margin_from_fit,FALSE,edge_res_deg_x10,NA
[2026-09-21T20:11:38.428] Cog0  BS-LEG,motor,LEFT,speed,LOW,sign,NEG,served_by,OFFSET_FWD,pts,17,faults,0,aborts_i,1,ref_start_mV_x10,413,ref_end_mV_x10,416,drift_pct_x10,3,drift_flag,FALSE,exit,DONE,ref_start_net_mV_x10,310,ref_end_net_mV_x10,311
[2026-09-21T20:11:38.443] Cog0  BS-ARC,motor,LEFT,speed,LOW,sign,NEG,arc_lo_deg,3,arc_hi_deg,53,arc_deg,50,bound_lo,RISE,bound_hi,CURRENT,circle_deg,360
[2026-09-21T20:11:39.442] Cog0  BS-ZERO,motor,LEFT,phase,REF_START,samples,200,i_mean_mV_x10,108,i_min_mV,8,i_max_mV,13,frozen,FALSE,in_band,TRUE,health_ok,NA,u_mV_x10,517,v_mV_x10,602,w_mV_x10,604
[2026-09-21T20:11:39.442] Cog0  MOT:  offset_fwd_degrees = 43, offset_fwd = $1E93_E93E
[2026-09-21T20:11:39.443] Cog0   (ind)offset_rev_degrees = 317, offset_rev = $E16C_16C1
[2026-09-21T20:11:39.459] Cog3  -MOT- inincr = 18_375_000 nTgtIncr = $0118_6158 0 sync = 0
[2026-09-21T20:11:42.917] Cog3  -MOT- inincr = 0 nTgtIncr = $0000_0000 0 sync = 0
[2026-09-21T20:11:43.109] Cog0  BS-POINT,seq,20,motor,LEFT,speed,LOW,incre,18_375_000,phase,REF_START,neg_deg,43,pos_deg,317,swept_deg,-43,result,OK,steady_ms,645,ticks,90,win_ms,1_819,rate_x10,494,rate_ok,TRUE,samples,360,i_mean_mV_x10,260,i_se_mV_x10,6
[2026-09-21T20:11:43.111] Cog0  BS-POINT2,seq,20,motor,LEFT,incre,18_375_000,i_halfA_mV_x10,264,i_halfB_mV_x10,257,unsettled,FALSE,i_min_mV,20,i_max_mV,34,duty_mean,3_627,err_mean,48,missed_d,0,illegal_d,0,fault,FALSE,abort_i,FALSE,charge_mVs,88,drv_state,1
[2026-09-21T20:11:43.127] Cog0  BS-POINT3,seq,20,motor,LEFT,zero_mV_x10,108,net_mV_x10,152,span_ms,3_467,span_rate_x10,429,follow_pct,87,span_duty_mean,3_327,span_duty_max,4_124
[2026-09-21T20:11:44.625] Cog0  BS-ZERO,motor,LEFT,phase,COARSE,samples,200,i_mean_mV_x10,103,i_min_mV,8,i_max_mV,12,frozen,FALSE,in_band,TRUE,health_ok,NA,u_mV_x10,511,v_mV_x10,599,w_mV_x10,605
[2026-09-21T20:11:44.625] Cog0  MOT:  offset_fwd_degrees = 43, offset_fwd = $1E93_E93E
[2026-09-21T20:11:44.626] Cog0   (ind)offset_rev_degrees = 327, offset_rev = $E888_8888
[2026-09-21T20:11:44.641] Cog3  -MOT- inincr = 18_375_000 nTgtIncr = $0118_6158 0 sync = 0
[2026-09-21T20:11:48.099] Cog3  -MOT- inincr = 0 nTgtIncr = $0000_0000 0 sync = 0
[2026-09-21T20:11:48.291] Cog0  BS-POINT,seq,21,motor,LEFT,speed,LOW,incre,18_375_000,phase,COARSE,neg_deg,43,pos_deg,327,swept_deg,-33,result,OK,steady_ms,645,ticks,90,win_ms,1_815,rate_x10,495,rate_ok,TRUE,samples,359,i_mean_mV_x10,205,i_se_mV_x10,4
[2026-09-21T20:11:48.293] Cog0  BS-POINT2,seq,21,motor,LEFT,incre,18_375_000,i_halfA_mV_x10,201,i_halfB_mV_x10,209,unsettled,FALSE,i_min_mV,13,i_max_mV,32,duty_mean,3_424,err_mean,48,missed_d,0,illegal_d,0,fault,FALSE,abort_i,FALSE,charge_mVs,72,drv_state,1
[2026-09-21T20:11:48.309] Cog0  BS-POINT3,seq,21,motor,LEFT,zero_mV_x10,103,net_mV_x10,102,span_ms,3_462,span_rate_x10,430,follow_pct,87,span_duty_mean,3_161,span_duty_max,4_681
[2026-09-21T20:11:49.808] Cog0  BS-ZERO,motor,LEFT,phase,COARSE,samples,200,i_mean_mV_x10,113,i_min_mV,9,i_max_mV,15,frozen,FALSE,in_band,TRUE,health_ok,NA,u_mV_x10,507,v_mV_x10,602,w_mV_x10,607
[2026-09-21T20:11:49.808] Cog0  MOT:  offset_fwd_degrees = 43, offset_fwd = $1E93_E93E
[2026-09-21T20:11:49.809] Cog0   (ind)offset_rev_degrees = 337, offset_rev = $EFA4_FA4F
[2026-09-21T20:11:49.824] Cog3  -MOT- inincr = 18_375_000 nTgtIncr = $0118_6158 0 sync = 0
[2026-09-21T20:11:53.282] Cog3  -MOT- inincr = 0 nTgtIncr = $0000_0000 0 sync = 0
[2026-09-21T20:11:53.470] Cog0  BS-POINT,seq,22,motor,LEFT,speed,LOW,incre,18_375_000,phase,COARSE,neg_deg,43,pos_deg,337,swept_deg,-23,result,OK,steady_ms,645,ticks,90,win_ms,1_815,rate_x10,495,rate_ok,TRUE,samples,359,i_mean_mV_x10,263,i_se_mV_x10,2
[2026-09-21T20:11:53.472] Cog0  BS-POINT2,seq,22,motor,LEFT,incre,18_375_000,i_halfA_mV_x10,260,i_halfB_mV_x10,267,unsettled,FALSE,i_min_mV,12,i_max_mV,53,duty_mean,3_579,err_mean,45,missed_d,0,illegal_d,0,fault,FALSE,abort_i,FALSE,charge_mVs,92,drv_state,1
[2026-09-21T20:11:53.488] Cog0  BS-POINT3,seq,22,motor,LEFT,zero_mV_x10,113,net_mV_x10,150,span_ms,3_462,span_rate_x10,430,follow_pct,87,span_duty_mean,3_280,span_duty_max,5_966
[2026-09-21T20:11:54.986] Cog0  BS-ZERO,motor,LEFT,phase,COARSE,samples,200,i_mean_mV_x10,111,i_min_mV,8,i_max_mV,13,frozen,FALSE,in_band,TRUE,health_ok,NA,u_mV_x10,505,v_mV_x10,600,w_mV_x10,609
[2026-09-21T20:11:54.987] Cog0  MOT:  offset_fwd_degrees = 43, offset_fwd = $1E93_E93E
[2026-09-21T20:11:54.987] Cog0   (ind)offset_rev_degrees = 347, offset_rev = $F6C1_6C16
[2026-09-21T20:11:55.003] Cog3  -MOT- inincr = 18_375_000 nTgtIncr = $0118_6158 0 sync = 0
[2026-09-21T20:11:58.477] Cog3  -MOT- inincr = 0 nTgtIncr = $0000_0000 0 sync = 0
[2026-09-21T20:11:58.668] Cog0  BS-POINT,seq,23,motor,LEFT,speed,LOW,incre,18_375_000,phase,COARSE,neg_deg,43,pos_deg,347,swept_deg,-13,result,OK,steady_ms,650,ticks,90,win_ms,1_830,rate_x10,491,rate_ok,TRUE,samples,362,i_mean_mV_x10,366,i_se_mV_x10,2
[2026-09-21T20:11:58.670] Cog0  BS-POINT2,seq,23,motor,LEFT,incre,18_375_000,i_halfA_mV_x10,356,i_halfB_mV_x10,375,unsettled,TRUE,i_min_mV,10,i_max_mV,102,duty_mean,3_732,err_mean,41,missed_d,0,illegal_d,0,fault,FALSE,abort_i,FALSE,charge_mVs,120,drv_state,4
[2026-09-21T20:11:58.686] Cog0  BS-POINT3,seq,23,motor,LEFT,zero_mV_x10,111,net_mV_x10,255,span_ms,3_483,span_rate_x10,427,follow_pct,87,span_duty_mean,3_392,span_duty_max,6_294
[2026-09-21T20:11:59.188] Cog0  BS-WALK,motor,LEFT,speed,LOW,sign,POS,side,UP,pts,3,last_swept_deg,-13,stop,RISE,low_swept_deg,-33,low_mV_x10,205,low_net_mV_x10,102
[2026-09-21T20:12:00.186] Cog0  BS-ZERO,motor,LEFT,phase,COARSE,samples,200,i_mean_mV_x10,113,i_min_mV,8,i_max_mV,14,frozen,FALSE,in_band,TRUE,health_ok,NA,u_mV_x10,514,v_mV_x10,593,w_mV_x10,600
[2026-09-21T20:12:00.186] Cog0  MOT:  offset_fwd_degrees = 43, offset_fwd = $1E93_E93E
[2026-09-21T20:12:00.187] Cog0   (ind)offset_rev_degrees = 307, offset_rev = $DA4F_A4FA
[2026-09-21T20:12:00.202] Cog3  -MOT- inincr = 18_375_000 nTgtIncr = $0118_6158 0 sync = 0
[2026-09-21T20:12:03.660] Cog3  -MOT- inincr = 0 nTgtIncr = $0000_0000 0 sync = 0
[2026-09-21T20:12:03.853] Cog0  BS-POINT,seq,24,motor,LEFT,speed,LOW,incre,18_375_000,phase,COARSE,neg_deg,43,pos_deg,307,swept_deg,-53,result,OK,steady_ms,645,ticks,90,win_ms,1_820,rate_x10,494,rate_ok,TRUE,samples,360,i_mean_mV_x10,479,i_se_mV_x10,10
[2026-09-21T20:12:03.855] Cog0  BS-POINT2,seq,24,motor,LEFT,incre,18_375_000,i_halfA_mV_x10,466,i_halfB_mV_x10,492,unsettled,TRUE,i_min_mV,36,i_max_mV,60,duty_mean,4_164,err_mean,48,missed_d,0,illegal_d,0,fault,FALSE,abort_i,FALSE,charge_mVs,153,drv_state,1
[2026-09-21T20:12:03.871] Cog0  BS-POINT3,seq,24,motor,LEFT,zero_mV_x10,113,net_mV_x10,366,span_ms,3_468,span_rate_x10,429,follow_pct,87,span_duty_mean,3_788,span_duty_max,4_461
[2026-09-21T20:12:05.370] Cog0  BS-ZERO,motor,LEFT,phase,COARSE,samples,200,i_mean_mV_x10,114,i_min_mV,9,i_max_mV,13,frozen,FALSE,in_band,TRUE,health_ok,NA,u_mV_x10,511,v_mV_x10,592,w_mV_x10,602
[2026-09-21T20:12:05.370] Cog0  MOT:  offset_fwd_degrees = 43, offset_fwd = $1E93_E93E
[2026-09-21T20:12:05.371] Cog0   (ind)offset_rev_degrees = 297, offset_rev = $D333_3333
[2026-09-21T20:12:05.387] Cog3  -MOT- inincr = 18_375_000 nTgtIncr = $0118_6158 0 sync = 0
[2026-09-21T20:12:06.226] Cog0  BS-POINT,seq,25,motor,LEFT,speed,LOW,incre,18_375_000,phase,COARSE,neg_deg,43,pos_deg,297,swept_deg,-63,result,ABORT_I,steady_ms,645,ticks,NA,win_ms,NA,rate_x10,NA,rate_ok,FALSE,samples,NA,i_mean_mV_x10,NA,i_se_mV_x10,NA
[2026-09-21T20:12:06.228] Cog0  BS-POINT2,seq,25,motor,LEFT,incre,18_375_000,i_halfA_mV_x10,NA,i_halfB_mV_x10,NA,unsettled,FALSE,i_min_mV,NA,i_max_mV,NA,duty_mean,NA,err_mean,NA,missed_d,NA,illegal_d,NA,fault,FALSE,abort_i,TRUE,charge_mVs,35,drv_state,3
[2026-09-21T20:12:06.229] Cog0  BS-POINT3,seq,25,motor,LEFT,zero_mV_x10,114,net_mV_x10,NA,span_ms,850,span_rate_x10,235,follow_pct,47,span_duty_mean,2_910,span_duty_max,5_183
[2026-09-21T20:12:06.233] Cog0  BS-ABORT,scope,POINT,reason,ABORT_I,motor,LEFT,incre,18_375_000,seq,25,value,86,elapsed_s,149
[2026-09-21T20:12:06.233] Cog0  *VAL* legalBasePin = 32
[2026-09-21T20:12:06.235] Cog0  *VAL* legalVoltage = 6
[2026-09-21T20:12:06.235] Cog0  *VAL* legalMode = 30
[2026-09-21T20:12:06.236] Cog0  --- pinSum = 98, 64010 Rev B, highTimeUs = 72
[2026-09-21T20:12:06.236] Cog0  MOT: fwdDegrees = 14, offset_fwd = $09F4_9F49
[2026-09-21T20:12:06.236] Cog0       revDegrees = 338, offset_rev = $F05B_05B0
[2026-09-21T20:12:06.237] Cog0   - Calc FRAME: frame_cnt = 6_136
[2026-09-21T20:12:06.237] Cog0  * init values dead_gap = 70, pwm_limit = 3_033, adc_fram = 6_136, duty_min = 1_600, duty_max = 24_264
[2026-09-21T20:12:06.237] Cog0  *      values duty_up = 18, duty_dn = 4, cfg_ctcks = 135_000
[2026-09-21T20:12:06.238] Cog0  * ENTRY CFG userVoltage = 6, index = 6
[2026-09-21T20:12:06.238] Cog0  * EXIT 2 CFG eUserSelectedVolts = 6 maxFwdIncreAtPwr = 147_000_000 minFwdIncreAtPwr = 544_628
[2026-09-21T20:12:06.238] Cog0  -MOT- inincr = 0 nTgtIncr = $0000_0000 0 sync = 0
[2026-09-21T20:12:06.239] Cog0  * Motor COG #2
[2026-09-21T20:12:06.239] Cog2  INIT $0000_894E $0000_CF13 load
[2026-09-21T20:12:06.239] Cog3  INIT $0000_0FA8 $0000_CAEF jump
[2026-09-21T20:12:06.256] Cog0  * Front COG #3
[2026-09-21T20:12:07.251] Cog0  BLDC: getBoardType() driver running, not measured; returning revision recorded at start 22
[2026-09-21T20:12:07.251] Cog0  MOT:  offset_fwd_degrees = 43, offset_fwd = $1E93_E93E
[2026-09-21T20:12:07.252] Cog0   (ind)offset_rev_degrees = 317, offset_rev = $E16C_16C1
[2026-09-21T20:12:07.269] Cog0  BS-START,motor,LEFT,base,32,cog,2,cog_ok,TRUE,board_rev,22,rev_b,TRUE,board_id,REV_B,init_neg_deg,14,init_pos_deg,338,neg_deg,43,pos_deg,317,offsets_ok,TRUE,missed,0,illegal,0,integ_ok,TRUE,result,OK
[2026-09-21T20:12:07.757] Cog0  BS-WALK,motor,LEFT,speed,LOW,sign,POS,side,DOWN,pts,2,last_swept_deg,-63,stop,RISE,low_swept_deg,-33,low_mV_x10,205,low_net_mV_x10,102
[2026-09-21T20:12:07.772] Cog0  BS-BRACKET,motor,LEFT,speed,LOW,sign,POS,low_swept_deg,-33,low_mV_x10,205,below_ok,TRUE,above_ok,TRUE,bracketed,TRUE,reason,OK,low_net_mV_x10,102
[2026-09-21T20:12:08.771] Cog0  BS-ZERO,motor,LEFT,phase,FINE,samples,200,i_mean_mV_x10,90,i_min_mV,7,i_max_mV,12,frozen,FALSE,in_band,TRUE,health_ok,NA,u_mV_x10,506,v_mV_x10,587,w_mV_x10,578
[2026-09-21T20:12:08.771] Cog0  MOT:  offset_fwd_degrees = 43, offset_fwd = $1E93_E93E
[2026-09-21T20:12:08.772] Cog0   (ind)offset_rev_degrees = 327, offset_rev = $E888_8888
[2026-09-21T20:12:08.788] Cog3  -MOT- inincr = 18_375_000 nTgtIncr = $0118_6158 0 sync = 0
[2026-09-21T20:12:12.246] Cog3  -MOT- inincr = 0 nTgtIncr = $0000_0000 0 sync = 0
[2026-09-21T20:12:12.432] Cog0  BS-POINT,seq,26,motor,LEFT,speed,LOW,incre,18_375_000,phase,FINE,neg_deg,43,pos_deg,327,swept_deg,-33,result,OK,steady_ms,645,ticks,90,win_ms,1_814,rate_x10,496,rate_ok,TRUE,samples,359,i_mean_mV_x10,188,i_se_mV_x10,3
[2026-09-21T20:12:12.434] Cog0  BS-POINT2,seq,26,motor,LEFT,incre,18_375_000,i_halfA_mV_x10,191,i_halfB_mV_x10,185,unsettled,FALSE,i_min_mV,12,i_max_mV,28,duty_mean,3_423,err_mean,47,missed_d,0,illegal_d,0,fault,FALSE,abort_i,FALSE,charge_mVs,67,drv_state,1
[2026-09-21T20:12:12.451] Cog0  BS-POINT3,seq,26,motor,LEFT,zero_mV_x10,90,net_mV_x10,98,span_ms,3_462,span_rate_x10,430,follow_pct,87,span_duty_mean,3_156,span_duty_max,4_417
[2026-09-21T20:12:13.949] Cog0  BS-ZERO,motor,LEFT,phase,FINE,samples,200,i_mean_mV_x10,99,i_min_mV,8,i_max_mV,12,frozen,FALSE,in_band,TRUE,health_ok,NA,u_mV_x10,503,v_mV_x10,603,w_mV_x10,574
[2026-09-21T20:12:13.949] Cog0  MOT:  offset_fwd_degrees = 43, offset_fwd = $1E93_E93E
[2026-09-21T20:12:13.950] Cog0   (ind)offset_rev_degrees = 337, offset_rev = $EFA4_FA4F
[2026-09-21T20:12:13.966] Cog3  -MOT- inincr = 18_375_000 nTgtIncr = $0118_6158 0 sync = 0
[2026-09-21T20:12:17.423] Cog3  -MOT- inincr = 0 nTgtIncr = $0000_0000 0 sync = 0
[2026-09-21T20:12:17.611] Cog0  BS-POINT,seq,27,motor,LEFT,speed,LOW,incre,18_375_000,phase,FINE,neg_deg,43,pos_deg,337,swept_deg,-23,result,OK,steady_ms,645,ticks,90,win_ms,1_815,rate_x10,495,rate_ok,TRUE,samples,359,i_mean_mV_x10,249,i_se_mV_x10,3
[2026-09-21T20:12:17.613] Cog0  BS-POINT2,seq,27,motor,LEFT,incre,18_375_000,i_halfA_mV_x10,246,i_halfB_mV_x10,253,unsettled,FALSE,i_min_mV,10,i_max_mV,55,duty_mean,3_577,err_mean,45,missed_d,0,illegal_d,0,fault,FALSE,abort_i,FALSE,charge_mVs,83,drv_state,1
[2026-09-21T20:12:17.628] Cog0  BS-POINT3,seq,27,motor,LEFT,zero_mV_x10,99,net_mV_x10,150,span_ms,3_462,span_rate_x10,430,follow_pct,87,span_duty_mean,3_261,span_duty_max,5_447
[2026-09-21T20:12:19.127] Cog0  BS-ZERO,motor,LEFT,phase,FINE,samples,200,i_mean_mV_x10,100,i_min_mV,8,i_max_mV,12,frozen,FALSE,in_band,TRUE,health_ok,NA,u_mV_x10,499,v_mV_x10,596,w_mV_x10,594
[2026-09-21T20:12:19.128] Cog0  MOT:  offset_fwd_degrees = 43, offset_fwd = $1E93_E93E
[2026-09-21T20:12:19.128] Cog0   (ind)offset_rev_degrees = 317, offset_rev = $E16C_16C1
[2026-09-21T20:12:19.144] Cog3  -MOT- inincr = 18_375_000 nTgtIncr = $0118_6158 0 sync = 0
[2026-09-21T20:12:22.602] Cog3  -MOT- inincr = 0 nTgtIncr = $0000_0000 0 sync = 0
[2026-09-21T20:12:22.793] Cog0  BS-POINT,seq,28,motor,LEFT,speed,LOW,incre,18_375_000,phase,FINE,neg_deg,43,pos_deg,317,swept_deg,-43,result,OK,steady_ms,645,ticks,90,win_ms,1_819,rate_x10,494,rate_ok,TRUE,samples,360,i_mean_mV_x10,257,i_se_mV_x10,5
[2026-09-21T20:12:22.795] Cog0  BS-POINT2,seq,28,motor,LEFT,incre,18_375_000,i_halfA_mV_x10,267,i_halfB_mV_x10,248,unsettled,TRUE,i_min_mV,19,i_max_mV,34,duty_mean,3_628,err_mean,49,missed_d,0,illegal_d,0,fault,FALSE,abort_i,FALSE,charge_mVs,87,drv_state,1
[2026-09-21T20:12:22.811] Cog0  BS-POINT3,seq,28,motor,LEFT,zero_mV_x10,100,net_mV_x10,157,span_ms,3_468,span_rate_x10,429,follow_pct,87,span_duty_mean,3_318,span_duty_max,3_911
[2026-09-21T20:12:24.310] Cog0  BS-ZERO,motor,LEFT,phase,FINE,samples,200,i_mean_mV_x10,104,i_min_mV,8,i_max_mV,13,frozen,FALSE,in_band,TRUE,health_ok,NA,u_mV_x10,501,v_mV_x10,601,w_mV_x10,588
[2026-09-21T20:12:24.310] Cog0  MOT:  offset_fwd_degrees = 43, offset_fwd = $1E93_E93E
[2026-09-21T20:12:24.311] Cog0   (ind)offset_rev_degrees = 347, offset_rev = $F6C1_6C16
[2026-09-21T20:12:24.327] Cog3  -MOT- inincr = 18_375_000 nTgtIncr = $0118_6158 0 sync = 0
[2026-09-21T20:12:27.769] Cog3  -MOT- inincr = 0 nTgtIncr = $0000_0000 0 sync = 0
[2026-09-21T20:12:27.962] Cog0  BS-POINT,seq,29,motor,LEFT,speed,LOW,incre,18_375_000,phase,FINE,neg_deg,43,pos_deg,347,swept_deg,-13,result,OK,steady_ms,645,ticks,90,win_ms,1_804,rate_x10,498,rate_ok,TRUE,samples,357,i_mean_mV_x10,402,i_se_mV_x10,41
[2026-09-21T20:12:27.964] Cog0  BS-POINT2,seq,29,motor,LEFT,incre,18_375_000,i_halfA_mV_x10,455,i_halfB_mV_x10,353,unsettled,TRUE,i_min_mV,8,i_max_mV,129,duty_mean,3_837,err_mean,41,missed_d,0,illegal_d,0,fault,FALSE,abort_i,FALSE,charge_mVs,131,drv_state,1
[2026-09-21T20:12:27.980] Cog0  BS-POINT3,seq,29,motor,LEFT,zero_mV_x10,104,net_mV_x10,298,span_ms,3_452,span_rate_x10,431,follow_pct,87,span_duty_mean,3_467,span_duty_max,6_934
[2026-09-21T20:12:29.478] Cog0  BS-ZERO,motor,LEFT,phase,FINE,samples,200,i_mean_mV_x10,97,i_min_mV,7,i_max_mV,13,frozen,FALSE,in_band,TRUE,health_ok,NA,u_mV_x10,495,v_mV_x10,596,w_mV_x10,593
[2026-09-21T20:12:29.479] Cog0  MOT:  offset_fwd_degrees = 43, offset_fwd = $1E93_E93E
[2026-09-21T20:12:29.479] Cog0   (ind)offset_rev_degrees = 307, offset_rev = $DA4F_A4FA
[2026-09-21T20:12:29.494] Cog3  -MOT- inincr = 18_375_000 nTgtIncr = $0118_6158 0 sync = 0
[2026-09-21T20:12:32.952] Cog3  -MOT- inincr = 0 nTgtIncr = $0000_0000 0 sync = 0
[2026-09-21T20:12:33.145] Cog0  BS-POINT,seq,30,motor,LEFT,speed,LOW,incre,18_375_000,phase,FINE,neg_deg,43,pos_deg,307,swept_deg,-53,result,OK,steady_ms,645,ticks,90,win_ms,1_820,rate_x10,494,rate_ok,TRUE,samples,360,i_mean_mV_x10,469,i_se_mV_x10,12
[2026-09-21T20:12:33.147] Cog0  BS-POINT2,seq,30,motor,LEFT,incre,18_375_000,i_halfA_mV_x10,453,i_halfB_mV_x10,485,unsettled,TRUE,i_min_mV,34,i_max_mV,59,duty_mean,4_164,err_mean,48,missed_d,0,illegal_d,0,fault,FALSE,abort_i,FALSE,charge_mVs,150,drv_state,1
[2026-09-21T20:12:33.163] Cog0  BS-POINT3,seq,30,motor,LEFT,zero_mV_x10,97,net_mV_x10,372,span_ms,3_467,span_rate_x10,429,follow_pct,87,span_duty_mean,3_786,span_duty_max,4_444
[2026-09-21T20:12:34.662] Cog0  BS-ZERO,motor,LEFT,phase,FINE,samples,200,i_mean_mV_x10,101,i_min_mV,6,i_max_mV,12,frozen,FALSE,in_band,TRUE,health_ok,NA,u_mV_x10,500,v_mV_x10,592,w_mV_x10,589
[2026-09-21T20:12:34.662] Cog0  MOT:  offset_fwd_degrees = 43, offset_fwd = $1E93_E93E
[2026-09-21T20:12:34.663] Cog0   (ind)offset_rev_degrees = 332, offset_rev = $EC16_C16C
[2026-09-21T20:12:34.679] Cog3  -MOT- inincr = 18_375_000 nTgtIncr = $0118_6158 0 sync = 0
[2026-09-21T20:12:38.137] Cog3  -MOT- inincr = 0 nTgtIncr = $0000_0000 0 sync = 0
[2026-09-21T20:12:38.328] Cog0  BS-POINT,seq,31,motor,LEFT,speed,LOW,incre,18_375_000,phase,FINE,neg_deg,43,pos_deg,332,swept_deg,-28,result,OK,steady_ms,645,ticks,90,win_ms,1_819,rate_x10,494,rate_ok,TRUE,samples,360,i_mean_mV_x10,220,i_se_mV_x10,3
[2026-09-21T20:12:38.330] Cog0  BS-POINT2,seq,31,motor,LEFT,incre,18_375_000,i_halfA_mV_x10,219,i_halfB_mV_x10,221,unsettled,FALSE,i_min_mV,11,i_max_mV,50,duty_mean,3_563,err_mean,46,missed_d,0,illegal_d,0,fault,FALSE,abort_i,FALSE,charge_mVs,78,drv_state,1
[2026-09-21T20:12:38.346] Cog0  BS-POINT3,seq,31,motor,LEFT,zero_mV_x10,101,net_mV_x10,119,span_ms,3_468,span_rate_x10,429,follow_pct,87,span_duty_mean,3_257,span_duty_max,5_199
[2026-09-21T20:12:39.844] Cog0  BS-ZERO,motor,LEFT,phase,FINE,samples,200,i_mean_mV_x10,93,i_min_mV,7,i_max_mV,12,frozen,FALSE,in_band,TRUE,health_ok,NA,u_mV_x10,506,v_mV_x10,594,w_mV_x10,588
[2026-09-21T20:12:39.844] Cog0  MOT:  offset_fwd_degrees = 43, offset_fwd = $1E93_E93E
[2026-09-21T20:12:39.846] Cog0   (ind)offset_rev_degrees = 322, offset_rev = $E4FA_4FA4
[2026-09-21T20:12:39.862] Cog3  -MOT- inincr = 18_375_000 nTgtIncr = $0118_6158 0 sync = 0
[2026-09-21T20:12:43.319] Cog3  -MOT- inincr = 0 nTgtIncr = $0000_0000 0 sync = 0
[2026-09-21T20:12:43.511] Cog0  BS-POINT,seq,32,motor,LEFT,speed,LOW,incre,18_375_000,phase,FINE,neg_deg,43,pos_deg,322,swept_deg,-38,result,OK,steady_ms,645,ticks,90,win_ms,1_819,rate_x10,494,rate_ok,TRUE,samples,360,i_mean_mV_x10,199,i_se_mV_x10,3
[2026-09-21T20:12:43.513] Cog0  BS-POINT2,seq,32,motor,LEFT,incre,18_375_000,i_halfA_mV_x10,202,i_halfB_mV_x10,196,unsettled,FALSE,i_min_mV,16,i_max_mV,25,duty_mean,3_458,err_mean,48,missed_d,0,illegal_d,0,fault,FALSE,abort_i,FALSE,charge_mVs,70,drv_state,1
[2026-09-21T20:12:43.529] Cog0  BS-POINT3,seq,32,motor,LEFT,zero_mV_x10,93,net_mV_x10,106,span_ms,3_467,span_rate_x10,429,follow_pct,87,span_duty_mean,3_186,span_duty_max,4_321
[2026-09-21T20:12:45.028] Cog0  BS-ZERO,motor,LEFT,phase,FINE,samples,200,i_mean_mV_x10,90,i_min_mV,7,i_max_mV,12,frozen,FALSE,in_band,TRUE,health_ok,NA,u_mV_x10,499,v_mV_x10,597,w_mV_x10,596
[2026-09-21T20:12:45.028] Cog0  MOT:  offset_fwd_degrees = 43, offset_fwd = $1E93_E93E
[2026-09-21T20:12:45.029] Cog0   (ind)offset_rev_degrees = 342, offset_rev = $F333_3333
[2026-09-21T20:12:45.044] Cog3  -MOT- inincr = 18_375_000 nTgtIncr = $0118_6158 0 sync = 0
[2026-09-21T20:12:48.534] Cog3  -MOT- inincr = 0 nTgtIncr = $0000_0000 0 sync = 0
[2026-09-21T20:12:48.724] Cog0  BS-POINT,seq,33,motor,LEFT,speed,LOW,incre,18_375_000,phase,FINE,neg_deg,43,pos_deg,342,swept_deg,-18,result,OK,steady_ms,645,ticks,90,win_ms,1_850,rate_x10,486,rate_ok,TRUE,samples,366,i_mean_mV_x10,276,i_se_mV_x10,5
[2026-09-21T20:12:48.726] Cog0  BS-POINT2,seq,33,motor,LEFT,incre,18_375_000,i_halfA_mV_x10,292,i_halfB_mV_x10,260,unsettled,TRUE,i_min_mV,9,i_max_mV,75,duty_mean,3_583,err_mean,43,missed_d,0,illegal_d,0,fault,FALSE,abort_i,FALSE,charge_mVs,94,drv_state,1
[2026-09-21T20:12:48.742] Cog0  BS-POINT3,seq,33,motor,LEFT,zero_mV_x10,90,net_mV_x10,186,span_ms,3_497,span_rate_x10,428,follow_pct,87,span_duty_mean,3_302,span_duty_max,5_976
[2026-09-21T20:12:50.241] Cog0  BS-ZERO,motor,LEFT,phase,FINE,samples,200,i_mean_mV_x10,95,i_min_mV,7,i_max_mV,12,frozen,FALSE,in_band,TRUE,health_ok,NA,u_mV_x10,489,v_mV_x10,591,w_mV_x10,592
[2026-09-21T20:12:50.241] Cog0  MOT:  offset_fwd_degrees = 43, offset_fwd = $1E93_E93E
[2026-09-21T20:12:50.241] Cog0   (ind)offset_rev_degrees = 312, offset_rev = $DDDD_DDDD
[2026-09-21T20:12:50.257] Cog3  -MOT- inincr = 18_375_000 nTgtIncr = $0118_6158 0 sync = 0
[2026-09-21T20:12:53.715] Cog3  -MOT- inincr = 0 nTgtIncr = $0000_0000 0 sync = 0
[2026-09-21T20:12:53.908] Cog0  BS-POINT,seq,34,motor,LEFT,speed,LOW,incre,18_375_000,phase,FINE,neg_deg,43,pos_deg,312,swept_deg,-48,result,OK,steady_ms,645,ticks,90,win_ms,1_820,rate_x10,494,rate_ok,TRUE,samples,360,i_mean_mV_x10,335,i_se_mV_x10,7
[2026-09-21T20:12:53.909] Cog0  BS-POINT2,seq,34,motor,LEFT,incre,18_375_000,i_halfA_mV_x10,332,i_halfB_mV_x10,338,unsettled,FALSE,i_min_mV,25,i_max_mV,43,duty_mean,3_858,err_mean,48,missed_d,0,illegal_d,0,fault,FALSE,abort_i,FALSE,charge_mVs,110,drv_state,1
[2026-09-21T20:12:53.926] Cog0  BS-POINT3,seq,34,motor,LEFT,zero_mV_x10,95,net_mV_x10,240,span_ms,3_467,span_rate_x10,429,follow_pct,87,span_duty_mean,3_519,span_duty_max,4_136
[2026-09-21T20:12:55.425] Cog0  BS-ZERO,motor,LEFT,phase,REF_END,samples,200,i_mean_mV_x10,91,i_min_mV,6,i_max_mV,12,frozen,FALSE,in_band,TRUE,health_ok,NA,u_mV_x10,494,v_mV_x10,597,w_mV_x10,593
[2026-09-21T20:12:55.425] Cog0  MOT:  offset_fwd_degrees = 43, offset_fwd = $1E93_E93E
[2026-09-21T20:12:55.426] Cog0   (ind)offset_rev_degrees = 317, offset_rev = $E16C_16C1
[2026-09-21T20:12:55.442] Cog3  -MOT- inincr = 18_375_000 nTgtIncr = $0118_6158 0 sync = 0
[2026-09-21T20:12:58.899] Cog3  -MOT- inincr = 0 nTgtIncr = $0000_0000 0 sync = 0
[2026-09-21T20:12:59.092] Cog0  BS-POINT,seq,35,motor,LEFT,speed,LOW,incre,18_375_000,phase,REF_END,neg_deg,43,pos_deg,317,swept_deg,-43,result,OK,steady_ms,645,ticks,90,win_ms,1_820,rate_x10,494,rate_ok,TRUE,samples,360,i_mean_mV_x10,253,i_se_mV_x10,4
[2026-09-21T20:12:59.094] Cog0  BS-POINT2,seq,35,motor,LEFT,incre,18_375_000,i_halfA_mV_x10,261,i_halfB_mV_x10,246,unsettled,TRUE,i_min_mV,18,i_max_mV,33,duty_mean,3_629,err_mean,48,missed_d,0,illegal_d,0,fault,FALSE,abort_i,FALSE,charge_mVs,84,drv_state,1
[2026-09-21T20:12:59.110] Cog0  BS-POINT3,seq,35,motor,LEFT,zero_mV_x10,91,net_mV_x10,162,span_ms,3_468,span_rate_x10,429,follow_pct,87,span_duty_mean,3_319,span_duty_max,3_915
[2026-09-21T20:12:59.598] Cog0  BS-FIT,motor,LEFT,speed,LOW,sign,POS,status,OK,n,9,centre_deg,-33,span_lo_deg,-53,span_hi_deg,-13,extended,FALSE,pinned,FALSE
[2026-09-21T20:12:59.600] Cog0  BS-FIT2,motor,LEFT,speed,LOW,sign,POS,min_deg_x10,-317,min_se_deg_x10,3,min_mV_x10,93,rms_mV_x10,14,med_se_mV_x10,5,curv_x100,584,curv_model_pct,4_110,flat2_deg_x10,18
[2026-09-21T20:12:59.602] Cog0  BS-CLIFF,motor,LEFT,speed,LOW,sign,POS,found,FALSE,last_good_deg,NA,first_fault_deg,NA,edge_deg_x10,NA,margin_deg_x10,NA,margin_from_fit,FALSE,edge_res_deg_x10,NA
[2026-09-21T20:12:59.604] Cog0  BS-LEG,motor,LEFT,speed,LOW,sign,POS,served_by,OFFSET_REV,pts,16,faults,0,aborts_i,1,ref_start_mV_x10,260,ref_end_mV_x10,253,drift_pct_x10,65,drift_flag,FALSE,exit,DONE,ref_start_net_mV_x10,152,ref_end_net_mV_x10,162
[2026-09-21T20:12:59.620] Cog0  BS-ARC,motor,LEFT,speed,LOW,sign,POS,arc_lo_deg,-53,arc_hi_deg,-13,arc_deg,40,bound_lo,CURRENT,bound_hi,RISE,circle_deg,360
[2026-09-21T20:13:00.618] Cog0  BS-ZERO,motor,LEFT,phase,REF_START,samples,200,i_mean_mV_x10,94,i_min_mV,8,i_max_mV,12,frozen,FALSE,in_band,TRUE,health_ok,NA,u_mV_x10,498,v_mV_x10,598,w_mV_x10,594
[2026-09-21T20:13:00.618] Cog0  MOT:  offset_fwd_degrees = 43, offset_fwd = $1E93_E93E
[2026-09-21T20:13:00.619] Cog0   (ind)offset_rev_degrees = 317, offset_rev = $E16C_16C1
[2026-09-21T20:13:00.634] Cog3  -MOT- inincr = -36_750_000 nTgtIncr = $7DCF_3D50 0 sync = 0
[2026-09-21T20:13:05.309] Cog3  -MOT- inincr = 0 nTgtIncr = $0000_0000 0 sync = 0
[2026-09-21T20:13:05.684] Cog0  BS-POINT,seq,36,motor,LEFT,speed,QTR,incre,-36_750_000,phase,REF_START,neg_deg,43,pos_deg,317,swept_deg,43,result,OK,steady_ms,922,ticks,270,win_ms,2_750,rate_x10,981,rate_ok,TRUE,samples,544,i_mean_mV_x10,1_784,i_se_mV_x10,22
[2026-09-21T20:13:05.686] Cog0  BS-POINT2,seq,36,motor,LEFT,incre,-36_750_000,i_halfA_mV_x10,1_783,i_halfB_mV_x10,1_784,unsettled,FALSE,i_min_mV,157,i_max_mV,202,duty_mean,8_364,err_mean,-48,missed_d,0,illegal_d,0,fault,FALSE,abort_i,FALSE,charge_mVs,710,drv_state,1
[2026-09-21T20:13:05.703] Cog0  BS-POINT3,seq,36,motor,LEFT,zero_mV_x10,94,net_mV_x10,1_690,span_ms,4_675,span_rate_x10,853,follow_pct,87,span_duty_mean,7_322,span_duty_max,8_590
[2026-09-21T20:13:07.201] Cog0  BS-ZERO,motor,LEFT,phase,COARSE,samples,200,i_mean_mV_x10,94,i_min_mV,6,i_max_mV,12,frozen,FALSE,in_band,TRUE,health_ok,NA,u_mV_x10,500,v_mV_x10,604,w_mV_x10,594
[2026-09-21T20:13:07.201] Cog0  MOT:  offset_fwd_degrees = 53, offset_fwd = $25B0_5B05
[2026-09-21T20:13:07.201] Cog0   (ind)offset_rev_degrees = 317, offset_rev = $E16C_16C1
[2026-09-21T20:13:07.217] Cog3  -MOT- inincr = -36_750_000 nTgtIncr = $7DCF_3D50 0 sync = 0
[2026-09-21T20:13:10.964] Cog3  -MOT- inincr = 0 nTgtIncr = $0000_0000 0 sync = 0
[2026-09-21T20:13:11.351] Cog0  BS-POINT,seq,37,motor,LEFT,speed,QTR,incre,-36_750_000,phase,COARSE,neg_deg,53,pos_deg,317,swept_deg,53,result,OK,steady_ms,923,ticks,180,win_ms,1_835,rate_x10,980,rate_ok,TRUE,samples,363,i_mean_mV_x10,4_043,i_se_mV_x10,54
[2026-09-21T20:13:11.353] Cog0  BS-POINT2,seq,37,motor,LEFT,incre,-36_750_000,i_halfA_mV_x10,4_044,i_halfB_mV_x10,4_042,unsettled,FALSE,i_min_mV,365,i_max_mV,441,duty_mean,10_384,err_mean,-48,missed_d,0,illegal_d,0,fault,FALSE,abort_i,FALSE,charge_mVs,1_205,drv_state,1
[2026-09-21T20:13:11.370] Cog0  BS-POINT3,seq,37,motor,LEFT,zero_mV_x10,94,net_mV_x10,3_949,span_ms,3_760,span_rate_x10,821,follow_pct,83,span_duty_mean,8_641,span_duty_max,10_673
[2026-09-21T20:13:12.868] Cog0  BS-ZERO,motor,LEFT,phase,COARSE,samples,200,i_mean_mV_x10,95,i_min_mV,7,i_max_mV,12,frozen,FALSE,in_band,TRUE,health_ok,NA,u_mV_x10,501,v_mV_x10,600,w_mV_x10,597
[2026-09-21T20:13:12.868] Cog0  MOT:  offset_fwd_degrees = 63, offset_fwd = $2CCC_CCCC
[2026-09-21T20:13:12.869] Cog0   (ind)offset_rev_degrees = 317, offset_rev = $E16C_16C1
[2026-09-21T20:13:12.885] Cog3  -MOT- inincr = -36_750_000 nTgtIncr = $7DCF_3D50 0 sync = 0
[2026-09-21T20:13:14.010] Cog0  BS-POINT,seq,38,motor,LEFT,speed,QTR,incre,-36_750_000,phase,COARSE,neg_deg,63,pos_deg,317,swept_deg,63,result,ABORT_I,steady_ms,922,ticks,NA,win_ms,NA,rate_x10,NA,rate_ok,FALSE,samples,NA,i_mean_mV_x10,NA,i_se_mV_x10,NA
[2026-09-21T20:13:14.012] Cog0  BS-POINT2,seq,38,motor,LEFT,incre,-36_750_000,i_halfA_mV_x10,NA,i_halfB_mV_x10,NA,unsettled,FALSE,i_min_mV,NA,i_max_mV,NA,duty_mean,NA,err_mean,NA,missed_d,NA,illegal_d,NA,fault,FALSE,abort_i,TRUE,charge_mVs,221,drv_state,3
[2026-09-21T20:13:14.013] Cog0  BS-POINT3,seq,38,motor,LEFT,zero_mV_x10,95,net_mV_x10,NA,span_ms,1_137,span_rate_x10,448,follow_pct,45,span_duty_mean,5_607,span_duty_max,12_718
[2026-09-21T20:13:14.018] Cog0  BS-ABORT,scope,POINT,reason,ABORT_I,motor,LEFT,incre,-36_750_000,seq,38,value,721,elapsed_s,217
[2026-09-21T20:13:14.020] Cog0  *VAL* legalBasePin = 32
[2026-09-21T20:13:14.020] Cog0  *VAL* legalVoltage = 6
[2026-09-21T20:13:14.020] Cog0  *VAL* legalMode = 30
[2026-09-21T20:13:14.020] Cog0  --- pinSum = 97, 64010 Rev B, highTimeUs = 71
[2026-09-21T20:13:14.021] Cog0  MOT: fwdDegrees = 14, offset_fwd = $09F4_9F49
[2026-09-21T20:13:14.021] Cog0       revDegrees = 338, offset_rev = $F05B_05B0
[2026-09-21T20:13:14.021] Cog0   - Calc FRAME: frame_cnt = 6_136
[2026-09-21T20:13:14.022] Cog0  * init values dead_gap = 70, pwm_limit = 3_033, adc_fram = 6_136, duty_min = 1_600, duty_max = 24_264
[2026-09-21T20:13:14.022] Cog0  *      values duty_up = 18, duty_dn = 4, cfg_ctcks = 135_000
[2026-09-21T20:13:14.022] Cog0  * ENTRY CFG userVoltage = 6, index = 6
[2026-09-21T20:13:14.023] Cog0  * EXIT 2 CFG eUserSelectedVolts = 6 maxFwdIncreAtPwr = 147_000_000 minFwdIncreAtPwr = 544_628
[2026-09-21T20:13:14.023] Cog0  -MOT- inincr = 0 nTgtIncr = $0000_0000 0 sync = 0
[2026-09-21T20:13:14.023] Cog0  * Motor COG #2
[2026-09-21T20:13:14.024] Cog2  INIT $0000_894E $0000_CF13 load
[2026-09-21T20:13:14.024] Cog3  INIT $0000_0FA8 $0000_CAEF jump
[2026-09-21T20:13:14.040] Cog0  * Front COG #3
[2026-09-21T20:13:15.035] Cog0  BLDC: getBoardType() driver running, not measured; returning revision recorded at start 22
[2026-09-21T20:13:15.036] Cog0  MOT:  offset_fwd_degrees = 43, offset_fwd = $1E93_E93E
[2026-09-21T20:13:15.037] Cog0   (ind)offset_rev_degrees = 317, offset_rev = $E16C_16C1
[2026-09-21T20:13:15.053] Cog0  BS-START,motor,LEFT,base,32,cog,2,cog_ok,TRUE,board_rev,22,rev_b,TRUE,board_id,REV_B,init_neg_deg,14,init_pos_deg,338,neg_deg,43,pos_deg,317,offsets_ok,TRUE,missed,0,illegal,0,integ_ok,TRUE,result,OK
[2026-09-21T20:13:15.556] Cog0  BS-WALK,motor,LEFT,speed,QTR,sign,NEG,side,UP,pts,2,last_swept_deg,63,stop,RISE,low_swept_deg,43,low_mV_x10,1_784,low_net_mV_x10,1_690
[2026-09-21T20:13:16.554] Cog0  BS-ZERO,motor,LEFT,phase,COARSE,samples,200,i_mean_mV_x10,86,i_min_mV,7,i_max_mV,11,frozen,FALSE,in_band,TRUE,health_ok,NA,u_mV_x10,492,v_mV_x10,578,w_mV_x10,585
[2026-09-21T20:13:16.554] Cog0  MOT:  offset_fwd_degrees = 33, offset_fwd = $1777_7777
[2026-09-21T20:13:16.555] Cog0   (ind)offset_rev_degrees = 317, offset_rev = $E16C_16C1
[2026-09-21T20:13:16.570] Cog3  -MOT- inincr = -36_750_000 nTgtIncr = $7DCF_3D50 0 sync = 0
[2026-09-21T20:13:20.316] Cog3  -MOT- inincr = 0 nTgtIncr = $0000_0000 0 sync = 0
[2026-09-21T20:13:20.704] Cog0  BS-POINT,seq,39,motor,LEFT,speed,QTR,incre,-36_750_000,phase,COARSE,neg_deg,33,pos_deg,317,swept_deg,33,result,OK,steady_ms,922,ticks,180,win_ms,1_835,rate_x10,980,rate_ok,TRUE,samples,363,i_mean_mV_x10,777,i_se_mV_x10,12
[2026-09-21T20:13:20.706] Cog0  BS-POINT2,seq,39,motor,LEFT,incre,-36_750_000,i_halfA_mV_x10,774,i_halfB_mV_x10,781,unsettled,FALSE,i_min_mV,65,i_max_mV,90,duty_mean,7_152,err_mean,-48,missed_d,0,illegal_d,0,fault,FALSE,abort_i,FALSE,charge_mVs,248,drv_state,1
[2026-09-21T20:13:20.722] Cog0  BS-POINT3,seq,39,motor,LEFT,zero_mV_x10,86,net_mV_x10,691,span_ms,3_760,span_rate_x10,821,follow_pct,83,span_duty_mean,6_109,span_duty_max,7_363
[2026-09-21T20:13:22.221] Cog0  BS-ZERO,motor,LEFT,phase,COARSE,samples,200,i_mean_mV_x10,106,i_min_mV,8,i_max_mV,12,frozen,FALSE,in_band,TRUE,health_ok,NA,u_mV_x10,485,v_mV_x10,580,w_mV_x10,587
[2026-09-21T20:13:22.221] Cog0  MOT:  offset_fwd_degrees = 23, offset_fwd = $105B_05B0
[2026-09-21T20:13:22.222] Cog0   (ind)offset_rev_degrees = 317, offset_rev = $E16C_16C1
[2026-09-21T20:13:22.238] Cog3  -MOT- inincr = -36_750_000 nTgtIncr = $7DCF_3D50 0 sync = 0
[2026-09-21T20:13:26.000] Cog3  -MOT- inincr = 0 nTgtIncr = $0000_0000 0 sync = 0
[2026-09-21T20:13:26.374] Cog0  BS-POINT,seq,40,motor,LEFT,speed,QTR,incre,-36_750_000,phase,COARSE,neg_deg,23,pos_deg,317,swept_deg,23,result,OK,steady_ms,933,ticks,180,win_ms,1_825,rate_x10,986,rate_ok,TRUE,samples,361,i_mean_mV_x10,348,i_se_mV_x10,7
[2026-09-21T20:13:26.376] Cog0  BS-POINT2,seq,40,motor,LEFT,incre,-36_750_000,i_halfA_mV_x10,347,i_halfB_mV_x10,349,unsettled,FALSE,i_min_mV,27,i_max_mV,43,duty_mean,6_411,err_mean,-49,missed_d,0,illegal_d,0,fault,FALSE,abort_i,FALSE,charge_mVs,125,drv_state,1
[2026-09-21T20:13:26.391] Cog0  BS-POINT3,seq,40,motor,LEFT,zero_mV_x10,106,net_mV_x10,242,span_ms,3_760,span_rate_x10,821,follow_pct,83,span_duty_mean,5_540,span_duty_max,6_924
[2026-09-21T20:13:27.890] Cog0  BS-ZERO,motor,LEFT,phase,COARSE,samples,200,i_mean_mV_x10,106,i_min_mV,8,i_max_mV,12,frozen,FALSE,in_band,TRUE,health_ok,NA,u_mV_x10,486,v_mV_x10,580,w_mV_x10,587
[2026-09-21T20:13:27.891] Cog0  MOT:  offset_fwd_degrees = 13, offset_fwd = $093E_93E9
[2026-09-21T20:13:27.891] Cog0   (ind)offset_rev_degrees = 317, offset_rev = $E16C_16C1
[2026-09-21T20:13:27.907] Cog3  -MOT- inincr = -36_750_000 nTgtIncr = $7DCF_3D50 0 sync = 0
[2026-09-21T20:13:31.685] Cog3  -MOT- inincr = 0 nTgtIncr = $0000_0000 0 sync = 0
[2026-09-21T20:13:32.061] Cog0  BS-POINT,seq,41,motor,LEFT,speed,QTR,incre,-36_750_000,phase,COARSE,neg_deg,13,pos_deg,317,swept_deg,13,result,OK,steady_ms,947,ticks,180,win_ms,1_830,rate_x10,983,rate_ok,TRUE,samples,362,i_mean_mV_x10,240,i_se_mV_x10,4
[2026-09-21T20:13:32.063] Cog0  BS-POINT2,seq,41,motor,LEFT,incre,-36_750_000,i_halfA_mV_x10,240,i_halfB_mV_x10,241,unsettled,FALSE,i_min_mV,15,i_max_mV,38,duty_mean,6_194,err_mean,-48,missed_d,0,illegal_d,0,fault,FALSE,abort_i,FALSE,charge_mVs,98,drv_state,1
[2026-09-21T20:13:32.079] Cog0  BS-POINT3,seq,41,motor,LEFT,zero_mV_x10,106,net_mV_x10,134,span_ms,3_780,span_rate_x10,820,follow_pct,83,span_duty_mean,5_376,span_duty_max,7_146
[2026-09-21T20:13:33.578] Cog0  BS-ZERO,motor,LEFT,phase,COARSE,samples,200,i_mean_mV_x10,101,i_min_mV,8,i_max_mV,13,frozen,FALSE,in_band,TRUE,health_ok,NA,u_mV_x10,487,v_mV_x10,577,w_mV_x10,594
[2026-09-21T20:13:33.578] Cog0  MOT:  offset_fwd_degrees = 3, offset_fwd = $0222_2222
[2026-09-21T20:13:33.579] Cog0   (ind)offset_rev_degrees = 317, offset_rev = $E16C_16C1
[2026-09-21T20:13:33.594] Cog3  -MOT- inincr = -36_750_000 nTgtIncr = $7DCF_3D50 0 sync = 0
[2026-09-21T20:13:37.388] Cog3  -MOT- inincr = 0 nTgtIncr = $0000_0000 0 sync = 0
[2026-09-21T20:13:37.770] Cog0  BS-POINT,seq,42,motor,LEFT,speed,QTR,incre,-36_750_000,phase,COARSE,neg_deg,3,pos_deg,317,swept_deg,3,result,OK,steady_ms,973,ticks,180,win_ms,1_825,rate_x10,986,rate_ok,TRUE,samples,361,i_mean_mV_x10,295,i_se_mV_x10,7
[2026-09-21T20:13:37.772] Cog0  BS-POINT2,seq,42,motor,LEFT,incre,-36_750_000,i_halfA_mV_x10,293,i_halfB_mV_x10,296,unsettled,FALSE,i_min_mV,13,i_max_mV,67,duty_mean,6_150,err_mean,-47,missed_d,0,illegal_d,0,fault,FALSE,abort_i,FALSE,charge_mVs,128,drv_state,1
[2026-09-21T20:13:37.787] Cog0  BS-POINT3,seq,42,motor,LEFT,zero_mV_x10,101,net_mV_x10,194,span_ms,3_801,span_rate_x10,818,follow_pct,83,span_duty_mean,5_353,span_duty_max,8_487
[2026-09-21T20:13:39.286] Cog0  BS-ZERO,motor,LEFT,phase,COARSE,samples,200,i_mean_mV_x10,105,i_min_mV,8,i_max_mV,13,frozen,FALSE,in_band,TRUE,health_ok,NA,u_mV_x10,485,v_mV_x10,585,w_mV_x10,599
[2026-09-21T20:13:39.286] Cog0  MOT:  offset_fwd_degrees = 353, offset_fwd = $FB05_B05B
[2026-09-21T20:13:39.288] Cog0   (ind)offset_rev_degrees = 317, offset_rev = $E16C_16C1
[2026-09-21T20:13:39.303] Cog3  -MOT- inincr = -36_750_000 nTgtIncr = $7DCF_3D50 0 sync = 0
[2026-09-21T20:13:43.161] Cog3  -MOT- inincr = 0 nTgtIncr = $0000_0000 0 sync = 0
[2026-09-21T20:13:43.545] Cog0  BS-POINT,seq,43,motor,LEFT,speed,QTR,incre,-36_750_000,phase,COARSE,neg_deg,353,pos_deg,317,swept_deg,-7,result,OK,steady_ms,1_003,ticks,180,win_ms,1_860,rate_x10,967,rate_ok,TRUE,samples,368,i_mean_mV_x10,1_386,i_se_mV_x10,72
[2026-09-21T20:13:43.547] Cog0  BS-POINT2,seq,43,motor,LEFT,incre,-36_750_000,i_halfA_mV_x10,1_388,i_halfB_mV_x10,1_384,unsettled,FALSE,i_min_mV,12,i_max_mV,408,duty_mean,7_204,err_mean,-38,missed_d,0,illegal_d,0,fault,FALSE,abort_i,FALSE,charge_mVs,492,drv_state,1
[2026-09-21T20:13:43.563] Cog0  BS-POINT3,seq,43,motor,LEFT,zero_mV_x10,105,net_mV_x10,1_281,span_ms,3_866,span_rate_x10,807,follow_pct,82,span_duty_mean,6_242,span_duty_max,10_976
[2026-09-21T20:13:44.051] Cog0  BS-WALK,motor,LEFT,speed,QTR,sign,NEG,side,DOWN,pts,5,last_swept_deg,-7,stop,RISE,low_swept_deg,13,low_mV_x10,240,low_net_mV_x10,134
[2026-09-21T20:13:44.067] Cog0  BS-BRACKET,motor,LEFT,speed,QTR,sign,NEG,low_swept_deg,13,low_mV_x10,240,below_ok,TRUE,above_ok,TRUE,bracketed,TRUE,reason,OK,low_net_mV_x10,134
[2026-09-21T20:13:45.065] Cog0  BS-ZERO,motor,LEFT,phase,FINE,samples,200,i_mean_mV_x10,105,i_min_mV,8,i_max_mV,12,frozen,FALSE,in_band,TRUE,health_ok,NA,u_mV_x10,480,v_mV_x10,581,w_mV_x10,595
[2026-09-21T20:13:45.065] Cog0  MOT:  offset_fwd_degrees = 13, offset_fwd = $093E_93E9
[2026-09-21T20:13:45.066] Cog0   (ind)offset_rev_degrees = 317, offset_rev = $E16C_16C1
[2026-09-21T20:13:45.082] Cog3  -MOT- inincr = -36_750_000 nTgtIncr = $7DCF_3D50 0 sync = 0
[2026-09-21T20:13:49.788] Cog3  -MOT- inincr = 0 nTgtIncr = $0000_0000 0 sync = 0
[2026-09-21T20:13:50.162] Cog0  BS-POINT,seq,44,motor,LEFT,speed,QTR,incre,-36_750_000,phase,FINE,neg_deg,13,pos_deg,317,swept_deg,13,result,OK,steady_ms,948,ticks,270,win_ms,2_755,rate_x10,980,rate_ok,TRUE,samples,545,i_mean_mV_x10,236,i_se_mV_x10,2
[2026-09-21T20:13:50.163] Cog0  BS-POINT2,seq,44,motor,LEFT,incre,-36_750_000,i_halfA_mV_x10,239,i_halfB_mV_x10,234,unsettled,FALSE,i_min_mV,16,i_max_mV,42,duty_mean,6_199,err_mean,-48,missed_d,0,illegal_d,0,fault,FALSE,abort_i,FALSE,charge_mVs,118,drv_state,1
[2026-09-21T20:13:50.180] Cog0  BS-POINT3,seq,44,motor,LEFT,zero_mV_x10,105,net_mV_x10,131,span_ms,4_705,span_rate_x10,852,follow_pct,86,span_duty_mean,5_537,span_duty_max,7_122
[2026-09-21T20:13:51.678] Cog0  BS-ZERO,motor,LEFT,phase,FINE,samples,200,i_mean_mV_x10,98,i_min_mV,8,i_max_mV,12,frozen,FALSE,in_band,TRUE,health_ok,NA,u_mV_x10,486,v_mV_x10,585,w_mV_x10,595
[2026-09-21T20:13:51.678] Cog0  MOT:  offset_fwd_degrees = 23, offset_fwd = $105B_05B0
[2026-09-21T20:13:51.679] Cog0   (ind)offset_rev_degrees = 317, offset_rev = $E16C_16C1
[2026-09-21T20:13:51.695] Cog3  -MOT- inincr = -36_750_000 nTgtIncr = $7DCF_3D50 0 sync = 0
[2026-09-21T20:13:56.370] Cog3  -MOT- inincr = 0 nTgtIncr = $0000_0000 0 sync = 0
[2026-09-21T20:13:56.744] Cog0  BS-POINT,seq,45,motor,LEFT,speed,QTR,incre,-36_750_000,phase,FINE,neg_deg,23,pos_deg,317,swept_deg,23,result,OK,steady_ms,932,ticks,270,win_ms,2_739,rate_x10,985,rate_ok,TRUE,samples,542,i_mean_mV_x10,343,i_se_mV_x10,5
[2026-09-21T20:13:56.746] Cog0  BS-POINT2,seq,45,motor,LEFT,incre,-36_750_000,i_halfA_mV_x10,342,i_halfB_mV_x10,345,unsettled,FALSE,i_min_mV,25,i_max_mV,43,duty_mean,6_412,err_mean,-49,missed_d,0,illegal_d,0,fault,FALSE,abort_i,FALSE,charge_mVs,154,drv_state,1
[2026-09-21T20:13:56.762] Cog0  BS-POINT3,seq,45,motor,LEFT,zero_mV_x10,98,net_mV_x10,245,span_ms,4_674,span_rate_x10,853,follow_pct,87,span_duty_mean,5_709,span_duty_max,6_743
[2026-09-21T20:13:58.261] Cog0  BS-ZERO,motor,LEFT,phase,FINE,samples,200,i_mean_mV_x10,108,i_min_mV,8,i_max_mV,14,frozen,FALSE,in_band,TRUE,health_ok,NA,u_mV_x10,489,v_mV_x10,585,w_mV_x10,594
[2026-09-21T20:13:58.261] Cog0  MOT:  offset_fwd_degrees = 3, offset_fwd = $0222_2222
[2026-09-21T20:13:58.262] Cog0   (ind)offset_rev_degrees = 317, offset_rev = $E16C_16C1
[2026-09-21T20:13:58.278] Cog3  -MOT- inincr = -36_750_000 nTgtIncr = $7DCF_3D50 0 sync = 0
[2026-09-21T20:14:02.984] Cog3  -MOT- inincr = 0 nTgtIncr = $0000_0000 0 sync = 0
[2026-09-21T20:14:03.372] Cog0  BS-POINT,seq,46,motor,LEFT,speed,QTR,incre,-36_750_000,phase,FINE,neg_deg,3,pos_deg,317,swept_deg,3,result,OK,steady_ms,972,ticks,270,win_ms,2_745,rate_x10,983,rate_ok,TRUE,samples,543,i_mean_mV_x10,298,i_se_mV_x10,5
[2026-09-21T20:14:03.374] Cog0  BS-POINT2,seq,46,motor,LEFT,incre,-36_750_000,i_halfA_mV_x10,295,i_halfB_mV_x10,301,unsettled,FALSE,i_min_mV,13,i_max_mV,68,duty_mean,6_142,err_mean,-46,missed_d,0,illegal_d,0,fault,FALSE,abort_i,FALSE,charge_mVs,160,drv_state,1
[2026-09-21T20:14:03.389] Cog0  BS-POINT3,seq,46,motor,LEFT,zero_mV_x10,108,net_mV_x10,190,span_ms,4_720,span_rate_x10,849,follow_pct,86,span_duty_mean,5_512,span_duty_max,8_687
[2026-09-21T20:14:04.888] Cog0  BS-ZERO,motor,LEFT,phase,FINE,samples,200,i_mean_mV_x10,110,i_min_mV,8,i_max_mV,13,frozen,FALSE,in_band,TRUE,health_ok,NA,u_mV_x10,485,v_mV_x10,581,w_mV_x10,592
[2026-09-21T20:14:04.888] Cog0  MOT:  offset_fwd_degrees = 18, offset_fwd = $0CCC_CCCC
[2026-09-21T20:14:04.890] Cog0   (ind)offset_rev_degrees = 317, offset_rev = $E16C_16C1
[2026-09-21T20:14:04.905] Cog3  -MOT- inincr = -36_750_000 nTgtIncr = $7DCF_3D50 0 sync = 0
[2026-09-21T20:14:09.596] Cog3  -MOT- inincr = 0 nTgtIncr = $0000_0000 0 sync = 0
[2026-09-21T20:14:09.970] Cog0  BS-POINT,seq,47,motor,LEFT,speed,QTR,incre,-36_750_000,phase,FINE,neg_deg,18,pos_deg,317,swept_deg,18,result,OK,steady_ms,943,ticks,270,win_ms,2_745,rate_x10,983,rate_ok,TRUE,samples,543,i_mean_mV_x10,247,i_se_mV_x10,3
[2026-09-21T20:14:09.972] Cog0  BS-POINT2,seq,47,motor,LEFT,incre,-36_750_000,i_halfA_mV_x10,246,i_halfB_mV_x10,249,unsettled,FALSE,i_min_mV,20,i_max_mV,31,duty_mean,6_179,err_mean,-49,missed_d,0,illegal_d,0,fault,FALSE,abort_i,FALSE,charge_mVs,121,drv_state,1
[2026-09-21T20:14:09.988] Cog0  BS-POINT3,seq,47,motor,LEFT,zero_mV_x10,110,net_mV_x10,137,span_ms,4_690,span_rate_x10,852,follow_pct,86,span_duty_mean,5_526,span_duty_max,7_098
[2026-09-21T20:14:11.486] Cog0  BS-ZERO,motor,LEFT,phase,FINE,samples,200,i_mean_mV_x10,115,i_min_mV,9,i_max_mV,14,frozen,FALSE,in_band,TRUE,health_ok,NA,u_mV_x10,491,v_mV_x10,583,w_mV_x10,591
[2026-09-21T20:14:11.486] Cog0  MOT:  offset_fwd_degrees = 8, offset_fwd = $05B0_5B05
[2026-09-21T20:14:11.487] Cog0   (ind)offset_rev_degrees = 317, offset_rev = $E16C_16C1
[2026-09-21T20:14:11.503] Cog3  -MOT- inincr = -36_750_000 nTgtIncr = $7DCF_3D50 0 sync = 0
[2026-09-21T20:14:16.194] Cog3  -MOT- inincr = 0 nTgtIncr = $0000_0000 0 sync = 0
[2026-09-21T20:14:16.583] Cog0  BS-POINT,seq,48,motor,LEFT,speed,QTR,incre,-36_750_000,phase,FINE,neg_deg,8,pos_deg,317,swept_deg,8,result,OK,steady_ms,957,ticks,270,win_ms,2_744,rate_x10,983,rate_ok,TRUE,samples,543,i_mean_mV_x10,256,i_se_mV_x10,2
[2026-09-21T20:14:16.585] Cog0  BS-POINT2,seq,48,motor,LEFT,incre,-36_750_000,i_halfA_mV_x10,256,i_halfB_mV_x10,256,unsettled,FALSE,i_min_mV,15,i_max_mV,44,duty_mean,6_163,err_mean,-47,missed_d,0,illegal_d,0,fault,FALSE,abort_i,FALSE,charge_mVs,131,drv_state,1
[2026-09-21T20:14:16.601] Cog0  BS-POINT3,seq,48,motor,LEFT,zero_mV_x10,115,net_mV_x10,141,span_ms,4_704,span_rate_x10,852,follow_pct,86,span_duty_mean,5_515,span_duty_max,7_328
[2026-09-21T20:14:18.099] Cog0  BS-ZERO,motor,LEFT,phase,FINE,samples,200,i_mean_mV_x10,112,i_min_mV,9,i_max_mV,14,frozen,FALSE,in_band,TRUE,health_ok,NA,u_mV_x10,490,v_mV_x10,592,w_mV_x10,588
[2026-09-21T20:14:18.100] Cog0  MOT:  offset_fwd_degrees = 28, offset_fwd = $13E9_3E93
[2026-09-21T20:14:18.100] Cog0   (ind)offset_rev_degrees = 317, offset_rev = $E16C_16C1
[2026-09-21T20:14:18.116] Cog3  -MOT- inincr = -36_750_000 nTgtIncr = $7DCF_3D50 0 sync = 0
[2026-09-21T20:14:22.790] Cog3  -MOT- inincr = 0 nTgtIncr = $0000_0000 0 sync = 0
[2026-09-21T20:14:23.165] Cog0  BS-POINT,seq,49,motor,LEFT,speed,QTR,incre,-36_750_000,phase,FINE,neg_deg,28,pos_deg,317,swept_deg,28,result,OK,steady_ms,927,ticks,270,win_ms,2_744,rate_x10,983,rate_ok,TRUE,samples,543,i_mean_mV_x10,523,i_se_mV_x10,8
[2026-09-21T20:14:23.167] Cog0  BS-POINT2,seq,49,motor,LEFT,incre,-36_750_000,i_halfA_mV_x10,530,i_halfB_mV_x10,516,unsettled,FALSE,i_min_mV,43,i_max_mV,64,duty_mean,6_735,err_mean,-48,missed_d,0,illegal_d,0,fault,FALSE,abort_i,FALSE,charge_mVs,222,drv_state,1
[2026-09-21T20:14:23.182] Cog0  BS-POINT3,seq,49,motor,LEFT,zero_mV_x10,112,net_mV_x10,411,span_ms,4_675,span_rate_x10,853,follow_pct,87,span_duty_mean,5_968,span_duty_max,6_928
[2026-09-21T20:14:24.681] Cog0  BS-ZERO,motor,LEFT,phase,FINE,samples,200,i_mean_mV_x10,109,i_min_mV,8,i_max_mV,14,frozen,FALSE,in_band,TRUE,health_ok,NA,u_mV_x10,494,v_mV_x10,593,w_mV_x10,587
[2026-09-21T20:14:24.682] Cog0  MOT:  offset_fwd_degrees = 358, offset_fwd = $FE93_E93E
[2026-09-21T20:14:24.683] Cog0   (ind)offset_rev_degrees = 317, offset_rev = $E16C_16C1
[2026-09-21T20:14:24.698] Cog3  -MOT- inincr = -36_750_000 nTgtIncr = $7DCF_3D50 0 sync = 0
[2026-09-21T20:14:29.437] Cog3  -MOT- inincr = 0 nTgtIncr = $0000_0000 0 sync = 0
[2026-09-21T20:14:29.814] Cog0  BS-POINT,seq,50,motor,LEFT,speed,QTR,incre,-36_750_000,phase,FINE,neg_deg,358,pos_deg,317,swept_deg,-2,result,OK,steady_ms,983,ticks,270,win_ms,2_754,rate_x10,980,rate_ok,TRUE,samples,545,i_mean_mV_x10,455,i_se_mV_x10,18
[2026-09-21T20:14:29.816] Cog0  BS-POINT2,seq,50,motor,LEFT,incre,-36_750_000,i_halfA_mV_x10,464,i_halfB_mV_x10,446,unsettled,FALSE,i_min_mV,12,i_max_mV,137,duty_mean,6_264,err_mean,-44,missed_d,0,illegal_d,0,fault,FALSE,abort_i,FALSE,charge_mVs,239,drv_state,1
[2026-09-21T20:14:29.832] Cog0  BS-POINT3,seq,50,motor,LEFT,zero_mV_x10,109,net_mV_x10,346,span_ms,4_740,span_rate_x10,848,follow_pct,86,span_duty_mean,5_635,span_duty_max,9_662
[2026-09-21T20:14:31.332] Cog0  BS-ZERO,motor,LEFT,phase,REF_END,samples,200,i_mean_mV_x10,117,i_min_mV,9,i_max_mV,15,frozen,FALSE,in_band,TRUE,health_ok,NA,u_mV_x10,498,v_mV_x10,596,w_mV_x10,589
[2026-09-21T20:14:31.332] Cog0  MOT:  offset_fwd_degrees = 43, offset_fwd = $1E93_E93E
[2026-09-21T20:14:31.333] Cog0   (ind)offset_rev_degrees = 317, offset_rev = $E16C_16C1
[2026-09-21T20:14:31.348] Cog3  -MOT- inincr = -36_750_000 nTgtIncr = $7DCF_3D50 0 sync = 0
[2026-09-21T20:14:36.023] Cog3  -MOT- inincr = 0 nTgtIncr = $0000_0000 0 sync = 0
[2026-09-21T20:14:36.397] Cog0  BS-POINT,seq,51,motor,LEFT,speed,QTR,incre,-36_750_000,phase,REF_END,neg_deg,43,pos_deg,317,swept_deg,43,result,OK,steady_ms,922,ticks,270,win_ms,2_749,rate_x10,982,rate_ok,TRUE,samples,544,i_mean_mV_x10,1_793,i_se_mV_x10,23
[2026-09-21T20:14:36.399] Cog0  BS-POINT2,seq,51,motor,LEFT,incre,-36_750_000,i_halfA_mV_x10,1_791,i_halfB_mV_x10,1_795,unsettled,FALSE,i_min_mV,158,i_max_mV,203,duty_mean,8_368,err_mean,-48,missed_d,0,illegal_d,0,fault,FALSE,abort_i,FALSE,charge_mVs,716,drv_state,1
[2026-09-21T20:14:36.415] Cog0  BS-POINT3,seq,51,motor,LEFT,zero_mV_x10,117,net_mV_x10,1_676,span_ms,4_675,span_rate_x10,853,follow_pct,87,span_duty_mean,7_326,span_duty_max,8_611
[2026-09-21T20:14:36.903] Cog0  BS-FIT,motor,LEFT,speed,QTR,sign,NEG,status,OK,n,7,centre_deg,13,span_lo_deg,-2,span_hi_deg,28,extended,FALSE,pinned,FALSE
[2026-09-21T20:14:36.905] Cog0  BS-FIT2,motor,LEFT,speed,QTR,sign,NEG,min_deg_x10,121,min_se_deg_x10,3,min_mV_x10,112,rms_mV_x10,16,med_se_mV_x10,5,curv_x100,1_156,curv_model_pct,6_766,flat2_deg_x10,14
[2026-09-21T20:14:36.907] Cog0  BS-CLIFF,motor,LEFT,speed,QTR,sign,NEG,found,FALSE,last_good_deg,NA,first_fault_deg,NA,edge_deg_x10,NA,margin_deg_x10,NA,margin_from_fit,FALSE,edge_res_deg_x10,NA
[2026-09-21T20:14:36.909] Cog0  BS-LEG,motor,LEFT,speed,QTR,sign,NEG,served_by,OFFSET_FWD,pts,16,faults,0,aborts_i,1,ref_start_mV_x10,1_784,ref_end_mV_x10,1_793,drift_pct_x10,-8,drift_flag,FALSE,exit,DONE,ref_start_net_mV_x10,1_690,ref_end_net_mV_x10,1_676
[2026-09-21T20:14:36.925] Cog0  BS-ARC,motor,LEFT,speed,QTR,sign,NEG,arc_lo_deg,-7,arc_hi_deg,53,arc_deg,60,bound_lo,RISE,bound_hi,CURRENT,circle_deg,360
[2026-09-21T20:14:37.923] Cog0  BS-ZERO,motor,LEFT,phase,REF_START,samples,200,i_mean_mV_x10,110,i_min_mV,8,i_max_mV,14,frozen,FALSE,in_band,TRUE,health_ok,NA,u_mV_x10,491,v_mV_x10,601,w_mV_x10,592
[2026-09-21T20:14:37.923] Cog0  MOT:  offset_fwd_degrees = 43, offset_fwd = $1E93_E93E
[2026-09-21T20:14:37.924] Cog0   (ind)offset_rev_degrees = 317, offset_rev = $E16C_16C1
[2026-09-21T20:14:37.940] Cog3  -MOT- inincr = 36_750_000 nTgtIncr = $0230_C2B0 0 sync = 0
[2026-09-21T20:14:42.615] Cog3  -MOT- inincr = 0 nTgtIncr = $0000_0000 0 sync = 0
[2026-09-21T20:14:42.990] Cog0  BS-POINT,seq,52,motor,LEFT,speed,QTR,incre,36_750_000,phase,REF_START,neg_deg,43,pos_deg,317,swept_deg,-43,result,OK,steady_ms,923,ticks,270,win_ms,2_750,rate_x10,981,rate_ok,TRUE,samples,544,i_mean_mV_x10,956,i_se_mV_x10,12
[2026-09-21T20:14:42.991] Cog0  BS-POINT2,seq,52,motor,LEFT,incre,36_750_000,i_halfA_mV_x10,961,i_halfB_mV_x10,951,unsettled,FALSE,i_min_mV,81,i_max_mV,114,duty_mean,7_382,err_mean,48,missed_d,0,illegal_d,0,fault,FALSE,abort_i,FALSE,charge_mVs,388,drv_state,1
[2026-09-21T20:14:42.992] Cog0  BS-POINT3,seq,52,motor,LEFT,zero_mV_x10,110,net_mV_x10,846,span_ms,4_675,span_rate_x10,853,follow_pct,87,span_duty_mean,6_502,span_duty_max,7_575
[2026-09-21T20:14:44.506] Cog0  BS-ZERO,motor,LEFT,phase,COARSE,samples,200,i_mean_mV_x10,117,i_min_mV,9,i_max_mV,14,frozen,FALSE,in_band,TRUE,health_ok,NA,u_mV_x10,496,v_mV_x10,597,w_mV_x10,586
[2026-09-21T20:14:44.506] Cog0  MOT:  offset_fwd_degrees = 43, offset_fwd = $1E93_E93E
[2026-09-21T20:14:44.507] Cog0   (ind)offset_rev_degrees = 327, offset_rev = $E888_8888
[2026-09-21T20:14:44.523] Cog3  -MOT- inincr = 36_750_000 nTgtIncr = $0230_C2B0 0 sync = 0
[2026-09-21T20:14:48.269] Cog3  -MOT- inincr = 0 nTgtIncr = $0000_0000 0 sync = 0
[2026-09-21T20:14:48.657] Cog0  BS-POINT,seq,53,motor,LEFT,speed,QTR,incre,36_750_000,phase,COARSE,neg_deg,43,pos_deg,327,swept_deg,-33,result,OK,steady_ms,927,ticks,180,win_ms,1_829,rate_x10,984,rate_ok,TRUE,samples,362,i_mean_mV_x10,417,i_se_mV_x10,8
[2026-09-21T20:14:48.659] Cog0  BS-POINT2,seq,53,motor,LEFT,incre,36_750_000,i_halfA_mV_x10,415,i_halfB_mV_x10,418,unsettled,FALSE,i_min_mV,33,i_max_mV,51,duty_mean,6_545,err_mean,48,missed_d,0,illegal_d,0,fault,FALSE,abort_i,FALSE,charge_mVs,145,drv_state,1
[2026-09-21T20:14:48.674] Cog0  BS-POINT3,seq,53,motor,LEFT,zero_mV_x10,117,net_mV_x10,300,span_ms,3_760,span_rate_x10,821,follow_pct,83,span_duty_mean,5_640,span_duty_max,6_735
[2026-09-21T20:14:50.173] Cog0  BS-ZERO,motor,LEFT,phase,COARSE,samples,200,i_mean_mV_x10,112,i_min_mV,8,i_max_mV,13,frozen,FALSE,in_band,TRUE,health_ok,NA,u_mV_x10,501,v_mV_x10,586,w_mV_x10,589
[2026-09-21T20:14:50.173] Cog0  MOT:  offset_fwd_degrees = 43, offset_fwd = $1E93_E93E
[2026-09-21T20:14:50.175] Cog0   (ind)offset_rev_degrees = 337, offset_rev = $EFA4_FA4F
[2026-09-21T20:14:50.190] Cog3  -MOT- inincr = 36_750_000 nTgtIncr = $0230_C2B0 0 sync = 0
[2026-09-21T20:14:53.968] Cog3  -MOT- inincr = 0 nTgtIncr = $0000_0000 0 sync = 0
[2026-09-21T20:14:54.346] Cog0  BS-POINT,seq,54,motor,LEFT,speed,QTR,incre,36_750_000,phase,COARSE,neg_deg,43,pos_deg,337,swept_deg,-23,result,OK,steady_ms,948,ticks,180,win_ms,1_830,rate_x10,983,rate_ok,TRUE,samples,362,i_mean_mV_x10,214,i_se_mV_x10,2
[2026-09-21T20:14:54.348] Cog0  BS-POINT2,seq,54,motor,LEFT,incre,36_750_000,i_halfA_mV_x10,214,i_halfB_mV_x10,214,unsettled,FALSE,i_min_mV,17,i_max_mV,28,duty_mean,6_103,err_mean,48,missed_d,0,illegal_d,0,fault,FALSE,abort_i,FALSE,charge_mVs,93,drv_state,1
[2026-09-21T20:14:54.364] Cog0  BS-POINT3,seq,54,motor,LEFT,zero_mV_x10,112,net_mV_x10,102,span_ms,3_780,span_rate_x10,820,follow_pct,83,span_duty_mean,5_318,span_duty_max,7_229
[2026-09-21T20:14:55.863] Cog0  BS-ZERO,motor,LEFT,phase,COARSE,samples,200,i_mean_mV_x10,101,i_min_mV,8,i_max_mV,13,frozen,FALSE,in_band,TRUE,health_ok,NA,u_mV_x10,494,v_mV_x10,589,w_mV_x10,587
[2026-09-21T20:14:55.863] Cog0  MOT:  offset_fwd_degrees = 43, offset_fwd = $1E93_E93E
[2026-09-21T20:14:55.864] Cog0   (ind)offset_rev_degrees = 347, offset_rev = $F6C1_6C16
[2026-09-21T20:14:55.879] Cog3  -MOT- inincr = 36_750_000 nTgtIncr = $0230_C2B0 0 sync = 0
[2026-09-21T20:14:59.657] Cog3  -MOT- inincr = 0 nTgtIncr = $0000_0000 0 sync = 0
[2026-09-21T20:15:00.044] Cog0  BS-POINT,seq,55,motor,LEFT,speed,QTR,incre,36_750_000,phase,COARSE,neg_deg,43,pos_deg,347,swept_deg,-13,result,OK,steady_ms,967,ticks,180,win_ms,1_820,rate_x10,989,rate_ok,TRUE,samples,360,i_mean_mV_x10,267,i_se_mV_x10,3
[2026-09-21T20:15:00.046] Cog0  BS-POINT2,seq,55,motor,LEFT,incre,36_750_000,i_halfA_mV_x10,269,i_halfB_mV_x10,264,unsettled,FALSE,i_min_mV,13,i_max_mV,54,duty_mean,6_151,err_mean,46,missed_d,0,illegal_d,0,fault,FALSE,abort_i,FALSE,charge_mVs,121,drv_state,1
[2026-09-21T20:15:00.061] Cog0  BS-POINT3,seq,55,motor,LEFT,zero_mV_x10,101,net_mV_x10,166,span_ms,3_790,span_rate_x10,820,follow_pct,83,span_duty_mean,5_355,span_duty_max,8_375
[2026-09-21T20:15:01.560] Cog0  BS-ZERO,motor,LEFT,phase,COARSE,samples,200,i_mean_mV_x10,109,i_min_mV,8,i_max_mV,14,frozen,FALSE,in_band,TRUE,health_ok,NA,u_mV_x10,490,v_mV_x10,592,w_mV_x10,591
[2026-09-21T20:15:01.560] Cog0  MOT:  offset_fwd_degrees = 43, offset_fwd = $1E93_E93E
[2026-09-21T20:15:01.561] Cog0   (ind)offset_rev_degrees = 357, offset_rev = $FDDD_DDDD
[2026-09-21T20:15:01.577] Cog3  -MOT- inincr = 36_750_000 nTgtIncr = $0230_C2B0 0 sync = 0
[2026-09-21T20:15:05.403] Cog3  -MOT- inincr = 0 nTgtIncr = $0000_0000 0 sync = 0
[2026-09-21T20:15:05.778] Cog0  BS-POINT,seq,56,motor,LEFT,speed,QTR,incre,36_750_000,phase,COARSE,neg_deg,43,pos_deg,357,swept_deg,-3,result,OK,steady_ms,992,ticks,180,win_ms,1_830,rate_x10,983,rate_ok,TRUE,samples,362,i_mean_mV_x10,1_204,i_se_mV_x10,103
[2026-09-21T20:15:05.779] Cog0  BS-POINT2,seq,56,motor,LEFT,incre,36_750_000,i_halfA_mV_x10,1_210,i_halfB_mV_x10,1_198,unsettled,FALSE,i_min_mV,12,i_max_mV,388,duty_mean,7_075,err_mean,41,missed_d,0,illegal_d,0,fault,FALSE,abort_i,FALSE,charge_mVs,415,drv_state,1
[2026-09-21T20:15:05.796] Cog0  BS-POINT3,seq,56,motor,LEFT,zero_mV_x10,109,net_mV_x10,1_095,span_ms,3_825,span_rate_x10,815,follow_pct,83,span_duty_mean,6_054,span_duty_max,10_269
[2026-09-21T20:15:06.297] Cog0  BS-WALK,motor,LEFT,speed,QTR,sign,POS,side,UP,pts,4,last_swept_deg,-3,stop,RISE,low_swept_deg,-23,low_mV_x10,214,low_net_mV_x10,102
[2026-09-21T20:15:07.296] Cog0  BS-ZERO,motor,LEFT,phase,COARSE,samples,200,i_mean_mV_x10,114,i_min_mV,9,i_max_mV,15,frozen,FALSE,in_band,TRUE,health_ok,NA,u_mV_x10,492,v_mV_x10,591,w_mV_x10,593
[2026-09-21T20:15:07.296] Cog0  MOT:  offset_fwd_degrees = 43, offset_fwd = $1E93_E93E
[2026-09-21T20:15:07.297] Cog0   (ind)offset_rev_degrees = 307, offset_rev = $DA4F_A4FA
[2026-09-21T20:15:07.313] Cog3  -MOT- inincr = 36_750_000 nTgtIncr = $0230_C2B0 0 sync = 0
[2026-09-21T20:15:11.059] Cog3  -MOT- inincr = 0 nTgtIncr = $0000_0000 0 sync = 0
[2026-09-21T20:15:11.443] Cog0  BS-POINT,seq,57,motor,LEFT,speed,QTR,incre,36_750_000,phase,COARSE,neg_deg,43,pos_deg,307,swept_deg,-53,result,OK,steady_ms,922,ticks,180,win_ms,1_830,rate_x10,983,rate_ok,TRUE,samples,362,i_mean_mV_x10,2_193,i_se_mV_x10,34
[2026-09-21T20:15:11.445] Cog0  BS-POINT2,seq,57,motor,LEFT,incre,36_750_000,i_halfA_mV_x10,2_183,i_halfB_mV_x10,2_203,unsettled,FALSE,i_min_mV,197,i_max_mV,251,duty_mean,8_765,err_mean,47,missed_d,0,illegal_d,0,fault,FALSE,abort_i,FALSE,charge_mVs,669,drv_state,1
[2026-09-21T20:15:11.462] Cog0  BS-POINT3,seq,57,motor,LEFT,zero_mV_x10,114,net_mV_x10,2_079,span_ms,3_755,span_rate_x10,822,follow_pct,83,span_duty_mean,7_376,span_duty_max,9_016
[2026-09-21T20:15:12.960] Cog0  BS-ZERO,motor,LEFT,phase,COARSE,samples,200,i_mean_mV_x10,122,i_min_mV,10,i_max_mV,15,frozen,FALSE,in_band,TRUE,health_ok,NA,u_mV_x10,497,v_mV_x10,588,w_mV_x10,598
[2026-09-21T20:15:12.960] Cog0  MOT:  offset_fwd_degrees = 43, offset_fwd = $1E93_E93E
[2026-09-21T20:15:12.961] Cog0   (ind)offset_rev_degrees = 297, offset_rev = $D333_3333
[2026-09-21T20:15:12.977] Cog3  -MOT- inincr = 36_750_000 nTgtIncr = $0230_C2B0 0 sync = 0
[2026-09-21T20:15:14.082] Cog0  BS-POINT,seq,58,motor,LEFT,speed,QTR,incre,36_750_000,phase,COARSE,neg_deg,43,pos_deg,297,swept_deg,-63,result,ABORT_I,steady_ms,922,ticks,NA,win_ms,NA,rate_x10,NA,rate_ok,FALSE,samples,NA,i_mean_mV_x10,NA,i_se_mV_x10,NA
[2026-09-21T20:15:14.084] Cog0  BS-POINT2,seq,58,motor,LEFT,incre,36_750_000,i_halfA_mV_x10,NA,i_halfB_mV_x10,NA,unsettled,FALSE,i_min_mV,NA,i_max_mV,NA,duty_mean,NA,err_mean,NA,missed_d,NA,illegal_d,NA,fault,FALSE,abort_i,TRUE,charge_mVs,125,drv_state,3
[2026-09-21T20:15:14.085] Cog0  BS-POINT3,seq,58,motor,LEFT,zero_mV_x10,122,net_mV_x10,NA,span_ms,1_117,span_rate_x10,438,follow_pct,44,span_duty_mean,4_718,span_duty_max,10_590
[2026-09-21T20:15:14.090] Cog0  BS-ABORT,scope,POINT,reason,ABORT_I,motor,LEFT,incre,36_750_000,seq,58,value,416,elapsed_s,337
[2026-09-21T20:15:14.090] Cog0  *VAL* legalBasePin = 32
[2026-09-21T20:15:14.092] Cog0  *VAL* legalVoltage = 6
[2026-09-21T20:15:14.092] Cog0  *VAL* legalMode = 30
[2026-09-21T20:15:14.092] Cog0  --- pinSum = 99, 64010 Rev B, highTimeUs = 73
[2026-09-21T20:15:14.092] Cog0  MOT: fwdDegrees = 14, offset_fwd = $09F4_9F49
[2026-09-21T20:15:14.093] Cog0       revDegrees = 338, offset_rev = $F05B_05B0
[2026-09-21T20:15:14.093] Cog0   - Calc FRAME: frame_cnt = 6_136
[2026-09-21T20:15:14.093] Cog0  * init values dead_gap = 70, pwm_limit = 3_033, adc_fram = 6_136, duty_min = 1_600, duty_max = 24_264
[2026-09-21T20:15:14.094] Cog0  *      values duty_up = 18, duty_dn = 4, cfg_ctcks = 135_000
[2026-09-21T20:15:14.094] Cog0  * ENTRY CFG userVoltage = 6, index = 6
[2026-09-21T20:15:14.095] Cog0  * EXIT 2 CFG eUserSelectedVolts = 6 maxFwdIncreAtPwr = 147_000_000 minFwdIncreAtPwr = 544_628
[2026-09-21T20:15:14.095] Cog0  -MOT- inincr = 0 nTgtIncr = $0000_0000 0 sync = 0
[2026-09-21T20:15:14.095] Cog0  * Motor COG #2
[2026-09-21T20:15:14.096] Cog2  INIT $0000_894E $0000_CF13 load
[2026-09-21T20:15:14.096] Cog3  INIT $0000_0FA8 $0000_CAEF jump
[2026-09-21T20:15:14.111] Cog0  * Front COG #3
[2026-09-21T20:15:15.107] Cog0  BLDC: getBoardType() driver running, not measured; returning revision recorded at start 22
[2026-09-21T20:15:15.108] Cog0  MOT:  offset_fwd_degrees = 43, offset_fwd = $1E93_E93E
[2026-09-21T20:15:15.109] Cog0   (ind)offset_rev_degrees = 317, offset_rev = $E16C_16C1
[2026-09-21T20:15:15.125] Cog0  BS-START,motor,LEFT,base,32,cog,2,cog_ok,TRUE,board_rev,22,rev_b,TRUE,board_id,REV_B,init_neg_deg,14,init_pos_deg,338,neg_deg,43,pos_deg,317,offsets_ok,TRUE,missed,0,illegal,0,integ_ok,TRUE,result,OK
[2026-09-21T20:15:15.613] Cog0  BS-WALK,motor,LEFT,speed,QTR,sign,POS,side,DOWN,pts,2,last_swept_deg,-63,stop,RISE,low_swept_deg,-23,low_mV_x10,214,low_net_mV_x10,102
[2026-09-21T20:15:15.629] Cog0  BS-BRACKET,motor,LEFT,speed,QTR,sign,POS,low_swept_deg,-23,low_mV_x10,214,below_ok,TRUE,above_ok,TRUE,bracketed,TRUE,reason,OK,low_net_mV_x10,102
[2026-09-21T20:15:16.627] Cog0  BS-ZERO,motor,LEFT,phase,FINE,samples,200,i_mean_mV_x10,80,i_min_mV,6,i_max_mV,11,frozen,FALSE,in_band,TRUE,health_ok,NA,u_mV_x10,491,v_mV_x10,580,w_mV_x10,583
[2026-09-21T20:15:16.627] Cog0  MOT:  offset_fwd_degrees = 43, offset_fwd = $1E93_E93E
[2026-09-21T20:15:16.628] Cog0   (ind)offset_rev_degrees = 337, offset_rev = $EFA4_FA4F
[2026-09-21T20:15:16.644] Cog3  -MOT- inincr = 36_750_000 nTgtIncr = $0230_C2B0 0 sync = 0
[2026-09-21T20:15:21.334] Cog3  -MOT- inincr = 0 nTgtIncr = $0000_0000 0 sync = 0
[2026-09-21T20:15:21.710] Cog0  BS-POINT,seq,59,motor,LEFT,speed,QTR,incre,36_750_000,phase,FINE,neg_deg,43,pos_deg,337,swept_deg,-23,result,OK,steady_ms,942,ticks,270,win_ms,2_745,rate_x10,983,rate_ok,TRUE,samples,543,i_mean_mV_x10,190,i_se_mV_x10,2
[2026-09-21T20:15:21.712] Cog0  BS-POINT2,seq,59,motor,LEFT,incre,36_750_000,i_halfA_mV_x10,187,i_halfB_mV_x10,193,unsettled,TRUE,i_min_mV,14,i_max_mV,24,duty_mean,6_102,err_mean,48,missed_d,0,illegal_d,0,fault,FALSE,abort_i,FALSE,charge_mVs,98,drv_state,1
[2026-09-21T20:15:21.727] Cog0  BS-POINT3,seq,59,motor,LEFT,zero_mV_x10,80,net_mV_x10,110,span_ms,4_690,span_rate_x10,852,follow_pct,86,span_duty_mean,5_469,span_duty_max,7_226
[2026-09-21T20:15:23.226] Cog0  BS-ZERO,motor,LEFT,phase,FINE,samples,200,i_mean_mV_x10,86,i_min_mV,6,i_max_mV,12,frozen,FALSE,in_band,TRUE,health_ok,NA,u_mV_x10,485,v_mV_x10,582,w_mV_x10,588
[2026-09-21T20:15:23.226] Cog0  MOT:  offset_fwd_degrees = 43, offset_fwd = $1E93_E93E
[2026-09-21T20:15:23.227] Cog0   (ind)offset_rev_degrees = 347, offset_rev = $F6C1_6C16
[2026-09-21T20:15:23.243] Cog3  -MOT- inincr = 36_750_000 nTgtIncr = $0230_C2B0 0 sync = 0
[2026-09-21T20:15:27.950] Cog3  -MOT- inincr = 0 nTgtIncr = $0000_0000 0 sync = 0
[2026-09-21T20:15:28.327] Cog0  BS-POINT,seq,60,motor,LEFT,speed,QTR,incre,36_750_000,phase,FINE,neg_deg,43,pos_deg,347,swept_deg,-13,result,OK,steady_ms,968,ticks,270,win_ms,2_739,rate_x10,985,rate_ok,TRUE,samples,542,i_mean_mV_x10,252,i_se_mV_x10,3
[2026-09-21T20:15:28.329] Cog0  BS-POINT2,seq,60,motor,LEFT,incre,36_750_000,i_halfA_mV_x10,249,i_halfB_mV_x10,254,unsettled,FALSE,i_min_mV,11,i_max_mV,54,duty_mean,6_152,err_mean,46,missed_d,0,illegal_d,0,fault,FALSE,abort_i,FALSE,charge_mVs,137,drv_state,1
[2026-09-21T20:15:28.345] Cog0  BS-POINT3,seq,60,motor,LEFT,zero_mV_x10,86,net_mV_x10,166,span_ms,4_710,span_rate_x10,851,follow_pct,86,span_duty_mean,5_513,span_duty_max,8_443
[2026-09-21T20:15:29.843] Cog0  BS-ZERO,motor,LEFT,phase,FINE,samples,200,i_mean_mV_x10,83,i_min_mV,5,i_max_mV,11,frozen,FALSE,in_band,TRUE,health_ok,NA,u_mV_x10,485,v_mV_x10,588,w_mV_x10,585
[2026-09-21T20:15:29.843] Cog0  MOT:  offset_fwd_degrees = 43, offset_fwd = $1E93_E93E
[2026-09-21T20:15:29.845] Cog0   (ind)offset_rev_degrees = 327, offset_rev = $E888_8888
[2026-09-21T20:15:29.860] Cog3  -MOT- inincr = 36_750_000 nTgtIncr = $0230_C2B0 0 sync = 0
[2026-09-21T20:15:34.535] Cog3  -MOT- inincr = 0 nTgtIncr = $0000_0000 0 sync = 0
[2026-09-21T20:15:34.910] Cog0  BS-POINT,seq,61,motor,LEFT,speed,QTR,incre,36_750_000,phase,FINE,neg_deg,43,pos_deg,327,swept_deg,-33,result,OK,steady_ms,927,ticks,270,win_ms,2_744,rate_x10,983,rate_ok,TRUE,samples,543,i_mean_mV_x10,389,i_se_mV_x10,6
[2026-09-21T20:15:34.912] Cog0  BS-POINT2,seq,61,motor,LEFT,incre,36_750_000,i_halfA_mV_x10,390,i_halfB_mV_x10,389,unsettled,FALSE,i_min_mV,30,i_max_mV,49,duty_mean,6_544,err_mean,48,missed_d,0,illegal_d,0,fault,FALSE,abort_i,FALSE,charge_mVs,168,drv_state,1
[2026-09-21T20:15:34.927] Cog0  BS-POINT3,seq,61,motor,LEFT,zero_mV_x10,83,net_mV_x10,306,span_ms,4_674,span_rate_x10,853,follow_pct,87,span_duty_mean,5_815,span_duty_max,6_741
[2026-09-21T20:15:36.426] Cog0  BS-ZERO,motor,LEFT,phase,FINE,samples,200,i_mean_mV_x10,88,i_min_mV,7,i_max_mV,11,frozen,FALSE,in_band,TRUE,health_ok,NA,u_mV_x10,479,v_mV_x10,581,w_mV_x10,588
[2026-09-21T20:15:36.426] Cog0  MOT:  offset_fwd_degrees = 43, offset_fwd = $1E93_E93E
[2026-09-21T20:15:36.428] Cog0   (ind)offset_rev_degrees = 342, offset_rev = $F333_3333
[2026-09-21T20:15:36.443] Cog3  -MOT- inincr = 36_750_000 nTgtIncr = $0230_C2B0 0 sync = 0
[2026-09-21T20:15:41.149] Cog3  -MOT- inincr = 0 nTgtIncr = $0000_0000 0 sync = 0
[2026-09-21T20:15:41.523] Cog0  BS-POINT,seq,62,motor,LEFT,speed,QTR,incre,36_750_000,phase,FINE,neg_deg,43,pos_deg,342,swept_deg,-18,result,OK,steady_ms,952,ticks,270,win_ms,2_750,rate_x10,981,rate_ok,TRUE,samples,544,i_mean_mV_x10,236,i_se_mV_x10,2
[2026-09-21T20:15:41.525] Cog0  BS-POINT2,seq,62,motor,LEFT,incre,36_750_000,i_halfA_mV_x10,236,i_halfB_mV_x10,235,unsettled,FALSE,i_min_mV,13,i_max_mV,41,duty_mean,6_207,err_mean,47,missed_d,0,illegal_d,0,fault,FALSE,abort_i,FALSE,charge_mVs,119,drv_state,1
[2026-09-21T20:15:41.540] Cog0  BS-POINT3,seq,62,motor,LEFT,zero_mV_x10,88,net_mV_x10,148,span_ms,4_705,span_rate_x10,852,follow_pct,86,span_duty_mean,5_548,span_duty_max,7_142
[2026-09-21T20:15:43.039] Cog0  BS-ZERO,motor,LEFT,phase,FINE,samples,200,i_mean_mV_x10,86,i_min_mV,6,i_max_mV,11,frozen,FALSE,in_band,TRUE,health_ok,NA,u_mV_x10,483,v_mV_x10,589,w_mV_x10,586
[2026-09-21T20:15:43.039] Cog0  MOT:  offset_fwd_degrees = 43, offset_fwd = $1E93_E93E
[2026-09-21T20:15:43.040] Cog0   (ind)offset_rev_degrees = 332, offset_rev = $EC16_C16C
[2026-09-21T20:15:43.056] Cog3  -MOT- inincr = 36_750_000 nTgtIncr = $0230_C2B0 0 sync = 0
[2026-09-21T20:15:47.747] Cog3  -MOT- inincr = 0 nTgtIncr = $0000_0000 0 sync = 0
[2026-09-21T20:15:48.121] Cog0  BS-POINT,seq,63,motor,LEFT,speed,QTR,incre,36_750_000,phase,FINE,neg_deg,43,pos_deg,332,swept_deg,-28,result,OK,steady_ms,938,ticks,270,win_ms,2_750,rate_x10,981,rate_ok,TRUE,samples,544,i_mean_mV_x10,265,i_se_mV_x10,4
[2026-09-21T20:15:48.123] Cog0  BS-POINT2,seq,63,motor,LEFT,incre,36_750_000,i_halfA_mV_x10,266,i_halfB_mV_x10,264,unsettled,FALSE,i_min_mV,21,i_max_mV,34,duty_mean,6_271,err_mean,48,missed_d,0,illegal_d,0,fault,FALSE,abort_i,FALSE,charge_mVs,125,drv_state,1
[2026-09-21T20:15:48.139] Cog0  BS-POINT3,seq,63,motor,LEFT,zero_mV_x10,86,net_mV_x10,179,span_ms,4_690,span_rate_x10,852,follow_pct,86,span_duty_mean,5_600,span_duty_max,6_888
[2026-09-21T20:15:49.637] Cog0  BS-ZERO,motor,LEFT,phase,FINE,samples,200,i_mean_mV_x10,85,i_min_mV,6,i_max_mV,12,frozen,FALSE,in_band,TRUE,health_ok,NA,u_mV_x10,485,v_mV_x10,575,w_mV_x10,590
[2026-09-21T20:15:49.637] Cog0  MOT:  offset_fwd_degrees = 43, offset_fwd = $1E93_E93E
[2026-09-21T20:15:49.638] Cog0   (ind)offset_rev_degrees = 352, offset_rev = $FA4F_A4FA
[2026-09-21T20:15:49.654] Cog3  -MOT- inincr = 36_750_000 nTgtIncr = $0230_C2B0 0 sync = 0
[2026-09-21T20:15:54.376] Cog3  -MOT- inincr = 0 nTgtIncr = $0000_0000 0 sync = 0
[2026-09-21T20:15:54.758] Cog0  BS-POINT,seq,64,motor,LEFT,speed,QTR,incre,36_750_000,phase,FINE,neg_deg,43,pos_deg,352,swept_deg,-8,result,OK,steady_ms,977,ticks,270,win_ms,2_749,rate_x10,982,rate_ok,TRUE,samples,544,i_mean_mV_x10,347,i_se_mV_x10,6
[2026-09-21T20:15:54.760] Cog0  BS-POINT2,seq,64,motor,LEFT,incre,36_750_000,i_halfA_mV_x10,351,i_halfB_mV_x10,342,unsettled,FALSE,i_min_mV,12,i_max_mV,97,duty_mean,6_171,err_mean,45,missed_d,0,illegal_d,0,fault,FALSE,abort_i,FALSE,charge_mVs,190,drv_state,1
[2026-09-21T20:15:54.776] Cog0  BS-POINT3,seq,64,motor,LEFT,zero_mV_x10,85,net_mV_x10,262,span_ms,4_729,span_rate_x10,850,follow_pct,86,span_duty_mean,5_570,span_duty_max,9_380
[2026-09-21T20:15:56.275] Cog0  BS-ZERO,motor,LEFT,phase,FINE,samples,200,i_mean_mV_x10,84,i_min_mV,7,i_max_mV,11,frozen,FALSE,in_band,TRUE,health_ok,NA,u_mV_x10,475,v_mV_x10,579,w_mV_x10,582
[2026-09-21T20:15:56.275] Cog0  MOT:  offset_fwd_degrees = 43, offset_fwd = $1E93_E93E
[2026-09-21T20:15:56.276] Cog0   (ind)offset_rev_degrees = 322, offset_rev = $E4FA_4FA4
[2026-09-21T20:15:56.292] Cog3  -MOT- inincr = 36_750_000 nTgtIncr = $0230_C2B0 0 sync = 0
[2026-09-21T20:16:00.967] Cog3  -MOT- inincr = 0 nTgtIncr = $0000_0000 0 sync = 0
[2026-09-21T20:16:01.341] Cog0  BS-POINT,seq,65,motor,LEFT,speed,QTR,incre,36_750_000,phase,FINE,neg_deg,43,pos_deg,322,swept_deg,-38,result,OK,steady_ms,927,ticks,270,win_ms,2_745,rate_x10,983,rate_ok,TRUE,samples,543,i_mean_mV_x10,604,i_se_mV_x10,10
[2026-09-21T20:16:01.343] Cog0  BS-POINT2,seq,65,motor,LEFT,incre,36_750_000,i_halfA_mV_x10,597,i_halfB_mV_x10,610,unsettled,FALSE,i_min_mV,48,i_max_mV,75,duty_mean,6_909,err_mean,48,missed_d,0,illegal_d,0,fault,FALSE,abort_i,FALSE,charge_mVs,253,drv_state,1
[2026-09-21T20:16:01.359] Cog0  BS-POINT3,seq,65,motor,LEFT,zero_mV_x10,84,net_mV_x10,520,span_ms,4_675,span_rate_x10,853,follow_pct,87,span_duty_mean,6_116,span_duty_max,7_084
[2026-09-21T20:16:02.858] Cog0  BS-ZERO,motor,LEFT,phase,REF_END,samples,200,i_mean_mV_x10,90,i_min_mV,7,i_max_mV,12,frozen,FALSE,in_band,TRUE,health_ok,NA,u_mV_x10,484,v_mV_x10,580,w_mV_x10,586
[2026-09-21T20:16:02.859] Cog0  MOT:  offset_fwd_degrees = 43, offset_fwd = $1E93_E93E
[2026-09-21T20:16:02.860] Cog0   (ind)offset_rev_degrees = 317, offset_rev = $E16C_16C1
[2026-09-21T20:16:02.875] Cog3  -MOT- inincr = 36_750_000 nTgtIncr = $0230_C2B0 0 sync = 0
[2026-09-21T20:16:07.550] Cog3  -MOT- inincr = 0 nTgtIncr = $0000_0000 0 sync = 0
[2026-09-21T20:16:07.925] Cog0  BS-POINT,seq,66,motor,LEFT,speed,QTR,incre,36_750_000,phase,REF_END,neg_deg,43,pos_deg,317,swept_deg,-43,result,OK,steady_ms,922,ticks,270,win_ms,2_750,rate_x10,981,rate_ok,TRUE,samples,544,i_mean_mV_x10,934,i_se_mV_x10,14
[2026-09-21T20:16:07.927] Cog0  BS-POINT2,seq,66,motor,LEFT,incre,36_750_000,i_halfA_mV_x10,945,i_halfB_mV_x10,923,unsettled,FALSE,i_min_mV,77,i_max_mV,111,duty_mean,7_383,err_mean,48,missed_d,0,illegal_d,0,fault,FALSE,abort_i,FALSE,charge_mVs,378,drv_state,1
[2026-09-21T20:16:07.943] Cog0  BS-POINT3,seq,66,motor,LEFT,zero_mV_x10,90,net_mV_x10,844,span_ms,4_675,span_rate_x10,853,follow_pct,87,span_duty_mean,6_501,span_duty_max,7_578
[2026-09-21T20:16:08.431] Cog0  BS-FIT,motor,LEFT,speed,QTR,sign,POS,status,OK,n,7,centre_deg,-23,span_lo_deg,-38,span_hi_deg,-8,extended,FALSE,pinned,FALSE
[2026-09-21T20:16:08.432] Cog0  BS-FIT2,motor,LEFT,speed,QTR,sign,POS,min_deg_x10,-197,min_se_deg_x10,4,min_mV_x10,110,rms_mV_x10,22,med_se_mV_x10,4,curv_x100,1_185,curv_model_pct,7_050,flat2_deg_x10,14
[2026-09-21T20:16:08.435] Cog0  BS-CLIFF,motor,LEFT,speed,QTR,sign,POS,found,FALSE,last_good_deg,NA,first_fault_deg,NA,edge_deg_x10,NA,margin_deg_x10,NA,margin_from_fit,FALSE,edge_res_deg_x10,NA
[2026-09-21T20:16:08.436] Cog0  BS-LEG,motor,LEFT,speed,QTR,sign,POS,served_by,OFFSET_REV,pts,15,faults,0,aborts_i,1,ref_start_mV_x10,956,ref_end_mV_x10,934,drift_pct_x10,-2,drift_flag,FALSE,exit,DONE,ref_start_net_mV_x10,846,ref_end_net_mV_x10,844
[2026-09-21T20:16:08.452] Cog0  BS-ARC,motor,LEFT,speed,QTR,sign,POS,arc_lo_deg,-53,arc_hi_deg,-3,arc_deg,50,bound_lo,CURRENT,bound_hi,RISE,circle_deg,360
[2026-09-21T20:16:09.450] Cog0  BS-ZERO,motor,LEFT,phase,REF_START,samples,200,i_mean_mV_x10,87,i_min_mV,7,i_max_mV,11,frozen,FALSE,in_band,TRUE,health_ok,NA,u_mV_x10,484,v_mV_x10,574,w_mV_x10,583
[2026-09-21T20:16:09.451] Cog0  MOT:  offset_fwd_degrees = 43, offset_fwd = $1E93_E93E
[2026-09-21T20:16:09.451] Cog0   (ind)offset_rev_degrees = 317, offset_rev = $E16C_16C1
[2026-09-21T20:16:09.467] Cog3  -MOT- inincr = -73_500_000 nTgtIncr = $7B9E_7AA0 0 sync = 0
[2026-09-21T20:16:14.526] Cog3  -MOT- inincr = 0 nTgtIncr = $0000_0000 0 sync = 0
[2026-09-21T20:16:15.299] Cog0  BS-POINT,seq,67,motor,LEFT,speed,HALF,incre,-73_500_000,phase,REF_START,neg_deg,43,pos_deg,317,swept_deg,43,result,OK,steady_ms,1_320,ticks,540,win_ms,2_750,rate_x10,1_963,rate_ok,TRUE,samples,544,i_mean_mV_x10,9_549,i_se_mV_x10,42
[2026-09-21T20:16:15.301] Cog0  BS-POINT2,seq,67,motor,LEFT,incre,-73_500_000,i_halfA_mV_x10,9_566,i_halfB_mV_x10,9_532,unsettled,FALSE,i_min_mV,882,i_max_mV,1_041,duty_mean,18_868,err_mean,-48,missed_d,0,illegal_d,0,fault,FALSE,abort_i,FALSE,charge_mVs,3_735,drv_state,1
[2026-09-21T20:16:15.317] Cog0  BS-POINT3,seq,67,motor,LEFT,zero_mV_x10,87,net_mV_x10,9_462,span_ms,5_072,span_rate_x10,1_626,follow_pct,82,span_duty_mean,15_288,span_duty_max,19_009
[2026-09-21T20:16:16.815] Cog0  BS-ZERO,motor,LEFT,phase,COARSE,samples,200,i_mean_mV_x10,92,i_min_mV,7,i_max_mV,12,frozen,FALSE,in_band,TRUE,health_ok,NA,u_mV_x10,483,v_mV_x10,581,w_mV_x10,577
[2026-09-21T20:16:16.816] Cog0  MOT:  offset_fwd_degrees = 53, offset_fwd = $25B0_5B05
[2026-09-21T20:16:16.816] Cog0   (ind)offset_rev_degrees = 317, offset_rev = $E16C_16C1
[2026-09-21T20:16:16.832] Cog3  -MOT- inincr = -73_500_000 nTgtIncr = $7B9E_7AA0 0 sync = 0
[2026-09-21T20:16:18.396] Cog0  BS-ABORT,scope,RUN,reason,ABS_CURRENT,motor,LEFT,incre,-73_500_000,seq,68,value,1_618,elapsed_s,401
[2026-09-21T20:16:18.398] Cog0  BS-POINT,seq,68,motor,LEFT,speed,HALF,incre,-73_500_000,phase,COARSE,neg_deg,53,pos_deg,317,swept_deg,53,result,WINDOW_TIMEOUT,steady_ms,1_320,ticks,NA,win_ms,NA,rate_x10,NA,rate_ok,FALSE,samples,NA,i_mean_mV_x10,NA,i_se_mV_x10,NA
[2026-09-21T20:16:18.400] Cog0  BS-POINT2,seq,68,motor,LEFT,incre,-73_500_000,i_halfA_mV_x10,NA,i_halfB_mV_x10,NA,unsettled,FALSE,i_min_mV,NA,i_max_mV,NA,duty_mean,NA,err_mean,NA,missed_d,NA,illegal_d,NA,fault,FALSE,abort_i,FALSE,charge_mVs,537,drv_state,3
[2026-09-21T20:16:18.401] Cog0  BS-POINT3,seq,68,motor,LEFT,zero_mV_x10,92,net_mV_x10,NA,span_ms,1_577,span_rate_x10,875,follow_pct,44,span_duty_mean,8_633,span_duty_max,21_807
[2026-09-21T20:16:18.403] Cog0  BS-WALK,motor,LEFT,speed,HALF,sign,NEG,side,UP,pts,1,last_swept_deg,53,stop,RUN_ABORT,low_swept_deg,43,low_mV_x10,9_549,low_net_mV_x10,9_462
[2026-09-21T20:16:18.405] Cog0  BS-WALK,motor,LEFT,speed,HALF,sign,NEG,side,DOWN,pts,0,last_swept_deg,43,stop,RUN_ABORT,low_swept_deg,43,low_mV_x10,9_549,low_net_mV_x10,9_462
[2026-09-21T20:16:18.407] Cog0  BS-BRACKET,motor,LEFT,speed,HALF,sign,NEG,low_swept_deg,43,low_mV_x10,9_549,below_ok,FALSE,above_ok,FALSE,bracketed,FALSE,reason,RUN_ABORT,low_net_mV_x10,9_462
[2026-09-21T20:16:18.408] Cog0  BS-FIT,motor,LEFT,speed,HALF,sign,NEG,status,NOT_BRACKETED,n,0,centre_deg,NA,span_lo_deg,NA,span_hi_deg,NA,extended,FALSE,pinned,FALSE
[2026-09-21T20:16:18.410] Cog0  BS-FIT2,motor,LEFT,speed,HALF,sign,NEG,min_deg_x10,NA,min_se_deg_x10,NA,min_mV_x10,NA,rms_mV_x10,NA,med_se_mV_x10,NA,curv_x100,NA,curv_model_pct,NA,flat2_deg_x10,NA
[2026-09-21T20:16:18.412] Cog0  BS-CLIFF,motor,LEFT,speed,HALF,sign,NEG,found,FALSE,last_good_deg,NA,first_fault_deg,NA,edge_deg_x10,NA,margin_deg_x10,NA,margin_from_fit,FALSE,edge_res_deg_x10,NA
[2026-09-21T20:16:18.414] Cog0  BS-LEG,motor,LEFT,speed,HALF,sign,NEG,served_by,OFFSET_FWD,pts,2,faults,1,aborts_i,0,ref_start_mV_x10,9_549,ref_end_mV_x10,NA,drift_pct_x10,NA,drift_flag,FALSE,exit,RUN_ABORT,ref_start_net_mV_x10,9_462,ref_end_net_mV_x10,NA
[2026-09-21T20:16:18.416] Cog0  BS-ARC,motor,LEFT,speed,HALF,sign,NEG,arc_lo_deg,43,arc_hi_deg,43,arc_deg,0,bound_lo,NONE,bound_hi,NONE,circle_deg,360
[2026-09-21T20:16:18.418] Cog0  BS-RESULT,motor,LEFT,sign,NEG,served_by,OFFSET_FWD,def_deg,43,status,OK,min_deg_x10,246,applied_deg,25,min_se_deg_x10,4,i_min_mV_x10,87,i_def_mV_x10,310,saving_pct_x10,719,fit_rms_mV_x10,21,drift_flag,FALSE,i_min_fit_mV_x10,86
[2026-09-21T20:16:18.420] Cog0  BS-RESULT-HALF,motor,LEFT,sign,NEG,speed,QTR,status,OK,min_deg_x10,121,min_se_deg_x10,3,i_min_mV_x10,131,i_def_mV_x10,1_683,shift_deg_x10,-125,shift_se_deg_x10,5,shift_sig,TRUE,i_min_fit_mV_x10,112
[2026-09-21T20:16:18.423] Cog0  BS-RESULT-HALF,motor,LEFT,sign,NEG,speed,HALF,status,NOT_BRACKETED,min_deg_x10,NA,min_se_deg_x10,NA,i_min_mV_x10,NA,i_def_mV_x10,9_462,shift_deg_x10,NA,shift_se_deg_x10,NA,shift_sig,FALSE,i_min_fit_mV_x10,NA
[2026-09-21T20:16:18.425] Cog0  BS-RESULT,motor,LEFT,sign,POS,served_by,OFFSET_REV,def_deg,-43,status,OK,min_deg_x10,-317,applied_deg,328,min_se_deg_x10,3,i_min_mV_x10,98,i_def_mV_x10,157,saving_pct_x10,375,fit_rms_mV_x10,14,drift_flag,FALSE,i_min_fit_mV_x10,93
[2026-09-21T20:16:18.427] Cog0  BS-RESULT-HALF,motor,LEFT,sign,POS,speed,QTR,status,OK,min_deg_x10,-197,min_se_deg_x10,4,i_min_mV_x10,102,i_def_mV_x10,845,shift_deg_x10,120,shift_se_deg_x10,6,shift_sig,TRUE,i_min_fit_mV_x10,110
[2026-09-21T20:16:18.429] Cog0  BS-RESULT-HALF,motor,LEFT,sign,POS,speed,HALF,status,SKIPPED,min_deg_x10,NA,min_se_deg_x10,NA,i_min_mV_x10,NA,i_def_mV_x10,NA,shift_deg_x10,NA,shift_se_deg_x10,NA,shift_sig,FALSE,i_min_fit_mV_x10,NA
[2026-09-21T20:16:18.431] Cog0  BS-PAIR,motor,LEFT,complete,TRUE,neg_min_deg_x10,246,pos_min_deg_x10,-317,mid_deg_x10,-36,mid_se_deg_x10,3,lead_deg_x10,281,sign_order,NEG_FIRST
[2026-09-21T20:16:18.437] Cog0  BS-PAIR2,motor,LEFT,i_neg_min_mV_x10,87,i_pos_min_mV_x10,98,zero_mV_x10,87,ratio_raw_x1000,NA,ratio_net_x1000,887,imbalance,TRUE,i_neg_min_fit_mV_x10,86,i_pos_min_fit_mV_x10,93
[2026-09-21T20:16:18.438] Cog0  SIGNOFF,sf,1,bin,SCAN,cell,R1-SCAN-COGOK,task,3499,motor,LEFT,crit,STARTS_COG_BAD,measured,0,lo,0,hi,0,units,COUNT,n,11,verdict,PASS
[2026-09-21T20:16:18.440] Cog0  SIGNOFF,sf,1,bin,SCAN,cell,R2-SCAN-REVB,task,3500,motor,LEFT,crit,STARTS_NOT_REVB,measured,0,lo,0,hi,0,units,COUNT,n,11,verdict,PASS
[2026-09-21T20:16:18.441] Cog0  SIGNOFF,sf,1,bin,SCAN,cell,R3-SCAN-INTEG,task,3501,motor,LEFT,crit,MISSED_ILLEGAL_SUM,measured,0,lo,0,hi,0,units,COUNT,n,74,verdict,PASS
[2026-09-21T20:16:18.443] Cog0  SIGNOFF,sf,1,bin,SCAN,cell,R5-SCAN-SELF,task,3503,motor,LEFT,crit,NET_I_IN_BAND,measured,TRUE,lo,TRUE,hi,TRUE,units,BOOL,n,1,verdict,PASS
[2026-09-21T20:16:18.444] Cog0  SIGNOFF,sf,1,bin,SCAN,cell,R6-SCAN-OFFSETS,task,3519,motor,LEFT,crit,READBACK_BAD,measured,0,lo,0,hi,0,units,COUNT,n,79,verdict,PASS
[2026-09-21T20:16:18.446] Cog0  SIGNOFF,sf,1,bin,SCAN,cell,R7-SCAN-STARTILL,task,3524,motor,LEFT,crit,STARTS_ILLEGAL,measured,0,lo,0,hi,0,units,COUNT,n,11,verdict,PASS
[2026-09-21T20:16:18.447] Cog0  SIGNOFF,sf,1,bin,SCAN,cell,R12-SCAN-ALIVE,task,3535,motor,LEFT,crit,STARTS_NOT_ALIVE,measured,0,lo,0,hi,0,units,COUNT,n,10,verdict,PASS
[2026-09-21T20:16:18.449] Cog0  SIGNOFF,sf,1,bin,SCAN,cell,R12-SCAN-RATE,task,3535,motor,LEFT,crit,RATE_IN_BAND,measured,TRUE,lo,TRUE,hi,TRUE,units,BOOL,n,1,verdict,PASS
[2026-09-21T20:16:18.450] Cog0  SIGNOFF,sf,1,bin,SCAN,cell,R8-SCAN-ZXS,task,3529,motor,LEFT,crit,ZXS_I,measured,16,lo,0,hi,50,units,MV_X10,n,5,verdict,PASS
[2026-09-21T20:16:18.451] Cog0  SIGNOFF,sf,1,bin,SCAN,cell,R8-SCAN-ZXS,task,3529,motor,LEFT,crit,ZXS_U,measured,16,lo,0,hi,50,units,MV_X10,n,5,verdict,PASS
[2026-09-21T20:16:18.453] Cog0  SIGNOFF,sf,1,bin,SCAN,cell,R8-SCAN-ZXS,task,3529,motor,LEFT,crit,ZXS_V,measured,12,lo,0,hi,50,units,MV_X10,n,5,verdict,PASS
[2026-09-21T20:16:18.455] Cog0  SIGNOFF,sf,1,bin,SCAN,cell,R8-SCAN-ZXS,task,3529,motor,LEFT,crit,ZXS_W,measured,23,lo,0,hi,50,units,MV_X10,n,5,verdict,PASS
[2026-09-21T20:16:18.456] Cog0  SIGNOFF,sf,1,bin,SCAN,cell,R18-SCAN-LEGBRACKET,task,3530,motor,LEFT,crit,MIN_BR_NEG_LOW,measured,TRUE,lo,TRUE,hi,TRUE,units,BOOL,n,1,verdict,PASS
[2026-09-21T20:16:18.457] Cog0  SIGNOFF,sf,1,bin,SCAN,cell,R18-SCAN-LEGBRACKET,task,3530,motor,LEFT,crit,MIN_BR_NEG_QTR,measured,TRUE,lo,TRUE,hi,TRUE,units,BOOL,n,1,verdict,PASS
[2026-09-21T20:16:18.459] Cog0  SIGNOFF,sf,1,bin,SCAN,cell,R18-SCAN-LEGBRACKET,task,3530,motor,LEFT,crit,MIN_BR_NEG_HALF,measured,FALSE,lo,TRUE,hi,TRUE,units,BOOL,n,1,verdict,FAIL
[2026-09-21T20:16:18.461] Cog0  SIGNOFF,sf,1,bin,SCAN,cell,R18-SCAN-LEGBRACKET,task,3530,motor,LEFT,crit,MIN_BR_POS_LOW,measured,TRUE,lo,TRUE,hi,TRUE,units,BOOL,n,1,verdict,PASS
[2026-09-21T20:16:18.463] Cog0  SIGNOFF,sf,1,bin,SCAN,cell,R18-SCAN-LEGBRACKET,task,3530,motor,LEFT,crit,MIN_BR_POS_QTR,measured,TRUE,lo,TRUE,hi,TRUE,units,BOOL,n,1,verdict,PASS
[2026-09-21T20:16:18.464] Cog0  SIGNOFF,sf,1,bin,SCAN,cell,R18-SCAN-LEGBRACKET,task,3530,motor,LEFT,crit,MIN_BR_POS_HALF,measured,NA,lo,TRUE,hi,TRUE,units,BOOL,n,0,verdict,NOMEAS
[2026-09-21T20:16:18.466] Cog0  SIGNOFF,sf,1,bin,SCAN,cell,R9-SCAN-OWNZERO,task,3530,motor,LEFT,crit,PTS_NO_OWN_ZERO,measured,0,lo,0,hi,0,units,COUNT,n,16,verdict,PASS
[2026-09-21T20:16:18.467] Cog0  SIGNOFF,sf,1,bin,SCAN,cell,R9-SCAN-OWNZERO,task,3530,motor,LEFT,crit,PTS_NO_OWN_ZERO,measured,0,lo,0,hi,0,units,COUNT,n,15,verdict,PASS
[2026-09-21T20:16:18.469] Cog0  SIGNOFF,sf,1,bin,SCAN,cell,R9-SCAN-OWNZERO,task,3530,motor,LEFT,crit,PTS_NO_OWN_ZERO,measured,0,lo,0,hi,0,units,COUNT,n,15,verdict,PASS
[2026-09-21T20:16:18.470] Cog0  SIGNOFF,sf,1,bin,SCAN,cell,R9-SCAN-OWNZERO,task,3530,motor,LEFT,crit,PTS_NO_OWN_ZERO,measured,0,lo,0,hi,0,units,COUNT,n,14,verdict,PASS
[2026-09-21T20:16:18.472] Cog0  SIGNOFF,sf,1,bin,SCAN,cell,R9-SCAN-PAIR2,task,3530,motor,LEFT,crit,NET_RATIO_ONLY,measured,TRUE,lo,TRUE,hi,TRUE,units,BOOL,n,1,verdict,PASS
[2026-09-21T20:16:18.473] Cog0  SIGNOFF,sf,1,bin,SCAN,cell,R10-SCAN-RSTALONE,task,3533,motor,LEFT,crit,RESET_ALONE_CLEARS,measured,NA,lo,TRUE,hi,TRUE,units,BOOL,n,0,verdict,NOMEAS
[2026-09-21T20:16:18.475] Cog0  BS-ZXSALL,motor,LEFT,n,10,i_spread_mV_x10,24,u_spread_mV_x10,26,v_spread_mV_x10,18,w_spread_mV_x10,23
[2026-09-21T20:16:18.477] Cog0  SIGNOFF,sf,1,bin,SCAN,cell,R1-SCAN-COGOK,task,3499,motor,RIGHT,crit,STARTS_COG_BAD,measured,0,lo,0,hi,0,units,COUNT,n,1,verdict,PASS
[2026-09-21T20:16:18.478] Cog0  SIGNOFF,sf,1,bin,SCAN,cell,R2-SCAN-REVB,task,3500,motor,RIGHT,crit,STARTS_NOT_REVB,measured,0,lo,0,hi,0,units,COUNT,n,1,verdict,PASS
[2026-09-21T20:16:18.479] Cog0  SIGNOFF,sf,1,bin,SCAN,cell,R3-SCAN-INTEG,task,3501,motor,RIGHT,crit,MISSED_ILLEGAL_SUM,measured,0,lo,0,hi,0,units,COUNT,n,1,verdict,PASS
[2026-09-21T20:16:18.481] Cog0  SIGNOFF,sf,1,bin,SCAN,cell,R5-SCAN-SELF,task,3503,motor,RIGHT,crit,NET_I_IN_BAND,measured,NA,lo,TRUE,hi,TRUE,units,BOOL,n,0,verdict,NOMEAS
[2026-09-21T20:16:18.482] Cog0  SIGNOFF,sf,1,bin,SCAN,cell,R6-SCAN-OFFSETS,task,3519,motor,RIGHT,crit,READBACK_BAD,measured,0,lo,0,hi,0,units,COUNT,n,1,verdict,PASS
[2026-09-21T20:16:18.484] Cog0  SIGNOFF,sf,1,bin,SCAN,cell,R7-SCAN-STARTILL,task,3524,motor,RIGHT,crit,STARTS_ILLEGAL,measured,0,lo,0,hi,0,units,COUNT,n,1,verdict,PASS
[2026-09-21T20:16:18.485] Cog0  SIGNOFF,sf,1,bin,SCAN,cell,R12-SCAN-ALIVE,task,3535,motor,RIGHT,crit,STARTS_NOT_ALIVE,measured,NA,lo,0,hi,0,units,COUNT,n,0,verdict,NOMEAS
[2026-09-21T20:16:18.487] Cog0  SIGNOFF,sf,1,bin,SCAN,cell,R12-SCAN-RATE,task,3535,motor,RIGHT,crit,RATE_IN_BAND,measured,NA,lo,TRUE,hi,TRUE,units,BOOL,n,0,verdict,NOMEAS
[2026-09-21T20:16:18.488] Cog0  SIGNOFF,sf,1,bin,SCAN,cell,R8-SCAN-ZXS,task,3529,motor,RIGHT,crit,ZXS_I,measured,NA,lo,0,hi,50,units,MV_X10,n,0,verdict,NOMEAS
[2026-09-21T20:16:18.490] Cog0  SIGNOFF,sf,1,bin,SCAN,cell,R8-SCAN-ZXS,task,3529,motor,RIGHT,crit,ZXS_U,measured,NA,lo,0,hi,50,units,MV_X10,n,0,verdict,NOMEAS
[2026-09-21T20:16:18.491] Cog0  SIGNOFF,sf,1,bin,SCAN,cell,R8-SCAN-ZXS,task,3529,motor,RIGHT,crit,ZXS_V,measured,NA,lo,0,hi,50,units,MV_X10,n,0,verdict,NOMEAS
[2026-09-21T20:16:18.493] Cog0  SIGNOFF,sf,1,bin,SCAN,cell,R8-SCAN-ZXS,task,3529,motor,RIGHT,crit,ZXS_W,measured,NA,lo,0,hi,50,units,MV_X10,n,0,verdict,NOMEAS
[2026-09-21T20:16:18.494] Cog0  SIGNOFF,sf,1,bin,SCAN,cell,R18-SCAN-LEGBRACKET,task,3530,motor,RIGHT,crit,MIN_BR_NEG_LOW,measured,NA,lo,TRUE,hi,TRUE,units,BOOL,n,0,verdict,NOMEAS
[2026-09-21T20:16:18.496] Cog0  SIGNOFF,sf,1,bin,SCAN,cell,R18-SCAN-LEGBRACKET,task,3530,motor,RIGHT,crit,MIN_BR_NEG_QTR,measured,NA,lo,TRUE,hi,TRUE,units,BOOL,n,0,verdict,NOMEAS
[2026-09-21T20:16:18.497] Cog0  SIGNOFF,sf,1,bin,SCAN,cell,R18-SCAN-LEGBRACKET,task,3530,motor,RIGHT,crit,MIN_BR_NEG_HALF,measured,NA,lo,TRUE,hi,TRUE,units,BOOL,n,0,verdict,NOMEAS
[2026-09-21T20:16:18.499] Cog0  SIGNOFF,sf,1,bin,SCAN,cell,R18-SCAN-LEGBRACKET,task,3530,motor,RIGHT,crit,MIN_BR_POS_LOW,measured,NA,lo,TRUE,hi,TRUE,units,BOOL,n,0,verdict,NOMEAS
[2026-09-21T20:16:18.501] Cog0  SIGNOFF,sf,1,bin,SCAN,cell,R18-SCAN-LEGBRACKET,task,3530,motor,RIGHT,crit,MIN_BR_POS_QTR,measured,NA,lo,TRUE,hi,TRUE,units,BOOL,n,0,verdict,NOMEAS
[2026-09-21T20:16:18.502] Cog0  SIGNOFF,sf,1,bin,SCAN,cell,R18-SCAN-LEGBRACKET,task,3530,motor,RIGHT,crit,MIN_BR_POS_HALF,measured,NA,lo,TRUE,hi,TRUE,units,BOOL,n,0,verdict,NOMEAS
[2026-09-21T20:16:18.504] Cog0  SIGNOFF,sf,1,bin,SCAN,cell,R9-SCAN-OWNZERO,task,3530,motor,RIGHT,crit,PTS_NO_OWN_ZERO,measured,NA,lo,0,hi,0,units,COUNT,n,0,verdict,NOMEAS
[2026-09-21T20:16:18.506] Cog0  SIGNOFF,sf,1,bin,SCAN,cell,R9-SCAN-PAIR2,task,3530,motor,RIGHT,crit,NET_RATIO_ONLY,measured,NA,lo,TRUE,hi,TRUE,units,BOOL,n,0,verdict,NOMEAS
[2026-09-21T20:16:18.507] Cog0  SIGNOFF,sf,1,bin,SCAN,cell,R10-SCAN-RSTALONE,task,3533,motor,RIGHT,crit,RESET_ALONE_CLEARS,measured,NA,lo,TRUE,hi,TRUE,units,BOOL,n,0,verdict,NOMEAS
[2026-09-21T20:16:18.508] Cog0  BS-ZXSALL,motor,RIGHT,n,0,i_spread_mV_x10,NA,u_spread_mV_x10,NA,v_spread_mV_x10,NA,w_spread_mV_x10,NA
[2026-09-21T20:16:18.510] Cog0  SIGNOFF,sf,1,bin,SCAN,cell,R11-SCAN-NOSTALL,task,3534,motor,NONE,crit,ENDED_BY_COG0,measured,TRUE,lo,TRUE,hi,TRUE,units,BOOL,n,1,verdict,PASS
[2026-09-21T20:16:18.511] Cog0  BS-END,exit,ABORTED,reason,ABS_CURRENT,elapsed_s,401,points,68,faults,0,aborts_i,4,charge_mVs,18_560,left_done,FALSE,right_done,FALSE,lib_abort,FALSE,trap_value,0
[2026-09-21T20:16:18.527] Cog0  DEBUG_END_SESSION

=== Debug Logger Session Ended at 2026-09-21T20:16:18.529 ===
