=== Debug Logger Session Started at 2026-09-22T23:38:57.341 ===
PNut-Term-TS: v1.0.8
Program: debug
=====================================

[2026-09-22T23:38:57.240] [SYSTEM] BAUD_RATE_SET 2000000 baud (preferences/default)

=== Session ended - Download Started at 2026-09-22T23:38:57.466 ===
=== Debug Logger Session Started at 2026-09-22T23:38:57.469 ===
PNut-Term-TS: v1.0.8
Program: debug
=====================================

[2026-09-22T23:38:57.466] [SYSTEM] [DOWNLOAD TO RAM] File: test_bench_t0.bin | Size: 37065 bytes | Modified: 2026-09-23T05:38:56.455Z
[2026-09-22T23:38:57.468] [SYSTEM] Download Session Started
[2026-09-22T23:38:58.816] [SYSTEM] [DOWNLOAD SUCCESS] test_bench_t0.bin successfully downloaded to RAM
[2026-09-22T23:38:58.817] Cog0  INIT $0000_0000 $0000_0000 load
[2026-09-22T23:38:58.820] Cog0  INIT $0000_0FA8 $0000_B55C jump
[2026-09-22T23:38:58.821] Cog0  * test_bench_t0 -- T0-24 stop-state hand test: ATTENDED, THE WHEEL SPINS ON TWO ROWS -- src_rev 11
[2026-09-22T23:38:58.821] Cog0  * active config: motor_type_enum=0 base=16 voltage_enum=6 wheel_dia_x10=65
[2026-09-22T23:38:58.822] Cog0  * bench expects MOTOR_TYPE=MOTR_6_5_INCH (0) and wheel_dia_x10=65; with wheel_dia_x10=0 the T0-3/T0-6 distance conversions report unavailable rather than a tick count
[2026-09-22T23:38:58.846] `PLOT t0stop TITLE 'T0-24 stop-state hand test' SIZE 480 300 POS 60 80 HIDEXY UPDATE<CR><LF>`t0stop LAYER 1 't0s_bg.bmp'<CR><LF>`t0stop LAYER 2 't0s_rows.bmp'<CR><LF>`t0stop LAYER 3 't0s_actions.bmp'<CR><LF>`t0stop LAYER 4 't0s_digits.bmp'<CR><LF>`t0stop crop 1<CR><LF>`t0stop update<CR><LF>`t0stop crop 2 0, 0, 456, 28, 12, 36<CR><LF>`t0stop crop 3 0, 64, 456, 64, 12, 70<CR><LF>`t0stop crop 4 280, 0, 28, 36, 170, 146<CR><LF>`t0stop crop 4 280, 0, 28, 36, 200, 146<CR><LF>`t0stop crop 4 280, 0, 28, 36, 230, 146<CR><LF>`t0stop crop 4 0, 0, 28, 36, 260, 146<CR><LF>`t0stop crop 4 280, 0, 28, 36, 170, 190<CR><LF>`t0stop crop 4 280, 0, 28, 36, 200, 190<CR><LF>`t0stop crop 4 280, 0, 28, 36, 230, 190<CR><LF>`t0stop crop 4 0, 0, 28, 36, 260, 190<CR><LF>`t0stop crop 4 280, 0, 28, 36, 170, 234<CR><LF>`t0stop crop 4 280, 0, 28, 36, 200, 234<CR><LF>`t0stop crop 4 280, 0, 28, 36, 230, 234<CR><LF>`t0stop crop 4 280, 0, 28, 36, 260, 234<CR><LF>`t0stop crop 4 0, 0, 28, 36, 290, 234<CR><LF>`t0stop update<CR><LF>Cog0  SIGNOFF-DECL,sf,1,bin,T0,cell,R17-T0-HOLDPWR,task,3578
[2026-09-22T23:38:58.846] Cog0  SIGNOFF-DECL,sf,1,bin,T0,cell,R17-T0-RESTCOAST,task,3578
[2026-09-22T23:38:58.846] Cog0  SIGNOFF-DECL,sf,1,bin,T0,cell,R17-T0-RESTSHORT,task,3578
[2026-09-22T23:38:58.846] Cog0  SIGNOFF-DECL,sf,1,bin,T0,cell,R17-T0-STOPGAP,task,3578
[2026-09-22T23:38:58.846] Cog0  SIGNOFF-DECL,sf,1,bin,T0,cell,R17-T0-FLTCOAST,task,3578
[2026-09-22T23:38:58.846] Cog0  SIGNOFF-DECL,sf,1,bin,T0,cell,R17-T0-FLTSHORT,task,3578
[2026-09-22T23:38:58.846] Cog0  SIGNOFF-DECL,sf,1,bin,T0,cell,R17-T0-FLTGAP,task,3578
[2026-09-22T23:38:58.846] Cog0  SIGNOFF-DECL,sf,1,bin,T0,cell,R17-T0-FREEREF,task,3578
[2026-09-22T23:38:58.846] Cog0  T0-24,begin,wheel,RIGHT_P16,rows,6,fault_power,50,prompt,each_row_names_what_to_do_on_the_panel_before_it_runs
[2026-09-22T23:38:58.850] Cog1  INIT $0000_41FE $0000_7C9B load
[2026-09-22T23:38:58.850] Cog2  INIT $0000_0FA8 $0000_776B jump
[2026-09-22T23:38:59.864] `t0stop crop 2 0, 0, 456, 28, 12, 36<CR><LF>`t0stop crop 3 0, 0, 456, 64, 12, 70<CR><LF>`t0stop crop 4 280, 0, 28, 36, 170, 146<CR><LF>`t0stop crop 4 280, 0, 28, 36, 200, 146<CR><LF>`t0stop crop 4 280, 0, 28, 36, 230, 146<CR><LF>`t0stop crop 4 0, 0, 28, 36, 260, 146<CR><LF>`t0stop crop 4 280, 0, 28, 36, 170, 190<CR><LF>`t0stop crop 4 280, 0, 28, 36, 200, 190<CR><LF>`t0stop crop 4 280, 0, 28, 36, 230, 190<CR><LF>`t0stop crop 4 0, 0, 28, 36, 260, 190<CR><LF>`t0stop crop 4 280, 0, 28, 36, 170, 234<CR><LF>`t0stop crop 4 280, 0, 28, 36, 200, 234<CR><LF>`t0stop crop 4 280, 0, 28, 36, 230, 234<CR><LF>`t0stop crop 4 280, 0, 28, 36, 260, 234<CR><LF>`t0stop crop 4 0, 0, 28, 36, 290, 234<CR><LF>`t0stop update<CR><LF>Cog0  T0-24,row,0,arm,prediction,HELD_AT_A_FIXED_ANGLE_COGGING_RESISTANCE_AND_A_RECORDED_FAULT_WHEN_TURNED,asking_for,TURN_IT_SLOWLY_ABOUT_HALF_A_TURN_THEN_PRESS_SPACE,prompt,press_S_when_ready
[2026-09-22T23:38:59.918] `t0stop PC_KEY<CR><LF>
[2026-09-22T23:38:59.979] `t0stop PC_KEY<CR><LF>
[2026-09-22T23:39:00.043] `t0stop PC_KEY<CR><LF>
[2026-09-22T23:39:00.108] `t0stop PC_KEY<CR><LF>
[2026-09-22T23:39:00.171] `t0stop PC_KEY<CR><LF>
[2026-09-22T23:39:00.237] `t0stop PC_KEY<CR><LF>
[2026-09-22T23:39:00.299] `t0stop PC_KEY<CR><LF>
[2026-09-22T23:39:00.362] `t0stop PC_KEY<CR><LF>
[2026-09-22T23:39:00.430] `t0stop PC_KEY<CR><LF>
[2026-09-22T23:39:00.494] `t0stop PC_KEY<CR><LF>
[2026-09-22T23:39:00.555] `t0stop PC_KEY<CR><LF>
[2026-09-22T23:39:00.619] `t0stop PC_KEY<CR><LF>
[2026-09-22T23:39:00.686] `t0stop PC_KEY<CR><LF>
[2026-09-22T23:39:00.750] `t0stop PC_KEY<CR><LF>
[2026-09-22T23:39:00.811] `t0stop PC_KEY<CR><LF>
[2026-09-22T23:39:00.876] `t0stop PC_KEY<CR><LF>
[2026-09-22T23:39:00.939] `t0stop PC_KEY<CR><LF>
[2026-09-22T23:39:01.003] `t0stop PC_KEY<CR><LF>
[2026-09-22T23:39:01.069] `t0stop PC_KEY<CR><LF>
[2026-09-22T23:39:01.133] `t0stop PC_KEY<CR><LF>
[2026-09-22T23:39:01.195] `t0stop PC_KEY<CR><LF>
[2026-09-22T23:39:01.259] `t0stop PC_KEY<CR><LF>
[2026-09-22T23:39:01.327] `t0stop PC_KEY<CR><LF>
[2026-09-22T23:39:01.387] `t0stop PC_KEY<CR><LF>
[2026-09-22T23:39:01.452] `t0stop PC_KEY<CR><LF>
[2026-09-22T23:39:01.515] `t0stop PC_KEY<CR><LF>
[2026-09-22T23:39:01.578] `t0stop PC_KEY<CR><LF>
[2026-09-22T23:39:01.644] `t0stop PC_KEY<CR><LF>
[2026-09-22T23:39:01.708] `t0stop PC_KEY<CR><LF>
[2026-09-22T23:39:01.771] `t0stop PC_KEY<CR><LF>
[2026-09-22T23:39:01.837] `t0stop PC_KEY<CR><LF>
[2026-09-22T23:39:01.901] `t0stop PC_KEY<CR><LF>
[2026-09-22T23:39:01.964] `t0stop PC_KEY<CR><LF>
[2026-09-22T23:39:02.028] `t0stop PC_KEY<CR><LF>
[2026-09-22T23:39:02.092] `t0stop PC_KEY<CR><LF>
[2026-09-22T23:39:02.158] `t0stop PC_KEY<CR><LF>
[2026-09-22T23:39:02.220] `t0stop PC_KEY<CR><LF>
[2026-09-22T23:39:02.284] `t0stop PC_KEY<CR><LF>
[2026-09-22T23:39:02.350] `t0stop PC_KEY<CR><LF>
[2026-09-22T23:39:02.412] `t0stop PC_KEY<CR><LF>
[2026-09-22T23:39:02.477] `t0stop PC_KEY<CR><LF>
[2026-09-22T23:39:02.540] `t0stop PC_KEY<CR><LF>
[2026-09-22T23:39:02.604] `t0stop PC_KEY<CR><LF>
[2026-09-22T23:39:02.668] `t0stop PC_KEY<CR><LF>
[2026-09-22T23:39:02.735] `t0stop PC_KEY<CR><LF>
[2026-09-22T23:39:02.798] `t0stop PC_KEY<CR><LF>
[2026-09-22T23:39:02.861] `t0stop PC_KEY<CR><LF>
[2026-09-22T23:39:02.924] `t0stop PC_KEY<CR><LF>
[2026-09-22T23:39:02.987] `t0stop PC_KEY<CR><LF>
[2026-09-22T23:39:03.052] `t0stop PC_KEY<CR><LF>
[2026-09-22T23:39:03.117] `t0stop PC_KEY<CR><LF>
[2026-09-22T23:39:03.180] `t0stop PC_KEY<CR><LF>
[2026-09-22T23:39:03.245] `t0stop PC_KEY<CR><LF>
[2026-09-22T23:39:03.308] `t0stop PC_KEY<CR><LF>
[2026-09-22T23:39:03.373] `t0stop PC_KEY<CR><LF>
[2026-09-22T23:39:03.436] `t0stop PC_KEY<CR><LF>
[2026-09-22T23:39:03.500] `t0stop PC_KEY<CR><LF>
[2026-09-22T23:39:03.564] `t0stop PC_KEY<CR><LF>
[2026-09-22T23:39:03.628] `t0stop PC_KEY<CR><LF>
[2026-09-22T23:39:03.693] `t0stop PC_KEY<CR><LF>
[2026-09-22T23:39:03.759] `t0stop PC_KEY<CR><LF>
[2026-09-22T23:39:03.821] `t0stop PC_KEY<CR><LF>
[2026-09-22T23:39:03.884] `t0stop PC_KEY<CR><LF>
[2026-09-22T23:39:03.949] `t0stop PC_KEY<CR><LF>
[2026-09-22T23:39:04.012] `t0stop PC_KEY<CR><LF>
[2026-09-22T23:39:04.077] `t0stop PC_KEY<CR><LF>
[2026-09-22T23:39:04.143] `t0stop PC_KEY<CR><LF>
[2026-09-22T23:39:04.204] `t0stop PC_KEY<CR><LF>
[2026-09-22T23:39:04.268] `t0stop PC_KEY<CR><LF>
[2026-09-22T23:39:04.335] `t0stop PC_KEY<CR><LF>
[2026-09-22T23:39:04.396] `t0stop PC_KEY<CR><LF>
[2026-09-22T23:39:04.462] `t0stop PC_KEY<CR><LF>
[2026-09-22T23:39:04.525] `t0stop PC_KEY<CR><LF>
[2026-09-22T23:39:04.590] `t0stop PC_KEY<CR><LF>
[2026-09-22T23:39:04.653] `t0stop PC_KEY<CR><LF>
[2026-09-22T23:39:04.717] `t0stop PC_KEY<CR><LF>
[2026-09-22T23:39:04.780] `t0stop PC_KEY<CR><LF>
[2026-09-22T23:39:04.846] `t0stop PC_KEY<CR><LF>
[2026-09-22T23:39:04.911] `t0stop PC_KEY<CR><LF>
[2026-09-22T23:39:04.972] `t0stop PC_KEY<CR><LF>
[2026-09-22T23:39:05.036] `t0stop PC_KEY<CR><LF>
[2026-09-22T23:39:05.100] `t0stop PC_KEY<CR><LF>
[2026-09-22T23:39:05.165] `t0stop PC_KEY<CR><LF>
[2026-09-22T23:39:05.229] `t0stop PC_KEY<CR><LF>
[2026-09-22T23:39:05.292] `t0stop PC_KEY<CR><LF>
[2026-09-22T23:39:05.360] `t0stop PC_KEY<CR><LF>
[2026-09-22T23:39:05.421] `t0stop PC_KEY<CR><LF>
[2026-09-22T23:39:05.485] `t0stop PC_KEY<CR><LF>
[2026-09-22T23:39:05.550] `t0stop PC_KEY<CR><LF>
[2026-09-22T23:39:05.614] `t0stop PC_KEY<CR><LF>
[2026-09-22T23:39:05.679] `t0stop PC_KEY<CR><LF>
[2026-09-22T23:39:05.745] `t0stop PC_KEY<CR><LF>
[2026-09-22T23:39:05.808] `t0stop PC_KEY<CR><LF>
[2026-09-22T23:39:05.870] `t0stop PC_KEY<CR><LF>
[2026-09-22T23:39:05.934] `t0stop PC_KEY<CR><LF>
[2026-09-22T23:39:05.998] `t0stop PC_KEY<CR><LF>
[2026-09-22T23:39:06.063] `t0stop PC_KEY<CR><LF>
[2026-09-22T23:39:06.126] `t0stop PC_KEY<CR><LF>
[2026-09-22T23:39:06.191] `t0stop PC_KEY<CR><LF>
[2026-09-22T23:39:06.256] `t0stop PC_KEY<CR><LF>
[2026-09-22T23:39:06.319] `t0stop PC_KEY<CR><LF>
[2026-09-22T23:39:06.382] `t0stop PC_KEY<CR><LF>
[2026-09-22T23:39:06.446] `t0stop PC_KEY<CR><LF>
[2026-09-22T23:39:06.510] `t0stop PC_KEY<CR><LF>
[2026-09-22T23:39:06.575] `t0stop PC_KEY<CR><LF>
[2026-09-22T23:39:06.638] `t0stop PC_KEY<CR><LF>
[2026-09-22T23:39:06.701] `t0stop PC_KEY<CR><LF>
[2026-09-22T23:39:06.766] `t0stop PC_KEY<CR><LF>
[2026-09-22T23:39:06.833] `t0stop PC_KEY<CR><LF>
[2026-09-22T23:39:06.894] `t0stop PC_KEY<CR><LF>
[2026-09-22T23:39:06.958] `t0stop PC_KEY<CR><LF>
[2026-09-22T23:39:07.021] `t0stop PC_KEY<CR><LF>
[2026-09-22T23:39:07.086] `t0stop PC_KEY<CR><LF>
[2026-09-22T23:39:07.151] `t0stop PC_KEY<CR><LF>
[2026-09-22T23:39:07.215] `t0stop PC_KEY<CR><LF>
[2026-09-22T23:39:07.279] `t0stop PC_KEY<CR><LF>
[2026-09-22T23:39:07.343] `t0stop PC_KEY<CR><LF>
[2026-09-22T23:39:07.406] `t0stop PC_KEY<CR><LF>
[2026-09-22T23:39:07.471] `t0stop PC_KEY<CR><LF>
[2026-09-22T23:39:07.536] `t0stop PC_KEY<CR><LF>
[2026-09-22T23:39:07.598] `t0stop PC_KEY<CR><LF>
[2026-09-22T23:39:07.663] `t0stop PC_KEY<CR><LF>
[2026-09-22T23:39:07.730] `t0stop PC_KEY<CR><LF>
[2026-09-22T23:39:07.793] `t0stop PC_KEY<CR><LF>
[2026-09-22T23:39:07.855] `t0stop PC_KEY<CR><LF>
[2026-09-22T23:39:07.920] `t0stop PC_KEY<CR><LF>
[2026-09-22T23:39:07.983] `t0stop PC_KEY<CR><LF>
[2026-09-22T23:39:08.047] `t0stop PC_KEY<CR><LF>
[2026-09-22T23:39:08.113] `t0stop PC_KEY<CR><LF>
[2026-09-22T23:39:08.177] `t0stop PC_KEY<CR><LF>
[2026-09-22T23:39:08.240] `t0stop PC_KEY<CR><LF>
[2026-09-22T23:39:08.303] `t0stop PC_KEY<CR><LF>
[2026-09-22T23:39:08.370] `t0stop PC_KEY<CR><LF>
[2026-09-22T23:39:08.431] `t0stop PC_KEY<CR><LF>
[2026-09-22T23:39:08.495] `t0stop PC_KEY<CR><LF>
[2026-09-22T23:39:08.558] `t0stop PC_KEY<CR><LF>
[2026-09-22T23:39:08.623] `t0stop PC_KEY<CR><LF>
[2026-09-22T23:39:08.687] `t0stop PC_KEY<CR><LF>
[2026-09-22T23:39:08.751] `t0stop PC_KEY<CR><LF>
[2026-09-22T23:39:08.818] `t0stop PC_KEY<CR><LF>
[2026-09-22T23:39:08.880] `t0stop PC_KEY<CR><LF>
[2026-09-22T23:39:08.943] `t0stop PC_KEY<CR><LF>
[2026-09-22T23:39:09.007] `t0stop PC_KEY<CR><LF>
[2026-09-22T23:39:09.072] `t0stop PC_KEY<CR><LF>
[2026-09-22T23:39:09.138] `t0stop PC_KEY<CR><LF>
[2026-09-22T23:39:09.200] `t0stop PC_KEY<CR><LF>
[2026-09-22T23:39:09.263] `t0stop PC_KEY<CR><LF>
[2026-09-22T23:39:09.328] `t0stop PC_KEY<CR><LF>
[2026-09-22T23:39:09.393] `t0stop PC_KEY<CR><LF>
[2026-09-22T23:39:09.456] `t0stop PC_KEY<CR><LF>
[2026-09-22T23:39:09.519] `t0stop PC_KEY<CR><LF>
[2026-09-22T23:39:09.583] `t0stop PC_KEY<CR><LF>
[2026-09-22T23:39:09.647] `t0stop PC_KEY<CR><LF>
[2026-09-22T23:39:09.714] `t0stop PC_KEY<CR><LF>
[2026-09-22T23:39:09.777] `t0stop PC_KEY<CR><LF>
[2026-09-22T23:39:09.840] `t0stop PC_KEY<CR><LF>
[2026-09-22T23:39:09.904] `t0stop PC_KEY<CR><LF>
[2026-09-22T23:39:09.971] `t0stop PC_KEY<CR><LF>
[2026-09-22T23:39:10.031] `t0stop PC_KEY<CR><LF>
[2026-09-22T23:39:10.097] `t0stop PC_KEY<CR><LF>
[2026-09-22T23:39:10.159] `t0stop PC_KEY<CR><LF>
[2026-09-22T23:39:10.224] `t0stop PC_KEY<CR><LF>
[2026-09-22T23:39:10.289] `t0stop PC_KEY<CR><LF>
[2026-09-22T23:39:10.355] `t0stop PC_KEY<CR><LF>
[2026-09-22T23:39:10.416] `t0stop PC_KEY<CR><LF>
[2026-09-22T23:39:10.479] `t0stop PC_KEY<CR><LF>
[2026-09-22T23:39:10.544] `t0stop PC_KEY<CR><LF>
[2026-09-22T23:39:10.610] `t0stop PC_KEY<CR><LF>
[2026-09-22T23:39:10.671] `t0stop PC_KEY<CR><LF>
[2026-09-22T23:39:10.728] `t0stop crop 2 0, 0, 456, 28, 12, 36<CR><LF>`t0stop crop 3 0, 64, 456, 64, 12, 70<CR><LF>`t0stop crop 4 280, 0, 28, 36, 170, 146<CR><LF>`t0stop crop 4 280, 0, 28, 36, 200, 146<CR><LF>`t0stop crop 4 280, 0, 28, 36, 230, 146<CR><LF>`t0stop crop 4 0, 0, 28, 36, 260, 146<CR><LF>`t0stop crop 4 280, 0, 28, 36, 170, 190<CR><LF>`t0stop crop 4 280, 0, 28, 36, 200, 190<CR><LF>`t0stop crop 4 280, 0, 28, 36, 230, 190<CR><LF>`t0stop crop 4 0, 0, 28, 36, 260, 190<CR><LF>`t0stop crop 4 280, 0, 28, 36, 170, 234<CR><LF>`t0stop crop 4 280, 0, 28, 36, 200, 234<CR><LF>`t0stop crop 4 280, 0, 28, 36, 230, 234<CR><LF>`t0stop crop 4 280, 0, 28, 36, 260, 234<CR><LF>`t0stop crop 4 0, 0, 28, 36, 290, 234<CR><LF>`t0stop update<CR><LF>
[2026-09-22T23:39:11.696] `t0stop crop 2 0, 0, 456, 28, 12, 36<CR><LF>`t0stop crop 3 0, 192, 456, 64, 12, 70<CR><LF>`t0stop crop 4 280, 0, 28, 36, 170, 146<CR><LF>`t0stop crop 4 280, 0, 28, 36, 200, 146<CR><LF>`t0stop crop 4 280, 0, 28, 36, 230, 146<CR><LF>`t0stop crop 4 0, 0, 28, 36, 260, 146<CR><LF>`t0stop crop 4 280, 0, 28, 36, 170, 190<CR><LF>`t0stop crop 4 280, 0, 28, 36, 200, 190<CR><LF>`t0stop crop 4 280, 0, 28, 36, 230, 190<CR><LF>`t0stop crop 4 0, 0, 28, 36, 260, 190<CR><LF>`t0stop crop 4 280, 0, 28, 36, 170, 234<CR><LF>`t0stop crop 4 280, 0, 28, 36, 200, 234<CR><LF>`t0stop crop 4 280, 0, 28, 36, 230, 234<CR><LF>`t0stop crop 4 280, 0, 28, 36, 260, 234<CR><LF>`t0stop crop 4 0, 0, 28, 36, 290, 234<CR><LF>`t0stop update<CR><LF>Cog0  T0-24,row,0,hand_phase,begin,asking_for,TURN_IT_SLOWLY_ABOUT_HALF_A_TURN_THEN_PRESS_SPACE
[2026-09-22T23:39:11.844] `t0stop PC_KEY<CR><LF>
[2026-09-22T23:39:11.954] `t0stop PC_KEY<CR><LF>
[2026-09-22T23:39:12.067] `t0stop PC_KEY<CR><LF>
[2026-09-22T23:39:12.178] `t0stop PC_KEY<CR><LF>
[2026-09-22T23:39:12.312] `t0stop PC_KEY<CR><LF>`t0stop crop 2 0, 0, 456, 28, 12, 36<CR><LF>`t0stop crop 3 0, 192, 456, 64, 12, 70<CR><LF>`t0stop crop 4 280, 0, 28, 36, 170, 146<CR><LF>`t0stop crop 4 280, 0, 28, 36, 200, 146<CR><LF>`t0stop crop 4 280, 0, 28, 36, 230, 146<CR><LF>`t0stop crop 4 0, 0, 28, 36, 260, 146<CR><LF>`t0stop crop 4 280, 0, 28, 36, 170, 190<CR><LF>`t0stop crop 4 280, 0, 28, 36, 200, 190<CR><LF>`t0stop crop 4 280, 0, 28, 36, 230, 190<CR><LF>`t0stop crop 4 0, 0, 28, 36, 260, 190<CR><LF>`t0stop crop 4 280, 0, 28, 36, 170, 234<CR><LF>`t0stop crop 4 280, 0, 28, 36, 200, 234<CR><LF>`t0stop crop 4 280, 0, 28, 36, 230, 234<CR><LF>`t0stop crop 4 280, 0, 28, 36, 260, 234<CR><LF>`t0stop crop 4 0, 0, 28, 36, 290, 234<CR><LF>`t0stop update<CR><LF>
[2026-09-22T23:39:12.410] `t0stop PC_KEY<CR><LF>
[2026-09-22T23:39:12.518] `t0stop PC_KEY<CR><LF>
[2026-09-22T23:39:12.631] `t0stop PC_KEY<CR><LF>
[2026-09-22T23:39:12.746] `t0stop PC_KEY<CR><LF>
[2026-09-22T23:39:12.874] `t0stop PC_KEY<CR><LF>`t0stop crop 2 0, 0, 456, 28, 12, 36<CR><LF>`t0stop crop 3 0, 192, 456, 64, 12, 70<CR><LF>`t0stop crop 4 280, 0, 28, 36, 170, 146<CR><LF>`t0stop crop 4 280, 0, 28, 36, 200, 146<CR><LF>`t0stop crop 4 280, 0, 28, 36, 230, 146<CR><LF>`t0stop crop 4 0, 0, 28, 36, 260, 146<CR><LF>`t0stop crop 4 280, 0, 28, 36, 170, 190<CR><LF>`t0stop crop 4 280, 0, 28, 36, 200, 190<CR><LF>`t0stop crop 4 280, 0, 28, 36, 230, 190<CR><LF>`t0stop crop 4 0, 0, 28, 36, 260, 190<CR><LF>`t0stop crop 4 280, 0, 28, 36, 170, 234<CR><LF>`t0stop crop 4 280, 0, 28, 36, 200, 234<CR><LF>`t0stop crop 4 280, 0, 28, 36, 230, 234<CR><LF>`t0stop crop 4 280, 0, 28, 36, 260, 234<CR><LF>`t0stop crop 4 0, 0, 28, 36, 290, 234<CR><LF>`t0stop update<CR><LF>
[2026-09-22T23:39:12.973] `t0stop PC_KEY<CR><LF>
[2026-09-22T23:39:13.083] `t0stop PC_KEY<CR><LF>
[2026-09-22T23:39:13.195] `t0stop PC_KEY<CR><LF>
[2026-09-22T23:39:13.307] `t0stop PC_KEY<CR><LF>
[2026-09-22T23:39:13.441] `t0stop PC_KEY<CR><LF>`t0stop crop 2 0, 0, 456, 28, 12, 36<CR><LF>`t0stop crop 3 0, 192, 456, 64, 12, 70<CR><LF>`t0stop crop 4 280, 0, 28, 36, 170, 146<CR><LF>`t0stop crop 4 280, 0, 28, 36, 200, 146<CR><LF>`t0stop crop 4 280, 0, 28, 36, 230, 146<CR><LF>`t0stop crop 4 0, 0, 28, 36, 260, 146<CR><LF>`t0stop crop 4 280, 0, 28, 36, 170, 190<CR><LF>`t0stop crop 4 280, 0, 28, 36, 200, 190<CR><LF>`t0stop crop 4 280, 0, 28, 36, 230, 190<CR><LF>`t0stop crop 4 0, 0, 28, 36, 260, 190<CR><LF>`t0stop crop 4 280, 0, 28, 36, 170, 234<CR><LF>`t0stop crop 4 280, 0, 28, 36, 200, 234<CR><LF>`t0stop crop 4 280, 0, 28, 36, 230, 234<CR><LF>`t0stop crop 4 280, 0, 28, 36, 260, 234<CR><LF>`t0stop crop 4 0, 0, 28, 36, 290, 234<CR><LF>`t0stop update<CR><LF>
[2026-09-22T23:39:13.536] `t0stop PC_KEY<CR><LF>
[2026-09-22T23:39:13.648] `t0stop PC_KEY<CR><LF>
[2026-09-22T23:39:13.760] `t0stop PC_KEY<CR><LF>
[2026-09-22T23:39:13.873] `t0stop PC_KEY<CR><LF>
[2026-09-22T23:39:14.006] `t0stop PC_KEY<CR><LF>`t0stop crop 2 0, 0, 456, 28, 12, 36<CR><LF>`t0stop crop 3 0, 192, 456, 64, 12, 70<CR><LF>`t0stop crop 4 280, 0, 28, 36, 170, 146<CR><LF>`t0stop crop 4 280, 0, 28, 36, 200, 146<CR><LF>`t0stop crop 4 280, 0, 28, 36, 230, 146<CR><LF>`t0stop crop 4 0, 0, 28, 36, 260, 146<CR><LF>`t0stop crop 4 280, 0, 28, 36, 170, 190<CR><LF>`t0stop crop 4 280, 0, 28, 36, 200, 190<CR><LF>`t0stop crop 4 280, 0, 28, 36, 230, 190<CR><LF>`t0stop crop 4 0, 0, 28, 36, 260, 190<CR><LF>`t0stop crop 4 280, 0, 28, 36, 170, 234<CR><LF>`t0stop crop 4 280, 0, 28, 36, 200, 234<CR><LF>`t0stop crop 4 280, 0, 28, 36, 230, 234<CR><LF>`t0stop crop 4 280, 0, 28, 36, 260, 234<CR><LF>`t0stop crop 4 0, 0, 28, 36, 290, 234<CR><LF>`t0stop update<CR><LF>
[2026-09-22T23:39:14.101] `t0stop PC_KEY<CR><LF>
[2026-09-22T23:39:14.212] `t0stop PC_KEY<CR><LF>
[2026-09-22T23:39:14.323] `t0stop PC_KEY<CR><LF>
[2026-09-22T23:39:14.436] `t0stop PC_KEY<CR><LF>
[2026-09-22T23:39:14.567] `t0stop PC_KEY<CR><LF>`t0stop crop 2 0, 0, 456, 28, 12, 36<CR><LF>`t0stop crop 3 0, 192, 456, 64, 12, 70<CR><LF>`t0stop crop 4 280, 0, 28, 36, 170, 146<CR><LF>`t0stop crop 4 280, 0, 28, 36, 200, 146<CR><LF>`t0stop crop 4 280, 0, 28, 36, 230, 146<CR><LF>`t0stop crop 4 0, 0, 28, 36, 260, 146<CR><LF>`t0stop crop 4 280, 0, 28, 36, 170, 190<CR><LF>`t0stop crop 4 280, 0, 28, 36, 200, 190<CR><LF>`t0stop crop 4 280, 0, 28, 36, 230, 190<CR><LF>`t0stop crop 4 0, 0, 28, 36, 260, 190<CR><LF>`t0stop crop 4 280, 0, 28, 36, 170, 234<CR><LF>`t0stop crop 4 280, 0, 28, 36, 200, 234<CR><LF>`t0stop crop 4 280, 0, 28, 36, 230, 234<CR><LF>`t0stop crop 4 280, 0, 28, 36, 260, 234<CR><LF>`t0stop crop 4 0, 0, 28, 36, 290, 234<CR><LF>`t0stop update<CR><LF>
[2026-09-22T23:39:14.664] `t0stop PC_KEY<CR><LF>
[2026-09-22T23:39:14.776] `t0stop PC_KEY<CR><LF>
[2026-09-22T23:39:14.889] `t0stop PC_KEY<CR><LF>
[2026-09-22T23:39:15.000] `t0stop PC_KEY<CR><LF>
[2026-09-22T23:39:15.131] `t0stop PC_KEY<CR><LF>`t0stop crop 2 0, 0, 456, 28, 12, 36<CR><LF>`t0stop crop 3 0, 192, 456, 64, 12, 70<CR><LF>`t0stop crop 4 280, 0, 28, 36, 170, 146<CR><LF>`t0stop crop 4 280, 0, 28, 36, 200, 146<CR><LF>`t0stop crop 4 280, 0, 28, 36, 230, 146<CR><LF>`t0stop crop 4 0, 0, 28, 36, 260, 146<CR><LF>`t0stop crop 4 280, 0, 28, 36, 170, 190<CR><LF>`t0stop crop 4 280, 0, 28, 36, 200, 190<CR><LF>`t0stop crop 4 280, 0, 28, 36, 230, 190<CR><LF>`t0stop crop 4 0, 0, 28, 36, 260, 190<CR><LF>`t0stop crop 4 280, 0, 28, 36, 170, 234<CR><LF>`t0stop crop 4 280, 0, 28, 36, 200, 234<CR><LF>`t0stop crop 4 280, 0, 28, 36, 230, 234<CR><LF>`t0stop crop 4 280, 0, 28, 36, 260, 234<CR><LF>`t0stop crop 4 0, 0, 28, 36, 290, 234<CR><LF>`t0stop update<CR><LF>
[2026-09-22T23:39:15.229] `t0stop PC_KEY<CR><LF>
[2026-09-22T23:39:15.340] `t0stop PC_KEY<CR><LF>
[2026-09-22T23:39:15.454] `t0stop PC_KEY<CR><LF>
[2026-09-22T23:39:15.564] `t0stop PC_KEY<CR><LF>
[2026-09-22T23:39:15.696] `t0stop PC_KEY<CR><LF>`t0stop crop 2 0, 0, 456, 28, 12, 36<CR><LF>`t0stop crop 3 0, 192, 456, 64, 12, 70<CR><LF>`t0stop crop 4 280, 0, 28, 36, 170, 146<CR><LF>`t0stop crop 4 280, 0, 28, 36, 200, 146<CR><LF>`t0stop crop 4 280, 0, 28, 36, 230, 146<CR><LF>`t0stop crop 4 0, 0, 28, 36, 260, 146<CR><LF>`t0stop crop 4 280, 0, 28, 36, 170, 190<CR><LF>`t0stop crop 4 280, 0, 28, 36, 200, 190<CR><LF>`t0stop crop 4 280, 0, 28, 36, 230, 190<CR><LF>`t0stop crop 4 0, 0, 28, 36, 260, 190<CR><LF>`t0stop crop 4 280, 0, 28, 36, 170, 234<CR><LF>`t0stop crop 4 280, 0, 28, 36, 200, 234<CR><LF>`t0stop crop 4 280, 0, 28, 36, 230, 234<CR><LF>`t0stop crop 4 280, 0, 28, 36, 260, 234<CR><LF>`t0stop crop 4 0, 0, 28, 36, 290, 234<CR><LF>`t0stop update<CR><LF>
[2026-09-22T23:39:15.792] `t0stop PC_KEY<CR><LF>
[2026-09-22T23:39:15.904] `t0stop PC_KEY<CR><LF>
[2026-09-22T23:39:16.016] `t0stop PC_KEY<CR><LF>
[2026-09-22T23:39:16.128] `t0stop PC_KEY<CR><LF>
[2026-09-22T23:39:16.262] `t0stop PC_KEY<CR><LF>`t0stop crop 2 0, 0, 456, 28, 12, 36<CR><LF>`t0stop crop 3 0, 192, 456, 64, 12, 70<CR><LF>`t0stop crop 4 280, 0, 28, 36, 170, 146<CR><LF>`t0stop crop 4 280, 0, 28, 36, 200, 146<CR><LF>`t0stop crop 4 280, 0, 28, 36, 230, 146<CR><LF>`t0stop crop 4 0, 0, 28, 36, 260, 146<CR><LF>`t0stop crop 4 280, 0, 28, 36, 170, 190<CR><LF>`t0stop crop 4 280, 0, 28, 36, 200, 190<CR><LF>`t0stop crop 4 280, 0, 28, 36, 230, 190<CR><LF>`t0stop crop 4 0, 0, 28, 36, 260, 190<CR><LF>`t0stop crop 4 280, 0, 28, 36, 170, 234<CR><LF>`t0stop crop 4 280, 0, 28, 36, 200, 234<CR><LF>`t0stop crop 4 280, 0, 28, 36, 230, 234<CR><LF>`t0stop crop 4 280, 0, 28, 36, 260, 234<CR><LF>`t0stop crop 4 0, 0, 28, 36, 290, 234<CR><LF>`t0stop update<CR><LF>
[2026-09-22T23:39:16.357] `t0stop PC_KEY<CR><LF>
[2026-09-22T23:39:16.472] `t0stop PC_KEY<CR><LF>
[2026-09-22T23:39:16.582] `t0stop PC_KEY<CR><LF>
[2026-09-22T23:39:16.693] `t0stop PC_KEY<CR><LF>
[2026-09-22T23:39:16.827] `t0stop PC_KEY<CR><LF>`t0stop crop 2 0, 0, 456, 28, 12, 36<CR><LF>`t0stop crop 3 0, 192, 456, 64, 12, 70<CR><LF>`t0stop crop 4 280, 0, 28, 36, 170, 146<CR><LF>`t0stop crop 4 280, 0, 28, 36, 200, 146<CR><LF>`t0stop crop 4 280, 0, 28, 36, 230, 146<CR><LF>`t0stop crop 4 0, 0, 28, 36, 260, 146<CR><LF>`t0stop crop 4 280, 0, 28, 36, 170, 190<CR><LF>`t0stop crop 4 280, 0, 28, 36, 200, 190<CR><LF>`t0stop crop 4 280, 0, 28, 36, 230, 190<CR><LF>`t0stop crop 4 0, 0, 28, 36, 260, 190<CR><LF>`t0stop crop 4 280, 0, 28, 36, 170, 234<CR><LF>`t0stop crop 4 280, 0, 28, 36, 200, 234<CR><LF>`t0stop crop 4 280, 0, 28, 36, 230, 234<CR><LF>`t0stop crop 4 280, 0, 28, 36, 260, 234<CR><LF>`t0stop crop 4 0, 0, 28, 36, 290, 234<CR><LF>`t0stop update<CR><LF>
[2026-09-22T23:39:16.921] `t0stop PC_KEY<CR><LF>
[2026-09-22T23:39:17.032] `t0stop PC_KEY<CR><LF>
[2026-09-22T23:39:17.146] `t0stop PC_KEY<CR><LF>
[2026-09-22T23:39:17.257] `t0stop PC_KEY<CR><LF>
[2026-09-22T23:39:17.389] `t0stop PC_KEY<CR><LF>`t0stop crop 2 0, 0, 456, 28, 12, 36<CR><LF>`t0stop crop 3 0, 192, 456, 64, 12, 70<CR><LF>`t0stop crop 4 280, 0, 28, 36, 170, 146<CR><LF>`t0stop crop 4 280, 0, 28, 36, 200, 146<CR><LF>`t0stop crop 4 280, 0, 28, 36, 230, 146<CR><LF>`t0stop crop 4 0, 0, 28, 36, 260, 146<CR><LF>`t0stop crop 4 280, 0, 28, 36, 170, 190<CR><LF>`t0stop crop 4 280, 0, 28, 36, 200, 190<CR><LF>`t0stop crop 4 280, 0, 28, 36, 230, 190<CR><LF>`t0stop crop 4 0, 0, 28, 36, 260, 190<CR><LF>`t0stop crop 4 280, 0, 28, 36, 170, 234<CR><LF>`t0stop crop 4 280, 0, 28, 36, 200, 234<CR><LF>`t0stop crop 4 280, 0, 28, 36, 230, 234<CR><LF>`t0stop crop 4 280, 0, 28, 36, 260, 234<CR><LF>`t0stop crop 4 0, 0, 28, 36, 290, 234<CR><LF>`t0stop update<CR><LF>
[2026-09-22T23:39:17.485] `t0stop PC_KEY<CR><LF>
[2026-09-22T23:39:17.597] `t0stop PC_KEY<CR><LF>
[2026-09-22T23:39:17.709] `t0stop PC_KEY<CR><LF>
[2026-09-22T23:39:17.822] `t0stop PC_KEY<CR><LF>
[2026-09-22T23:39:17.953] `t0stop PC_KEY<CR><LF>`t0stop crop 2 0, 0, 456, 28, 12, 36<CR><LF>`t0stop crop 3 0, 192, 456, 64, 12, 70<CR><LF>`t0stop crop 4 280, 0, 28, 36, 170, 146<CR><LF>`t0stop crop 4 280, 0, 28, 36, 200, 146<CR><LF>`t0stop crop 4 280, 0, 28, 36, 230, 146<CR><LF>`t0stop crop 4 0, 0, 28, 36, 260, 146<CR><LF>`t0stop crop 4 280, 0, 28, 36, 170, 190<CR><LF>`t0stop crop 4 280, 0, 28, 36, 200, 190<CR><LF>`t0stop crop 4 280, 0, 28, 36, 230, 190<CR><LF>`t0stop crop 4 0, 0, 28, 36, 260, 190<CR><LF>`t0stop crop 4 280, 0, 28, 36, 170, 234<CR><LF>`t0stop crop 4 280, 0, 28, 36, 200, 234<CR><LF>`t0stop crop 4 280, 0, 28, 36, 230, 234<CR><LF>`t0stop crop 4 280, 0, 28, 36, 260, 234<CR><LF>`t0stop crop 4 0, 0, 28, 36, 290, 234<CR><LF>`t0stop update<CR><LF>
[2026-09-22T23:39:18.049] `t0stop PC_KEY<CR><LF>
[2026-09-22T23:39:18.163] `t0stop PC_KEY<CR><LF>
[2026-09-22T23:39:18.274] `t0stop PC_KEY<CR><LF>
[2026-09-22T23:39:18.386] `t0stop PC_KEY<CR><LF>
[2026-09-22T23:39:18.519] `t0stop PC_KEY<CR><LF>`t0stop crop 2 0, 0, 456, 28, 12, 36<CR><LF>`t0stop crop 3 0, 192, 456, 64, 12, 70<CR><LF>`t0stop crop 4 280, 0, 28, 36, 170, 146<CR><LF>`t0stop crop 4 280, 0, 28, 36, 200, 146<CR><LF>`t0stop crop 4 280, 0, 28, 36, 230, 146<CR><LF>`t0stop crop 4 0, 0, 28, 36, 260, 146<CR><LF>`t0stop crop 4 280, 0, 28, 36, 170, 190<CR><LF>`t0stop crop 4 280, 0, 28, 36, 200, 190<CR><LF>`t0stop crop 4 280, 0, 28, 36, 230, 190<CR><LF>`t0stop crop 4 0, 0, 28, 36, 260, 190<CR><LF>`t0stop crop 4 280, 0, 28, 36, 170, 234<CR><LF>`t0stop crop 4 280, 0, 28, 36, 200, 234<CR><LF>`t0stop crop 4 280, 0, 28, 36, 230, 234<CR><LF>`t0stop crop 4 280, 0, 28, 36, 260, 234<CR><LF>`t0stop crop 4 0, 0, 28, 36, 290, 234<CR><LF>`t0stop update<CR><LF>
[2026-09-22T23:39:18.617] `t0stop PC_KEY<CR><LF>
[2026-09-22T23:39:18.726] `t0stop PC_KEY<CR><LF>
[2026-09-22T23:39:18.837] `t0stop PC_KEY<CR><LF>
[2026-09-22T23:39:18.950] `t0stop PC_KEY<CR><LF>
[2026-09-22T23:39:19.082] `t0stop PC_KEY<CR><LF>`t0stop crop 2 0, 0, 456, 28, 12, 36<CR><LF>`t0stop crop 3 0, 192, 456, 64, 12, 70<CR><LF>`t0stop crop 4 280, 0, 28, 36, 170, 146<CR><LF>`t0stop crop 4 280, 0, 28, 36, 200, 146<CR><LF>`t0stop crop 4 280, 0, 28, 36, 230, 146<CR><LF>`t0stop crop 4 0, 0, 28, 36, 260, 146<CR><LF>`t0stop crop 4 280, 0, 28, 36, 170, 190<CR><LF>`t0stop crop 4 280, 0, 28, 36, 200, 190<CR><LF>`t0stop crop 4 280, 0, 28, 36, 230, 190<CR><LF>`t0stop crop 4 0, 0, 28, 36, 260, 190<CR><LF>`t0stop crop 4 280, 0, 28, 36, 170, 234<CR><LF>`t0stop crop 4 280, 0, 28, 36, 200, 234<CR><LF>`t0stop crop 4 280, 0, 28, 36, 230, 234<CR><LF>`t0stop crop 4 280, 0, 28, 36, 260, 234<CR><LF>`t0stop crop 4 0, 0, 28, 36, 290, 234<CR><LF>`t0stop update<CR><LF>
[2026-09-22T23:39:19.179] `t0stop PC_KEY<CR><LF>
[2026-09-22T23:39:19.290] `t0stop PC_KEY<CR><LF>
[2026-09-22T23:39:19.402] `t0stop PC_KEY<CR><LF>
[2026-09-22T23:39:19.516] `t0stop PC_KEY<CR><LF>
[2026-09-22T23:39:19.647] `t0stop PC_KEY<CR><LF>`t0stop crop 2 0, 0, 456, 28, 12, 36<CR><LF>`t0stop crop 3 0, 192, 456, 64, 12, 70<CR><LF>`t0stop crop 4 280, 0, 28, 36, 170, 146<CR><LF>`t0stop crop 4 280, 0, 28, 36, 200, 146<CR><LF>`t0stop crop 4 280, 0, 28, 36, 230, 146<CR><LF>`t0stop crop 4 0, 0, 28, 36, 260, 146<CR><LF>`t0stop crop 4 280, 0, 28, 36, 170, 190<CR><LF>`t0stop crop 4 280, 0, 28, 36, 200, 190<CR><LF>`t0stop crop 4 280, 0, 28, 36, 230, 190<CR><LF>`t0stop crop 4 0, 0, 28, 36, 260, 190<CR><LF>`t0stop crop 4 280, 0, 28, 36, 170, 234<CR><LF>`t0stop crop 4 280, 0, 28, 36, 200, 234<CR><LF>`t0stop crop 4 280, 0, 28, 36, 230, 234<CR><LF>`t0stop crop 4 280, 0, 28, 36, 260, 234<CR><LF>`t0stop crop 4 0, 0, 28, 36, 290, 234<CR><LF>`t0stop update<CR><LF>
[2026-09-22T23:39:19.742] `t0stop PC_KEY<CR><LF>
[2026-09-22T23:39:19.857] `t0stop PC_KEY<CR><LF>
[2026-09-22T23:39:19.966] `t0stop PC_KEY<CR><LF>
[2026-09-22T23:39:20.080] `t0stop PC_KEY<CR><LF>
[2026-09-22T23:39:20.211] `t0stop PC_KEY<CR><LF>`t0stop crop 2 0, 0, 456, 28, 12, 36<CR><LF>`t0stop crop 3 0, 192, 456, 64, 12, 70<CR><LF>`t0stop crop 4 280, 0, 28, 36, 170, 146<CR><LF>`t0stop crop 4 280, 0, 28, 36, 200, 146<CR><LF>`t0stop crop 4 280, 0, 28, 36, 230, 146<CR><LF>`t0stop crop 4 0, 0, 28, 36, 260, 146<CR><LF>`t0stop crop 4 280, 0, 28, 36, 170, 190<CR><LF>`t0stop crop 4 280, 0, 28, 36, 200, 190<CR><LF>`t0stop crop 4 280, 0, 28, 36, 230, 190<CR><LF>`t0stop crop 4 0, 0, 28, 36, 260, 190<CR><LF>`t0stop crop 4 280, 0, 28, 36, 170, 234<CR><LF>`t0stop crop 4 280, 0, 28, 36, 200, 234<CR><LF>`t0stop crop 4 280, 0, 28, 36, 230, 234<CR><LF>`t0stop crop 4 280, 0, 28, 36, 260, 234<CR><LF>`t0stop crop 4 0, 0, 28, 36, 290, 234<CR><LF>`t0stop update<CR><LF>
[2026-09-22T23:39:20.308] `t0stop PC_KEY<CR><LF>
[2026-09-22T23:39:20.418] `t0stop PC_KEY<CR><LF>
[2026-09-22T23:39:20.531] `t0stop PC_KEY<CR><LF>
[2026-09-22T23:39:20.644] `t0stop PC_KEY<CR><LF>
[2026-09-22T23:39:20.775] `t0stop PC_KEY<CR><LF>`t0stop crop 2 0, 0, 456, 28, 12, 36<CR><LF>`t0stop crop 3 0, 192, 456, 64, 12, 70<CR><LF>`t0stop crop 4 280, 0, 28, 36, 170, 146<CR><LF>`t0stop crop 4 280, 0, 28, 36, 200, 146<CR><LF>`t0stop crop 4 280, 0, 28, 36, 230, 146<CR><LF>`t0stop crop 4 0, 0, 28, 36, 260, 146<CR><LF>`t0stop crop 4 280, 0, 28, 36, 170, 190<CR><LF>`t0stop crop 4 280, 0, 28, 36, 200, 190<CR><LF>`t0stop crop 4 280, 0, 28, 36, 230, 190<CR><LF>`t0stop crop 4 0, 0, 28, 36, 260, 190<CR><LF>`t0stop crop 4 280, 0, 28, 36, 170, 234<CR><LF>`t0stop crop 4 280, 0, 28, 36, 200, 234<CR><LF>`t0stop crop 4 280, 0, 28, 36, 230, 234<CR><LF>`t0stop crop 4 280, 0, 28, 36, 260, 234<CR><LF>`t0stop crop 4 0, 0, 28, 36, 290, 234<CR><LF>`t0stop update<CR><LF>
[2026-09-22T23:39:20.871] `t0stop PC_KEY<CR><LF>
[2026-09-22T23:39:20.983] `t0stop PC_KEY<CR><LF>
[2026-09-22T23:39:21.096] `t0stop PC_KEY<CR><LF>
[2026-09-22T23:39:21.207] `t0stop PC_KEY<CR><LF>
[2026-09-22T23:39:21.340] `t0stop PC_KEY<CR><LF>`t0stop crop 2 0, 0, 456, 28, 12, 36<CR><LF>`t0stop crop 3 0, 192, 456, 64, 12, 70<CR><LF>`t0stop crop 4 280, 0, 28, 36, 170, 146<CR><LF>`t0stop crop 4 280, 0, 28, 36, 200, 146<CR><LF>`t0stop crop 4 280, 0, 28, 36, 230, 146<CR><LF>`t0stop crop 4 0, 0, 28, 36, 260, 146<CR><LF>`t0stop crop 4 280, 0, 28, 36, 170, 190<CR><LF>`t0stop crop 4 280, 0, 28, 36, 200, 190<CR><LF>`t0stop crop 4 280, 0, 28, 36, 230, 190<CR><LF>`t0stop crop 4 0, 0, 28, 36, 260, 190<CR><LF>`t0stop crop 4 280, 0, 28, 36, 170, 234<CR><LF>`t0stop crop 4 280, 0, 28, 36, 200, 234<CR><LF>`t0stop crop 4 280, 0, 28, 36, 230, 234<CR><LF>`t0stop crop 4 280, 0, 28, 36, 260, 234<CR><LF>`t0stop crop 4 0, 0, 28, 36, 290, 234<CR><LF>`t0stop update<CR><LF>
[2026-09-22T23:39:21.436] `t0stop PC_KEY<CR><LF>
[2026-09-22T23:39:21.547] `t0stop PC_KEY<CR><LF>
[2026-09-22T23:39:21.658] `t0stop PC_KEY<CR><LF>
[2026-09-22T23:39:21.773] `t0stop PC_KEY<CR><LF>
[2026-09-22T23:39:21.903] `t0stop PC_KEY<CR><LF>`t0stop crop 2 0, 0, 456, 28, 12, 36<CR><LF>`t0stop crop 3 0, 192, 456, 64, 12, 70<CR><LF>`t0stop crop 4 280, 0, 28, 36, 170, 146<CR><LF>`t0stop crop 4 280, 0, 28, 36, 200, 146<CR><LF>`t0stop crop 4 280, 0, 28, 36, 230, 146<CR><LF>`t0stop crop 4 0, 0, 28, 36, 260, 146<CR><LF>`t0stop crop 4 280, 0, 28, 36, 170, 190<CR><LF>`t0stop crop 4 280, 0, 28, 36, 200, 190<CR><LF>`t0stop crop 4 280, 0, 28, 36, 230, 190<CR><LF>`t0stop crop 4 0, 0, 28, 36, 260, 190<CR><LF>`t0stop crop 4 280, 0, 28, 36, 170, 234<CR><LF>`t0stop crop 4 280, 0, 28, 36, 200, 234<CR><LF>`t0stop crop 4 280, 0, 28, 36, 230, 234<CR><LF>`t0stop crop 4 280, 0, 28, 36, 260, 234<CR><LF>`t0stop crop 4 0, 0, 28, 36, 290, 234<CR><LF>`t0stop update<CR><LF>
[2026-09-22T23:39:22.000] `t0stop PC_KEY<CR><LF>
[2026-09-22T23:39:22.112] `t0stop PC_KEY<CR><LF>
[2026-09-22T23:39:22.224] `t0stop PC_KEY<CR><LF>
[2026-09-22T23:39:22.336] `t0stop PC_KEY<CR><LF>
[2026-09-22T23:39:22.469] `t0stop PC_KEY<CR><LF>`t0stop crop 2 0, 0, 456, 28, 12, 36<CR><LF>`t0stop crop 3 0, 192, 456, 64, 12, 70<CR><LF>`t0stop crop 4 280, 0, 28, 36, 170, 146<CR><LF>`t0stop crop 4 280, 0, 28, 36, 200, 146<CR><LF>`t0stop crop 4 280, 0, 28, 36, 230, 146<CR><LF>`t0stop crop 4 0, 0, 28, 36, 260, 146<CR><LF>`t0stop crop 4 280, 0, 28, 36, 170, 190<CR><LF>`t0stop crop 4 280, 0, 28, 36, 200, 190<CR><LF>`t0stop crop 4 280, 0, 28, 36, 230, 190<CR><LF>`t0stop crop 4 0, 0, 28, 36, 260, 190<CR><LF>`t0stop crop 4 280, 0, 28, 36, 170, 234<CR><LF>`t0stop crop 4 280, 0, 28, 36, 200, 234<CR><LF>`t0stop crop 4 280, 0, 28, 36, 230, 234<CR><LF>`t0stop crop 4 280, 0, 28, 36, 260, 234<CR><LF>`t0stop crop 4 0, 0, 28, 36, 290, 234<CR><LF>`t0stop update<CR><LF>
[2026-09-22T23:39:22.564] `t0stop PC_KEY<CR><LF>
[2026-09-22T23:39:22.677] `t0stop PC_KEY<CR><LF>
[2026-09-22T23:39:22.787] `t0stop PC_KEY<CR><LF>
[2026-09-22T23:39:22.900] `t0stop PC_KEY<CR><LF>
[2026-09-22T23:39:23.033] `t0stop PC_KEY<CR><LF>`t0stop crop 2 0, 0, 456, 28, 12, 36<CR><LF>`t0stop crop 3 0, 192, 456, 64, 12, 70<CR><LF>`t0stop crop 4 280, 0, 28, 36, 170, 146<CR><LF>`t0stop crop 4 280, 0, 28, 36, 200, 146<CR><LF>`t0stop crop 4 280, 0, 28, 36, 230, 146<CR><LF>`t0stop crop 4 0, 0, 28, 36, 260, 146<CR><LF>`t0stop crop 4 280, 0, 28, 36, 170, 190<CR><LF>`t0stop crop 4 280, 0, 28, 36, 200, 190<CR><LF>`t0stop crop 4 280, 0, 28, 36, 230, 190<CR><LF>`t0stop crop 4 0, 0, 28, 36, 260, 190<CR><LF>`t0stop crop 4 280, 0, 28, 36, 170, 234<CR><LF>`t0stop crop 4 280, 0, 28, 36, 200, 234<CR><LF>`t0stop crop 4 280, 0, 28, 36, 230, 234<CR><LF>`t0stop crop 4 280, 0, 28, 36, 260, 234<CR><LF>`t0stop crop 4 0, 0, 28, 36, 290, 234<CR><LF>`t0stop update<CR><LF>
[2026-09-22T23:39:23.128] `t0stop PC_KEY<CR><LF>
[2026-09-22T23:39:23.241] `t0stop PC_KEY<CR><LF>
[2026-09-22T23:39:23.353] `t0stop PC_KEY<CR><LF>
[2026-09-22T23:39:23.468] `t0stop PC_KEY<CR><LF>
[2026-09-22T23:39:23.598] `t0stop PC_KEY<CR><LF>`t0stop crop 2 0, 0, 456, 28, 12, 36<CR><LF>`t0stop crop 3 0, 192, 456, 64, 12, 70<CR><LF>`t0stop crop 4 280, 0, 28, 36, 170, 146<CR><LF>`t0stop crop 4 280, 0, 28, 36, 200, 146<CR><LF>`t0stop crop 4 280, 0, 28, 36, 230, 146<CR><LF>`t0stop crop 4 0, 0, 28, 36, 260, 146<CR><LF>`t0stop crop 4 280, 0, 28, 36, 170, 190<CR><LF>`t0stop crop 4 280, 0, 28, 36, 200, 190<CR><LF>`t0stop crop 4 280, 0, 28, 36, 230, 190<CR><LF>`t0stop crop 4 0, 0, 28, 36, 260, 190<CR><LF>`t0stop crop 4 280, 0, 28, 36, 170, 234<CR><LF>`t0stop crop 4 280, 0, 28, 36, 200, 234<CR><LF>`t0stop crop 4 280, 0, 28, 36, 230, 234<CR><LF>`t0stop crop 4 280, 0, 28, 36, 260, 234<CR><LF>`t0stop crop 4 0, 0, 28, 36, 290, 234<CR><LF>`t0stop update<CR><LF>
[2026-09-22T23:39:23.692] `t0stop PC_KEY<CR><LF>
[2026-09-22T23:39:23.806] `t0stop PC_KEY<CR><LF>
[2026-09-22T23:39:23.916] `t0stop PC_KEY<CR><LF>
[2026-09-22T23:39:24.031] `t0stop PC_KEY<CR><LF>
[2026-09-22T23:39:24.160] `t0stop PC_KEY<CR><LF>`t0stop crop 2 0, 0, 456, 28, 12, 36<CR><LF>`t0stop crop 3 0, 192, 456, 64, 12, 70<CR><LF>`t0stop crop 4 280, 0, 28, 36, 170, 146<CR><LF>`t0stop crop 4 280, 0, 28, 36, 200, 146<CR><LF>`t0stop crop 4 280, 0, 28, 36, 230, 146<CR><LF>`t0stop crop 4 0, 0, 28, 36, 260, 146<CR><LF>`t0stop crop 4 280, 0, 28, 36, 170, 190<CR><LF>`t0stop crop 4 280, 0, 28, 36, 200, 190<CR><LF>`t0stop crop 4 280, 0, 28, 36, 230, 190<CR><LF>`t0stop crop 4 0, 0, 28, 36, 260, 190<CR><LF>`t0stop crop 4 280, 0, 28, 36, 170, 234<CR><LF>`t0stop crop 4 280, 0, 28, 36, 200, 234<CR><LF>`t0stop crop 4 280, 0, 28, 36, 230, 234<CR><LF>`t0stop crop 4 280, 0, 28, 36, 260, 234<CR><LF>`t0stop crop 4 0, 0, 28, 36, 290, 234<CR><LF>`t0stop update<CR><LF>
[2026-09-22T23:39:24.257] `t0stop PC_KEY<CR><LF>
[2026-09-22T23:39:24.370] `t0stop PC_KEY<CR><LF>
[2026-09-22T23:39:24.481] `t0stop PC_KEY<CR><LF>
[2026-09-22T23:39:24.592] `t0stop PC_KEY<CR><LF>
[2026-09-22T23:39:24.726] `t0stop PC_KEY<CR><LF>`t0stop crop 2 0, 0, 456, 28, 12, 36<CR><LF>`t0stop crop 3 0, 192, 456, 64, 12, 70<CR><LF>`t0stop crop 4 280, 0, 28, 36, 170, 146<CR><LF>`t0stop crop 4 280, 0, 28, 36, 200, 146<CR><LF>`t0stop crop 4 280, 0, 28, 36, 230, 146<CR><LF>`t0stop crop 4 0, 0, 28, 36, 260, 146<CR><LF>`t0stop crop 4 280, 0, 28, 36, 170, 190<CR><LF>`t0stop crop 4 280, 0, 28, 36, 200, 190<CR><LF>`t0stop crop 4 280, 0, 28, 36, 230, 190<CR><LF>`t0stop crop 4 0, 0, 28, 36, 260, 190<CR><LF>`t0stop crop 4 280, 0, 28, 36, 170, 234<CR><LF>`t0stop crop 4 280, 0, 28, 36, 200, 234<CR><LF>`t0stop crop 4 280, 0, 28, 36, 230, 234<CR><LF>`t0stop crop 4 280, 0, 28, 36, 260, 234<CR><LF>`t0stop crop 4 0, 0, 28, 36, 290, 234<CR><LF>`t0stop update<CR><LF>
[2026-09-22T23:39:24.820] `t0stop PC_KEY<CR><LF>
[2026-09-22T23:39:24.933] `t0stop PC_KEY<CR><LF>
[2026-09-22T23:39:25.044] `t0stop PC_KEY<CR><LF>
[2026-09-22T23:39:25.157] `t0stop PC_KEY<CR><LF>
[2026-09-22T23:39:25.291] `t0stop PC_KEY<CR><LF>`t0stop crop 2 0, 0, 456, 28, 12, 36<CR><LF>`t0stop crop 3 0, 192, 456, 64, 12, 70<CR><LF>`t0stop crop 4 280, 0, 28, 36, 170, 146<CR><LF>`t0stop crop 4 280, 0, 28, 36, 200, 146<CR><LF>`t0stop crop 4 280, 0, 28, 36, 230, 146<CR><LF>`t0stop crop 4 0, 0, 28, 36, 260, 146<CR><LF>`t0stop crop 4 280, 0, 28, 36, 170, 190<CR><LF>`t0stop crop 4 280, 0, 28, 36, 200, 190<CR><LF>`t0stop crop 4 280, 0, 28, 36, 230, 190<CR><LF>`t0stop crop 4 0, 0, 28, 36, 260, 190<CR><LF>`t0stop crop 4 280, 0, 28, 36, 170, 234<CR><LF>`t0stop crop 4 280, 0, 28, 36, 200, 234<CR><LF>`t0stop crop 4 280, 0, 28, 36, 230, 234<CR><LF>`t0stop crop 4 280, 0, 28, 36, 260, 234<CR><LF>`t0stop crop 4 0, 0, 28, 36, 290, 234<CR><LF>`t0stop update<CR><LF>
[2026-09-22T23:39:25.386] `t0stop PC_KEY<CR><LF>
[2026-09-22T23:39:25.499] `t0stop PC_KEY<CR><LF>
[2026-09-22T23:39:25.610] `t0stop PC_KEY<CR><LF>
[2026-09-22T23:39:25.723] `t0stop PC_KEY<CR><LF>
[2026-09-22T23:39:25.854] `t0stop PC_KEY<CR><LF>`t0stop crop 2 0, 0, 456, 28, 12, 36<CR><LF>`t0stop crop 3 0, 192, 456, 64, 12, 70<CR><LF>`t0stop crop 4 280, 0, 28, 36, 170, 146<CR><LF>`t0stop crop 4 280, 0, 28, 36, 200, 146<CR><LF>`t0stop crop 4 280, 0, 28, 36, 230, 146<CR><LF>`t0stop crop 4 0, 0, 28, 36, 260, 146<CR><LF>`t0stop crop 4 280, 0, 28, 36, 170, 190<CR><LF>`t0stop crop 4 280, 0, 28, 36, 200, 190<CR><LF>`t0stop crop 4 280, 0, 28, 36, 230, 190<CR><LF>`t0stop crop 4 0, 0, 28, 36, 260, 190<CR><LF>`t0stop crop 4 280, 0, 28, 36, 170, 234<CR><LF>`t0stop crop 4 280, 0, 28, 36, 200, 234<CR><LF>`t0stop crop 4 280, 0, 28, 36, 230, 234<CR><LF>`t0stop crop 4 280, 0, 28, 36, 260, 234<CR><LF>`t0stop crop 4 0, 0, 28, 36, 290, 234<CR><LF>`t0stop update<CR><LF>
[2026-09-22T23:39:25.951] `t0stop PC_KEY<CR><LF>
[2026-09-22T23:39:26.063] `t0stop PC_KEY<CR><LF>
[2026-09-22T23:39:26.176] `t0stop PC_KEY<CR><LF>
[2026-09-22T23:39:26.286] `t0stop PC_KEY<CR><LF>
[2026-09-22T23:39:26.421] `t0stop PC_KEY<CR><LF>`t0stop crop 2 0, 0, 456, 28, 12, 36<CR><LF>`t0stop crop 3 0, 192, 456, 64, 12, 70<CR><LF>`t0stop crop 4 280, 0, 28, 36, 170, 146<CR><LF>`t0stop crop 4 280, 0, 28, 36, 200, 146<CR><LF>`t0stop crop 4 280, 0, 28, 36, 230, 146<CR><LF>`t0stop crop 4 0, 0, 28, 36, 260, 146<CR><LF>`t0stop crop 4 280, 0, 28, 36, 170, 190<CR><LF>`t0stop crop 4 280, 0, 28, 36, 200, 190<CR><LF>`t0stop crop 4 280, 0, 28, 36, 230, 190<CR><LF>`t0stop crop 4 0, 0, 28, 36, 260, 190<CR><LF>`t0stop crop 4 280, 0, 28, 36, 170, 234<CR><LF>`t0stop crop 4 280, 0, 28, 36, 200, 234<CR><LF>`t0stop crop 4 280, 0, 28, 36, 230, 234<CR><LF>`t0stop crop 4 280, 0, 28, 36, 260, 234<CR><LF>`t0stop crop 4 0, 0, 28, 36, 290, 234<CR><LF>`t0stop update<CR><LF>
[2026-09-22T23:39:26.513] `t0stop PC_KEY<CR><LF>
[2026-09-22T23:39:26.627] `t0stop PC_KEY<CR><LF>
[2026-09-22T23:39:26.737] `t0stop PC_KEY<CR><LF>
[2026-09-22T23:39:26.849] `t0stop PC_KEY<CR><LF>
[2026-09-22T23:39:26.982] `t0stop PC_KEY<CR><LF>`t0stop crop 2 0, 0, 456, 28, 12, 36<CR><LF>`t0stop crop 3 0, 192, 456, 64, 12, 70<CR><LF>`t0stop crop 4 280, 0, 28, 36, 170, 146<CR><LF>`t0stop crop 4 280, 0, 28, 36, 200, 146<CR><LF>`t0stop crop 4 280, 0, 28, 36, 230, 146<CR><LF>`t0stop crop 4 0, 0, 28, 36, 260, 146<CR><LF>`t0stop crop 4 280, 0, 28, 36, 170, 190<CR><LF>`t0stop crop 4 280, 0, 28, 36, 200, 190<CR><LF>`t0stop crop 4 280, 0, 28, 36, 230, 190<CR><LF>`t0stop crop 4 0, 0, 28, 36, 260, 190<CR><LF>`t0stop crop 4 280, 0, 28, 36, 170, 234<CR><LF>`t0stop crop 4 280, 0, 28, 36, 200, 234<CR><LF>`t0stop crop 4 280, 0, 28, 36, 230, 234<CR><LF>`t0stop crop 4 280, 0, 28, 36, 260, 234<CR><LF>`t0stop crop 4 0, 0, 28, 36, 290, 234<CR><LF>`t0stop update<CR><LF>
[2026-09-22T23:39:27.080] `t0stop PC_KEY<CR><LF>
[2026-09-22T23:39:27.191] `t0stop PC_KEY<CR><LF>
[2026-09-22T23:39:27.304] `t0stop PC_KEY<CR><LF>
[2026-09-22T23:39:27.416] `t0stop PC_KEY<CR><LF>
[2026-09-22T23:39:27.551] `t0stop PC_KEY<CR><LF>`t0stop crop 2 0, 0, 456, 28, 12, 36<CR><LF>`t0stop crop 3 0, 192, 456, 64, 12, 70<CR><LF>`t0stop crop 4 280, 0, 28, 36, 170, 146<CR><LF>`t0stop crop 4 280, 0, 28, 36, 200, 146<CR><LF>`t0stop crop 4 280, 0, 28, 36, 230, 146<CR><LF>`t0stop crop 4 0, 0, 28, 36, 260, 146<CR><LF>`t0stop crop 4 280, 0, 28, 36, 170, 190<CR><LF>`t0stop crop 4 280, 0, 28, 36, 200, 190<CR><LF>`t0stop crop 4 280, 0, 28, 36, 230, 190<CR><LF>`t0stop crop 4 0, 0, 28, 36, 260, 190<CR><LF>`t0stop crop 4 280, 0, 28, 36, 170, 234<CR><LF>`t0stop crop 4 280, 0, 28, 36, 200, 234<CR><LF>`t0stop crop 4 280, 0, 28, 36, 230, 234<CR><LF>`t0stop crop 4 280, 0, 28, 36, 260, 234<CR><LF>`t0stop crop 4 0, 0, 28, 36, 290, 234<CR><LF>`t0stop update<CR><LF>
[2026-09-22T23:39:27.643] `t0stop PC_KEY<CR><LF>
[2026-09-22T23:39:27.755] `t0stop PC_KEY<CR><LF>
[2026-09-22T23:39:27.868] `t0stop PC_KEY<CR><LF>
[2026-09-22T23:39:27.981] `t0stop PC_KEY<CR><LF>
[2026-09-22T23:39:28.110] `t0stop PC_KEY<CR><LF>`t0stop crop 2 0, 0, 456, 28, 12, 36<CR><LF>`t0stop crop 3 0, 192, 456, 64, 12, 70<CR><LF>`t0stop crop 4 280, 0, 28, 36, 170, 146<CR><LF>`t0stop crop 4 280, 0, 28, 36, 200, 146<CR><LF>`t0stop crop 4 280, 0, 28, 36, 230, 146<CR><LF>`t0stop crop 4 0, 0, 28, 36, 260, 146<CR><LF>`t0stop crop 4 280, 0, 28, 36, 170, 190<CR><LF>`t0stop crop 4 280, 0, 28, 36, 200, 190<CR><LF>`t0stop crop 4 280, 0, 28, 36, 230, 190<CR><LF>`t0stop crop 4 0, 0, 28, 36, 260, 190<CR><LF>`t0stop crop 4 280, 0, 28, 36, 170, 234<CR><LF>`t0stop crop 4 280, 0, 28, 36, 200, 234<CR><LF>`t0stop crop 4 280, 0, 28, 36, 230, 234<CR><LF>`t0stop crop 4 280, 0, 28, 36, 260, 234<CR><LF>`t0stop crop 4 0, 0, 28, 36, 290, 234<CR><LF>`t0stop update<CR><LF>
[2026-09-22T23:39:28.207] `t0stop PC_KEY<CR><LF>
[2026-09-22T23:39:28.318] `t0stop PC_KEY<CR><LF>
[2026-09-22T23:39:28.430] `t0stop PC_KEY<CR><LF>
[2026-09-22T23:39:28.543] `t0stop PC_KEY<CR><LF>
[2026-09-22T23:39:28.675] `t0stop PC_KEY<CR><LF>`t0stop crop 2 0, 0, 456, 28, 12, 36<CR><LF>`t0stop crop 3 0, 192, 456, 64, 12, 70<CR><LF>`t0stop crop 4 280, 0, 28, 36, 170, 146<CR><LF>`t0stop crop 4 280, 0, 28, 36, 200, 146<CR><LF>`t0stop crop 4 280, 0, 28, 36, 230, 146<CR><LF>`t0stop crop 4 0, 0, 28, 36, 260, 146<CR><LF>`t0stop crop 4 280, 0, 28, 36, 170, 190<CR><LF>`t0stop crop 4 280, 0, 28, 36, 200, 190<CR><LF>`t0stop crop 4 280, 0, 28, 36, 230, 190<CR><LF>`t0stop crop 4 0, 0, 28, 36, 260, 190<CR><LF>`t0stop crop 4 280, 0, 28, 36, 170, 234<CR><LF>`t0stop crop 4 280, 0, 28, 36, 200, 234<CR><LF>`t0stop crop 4 280, 0, 28, 36, 230, 234<CR><LF>`t0stop crop 4 280, 0, 28, 36, 260, 234<CR><LF>`t0stop crop 4 0, 0, 28, 36, 290, 234<CR><LF>`t0stop update<CR><LF>
[2026-09-22T23:39:28.771] `t0stop PC_KEY<CR><LF>
[2026-09-22T23:39:28.885] `t0stop PC_KEY<CR><LF>
[2026-09-22T23:39:28.996] `t0stop PC_KEY<CR><LF>
[2026-09-22T23:39:29.107] `t0stop PC_KEY<CR><LF>
[2026-09-22T23:39:29.240] `t0stop PC_KEY<CR><LF>`t0stop crop 2 0, 0, 456, 28, 12, 36<CR><LF>`t0stop crop 3 0, 192, 456, 64, 12, 70<CR><LF>`t0stop crop 4 280, 0, 28, 36, 170, 146<CR><LF>`t0stop crop 4 280, 0, 28, 36, 200, 146<CR><LF>`t0stop crop 4 280, 0, 28, 36, 230, 146<CR><LF>`t0stop crop 4 0, 0, 28, 36, 260, 146<CR><LF>`t0stop crop 4 280, 0, 28, 36, 170, 190<CR><LF>`t0stop crop 4 280, 0, 28, 36, 200, 190<CR><LF>`t0stop crop 4 280, 0, 28, 36, 230, 190<CR><LF>`t0stop crop 4 0, 0, 28, 36, 260, 190<CR><LF>`t0stop crop 4 280, 0, 28, 36, 170, 234<CR><LF>`t0stop crop 4 280, 0, 28, 36, 200, 234<CR><LF>`t0stop crop 4 280, 0, 28, 36, 230, 234<CR><LF>`t0stop crop 4 280, 0, 28, 36, 260, 234<CR><LF>`t0stop crop 4 0, 0, 28, 36, 290, 234<CR><LF>`t0stop update<CR><LF>
[2026-09-22T23:39:29.336] `t0stop PC_KEY<CR><LF>
[2026-09-22T23:39:29.448] `t0stop PC_KEY<CR><LF>
[2026-09-22T23:39:29.559] `t0stop PC_KEY<CR><LF>
[2026-09-22T23:39:29.674] `t0stop PC_KEY<CR><LF>
[2026-09-22T23:39:29.807] `t0stop PC_KEY<CR><LF>`t0stop crop 2 0, 0, 456, 28, 12, 36<CR><LF>`t0stop crop 3 0, 192, 456, 64, 12, 70<CR><LF>`t0stop crop 4 280, 0, 28, 36, 170, 146<CR><LF>`t0stop crop 4 280, 0, 28, 36, 200, 146<CR><LF>`t0stop crop 4 280, 0, 28, 36, 230, 146<CR><LF>`t0stop crop 4 0, 0, 28, 36, 260, 146<CR><LF>`t0stop crop 4 280, 0, 28, 36, 170, 190<CR><LF>`t0stop crop 4 280, 0, 28, 36, 200, 190<CR><LF>`t0stop crop 4 280, 0, 28, 36, 230, 190<CR><LF>`t0stop crop 4 0, 0, 28, 36, 260, 190<CR><LF>`t0stop crop 4 280, 0, 28, 36, 170, 234<CR><LF>`t0stop crop 4 280, 0, 28, 36, 200, 234<CR><LF>`t0stop crop 4 280, 0, 28, 36, 230, 234<CR><LF>`t0stop crop 4 280, 0, 28, 36, 260, 234<CR><LF>`t0stop crop 4 0, 0, 28, 36, 290, 234<CR><LF>`t0stop update<CR><LF>
[2026-09-22T23:39:29.899] `t0stop PC_KEY<CR><LF>
[2026-09-22T23:39:30.012] `t0stop PC_KEY<CR><LF>
[2026-09-22T23:39:30.123] `t0stop PC_KEY<CR><LF>
[2026-09-22T23:39:30.236] `t0stop PC_KEY<CR><LF>
[2026-09-22T23:39:30.368] `t0stop PC_KEY<CR><LF>`t0stop crop 2 0, 0, 456, 28, 12, 36<CR><LF>`t0stop crop 3 0, 192, 456, 64, 12, 70<CR><LF>`t0stop crop 4 280, 0, 28, 36, 170, 146<CR><LF>`t0stop crop 4 280, 0, 28, 36, 200, 146<CR><LF>`t0stop crop 4 280, 0, 28, 36, 230, 146<CR><LF>`t0stop crop 4 0, 0, 28, 36, 260, 146<CR><LF>`t0stop crop 4 280, 0, 28, 36, 170, 190<CR><LF>`t0stop crop 4 280, 0, 28, 36, 200, 190<CR><LF>`t0stop crop 4 280, 0, 28, 36, 230, 190<CR><LF>`t0stop crop 4 0, 0, 28, 36, 260, 190<CR><LF>`t0stop crop 4 280, 0, 28, 36, 170, 234<CR><LF>`t0stop crop 4 280, 0, 28, 36, 200, 234<CR><LF>`t0stop crop 4 280, 0, 28, 36, 230, 234<CR><LF>`t0stop crop 4 280, 0, 28, 36, 260, 234<CR><LF>`t0stop crop 4 0, 0, 28, 36, 290, 234<CR><LF>`t0stop update<CR><LF>
[2026-09-22T23:39:30.466] `t0stop PC_KEY<CR><LF>
[2026-09-22T23:39:30.578] `t0stop PC_KEY<CR><LF>
[2026-09-22T23:39:30.688] `t0stop PC_KEY<CR><LF>
[2026-09-22T23:39:30.800] `t0stop PC_KEY<CR><LF>
[2026-09-22T23:39:30.932] `t0stop PC_KEY<CR><LF>`t0stop crop 2 0, 0, 456, 28, 12, 36<CR><LF>`t0stop crop 3 0, 192, 456, 64, 12, 70<CR><LF>`t0stop crop 4 280, 0, 28, 36, 170, 146<CR><LF>`t0stop crop 4 280, 0, 28, 36, 200, 146<CR><LF>`t0stop crop 4 280, 0, 28, 36, 230, 146<CR><LF>`t0stop crop 4 56, 0, 28, 36, 260, 146<CR><LF>`t0stop crop 4 280, 0, 28, 36, 170, 190<CR><LF>`t0stop crop 4 280, 0, 28, 36, 200, 190<CR><LF>`t0stop crop 4 280, 0, 28, 36, 230, 190<CR><LF>`t0stop crop 4 0, 0, 28, 36, 260, 190<CR><LF>`t0stop crop 4 280, 0, 28, 36, 170, 234<CR><LF>`t0stop crop 4 280, 0, 28, 36, 200, 234<CR><LF>`t0stop crop 4 280, 0, 28, 36, 230, 234<CR><LF>`t0stop crop 4 280, 0, 28, 36, 260, 234<CR><LF>`t0stop crop 4 0, 0, 28, 36, 290, 234<CR><LF>`t0stop update<CR><LF>
[2026-09-22T23:39:31.028] `t0stop PC_KEY<CR><LF>
[2026-09-22T23:39:31.140] `t0stop PC_KEY<CR><LF>
[2026-09-22T23:39:31.253] `t0stop PC_KEY<CR><LF>
[2026-09-22T23:39:31.365] `t0stop PC_KEY<CR><LF>
[2026-09-22T23:39:31.496] `t0stop PC_KEY<CR><LF>`t0stop crop 2 0, 0, 456, 28, 12, 36<CR><LF>`t0stop crop 3 0, 192, 456, 64, 12, 70<CR><LF>`t0stop crop 4 280, 0, 28, 36, 170, 146<CR><LF>`t0stop crop 4 280, 0, 28, 36, 200, 146<CR><LF>`t0stop crop 4 280, 0, 28, 36, 230, 146<CR><LF>`t0stop crop 4 140, 0, 28, 36, 260, 146<CR><LF>`t0stop crop 4 280, 0, 28, 36, 170, 190<CR><LF>`t0stop crop 4 280, 0, 28, 36, 200, 190<CR><LF>`t0stop crop 4 280, 0, 28, 36, 230, 190<CR><LF>`t0stop crop 4 0, 0, 28, 36, 260, 190<CR><LF>`t0stop crop 4 280, 0, 28, 36, 170, 234<CR><LF>`t0stop crop 4 280, 0, 28, 36, 200, 234<CR><LF>`t0stop crop 4 280, 0, 28, 36, 230, 234<CR><LF>`t0stop crop 4 280, 0, 28, 36, 260, 234<CR><LF>`t0stop crop 4 0, 0, 28, 36, 290, 234<CR><LF>`t0stop update<CR><LF>
[2026-09-22T23:39:31.594] `t0stop PC_KEY<CR><LF>
[2026-09-22T23:39:31.705] `t0stop PC_KEY<CR><LF>
[2026-09-22T23:39:31.816] `t0stop PC_KEY<CR><LF>
[2026-09-22T23:39:31.930] `t0stop PC_KEY<CR><LF>
[2026-09-22T23:39:32.061] `t0stop PC_KEY<CR><LF>`t0stop crop 2 0, 0, 456, 28, 12, 36<CR><LF>`t0stop crop 3 0, 192, 456, 64, 12, 70<CR><LF>`t0stop crop 4 280, 0, 28, 36, 170, 146<CR><LF>`t0stop crop 4 280, 0, 28, 36, 200, 146<CR><LF>`t0stop crop 4 28, 0, 28, 36, 230, 146<CR><LF>`t0stop crop 4 28, 0, 28, 36, 260, 146<CR><LF>`t0stop crop 4 280, 0, 28, 36, 170, 190<CR><LF>`t0stop crop 4 280, 0, 28, 36, 200, 190<CR><LF>`t0stop crop 4 280, 0, 28, 36, 230, 190<CR><LF>`t0stop crop 4 0, 0, 28, 36, 260, 190<CR><LF>`t0stop crop 4 280, 0, 28, 36, 170, 234<CR><LF>`t0stop crop 4 280, 0, 28, 36, 200, 234<CR><LF>`t0stop crop 4 280, 0, 28, 36, 230, 234<CR><LF>`t0stop crop 4 280, 0, 28, 36, 260, 234<CR><LF>`t0stop crop 4 0, 0, 28, 36, 290, 234<CR><LF>`t0stop update<CR><LF>
[2026-09-22T23:39:32.156] `t0stop PC_KEY<CR><LF>
[2026-09-22T23:39:32.269] `t0stop PC_KEY<CR><LF>
[2026-09-22T23:39:32.380] `t0stop PC_KEY<CR><LF>
[2026-09-22T23:39:32.493] `t0stop PC_KEY<CR><LF>
[2026-09-22T23:39:32.626] `t0stop PC_KEY<CR><LF>`t0stop crop 2 0, 0, 456, 28, 12, 36<CR><LF>`t0stop crop 3 0, 192, 456, 64, 12, 70<CR><LF>`t0stop crop 4 280, 0, 28, 36, 170, 146<CR><LF>`t0stop crop 4 280, 0, 28, 36, 200, 146<CR><LF>`t0stop crop 4 28, 0, 28, 36, 230, 146<CR><LF>`t0stop crop 4 224, 0, 28, 36, 260, 146<CR><LF>`t0stop crop 4 280, 0, 28, 36, 170, 190<CR><LF>`t0stop crop 4 280, 0, 28, 36, 200, 190<CR><LF>`t0stop crop 4 280, 0, 28, 36, 230, 190<CR><LF>`t0stop crop 4 0, 0, 28, 36, 260, 190<CR><LF>`t0stop crop 4 280, 0, 28, 36, 170, 234<CR><LF>`t0stop crop 4 280, 0, 28, 36, 200, 234<CR><LF>`t0stop crop 4 280, 0, 28, 36, 230, 234<CR><LF>`t0stop crop 4 280, 0, 28, 36, 260, 234<CR><LF>`t0stop crop 4 0, 0, 28, 36, 290, 234<CR><LF>`t0stop update<CR><LF>
[2026-09-22T23:39:32.721] `t0stop PC_KEY<CR><LF>
[2026-09-22T23:39:32.835] `t0stop PC_KEY<CR><LF>
[2026-09-22T23:39:32.945] `t0stop PC_KEY<CR><LF>
[2026-09-22T23:39:33.058] `t0stop PC_KEY<CR><LF>
[2026-09-22T23:39:33.190] `t0stop PC_KEY<CR><LF>`t0stop crop 2 0, 0, 456, 28, 12, 36<CR><LF>`t0stop crop 3 0, 192, 456, 64, 12, 70<CR><LF>`t0stop crop 4 280, 0, 28, 36, 170, 146<CR><LF>`t0stop crop 4 280, 0, 28, 36, 200, 146<CR><LF>`t0stop crop 4 56, 0, 28, 36, 230, 146<CR><LF>`t0stop crop 4 56, 0, 28, 36, 260, 146<CR><LF>`t0stop crop 4 280, 0, 28, 36, 170, 190<CR><LF>`t0stop crop 4 280, 0, 28, 36, 200, 190<CR><LF>`t0stop crop 4 280, 0, 28, 36, 230, 190<CR><LF>`t0stop crop 4 0, 0, 28, 36, 260, 190<CR><LF>`t0stop crop 4 280, 0, 28, 36, 170, 234<CR><LF>`t0stop crop 4 280, 0, 28, 36, 200, 234<CR><LF>`t0stop crop 4 280, 0, 28, 36, 230, 234<CR><LF>`t0stop crop 4 280, 0, 28, 36, 260, 234<CR><LF>`t0stop crop 4 0, 0, 28, 36, 290, 234<CR><LF>`t0stop update<CR><LF>
[2026-09-22T23:39:33.285] `t0stop PC_KEY<CR><LF>
[2026-09-22T23:39:33.397] `t0stop PC_KEY<CR><LF>
[2026-09-22T23:39:33.509] `t0stop PC_KEY<CR><LF>
[2026-09-22T23:39:33.620] `t0stop PC_KEY<CR><LF>
[2026-09-22T23:39:33.753] `t0stop PC_KEY<CR><LF>`t0stop crop 2 0, 0, 456, 28, 12, 36<CR><LF>`t0stop crop 3 0, 192, 456, 64, 12, 70<CR><LF>`t0stop crop 4 280, 0, 28, 36, 170, 146<CR><LF>`t0stop crop 4 280, 0, 28, 36, 200, 146<CR><LF>`t0stop crop 4 56, 0, 28, 36, 230, 146<CR><LF>`t0stop crop 4 56, 0, 28, 36, 260, 146<CR><LF>`t0stop crop 4 280, 0, 28, 36, 170, 190<CR><LF>`t0stop crop 4 280, 0, 28, 36, 200, 190<CR><LF>`t0stop crop 4 280, 0, 28, 36, 230, 190<CR><LF>`t0stop crop 4 0, 0, 28, 36, 260, 190<CR><LF>`t0stop crop 4 280, 0, 28, 36, 170, 234<CR><LF>`t0stop crop 4 280, 0, 28, 36, 200, 234<CR><LF>`t0stop crop 4 280, 0, 28, 36, 230, 234<CR><LF>`t0stop crop 4 280, 0, 28, 36, 260, 234<CR><LF>`t0stop crop 4 0, 0, 28, 36, 290, 234<CR><LF>`t0stop update<CR><LF>
[2026-09-22T23:39:33.849] `t0stop PC_KEY<CR><LF>
[2026-09-22T23:39:33.961] `t0stop PC_KEY<CR><LF>
[2026-09-22T23:39:34.073] `t0stop PC_KEY<CR><LF>
[2026-09-22T23:39:34.187] `t0stop PC_KEY<CR><LF>
[2026-09-22T23:39:34.318] `t0stop PC_KEY<CR><LF>`t0stop crop 2 0, 0, 456, 28, 12, 36<CR><LF>`t0stop crop 3 0, 192, 456, 64, 12, 70<CR><LF>`t0stop crop 4 280, 0, 28, 36, 170, 146<CR><LF>`t0stop crop 4 280, 0, 28, 36, 200, 146<CR><LF>`t0stop crop 4 56, 0, 28, 36, 230, 146<CR><LF>`t0stop crop 4 196, 0, 28, 36, 260, 146<CR><LF>`t0stop crop 4 280, 0, 28, 36, 170, 190<CR><LF>`t0stop crop 4 280, 0, 28, 36, 200, 190<CR><LF>`t0stop crop 4 280, 0, 28, 36, 230, 190<CR><LF>`t0stop crop 4 0, 0, 28, 36, 260, 190<CR><LF>`t0stop crop 4 280, 0, 28, 36, 170, 234<CR><LF>`t0stop crop 4 280, 0, 28, 36, 200, 234<CR><LF>`t0stop crop 4 280, 0, 28, 36, 230, 234<CR><LF>`t0stop crop 4 280, 0, 28, 36, 260, 234<CR><LF>`t0stop crop 4 0, 0, 28, 36, 290, 234<CR><LF>`t0stop update<CR><LF>
[2026-09-22T23:39:34.415] `t0stop PC_KEY<CR><LF>
[2026-09-22T23:39:34.528] `t0stop PC_KEY<CR><LF>
[2026-09-22T23:39:34.638] `t0stop PC_KEY<CR><LF>
[2026-09-22T23:39:34.750] `t0stop PC_KEY<CR><LF>
[2026-09-22T23:39:34.884] `t0stop PC_KEY<CR><LF>`t0stop crop 2 0, 0, 456, 28, 12, 36<CR><LF>`t0stop crop 3 0, 192, 456, 64, 12, 70<CR><LF>`t0stop crop 4 280, 0, 28, 36, 170, 146<CR><LF>`t0stop crop 4 280, 0, 28, 36, 200, 146<CR><LF>`t0stop crop 4 84, 0, 28, 36, 230, 146<CR><LF>`t0stop crop 4 84, 0, 28, 36, 260, 146<CR><LF>`t0stop crop 4 280, 0, 28, 36, 170, 190<CR><LF>`t0stop crop 4 280, 0, 28, 36, 200, 190<CR><LF>`t0stop crop 4 280, 0, 28, 36, 230, 190<CR><LF>`t0stop crop 4 0, 0, 28, 36, 260, 190<CR><LF>`t0stop crop 4 280, 0, 28, 36, 170, 234<CR><LF>`t0stop crop 4 280, 0, 28, 36, 200, 234<CR><LF>`t0stop crop 4 280, 0, 28, 36, 230, 234<CR><LF>`t0stop crop 4 280, 0, 28, 36, 260, 234<CR><LF>`t0stop crop 4 0, 0, 28, 36, 290, 234<CR><LF>`t0stop update<CR><LF>
[2026-09-22T23:39:34.978] `t0stop PC_KEY<CR><LF>
[2026-09-22T23:39:35.091] `t0stop PC_KEY<CR><LF>
[2026-09-22T23:39:35.202] `t0stop PC_KEY<CR><LF>
[2026-09-22T23:39:35.314] `t0stop PC_KEY<CR><LF>
[2026-09-22T23:39:35.447] `t0stop PC_KEY<CR><LF>`t0stop crop 2 0, 0, 456, 28, 12, 36<CR><LF>`t0stop crop 3 0, 192, 456, 64, 12, 70<CR><LF>`t0stop crop 4 280, 0, 28, 36, 170, 146<CR><LF>`t0stop crop 4 280, 0, 28, 36, 200, 146<CR><LF>`t0stop crop 4 112, 0, 28, 36, 230, 146<CR><LF>`t0stop crop 4 0, 0, 28, 36, 260, 146<CR><LF>`t0stop crop 4 280, 0, 28, 36, 170, 190<CR><LF>`t0stop crop 4 280, 0, 28, 36, 200, 190<CR><LF>`t0stop crop 4 280, 0, 28, 36, 230, 190<CR><LF>`t0stop crop 4 0, 0, 28, 36, 260, 190<CR><LF>`t0stop crop 4 280, 0, 28, 36, 170, 234<CR><LF>`t0stop crop 4 280, 0, 28, 36, 200, 234<CR><LF>`t0stop crop 4 280, 0, 28, 36, 230, 234<CR><LF>`t0stop crop 4 280, 0, 28, 36, 260, 234<CR><LF>`t0stop crop 4 0, 0, 28, 36, 290, 234<CR><LF>`t0stop update<CR><LF>
[2026-09-22T23:39:35.545] `t0stop PC_KEY<CR><LF>
[2026-09-22T23:39:35.654] `t0stop PC_KEY<CR><LF>
[2026-09-22T23:39:35.766] `t0stop PC_KEY<CR><LF>
[2026-09-22T23:39:35.879] `t0stop PC_KEY<CR><LF>
[2026-09-22T23:39:36.011] `t0stop PC_KEY<CR><LF>`t0stop crop 2 0, 0, 456, 28, 12, 36<CR><LF>`t0stop crop 3 0, 192, 456, 64, 12, 70<CR><LF>`t0stop crop 4 280, 0, 28, 36, 170, 146<CR><LF>`t0stop crop 4 280, 0, 28, 36, 200, 146<CR><LF>`t0stop crop 4 112, 0, 28, 36, 230, 146<CR><LF>`t0stop crop 4 112, 0, 28, 36, 260, 146<CR><LF>`t0stop crop 4 280, 0, 28, 36, 170, 190<CR><LF>`t0stop crop 4 280, 0, 28, 36, 200, 190<CR><LF>`t0stop crop 4 280, 0, 28, 36, 230, 190<CR><LF>`t0stop crop 4 0, 0, 28, 36, 260, 190<CR><LF>`t0stop crop 4 280, 0, 28, 36, 170, 234<CR><LF>`t0stop crop 4 280, 0, 28, 36, 200, 234<CR><LF>`t0stop crop 4 280, 0, 28, 36, 230, 234<CR><LF>`t0stop crop 4 280, 0, 28, 36, 260, 234<CR><LF>`t0stop crop 4 0, 0, 28, 36, 290, 234<CR><LF>`t0stop update<CR><LF>
[2026-09-22T23:39:36.108] `t0stop PC_KEY<CR><LF>
[2026-09-22T23:39:36.221] `t0stop PC_KEY<CR><LF>
[2026-09-22T23:39:36.332] `t0stop PC_KEY<CR><LF>
[2026-09-22T23:39:36.443] `t0stop PC_KEY<CR><LF>
[2026-09-22T23:39:36.577] `t0stop PC_KEY<CR><LF>`t0stop crop 2 0, 0, 456, 28, 12, 36<CR><LF>`t0stop crop 3 0, 192, 456, 64, 12, 70<CR><LF>`t0stop crop 4 280, 0, 28, 36, 170, 146<CR><LF>`t0stop crop 4 280, 0, 28, 36, 200, 146<CR><LF>`t0stop crop 4 112, 0, 28, 36, 230, 146<CR><LF>`t0stop crop 4 112, 0, 28, 36, 260, 146<CR><LF>`t0stop crop 4 280, 0, 28, 36, 170, 190<CR><LF>`t0stop crop 4 280, 0, 28, 36, 200, 190<CR><LF>`t0stop crop 4 280, 0, 28, 36, 230, 190<CR><LF>`t0stop crop 4 0, 0, 28, 36, 260, 190<CR><LF>`t0stop crop 4 280, 0, 28, 36, 170, 234<CR><LF>`t0stop crop 4 280, 0, 28, 36, 200, 234<CR><LF>`t0stop crop 4 280, 0, 28, 36, 230, 234<CR><LF>`t0stop crop 4 280, 0, 28, 36, 260, 234<CR><LF>`t0stop crop 4 0, 0, 28, 36, 290, 234<CR><LF>`t0stop update<CR><LF>
[2026-09-22T23:39:36.671] `t0stop PC_KEY<CR><LF>
[2026-09-22T23:39:36.783] `t0stop PC_KEY<CR><LF>
[2026-09-22T23:39:36.896] `t0stop PC_KEY<CR><LF>
[2026-09-22T23:39:37.008] `t0stop PC_KEY<CR><LF>
[2026-09-22T23:39:37.139] `t0stop PC_KEY<CR><LF>`t0stop crop 2 0, 0, 456, 28, 12, 36<CR><LF>`t0stop crop 3 0, 192, 456, 64, 12, 70<CR><LF>`t0stop crop 4 280, 0, 28, 36, 170, 146<CR><LF>`t0stop crop 4 280, 0, 28, 36, 200, 146<CR><LF>`t0stop crop 4 112, 0, 28, 36, 230, 146<CR><LF>`t0stop crop 4 112, 0, 28, 36, 260, 146<CR><LF>`t0stop crop 4 280, 0, 28, 36, 170, 190<CR><LF>`t0stop crop 4 280, 0, 28, 36, 200, 190<CR><LF>`t0stop crop 4 280, 0, 28, 36, 230, 190<CR><LF>`t0stop crop 4 0, 0, 28, 36, 260, 190<CR><LF>`t0stop crop 4 280, 0, 28, 36, 170, 234<CR><LF>`t0stop crop 4 280, 0, 28, 36, 200, 234<CR><LF>`t0stop crop 4 280, 0, 28, 36, 230, 234<CR><LF>`t0stop crop 4 280, 0, 28, 36, 260, 234<CR><LF>`t0stop crop 4 0, 0, 28, 36, 290, 234<CR><LF>`t0stop update<CR><LF>
[2026-09-22T23:39:37.237] `t0stop PC_KEY<CR><LF>
[2026-09-22T23:39:37.318] `t0stop PC_KEY<CR><LF>`t0stop crop 2 0, 0, 456, 28, 12, 36<CR><LF>`t0stop crop 3 0, 320, 456, 64, 12, 70<CR><LF>`t0stop crop 4 280, 0, 28, 36, 170, 146<CR><LF>`t0stop crop 4 280, 0, 28, 36, 200, 146<CR><LF>`t0stop crop 4 112, 0, 28, 36, 230, 146<CR><LF>`t0stop crop 4 112, 0, 28, 36, 260, 146<CR><LF>`t0stop crop 4 280, 0, 28, 36, 170, 190<CR><LF>`t0stop crop 4 280, 0, 28, 36, 200, 190<CR><LF>`t0stop crop 4 280, 0, 28, 36, 230, 190<CR><LF>`t0stop crop 4 0, 0, 28, 36, 260, 190<CR><LF>`t0stop crop 4 280, 0, 28, 36, 170, 234<CR><LF>`t0stop crop 4 280, 0, 28, 36, 200, 234<CR><LF>`t0stop crop 4 280, 0, 28, 36, 230, 234<CR><LF>`t0stop crop 4 280, 0, 28, 36, 260, 234<CR><LF>`t0stop crop 4 0, 0, 28, 36, 290, 234<CR><LF>`t0stop update<CR><LF>Cog0  T0-24,row,0,released,hand_ticks,44,release_span_ms,461
[2026-09-22T23:39:37.700] Cog0  T0-24,row,0,coast,after_ticks,0,after_ms,0,half_ms,0
[2026-09-22T23:39:37.700] Cog0  T0-24,row,0,set_up,TRUE,hand_ticks,44,after_ticks,0,after_ms,0,half_ms,0,release_span_ms,461,still_faulted,FALSE,protective,0,measured,TRUE
[2026-09-22T23:39:37.708] `t0stop crop 2 0, 0, 456, 28, 12, 36<CR><LF>`t0stop crop 3 0, 384, 456, 64, 12, 70<CR><LF>`t0stop crop 4 280, 0, 28, 36, 170, 146<CR><LF>`t0stop crop 4 280, 0, 28, 36, 200, 146<CR><LF>`t0stop crop 4 112, 0, 28, 36, 230, 146<CR><LF>`t0stop crop 4 112, 0, 28, 36, 260, 146<CR><LF>`t0stop crop 4 280, 0, 28, 36, 170, 190<CR><LF>`t0stop crop 4 280, 0, 28, 36, 200, 190<CR><LF>`t0stop crop 4 280, 0, 28, 36, 230, 190<CR><LF>`t0stop crop 4 0, 0, 28, 36, 260, 190<CR><LF>`t0stop crop 4 280, 0, 28, 36, 170, 234<CR><LF>`t0stop crop 4 280, 0, 28, 36, 200, 234<CR><LF>`t0stop crop 4 280, 0, 28, 36, 230, 234<CR><LF>`t0stop crop 4 280, 0, 28, 36, 260, 234<CR><LF>`t0stop crop 4 0, 0, 28, 36, 290, 234<CR><LF>`t0stop update<CR><LF>`t0stop crop 2 0, 28, 456, 28, 12, 36<CR><LF>`t0stop crop 3 0, 0, 456, 64, 12, 70<CR><LF>`t0stop crop 4 280, 0, 28, 36, 170, 146<CR><LF>`t0stop crop 4 280, 0, 28, 36, 200, 146<CR><LF>`t0stop crop 4 280, 0, 28, 36, 230, 146<CR><LF>`t0stop crop 4 0, 0, 28, 36, 260, 146<CR><LF>`t0stop crop 4 280, 0, 28, 36, 170, 190<CR><LF>`t0stop crop 4 280, 0, 28, 36, 200, 190<CR><LF>`t0stop crop 4 280, 0, 28, 36, 230, 190<CR><LF>`t0stop crop 4 0, 0, 28, 36, 260, 190<CR><LF>`t0stop crop 4 280, 0, 28, 36, 170, 234<CR><LF>`t0stop crop 4 280, 0, 28, 36, 200, 234<CR><LF>`t0stop crop 4 280, 0, 28, 36, 230, 234<CR><LF>`t0stop crop 4 280, 0, 28, 36, 260, 234<CR><LF>`t0stop crop 4 0, 0, 28, 36, 290, 234<CR><LF>`t0stop update<CR><LF>Cog0  T0-24,row,1,arm,prediction,SPINS_FREELY_AND_COASTS,asking_for,SPIN_IT_BRISKLY_LET_GO_AND_PRESS_SPACE_AS_YOU_LET_GO,prompt,press_S_when_ready
[2026-09-22T23:39:37.774] `t0stop PC_KEY<CR><LF>
[2026-09-22T23:39:37.838] `t0stop PC_KEY<CR><LF>
[2026-09-22T23:39:37.904] `t0stop PC_KEY<CR><LF>
[2026-09-22T23:39:37.965] `t0stop PC_KEY<CR><LF>
[2026-09-22T23:39:38.030] `t0stop PC_KEY<CR><LF>
[2026-09-22T23:39:38.095] `t0stop PC_KEY<CR><LF>
[2026-09-22T23:39:38.157] `t0stop PC_KEY<CR><LF>
[2026-09-22T23:39:38.221] `t0stop PC_KEY<CR><LF>
[2026-09-22T23:39:38.288] `t0stop PC_KEY<CR><LF>
[2026-09-22T23:39:38.350] `t0stop PC_KEY<CR><LF>
[2026-09-22T23:39:38.416] `t0stop PC_KEY<CR><LF>
[2026-09-22T23:39:38.478] `t0stop PC_KEY<CR><LF>
[2026-09-22T23:39:38.542] `t0stop PC_KEY<CR><LF>
[2026-09-22T23:39:38.605] `t0stop PC_KEY<CR><LF>
[2026-09-22T23:39:38.670] `t0stop PC_KEY<CR><LF>
[2026-09-22T23:39:38.735] `t0stop PC_KEY<CR><LF>
[2026-09-22T23:39:38.798] `t0stop PC_KEY<CR><LF>
[2026-09-22T23:39:38.862] `t0stop PC_KEY<CR><LF>
[2026-09-22T23:39:38.926] `t0stop PC_KEY<CR><LF>
[2026-09-22T23:39:38.993] `t0stop PC_KEY<CR><LF>
[2026-09-22T23:39:39.055] `t0stop PC_KEY<CR><LF>
[2026-09-22T23:39:39.118] `t0stop PC_KEY<CR><LF>
[2026-09-22T23:39:39.182] `t0stop PC_KEY<CR><LF>
[2026-09-22T23:39:39.247] `t0stop PC_KEY<CR><LF>
[2026-09-22T23:39:39.312] `t0stop PC_KEY<CR><LF>
[2026-09-22T23:39:39.377] `t0stop PC_KEY<CR><LF>
[2026-09-22T23:39:39.438] `t0stop PC_KEY<CR><LF>
[2026-09-22T23:39:39.502] `t0stop PC_KEY<CR><LF>
[2026-09-22T23:39:39.566] `t0stop PC_KEY<CR><LF>
[2026-09-22T23:39:39.633] `t0stop PC_KEY<CR><LF>
[2026-09-22T23:39:39.696] `t0stop PC_KEY<CR><LF>
[2026-09-22T23:39:39.761] `t0stop PC_KEY<CR><LF>
[2026-09-22T23:39:39.824] `t0stop PC_KEY<CR><LF>
[2026-09-22T23:39:39.889] `t0stop PC_KEY<CR><LF>
[2026-09-22T23:39:39.950] `t0stop PC_KEY<CR><LF>
[2026-09-22T23:39:40.015] `t0stop PC_KEY<CR><LF>
[2026-09-22T23:39:40.080] `t0stop PC_KEY<CR><LF>
[2026-09-22T23:39:40.143] `t0stop PC_KEY<CR><LF>
[2026-09-22T23:39:40.207] `t0stop PC_KEY<CR><LF>
[2026-09-22T23:39:40.273] `t0stop PC_KEY<CR><LF>
[2026-09-22T23:39:40.337] `t0stop PC_KEY<CR><LF>
[2026-09-22T23:39:40.399] `t0stop PC_KEY<CR><LF>
[2026-09-22T23:39:40.462] `t0stop PC_KEY<CR><LF>
[2026-09-22T23:39:40.530] `t0stop PC_KEY<CR><LF>
[2026-09-22T23:39:40.591] `t0stop PC_KEY<CR><LF>
[2026-09-22T23:39:40.655] `t0stop PC_KEY<CR><LF>
[2026-09-22T23:39:40.721] `t0stop PC_KEY<CR><LF>
[2026-09-22T23:39:40.785] `t0stop PC_KEY<CR><LF>
[2026-09-22T23:39:40.847] `t0stop PC_KEY<CR><LF>
[2026-09-22T23:39:40.911] `t0stop PC_KEY<CR><LF>
[2026-09-22T23:39:40.975] `t0stop PC_KEY<CR><LF>
[2026-09-22T23:39:41.039] `t0stop PC_KEY<CR><LF>
[2026-09-22T23:39:41.103] `t0stop PC_KEY<CR><LF>
[2026-09-22T23:39:41.167] `t0stop PC_KEY<CR><LF>
[2026-09-22T23:39:41.231] `t0stop PC_KEY<CR><LF>
[2026-09-22T23:39:41.295] `t0stop PC_KEY<CR><LF>
[2026-09-22T23:39:41.358] `t0stop PC_KEY<CR><LF>
[2026-09-22T23:39:41.423] `t0stop PC_KEY<CR><LF>
[2026-09-22T23:39:41.489] `t0stop PC_KEY<CR><LF>
[2026-09-22T23:39:41.553] `t0stop PC_KEY<CR><LF>
[2026-09-22T23:39:41.616] `t0stop PC_KEY<CR><LF>
[2026-09-22T23:39:41.682] `t0stop PC_KEY<CR><LF>
[2026-09-22T23:39:41.746] `t0stop PC_KEY<CR><LF>
[2026-09-22T23:39:41.808] `t0stop PC_KEY<CR><LF>
[2026-09-22T23:39:41.872] `t0stop PC_KEY<CR><LF>
[2026-09-22T23:39:41.938] `t0stop PC_KEY<CR><LF>
[2026-09-22T23:39:42.002] `t0stop PC_KEY<CR><LF>
[2026-09-22T23:39:42.064] `t0stop PC_KEY<CR><LF>
[2026-09-22T23:39:42.129] `t0stop PC_KEY<CR><LF>
[2026-09-22T23:39:42.192] `t0stop PC_KEY<CR><LF>
[2026-09-22T23:39:42.259] `t0stop PC_KEY<CR><LF>
[2026-09-22T23:39:42.320] `t0stop PC_KEY<CR><LF>
[2026-09-22T23:39:42.384] `t0stop PC_KEY<CR><LF>
[2026-09-22T23:39:42.451] `t0stop PC_KEY<CR><LF>
[2026-09-22T23:39:42.512] `t0stop PC_KEY<CR><LF>
[2026-09-22T23:39:42.577] `t0stop PC_KEY<CR><LF>
[2026-09-22T23:39:42.639] `t0stop PC_KEY<CR><LF>
[2026-09-22T23:39:42.707] `t0stop PC_KEY<CR><LF>
[2026-09-22T23:39:42.768] `t0stop PC_KEY<CR><LF>
[2026-09-22T23:39:42.832] `t0stop PC_KEY<CR><LF>
[2026-09-22T23:39:42.897] `t0stop PC_KEY<CR><LF>
[2026-09-22T23:39:42.960] `t0stop PC_KEY<CR><LF>
[2026-09-22T23:39:43.024] `t0stop PC_KEY<CR><LF>
[2026-09-22T23:39:43.088] `t0stop PC_KEY<CR><LF>
[2026-09-22T23:39:43.151] `t0stop PC_KEY<CR><LF>
[2026-09-22T23:39:43.217] `t0stop PC_KEY<CR><LF>
[2026-09-22T23:39:43.289] `t0stop crop 2 0, 28, 456, 28, 12, 36<CR><LF>`t0stop crop 3 0, 64, 456, 64, 12, 70<CR><LF>`t0stop crop 4 280, 0, 28, 36, 170, 146<CR><LF>`t0stop crop 4 280, 0, 28, 36, 200, 146<CR><LF>`t0stop crop 4 280, 0, 28, 36, 230, 146<CR><LF>`t0stop crop 4 0, 0, 28, 36, 260, 146<CR><LF>`t0stop crop 4 280, 0, 28, 36, 170, 190<CR><LF>`t0stop crop 4 280, 0, 28, 36, 200, 190<CR><LF>`t0stop crop 4 280, 0, 28, 36, 230, 190<CR><LF>`t0stop crop 4 0, 0, 28, 36, 260, 190<CR><LF>`t0stop crop 4 280, 0, 28, 36, 170, 234<CR><LF>`t0stop crop 4 280, 0, 28, 36, 200, 234<CR><LF>`t0stop crop 4 280, 0, 28, 36, 230, 234<CR><LF>`t0stop crop 4 280, 0, 28, 36, 260, 234<CR><LF>`t0stop crop 4 0, 0, 28, 36, 290, 234<CR><LF>`t0stop update<CR><LF>
[2026-09-22T23:39:44.240] `t0stop crop 2 0, 28, 456, 28, 12, 36<CR><LF>`t0stop crop 3 0, 256, 456, 64, 12, 70<CR><LF>`t0stop crop 4 280, 0, 28, 36, 170, 146<CR><LF>`t0stop crop 4 280, 0, 28, 36, 200, 146<CR><LF>`t0stop crop 4 280, 0, 28, 36, 230, 146<CR><LF>`t0stop crop 4 0, 0, 28, 36, 260, 146<CR><LF>`t0stop crop 4 280, 0, 28, 36, 170, 190<CR><LF>`t0stop crop 4 280, 0, 28, 36, 200, 190<CR><LF>`t0stop crop 4 280, 0, 28, 36, 230, 190<CR><LF>`t0stop crop 4 0, 0, 28, 36, 260, 190<CR><LF>`t0stop crop 4 280, 0, 28, 36, 170, 234<CR><LF>`t0stop crop 4 280, 0, 28, 36, 200, 234<CR><LF>`t0stop crop 4 280, 0, 28, 36, 230, 234<CR><LF>`t0stop crop 4 280, 0, 28, 36, 260, 234<CR><LF>`t0stop crop 4 0, 0, 28, 36, 290, 234<CR><LF>`t0stop update<CR><LF>Cog0  T0-24,row,1,hand_phase,begin,asking_for,SPIN_IT_BRISKLY_LET_GO_AND_PRESS_SPACE_AS_YOU_LET_GO
[2026-09-22T23:39:44.388] `t0stop PC_KEY<CR><LF>
[2026-09-22T23:39:44.499] `t0stop PC_KEY<CR><LF>
[2026-09-22T23:39:44.611] `t0stop PC_KEY<CR><LF>
[2026-09-22T23:39:44.723] `t0stop PC_KEY<CR><LF>
[2026-09-22T23:39:44.854] `t0stop PC_KEY<CR><LF>`t0stop crop 2 0, 28, 456, 28, 12, 36<CR><LF>`t0stop crop 3 0, 256, 456, 64, 12, 70<CR><LF>`t0stop crop 4 280, 0, 28, 36, 170, 146<CR><LF>`t0stop crop 4 280, 0, 28, 36, 200, 146<CR><LF>`t0stop crop 4 280, 0, 28, 36, 230, 146<CR><LF>`t0stop crop 4 0, 0, 28, 36, 260, 146<CR><LF>`t0stop crop 4 280, 0, 28, 36, 170, 190<CR><LF>`t0stop crop 4 280, 0, 28, 36, 200, 190<CR><LF>`t0stop crop 4 280, 0, 28, 36, 230, 190<CR><LF>`t0stop crop 4 0, 0, 28, 36, 260, 190<CR><LF>`t0stop crop 4 280, 0, 28, 36, 170, 234<CR><LF>`t0stop crop 4 280, 0, 28, 36, 200, 234<CR><LF>`t0stop crop 4 280, 0, 28, 36, 230, 234<CR><LF>`t0stop crop 4 280, 0, 28, 36, 260, 234<CR><LF>`t0stop crop 4 0, 0, 28, 36, 290, 234<CR><LF>`t0stop update<CR><LF>
[2026-09-22T23:39:44.951] `t0stop PC_KEY<CR><LF>
[2026-09-22T23:39:45.063] `t0stop PC_KEY<CR><LF>
[2026-09-22T23:39:45.175] `t0stop PC_KEY<CR><LF>
[2026-09-22T23:39:45.287] `t0stop PC_KEY<CR><LF>
[2026-09-22T23:39:45.420] `t0stop PC_KEY<CR><LF>`t0stop crop 2 0, 28, 456, 28, 12, 36<CR><LF>`t0stop crop 3 0, 256, 456, 64, 12, 70<CR><LF>`t0stop crop 4 280, 0, 28, 36, 170, 146<CR><LF>`t0stop crop 4 280, 0, 28, 36, 200, 146<CR><LF>`t0stop crop 4 280, 0, 28, 36, 230, 146<CR><LF>`t0stop crop 4 0, 0, 28, 36, 260, 146<CR><LF>`t0stop crop 4 280, 0, 28, 36, 170, 190<CR><LF>`t0stop crop 4 280, 0, 28, 36, 200, 190<CR><LF>`t0stop crop 4 280, 0, 28, 36, 230, 190<CR><LF>`t0stop crop 4 0, 0, 28, 36, 260, 190<CR><LF>`t0stop crop 4 280, 0, 28, 36, 170, 234<CR><LF>`t0stop crop 4 280, 0, 28, 36, 200, 234<CR><LF>`t0stop crop 4 280, 0, 28, 36, 230, 234<CR><LF>`t0stop crop 4 280, 0, 28, 36, 260, 234<CR><LF>`t0stop crop 4 0, 0, 28, 36, 290, 234<CR><LF>`t0stop update<CR><LF>
[2026-09-22T23:39:45.515] `t0stop PC_KEY<CR><LF>
[2026-09-22T23:39:45.629] `t0stop PC_KEY<CR><LF>
[2026-09-22T23:39:45.739] `t0stop PC_KEY<CR><LF>
[2026-09-22T23:39:45.852] `t0stop PC_KEY<CR><LF>
[2026-09-22T23:39:45.985] `t0stop PC_KEY<CR><LF>`t0stop crop 2 0, 28, 456, 28, 12, 36<CR><LF>`t0stop crop 3 0, 256, 456, 64, 12, 70<CR><LF>`t0stop crop 4 280, 0, 28, 36, 170, 146<CR><LF>`t0stop crop 4 280, 0, 28, 36, 200, 146<CR><LF>`t0stop crop 4 280, 0, 28, 36, 230, 146<CR><LF>`t0stop crop 4 0, 0, 28, 36, 260, 146<CR><LF>`t0stop crop 4 280, 0, 28, 36, 170, 190<CR><LF>`t0stop crop 4 280, 0, 28, 36, 200, 190<CR><LF>`t0stop crop 4 280, 0, 28, 36, 230, 190<CR><LF>`t0stop crop 4 0, 0, 28, 36, 260, 190<CR><LF>`t0stop crop 4 280, 0, 28, 36, 170, 234<CR><LF>`t0stop crop 4 280, 0, 28, 36, 200, 234<CR><LF>`t0stop crop 4 280, 0, 28, 36, 230, 234<CR><LF>`t0stop crop 4 280, 0, 28, 36, 260, 234<CR><LF>`t0stop crop 4 0, 0, 28, 36, 290, 234<CR><LF>`t0stop update<CR><LF>
[2026-09-22T23:39:46.080] `t0stop PC_KEY<CR><LF>
[2026-09-22T23:39:46.191] `t0stop PC_KEY<CR><LF>
[2026-09-22T23:39:46.303] `t0stop PC_KEY<CR><LF>
[2026-09-22T23:39:46.417] `t0stop PC_KEY<CR><LF>
[2026-09-22T23:39:46.548] `t0stop PC_KEY<CR><LF>`t0stop crop 2 0, 28, 456, 28, 12, 36<CR><LF>`t0stop crop 3 0, 256, 456, 64, 12, 70<CR><LF>`t0stop crop 4 280, 0, 28, 36, 170, 146<CR><LF>`t0stop crop 4 280, 0, 28, 36, 200, 146<CR><LF>`t0stop crop 4 280, 0, 28, 36, 230, 146<CR><LF>`t0stop crop 4 0, 0, 28, 36, 260, 146<CR><LF>`t0stop crop 4 280, 0, 28, 36, 170, 190<CR><LF>`t0stop crop 4 280, 0, 28, 36, 200, 190<CR><LF>`t0stop crop 4 280, 0, 28, 36, 230, 190<CR><LF>`t0stop crop 4 0, 0, 28, 36, 260, 190<CR><LF>`t0stop crop 4 280, 0, 28, 36, 170, 234<CR><LF>`t0stop crop 4 280, 0, 28, 36, 200, 234<CR><LF>`t0stop crop 4 280, 0, 28, 36, 230, 234<CR><LF>`t0stop crop 4 280, 0, 28, 36, 260, 234<CR><LF>`t0stop crop 4 0, 0, 28, 36, 290, 234<CR><LF>`t0stop update<CR><LF>
[2026-09-22T23:39:46.646] `t0stop PC_KEY<CR><LF>
[2026-09-22T23:39:46.756] `t0stop PC_KEY<CR><LF>
[2026-09-22T23:39:46.869] `t0stop PC_KEY<CR><LF>
[2026-09-22T23:39:46.981] `t0stop PC_KEY<CR><LF>
[2026-09-22T23:39:47.112] `t0stop PC_KEY<CR><LF>`t0stop crop 2 0, 28, 456, 28, 12, 36<CR><LF>`t0stop crop 3 0, 256, 456, 64, 12, 70<CR><LF>`t0stop crop 4 280, 0, 28, 36, 170, 146<CR><LF>`t0stop crop 4 280, 0, 28, 36, 200, 146<CR><LF>`t0stop crop 4 280, 0, 28, 36, 230, 146<CR><LF>`t0stop crop 4 0, 0, 28, 36, 260, 146<CR><LF>`t0stop crop 4 280, 0, 28, 36, 170, 190<CR><LF>`t0stop crop 4 280, 0, 28, 36, 200, 190<CR><LF>`t0stop crop 4 280, 0, 28, 36, 230, 190<CR><LF>`t0stop crop 4 0, 0, 28, 36, 260, 190<CR><LF>`t0stop crop 4 280, 0, 28, 36, 170, 234<CR><LF>`t0stop crop 4 280, 0, 28, 36, 200, 234<CR><LF>`t0stop crop 4 280, 0, 28, 36, 230, 234<CR><LF>`t0stop crop 4 280, 0, 28, 36, 260, 234<CR><LF>`t0stop crop 4 0, 0, 28, 36, 290, 234<CR><LF>`t0stop update<CR><LF>
[2026-09-22T23:39:47.208] `t0stop PC_KEY<CR><LF>
[2026-09-22T23:39:47.323] `t0stop PC_KEY<CR><LF>
[2026-09-22T23:39:47.433] `t0stop PC_KEY<CR><LF>
[2026-09-22T23:39:47.547] `t0stop PC_KEY<CR><LF>
[2026-09-22T23:39:47.678] `t0stop PC_KEY<CR><LF>`t0stop crop 2 0, 28, 456, 28, 12, 36<CR><LF>`t0stop crop 3 0, 256, 456, 64, 12, 70<CR><LF>`t0stop crop 4 280, 0, 28, 36, 170, 146<CR><LF>`t0stop crop 4 280, 0, 28, 36, 200, 146<CR><LF>`t0stop crop 4 56, 0, 28, 36, 230, 146<CR><LF>`t0stop crop 4 28, 0, 28, 36, 260, 146<CR><LF>`t0stop crop 4 280, 0, 28, 36, 170, 190<CR><LF>`t0stop crop 4 280, 0, 28, 36, 200, 190<CR><LF>`t0stop crop 4 280, 0, 28, 36, 230, 190<CR><LF>`t0stop crop 4 0, 0, 28, 36, 260, 190<CR><LF>`t0stop crop 4 280, 0, 28, 36, 170, 234<CR><LF>`t0stop crop 4 280, 0, 28, 36, 200, 234<CR><LF>`t0stop crop 4 280, 0, 28, 36, 230, 234<CR><LF>`t0stop crop 4 280, 0, 28, 36, 260, 234<CR><LF>`t0stop crop 4 0, 0, 28, 36, 290, 234<CR><LF>`t0stop update<CR><LF>
[2026-09-22T23:39:47.773] `t0stop PC_KEY<CR><LF>
[2026-09-22T23:39:47.885] `t0stop PC_KEY<CR><LF>
[2026-09-22T23:39:47.998] `t0stop PC_KEY<CR><LF>
[2026-09-22T23:39:48.108] `t0stop PC_KEY<CR><LF>
[2026-09-22T23:39:48.242] `t0stop PC_KEY<CR><LF>`t0stop crop 2 0, 28, 456, 28, 12, 36<CR><LF>`t0stop crop 3 0, 256, 456, 64, 12, 70<CR><LF>`t0stop crop 4 280, 0, 28, 36, 170, 146<CR><LF>`t0stop crop 4 280, 0, 28, 36, 200, 146<CR><LF>`t0stop crop 4 168, 0, 28, 36, 230, 146<CR><LF>`t0stop crop 4 196, 0, 28, 36, 260, 146<CR><LF>`t0stop crop 4 280, 0, 28, 36, 170, 190<CR><LF>`t0stop crop 4 280, 0, 28, 36, 200, 190<CR><LF>`t0stop crop 4 280, 0, 28, 36, 230, 190<CR><LF>`t0stop crop 4 0, 0, 28, 36, 260, 190<CR><LF>`t0stop crop 4 280, 0, 28, 36, 170, 234<CR><LF>`t0stop crop 4 280, 0, 28, 36, 200, 234<CR><LF>`t0stop crop 4 280, 0, 28, 36, 230, 234<CR><LF>`t0stop crop 4 280, 0, 28, 36, 260, 234<CR><LF>`t0stop crop 4 0, 0, 28, 36, 290, 234<CR><LF>`t0stop update<CR><LF>
[2026-09-22T23:39:48.339] `t0stop PC_KEY<CR><LF>
[2026-09-22T23:39:48.449] `t0stop PC_KEY<CR><LF>
[2026-09-22T23:39:48.561] `t0stop PC_KEY<CR><LF>
[2026-09-22T23:39:48.674] `t0stop PC_KEY<CR><LF>
[2026-09-22T23:39:48.789] `t0stop PC_KEY<CR><LF>`t0stop crop 2 0, 28, 456, 28, 12, 36<CR><LF>`t0stop crop 3 0, 256, 456, 64, 12, 70<CR><LF>`t0stop crop 4 280, 0, 28, 36, 170, 146<CR><LF>`t0stop crop 4 28, 0, 28, 36, 200, 146<CR><LF>`t0stop crop 4 56, 0, 28, 36, 230, 146<CR><LF>`t0stop crop 4 0, 0, 28, 36, 260, 146<CR><LF>`t0stop crop 4 280, 0, 28, 36, 170, 190<CR><LF>`t0stop crop 4 280, 0, 28, 36, 200, 190<CR><LF>`t0stop crop 4 280, 0, 28, 36, 230, 190<CR><LF>`t0stop crop 4 0, 0, 28, 36, 260, 190<CR><LF>`t0stop crop 4 280, 0, 28, 36, 170, 234<CR><LF>`t0stop crop 4 280, 0, 28, 36, 200, 234<CR><LF>`t0stop crop 4 280, 0, 28, 36, 230, 234<CR><LF>`t0stop crop 4 280, 0, 28, 36, 260, 234<CR><LF>`t0stop crop 4 0, 0, 28, 36, 290, 234<CR><LF>`t0stop update<CR><LF>
[2026-09-22T23:39:48.901] `t0stop PC_KEY<CR><LF>
[2026-09-22T23:39:49.014] `t0stop PC_KEY<CR><LF>
[2026-09-22T23:39:49.125] `t0stop PC_KEY<CR><LF>
[2026-09-22T23:39:49.238] `t0stop PC_KEY<CR><LF>
[2026-09-22T23:39:49.370] `t0stop PC_KEY<CR><LF>`t0stop crop 2 0, 28, 456, 28, 12, 36<CR><LF>`t0stop crop 3 0, 256, 456, 64, 12, 70<CR><LF>`t0stop crop 4 280, 0, 28, 36, 170, 146<CR><LF>`t0stop crop 4 28, 0, 28, 36, 200, 146<CR><LF>`t0stop crop 4 224, 0, 28, 36, 230, 146<CR><LF>`t0stop crop 4 84, 0, 28, 36, 260, 146<CR><LF>`t0stop crop 4 280, 0, 28, 36, 170, 190<CR><LF>`t0stop crop 4 280, 0, 28, 36, 200, 190<CR><LF>`t0stop crop 4 280, 0, 28, 36, 230, 190<CR><LF>`t0stop crop 4 0, 0, 28, 36, 260, 190<CR><LF>`t0stop crop 4 280, 0, 28, 36, 170, 234<CR><LF>`t0stop crop 4 280, 0, 28, 36, 200, 234<CR><LF>`t0stop crop 4 280, 0, 28, 36, 230, 234<CR><LF>`t0stop crop 4 280, 0, 28, 36, 260, 234<CR><LF>`t0stop crop 4 0, 0, 28, 36, 290, 234<CR><LF>`t0stop update<CR><LF>
[2026-09-22T23:39:49.466] `t0stop PC_KEY<CR><LF>
[2026-09-22T23:39:49.577] `t0stop PC_KEY<CR><LF>
[2026-09-22T23:39:49.689] `t0stop PC_KEY<CR><LF>
[2026-09-22T23:39:49.802] `t0stop PC_KEY<CR><LF>
[2026-09-22T23:39:49.933] `t0stop PC_KEY<CR><LF>`t0stop crop 2 0, 28, 456, 28, 12, 36<CR><LF>`t0stop crop 3 0, 256, 456, 64, 12, 70<CR><LF>`t0stop crop 4 280, 0, 28, 36, 170, 146<CR><LF>`t0stop crop 4 56, 0, 28, 36, 200, 146<CR><LF>`t0stop crop 4 112, 0, 28, 36, 230, 146<CR><LF>`t0stop crop 4 224, 0, 28, 36, 260, 146<CR><LF>`t0stop crop 4 280, 0, 28, 36, 170, 190<CR><LF>`t0stop crop 4 280, 0, 28, 36, 200, 190<CR><LF>`t0stop crop 4 280, 0, 28, 36, 230, 190<CR><LF>`t0stop crop 4 0, 0, 28, 36, 260, 190<CR><LF>`t0stop crop 4 280, 0, 28, 36, 170, 234<CR><LF>`t0stop crop 4 280, 0, 28, 36, 200, 234<CR><LF>`t0stop crop 4 280, 0, 28, 36, 230, 234<CR><LF>`t0stop crop 4 280, 0, 28, 36, 260, 234<CR><LF>`t0stop crop 4 0, 0, 28, 36, 290, 234<CR><LF>`t0stop update<CR><LF>
[2026-09-22T23:39:50.029] `t0stop PC_KEY<CR><LF>
[2026-09-22T23:39:50.141] `t0stop PC_KEY<CR><LF>
[2026-09-22T23:39:50.256] `t0stop PC_KEY<CR><LF>
[2026-09-22T23:39:50.365] `t0stop PC_KEY<CR><LF>
[2026-09-22T23:39:50.499] `t0stop PC_KEY<CR><LF>`t0stop crop 2 0, 28, 456, 28, 12, 36<CR><LF>`t0stop crop 3 0, 256, 456, 64, 12, 70<CR><LF>`t0stop crop 4 280, 0, 28, 36, 170, 146<CR><LF>`t0stop crop 4 56, 0, 28, 36, 200, 146<CR><LF>`t0stop crop 4 168, 0, 28, 36, 230, 146<CR><LF>`t0stop crop 4 56, 0, 28, 36, 260, 146<CR><LF>`t0stop crop 4 280, 0, 28, 36, 170, 190<CR><LF>`t0stop crop 4 280, 0, 28, 36, 200, 190<CR><LF>`t0stop crop 4 280, 0, 28, 36, 230, 190<CR><LF>`t0stop crop 4 0, 0, 28, 36, 260, 190<CR><LF>`t0stop crop 4 280, 0, 28, 36, 170, 234<CR><LF>`t0stop crop 4 280, 0, 28, 36, 200, 234<CR><LF>`t0stop crop 4 280, 0, 28, 36, 230, 234<CR><LF>`t0stop crop 4 280, 0, 28, 36, 260, 234<CR><LF>`t0stop crop 4 0, 0, 28, 36, 290, 234<CR><LF>`t0stop update<CR><LF>
[2026-09-22T23:39:50.594] `t0stop PC_KEY<CR><LF>
[2026-09-22T23:39:50.707] `t0stop PC_KEY<CR><LF>
[2026-09-22T23:39:50.819] `t0stop PC_KEY<CR><LF>
[2026-09-22T23:39:50.930] `t0stop PC_KEY<CR><LF>
[2026-09-22T23:39:51.065] `t0stop PC_KEY<CR><LF>`t0stop crop 2 0, 28, 456, 28, 12, 36<CR><LF>`t0stop crop 3 0, 256, 456, 64, 12, 70<CR><LF>`t0stop crop 4 280, 0, 28, 36, 170, 146<CR><LF>`t0stop crop 4 56, 0, 28, 36, 200, 146<CR><LF>`t0stop crop 4 168, 0, 28, 36, 230, 146<CR><LF>`t0stop crop 4 56, 0, 28, 36, 260, 146<CR><LF>`t0stop crop 4 280, 0, 28, 36, 170, 190<CR><LF>`t0stop crop 4 280, 0, 28, 36, 200, 190<CR><LF>`t0stop crop 4 280, 0, 28, 36, 230, 190<CR><LF>`t0stop crop 4 0, 0, 28, 36, 260, 190<CR><LF>`t0stop crop 4 280, 0, 28, 36, 170, 234<CR><LF>`t0stop crop 4 280, 0, 28, 36, 200, 234<CR><LF>`t0stop crop 4 280, 0, 28, 36, 230, 234<CR><LF>`t0stop crop 4 280, 0, 28, 36, 260, 234<CR><LF>`t0stop crop 4 0, 0, 28, 36, 290, 234<CR><LF>`t0stop update<CR><LF>
[2026-09-22T23:39:51.159] `t0stop PC_KEY<CR><LF>
[2026-09-22T23:39:51.270] `t0stop PC_KEY<CR><LF>
[2026-09-22T23:39:51.382] `t0stop PC_KEY<CR><LF>
[2026-09-22T23:39:51.495] `t0stop PC_KEY<CR><LF>
[2026-09-22T23:39:51.626] `t0stop PC_KEY<CR><LF>`t0stop crop 2 0, 28, 456, 28, 12, 36<CR><LF>`t0stop crop 3 0, 256, 456, 64, 12, 70<CR><LF>`t0stop crop 4 280, 0, 28, 36, 170, 146<CR><LF>`t0stop crop 4 56, 0, 28, 36, 200, 146<CR><LF>`t0stop crop 4 168, 0, 28, 36, 230, 146<CR><LF>`t0stop crop 4 56, 0, 28, 36, 260, 146<CR><LF>`t0stop crop 4 280, 0, 28, 36, 170, 190<CR><LF>`t0stop crop 4 280, 0, 28, 36, 200, 190<CR><LF>`t0stop crop 4 280, 0, 28, 36, 230, 190<CR><LF>`t0stop crop 4 0, 0, 28, 36, 260, 190<CR><LF>`t0stop crop 4 280, 0, 28, 36, 170, 234<CR><LF>`t0stop crop 4 280, 0, 28, 36, 200, 234<CR><LF>`t0stop crop 4 280, 0, 28, 36, 230, 234<CR><LF>`t0stop crop 4 280, 0, 28, 36, 260, 234<CR><LF>`t0stop crop 4 0, 0, 28, 36, 290, 234<CR><LF>`t0stop update<CR><LF>
[2026-09-22T23:39:51.724] `t0stop PC_KEY<CR><LF>
[2026-09-22T23:39:51.834] `t0stop PC_KEY<CR><LF>
[2026-09-22T23:39:51.947] `t0stop PC_KEY<CR><LF>
[2026-09-22T23:39:52.059] `t0stop PC_KEY<CR><LF>
[2026-09-22T23:39:52.192] `t0stop PC_KEY<CR><LF>`t0stop crop 2 0, 28, 456, 28, 12, 36<CR><LF>`t0stop crop 3 0, 256, 456, 64, 12, 70<CR><LF>`t0stop crop 4 280, 0, 28, 36, 170, 146<CR><LF>`t0stop crop 4 56, 0, 28, 36, 200, 146<CR><LF>`t0stop crop 4 168, 0, 28, 36, 230, 146<CR><LF>`t0stop crop 4 56, 0, 28, 36, 260, 146<CR><LF>`t0stop crop 4 280, 0, 28, 36, 170, 190<CR><LF>`t0stop crop 4 280, 0, 28, 36, 200, 190<CR><LF>`t0stop crop 4 280, 0, 28, 36, 230, 190<CR><LF>`t0stop crop 4 0, 0, 28, 36, 260, 190<CR><LF>`t0stop crop 4 280, 0, 28, 36, 170, 234<CR><LF>`t0stop crop 4 280, 0, 28, 36, 200, 234<CR><LF>`t0stop crop 4 280, 0, 28, 36, 230, 234<CR><LF>`t0stop crop 4 280, 0, 28, 36, 260, 234<CR><LF>`t0stop crop 4 0, 0, 28, 36, 290, 234<CR><LF>`t0stop update<CR><LF>
[2026-09-22T23:39:52.287] `t0stop PC_KEY<CR><LF>
[2026-09-22T23:39:52.399] `t0stop PC_KEY<CR><LF>
[2026-09-22T23:39:52.489] `t0stop PC_KEY<CR><LF>`t0stop crop 2 0, 28, 456, 28, 12, 36<CR><LF>`t0stop crop 3 0, 320, 456, 64, 12, 70<CR><LF>`t0stop crop 4 280, 0, 28, 36, 170, 146<CR><LF>`t0stop crop 4 56, 0, 28, 36, 200, 146<CR><LF>`t0stop crop 4 168, 0, 28, 36, 230, 146<CR><LF>`t0stop crop 4 56, 0, 28, 36, 260, 146<CR><LF>`t0stop crop 4 280, 0, 28, 36, 170, 190<CR><LF>`t0stop crop 4 280, 0, 28, 36, 200, 190<CR><LF>`t0stop crop 4 280, 0, 28, 36, 230, 190<CR><LF>`t0stop crop 4 0, 0, 28, 36, 260, 190<CR><LF>`t0stop crop 4 280, 0, 28, 36, 170, 234<CR><LF>`t0stop crop 4 280, 0, 28, 36, 200, 234<CR><LF>`t0stop crop 4 280, 0, 28, 36, 230, 234<CR><LF>`t0stop crop 4 280, 0, 28, 36, 260, 234<CR><LF>`t0stop crop 4 0, 0, 28, 36, 290, 234<CR><LF>`t0stop update<CR><LF>Cog0  T0-24,row,1,released,hand_ticks,262,release_span_ms,111
[2026-09-22T23:39:52.871] Cog0  T0-24,row,1,coast,after_ticks,0,after_ms,0,half_ms,0
[2026-09-22T23:39:52.872] Cog0  T0-24,row,1,set_up,TRUE,hand_ticks,262,after_ticks,0,after_ms,0,half_ms,0,release_span_ms,111,still_faulted,FALSE,protective,0,measured,TRUE
[2026-09-22T23:39:52.895] `t0stop crop 2 0, 28, 456, 28, 12, 36<CR><LF>`t0stop crop 3 0, 384, 456, 64, 12, 70<CR><LF>`t0stop crop 4 280, 0, 28, 36, 170, 146<CR><LF>`t0stop crop 4 56, 0, 28, 36, 200, 146<CR><LF>`t0stop crop 4 168, 0, 28, 36, 230, 146<CR><LF>`t0stop crop 4 56, 0, 28, 36, 260, 146<CR><LF>`t0stop crop 4 280, 0, 28, 36, 170, 190<CR><LF>`t0stop crop 4 280, 0, 28, 36, 200, 190<CR><LF>`t0stop crop 4 280, 0, 28, 36, 230, 190<CR><LF>`t0stop crop 4 0, 0, 28, 36, 260, 190<CR><LF>`t0stop crop 4 280, 0, 28, 36, 170, 234<CR><LF>`t0stop crop 4 280, 0, 28, 36, 200, 234<CR><LF>`t0stop crop 4 280, 0, 28, 36, 230, 234<CR><LF>`t0stop crop 4 280, 0, 28, 36, 260, 234<CR><LF>`t0stop crop 4 0, 0, 28, 36, 290, 234<CR><LF>`t0stop update<CR><LF>`t0stop crop 2 0, 56, 456, 28, 12, 36<CR><LF>`t0stop crop 3 0, 0, 456, 64, 12, 70<CR><LF>`t0stop crop 4 280, 0, 28, 36, 170, 146<CR><LF>`t0stop crop 4 280, 0, 28, 36, 200, 146<CR><LF>`t0stop crop 4 280, 0, 28, 36, 230, 146<CR><LF>`t0stop crop 4 0, 0, 28, 36, 260, 146<CR><LF>`t0stop crop 4 280, 0, 28, 36, 170, 190<CR><LF>`t0stop crop 4 280, 0, 28, 36, 200, 190<CR><LF>`t0stop crop 4 280, 0, 28, 36, 230, 190<CR><LF>`t0stop crop 4 0, 0, 28, 36, 260, 190<CR><LF>`t0stop crop 4 280, 0, 28, 36, 170, 234<CR><LF>`t0stop crop 4 280, 0, 28, 36, 200, 234<CR><LF>`t0stop crop 4 280, 0, 28, 36, 230, 234<CR><LF>`t0stop crop 4 280, 0, 28, 36, 260, 234<CR><LF>`t0stop crop 4 0, 0, 28, 36, 290, 234<CR><LF>`t0stop update<CR><LF>Cog0  T0-24,row,2,arm,prediction,RESISTS_HARDER_THE_FASTER_IT_IS_TURNED,asking_for,SPIN_IT_BRISKLY_LET_GO_AND_PRESS_SPACE_AS_YOU_LET_GO,prompt,press_S_when_ready
[2026-09-22T23:39:52.946] `t0stop PC_KEY<CR><LF>
[2026-09-22T23:39:53.010] `t0stop PC_KEY<CR><LF>
[2026-09-22T23:39:53.075] `t0stop PC_KEY<CR><LF>
[2026-09-22T23:39:53.139] `t0stop PC_KEY<CR><LF>
[2026-09-22T23:39:53.201] `t0stop PC_KEY<CR><LF>
[2026-09-22T23:39:53.265] `t0stop PC_KEY<CR><LF>
[2026-09-22T23:39:53.333] `t0stop PC_KEY<CR><LF>
[2026-09-22T23:39:53.393] `t0stop PC_KEY<CR><LF>
[2026-09-22T23:39:53.458] `t0stop PC_KEY<CR><LF>
[2026-09-22T23:39:53.522] `t0stop PC_KEY<CR><LF>
[2026-09-22T23:39:53.589] `t0stop PC_KEY<CR><LF>
[2026-09-22T23:39:53.649] `t0stop PC_KEY<CR><LF>
[2026-09-22T23:39:53.713] `t0stop PC_KEY<CR><LF>
[2026-09-22T23:39:53.778] `t0stop PC_KEY<CR><LF>
[2026-09-22T23:39:53.842] `t0stop PC_KEY<CR><LF>
[2026-09-22T23:39:53.905] `t0stop PC_KEY<CR><LF>
[2026-09-22T23:39:53.971] `t0stop PC_KEY<CR><LF>
[2026-09-22T23:39:54.033] `t0stop PC_KEY<CR><LF>
[2026-09-22T23:39:54.097] `t0stop PC_KEY<CR><LF>
[2026-09-22T23:39:54.163] `t0stop PC_KEY<CR><LF>
[2026-09-22T23:39:54.226] `t0stop PC_KEY<CR><LF>
[2026-09-22T23:39:54.292] `t0stop PC_KEY<CR><LF>
[2026-09-22T23:39:54.354] `t0stop PC_KEY<CR><LF>
[2026-09-22T23:39:54.419] `t0stop PC_KEY<CR><LF>
[2026-09-22T23:39:54.483] `t0stop PC_KEY<CR><LF>
[2026-09-22T23:39:54.547] `t0stop PC_KEY<CR><LF>
[2026-09-22T23:39:54.610] `t0stop PC_KEY<CR><LF>
[2026-09-22T23:39:54.675] `t0stop PC_KEY<CR><LF>
[2026-09-22T23:39:54.740] `t0stop PC_KEY<CR><LF>
[2026-09-22T23:39:54.804] `t0stop PC_KEY<CR><LF>
[2026-09-22T23:39:54.866] `t0stop PC_KEY<CR><LF>
[2026-09-22T23:39:54.930] `t0stop PC_KEY<CR><LF>
[2026-09-22T23:39:54.994] `t0stop PC_KEY<CR><LF>
[2026-09-22T23:39:55.058] `t0stop PC_KEY<CR><LF>
[2026-09-22T23:39:55.123] `t0stop PC_KEY<CR><LF>
[2026-09-22T23:39:55.186] `t0stop PC_KEY<CR><LF>
[2026-09-22T23:39:55.251] `t0stop PC_KEY<CR><LF>
[2026-09-22T23:39:55.317] `t0stop PC_KEY<CR><LF>
[2026-09-22T23:39:55.380] `t0stop PC_KEY<CR><LF>
[2026-09-22T23:39:55.443] `t0stop PC_KEY<CR><LF>
[2026-09-22T23:39:55.506] `t0stop PC_KEY<CR><LF>
[2026-09-22T23:39:55.572] `t0stop PC_KEY<CR><LF>
[2026-09-22T23:39:55.634] `t0stop PC_KEY<CR><LF>
[2026-09-22T23:39:55.698] `t0stop PC_KEY<CR><LF>
[2026-09-22T23:39:55.762] `t0stop PC_KEY<CR><LF>
[2026-09-22T23:39:55.827] `t0stop PC_KEY<CR><LF>
[2026-09-22T23:39:55.891] `t0stop PC_KEY<CR><LF>
[2026-09-22T23:39:55.953] `t0stop PC_KEY<CR><LF>
[2026-09-22T23:39:56.019] `t0stop PC_KEY<CR><LF>
[2026-09-22T23:39:56.089] `t0stop crop 2 0, 56, 456, 28, 12, 36<CR><LF>`t0stop crop 3 0, 64, 456, 64, 12, 70<CR><LF>`t0stop crop 4 280, 0, 28, 36, 170, 146<CR><LF>`t0stop crop 4 280, 0, 28, 36, 200, 146<CR><LF>`t0stop crop 4 280, 0, 28, 36, 230, 146<CR><LF>`t0stop crop 4 0, 0, 28, 36, 260, 146<CR><LF>`t0stop crop 4 280, 0, 28, 36, 170, 190<CR><LF>`t0stop crop 4 280, 0, 28, 36, 200, 190<CR><LF>`t0stop crop 4 280, 0, 28, 36, 230, 190<CR><LF>`t0stop crop 4 0, 0, 28, 36, 260, 190<CR><LF>`t0stop crop 4 280, 0, 28, 36, 170, 234<CR><LF>`t0stop crop 4 280, 0, 28, 36, 200, 234<CR><LF>`t0stop crop 4 280, 0, 28, 36, 230, 234<CR><LF>`t0stop crop 4 280, 0, 28, 36, 260, 234<CR><LF>`t0stop crop 4 0, 0, 28, 36, 290, 234<CR><LF>`t0stop update<CR><LF>
[2026-09-22T23:39:57.043] `t0stop crop 2 0, 56, 456, 28, 12, 36<CR><LF>`t0stop crop 3 0, 256, 456, 64, 12, 70<CR><LF>`t0stop crop 4 280, 0, 28, 36, 170, 146<CR><LF>`t0stop crop 4 280, 0, 28, 36, 200, 146<CR><LF>`t0stop crop 4 280, 0, 28, 36, 230, 146<CR><LF>`t0stop crop 4 0, 0, 28, 36, 260, 146<CR><LF>`t0stop crop 4 280, 0, 28, 36, 170, 190<CR><LF>`t0stop crop 4 280, 0, 28, 36, 200, 190<CR><LF>`t0stop crop 4 280, 0, 28, 36, 230, 190<CR><LF>`t0stop crop 4 0, 0, 28, 36, 260, 190<CR><LF>`t0stop crop 4 280, 0, 28, 36, 170, 234<CR><LF>`t0stop crop 4 280, 0, 28, 36, 200, 234<CR><LF>`t0stop crop 4 280, 0, 28, 36, 230, 234<CR><LF>`t0stop crop 4 280, 0, 28, 36, 260, 234<CR><LF>`t0stop crop 4 0, 0, 28, 36, 290, 234<CR><LF>`t0stop update<CR><LF>Cog0  T0-24,row,2,hand_phase,begin,asking_for,SPIN_IT_BRISKLY_LET_GO_AND_PRESS_SPACE_AS_YOU_LET_GO
[2026-09-22T23:39:57.192] `t0stop PC_KEY<CR><LF>
[2026-09-22T23:39:57.301] `t0stop PC_KEY<CR><LF>
[2026-09-22T23:39:57.415] `t0stop PC_KEY<CR><LF>
[2026-09-22T23:39:57.525] `t0stop PC_KEY<CR><LF>
[2026-09-22T23:39:57.660] `t0stop PC_KEY<CR><LF>`t0stop crop 2 0, 56, 456, 28, 12, 36<CR><LF>`t0stop crop 3 0, 256, 456, 64, 12, 70<CR><LF>`t0stop crop 4 280, 0, 28, 36, 170, 146<CR><LF>`t0stop crop 4 280, 0, 28, 36, 200, 146<CR><LF>`t0stop crop 4 280, 0, 28, 36, 230, 146<CR><LF>`t0stop crop 4 0, 0, 28, 36, 260, 146<CR><LF>`t0stop crop 4 280, 0, 28, 36, 170, 190<CR><LF>`t0stop crop 4 280, 0, 28, 36, 200, 190<CR><LF>`t0stop crop 4 280, 0, 28, 36, 230, 190<CR><LF>`t0stop crop 4 0, 0, 28, 36, 260, 190<CR><LF>`t0stop crop 4 280, 0, 28, 36, 170, 234<CR><LF>`t0stop crop 4 280, 0, 28, 36, 200, 234<CR><LF>`t0stop crop 4 280, 0, 28, 36, 230, 234<CR><LF>`t0stop crop 4 280, 0, 28, 36, 260, 234<CR><LF>`t0stop crop 4 0, 0, 28, 36, 290, 234<CR><LF>`t0stop update<CR><LF>
[2026-09-22T23:39:57.756] `t0stop PC_KEY<CR><LF>
[2026-09-22T23:39:57.865] `t0stop PC_KEY<CR><LF>
[2026-09-22T23:39:57.978] `t0stop PC_KEY<CR><LF>
[2026-09-22T23:39:58.092] `t0stop PC_KEY<CR><LF>
[2026-09-22T23:39:58.222] `t0stop PC_KEY<CR><LF>`t0stop crop 2 0, 56, 456, 28, 12, 36<CR><LF>`t0stop crop 3 0, 256, 456, 64, 12, 70<CR><LF>`t0stop crop 4 280, 0, 28, 36, 170, 146<CR><LF>`t0stop crop 4 280, 0, 28, 36, 200, 146<CR><LF>`t0stop crop 4 280, 0, 28, 36, 230, 146<CR><LF>`t0stop crop 4 0, 0, 28, 36, 260, 146<CR><LF>`t0stop crop 4 280, 0, 28, 36, 170, 190<CR><LF>`t0stop crop 4 280, 0, 28, 36, 200, 190<CR><LF>`t0stop crop 4 280, 0, 28, 36, 230, 190<CR><LF>`t0stop crop 4 0, 0, 28, 36, 260, 190<CR><LF>`t0stop crop 4 280, 0, 28, 36, 170, 234<CR><LF>`t0stop crop 4 280, 0, 28, 36, 200, 234<CR><LF>`t0stop crop 4 280, 0, 28, 36, 230, 234<CR><LF>`t0stop crop 4 280, 0, 28, 36, 260, 234<CR><LF>`t0stop crop 4 0, 0, 28, 36, 290, 234<CR><LF>`t0stop update<CR><LF>
[2026-09-22T23:39:58.318] `t0stop PC_KEY<CR><LF>
[2026-09-22T23:39:58.430] `t0stop PC_KEY<CR><LF>
[2026-09-22T23:39:58.543] `t0stop PC_KEY<CR><LF>
[2026-09-22T23:39:58.654] `t0stop PC_KEY<CR><LF>
[2026-09-22T23:39:58.786] `t0stop PC_KEY<CR><LF>`t0stop crop 2 0, 56, 456, 28, 12, 36<CR><LF>`t0stop crop 3 0, 256, 456, 64, 12, 70<CR><LF>`t0stop crop 4 280, 0, 28, 36, 170, 146<CR><LF>`t0stop crop 4 280, 0, 28, 36, 200, 146<CR><LF>`t0stop crop 4 280, 0, 28, 36, 230, 146<CR><LF>`t0stop crop 4 0, 0, 28, 36, 260, 146<CR><LF>`t0stop crop 4 280, 0, 28, 36, 170, 190<CR><LF>`t0stop crop 4 280, 0, 28, 36, 200, 190<CR><LF>`t0stop crop 4 280, 0, 28, 36, 230, 190<CR><LF>`t0stop crop 4 0, 0, 28, 36, 260, 190<CR><LF>`t0stop crop 4 280, 0, 28, 36, 170, 234<CR><LF>`t0stop crop 4 280, 0, 28, 36, 200, 234<CR><LF>`t0stop crop 4 280, 0, 28, 36, 230, 234<CR><LF>`t0stop crop 4 280, 0, 28, 36, 260, 234<CR><LF>`t0stop crop 4 0, 0, 28, 36, 290, 234<CR><LF>`t0stop update<CR><LF>
[2026-09-22T23:39:58.882] `t0stop PC_KEY<CR><LF>
[2026-09-22T23:39:58.994] `t0stop PC_KEY<CR><LF>
[2026-09-22T23:39:59.106] `t0stop PC_KEY<CR><LF>
[2026-09-22T23:39:59.219] `t0stop PC_KEY<CR><LF>
[2026-09-22T23:39:59.350] `t0stop PC_KEY<CR><LF>`t0stop crop 2 0, 56, 456, 28, 12, 36<CR><LF>`t0stop crop 3 0, 256, 456, 64, 12, 70<CR><LF>`t0stop crop 4 280, 0, 28, 36, 170, 146<CR><LF>`t0stop crop 4 280, 0, 28, 36, 200, 146<CR><LF>`t0stop crop 4 280, 0, 28, 36, 230, 146<CR><LF>`t0stop crop 4 0, 0, 28, 36, 260, 146<CR><LF>`t0stop crop 4 280, 0, 28, 36, 170, 190<CR><LF>`t0stop crop 4 280, 0, 28, 36, 200, 190<CR><LF>`t0stop crop 4 280, 0, 28, 36, 230, 190<CR><LF>`t0stop crop 4 0, 0, 28, 36, 260, 190<CR><LF>`t0stop crop 4 280, 0, 28, 36, 170, 234<CR><LF>`t0stop crop 4 280, 0, 28, 36, 200, 234<CR><LF>`t0stop crop 4 280, 0, 28, 36, 230, 234<CR><LF>`t0stop crop 4 280, 0, 28, 36, 260, 234<CR><LF>`t0stop crop 4 0, 0, 28, 36, 290, 234<CR><LF>`t0stop update<CR><LF>
[2026-09-22T23:39:59.448] `t0stop PC_KEY<CR><LF>
[2026-09-22T23:39:59.559] `t0stop PC_KEY<CR><LF>
[2026-09-22T23:39:59.671] `t0stop PC_KEY<CR><LF>
[2026-09-22T23:39:59.782] `t0stop PC_KEY<CR><LF>
[2026-09-22T23:39:59.916] `t0stop PC_KEY<CR><LF>`t0stop crop 2 0, 56, 456, 28, 12, 36<CR><LF>`t0stop crop 3 0, 256, 456, 64, 12, 70<CR><LF>`t0stop crop 4 280, 0, 28, 36, 170, 146<CR><LF>`t0stop crop 4 280, 0, 28, 36, 200, 146<CR><LF>`t0stop crop 4 280, 0, 28, 36, 230, 146<CR><LF>`t0stop crop 4 0, 0, 28, 36, 260, 146<CR><LF>`t0stop crop 4 280, 0, 28, 36, 170, 190<CR><LF>`t0stop crop 4 280, 0, 28, 36, 200, 190<CR><LF>`t0stop crop 4 280, 0, 28, 36, 230, 190<CR><LF>`t0stop crop 4 0, 0, 28, 36, 260, 190<CR><LF>`t0stop crop 4 280, 0, 28, 36, 170, 234<CR><LF>`t0stop crop 4 280, 0, 28, 36, 200, 234<CR><LF>`t0stop crop 4 280, 0, 28, 36, 230, 234<CR><LF>`t0stop crop 4 280, 0, 28, 36, 260, 234<CR><LF>`t0stop crop 4 0, 0, 28, 36, 290, 234<CR><LF>`t0stop update<CR><LF>
[2026-09-22T23:40:00.010] `t0stop PC_KEY<CR><LF>
[2026-09-22T23:40:00.122] `t0stop PC_KEY<CR><LF>
[2026-09-22T23:40:00.235] `t0stop PC_KEY<CR><LF>
[2026-09-22T23:40:00.346] `t0stop PC_KEY<CR><LF>
[2026-09-22T23:40:00.478] `t0stop PC_KEY<CR><LF>`t0stop crop 2 0, 56, 456, 28, 12, 36<CR><LF>`t0stop crop 3 0, 256, 456, 64, 12, 70<CR><LF>`t0stop crop 4 280, 0, 28, 36, 170, 146<CR><LF>`t0stop crop 4 280, 0, 28, 36, 200, 146<CR><LF>`t0stop crop 4 280, 0, 28, 36, 230, 146<CR><LF>`t0stop crop 4 0, 0, 28, 36, 260, 146<CR><LF>`t0stop crop 4 280, 0, 28, 36, 170, 190<CR><LF>`t0stop crop 4 280, 0, 28, 36, 200, 190<CR><LF>`t0stop crop 4 280, 0, 28, 36, 230, 190<CR><LF>`t0stop crop 4 0, 0, 28, 36, 260, 190<CR><LF>`t0stop crop 4 280, 0, 28, 36, 170, 234<CR><LF>`t0stop crop 4 280, 0, 28, 36, 200, 234<CR><LF>`t0stop crop 4 280, 0, 28, 36, 230, 234<CR><LF>`t0stop crop 4 280, 0, 28, 36, 260, 234<CR><LF>`t0stop crop 4 0, 0, 28, 36, 290, 234<CR><LF>`t0stop update<CR><LF>
[2026-09-22T23:40:00.577] `t0stop PC_KEY<CR><LF>
[2026-09-22T23:40:00.689] `t0stop PC_KEY<CR><LF>
[2026-09-22T23:40:00.799] `t0stop PC_KEY<CR><LF>
[2026-09-22T23:40:00.910] `t0stop PC_KEY<CR><LF>
[2026-09-22T23:40:01.043] `t0stop PC_KEY<CR><LF>`t0stop crop 2 0, 56, 456, 28, 12, 36<CR><LF>`t0stop crop 3 0, 256, 456, 64, 12, 70<CR><LF>`t0stop crop 4 280, 0, 28, 36, 170, 146<CR><LF>`t0stop crop 4 280, 0, 28, 36, 200, 146<CR><LF>`t0stop crop 4 280, 0, 28, 36, 230, 146<CR><LF>`t0stop crop 4 0, 0, 28, 36, 260, 146<CR><LF>`t0stop crop 4 280, 0, 28, 36, 170, 190<CR><LF>`t0stop crop 4 280, 0, 28, 36, 200, 190<CR><LF>`t0stop crop 4 280, 0, 28, 36, 230, 190<CR><LF>`t0stop crop 4 0, 0, 28, 36, 260, 190<CR><LF>`t0stop crop 4 280, 0, 28, 36, 170, 234<CR><LF>`t0stop crop 4 280, 0, 28, 36, 200, 234<CR><LF>`t0stop crop 4 280, 0, 28, 36, 230, 234<CR><LF>`t0stop crop 4 280, 0, 28, 36, 260, 234<CR><LF>`t0stop crop 4 0, 0, 28, 36, 290, 234<CR><LF>`t0stop update<CR><LF>
[2026-09-22T23:40:01.139] `t0stop PC_KEY<CR><LF>
[2026-09-22T23:40:01.253] `t0stop PC_KEY<CR><LF>
[2026-09-22T23:40:01.366] `t0stop PC_KEY<CR><LF>
[2026-09-22T23:40:01.476] `t0stop PC_KEY<CR><LF>
[2026-09-22T23:40:01.609] `t0stop PC_KEY<CR><LF>`t0stop crop 2 0, 56, 456, 28, 12, 36<CR><LF>`t0stop crop 3 0, 256, 456, 64, 12, 70<CR><LF>`t0stop crop 4 280, 0, 28, 36, 170, 146<CR><LF>`t0stop crop 4 280, 0, 28, 36, 200, 146<CR><LF>`t0stop crop 4 280, 0, 28, 36, 230, 146<CR><LF>`t0stop crop 4 28, 0, 28, 36, 260, 146<CR><LF>`t0stop crop 4 280, 0, 28, 36, 170, 190<CR><LF>`t0stop crop 4 280, 0, 28, 36, 200, 190<CR><LF>`t0stop crop 4 280, 0, 28, 36, 230, 190<CR><LF>`t0stop crop 4 0, 0, 28, 36, 260, 190<CR><LF>`t0stop crop 4 280, 0, 28, 36, 170, 234<CR><LF>`t0stop crop 4 280, 0, 28, 36, 200, 234<CR><LF>`t0stop crop 4 280, 0, 28, 36, 230, 234<CR><LF>`t0stop crop 4 280, 0, 28, 36, 260, 234<CR><LF>`t0stop crop 4 0, 0, 28, 36, 290, 234<CR><LF>`t0stop update<CR><LF>
[2026-09-22T23:40:01.705] `t0stop PC_KEY<CR><LF>
[2026-09-22T23:40:01.819] `t0stop PC_KEY<CR><LF>
[2026-09-22T23:40:01.928] `t0stop PC_KEY<CR><LF>
[2026-09-22T23:40:02.040] `t0stop PC_KEY<CR><LF>
[2026-09-22T23:40:02.174] `t0stop PC_KEY<CR><LF>`t0stop crop 2 0, 56, 456, 28, 12, 36<CR><LF>`t0stop crop 3 0, 256, 456, 64, 12, 70<CR><LF>`t0stop crop 4 280, 0, 28, 36, 170, 146<CR><LF>`t0stop crop 4 280, 0, 28, 36, 200, 146<CR><LF>`t0stop crop 4 280, 0, 28, 36, 230, 146<CR><LF>`t0stop crop 4 224, 0, 28, 36, 260, 146<CR><LF>`t0stop crop 4 280, 0, 28, 36, 170, 190<CR><LF>`t0stop crop 4 280, 0, 28, 36, 200, 190<CR><LF>`t0stop crop 4 280, 0, 28, 36, 230, 190<CR><LF>`t0stop crop 4 0, 0, 28, 36, 260, 190<CR><LF>`t0stop crop 4 280, 0, 28, 36, 170, 234<CR><LF>`t0stop crop 4 280, 0, 28, 36, 200, 234<CR><LF>`t0stop crop 4 280, 0, 28, 36, 230, 234<CR><LF>`t0stop crop 4 280, 0, 28, 36, 260, 234<CR><LF>`t0stop crop 4 0, 0, 28, 36, 290, 234<CR><LF>`t0stop update<CR><LF>
[2026-09-22T23:40:02.269] `t0stop PC_KEY<CR><LF>
[2026-09-22T23:40:02.379] `t0stop PC_KEY<CR><LF>
[2026-09-22T23:40:02.492] `t0stop PC_KEY<CR><LF>
[2026-09-22T23:40:02.604] `t0stop PC_KEY<CR><LF>
[2026-09-22T23:40:02.735] `t0stop PC_KEY<CR><LF>`t0stop crop 2 0, 56, 456, 28, 12, 36<CR><LF>`t0stop crop 3 0, 256, 456, 64, 12, 70<CR><LF>`t0stop crop 4 280, 0, 28, 36, 170, 146<CR><LF>`t0stop crop 4 280, 0, 28, 36, 200, 146<CR><LF>`t0stop crop 4 28, 0, 28, 36, 230, 146<CR><LF>`t0stop crop 4 56, 0, 28, 36, 260, 146<CR><LF>`t0stop crop 4 280, 0, 28, 36, 170, 190<CR><LF>`t0stop crop 4 280, 0, 28, 36, 200, 190<CR><LF>`t0stop crop 4 280, 0, 28, 36, 230, 190<CR><LF>`t0stop crop 4 0, 0, 28, 36, 260, 190<CR><LF>`t0stop crop 4 280, 0, 28, 36, 170, 234<CR><LF>`t0stop crop 4 280, 0, 28, 36, 200, 234<CR><LF>`t0stop crop 4 280, 0, 28, 36, 230, 234<CR><LF>`t0stop crop 4 280, 0, 28, 36, 260, 234<CR><LF>`t0stop crop 4 0, 0, 28, 36, 290, 234<CR><LF>`t0stop update<CR><LF>
[2026-09-22T23:40:02.834] `t0stop PC_KEY<CR><LF>
[2026-09-22T23:40:02.944] `t0stop PC_KEY<CR><LF>
[2026-09-22T23:40:03.056] `t0stop PC_KEY<CR><LF>
[2026-09-22T23:40:03.169] `t0stop PC_KEY<CR><LF>
[2026-09-22T23:40:03.300] `t0stop PC_KEY<CR><LF>`t0stop crop 2 0, 56, 456, 28, 12, 36<CR><LF>`t0stop crop 3 0, 256, 456, 64, 12, 70<CR><LF>`t0stop crop 4 280, 0, 28, 36, 170, 146<CR><LF>`t0stop crop 4 280, 0, 28, 36, 200, 146<CR><LF>`t0stop crop 4 28, 0, 28, 36, 230, 146<CR><LF>`t0stop crop 4 196, 0, 28, 36, 260, 146<CR><LF>`t0stop crop 4 280, 0, 28, 36, 170, 190<CR><LF>`t0stop crop 4 280, 0, 28, 36, 200, 190<CR><LF>`t0stop crop 4 280, 0, 28, 36, 230, 190<CR><LF>`t0stop crop 4 0, 0, 28, 36, 260, 190<CR><LF>`t0stop crop 4 280, 0, 28, 36, 170, 234<CR><LF>`t0stop crop 4 280, 0, 28, 36, 200, 234<CR><LF>`t0stop crop 4 280, 0, 28, 36, 230, 234<CR><LF>`t0stop crop 4 280, 0, 28, 36, 260, 234<CR><LF>`t0stop crop 4 0, 0, 28, 36, 290, 234<CR><LF>`t0stop update<CR><LF>
[2026-09-22T23:40:03.397] `t0stop PC_KEY<CR><LF>
[2026-09-22T23:40:03.510] `t0stop PC_KEY<CR><LF>
[2026-09-22T23:40:03.620] `t0stop PC_KEY<CR><LF>
[2026-09-22T23:40:03.733] `t0stop PC_KEY<CR><LF>
[2026-09-22T23:40:03.865] `t0stop PC_KEY<CR><LF>`t0stop crop 2 0, 56, 456, 28, 12, 36<CR><LF>`t0stop crop 3 0, 256, 456, 64, 12, 70<CR><LF>`t0stop crop 4 280, 0, 28, 36, 170, 146<CR><LF>`t0stop crop 4 280, 0, 28, 36, 200, 146<CR><LF>`t0stop crop 4 56, 0, 28, 36, 230, 146<CR><LF>`t0stop crop 4 224, 0, 28, 36, 260, 146<CR><LF>`t0stop crop 4 280, 0, 28, 36, 170, 190<CR><LF>`t0stop crop 4 280, 0, 28, 36, 200, 190<CR><LF>`t0stop crop 4 280, 0, 28, 36, 230, 190<CR><LF>`t0stop crop 4 0, 0, 28, 36, 260, 190<CR><LF>`t0stop crop 4 280, 0, 28, 36, 170, 234<CR><LF>`t0stop crop 4 280, 0, 28, 36, 200, 234<CR><LF>`t0stop crop 4 280, 0, 28, 36, 230, 234<CR><LF>`t0stop crop 4 280, 0, 28, 36, 260, 234<CR><LF>`t0stop crop 4 0, 0, 28, 36, 290, 234<CR><LF>`t0stop update<CR><LF>
[2026-09-22T23:40:03.961] `t0stop PC_KEY<CR><LF>
[2026-09-22T23:40:04.073] `t0stop PC_KEY<CR><LF>
[2026-09-22T23:40:04.184] `t0stop PC_KEY<CR><LF>
[2026-09-22T23:40:04.297] `t0stop PC_KEY<CR><LF>
[2026-09-22T23:40:04.429] `t0stop PC_KEY<CR><LF>`t0stop crop 2 0, 56, 456, 28, 12, 36<CR><LF>`t0stop crop 3 0, 256, 456, 64, 12, 70<CR><LF>`t0stop crop 4 280, 0, 28, 36, 170, 146<CR><LF>`t0stop crop 4 280, 0, 28, 36, 200, 146<CR><LF>`t0stop crop 4 84, 0, 28, 36, 230, 146<CR><LF>`t0stop crop 4 140, 0, 28, 36, 260, 146<CR><LF>`t0stop crop 4 280, 0, 28, 36, 170, 190<CR><LF>`t0stop crop 4 280, 0, 28, 36, 200, 190<CR><LF>`t0stop crop 4 280, 0, 28, 36, 230, 190<CR><LF>`t0stop crop 4 0, 0, 28, 36, 260, 190<CR><LF>`t0stop crop 4 280, 0, 28, 36, 170, 234<CR><LF>`t0stop crop 4 280, 0, 28, 36, 200, 234<CR><LF>`t0stop crop 4 280, 0, 28, 36, 230, 234<CR><LF>`t0stop crop 4 280, 0, 28, 36, 260, 234<CR><LF>`t0stop crop 4 0, 0, 28, 36, 290, 234<CR><LF>`t0stop update<CR><LF>
[2026-09-22T23:40:04.525] `t0stop PC_KEY<CR><LF>
[2026-09-22T23:40:04.637] `t0stop PC_KEY<CR><LF>
[2026-09-22T23:40:04.753] `t0stop PC_KEY<CR><LF>
[2026-09-22T23:40:04.861] `t0stop PC_KEY<CR><LF>
[2026-09-22T23:40:04.994] `t0stop PC_KEY<CR><LF>`t0stop crop 2 0, 56, 456, 28, 12, 36<CR><LF>`t0stop crop 3 0, 256, 456, 64, 12, 70<CR><LF>`t0stop crop 4 280, 0, 28, 36, 170, 146<CR><LF>`t0stop crop 4 280, 0, 28, 36, 200, 146<CR><LF>`t0stop crop 4 112, 0, 28, 36, 230, 146<CR><LF>`t0stop crop 4 84, 0, 28, 36, 260, 146<CR><LF>`t0stop crop 4 280, 0, 28, 36, 170, 190<CR><LF>`t0stop crop 4 280, 0, 28, 36, 200, 190<CR><LF>`t0stop crop 4 280, 0, 28, 36, 230, 190<CR><LF>`t0stop crop 4 0, 0, 28, 36, 260, 190<CR><LF>`t0stop crop 4 280, 0, 28, 36, 170, 234<CR><LF>`t0stop crop 4 280, 0, 28, 36, 200, 234<CR><LF>`t0stop crop 4 280, 0, 28, 36, 230, 234<CR><LF>`t0stop crop 4 280, 0, 28, 36, 260, 234<CR><LF>`t0stop crop 4 0, 0, 28, 36, 290, 234<CR><LF>`t0stop update<CR><LF>
[2026-09-22T23:40:05.090] `t0stop PC_KEY<CR><LF>
[2026-09-22T23:40:05.203] `t0stop PC_KEY<CR><LF>
[2026-09-22T23:40:05.314] `t0stop PC_KEY<CR><LF>
[2026-09-22T23:40:05.426] `t0stop PC_KEY<CR><LF>
[2026-09-22T23:40:05.559] `t0stop PC_KEY<CR><LF>`t0stop crop 2 0, 56, 456, 28, 12, 36<CR><LF>`t0stop crop 3 0, 256, 456, 64, 12, 70<CR><LF>`t0stop crop 4 280, 0, 28, 36, 170, 146<CR><LF>`t0stop crop 4 280, 0, 28, 36, 200, 146<CR><LF>`t0stop crop 4 168, 0, 28, 36, 230, 146<CR><LF>`t0stop crop 4 0, 0, 28, 36, 260, 146<CR><LF>`t0stop crop 4 280, 0, 28, 36, 170, 190<CR><LF>`t0stop crop 4 280, 0, 28, 36, 200, 190<CR><LF>`t0stop crop 4 280, 0, 28, 36, 230, 190<CR><LF>`t0stop crop 4 0, 0, 28, 36, 260, 190<CR><LF>`t0stop crop 4 280, 0, 28, 36, 170, 234<CR><LF>`t0stop crop 4 280, 0, 28, 36, 200, 234<CR><LF>`t0stop crop 4 280, 0, 28, 36, 230, 234<CR><LF>`t0stop crop 4 280, 0, 28, 36, 260, 234<CR><LF>`t0stop crop 4 0, 0, 28, 36, 290, 234<CR><LF>`t0stop update<CR><LF>
[2026-09-22T23:40:05.655] `t0stop PC_KEY<CR><LF>
[2026-09-22T23:40:05.765] `t0stop PC_KEY<CR><LF>
[2026-09-22T23:40:05.877] `t0stop PC_KEY<CR><LF>
[2026-09-22T23:40:05.990] `t0stop PC_KEY<CR><LF>
[2026-09-22T23:40:06.122] `t0stop PC_KEY<CR><LF>`t0stop crop 2 0, 56, 456, 28, 12, 36<CR><LF>`t0stop crop 3 0, 256, 456, 64, 12, 70<CR><LF>`t0stop crop 4 280, 0, 28, 36, 170, 146<CR><LF>`t0stop crop 4 280, 0, 28, 36, 200, 146<CR><LF>`t0stop crop 4 196, 0, 28, 36, 230, 146<CR><LF>`t0stop crop 4 0, 0, 28, 36, 260, 146<CR><LF>`t0stop crop 4 280, 0, 28, 36, 170, 190<CR><LF>`t0stop crop 4 280, 0, 28, 36, 200, 190<CR><LF>`t0stop crop 4 280, 0, 28, 36, 230, 190<CR><LF>`t0stop crop 4 0, 0, 28, 36, 260, 190<CR><LF>`t0stop crop 4 280, 0, 28, 36, 170, 234<CR><LF>`t0stop crop 4 280, 0, 28, 36, 200, 234<CR><LF>`t0stop crop 4 280, 0, 28, 36, 230, 234<CR><LF>`t0stop crop 4 280, 0, 28, 36, 260, 234<CR><LF>`t0stop crop 4 0, 0, 28, 36, 290, 234<CR><LF>`t0stop update<CR><LF>
[2026-09-22T23:40:06.218] `t0stop PC_KEY<CR><LF>
[2026-09-22T23:40:06.329] `t0stop PC_KEY<CR><LF>
[2026-09-22T23:40:06.442] `t0stop PC_KEY<CR><LF>
[2026-09-22T23:40:06.554] `t0stop PC_KEY<CR><LF>
[2026-09-22T23:40:06.685] `t0stop PC_KEY<CR><LF>`t0stop crop 2 0, 56, 456, 28, 12, 36<CR><LF>`t0stop crop 3 0, 256, 456, 64, 12, 70<CR><LF>`t0stop crop 4 280, 0, 28, 36, 170, 146<CR><LF>`t0stop crop 4 280, 0, 28, 36, 200, 146<CR><LF>`t0stop crop 4 196, 0, 28, 36, 230, 146<CR><LF>`t0stop crop 4 224, 0, 28, 36, 260, 146<CR><LF>`t0stop crop 4 280, 0, 28, 36, 170, 190<CR><LF>`t0stop crop 4 280, 0, 28, 36, 200, 190<CR><LF>`t0stop crop 4 280, 0, 28, 36, 230, 190<CR><LF>`t0stop crop 4 0, 0, 28, 36, 260, 190<CR><LF>`t0stop crop 4 280, 0, 28, 36, 170, 234<CR><LF>`t0stop crop 4 280, 0, 28, 36, 200, 234<CR><LF>`t0stop crop 4 280, 0, 28, 36, 230, 234<CR><LF>`t0stop crop 4 280, 0, 28, 36, 260, 234<CR><LF>`t0stop crop 4 0, 0, 28, 36, 290, 234<CR><LF>`t0stop update<CR><LF>
[2026-09-22T23:40:06.783] `t0stop PC_KEY<CR><LF>
[2026-09-22T23:40:06.895] `t0stop PC_KEY<CR><LF>
[2026-09-22T23:40:07.009] `t0stop PC_KEY<CR><LF>
[2026-09-22T23:40:07.119] `t0stop PC_KEY<CR><LF>
[2026-09-22T23:40:07.251] `t0stop PC_KEY<CR><LF>`t0stop crop 2 0, 56, 456, 28, 12, 36<CR><LF>`t0stop crop 3 0, 256, 456, 64, 12, 70<CR><LF>`t0stop crop 4 280, 0, 28, 36, 170, 146<CR><LF>`t0stop crop 4 280, 0, 28, 36, 200, 146<CR><LF>`t0stop crop 4 252, 0, 28, 36, 230, 146<CR><LF>`t0stop crop 4 112, 0, 28, 36, 260, 146<CR><LF>`t0stop crop 4 280, 0, 28, 36, 170, 190<CR><LF>`t0stop crop 4 280, 0, 28, 36, 200, 190<CR><LF>`t0stop crop 4 280, 0, 28, 36, 230, 190<CR><LF>`t0stop crop 4 0, 0, 28, 36, 260, 190<CR><LF>`t0stop crop 4 280, 0, 28, 36, 170, 234<CR><LF>`t0stop crop 4 280, 0, 28, 36, 200, 234<CR><LF>`t0stop crop 4 280, 0, 28, 36, 230, 234<CR><LF>`t0stop crop 4 280, 0, 28, 36, 260, 234<CR><LF>`t0stop crop 4 0, 0, 28, 36, 290, 234<CR><LF>`t0stop update<CR><LF>
[2026-09-22T23:40:07.346] `t0stop PC_KEY<CR><LF>
[2026-09-22T23:40:07.458] `t0stop PC_KEY<CR><LF>
[2026-09-22T23:40:07.570] `t0stop PC_KEY<CR><LF>
[2026-09-22T23:40:07.683] `t0stop PC_KEY<CR><LF>
[2026-09-22T23:40:07.814] `t0stop PC_KEY<CR><LF>`t0stop crop 2 0, 56, 456, 28, 12, 36<CR><LF>`t0stop crop 3 0, 256, 456, 64, 12, 70<CR><LF>`t0stop crop 4 280, 0, 28, 36, 170, 146<CR><LF>`t0stop crop 4 280, 0, 28, 36, 200, 146<CR><LF>`t0stop crop 4 252, 0, 28, 36, 230, 146<CR><LF>`t0stop crop 4 252, 0, 28, 36, 260, 146<CR><LF>`t0stop crop 4 280, 0, 28, 36, 170, 190<CR><LF>`t0stop crop 4 280, 0, 28, 36, 200, 190<CR><LF>`t0stop crop 4 280, 0, 28, 36, 230, 190<CR><LF>`t0stop crop 4 0, 0, 28, 36, 260, 190<CR><LF>`t0stop crop 4 280, 0, 28, 36, 170, 234<CR><LF>`t0stop crop 4 280, 0, 28, 36, 200, 234<CR><LF>`t0stop crop 4 280, 0, 28, 36, 230, 234<CR><LF>`t0stop crop 4 280, 0, 28, 36, 260, 234<CR><LF>`t0stop crop 4 0, 0, 28, 36, 290, 234<CR><LF>`t0stop update<CR><LF>
[2026-09-22T23:40:07.911] `t0stop PC_KEY<CR><LF>
[2026-09-22T23:40:08.025] `t0stop PC_KEY<CR><LF>
[2026-09-22T23:40:08.135] `t0stop PC_KEY<CR><LF>
[2026-09-22T23:40:08.247] `t0stop PC_KEY<CR><LF>
[2026-09-22T23:40:08.379] `t0stop PC_KEY<CR><LF>`t0stop crop 2 0, 56, 456, 28, 12, 36<CR><LF>`t0stop crop 3 0, 256, 456, 64, 12, 70<CR><LF>`t0stop crop 4 280, 0, 28, 36, 170, 146<CR><LF>`t0stop crop 4 28, 0, 28, 36, 200, 146<CR><LF>`t0stop crop 4 28, 0, 28, 36, 230, 146<CR><LF>`t0stop crop 4 112, 0, 28, 36, 260, 146<CR><LF>`t0stop crop 4 280, 0, 28, 36, 170, 190<CR><LF>`t0stop crop 4 280, 0, 28, 36, 200, 190<CR><LF>`t0stop crop 4 280, 0, 28, 36, 230, 190<CR><LF>`t0stop crop 4 0, 0, 28, 36, 260, 190<CR><LF>`t0stop crop 4 280, 0, 28, 36, 170, 234<CR><LF>`t0stop crop 4 280, 0, 28, 36, 200, 234<CR><LF>`t0stop crop 4 280, 0, 28, 36, 230, 234<CR><LF>`t0stop crop 4 280, 0, 28, 36, 260, 234<CR><LF>`t0stop crop 4 0, 0, 28, 36, 290, 234<CR><LF>`t0stop update<CR><LF>
[2026-09-22T23:40:08.475] `t0stop PC_KEY<CR><LF>
[2026-09-22T23:40:08.587] `t0stop PC_KEY<CR><LF>
[2026-09-22T23:40:08.702] `t0stop PC_KEY<CR><LF>
[2026-09-22T23:40:08.811] `t0stop PC_KEY<CR><LF>
[2026-09-22T23:40:08.943] `t0stop PC_KEY<CR><LF>`t0stop crop 2 0, 56, 456, 28, 12, 36<CR><LF>`t0stop crop 3 0, 256, 456, 64, 12, 70<CR><LF>`t0stop crop 4 280, 0, 28, 36, 170, 146<CR><LF>`t0stop crop 4 28, 0, 28, 36, 200, 146<CR><LF>`t0stop crop 4 28, 0, 28, 36, 230, 146<CR><LF>`t0stop crop 4 112, 0, 28, 36, 260, 146<CR><LF>`t0stop crop 4 280, 0, 28, 36, 170, 190<CR><LF>`t0stop crop 4 280, 0, 28, 36, 200, 190<CR><LF>`t0stop crop 4 280, 0, 28, 36, 230, 190<CR><LF>`t0stop crop 4 0, 0, 28, 36, 260, 190<CR><LF>`t0stop crop 4 280, 0, 28, 36, 170, 234<CR><LF>`t0stop crop 4 280, 0, 28, 36, 200, 234<CR><LF>`t0stop crop 4 280, 0, 28, 36, 230, 234<CR><LF>`t0stop crop 4 280, 0, 28, 36, 260, 234<CR><LF>`t0stop crop 4 0, 0, 28, 36, 290, 234<CR><LF>`t0stop update<CR><LF>
[2026-09-22T23:40:09.041] `t0stop PC_KEY<CR><LF>
[2026-09-22T23:40:09.155] `t0stop PC_KEY<CR><LF>
[2026-09-22T23:40:09.264] `t0stop PC_KEY<CR><LF>
[2026-09-22T23:40:09.378] `t0stop PC_KEY<CR><LF>
[2026-09-22T23:40:09.508] `t0stop PC_KEY<CR><LF>`t0stop crop 2 0, 56, 456, 28, 12, 36<CR><LF>`t0stop crop 3 0, 256, 456, 64, 12, 70<CR><LF>`t0stop crop 4 280, 0, 28, 36, 170, 146<CR><LF>`t0stop crop 4 28, 0, 28, 36, 200, 146<CR><LF>`t0stop crop 4 28, 0, 28, 36, 230, 146<CR><LF>`t0stop crop 4 112, 0, 28, 36, 260, 146<CR><LF>`t0stop crop 4 280, 0, 28, 36, 170, 190<CR><LF>`t0stop crop 4 280, 0, 28, 36, 200, 190<CR><LF>`t0stop crop 4 280, 0, 28, 36, 230, 190<CR><LF>`t0stop crop 4 0, 0, 28, 36, 260, 190<CR><LF>`t0stop crop 4 280, 0, 28, 36, 170, 234<CR><LF>`t0stop crop 4 280, 0, 28, 36, 200, 234<CR><LF>`t0stop crop 4 280, 0, 28, 36, 230, 234<CR><LF>`t0stop crop 4 280, 0, 28, 36, 260, 234<CR><LF>`t0stop crop 4 0, 0, 28, 36, 290, 234<CR><LF>`t0stop update<CR><LF>
[2026-09-22T23:40:09.604] `t0stop PC_KEY<CR><LF>
[2026-09-22T23:40:09.717] `t0stop PC_KEY<CR><LF>
[2026-09-22T23:40:09.829] `t0stop PC_KEY<CR><LF>
[2026-09-22T23:40:09.939] `t0stop PC_KEY<CR><LF>
[2026-09-22T23:40:10.071] `t0stop PC_KEY<CR><LF>`t0stop crop 2 0, 56, 456, 28, 12, 36<CR><LF>`t0stop crop 3 0, 256, 456, 64, 12, 70<CR><LF>`t0stop crop 4 280, 0, 28, 36, 170, 146<CR><LF>`t0stop crop 4 28, 0, 28, 36, 200, 146<CR><LF>`t0stop crop 4 28, 0, 28, 36, 230, 146<CR><LF>`t0stop crop 4 112, 0, 28, 36, 260, 146<CR><LF>`t0stop crop 4 280, 0, 28, 36, 170, 190<CR><LF>`t0stop crop 4 280, 0, 28, 36, 200, 190<CR><LF>`t0stop crop 4 280, 0, 28, 36, 230, 190<CR><LF>`t0stop crop 4 0, 0, 28, 36, 260, 190<CR><LF>`t0stop crop 4 280, 0, 28, 36, 170, 234<CR><LF>`t0stop crop 4 280, 0, 28, 36, 200, 234<CR><LF>`t0stop crop 4 280, 0, 28, 36, 230, 234<CR><LF>`t0stop crop 4 280, 0, 28, 36, 260, 234<CR><LF>`t0stop crop 4 0, 0, 28, 36, 290, 234<CR><LF>`t0stop update<CR><LF>
[2026-09-22T23:40:10.168] `t0stop PC_KEY<CR><LF>
[2026-09-22T23:40:10.282] `t0stop PC_KEY<CR><LF>
[2026-09-22T23:40:10.392] `t0stop PC_KEY<CR><LF>
[2026-09-22T23:40:10.504] `t0stop PC_KEY<CR><LF>
[2026-09-22T23:40:10.638] `t0stop PC_KEY<CR><LF>`t0stop crop 2 0, 56, 456, 28, 12, 36<CR><LF>`t0stop crop 3 0, 256, 456, 64, 12, 70<CR><LF>`t0stop crop 4 280, 0, 28, 36, 170, 146<CR><LF>`t0stop crop 4 28, 0, 28, 36, 200, 146<CR><LF>`t0stop crop 4 28, 0, 28, 36, 230, 146<CR><LF>`t0stop crop 4 112, 0, 28, 36, 260, 146<CR><LF>`t0stop crop 4 280, 0, 28, 36, 170, 190<CR><LF>`t0stop crop 4 280, 0, 28, 36, 200, 190<CR><LF>`t0stop crop 4 280, 0, 28, 36, 230, 190<CR><LF>`t0stop crop 4 0, 0, 28, 36, 260, 190<CR><LF>`t0stop crop 4 280, 0, 28, 36, 170, 234<CR><LF>`t0stop crop 4 280, 0, 28, 36, 200, 234<CR><LF>`t0stop crop 4 280, 0, 28, 36, 230, 234<CR><LF>`t0stop crop 4 280, 0, 28, 36, 260, 234<CR><LF>`t0stop crop 4 0, 0, 28, 36, 290, 234<CR><LF>`t0stop update<CR><LF>
[2026-09-22T23:40:10.732] `t0stop PC_KEY<CR><LF>
[2026-09-22T23:40:10.815] `t0stop PC_KEY<CR><LF>`t0stop crop 2 0, 56, 456, 28, 12, 36<CR><LF>`t0stop crop 3 0, 320, 456, 64, 12, 70<CR><LF>`t0stop crop 4 280, 0, 28, 36, 170, 146<CR><LF>`t0stop crop 4 28, 0, 28, 36, 200, 146<CR><LF>`t0stop crop 4 28, 0, 28, 36, 230, 146<CR><LF>`t0stop crop 4 112, 0, 28, 36, 260, 146<CR><LF>`t0stop crop 4 280, 0, 28, 36, 170, 190<CR><LF>`t0stop crop 4 280, 0, 28, 36, 200, 190<CR><LF>`t0stop crop 4 280, 0, 28, 36, 230, 190<CR><LF>`t0stop crop 4 0, 0, 28, 36, 260, 190<CR><LF>`t0stop crop 4 280, 0, 28, 36, 170, 234<CR><LF>`t0stop crop 4 280, 0, 28, 36, 200, 234<CR><LF>`t0stop crop 4 280, 0, 28, 36, 230, 234<CR><LF>`t0stop crop 4 280, 0, 28, 36, 260, 234<CR><LF>`t0stop crop 4 0, 0, 28, 36, 290, 234<CR><LF>`t0stop update<CR><LF>Cog0  T0-24,row,2,released,hand_ticks,114,release_span_ms,199
[2026-09-22T23:40:11.198] Cog0  T0-24,row,2,coast,after_ticks,0,after_ms,0,half_ms,0
[2026-09-22T23:40:11.201] Cog0  T0-24,row,2,set_up,TRUE,hand_ticks,114,after_ticks,0,after_ms,0,half_ms,0,release_span_ms,199,still_faulted,FALSE,protective,0,measured,TRUE
[2026-09-22T23:40:11.208] `t0stop crop 2 0, 56, 456, 28, 12, 36<CR><LF>`t0stop crop 3 0, 384, 456, 64, 12, 70<CR><LF>`t0stop crop 4 280, 0, 28, 36, 170, 146<CR><LF>`t0stop crop 4 28, 0, 28, 36, 200, 146<CR><LF>`t0stop crop 4 28, 0, 28, 36, 230, 146<CR><LF>`t0stop crop 4 112, 0, 28, 36, 260, 146<CR><LF>`t0stop crop 4 280, 0, 28, 36, 170, 190<CR><LF>`t0stop crop 4 280, 0, 28, 36, 200, 190<CR><LF>`t0stop crop 4 280, 0, 28, 36, 230, 190<CR><LF>`t0stop crop 4 0, 0, 28, 36, 260, 190<CR><LF>`t0stop crop 4 280, 0, 28, 36, 170, 234<CR><LF>`t0stop crop 4 280, 0, 28, 36, 200, 234<CR><LF>`t0stop crop 4 280, 0, 28, 36, 230, 234<CR><LF>`t0stop crop 4 280, 0, 28, 36, 260, 234<CR><LF>`t0stop crop 4 0, 0, 28, 36, 290, 234<CR><LF>`t0stop update<CR><LF>`t0stop crop 2 0, 84, 456, 28, 12, 36<CR><LF>`t0stop crop 3 0, 0, 456, 64, 12, 70<CR><LF>`t0stop crop 4 280, 0, 28, 36, 170, 146<CR><LF>`t0stop crop 4 280, 0, 28, 36, 200, 146<CR><LF>`t0stop crop 4 280, 0, 28, 36, 230, 146<CR><LF>`t0stop crop 4 0, 0, 28, 36, 260, 146<CR><LF>`t0stop crop 4 280, 0, 28, 36, 170, 190<CR><LF>`t0stop crop 4 280, 0, 28, 36, 200, 190<CR><LF>`t0stop crop 4 280, 0, 28, 36, 230, 190<CR><LF>`t0stop crop 4 0, 0, 28, 36, 260, 190<CR><LF>`t0stop crop 4 280, 0, 28, 36, 170, 234<CR><LF>`t0stop crop 4 280, 0, 28, 36, 200, 234<CR><LF>`t0stop crop 4 280, 0, 28, 36, 230, 234<CR><LF>`t0stop crop 4 280, 0, 28, 36, 260, 234<CR><LF>`t0stop crop 4 0, 0, 28, 36, 290, 234<CR><LF>`t0stop update<CR><LF>Cog0  T0-24,row,3,arm,prediction,SPINS_FREELY_AND_COASTS,asking_for,SPIN_IT_BRISKLY_LET_GO_AND_PRESS_SPACE_AS_YOU_LET_GO,prompt,press_S_when_ready
[2026-09-22T23:40:11.273] `t0stop PC_KEY<CR><LF>
[2026-09-22T23:40:11.337] `t0stop PC_KEY<CR><LF>
[2026-09-22T23:40:11.401] `t0stop PC_KEY<CR><LF>
[2026-09-22T23:40:11.465] `t0stop PC_KEY<CR><LF>
[2026-09-22T23:40:11.529] `t0stop PC_KEY<CR><LF>
[2026-09-22T23:40:11.593] `t0stop PC_KEY<CR><LF>
[2026-09-22T23:40:11.658] `t0stop PC_KEY<CR><LF>
[2026-09-22T23:40:11.722] `t0stop PC_KEY<CR><LF>
[2026-09-22T23:40:11.787] `t0stop PC_KEY<CR><LF>
[2026-09-22T23:40:11.850] `t0stop PC_KEY<CR><LF>
[2026-09-22T23:40:11.914] `t0stop PC_KEY<CR><LF>
[2026-09-22T23:40:11.978] `t0stop PC_KEY<CR><LF>
[2026-09-22T23:40:12.041] `t0stop PC_KEY<CR><LF>
[2026-09-22T23:40:12.106] `t0stop PC_KEY<CR><LF>
[2026-09-22T23:40:12.170] `t0stop PC_KEY<CR><LF>
[2026-09-22T23:40:12.235] `t0stop PC_KEY<CR><LF>
[2026-09-22T23:40:12.298] `t0stop PC_KEY<CR><LF>
[2026-09-22T23:40:12.364] `t0stop PC_KEY<CR><LF>
[2026-09-22T23:40:12.429] `t0stop PC_KEY<CR><LF>
[2026-09-22T23:40:12.492] `t0stop PC_KEY<CR><LF>
[2026-09-22T23:40:12.555] `t0stop PC_KEY<CR><LF>
[2026-09-22T23:40:12.618] `t0stop PC_KEY<CR><LF>
[2026-09-22T23:40:12.682] `t0stop PC_KEY<CR><LF>
[2026-09-22T23:40:12.747] `t0stop PC_KEY<CR><LF>
[2026-09-22T23:40:12.810] `t0stop PC_KEY<CR><LF>
[2026-09-22T23:40:12.875] `t0stop PC_KEY<CR><LF>
[2026-09-22T23:40:12.938] `t0stop PC_KEY<CR><LF>
[2026-09-22T23:40:13.003] `t0stop PC_KEY<CR><LF>
[2026-09-22T23:40:13.067] `t0stop PC_KEY<CR><LF>
[2026-09-22T23:40:13.131] `t0stop PC_KEY<CR><LF>
[2026-09-22T23:40:13.194] `t0stop PC_KEY<CR><LF>
[2026-09-22T23:40:13.258] `t0stop PC_KEY<CR><LF>
[2026-09-22T23:40:13.322] `t0stop PC_KEY<CR><LF>
[2026-09-22T23:40:13.386] `t0stop PC_KEY<CR><LF>
[2026-09-22T23:40:13.450] `t0stop PC_KEY<CR><LF>
[2026-09-22T23:40:13.514] `t0stop PC_KEY<CR><LF>
[2026-09-22T23:40:13.581] `t0stop PC_KEY<CR><LF>
[2026-09-22T23:40:13.644] `t0stop PC_KEY<CR><LF>
[2026-09-22T23:40:13.707] `t0stop PC_KEY<CR><LF>
[2026-09-22T23:40:13.771] `t0stop PC_KEY<CR><LF>
[2026-09-22T23:40:13.838] `t0stop PC_KEY<CR><LF>
[2026-09-22T23:40:13.901] `t0stop PC_KEY<CR><LF>
[2026-09-22T23:40:13.963] `t0stop PC_KEY<CR><LF>
[2026-09-22T23:40:14.027] `t0stop PC_KEY<CR><LF>
[2026-09-22T23:40:14.091] `t0stop PC_KEY<CR><LF>
[2026-09-22T23:40:14.159] `t0stop PC_KEY<CR><LF>
[2026-09-22T23:40:14.221] `t0stop PC_KEY<CR><LF>
[2026-09-22T23:40:14.286] `t0stop PC_KEY<CR><LF>
[2026-09-22T23:40:14.348] `t0stop PC_KEY<CR><LF>
[2026-09-22T23:40:14.413] `t0stop PC_KEY<CR><LF>
[2026-09-22T23:40:14.477] `t0stop PC_KEY<CR><LF>
[2026-09-22T23:40:14.540] `t0stop PC_KEY<CR><LF>
[2026-09-22T23:40:14.603] `t0stop PC_KEY<CR><LF>
[2026-09-22T23:40:14.666] `t0stop PC_KEY<CR><LF>
[2026-09-22T23:40:14.730] `t0stop PC_KEY<CR><LF>
[2026-09-22T23:40:14.795] `t0stop PC_KEY<CR><LF>
[2026-09-22T23:40:14.862] `t0stop PC_KEY<CR><LF>
[2026-09-22T23:40:14.922] `t0stop PC_KEY<CR><LF>
[2026-09-22T23:40:14.988] `t0stop PC_KEY<CR><LF>
[2026-09-22T23:40:15.052] `t0stop PC_KEY<CR><LF>
[2026-09-22T23:40:15.115] `t0stop PC_KEY<CR><LF>
[2026-09-22T23:40:15.181] `t0stop PC_KEY<CR><LF>
[2026-09-22T23:40:15.247] `t0stop PC_KEY<CR><LF>
[2026-09-22T23:40:15.310] `t0stop PC_KEY<CR><LF>
[2026-09-22T23:40:15.372] `t0stop PC_KEY<CR><LF>
[2026-09-22T23:40:15.437] `t0stop PC_KEY<CR><LF>
[2026-09-22T23:40:15.502] `t0stop PC_KEY<CR><LF>
[2026-09-22T23:40:15.564] `t0stop PC_KEY<CR><LF>
[2026-09-22T23:40:15.629] `t0stop PC_KEY<CR><LF>
[2026-09-22T23:40:15.692] `t0stop PC_KEY<CR><LF>
[2026-09-22T23:40:15.757] `t0stop PC_KEY<CR><LF>
[2026-09-22T23:40:15.824] `t0stop PC_KEY<CR><LF>
[2026-09-22T23:40:15.884] `t0stop PC_KEY<CR><LF>
[2026-09-22T23:40:15.948] `t0stop PC_KEY<CR><LF>
[2026-09-22T23:40:16.014] `t0stop PC_KEY<CR><LF>
[2026-09-22T23:40:16.076] `t0stop PC_KEY<CR><LF>
[2026-09-22T23:40:16.140] `t0stop PC_KEY<CR><LF>
[2026-09-22T23:40:16.206] `t0stop PC_KEY<CR><LF>
[2026-09-22T23:40:16.268] `t0stop PC_KEY<CR><LF>
[2026-09-22T23:40:16.332] `t0stop PC_KEY<CR><LF>
[2026-09-22T23:40:16.395] `t0stop PC_KEY<CR><LF>
[2026-09-22T23:40:16.462] `t0stop PC_KEY<CR><LF>
[2026-09-22T23:40:16.527] `t0stop PC_KEY<CR><LF>
[2026-09-22T23:40:16.589] `t0stop PC_KEY<CR><LF>
[2026-09-22T23:40:16.654] `t0stop PC_KEY<CR><LF>
[2026-09-22T23:40:16.717] `t0stop PC_KEY<CR><LF>
[2026-09-22T23:40:16.786] `t0stop crop 2 0, 84, 456, 28, 12, 36<CR><LF>`t0stop crop 3 0, 128, 456, 64, 12, 70<CR><LF>`t0stop crop 4 280, 0, 28, 36, 170, 146<CR><LF>`t0stop crop 4 280, 0, 28, 36, 200, 146<CR><LF>`t0stop crop 4 280, 0, 28, 36, 230, 146<CR><LF>`t0stop crop 4 0, 0, 28, 36, 260, 146<CR><LF>`t0stop crop 4 280, 0, 28, 36, 170, 190<CR><LF>`t0stop crop 4 280, 0, 28, 36, 200, 190<CR><LF>`t0stop crop 4 280, 0, 28, 36, 230, 190<CR><LF>`t0stop crop 4 0, 0, 28, 36, 260, 190<CR><LF>`t0stop crop 4 280, 0, 28, 36, 170, 234<CR><LF>`t0stop crop 4 280, 0, 28, 36, 200, 234<CR><LF>`t0stop crop 4 280, 0, 28, 36, 230, 234<CR><LF>`t0stop crop 4 280, 0, 28, 36, 260, 234<CR><LF>`t0stop crop 4 0, 0, 28, 36, 290, 234<CR><LF>`t0stop update<CR><LF>`t0stop PC_KEY<CR><LF>
[2026-09-22T23:40:16.901] `t0stop PC_KEY<CR><LF>
[2026-09-22T23:40:17.013] `t0stop PC_KEY<CR><LF>
[2026-09-22T23:40:17.124] `t0stop PC_KEY<CR><LF>
[2026-09-22T23:40:17.235] `t0stop PC_KEY<CR><LF>
[2026-09-22T23:40:17.348] `t0stop PC_KEY<CR><LF>
[2026-09-22T23:40:17.458] `t0stop PC_KEY<CR><LF>
[2026-09-22T23:40:17.573] `t0stop PC_KEY<CR><LF>
[2026-09-22T23:40:17.682] `t0stop PC_KEY<CR><LF>
[2026-09-22T23:40:17.795] `t0stop PC_KEY<CR><LF>
[2026-09-22T23:40:17.907] `t0stop PC_KEY<CR><LF>
[2026-09-22T23:40:18.019] `t0stop PC_KEY<CR><LF>
[2026-09-22T23:40:18.132] `t0stop PC_KEY<CR><LF>
[2026-09-22T23:40:18.243] `t0stop PC_KEY<CR><LF>
[2026-09-22T23:40:18.354] `t0stop PC_KEY<CR><LF>
[2026-09-22T23:40:18.469] `t0stop PC_KEY<CR><LF>
[2026-09-22T23:40:18.580] `t0stop PC_KEY<CR><LF>
[2026-09-22T23:40:18.691] `t0stop PC_KEY<CR><LF>
[2026-09-22T23:40:18.803] `t0stop PC_KEY<CR><LF>
[2026-09-22T23:40:18.916] `t0stop PC_KEY<CR><LF>
[2026-09-22T23:40:19.031] `t0stop PC_KEY<CR><LF>
[2026-09-22T23:40:19.140] `t0stop PC_KEY<CR><LF>
[2026-09-22T23:40:19.252] `t0stop PC_KEY<CR><LF>
[2026-09-22T23:40:19.363] `t0stop PC_KEY<CR><LF>
[2026-09-22T23:40:19.476] `t0stop PC_KEY<CR><LF>
[2026-09-22T23:40:19.590] `t0stop PC_KEY<CR><LF>
[2026-09-22T23:40:19.700] `t0stop PC_KEY<CR><LF>
[2026-09-22T23:40:19.811] `t0stop PC_KEY<CR><LF>
[2026-09-22T23:40:19.924] `t0stop PC_KEY<CR><LF>
[2026-09-22T23:40:20.035] `t0stop PC_KEY<CR><LF>
[2026-09-22T23:40:20.149] `t0stop PC_KEY<CR><LF>
[2026-09-22T23:40:20.260] `t0stop PC_KEY<CR><LF>
[2026-09-22T23:40:20.372] `t0stop PC_KEY<CR><LF>
[2026-09-22T23:40:20.485] `t0stop PC_KEY<CR><LF>
[2026-09-22T23:40:20.597] `t0stop PC_KEY<CR><LF>
[2026-09-22T23:40:20.709] `t0stop PC_KEY<CR><LF>
[2026-09-22T23:40:20.822] `t0stop PC_KEY<CR><LF>
[2026-09-22T23:40:20.933] `t0stop PC_KEY<CR><LF>
[2026-09-22T23:40:21.044] `t0stop PC_KEY<CR><LF>
[2026-09-22T23:40:21.158] `t0stop PC_KEY<CR><LF>
[2026-09-22T23:40:21.221] `t0stop PC_KEY<CR><LF>Cog0  T0-24,provoke,hold_mode,FLOAT,why,NOT_AT_SPEED,note,no_offset_was_written
[2026-09-22T23:40:21.222] Cog0  T0-24,row,3,set_up,FALSE,hand_ticks,0,after_ticks,0,after_ms,0,half_ms,0,release_span_ms,0,still_faulted,FALSE,protective,-2_001,measured,FALSE
[2026-09-22T23:40:21.245] `t0stop crop 2 0, 84, 456, 28, 12, 36<CR><LF>`t0stop crop 3 0, 384, 456, 64, 12, 70<CR><LF>`t0stop crop 4 280, 0, 28, 36, 170, 146<CR><LF>`t0stop crop 4 280, 0, 28, 36, 200, 146<CR><LF>`t0stop crop 4 280, 0, 28, 36, 230, 146<CR><LF>`t0stop crop 4 0, 0, 28, 36, 260, 146<CR><LF>`t0stop crop 4 280, 0, 28, 36, 170, 190<CR><LF>`t0stop crop 4 280, 0, 28, 36, 200, 190<CR><LF>`t0stop crop 4 280, 0, 28, 36, 230, 190<CR><LF>`t0stop crop 4 0, 0, 28, 36, 260, 190<CR><LF>`t0stop crop 4 280, 0, 28, 36, 170, 234<CR><LF>`t0stop crop 4 280, 0, 28, 36, 200, 234<CR><LF>`t0stop crop 4 280, 0, 28, 36, 230, 234<CR><LF>`t0stop crop 4 280, 0, 28, 36, 260, 234<CR><LF>`t0stop crop 4 0, 0, 28, 36, 290, 234<CR><LF>`t0stop update<CR><LF>`t0stop crop 2 0, 112, 456, 28, 12, 36<CR><LF>`t0stop crop 3 0, 0, 456, 64, 12, 70<CR><LF>`t0stop crop 4 280, 0, 28, 36, 170, 146<CR><LF>`t0stop crop 4 280, 0, 28, 36, 200, 146<CR><LF>`t0stop crop 4 280, 0, 28, 36, 230, 146<CR><LF>`t0stop crop 4 0, 0, 28, 36, 260, 146<CR><LF>`t0stop crop 4 280, 0, 28, 36, 170, 190<CR><LF>`t0stop crop 4 280, 0, 28, 36, 200, 190<CR><LF>`t0stop crop 4 280, 0, 28, 36, 230, 190<CR><LF>`t0stop crop 4 0, 0, 28, 36, 260, 190<CR><LF>`t0stop crop 4 280, 0, 28, 36, 170, 234<CR><LF>`t0stop crop 4 280, 0, 28, 36, 200, 234<CR><LF>`t0stop crop 4 280, 0, 28, 36, 230, 234<CR><LF>`t0stop crop 4 280, 0, 28, 36, 260, 234<CR><LF>`t0stop crop 4 0, 0, 28, 36, 290, 234<CR><LF>`t0stop update<CR><LF>Cog0  T0-24,row,4,arm,prediction,RESISTS_HARDER_THE_FASTER_IT_IS_TURNED,asking_for,SPIN_IT_BRISKLY_LET_GO_AND_PRESS_SPACE_AS_YOU_LET_GO,prompt,press_S_when_ready
[2026-09-22T23:40:21.298] `t0stop PC_KEY<CR><LF>
[2026-09-22T23:40:21.360] `t0stop PC_KEY<CR><LF>
[2026-09-22T23:40:21.424] `t0stop PC_KEY<CR><LF>
[2026-09-22T23:40:21.488] `t0stop PC_KEY<CR><LF>
[2026-09-22T23:40:21.552] `t0stop PC_KEY<CR><LF>
[2026-09-22T23:40:21.618] `t0stop PC_KEY<CR><LF>
[2026-09-22T23:40:21.682] `t0stop PC_KEY<CR><LF>
[2026-09-22T23:40:21.744] `t0stop PC_KEY<CR><LF>
[2026-09-22T23:40:21.808] `t0stop PC_KEY<CR><LF>
[2026-09-22T23:40:21.872] `t0stop PC_KEY<CR><LF>
[2026-09-22T23:40:21.939] `t0stop PC_KEY<CR><LF>
[2026-09-22T23:40:21.999] `t0stop PC_KEY<CR><LF>
[2026-09-22T23:40:22.063] `t0stop PC_KEY<CR><LF>
[2026-09-22T23:40:22.128] `t0stop PC_KEY<CR><LF>
[2026-09-22T23:40:22.192] `t0stop PC_KEY<CR><LF>
[2026-09-22T23:40:22.259] `t0stop PC_KEY<CR><LF>
[2026-09-22T23:40:22.321] `t0stop PC_KEY<CR><LF>
[2026-09-22T23:40:22.384] `t0stop PC_KEY<CR><LF>
[2026-09-22T23:40:22.449] `t0stop PC_KEY<CR><LF>
[2026-09-22T23:40:22.513] `t0stop PC_KEY<CR><LF>
[2026-09-22T23:40:22.579] `t0stop PC_KEY<CR><LF>
[2026-09-22T23:40:22.641] `t0stop PC_KEY<CR><LF>
[2026-09-22T23:40:22.705] `t0stop PC_KEY<CR><LF>
[2026-09-22T23:40:22.769] `t0stop PC_KEY<CR><LF>
[2026-09-22T23:40:22.833] `t0stop PC_KEY<CR><LF>
[2026-09-22T23:40:22.899] `t0stop PC_KEY<CR><LF>
[2026-09-22T23:40:22.962] `t0stop PC_KEY<CR><LF>
[2026-09-22T23:40:23.026] `t0stop PC_KEY<CR><LF>
[2026-09-22T23:40:23.089] `t0stop PC_KEY<CR><LF>
[2026-09-22T23:40:23.152] `t0stop PC_KEY<CR><LF>
[2026-09-22T23:40:23.216] `t0stop PC_KEY<CR><LF>
[2026-09-22T23:40:23.281] `t0stop PC_KEY<CR><LF>
[2026-09-22T23:40:23.345] `t0stop PC_KEY<CR><LF>
[2026-09-22T23:40:23.409] `t0stop PC_KEY<CR><LF>
[2026-09-22T23:40:23.473] `t0stop PC_KEY<CR><LF>
[2026-09-22T23:40:23.540] `t0stop PC_KEY<CR><LF>
[2026-09-22T23:40:23.600] `t0stop PC_KEY<CR><LF>
[2026-09-22T23:40:23.666] `t0stop PC_KEY<CR><LF>
[2026-09-22T23:40:23.728] `t0stop PC_KEY<CR><LF>
[2026-09-22T23:40:23.793] `t0stop PC_KEY<CR><LF>
[2026-09-22T23:40:23.859] `t0stop PC_KEY<CR><LF>
[2026-09-22T23:40:23.922] `t0stop PC_KEY<CR><LF>
[2026-09-22T23:40:23.984] `t0stop PC_KEY<CR><LF>
[2026-09-22T23:40:24.048] `t0stop PC_KEY<CR><LF>
[2026-09-22T23:40:24.113] `t0stop PC_KEY<CR><LF>
[2026-09-22T23:40:24.180] `t0stop PC_KEY<CR><LF>
[2026-09-22T23:40:24.243] `t0stop PC_KEY<CR><LF>
[2026-09-22T23:40:24.307] `t0stop PC_KEY<CR><LF>
[2026-09-22T23:40:24.369] `t0stop PC_KEY<CR><LF>
[2026-09-22T23:40:24.434] `t0stop PC_KEY<CR><LF>
[2026-09-22T23:40:24.497] `t0stop PC_KEY<CR><LF>
[2026-09-22T23:40:24.564] `t0stop PC_KEY<CR><LF>
[2026-09-22T23:40:24.625] `t0stop PC_KEY<CR><LF>
[2026-09-22T23:40:24.690] `t0stop PC_KEY<CR><LF>
[2026-09-22T23:40:24.754] `t0stop PC_KEY<CR><LF>
[2026-09-22T23:40:24.820] `t0stop PC_KEY<CR><LF>
[2026-09-22T23:40:24.883] `t0stop PC_KEY<CR><LF>
[2026-09-22T23:40:24.946] `t0stop PC_KEY<CR><LF>
[2026-09-22T23:40:25.010] `t0stop PC_KEY<CR><LF>
[2026-09-22T23:40:25.076] `t0stop PC_KEY<CR><LF>
[2026-09-22T23:40:25.139] `t0stop PC_KEY<CR><LF>
[2026-09-22T23:40:25.202] `t0stop PC_KEY<CR><LF>
[2026-09-22T23:40:25.268] `t0stop PC_KEY<CR><LF>
[2026-09-22T23:40:25.330] `t0stop PC_KEY<CR><LF>
[2026-09-22T23:40:25.393] `t0stop PC_KEY<CR><LF>
[2026-09-22T23:40:25.459] `t0stop PC_KEY<CR><LF>
[2026-09-22T23:40:25.522] `t0stop PC_KEY<CR><LF>
[2026-09-22T23:40:25.585] `t0stop PC_KEY<CR><LF>
[2026-09-22T23:40:25.650] `t0stop PC_KEY<CR><LF>
[2026-09-22T23:40:25.716] `t0stop PC_KEY<CR><LF>
[2026-09-22T23:40:25.778] `t0stop PC_KEY<CR><LF>
[2026-09-22T23:40:25.841] `t0stop PC_KEY<CR><LF>
[2026-09-22T23:40:25.906] `t0stop PC_KEY<CR><LF>
[2026-09-22T23:40:25.971] `t0stop PC_KEY<CR><LF>
[2026-09-22T23:40:26.035] `t0stop PC_KEY<CR><LF>
[2026-09-22T23:40:26.100] `t0stop PC_KEY<CR><LF>
[2026-09-22T23:40:26.163] `t0stop PC_KEY<CR><LF>
[2026-09-22T23:40:26.228] `t0stop PC_KEY<CR><LF>
[2026-09-22T23:40:26.291] `t0stop PC_KEY<CR><LF>
[2026-09-22T23:40:26.357] `t0stop PC_KEY<CR><LF>
[2026-09-22T23:40:26.418] `t0stop PC_KEY<CR><LF>
[2026-09-22T23:40:26.484] `t0stop PC_KEY<CR><LF>
[2026-09-22T23:40:26.547] `t0stop PC_KEY<CR><LF>
[2026-09-22T23:40:26.611] `t0stop PC_KEY<CR><LF>
[2026-09-22T23:40:26.674] `t0stop PC_KEY<CR><LF>
[2026-09-22T23:40:26.738] `t0stop PC_KEY<CR><LF>
[2026-09-22T23:40:26.804] `t0stop PC_KEY<CR><LF>
[2026-09-22T23:40:26.868] `t0stop PC_KEY<CR><LF>
[2026-09-22T23:40:26.930] `t0stop PC_KEY<CR><LF>
[2026-09-22T23:40:26.998] `t0stop PC_KEY<CR><LF>
[2026-09-22T23:40:27.060] `t0stop PC_KEY<CR><LF>
[2026-09-22T23:40:27.122] `t0stop PC_KEY<CR><LF>
[2026-09-22T23:40:27.186] `t0stop PC_KEY<CR><LF>
[2026-09-22T23:40:27.251] `t0stop PC_KEY<CR><LF>
[2026-09-22T23:40:27.314] `t0stop PC_KEY<CR><LF>
[2026-09-22T23:40:27.381] `t0stop PC_KEY<CR><LF>
[2026-09-22T23:40:27.443] `t0stop PC_KEY<CR><LF>
[2026-09-22T23:40:27.508] `t0stop PC_KEY<CR><LF>
[2026-09-22T23:40:27.571] `t0stop PC_KEY<CR><LF>
[2026-09-22T23:40:27.708] `t0stop PC_KEY<CR><LF>`t0stop crop 2 0, 112, 456, 28, 12, 36<CR><LF>`t0stop crop 3 0, 128, 456, 64, 12, 70<CR><LF>`t0stop crop 4 280, 0, 28, 36, 170, 146<CR><LF>`t0stop crop 4 280, 0, 28, 36, 200, 146<CR><LF>`t0stop crop 4 280, 0, 28, 36, 230, 146<CR><LF>`t0stop crop 4 0, 0, 28, 36, 260, 146<CR><LF>`t0stop crop 4 280, 0, 28, 36, 170, 190<CR><LF>`t0stop crop 4 280, 0, 28, 36, 200, 190<CR><LF>`t0stop crop 4 280, 0, 28, 36, 230, 190<CR><LF>`t0stop crop 4 0, 0, 28, 36, 260, 190<CR><LF>`t0stop crop 4 280, 0, 28, 36, 170, 234<CR><LF>`t0stop crop 4 280, 0, 28, 36, 200, 234<CR><LF>`t0stop crop 4 280, 0, 28, 36, 230, 234<CR><LF>`t0stop crop 4 280, 0, 28, 36, 260, 234<CR><LF>`t0stop crop 4 0, 0, 28, 36, 290, 234<CR><LF>`t0stop update<CR><LF>`t0stop PC_KEY<CR><LF>
[2026-09-22T23:40:27.819] `t0stop PC_KEY<CR><LF>
[2026-09-22T23:40:27.932] `t0stop PC_KEY<CR><LF>
[2026-09-22T23:40:28.044] `t0stop PC_KEY<CR><LF>
[2026-09-22T23:40:28.154] `t0stop PC_KEY<CR><LF>
[2026-09-22T23:40:28.267] `t0stop PC_KEY<CR><LF>
[2026-09-22T23:40:28.378] `t0stop PC_KEY<CR><LF>
[2026-09-22T23:40:28.490] `t0stop PC_KEY<CR><LF>
[2026-09-22T23:40:28.602] `t0stop PC_KEY<CR><LF>
[2026-09-22T23:40:28.714] `t0stop PC_KEY<CR><LF>
[2026-09-22T23:40:28.827] `t0stop PC_KEY<CR><LF>
[2026-09-22T23:40:28.939] `t0stop PC_KEY<CR><LF>
[2026-09-22T23:40:29.051] `t0stop PC_KEY<CR><LF>
[2026-09-22T23:40:29.162] `t0stop PC_KEY<CR><LF>
[2026-09-22T23:40:29.277] `t0stop PC_KEY<CR><LF>
[2026-09-22T23:40:29.387] `t0stop PC_KEY<CR><LF>
[2026-09-22T23:40:29.500] `t0stop PC_KEY<CR><LF>
[2026-09-22T23:40:29.611] `t0stop PC_KEY<CR><LF>
[2026-09-22T23:40:29.724] `t0stop PC_KEY<CR><LF>
[2026-09-22T23:40:29.835] `t0stop PC_KEY<CR><LF>
[2026-09-22T23:40:29.947] `t0stop PC_KEY<CR><LF>
[2026-09-22T23:40:30.059] `t0stop PC_KEY<CR><LF>
[2026-09-22T23:40:30.173] `t0stop PC_KEY<CR><LF>
[2026-09-22T23:40:30.282] `t0stop PC_KEY<CR><LF>
[2026-09-22T23:40:30.395] `t0stop PC_KEY<CR><LF>
[2026-09-22T23:40:30.507] `t0stop PC_KEY<CR><LF>
[2026-09-22T23:40:30.619] `t0stop PC_KEY<CR><LF>
[2026-09-22T23:40:30.731] `t0stop PC_KEY<CR><LF>
[2026-09-22T23:40:30.843] `t0stop PC_KEY<CR><LF>
[2026-09-22T23:40:30.955] `t0stop PC_KEY<CR><LF>
[2026-09-22T23:40:31.069] `t0stop PC_KEY<CR><LF>
[2026-09-22T23:40:31.180] `t0stop PC_KEY<CR><LF>
[2026-09-22T23:40:31.294] `t0stop PC_KEY<CR><LF>
[2026-09-22T23:40:31.405] `t0stop PC_KEY<CR><LF>
[2026-09-22T23:40:31.516] `t0stop PC_KEY<CR><LF>
[2026-09-22T23:40:31.628] `t0stop PC_KEY<CR><LF>
[2026-09-22T23:40:31.741] `t0stop PC_KEY<CR><LF>
[2026-09-22T23:40:31.852] `t0stop PC_KEY<CR><LF>
[2026-09-22T23:40:31.964] `t0stop PC_KEY<CR><LF>
[2026-09-22T23:40:32.076] `t0stop PC_KEY<CR><LF>
[2026-09-22T23:40:32.140] `t0stop PC_KEY<CR><LF>Cog0  T0-24,provoke,hold_mode,BRAKE,why,NOT_AT_SPEED,note,no_offset_was_written
[2026-09-22T23:40:32.142] Cog0  T0-24,row,4,set_up,FALSE,hand_ticks,0,after_ticks,0,after_ms,0,half_ms,0,release_span_ms,0,still_faulted,FALSE,protective,-2_001,measured,FALSE
[2026-09-22T23:40:32.165] `t0stop crop 2 0, 112, 456, 28, 12, 36<CR><LF>`t0stop crop 3 0, 384, 456, 64, 12, 70<CR><LF>`t0stop crop 4 280, 0, 28, 36, 170, 146<CR><LF>`t0stop crop 4 280, 0, 28, 36, 200, 146<CR><LF>`t0stop crop 4 280, 0, 28, 36, 230, 146<CR><LF>`t0stop crop 4 0, 0, 28, 36, 260, 146<CR><LF>`t0stop crop 4 280, 0, 28, 36, 170, 190<CR><LF>`t0stop crop 4 280, 0, 28, 36, 200, 190<CR><LF>`t0stop crop 4 280, 0, 28, 36, 230, 190<CR><LF>`t0stop crop 4 0, 0, 28, 36, 260, 190<CR><LF>`t0stop crop 4 280, 0, 28, 36, 170, 234<CR><LF>`t0stop crop 4 280, 0, 28, 36, 200, 234<CR><LF>`t0stop crop 4 280, 0, 28, 36, 230, 234<CR><LF>`t0stop crop 4 280, 0, 28, 36, 260, 234<CR><LF>`t0stop crop 4 0, 0, 28, 36, 290, 234<CR><LF>`t0stop update<CR><LF>`t0stop crop 2 0, 140, 456, 28, 12, 36<CR><LF>`t0stop crop 3 0, 0, 456, 64, 12, 70<CR><LF>`t0stop crop 4 280, 0, 28, 36, 170, 146<CR><LF>`t0stop crop 4 280, 0, 28, 36, 200, 146<CR><LF>`t0stop crop 4 280, 0, 28, 36, 230, 146<CR><LF>`t0stop crop 4 0, 0, 28, 36, 260, 146<CR><LF>`t0stop crop 4 280, 0, 28, 36, 170, 190<CR><LF>`t0stop crop 4 280, 0, 28, 36, 200, 190<CR><LF>`t0stop crop 4 280, 0, 28, 36, 230, 190<CR><LF>`t0stop crop 4 0, 0, 28, 36, 260, 190<CR><LF>`t0stop crop 4 280, 0, 28, 36, 170, 234<CR><LF>`t0stop crop 4 280, 0, 28, 36, 200, 234<CR><LF>`t0stop crop 4 280, 0, 28, 36, 230, 234<CR><LF>`t0stop crop 4 280, 0, 28, 36, 260, 234<CR><LF>`t0stop crop 4 0, 0, 28, 36, 290, 234<CR><LF>`t0stop update<CR><LF>Cog0  T0-24,row,5,arm,prediction,SPINS_FREELY_THE_PINS_ARE_RELEASED,asking_for,SPIN_IT_BRISKLY_LET_GO_AND_PRESS_SPACE_AS_YOU_LET_GO,prompt,press_S_when_ready
[2026-09-22T23:40:32.214] `t0stop PC_KEY<CR><LF>
[2026-09-22T23:40:32.279] `t0stop PC_KEY<CR><LF>
[2026-09-22T23:40:32.344] `t0stop PC_KEY<CR><LF>
[2026-09-22T23:40:32.409] `t0stop PC_KEY<CR><LF>
[2026-09-22T23:40:32.470] `t0stop PC_KEY<CR><LF>
[2026-09-22T23:40:32.536] `t0stop PC_KEY<CR><LF>
[2026-09-22T23:40:32.601] `t0stop PC_KEY<CR><LF>
[2026-09-22T23:40:32.664] `t0stop PC_KEY<CR><LF>
[2026-09-22T23:40:32.727] `t0stop PC_KEY<CR><LF>
[2026-09-22T23:40:32.792] `t0stop PC_KEY<CR><LF>
[2026-09-22T23:40:32.858] `t0stop PC_KEY<CR><LF>
[2026-09-22T23:40:32.921] `t0stop PC_KEY<CR><LF>
[2026-09-22T23:40:32.983] `t0stop PC_KEY<CR><LF>
[2026-09-22T23:40:33.050] `t0stop PC_KEY<CR><LF>
[2026-09-22T23:40:33.112] `t0stop PC_KEY<CR><LF>
[2026-09-22T23:40:33.176] `t0stop PC_KEY<CR><LF>
[2026-09-22T23:40:33.242] `t0stop PC_KEY<CR><LF>
[2026-09-22T23:40:33.304] `t0stop PC_KEY<CR><LF>
[2026-09-22T23:40:33.369] `t0stop PC_KEY<CR><LF>
[2026-09-22T23:40:33.433] `t0stop PC_KEY<CR><LF>
[2026-09-22T23:40:33.497] `t0stop PC_KEY<CR><LF>
[2026-09-22T23:40:33.561] `t0stop PC_KEY<CR><LF>
[2026-09-22T23:40:33.624] `t0stop PC_KEY<CR><LF>
[2026-09-22T23:40:33.688] `t0stop PC_KEY<CR><LF>
[2026-09-22T23:40:33.752] `t0stop PC_KEY<CR><LF>
[2026-09-22T23:40:33.816] `t0stop PC_KEY<CR><LF>
[2026-09-22T23:40:33.883] `t0stop PC_KEY<CR><LF>
[2026-09-22T23:40:33.944] `t0stop PC_KEY<CR><LF>
[2026-09-22T23:40:34.008] `t0stop PC_KEY<CR><LF>
[2026-09-22T23:40:34.073] `t0stop PC_KEY<CR><LF>
[2026-09-22T23:40:34.136] `t0stop PC_KEY<CR><LF>
[2026-09-22T23:40:34.202] `t0stop PC_KEY<CR><LF>
[2026-09-22T23:40:34.264] `t0stop PC_KEY<CR><LF>
[2026-09-22T23:40:34.329] `t0stop PC_KEY<CR><LF>
[2026-09-22T23:40:34.393] `t0stop PC_KEY<CR><LF>
[2026-09-22T23:40:34.456] `t0stop PC_KEY<CR><LF>
[2026-09-22T23:40:34.523] `t0stop PC_KEY<CR><LF>
[2026-09-22T23:40:34.586] `t0stop PC_KEY<CR><LF>
[2026-09-22T23:40:34.650] `t0stop PC_KEY<CR><LF>
[2026-09-22T23:40:34.713] `t0stop PC_KEY<CR><LF>
[2026-09-22T23:40:34.778] `t0stop PC_KEY<CR><LF>
[2026-09-22T23:40:34.841] `t0stop PC_KEY<CR><LF>
[2026-09-22T23:40:34.907] `t0stop PC_KEY<CR><LF>
[2026-09-22T23:40:34.968] `t0stop PC_KEY<CR><LF>
[2026-09-22T23:40:35.034] `t0stop PC_KEY<CR><LF>
[2026-09-22T23:40:35.097] `t0stop PC_KEY<CR><LF>
[2026-09-22T23:40:35.165] `t0stop PC_KEY<CR><LF>
[2026-09-22T23:40:35.228] `t0stop PC_KEY<CR><LF>
[2026-09-22T23:40:35.289] `t0stop PC_KEY<CR><LF>
[2026-09-22T23:40:35.353] `t0stop PC_KEY<CR><LF>
[2026-09-22T23:40:35.417] `t0stop PC_KEY<CR><LF>
[2026-09-22T23:40:35.481] `t0stop PC_KEY<CR><LF>
[2026-09-22T23:40:35.546] `t0stop PC_KEY<CR><LF>
[2026-09-22T23:40:35.610] `t0stop PC_KEY<CR><LF>
[2026-09-22T23:40:35.672] `t0stop PC_KEY<CR><LF>
[2026-09-22T23:40:35.744] `t0stop crop 2 0, 140, 456, 28, 12, 36<CR><LF>`t0stop crop 3 0, 64, 456, 64, 12, 70<CR><LF>`t0stop crop 4 280, 0, 28, 36, 170, 146<CR><LF>`t0stop crop 4 280, 0, 28, 36, 200, 146<CR><LF>`t0stop crop 4 280, 0, 28, 36, 230, 146<CR><LF>`t0stop crop 4 0, 0, 28, 36, 260, 146<CR><LF>`t0stop crop 4 280, 0, 28, 36, 170, 190<CR><LF>`t0stop crop 4 280, 0, 28, 36, 200, 190<CR><LF>`t0stop crop 4 280, 0, 28, 36, 230, 190<CR><LF>`t0stop crop 4 0, 0, 28, 36, 260, 190<CR><LF>`t0stop crop 4 280, 0, 28, 36, 170, 234<CR><LF>`t0stop crop 4 280, 0, 28, 36, 200, 234<CR><LF>`t0stop crop 4 280, 0, 28, 36, 230, 234<CR><LF>`t0stop crop 4 280, 0, 28, 36, 260, 234<CR><LF>`t0stop crop 4 0, 0, 28, 36, 290, 234<CR><LF>`t0stop update<CR><LF>
[2026-09-22T23:40:36.699] `t0stop crop 2 0, 140, 456, 28, 12, 36<CR><LF>`t0stop crop 3 0, 256, 456, 64, 12, 70<CR><LF>`t0stop crop 4 280, 0, 28, 36, 170, 146<CR><LF>`t0stop crop 4 280, 0, 28, 36, 200, 146<CR><LF>`t0stop crop 4 280, 0, 28, 36, 230, 146<CR><LF>`t0stop crop 4 0, 0, 28, 36, 260, 146<CR><LF>`t0stop crop 4 280, 0, 28, 36, 170, 190<CR><LF>`t0stop crop 4 280, 0, 28, 36, 200, 190<CR><LF>`t0stop crop 4 280, 0, 28, 36, 230, 190<CR><LF>`t0stop crop 4 0, 0, 28, 36, 260, 190<CR><LF>`t0stop crop 4 280, 0, 28, 36, 170, 234<CR><LF>`t0stop crop 4 280, 0, 28, 36, 200, 234<CR><LF>`t0stop crop 4 280, 0, 28, 36, 230, 234<CR><LF>`t0stop crop 4 280, 0, 28, 36, 260, 234<CR><LF>`t0stop crop 4 0, 0, 28, 36, 290, 234<CR><LF>`t0stop update<CR><LF>Cog0  T0-24,row,5,hand_phase,begin,asking_for,SPIN_IT_BRISKLY_LET_GO_AND_PRESS_SPACE_AS_YOU_LET_GO
[2026-09-22T23:40:36.845] `t0stop PC_KEY<CR><LF>
[2026-09-22T23:40:36.959] `t0stop PC_KEY<CR><LF>
[2026-09-22T23:40:37.072] `t0stop PC_KEY<CR><LF>
[2026-09-22T23:40:37.182] `t0stop PC_KEY<CR><LF>
[2026-09-22T23:40:37.316] `t0stop PC_KEY<CR><LF>`t0stop crop 2 0, 140, 456, 28, 12, 36<CR><LF>`t0stop crop 3 0, 256, 456, 64, 12, 70<CR><LF>`t0stop crop 4 280, 0, 28, 36, 170, 146<CR><LF>`t0stop crop 4 280, 0, 28, 36, 200, 146<CR><LF>`t0stop crop 4 280, 0, 28, 36, 230, 146<CR><LF>`t0stop crop 4 0, 0, 28, 36, 260, 146<CR><LF>`t0stop crop 4 280, 0, 28, 36, 170, 190<CR><LF>`t0stop crop 4 280, 0, 28, 36, 200, 190<CR><LF>`t0stop crop 4 280, 0, 28, 36, 230, 190<CR><LF>`t0stop crop 4 0, 0, 28, 36, 260, 190<CR><LF>`t0stop crop 4 280, 0, 28, 36, 170, 234<CR><LF>`t0stop crop 4 280, 0, 28, 36, 200, 234<CR><LF>`t0stop crop 4 280, 0, 28, 36, 230, 234<CR><LF>`t0stop crop 4 280, 0, 28, 36, 260, 234<CR><LF>`t0stop crop 4 0, 0, 28, 36, 290, 234<CR><LF>`t0stop update<CR><LF>
[2026-09-22T23:40:37.412] `t0stop PC_KEY<CR><LF>
[2026-09-22T23:40:37.523] `t0stop PC_KEY<CR><LF>
[2026-09-22T23:40:37.634] `t0stop PC_KEY<CR><LF>
[2026-09-22T23:40:37.745] `t0stop PC_KEY<CR><LF>
[2026-09-22T23:40:37.878] `t0stop PC_KEY<CR><LF>`t0stop crop 2 0, 140, 456, 28, 12, 36<CR><LF>`t0stop crop 3 0, 256, 456, 64, 12, 70<CR><LF>`t0stop crop 4 280, 0, 28, 36, 170, 146<CR><LF>`t0stop crop 4 280, 0, 28, 36, 200, 146<CR><LF>`t0stop crop 4 280, 0, 28, 36, 230, 146<CR><LF>`t0stop crop 4 0, 0, 28, 36, 260, 146<CR><LF>`t0stop crop 4 280, 0, 28, 36, 170, 190<CR><LF>`t0stop crop 4 280, 0, 28, 36, 200, 190<CR><LF>`t0stop crop 4 280, 0, 28, 36, 230, 190<CR><LF>`t0stop crop 4 0, 0, 28, 36, 260, 190<CR><LF>`t0stop crop 4 280, 0, 28, 36, 170, 234<CR><LF>`t0stop crop 4 280, 0, 28, 36, 200, 234<CR><LF>`t0stop crop 4 280, 0, 28, 36, 230, 234<CR><LF>`t0stop crop 4 280, 0, 28, 36, 260, 234<CR><LF>`t0stop crop 4 0, 0, 28, 36, 290, 234<CR><LF>`t0stop update<CR><LF>
[2026-09-22T23:40:37.978] `t0stop PC_KEY<CR><LF>
[2026-09-22T23:40:38.086] `t0stop PC_KEY<CR><LF>
[2026-09-22T23:40:38.198] `t0stop PC_KEY<CR><LF>
[2026-09-22T23:40:38.313] `t0stop PC_KEY<CR><LF>
[2026-09-22T23:40:38.442] `t0stop PC_KEY<CR><LF>`t0stop crop 2 0, 140, 456, 28, 12, 36<CR><LF>`t0stop crop 3 0, 256, 456, 64, 12, 70<CR><LF>`t0stop crop 4 280, 0, 28, 36, 170, 146<CR><LF>`t0stop crop 4 280, 0, 28, 36, 200, 146<CR><LF>`t0stop crop 4 280, 0, 28, 36, 230, 146<CR><LF>`t0stop crop 4 0, 0, 28, 36, 260, 146<CR><LF>`t0stop crop 4 280, 0, 28, 36, 170, 190<CR><LF>`t0stop crop 4 280, 0, 28, 36, 200, 190<CR><LF>`t0stop crop 4 280, 0, 28, 36, 230, 190<CR><LF>`t0stop crop 4 0, 0, 28, 36, 260, 190<CR><LF>`t0stop crop 4 280, 0, 28, 36, 170, 234<CR><LF>`t0stop crop 4 280, 0, 28, 36, 200, 234<CR><LF>`t0stop crop 4 280, 0, 28, 36, 230, 234<CR><LF>`t0stop crop 4 280, 0, 28, 36, 260, 234<CR><LF>`t0stop crop 4 0, 0, 28, 36, 290, 234<CR><LF>`t0stop update<CR><LF>
[2026-09-22T23:40:38.538] `t0stop PC_KEY<CR><LF>
[2026-09-22T23:40:38.651] `t0stop PC_KEY<CR><LF>
[2026-09-22T23:40:38.762] `t0stop PC_KEY<CR><LF>
[2026-09-22T23:40:38.874] `t0stop PC_KEY<CR><LF>
[2026-09-22T23:40:39.009] `t0stop PC_KEY<CR><LF>`t0stop crop 2 0, 140, 456, 28, 12, 36<CR><LF>`t0stop crop 3 0, 256, 456, 64, 12, 70<CR><LF>`t0stop crop 4 280, 0, 28, 36, 170, 146<CR><LF>`t0stop crop 4 280, 0, 28, 36, 200, 146<CR><LF>`t0stop crop 4 280, 0, 28, 36, 230, 146<CR><LF>`t0stop crop 4 0, 0, 28, 36, 260, 146<CR><LF>`t0stop crop 4 280, 0, 28, 36, 170, 190<CR><LF>`t0stop crop 4 280, 0, 28, 36, 200, 190<CR><LF>`t0stop crop 4 280, 0, 28, 36, 230, 190<CR><LF>`t0stop crop 4 0, 0, 28, 36, 260, 190<CR><LF>`t0stop crop 4 280, 0, 28, 36, 170, 234<CR><LF>`t0stop crop 4 280, 0, 28, 36, 200, 234<CR><LF>`t0stop crop 4 280, 0, 28, 36, 230, 234<CR><LF>`t0stop crop 4 280, 0, 28, 36, 260, 234<CR><LF>`t0stop crop 4 0, 0, 28, 36, 290, 234<CR><LF>`t0stop update<CR><LF>
[2026-09-22T23:40:39.102] `t0stop PC_KEY<CR><LF>
[2026-09-22T23:40:39.215] `t0stop PC_KEY<CR><LF>
[2026-09-22T23:40:39.328] `t0stop PC_KEY<CR><LF>
[2026-09-22T23:40:39.439] `t0stop PC_KEY<CR><LF>
[2026-09-22T23:40:39.571] `t0stop PC_KEY<CR><LF>`t0stop crop 2 0, 140, 456, 28, 12, 36<CR><LF>`t0stop crop 3 0, 256, 456, 64, 12, 70<CR><LF>`t0stop crop 4 280, 0, 28, 36, 170, 146<CR><LF>`t0stop crop 4 280, 0, 28, 36, 200, 146<CR><LF>`t0stop crop 4 280, 0, 28, 36, 230, 146<CR><LF>`t0stop crop 4 0, 0, 28, 36, 260, 146<CR><LF>`t0stop crop 4 280, 0, 28, 36, 170, 190<CR><LF>`t0stop crop 4 280, 0, 28, 36, 200, 190<CR><LF>`t0stop crop 4 280, 0, 28, 36, 230, 190<CR><LF>`t0stop crop 4 0, 0, 28, 36, 260, 190<CR><LF>`t0stop crop 4 280, 0, 28, 36, 170, 234<CR><LF>`t0stop crop 4 280, 0, 28, 36, 200, 234<CR><LF>`t0stop crop 4 280, 0, 28, 36, 230, 234<CR><LF>`t0stop crop 4 280, 0, 28, 36, 260, 234<CR><LF>`t0stop crop 4 0, 0, 28, 36, 290, 234<CR><LF>`t0stop update<CR><LF>
[2026-09-22T23:40:39.666] `t0stop PC_KEY<CR><LF>
[2026-09-22T23:40:39.779] `t0stop PC_KEY<CR><LF>
[2026-09-22T23:40:39.891] `t0stop PC_KEY<CR><LF>
[2026-09-22T23:40:40.005] `t0stop PC_KEY<CR><LF>
[2026-09-22T23:40:40.138] `t0stop PC_KEY<CR><LF>`t0stop crop 2 0, 140, 456, 28, 12, 36<CR><LF>`t0stop crop 3 0, 256, 456, 64, 12, 70<CR><LF>`t0stop crop 4 280, 0, 28, 36, 170, 146<CR><LF>`t0stop crop 4 280, 0, 28, 36, 200, 146<CR><LF>`t0stop crop 4 280, 0, 28, 36, 230, 146<CR><LF>`t0stop crop 4 0, 0, 28, 36, 260, 146<CR><LF>`t0stop crop 4 280, 0, 28, 36, 170, 190<CR><LF>`t0stop crop 4 280, 0, 28, 36, 200, 190<CR><LF>`t0stop crop 4 280, 0, 28, 36, 230, 190<CR><LF>`t0stop crop 4 0, 0, 28, 36, 260, 190<CR><LF>`t0stop crop 4 280, 0, 28, 36, 170, 234<CR><LF>`t0stop crop 4 280, 0, 28, 36, 200, 234<CR><LF>`t0stop crop 4 280, 0, 28, 36, 230, 234<CR><LF>`t0stop crop 4 280, 0, 28, 36, 260, 234<CR><LF>`t0stop crop 4 0, 0, 28, 36, 290, 234<CR><LF>`t0stop update<CR><LF>
[2026-09-22T23:40:40.233] `t0stop PC_KEY<CR><LF>
[2026-09-22T23:40:40.344] `t0stop PC_KEY<CR><LF>
[2026-09-22T23:40:40.456] `t0stop PC_KEY<CR><LF>
[2026-09-22T23:40:40.568] `t0stop PC_KEY<CR><LF>
[2026-09-22T23:40:40.700] `t0stop PC_KEY<CR><LF>`t0stop crop 2 0, 140, 456, 28, 12, 36<CR><LF>`t0stop crop 3 0, 256, 456, 64, 12, 70<CR><LF>`t0stop crop 4 280, 0, 28, 36, 170, 146<CR><LF>`t0stop crop 4 280, 0, 28, 36, 200, 146<CR><LF>`t0stop crop 4 280, 0, 28, 36, 230, 146<CR><LF>`t0stop crop 4 0, 0, 28, 36, 260, 146<CR><LF>`t0stop crop 4 280, 0, 28, 36, 170, 190<CR><LF>`t0stop crop 4 280, 0, 28, 36, 200, 190<CR><LF>`t0stop crop 4 280, 0, 28, 36, 230, 190<CR><LF>`t0stop crop 4 0, 0, 28, 36, 260, 190<CR><LF>`t0stop crop 4 280, 0, 28, 36, 170, 234<CR><LF>`t0stop crop 4 280, 0, 28, 36, 200, 234<CR><LF>`t0stop crop 4 280, 0, 28, 36, 230, 234<CR><LF>`t0stop crop 4 280, 0, 28, 36, 260, 234<CR><LF>`t0stop crop 4 0, 0, 28, 36, 290, 234<CR><LF>`t0stop update<CR><LF>
[2026-09-22T23:40:40.796] `t0stop PC_KEY<CR><LF>
[2026-09-22T23:40:40.909] `t0stop PC_KEY<CR><LF>
[2026-09-22T23:40:41.022] `t0stop PC_KEY<CR><LF>
[2026-09-22T23:40:41.132] `t0stop PC_KEY<CR><LF>
[2026-09-22T23:40:41.263] `t0stop PC_KEY<CR><LF>`t0stop crop 2 0, 140, 456, 28, 12, 36<CR><LF>`t0stop crop 3 0, 256, 456, 64, 12, 70<CR><LF>`t0stop crop 4 280, 0, 28, 36, 170, 146<CR><LF>`t0stop crop 4 280, 0, 28, 36, 200, 146<CR><LF>`t0stop crop 4 280, 0, 28, 36, 230, 146<CR><LF>`t0stop crop 4 0, 0, 28, 36, 260, 146<CR><LF>`t0stop crop 4 280, 0, 28, 36, 170, 190<CR><LF>`t0stop crop 4 280, 0, 28, 36, 200, 190<CR><LF>`t0stop crop 4 280, 0, 28, 36, 230, 190<CR><LF>`t0stop crop 4 0, 0, 28, 36, 260, 190<CR><LF>`t0stop crop 4 280, 0, 28, 36, 170, 234<CR><LF>`t0stop crop 4 280, 0, 28, 36, 200, 234<CR><LF>`t0stop crop 4 280, 0, 28, 36, 230, 234<CR><LF>`t0stop crop 4 280, 0, 28, 36, 260, 234<CR><LF>`t0stop crop 4 0, 0, 28, 36, 290, 234<CR><LF>`t0stop update<CR><LF>
[2026-09-22T23:40:41.359] `t0stop PC_KEY<CR><LF>
[2026-09-22T23:40:41.471] `t0stop PC_KEY<CR><LF>
[2026-09-22T23:40:41.583] `t0stop PC_KEY<CR><LF>
[2026-09-22T23:40:41.696] `t0stop PC_KEY<CR><LF>
[2026-09-22T23:40:41.831] `t0stop PC_KEY<CR><LF>`t0stop crop 2 0, 140, 456, 28, 12, 36<CR><LF>`t0stop crop 3 0, 256, 456, 64, 12, 70<CR><LF>`t0stop crop 4 280, 0, 28, 36, 170, 146<CR><LF>`t0stop crop 4 280, 0, 28, 36, 200, 146<CR><LF>`t0stop crop 4 280, 0, 28, 36, 230, 146<CR><LF>`t0stop crop 4 0, 0, 28, 36, 260, 146<CR><LF>`t0stop crop 4 280, 0, 28, 36, 170, 190<CR><LF>`t0stop crop 4 280, 0, 28, 36, 200, 190<CR><LF>`t0stop crop 4 280, 0, 28, 36, 230, 190<CR><LF>`t0stop crop 4 0, 0, 28, 36, 260, 190<CR><LF>`t0stop crop 4 280, 0, 28, 36, 170, 234<CR><LF>`t0stop crop 4 280, 0, 28, 36, 200, 234<CR><LF>`t0stop crop 4 280, 0, 28, 36, 230, 234<CR><LF>`t0stop crop 4 280, 0, 28, 36, 260, 234<CR><LF>`t0stop crop 4 0, 0, 28, 36, 290, 234<CR><LF>`t0stop update<CR><LF>
[2026-09-22T23:40:41.924] `t0stop PC_KEY<CR><LF>
[2026-09-22T23:40:42.038] `t0stop PC_KEY<CR><LF>
[2026-09-22T23:40:42.148] `t0stop PC_KEY<CR><LF>
[2026-09-22T23:40:42.260] `t0stop PC_KEY<CR><LF>
[2026-09-22T23:40:42.393] `t0stop PC_KEY<CR><LF>`t0stop crop 2 0, 140, 456, 28, 12, 36<CR><LF>`t0stop crop 3 0, 256, 456, 64, 12, 70<CR><LF>`t0stop crop 4 280, 0, 28, 36, 170, 146<CR><LF>`t0stop crop 4 280, 0, 28, 36, 200, 146<CR><LF>`t0stop crop 4 280, 0, 28, 36, 230, 146<CR><LF>`t0stop crop 4 28, 0, 28, 36, 260, 146<CR><LF>`t0stop crop 4 280, 0, 28, 36, 170, 190<CR><LF>`t0stop crop 4 280, 0, 28, 36, 200, 190<CR><LF>`t0stop crop 4 280, 0, 28, 36, 230, 190<CR><LF>`t0stop crop 4 0, 0, 28, 36, 260, 190<CR><LF>`t0stop crop 4 280, 0, 28, 36, 170, 234<CR><LF>`t0stop crop 4 280, 0, 28, 36, 200, 234<CR><LF>`t0stop crop 4 280, 0, 28, 36, 230, 234<CR><LF>`t0stop crop 4 280, 0, 28, 36, 260, 234<CR><LF>`t0stop crop 4 0, 0, 28, 36, 290, 234<CR><LF>`t0stop update<CR><LF>
[2026-09-22T23:40:42.488] `t0stop PC_KEY<CR><LF>
[2026-09-22T23:40:42.601] `t0stop PC_KEY<CR><LF>
[2026-09-22T23:40:42.713] `t0stop PC_KEY<CR><LF>
[2026-09-22T23:40:42.824] `t0stop PC_KEY<CR><LF>
[2026-09-22T23:40:42.956] `t0stop PC_KEY<CR><LF>`t0stop crop 2 0, 140, 456, 28, 12, 36<CR><LF>`t0stop crop 3 0, 256, 456, 64, 12, 70<CR><LF>`t0stop crop 4 280, 0, 28, 36, 170, 146<CR><LF>`t0stop crop 4 280, 0, 28, 36, 200, 146<CR><LF>`t0stop crop 4 84, 0, 28, 36, 230, 146<CR><LF>`t0stop crop 4 0, 0, 28, 36, 260, 146<CR><LF>`t0stop crop 4 280, 0, 28, 36, 170, 190<CR><LF>`t0stop crop 4 280, 0, 28, 36, 200, 190<CR><LF>`t0stop crop 4 280, 0, 28, 36, 230, 190<CR><LF>`t0stop crop 4 0, 0, 28, 36, 260, 190<CR><LF>`t0stop crop 4 280, 0, 28, 36, 170, 234<CR><LF>`t0stop crop 4 280, 0, 28, 36, 200, 234<CR><LF>`t0stop crop 4 280, 0, 28, 36, 230, 234<CR><LF>`t0stop crop 4 280, 0, 28, 36, 260, 234<CR><LF>`t0stop crop 4 0, 0, 28, 36, 290, 234<CR><LF>`t0stop update<CR><LF>
[2026-09-22T23:40:43.052] `t0stop PC_KEY<CR><LF>
[2026-09-22T23:40:43.164] `t0stop PC_KEY<CR><LF>
[2026-09-22T23:40:43.277] `t0stop PC_KEY<CR><LF>
[2026-09-22T23:40:43.393] `t0stop PC_KEY<CR><LF>
[2026-09-22T23:40:43.522] `t0stop PC_KEY<CR><LF>`t0stop crop 2 0, 140, 456, 28, 12, 36<CR><LF>`t0stop crop 3 0, 256, 456, 64, 12, 70<CR><LF>`t0stop crop 4 280, 0, 28, 36, 170, 146<CR><LF>`t0stop crop 4 280, 0, 28, 36, 200, 146<CR><LF>`t0stop crop 4 224, 0, 28, 36, 230, 146<CR><LF>`t0stop crop 4 168, 0, 28, 36, 260, 146<CR><LF>`t0stop crop 4 280, 0, 28, 36, 170, 190<CR><LF>`t0stop crop 4 280, 0, 28, 36, 200, 190<CR><LF>`t0stop crop 4 280, 0, 28, 36, 230, 190<CR><LF>`t0stop crop 4 0, 0, 28, 36, 260, 190<CR><LF>`t0stop crop 4 280, 0, 28, 36, 170, 234<CR><LF>`t0stop crop 4 280, 0, 28, 36, 200, 234<CR><LF>`t0stop crop 4 280, 0, 28, 36, 230, 234<CR><LF>`t0stop crop 4 280, 0, 28, 36, 260, 234<CR><LF>`t0stop crop 4 0, 0, 28, 36, 290, 234<CR><LF>`t0stop update<CR><LF>
[2026-09-22T23:40:43.617] `t0stop PC_KEY<CR><LF>
[2026-09-22T23:40:43.732] `t0stop PC_KEY<CR><LF>
[2026-09-22T23:40:43.843] `t0stop PC_KEY<CR><LF>
[2026-09-22T23:40:43.953] `t0stop PC_KEY<CR><LF>
[2026-09-22T23:40:44.086] `t0stop PC_KEY<CR><LF>`t0stop crop 2 0, 140, 456, 28, 12, 36<CR><LF>`t0stop crop 3 0, 256, 456, 64, 12, 70<CR><LF>`t0stop crop 4 280, 0, 28, 36, 170, 146<CR><LF>`t0stop crop 4 28, 0, 28, 36, 200, 146<CR><LF>`t0stop crop 4 168, 0, 28, 36, 230, 146<CR><LF>`t0stop crop 4 0, 0, 28, 36, 260, 146<CR><LF>`t0stop crop 4 280, 0, 28, 36, 170, 190<CR><LF>`t0stop crop 4 280, 0, 28, 36, 200, 190<CR><LF>`t0stop crop 4 280, 0, 28, 36, 230, 190<CR><LF>`t0stop crop 4 0, 0, 28, 36, 260, 190<CR><LF>`t0stop crop 4 280, 0, 28, 36, 170, 234<CR><LF>`t0stop crop 4 280, 0, 28, 36, 200, 234<CR><LF>`t0stop crop 4 280, 0, 28, 36, 230, 234<CR><LF>`t0stop crop 4 280, 0, 28, 36, 260, 234<CR><LF>`t0stop crop 4 0, 0, 28, 36, 290, 234<CR><LF>`t0stop update<CR><LF>
[2026-09-22T23:40:44.181] `t0stop PC_KEY<CR><LF>
[2026-09-22T23:40:44.294] `t0stop PC_KEY<CR><LF>
[2026-09-22T23:40:44.406] `t0stop PC_KEY<CR><LF>
[2026-09-22T23:40:44.518] `t0stop PC_KEY<CR><LF>
[2026-09-22T23:40:44.650] `t0stop PC_KEY<CR><LF>`t0stop crop 2 0, 140, 456, 28, 12, 36<CR><LF>`t0stop crop 3 0, 256, 456, 64, 12, 70<CR><LF>`t0stop crop 4 280, 0, 28, 36, 170, 146<CR><LF>`t0stop crop 4 56, 0, 28, 36, 200, 146<CR><LF>`t0stop crop 4 112, 0, 28, 36, 230, 146<CR><LF>`t0stop crop 4 84, 0, 28, 36, 260, 146<CR><LF>`t0stop crop 4 280, 0, 28, 36, 170, 190<CR><LF>`t0stop crop 4 280, 0, 28, 36, 200, 190<CR><LF>`t0stop crop 4 280, 0, 28, 36, 230, 190<CR><LF>`t0stop crop 4 0, 0, 28, 36, 260, 190<CR><LF>`t0stop crop 4 280, 0, 28, 36, 170, 234<CR><LF>`t0stop crop 4 280, 0, 28, 36, 200, 234<CR><LF>`t0stop crop 4 280, 0, 28, 36, 230, 234<CR><LF>`t0stop crop 4 280, 0, 28, 36, 260, 234<CR><LF>`t0stop crop 4 0, 0, 28, 36, 290, 234<CR><LF>`t0stop update<CR><LF>
[2026-09-22T23:40:44.745] `t0stop PC_KEY<CR><LF>
[2026-09-22T23:40:44.861] `t0stop PC_KEY<CR><LF>
[2026-09-22T23:40:44.971] `t0stop PC_KEY<CR><LF>
[2026-09-22T23:40:45.084] `t0stop PC_KEY<CR><LF>
[2026-09-22T23:40:45.215] `t0stop PC_KEY<CR><LF>`t0stop crop 2 0, 140, 456, 28, 12, 36<CR><LF>`t0stop crop 3 0, 256, 456, 64, 12, 70<CR><LF>`t0stop crop 4 280, 0, 28, 36, 170, 146<CR><LF>`t0stop crop 4 84, 0, 28, 36, 200, 146<CR><LF>`t0stop crop 4 84, 0, 28, 36, 230, 146<CR><LF>`t0stop crop 4 84, 0, 28, 36, 260, 146<CR><LF>`t0stop crop 4 280, 0, 28, 36, 170, 190<CR><LF>`t0stop crop 4 280, 0, 28, 36, 200, 190<CR><LF>`t0stop crop 4 280, 0, 28, 36, 230, 190<CR><LF>`t0stop crop 4 0, 0, 28, 36, 260, 190<CR><LF>`t0stop crop 4 280, 0, 28, 36, 170, 234<CR><LF>`t0stop crop 4 280, 0, 28, 36, 200, 234<CR><LF>`t0stop crop 4 280, 0, 28, 36, 230, 234<CR><LF>`t0stop crop 4 280, 0, 28, 36, 260, 234<CR><LF>`t0stop crop 4 0, 0, 28, 36, 290, 234<CR><LF>`t0stop update<CR><LF>
[2026-09-22T23:40:45.313] `t0stop PC_KEY<CR><LF>
[2026-09-22T23:40:45.423] `t0stop PC_KEY<CR><LF>
[2026-09-22T23:40:45.535] `t0stop PC_KEY<CR><LF>
[2026-09-22T23:40:45.647] `t0stop PC_KEY<CR><LF>
[2026-09-22T23:40:45.779] `t0stop PC_KEY<CR><LF>`t0stop crop 2 0, 140, 456, 28, 12, 36<CR><LF>`t0stop crop 3 0, 256, 456, 64, 12, 70<CR><LF>`t0stop crop 4 280, 0, 28, 36, 170, 146<CR><LF>`t0stop crop 4 112, 0, 28, 36, 200, 146<CR><LF>`t0stop crop 4 56, 0, 28, 36, 230, 146<CR><LF>`t0stop crop 4 84, 0, 28, 36, 260, 146<CR><LF>`t0stop crop 4 280, 0, 28, 36, 170, 190<CR><LF>`t0stop crop 4 280, 0, 28, 36, 200, 190<CR><LF>`t0stop crop 4 280, 0, 28, 36, 230, 190<CR><LF>`t0stop crop 4 0, 0, 28, 36, 260, 190<CR><LF>`t0stop crop 4 280, 0, 28, 36, 170, 234<CR><LF>`t0stop crop 4 280, 0, 28, 36, 200, 234<CR><LF>`t0stop crop 4 280, 0, 28, 36, 230, 234<CR><LF>`t0stop crop 4 280, 0, 28, 36, 260, 234<CR><LF>`t0stop crop 4 0, 0, 28, 36, 290, 234<CR><LF>`t0stop update<CR><LF>
[2026-09-22T23:40:45.875] `t0stop PC_KEY<CR><LF>
[2026-09-22T23:40:45.987] `t0stop PC_KEY<CR><LF>
[2026-09-22T23:40:46.098] `t0stop PC_KEY<CR><LF>
[2026-09-22T23:40:46.210] `t0stop PC_KEY<CR><LF>
[2026-09-22T23:40:46.343] `t0stop PC_KEY<CR><LF>`t0stop crop 2 0, 140, 456, 28, 12, 36<CR><LF>`t0stop crop 3 0, 256, 456, 64, 12, 70<CR><LF>`t0stop crop 4 280, 0, 28, 36, 170, 146<CR><LF>`t0stop crop 4 140, 0, 28, 36, 200, 146<CR><LF>`t0stop crop 4 0, 0, 28, 36, 230, 146<CR><LF>`t0stop crop 4 196, 0, 28, 36, 260, 146<CR><LF>`t0stop crop 4 280, 0, 28, 36, 170, 190<CR><LF>`t0stop crop 4 280, 0, 28, 36, 200, 190<CR><LF>`t0stop crop 4 280, 0, 28, 36, 230, 190<CR><LF>`t0stop crop 4 0, 0, 28, 36, 260, 190<CR><LF>`t0stop crop 4 280, 0, 28, 36, 170, 234<CR><LF>`t0stop crop 4 280, 0, 28, 36, 200, 234<CR><LF>`t0stop crop 4 280, 0, 28, 36, 230, 234<CR><LF>`t0stop crop 4 280, 0, 28, 36, 260, 234<CR><LF>`t0stop crop 4 0, 0, 28, 36, 290, 234<CR><LF>`t0stop update<CR><LF>
[2026-09-22T23:40:46.440] `t0stop PC_KEY<CR><LF>
[2026-09-22T23:40:46.553] `t0stop PC_KEY<CR><LF>
[2026-09-22T23:40:46.663] `t0stop PC_KEY<CR><LF>
[2026-09-22T23:40:46.775] `t0stop PC_KEY<CR><LF>
[2026-09-22T23:40:46.906] `t0stop PC_KEY<CR><LF>`t0stop crop 2 0, 140, 456, 28, 12, 36<CR><LF>`t0stop crop 3 0, 256, 456, 64, 12, 70<CR><LF>`t0stop crop 4 280, 0, 28, 36, 170, 146<CR><LF>`t0stop crop 4 140, 0, 28, 36, 200, 146<CR><LF>`t0stop crop 4 224, 0, 28, 36, 230, 146<CR><LF>`t0stop crop 4 0, 0, 28, 36, 260, 146<CR><LF>`t0stop crop 4 280, 0, 28, 36, 170, 190<CR><LF>`t0stop crop 4 280, 0, 28, 36, 200, 190<CR><LF>`t0stop crop 4 280, 0, 28, 36, 230, 190<CR><LF>`t0stop crop 4 0, 0, 28, 36, 260, 190<CR><LF>`t0stop crop 4 280, 0, 28, 36, 170, 234<CR><LF>`t0stop crop 4 280, 0, 28, 36, 200, 234<CR><LF>`t0stop crop 4 280, 0, 28, 36, 230, 234<CR><LF>`t0stop crop 4 280, 0, 28, 36, 260, 234<CR><LF>`t0stop crop 4 0, 0, 28, 36, 290, 234<CR><LF>`t0stop update<CR><LF>
[2026-09-22T23:40:47.004] `t0stop PC_KEY<CR><LF>
[2026-09-22T23:40:47.115] `t0stop PC_KEY<CR><LF>
[2026-09-22T23:40:47.230] `t0stop PC_KEY<CR><LF>
[2026-09-22T23:40:47.340] `t0stop PC_KEY<CR><LF>
[2026-09-22T23:40:47.471] `t0stop PC_KEY<CR><LF>`t0stop crop 2 0, 140, 456, 28, 12, 36<CR><LF>`t0stop crop 3 0, 256, 456, 64, 12, 70<CR><LF>`t0stop crop 4 280, 0, 28, 36, 170, 146<CR><LF>`t0stop crop 4 140, 0, 28, 36, 200, 146<CR><LF>`t0stop crop 4 224, 0, 28, 36, 230, 146<CR><LF>`t0stop crop 4 112, 0, 28, 36, 260, 146<CR><LF>`t0stop crop 4 280, 0, 28, 36, 170, 190<CR><LF>`t0stop crop 4 280, 0, 28, 36, 200, 190<CR><LF>`t0stop crop 4 280, 0, 28, 36, 230, 190<CR><LF>`t0stop crop 4 0, 0, 28, 36, 260, 190<CR><LF>`t0stop crop 4 280, 0, 28, 36, 170, 234<CR><LF>`t0stop crop 4 280, 0, 28, 36, 200, 234<CR><LF>`t0stop crop 4 280, 0, 28, 36, 230, 234<CR><LF>`t0stop crop 4 280, 0, 28, 36, 260, 234<CR><LF>`t0stop crop 4 0, 0, 28, 36, 290, 234<CR><LF>`t0stop update<CR><LF>
[2026-09-22T23:40:47.567] `t0stop PC_KEY<CR><LF>
[2026-09-22T23:40:47.680] `t0stop PC_KEY<CR><LF>
[2026-09-22T23:40:47.792] `t0stop PC_KEY<CR><LF>
[2026-09-22T23:40:47.904] `t0stop PC_KEY<CR><LF>
[2026-09-22T23:40:48.036] `t0stop PC_KEY<CR><LF>`t0stop crop 2 0, 140, 456, 28, 12, 36<CR><LF>`t0stop crop 3 0, 256, 456, 64, 12, 70<CR><LF>`t0stop crop 4 280, 0, 28, 36, 170, 146<CR><LF>`t0stop crop 4 140, 0, 28, 36, 200, 146<CR><LF>`t0stop crop 4 224, 0, 28, 36, 230, 146<CR><LF>`t0stop crop 4 112, 0, 28, 36, 260, 146<CR><LF>`t0stop crop 4 280, 0, 28, 36, 170, 190<CR><LF>`t0stop crop 4 280, 0, 28, 36, 200, 190<CR><LF>`t0stop crop 4 280, 0, 28, 36, 230, 190<CR><LF>`t0stop crop 4 0, 0, 28, 36, 260, 190<CR><LF>`t0stop crop 4 280, 0, 28, 36, 170, 234<CR><LF>`t0stop crop 4 280, 0, 28, 36, 200, 234<CR><LF>`t0stop crop 4 280, 0, 28, 36, 230, 234<CR><LF>`t0stop crop 4 280, 0, 28, 36, 260, 234<CR><LF>`t0stop crop 4 0, 0, 28, 36, 290, 234<CR><LF>`t0stop update<CR><LF>
[2026-09-22T23:40:48.131] `t0stop PC_KEY<CR><LF>
[2026-09-22T23:40:48.243] `t0stop PC_KEY<CR><LF>
[2026-09-22T23:40:48.355] `t0stop PC_KEY<CR><LF>
[2026-09-22T23:40:48.469] `t0stop PC_KEY<CR><LF>
[2026-09-22T23:40:48.600] `t0stop PC_KEY<CR><LF>`t0stop crop 2 0, 140, 456, 28, 12, 36<CR><LF>`t0stop crop 3 0, 256, 456, 64, 12, 70<CR><LF>`t0stop crop 4 280, 0, 28, 36, 170, 146<CR><LF>`t0stop crop 4 140, 0, 28, 36, 200, 146<CR><LF>`t0stop crop 4 224, 0, 28, 36, 230, 146<CR><LF>`t0stop crop 4 112, 0, 28, 36, 260, 146<CR><LF>`t0stop crop 4 280, 0, 28, 36, 170, 190<CR><LF>`t0stop crop 4 280, 0, 28, 36, 200, 190<CR><LF>`t0stop crop 4 280, 0, 28, 36, 230, 190<CR><LF>`t0stop crop 4 0, 0, 28, 36, 260, 190<CR><LF>`t0stop crop 4 280, 0, 28, 36, 170, 234<CR><LF>`t0stop crop 4 280, 0, 28, 36, 200, 234<CR><LF>`t0stop crop 4 280, 0, 28, 36, 230, 234<CR><LF>`t0stop crop 4 280, 0, 28, 36, 260, 234<CR><LF>`t0stop crop 4 0, 0, 28, 36, 290, 234<CR><LF>`t0stop update<CR><LF>
[2026-09-22T23:40:48.695] `t0stop PC_KEY<CR><LF>
[2026-09-22T23:40:48.808] `t0stop PC_KEY<CR><LF>
[2026-09-22T23:40:48.920] `t0stop PC_KEY<CR><LF>
[2026-09-22T23:40:49.032] `t0stop PC_KEY<CR><LF>
[2026-09-22T23:40:49.119] `t0stop PC_KEY<CR><LF>`t0stop crop 2 0, 140, 456, 28, 12, 36<CR><LF>`t0stop crop 3 0, 256, 456, 64, 12, 70<CR><LF>`t0stop crop 4 280, 0, 28, 36, 170, 146<CR><LF>`t0stop crop 4 140, 0, 28, 36, 200, 146<CR><LF>`t0stop crop 4 224, 0, 28, 36, 230, 146<CR><LF>`t0stop crop 4 112, 0, 28, 36, 260, 146<CR><LF>`t0stop crop 4 280, 0, 28, 36, 170, 190<CR><LF>`t0stop crop 4 280, 0, 28, 36, 200, 190<CR><LF>`t0stop crop 4 280, 0, 28, 36, 230, 190<CR><LF>`t0stop crop 4 0, 0, 28, 36, 260, 190<CR><LF>`t0stop crop 4 280, 0, 28, 36, 170, 234<CR><LF>`t0stop crop 4 280, 0, 28, 36, 200, 234<CR><LF>`t0stop crop 4 280, 0, 28, 36, 230, 234<CR><LF>`t0stop crop 4 280, 0, 28, 36, 260, 234<CR><LF>`t0stop crop 4 0, 0, 28, 36, 290, 234<CR><LF>`t0stop update<CR><LF>`t0stop crop 2 0, 140, 456, 28, 12, 36<CR><LF>`t0stop crop 3 0, 320, 456, 64, 12, 70<CR><LF>`t0stop crop 4 280, 0, 28, 36, 170, 146<CR><LF>`t0stop crop 4 140, 0, 28, 36, 200, 146<CR><LF>`t0stop crop 4 224, 0, 28, 36, 230, 146<CR><LF>`t0stop crop 4 112, 0, 28, 36, 260, 146<CR><LF>`t0stop crop 4 280, 0, 28, 36, 170, 190<CR><LF>`t0stop crop 4 280, 0, 28, 36, 200, 190<CR><LF>`t0stop crop 4 280, 0, 28, 36, 230, 190<CR><LF>`t0stop crop 4 0, 0, 28, 36, 260, 190<CR><LF>`t0stop crop 4 280, 0, 28, 36, 170, 234<CR><LF>`t0stop crop 4 280, 0, 28, 36, 200, 234<CR><LF>`t0stop crop 4 280, 0, 28, 36, 230, 234<CR><LF>`t0stop crop 4 280, 0, 28, 36, 260, 234<CR><LF>`t0stop crop 4 0, 0, 28, 36, 290, 234<CR><LF>`t0stop update<CR><LF>Cog0  T0-24,row,5,released,hand_ticks,584,release_span_ms,106
[2026-09-22T23:40:49.501] Cog0  T0-24,row,5,coast,after_ticks,0,after_ms,0,half_ms,0
[2026-09-22T23:40:49.502] Cog0  T0-24,row,5,set_up,TRUE,hand_ticks,584,after_ticks,0,after_ms,0,half_ms,0,release_span_ms,106,still_faulted,FALSE,protective,0,measured,TRUE
[2026-09-22T23:40:49.506] `t0stop crop 2 0, 140, 456, 28, 12, 36<CR><LF>`t0stop crop 3 0, 384, 456, 64, 12, 70<CR><LF>`t0stop crop 4 280, 0, 28, 36, 170, 146<CR><LF>`t0stop crop 4 140, 0, 28, 36, 200, 146<CR><LF>`t0stop crop 4 224, 0, 28, 36, 230, 146<CR><LF>`t0stop crop 4 112, 0, 28, 36, 260, 146<CR><LF>`t0stop crop 4 280, 0, 28, 36, 170, 190<CR><LF>`t0stop crop 4 280, 0, 28, 36, 200, 190<CR><LF>`t0stop crop 4 280, 0, 28, 36, 230, 190<CR><LF>`t0stop crop 4 0, 0, 28, 36, 260, 190<CR><LF>`t0stop crop 4 280, 0, 28, 36, 170, 234<CR><LF>`t0stop crop 4 280, 0, 28, 36, 200, 234<CR><LF>`t0stop crop 4 280, 0, 28, 36, 230, 234<CR><LF>`t0stop crop 4 280, 0, 28, 36, 260, 234<CR><LF>`t0stop crop 4 0, 0, 28, 36, 290, 234<CR><LF>`t0stop update<CR><LF>Cog0  SIGNOFF,sf,1,bin,T0,cell,R17-T0-HOLDPWR,task,3578,motor,RIGHT,crit,TURN_RECORDS_FAULT,measured,TRUE,lo,TRUE,hi,TRUE,units,BOOL,n,1,verdict,PASS
[2026-09-22T23:40:49.507] Cog0  SIGNOFF,sf,1,bin,T0,cell,R17-T0-RESTCOAST,task,3578,motor,RIGHT,crit,COAST_HALF_MS,measured,0,lo,150,hi,20_000,units,MS,n,1,verdict,FAIL
[2026-09-22T23:40:49.507] Cog0  SIGNOFF,sf,1,bin,T0,cell,R17-T0-RESTSHORT,task,3578,motor,RIGHT,crit,SHORT_HALF_MS,measured,0,lo,0,hi,60,units,MS,n,1,verdict,PASS
[2026-09-22T23:40:49.508] Cog0  SIGNOFF,sf,1,bin,T0,cell,R17-T0-STOPGAP,task,3578,motor,RIGHT,crit,COAST_LESS_SHORT_MS,measured,0,lo,100,hi,20_000,units,MS,n,1,verdict,FAIL
[2026-09-22T23:40:49.509] Cog0  SIGNOFF,sf,1,bin,T0,cell,R17-T0-FLTCOAST,task,3578,motor,RIGHT,crit,FLT_COAST_HALF_AND_FAULTED,measured,NA,lo,TRUE,hi,TRUE,units,BOOL,n,0,verdict,NOMEAS
[2026-09-22T23:40:49.510] Cog0  SIGNOFF,sf,1,bin,T0,cell,R17-T0-FLTSHORT,task,3578,motor,RIGHT,crit,FLT_SHORT_HALF_AND_FAULTED,measured,NA,lo,TRUE,hi,TRUE,units,BOOL,n,0,verdict,NOMEAS
[2026-09-22T23:40:49.511] Cog0  SIGNOFF,sf,1,bin,T0,cell,R17-T0-FLTGAP,task,3578,motor,RIGHT,crit,FLTCOAST_LESS_FLTHOLD_MS,measured,NA,lo,100,hi,20_000,units,MS,n,0,verdict,NOMEAS
[2026-09-22T23:40:49.511] Cog0  SIGNOFF,sf,1,bin,T0,cell,R17-T0-FREEREF,task,3578,motor,RIGHT,crit,FREE_HALF_MS,measured,0,lo,150,hi,20_000,units,MS,n,1,verdict,FAIL
[2026-09-22T23:40:49.517] `t0stop crop 2 0, 168, 456, 28, 12, 36<CR><LF>`t0stop crop 3 0, 448, 456, 64, 12, 70<CR><LF>`t0stop crop 4 280, 0, 28, 36, 170, 146<CR><LF>`t0stop crop 4 280, 0, 28, 36, 200, 146<CR><LF>`t0stop crop 4 280, 0, 28, 36, 230, 146<CR><LF>`t0stop crop 4 0, 0, 28, 36, 260, 146<CR><LF>`t0stop crop 4 280, 0, 28, 36, 170, 190<CR><LF>`t0stop crop 4 280, 0, 28, 36, 200, 190<CR><LF>`t0stop crop 4 280, 0, 28, 36, 230, 190<CR><LF>`t0stop crop 4 0, 0, 28, 36, 260, 190<CR><LF>`t0stop crop 4 280, 0, 28, 36, 170, 234<CR><LF>`t0stop crop 4 280, 0, 28, 36, 200, 234<CR><LF>`t0stop crop 4 280, 0, 28, 36, 230, 234<CR><LF>`t0stop crop 4 280, 0, 28, 36, 260, 234<CR><LF>`t0stop crop 4 0, 0, 28, 36, 290, 234<CR><LF>`t0stop update<CR><LF>Cog0  T0-24,end
[2026-09-22T23:40:49.517] Cog0  T0-TRAP,code,0
[2026-09-22T23:40:49.517] Cog0  * test_bench_t0 -- DONE
[2026-09-22T23:40:49.533] Cog0  DEBUG_END_SESSION

=== Debug Logger Session Ended at 2026-09-22T23:40:49.536 ===
