=== Debug Logger Session Started at 2026-09-21T22:31:11.610 ===
PNut-Term-TS: v1.0.8
Program: debug
=====================================

[2026-09-21T22:31:11.506] [SYSTEM] BAUD_RATE_SET 2000000 baud (preferences/default)

=== Session ended - Download Started at 2026-09-21T22:31:11.741 ===
=== Debug Logger Session Started at 2026-09-21T22:31:11.745 ===
PNut-Term-TS: v1.0.8
Program: debug
=====================================

[2026-09-21T22:31:11.742] [SYSTEM] [DOWNLOAD TO RAM] File: test_bench_scan.bin | Size: 55246 bytes | Modified: 2026-09-22T04:31:10.729Z
[2026-09-21T22:31:11.744] [SYSTEM] Download Session Started
[2026-09-21T22:31:13.210] [SYSTEM] [DOWNLOAD SUCCESS] test_bench_scan.bin successfully downloaded to RAM
[2026-09-21T22:31:13.212] Cog0  INIT $0000_0000 $0000_0000 load
[2026-09-21T22:31:13.215] Cog0  INIT $0000_0FA8 $0000_E460 jump
[2026-09-21T22:31:13.227] Cog1  INIT $0000_0FA8 $0000_CD30 jump
[2026-09-21T22:31:13.227] Cog0  BS-WDSTART,started,TRUE,cog,1
[2026-09-21T22:31:13.228] Cog0  BS-BANNER,src_rev,18,fmt,11,cfg_id,BENCH,frame,MOTOR,clkfreq,270_000_000,left_base,32,right_base,16,voltage_enum,6,det_mode,30,motor_type,0,def_neg_deg,43,def_pos_deg,317
[2026-09-21T22:31:13.229] Cog0  BS-BUILD,wd_selftest,FALSE,droop_selftest,FALSE,sf,1,zxs_starts,5,zxs_max_mV_x10,50
[2026-09-21T22:31:13.230] Cog0  SIGNOFF-DECL,sf,1,bin,SCAN,cell,R1-SCAN-COGOK,task,3499
[2026-09-21T22:31:13.230] Cog0  SIGNOFF-DECL,sf,1,bin,SCAN,cell,R2-SCAN-REVB,task,3500
[2026-09-21T22:31:13.231] Cog0  SIGNOFF-DECL,sf,1,bin,SCAN,cell,R3-SCAN-INTEG,task,3501
[2026-09-21T22:31:13.232] Cog0  SIGNOFF-DECL,sf,1,bin,SCAN,cell,R5-SCAN-SELF,task,3503
[2026-09-21T22:31:13.232] Cog0  SIGNOFF-DECL,sf,1,bin,SCAN,cell,R6-SCAN-OFFSETS,task,3519
[2026-09-21T22:31:13.233] Cog0  SIGNOFF-DECL,sf,1,bin,SCAN,cell,R7-SCAN-STARTILL,task,3524
[2026-09-21T22:31:13.233] Cog0  SIGNOFF-DECL,sf,1,bin,SCAN,cell,R11-SCAN-NOSTALL,task,3534
[2026-09-21T22:31:13.234] Cog0  SIGNOFF-DECL,sf,1,bin,SCAN,cell,R12-SCAN-ALIVE,task,3535
[2026-09-21T22:31:13.235] Cog0  SIGNOFF-DECL,sf,1,bin,SCAN,cell,R12-SCAN-RATE,task,3535
[2026-09-21T22:31:13.235] Cog0  SIGNOFF-DECL,sf,1,bin,SCAN,cell,R8-SCAN-ZXS,task,3529
[2026-09-21T22:31:13.236] Cog0  SIGNOFF-DECL,sf,1,bin,SCAN,cell,R18-SCAN-LEGBRACKET,task,3530
[2026-09-21T22:31:13.237] Cog0  SIGNOFF-DECL,sf,1,bin,SCAN,cell,R9-SCAN-OWNZERO,task,3530
[2026-09-21T22:31:13.237] Cog0  SIGNOFF-DECL,sf,1,bin,SCAN,cell,R9-SCAN-PAIR2,task,3530
[2026-09-21T22:31:13.238] Cog0  SIGNOFF-DECL,sf,1,bin,SCAN,cell,R10-SCAN-RSTALONE,task,3533
[2026-09-21T22:31:13.239] Cog0  SIGNOFF-DECL,sf,1,bin,SCAN,cell,R18-SCAN-FOLLOW,task,3594
[2026-09-21T22:31:13.241] Cog0  BS-DRIVE,ceiling_incre,147_000_000,qtr_incre,36_750_000,half_incre,73_500_000,preflight_incre,18_375_000,jog_incre,36_750_000
[2026-09-21T22:31:13.243] Cog0  BS-LIMITS,abs_abort_mV,1_500,fold_back_a,40,abs_abort_samples,4,point_abort_x100,250,point_abort_ceil_mV,1_200,point_abort_samples,40,run_time_cap_s,1_800,run_charge_cap_mVs,432_000,run_fault_cap,24,run_abort_i_cap,16
[2026-09-21T22:31:13.245] Cog0  BS-LIMITS2,leg_fault_cap,3,side_fault_stop,2,hard_limit_deg,90,drift_flag_pct,8,imbalance_pct,10,fault_rise_pct,4,zero_spread_max_mV,10,zero_abs_max_mV,300
[2026-09-21T22:31:13.247] Cog0  BS-PLAN-T,sample_ms,5,settle_ms,1_000,steady_timeout_ms,4_000,stop_timeout_ms,3_000,rest_ms,500,fault_cool_ms,5_000,jog_ms,1_000,batch_ticks,30,win_ticks_coarse,180,win_ticks_fine,270,win_ticks_self,450,win_ticks_half,540
[2026-09-21T22:31:13.250] Cog0  BS-PLAN-S,coarse_step_deg,10,fine_step_deg,5,cliff_half_step_deg,2,fine_half_deg,20,extend_pts,4,confirm_half_deg,15,confirm_extend_pts,2,rise_pct,15,min_past,2,fit_min_pts,6,confirm_min_pts,5
[2026-09-21T22:31:13.251] Cog0  BS-BANDS,pos_qtr_lo_mV,68,pos_qtr_hi_mV,114,neg_qtr_lo_mV,127,neg_qtr_hi_mV,212,ratio_lo_x1000,1_550,ratio_hi_x1000,2_200,zero_lo_mV,-10,zero_hi_mV,30,rate_qtr_lo,90,rate_qtr_hi,106,rate_half_lo,182,rate_half_hi,212,pos_qtr_net_lo_mV,59,pos_qtr_net_hi_mV,105,neg_qtr_net_lo_mV,118,neg_qtr_net_hi_mV,203
[2026-09-21T22:31:13.256] Cog0  * PANIC PROCEDURE IS PHYSICAL BATTERY DISCONNECT ONLY -- emergencyCutoff() is a software stop and is NOT a panic button
[2026-09-21T22:31:13.256] Cog0  *VAL* legalBasePin = 32
[2026-09-21T22:31:13.258] Cog0  *VAL* legalVoltage = 6
[2026-09-21T22:31:13.258] Cog0  *VAL* legalMode = 30
[2026-09-21T22:31:13.258] Cog0  --- pinSum = 95, 64010 Rev B, highTimeUs = 73
[2026-09-21T22:31:13.259] Cog0  MOT: fwdDegrees = 14, offset_fwd = $09F4_9F49
[2026-09-21T22:31:13.259] Cog0       revDegrees = 338, offset_rev = $F05B_05B0
[2026-09-21T22:31:13.259] Cog0   - Calc FRAME: frame_cnt = 6_136
[2026-09-21T22:31:13.260] Cog0  * init values dead_gap = 70, pwm_limit = 3_033, adc_fram = 6_136, duty_min = 1_600, duty_max = 24_264
[2026-09-21T22:31:13.261] Cog0  *      values duty_up = 18, duty_dn = 4, cfg_ctcks = 135_000
[2026-09-21T22:31:13.261] Cog0  * ENTRY CFG userVoltage = 6, index = 6
[2026-09-21T22:31:13.262] Cog0  * EXIT 2 CFG eUserSelectedVolts = 6 maxFwdIncreAtPwr = 147_000_000 minFwdIncreAtPwr = 544_628
[2026-09-21T22:31:13.262] Cog0  -MOT- inincr = 0 nTgtIncr = $0000_0000 0 sync = 0
[2026-09-21T22:31:13.262] Cog0  * Motor COG #2
[2026-09-21T22:31:13.262] Cog2  INIT $0000_8E3A $0000_D4C3 load
[2026-09-21T22:31:13.277] Cog3  INIT $0000_0FA8 $0000_D093 jump
[2026-09-21T22:31:13.277] Cog0  * Front COG #3
[2026-09-21T22:31:14.273] Cog0  BLDC: getBoardType() driver running, not measured; returning revision recorded at start 22
[2026-09-21T22:31:14.274] Cog0  MOT:  offset_fwd_degrees = 43, offset_fwd = $1E93_E93E
[2026-09-21T22:31:14.275] Cog0   (ind)offset_rev_degrees = 317, offset_rev = $E16C_16C1
[2026-09-21T22:31:14.276] Cog0  BS-START,motor,LEFT,base,32,cog,2,cog_ok,TRUE,board_rev,22,rev_b,TRUE,board_id,REV_B,init_neg_deg,14,init_pos_deg,338,neg_deg,43,pos_deg,317,offsets_ok,TRUE,missed,0,illegal,0,integ_ok,TRUE,result,OK
[2026-09-21T22:31:14.277] Cog3  -MOT- inincr = 18_375_000 nTgtIncr = $0118_6158 0 sync = 0
[2026-09-21T22:31:14.981] Cog3  -MOT- inincr = 0 nTgtIncr = $0000_0000 0 sync = 0
[2026-09-21T22:31:15.173] Cog0  BS-PREFLIGHT,motor,LEFT,base,32,ticks,13,moved,TRUE
[2026-09-21T22:31:15.179] Cog0  *VAL* legalBasePin = 16
[2026-09-21T22:31:15.179] Cog0  *VAL* legalVoltage = 6
[2026-09-21T22:31:15.180] Cog0  *VAL* legalMode = 30
[2026-09-21T22:31:15.181] Cog0  --- pinSum = 94, 64010 Rev B, highTimeUs = 72
[2026-09-21T22:31:15.181] Cog0  MOT: fwdDegrees = 14, offset_fwd = $09F4_9F49
[2026-09-21T22:31:15.181] Cog0       revDegrees = 338, offset_rev = $F05B_05B0
[2026-09-21T22:31:15.181] Cog0   - Calc FRAME: frame_cnt = 6_136
[2026-09-21T22:31:15.182] Cog0  * init values dead_gap = 70, pwm_limit = 3_033, adc_fram = 6_136, duty_min = 1_600, duty_max = 24_264
[2026-09-21T22:31:15.182] Cog0  *      values duty_up = 18, duty_dn = 4, cfg_ctcks = 135_000
[2026-09-21T22:31:15.183] Cog0  * ENTRY CFG userVoltage = 6, index = 6
[2026-09-21T22:31:15.183] Cog0  * EXIT 2 CFG eUserSelectedVolts = 6 maxFwdIncreAtPwr = 147_000_000 minFwdIncreAtPwr = 544_628
[2026-09-21T22:31:15.183] Cog0  -MOT- inincr = 0 nTgtIncr = $0000_0000 0 sync = 0
[2026-09-21T22:31:15.184] Cog0  * Motor COG #2
[2026-09-21T22:31:15.184] Cog2  INIT $0000_8E3A $0000_DCAF load
[2026-09-21T22:31:15.200] Cog3  INIT $0000_0FA8 $0000_D87F jump
[2026-09-21T22:31:15.200] Cog0  * Front COG #3
[2026-09-21T22:31:16.196] Cog0  BLDC: getBoardType() driver running, not measured; returning revision recorded at start 22
[2026-09-21T22:31:16.196] Cog0  MOT:  offset_fwd_degrees = 43, offset_fwd = $1E93_E93E
[2026-09-21T22:31:16.197] Cog0   (ind)offset_rev_degrees = 317, offset_rev = $E16C_16C1
[2026-09-21T22:31:16.199] Cog0  BS-START,motor,RIGHT,base,16,cog,2,cog_ok,TRUE,board_rev,22,rev_b,TRUE,board_id,REV_B,init_neg_deg,14,init_pos_deg,338,neg_deg,43,pos_deg,317,offsets_ok,TRUE,missed,0,illegal,0,integ_ok,TRUE,result,OK
[2026-09-21T22:31:16.215] Cog3  -MOT- inincr = 18_375_000 nTgtIncr = $0118_6158 0 sync = 0
[2026-09-21T22:31:16.904] Cog3  -MOT- inincr = 0 nTgtIncr = $0000_0000 0 sync = 0
[2026-09-21T22:31:17.096] Cog0  BS-PREFLIGHT,motor,RIGHT,base,16,ticks,13,moved,TRUE
[2026-09-21T22:31:17.101] Cog0  *VAL* legalBasePin = 32
[2026-09-21T22:31:17.101] Cog0  *VAL* legalVoltage = 6
[2026-09-21T22:31:17.103] Cog0  *VAL* legalMode = 30
[2026-09-21T22:31:17.103] Cog0  --- pinSum = 97, 64010 Rev B, highTimeUs = 74
[2026-09-21T22:31:17.103] Cog0  MOT: fwdDegrees = 14, offset_fwd = $09F4_9F49
[2026-09-21T22:31:17.104] Cog0       revDegrees = 338, offset_rev = $F05B_05B0
[2026-09-21T22:31:17.104] Cog0   - Calc FRAME: frame_cnt = 6_136
[2026-09-21T22:31:17.104] Cog0  * init values dead_gap = 70, pwm_limit = 3_033, adc_fram = 6_136, duty_min = 1_600, duty_max = 24_264
[2026-09-21T22:31:17.105] Cog0  *      values duty_up = 18, duty_dn = 4, cfg_ctcks = 135_000
[2026-09-21T22:31:17.105] Cog0  * ENTRY CFG userVoltage = 6, index = 6
[2026-09-21T22:31:17.105] Cog0  * EXIT 2 CFG eUserSelectedVolts = 6 maxFwdIncreAtPwr = 147_000_000 minFwdIncreAtPwr = 544_628
[2026-09-21T22:31:17.106] Cog0  -MOT- inincr = 0 nTgtIncr = $0000_0000 0 sync = 0
[2026-09-21T22:31:17.106] Cog0  * Motor COG #2
[2026-09-21T22:31:17.106] Cog2  INIT $0000_8E3A $0000_D4C3 load
[2026-09-21T22:31:17.122] Cog3  INIT $0000_0FA8 $0000_D093 jump
[2026-09-21T22:31:17.122] Cog0  * Front COG #3
[2026-09-21T22:31:18.118] Cog0  BLDC: getBoardType() driver running, not measured; returning revision recorded at start 22
[2026-09-21T22:31:18.119] Cog0  MOT:  offset_fwd_degrees = 43, offset_fwd = $1E93_E93E
[2026-09-21T22:31:18.120] Cog0   (ind)offset_rev_degrees = 317, offset_rev = $E16C_16C1
[2026-09-21T22:31:18.136] Cog0  BS-START,motor,LEFT,base,32,cog,2,cog_ok,TRUE,board_rev,22,rev_b,TRUE,board_id,REV_B,init_neg_deg,14,init_pos_deg,338,neg_deg,43,pos_deg,317,offsets_ok,TRUE,missed,0,illegal,0,integ_ok,TRUE,result,OK
[2026-09-21T22:31:19.150] Cog0  BS-ZERO,motor,LEFT,phase,XSTART,samples,200,i_mean_mV_x10,78,i_min_mV,5,i_max_mV,11,frozen,FALSE,in_band,TRUE,health_ok,NA,u_mV_x10,518,v_mV_x10,585,w_mV_x10,587
[2026-09-21T22:31:19.641] Cog0  *VAL* legalBasePin = 32
[2026-09-21T22:31:19.641] Cog0  *VAL* legalVoltage = 6
[2026-09-21T22:31:19.642] Cog0  *VAL* legalMode = 30
[2026-09-21T22:31:19.643] Cog0  --- pinSum = 95, 64010 Rev B, highTimeUs = 73
[2026-09-21T22:31:19.643] Cog0  MOT: fwdDegrees = 14, offset_fwd = $09F4_9F49
[2026-09-21T22:31:19.643] Cog0       revDegrees = 338, offset_rev = $F05B_05B0
[2026-09-21T22:31:19.643] Cog0   - Calc FRAME: frame_cnt = 6_136
[2026-09-21T22:31:19.644] Cog0  * init values dead_gap = 70, pwm_limit = 3_033, adc_fram = 6_136, duty_min = 1_600, duty_max = 24_264
[2026-09-21T22:31:19.644] Cog0  *      values duty_up = 18, duty_dn = 4, cfg_ctcks = 135_000
[2026-09-21T22:31:19.644] Cog0  * ENTRY CFG userVoltage = 6, index = 6
[2026-09-21T22:31:19.645] Cog0  * EXIT 2 CFG eUserSelectedVolts = 6 maxFwdIncreAtPwr = 147_000_000 minFwdIncreAtPwr = 544_628
[2026-09-21T22:31:19.645] Cog0  -MOT- inincr = 0 nTgtIncr = $0000_0000 0 sync = 0
[2026-09-21T22:31:19.645] Cog0  * Motor COG #2
[2026-09-21T22:31:19.645] Cog2  INIT $0000_8E3A $0000_D4C3 load
[2026-09-21T22:31:19.661] Cog3  INIT $0000_0FA8 $0000_D093 jump
[2026-09-21T22:31:19.661] Cog0  * Front COG #3
[2026-09-21T22:31:20.658] Cog0  BLDC: getBoardType() driver running, not measured; returning revision recorded at start 22
[2026-09-21T22:31:20.658] Cog0  MOT:  offset_fwd_degrees = 43, offset_fwd = $1E93_E93E
[2026-09-21T22:31:20.659] Cog0   (ind)offset_rev_degrees = 317, offset_rev = $E16C_16C1
[2026-09-21T22:31:20.676] Cog0  BS-START,motor,LEFT,base,32,cog,2,cog_ok,TRUE,board_rev,22,rev_b,TRUE,board_id,REV_B,init_neg_deg,14,init_pos_deg,338,neg_deg,43,pos_deg,317,offsets_ok,TRUE,missed,0,illegal,0,integ_ok,TRUE,result,OK
[2026-09-21T22:31:21.689] Cog0  BS-ZERO,motor,LEFT,phase,XSTART,samples,200,i_mean_mV_x10,79,i_min_mV,5,i_max_mV,10,frozen,FALSE,in_band,TRUE,health_ok,NA,u_mV_x10,510,v_mV_x10,590,w_mV_x10,578
[2026-09-21T22:31:22.180] Cog0  *VAL* legalBasePin = 32
[2026-09-21T22:31:22.180] Cog0  *VAL* legalVoltage = 6
[2026-09-21T22:31:22.182] Cog0  *VAL* legalMode = 30
[2026-09-21T22:31:22.182] Cog0  --- pinSum = 95, 64010 Rev B, highTimeUs = 73
[2026-09-21T22:31:22.182] Cog0  MOT: fwdDegrees = 14, offset_fwd = $09F4_9F49
[2026-09-21T22:31:22.182] Cog0       revDegrees = 338, offset_rev = $F05B_05B0
[2026-09-21T22:31:22.182] Cog0   - Calc FRAME: frame_cnt = 6_136
[2026-09-21T22:31:22.183] Cog0  * init values dead_gap = 70, pwm_limit = 3_033, adc_fram = 6_136, duty_min = 1_600, duty_max = 24_264
[2026-09-21T22:31:22.183] Cog0  *      values duty_up = 18, duty_dn = 4, cfg_ctcks = 135_000
[2026-09-21T22:31:22.184] Cog0  * ENTRY CFG userVoltage = 6, index = 6
[2026-09-21T22:31:22.184] Cog0  * EXIT 2 CFG eUserSelectedVolts = 6 maxFwdIncreAtPwr = 147_000_000 minFwdIncreAtPwr = 544_628
[2026-09-21T22:31:22.184] Cog0  -MOT- inincr = 0 nTgtIncr = $0000_0000 0 sync = 0
[2026-09-21T22:31:22.185] Cog0  * Motor COG #2
[2026-09-21T22:31:22.185] Cog2  INIT $0000_8E3A $0000_D4C3 load
[2026-09-21T22:31:22.201] Cog3  INIT $0000_0FA8 $0000_D093 jump
[2026-09-21T22:31:22.201] Cog0  * Front COG #3
[2026-09-21T22:31:23.197] Cog0  BLDC: getBoardType() driver running, not measured; returning revision recorded at start 22
[2026-09-21T22:31:23.197] Cog0  MOT:  offset_fwd_degrees = 43, offset_fwd = $1E93_E93E
[2026-09-21T22:31:23.199] Cog0   (ind)offset_rev_degrees = 317, offset_rev = $E16C_16C1
[2026-09-21T22:31:23.215] Cog0  BS-START,motor,LEFT,base,32,cog,2,cog_ok,TRUE,board_rev,22,rev_b,TRUE,board_id,REV_B,init_neg_deg,14,init_pos_deg,338,neg_deg,43,pos_deg,317,offsets_ok,TRUE,missed,0,illegal,0,integ_ok,TRUE,result,OK
[2026-09-21T22:31:24.229] Cog0  BS-ZERO,motor,LEFT,phase,XSTART,samples,200,i_mean_mV_x10,78,i_min_mV,5,i_max_mV,10,frozen,FALSE,in_band,TRUE,health_ok,NA,u_mV_x10,516,v_mV_x10,587,w_mV_x10,579
[2026-09-21T22:31:24.719] Cog0  *VAL* legalBasePin = 32
[2026-09-21T22:31:24.719] Cog0  *VAL* legalVoltage = 6
[2026-09-21T22:31:24.721] Cog0  *VAL* legalMode = 30
[2026-09-21T22:31:24.721] Cog0  --- pinSum = 95, 64010 Rev B, highTimeUs = 73
[2026-09-21T22:31:24.721] Cog0  MOT: fwdDegrees = 14, offset_fwd = $09F4_9F49
[2026-09-21T22:31:24.722] Cog0       revDegrees = 338, offset_rev = $F05B_05B0
[2026-09-21T22:31:24.722] Cog0   - Calc FRAME: frame_cnt = 6_136
[2026-09-21T22:31:24.722] Cog0  * init values dead_gap = 70, pwm_limit = 3_033, adc_fram = 6_136, duty_min = 1_600, duty_max = 24_264
[2026-09-21T22:31:24.723] Cog0  *      values duty_up = 18, duty_dn = 4, cfg_ctcks = 135_000
[2026-09-21T22:31:24.723] Cog0  * ENTRY CFG userVoltage = 6, index = 6
[2026-09-21T22:31:24.723] Cog0  * EXIT 2 CFG eUserSelectedVolts = 6 maxFwdIncreAtPwr = 147_000_000 minFwdIncreAtPwr = 544_628
[2026-09-21T22:31:24.724] Cog0  -MOT- inincr = 0 nTgtIncr = $0000_0000 0 sync = 0
[2026-09-21T22:31:24.724] Cog0  * Motor COG #2
[2026-09-21T22:31:24.724] Cog2  INIT $0000_8E3A $0000_D4C3 load
[2026-09-21T22:31:24.740] Cog3  INIT $0000_0FA8 $0000_D093 jump
[2026-09-21T22:31:24.740] Cog0  * Front COG #3
[2026-09-21T22:31:25.737] Cog0  BLDC: getBoardType() driver running, not measured; returning revision recorded at start 22
[2026-09-21T22:31:25.737] Cog0  MOT:  offset_fwd_degrees = 43, offset_fwd = $1E93_E93E
[2026-09-21T22:31:25.738] Cog0   (ind)offset_rev_degrees = 317, offset_rev = $E16C_16C1
[2026-09-21T22:31:25.755] Cog0  BS-START,motor,LEFT,base,32,cog,2,cog_ok,TRUE,board_rev,22,rev_b,TRUE,board_id,REV_B,init_neg_deg,14,init_pos_deg,338,neg_deg,43,pos_deg,317,offsets_ok,TRUE,missed,0,illegal,0,integ_ok,TRUE,result,OK
[2026-09-21T22:31:26.768] Cog0  BS-ZERO,motor,LEFT,phase,XSTART,samples,200,i_mean_mV_x10,73,i_min_mV,4,i_max_mV,10,frozen,FALSE,in_band,TRUE,health_ok,NA,u_mV_x10,504,v_mV_x10,590,w_mV_x10,582
[2026-09-21T22:31:27.259] Cog0  *VAL* legalBasePin = 32
[2026-09-21T22:31:27.259] Cog0  *VAL* legalVoltage = 6
[2026-09-21T22:31:27.260] Cog0  *VAL* legalMode = 30
[2026-09-21T22:31:27.261] Cog0  --- pinSum = 94, 64010 Rev B, highTimeUs = 72
[2026-09-21T22:31:27.261] Cog0  MOT: fwdDegrees = 14, offset_fwd = $09F4_9F49
[2026-09-21T22:31:27.261] Cog0       revDegrees = 338, offset_rev = $F05B_05B0
[2026-09-21T22:31:27.261] Cog0   - Calc FRAME: frame_cnt = 6_136
[2026-09-21T22:31:27.262] Cog0  * init values dead_gap = 70, pwm_limit = 3_033, adc_fram = 6_136, duty_min = 1_600, duty_max = 24_264
[2026-09-21T22:31:27.262] Cog0  *      values duty_up = 18, duty_dn = 4, cfg_ctcks = 135_000
[2026-09-21T22:31:27.262] Cog0  * ENTRY CFG userVoltage = 6, index = 6
[2026-09-21T22:31:27.263] Cog0  * EXIT 2 CFG eUserSelectedVolts = 6 maxFwdIncreAtPwr = 147_000_000 minFwdIncreAtPwr = 544_628
[2026-09-21T22:31:27.263] Cog0  -MOT- inincr = 0 nTgtIncr = $0000_0000 0 sync = 0
[2026-09-21T22:31:27.263] Cog0  * Motor COG #2
[2026-09-21T22:31:27.263] Cog2  INIT $0000_8E3A $0000_D4C3 load
[2026-09-21T22:31:27.279] Cog3  INIT $0000_0FA8 $0000_D093 jump
[2026-09-21T22:31:27.279] Cog0  * Front COG #3
[2026-09-21T22:31:28.276] Cog0  BLDC: getBoardType() driver running, not measured; returning revision recorded at start 22
[2026-09-21T22:31:28.276] Cog0  MOT:  offset_fwd_degrees = 43, offset_fwd = $1E93_E93E
[2026-09-21T22:31:28.277] Cog0   (ind)offset_rev_degrees = 317, offset_rev = $E16C_16C1
[2026-09-21T22:31:28.294] Cog0  BS-START,motor,LEFT,base,32,cog,2,cog_ok,TRUE,board_rev,22,rev_b,TRUE,board_id,REV_B,init_neg_deg,14,init_pos_deg,338,neg_deg,43,pos_deg,317,offsets_ok,TRUE,missed,0,illegal,0,integ_ok,TRUE,result,OK
[2026-09-21T22:31:29.308] Cog0  BS-ZERO,motor,LEFT,phase,XSTART,samples,200,i_mean_mV_x10,82,i_min_mV,5,i_max_mV,11,frozen,FALSE,in_band,TRUE,health_ok,NA,u_mV_x10,515,v_mV_x10,584,w_mV_x10,583
[2026-09-21T22:31:29.798] Cog0  *VAL* legalBasePin = 32
[2026-09-21T22:31:29.798] Cog0  *VAL* legalVoltage = 6
[2026-09-21T22:31:29.800] Cog0  *VAL* legalMode = 30
[2026-09-21T22:31:29.800] Cog0  --- pinSum = 95, 64010 Rev B, highTimeUs = 73
[2026-09-21T22:31:29.800] Cog0  MOT: fwdDegrees = 14, offset_fwd = $09F4_9F49
[2026-09-21T22:31:29.800] Cog0       revDegrees = 338, offset_rev = $F05B_05B0
[2026-09-21T22:31:29.800] Cog0   - Calc FRAME: frame_cnt = 6_136
[2026-09-21T22:31:29.801] Cog0  * init values dead_gap = 70, pwm_limit = 3_033, adc_fram = 6_136, duty_min = 1_600, duty_max = 24_264
[2026-09-21T22:31:29.801] Cog0  *      values duty_up = 18, duty_dn = 4, cfg_ctcks = 135_000
[2026-09-21T22:31:29.802] Cog0  * ENTRY CFG userVoltage = 6, index = 6
[2026-09-21T22:31:29.802] Cog0  * EXIT 2 CFG eUserSelectedVolts = 6 maxFwdIncreAtPwr = 147_000_000 minFwdIncreAtPwr = 544_628
[2026-09-21T22:31:29.802] Cog0  -MOT- inincr = 0 nTgtIncr = $0000_0000 0 sync = 0
[2026-09-21T22:31:29.803] Cog0  * Motor COG #2
[2026-09-21T22:31:29.803] Cog2  INIT $0000_8E3A $0000_D4C3 load
[2026-09-21T22:31:29.819] Cog3  INIT $0000_0FA8 $0000_D093 jump
[2026-09-21T22:31:29.819] Cog0  * Front COG #3
[2026-09-21T22:31:30.815] Cog0  BLDC: getBoardType() driver running, not measured; returning revision recorded at start 22
[2026-09-21T22:31:30.815] Cog0  MOT:  offset_fwd_degrees = 43, offset_fwd = $1E93_E93E
[2026-09-21T22:31:30.816] Cog0   (ind)offset_rev_degrees = 317, offset_rev = $E16C_16C1
[2026-09-21T22:31:30.832] Cog0  BS-START,motor,LEFT,base,32,cog,2,cog_ok,TRUE,board_rev,22,rev_b,TRUE,board_id,REV_B,init_neg_deg,14,init_pos_deg,338,neg_deg,43,pos_deg,317,offsets_ok,TRUE,missed,0,illegal,0,integ_ok,TRUE,result,OK
[2026-09-21T22:31:31.847] Cog0  BS-ZERO,motor,LEFT,phase,ZERO_INIT,samples,200,i_mean_mV_x10,82,i_min_mV,5,i_max_mV,11,frozen,FALSE,in_band,TRUE,health_ok,TRUE,u_mV_x10,506,v_mV_x10,596,w_mV_x10,584
[2026-09-21T22:31:32.845] Cog0  BS-ZERO,motor,LEFT,phase,SELF,samples,200,i_mean_mV_x10,79,i_min_mV,5,i_max_mV,10,frozen,FALSE,in_band,TRUE,health_ok,NA,u_mV_x10,511,v_mV_x10,596,w_mV_x10,587
[2026-09-21T22:31:32.845] Cog0  MOT:  offset_fwd_degrees = 43, offset_fwd = $1E93_E93E
[2026-09-21T22:31:32.846] Cog0   (ind)offset_rev_degrees = 317, offset_rev = $E16C_16C1
[2026-09-21T22:31:32.861] Cog3  -MOT- inincr = 36_750_000 nTgtIncr = $0230_C2B0 0 sync = 0
[2026-09-21T22:31:39.361] Cog3  -MOT- inincr = 0 nTgtIncr = $0000_0000 0 sync = 0
[2026-09-21T22:31:39.743] Cog0  BS-POINT,seq,1,motor,LEFT,speed,QTR,incre,36_750_000,phase,SELF,neg_deg,43,pos_deg,317,swept_deg,-43,result,OK,steady_ms,922,ticks,450,win_ms,4_581,rate_x10,982,rate_ok,TRUE,samples,906,i_mean_mV_x10,944,i_se_mV_x10,10
[2026-09-21T22:31:39.745] Cog0  BS-POINT2,seq,1,motor,LEFT,incre,36_750_000,i_halfA_mV_x10,947,i_halfB_mV_x10,942,unsettled,FALSE,i_min_mV,80,i_max_mV,114,duty_mean,7_394,err_mean,48,missed_d,0,illegal_d,0,fault,FALSE,abort_i,FALSE,charge_mVs,553,drv_state,1
[2026-09-21T22:31:39.761] Cog0  BS-POINT3,seq,1,motor,LEFT,zero_mV_x10,79,net_mV_x10,865,span_ms,6_507,span_rate_x10,889,follow_pct,90,span_duty_mean,6_757,span_duty_max,7_586,drv_follow_pct,100,drv_meas_tps,98,drv_cmd_tps,98
[2026-09-21T22:31:40.263] Cog0  BS-CHECK,motor,LEFT,incre,36_750_000,lo_mV,68,hi_mV,114,i_ok,TRUE,rate_ok,TRUE,integ_ok,TRUE,fault_ok,TRUE,net_lo_mV,59,net_hi_mV,105,net_mean_mV_x10,862
[2026-09-21T22:31:41.262] Cog0  BS-ZERO,motor,LEFT,phase,SELF,samples,200,i_mean_mV_x10,91,i_min_mV,6,i_max_mV,12,frozen,FALSE,in_band,TRUE,health_ok,NA,u_mV_x10,503,v_mV_x10,597,w_mV_x10,600
[2026-09-21T22:31:41.262] Cog0  MOT:  offset_fwd_degrees = 43, offset_fwd = $1E93_E93E
[2026-09-21T22:31:41.263] Cog0   (ind)offset_rev_degrees = 317, offset_rev = $E16C_16C1
[2026-09-21T22:31:41.279] Cog3  -MOT- inincr = -36_750_000 nTgtIncr = $7DCF_3D50 0 sync = 0
[2026-09-21T22:31:47.779] Cog3  -MOT- inincr = 0 nTgtIncr = $0000_0000 0 sync = 0
[2026-09-21T22:31:48.161] Cog0  BS-POINT,seq,2,motor,LEFT,speed,QTR,incre,-36_750_000,phase,SELF,neg_deg,43,pos_deg,317,swept_deg,43,result,OK,steady_ms,922,ticks,450,win_ms,4_581,rate_x10,982,rate_ok,TRUE,samples,906,i_mean_mV_x10,1_800,i_se_mV_x10,18
[2026-09-21T22:31:48.163] Cog0  BS-POINT2,seq,2,motor,LEFT,incre,-36_750_000,i_halfA_mV_x10,1_803,i_halfB_mV_x10,1_796,unsettled,FALSE,i_min_mV,157,i_max_mV,204,duty_mean,8_376,err_mean,-48,missed_d,0,illegal_d,0,fault,FALSE,abort_i,FALSE,charge_mVs,1_046,drv_state,1
[2026-09-21T22:31:48.179] Cog0  BS-POINT3,seq,2,motor,LEFT,zero_mV_x10,91,net_mV_x10,1_709,span_ms,6_507,span_rate_x10,889,follow_pct,90,span_duty_mean,7_626,span_duty_max,8_633,drv_follow_pct,1,drv_meas_tps,99,drv_cmd_tps,5_640
[2026-09-21T22:31:48.667] Cog0  BS-CHECK,motor,LEFT,incre,-36_750_000,lo_mV,127,hi_mV,212,i_ok,TRUE,rate_ok,TRUE,integ_ok,TRUE,fault_ok,TRUE,net_lo_mV,118,net_hi_mV,203,net_mean_mV_x10,1_718
[2026-09-21T22:31:48.675] Cog0  BS-CHECKSUM,motor,LEFT,start_ok,TRUE,zero_ok,TRUE,pos_i_ok,TRUE,neg_i_ok,TRUE,ratio_x1000,1_993,ratio_ok,TRUE,rate_ok,TRUE,integ_ok,TRUE,fault_ok,TRUE,verdict,PASS,first_miss,NONE
[2026-09-21T22:31:48.675] Cog0  *VAL* legalBasePin = 16
[2026-09-21T22:31:48.675] Cog0  *VAL* legalVoltage = 6
[2026-09-21T22:31:48.677] Cog0  *VAL* legalMode = 30
[2026-09-21T22:31:48.677] Cog0  --- pinSum = 97, 64010 Rev B, highTimeUs = 74
[2026-09-21T22:31:48.678] Cog0  MOT: fwdDegrees = 14, offset_fwd = $09F4_9F49
[2026-09-21T22:31:48.678] Cog0       revDegrees = 338, offset_rev = $F05B_05B0
[2026-09-21T22:31:48.678] Cog0   - Calc FRAME: frame_cnt = 6_136
[2026-09-21T22:31:48.679] Cog0  * init values dead_gap = 70, pwm_limit = 3_033, adc_fram = 6_136, duty_min = 1_600, duty_max = 24_264
[2026-09-21T22:31:48.679] Cog0  *      values duty_up = 18, duty_dn = 4, cfg_ctcks = 135_000
[2026-09-21T22:31:48.679] Cog0  * ENTRY CFG userVoltage = 6, index = 6
[2026-09-21T22:31:48.680] Cog0  * EXIT 2 CFG eUserSelectedVolts = 6 maxFwdIncreAtPwr = 147_000_000 minFwdIncreAtPwr = 544_628
[2026-09-21T22:31:48.680] Cog0  -MOT- inincr = 0 nTgtIncr = $0000_0000 0 sync = 0
[2026-09-21T22:31:48.680] Cog0  * Motor COG #2
[2026-09-21T22:31:48.680] Cog2  INIT $0000_8E3A $0000_DCAF load
[2026-09-21T22:31:48.696] Cog3  INIT $0000_0FA8 $0000_D87F jump
[2026-09-21T22:31:48.696] Cog0  * Front COG #3
[2026-09-21T22:31:49.693] Cog0  BLDC: getBoardType() driver running, not measured; returning revision recorded at start 22
[2026-09-21T22:31:49.693] Cog0  MOT:  offset_fwd_degrees = 43, offset_fwd = $1E93_E93E
[2026-09-21T22:31:49.694] Cog0   (ind)offset_rev_degrees = 317, offset_rev = $E16C_16C1
[2026-09-21T22:31:49.710] Cog0  BS-START,motor,RIGHT,base,16,cog,2,cog_ok,TRUE,board_rev,22,rev_b,TRUE,board_id,REV_B,init_neg_deg,14,init_pos_deg,338,neg_deg,43,pos_deg,317,offsets_ok,TRUE,missed,0,illegal,0,integ_ok,TRUE,result,OK
[2026-09-21T22:31:50.724] Cog0  BS-ZERO,motor,RIGHT,phase,XSTART,samples,200,i_mean_mV_x10,-5,i_min_mV,-3,i_max_mV,2,frozen,FALSE,in_band,TRUE,health_ok,NA,u_mV_x10,555,v_mV_x10,512,w_mV_x10,532
[2026-09-21T22:31:51.215] Cog0  *VAL* legalBasePin = 16
[2026-09-21T22:31:51.215] Cog0  *VAL* legalVoltage = 6
[2026-09-21T22:31:51.216] Cog0  *VAL* legalMode = 30
[2026-09-21T22:31:51.216] Cog0  --- pinSum = 94, 64010 Rev B, highTimeUs = 72
[2026-09-21T22:31:51.217] Cog0  MOT: fwdDegrees = 14, offset_fwd = $09F4_9F49
[2026-09-21T22:31:51.217] Cog0       revDegrees = 338, offset_rev = $F05B_05B0
[2026-09-21T22:31:51.217] Cog0   - Calc FRAME: frame_cnt = 6_136
[2026-09-21T22:31:51.218] Cog0  * init values dead_gap = 70, pwm_limit = 3_033, adc_fram = 6_136, duty_min = 1_600, duty_max = 24_264
[2026-09-21T22:31:51.218] Cog0  *      values duty_up = 18, duty_dn = 4, cfg_ctcks = 135_000
[2026-09-21T22:31:51.218] Cog0  * ENTRY CFG userVoltage = 6, index = 6
[2026-09-21T22:31:51.219] Cog0  * EXIT 2 CFG eUserSelectedVolts = 6 maxFwdIncreAtPwr = 147_000_000 minFwdIncreAtPwr = 544_628
[2026-09-21T22:31:51.219] Cog0  -MOT- inincr = 0 nTgtIncr = $0000_0000 0 sync = 0
[2026-09-21T22:31:51.219] Cog0  * Motor COG #2
[2026-09-21T22:31:51.219] Cog2  INIT $0000_8E3A $0000_DCAF load
[2026-09-21T22:31:51.235] Cog3  INIT $0000_0FA8 $0000_D87F jump
[2026-09-21T22:31:51.235] Cog0  * Front COG #3
[2026-09-21T22:31:52.232] Cog0  BLDC: getBoardType() driver running, not measured; returning revision recorded at start 22
[2026-09-21T22:31:52.232] Cog0  MOT:  offset_fwd_degrees = 43, offset_fwd = $1E93_E93E
[2026-09-21T22:31:52.233] Cog0   (ind)offset_rev_degrees = 317, offset_rev = $E16C_16C1
[2026-09-21T22:31:52.250] Cog0  BS-START,motor,RIGHT,base,16,cog,2,cog_ok,TRUE,board_rev,22,rev_b,TRUE,board_id,REV_B,init_neg_deg,14,init_pos_deg,338,neg_deg,43,pos_deg,317,offsets_ok,TRUE,missed,0,illegal,0,integ_ok,TRUE,result,OK
[2026-09-21T22:31:53.263] Cog0  BS-ZERO,motor,RIGHT,phase,XSTART,samples,200,i_mean_mV_x10,8,i_min_mV,-1,i_max_mV,4,frozen,FALSE,in_band,TRUE,health_ok,NA,u_mV_x10,567,v_mV_x10,531,w_mV_x10,546
[2026-09-21T22:31:53.754] Cog0  *VAL* legalBasePin = 16
[2026-09-21T22:31:53.754] Cog0  *VAL* legalVoltage = 6
[2026-09-21T22:31:53.755] Cog0  *VAL* legalMode = 30
[2026-09-21T22:31:53.756] Cog0  --- pinSum = 94, 64010 Rev B, highTimeUs = 72
[2026-09-21T22:31:53.756] Cog0  MOT: fwdDegrees = 14, offset_fwd = $09F4_9F49
[2026-09-21T22:31:53.756] Cog0       revDegrees = 338, offset_rev = $F05B_05B0
[2026-09-21T22:31:53.756] Cog0   - Calc FRAME: frame_cnt = 6_136
[2026-09-21T22:31:53.757] Cog0  * init values dead_gap = 70, pwm_limit = 3_033, adc_fram = 6_136, duty_min = 1_600, duty_max = 24_264
[2026-09-21T22:31:53.757] Cog0  *      values duty_up = 18, duty_dn = 4, cfg_ctcks = 135_000
[2026-09-21T22:31:53.757] Cog0  * ENTRY CFG userVoltage = 6, index = 6
[2026-09-21T22:31:53.758] Cog0  * EXIT 2 CFG eUserSelectedVolts = 6 maxFwdIncreAtPwr = 147_000_000 minFwdIncreAtPwr = 544_628
[2026-09-21T22:31:53.758] Cog0  -MOT- inincr = 0 nTgtIncr = $0000_0000 0 sync = 0
[2026-09-21T22:31:53.758] Cog0  * Motor COG #2
[2026-09-21T22:31:53.758] Cog2  INIT $0000_8E3A $0000_DCAF load
[2026-09-21T22:31:53.774] Cog3  INIT $0000_0FA8 $0000_D87F jump
[2026-09-21T22:31:53.775] Cog0  * Front COG #3
[2026-09-21T22:31:54.771] Cog0  BLDC: getBoardType() driver running, not measured; returning revision recorded at start 22
[2026-09-21T22:31:54.771] Cog0  MOT:  offset_fwd_degrees = 43, offset_fwd = $1E93_E93E
[2026-09-21T22:31:54.772] Cog0   (ind)offset_rev_degrees = 317, offset_rev = $E16C_16C1
[2026-09-21T22:31:54.789] Cog0  BS-START,motor,RIGHT,base,16,cog,2,cog_ok,TRUE,board_rev,22,rev_b,TRUE,board_id,REV_B,init_neg_deg,14,init_pos_deg,338,neg_deg,43,pos_deg,317,offsets_ok,TRUE,missed,0,illegal,0,integ_ok,TRUE,result,OK
[2026-09-21T22:31:55.803] Cog0  BS-ZERO,motor,RIGHT,phase,XSTART,samples,200,i_mean_mV_x10,5,i_min_mV,-1,i_max_mV,3,frozen,FALSE,in_band,TRUE,health_ok,NA,u_mV_x10,559,v_mV_x10,522,w_mV_x10,550
[2026-09-21T22:31:56.293] Cog0  *VAL* legalBasePin = 16
[2026-09-21T22:31:56.293] Cog0  *VAL* legalVoltage = 6
[2026-09-21T22:31:56.294] Cog0  *VAL* legalMode = 30
[2026-09-21T22:31:56.295] Cog0  --- pinSum = 94, 64010 Rev B, highTimeUs = 72
[2026-09-21T22:31:56.295] Cog0  MOT: fwdDegrees = 14, offset_fwd = $09F4_9F49
[2026-09-21T22:31:56.295] Cog0       revDegrees = 338, offset_rev = $F05B_05B0
[2026-09-21T22:31:56.295] Cog0   - Calc FRAME: frame_cnt = 6_136
[2026-09-21T22:31:56.296] Cog0  * init values dead_gap = 70, pwm_limit = 3_033, adc_fram = 6_136, duty_min = 1_600, duty_max = 24_264
[2026-09-21T22:31:56.296] Cog0  *      values duty_up = 18, duty_dn = 4, cfg_ctcks = 135_000
[2026-09-21T22:31:56.297] Cog0  * ENTRY CFG userVoltage = 6, index = 6
[2026-09-21T22:31:56.297] Cog0  * EXIT 2 CFG eUserSelectedVolts = 6 maxFwdIncreAtPwr = 147_000_000 minFwdIncreAtPwr = 544_628
[2026-09-21T22:31:56.297] Cog0  -MOT- inincr = 0 nTgtIncr = $0000_0000 0 sync = 0
[2026-09-21T22:31:56.298] Cog0  * Motor COG #2
[2026-09-21T22:31:56.298] Cog2  INIT $0000_8E3A $0000_DCAF load
[2026-09-21T22:31:56.313] Cog3  INIT $0000_0FA8 $0000_D87F jump
[2026-09-21T22:31:56.313] Cog0  * Front COG #3
[2026-09-21T22:31:57.310] Cog0  BLDC: getBoardType() driver running, not measured; returning revision recorded at start 22
[2026-09-21T22:31:57.310] Cog0  MOT:  offset_fwd_degrees = 43, offset_fwd = $1E93_E93E
[2026-09-21T22:31:57.311] Cog0   (ind)offset_rev_degrees = 317, offset_rev = $E16C_16C1
[2026-09-21T22:31:57.327] Cog0  BS-START,motor,RIGHT,base,16,cog,2,cog_ok,TRUE,board_rev,22,rev_b,TRUE,board_id,REV_B,init_neg_deg,14,init_pos_deg,338,neg_deg,43,pos_deg,317,offsets_ok,TRUE,missed,0,illegal,0,integ_ok,TRUE,result,OK
[2026-09-21T22:31:58.341] Cog0  BS-ZERO,motor,RIGHT,phase,XSTART,samples,200,i_mean_mV_x10,9,i_min_mV,-1,i_max_mV,4,frozen,FALSE,in_band,TRUE,health_ok,NA,u_mV_x10,548,v_mV_x10,516,w_mV_x10,538
[2026-09-21T22:31:58.832] Cog0  *VAL* legalBasePin = 16
[2026-09-21T22:31:58.832] Cog0  *VAL* legalVoltage = 6
[2026-09-21T22:31:58.834] Cog0  *VAL* legalMode = 30
[2026-09-21T22:31:58.834] Cog0  --- pinSum = 95, 64010 Rev B, highTimeUs = 73
[2026-09-21T22:31:58.834] Cog0  MOT: fwdDegrees = 14, offset_fwd = $09F4_9F49
[2026-09-21T22:31:58.835] Cog0       revDegrees = 338, offset_rev = $F05B_05B0
[2026-09-21T22:31:58.835] Cog0   - Calc FRAME: frame_cnt = 6_136
[2026-09-21T22:31:58.835] Cog0  * init values dead_gap = 70, pwm_limit = 3_033, adc_fram = 6_136, duty_min = 1_600, duty_max = 24_264
[2026-09-21T22:31:58.835] Cog0  *      values duty_up = 18, duty_dn = 4, cfg_ctcks = 135_000
[2026-09-21T22:31:58.836] Cog0  * ENTRY CFG userVoltage = 6, index = 6
[2026-09-21T22:31:58.836] Cog0  * EXIT 2 CFG eUserSelectedVolts = 6 maxFwdIncreAtPwr = 147_000_000 minFwdIncreAtPwr = 544_628
[2026-09-21T22:31:58.836] Cog0  -MOT- inincr = 0 nTgtIncr = $0000_0000 0 sync = 0
[2026-09-21T22:31:58.837] Cog0  * Motor COG #2
[2026-09-21T22:31:58.837] Cog2  INIT $0000_8E3A $0000_DCAF load
[2026-09-21T22:31:58.852] Cog3  INIT $0000_0FA8 $0000_D87F jump
[2026-09-21T22:31:58.852] Cog0  * Front COG #3
[2026-09-21T22:31:59.849] Cog0  BLDC: getBoardType() driver running, not measured; returning revision recorded at start 22
[2026-09-21T22:31:59.849] Cog0  MOT:  offset_fwd_degrees = 43, offset_fwd = $1E93_E93E
[2026-09-21T22:31:59.851] Cog0   (ind)offset_rev_degrees = 317, offset_rev = $E16C_16C1
[2026-09-21T22:31:59.867] Cog0  BS-START,motor,RIGHT,base,16,cog,2,cog_ok,TRUE,board_rev,22,rev_b,TRUE,board_id,REV_B,init_neg_deg,14,init_pos_deg,338,neg_deg,43,pos_deg,317,offsets_ok,TRUE,missed,0,illegal,0,integ_ok,TRUE,result,OK
[2026-09-21T22:32:00.880] Cog0  BS-ZERO,motor,RIGHT,phase,XSTART,samples,200,i_mean_mV_x10,20,i_min_mV,0,i_max_mV,4,frozen,FALSE,in_band,TRUE,health_ok,NA,u_mV_x10,558,v_mV_x10,533,w_mV_x10,531
[2026-09-21T22:32:01.371] Cog0  *VAL* legalBasePin = 16
[2026-09-21T22:32:01.371] Cog0  *VAL* legalVoltage = 6
[2026-09-21T22:32:01.373] Cog0  *VAL* legalMode = 30
[2026-09-21T22:32:01.373] Cog0  --- pinSum = 97, 64010 Rev B, highTimeUs = 74
[2026-09-21T22:32:01.373] Cog0  MOT: fwdDegrees = 14, offset_fwd = $09F4_9F49
[2026-09-21T22:32:01.374] Cog0       revDegrees = 338, offset_rev = $F05B_05B0
[2026-09-21T22:32:01.374] Cog0   - Calc FRAME: frame_cnt = 6_136
[2026-09-21T22:32:01.374] Cog0  * init values dead_gap = 70, pwm_limit = 3_033, adc_fram = 6_136, duty_min = 1_600, duty_max = 24_264
[2026-09-21T22:32:01.375] Cog0  *      values duty_up = 18, duty_dn = 4, cfg_ctcks = 135_000
[2026-09-21T22:32:01.375] Cog0  * ENTRY CFG userVoltage = 6, index = 6
[2026-09-21T22:32:01.375] Cog0  * EXIT 2 CFG eUserSelectedVolts = 6 maxFwdIncreAtPwr = 147_000_000 minFwdIncreAtPwr = 544_628
[2026-09-21T22:32:01.376] Cog0  -MOT- inincr = 0 nTgtIncr = $0000_0000 0 sync = 0
[2026-09-21T22:32:01.376] Cog0  * Motor COG #2
[2026-09-21T22:32:01.376] Cog2  INIT $0000_8E3A $0000_DCAF load
[2026-09-21T22:32:01.392] Cog3  INIT $0000_0FA8 $0000_D87F jump
[2026-09-21T22:32:01.392] Cog0  * Front COG #3
[2026-09-21T22:32:02.388] Cog0  BLDC: getBoardType() driver running, not measured; returning revision recorded at start 22
[2026-09-21T22:32:02.389] Cog0  MOT:  offset_fwd_degrees = 43, offset_fwd = $1E93_E93E
[2026-09-21T22:32:02.390] Cog0   (ind)offset_rev_degrees = 317, offset_rev = $E16C_16C1
[2026-09-21T22:32:02.406] Cog0  BS-START,motor,RIGHT,base,16,cog,2,cog_ok,TRUE,board_rev,22,rev_b,TRUE,board_id,REV_B,init_neg_deg,14,init_pos_deg,338,neg_deg,43,pos_deg,317,offsets_ok,TRUE,missed,0,illegal,0,integ_ok,TRUE,result,OK
[2026-09-21T22:32:03.420] Cog0  BS-ZERO,motor,RIGHT,phase,ZERO_INIT,samples,200,i_mean_mV_x10,22,i_min_mV,0,i_max_mV,5,frozen,FALSE,in_band,TRUE,health_ok,TRUE,u_mV_x10,556,v_mV_x10,513,w_mV_x10,534
[2026-09-21T22:32:04.418] Cog0  BS-ZERO,motor,RIGHT,phase,SELF,samples,200,i_mean_mV_x10,21,i_min_mV,-1,i_max_mV,4,frozen,FALSE,in_band,TRUE,health_ok,NA,u_mV_x10,556,v_mV_x10,512,w_mV_x10,530
[2026-09-21T22:32:04.419] Cog0  MOT:  offset_fwd_degrees = 43, offset_fwd = $1E93_E93E
[2026-09-21T22:32:04.419] Cog0   (ind)offset_rev_degrees = 317, offset_rev = $E16C_16C1
[2026-09-21T22:32:04.435] Cog3  -MOT- inincr = 36_750_000 nTgtIncr = $0230_C2B0 0 sync = 0
[2026-09-21T22:32:10.935] Cog3  -MOT- inincr = 0 nTgtIncr = $0000_0000 0 sync = 0
[2026-09-21T22:32:11.315] Cog0  BS-POINT,seq,3,motor,RIGHT,speed,QTR,incre,36_750_000,phase,SELF,neg_deg,43,pos_deg,317,swept_deg,-43,result,OK,steady_ms,922,ticks,450,win_ms,4_581,rate_x10,982,rate_ok,TRUE,samples,906,i_mean_mV_x10,948,i_se_mV_x10,12
[2026-09-21T22:32:11.317] Cog0  BS-POINT2,seq,3,motor,RIGHT,incre,36_750_000,i_halfA_mV_x10,952,i_halfB_mV_x10,944,unsettled,FALSE,i_min_mV,78,i_max_mV,115,duty_mean,7_474,err_mean,48,missed_d,0,illegal_d,0,fault,FALSE,abort_i,FALSE,charge_mVs,547,drv_state,1
[2026-09-21T22:32:11.334] Cog0  BS-POINT3,seq,3,motor,RIGHT,zero_mV_x10,21,net_mV_x10,927,span_ms,6_506,span_rate_x10,889,follow_pct,90,span_duty_mean,6_830,span_duty_max,7_706,drv_follow_pct,100,drv_meas_tps,98,drv_cmd_tps,98
[2026-09-21T22:32:11.836] Cog0  BS-CHECK,motor,RIGHT,incre,36_750_000,lo_mV,68,hi_mV,114,i_ok,TRUE,rate_ok,TRUE,integ_ok,TRUE,fault_ok,TRUE,net_lo_mV,59,net_hi_mV,105,net_mean_mV_x10,926
[2026-09-21T22:32:12.834] Cog0  BS-ZERO,motor,RIGHT,phase,SELF,samples,200,i_mean_mV_x10,8,i_min_mV,-1,i_max_mV,4,frozen,FALSE,in_band,TRUE,health_ok,NA,u_mV_x10,554,v_mV_x10,511,w_mV_x10,527
[2026-09-21T22:32:12.835] Cog0  MOT:  offset_fwd_degrees = 43, offset_fwd = $1E93_E93E
[2026-09-21T22:32:12.835] Cog0   (ind)offset_rev_degrees = 317, offset_rev = $E16C_16C1
[2026-09-21T22:32:12.851] Cog3  -MOT- inincr = -36_750_000 nTgtIncr = $7DCF_3D50 0 sync = 0
[2026-09-21T22:32:19.351] Cog3  -MOT- inincr = 0 nTgtIncr = $0000_0000 0 sync = 0
[2026-09-21T22:32:19.733] Cog0  BS-POINT,seq,4,motor,RIGHT,speed,QTR,incre,-36_750_000,phase,SELF,neg_deg,43,pos_deg,317,swept_deg,43,result,OK,steady_ms,922,ticks,450,win_ms,4_581,rate_x10,982,rate_ok,TRUE,samples,906,i_mean_mV_x10,1_739,i_se_mV_x10,14
[2026-09-21T22:32:19.735] Cog0  BS-POINT2,seq,4,motor,RIGHT,incre,-36_750_000,i_halfA_mV_x10,1_734,i_halfB_mV_x10,1_743,unsettled,FALSE,i_min_mV,151,i_max_mV,200,duty_mean,8_370,err_mean,-49,missed_d,0,illegal_d,0,fault,FALSE,abort_i,FALSE,charge_mVs,1_003,drv_state,1
[2026-09-21T22:32:19.752] Cog0  BS-POINT3,seq,4,motor,RIGHT,zero_mV_x10,8,net_mV_x10,1_731,span_ms,6_506,span_rate_x10,889,follow_pct,90,span_duty_mean,7_621,span_duty_max,8_602,drv_follow_pct,1,drv_meas_tps,98,drv_cmd_tps,5_640
[2026-09-21T22:32:20.239] Cog0  BS-CHECK,motor,RIGHT,incre,-36_750_000,lo_mV,127,hi_mV,212,i_ok,TRUE,rate_ok,TRUE,integ_ok,TRUE,fault_ok,TRUE,net_lo_mV,118,net_hi_mV,203,net_mean_mV_x10,1_717
[2026-09-21T22:32:20.247] Cog0  BS-CHECKSUM,motor,RIGHT,start_ok,TRUE,zero_ok,TRUE,pos_i_ok,TRUE,neg_i_ok,TRUE,ratio_x1000,1_854,ratio_ok,TRUE,rate_ok,TRUE,integ_ok,TRUE,fault_ok,TRUE,verdict,PASS,first_miss,NONE
[2026-09-21T22:32:20.247] Cog0  *VAL* legalBasePin = 32
[2026-09-21T22:32:20.247] Cog0  *VAL* legalVoltage = 6
[2026-09-21T22:32:20.249] Cog0  *VAL* legalMode = 30
[2026-09-21T22:32:20.249] Cog0  --- pinSum = 95, 64010 Rev B, highTimeUs = 73
[2026-09-21T22:32:20.249] Cog0  MOT: fwdDegrees = 14, offset_fwd = $09F4_9F49
[2026-09-21T22:32:20.250] Cog0       revDegrees = 338, offset_rev = $F05B_05B0
[2026-09-21T22:32:20.250] Cog0   - Calc FRAME: frame_cnt = 6_136
[2026-09-21T22:32:20.251] Cog0  * init values dead_gap = 70, pwm_limit = 3_033, adc_fram = 6_136, duty_min = 1_600, duty_max = 24_264
[2026-09-21T22:32:20.251] Cog0  *      values duty_up = 18, duty_dn = 4, cfg_ctcks = 135_000
[2026-09-21T22:32:20.251] Cog0  * ENTRY CFG userVoltage = 6, index = 6
[2026-09-21T22:32:20.252] Cog0  * EXIT 2 CFG eUserSelectedVolts = 6 maxFwdIncreAtPwr = 147_000_000 minFwdIncreAtPwr = 544_628
[2026-09-21T22:32:20.252] Cog0  -MOT- inincr = 0 nTgtIncr = $0000_0000 0 sync = 0
[2026-09-21T22:32:20.252] Cog0  * Motor COG #2
[2026-09-21T22:32:20.252] Cog2  INIT $0000_8E3A $0000_D4C3 load
[2026-09-21T22:32:20.268] Cog3  INIT $0000_0FA8 $0000_D093 jump
[2026-09-21T22:32:20.268] Cog0  * Front COG #3
[2026-09-21T22:32:21.265] Cog0  BLDC: getBoardType() driver running, not measured; returning revision recorded at start 22
[2026-09-21T22:32:21.265] Cog0  MOT:  offset_fwd_degrees = 43, offset_fwd = $1E93_E93E
[2026-09-21T22:32:21.266] Cog0   (ind)offset_rev_degrees = 317, offset_rev = $E16C_16C1
[2026-09-21T22:32:21.282] Cog0  BS-START,motor,LEFT,base,32,cog,2,cog_ok,TRUE,board_rev,22,rev_b,TRUE,board_id,REV_B,init_neg_deg,14,init_pos_deg,338,neg_deg,43,pos_deg,317,offsets_ok,TRUE,missed,0,illegal,0,integ_ok,TRUE,result,OK
[2026-09-21T22:32:22.281] Cog0  BS-ZERO,motor,LEFT,phase,REF_START,samples,200,i_mean_mV_x10,77,i_min_mV,5,i_max_mV,10,frozen,FALSE,in_band,TRUE,health_ok,NA,u_mV_x10,498,v_mV_x10,591,w_mV_x10,592
[2026-09-21T22:32:22.281] Cog0  MOT:  offset_fwd_degrees = 43, offset_fwd = $1E93_E93E
[2026-09-21T22:32:22.283] Cog0   (ind)offset_rev_degrees = 317, offset_rev = $E16C_16C1
[2026-09-21T22:32:22.298] Cog3  -MOT- inincr = -18_375_000 nTgtIncr = $7EE7_9EA8 0 sync = 0
[2026-09-21T22:32:25.756] Cog3  -MOT- inincr = 0 nTgtIncr = $0000_0000 0 sync = 0
[2026-09-21T22:32:25.944] Cog0  BS-POINT,seq,5,motor,LEFT,speed,LOW,incre,-18_375_000,phase,REF_START,neg_deg,43,pos_deg,317,swept_deg,43,result,OK,steady_ms,645,ticks,90,win_ms,1_815,rate_x10,495,rate_ok,TRUE,samples,359,i_mean_mV_x10,399,i_se_mV_x10,11
[2026-09-21T22:32:25.947] Cog0  BS-POINT2,seq,5,motor,LEFT,incre,-18_375_000,i_halfA_mV_x10,404,i_halfB_mV_x10,394,unsettled,FALSE,i_min_mV,30,i_max_mV,51,duty_mean,4_038,err_mean,-48,missed_d,0,illegal_d,0,fault,FALSE,abort_i,FALSE,charge_mVs,126,drv_state,1
[2026-09-21T22:32:25.963] Cog0  BS-POINT3,seq,5,motor,LEFT,zero_mV_x10,77,net_mV_x10,322,span_ms,3_463,span_rate_x10,430,follow_pct,87,span_duty_mean,3_666,span_duty_max,4_325,drv_follow_pct,0,drv_meas_tps,49,drv_cmd_tps,5_689
[2026-09-21T22:32:27.462] Cog0  BS-ZERO,motor,LEFT,phase,COARSE,samples,200,i_mean_mV_x10,87,i_min_mV,6,i_max_mV,12,frozen,FALSE,in_band,TRUE,health_ok,NA,u_mV_x10,501,v_mV_x10,590,w_mV_x10,595
[2026-09-21T22:32:27.462] Cog0  MOT:  offset_fwd_degrees = 33, offset_fwd = $1777_7777
[2026-09-21T22:32:27.464] Cog0   (ind)offset_rev_degrees = 317, offset_rev = $E16C_16C1
[2026-09-21T22:32:27.480] Cog3  -MOT- inincr = -18_375_000 nTgtIncr = $7EE7_9EA8 0 sync = 0
[2026-09-21T22:32:30.938] Cog3  -MOT- inincr = 0 nTgtIncr = $0000_0000 0 sync = 0
[2026-09-21T22:32:31.130] Cog0  BS-POINT,seq,6,motor,LEFT,speed,LOW,incre,-18_375_000,phase,COARSE,neg_deg,33,pos_deg,317,swept_deg,33,result,OK,steady_ms,645,ticks,90,win_ms,1_820,rate_x10,494,rate_ok,TRUE,samples,360,i_mean_mV_x10,220,i_se_mV_x10,3
[2026-09-21T22:32:31.133] Cog0  BS-POINT2,seq,6,motor,LEFT,incre,-18_375_000,i_halfA_mV_x10,225,i_halfB_mV_x10,214,unsettled,TRUE,i_min_mV,17,i_max_mV,29,duty_mean,3_556,err_mean,-48,missed_d,0,illegal_d,0,fault,FALSE,abort_i,FALSE,charge_mVs,75,drv_state,1
[2026-09-21T22:32:31.149] Cog0  BS-POINT3,seq,6,motor,LEFT,zero_mV_x10,87,net_mV_x10,133,span_ms,3_468,span_rate_x10,429,follow_pct,87,span_duty_mean,3_261,span_duty_max,4_115,drv_follow_pct,0,drv_meas_tps,49,drv_cmd_tps,5_689
[2026-09-21T22:32:32.648] Cog0  BS-ZERO,motor,LEFT,phase,COARSE,samples,200,i_mean_mV_x10,87,i_min_mV,6,i_max_mV,12,frozen,FALSE,in_band,TRUE,health_ok,NA,u_mV_x10,503,v_mV_x10,594,w_mV_x10,600
[2026-09-21T22:32:32.648] Cog0  MOT:  offset_fwd_degrees = 23, offset_fwd = $105B_05B0
[2026-09-21T22:32:32.650] Cog0   (ind)offset_rev_degrees = 317, offset_rev = $E16C_16C1
[2026-09-21T22:32:32.666] Cog3  -MOT- inincr = -18_375_000 nTgtIncr = $7EE7_9EA8 0 sync = 0
[2026-09-21T22:32:36.156] Cog3  -MOT- inincr = 0 nTgtIncr = $0000_0000 0 sync = 0
[2026-09-21T22:32:36.336] Cog0  BS-POINT,seq,7,motor,LEFT,speed,LOW,incre,-18_375_000,phase,COARSE,neg_deg,23,pos_deg,317,swept_deg,23,result,OK,steady_ms,645,ticks,90,win_ms,1_840,rate_x10,489,rate_ok,TRUE,samples,364,i_mean_mV_x10,194,i_se_mV_x10,2
[2026-09-21T22:32:36.339] Cog0  BS-POINT2,seq,7,motor,LEFT,incre,-18_375_000,i_halfA_mV_x10,196,i_halfB_mV_x10,192,unsettled,FALSE,i_min_mV,11,i_max_mV,33,duty_mean,3_474,err_mean,-47,missed_d,0,illegal_d,0,fault,FALSE,abort_i,FALSE,charge_mVs,69,drv_state,1
[2026-09-21T22:32:36.355] Cog0  BS-POINT3,seq,7,motor,LEFT,zero_mV_x10,87,net_mV_x10,107,span_ms,3_488,span_rate_x10,430,follow_pct,87,span_duty_mean,3_202,span_duty_max,4_825,drv_follow_pct,0,drv_meas_tps,49,drv_cmd_tps,5_689
[2026-09-21T22:32:37.854] Cog0  BS-ZERO,motor,LEFT,phase,COARSE,samples,200,i_mean_mV_x10,90,i_min_mV,7,i_max_mV,12,frozen,FALSE,in_band,TRUE,health_ok,NA,u_mV_x10,497,v_mV_x10,590,w_mV_x10,597
[2026-09-21T22:32:37.854] Cog0  MOT:  offset_fwd_degrees = 13, offset_fwd = $093E_93E9
[2026-09-21T22:32:37.855] Cog0   (ind)offset_rev_degrees = 317, offset_rev = $E16C_16C1
[2026-09-21T22:32:37.872] Cog3  -MOT- inincr = -18_375_000 nTgtIncr = $7EE7_9EA8 0 sync = 0
[2026-09-21T22:32:41.314] Cog3  -MOT- inincr = 0 nTgtIncr = $0000_0000 0 sync = 0
[2026-09-21T22:32:41.507] Cog0  BS-POINT,seq,8,motor,LEFT,speed,LOW,incre,-18_375_000,phase,COARSE,neg_deg,13,pos_deg,317,swept_deg,13,result,OK,steady_ms,645,ticks,90,win_ms,1_805,rate_x10,498,rate_ok,TRUE,samples,357,i_mean_mV_x10,249,i_se_mV_x10,4
[2026-09-21T22:32:41.509] Cog0  BS-POINT2,seq,8,motor,LEFT,incre,-18_375_000,i_halfA_mV_x10,244,i_halfB_mV_x10,254,unsettled,TRUE,i_min_mV,8,i_max_mV,57,duty_mean,3_596,err_mean,-44,missed_d,0,illegal_d,0,fault,FALSE,abort_i,FALSE,charge_mVs,83,drv_state,1
[2026-09-21T22:32:41.525] Cog0  BS-POINT3,seq,8,motor,LEFT,zero_mV_x10,90,net_mV_x10,159,span_ms,3_453,span_rate_x10,431,follow_pct,87,span_duty_mean,3_278,span_duty_max,5_465,drv_follow_pct,0,drv_meas_tps,49,drv_cmd_tps,5_689
[2026-09-21T22:32:43.025] Cog0  BS-ZERO,motor,LEFT,phase,COARSE,samples,200,i_mean_mV_x10,98,i_min_mV,8,i_max_mV,12,frozen,FALSE,in_band,TRUE,health_ok,NA,u_mV_x10,496,v_mV_x10,591,w_mV_x10,607
[2026-09-21T22:32:43.025] Cog0  MOT:  offset_fwd_degrees = 3, offset_fwd = $0222_2222
[2026-09-21T22:32:43.025] Cog0   (ind)offset_rev_degrees = 317, offset_rev = $E16C_16C1
[2026-09-21T22:32:43.041] Cog3  -MOT- inincr = -18_375_000 nTgtIncr = $7EE7_9EA8 0 sync = 0
[2026-09-21T22:32:46.531] Cog3  -MOT- inincr = 0 nTgtIncr = $0000_0000 0 sync = 0
[2026-09-21T22:32:46.712] Cog0  BS-POINT,seq,9,motor,LEFT,speed,LOW,incre,-18_375_000,phase,COARSE,neg_deg,3,pos_deg,317,swept_deg,3,result,OK,steady_ms,645,ticks,90,win_ms,1_840,rate_x10,489,rate_ok,TRUE,samples,364,i_mean_mV_x10,508,i_se_mV_x10,16
[2026-09-21T22:32:46.715] Cog0  BS-POINT2,seq,9,motor,LEFT,incre,-18_375_000,i_halfA_mV_x10,477,i_halfB_mV_x10,539,unsettled,TRUE,i_min_mV,8,i_max_mV,147,duty_mean,3_988,err_mean,-39,missed_d,0,illegal_d,0,fault,FALSE,abort_i,FALSE,charge_mVs,160,drv_state,1
[2026-09-21T22:32:46.730] Cog0  BS-POINT3,seq,9,motor,LEFT,zero_mV_x10,98,net_mV_x10,410,span_ms,3_488,span_rate_x10,430,follow_pct,87,span_duty_mean,3_622,span_duty_max,6_892,drv_follow_pct,0,drv_meas_tps,49,drv_cmd_tps,5_689
[2026-09-21T22:32:47.233] Cog0  BS-WALK,motor,LEFT,speed,LOW,sign,NEG,side,DOWN,pts,4,last_swept_deg,3,stop,RISE,low_swept_deg,23,low_mV_x10,194,low_net_mV_x10,107
[2026-09-21T22:32:48.231] Cog0  BS-ZERO,motor,LEFT,phase,COARSE,samples,200,i_mean_mV_x10,94,i_min_mV,8,i_max_mV,12,frozen,FALSE,in_band,TRUE,health_ok,NA,u_mV_x10,503,v_mV_x10,595,w_mV_x10,601
[2026-09-21T22:32:48.232] Cog0  MOT:  offset_fwd_degrees = 53, offset_fwd = $25B0_5B05
[2026-09-21T22:32:48.232] Cog0   (ind)offset_rev_degrees = 317, offset_rev = $E16C_16C1
[2026-09-21T22:32:48.248] Cog3  -MOT- inincr = -18_375_000 nTgtIncr = $7EE7_9EA8 0 sync = 0
[2026-09-21T22:32:51.706] Cog3  -MOT- inincr = 0 nTgtIncr = $0000_0000 0 sync = 0
[2026-09-21T22:32:51.895] Cog0  BS-POINT,seq,10,motor,LEFT,speed,LOW,incre,-18_375_000,phase,COARSE,neg_deg,53,pos_deg,317,swept_deg,53,result,OK,steady_ms,646,ticks,90,win_ms,1_815,rate_x10,495,rate_ok,TRUE,samples,359,i_mean_mV_x10,826,i_se_mV_x10,23
[2026-09-21T22:32:51.897] Cog0  BS-POINT2,seq,10,motor,LEFT,incre,-18_375_000,i_halfA_mV_x10,826,i_halfB_mV_x10,826,unsettled,FALSE,i_min_mV,67,i_max_mV,104,duty_mean,4_871,err_mean,-48,missed_d,0,illegal_d,0,fault,FALSE,abort_i,FALSE,charge_mVs,253,drv_state,1
[2026-09-21T22:32:51.913] Cog0  BS-POINT3,seq,10,motor,LEFT,zero_mV_x10,94,net_mV_x10,732,span_ms,3_464,span_rate_x10,430,follow_pct,87,span_duty_mean,4_382,span_duty_max,5_200,drv_follow_pct,0,drv_meas_tps,49,drv_cmd_tps,5_689
[2026-09-21T22:32:53.412] Cog0  BS-ZERO,motor,LEFT,phase,COARSE,samples,200,i_mean_mV_x10,93,i_min_mV,8,i_max_mV,12,frozen,FALSE,in_band,TRUE,health_ok,NA,u_mV_x10,500,v_mV_x10,591,w_mV_x10,605
[2026-09-21T22:32:53.413] Cog0  MOT:  offset_fwd_degrees = 63, offset_fwd = $2CCC_CCCC
[2026-09-21T22:32:53.413] Cog0   (ind)offset_rev_degrees = 317, offset_rev = $E16C_16C1
[2026-09-21T22:32:53.429] Cog3  -MOT- inincr = -18_375_000 nTgtIncr = $7EE7_9EA8 0 sync = 0
[2026-09-21T22:32:54.247] Cog0  BS-POINT,seq,11,motor,LEFT,speed,LOW,incre,-18_375_000,phase,COARSE,neg_deg,63,pos_deg,317,swept_deg,63,result,ABORT_I,steady_ms,646,ticks,NA,win_ms,NA,rate_x10,NA,rate_ok,FALSE,samples,NA,i_mean_mV_x10,NA,i_se_mV_x10,NA
[2026-09-21T22:32:54.250] Cog0  BS-POINT2,seq,11,motor,LEFT,incre,-18_375_000,i_halfA_mV_x10,NA,i_halfB_mV_x10,NA,unsettled,FALSE,i_min_mV,NA,i_max_mV,NA,duty_mean,NA,err_mean,NA,missed_d,NA,illegal_d,NA,fault,FALSE,abort_i,TRUE,charge_mVs,51,drv_state,3
[2026-09-21T22:32:54.251] Cog0  BS-POINT3,seq,11,motor,LEFT,zero_mV_x10,93,net_mV_x10,NA,span_ms,830,span_rate_x10,228,follow_pct,46,span_duty_mean,3_298,span_duty_max,6_423,drv_follow_pct,NA,drv_meas_tps,NA,drv_cmd_tps,NA
[2026-09-21T22:32:54.256] Cog0  BS-ABORT,scope,POINT,reason,ABORT_I,motor,LEFT,incre,-18_375_000,seq,11,value,168,elapsed_s,101
[2026-09-21T22:32:54.256] Cog0  *VAL* legalBasePin = 32
[2026-09-21T22:32:54.257] Cog0  *VAL* legalVoltage = 6
[2026-09-21T22:32:54.258] Cog0  *VAL* legalMode = 30
[2026-09-21T22:32:54.258] Cog0  --- pinSum = 95, 64010 Rev B, highTimeUs = 73
[2026-09-21T22:32:54.258] Cog0  MOT: fwdDegrees = 14, offset_fwd = $09F4_9F49
[2026-09-21T22:32:54.258] Cog0       revDegrees = 338, offset_rev = $F05B_05B0
[2026-09-21T22:32:54.258] Cog0   - Calc FRAME: frame_cnt = 6_136
[2026-09-21T22:32:54.259] Cog0  * init values dead_gap = 70, pwm_limit = 3_033, adc_fram = 6_136, duty_min = 1_600, duty_max = 24_264
[2026-09-21T22:32:54.259] Cog0  *      values duty_up = 18, duty_dn = 4, cfg_ctcks = 135_000
[2026-09-21T22:32:54.260] Cog0  * ENTRY CFG userVoltage = 6, index = 6
[2026-09-21T22:32:54.260] Cog0  * EXIT 2 CFG eUserSelectedVolts = 6 maxFwdIncreAtPwr = 147_000_000 minFwdIncreAtPwr = 544_628
[2026-09-21T22:32:54.261] Cog0  -MOT- inincr = 0 nTgtIncr = $0000_0000 0 sync = 0
[2026-09-21T22:32:54.261] Cog0  * Motor COG #2
[2026-09-21T22:32:54.262] Cog2  INIT $0000_8E3A $0000_D4C3 load
[2026-09-21T22:32:54.262] Cog3  INIT $0000_0FA8 $0000_D093 jump
[2026-09-21T22:32:54.277] Cog0  * Front COG #3
[2026-09-21T22:32:55.273] Cog0  BLDC: getBoardType() driver running, not measured; returning revision recorded at start 22
[2026-09-21T22:32:55.273] Cog0  MOT:  offset_fwd_degrees = 43, offset_fwd = $1E93_E93E
[2026-09-21T22:32:55.275] Cog0   (ind)offset_rev_degrees = 317, offset_rev = $E16C_16C1
[2026-09-21T22:32:55.291] Cog0  BS-START,motor,LEFT,base,32,cog,2,cog_ok,TRUE,board_rev,22,rev_b,TRUE,board_id,REV_B,init_neg_deg,14,init_pos_deg,338,neg_deg,43,pos_deg,317,offsets_ok,TRUE,missed,0,illegal,0,integ_ok,TRUE,result,OK
[2026-09-21T22:32:55.779] Cog0  BS-WALK,motor,LEFT,speed,LOW,sign,NEG,side,UP,pts,2,last_swept_deg,63,stop,RISE,low_swept_deg,23,low_mV_x10,194,low_net_mV_x10,107
[2026-09-21T22:32:55.795] Cog0  BS-BRACKET,motor,LEFT,speed,LOW,sign,NEG,low_swept_deg,23,low_mV_x10,194,below_ok,TRUE,above_ok,TRUE,bracketed,TRUE,reason,OK,low_net_mV_x10,107
[2026-09-21T22:32:56.793] Cog0  BS-ZERO,motor,LEFT,phase,FINE,samples,200,i_mean_mV_x10,87,i_min_mV,6,i_max_mV,12,frozen,FALSE,in_band,TRUE,health_ok,NA,u_mV_x10,506,v_mV_x10,591,w_mV_x10,573
[2026-09-21T22:32:56.794] Cog0  MOT:  offset_fwd_degrees = 23, offset_fwd = $105B_05B0
[2026-09-21T22:32:56.794] Cog0   (ind)offset_rev_degrees = 317, offset_rev = $E16C_16C1
[2026-09-21T22:32:56.810] Cog3  -MOT- inincr = -18_375_000 nTgtIncr = $7EE7_9EA8 0 sync = 0
[2026-09-21T22:33:00.300] Cog3  -MOT- inincr = 0 nTgtIncr = $0000_0000 0 sync = 0
[2026-09-21T22:33:00.481] Cog0  BS-POINT,seq,12,motor,LEFT,speed,LOW,incre,-18_375_000,phase,FINE,neg_deg,23,pos_deg,317,swept_deg,23,result,OK,steady_ms,645,ticks,90,win_ms,1_840,rate_x10,489,rate_ok,TRUE,samples,364,i_mean_mV_x10,195,i_se_mV_x10,6
[2026-09-21T22:33:00.483] Cog0  BS-POINT2,seq,12,motor,LEFT,incre,-18_375_000,i_halfA_mV_x10,199,i_halfB_mV_x10,191,unsettled,FALSE,i_min_mV,10,i_max_mV,37,duty_mean,3_471,err_mean,-47,missed_d,0,illegal_d,0,fault,FALSE,abort_i,FALSE,charge_mVs,68,drv_state,1
[2026-09-21T22:33:00.500] Cog0  BS-POINT3,seq,12,motor,LEFT,zero_mV_x10,87,net_mV_x10,108,span_ms,3_488,span_rate_x10,430,follow_pct,87,span_duty_mean,3_194,span_duty_max,4_530,drv_follow_pct,0,drv_meas_tps,49,drv_cmd_tps,5_689
[2026-09-21T22:33:01.999] Cog0  BS-ZERO,motor,LEFT,phase,FINE,samples,200,i_mean_mV_x10,98,i_min_mV,8,i_max_mV,12,frozen,FALSE,in_band,TRUE,health_ok,NA,u_mV_x10,508,v_mV_x10,593,w_mV_x10,572
[2026-09-21T22:33:01.999] Cog0  MOT:  offset_fwd_degrees = 33, offset_fwd = $1777_7777
[2026-09-21T22:33:02.000] Cog0   (ind)offset_rev_degrees = 317, offset_rev = $E16C_16C1
[2026-09-21T22:33:02.015] Cog3  -MOT- inincr = -18_375_000 nTgtIncr = $7EE7_9EA8 0 sync = 0
[2026-09-21T22:33:05.473] Cog3  -MOT- inincr = 0 nTgtIncr = $0000_0000 0 sync = 0
[2026-09-21T22:33:05.662] Cog0  BS-POINT,seq,13,motor,LEFT,speed,LOW,incre,-18_375_000,phase,FINE,neg_deg,33,pos_deg,317,swept_deg,33,result,OK,steady_ms,645,ticks,90,win_ms,1_815,rate_x10,495,rate_ok,TRUE,samples,359,i_mean_mV_x10,229,i_se_mV_x10,4
[2026-09-21T22:33:05.664] Cog0  BS-POINT2,seq,13,motor,LEFT,incre,-18_375_000,i_halfA_mV_x10,223,i_halfB_mV_x10,235,unsettled,TRUE,i_min_mV,17,i_max_mV,29,duty_mean,3_557,err_mean,-48,missed_d,0,illegal_d,0,fault,FALSE,abort_i,FALSE,charge_mVs,79,drv_state,1
[2026-09-21T22:33:05.680] Cog0  BS-POINT3,seq,13,motor,LEFT,zero_mV_x10,98,net_mV_x10,131,span_ms,3_463,span_rate_x10,430,follow_pct,87,span_duty_mean,3_270,span_duty_max,4_097,drv_follow_pct,0,drv_meas_tps,49,drv_cmd_tps,5_689
[2026-09-21T22:33:07.179] Cog0  BS-ZERO,motor,LEFT,phase,FINE,samples,200,i_mean_mV_x10,99,i_min_mV,8,i_max_mV,12,frozen,FALSE,in_band,TRUE,health_ok,NA,u_mV_x10,509,v_mV_x10,595,w_mV_x10,572
[2026-09-21T22:33:07.180] Cog0  MOT:  offset_fwd_degrees = 13, offset_fwd = $093E_93E9
[2026-09-21T22:33:07.181] Cog0   (ind)offset_rev_degrees = 317, offset_rev = $E16C_16C1
[2026-09-21T22:33:07.196] Cog3  -MOT- inincr = -18_375_000 nTgtIncr = $7EE7_9EA8 0 sync = 0
[2026-09-21T22:33:10.638] Cog3  -MOT- inincr = 0 nTgtIncr = $0000_0000 0 sync = 0
[2026-09-21T22:33:10.833] Cog0  BS-POINT,seq,14,motor,LEFT,speed,LOW,incre,-18_375_000,phase,FINE,neg_deg,13,pos_deg,317,swept_deg,13,result,OK,steady_ms,645,ticks,90,win_ms,1_805,rate_x10,498,rate_ok,TRUE,samples,357,i_mean_mV_x10,247,i_se_mV_x10,10
[2026-09-21T22:33:10.835] Cog0  BS-POINT2,seq,14,motor,LEFT,incre,-18_375_000,i_halfA_mV_x10,236,i_halfB_mV_x10,258,unsettled,TRUE,i_min_mV,9,i_max_mV,52,duty_mean,3_593,err_mean,-45,missed_d,0,illegal_d,0,fault,FALSE,abort_i,FALSE,charge_mVs,84,drv_state,1
[2026-09-21T22:33:10.851] Cog0  BS-POINT3,seq,14,motor,LEFT,zero_mV_x10,99,net_mV_x10,148,span_ms,3_453,span_rate_x10,431,follow_pct,87,span_duty_mean,3_284,span_duty_max,5_474,drv_follow_pct,0,drv_meas_tps,49,drv_cmd_tps,5_689
[2026-09-21T22:33:12.350] Cog0  BS-ZERO,motor,LEFT,phase,FINE,samples,200,i_mean_mV_x10,94,i_min_mV,7,i_max_mV,12,frozen,FALSE,in_band,TRUE,health_ok,NA,u_mV_x10,508,v_mV_x10,592,w_mV_x10,577
[2026-09-21T22:33:12.350] Cog0  MOT:  offset_fwd_degrees = 43, offset_fwd = $1E93_E93E
[2026-09-21T22:33:12.351] Cog0   (ind)offset_rev_degrees = 317, offset_rev = $E16C_16C1
[2026-09-21T22:33:12.367] Cog3  -MOT- inincr = -18_375_000 nTgtIncr = $7EE7_9EA8 0 sync = 0
[2026-09-21T22:33:15.825] Cog3  -MOT- inincr = 0 nTgtIncr = $0000_0000 0 sync = 0
[2026-09-21T22:33:16.013] Cog0  BS-POINT,seq,15,motor,LEFT,speed,LOW,incre,-18_375_000,phase,FINE,neg_deg,43,pos_deg,317,swept_deg,43,result,OK,steady_ms,645,ticks,90,win_ms,1_815,rate_x10,495,rate_ok,TRUE,samples,359,i_mean_mV_x10,405,i_se_mV_x10,10
[2026-09-21T22:33:16.015] Cog0  BS-POINT2,seq,15,motor,LEFT,incre,-18_375_000,i_halfA_mV_x10,417,i_halfB_mV_x10,394,unsettled,TRUE,i_min_mV,32,i_max_mV,51,duty_mean,4_042,err_mean,-48,missed_d,0,illegal_d,0,fault,FALSE,abort_i,FALSE,charge_mVs,129,drv_state,1
[2026-09-21T22:33:16.031] Cog0  BS-POINT3,seq,15,motor,LEFT,zero_mV_x10,94,net_mV_x10,311,span_ms,3_463,span_rate_x10,430,follow_pct,87,span_duty_mean,3_669,span_duty_max,4_339,drv_follow_pct,0,drv_meas_tps,49,drv_cmd_tps,5_689
[2026-09-21T22:33:17.530] Cog0  BS-ZERO,motor,LEFT,phase,FINE,samples,200,i_mean_mV_x10,92,i_min_mV,8,i_max_mV,12,frozen,FALSE,in_band,TRUE,health_ok,NA,u_mV_x10,500,v_mV_x10,601,w_mV_x10,577
[2026-09-21T22:33:17.530] Cog0  MOT:  offset_fwd_degrees = 3, offset_fwd = $0222_2222
[2026-09-21T22:33:17.531] Cog0   (ind)offset_rev_degrees = 317, offset_rev = $E16C_16C1
[2026-09-21T22:33:17.547] Cog3  -MOT- inincr = -18_375_000 nTgtIncr = $7EE7_9EA8 0 sync = 0
[2026-09-21T22:33:21.053] Cog3  -MOT- inincr = 0 nTgtIncr = $0000_0000 0 sync = 0
[2026-09-21T22:33:21.239] Cog0  BS-POINT,seq,16,motor,LEFT,speed,LOW,incre,-18_375_000,phase,FINE,neg_deg,3,pos_deg,317,swept_deg,3,result,OK,steady_ms,645,ticks,90,win_ms,1_861,rate_x10,483,rate_ok,TRUE,samples,368,i_mean_mV_x10,465,i_se_mV_x10,21
[2026-09-21T22:33:21.241] Cog0  BS-POINT2,seq,16,motor,LEFT,incre,-18_375_000,i_halfA_mV_x10,499,i_halfB_mV_x10,433,unsettled,TRUE,i_min_mV,8,i_max_mV,138,duty_mean,3_896,err_mean,-40,missed_d,0,illegal_d,0,fault,FALSE,abort_i,FALSE,charge_mVs,146,drv_state,1
[2026-09-21T22:33:21.258] Cog0  BS-POINT3,seq,16,motor,LEFT,zero_mV_x10,92,net_mV_x10,373,span_ms,3_509,span_rate_x10,427,follow_pct,87,span_duty_mean,3_526,span_duty_max,6_695,drv_follow_pct,0,drv_meas_tps,48,drv_cmd_tps,5_689
[2026-09-21T22:33:22.757] Cog0  BS-ZERO,motor,LEFT,phase,FINE,samples,200,i_mean_mV_x10,95,i_min_mV,8,i_max_mV,12,frozen,FALSE,in_band,TRUE,health_ok,NA,u_mV_x10,508,v_mV_x10,592,w_mV_x10,575
[2026-09-21T22:33:22.757] Cog0  MOT:  offset_fwd_degrees = 28, offset_fwd = $13E9_3E93
[2026-09-21T22:33:22.758] Cog0   (ind)offset_rev_degrees = 317, offset_rev = $E16C_16C1
[2026-09-21T22:33:22.774] Cog3  -MOT- inincr = -18_375_000 nTgtIncr = $7EE7_9EA8 0 sync = 0
[2026-09-21T22:33:26.232] Cog3  -MOT- inincr = 0 nTgtIncr = $0000_0000 0 sync = 0
[2026-09-21T22:33:26.425] Cog0  BS-POINT,seq,17,motor,LEFT,speed,LOW,incre,-18_375_000,phase,FINE,neg_deg,28,pos_deg,317,swept_deg,28,result,OK,steady_ms,645,ticks,90,win_ms,1_821,rate_x10,494,rate_ok,TRUE,samples,360,i_mean_mV_x10,182,i_se_mV_x10,2
[2026-09-21T22:33:26.427] Cog0  BS-POINT2,seq,17,motor,LEFT,incre,-18_375_000,i_halfA_mV_x10,179,i_halfB_mV_x10,185,unsettled,TRUE,i_min_mV,13,i_max_mV,25,duty_mean,3_407,err_mean,-48,missed_d,0,illegal_d,0,fault,FALSE,abort_i,FALSE,charge_mVs,66,drv_state,1
[2026-09-21T22:33:26.444] Cog0  BS-POINT3,seq,17,motor,LEFT,zero_mV_x10,95,net_mV_x10,87,span_ms,3_469,span_rate_x10,429,follow_pct,87,span_duty_mean,3_153,span_duty_max,4_655,drv_follow_pct,0,drv_meas_tps,49,drv_cmd_tps,5_689
[2026-09-21T22:33:27.943] Cog0  BS-ZERO,motor,LEFT,phase,FINE,samples,200,i_mean_mV_x10,85,i_min_mV,7,i_max_mV,11,frozen,FALSE,in_band,TRUE,health_ok,NA,u_mV_x10,513,v_mV_x10,590,w_mV_x10,581
[2026-09-21T22:33:27.943] Cog0  MOT:  offset_fwd_degrees = 18, offset_fwd = $0CCC_CCCC
[2026-09-21T22:33:27.944] Cog0   (ind)offset_rev_degrees = 317, offset_rev = $E16C_16C1
[2026-09-21T22:33:27.959] Cog3  -MOT- inincr = -18_375_000 nTgtIncr = $7EE7_9EA8 0 sync = 0
[2026-09-21T22:33:31.434] Cog3  -MOT- inincr = 0 nTgtIncr = $0000_0000 0 sync = 0
[2026-09-21T22:33:31.616] Cog0  BS-POINT,seq,18,motor,LEFT,speed,LOW,incre,-18_375_000,phase,FINE,neg_deg,18,pos_deg,317,swept_deg,18,result,OK,steady_ms,645,ticks,90,win_ms,1_826,rate_x10,492,rate_ok,TRUE,samples,361,i_mean_mV_x10,225,i_se_mV_x10,8
[2026-09-21T22:33:31.618] Cog0  BS-POINT2,seq,18,motor,LEFT,incre,-18_375_000,i_halfA_mV_x10,229,i_halfB_mV_x10,222,unsettled,FALSE,i_min_mV,8,i_max_mV,46,duty_mean,3_560,err_mean,-46,missed_d,0,illegal_d,0,fault,FALSE,abort_i,FALSE,charge_mVs,77,drv_state,1
[2026-09-21T22:33:31.635] Cog0  BS-POINT3,seq,18,motor,LEFT,zero_mV_x10,85,net_mV_x10,140,span_ms,3_474,span_rate_x10,428,follow_pct,87,span_duty_mean,3_259,span_duty_max,5_352,drv_follow_pct,0,drv_meas_tps,49,drv_cmd_tps,5_689
[2026-09-21T22:33:33.134] Cog0  BS-ZERO,motor,LEFT,phase,FINE,samples,200,i_mean_mV_x10,94,i_min_mV,8,i_max_mV,12,frozen,FALSE,in_band,TRUE,health_ok,NA,u_mV_x10,506,v_mV_x10,598,w_mV_x10,579
[2026-09-21T22:33:33.134] Cog0  MOT:  offset_fwd_degrees = 38, offset_fwd = $1B05_B05B
[2026-09-21T22:33:33.135] Cog0   (ind)offset_rev_degrees = 317, offset_rev = $E16C_16C1
[2026-09-21T22:33:33.150] Cog3  -MOT- inincr = -18_375_000 nTgtIncr = $7EE7_9EA8 0 sync = 0
[2026-09-21T22:33:36.608] Cog3  -MOT- inincr = 0 nTgtIncr = $0000_0000 0 sync = 0
[2026-09-21T22:33:36.797] Cog0  BS-POINT,seq,19,motor,LEFT,speed,LOW,incre,-18_375_000,phase,FINE,neg_deg,38,pos_deg,317,swept_deg,38,result,OK,steady_ms,646,ticks,90,win_ms,1_815,rate_x10,495,rate_ok,TRUE,samples,359,i_mean_mV_x10,302,i_se_mV_x10,8
[2026-09-21T22:33:36.799] Cog0  BS-POINT2,seq,19,motor,LEFT,incre,-18_375_000,i_halfA_mV_x10,299,i_halfB_mV_x10,304,unsettled,FALSE,i_min_mV,21,i_max_mV,39,duty_mean,3_766,err_mean,-48,missed_d,0,illegal_d,0,fault,FALSE,abort_i,FALSE,charge_mVs,99,drv_state,1
[2026-09-21T22:33:36.815] Cog0  BS-POINT3,seq,19,motor,LEFT,zero_mV_x10,94,net_mV_x10,208,span_ms,3_464,span_rate_x10,430,follow_pct,87,span_duty_mean,3_440,span_duty_max,4_078,drv_follow_pct,0,drv_meas_tps,49,drv_cmd_tps,5_689
[2026-09-21T22:33:38.315] Cog0  BS-ZERO,motor,LEFT,phase,FINE,samples,200,i_mean_mV_x10,98,i_min_mV,7,i_max_mV,12,frozen,FALSE,in_band,TRUE,health_ok,NA,u_mV_x10,511,v_mV_x10,600,w_mV_x10,578
[2026-09-21T22:33:38.315] Cog0  MOT:  offset_fwd_degrees = 8, offset_fwd = $05B0_5B05
[2026-09-21T22:33:38.316] Cog0   (ind)offset_rev_degrees = 317, offset_rev = $E16C_16C1
[2026-09-21T22:33:38.331] Cog3  -MOT- inincr = -18_375_000 nTgtIncr = $7EE7_9EA8 0 sync = 0
[2026-09-21T22:33:41.805] Cog3  -MOT- inincr = 0 nTgtIncr = $0000_0000 0 sync = 0
[2026-09-21T22:33:41.987] Cog0  BS-POINT,seq,20,motor,LEFT,speed,LOW,incre,-18_375_000,phase,FINE,neg_deg,8,pos_deg,317,swept_deg,8,result,OK,steady_ms,646,ticks,90,win_ms,1_825,rate_x10,493,rate_ok,TRUE,samples,361,i_mean_mV_x10,326,i_se_mV_x10,8
[2026-09-21T22:33:41.989] Cog0  BS-POINT2,seq,20,motor,LEFT,incre,-18_375_000,i_halfA_mV_x10,326,i_halfB_mV_x10,325,unsettled,FALSE,i_min_mV,8,i_max_mV,92,duty_mean,3_705,err_mean,-42,missed_d,0,illegal_d,0,fault,FALSE,abort_i,FALSE,charge_mVs,104,drv_state,1
[2026-09-21T22:33:42.005] Cog0  BS-POINT3,seq,20,motor,LEFT,zero_mV_x10,98,net_mV_x10,228,span_ms,3_474,span_rate_x10,431,follow_pct,87,span_duty_mean,3_371,span_duty_max,5_835,drv_follow_pct,0,drv_meas_tps,51,drv_cmd_tps,5_689
[2026-09-21T22:33:43.506] Cog0  BS-ZERO,motor,LEFT,phase,REF_END,samples,200,i_mean_mV_x10,93,i_min_mV,8,i_max_mV,12,frozen,FALSE,in_band,TRUE,health_ok,NA,u_mV_x10,507,v_mV_x10,598,w_mV_x10,579
[2026-09-21T22:33:43.506] Cog0  MOT:  offset_fwd_degrees = 43, offset_fwd = $1E93_E93E
[2026-09-21T22:33:43.506] Cog0   (ind)offset_rev_degrees = 317, offset_rev = $E16C_16C1
[2026-09-21T22:33:43.522] Cog3  -MOT- inincr = -18_375_000 nTgtIncr = $7EE7_9EA8 0 sync = 0
[2026-09-21T22:33:46.980] Cog3  -MOT- inincr = 0 nTgtIncr = $0000_0000 0 sync = 0
[2026-09-21T22:33:47.173] Cog0  BS-POINT,seq,21,motor,LEFT,speed,LOW,incre,-18_375_000,phase,REF_END,neg_deg,43,pos_deg,317,swept_deg,43,result,OK,steady_ms,645,ticks,90,win_ms,1_815,rate_x10,495,rate_ok,TRUE,samples,359,i_mean_mV_x10,404,i_se_mV_x10,12
[2026-09-21T22:33:47.175] Cog0  BS-POINT2,seq,21,motor,LEFT,incre,-18_375_000,i_halfA_mV_x10,410,i_halfB_mV_x10,399,unsettled,FALSE,i_min_mV,32,i_max_mV,52,duty_mean,4_040,err_mean,-48,missed_d,0,illegal_d,0,fault,FALSE,abort_i,FALSE,charge_mVs,129,drv_state,1
[2026-09-21T22:33:47.192] Cog0  BS-POINT3,seq,21,motor,LEFT,zero_mV_x10,93,net_mV_x10,311,span_ms,3_463,span_rate_x10,430,follow_pct,87,span_duty_mean,3_667,span_duty_max,4_319,drv_follow_pct,0,drv_meas_tps,49,drv_cmd_tps,5_689
[2026-09-21T22:33:47.680] Cog0  BS-FIT,motor,LEFT,speed,LOW,sign,NEG,status,OK,n,9,centre_deg,23,span_lo_deg,3,span_hi_deg,43,extended,FALSE,pinned,FALSE
[2026-09-21T22:33:47.681] Cog0  BS-FIT2,motor,LEFT,speed,LOW,sign,NEG,min_deg_x10,241,min_se_deg_x10,4,min_mV_x10,91,rms_mV_x10,19,med_se_mV_x10,8,curv_x100,604,curv_model_pct,4_345,flat2_deg_x10,17
[2026-09-21T22:33:47.684] Cog0  BS-CLIFF,motor,LEFT,speed,LOW,sign,NEG,found,FALSE,last_good_deg,NA,first_fault_deg,NA,edge_deg_x10,NA,margin_deg_x10,NA,margin_from_fit,FALSE,edge_res_deg_x10,NA
[2026-09-21T22:33:47.685] Cog0  BS-LEG,motor,LEFT,speed,LOW,sign,NEG,served_by,OFFSET_FWD,pts,17,faults,0,aborts_i,1,ref_start_mV_x10,399,ref_end_mV_x10,404,drift_pct_x10,-34,drift_flag,FALSE,exit,DONE,ref_start_net_mV_x10,322,ref_end_net_mV_x10,311
[2026-09-21T22:33:47.701] Cog0  BS-ARC,motor,LEFT,speed,LOW,sign,NEG,arc_lo_deg,3,arc_hi_deg,53,arc_deg,50,bound_lo,RISE,bound_hi,CURRENT,circle_deg,360
[2026-09-21T22:33:48.700] Cog0  BS-ZERO,motor,LEFT,phase,REF_START,samples,200,i_mean_mV_x10,94,i_min_mV,7,i_max_mV,12,frozen,FALSE,in_band,TRUE,health_ok,NA,u_mV_x10,509,v_mV_x10,604,w_mV_x10,580
[2026-09-21T22:33:48.700] Cog0  MOT:  offset_fwd_degrees = 43, offset_fwd = $1E93_E93E
[2026-09-21T22:33:48.701] Cog0   (ind)offset_rev_degrees = 317, offset_rev = $E16C_16C1
[2026-09-21T22:33:48.717] Cog3  -MOT- inincr = 18_375_000 nTgtIncr = $0118_6158 0 sync = 0
[2026-09-21T22:33:52.175] Cog3  -MOT- inincr = 0 nTgtIncr = $0000_0000 0 sync = 0
[2026-09-21T22:33:52.363] Cog0  BS-POINT,seq,22,motor,LEFT,speed,LOW,incre,18_375_000,phase,REF_START,neg_deg,43,pos_deg,317,swept_deg,-43,result,OK,steady_ms,645,ticks,90,win_ms,1_815,rate_x10,495,rate_ok,TRUE,samples,359,i_mean_mV_x10,255,i_se_mV_x10,5
[2026-09-21T22:33:52.366] Cog0  BS-POINT2,seq,22,motor,LEFT,incre,18_375_000,i_halfA_mV_x10,251,i_halfB_mV_x10,259,unsettled,FALSE,i_min_mV,18,i_max_mV,34,duty_mean,3_639,err_mean,48,missed_d,0,illegal_d,0,fault,FALSE,abort_i,FALSE,charge_mVs,87,drv_state,1
[2026-09-21T22:33:52.382] Cog0  BS-POINT3,seq,22,motor,LEFT,zero_mV_x10,94,net_mV_x10,161,span_ms,3_463,span_rate_x10,430,follow_pct,87,span_duty_mean,3_337,span_duty_max,4_025,drv_follow_pct,100,drv_meas_tps,49,drv_cmd_tps,49
[2026-09-21T22:33:53.881] Cog0  BS-ZERO,motor,LEFT,phase,COARSE,samples,200,i_mean_mV_x10,98,i_min_mV,8,i_max_mV,12,frozen,FALSE,in_band,TRUE,health_ok,NA,u_mV_x10,510,v_mV_x10,600,w_mV_x10,578
[2026-09-21T22:33:53.881] Cog0  MOT:  offset_fwd_degrees = 43, offset_fwd = $1E93_E93E
[2026-09-21T22:33:53.882] Cog0   (ind)offset_rev_degrees = 307, offset_rev = $DA4F_A4FA
[2026-09-21T22:33:53.898] Cog3  -MOT- inincr = 18_375_000 nTgtIncr = $0118_6158 0 sync = 0
[2026-09-21T22:33:57.357] Cog3  -MOT- inincr = 0 nTgtIncr = $0000_0000 0 sync = 0
[2026-09-21T22:33:57.549] Cog0  BS-POINT,seq,23,motor,LEFT,speed,LOW,incre,18_375_000,phase,COARSE,neg_deg,43,pos_deg,307,swept_deg,-53,result,OK,steady_ms,645,ticks,90,win_ms,1_820,rate_x10,494,rate_ok,TRUE,samples,360,i_mean_mV_x10,470,i_se_mV_x10,13
[2026-09-21T22:33:57.551] Cog0  BS-POINT2,seq,23,motor,LEFT,incre,18_375_000,i_halfA_mV_x10,486,i_halfB_mV_x10,454,unsettled,TRUE,i_min_mV,36,i_max_mV,59,duty_mean,4_177,err_mean,48,missed_d,0,illegal_d,0,fault,FALSE,abort_i,FALSE,charge_mVs,148,drv_state,1
[2026-09-21T22:33:57.568] Cog0  BS-POINT3,seq,23,motor,LEFT,zero_mV_x10,98,net_mV_x10,372,span_ms,3_468,span_rate_x10,429,follow_pct,87,span_duty_mean,3_782,span_duty_max,4_463,drv_follow_pct,100,drv_meas_tps,49,drv_cmd_tps,49
[2026-09-21T22:33:59.067] Cog0  BS-ZERO,motor,LEFT,phase,COARSE,samples,200,i_mean_mV_x10,94,i_min_mV,7,i_max_mV,12,frozen,FALSE,in_band,TRUE,health_ok,NA,u_mV_x10,518,v_mV_x10,606,w_mV_x10,584
[2026-09-21T22:33:59.067] Cog0  MOT:  offset_fwd_degrees = 43, offset_fwd = $1E93_E93E
[2026-09-21T22:33:59.068] Cog0   (ind)offset_rev_degrees = 297, offset_rev = $D333_3333
[2026-09-21T22:33:59.084] Cog3  -MOT- inincr = 18_375_000 nTgtIncr = $0118_6158 0 sync = 0
[2026-09-21T22:33:59.908] Cog0  BS-POINT,seq,24,motor,LEFT,speed,LOW,incre,18_375_000,phase,COARSE,neg_deg,43,pos_deg,297,swept_deg,-63,result,ABORT_I,steady_ms,645,ticks,NA,win_ms,NA,rate_x10,NA,rate_ok,FALSE,samples,NA,i_mean_mV_x10,NA,i_se_mV_x10,NA
[2026-09-21T22:33:59.910] Cog0  BS-POINT2,seq,24,motor,LEFT,incre,18_375_000,i_halfA_mV_x10,NA,i_halfB_mV_x10,NA,unsettled,FALSE,i_min_mV,NA,i_max_mV,NA,duty_mean,NA,err_mean,NA,missed_d,NA,illegal_d,NA,fault,FALSE,abort_i,TRUE,charge_mVs,34,drv_state,3
[2026-09-21T22:33:59.911] Cog0  BS-POINT3,seq,24,motor,LEFT,zero_mV_x10,94,net_mV_x10,NA,span_ms,835,span_rate_x10,227,follow_pct,46,span_duty_mean,2_947,span_duty_max,5_380,drv_follow_pct,NA,drv_meas_tps,NA,drv_cmd_tps,NA
[2026-09-21T22:33:59.916] Cog0  BS-ABORT,scope,POINT,reason,ABORT_I,motor,LEFT,incre,18_375_000,seq,24,value,95,elapsed_s,166
[2026-09-21T22:33:59.916] Cog0  *VAL* legalBasePin = 32
[2026-09-21T22:33:59.918] Cog0  *VAL* legalVoltage = 6
[2026-09-21T22:33:59.918] Cog0  *VAL* legalMode = 30
[2026-09-21T22:33:59.918] Cog0  --- pinSum = 95, 64010 Rev B, highTimeUs = 73
[2026-09-21T22:33:59.919] Cog0  MOT: fwdDegrees = 14, offset_fwd = $09F4_9F49
[2026-09-21T22:33:59.919] Cog0       revDegrees = 338, offset_rev = $F05B_05B0
[2026-09-21T22:33:59.919] Cog0   - Calc FRAME: frame_cnt = 6_136
[2026-09-21T22:33:59.920] Cog0  * init values dead_gap = 70, pwm_limit = 3_033, adc_fram = 6_136, duty_min = 1_600, duty_max = 24_264
[2026-09-21T22:33:59.920] Cog0  *      values duty_up = 18, duty_dn = 4, cfg_ctcks = 135_000
[2026-09-21T22:33:59.920] Cog0  * ENTRY CFG userVoltage = 6, index = 6
[2026-09-21T22:33:59.921] Cog0  * EXIT 2 CFG eUserSelectedVolts = 6 maxFwdIncreAtPwr = 147_000_000 minFwdIncreAtPwr = 544_628
[2026-09-21T22:33:59.921] Cog0  -MOT- inincr = 0 nTgtIncr = $0000_0000 0 sync = 0
[2026-09-21T22:33:59.921] Cog0  * Motor COG #2
[2026-09-21T22:33:59.921] Cog2  INIT $0000_8E3A $0000_D4C3 load
[2026-09-21T22:33:59.937] Cog3  INIT $0000_0FA8 $0000_D093 jump
[2026-09-21T22:33:59.937] Cog0  * Front COG #3
[2026-09-21T22:34:00.933] Cog0  BLDC: getBoardType() driver running, not measured; returning revision recorded at start 22
[2026-09-21T22:34:00.934] Cog0  MOT:  offset_fwd_degrees = 43, offset_fwd = $1E93_E93E
[2026-09-21T22:34:00.935] Cog0   (ind)offset_rev_degrees = 317, offset_rev = $E16C_16C1
[2026-09-21T22:34:00.951] Cog0  BS-START,motor,LEFT,base,32,cog,2,cog_ok,TRUE,board_rev,22,rev_b,TRUE,board_id,REV_B,init_neg_deg,14,init_pos_deg,338,neg_deg,43,pos_deg,317,offsets_ok,TRUE,missed,0,illegal,0,integ_ok,TRUE,result,OK
[2026-09-21T22:34:01.454] Cog0  BS-WALK,motor,LEFT,speed,LOW,sign,POS,side,DOWN,pts,2,last_swept_deg,-63,stop,RISE,low_swept_deg,-43,low_mV_x10,255,low_net_mV_x10,161
[2026-09-21T22:34:02.452] Cog0  BS-ZERO,motor,LEFT,phase,COARSE,samples,200,i_mean_mV_x10,96,i_min_mV,8,i_max_mV,12,frozen,FALSE,in_band,TRUE,health_ok,NA,u_mV_x10,506,v_mV_x10,586,w_mV_x10,570
[2026-09-21T22:34:02.452] Cog0  MOT:  offset_fwd_degrees = 43, offset_fwd = $1E93_E93E
[2026-09-21T22:34:02.454] Cog0   (ind)offset_rev_degrees = 327, offset_rev = $E888_8888
[2026-09-21T22:34:02.469] Cog3  -MOT- inincr = 18_375_000 nTgtIncr = $0118_6158 0 sync = 0
[2026-09-21T22:34:05.943] Cog3  -MOT- inincr = 0 nTgtIncr = $0000_0000 0 sync = 0
[2026-09-21T22:34:06.136] Cog0  BS-POINT,seq,25,motor,LEFT,speed,LOW,incre,18_375_000,phase,COARSE,neg_deg,43,pos_deg,327,swept_deg,-33,result,OK,steady_ms,645,ticks,90,win_ms,1_836,rate_x10,490,rate_ok,TRUE,samples,363,i_mean_mV_x10,191,i_se_mV_x10,3
[2026-09-21T22:34:06.138] Cog0  BS-POINT2,seq,25,motor,LEFT,incre,18_375_000,i_halfA_mV_x10,187,i_halfB_mV_x10,195,unsettled,TRUE,i_min_mV,12,i_max_mV,29,duty_mean,3_423,err_mean,48,missed_d,0,illegal_d,0,fault,FALSE,abort_i,FALSE,charge_mVs,69,drv_state,1
[2026-09-21T22:34:06.154] Cog0  BS-POINT3,seq,25,motor,LEFT,zero_mV_x10,96,net_mV_x10,95,span_ms,3_484,span_rate_x10,430,follow_pct,87,span_duty_mean,3_170,span_duty_max,4_854,drv_follow_pct,102,drv_meas_tps,50,drv_cmd_tps,49
[2026-09-21T22:34:07.653] Cog0  BS-ZERO,motor,LEFT,phase,COARSE,samples,200,i_mean_mV_x10,96,i_min_mV,8,i_max_mV,12,frozen,FALSE,in_band,TRUE,health_ok,NA,u_mV_x10,510,v_mV_x10,584,w_mV_x10,572
[2026-09-21T22:34:07.653] Cog0  MOT:  offset_fwd_degrees = 43, offset_fwd = $1E93_E93E
[2026-09-21T22:34:07.654] Cog0   (ind)offset_rev_degrees = 337, offset_rev = $EFA4_FA4F
[2026-09-21T22:34:07.670] Cog3  -MOT- inincr = 18_375_000 nTgtIncr = $0118_6158 0 sync = 0
[2026-09-21T22:34:11.128] Cog3  -MOT- inincr = 0 nTgtIncr = $0000_0000 0 sync = 0
[2026-09-21T22:34:11.311] Cog0  BS-POINT,seq,26,motor,LEFT,speed,LOW,incre,18_375_000,phase,COARSE,neg_deg,43,pos_deg,337,swept_deg,-23,result,OK,steady_ms,645,ticks,90,win_ms,1_811,rate_x10,496,rate_ok,TRUE,samples,358,i_mean_mV_x10,246,i_se_mV_x10,5
[2026-09-21T22:34:11.314] Cog0  BS-POINT2,seq,26,motor,LEFT,incre,18_375_000,i_halfA_mV_x10,241,i_halfB_mV_x10,252,unsettled,TRUE,i_min_mV,10,i_max_mV,51,duty_mean,3_598,err_mean,45,missed_d,0,illegal_d,0,fault,FALSE,abort_i,FALSE,charge_mVs,83,drv_state,1
[2026-09-21T22:34:11.330] Cog0  BS-POINT3,seq,26,motor,LEFT,zero_mV_x10,96,net_mV_x10,150,span_ms,3_459,span_rate_x10,430,follow_pct,87,span_duty_mean,3_281,span_duty_max,5_397,drv_follow_pct,102,drv_meas_tps,50,drv_cmd_tps,49
[2026-09-21T22:34:12.829] Cog0  BS-ZERO,motor,LEFT,phase,COARSE,samples,200,i_mean_mV_x10,96,i_min_mV,8,i_max_mV,12,frozen,FALSE,in_band,TRUE,health_ok,NA,u_mV_x10,508,v_mV_x10,585,w_mV_x10,575
[2026-09-21T22:34:12.829] Cog0  MOT:  offset_fwd_degrees = 43, offset_fwd = $1E93_E93E
[2026-09-21T22:34:12.830] Cog0   (ind)offset_rev_degrees = 347, offset_rev = $F6C1_6C16
[2026-09-21T22:34:12.846] Cog3  -MOT- inincr = 18_375_000 nTgtIncr = $0118_6158 0 sync = 0
[2026-09-21T22:34:16.320] Cog3  -MOT- inincr = 0 nTgtIncr = $0000_0000 0 sync = 0
[2026-09-21T22:34:16.507] Cog0  BS-POINT,seq,27,motor,LEFT,speed,LOW,incre,18_375_000,phase,COARSE,neg_deg,43,pos_deg,347,swept_deg,-13,result,OK,steady_ms,645,ticks,90,win_ms,1_831,rate_x10,491,rate_ok,TRUE,samples,362,i_mean_mV_x10,355,i_se_mV_x10,17
[2026-09-21T22:34:16.510] Cog0  BS-POINT2,seq,27,motor,LEFT,incre,18_375_000,i_halfA_mV_x10,364,i_halfB_mV_x10,346,unsettled,FALSE,i_min_mV,9,i_max_mV,107,duty_mean,3_720,err_mean,41,missed_d,0,illegal_d,0,fault,FALSE,abort_i,FALSE,charge_mVs,112,drv_state,1
[2026-09-21T22:34:16.526] Cog0  BS-POINT3,seq,27,motor,LEFT,zero_mV_x10,96,net_mV_x10,259,span_ms,3_479,span_rate_x10,428,follow_pct,87,span_duty_mean,3_380,span_duty_max,6_168,drv_follow_pct,97,drv_meas_tps,48,drv_cmd_tps,49
[2026-09-21T22:34:17.014] Cog0  BS-WALK,motor,LEFT,speed,LOW,sign,POS,side,UP,pts,3,last_swept_deg,-13,stop,RISE,low_swept_deg,-33,low_mV_x10,191,low_net_mV_x10,95
[2026-09-21T22:34:17.029] Cog0  BS-BRACKET,motor,LEFT,speed,LOW,sign,POS,low_swept_deg,-33,low_mV_x10,191,below_ok,TRUE,above_ok,TRUE,bracketed,TRUE,reason,OK,low_net_mV_x10,95
[2026-09-21T22:34:18.028] Cog0  BS-ZERO,motor,LEFT,phase,FINE,samples,200,i_mean_mV_x10,106,i_min_mV,8,i_max_mV,12,frozen,FALSE,in_band,TRUE,health_ok,NA,u_mV_x10,503,v_mV_x10,584,w_mV_x10,573
[2026-09-21T22:34:18.029] Cog0  MOT:  offset_fwd_degrees = 43, offset_fwd = $1E93_E93E
[2026-09-21T22:34:18.029] Cog0   (ind)offset_rev_degrees = 327, offset_rev = $E888_8888
[2026-09-21T22:34:18.045] Cog3  -MOT- inincr = 18_375_000 nTgtIncr = $0118_6158 0 sync = 0
[2026-09-21T22:34:21.503] Cog3  -MOT- inincr = 0 nTgtIncr = $0000_0000 0 sync = 0
[2026-09-21T22:34:21.692] Cog0  BS-POINT,seq,28,motor,LEFT,speed,LOW,incre,18_375_000,phase,FINE,neg_deg,43,pos_deg,327,swept_deg,-33,result,OK,steady_ms,646,ticks,90,win_ms,1_815,rate_x10,495,rate_ok,TRUE,samples,359,i_mean_mV_x10,193,i_se_mV_x10,2
[2026-09-21T22:34:21.694] Cog0  BS-POINT2,seq,28,motor,LEFT,incre,18_375_000,i_halfA_mV_x10,191,i_halfB_mV_x10,194,unsettled,FALSE,i_min_mV,12,i_max_mV,28,duty_mean,3_418,err_mean,48,missed_d,0,illegal_d,0,fault,FALSE,abort_i,FALSE,charge_mVs,70,drv_state,1
[2026-09-21T22:34:21.710] Cog0  BS-POINT3,seq,28,motor,LEFT,zero_mV_x10,106,net_mV_x10,87,span_ms,3_464,span_rate_x10,430,follow_pct,87,span_duty_mean,3_169,span_duty_max,4_551,drv_follow_pct,100,drv_meas_tps,49,drv_cmd_tps,49
[2026-09-21T22:34:23.209] Cog0  BS-ZERO,motor,LEFT,phase,FINE,samples,200,i_mean_mV_x10,98,i_min_mV,8,i_max_mV,13,frozen,FALSE,in_band,TRUE,health_ok,NA,u_mV_x10,500,v_mV_x10,582,w_mV_x10,579
[2026-09-21T22:34:23.209] Cog0  MOT:  offset_fwd_degrees = 43, offset_fwd = $1E93_E93E
[2026-09-21T22:34:23.210] Cog0   (ind)offset_rev_degrees = 337, offset_rev = $EFA4_FA4F
[2026-09-21T22:34:23.226] Cog3  -MOT- inincr = 18_375_000 nTgtIncr = $0118_6158 0 sync = 0
[2026-09-21T22:34:26.685] Cog3  -MOT- inincr = 0 nTgtIncr = $0000_0000 0 sync = 0
[2026-09-21T22:34:26.867] Cog0  BS-POINT,seq,29,motor,LEFT,speed,LOW,incre,18_375_000,phase,FINE,neg_deg,43,pos_deg,337,swept_deg,-23,result,OK,steady_ms,646,ticks,90,win_ms,1_810,rate_x10,497,rate_ok,TRUE,samples,358,i_mean_mV_x10,249,i_se_mV_x10,6
[2026-09-21T22:34:26.870] Cog0  BS-POINT2,seq,29,motor,LEFT,incre,18_375_000,i_halfA_mV_x10,239,i_halfB_mV_x10,259,unsettled,TRUE,i_min_mV,10,i_max_mV,51,duty_mean,3_584,err_mean,45,missed_d,0,illegal_d,0,fault,FALSE,abort_i,FALSE,charge_mVs,85,drv_state,1
[2026-09-21T22:34:26.885] Cog0  BS-POINT3,seq,29,motor,LEFT,zero_mV_x10,98,net_mV_x10,151,span_ms,3_459,span_rate_x10,430,follow_pct,87,span_duty_mean,3_275,span_duty_max,5_382,drv_follow_pct,100,drv_meas_tps,49,drv_cmd_tps,49
[2026-09-21T22:34:28.385] Cog0  BS-ZERO,motor,LEFT,phase,FINE,samples,200,i_mean_mV_x10,105,i_min_mV,8,i_max_mV,13,frozen,FALSE,in_band,TRUE,health_ok,NA,u_mV_x10,504,v_mV_x10,581,w_mV_x10,578
[2026-09-21T22:34:28.385] Cog0  MOT:  offset_fwd_degrees = 43, offset_fwd = $1E93_E93E
[2026-09-21T22:34:28.386] Cog0   (ind)offset_rev_degrees = 317, offset_rev = $E16C_16C1
[2026-09-21T22:34:28.402] Cog3  -MOT- inincr = 18_375_000 nTgtIncr = $0118_6158 0 sync = 0
[2026-09-21T22:34:31.860] Cog3  -MOT- inincr = 0 nTgtIncr = $0000_0000 0 sync = 0
[2026-09-21T22:34:32.053] Cog0  BS-POINT,seq,30,motor,LEFT,speed,LOW,incre,18_375_000,phase,FINE,neg_deg,43,pos_deg,317,swept_deg,-43,result,OK,steady_ms,645,ticks,90,win_ms,1_820,rate_x10,494,rate_ok,TRUE,samples,360,i_mean_mV_x10,261,i_se_mV_x10,5
[2026-09-21T22:34:32.056] Cog0  BS-POINT2,seq,30,motor,LEFT,incre,18_375_000,i_halfA_mV_x10,257,i_halfB_mV_x10,265,unsettled,FALSE,i_min_mV,19,i_max_mV,33,duty_mean,3_638,err_mean,48,missed_d,0,illegal_d,0,fault,FALSE,abort_i,FALSE,charge_mVs,89,drv_state,1
[2026-09-21T22:34:32.071] Cog0  BS-POINT3,seq,30,motor,LEFT,zero_mV_x10,105,net_mV_x10,156,span_ms,3_469,span_rate_x10,429,follow_pct,87,span_duty_mean,3_340,span_duty_max,4_251,drv_follow_pct,100,drv_meas_tps,49,drv_cmd_tps,49
[2026-09-21T22:34:33.571] Cog0  BS-ZERO,motor,LEFT,phase,FINE,samples,200,i_mean_mV_x10,106,i_min_mV,8,i_max_mV,13,frozen,FALSE,in_band,TRUE,health_ok,NA,u_mV_x10,504,v_mV_x10,582,w_mV_x10,577
[2026-09-21T22:34:33.571] Cog0  MOT:  offset_fwd_degrees = 43, offset_fwd = $1E93_E93E
[2026-09-21T22:34:33.572] Cog0   (ind)offset_rev_degrees = 347, offset_rev = $F6C1_6C16
[2026-09-21T22:34:33.588] Cog3  -MOT- inincr = 18_375_000 nTgtIncr = $0118_6158 0 sync = 0
[2026-09-21T22:34:37.046] Cog3  -MOT- inincr = 0 nTgtIncr = $0000_0000 0 sync = 0
[2026-09-21T22:34:37.229] Cog0  BS-POINT,seq,31,motor,LEFT,speed,LOW,incre,18_375_000,phase,FINE,neg_deg,43,pos_deg,347,swept_deg,-13,result,OK,steady_ms,646,ticks,90,win_ms,1_810,rate_x10,497,rate_ok,TRUE,samples,358,i_mean_mV_x10,391,i_se_mV_x10,30
[2026-09-21T22:34:37.231] Cog0  BS-POINT2,seq,31,motor,LEFT,incre,18_375_000,i_halfA_mV_x10,408,i_halfB_mV_x10,375,unsettled,FALSE,i_min_mV,9,i_max_mV,123,duty_mean,3_829,err_mean,41,missed_d,0,illegal_d,0,fault,FALSE,abort_i,FALSE,charge_mVs,125,drv_state,1
[2026-09-21T22:34:37.247] Cog0  BS-POINT3,seq,31,motor,LEFT,zero_mV_x10,106,net_mV_x10,285,span_ms,3_459,span_rate_x10,430,follow_pct,87,span_duty_mean,3_450,span_duty_max,6_633,drv_follow_pct,100,drv_meas_tps,49,drv_cmd_tps,49
[2026-09-21T22:34:38.747] Cog0  BS-ZERO,motor,LEFT,phase,FINE,samples,200,i_mean_mV_x10,111,i_min_mV,8,i_max_mV,13,frozen,FALSE,in_band,TRUE,health_ok,NA,u_mV_x10,502,v_mV_x10,589,w_mV_x10,577
[2026-09-21T22:34:38.747] Cog0  MOT:  offset_fwd_degrees = 43, offset_fwd = $1E93_E93E
[2026-09-21T22:34:38.748] Cog0   (ind)offset_rev_degrees = 307, offset_rev = $DA4F_A4FA
[2026-09-21T22:34:38.764] Cog3  -MOT- inincr = 18_375_000 nTgtIncr = $0118_6158 0 sync = 0
[2026-09-21T22:34:42.222] Cog3  -MOT- inincr = 0 nTgtIncr = $0000_0000 0 sync = 0
[2026-09-21T22:34:42.410] Cog0  BS-POINT,seq,32,motor,LEFT,speed,LOW,incre,18_375_000,phase,FINE,neg_deg,43,pos_deg,307,swept_deg,-53,result,OK,steady_ms,646,ticks,90,win_ms,1_815,rate_x10,495,rate_ok,TRUE,samples,359,i_mean_mV_x10,476,i_se_mV_x10,13
[2026-09-21T22:34:42.412] Cog0  BS-POINT2,seq,32,motor,LEFT,incre,18_375_000,i_halfA_mV_x10,492,i_halfB_mV_x10,461,unsettled,TRUE,i_min_mV,35,i_max_mV,59,duty_mean,4_177,err_mean,48,missed_d,0,illegal_d,0,fault,FALSE,abort_i,FALSE,charge_mVs,150,drv_state,1
[2026-09-21T22:34:42.429] Cog0  BS-POINT3,seq,32,motor,LEFT,zero_mV_x10,111,net_mV_x10,365,span_ms,3_464,span_rate_x10,430,follow_pct,87,span_duty_mean,3_781,span_duty_max,4_468,drv_follow_pct,100,drv_meas_tps,49,drv_cmd_tps,49
[2026-09-21T22:34:43.928] Cog0  BS-ZERO,motor,LEFT,phase,FINE,samples,200,i_mean_mV_x10,102,i_min_mV,8,i_max_mV,13,frozen,FALSE,in_band,TRUE,health_ok,NA,u_mV_x10,504,v_mV_x10,580,w_mV_x10,576
[2026-09-21T22:34:43.928] Cog0  MOT:  offset_fwd_degrees = 43, offset_fwd = $1E93_E93E
[2026-09-21T22:34:43.929] Cog0   (ind)offset_rev_degrees = 332, offset_rev = $EC16_C16C
[2026-09-21T22:34:43.945] Cog3  -MOT- inincr = 18_375_000 nTgtIncr = $0118_6158 0 sync = 0
[2026-09-21T22:34:47.403] Cog3  -MOT- inincr = 0 nTgtIncr = $0000_0000 0 sync = 0
[2026-09-21T22:34:47.586] Cog0  BS-POINT,seq,33,motor,LEFT,speed,LOW,incre,18_375_000,phase,FINE,neg_deg,43,pos_deg,332,swept_deg,-28,result,OK,steady_ms,641,ticks,90,win_ms,1_815,rate_x10,495,rate_ok,TRUE,samples,359,i_mean_mV_x10,226,i_se_mV_x10,3
[2026-09-21T22:34:47.588] Cog0  BS-POINT2,seq,33,motor,LEFT,incre,18_375_000,i_halfA_mV_x10,229,i_halfB_mV_x10,222,unsettled,TRUE,i_min_mV,11,i_max_mV,46,duty_mean,3_576,err_mean,46,missed_d,0,illegal_d,0,fault,FALSE,abort_i,FALSE,charge_mVs,76,drv_state,1
[2026-09-21T22:34:47.605] Cog0  BS-POINT3,seq,33,motor,LEFT,zero_mV_x10,102,net_mV_x10,124,span_ms,3_459,span_rate_x10,430,follow_pct,87,span_duty_mean,3_251,span_duty_max,4_887,drv_follow_pct,100,drv_meas_tps,49,drv_cmd_tps,49
[2026-09-21T22:34:49.104] Cog0  BS-ZERO,motor,LEFT,phase,FINE,samples,200,i_mean_mV_x10,94,i_min_mV,7,i_max_mV,12,frozen,FALSE,in_band,TRUE,health_ok,NA,u_mV_x10,510,v_mV_x10,593,w_mV_x10,575
[2026-09-21T22:34:49.104] Cog0  MOT:  offset_fwd_degrees = 43, offset_fwd = $1E93_E93E
[2026-09-21T22:34:49.105] Cog0   (ind)offset_rev_degrees = 322, offset_rev = $E4FA_4FA4
[2026-09-21T22:34:49.121] Cog3  -MOT- inincr = 18_375_000 nTgtIncr = $0118_6158 0 sync = 0
[2026-09-21T22:34:52.579] Cog3  -MOT- inincr = 0 nTgtIncr = $0000_0000 0 sync = 0
[2026-09-21T22:34:52.767] Cog0  BS-POINT,seq,34,motor,LEFT,speed,LOW,incre,18_375_000,phase,FINE,neg_deg,43,pos_deg,322,swept_deg,-38,result,OK,steady_ms,646,ticks,90,win_ms,1_815,rate_x10,495,rate_ok,TRUE,samples,359,i_mean_mV_x10,199,i_se_mV_x10,3
[2026-09-21T22:34:52.769] Cog0  BS-POINT2,seq,34,motor,LEFT,incre,18_375_000,i_halfA_mV_x10,194,i_halfB_mV_x10,204,unsettled,TRUE,i_min_mV,15,i_max_mV,26,duty_mean,3_466,err_mean,48,missed_d,0,illegal_d,0,fault,FALSE,abort_i,FALSE,charge_mVs,70,drv_state,1
[2026-09-21T22:34:52.786] Cog0  BS-POINT3,seq,34,motor,LEFT,zero_mV_x10,94,net_mV_x10,105,span_ms,3_464,span_rate_x10,430,follow_pct,87,span_duty_mean,3_198,span_duty_max,4_410,drv_follow_pct,100,drv_meas_tps,49,drv_cmd_tps,49
[2026-09-21T22:34:54.285] Cog0  BS-ZERO,motor,LEFT,phase,FINE,samples,200,i_mean_mV_x10,95,i_min_mV,7,i_max_mV,12,frozen,FALSE,in_band,TRUE,health_ok,NA,u_mV_x10,508,v_mV_x10,595,w_mV_x10,578
[2026-09-21T22:34:54.285] Cog0  MOT:  offset_fwd_degrees = 43, offset_fwd = $1E93_E93E
[2026-09-21T22:34:54.286] Cog0   (ind)offset_rev_degrees = 342, offset_rev = $F333_3333
[2026-09-21T22:34:54.301] Cog3  -MOT- inincr = 18_375_000 nTgtIncr = $0118_6158 0 sync = 0
[2026-09-21T22:34:57.792] Cog3  -MOT- inincr = 0 nTgtIncr = $0000_0000 0 sync = 0
[2026-09-21T22:34:57.979] Cog0  BS-POINT,seq,35,motor,LEFT,speed,LOW,incre,18_375_000,phase,FINE,neg_deg,43,pos_deg,342,swept_deg,-18,result,OK,steady_ms,646,ticks,90,win_ms,1_845,rate_x10,487,rate_ok,TRUE,samples,365,i_mean_mV_x10,292,i_se_mV_x10,21
[2026-09-21T22:34:57.982] Cog0  BS-POINT2,seq,35,motor,LEFT,incre,18_375_000,i_halfA_mV_x10,297,i_halfB_mV_x10,288,unsettled,FALSE,i_min_mV,9,i_max_mV,82,duty_mean,3_611,err_mean,43,missed_d,0,illegal_d,0,fault,FALSE,abort_i,FALSE,charge_mVs,99,drv_state,1
[2026-09-21T22:34:57.997] Cog0  BS-POINT3,seq,35,motor,LEFT,zero_mV_x10,95,net_mV_x10,197,span_ms,3_494,span_rate_x10,429,follow_pct,87,span_duty_mean,3_327,span_duty_max,5_891,drv_follow_pct,97,drv_meas_tps,48,drv_cmd_tps,49
[2026-09-21T22:34:59.497] Cog0  BS-ZERO,motor,LEFT,phase,FINE,samples,200,i_mean_mV_x10,93,i_min_mV,8,i_max_mV,12,frozen,FALSE,in_band,TRUE,health_ok,NA,u_mV_x10,501,v_mV_x10,586,w_mV_x10,573
[2026-09-21T22:34:59.497] Cog0  MOT:  offset_fwd_degrees = 43, offset_fwd = $1E93_E93E
[2026-09-21T22:34:59.498] Cog0   (ind)offset_rev_degrees = 312, offset_rev = $DDDD_DDDD
[2026-09-21T22:34:59.513] Cog3  -MOT- inincr = 18_375_000 nTgtIncr = $0118_6158 0 sync = 0
[2026-09-21T22:35:02.971] Cog3  -MOT- inincr = 0 nTgtIncr = $0000_0000 0 sync = 0
[2026-09-21T22:35:03.165] Cog0  BS-POINT,seq,36,motor,LEFT,speed,LOW,incre,18_375_000,phase,FINE,neg_deg,43,pos_deg,312,swept_deg,-48,result,OK,steady_ms,645,ticks,90,win_ms,1_820,rate_x10,494,rate_ok,TRUE,samples,360,i_mean_mV_x10,348,i_se_mV_x10,7
[2026-09-21T22:35:03.168] Cog0  BS-POINT2,seq,36,motor,LEFT,incre,18_375_000,i_halfA_mV_x10,355,i_halfB_mV_x10,340,unsettled,TRUE,i_min_mV,25,i_max_mV,44,duty_mean,3_873,err_mean,48,missed_d,0,illegal_d,0,fault,FALSE,abort_i,FALSE,charge_mVs,112,drv_state,1
[2026-09-21T22:35:03.184] Cog0  BS-POINT3,seq,36,motor,LEFT,zero_mV_x10,93,net_mV_x10,255,span_ms,3_468,span_rate_x10,429,follow_pct,87,span_duty_mean,3_526,span_duty_max,4_138,drv_follow_pct,100,drv_meas_tps,49,drv_cmd_tps,49
[2026-09-21T22:35:04.684] Cog0  BS-ZERO,motor,LEFT,phase,REF_END,samples,200,i_mean_mV_x10,105,i_min_mV,8,i_max_mV,13,frozen,FALSE,in_band,TRUE,health_ok,NA,u_mV_x10,506,v_mV_x10,588,w_mV_x10,575
[2026-09-21T22:35:04.684] Cog0  MOT:  offset_fwd_degrees = 43, offset_fwd = $1E93_E93E
[2026-09-21T22:35:04.685] Cog0   (ind)offset_rev_degrees = 317, offset_rev = $E16C_16C1
[2026-09-21T22:35:04.700] Cog3  -MOT- inincr = 18_375_000 nTgtIncr = $0118_6158 0 sync = 0
[2026-09-21T22:35:08.158] Cog3  -MOT- inincr = 0 nTgtIncr = $0000_0000 0 sync = 0
[2026-09-21T22:35:08.351] Cog0  BS-POINT,seq,37,motor,LEFT,speed,LOW,incre,18_375_000,phase,REF_END,neg_deg,43,pos_deg,317,swept_deg,-43,result,OK,steady_ms,645,ticks,90,win_ms,1_820,rate_x10,494,rate_ok,TRUE,samples,360,i_mean_mV_x10,263,i_se_mV_x10,5
[2026-09-21T22:35:08.354] Cog0  BS-POINT2,seq,37,motor,LEFT,incre,18_375_000,i_halfA_mV_x10,261,i_halfB_mV_x10,266,unsettled,FALSE,i_min_mV,20,i_max_mV,34,duty_mean,3_639,err_mean,48,missed_d,0,illegal_d,0,fault,FALSE,abort_i,FALSE,charge_mVs,90,drv_state,4
[2026-09-21T22:35:08.370] Cog0  BS-POINT3,seq,37,motor,LEFT,zero_mV_x10,105,net_mV_x10,158,span_ms,3_468,span_rate_x10,429,follow_pct,87,span_duty_mean,3_340,span_duty_max,4_269,drv_follow_pct,102,drv_meas_tps,50,drv_cmd_tps,49
[2026-09-21T22:35:08.858] Cog0  BS-FIT,motor,LEFT,speed,LOW,sign,POS,status,OK,n,9,centre_deg,-33,span_lo_deg,-53,span_hi_deg,-13,extended,FALSE,pinned,FALSE
[2026-09-21T22:35:08.859] Cog0  BS-FIT2,motor,LEFT,speed,LOW,sign,POS,min_deg_x10,-316,min_se_deg_x10,3,min_mV_x10,95,rms_mV_x10,15,med_se_mV_x10,6,curv_x100,575,curv_model_pct,3_982,flat2_deg_x10,18
[2026-09-21T22:35:08.862] Cog0  BS-CLIFF,motor,LEFT,speed,LOW,sign,POS,found,FALSE,last_good_deg,NA,first_fault_deg,NA,edge_deg_x10,NA,margin_deg_x10,NA,margin_from_fit,FALSE,edge_res_deg_x10,NA
[2026-09-21T22:35:08.864] Cog0  BS-LEG,motor,LEFT,speed,LOW,sign,POS,served_by,OFFSET_REV,pts,16,faults,0,aborts_i,1,ref_start_mV_x10,255,ref_end_mV_x10,263,drift_pct_x10,-18,drift_flag,FALSE,exit,DONE,ref_start_net_mV_x10,161,ref_end_net_mV_x10,158
[2026-09-21T22:35:08.871] Cog0  BS-ARC,motor,LEFT,speed,LOW,sign,POS,arc_lo_deg,-53,arc_hi_deg,-13,arc_deg,40,bound_lo,CURRENT,bound_hi,RISE,circle_deg,360
[2026-09-21T22:35:08.871] Cog0  *VAL* legalBasePin = 16
[2026-09-21T22:35:08.873] Cog0  *VAL* legalVoltage = 6
[2026-09-21T22:35:08.873] Cog0  *VAL* legalMode = 30
[2026-09-21T22:35:08.874] Cog0  --- pinSum = 94, 64010 Rev B, highTimeUs = 72
[2026-09-21T22:35:08.874] Cog0  MOT: fwdDegrees = 14, offset_fwd = $09F4_9F49
[2026-09-21T22:35:08.874] Cog0       revDegrees = 338, offset_rev = $F05B_05B0
[2026-09-21T22:35:08.874] Cog0   - Calc FRAME: frame_cnt = 6_136
[2026-09-21T22:35:08.875] Cog0  * init values dead_gap = 70, pwm_limit = 3_033, adc_fram = 6_136, duty_min = 1_600, duty_max = 24_264
[2026-09-21T22:35:08.875] Cog0  *      values duty_up = 18, duty_dn = 4, cfg_ctcks = 135_000
[2026-09-21T22:35:08.875] Cog0  * ENTRY CFG userVoltage = 6, index = 6
[2026-09-21T22:35:08.876] Cog0  * EXIT 2 CFG eUserSelectedVolts = 6 maxFwdIncreAtPwr = 147_000_000 minFwdIncreAtPwr = 544_628
[2026-09-21T22:35:08.876] Cog0  -MOT- inincr = 0 nTgtIncr = $0000_0000 0 sync = 0
[2026-09-21T22:35:08.876] Cog0  * Motor COG #2
[2026-09-21T22:35:08.877] Cog2  INIT $0000_8E3A $0000_DCAF load
[2026-09-21T22:35:08.877] Cog3  INIT $0000_0FA8 $0000_D87F jump
[2026-09-21T22:35:08.893] Cog0  * Front COG #3
[2026-09-21T22:35:09.889] Cog0  BLDC: getBoardType() driver running, not measured; returning revision recorded at start 22
[2026-09-21T22:35:09.889] Cog0  MOT:  offset_fwd_degrees = 43, offset_fwd = $1E93_E93E
[2026-09-21T22:35:09.890] Cog0   (ind)offset_rev_degrees = 317, offset_rev = $E16C_16C1
[2026-09-21T22:35:09.907] Cog0  BS-START,motor,RIGHT,base,16,cog,2,cog_ok,TRUE,board_rev,22,rev_b,TRUE,board_id,REV_B,init_neg_deg,14,init_pos_deg,338,neg_deg,43,pos_deg,317,offsets_ok,TRUE,missed,0,illegal,0,integ_ok,TRUE,result,OK
[2026-09-21T22:35:10.905] Cog0  BS-ZERO,motor,RIGHT,phase,REF_START,samples,200,i_mean_mV_x10,2,i_min_mV,-2,i_max_mV,3,frozen,FALSE,in_band,TRUE,health_ok,NA,u_mV_x10,562,v_mV_x10,514,w_mV_x10,538
[2026-09-21T22:35:10.905] Cog0  MOT:  offset_fwd_degrees = 43, offset_fwd = $1E93_E93E
[2026-09-21T22:35:10.906] Cog0   (ind)offset_rev_degrees = 317, offset_rev = $E16C_16C1
[2026-09-21T22:35:10.921] Cog3  -MOT- inincr = 18_375_000 nTgtIncr = $0118_6158 0 sync = 0
[2026-09-21T22:35:14.379] Cog3  -MOT- inincr = 0 nTgtIncr = $0000_0000 0 sync = 0
[2026-09-21T22:35:14.573] Cog0  BS-POINT,seq,38,motor,RIGHT,speed,LOW,incre,18_375_000,phase,REF_START,neg_deg,43,pos_deg,317,swept_deg,-43,result,OK,steady_ms,645,ticks,90,win_ms,1_820,rate_x10,494,rate_ok,TRUE,samples,360,i_mean_mV_x10,179,i_se_mV_x10,3
[2026-09-21T22:35:14.575] Cog0  BS-POINT2,seq,38,motor,RIGHT,incre,18_375_000,i_halfA_mV_x10,188,i_halfB_mV_x10,171,unsettled,TRUE,i_min_mV,12,i_max_mV,26,duty_mean,3_694,err_mean,48,missed_d,0,illegal_d,0,fault,FALSE,abort_i,FALSE,charge_mVs,56,drv_state,1
[2026-09-21T22:35:14.591] Cog0  BS-POINT3,seq,38,motor,RIGHT,zero_mV_x10,2,net_mV_x10,177,span_ms,3_468,span_rate_x10,429,follow_pct,87,span_duty_mean,3_369,span_duty_max,3_985,drv_follow_pct,102,drv_meas_tps,50,drv_cmd_tps,49
[2026-09-21T22:35:16.090] Cog0  BS-ZERO,motor,RIGHT,phase,COARSE,samples,200,i_mean_mV_x10,-11,i_min_mV,-4,i_max_mV,1,frozen,FALSE,in_band,TRUE,health_ok,NA,u_mV_x10,558,v_mV_x10,517,w_mV_x10,530
[2026-09-21T22:35:16.091] Cog0  MOT:  offset_fwd_degrees = 43, offset_fwd = $1E93_E93E
[2026-09-21T22:35:16.092] Cog0   (ind)offset_rev_degrees = 307, offset_rev = $DA4F_A4FA
[2026-09-21T22:35:16.107] Cog3  -MOT- inincr = 18_375_000 nTgtIncr = $0118_6158 0 sync = 0
[2026-09-21T22:35:19.565] Cog3  -MOT- inincr = 0 nTgtIncr = $0000_0000 0 sync = 0
[2026-09-21T22:35:19.758] Cog0  BS-POINT,seq,39,motor,RIGHT,speed,LOW,incre,18_375_000,phase,COARSE,neg_deg,43,pos_deg,307,swept_deg,-53,result,OK,steady_ms,645,ticks,90,win_ms,1_820,rate_x10,494,rate_ok,TRUE,samples,360,i_mean_mV_x10,409,i_se_mV_x10,12
[2026-09-21T22:35:19.760] Cog0  BS-POINT2,seq,39,motor,RIGHT,incre,18_375_000,i_halfA_mV_x10,404,i_halfB_mV_x10,414,unsettled,FALSE,i_min_mV,30,i_max_mV,54,duty_mean,4_241,err_mean,48,missed_d,0,illegal_d,0,fault,FALSE,abort_i,FALSE,charge_mVs,124,drv_state,1
[2026-09-21T22:35:19.776] Cog0  BS-POINT3,seq,39,motor,RIGHT,zero_mV_x10,-11,net_mV_x10,420,span_ms,3_468,span_rate_x10,429,follow_pct,87,span_duty_mean,3_856,span_duty_max,4_552,drv_follow_pct,100,drv_meas_tps,49,drv_cmd_tps,49
[2026-09-21T22:35:21.275] Cog0  BS-ZERO,motor,RIGHT,phase,COARSE,samples,200,i_mean_mV_x10,-6,i_min_mV,-3,i_max_mV,2,frozen,FALSE,in_band,TRUE,health_ok,NA,u_mV_x10,557,v_mV_x10,526,w_mV_x10,538
[2026-09-21T22:35:21.276] Cog0  MOT:  offset_fwd_degrees = 43, offset_fwd = $1E93_E93E
[2026-09-21T22:35:21.277] Cog0   (ind)offset_rev_degrees = 297, offset_rev = $D333_3333
[2026-09-21T22:35:21.292] Cog3  -MOT- inincr = 18_375_000 nTgtIncr = $0118_6158 0 sync = 0
[2026-09-21T22:35:22.091] Cog0  BS-POINT,seq,40,motor,RIGHT,speed,LOW,incre,18_375_000,phase,COARSE,neg_deg,43,pos_deg,297,swept_deg,-63,result,ABORT_I,steady_ms,645,ticks,NA,win_ms,NA,rate_x10,NA,rate_ok,FALSE,samples,NA,i_mean_mV_x10,NA,i_se_mV_x10,NA
[2026-09-21T22:35:22.093] Cog0  BS-POINT2,seq,40,motor,RIGHT,incre,18_375_000,i_halfA_mV_x10,NA,i_halfB_mV_x10,NA,unsettled,FALSE,i_min_mV,NA,i_max_mV,NA,duty_mean,NA,err_mean,NA,missed_d,NA,illegal_d,NA,fault,FALSE,abort_i,TRUE,charge_mVs,25,drv_state,3
[2026-09-21T22:35:22.095] Cog0  BS-POINT3,seq,40,motor,RIGHT,zero_mV_x10,-6,net_mV_x10,NA,span_ms,810,span_rate_x10,222,follow_pct,45,span_duty_mean,2_872,span_duty_max,5_322,drv_follow_pct,NA,drv_meas_tps,NA,drv_cmd_tps,NA
[2026-09-21T22:35:22.099] Cog0  BS-ABORT,scope,POINT,reason,ABORT_I,motor,RIGHT,incre,18_375_000,seq,40,value,83,elapsed_s,248
[2026-09-21T22:35:22.099] Cog0  *VAL* legalBasePin = 16
[2026-09-21T22:35:22.101] Cog0  *VAL* legalVoltage = 6
[2026-09-21T22:35:22.101] Cog0  *VAL* legalMode = 30
[2026-09-21T22:35:22.101] Cog0  --- pinSum = 95, 64010 Rev B, highTimeUs = 73
[2026-09-21T22:35:22.102] Cog0  MOT: fwdDegrees = 14, offset_fwd = $09F4_9F49
[2026-09-21T22:35:22.102] Cog0       revDegrees = 338, offset_rev = $F05B_05B0
[2026-09-21T22:35:22.102] Cog0   - Calc FRAME: frame_cnt = 6_136
[2026-09-21T22:35:22.103] Cog0  * init values dead_gap = 70, pwm_limit = 3_033, adc_fram = 6_136, duty_min = 1_600, duty_max = 24_264
[2026-09-21T22:35:22.103] Cog0  *      values duty_up = 18, duty_dn = 4, cfg_ctcks = 135_000
[2026-09-21T22:35:22.104] Cog0  * ENTRY CFG userVoltage = 6, index = 6
[2026-09-21T22:35:22.104] Cog0  * EXIT 2 CFG eUserSelectedVolts = 6 maxFwdIncreAtPwr = 147_000_000 minFwdIncreAtPwr = 544_628
[2026-09-21T22:35:22.105] Cog0  -MOT- inincr = 0 nTgtIncr = $0000_0000 0 sync = 0
[2026-09-21T22:35:22.105] Cog0  * Motor COG #2
[2026-09-21T22:35:22.105] Cog2  INIT $0000_8E3A $0000_DCAF load
[2026-09-21T22:35:22.105] Cog3  INIT $0000_0FA8 $0000_D87F jump
[2026-09-21T22:35:22.121] Cog0  * Front COG #3
[2026-09-21T22:35:23.117] Cog0  BLDC: getBoardType() driver running, not measured; returning revision recorded at start 22
[2026-09-21T22:35:23.117] Cog0  MOT:  offset_fwd_degrees = 43, offset_fwd = $1E93_E93E
[2026-09-21T22:35:23.118] Cog0   (ind)offset_rev_degrees = 317, offset_rev = $E16C_16C1
[2026-09-21T22:35:23.135] Cog0  BS-START,motor,RIGHT,base,16,cog,2,cog_ok,TRUE,board_rev,22,rev_b,TRUE,board_id,REV_B,init_neg_deg,14,init_pos_deg,338,neg_deg,43,pos_deg,317,offsets_ok,TRUE,missed,0,illegal,0,integ_ok,TRUE,result,OK
[2026-09-21T22:35:23.637] Cog0  BS-WALK,motor,RIGHT,speed,LOW,sign,POS,side,DOWN,pts,2,last_swept_deg,-63,stop,RISE,low_swept_deg,-43,low_mV_x10,179,low_net_mV_x10,177
[2026-09-21T22:35:24.635] Cog0  BS-ZERO,motor,RIGHT,phase,COARSE,samples,200,i_mean_mV_x10,-4,i_min_mV,-2,i_max_mV,2,frozen,FALSE,in_band,TRUE,health_ok,NA,u_mV_x10,558,v_mV_x10,525,w_mV_x10,530
[2026-09-21T22:35:24.635] Cog0  MOT:  offset_fwd_degrees = 43, offset_fwd = $1E93_E93E
[2026-09-21T22:35:24.636] Cog0   (ind)offset_rev_degrees = 327, offset_rev = $E888_8888
[2026-09-21T22:35:24.652] Cog3  -MOT- inincr = 18_375_000 nTgtIncr = $0118_6158 0 sync = 0
[2026-09-21T22:35:28.126] Cog3  -MOT- inincr = 0 nTgtIncr = $0000_0000 0 sync = 0
[2026-09-21T22:35:28.317] Cog0  BS-POINT,seq,41,motor,RIGHT,speed,LOW,incre,18_375_000,phase,COARSE,neg_deg,43,pos_deg,327,swept_deg,-33,result,OK,steady_ms,645,ticks,90,win_ms,1_836,rate_x10,490,rate_ok,TRUE,samples,363,i_mean_mV_x10,102,i_se_mV_x10,3
[2026-09-21T22:35:28.320] Cog0  BS-POINT2,seq,41,motor,RIGHT,incre,18_375_000,i_halfA_mV_x10,105,i_halfB_mV_x10,99,unsettled,FALSE,i_min_mV,4,i_max_mV,21,duty_mean,3_468,err_mean,48,missed_d,0,illegal_d,0,fault,FALSE,abort_i,FALSE,charge_mVs,35,drv_state,1
[2026-09-21T22:35:28.336] Cog0  BS-POINT3,seq,41,motor,RIGHT,zero_mV_x10,-4,net_mV_x10,106,span_ms,3_484,span_rate_x10,430,follow_pct,87,span_duty_mean,3_205,span_duty_max,4_779,drv_follow_pct,102,drv_meas_tps,50,drv_cmd_tps,49
[2026-09-21T22:35:29.835] Cog0  BS-ZERO,motor,RIGHT,phase,COARSE,samples,200,i_mean_mV_x10,-3,i_min_mV,-3,i_max_mV,2,frozen,FALSE,in_band,TRUE,health_ok,NA,u_mV_x10,556,v_mV_x10,529,w_mV_x10,529
[2026-09-21T22:35:29.835] Cog0  MOT:  offset_fwd_degrees = 43, offset_fwd = $1E93_E93E
[2026-09-21T22:35:29.836] Cog0   (ind)offset_rev_degrees = 337, offset_rev = $EFA4_FA4F
[2026-09-21T22:35:29.851] Cog3  -MOT- inincr = 18_375_000 nTgtIncr = $0118_6158 0 sync = 0
[2026-09-21T22:35:33.309] Cog3  -MOT- inincr = 0 nTgtIncr = $0000_0000 0 sync = 0
[2026-09-21T22:35:33.502] Cog0  BS-POINT,seq,42,motor,RIGHT,speed,LOW,incre,18_375_000,phase,COARSE,neg_deg,43,pos_deg,337,swept_deg,-23,result,OK,steady_ms,645,ticks,90,win_ms,1_820,rate_x10,494,rate_ok,TRUE,samples,360,i_mean_mV_x10,155,i_se_mV_x10,4
[2026-09-21T22:35:33.504] Cog0  BS-POINT2,seq,42,motor,RIGHT,incre,18_375_000,i_halfA_mV_x10,156,i_halfB_mV_x10,154,unsettled,FALSE,i_min_mV,0,i_max_mV,54,duty_mean,3_636,err_mean,45,missed_d,0,illegal_d,0,fault,FALSE,abort_i,FALSE,charge_mVs,50,drv_state,1
[2026-09-21T22:35:33.520] Cog0  BS-POINT3,seq,42,motor,RIGHT,zero_mV_x10,-3,net_mV_x10,158,span_ms,3_468,span_rate_x10,429,follow_pct,87,span_duty_mean,3_315,span_duty_max,5_400,drv_follow_pct,100,drv_meas_tps,49,drv_cmd_tps,49
[2026-09-21T22:35:35.019] Cog0  BS-ZERO,motor,RIGHT,phase,COARSE,samples,200,i_mean_mV_x10,-1,i_min_mV,-2,i_max_mV,1,frozen,FALSE,in_band,TRUE,health_ok,NA,u_mV_x10,553,v_mV_x10,532,w_mV_x10,526
[2026-09-21T22:35:35.019] Cog0  MOT:  offset_fwd_degrees = 43, offset_fwd = $1E93_E93E
[2026-09-21T22:35:35.021] Cog0   (ind)offset_rev_degrees = 347, offset_rev = $F6C1_6C16
[2026-09-21T22:35:35.036] Cog3  -MOT- inincr = 18_375_000 nTgtIncr = $0118_6158 0 sync = 0
[2026-09-21T22:35:38.494] Cog3  -MOT- inincr = 0 nTgtIncr = $0000_0000 0 sync = 0
[2026-09-21T22:35:38.682] Cog0  BS-POINT,seq,43,motor,RIGHT,speed,LOW,incre,18_375_000,phase,COARSE,neg_deg,43,pos_deg,347,swept_deg,-13,result,OK,steady_ms,646,ticks,90,win_ms,1_810,rate_x10,497,rate_ok,TRUE,samples,358,i_mean_mV_x10,373,i_se_mV_x10,27
[2026-09-21T22:35:38.685] Cog0  BS-POINT2,seq,43,motor,RIGHT,incre,18_375_000,i_halfA_mV_x10,344,i_halfB_mV_x10,400,unsettled,TRUE,i_min_mV,0,i_max_mV,128,duty_mean,3_995,err_mean,41,missed_d,0,illegal_d,0,fault,FALSE,abort_i,FALSE,charge_mVs,108,drv_state,1
[2026-09-21T22:35:38.701] Cog0  BS-POINT3,seq,43,motor,RIGHT,zero_mV_x10,-1,net_mV_x10,374,span_ms,3_459,span_rate_x10,430,follow_pct,87,span_duty_mean,3_558,span_duty_max,6_660,drv_follow_pct,102,drv_meas_tps,50,drv_cmd_tps,49
[2026-09-21T22:35:39.189] Cog0  BS-WALK,motor,RIGHT,speed,LOW,sign,POS,side,UP,pts,3,last_swept_deg,-13,stop,RISE,low_swept_deg,-33,low_mV_x10,102,low_net_mV_x10,106
[2026-09-21T22:35:39.205] Cog0  BS-BRACKET,motor,RIGHT,speed,LOW,sign,POS,low_swept_deg,-33,low_mV_x10,102,below_ok,TRUE,above_ok,TRUE,bracketed,TRUE,reason,OK,low_net_mV_x10,106
[2026-09-21T22:35:40.203] Cog0  BS-ZERO,motor,RIGHT,phase,FINE,samples,200,i_mean_mV_x10,-7,i_min_mV,-4,i_max_mV,1,frozen,FALSE,in_band,TRUE,health_ok,NA,u_mV_x10,553,v_mV_x10,532,w_mV_x10,529
[2026-09-21T22:35:40.203] Cog0  MOT:  offset_fwd_degrees = 43, offset_fwd = $1E93_E93E
[2026-09-21T22:35:40.205] Cog0   (ind)offset_rev_degrees = 327, offset_rev = $E888_8888
[2026-09-21T22:35:40.220] Cog3  -MOT- inincr = 18_375_000 nTgtIncr = $0118_6158 0 sync = 0
[2026-09-21T22:35:43.694] Cog3  -MOT- inincr = 0 nTgtIncr = $0000_0000 0 sync = 0
[2026-09-21T22:35:43.886] Cog0  BS-POINT,seq,44,motor,RIGHT,speed,LOW,incre,18_375_000,phase,FINE,neg_deg,43,pos_deg,327,swept_deg,-33,result,OK,steady_ms,646,ticks,90,win_ms,1_835,rate_x10,490,rate_ok,TRUE,samples,363,i_mean_mV_x10,94,i_se_mV_x10,4
[2026-09-21T22:35:43.889] Cog0  BS-POINT2,seq,44,motor,RIGHT,incre,18_375_000,i_halfA_mV_x10,100,i_halfB_mV_x10,88,unsettled,TRUE,i_min_mV,3,i_max_mV,21,duty_mean,3_477,err_mean,48,missed_d,0,illegal_d,0,fault,FALSE,abort_i,FALSE,charge_mVs,34,drv_state,1
[2026-09-21T22:35:43.905] Cog0  BS-POINT3,seq,44,motor,RIGHT,zero_mV_x10,-7,net_mV_x10,101,span_ms,3_484,span_rate_x10,430,follow_pct,87,span_duty_mean,3_217,span_duty_max,4_838,drv_follow_pct,102,drv_meas_tps,50,drv_cmd_tps,49
[2026-09-21T22:35:45.404] Cog0  BS-ZERO,motor,RIGHT,phase,FINE,samples,200,i_mean_mV_x10,-11,i_min_mV,-4,i_max_mV,1,frozen,FALSE,in_band,TRUE,health_ok,NA,u_mV_x10,555,v_mV_x10,529,w_mV_x10,531
[2026-09-21T22:35:45.404] Cog0  MOT:  offset_fwd_degrees = 43, offset_fwd = $1E93_E93E
[2026-09-21T22:35:45.405] Cog0   (ind)offset_rev_degrees = 337, offset_rev = $EFA4_FA4F
[2026-09-21T22:35:45.420] Cog3  -MOT- inincr = 18_375_000 nTgtIncr = $0118_6158 0 sync = 0
[2026-09-21T22:35:48.894] Cog3  -MOT- inincr = 0 nTgtIncr = $0000_0000 0 sync = 0
[2026-09-21T22:35:49.077] Cog0  BS-POINT,seq,45,motor,RIGHT,speed,LOW,incre,18_375_000,phase,FINE,neg_deg,43,pos_deg,337,swept_deg,-23,result,OK,steady_ms,645,ticks,90,win_ms,1_825,rate_x10,493,rate_ok,TRUE,samples,361,i_mean_mV_x10,161,i_se_mV_x10,7
[2026-09-21T22:35:49.079] Cog0  BS-POINT2,seq,45,motor,RIGHT,incre,18_375_000,i_halfA_mV_x10,164,i_halfB_mV_x10,158,unsettled,FALSE,i_min_mV,0,i_max_mV,49,duty_mean,3_644,err_mean,45,missed_d,0,illegal_d,0,fault,FALSE,abort_i,FALSE,charge_mVs,48,drv_state,1
[2026-09-21T22:35:49.095] Cog0  BS-POINT3,seq,45,motor,RIGHT,zero_mV_x10,-11,net_mV_x10,172,span_ms,3_473,span_rate_x10,429,follow_pct,87,span_duty_mean,3_315,span_duty_max,5_290,drv_follow_pct,100,drv_meas_tps,49,drv_cmd_tps,49
[2026-09-21T22:35:50.594] Cog0  BS-ZERO,motor,RIGHT,phase,FINE,samples,200,i_mean_mV_x10,-8,i_min_mV,-3,i_max_mV,2,frozen,FALSE,in_band,TRUE,health_ok,NA,u_mV_x10,555,v_mV_x10,530,w_mV_x10,529
[2026-09-21T22:35:50.594] Cog0  MOT:  offset_fwd_degrees = 43, offset_fwd = $1E93_E93E
[2026-09-21T22:35:50.596] Cog0   (ind)offset_rev_degrees = 317, offset_rev = $E16C_16C1
[2026-09-21T22:35:50.612] Cog3  -MOT- inincr = 18_375_000 nTgtIncr = $0118_6158 0 sync = 0
[2026-09-21T22:35:54.070] Cog3  -MOT- inincr = 0 nTgtIncr = $0000_0000 0 sync = 0
[2026-09-21T22:35:54.262] Cog0  BS-POINT,seq,46,motor,RIGHT,speed,LOW,incre,18_375_000,phase,FINE,neg_deg,43,pos_deg,317,swept_deg,-43,result,OK,steady_ms,645,ticks,90,win_ms,1_815,rate_x10,495,rate_ok,TRUE,samples,359,i_mean_mV_x10,170,i_se_mV_x10,5
[2026-09-21T22:35:54.265] Cog0  BS-POINT2,seq,46,motor,RIGHT,incre,18_375_000,i_halfA_mV_x10,170,i_halfB_mV_x10,170,unsettled,FALSE,i_min_mV,11,i_max_mV,24,duty_mean,3_695,err_mean,48,missed_d,0,illegal_d,0,fault,FALSE,abort_i,FALSE,charge_mVs,53,drv_state,1
[2026-09-21T22:35:54.281] Cog0  BS-POINT3,seq,46,motor,RIGHT,zero_mV_x10,-8,net_mV_x10,178,span_ms,3_463,span_rate_x10,430,follow_pct,87,span_duty_mean,3_385,span_duty_max,4_224,drv_follow_pct,100,drv_meas_tps,49,drv_cmd_tps,49
[2026-09-21T22:35:55.780] Cog0  BS-ZERO,motor,RIGHT,phase,FINE,samples,200,i_mean_mV_x10,-9,i_min_mV,-4,i_max_mV,2,frozen,FALSE,in_band,TRUE,health_ok,NA,u_mV_x10,552,v_mV_x10,532,w_mV_x10,529
[2026-09-21T22:35:55.780] Cog0  MOT:  offset_fwd_degrees = 43, offset_fwd = $1E93_E93E
[2026-09-21T22:35:55.780] Cog0   (ind)offset_rev_degrees = 347, offset_rev = $F6C1_6C16
[2026-09-21T22:35:55.796] Cog3  -MOT- inincr = 18_375_000 nTgtIncr = $0118_6158 0 sync = 0
[2026-09-21T22:35:59.287] Cog3  -MOT- inincr = 0 nTgtIncr = $0000_0000 0 sync = 0
[2026-09-21T22:35:59.467] Cog0  BS-POINT,seq,47,motor,RIGHT,speed,LOW,incre,18_375_000,phase,FINE,neg_deg,43,pos_deg,347,swept_deg,-13,result,OK,steady_ms,650,ticks,90,win_ms,1_836,rate_x10,490,rate_ok,TRUE,samples,363,i_mean_mV_x10,371,i_se_mV_x10,49
[2026-09-21T22:35:59.469] Cog0  BS-POINT2,seq,47,motor,RIGHT,incre,18_375_000,i_halfA_mV_x10,320,i_halfB_mV_x10,418,unsettled,FALSE,i_min_mV,0,i_max_mV,150,duty_mean,3_944,err_mean,41,missed_d,0,illegal_d,0,fault,FALSE,abort_i,FALSE,charge_mVs,122,drv_state,1
[2026-09-21T22:35:59.486] Cog0  BS-POINT3,seq,47,motor,RIGHT,zero_mV_x10,-9,net_mV_x10,380,span_ms,3_489,span_rate_x10,427,follow_pct,87,span_duty_mean,3_616,span_duty_max,6_921,drv_follow_pct,100,drv_meas_tps,49,drv_cmd_tps,49
[2026-09-21T22:36:00.985] Cog0  BS-ZERO,motor,RIGHT,phase,FINE,samples,200,i_mean_mV_x10,-4,i_min_mV,-2,i_max_mV,1,frozen,FALSE,in_band,TRUE,health_ok,NA,u_mV_x10,550,v_mV_x10,530,w_mV_x10,531
[2026-09-21T22:36:00.985] Cog0  MOT:  offset_fwd_degrees = 43, offset_fwd = $1E93_E93E
[2026-09-21T22:36:00.986] Cog0   (ind)offset_rev_degrees = 307, offset_rev = $DA4F_A4FA
[2026-09-21T22:36:01.001] Cog3  -MOT- inincr = 18_375_000 nTgtIncr = $0118_6158 0 sync = 0
[2026-09-21T22:36:04.459] Cog3  -MOT- inincr = 0 nTgtIncr = $0000_0000 0 sync = 0
[2026-09-21T22:36:04.648] Cog0  BS-POINT,seq,48,motor,RIGHT,speed,LOW,incre,18_375_000,phase,FINE,neg_deg,43,pos_deg,307,swept_deg,-53,result,OK,steady_ms,645,ticks,90,win_ms,1_815,rate_x10,495,rate_ok,TRUE,samples,359,i_mean_mV_x10,399,i_se_mV_x10,7
[2026-09-21T22:36:04.650] Cog0  BS-POINT2,seq,48,motor,RIGHT,incre,18_375_000,i_halfA_mV_x10,388,i_halfB_mV_x10,409,unsettled,TRUE,i_min_mV,30,i_max_mV,51,duty_mean,4_235,err_mean,48,missed_d,0,illegal_d,0,fault,FALSE,abort_i,FALSE,charge_mVs,122,drv_state,1
[2026-09-21T22:36:04.666] Cog0  BS-POINT3,seq,48,motor,RIGHT,zero_mV_x10,-4,net_mV_x10,403,span_ms,3_464,span_rate_x10,430,follow_pct,87,span_duty_mean,3_845,span_duty_max,4_526,drv_follow_pct,100,drv_meas_tps,49,drv_cmd_tps,49
[2026-09-21T22:36:06.165] Cog0  BS-ZERO,motor,RIGHT,phase,FINE,samples,200,i_mean_mV_x10,-10,i_min_mV,-3,i_max_mV,2,frozen,FALSE,in_band,TRUE,health_ok,NA,u_mV_x10,550,v_mV_x10,532,w_mV_x10,539
[2026-09-21T22:36:06.165] Cog0  MOT:  offset_fwd_degrees = 43, offset_fwd = $1E93_E93E
[2026-09-21T22:36:06.166] Cog0   (ind)offset_rev_degrees = 332, offset_rev = $EC16_C16C
[2026-09-21T22:36:06.182] Cog3  -MOT- inincr = 18_375_000 nTgtIncr = $0118_6158 0 sync = 0
[2026-09-21T22:36:09.640] Cog3  -MOT- inincr = 0 nTgtIncr = $0000_0000 0 sync = 0
[2026-09-21T22:36:09.828] Cog0  BS-POINT,seq,49,motor,RIGHT,speed,LOW,incre,18_375_000,phase,FINE,neg_deg,43,pos_deg,332,swept_deg,-28,result,OK,steady_ms,645,ticks,90,win_ms,1_815,rate_x10,495,rate_ok,TRUE,samples,359,i_mean_mV_x10,136,i_se_mV_x10,2
[2026-09-21T22:36:09.830] Cog0  BS-POINT2,seq,49,motor,RIGHT,incre,18_375_000,i_halfA_mV_x10,142,i_halfB_mV_x10,130,unsettled,TRUE,i_min_mV,1,i_max_mV,38,duty_mean,3_638,err_mean,46,missed_d,0,illegal_d,0,fault,FALSE,abort_i,FALSE,charge_mVs,44,drv_state,1
[2026-09-21T22:36:09.847] Cog0  BS-POINT3,seq,49,motor,RIGHT,zero_mV_x10,-10,net_mV_x10,146,span_ms,3_463,span_rate_x10,430,follow_pct,87,span_duty_mean,3_320,span_duty_max,5_153,drv_follow_pct,100,drv_meas_tps,49,drv_cmd_tps,49
[2026-09-21T22:36:11.345] Cog0  BS-ZERO,motor,RIGHT,phase,FINE,samples,200,i_mean_mV_x10,-4,i_min_mV,-4,i_max_mV,2,frozen,FALSE,in_band,TRUE,health_ok,NA,u_mV_x10,545,v_mV_x10,532,w_mV_x10,533
[2026-09-21T22:36:11.346] Cog0  MOT:  offset_fwd_degrees = 43, offset_fwd = $1E93_E93E
[2026-09-21T22:36:11.346] Cog0   (ind)offset_rev_degrees = 322, offset_rev = $E4FA_4FA4
[2026-09-21T22:36:11.362] Cog3  -MOT- inincr = 18_375_000 nTgtIncr = $0118_6158 0 sync = 0
[2026-09-21T22:36:14.820] Cog3  -MOT- inincr = 0 nTgtIncr = $0000_0000 0 sync = 0
[2026-09-21T22:36:15.014] Cog0  BS-POINT,seq,50,motor,RIGHT,speed,LOW,incre,18_375_000,phase,FINE,neg_deg,43,pos_deg,322,swept_deg,-38,result,OK,steady_ms,645,ticks,90,win_ms,1_821,rate_x10,494,rate_ok,TRUE,samples,360,i_mean_mV_x10,110,i_se_mV_x10,5
[2026-09-21T22:36:15.016] Cog0  BS-POINT2,seq,50,motor,RIGHT,incre,18_375_000,i_halfA_mV_x10,115,i_halfB_mV_x10,105,unsettled,FALSE,i_min_mV,7,i_max_mV,17,duty_mean,3_522,err_mean,48,missed_d,0,illegal_d,0,fault,FALSE,abort_i,FALSE,charge_mVs,37,drv_state,1
[2026-09-21T22:36:15.032] Cog0  BS-POINT3,seq,50,motor,RIGHT,zero_mV_x10,-4,net_mV_x10,114,span_ms,3_469,span_rate_x10,429,follow_pct,87,span_duty_mean,3_241,span_duty_max,4_262,drv_follow_pct,100,drv_meas_tps,49,drv_cmd_tps,49
[2026-09-21T22:36:16.531] Cog0  BS-ZERO,motor,RIGHT,phase,FINE,samples,200,i_mean_mV_x10,-12,i_min_mV,-4,i_max_mV,1,frozen,FALSE,in_band,TRUE,health_ok,NA,u_mV_x10,547,v_mV_x10,525,w_mV_x10,534
[2026-09-21T22:36:16.531] Cog0  MOT:  offset_fwd_degrees = 43, offset_fwd = $1E93_E93E
[2026-09-21T22:36:16.532] Cog0   (ind)offset_rev_degrees = 342, offset_rev = $F333_3333
[2026-09-21T22:36:16.548] Cog3  -MOT- inincr = 18_375_000 nTgtIncr = $0118_6158 0 sync = 0
[2026-09-21T22:36:20.038] Cog3  -MOT- inincr = 0 nTgtIncr = $0000_0000 0 sync = 0
[2026-09-21T22:36:20.219] Cog0  BS-POINT,seq,51,motor,RIGHT,speed,LOW,incre,18_375_000,phase,FINE,neg_deg,43,pos_deg,342,swept_deg,-18,result,OK,steady_ms,645,ticks,90,win_ms,1_840,rate_x10,489,rate_ok,TRUE,samples,364,i_mean_mV_x10,193,i_se_mV_x10,11
[2026-09-21T22:36:20.222] Cog0  BS-POINT2,seq,51,motor,RIGHT,incre,18_375_000,i_halfA_mV_x10,172,i_halfB_mV_x10,215,unsettled,TRUE,i_min_mV,-1,i_max_mV,79,duty_mean,3_670,err_mean,44,missed_d,0,illegal_d,0,fault,FALSE,abort_i,FALSE,charge_mVs,64,drv_state,1
[2026-09-21T22:36:20.238] Cog0  BS-POINT3,seq,51,motor,RIGHT,zero_mV_x10,-12,net_mV_x10,205,span_ms,3_488,span_rate_x10,430,follow_pct,87,span_duty_mean,3_382,span_duty_max,6_043,drv_follow_pct,97,drv_meas_tps,48,drv_cmd_tps,49
[2026-09-21T22:36:21.737] Cog0  BS-ZERO,motor,RIGHT,phase,FINE,samples,200,i_mean_mV_x10,-2,i_min_mV,-3,i_max_mV,2,frozen,FALSE,in_band,TRUE,health_ok,NA,u_mV_x10,551,v_mV_x10,530,w_mV_x10,536
[2026-09-21T22:36:21.737] Cog0  MOT:  offset_fwd_degrees = 43, offset_fwd = $1E93_E93E
[2026-09-21T22:36:21.738] Cog0   (ind)offset_rev_degrees = 312, offset_rev = $DDDD_DDDD
[2026-09-21T22:36:21.753] Cog3  -MOT- inincr = 18_375_000 nTgtIncr = $0118_6158 0 sync = 0
[2026-09-21T22:36:25.211] Cog3  -MOT- inincr = 0 nTgtIncr = $0000_0000 0 sync = 0
[2026-09-21T22:36:25.405] Cog0  BS-POINT,seq,52,motor,RIGHT,speed,LOW,incre,18_375_000,phase,FINE,neg_deg,43,pos_deg,312,swept_deg,-48,result,OK,steady_ms,645,ticks,90,win_ms,1_820,rate_x10,494,rate_ok,TRUE,samples,360,i_mean_mV_x10,271,i_se_mV_x10,9
[2026-09-21T22:36:25.407] Cog0  BS-POINT2,seq,52,motor,RIGHT,incre,18_375_000,i_halfA_mV_x10,261,i_halfB_mV_x10,280,unsettled,TRUE,i_min_mV,20,i_max_mV,36,duty_mean,3_923,err_mean,48,missed_d,0,illegal_d,0,fault,FALSE,abort_i,FALSE,charge_mVs,84,drv_state,1
[2026-09-21T22:36:25.423] Cog0  BS-POINT3,seq,52,motor,RIGHT,zero_mV_x10,-2,net_mV_x10,273,span_ms,3_468,span_rate_x10,429,follow_pct,87,span_duty_mean,3_585,span_duty_max,4_261,drv_follow_pct,100,drv_meas_tps,49,drv_cmd_tps,49
[2026-09-21T22:36:26.924] Cog0  BS-ZERO,motor,RIGHT,phase,REF_END,samples,200,i_mean_mV_x10,2,i_min_mV,-1,i_max_mV,2,frozen,FALSE,in_band,TRUE,health_ok,NA,u_mV_x10,554,v_mV_x10,527,w_mV_x10,532
[2026-09-21T22:36:26.924] Cog0  MOT:  offset_fwd_degrees = 43, offset_fwd = $1E93_E93E
[2026-09-21T22:36:26.925] Cog0   (ind)offset_rev_degrees = 317, offset_rev = $E16C_16C1
[2026-09-21T22:36:26.941] Cog3  -MOT- inincr = 18_375_000 nTgtIncr = $0118_6158 0 sync = 0
[2026-09-21T22:36:30.399] Cog3  -MOT- inincr = 0 nTgtIncr = $0000_0000 0 sync = 0
[2026-09-21T22:36:30.592] Cog0  BS-POINT,seq,53,motor,RIGHT,speed,LOW,incre,18_375_000,phase,REF_END,neg_deg,43,pos_deg,317,swept_deg,-43,result,OK,steady_ms,646,ticks,90,win_ms,1_815,rate_x10,495,rate_ok,TRUE,samples,359,i_mean_mV_x10,181,i_se_mV_x10,6
[2026-09-21T22:36:30.594] Cog0  BS-POINT2,seq,53,motor,RIGHT,incre,18_375_000,i_halfA_mV_x10,182,i_halfB_mV_x10,180,unsettled,FALSE,i_min_mV,11,i_max_mV,27,duty_mean,3_693,err_mean,48,missed_d,0,illegal_d,0,fault,FALSE,abort_i,FALSE,charge_mVs,58,drv_state,1
[2026-09-21T22:36:30.610] Cog0  BS-POINT3,seq,53,motor,RIGHT,zero_mV_x10,2,net_mV_x10,179,span_ms,3_464,span_rate_x10,430,follow_pct,87,span_duty_mean,3_382,span_duty_max,4_185,drv_follow_pct,100,drv_meas_tps,49,drv_cmd_tps,49
[2026-09-21T22:36:31.098] Cog0  BS-FIT,motor,RIGHT,speed,LOW,sign,POS,status,OK,n,9,centre_deg,-33,span_lo_deg,-53,span_hi_deg,-13,extended,FALSE,pinned,FALSE
[2026-09-21T22:36:31.100] Cog0  BS-FIT2,motor,RIGHT,speed,LOW,sign,POS,min_deg_x10,-323,min_se_deg_x10,4,min_mV_x10,103,rms_mV_x10,23,med_se_mV_x10,7,curv_x100,694,curv_model_pct,4_417,flat2_deg_x10,17
[2026-09-21T22:36:31.102] Cog0  BS-CLIFF,motor,RIGHT,speed,LOW,sign,POS,found,FALSE,last_good_deg,NA,first_fault_deg,NA,edge_deg_x10,NA,margin_deg_x10,NA,margin_from_fit,FALSE,edge_res_deg_x10,NA
[2026-09-21T22:36:31.104] Cog0  BS-LEG,motor,RIGHT,speed,LOW,sign,POS,served_by,OFFSET_REV,pts,16,faults,0,aborts_i,1,ref_start_mV_x10,179,ref_end_mV_x10,181,drift_pct_x10,11,drift_flag,FALSE,exit,DONE,ref_start_net_mV_x10,177,ref_end_net_mV_x10,179
[2026-09-21T22:36:31.119] Cog0  BS-ARC,motor,RIGHT,speed,LOW,sign,POS,arc_lo_deg,-53,arc_hi_deg,-13,arc_deg,40,bound_lo,CURRENT,bound_hi,RISE,circle_deg,360
[2026-09-21T22:36:32.118] Cog0  BS-ZERO,motor,RIGHT,phase,REF_START,samples,200,i_mean_mV_x10,3,i_min_mV,-2,i_max_mV,3,frozen,FALSE,in_band,TRUE,health_ok,NA,u_mV_x10,555,v_mV_x10,532,w_mV_x10,530
[2026-09-21T22:36:32.118] Cog0  MOT:  offset_fwd_degrees = 43, offset_fwd = $1E93_E93E
[2026-09-21T22:36:32.119] Cog0   (ind)offset_rev_degrees = 317, offset_rev = $E16C_16C1
[2026-09-21T22:36:32.135] Cog3  -MOT- inincr = -18_375_000 nTgtIncr = $7EE7_9EA8 0 sync = 0
[2026-09-21T22:36:35.593] Cog3  -MOT- inincr = 0 nTgtIncr = $0000_0000 0 sync = 0
[2026-09-21T22:36:35.781] Cog0  BS-POINT,seq,54,motor,RIGHT,speed,LOW,incre,-18_375_000,phase,REF_START,neg_deg,43,pos_deg,317,swept_deg,43,result,OK,steady_ms,645,ticks,90,win_ms,1_815,rate_x10,495,rate_ok,TRUE,samples,359,i_mean_mV_x10,332,i_se_mV_x10,10
[2026-09-21T22:36:35.784] Cog0  BS-POINT2,seq,54,motor,RIGHT,incre,-18_375_000,i_halfA_mV_x10,322,i_halfB_mV_x10,342,unsettled,FALSE,i_min_mV,24,i_max_mV,48,duty_mean,4_071,err_mean,-48,missed_d,0,illegal_d,0,fault,FALSE,abort_i,FALSE,charge_mVs,101,drv_state,1
[2026-09-21T22:36:35.800] Cog0  BS-POINT3,seq,54,motor,RIGHT,zero_mV_x10,3,net_mV_x10,329,span_ms,3_463,span_rate_x10,430,follow_pct,87,span_duty_mean,3_701,span_duty_max,4_368,drv_follow_pct,0,drv_meas_tps,50,drv_cmd_tps,5_689
[2026-09-21T22:36:37.299] Cog0  BS-ZERO,motor,RIGHT,phase,COARSE,samples,200,i_mean_mV_x10,-1,i_min_mV,-3,i_max_mV,2,frozen,FALSE,in_band,TRUE,health_ok,NA,u_mV_x10,547,v_mV_x10,533,w_mV_x10,535
[2026-09-21T22:36:37.299] Cog0  MOT:  offset_fwd_degrees = 33, offset_fwd = $1777_7777
[2026-09-21T22:36:37.300] Cog0   (ind)offset_rev_degrees = 317, offset_rev = $E16C_16C1
[2026-09-21T22:36:37.316] Cog3  -MOT- inincr = -18_375_000 nTgtIncr = $7EE7_9EA8 0 sync = 0
[2026-09-21T22:36:40.774] Cog3  -MOT- inincr = 0 nTgtIncr = $0000_0000 0 sync = 0
[2026-09-21T22:36:40.962] Cog0  BS-POINT,seq,55,motor,RIGHT,speed,LOW,incre,-18_375_000,phase,COARSE,neg_deg,33,pos_deg,317,swept_deg,33,result,OK,steady_ms,645,ticks,90,win_ms,1_815,rate_x10,495,rate_ok,TRUE,samples,359,i_mean_mV_x10,145,i_se_mV_x10,5
[2026-09-21T22:36:40.964] Cog0  BS-POINT2,seq,55,motor,RIGHT,incre,-18_375_000,i_halfA_mV_x10,153,i_halfB_mV_x10,138,unsettled,TRUE,i_min_mV,8,i_max_mV,22,duty_mean,3_606,err_mean,-48,missed_d,0,illegal_d,0,fault,FALSE,abort_i,FALSE,charge_mVs,46,drv_state,4
[2026-09-21T22:36:40.980] Cog0  BS-POINT3,seq,55,motor,RIGHT,zero_mV_x10,-1,net_mV_x10,146,span_ms,3_463,span_rate_x10,430,follow_pct,87,span_duty_mean,3_299,span_duty_max,3_868,drv_follow_pct,0,drv_meas_tps,49,drv_cmd_tps,5_689
[2026-09-21T22:36:42.479] Cog0  BS-ZERO,motor,RIGHT,phase,COARSE,samples,200,i_mean_mV_x10,-2,i_min_mV,-4,i_max_mV,2,frozen,FALSE,in_band,TRUE,health_ok,NA,u_mV_x10,549,v_mV_x10,533,w_mV_x10,536
[2026-09-21T22:36:42.479] Cog0  MOT:  offset_fwd_degrees = 23, offset_fwd = $105B_05B0
[2026-09-21T22:36:42.480] Cog0   (ind)offset_rev_degrees = 317, offset_rev = $E16C_16C1
[2026-09-21T22:36:42.496] Cog3  -MOT- inincr = -18_375_000 nTgtIncr = $7EE7_9EA8 0 sync = 0
[2026-09-21T22:36:45.988] Cog3  -MOT- inincr = 0 nTgtIncr = $0000_0000 0 sync = 0
[2026-09-21T22:36:46.170] Cog0  BS-POINT,seq,56,motor,RIGHT,speed,LOW,incre,-18_375_000,phase,COARSE,neg_deg,23,pos_deg,317,swept_deg,23,result,OK,steady_ms,645,ticks,90,win_ms,1_841,rate_x10,488,rate_ok,TRUE,samples,364,i_mean_mV_x10,124,i_se_mV_x10,1
[2026-09-21T22:36:46.173] Cog0  BS-POINT2,seq,56,motor,RIGHT,incre,-18_375_000,i_halfA_mV_x10,126,i_halfB_mV_x10,122,unsettled,TRUE,i_min_mV,4,i_max_mV,31,duty_mean,3_548,err_mean,-47,missed_d,0,illegal_d,0,fault,FALSE,abort_i,FALSE,charge_mVs,42,drv_state,1
[2026-09-21T22:36:46.189] Cog0  BS-POINT3,seq,56,motor,RIGHT,zero_mV_x10,-2,net_mV_x10,126,span_ms,3_489,span_rate_x10,429,follow_pct,87,span_duty_mean,3_271,span_duty_max,4_928,drv_follow_pct,0,drv_meas_tps,48,drv_cmd_tps,5_689
[2026-09-21T22:36:47.691] Cog0  BS-ZERO,motor,RIGHT,phase,COARSE,samples,200,i_mean_mV_x10,3,i_min_mV,-2,i_max_mV,3,frozen,FALSE,in_band,TRUE,health_ok,NA,u_mV_x10,544,v_mV_x10,531,w_mV_x10,530
[2026-09-21T22:36:47.691] Cog0  MOT:  offset_fwd_degrees = 13, offset_fwd = $093E_93E9
[2026-09-21T22:36:47.692] Cog0   (ind)offset_rev_degrees = 317, offset_rev = $E16C_16C1
[2026-09-21T22:36:47.708] Cog3  -MOT- inincr = -18_375_000 nTgtIncr = $7EE7_9EA8 0 sync = 0
[2026-09-21T22:36:51.171] Cog3  -MOT- inincr = 0 nTgtIncr = $0000_0000 0 sync = 0
[2026-09-21T22:36:51.354] Cog0  BS-POINT,seq,57,motor,RIGHT,speed,LOW,incre,-18_375_000,phase,COARSE,neg_deg,13,pos_deg,317,swept_deg,13,result,OK,steady_ms,645,ticks,90,win_ms,1_810,rate_x10,497,rate_ok,TRUE,samples,358,i_mean_mV_x10,179,i_se_mV_x10,2
[2026-09-21T22:36:51.356] Cog0  BS-POINT2,seq,57,motor,RIGHT,incre,-18_375_000,i_halfA_mV_x10,183,i_halfB_mV_x10,175,unsettled,TRUE,i_min_mV,1,i_max_mV,50,duty_mean,3_679,err_mean,-45,missed_d,0,illegal_d,0,fault,FALSE,abort_i,FALSE,charge_mVs,57,drv_state,1
[2026-09-21T22:36:51.372] Cog0  BS-POINT3,seq,57,motor,RIGHT,zero_mV_x10,3,net_mV_x10,176,span_ms,3_458,span_rate_x10,430,follow_pct,87,span_duty_mean,3_351,span_duty_max,5_697,drv_follow_pct,0,drv_meas_tps,50,drv_cmd_tps,5_689
[2026-09-21T22:36:52.873] Cog0  BS-ZERO,motor,RIGHT,phase,COARSE,samples,200,i_mean_mV_x10,0,i_min_mV,-2,i_max_mV,3,frozen,FALSE,in_band,TRUE,health_ok,NA,u_mV_x10,546,v_mV_x10,531,w_mV_x10,533
[2026-09-21T22:36:52.873] Cog0  MOT:  offset_fwd_degrees = 3, offset_fwd = $0222_2222
[2026-09-21T22:36:52.874] Cog0   (ind)offset_rev_degrees = 317, offset_rev = $E16C_16C1
[2026-09-21T22:36:52.889] Cog3  -MOT- inincr = -18_375_000 nTgtIncr = $7EE7_9EA8 0 sync = 0
[2026-09-21T22:36:56.368] Cog3  -MOT- inincr = 0 nTgtIncr = $0000_0000 0 sync = 0
[2026-09-21T22:36:56.555] Cog0  BS-POINT,seq,58,motor,RIGHT,speed,LOW,incre,-18_375_000,phase,COARSE,neg_deg,3,pos_deg,317,swept_deg,3,result,OK,steady_ms,645,ticks,90,win_ms,1_831,rate_x10,491,rate_ok,TRUE,samples,362,i_mean_mV_x10,475,i_se_mV_x10,12
[2026-09-21T22:36:56.557] Cog0  BS-POINT2,seq,58,motor,RIGHT,incre,-18_375_000,i_halfA_mV_x10,423,i_halfB_mV_x10,528,unsettled,TRUE,i_min_mV,0,i_max_mV,150,duty_mean,4_090,err_mean,-38,missed_d,0,illegal_d,0,fault,FALSE,abort_i,FALSE,charge_mVs,145,drv_state,1
[2026-09-21T22:36:56.574] Cog0  BS-POINT3,seq,58,motor,RIGHT,zero_mV_x10,0,net_mV_x10,475,span_ms,3_479,span_rate_x10,428,follow_pct,87,span_duty_mean,3_710,span_duty_max,7_285,drv_follow_pct,0,drv_meas_tps,48,drv_cmd_tps,5_689
[2026-09-21T22:36:57.076] Cog0  BS-WALK,motor,RIGHT,speed,LOW,sign,NEG,side,DOWN,pts,4,last_swept_deg,3,stop,RISE,low_swept_deg,23,low_mV_x10,124,low_net_mV_x10,126
[2026-09-21T22:36:58.075] Cog0  BS-ZERO,motor,RIGHT,phase,COARSE,samples,200,i_mean_mV_x10,1,i_min_mV,-2,i_max_mV,3,frozen,FALSE,in_band,TRUE,health_ok,NA,u_mV_x10,546,v_mV_x10,522,w_mV_x10,534
[2026-09-21T22:36:58.075] Cog0  MOT:  offset_fwd_degrees = 53, offset_fwd = $25B0_5B05
[2026-09-21T22:36:58.077] Cog0   (ind)offset_rev_degrees = 317, offset_rev = $E16C_16C1
[2026-09-21T22:36:58.092] Cog3  -MOT- inincr = -18_375_000 nTgtIncr = $7EE7_9EA8 0 sync = 0
[2026-09-21T22:37:01.553] Cog3  -MOT- inincr = 0 nTgtIncr = $0000_0000 0 sync = 0
[2026-09-21T22:37:01.742] Cog0  BS-POINT,seq,59,motor,RIGHT,speed,LOW,incre,-18_375_000,phase,COARSE,neg_deg,53,pos_deg,317,swept_deg,53,result,OK,steady_ms,645,ticks,90,win_ms,1_815,rate_x10,495,rate_ok,TRUE,samples,359,i_mean_mV_x10,765,i_se_mV_x10,26
[2026-09-21T22:37:01.744] Cog0  BS-POINT2,seq,59,motor,RIGHT,incre,-18_375_000,i_halfA_mV_x10,779,i_halfB_mV_x10,751,unsettled,FALSE,i_min_mV,60,i_max_mV,96,duty_mean,4_886,err_mean,-48,missed_d,0,illegal_d,0,fault,FALSE,abort_i,FALSE,charge_mVs,228,drv_state,1
[2026-09-21T22:37:01.760] Cog0  BS-POINT3,seq,59,motor,RIGHT,zero_mV_x10,1,net_mV_x10,764,span_ms,3_463,span_rate_x10,430,follow_pct,87,span_duty_mean,4_393,span_duty_max,5_211,drv_follow_pct,0,drv_meas_tps,49,drv_cmd_tps,5_689
[2026-09-21T22:37:03.260] Cog0  BS-ZERO,motor,RIGHT,phase,COARSE,samples,200,i_mean_mV_x10,2,i_min_mV,-1,i_max_mV,3,frozen,FALSE,in_band,TRUE,health_ok,NA,u_mV_x10,548,v_mV_x10,524,w_mV_x10,531
[2026-09-21T22:37:03.260] Cog0  MOT:  offset_fwd_degrees = 63, offset_fwd = $2CCC_CCCC
[2026-09-21T22:37:03.261] Cog0   (ind)offset_rev_degrees = 317, offset_rev = $E16C_16C1
[2026-09-21T22:37:03.277] Cog3  -MOT- inincr = -18_375_000 nTgtIncr = $7EE7_9EA8 0 sync = 0
[2026-09-21T22:37:04.075] Cog0  BS-POINT,seq,60,motor,RIGHT,speed,LOW,incre,-18_375_000,phase,COARSE,neg_deg,63,pos_deg,317,swept_deg,63,result,ABORT_I,steady_ms,645,ticks,NA,win_ms,NA,rate_x10,NA,rate_ok,FALSE,samples,NA,i_mean_mV_x10,NA,i_se_mV_x10,NA
[2026-09-21T22:37:04.078] Cog0  BS-POINT2,seq,60,motor,RIGHT,incre,-18_375_000,i_halfA_mV_x10,NA,i_halfB_mV_x10,NA,unsettled,FALSE,i_min_mV,NA,i_max_mV,NA,duty_mean,NA,err_mean,NA,missed_d,NA,illegal_d,NA,fault,FALSE,abort_i,TRUE,charge_mVs,42,drv_state,3
[2026-09-21T22:37:04.079] Cog0  BS-POINT3,seq,60,motor,RIGHT,zero_mV_x10,2,net_mV_x10,NA,span_ms,810,span_rate_x10,222,follow_pct,45,span_duty_mean,3_250,span_duty_max,6_390,drv_follow_pct,NA,drv_meas_tps,NA,drv_cmd_tps,NA
[2026-09-21T22:37:04.084] Cog0  BS-ABORT,scope,POINT,reason,ABORT_I,motor,RIGHT,incre,-18_375_000,seq,60,value,160,elapsed_s,350
[2026-09-21T22:37:04.084] Cog0  *VAL* legalBasePin = 16
[2026-09-21T22:37:04.086] Cog0  *VAL* legalVoltage = 6
[2026-09-21T22:37:04.086] Cog0  *VAL* legalMode = 30
[2026-09-21T22:37:04.086] Cog0  --- pinSum = 94, 64010 Rev B, highTimeUs = 72
[2026-09-21T22:37:04.086] Cog0  MOT: fwdDegrees = 14, offset_fwd = $09F4_9F49
[2026-09-21T22:37:04.087] Cog0       revDegrees = 338, offset_rev = $F05B_05B0
[2026-09-21T22:37:04.087] Cog0   - Calc FRAME: frame_cnt = 6_136
[2026-09-21T22:37:04.087] Cog0  * init values dead_gap = 70, pwm_limit = 3_033, adc_fram = 6_136, duty_min = 1_600, duty_max = 24_264
[2026-09-21T22:37:04.087] Cog0  *      values duty_up = 18, duty_dn = 4, cfg_ctcks = 135_000
[2026-09-21T22:37:04.088] Cog0  * ENTRY CFG userVoltage = 6, index = 6
[2026-09-21T22:37:04.088] Cog0  * EXIT 2 CFG eUserSelectedVolts = 6 maxFwdIncreAtPwr = 147_000_000 minFwdIncreAtPwr = 544_628
[2026-09-21T22:37:04.089] Cog0  -MOT- inincr = 0 nTgtIncr = $0000_0000 0 sync = 0
[2026-09-21T22:37:04.089] Cog0  * Motor COG #2
[2026-09-21T22:37:04.090] Cog2  INIT $0000_8E3A $0000_DCAF load
[2026-09-21T22:37:04.090] Cog3  INIT $0000_0FA8 $0000_D87F jump
[2026-09-21T22:37:04.106] Cog0  * Front COG #3
[2026-09-21T22:37:05.102] Cog0  BLDC: getBoardType() driver running, not measured; returning revision recorded at start 22
[2026-09-21T22:37:05.102] Cog0  MOT:  offset_fwd_degrees = 43, offset_fwd = $1E93_E93E
[2026-09-21T22:37:05.103] Cog0   (ind)offset_rev_degrees = 317, offset_rev = $E16C_16C1
[2026-09-21T22:37:05.120] Cog0  BS-START,motor,RIGHT,base,16,cog,2,cog_ok,TRUE,board_rev,22,rev_b,TRUE,board_id,REV_B,init_neg_deg,14,init_pos_deg,338,neg_deg,43,pos_deg,317,offsets_ok,TRUE,missed,0,illegal,0,integ_ok,TRUE,result,OK
[2026-09-21T22:37:05.608] Cog0  BS-WALK,motor,RIGHT,speed,LOW,sign,NEG,side,UP,pts,2,last_swept_deg,63,stop,RISE,low_swept_deg,23,low_mV_x10,124,low_net_mV_x10,126
[2026-09-21T22:37:05.624] Cog0  BS-BRACKET,motor,RIGHT,speed,LOW,sign,NEG,low_swept_deg,23,low_mV_x10,124,below_ok,TRUE,above_ok,TRUE,bracketed,TRUE,reason,OK,low_net_mV_x10,126
[2026-09-21T22:37:06.623] Cog0  BS-ZERO,motor,RIGHT,phase,FINE,samples,200,i_mean_mV_x10,3,i_min_mV,-3,i_max_mV,3,frozen,FALSE,in_band,TRUE,health_ok,NA,u_mV_x10,540,v_mV_x10,515,w_mV_x10,546
[2026-09-21T22:37:06.623] Cog0  MOT:  offset_fwd_degrees = 23, offset_fwd = $105B_05B0
[2026-09-21T22:37:06.624] Cog0   (ind)offset_rev_degrees = 317, offset_rev = $E16C_16C1
[2026-09-21T22:37:06.640] Cog3  -MOT- inincr = -18_375_000 nTgtIncr = $7EE7_9EA8 0 sync = 0
[2026-09-21T22:37:10.132] Cog3  -MOT- inincr = 0 nTgtIncr = $0000_0000 0 sync = 0
[2026-09-21T22:37:10.317] Cog0  BS-POINT,seq,61,motor,RIGHT,speed,LOW,incre,-18_375_000,phase,FINE,neg_deg,23,pos_deg,317,swept_deg,23,result,OK,steady_ms,645,ticks,90,win_ms,1_846,rate_x10,487,rate_ok,TRUE,samples,365,i_mean_mV_x10,135,i_se_mV_x10,1
[2026-09-21T22:37:10.319] Cog0  BS-POINT2,seq,61,motor,RIGHT,incre,-18_375_000,i_halfA_mV_x10,140,i_halfB_mV_x10,130,unsettled,TRUE,i_min_mV,4,i_max_mV,32,duty_mean,3_549,err_mean,-47,missed_d,0,illegal_d,0,fault,FALSE,abort_i,FALSE,charge_mVs,46,drv_state,1
[2026-09-21T22:37:10.335] Cog0  BS-POINT3,seq,61,motor,RIGHT,zero_mV_x10,3,net_mV_x10,132,span_ms,3_494,span_rate_x10,429,follow_pct,87,span_duty_mean,3_272,span_duty_max,4_937,drv_follow_pct,0,drv_meas_tps,48,drv_cmd_tps,5_689
[2026-09-21T22:37:11.835] Cog0  BS-ZERO,motor,RIGHT,phase,FINE,samples,200,i_mean_mV_x10,6,i_min_mV,-1,i_max_mV,3,frozen,FALSE,in_band,TRUE,health_ok,NA,u_mV_x10,546,v_mV_x10,513,w_mV_x10,551
[2026-09-21T22:37:11.835] Cog0  MOT:  offset_fwd_degrees = 33, offset_fwd = $1777_7777
[2026-09-21T22:37:11.836] Cog0   (ind)offset_rev_degrees = 317, offset_rev = $E16C_16C1
[2026-09-21T22:37:11.852] Cog3  -MOT- inincr = -18_375_000 nTgtIncr = $7EE7_9EA8 0 sync = 0
[2026-09-21T22:37:15.311] Cog3  -MOT- inincr = 0 nTgtIncr = $0000_0000 0 sync = 0
[2026-09-21T22:37:15.503] Cog0  BS-POINT,seq,62,motor,RIGHT,speed,LOW,incre,-18_375_000,phase,FINE,neg_deg,33,pos_deg,317,swept_deg,33,result,OK,steady_ms,645,ticks,90,win_ms,1_820,rate_x10,494,rate_ok,TRUE,samples,360,i_mean_mV_x10,154,i_se_mV_x10,6
[2026-09-21T22:37:15.506] Cog0  BS-POINT2,seq,62,motor,RIGHT,incre,-18_375_000,i_halfA_mV_x10,148,i_halfB_mV_x10,159,unsettled,FALSE,i_min_mV,9,i_max_mV,22,duty_mean,3_607,err_mean,-48,missed_d,0,illegal_d,0,fault,FALSE,abort_i,FALSE,charge_mVs,51,drv_state,1
[2026-09-21T22:37:15.522] Cog0  BS-POINT3,seq,62,motor,RIGHT,zero_mV_x10,6,net_mV_x10,148,span_ms,3_468,span_rate_x10,432,follow_pct,88,span_duty_mean,3_311,span_duty_max,4_096,drv_follow_pct,0,drv_meas_tps,49,drv_cmd_tps,5_689
[2026-09-21T22:37:17.021] Cog0  BS-ZERO,motor,RIGHT,phase,FINE,samples,200,i_mean_mV_x10,4,i_min_mV,-2,i_max_mV,3,frozen,FALSE,in_band,TRUE,health_ok,NA,u_mV_x10,547,v_mV_x10,522,w_mV_x10,549
[2026-09-21T22:37:17.021] Cog0  MOT:  offset_fwd_degrees = 13, offset_fwd = $093E_93E9
[2026-09-21T22:37:17.023] Cog0   (ind)offset_rev_degrees = 317, offset_rev = $E16C_16C1
[2026-09-21T22:37:17.038] Cog3  -MOT- inincr = -18_375_000 nTgtIncr = $7EE7_9EA8 0 sync = 0
[2026-09-21T22:37:20.513] Cog3  -MOT- inincr = 0 nTgtIncr = $0000_0000 0 sync = 0
[2026-09-21T22:37:20.705] Cog0  BS-POINT,seq,63,motor,RIGHT,speed,LOW,incre,-18_375_000,phase,FINE,neg_deg,13,pos_deg,317,swept_deg,13,result,OK,steady_ms,650,ticks,90,win_ms,1_830,rate_x10,491,rate_ok,TRUE,samples,362,i_mean_mV_x10,183,i_se_mV_x10,8
[2026-09-21T22:37:20.708] Cog0  BS-POINT2,seq,63,motor,RIGHT,incre,-18_375_000,i_halfA_mV_x10,181,i_halfB_mV_x10,184,unsettled,FALSE,i_min_mV,0,i_max_mV,72,duty_mean,3_667,err_mean,-44,missed_d,0,illegal_d,0,fault,FALSE,abort_i,FALSE,charge_mVs,62,drv_state,1
[2026-09-21T22:37:20.724] Cog0  BS-POINT3,seq,63,motor,RIGHT,zero_mV_x10,4,net_mV_x10,179,span_ms,3_483,span_rate_x10,430,follow_pct,87,span_duty_mean,3_361,span_duty_max,6_180,drv_follow_pct,0,drv_meas_tps,49,drv_cmd_tps,5_689
[2026-09-21T22:37:22.223] Cog0  BS-ZERO,motor,RIGHT,phase,FINE,samples,200,i_mean_mV_x10,3,i_min_mV,-2,i_max_mV,3,frozen,FALSE,in_band,TRUE,health_ok,NA,u_mV_x10,547,v_mV_x10,512,w_mV_x10,549
[2026-09-21T22:37:22.223] Cog0  MOT:  offset_fwd_degrees = 43, offset_fwd = $1E93_E93E
[2026-09-21T22:37:22.224] Cog0   (ind)offset_rev_degrees = 317, offset_rev = $E16C_16C1
[2026-09-21T22:37:22.239] Cog3  -MOT- inincr = -18_375_000 nTgtIncr = $7EE7_9EA8 0 sync = 0
[2026-09-21T22:37:25.698] Cog3  -MOT- inincr = 0 nTgtIncr = $0000_0000 0 sync = 0
[2026-09-21T22:37:25.887] Cog0  BS-POINT,seq,64,motor,RIGHT,speed,LOW,incre,-18_375_000,phase,FINE,neg_deg,43,pos_deg,317,swept_deg,43,result,OK,steady_ms,645,ticks,90,win_ms,1_816,rate_x10,495,rate_ok,TRUE,samples,359,i_mean_mV_x10,348,i_se_mV_x10,8
[2026-09-21T22:37:25.889] Cog0  BS-POINT2,seq,64,motor,RIGHT,incre,-18_375_000,i_halfA_mV_x10,363,i_halfB_mV_x10,333,unsettled,TRUE,i_min_mV,25,i_max_mV,46,duty_mean,4_077,err_mean,-48,missed_d,0,illegal_d,0,fault,FALSE,abort_i,FALSE,charge_mVs,105,drv_state,1
[2026-09-21T22:37:25.905] Cog0  BS-POINT3,seq,64,motor,RIGHT,zero_mV_x10,3,net_mV_x10,345,span_ms,3_464,span_rate_x10,430,follow_pct,87,span_duty_mean,3_700,span_duty_max,4_351,drv_follow_pct,0,drv_meas_tps,49,drv_cmd_tps,5_689
[2026-09-21T22:37:27.405] Cog0  BS-ZERO,motor,RIGHT,phase,FINE,samples,200,i_mean_mV_x10,16,i_min_mV,0,i_max_mV,4,frozen,FALSE,in_band,TRUE,health_ok,NA,u_mV_x10,550,v_mV_x10,517,w_mV_x10,542
[2026-09-21T22:37:27.405] Cog0  MOT:  offset_fwd_degrees = 3, offset_fwd = $0222_2222
[2026-09-21T22:37:27.406] Cog0   (ind)offset_rev_degrees = 317, offset_rev = $E16C_16C1
[2026-09-21T22:37:27.421] Cog3  -MOT- inincr = -18_375_000 nTgtIncr = $7EE7_9EA8 0 sync = 0
[2026-09-21T22:37:30.896] Cog3  -MOT- inincr = 0 nTgtIncr = $0000_0000 0 sync = 0
[2026-09-21T22:37:31.078] Cog0  BS-POINT,seq,65,motor,RIGHT,speed,LOW,incre,-18_375_000,phase,FINE,neg_deg,3,pos_deg,317,swept_deg,3,result,OK,steady_ms,645,ticks,90,win_ms,1_825,rate_x10,493,rate_ok,TRUE,samples,361,i_mean_mV_x10,447,i_se_mV_x10,37
[2026-09-21T22:37:31.081] Cog0  BS-POINT2,seq,65,motor,RIGHT,incre,-18_375_000,i_halfA_mV_x10,480,i_halfB_mV_x10,414,unsettled,FALSE,i_min_mV,0,i_max_mV,160,duty_mean,4_045,err_mean,-39,missed_d,0,illegal_d,0,fault,FALSE,abort_i,FALSE,charge_mVs,136,drv_state,1
[2026-09-21T22:37:31.096] Cog0  BS-POINT3,seq,65,motor,RIGHT,zero_mV_x10,16,net_mV_x10,431,span_ms,3_473,span_rate_x10,429,follow_pct,87,span_duty_mean,3_646,span_duty_max,7_010,drv_follow_pct,0,drv_meas_tps,49,drv_cmd_tps,5_689
[2026-09-21T22:37:32.596] Cog0  BS-ZERO,motor,RIGHT,phase,FINE,samples,200,i_mean_mV_x10,8,i_min_mV,-1,i_max_mV,4,frozen,FALSE,in_band,TRUE,health_ok,NA,u_mV_x10,553,v_mV_x10,513,w_mV_x10,545
[2026-09-21T22:37:32.596] Cog0  MOT:  offset_fwd_degrees = 28, offset_fwd = $13E9_3E93
[2026-09-21T22:37:32.597] Cog0   (ind)offset_rev_degrees = 317, offset_rev = $E16C_16C1
[2026-09-21T22:37:32.612] Cog3  -MOT- inincr = -18_375_000 nTgtIncr = $7EE7_9EA8 0 sync = 0
[2026-09-21T22:37:36.071] Cog3  -MOT- inincr = 0 nTgtIncr = $0000_0000 0 sync = 0
[2026-09-21T22:37:36.259] Cog0  BS-POINT,seq,66,motor,RIGHT,speed,LOW,incre,-18_375_000,phase,FINE,neg_deg,28,pos_deg,317,swept_deg,28,result,OK,steady_ms,645,ticks,90,win_ms,1_815,rate_x10,495,rate_ok,TRUE,samples,359,i_mean_mV_x10,107,i_se_mV_x10,3
[2026-09-21T22:37:36.262] Cog0  BS-POINT2,seq,66,motor,RIGHT,incre,-18_375_000,i_halfA_mV_x10,104,i_halfB_mV_x10,109,unsettled,FALSE,i_min_mV,6,i_max_mV,17,duty_mean,3_455,err_mean,-48,missed_d,0,illegal_d,0,fault,FALSE,abort_i,FALSE,charge_mVs,39,drv_state,1
[2026-09-21T22:37:36.278] Cog0  BS-POINT3,seq,66,motor,RIGHT,zero_mV_x10,8,net_mV_x10,99,span_ms,3_463,span_rate_x10,430,follow_pct,87,span_duty_mean,3_201,span_duty_max,4_737,drv_follow_pct,0,drv_meas_tps,49,drv_cmd_tps,5_689
[2026-09-21T22:37:37.777] Cog0  BS-ZERO,motor,RIGHT,phase,FINE,samples,200,i_mean_mV_x10,16,i_min_mV,0,i_max_mV,4,frozen,FALSE,in_band,TRUE,health_ok,NA,u_mV_x10,554,v_mV_x10,523,w_mV_x10,548
[2026-09-21T22:37:37.777] Cog0  MOT:  offset_fwd_degrees = 18, offset_fwd = $0CCC_CCCC
[2026-09-21T22:37:37.779] Cog0   (ind)offset_rev_degrees = 317, offset_rev = $E16C_16C1
[2026-09-21T22:37:37.795] Cog3  -MOT- inincr = -18_375_000 nTgtIncr = $7EE7_9EA8 0 sync = 0
[2026-09-21T22:37:41.269] Cog3  -MOT- inincr = 0 nTgtIncr = $0000_0000 0 sync = 0
[2026-09-21T22:37:41.450] Cog0  BS-POINT,seq,67,motor,RIGHT,speed,LOW,incre,-18_375_000,phase,FINE,neg_deg,18,pos_deg,317,swept_deg,18,result,OK,steady_ms,646,ticks,90,win_ms,1_825,rate_x10,493,rate_ok,TRUE,samples,361,i_mean_mV_x10,165,i_se_mV_x10,2
[2026-09-21T22:37:41.453] Cog0  BS-POINT2,seq,67,motor,RIGHT,incre,-18_375_000,i_halfA_mV_x10,163,i_halfB_mV_x10,167,unsettled,FALSE,i_min_mV,3,i_max_mV,52,duty_mean,3_628,err_mean,-46,missed_d,0,illegal_d,0,fault,FALSE,abort_i,FALSE,charge_mVs,55,drv_state,1
[2026-09-21T22:37:41.469] Cog0  BS-POINT3,seq,67,motor,RIGHT,zero_mV_x10,16,net_mV_x10,149,span_ms,3_474,span_rate_x10,428,follow_pct,87,span_duty_mean,3_318,span_duty_max,5_539,drv_follow_pct,0,drv_meas_tps,49,drv_cmd_tps,5_689
[2026-09-21T22:37:42.968] Cog0  BS-ZERO,motor,RIGHT,phase,FINE,samples,200,i_mean_mV_x10,13,i_min_mV,0,i_max_mV,4,frozen,FALSE,in_band,TRUE,health_ok,NA,u_mV_x10,552,v_mV_x10,520,w_mV_x10,542
[2026-09-21T22:37:42.968] Cog0  MOT:  offset_fwd_degrees = 38, offset_fwd = $1B05_B05B
[2026-09-21T22:37:42.969] Cog0   (ind)offset_rev_degrees = 317, offset_rev = $E16C_16C1
[2026-09-21T22:37:42.985] Cog3  -MOT- inincr = -18_375_000 nTgtIncr = $7EE7_9EA8 0 sync = 0
[2026-09-21T22:37:46.443] Cog3  -MOT- inincr = 0 nTgtIncr = $0000_0000 0 sync = 0
[2026-09-21T22:37:46.631] Cog0  BS-POINT,seq,68,motor,RIGHT,speed,LOW,incre,-18_375_000,phase,FINE,neg_deg,38,pos_deg,317,swept_deg,38,result,OK,steady_ms,645,ticks,90,win_ms,1_815,rate_x10,495,rate_ok,TRUE,samples,359,i_mean_mV_x10,234,i_se_mV_x10,7
[2026-09-21T22:37:46.634] Cog0  BS-POINT2,seq,68,motor,RIGHT,incre,-18_375_000,i_halfA_mV_x10,239,i_halfB_mV_x10,230,unsettled,FALSE,i_min_mV,17,i_max_mV,30,duty_mean,3_807,err_mean,-48,missed_d,0,illegal_d,0,fault,FALSE,abort_i,FALSE,charge_mVs,74,drv_state,1
[2026-09-21T22:37:46.650] Cog0  BS-POINT3,seq,68,motor,RIGHT,zero_mV_x10,13,net_mV_x10,221,span_ms,3_464,span_rate_x10,430,follow_pct,87,span_duty_mean,3_476,span_duty_max,4_079,drv_follow_pct,0,drv_meas_tps,50,drv_cmd_tps,5_689
[2026-09-21T22:37:48.149] Cog0  BS-ZERO,motor,RIGHT,phase,FINE,samples,200,i_mean_mV_x10,12,i_min_mV,0,i_max_mV,4,frozen,FALSE,in_band,TRUE,health_ok,NA,u_mV_x10,551,v_mV_x10,517,w_mV_x10,559
[2026-09-21T22:37:48.149] Cog0  MOT:  offset_fwd_degrees = 8, offset_fwd = $05B0_5B05
[2026-09-21T22:37:48.150] Cog0   (ind)offset_rev_degrees = 317, offset_rev = $E16C_16C1
[2026-09-21T22:37:48.166] Cog3  -MOT- inincr = -18_375_000 nTgtIncr = $7EE7_9EA8 0 sync = 0
[2026-09-21T22:37:51.640] Cog3  -MOT- inincr = 0 nTgtIncr = $0000_0000 0 sync = 0
[2026-09-21T22:37:51.821] Cog0  BS-POINT,seq,69,motor,RIGHT,speed,LOW,incre,-18_375_000,phase,FINE,neg_deg,8,pos_deg,317,swept_deg,8,result,OK,steady_ms,645,ticks,90,win_ms,1_825,rate_x10,493,rate_ok,TRUE,samples,361,i_mean_mV_x10,260,i_se_mV_x10,18
[2026-09-21T22:37:51.823] Cog0  BS-POINT2,seq,69,motor,RIGHT,incre,-18_375_000,i_halfA_mV_x10,279,i_halfB_mV_x10,242,unsettled,TRUE,i_min_mV,2,i_max_mV,82,duty_mean,3_745,err_mean,-42,missed_d,0,illegal_d,0,fault,FALSE,abort_i,FALSE,charge_mVs,84,drv_state,1
[2026-09-21T22:37:51.840] Cog0  BS-POINT3,seq,69,motor,RIGHT,zero_mV_x10,12,net_mV_x10,248,span_ms,3_473,span_rate_x10,431,follow_pct,87,span_duty_mean,3_441,span_duty_max,6_643,drv_follow_pct,0,drv_meas_tps,50,drv_cmd_tps,5_689
[2026-09-21T22:37:53.340] Cog0  BS-ZERO,motor,RIGHT,phase,REF_END,samples,200,i_mean_mV_x10,16,i_min_mV,0,i_max_mV,5,frozen,FALSE,in_band,TRUE,health_ok,NA,u_mV_x10,552,v_mV_x10,513,w_mV_x10,550
[2026-09-21T22:37:53.340] Cog0  MOT:  offset_fwd_degrees = 43, offset_fwd = $1E93_E93E
[2026-09-21T22:37:53.341] Cog0   (ind)offset_rev_degrees = 317, offset_rev = $E16C_16C1
[2026-09-21T22:37:53.357] Cog3  -MOT- inincr = -18_375_000 nTgtIncr = $7EE7_9EA8 0 sync = 0
[2026-09-21T22:37:56.815] Cog3  -MOT- inincr = 0 nTgtIncr = $0000_0000 0 sync = 0
[2026-09-21T22:37:57.003] Cog0  BS-POINT,seq,70,motor,RIGHT,speed,LOW,incre,-18_375_000,phase,REF_END,neg_deg,43,pos_deg,317,swept_deg,43,result,OK,steady_ms,645,ticks,90,win_ms,1_815,rate_x10,495,rate_ok,TRUE,samples,359,i_mean_mV_x10,347,i_se_mV_x10,10
[2026-09-21T22:37:57.005] Cog0  BS-POINT2,seq,70,motor,RIGHT,incre,-18_375_000,i_halfA_mV_x10,347,i_halfB_mV_x10,348,unsettled,FALSE,i_min_mV,25,i_max_mV,45,duty_mean,4_077,err_mean,-48,missed_d,0,illegal_d,0,fault,FALSE,abort_i,FALSE,charge_mVs,108,drv_state,1
[2026-09-21T22:37:57.022] Cog0  BS-POINT3,seq,70,motor,RIGHT,zero_mV_x10,16,net_mV_x10,331,span_ms,3_463,span_rate_x10,430,follow_pct,87,span_duty_mean,3_712,span_duty_max,4_387,drv_follow_pct,0,drv_meas_tps,49,drv_cmd_tps,5_689
[2026-09-21T22:37:57.510] Cog0  BS-FIT,motor,RIGHT,speed,LOW,sign,NEG,status,OK,n,9,centre_deg,23,span_lo_deg,3,span_hi_deg,43,extended,FALSE,pinned,FALSE
[2026-09-21T22:37:57.511] Cog0  BS-FIT2,motor,RIGHT,speed,LOW,sign,NEG,min_deg_x10,243,min_se_deg_x10,5,min_mV_x10,104,rms_mV_x10,23,med_se_mV_x10,7,curv_x100,673,curv_model_pct,4_264,flat2_deg_x10,18
[2026-09-21T22:37:57.513] Cog0  BS-CLIFF,motor,RIGHT,speed,LOW,sign,NEG,found,FALSE,last_good_deg,NA,first_fault_deg,NA,edge_deg_x10,NA,margin_deg_x10,NA,margin_from_fit,FALSE,edge_res_deg_x10,NA
[2026-09-21T22:37:57.515] Cog0  BS-LEG,motor,RIGHT,speed,LOW,sign,NEG,served_by,OFFSET_FWD,pts,17,faults,0,aborts_i,1,ref_start_mV_x10,332,ref_end_mV_x10,347,drift_pct_x10,6,drift_flag,FALSE,exit,DONE,ref_start_net_mV_x10,329,ref_end_net_mV_x10,331
[2026-09-21T22:37:57.523] Cog0  BS-ARC,motor,RIGHT,speed,LOW,sign,NEG,arc_lo_deg,3,arc_hi_deg,53,arc_deg,50,bound_lo,RISE,bound_hi,CURRENT,circle_deg,360
[2026-09-21T22:37:57.523] Cog0  *VAL* legalBasePin = 32
[2026-09-21T22:37:57.525] Cog0  *VAL* legalVoltage = 6
[2026-09-21T22:37:57.525] Cog0  *VAL* legalMode = 30
[2026-09-21T22:37:57.525] Cog0  --- pinSum = 94, 64010 Rev B, highTimeUs = 72
[2026-09-21T22:37:57.526] Cog0  MOT: fwdDegrees = 14, offset_fwd = $09F4_9F49
[2026-09-21T22:37:57.526] Cog0       revDegrees = 338, offset_rev = $F05B_05B0
[2026-09-21T22:37:57.526] Cog0   - Calc FRAME: frame_cnt = 6_136
[2026-09-21T22:37:57.527] Cog0  * init values dead_gap = 70, pwm_limit = 3_033, adc_fram = 6_136, duty_min = 1_600, duty_max = 24_264
[2026-09-21T22:37:57.527] Cog0  *      values duty_up = 18, duty_dn = 4, cfg_ctcks = 135_000
[2026-09-21T22:37:57.527] Cog0  * ENTRY CFG userVoltage = 6, index = 6
[2026-09-21T22:37:57.528] Cog0  * EXIT 2 CFG eUserSelectedVolts = 6 maxFwdIncreAtPwr = 147_000_000 minFwdIncreAtPwr = 544_628
[2026-09-21T22:37:57.528] Cog0  -MOT- inincr = 0 nTgtIncr = $0000_0000 0 sync = 0
[2026-09-21T22:37:57.528] Cog0  * Motor COG #2
[2026-09-21T22:37:57.529] Cog2  INIT $0000_8E3A $0000_D4C3 load
[2026-09-21T22:37:57.529] Cog3  INIT $0000_0FA8 $0000_D093 jump
[2026-09-21T22:37:57.545] Cog0  * Front COG #3
[2026-09-21T22:37:58.541] Cog0  BLDC: getBoardType() driver running, not measured; returning revision recorded at start 22
[2026-09-21T22:37:58.541] Cog0  MOT:  offset_fwd_degrees = 43, offset_fwd = $1E93_E93E
[2026-09-21T22:37:58.542] Cog0   (ind)offset_rev_degrees = 317, offset_rev = $E16C_16C1
[2026-09-21T22:37:58.559] Cog0  BS-START,motor,LEFT,base,32,cog,2,cog_ok,TRUE,board_rev,22,rev_b,TRUE,board_id,REV_B,init_neg_deg,14,init_pos_deg,338,neg_deg,43,pos_deg,317,offsets_ok,TRUE,missed,0,illegal,0,integ_ok,TRUE,result,OK
[2026-09-21T22:37:59.557] Cog0  BS-ZERO,motor,LEFT,phase,REF_START,samples,200,i_mean_mV_x10,79,i_min_mV,5,i_max_mV,10,frozen,FALSE,in_band,TRUE,health_ok,NA,u_mV_x10,503,v_mV_x10,578,w_mV_x10,578
[2026-09-21T22:37:59.558] Cog0  MOT:  offset_fwd_degrees = 43, offset_fwd = $1E93_E93E
[2026-09-21T22:37:59.559] Cog0   (ind)offset_rev_degrees = 317, offset_rev = $E16C_16C1
[2026-09-21T22:37:59.574] Cog3  -MOT- inincr = -36_750_000 nTgtIncr = $7DCF_3D50 0 sync = 0
[2026-09-21T22:38:04.233] Cog3  -MOT- inincr = 0 nTgtIncr = $0000_0000 0 sync = 0
[2026-09-21T22:38:04.622] Cog0  BS-POINT,seq,71,motor,LEFT,speed,QTR,incre,-36_750_000,phase,REF_START,neg_deg,43,pos_deg,317,swept_deg,43,result,OK,steady_ms,922,ticks,270,win_ms,2_746,rate_x10,983,rate_ok,TRUE,samples,543,i_mean_mV_x10,1_787,i_se_mV_x10,24
[2026-09-21T22:38:04.624] Cog0  BS-POINT2,seq,71,motor,LEFT,incre,-36_750_000,i_halfA_mV_x10,1_766,i_halfB_mV_x10,1_807,unsettled,FALSE,i_min_mV,157,i_max_mV,204,duty_mean,8_391,err_mean,-48,missed_d,0,illegal_d,0,fault,FALSE,abort_i,FALSE,charge_mVs,706,drv_state,1
[2026-09-21T22:38:04.640] Cog0  BS-POINT3,seq,71,motor,LEFT,zero_mV_x10,79,net_mV_x10,1_708,span_ms,4_671,span_rate_x10,854,follow_pct,87,span_duty_mean,7_342,span_duty_max,8_626,drv_follow_pct,1,drv_meas_tps,98,drv_cmd_tps,5_640
[2026-09-21T22:38:06.139] Cog0  BS-ZERO,motor,LEFT,phase,COARSE,samples,200,i_mean_mV_x10,86,i_min_mV,6,i_max_mV,11,frozen,FALSE,in_band,TRUE,health_ok,NA,u_mV_x10,492,v_mV_x10,583,w_mV_x10,579
[2026-09-21T22:38:06.139] Cog0  MOT:  offset_fwd_degrees = 33, offset_fwd = $1777_7777
[2026-09-21T22:38:06.141] Cog0   (ind)offset_rev_degrees = 317, offset_rev = $E16C_16C1
[2026-09-21T22:38:06.156] Cog3  -MOT- inincr = -36_750_000 nTgtIncr = $7DCF_3D50 0 sync = 0
[2026-09-21T22:38:09.902] Cog3  -MOT- inincr = 0 nTgtIncr = $0000_0000 0 sync = 0
[2026-09-21T22:38:10.288] Cog0  BS-POINT,seq,72,motor,LEFT,speed,QTR,incre,-36_750_000,phase,COARSE,neg_deg,33,pos_deg,317,swept_deg,33,result,OK,steady_ms,922,ticks,180,win_ms,1_831,rate_x10,983,rate_ok,TRUE,samples,362,i_mean_mV_x10,776,i_se_mV_x10,15
[2026-09-21T22:38:10.291] Cog0  BS-POINT2,seq,72,motor,LEFT,incre,-36_750_000,i_halfA_mV_x10,778,i_halfB_mV_x10,774,unsettled,FALSE,i_min_mV,64,i_max_mV,92,duty_mean,7_173,err_mean,-48,missed_d,0,illegal_d,0,fault,FALSE,abort_i,FALSE,charge_mVs,246,drv_state,1
[2026-09-21T22:38:10.306] Cog0  BS-POINT3,seq,72,motor,LEFT,zero_mV_x10,86,net_mV_x10,690,span_ms,3_756,span_rate_x10,822,follow_pct,83,span_duty_mean,6_127,span_duty_max,7_373,drv_follow_pct,1,drv_meas_tps,98,drv_cmd_tps,5_640
[2026-09-21T22:38:11.806] Cog0  BS-ZERO,motor,LEFT,phase,COARSE,samples,200,i_mean_mV_x10,85,i_min_mV,6,i_max_mV,10,frozen,FALSE,in_band,TRUE,health_ok,NA,u_mV_x10,492,v_mV_x10,594,w_mV_x10,584
[2026-09-21T22:38:11.806] Cog0  MOT:  offset_fwd_degrees = 23, offset_fwd = $105B_05B0
[2026-09-21T22:38:11.807] Cog0   (ind)offset_rev_degrees = 317, offset_rev = $E16C_16C1
[2026-09-21T22:38:11.822] Cog3  -MOT- inincr = -36_750_000 nTgtIncr = $7DCF_3D50 0 sync = 0
[2026-09-21T22:38:15.584] Cog3  -MOT- inincr = 0 nTgtIncr = $0000_0000 0 sync = 0
[2026-09-21T22:38:15.958] Cog0  BS-POINT,seq,73,motor,LEFT,speed,QTR,incre,-36_750_000,phase,COARSE,neg_deg,23,pos_deg,317,swept_deg,23,result,OK,steady_ms,932,ticks,180,win_ms,1_825,rate_x10,986,rate_ok,TRUE,samples,361,i_mean_mV_x10,332,i_se_mV_x10,7
[2026-09-21T22:38:15.960] Cog0  BS-POINT2,seq,73,motor,LEFT,incre,-36_750_000,i_halfA_mV_x10,331,i_halfB_mV_x10,332,unsettled,FALSE,i_min_mV,25,i_max_mV,43,duty_mean,6_431,err_mean,-49,missed_d,0,illegal_d,0,fault,FALSE,abort_i,FALSE,charge_mVs,118,drv_state,1
[2026-09-21T22:38:15.976] Cog0  BS-POINT3,seq,73,motor,LEFT,zero_mV_x10,85,net_mV_x10,247,span_ms,3_761,span_rate_x10,821,follow_pct,83,span_duty_mean,5_555,span_duty_max,6_904,drv_follow_pct,1,drv_meas_tps,98,drv_cmd_tps,5_640
[2026-09-21T22:38:17.476] Cog0  BS-ZERO,motor,LEFT,phase,COARSE,samples,200,i_mean_mV_x10,86,i_min_mV,6,i_max_mV,11,frozen,FALSE,in_band,TRUE,health_ok,NA,u_mV_x10,500,v_mV_x10,588,w_mV_x10,592
[2026-09-21T22:38:17.476] Cog0  MOT:  offset_fwd_degrees = 13, offset_fwd = $093E_93E9
[2026-09-21T22:38:17.477] Cog0   (ind)offset_rev_degrees = 317, offset_rev = $E16C_16C1
[2026-09-21T22:38:17.492] Cog3  -MOT- inincr = -36_750_000 nTgtIncr = $7DCF_3D50 0 sync = 0
[2026-09-21T22:38:21.270] Cog3  -MOT- inincr = 0 nTgtIncr = $0000_0000 0 sync = 0
[2026-09-21T22:38:21.658] Cog0  BS-POINT,seq,74,motor,LEFT,speed,QTR,incre,-36_750_000,phase,COARSE,neg_deg,13,pos_deg,317,swept_deg,13,result,OK,steady_ms,953,ticks,180,win_ms,1_835,rate_x10,980,rate_ok,TRUE,samples,363,i_mean_mV_x10,220,i_se_mV_x10,3
[2026-09-21T22:38:21.660] Cog0  BS-POINT2,seq,74,motor,LEFT,incre,-36_750_000,i_halfA_mV_x10,218,i_halfB_mV_x10,223,unsettled,FALSE,i_min_mV,13,i_max_mV,37,duty_mean,6_210,err_mean,-48,missed_d,0,illegal_d,0,fault,FALSE,abort_i,FALSE,charge_mVs,91,drv_state,1
[2026-09-21T22:38:21.676] Cog0  BS-POINT3,seq,74,motor,LEFT,zero_mV_x10,86,net_mV_x10,134,span_ms,3_792,span_rate_x10,820,follow_pct,83,span_duty_mean,5_392,span_duty_max,7_133,drv_follow_pct,1,drv_meas_tps,98,drv_cmd_tps,5_640
[2026-09-21T22:38:23.175] Cog0  BS-ZERO,motor,LEFT,phase,COARSE,samples,200,i_mean_mV_x10,86,i_min_mV,6,i_max_mV,12,frozen,FALSE,in_band,TRUE,health_ok,NA,u_mV_x10,502,v_mV_x10,584,w_mV_x10,594
[2026-09-21T22:38:23.176] Cog0  MOT:  offset_fwd_degrees = 3, offset_fwd = $0222_2222
[2026-09-21T22:38:23.177] Cog0   (ind)offset_rev_degrees = 317, offset_rev = $E16C_16C1
[2026-09-21T22:38:23.192] Cog3  -MOT- inincr = -36_750_000 nTgtIncr = $7DCF_3D50 0 sync = 0
[2026-09-21T22:38:26.987] Cog3  -MOT- inincr = 0 nTgtIncr = $0000_0000 0 sync = 0
[2026-09-21T22:38:27.368] Cog0  BS-POINT,seq,75,motor,LEFT,speed,QTR,incre,-36_750_000,phase,COARSE,neg_deg,3,pos_deg,317,swept_deg,3,result,OK,steady_ms,973,ticks,180,win_ms,1_825,rate_x10,986,rate_ok,TRUE,samples,361,i_mean_mV_x10,281,i_se_mV_x10,6
[2026-09-21T22:38:27.370] Cog0  BS-POINT2,seq,75,motor,LEFT,incre,-36_750_000,i_halfA_mV_x10,274,i_halfB_mV_x10,288,unsettled,TRUE,i_min_mV,11,i_max_mV,65,duty_mean,6_158,err_mean,-46,missed_d,0,illegal_d,0,fault,FALSE,abort_i,FALSE,charge_mVs,124,drv_state,1
[2026-09-21T22:38:27.387] Cog0  BS-POINT3,seq,75,motor,LEFT,zero_mV_x10,86,net_mV_x10,195,span_ms,3_802,span_rate_x10,817,follow_pct,83,span_duty_mean,5_365,span_duty_max,8_598,drv_follow_pct,1,drv_meas_tps,98,drv_cmd_tps,5_640
[2026-09-21T22:38:28.885] Cog0  BS-ZERO,motor,LEFT,phase,COARSE,samples,200,i_mean_mV_x10,92,i_min_mV,7,i_max_mV,12,frozen,FALSE,in_band,TRUE,health_ok,NA,u_mV_x10,496,v_mV_x10,583,w_mV_x10,584
[2026-09-21T22:38:28.886] Cog0  MOT:  offset_fwd_degrees = 353, offset_fwd = $FB05_B05B
[2026-09-21T22:38:28.887] Cog0   (ind)offset_rev_degrees = 317, offset_rev = $E16C_16C1
[2026-09-21T22:38:28.902] Cog3  -MOT- inincr = -36_750_000 nTgtIncr = $7DCF_3D50 0 sync = 0
[2026-09-21T22:38:32.761] Cog3  -MOT- inincr = 0 nTgtIncr = $0000_0000 0 sync = 0
[2026-09-21T22:38:33.134] Cog0  BS-POINT,seq,76,motor,LEFT,speed,QTR,incre,-36_750_000,phase,COARSE,neg_deg,353,pos_deg,317,swept_deg,-7,result,OK,steady_ms,1_003,ticks,180,win_ms,1_851,rate_x10,972,rate_ok,TRUE,samples,366,i_mean_mV_x10,1_430,i_se_mV_x10,59
[2026-09-21T22:38:33.137] Cog0  BS-POINT2,seq,76,motor,LEFT,incre,-36_750_000,i_halfA_mV_x10,1_461,i_halfB_mV_x10,1_399,unsettled,FALSE,i_min_mV,10,i_max_mV,442,duty_mean,7_270,err_mean,-38,missed_d,0,illegal_d,0,fault,FALSE,abort_i,FALSE,charge_mVs,486,drv_state,1
[2026-09-21T22:38:33.153] Cog0  BS-POINT3,seq,76,motor,LEFT,zero_mV_x10,92,net_mV_x10,1_338,span_ms,3_857,span_rate_x10,806,follow_pct,82,span_duty_mean,6_240,span_duty_max,10_664,drv_follow_pct,1,drv_meas_tps,97,drv_cmd_tps,5_640
[2026-09-21T22:38:33.655] Cog0  BS-WALK,motor,LEFT,speed,QTR,sign,NEG,side,DOWN,pts,5,last_swept_deg,-7,stop,RISE,low_swept_deg,13,low_mV_x10,220,low_net_mV_x10,134
[2026-09-21T22:38:34.654] Cog0  BS-ZERO,motor,LEFT,phase,COARSE,samples,200,i_mean_mV_x10,90,i_min_mV,7,i_max_mV,12,frozen,FALSE,in_band,TRUE,health_ok,NA,u_mV_x10,497,v_mV_x10,580,w_mV_x10,590
[2026-09-21T22:38:34.654] Cog0  MOT:  offset_fwd_degrees = 53, offset_fwd = $25B0_5B05
[2026-09-21T22:38:34.654] Cog0   (ind)offset_rev_degrees = 317, offset_rev = $E16C_16C1
[2026-09-21T22:38:34.671] Cog3  -MOT- inincr = -36_750_000 nTgtIncr = $7DCF_3D50 0 sync = 0
[2026-09-21T22:38:38.417] Cog3  -MOT- inincr = 0 nTgtIncr = $0000_0000 0 sync = 0
[2026-09-21T22:38:38.801] Cog0  BS-POINT,seq,77,motor,LEFT,speed,QTR,incre,-36_750_000,phase,COARSE,neg_deg,53,pos_deg,317,swept_deg,53,result,OK,steady_ms,922,ticks,180,win_ms,1_830,rate_x10,983,rate_ok,TRUE,samples,362,i_mean_mV_x10,4_082,i_se_mV_x10,55
[2026-09-21T22:38:38.803] Cog0  BS-POINT2,seq,77,motor,LEFT,incre,-36_750_000,i_halfA_mV_x10,4_079,i_halfB_mV_x10,4_085,unsettled,FALSE,i_min_mV,372,i_max_mV,448,duty_mean,10_424,err_mean,-48,missed_d,0,illegal_d,0,fault,FALSE,abort_i,FALSE,charge_mVs,1_217,drv_state,1
[2026-09-21T22:38:38.804] Cog0  BS-POINT3,seq,77,motor,LEFT,zero_mV_x10,90,net_mV_x10,3_992,span_ms,3_755,span_rate_x10,822,follow_pct,83,span_duty_mean,8_682,span_duty_max,10_680,drv_follow_pct,1,drv_meas_tps,98,drv_cmd_tps,5_640
[2026-09-21T22:38:40.318] Cog0  BS-ZERO,motor,LEFT,phase,COARSE,samples,200,i_mean_mV_x10,93,i_min_mV,8,i_max_mV,12,frozen,FALSE,in_band,TRUE,health_ok,NA,u_mV_x10,489,v_mV_x10,583,w_mV_x10,589
[2026-09-21T22:38:40.319] Cog0  MOT:  offset_fwd_degrees = 63, offset_fwd = $2CCC_CCCC
[2026-09-21T22:38:40.319] Cog0   (ind)offset_rev_degrees = 317, offset_rev = $E16C_16C1
[2026-09-21T22:38:40.335] Cog3  -MOT- inincr = -36_750_000 nTgtIncr = $7DCF_3D50 0 sync = 0
[2026-09-21T22:38:41.446] Cog0  BS-POINT,seq,78,motor,LEFT,speed,QTR,incre,-36_750_000,phase,COARSE,neg_deg,63,pos_deg,317,swept_deg,63,result,ABORT_I,steady_ms,923,ticks,NA,win_ms,NA,rate_x10,NA,rate_ok,FALSE,samples,NA,i_mean_mV_x10,NA,i_se_mV_x10,NA
[2026-09-21T22:38:41.448] Cog0  BS-POINT2,seq,78,motor,LEFT,incre,-36_750_000,i_halfA_mV_x10,NA,i_halfB_mV_x10,NA,unsettled,FALSE,i_min_mV,NA,i_max_mV,NA,duty_mean,NA,err_mean,NA,missed_d,NA,illegal_d,NA,fault,FALSE,abort_i,TRUE,charge_mVs,218,drv_state,3
[2026-09-21T22:38:41.449] Cog0  BS-POINT3,seq,78,motor,LEFT,zero_mV_x10,93,net_mV_x10,NA,span_ms,1_123,span_rate_x10,445,follow_pct,45,span_duty_mean,5_552,span_duty_max,13_028,drv_follow_pct,NA,drv_meas_tps,NA,drv_cmd_tps,NA
[2026-09-21T22:38:41.454] Cog0  BS-ABORT,scope,POINT,reason,ABORT_I,motor,LEFT,incre,-36_750_000,seq,78,value,793,elapsed_s,448
[2026-09-21T22:38:41.454] Cog0  *VAL* legalBasePin = 32
[2026-09-21T22:38:41.456] Cog0  *VAL* legalVoltage = 6
[2026-09-21T22:38:41.456] Cog0  *VAL* legalMode = 30
[2026-09-21T22:38:41.456] Cog0  --- pinSum = 95, 64010 Rev B, highTimeUs = 73
[2026-09-21T22:38:41.457] Cog0  MOT: fwdDegrees = 14, offset_fwd = $09F4_9F49
[2026-09-21T22:38:41.457] Cog0       revDegrees = 338, offset_rev = $F05B_05B0
[2026-09-21T22:38:41.457] Cog0   - Calc FRAME: frame_cnt = 6_136
[2026-09-21T22:38:41.458] Cog0  * init values dead_gap = 70, pwm_limit = 3_033, adc_fram = 6_136, duty_min = 1_600, duty_max = 24_264
[2026-09-21T22:38:41.458] Cog0  *      values duty_up = 18, duty_dn = 4, cfg_ctcks = 135_000
[2026-09-21T22:38:41.458] Cog0  * ENTRY CFG userVoltage = 6, index = 6
[2026-09-21T22:38:41.459] Cog0  * EXIT 2 CFG eUserSelectedVolts = 6 maxFwdIncreAtPwr = 147_000_000 minFwdIncreAtPwr = 544_628
[2026-09-21T22:38:41.459] Cog0  -MOT- inincr = 0 nTgtIncr = $0000_0000 0 sync = 0
[2026-09-21T22:38:41.459] Cog0  * Motor COG #2
[2026-09-21T22:38:41.460] Cog2  INIT $0000_8E3A $0000_D4C3 load
[2026-09-21T22:38:41.460] Cog3  INIT $0000_0FA8 $0000_D093 jump
[2026-09-21T22:38:41.476] Cog0  * Front COG #3
[2026-09-21T22:38:42.472] Cog0  BLDC: getBoardType() driver running, not measured; returning revision recorded at start 22
[2026-09-21T22:38:42.472] Cog0  MOT:  offset_fwd_degrees = 43, offset_fwd = $1E93_E93E
[2026-09-21T22:38:42.473] Cog0   (ind)offset_rev_degrees = 317, offset_rev = $E16C_16C1
[2026-09-21T22:38:42.490] Cog0  BS-START,motor,LEFT,base,32,cog,2,cog_ok,TRUE,board_rev,22,rev_b,TRUE,board_id,REV_B,init_neg_deg,14,init_pos_deg,338,neg_deg,43,pos_deg,317,offsets_ok,TRUE,missed,0,illegal,0,integ_ok,TRUE,result,OK
[2026-09-21T22:38:42.978] Cog0  BS-WALK,motor,LEFT,speed,QTR,sign,NEG,side,UP,pts,2,last_swept_deg,63,stop,RISE,low_swept_deg,13,low_mV_x10,220,low_net_mV_x10,134
[2026-09-21T22:38:42.993] Cog0  BS-BRACKET,motor,LEFT,speed,QTR,sign,NEG,low_swept_deg,13,low_mV_x10,220,below_ok,TRUE,above_ok,TRUE,bracketed,TRUE,reason,OK,low_net_mV_x10,134
[2026-09-21T22:38:43.992] Cog0  BS-ZERO,motor,LEFT,phase,FINE,samples,200,i_mean_mV_x10,85,i_min_mV,6,i_max_mV,11,frozen,FALSE,in_band,TRUE,health_ok,NA,u_mV_x10,503,v_mV_x10,585,w_mV_x10,566
[2026-09-21T22:38:43.992] Cog0  MOT:  offset_fwd_degrees = 13, offset_fwd = $093E_93E9
[2026-09-21T22:38:43.993] Cog0   (ind)offset_rev_degrees = 317, offset_rev = $E16C_16C1
[2026-09-21T22:38:44.009] Cog3  -MOT- inincr = -36_750_000 nTgtIncr = $7DCF_3D50 0 sync = 0
[2026-09-21T22:38:48.715] Cog3  -MOT- inincr = 0 nTgtIncr = $0000_0000 0 sync = 0
[2026-09-21T22:38:49.090] Cog0  BS-POINT,seq,79,motor,LEFT,speed,QTR,incre,-36_750_000,phase,FINE,neg_deg,13,pos_deg,317,swept_deg,13,result,OK,steady_ms,953,ticks,270,win_ms,2_750,rate_x10,981,rate_ok,TRUE,samples,544,i_mean_mV_x10,232,i_se_mV_x10,3
[2026-09-21T22:38:49.092] Cog0  BS-POINT2,seq,79,motor,LEFT,incre,-36_750_000,i_halfA_mV_x10,228,i_halfB_mV_x10,236,unsettled,TRUE,i_min_mV,14,i_max_mV,38,duty_mean,6_215,err_mean,-48,missed_d,0,illegal_d,0,fault,FALSE,abort_i,FALSE,charge_mVs,117,drv_state,1
[2026-09-21T22:38:49.108] Cog0  BS-POINT3,seq,79,motor,LEFT,zero_mV_x10,85,net_mV_x10,147,span_ms,4_706,span_rate_x10,852,follow_pct,86,span_duty_mean,5_556,span_duty_max,7_236,drv_follow_pct,1,drv_meas_tps,97,drv_cmd_tps,5_640
[2026-09-21T22:38:50.607] Cog0  BS-ZERO,motor,LEFT,phase,FINE,samples,200,i_mean_mV_x10,98,i_min_mV,8,i_max_mV,12,frozen,FALSE,in_band,TRUE,health_ok,NA,u_mV_x10,497,v_mV_x10,585,w_mV_x10,575
[2026-09-21T22:38:50.607] Cog0  MOT:  offset_fwd_degrees = 23, offset_fwd = $105B_05B0
[2026-09-21T22:38:50.609] Cog0   (ind)offset_rev_degrees = 317, offset_rev = $E16C_16C1
[2026-09-21T22:38:50.624] Cog3  -MOT- inincr = -36_750_000 nTgtIncr = $7DCF_3D50 0 sync = 0
[2026-09-21T22:38:55.299] Cog3  -MOT- inincr = 0 nTgtIncr = $0000_0000 0 sync = 0
[2026-09-21T22:38:55.686] Cog0  BS-POINT,seq,80,motor,LEFT,speed,QTR,incre,-36_750_000,phase,FINE,neg_deg,23,pos_deg,317,swept_deg,23,result,OK,steady_ms,933,ticks,270,win_ms,2_750,rate_x10,981,rate_ok,TRUE,samples,544,i_mean_mV_x10,342,i_se_mV_x10,4
[2026-09-21T22:38:55.688] Cog0  BS-POINT2,seq,80,motor,LEFT,incre,-36_750_000,i_halfA_mV_x10,341,i_halfB_mV_x10,342,unsettled,FALSE,i_min_mV,26,i_max_mV,43,duty_mean,6_433,err_mean,-49,missed_d,0,illegal_d,0,fault,FALSE,abort_i,FALSE,charge_mVs,154,drv_state,1
[2026-09-21T22:38:55.704] Cog0  BS-POINT3,seq,80,motor,LEFT,zero_mV_x10,98,net_mV_x10,244,span_ms,4_687,span_rate_x10,853,follow_pct,87,span_duty_mean,5_729,span_duty_max,6_798,drv_follow_pct,1,drv_meas_tps,98,drv_cmd_tps,5_640
[2026-09-21T22:38:57.203] Cog0  BS-ZERO,motor,LEFT,phase,FINE,samples,200,i_mean_mV_x10,98,i_min_mV,6,i_max_mV,12,frozen,FALSE,in_band,TRUE,health_ok,NA,u_mV_x10,497,v_mV_x10,583,w_mV_x10,572
[2026-09-21T22:38:57.203] Cog0  MOT:  offset_fwd_degrees = 3, offset_fwd = $0222_2222
[2026-09-21T22:38:57.205] Cog0   (ind)offset_rev_degrees = 317, offset_rev = $E16C_16C1
[2026-09-21T22:38:57.220] Cog3  -MOT- inincr = -36_750_000 nTgtIncr = $7DCF_3D50 0 sync = 0
[2026-09-21T22:39:01.943] Cog3  -MOT- inincr = 0 nTgtIncr = $0000_0000 0 sync = 0
[2026-09-21T22:39:02.317] Cog0  BS-POINT,seq,81,motor,LEFT,speed,QTR,incre,-36_750_000,phase,FINE,neg_deg,3,pos_deg,317,swept_deg,3,result,OK,steady_ms,973,ticks,270,win_ms,2_746,rate_x10,983,rate_ok,TRUE,samples,543,i_mean_mV_x10,289,i_se_mV_x10,4
[2026-09-21T22:39:02.319] Cog0  BS-POINT2,seq,81,motor,LEFT,incre,-36_750_000,i_halfA_mV_x10,291,i_halfB_mV_x10,288,unsettled,FALSE,i_min_mV,13,i_max_mV,67,duty_mean,6_162,err_mean,-46,missed_d,0,illegal_d,0,fault,FALSE,abort_i,FALSE,charge_mVs,154,drv_state,1
[2026-09-21T22:39:02.335] Cog0  BS-POINT3,seq,81,motor,LEFT,zero_mV_x10,98,net_mV_x10,191,span_ms,4_722,span_rate_x10,851,follow_pct,86,span_duty_mean,5_522,span_duty_max,8_597,drv_follow_pct,1,drv_meas_tps,98,drv_cmd_tps,5_640
[2026-09-21T22:39:03.834] Cog0  BS-ZERO,motor,LEFT,phase,FINE,samples,200,i_mean_mV_x10,103,i_min_mV,8,i_max_mV,13,frozen,FALSE,in_band,TRUE,health_ok,NA,u_mV_x10,497,v_mV_x10,586,w_mV_x10,574
[2026-09-21T22:39:03.835] Cog0  MOT:  offset_fwd_degrees = 18, offset_fwd = $0CCC_CCCC
[2026-09-21T22:39:03.835] Cog0   (ind)offset_rev_degrees = 317, offset_rev = $E16C_16C1
[2026-09-21T22:39:03.852] Cog3  -MOT- inincr = -36_750_000 nTgtIncr = $7DCF_3D50 0 sync = 0
[2026-09-21T22:39:08.542] Cog3  -MOT- inincr = 0 nTgtIncr = $0000_0000 0 sync = 0
[2026-09-21T22:39:08.917] Cog0  BS-POINT,seq,82,motor,LEFT,speed,QTR,incre,-36_750_000,phase,FINE,neg_deg,18,pos_deg,317,swept_deg,18,result,OK,steady_ms,942,ticks,270,win_ms,2_746,rate_x10,983,rate_ok,TRUE,samples,543,i_mean_mV_x10,243,i_se_mV_x10,3
[2026-09-21T22:39:08.919] Cog0  BS-POINT2,seq,82,motor,LEFT,incre,-36_750_000,i_halfA_mV_x10,245,i_halfB_mV_x10,240,unsettled,FALSE,i_min_mV,19,i_max_mV,30,duty_mean,6_198,err_mean,-49,missed_d,0,illegal_d,0,fault,FALSE,abort_i,FALSE,charge_mVs,119,drv_state,1
[2026-09-21T22:39:08.935] Cog0  BS-POINT3,seq,82,motor,LEFT,zero_mV_x10,103,net_mV_x10,140,span_ms,4_691,span_rate_x10,852,follow_pct,86,span_duty_mean,5_545,span_duty_max,7_181,drv_follow_pct,1,drv_meas_tps,98,drv_cmd_tps,5_640
[2026-09-21T22:39:10.434] Cog0  BS-ZERO,motor,LEFT,phase,FINE,samples,200,i_mean_mV_x10,101,i_min_mV,8,i_max_mV,12,frozen,FALSE,in_band,TRUE,health_ok,NA,u_mV_x10,498,v_mV_x10,589,w_mV_x10,580
[2026-09-21T22:39:10.435] Cog0  MOT:  offset_fwd_degrees = 8, offset_fwd = $05B0_5B05
[2026-09-21T22:39:10.435] Cog0   (ind)offset_rev_degrees = 317, offset_rev = $E16C_16C1
[2026-09-21T22:39:10.451] Cog3  -MOT- inincr = -36_750_000 nTgtIncr = $7DCF_3D50 0 sync = 0
[2026-09-21T22:39:15.142] Cog3  -MOT- inincr = 0 nTgtIncr = $0000_0000 0 sync = 0
[2026-09-21T22:39:15.528] Cog0  BS-POINT,seq,83,motor,LEFT,speed,QTR,incre,-36_750_000,phase,FINE,neg_deg,8,pos_deg,317,swept_deg,8,result,OK,steady_ms,952,ticks,270,win_ms,2_745,rate_x10,983,rate_ok,TRUE,samples,543,i_mean_mV_x10,247,i_se_mV_x10,3
[2026-09-21T22:39:15.530] Cog0  BS-POINT2,seq,83,motor,LEFT,incre,-36_750_000,i_halfA_mV_x10,245,i_halfB_mV_x10,248,unsettled,FALSE,i_min_mV,13,i_max_mV,40,duty_mean,6_185,err_mean,-47,missed_d,0,illegal_d,0,fault,FALSE,abort_i,FALSE,charge_mVs,126,drv_state,1
[2026-09-21T22:39:15.546] Cog0  BS-POINT3,seq,83,motor,LEFT,zero_mV_x10,101,net_mV_x10,146,span_ms,4_701,span_rate_x10,853,follow_pct,87,span_duty_mean,5_531,span_duty_max,7_608,drv_follow_pct,1,drv_meas_tps,99,drv_cmd_tps,5_640
[2026-09-21T22:39:17.046] Cog0  BS-ZERO,motor,LEFT,phase,FINE,samples,200,i_mean_mV_x10,101,i_min_mV,8,i_max_mV,13,frozen,FALSE,in_band,TRUE,health_ok,NA,u_mV_x10,496,v_mV_x10,584,w_mV_x10,580
[2026-09-21T22:39:17.046] Cog0  MOT:  offset_fwd_degrees = 28, offset_fwd = $13E9_3E93
[2026-09-21T22:39:17.046] Cog0   (ind)offset_rev_degrees = 317, offset_rev = $E16C_16C1
[2026-09-21T22:39:17.062] Cog3  -MOT- inincr = -36_750_000 nTgtIncr = $7DCF_3D50 0 sync = 0
[2026-09-21T22:39:21.737] Cog3  -MOT- inincr = 0 nTgtIncr = $0000_0000 0 sync = 0
[2026-09-21T22:39:22.114] Cog0  BS-POINT,seq,84,motor,LEFT,speed,QTR,incre,-36_750_000,phase,FINE,neg_deg,28,pos_deg,317,swept_deg,28,result,OK,steady_ms,927,ticks,270,win_ms,2_745,rate_x10,983,rate_ok,TRUE,samples,543,i_mean_mV_x10,521,i_se_mV_x10,6
[2026-09-21T22:39:22.116] Cog0  BS-POINT2,seq,84,motor,LEFT,incre,-36_750_000,i_halfA_mV_x10,520,i_halfB_mV_x10,523,unsettled,FALSE,i_min_mV,42,i_max_mV,64,duty_mean,6_756,err_mean,-48,missed_d,0,illegal_d,0,fault,FALSE,abort_i,FALSE,charge_mVs,222,drv_state,1
[2026-09-21T22:39:22.133] Cog0  BS-POINT3,seq,84,motor,LEFT,zero_mV_x10,101,net_mV_x10,420,span_ms,4_676,span_rate_x10,853,follow_pct,87,span_duty_mean,5_989,span_duty_max,6_966,drv_follow_pct,1,drv_meas_tps,98,drv_cmd_tps,5_640
[2026-09-21T22:39:23.632] Cog0  BS-ZERO,motor,LEFT,phase,FINE,samples,200,i_mean_mV_x10,106,i_min_mV,8,i_max_mV,13,frozen,FALSE,in_band,TRUE,health_ok,NA,u_mV_x10,496,v_mV_x10,592,w_mV_x10,585
[2026-09-21T22:39:23.632] Cog0  MOT:  offset_fwd_degrees = 358, offset_fwd = $FE93_E93E
[2026-09-21T22:39:23.632] Cog0   (ind)offset_rev_degrees = 317, offset_rev = $E16C_16C1
[2026-09-21T22:39:23.647] Cog3  -MOT- inincr = -36_750_000 nTgtIncr = $7DCF_3D50 0 sync = 0
[2026-09-21T22:39:28.386] Cog3  -MOT- inincr = 0 nTgtIncr = $0000_0000 0 sync = 0
[2026-09-21T22:39:28.764] Cog0  BS-POINT,seq,85,motor,LEFT,speed,QTR,incre,-36_750_000,phase,FINE,neg_deg,358,pos_deg,317,swept_deg,-2,result,OK,steady_ms,988,ticks,270,win_ms,2_751,rate_x10,981,rate_ok,TRUE,samples,544,i_mean_mV_x10,456,i_se_mV_x10,14
[2026-09-21T22:39:28.767] Cog0  BS-POINT2,seq,85,motor,LEFT,incre,-36_750_000,i_halfA_mV_x10,443,i_halfB_mV_x10,470,unsettled,FALSE,i_min_mV,12,i_max_mV,164,duty_mean,6_289,err_mean,-44,missed_d,0,illegal_d,0,fault,FALSE,abort_i,FALSE,charge_mVs,239,drv_state,1
[2026-09-21T22:39:28.783] Cog0  BS-POINT3,seq,85,motor,LEFT,zero_mV_x10,106,net_mV_x10,350,span_ms,4_742,span_rate_x10,847,follow_pct,86,span_duty_mean,5_658,span_duty_max,9_698,drv_follow_pct,1,drv_meas_tps,98,drv_cmd_tps,5_640
[2026-09-21T22:39:30.283] Cog0  BS-ZERO,motor,LEFT,phase,REF_END,samples,200,i_mean_mV_x10,113,i_min_mV,9,i_max_mV,14,frozen,FALSE,in_band,TRUE,health_ok,NA,u_mV_x10,497,v_mV_x10,594,w_mV_x10,586
[2026-09-21T22:39:30.283] Cog0  MOT:  offset_fwd_degrees = 43, offset_fwd = $1E93_E93E
[2026-09-21T22:39:30.284] Cog0   (ind)offset_rev_degrees = 317, offset_rev = $E16C_16C1
[2026-09-21T22:39:30.300] Cog3  -MOT- inincr = -36_750_000 nTgtIncr = $7DCF_3D50 0 sync = 0
[2026-09-21T22:39:34.975] Cog3  -MOT- inincr = 0 nTgtIncr = $0000_0000 0 sync = 0
[2026-09-21T22:39:35.350] Cog0  BS-POINT,seq,86,motor,LEFT,speed,QTR,incre,-36_750_000,phase,REF_END,neg_deg,43,pos_deg,317,swept_deg,43,result,OK,steady_ms,922,ticks,270,win_ms,2_751,rate_x10,981,rate_ok,TRUE,samples,544,i_mean_mV_x10,1_809,i_se_mV_x10,24
[2026-09-21T22:39:35.353] Cog0  BS-POINT2,seq,86,motor,LEFT,incre,-36_750_000,i_halfA_mV_x10,1_792,i_halfB_mV_x10,1_825,unsettled,FALSE,i_min_mV,159,i_max_mV,208,duty_mean,8_393,err_mean,-48,missed_d,0,illegal_d,0,fault,FALSE,abort_i,FALSE,charge_mVs,720,drv_state,1
[2026-09-21T22:39:35.369] Cog0  BS-POINT3,seq,86,motor,LEFT,zero_mV_x10,113,net_mV_x10,1_696,span_ms,4_676,span_rate_x10,853,follow_pct,87,span_duty_mean,7_345,span_duty_max,8_624,drv_follow_pct,1,drv_meas_tps,98,drv_cmd_tps,5_640
[2026-09-21T22:39:35.857] Cog0  BS-FIT,motor,LEFT,speed,QTR,sign,NEG,status,OK,n,7,centre_deg,13,span_lo_deg,-2,span_hi_deg,28,extended,FALSE,pinned,FALSE
[2026-09-21T22:39:35.859] Cog0  BS-FIT2,motor,LEFT,speed,QTR,sign,NEG,min_deg_x10,120,min_se_deg_x10,4,min_mV_x10,118,rms_mV_x10,22,med_se_mV_x10,4,curv_x100,1_145,curv_model_pct,6_345,flat2_deg_x10,14
[2026-09-21T22:39:35.861] Cog0  BS-CLIFF,motor,LEFT,speed,QTR,sign,NEG,found,FALSE,last_good_deg,NA,first_fault_deg,NA,edge_deg_x10,NA,margin_deg_x10,NA,margin_from_fit,FALSE,edge_res_deg_x10,NA
[2026-09-21T22:39:35.863] Cog0  BS-LEG,motor,LEFT,speed,QTR,sign,NEG,served_by,OFFSET_FWD,pts,16,faults,0,aborts_i,1,ref_start_mV_x10,1_787,ref_end_mV_x10,1_809,drift_pct_x10,-7,drift_flag,FALSE,exit,DONE,ref_start_net_mV_x10,1_708,ref_end_net_mV_x10,1_696
[2026-09-21T22:39:35.879] Cog0  BS-ARC,motor,LEFT,speed,QTR,sign,NEG,arc_lo_deg,-7,arc_hi_deg,53,arc_deg,60,bound_lo,RISE,bound_hi,CURRENT,circle_deg,360
[2026-09-21T22:39:36.877] Cog0  BS-ZERO,motor,LEFT,phase,REF_START,samples,200,i_mean_mV_x10,115,i_min_mV,9,i_max_mV,14,frozen,FALSE,in_band,TRUE,health_ok,NA,u_mV_x10,499,v_mV_x10,591,w_mV_x10,583
[2026-09-21T22:39:36.878] Cog0  MOT:  offset_fwd_degrees = 43, offset_fwd = $1E93_E93E
[2026-09-21T22:39:36.878] Cog0   (ind)offset_rev_degrees = 317, offset_rev = $E16C_16C1
[2026-09-21T22:39:36.894] Cog3  -MOT- inincr = 36_750_000 nTgtIncr = $0230_C2B0 0 sync = 0
[2026-09-21T22:39:41.568] Cog3  -MOT- inincr = 0 nTgtIncr = $0000_0000 0 sync = 0
[2026-09-21T22:39:41.946] Cog0  BS-POINT,seq,87,motor,LEFT,speed,QTR,incre,36_750_000,phase,REF_START,neg_deg,43,pos_deg,317,swept_deg,-43,result,OK,steady_ms,927,ticks,270,win_ms,2_745,rate_x10,983,rate_ok,TRUE,samples,543,i_mean_mV_x10,969,i_se_mV_x10,14
[2026-09-21T22:39:41.948] Cog0  BS-POINT2,seq,87,motor,LEFT,incre,36_750_000,i_halfA_mV_x10,958,i_halfB_mV_x10,981,unsettled,FALSE,i_min_mV,84,i_max_mV,114,duty_mean,7_406,err_mean,48,missed_d,0,illegal_d,0,fault,FALSE,abort_i,FALSE,charge_mVs,397,drv_state,1
[2026-09-21T22:39:41.965] Cog0  BS-POINT3,seq,87,motor,LEFT,zero_mV_x10,115,net_mV_x10,854,span_ms,4_676,span_rate_x10,853,follow_pct,87,span_duty_mean,6_527,span_duty_max,7_605,drv_follow_pct,100,drv_meas_tps,98,drv_cmd_tps,98
[2026-09-21T22:39:43.463] Cog0  BS-ZERO,motor,LEFT,phase,COARSE,samples,200,i_mean_mV_x10,118,i_min_mV,8,i_max_mV,14,frozen,FALSE,in_band,TRUE,health_ok,NA,u_mV_x10,498,v_mV_x10,591,w_mV_x10,579
[2026-09-21T22:39:43.464] Cog0  MOT:  offset_fwd_degrees = 43, offset_fwd = $1E93_E93E
[2026-09-21T22:39:43.464] Cog0   (ind)offset_rev_degrees = 307, offset_rev = $DA4F_A4FA
[2026-09-21T22:39:43.479] Cog3  -MOT- inincr = 36_750_000 nTgtIncr = $0230_C2B0 0 sync = 0
[2026-09-21T22:39:47.226] Cog3  -MOT- inincr = 0 nTgtIncr = $0000_0000 0 sync = 0
[2026-09-21T22:39:47.610] Cog0  BS-POINT,seq,88,motor,LEFT,speed,QTR,incre,36_750_000,phase,COARSE,neg_deg,43,pos_deg,307,swept_deg,-53,result,OK,steady_ms,922,ticks,180,win_ms,1_831,rate_x10,983,rate_ok,TRUE,samples,362,i_mean_mV_x10,2_206,i_se_mV_x10,32
[2026-09-21T22:39:47.613] Cog0  BS-POINT2,seq,88,motor,LEFT,incre,36_750_000,i_halfA_mV_x10,2_202,i_halfB_mV_x10,2_211,unsettled,FALSE,i_min_mV,200,i_max_mV,251,duty_mean,8_793,err_mean,48,missed_d,0,illegal_d,0,fault,FALSE,abort_i,FALSE,charge_mVs,672,drv_state,1
[2026-09-21T22:39:47.629] Cog0  BS-POINT3,seq,88,motor,LEFT,zero_mV_x10,118,net_mV_x10,2_088,span_ms,3_756,span_rate_x10,822,follow_pct,83,span_duty_mean,7_400,span_duty_max,9_015,drv_follow_pct,100,drv_meas_tps,98,drv_cmd_tps,98
[2026-09-21T22:39:49.128] Cog0  BS-ZERO,motor,LEFT,phase,COARSE,samples,200,i_mean_mV_x10,120,i_min_mV,10,i_max_mV,15,frozen,FALSE,in_band,TRUE,health_ok,NA,u_mV_x10,494,v_mV_x10,577,w_mV_x10,579
[2026-09-21T22:39:49.128] Cog0  MOT:  offset_fwd_degrees = 43, offset_fwd = $1E93_E93E
[2026-09-21T22:39:49.129] Cog0   (ind)offset_rev_degrees = 297, offset_rev = $D333_3333
[2026-09-21T22:39:49.144] Cog3  -MOT- inincr = 36_750_000 nTgtIncr = $0230_C2B0 0 sync = 0
[2026-09-21T22:39:50.255] Cog0  BS-POINT,seq,89,motor,LEFT,speed,QTR,incre,36_750_000,phase,COARSE,neg_deg,43,pos_deg,297,swept_deg,-63,result,ABORT_I,steady_ms,922,ticks,NA,win_ms,NA,rate_x10,NA,rate_ok,FALSE,samples,NA,i_mean_mV_x10,NA,i_se_mV_x10,NA
[2026-09-21T22:39:50.258] Cog0  BS-POINT2,seq,89,motor,LEFT,incre,36_750_000,i_halfA_mV_x10,NA,i_halfB_mV_x10,NA,unsettled,FALSE,i_min_mV,NA,i_max_mV,NA,duty_mean,NA,err_mean,NA,missed_d,NA,illegal_d,NA,fault,FALSE,abort_i,TRUE,charge_mVs,129,drv_state,3
[2026-09-21T22:39:50.259] Cog0  BS-POINT3,seq,89,motor,LEFT,zero_mV_x10,120,net_mV_x10,NA,span_ms,1_122,span_rate_x10,445,follow_pct,45,span_duty_mean,4_765,span_duty_max,10_650,drv_follow_pct,NA,drv_meas_tps,NA,drv_cmd_tps,NA
[2026-09-21T22:39:50.264] Cog0  BS-ABORT,scope,POINT,reason,ABORT_I,motor,LEFT,incre,36_750_000,seq,89,value,443,elapsed_s,517
[2026-09-21T22:39:50.264] Cog0  *VAL* legalBasePin = 32
[2026-09-21T22:39:50.266] Cog0  *VAL* legalVoltage = 6
[2026-09-21T22:39:50.266] Cog0  *VAL* legalMode = 30
[2026-09-21T22:39:50.266] Cog0  --- pinSum = 94, 64010 Rev B, highTimeUs = 72
[2026-09-21T22:39:50.266] Cog0  MOT: fwdDegrees = 14, offset_fwd = $09F4_9F49
[2026-09-21T22:39:50.267] Cog0       revDegrees = 338, offset_rev = $F05B_05B0
[2026-09-21T22:39:50.267] Cog0   - Calc FRAME: frame_cnt = 6_136
[2026-09-21T22:39:50.267] Cog0  * init values dead_gap = 70, pwm_limit = 3_033, adc_fram = 6_136, duty_min = 1_600, duty_max = 24_264
[2026-09-21T22:39:50.268] Cog0  *      values duty_up = 18, duty_dn = 4, cfg_ctcks = 135_000
[2026-09-21T22:39:50.268] Cog0  * ENTRY CFG userVoltage = 6, index = 6
[2026-09-21T22:39:50.269] Cog0  * EXIT 2 CFG eUserSelectedVolts = 6 maxFwdIncreAtPwr = 147_000_000 minFwdIncreAtPwr = 544_628
[2026-09-21T22:39:50.269] Cog0  -MOT- inincr = 0 nTgtIncr = $0000_0000 0 sync = 0
[2026-09-21T22:39:50.269] Cog0  * Motor COG #2
[2026-09-21T22:39:50.270] Cog2  INIT $0000_8E3A $0000_D4C3 load
[2026-09-21T22:39:50.270] Cog3  INIT $0000_0FA8 $0000_D093 jump
[2026-09-21T22:39:50.286] Cog0  * Front COG #3
[2026-09-21T22:39:51.281] Cog0  BLDC: getBoardType() driver running, not measured; returning revision recorded at start 22
[2026-09-21T22:39:51.281] Cog0  MOT:  offset_fwd_degrees = 43, offset_fwd = $1E93_E93E
[2026-09-21T22:39:51.283] Cog0   (ind)offset_rev_degrees = 317, offset_rev = $E16C_16C1
[2026-09-21T22:39:51.299] Cog0  BS-START,motor,LEFT,base,32,cog,2,cog_ok,TRUE,board_rev,22,rev_b,TRUE,board_id,REV_B,init_neg_deg,14,init_pos_deg,338,neg_deg,43,pos_deg,317,offsets_ok,TRUE,missed,0,illegal,0,integ_ok,TRUE,result,OK
[2026-09-21T22:39:51.802] Cog0  BS-WALK,motor,LEFT,speed,QTR,sign,POS,side,DOWN,pts,2,last_swept_deg,-63,stop,RISE,low_swept_deg,-43,low_mV_x10,969,low_net_mV_x10,854
[2026-09-21T22:39:52.800] Cog0  BS-ZERO,motor,LEFT,phase,COARSE,samples,200,i_mean_mV_x10,78,i_min_mV,6,i_max_mV,10,frozen,FALSE,in_band,TRUE,health_ok,NA,u_mV_x10,501,v_mV_x10,586,w_mV_x10,574
[2026-09-21T22:39:52.800] Cog0  MOT:  offset_fwd_degrees = 43, offset_fwd = $1E93_E93E
[2026-09-21T22:39:52.801] Cog0   (ind)offset_rev_degrees = 327, offset_rev = $E888_8888
[2026-09-21T22:39:52.817] Cog3  -MOT- inincr = 36_750_000 nTgtIncr = $0230_C2B0 0 sync = 0
[2026-09-21T22:39:56.580] Cog3  -MOT- inincr = 0 nTgtIncr = $0000_0000 0 sync = 0
[2026-09-21T22:39:56.954] Cog0  BS-POINT,seq,90,motor,LEFT,speed,QTR,incre,36_750_000,phase,COARSE,neg_deg,43,pos_deg,327,swept_deg,-33,result,OK,steady_ms,932,ticks,180,win_ms,1_825,rate_x10,986,rate_ok,TRUE,samples,361,i_mean_mV_x10,389,i_se_mV_x10,9
[2026-09-21T22:39:56.956] Cog0  BS-POINT2,seq,90,motor,LEFT,incre,36_750_000,i_halfA_mV_x10,389,i_halfB_mV_x10,388,unsettled,FALSE,i_min_mV,30,i_max_mV,50,duty_mean,6_562,err_mean,49,missed_d,0,illegal_d,0,fault,FALSE,abort_i,FALSE,charge_mVs,133,drv_state,1
[2026-09-21T22:39:56.973] Cog0  BS-POINT3,seq,90,motor,LEFT,zero_mV_x10,78,net_mV_x10,311,span_ms,3_761,span_rate_x10,821,follow_pct,83,span_duty_mean,5_656,span_duty_max,6_726,drv_follow_pct,100,drv_meas_tps,98,drv_cmd_tps,98
[2026-09-21T22:39:58.471] Cog0  BS-ZERO,motor,LEFT,phase,COARSE,samples,200,i_mean_mV_x10,88,i_min_mV,6,i_max_mV,11,frozen,FALSE,in_band,TRUE,health_ok,NA,u_mV_x10,494,v_mV_x10,589,w_mV_x10,572
[2026-09-21T22:39:58.472] Cog0  MOT:  offset_fwd_degrees = 43, offset_fwd = $1E93_E93E
[2026-09-21T22:39:58.472] Cog0   (ind)offset_rev_degrees = 337, offset_rev = $EFA4_FA4F
[2026-09-21T22:39:58.487] Cog3  -MOT- inincr = 36_750_000 nTgtIncr = $0230_C2B0 0 sync = 0
[2026-09-21T22:40:02.266] Cog3  -MOT- inincr = 0 nTgtIncr = $0000_0000 0 sync = 0
[2026-09-21T22:40:02.644] Cog0  BS-POINT,seq,91,motor,LEFT,speed,QTR,incre,36_750_000,phase,COARSE,neg_deg,43,pos_deg,337,swept_deg,-23,result,OK,steady_ms,953,ticks,180,win_ms,1_825,rate_x10,986,rate_ok,TRUE,samples,361,i_mean_mV_x10,201,i_se_mV_x10,2
[2026-09-21T22:40:02.646] Cog0  BS-POINT2,seq,91,motor,LEFT,incre,36_750_000,i_halfA_mV_x10,202,i_halfB_mV_x10,201,unsettled,FALSE,i_min_mV,14,i_max_mV,25,duty_mean,6_122,err_mean,49,missed_d,0,illegal_d,0,fault,FALSE,abort_i,FALSE,charge_mVs,87,drv_state,1
[2026-09-21T22:40:02.662] Cog0  BS-POINT3,seq,91,motor,LEFT,zero_mV_x10,88,net_mV_x10,113,span_ms,3_781,span_rate_x10,819,follow_pct,83,span_duty_mean,5_335,span_duty_max,7_215,drv_follow_pct,101,drv_meas_tps,99,drv_cmd_tps,98
[2026-09-21T22:40:04.161] Cog0  BS-ZERO,motor,LEFT,phase,COARSE,samples,200,i_mean_mV_x10,95,i_min_mV,8,i_max_mV,12,frozen,FALSE,in_band,TRUE,health_ok,NA,u_mV_x10,491,v_mV_x10,592,w_mV_x10,577
[2026-09-21T22:40:04.161] Cog0  MOT:  offset_fwd_degrees = 43, offset_fwd = $1E93_E93E
[2026-09-21T22:40:04.162] Cog0   (ind)offset_rev_degrees = 347, offset_rev = $F6C1_6C16
[2026-09-21T22:40:04.178] Cog3  -MOT- inincr = 36_750_000 nTgtIncr = $0230_C2B0 0 sync = 0
[2026-09-21T22:40:07.972] Cog3  -MOT- inincr = 0 nTgtIncr = $0000_0000 0 sync = 0
[2026-09-21T22:40:08.353] Cog0  BS-POINT,seq,92,motor,LEFT,speed,QTR,incre,36_750_000,phase,COARSE,neg_deg,43,pos_deg,347,swept_deg,-13,result,OK,steady_ms,973,ticks,180,win_ms,1_825,rate_x10,986,rate_ok,TRUE,samples,361,i_mean_mV_x10,266,i_se_mV_x10,4
[2026-09-21T22:40:08.356] Cog0  BS-POINT2,seq,92,motor,LEFT,incre,36_750_000,i_halfA_mV_x10,270,i_halfB_mV_x10,262,unsettled,FALSE,i_min_mV,13,i_max_mV,51,duty_mean,6_168,err_mean,47,missed_d,0,illegal_d,0,fault,FALSE,abort_i,FALSE,charge_mVs,123,drv_state,1
[2026-09-21T22:40:08.372] Cog0  BS-POINT3,seq,92,motor,LEFT,zero_mV_x10,95,net_mV_x10,171,span_ms,3_801,span_rate_x10,818,follow_pct,83,span_duty_mean,5_379,span_duty_max,8_783,drv_follow_pct,100,drv_meas_tps,98,drv_cmd_tps,98
[2026-09-21T22:40:09.871] Cog0  BS-ZERO,motor,LEFT,phase,COARSE,samples,200,i_mean_mV_x10,102,i_min_mV,8,i_max_mV,13,frozen,FALSE,in_band,TRUE,health_ok,NA,u_mV_x10,493,v_mV_x10,588,w_mV_x10,579
[2026-09-21T22:40:09.871] Cog0  MOT:  offset_fwd_degrees = 43, offset_fwd = $1E93_E93E
[2026-09-21T22:40:09.872] Cog0   (ind)offset_rev_degrees = 357, offset_rev = $FDDD_DDDD
[2026-09-21T22:40:09.888] Cog3  -MOT- inincr = 36_750_000 nTgtIncr = $0230_C2B0 0 sync = 0
[2026-09-21T22:40:13.714] Cog3  -MOT- inincr = 0 nTgtIncr = $0000_0000 0 sync = 0
[2026-09-21T22:40:14.090] Cog0  BS-POINT,seq,93,motor,LEFT,speed,QTR,incre,36_750_000,phase,COARSE,neg_deg,43,pos_deg,357,swept_deg,-3,result,OK,steady_ms,998,ticks,180,win_ms,1_826,rate_x10,985,rate_ok,TRUE,samples,361,i_mean_mV_x10,1_157,i_se_mV_x10,76
[2026-09-21T22:40:14.092] Cog0  BS-POINT2,seq,93,motor,LEFT,incre,36_750_000,i_halfA_mV_x10,1_204,i_halfB_mV_x10,1_110,unsettled,FALSE,i_min_mV,9,i_max_mV,353,duty_mean,7_066,err_mean,40,missed_d,0,illegal_d,0,fault,FALSE,abort_i,FALSE,charge_mVs,396,drv_state,1
[2026-09-21T22:40:14.108] Cog0  BS-POINT3,seq,93,motor,LEFT,zero_mV_x10,102,net_mV_x10,1_055,span_ms,3_827,span_rate_x10,815,follow_pct,83,span_duty_mean,6_044,span_duty_max,10_066,drv_follow_pct,100,drv_meas_tps,98,drv_cmd_tps,98
[2026-09-21T22:40:14.596] Cog0  BS-WALK,motor,LEFT,speed,QTR,sign,POS,side,UP,pts,4,last_swept_deg,-3,stop,RISE,low_swept_deg,-23,low_mV_x10,201,low_net_mV_x10,113
[2026-09-21T22:40:14.612] Cog0  BS-BRACKET,motor,LEFT,speed,QTR,sign,POS,low_swept_deg,-23,low_mV_x10,201,below_ok,TRUE,above_ok,TRUE,bracketed,TRUE,reason,OK,low_net_mV_x10,113
[2026-09-21T22:40:15.611] Cog0  BS-ZERO,motor,LEFT,phase,FINE,samples,200,i_mean_mV_x10,97,i_min_mV,7,i_max_mV,13,frozen,FALSE,in_band,TRUE,health_ok,NA,u_mV_x10,503,v_mV_x10,587,w_mV_x10,583
[2026-09-21T22:40:15.611] Cog0  MOT:  offset_fwd_degrees = 43, offset_fwd = $1E93_E93E
[2026-09-21T22:40:15.612] Cog0   (ind)offset_rev_degrees = 337, offset_rev = $EFA4_FA4F
[2026-09-21T22:40:15.628] Cog3  -MOT- inincr = 36_750_000 nTgtIncr = $0230_C2B0 0 sync = 0
[2026-09-21T22:40:20.319] Cog3  -MOT- inincr = 0 nTgtIncr = $0000_0000 0 sync = 0
[2026-09-21T22:40:20.699] Cog0  BS-POINT,seq,94,motor,LEFT,speed,QTR,incre,36_750_000,phase,FINE,neg_deg,43,pos_deg,337,swept_deg,-23,result,OK,steady_ms,947,ticks,270,win_ms,2_746,rate_x10,983,rate_ok,TRUE,samples,543,i_mean_mV_x10,210,i_se_mV_x10,2
[2026-09-21T22:40:20.702] Cog0  BS-POINT2,seq,94,motor,LEFT,incre,36_750_000,i_halfA_mV_x10,212,i_halfB_mV_x10,207,unsettled,FALSE,i_min_mV,17,i_max_mV,26,duty_mean,6_121,err_mean,48,missed_d,0,illegal_d,0,fault,FALSE,abort_i,FALSE,charge_mVs,110,drv_state,1
[2026-09-21T22:40:20.718] Cog0  BS-POINT3,seq,94,motor,LEFT,zero_mV_x10,97,net_mV_x10,113,span_ms,4_696,span_rate_x10,851,follow_pct,86,span_duty_mean,5_488,span_duty_max,7_204,drv_follow_pct,100,drv_meas_tps,98,drv_cmd_tps,98
[2026-09-21T22:40:22.217] Cog0  BS-ZERO,motor,LEFT,phase,FINE,samples,200,i_mean_mV_x10,103,i_min_mV,8,i_max_mV,13,frozen,FALSE,in_band,TRUE,health_ok,NA,u_mV_x10,501,v_mV_x10,589,w_mV_x10,584
[2026-09-21T22:40:22.217] Cog0  MOT:  offset_fwd_degrees = 43, offset_fwd = $1E93_E93E
[2026-09-21T22:40:22.218] Cog0   (ind)offset_rev_degrees = 347, offset_rev = $F6C1_6C16
[2026-09-21T22:40:22.233] Cog3  -MOT- inincr = 36_750_000 nTgtIncr = $0230_C2B0 0 sync = 0
[2026-09-21T22:40:26.940] Cog3  -MOT- inincr = 0 nTgtIncr = $0000_0000 0 sync = 0
[2026-09-21T22:40:27.314] Cog0  BS-POINT,seq,95,motor,LEFT,speed,QTR,incre,36_750_000,phase,FINE,neg_deg,43,pos_deg,347,swept_deg,-13,result,OK,steady_ms,968,ticks,270,win_ms,2_735,rate_x10,987,rate_ok,TRUE,samples,541,i_mean_mV_x10,263,i_se_mV_x10,3
[2026-09-21T22:40:27.317] Cog0  BS-POINT2,seq,95,motor,LEFT,incre,36_750_000,i_halfA_mV_x10,261,i_halfB_mV_x10,265,unsettled,FALSE,i_min_mV,13,i_max_mV,52,duty_mean,6_165,err_mean,46,missed_d,0,illegal_d,0,fault,FALSE,abort_i,FALSE,charge_mVs,145,drv_state,1
[2026-09-21T22:40:27.333] Cog0  BS-POINT3,seq,95,motor,LEFT,zero_mV_x10,103,net_mV_x10,160,span_ms,4_706,span_rate_x10,852,follow_pct,86,span_duty_mean,5_525,span_duty_max,8_518,drv_follow_pct,101,drv_meas_tps,99,drv_cmd_tps,98
[2026-09-21T22:40:28.832] Cog0  BS-ZERO,motor,LEFT,phase,FINE,samples,200,i_mean_mV_x10,101,i_min_mV,8,i_max_mV,13,frozen,FALSE,in_band,TRUE,health_ok,NA,u_mV_x10,493,v_mV_x10,588,w_mV_x10,580
[2026-09-21T22:40:28.832] Cog0  MOT:  offset_fwd_degrees = 43, offset_fwd = $1E93_E93E
[2026-09-21T22:40:28.833] Cog0   (ind)offset_rev_degrees = 327, offset_rev = $E888_8888
[2026-09-21T22:40:28.849] Cog3  -MOT- inincr = 36_750_000 nTgtIncr = $0230_C2B0 0 sync = 0
[2026-09-21T22:40:33.524] Cog3  -MOT- inincr = 0 nTgtIncr = $0000_0000 0 sync = 0
[2026-09-21T22:40:33.899] Cog0  BS-POINT,seq,96,motor,LEFT,speed,QTR,incre,36_750_000,phase,FINE,neg_deg,43,pos_deg,327,swept_deg,-33,result,OK,steady_ms,933,ticks,270,win_ms,2_740,rate_x10,985,rate_ok,TRUE,samples,542,i_mean_mV_x10,406,i_se_mV_x10,6
[2026-09-21T22:40:33.901] Cog0  BS-POINT2,seq,96,motor,LEFT,incre,36_750_000,i_halfA_mV_x10,399,i_halfB_mV_x10,413,unsettled,TRUE,i_min_mV,31,i_max_mV,52,duty_mean,6_563,err_mean,49,missed_d,0,illegal_d,0,fault,FALSE,abort_i,FALSE,charge_mVs,178,drv_state,1
[2026-09-21T22:40:33.918] Cog0  BS-POINT3,seq,96,motor,LEFT,zero_mV_x10,101,net_mV_x10,305,span_ms,4_676,span_rate_x10,853,follow_pct,87,span_duty_mean,5_834,span_duty_max,6_743,drv_follow_pct,100,drv_meas_tps,98,drv_cmd_tps,98
[2026-09-21T22:40:35.417] Cog0  BS-ZERO,motor,LEFT,phase,FINE,samples,200,i_mean_mV_x10,102,i_min_mV,8,i_max_mV,12,frozen,FALSE,in_band,TRUE,health_ok,NA,u_mV_x10,497,v_mV_x10,589,w_mV_x10,576
[2026-09-21T22:40:35.417] Cog0  MOT:  offset_fwd_degrees = 43, offset_fwd = $1E93_E93E
[2026-09-21T22:40:35.418] Cog0   (ind)offset_rev_degrees = 342, offset_rev = $F333_3333
[2026-09-21T22:40:35.434] Cog3  -MOT- inincr = 36_750_000 nTgtIncr = $0230_C2B0 0 sync = 0
[2026-09-21T22:40:40.140] Cog3  -MOT- inincr = 0 nTgtIncr = $0000_0000 0 sync = 0
[2026-09-21T22:40:40.515] Cog0  BS-POINT,seq,97,motor,LEFT,speed,QTR,incre,36_750_000,phase,FINE,neg_deg,43,pos_deg,342,swept_deg,-18,result,OK,steady_ms,958,ticks,270,win_ms,2_745,rate_x10,983,rate_ok,TRUE,samples,543,i_mean_mV_x10,244,i_se_mV_x10,2
[2026-09-21T22:40:40.517] Cog0  BS-POINT2,seq,97,motor,LEFT,incre,36_750_000,i_halfA_mV_x10,246,i_halfB_mV_x10,242,unsettled,FALSE,i_min_mV,14,i_max_mV,44,duty_mean,6_227,err_mean,47,missed_d,0,illegal_d,0,fault,FALSE,abort_i,FALSE,charge_mVs,125,drv_state,1
[2026-09-21T22:40:40.533] Cog0  BS-POINT3,seq,97,motor,LEFT,zero_mV_x10,102,net_mV_x10,142,span_ms,4_706,span_rate_x10,852,follow_pct,86,span_duty_mean,5_563,span_duty_max,7_362,drv_follow_pct,101,drv_meas_tps,99,drv_cmd_tps,98
[2026-09-21T22:40:42.033] Cog0  BS-ZERO,motor,LEFT,phase,FINE,samples,200,i_mean_mV_x10,103,i_min_mV,8,i_max_mV,14,frozen,FALSE,in_band,TRUE,health_ok,NA,u_mV_x10,495,v_mV_x10,590,w_mV_x10,579
[2026-09-21T22:40:42.033] Cog0  MOT:  offset_fwd_degrees = 43, offset_fwd = $1E93_E93E
[2026-09-21T22:40:42.034] Cog0   (ind)offset_rev_degrees = 332, offset_rev = $EC16_C16C
[2026-09-21T22:40:42.049] Cog3  -MOT- inincr = 36_750_000 nTgtIncr = $0230_C2B0 0 sync = 0
[2026-09-21T22:40:46.740] Cog3  -MOT- inincr = 0 nTgtIncr = $0000_0000 0 sync = 0
[2026-09-21T22:40:47.116] Cog0  BS-POINT,seq,98,motor,LEFT,speed,QTR,incre,36_750_000,phase,FINE,neg_deg,43,pos_deg,332,swept_deg,-28,result,OK,steady_ms,943,ticks,270,win_ms,2_745,rate_x10,983,rate_ok,TRUE,samples,543,i_mean_mV_x10,277,i_se_mV_x10,3
[2026-09-21T22:40:47.118] Cog0  BS-POINT2,seq,98,motor,LEFT,incre,36_750_000,i_halfA_mV_x10,276,i_halfB_mV_x10,277,unsettled,FALSE,i_min_mV,22,i_max_mV,38,duty_mean,6_291,err_mean,49,missed_d,0,illegal_d,0,fault,FALSE,abort_i,FALSE,charge_mVs,131,drv_state,1
[2026-09-21T22:40:47.135] Cog0  BS-POINT3,seq,98,motor,LEFT,zero_mV_x10,103,net_mV_x10,174,span_ms,4_692,span_rate_x10,852,follow_pct,86,span_duty_mean,5_619,span_duty_max,6_922,drv_follow_pct,101,drv_meas_tps,99,drv_cmd_tps,98
[2026-09-21T22:40:48.634] Cog0  BS-ZERO,motor,LEFT,phase,FINE,samples,200,i_mean_mV_x10,106,i_min_mV,8,i_max_mV,13,frozen,FALSE,in_band,TRUE,health_ok,NA,u_mV_x10,491,v_mV_x10,586,w_mV_x10,579
[2026-09-21T22:40:48.634] Cog0  MOT:  offset_fwd_degrees = 43, offset_fwd = $1E93_E93E
[2026-09-21T22:40:48.635] Cog0   (ind)offset_rev_degrees = 352, offset_rev = $FA4F_A4FA
[2026-09-21T22:40:48.651] Cog3  -MOT- inincr = 36_750_000 nTgtIncr = $0230_C2B0 0 sync = 0
[2026-09-21T22:40:53.374] Cog3  -MOT- inincr = 0 nTgtIncr = $0000_0000 0 sync = 0
[2026-09-21T22:40:53.752] Cog0  BS-POINT,seq,99,motor,LEFT,speed,QTR,incre,36_750_000,phase,FINE,neg_deg,43,pos_deg,352,swept_deg,-8,result,OK,steady_ms,973,ticks,270,win_ms,2_751,rate_x10,981,rate_ok,TRUE,samples,544,i_mean_mV_x10,364,i_se_mV_x10,7
[2026-09-21T22:40:53.754] Cog0  BS-POINT2,seq,99,motor,LEFT,incre,36_750_000,i_halfA_mV_x10,374,i_halfB_mV_x10,354,unsettled,TRUE,i_min_mV,13,i_max_mV,103,duty_mean,6_188,err_mean,46,missed_d,0,illegal_d,0,fault,FALSE,abort_i,FALSE,charge_mVs,193,drv_state,1
[2026-09-21T22:40:53.771] Cog0  BS-POINT3,seq,99,motor,LEFT,zero_mV_x10,106,net_mV_x10,258,span_ms,4_727,span_rate_x10,850,follow_pct,86,span_duty_mean,5_575,span_duty_max,9_175,drv_follow_pct,100,drv_meas_tps,98,drv_cmd_tps,98
[2026-09-21T22:40:55.269] Cog0  BS-ZERO,motor,LEFT,phase,FINE,samples,200,i_mean_mV_x10,99,i_min_mV,7,i_max_mV,12,frozen,FALSE,in_band,TRUE,health_ok,NA,u_mV_x10,496,v_mV_x10,585,w_mV_x10,575
[2026-09-21T22:40:55.270] Cog0  MOT:  offset_fwd_degrees = 43, offset_fwd = $1E93_E93E
[2026-09-21T22:40:55.271] Cog0   (ind)offset_rev_degrees = 322, offset_rev = $E4FA_4FA4
[2026-09-21T22:40:55.286] Cog3  -MOT- inincr = 36_750_000 nTgtIncr = $0230_C2B0 0 sync = 0
[2026-09-21T22:40:59.961] Cog3  -MOT- inincr = 0 nTgtIncr = $0000_0000 0 sync = 0
[2026-09-21T22:41:00.338] Cog0  BS-POINT,seq,100,motor,LEFT,speed,QTR,incre,36_750_000,phase,FINE,neg_deg,43,pos_deg,322,swept_deg,-38,result,OK,steady_ms,922,ticks,270,win_ms,2_751,rate_x10,981,rate_ok,TRUE,samples,544,i_mean_mV_x10,623,i_se_mV_x10,10
[2026-09-21T22:41:00.340] Cog0  BS-POINT2,seq,100,motor,LEFT,incre,36_750_000,i_halfA_mV_x10,629,i_halfB_mV_x10,617,unsettled,FALSE,i_min_mV,49,i_max_mV,78,duty_mean,6_932,err_mean,48,missed_d,0,illegal_d,0,fault,FALSE,abort_i,FALSE,charge_mVs,261,drv_state,1
[2026-09-21T22:41:00.356] Cog0  BS-POINT3,seq,100,motor,LEFT,zero_mV_x10,99,net_mV_x10,524,span_ms,4_676,span_rate_x10,853,follow_pct,87,span_duty_mean,6_135,span_duty_max,7_114,drv_follow_pct,100,drv_meas_tps,98,drv_cmd_tps,98
[2026-09-21T22:41:01.856] Cog0  BS-ZERO,motor,LEFT,phase,REF_END,samples,200,i_mean_mV_x10,106,i_min_mV,8,i_max_mV,14,frozen,FALSE,in_band,TRUE,health_ok,NA,u_mV_x10,501,v_mV_x10,590,w_mV_x10,582
[2026-09-21T22:41:01.856] Cog0  MOT:  offset_fwd_degrees = 43, offset_fwd = $1E93_E93E
[2026-09-21T22:41:01.857] Cog0   (ind)offset_rev_degrees = 317, offset_rev = $E16C_16C1
[2026-09-21T22:41:01.873] Cog3  -MOT- inincr = 36_750_000 nTgtIncr = $0230_C2B0 0 sync = 0
[2026-09-21T22:41:06.532] Cog3  -MOT- inincr = 0 nTgtIncr = $0000_0000 0 sync = 0
[2026-09-21T22:41:06.919] Cog0  BS-POINT,seq,101,motor,LEFT,speed,QTR,incre,36_750_000,phase,REF_END,neg_deg,43,pos_deg,317,swept_deg,-43,result,OK,steady_ms,922,ticks,270,win_ms,2_746,rate_x10,983,rate_ok,TRUE,samples,543,i_mean_mV_x10,954,i_se_mV_x10,15
[2026-09-21T22:41:06.922] Cog0  BS-POINT2,seq,101,motor,LEFT,incre,36_750_000,i_halfA_mV_x10,957,i_halfB_mV_x10,951,unsettled,FALSE,i_min_mV,81,i_max_mV,115,duty_mean,7_409,err_mean,48,missed_d,0,illegal_d,0,fault,FALSE,abort_i,FALSE,charge_mVs,386,drv_state,1
[2026-09-21T22:41:06.938] Cog0  BS-POINT3,seq,101,motor,LEFT,zero_mV_x10,106,net_mV_x10,848,span_ms,4_671,span_rate_x10,854,follow_pct,87,span_duty_mean,6_521,span_duty_max,7_636,drv_follow_pct,100,drv_meas_tps,98,drv_cmd_tps,98
[2026-09-21T22:41:07.426] Cog0  BS-FIT,motor,LEFT,speed,QTR,sign,POS,status,OK,n,7,centre_deg,-23,span_lo_deg,-38,span_hi_deg,-8,extended,FALSE,pinned,FALSE
[2026-09-21T22:41:07.427] Cog0  BS-FIT2,motor,LEFT,speed,QTR,sign,POS,min_deg_x10,-197,min_se_deg_x10,4,min_mV_x10,107,rms_mV_x10,22,med_se_mV_x10,3,curv_x100,1_195,curv_model_pct,7_367,flat2_deg_x10,13
[2026-09-21T22:41:07.430] Cog0  BS-CLIFF,motor,LEFT,speed,QTR,sign,POS,found,FALSE,last_good_deg,NA,first_fault_deg,NA,edge_deg_x10,NA,margin_deg_x10,NA,margin_from_fit,FALSE,edge_res_deg_x10,NA
[2026-09-21T22:41:07.432] Cog0  BS-LEG,motor,LEFT,speed,QTR,sign,POS,served_by,OFFSET_REV,pts,15,faults,0,aborts_i,1,ref_start_mV_x10,969,ref_end_mV_x10,954,drift_pct_x10,-7,drift_flag,FALSE,exit,DONE,ref_start_net_mV_x10,854,ref_end_net_mV_x10,848
[2026-09-21T22:41:07.440] Cog0  BS-ARC,motor,LEFT,speed,QTR,sign,POS,arc_lo_deg,-53,arc_hi_deg,-3,arc_deg,50,bound_lo,CURRENT,bound_hi,RISE,circle_deg,360
[2026-09-21T22:41:07.440] Cog0  *VAL* legalBasePin = 16
[2026-09-21T22:41:07.441] Cog0  *VAL* legalVoltage = 6
[2026-09-21T22:41:07.441] Cog0  *VAL* legalMode = 30
[2026-09-21T22:41:07.442] Cog0  --- pinSum = 93, 64010 Rev B, highTimeUs = 71
[2026-09-21T22:41:07.442] Cog0  MOT: fwdDegrees = 14, offset_fwd = $09F4_9F49
[2026-09-21T22:41:07.442] Cog0       revDegrees = 338, offset_rev = $F05B_05B0
[2026-09-21T22:41:07.443] Cog0   - Calc FRAME: frame_cnt = 6_136
[2026-09-21T22:41:07.443] Cog0  * init values dead_gap = 70, pwm_limit = 3_033, adc_fram = 6_136, duty_min = 1_600, duty_max = 24_264
[2026-09-21T22:41:07.443] Cog0  *      values duty_up = 18, duty_dn = 4, cfg_ctcks = 135_000
[2026-09-21T22:41:07.444] Cog0  * ENTRY CFG userVoltage = 6, index = 6
[2026-09-21T22:41:07.444] Cog0  * EXIT 2 CFG eUserSelectedVolts = 6 maxFwdIncreAtPwr = 147_000_000 minFwdIncreAtPwr = 544_628
[2026-09-21T22:41:07.445] Cog0  -MOT- inincr = 0 nTgtIncr = $0000_0000 0 sync = 0
[2026-09-21T22:41:07.445] Cog0  * Motor COG #2
[2026-09-21T22:41:07.445] Cog2  INIT $0000_8E3A $0000_DCAF load
[2026-09-21T22:41:07.446] Cog3  INIT $0000_0FA8 $0000_D87F jump
[2026-09-21T22:41:07.461] Cog0  * Front COG #3
[2026-09-21T22:41:08.457] Cog0  BLDC: getBoardType() driver running, not measured; returning revision recorded at start 22
[2026-09-21T22:41:08.457] Cog0  MOT:  offset_fwd_degrees = 43, offset_fwd = $1E93_E93E
[2026-09-21T22:41:08.459] Cog0   (ind)offset_rev_degrees = 317, offset_rev = $E16C_16C1
[2026-09-21T22:41:08.475] Cog0  BS-START,motor,RIGHT,base,16,cog,2,cog_ok,TRUE,board_rev,22,rev_b,TRUE,board_id,REV_B,init_neg_deg,14,init_pos_deg,338,neg_deg,43,pos_deg,317,offsets_ok,TRUE,missed,0,illegal,0,integ_ok,TRUE,result,OK
[2026-09-21T22:41:09.473] Cog0  BS-ZERO,motor,RIGHT,phase,REF_START,samples,200,i_mean_mV_x10,2,i_min_mV,-1,i_max_mV,3,frozen,FALSE,in_band,TRUE,health_ok,NA,u_mV_x10,555,v_mV_x10,507,w_mV_x10,531
[2026-09-21T22:41:09.474] Cog0  MOT:  offset_fwd_degrees = 43, offset_fwd = $1E93_E93E
[2026-09-21T22:41:09.474] Cog0   (ind)offset_rev_degrees = 317, offset_rev = $E16C_16C1
[2026-09-21T22:41:09.489] Cog3  -MOT- inincr = 36_750_000 nTgtIncr = $0230_C2B0 0 sync = 0
[2026-09-21T22:41:14.164] Cog3  -MOT- inincr = 0 nTgtIncr = $0000_0000 0 sync = 0
[2026-09-21T22:41:14.540] Cog0  BS-POINT,seq,102,motor,RIGHT,speed,QTR,incre,36_750_000,phase,REF_START,neg_deg,43,pos_deg,317,swept_deg,-43,result,OK,steady_ms,922,ticks,270,win_ms,2_751,rate_x10,981,rate_ok,TRUE,samples,544,i_mean_mV_x10,946,i_se_mV_x10,14
[2026-09-21T22:41:14.543] Cog0  BS-POINT2,seq,102,motor,RIGHT,incre,36_750_000,i_halfA_mV_x10,960,i_halfB_mV_x10,931,unsettled,TRUE,i_min_mV,77,i_max_mV,115,duty_mean,7_501,err_mean,48,missed_d,0,illegal_d,0,fault,FALSE,abort_i,FALSE,charge_mVs,372,drv_state,1
[2026-09-21T22:41:14.559] Cog0  BS-POINT3,seq,102,motor,RIGHT,zero_mV_x10,2,net_mV_x10,944,span_ms,4_676,span_rate_x10,853,follow_pct,87,span_duty_mean,6_601,span_duty_max,7_724,drv_follow_pct,101,drv_meas_tps,99,drv_cmd_tps,98
[2026-09-21T22:41:16.058] Cog0  BS-ZERO,motor,RIGHT,phase,COARSE,samples,200,i_mean_mV_x10,-1,i_min_mV,-2,i_max_mV,2,frozen,FALSE,in_band,TRUE,health_ok,NA,u_mV_x10,557,v_mV_x10,522,w_mV_x10,530
[2026-09-21T22:41:16.058] Cog0  MOT:  offset_fwd_degrees = 43, offset_fwd = $1E93_E93E
[2026-09-21T22:41:16.059] Cog0   (ind)offset_rev_degrees = 307, offset_rev = $DA4F_A4FA
[2026-09-21T22:41:16.075] Cog3  -MOT- inincr = 36_750_000 nTgtIncr = $0230_C2B0 0 sync = 0
[2026-09-21T22:41:19.821] Cog3  -MOT- inincr = 0 nTgtIncr = $0000_0000 0 sync = 0
[2026-09-21T22:41:20.207] Cog0  BS-POINT,seq,103,motor,RIGHT,speed,QTR,incre,36_750_000,phase,COARSE,neg_deg,43,pos_deg,307,swept_deg,-53,result,OK,steady_ms,923,ticks,180,win_ms,1_830,rate_x10,983,rate_ok,TRUE,samples,362,i_mean_mV_x10,2_281,i_se_mV_x10,34
[2026-09-21T22:41:20.209] Cog0  BS-POINT2,seq,103,motor,RIGHT,incre,36_750_000,i_halfA_mV_x10,2_285,i_halfB_mV_x10,2_277,unsettled,FALSE,i_min_mV,201,i_max_mV,262,duty_mean,8_909,err_mean,48,missed_d,0,illegal_d,0,fault,FALSE,abort_i,FALSE,charge_mVs,678,drv_state,1
[2026-09-21T22:41:20.225] Cog0  BS-POINT3,seq,103,motor,RIGHT,zero_mV_x10,-1,net_mV_x10,2_282,span_ms,3_756,span_rate_x10,822,follow_pct,83,span_duty_mean,7_496,span_duty_max,9_159,drv_follow_pct,100,drv_meas_tps,98,drv_cmd_tps,98
[2026-09-21T22:41:21.724] Cog0  BS-ZERO,motor,RIGHT,phase,COARSE,samples,200,i_mean_mV_x10,-1,i_min_mV,-4,i_max_mV,2,frozen,FALSE,in_band,TRUE,health_ok,NA,u_mV_x10,550,v_mV_x10,522,w_mV_x10,524
[2026-09-21T22:41:21.724] Cog0  MOT:  offset_fwd_degrees = 43, offset_fwd = $1E93_E93E
[2026-09-21T22:41:21.725] Cog0   (ind)offset_rev_degrees = 297, offset_rev = $D333_3333
[2026-09-21T22:41:21.741] Cog3  -MOT- inincr = 36_750_000 nTgtIncr = $0230_C2B0 0 sync = 0
[2026-09-21T22:41:22.826] Cog0  BS-POINT,seq,104,motor,RIGHT,speed,QTR,incre,36_750_000,phase,COARSE,neg_deg,43,pos_deg,297,swept_deg,-63,result,ABORT_I,steady_ms,922,ticks,NA,win_ms,NA,rate_x10,NA,rate_ok,FALSE,samples,NA,i_mean_mV_x10,NA,i_se_mV_x10,NA
[2026-09-21T22:41:22.828] Cog0  BS-POINT2,seq,104,motor,RIGHT,incre,36_750_000,i_halfA_mV_x10,NA,i_halfB_mV_x10,NA,unsettled,FALSE,i_min_mV,NA,i_max_mV,NA,duty_mean,NA,err_mean,NA,missed_d,NA,illegal_d,NA,fault,FALSE,abort_i,TRUE,charge_mVs,122,drv_state,3
[2026-09-21T22:41:22.830] Cog0  BS-POINT3,seq,104,motor,RIGHT,zero_mV_x10,-1,net_mV_x10,NA,span_ms,1_097,span_rate_x10,428,follow_pct,43,span_duty_mean,4_743,span_duty_max,10_955,drv_follow_pct,NA,drv_meas_tps,NA,drv_cmd_tps,NA
[2026-09-21T22:41:22.835] Cog0  BS-ABORT,scope,POINT,reason,ABORT_I,motor,RIGHT,incre,36_750_000,seq,104,value,482,elapsed_s,609
[2026-09-21T22:41:22.835] Cog0  *VAL* legalBasePin = 16
[2026-09-21T22:41:22.836] Cog0  *VAL* legalVoltage = 6
[2026-09-21T22:41:22.836] Cog0  *VAL* legalMode = 30
[2026-09-21T22:41:22.837] Cog0  --- pinSum = 97, 64010 Rev B, highTimeUs = 74
[2026-09-21T22:41:22.837] Cog0  MOT: fwdDegrees = 14, offset_fwd = $09F4_9F49
[2026-09-21T22:41:22.837] Cog0       revDegrees = 338, offset_rev = $F05B_05B0
[2026-09-21T22:41:22.838] Cog0   - Calc FRAME: frame_cnt = 6_136
[2026-09-21T22:41:22.838] Cog0  * init values dead_gap = 70, pwm_limit = 3_033, adc_fram = 6_136, duty_min = 1_600, duty_max = 24_264
[2026-09-21T22:41:22.838] Cog0  *      values duty_up = 18, duty_dn = 4, cfg_ctcks = 135_000
[2026-09-21T22:41:22.839] Cog0  * ENTRY CFG userVoltage = 6, index = 6
[2026-09-21T22:41:22.839] Cog0  * EXIT 2 CFG eUserSelectedVolts = 6 maxFwdIncreAtPwr = 147_000_000 minFwdIncreAtPwr = 544_628
[2026-09-21T22:41:22.840] Cog0  -MOT- inincr = 0 nTgtIncr = $0000_0000 0 sync = 0
[2026-09-21T22:41:22.840] Cog0  * Motor COG #2
[2026-09-21T22:41:22.841] Cog2  INIT $0000_8E3A $0000_DCAF load
[2026-09-21T22:41:22.841] Cog3  INIT $0000_0FA8 $0000_D87F jump
[2026-09-21T22:41:22.856] Cog0  * Front COG #3
[2026-09-21T22:41:23.852] Cog0  BLDC: getBoardType() driver running, not measured; returning revision recorded at start 22
[2026-09-21T22:41:23.852] Cog0  MOT:  offset_fwd_degrees = 43, offset_fwd = $1E93_E93E
[2026-09-21T22:41:23.854] Cog0   (ind)offset_rev_degrees = 317, offset_rev = $E16C_16C1
[2026-09-21T22:41:23.870] Cog0  BS-START,motor,RIGHT,base,16,cog,2,cog_ok,TRUE,board_rev,22,rev_b,TRUE,board_id,REV_B,init_neg_deg,14,init_pos_deg,338,neg_deg,43,pos_deg,317,offsets_ok,TRUE,missed,0,illegal,0,integ_ok,TRUE,result,OK
[2026-09-21T22:41:24.372] Cog0  BS-WALK,motor,RIGHT,speed,QTR,sign,POS,side,DOWN,pts,2,last_swept_deg,-63,stop,RISE,low_swept_deg,-43,low_mV_x10,946,low_net_mV_x10,944
[2026-09-21T22:41:25.370] Cog0  BS-ZERO,motor,RIGHT,phase,COARSE,samples,200,i_mean_mV_x10,2,i_min_mV,-2,i_max_mV,3,frozen,FALSE,in_band,TRUE,health_ok,NA,u_mV_x10,552,v_mV_x10,507,w_mV_x10,535
[2026-09-21T22:41:25.371] Cog0  MOT:  offset_fwd_degrees = 43, offset_fwd = $1E93_E93E
[2026-09-21T22:41:25.371] Cog0   (ind)offset_rev_degrees = 327, offset_rev = $E888_8888
[2026-09-21T22:41:25.387] Cog3  -MOT- inincr = 36_750_000 nTgtIncr = $0230_C2B0 0 sync = 0
[2026-09-21T22:41:29.149] Cog3  -MOT- inincr = 0 nTgtIncr = $0000_0000 0 sync = 0
[2026-09-21T22:41:29.522] Cog0  BS-POINT,seq,105,motor,RIGHT,speed,QTR,incre,36_750_000,phase,COARSE,neg_deg,43,pos_deg,327,swept_deg,-33,result,OK,steady_ms,933,ticks,180,win_ms,1_825,rate_x10,986,rate_ok,TRUE,samples,361,i_mean_mV_x10,350,i_se_mV_x10,5
[2026-09-21T22:41:29.524] Cog0  BS-POINT2,seq,105,motor,RIGHT,incre,36_750_000,i_halfA_mV_x10,351,i_halfB_mV_x10,350,unsettled,FALSE,i_min_mV,25,i_max_mV,44,duty_mean,6_634,err_mean,48,missed_d,0,illegal_d,0,fault,FALSE,abort_i,FALSE,charge_mVs,115,drv_state,1
[2026-09-21T22:41:29.541] Cog0  BS-POINT3,seq,105,motor,RIGHT,zero_mV_x10,2,net_mV_x10,348,span_ms,3_761,span_rate_x10,821,follow_pct,83,span_duty_mean,5_720,span_duty_max,6_845,drv_follow_pct,100,drv_meas_tps,98,drv_cmd_tps,98
[2026-09-21T22:41:31.040] Cog0  BS-ZERO,motor,RIGHT,phase,COARSE,samples,200,i_mean_mV_x10,3,i_min_mV,-2,i_max_mV,4,frozen,FALSE,in_band,TRUE,health_ok,NA,u_mV_x10,550,v_mV_x10,511,w_mV_x10,535
[2026-09-21T22:41:31.040] Cog0  MOT:  offset_fwd_degrees = 43, offset_fwd = $1E93_E93E
[2026-09-21T22:41:31.041] Cog0   (ind)offset_rev_degrees = 337, offset_rev = $EFA4_FA4F
[2026-09-21T22:41:31.057] Cog3  -MOT- inincr = 36_750_000 nTgtIncr = $0230_C2B0 0 sync = 0
[2026-09-21T22:41:34.835] Cog3  -MOT- inincr = 0 nTgtIncr = $0000_0000 0 sync = 0
[2026-09-21T22:41:35.209] Cog0  BS-POINT,seq,106,motor,RIGHT,speed,QTR,incre,36_750_000,phase,COARSE,neg_deg,43,pos_deg,337,swept_deg,-23,result,OK,steady_ms,942,ticks,180,win_ms,1_830,rate_x10,983,rate_ok,TRUE,samples,362,i_mean_mV_x10,133,i_se_mV_x10,3
[2026-09-21T22:41:35.211] Cog0  BS-POINT2,seq,106,motor,RIGHT,incre,36_750_000,i_halfA_mV_x10,135,i_halfB_mV_x10,131,unsettled,FALSE,i_min_mV,8,i_max_mV,21,duty_mean,6_198,err_mean,48,missed_d,0,illegal_d,0,fault,FALSE,abort_i,FALSE,charge_mVs,56,drv_state,1
[2026-09-21T22:41:35.227] Cog0  BS-POINT3,seq,106,motor,RIGHT,zero_mV_x10,3,net_mV_x10,130,span_ms,3_775,span_rate_x10,821,follow_pct,83,span_duty_mean,5_397,span_duty_max,7_399,drv_follow_pct,101,drv_meas_tps,99,drv_cmd_tps,98
[2026-09-21T22:41:36.726] Cog0  BS-ZERO,motor,RIGHT,phase,COARSE,samples,200,i_mean_mV_x10,0,i_min_mV,-2,i_max_mV,2,frozen,FALSE,in_band,TRUE,health_ok,NA,u_mV_x10,556,v_mV_x10,514,w_mV_x10,534
[2026-09-21T22:41:36.726] Cog0  MOT:  offset_fwd_degrees = 43, offset_fwd = $1E93_E93E
[2026-09-21T22:41:36.727] Cog0   (ind)offset_rev_degrees = 347, offset_rev = $F6C1_6C16
[2026-09-21T22:41:36.743] Cog3  -MOT- inincr = 36_750_000 nTgtIncr = $0230_C2B0 0 sync = 0
[2026-09-21T22:41:40.537] Cog3  -MOT- inincr = 0 nTgtIncr = $0000_0000 0 sync = 0
[2026-09-21T22:41:40.918] Cog0  BS-POINT,seq,107,motor,RIGHT,speed,QTR,incre,36_750_000,phase,COARSE,neg_deg,43,pos_deg,347,swept_deg,-13,result,OK,steady_ms,968,ticks,180,win_ms,1_830,rate_x10,983,rate_ok,TRUE,samples,362,i_mean_mV_x10,182,i_se_mV_x10,3
[2026-09-21T22:41:40.920] Cog0  BS-POINT2,seq,107,motor,RIGHT,incre,36_750_000,i_halfA_mV_x10,184,i_halfB_mV_x10,181,unsettled,FALSE,i_min_mV,6,i_max_mV,43,duty_mean,6_230,err_mean,46,missed_d,0,illegal_d,0,fault,FALSE,abort_i,FALSE,charge_mVs,82,drv_state,1
[2026-09-21T22:41:40.936] Cog0  BS-POINT3,seq,107,motor,RIGHT,zero_mV_x10,0,net_mV_x10,182,span_ms,3_801,span_rate_x10,820,follow_pct,83,span_duty_mean,5_425,span_duty_max,8_236,drv_follow_pct,100,drv_meas_tps,98,drv_cmd_tps,98
[2026-09-21T22:41:42.435] Cog0  BS-ZERO,motor,RIGHT,phase,COARSE,samples,200,i_mean_mV_x10,4,i_min_mV,-2,i_max_mV,3,frozen,FALSE,in_band,TRUE,health_ok,NA,u_mV_x10,554,v_mV_x10,515,w_mV_x10,540
[2026-09-21T22:41:42.436] Cog0  MOT:  offset_fwd_degrees = 43, offset_fwd = $1E93_E93E
[2026-09-21T22:41:42.437] Cog0   (ind)offset_rev_degrees = 357, offset_rev = $FDDD_DDDD
[2026-09-21T22:41:42.453] Cog3  -MOT- inincr = 36_750_000 nTgtIncr = $0230_C2B0 0 sync = 0
[2026-09-21T22:41:46.279] Cog3  -MOT- inincr = 0 nTgtIncr = $0000_0000 0 sync = 0
[2026-09-21T22:41:46.659] Cog0  BS-POINT,seq,108,motor,RIGHT,speed,QTR,incre,36_750_000,phase,COARSE,neg_deg,43,pos_deg,357,swept_deg,-3,result,OK,steady_ms,993,ticks,180,win_ms,1_836,rate_x10,980,rate_ok,TRUE,samples,363,i_mean_mV_x10,922,i_se_mV_x10,66
[2026-09-21T22:41:46.661] Cog0  BS-POINT2,seq,108,motor,RIGHT,incre,36_750_000,i_halfA_mV_x10,951,i_halfB_mV_x10,894,unsettled,FALSE,i_min_mV,0,i_max_mV,416,duty_mean,6_891,err_mean,41,missed_d,0,illegal_d,0,fault,FALSE,abort_i,FALSE,charge_mVs,326,drv_state,1
[2026-09-21T22:41:46.677] Cog0  BS-POINT3,seq,108,motor,RIGHT,zero_mV_x10,4,net_mV_x10,918,span_ms,3_832,span_rate_x10,814,follow_pct,83,span_duty_mean,5_966,span_duty_max,10_448,drv_follow_pct,100,drv_meas_tps,98,drv_cmd_tps,98
[2026-09-21T22:41:47.165] Cog0  BS-WALK,motor,RIGHT,speed,QTR,sign,POS,side,UP,pts,4,last_swept_deg,-3,stop,RISE,low_swept_deg,-23,low_mV_x10,133,low_net_mV_x10,130
[2026-09-21T22:41:47.181] Cog0  BS-BRACKET,motor,RIGHT,speed,QTR,sign,POS,low_swept_deg,-23,low_mV_x10,133,below_ok,TRUE,above_ok,TRUE,bracketed,TRUE,reason,OK,low_net_mV_x10,130
[2026-09-21T22:41:48.180] Cog0  BS-ZERO,motor,RIGHT,phase,FINE,samples,200,i_mean_mV_x10,6,i_min_mV,-2,i_max_mV,3,frozen,FALSE,in_band,TRUE,health_ok,NA,u_mV_x10,550,v_mV_x10,522,w_mV_x10,533
[2026-09-21T22:41:48.180] Cog0  MOT:  offset_fwd_degrees = 43, offset_fwd = $1E93_E93E
[2026-09-21T22:41:48.181] Cog0   (ind)offset_rev_degrees = 337, offset_rev = $EFA4_FA4F
[2026-09-21T22:41:48.196] Cog3  -MOT- inincr = 36_750_000 nTgtIncr = $0230_C2B0 0 sync = 0
[2026-09-21T22:41:52.887] Cog3  -MOT- inincr = 0 nTgtIncr = $0000_0000 0 sync = 0
[2026-09-21T22:41:53.263] Cog0  BS-POINT,seq,109,motor,RIGHT,speed,QTR,incre,36_750_000,phase,FINE,neg_deg,43,pos_deg,337,swept_deg,-23,result,OK,steady_ms,942,ticks,270,win_ms,2_746,rate_x10,983,rate_ok,TRUE,samples,543,i_mean_mV_x10,132,i_se_mV_x10,2
[2026-09-21T22:41:53.265] Cog0  BS-POINT2,seq,109,motor,RIGHT,incre,36_750_000,i_halfA_mV_x10,134,i_halfB_mV_x10,131,unsettled,FALSE,i_min_mV,8,i_max_mV,20,duty_mean,6_185,err_mean,49,missed_d,0,illegal_d,0,fault,FALSE,abort_i,FALSE,charge_mVs,67,drv_state,1
[2026-09-21T22:41:53.281] Cog0  BS-POINT3,seq,109,motor,RIGHT,zero_mV_x10,6,net_mV_x10,126,span_ms,4_691,span_rate_x10,852,follow_pct,86,span_duty_mean,5_545,span_duty_max,7_463,drv_follow_pct,101,drv_meas_tps,99,drv_cmd_tps,98
[2026-09-21T22:41:54.780] Cog0  BS-ZERO,motor,RIGHT,phase,FINE,samples,200,i_mean_mV_x10,5,i_min_mV,-2,i_max_mV,3,frozen,FALSE,in_band,TRUE,health_ok,NA,u_mV_x10,546,v_mV_x10,521,w_mV_x10,537
[2026-09-21T22:41:54.780] Cog0  MOT:  offset_fwd_degrees = 43, offset_fwd = $1E93_E93E
[2026-09-21T22:41:54.781] Cog0   (ind)offset_rev_degrees = 347, offset_rev = $F6C1_6C16
[2026-09-21T22:41:54.797] Cog3  -MOT- inincr = 36_750_000 nTgtIncr = $0230_C2B0 0 sync = 0
[2026-09-21T22:41:59.520] Cog3  -MOT- inincr = 0 nTgtIncr = $0000_0000 0 sync = 0
[2026-09-21T22:41:59.893] Cog0  BS-POINT,seq,110,motor,RIGHT,speed,QTR,incre,36_750_000,phase,FINE,neg_deg,43,pos_deg,347,swept_deg,-13,result,OK,steady_ms,968,ticks,270,win_ms,2_750,rate_x10,981,rate_ok,TRUE,samples,544,i_mean_mV_x10,182,i_se_mV_x10,2
[2026-09-21T22:41:59.896] Cog0  BS-POINT2,seq,110,motor,RIGHT,incre,36_750_000,i_halfA_mV_x10,178,i_halfB_mV_x10,185,unsettled,TRUE,i_min_mV,4,i_max_mV,43,duty_mean,6_226,err_mean,46,missed_d,0,illegal_d,0,fault,FALSE,abort_i,FALSE,charge_mVs,100,drv_state,1
[2026-09-21T22:41:59.912] Cog0  BS-POINT3,seq,110,motor,RIGHT,zero_mV_x10,5,net_mV_x10,177,span_ms,4_722,span_rate_x10,851,follow_pct,86,span_duty_mean,5_583,span_duty_max,8_298,drv_follow_pct,101,drv_meas_tps,99,drv_cmd_tps,98
[2026-09-21T22:42:01.411] Cog0  BS-ZERO,motor,RIGHT,phase,FINE,samples,200,i_mean_mV_x10,2,i_min_mV,-2,i_max_mV,3,frozen,FALSE,in_band,TRUE,health_ok,NA,u_mV_x10,548,v_mV_x10,516,w_mV_x10,542
[2026-09-21T22:42:01.411] Cog0  MOT:  offset_fwd_degrees = 43, offset_fwd = $1E93_E93E
[2026-09-21T22:42:01.412] Cog0   (ind)offset_rev_degrees = 327, offset_rev = $E888_8888
[2026-09-21T22:42:01.427] Cog3  -MOT- inincr = 36_750_000 nTgtIncr = $0230_C2B0 0 sync = 0
[2026-09-21T22:42:06.102] Cog3  -MOT- inincr = 0 nTgtIncr = $0000_0000 0 sync = 0
[2026-09-21T22:42:06.478] Cog0  BS-POINT,seq,111,motor,RIGHT,speed,QTR,incre,36_750_000,phase,FINE,neg_deg,43,pos_deg,327,swept_deg,-33,result,OK,steady_ms,932,ticks,270,win_ms,2_741,rate_x10,985,rate_ok,TRUE,samples,542,i_mean_mV_x10,345,i_se_mV_x10,5
[2026-09-21T22:42:06.480] Cog0  BS-POINT2,seq,111,motor,RIGHT,incre,36_750_000,i_halfA_mV_x10,350,i_halfB_mV_x10,340,unsettled,FALSE,i_min_mV,24,i_max_mV,46,duty_mean,6_633,err_mean,49,missed_d,0,illegal_d,0,fault,FALSE,abort_i,FALSE,charge_mVs,145,drv_state,1
[2026-09-21T22:42:06.496] Cog0  BS-POINT3,seq,111,motor,RIGHT,zero_mV_x10,2,net_mV_x10,343,span_ms,4_676,span_rate_x10,853,follow_pct,87,span_duty_mean,5_899,span_duty_max,6_826,drv_follow_pct,100,drv_meas_tps,98,drv_cmd_tps,98
[2026-09-21T22:42:07.995] Cog0  BS-ZERO,motor,RIGHT,phase,FINE,samples,200,i_mean_mV_x10,0,i_min_mV,-2,i_max_mV,2,frozen,FALSE,in_band,TRUE,health_ok,NA,u_mV_x10,539,v_mV_x10,509,w_mV_x10,537
[2026-09-21T22:42:07.995] Cog0  MOT:  offset_fwd_degrees = 43, offset_fwd = $1E93_E93E
[2026-09-21T22:42:07.997] Cog0   (ind)offset_rev_degrees = 342, offset_rev = $F333_3333
[2026-09-21T22:42:08.012] Cog3  -MOT- inincr = 36_750_000 nTgtIncr = $0230_C2B0 0 sync = 0
[2026-09-21T22:42:12.719] Cog3  -MOT- inincr = 0 nTgtIncr = $0000_0000 0 sync = 0
[2026-09-21T22:42:13.094] Cog0  BS-POINT,seq,112,motor,RIGHT,speed,QTR,incre,36_750_000,phase,FINE,neg_deg,43,pos_deg,342,swept_deg,-18,result,OK,steady_ms,953,ticks,270,win_ms,2_750,rate_x10,981,rate_ok,TRUE,samples,544,i_mean_mV_x10,169,i_se_mV_x10,2
[2026-09-21T22:42:13.097] Cog0  BS-POINT2,seq,112,motor,RIGHT,incre,36_750_000,i_halfA_mV_x10,169,i_halfB_mV_x10,169,unsettled,FALSE,i_min_mV,6,i_max_mV,34,duty_mean,6_298,err_mean,47,missed_d,0,illegal_d,0,fault,FALSE,abort_i,FALSE,charge_mVs,86,drv_state,1
[2026-09-21T22:42:13.113] Cog0  BS-POINT3,seq,112,motor,RIGHT,zero_mV_x10,0,net_mV_x10,169,span_ms,4_707,span_rate_x10,851,follow_pct,86,span_duty_mean,5_633,span_duty_max,7_618,drv_follow_pct,101,drv_meas_tps,99,drv_cmd_tps,98
[2026-09-21T22:42:14.612] Cog0  BS-ZERO,motor,RIGHT,phase,FINE,samples,200,i_mean_mV_x10,5,i_min_mV,-1,i_max_mV,3,frozen,FALSE,in_band,TRUE,health_ok,NA,u_mV_x10,548,v_mV_x10,514,w_mV_x10,538
[2026-09-21T22:42:14.612] Cog0  MOT:  offset_fwd_degrees = 43, offset_fwd = $1E93_E93E
[2026-09-21T22:42:14.613] Cog0   (ind)offset_rev_degrees = 332, offset_rev = $EC16_C16C
[2026-09-21T22:42:14.629] Cog3  -MOT- inincr = 36_750_000 nTgtIncr = $0230_C2B0 0 sync = 0
[2026-09-21T22:42:19.320] Cog3  -MOT- inincr = 0 nTgtIncr = $0000_0000 0 sync = 0
[2026-09-21T22:42:19.694] Cog0  BS-POINT,seq,113,motor,RIGHT,speed,QTR,incre,36_750_000,phase,FINE,neg_deg,43,pos_deg,332,swept_deg,-28,result,OK,steady_ms,938,ticks,270,win_ms,2_750,rate_x10,981,rate_ok,TRUE,samples,544,i_mean_mV_x10,209,i_se_mV_x10,4
[2026-09-21T22:42:19.696] Cog0  BS-POINT2,seq,113,motor,RIGHT,incre,36_750_000,i_halfA_mV_x10,207,i_halfB_mV_x10,211,unsettled,FALSE,i_min_mV,14,i_max_mV,29,duty_mean,6_363,err_mean,48,missed_d,0,illegal_d,0,fault,FALSE,abort_i,FALSE,charge_mVs,94,drv_state,1
[2026-09-21T22:42:19.713] Cog0  BS-POINT3,seq,113,motor,RIGHT,zero_mV_x10,5,net_mV_x10,204,span_ms,4_691,span_rate_x10,852,follow_pct,86,span_duty_mean,5_682,span_duty_max,7_086,drv_follow_pct,100,drv_meas_tps,98,drv_cmd_tps,98
[2026-09-21T22:42:21.211] Cog0  BS-ZERO,motor,RIGHT,phase,FINE,samples,200,i_mean_mV_x10,7,i_min_mV,-1,i_max_mV,4,frozen,FALSE,in_band,TRUE,health_ok,NA,u_mV_x10,549,v_mV_x10,513,w_mV_x10,540
[2026-09-21T22:42:21.212] Cog0  MOT:  offset_fwd_degrees = 43, offset_fwd = $1E93_E93E
[2026-09-21T22:42:21.212] Cog0   (ind)offset_rev_degrees = 352, offset_rev = $FA4F_A4FA
[2026-09-21T22:42:21.228] Cog3  -MOT- inincr = 36_750_000 nTgtIncr = $0230_C2B0 0 sync = 0
[2026-09-21T22:42:25.951] Cog3  -MOT- inincr = 0 nTgtIncr = $0000_0000 0 sync = 0
[2026-09-21T22:42:26.335] Cog0  BS-POINT,seq,114,motor,RIGHT,speed,QTR,incre,36_750_000,phase,FINE,neg_deg,43,pos_deg,352,swept_deg,-8,result,OK,steady_ms,983,ticks,270,win_ms,2_745,rate_x10,983,rate_ok,TRUE,samples,543,i_mean_mV_x10,291,i_se_mV_x10,7
[2026-09-21T22:42:26.337] Cog0  BS-POINT2,seq,114,motor,RIGHT,incre,36_750_000,i_halfA_mV_x10,288,i_halfB_mV_x10,293,unsettled,FALSE,i_min_mV,4,i_max_mV,99,duty_mean,6_271,err_mean,46,missed_d,0,illegal_d,0,fault,FALSE,abort_i,FALSE,charge_mVs,157,drv_state,1
[2026-09-21T22:42:26.353] Cog0  BS-POINT3,seq,114,motor,RIGHT,zero_mV_x10,7,net_mV_x10,284,span_ms,4_731,span_rate_x10,849,follow_pct,86,span_duty_mean,5_637,span_duty_max,9_168,drv_follow_pct,100,drv_meas_tps,98,drv_cmd_tps,98
[2026-09-21T22:42:27.852] Cog0  BS-ZERO,motor,RIGHT,phase,FINE,samples,200,i_mean_mV_x10,9,i_min_mV,-1,i_max_mV,3,frozen,FALSE,in_band,TRUE,health_ok,NA,u_mV_x10,549,v_mV_x10,510,w_mV_x10,528
[2026-09-21T22:42:27.852] Cog0  MOT:  offset_fwd_degrees = 43, offset_fwd = $1E93_E93E
[2026-09-21T22:42:27.853] Cog0   (ind)offset_rev_degrees = 322, offset_rev = $E4FA_4FA4
[2026-09-21T22:42:27.869] Cog3  -MOT- inincr = 36_750_000 nTgtIncr = $0230_C2B0 0 sync = 0
[2026-09-21T22:42:32.544] Cog3  -MOT- inincr = 0 nTgtIncr = $0000_0000 0 sync = 0
[2026-09-21T22:42:32.921] Cog0  BS-POINT,seq,115,motor,RIGHT,speed,QTR,incre,36_750_000,phase,FINE,neg_deg,43,pos_deg,322,swept_deg,-38,result,OK,steady_ms,922,ticks,270,win_ms,2_751,rate_x10,981,rate_ok,TRUE,samples,544,i_mean_mV_x10,584,i_se_mV_x10,9
[2026-09-21T22:42:32.923] Cog0  BS-POINT2,seq,115,motor,RIGHT,incre,36_750_000,i_halfA_mV_x10,585,i_halfB_mV_x10,583,unsettled,FALSE,i_min_mV,46,i_max_mV,76,duty_mean,7_007,err_mean,48,missed_d,0,illegal_d,0,fault,FALSE,abort_i,FALSE,charge_mVs,234,drv_state,1
[2026-09-21T22:42:32.940] Cog0  BS-POINT3,seq,115,motor,RIGHT,zero_mV_x10,9,net_mV_x10,575,span_ms,4_676,span_rate_x10,853,follow_pct,87,span_duty_mean,6_201,span_duty_max,7_213,drv_follow_pct,101,drv_meas_tps,99,drv_cmd_tps,98
[2026-09-21T22:42:34.440] Cog0  BS-ZERO,motor,RIGHT,phase,REF_END,samples,200,i_mean_mV_x10,9,i_min_mV,-1,i_max_mV,3,frozen,FALSE,in_band,TRUE,health_ok,NA,u_mV_x10,552,v_mV_x10,508,w_mV_x10,536
[2026-09-21T22:42:34.440] Cog0  MOT:  offset_fwd_degrees = 43, offset_fwd = $1E93_E93E
[2026-09-21T22:42:34.440] Cog0   (ind)offset_rev_degrees = 317, offset_rev = $E16C_16C1
[2026-09-21T22:42:34.456] Cog3  -MOT- inincr = 36_750_000 nTgtIncr = $0230_C2B0 0 sync = 0
[2026-09-21T22:42:39.130] Cog3  -MOT- inincr = 0 nTgtIncr = $0000_0000 0 sync = 0
[2026-09-21T22:42:39.507] Cog0  BS-POINT,seq,116,motor,RIGHT,speed,QTR,incre,36_750_000,phase,REF_END,neg_deg,43,pos_deg,317,swept_deg,-43,result,OK,steady_ms,923,ticks,270,win_ms,2_750,rate_x10,981,rate_ok,TRUE,samples,544,i_mean_mV_x10,945,i_se_mV_x10,11
[2026-09-21T22:42:39.509] Cog0  BS-POINT2,seq,116,motor,RIGHT,incre,36_750_000,i_halfA_mV_x10,936,i_halfB_mV_x10,954,unsettled,FALSE,i_min_mV,78,i_max_mV,116,duty_mean,7_489,err_mean,48,missed_d,0,illegal_d,0,fault,FALSE,abort_i,FALSE,charge_mVs,375,drv_state,1
[2026-09-21T22:42:39.525] Cog0  BS-POINT3,seq,116,motor,RIGHT,zero_mV_x10,9,net_mV_x10,936,span_ms,4_676,span_rate_x10,853,follow_pct,87,span_duty_mean,6_598,span_duty_max,7_718,drv_follow_pct,100,drv_meas_tps,98,drv_cmd_tps,98
[2026-09-21T22:42:40.013] Cog0  BS-FIT,motor,RIGHT,speed,QTR,sign,POS,status,OK,n,7,centre_deg,-23,span_lo_deg,-38,span_hi_deg,-8,extended,FALSE,pinned,FALSE
[2026-09-21T22:42:40.015] Cog0  BS-FIT2,motor,RIGHT,speed,QTR,sign,POS,min_deg_x10,-195,min_se_deg_x10,5,min_mV_x10,126,rms_mV_x10,25,med_se_mV_x10,4,curv_x100,1_272,curv_model_pct,6_649,flat2_deg_x10,14
[2026-09-21T22:42:40.017] Cog0  BS-CLIFF,motor,RIGHT,speed,QTR,sign,POS,found,FALSE,last_good_deg,NA,first_fault_deg,NA,edge_deg_x10,NA,margin_deg_x10,NA,margin_from_fit,FALSE,edge_res_deg_x10,NA
[2026-09-21T22:42:40.019] Cog0  BS-LEG,motor,RIGHT,speed,QTR,sign,POS,served_by,OFFSET_REV,pts,15,faults,0,aborts_i,1,ref_start_mV_x10,946,ref_end_mV_x10,945,drift_pct_x10,-8,drift_flag,FALSE,exit,DONE,ref_start_net_mV_x10,944,ref_end_net_mV_x10,936
[2026-09-21T22:42:40.035] Cog0  BS-ARC,motor,RIGHT,speed,QTR,sign,POS,arc_lo_deg,-53,arc_hi_deg,-3,arc_deg,50,bound_lo,CURRENT,bound_hi,RISE,circle_deg,360
[2026-09-21T22:42:41.033] Cog0  BS-ZERO,motor,RIGHT,phase,REF_START,samples,200,i_mean_mV_x10,10,i_min_mV,-1,i_max_mV,4,frozen,FALSE,in_band,TRUE,health_ok,NA,u_mV_x10,547,v_mV_x10,514,w_mV_x10,538
[2026-09-21T22:42:41.033] Cog0  MOT:  offset_fwd_degrees = 43, offset_fwd = $1E93_E93E
[2026-09-21T22:42:41.034] Cog0   (ind)offset_rev_degrees = 317, offset_rev = $E16C_16C1
[2026-09-21T22:42:41.050] Cog3  -MOT- inincr = -36_750_000 nTgtIncr = $7DCF_3D50 0 sync = 0
[2026-09-21T22:42:45.725] Cog3  -MOT- inincr = 0 nTgtIncr = $0000_0000 0 sync = 0
[2026-09-21T22:42:46.100] Cog0  BS-POINT,seq,117,motor,RIGHT,speed,QTR,incre,-36_750_000,phase,REF_START,neg_deg,43,pos_deg,317,swept_deg,43,result,OK,steady_ms,922,ticks,270,win_ms,2_751,rate_x10,981,rate_ok,TRUE,samples,544,i_mean_mV_x10,1_753,i_se_mV_x10,22
[2026-09-21T22:42:46.103] Cog0  BS-POINT2,seq,117,motor,RIGHT,incre,-36_750_000,i_halfA_mV_x10,1_745,i_halfB_mV_x10,1_760,unsettled,FALSE,i_min_mV,153,i_max_mV,200,duty_mean,8_400,err_mean,-48,missed_d,0,illegal_d,0,fault,FALSE,abort_i,FALSE,charge_mVs,684,drv_state,1
[2026-09-21T22:42:46.119] Cog0  BS-POINT3,seq,117,motor,RIGHT,zero_mV_x10,10,net_mV_x10,1_743,span_ms,4_676,span_rate_x10,853,follow_pct,87,span_duty_mean,7_348,span_duty_max,8_604,drv_follow_pct,1,drv_meas_tps,98,drv_cmd_tps,5_640
[2026-09-21T22:42:47.618] Cog0  BS-ZERO,motor,RIGHT,phase,COARSE,samples,200,i_mean_mV_x10,9,i_min_mV,-1,i_max_mV,4,frozen,FALSE,in_band,TRUE,health_ok,NA,u_mV_x10,544,v_mV_x10,508,w_mV_x10,532
[2026-09-21T22:42:47.618] Cog0  MOT:  offset_fwd_degrees = 33, offset_fwd = $1777_7777
[2026-09-21T22:42:47.619] Cog0   (ind)offset_rev_degrees = 317, offset_rev = $E16C_16C1
[2026-09-21T22:42:47.635] Cog3  -MOT- inincr = -36_750_000 nTgtIncr = $7DCF_3D50 0 sync = 0
[2026-09-21T22:42:51.381] Cog3  -MOT- inincr = 0 nTgtIncr = $0000_0000 0 sync = 0
[2026-09-21T22:42:51.766] Cog0  BS-POINT,seq,118,motor,RIGHT,speed,QTR,incre,-36_750_000,phase,COARSE,neg_deg,33,pos_deg,317,swept_deg,33,result,OK,steady_ms,922,ticks,180,win_ms,1_830,rate_x10,983,rate_ok,TRUE,samples,362,i_mean_mV_x10,720,i_se_mV_x10,15
[2026-09-21T22:42:51.768] Cog0  BS-POINT2,seq,118,motor,RIGHT,incre,-36_750_000,i_halfA_mV_x10,720,i_halfB_mV_x10,720,unsettled,FALSE,i_min_mV,57,i_max_mV,88,duty_mean,7_200,err_mean,-48,missed_d,0,illegal_d,0,fault,FALSE,abort_i,FALSE,charge_mVs,221,drv_state,1
[2026-09-21T22:42:51.784] Cog0  BS-POINT3,seq,118,motor,RIGHT,zero_mV_x10,9,net_mV_x10,711,span_ms,3_755,span_rate_x10,822,follow_pct,83,span_duty_mean,6_158,span_duty_max,7_385,drv_follow_pct,1,drv_meas_tps,98,drv_cmd_tps,5_640
[2026-09-21T22:42:53.283] Cog0  BS-ZERO,motor,RIGHT,phase,COARSE,samples,200,i_mean_mV_x10,9,i_min_mV,-1,i_max_mV,4,frozen,FALSE,in_band,TRUE,health_ok,NA,u_mV_x10,547,v_mV_x10,509,w_mV_x10,541
[2026-09-21T22:42:53.283] Cog0  MOT:  offset_fwd_degrees = 23, offset_fwd = $105B_05B0
[2026-09-21T22:42:53.284] Cog0   (ind)offset_rev_degrees = 317, offset_rev = $E16C_16C1
[2026-09-21T22:42:53.300] Cog3  -MOT- inincr = -36_750_000 nTgtIncr = $7DCF_3D50 0 sync = 0
[2026-09-21T22:42:57.062] Cog3  -MOT- inincr = 0 nTgtIncr = $0000_0000 0 sync = 0
[2026-09-21T22:42:57.446] Cog0  BS-POINT,seq,119,motor,RIGHT,speed,QTR,incre,-36_750_000,phase,COARSE,neg_deg,23,pos_deg,317,swept_deg,23,result,OK,steady_ms,937,ticks,180,win_ms,1_831,rate_x10,983,rate_ok,TRUE,samples,362,i_mean_mV_x10,270,i_se_mV_x10,6
[2026-09-21T22:42:57.448] Cog0  BS-POINT2,seq,119,motor,RIGHT,incre,-36_750_000,i_halfA_mV_x10,270,i_halfB_mV_x10,270,unsettled,FALSE,i_min_mV,18,i_max_mV,34,duty_mean,6_486,err_mean,-48,missed_d,0,illegal_d,0,fault,FALSE,abort_i,FALSE,charge_mVs,92,drv_state,1
[2026-09-21T22:42:57.464] Cog0  BS-POINT3,seq,119,motor,RIGHT,zero_mV_x10,9,net_mV_x10,261,span_ms,3_771,span_rate_x10,822,follow_pct,83,span_duty_mean,5_609,span_duty_max,6_924,drv_follow_pct,1,drv_meas_tps,98,drv_cmd_tps,5_640
[2026-09-21T22:42:58.963] Cog0  BS-ZERO,motor,RIGHT,phase,COARSE,samples,200,i_mean_mV_x10,8,i_min_mV,-2,i_max_mV,3,frozen,FALSE,in_band,TRUE,health_ok,NA,u_mV_x10,541,v_mV_x10,503,w_mV_x10,545
[2026-09-21T22:42:58.964] Cog0  MOT:  offset_fwd_degrees = 13, offset_fwd = $093E_93E9
[2026-09-21T22:42:58.964] Cog0   (ind)offset_rev_degrees = 317, offset_rev = $E16C_16C1
[2026-09-21T22:42:58.980] Cog3  -MOT- inincr = -36_750_000 nTgtIncr = $7DCF_3D50 0 sync = 0
[2026-09-21T22:43:02.774] Cog3  -MOT- inincr = 0 nTgtIncr = $0000_0000 0 sync = 0
[2026-09-21T22:43:03.150] Cog0  BS-POINT,seq,120,motor,RIGHT,speed,QTR,incre,-36_750_000,phase,COARSE,neg_deg,13,pos_deg,317,swept_deg,13,result,OK,steady_ms,958,ticks,180,win_ms,1_835,rate_x10,980,rate_ok,TRUE,samples,363,i_mean_mV_x10,178,i_se_mV_x10,3
[2026-09-21T22:43:03.153] Cog0  BS-POINT2,seq,120,motor,RIGHT,incre,-36_750_000,i_halfA_mV_x10,178,i_halfB_mV_x10,178,unsettled,FALSE,i_min_mV,7,i_max_mV,38,duty_mean,6_309,err_mean,-48,missed_d,0,illegal_d,0,fault,FALSE,abort_i,FALSE,charge_mVs,73,drv_state,1
[2026-09-21T22:43:03.169] Cog0  BS-POINT3,seq,120,motor,RIGHT,zero_mV_x10,8,net_mV_x10,170,span_ms,3_796,span_rate_x10,819,follow_pct,83,span_duty_mean,5_478,span_duty_max,7_318,drv_follow_pct,1,drv_meas_tps,98,drv_cmd_tps,5_640
[2026-09-21T22:43:04.668] Cog0  BS-ZERO,motor,RIGHT,phase,COARSE,samples,200,i_mean_mV_x10,13,i_min_mV,0,i_max_mV,4,frozen,FALSE,in_band,TRUE,health_ok,NA,u_mV_x10,540,v_mV_x10,504,w_mV_x10,535
[2026-09-21T22:43:04.668] Cog0  MOT:  offset_fwd_degrees = 3, offset_fwd = $0222_2222
[2026-09-21T22:43:04.669] Cog0   (ind)offset_rev_degrees = 317, offset_rev = $E16C_16C1
[2026-09-21T22:43:04.685] Cog3  -MOT- inincr = -36_750_000 nTgtIncr = $7DCF_3D50 0 sync = 0
[2026-09-21T22:43:08.479] Cog3  -MOT- inincr = 0 nTgtIncr = $0000_0000 0 sync = 0
[2026-09-21T22:43:08.865] Cog0  BS-POINT,seq,121,motor,RIGHT,speed,QTR,incre,-36_750_000,phase,COARSE,neg_deg,3,pos_deg,317,swept_deg,3,result,OK,steady_ms,978,ticks,180,win_ms,1_825,rate_x10,986,rate_ok,TRUE,samples,361,i_mean_mV_x10,228,i_se_mV_x10,5
[2026-09-21T22:43:08.867] Cog0  BS-POINT2,seq,121,motor,RIGHT,incre,-36_750_000,i_halfA_mV_x10,230,i_halfB_mV_x10,227,unsettled,FALSE,i_min_mV,3,i_max_mV,63,duty_mean,6_243,err_mean,-46,missed_d,0,illegal_d,0,fault,FALSE,abort_i,FALSE,charge_mVs,106,drv_state,1
[2026-09-21T22:43:08.883] Cog0  BS-POINT3,seq,121,motor,RIGHT,zero_mV_x10,13,net_mV_x10,215,span_ms,3_806,span_rate_x10,817,follow_pct,83,span_duty_mean,5_450,span_duty_max,8_702,drv_follow_pct,1,drv_meas_tps,98,drv_cmd_tps,5_640
[2026-09-21T22:43:10.382] Cog0  BS-ZERO,motor,RIGHT,phase,COARSE,samples,200,i_mean_mV_x10,3,i_min_mV,-2,i_max_mV,3,frozen,FALSE,in_band,TRUE,health_ok,NA,u_mV_x10,541,v_mV_x10,513,w_mV_x10,544
[2026-09-21T22:43:10.383] Cog0  MOT:  offset_fwd_degrees = 353, offset_fwd = $FB05_B05B
[2026-09-21T22:43:10.384] Cog0   (ind)offset_rev_degrees = 317, offset_rev = $E16C_16C1
[2026-09-21T22:43:10.400] Cog3  -MOT- inincr = -36_750_000 nTgtIncr = $7DCF_3D50 0 sync = 0
[2026-09-21T22:43:14.242] Cog3  -MOT- inincr = 0 nTgtIncr = $0000_0000 0 sync = 0
[2026-09-21T22:43:14.626] Cog0  BS-POINT,seq,122,motor,RIGHT,speed,QTR,incre,-36_750_000,phase,COARSE,neg_deg,353,pos_deg,317,swept_deg,-7,result,OK,steady_ms,1_003,ticks,180,win_ms,1_846,rate_x10,975,rate_ok,TRUE,samples,365,i_mean_mV_x10,1_511,i_se_mV_x10,92
[2026-09-21T22:43:14.628] Cog0  BS-POINT2,seq,122,motor,RIGHT,incre,-36_750_000,i_halfA_mV_x10,1_522,i_halfB_mV_x10,1_500,unsettled,FALSE,i_min_mV,4,i_max_mV,526,duty_mean,7_434,err_mean,-38,missed_d,0,illegal_d,0,fault,FALSE,abort_i,FALSE,charge_mVs,480,drv_state,1
[2026-09-21T22:43:14.644] Cog0  BS-POINT3,seq,122,motor,RIGHT,zero_mV_x10,3,net_mV_x10,1_508,span_ms,3_852,span_rate_x10,807,follow_pct,82,span_duty_mean,6_323,span_duty_max,11_107,drv_follow_pct,1,drv_meas_tps,97,drv_cmd_tps,5_640
[2026-09-21T22:43:15.147] Cog0  BS-WALK,motor,RIGHT,speed,QTR,sign,NEG,side,DOWN,pts,5,last_swept_deg,-7,stop,RISE,low_swept_deg,13,low_mV_x10,178,low_net_mV_x10,170
[2026-09-21T22:43:16.145] Cog0  BS-ZERO,motor,RIGHT,phase,COARSE,samples,200,i_mean_mV_x10,4,i_min_mV,-1,i_max_mV,3,frozen,FALSE,in_band,TRUE,health_ok,NA,u_mV_x10,544,v_mV_x10,509,w_mV_x10,538
[2026-09-21T22:43:16.145] Cog0  MOT:  offset_fwd_degrees = 53, offset_fwd = $25B0_5B05
[2026-09-21T22:43:16.146] Cog0   (ind)offset_rev_degrees = 317, offset_rev = $E16C_16C1
[2026-09-21T22:43:16.161] Cog3  -MOT- inincr = -36_750_000 nTgtIncr = $7DCF_3D50 0 sync = 0
[2026-09-21T22:43:19.907] Cog3  -MOT- inincr = 0 nTgtIncr = $0000_0000 0 sync = 0
[2026-09-21T22:43:20.292] Cog0  BS-POINT,seq,123,motor,RIGHT,speed,QTR,incre,-36_750_000,phase,COARSE,neg_deg,53,pos_deg,317,swept_deg,53,result,OK,steady_ms,923,ticks,180,win_ms,1_830,rate_x10,983,rate_ok,TRUE,samples,362,i_mean_mV_x10,4_045,i_se_mV_x10,46
[2026-09-21T22:43:20.294] Cog0  BS-POINT2,seq,123,motor,RIGHT,incre,-36_750_000,i_halfA_mV_x10,4_050,i_halfB_mV_x10,4_040,unsettled,FALSE,i_min_mV,370,i_max_mV,447,duty_mean,10_379,err_mean,-48,missed_d,0,illegal_d,0,fault,FALSE,abort_i,FALSE,charge_mVs,1_198,drv_state,1
[2026-09-21T22:43:20.311] Cog0  BS-POINT3,seq,123,motor,RIGHT,zero_mV_x10,4,net_mV_x10,4_041,span_ms,3_756,span_rate_x10,822,follow_pct,83,span_duty_mean,8_654,span_duty_max,10_640,drv_follow_pct,1,drv_meas_tps,99,drv_cmd_tps,5_640
[2026-09-21T22:43:21.810] Cog0  BS-ZERO,motor,RIGHT,phase,COARSE,samples,200,i_mean_mV_x10,4,i_min_mV,-1,i_max_mV,3,frozen,FALSE,in_band,TRUE,health_ok,NA,u_mV_x10,548,v_mV_x10,495,w_mV_x10,538
[2026-09-21T22:43:21.810] Cog0  MOT:  offset_fwd_degrees = 63, offset_fwd = $2CCC_CCCC
[2026-09-21T22:43:21.811] Cog0   (ind)offset_rev_degrees = 317, offset_rev = $E16C_16C1
[2026-09-21T22:43:21.826] Cog3  -MOT- inincr = -36_750_000 nTgtIncr = $7DCF_3D50 0 sync = 0
[2026-09-21T22:43:22.938] Cog0  BS-POINT,seq,124,motor,RIGHT,speed,QTR,incre,-36_750_000,phase,COARSE,neg_deg,63,pos_deg,317,swept_deg,63,result,ABORT_I,steady_ms,922,ticks,NA,win_ms,NA,rate_x10,NA,rate_ok,FALSE,samples,NA,i_mean_mV_x10,NA,i_se_mV_x10,NA
[2026-09-21T22:43:22.940] Cog0  BS-POINT2,seq,124,motor,RIGHT,incre,-36_750_000,i_halfA_mV_x10,NA,i_halfB_mV_x10,NA,unsettled,FALSE,i_min_mV,NA,i_max_mV,NA,duty_mean,NA,err_mean,NA,missed_d,NA,illegal_d,NA,fault,FALSE,abort_i,TRUE,charge_mVs,214,drv_state,3
[2026-09-21T22:43:22.942] Cog0  BS-POINT3,seq,124,motor,RIGHT,zero_mV_x10,4,net_mV_x10,NA,span_ms,1_122,span_rate_x10,445,follow_pct,45,span_duty_mean,5_558,span_duty_max,12_971,drv_follow_pct,NA,drv_meas_tps,NA,drv_cmd_tps,NA
[2026-09-21T22:43:22.946] Cog0  BS-ABORT,scope,POINT,reason,ABORT_I,motor,RIGHT,incre,-36_750_000,seq,124,value,788,elapsed_s,729
[2026-09-21T22:43:22.946] Cog0  *VAL* legalBasePin = 16
[2026-09-21T22:43:22.948] Cog0  *VAL* legalVoltage = 6
[2026-09-21T22:43:22.948] Cog0  *VAL* legalMode = 30
[2026-09-21T22:43:22.949] Cog0  --- pinSum = 94, 64010 Rev B, highTimeUs = 72
[2026-09-21T22:43:22.949] Cog0  MOT: fwdDegrees = 14, offset_fwd = $09F4_9F49
[2026-09-21T22:43:22.949] Cog0       revDegrees = 338, offset_rev = $F05B_05B0
[2026-09-21T22:43:22.949] Cog0   - Calc FRAME: frame_cnt = 6_136
[2026-09-21T22:43:22.950] Cog0  * init values dead_gap = 70, pwm_limit = 3_033, adc_fram = 6_136, duty_min = 1_600, duty_max = 24_264
[2026-09-21T22:43:22.950] Cog0  *      values duty_up = 18, duty_dn = 4, cfg_ctcks = 135_000
[2026-09-21T22:43:22.950] Cog0  * ENTRY CFG userVoltage = 6, index = 6
[2026-09-21T22:43:22.951] Cog0  * EXIT 2 CFG eUserSelectedVolts = 6 maxFwdIncreAtPwr = 147_000_000 minFwdIncreAtPwr = 544_628
[2026-09-21T22:43:22.951] Cog0  -MOT- inincr = 0 nTgtIncr = $0000_0000 0 sync = 0
[2026-09-21T22:43:22.951] Cog0  * Motor COG #2
[2026-09-21T22:43:22.952] Cog2  INIT $0000_8E3A $0000_DCAF load
[2026-09-21T22:43:22.952] Cog3  INIT $0000_0FA8 $0000_D87F jump
[2026-09-21T22:43:22.968] Cog0  * Front COG #3
[2026-09-21T22:43:23.964] Cog0  BLDC: getBoardType() driver running, not measured; returning revision recorded at start 22
[2026-09-21T22:43:23.964] Cog0  MOT:  offset_fwd_degrees = 43, offset_fwd = $1E93_E93E
[2026-09-21T22:43:23.965] Cog0   (ind)offset_rev_degrees = 317, offset_rev = $E16C_16C1
[2026-09-21T22:43:23.981] Cog0  BS-START,motor,RIGHT,base,16,cog,2,cog_ok,TRUE,board_rev,22,rev_b,TRUE,board_id,REV_B,init_neg_deg,14,init_pos_deg,338,neg_deg,43,pos_deg,317,offsets_ok,TRUE,missed,0,illegal,0,integ_ok,TRUE,result,OK
[2026-09-21T22:43:24.470] Cog0  BS-WALK,motor,RIGHT,speed,QTR,sign,NEG,side,UP,pts,2,last_swept_deg,63,stop,RISE,low_swept_deg,13,low_mV_x10,178,low_net_mV_x10,170
[2026-09-21T22:43:24.486] Cog0  BS-BRACKET,motor,RIGHT,speed,QTR,sign,NEG,low_swept_deg,13,low_mV_x10,178,below_ok,TRUE,above_ok,TRUE,bracketed,TRUE,reason,OK,low_net_mV_x10,170
[2026-09-21T22:43:25.484] Cog0  BS-ZERO,motor,RIGHT,phase,FINE,samples,200,i_mean_mV_x10,12,i_min_mV,-1,i_max_mV,4,frozen,FALSE,in_band,TRUE,health_ok,NA,u_mV_x10,553,v_mV_x10,509,w_mV_x10,515
[2026-09-21T22:43:25.484] Cog0  MOT:  offset_fwd_degrees = 13, offset_fwd = $093E_93E9
[2026-09-21T22:43:25.485] Cog0   (ind)offset_rev_degrees = 317, offset_rev = $E16C_16C1
[2026-09-21T22:43:25.500] Cog3  -MOT- inincr = -36_750_000 nTgtIncr = $7DCF_3D50 0 sync = 0
[2026-09-21T22:43:30.207] Cog3  -MOT- inincr = 0 nTgtIncr = $0000_0000 0 sync = 0
[2026-09-21T22:43:30.587] Cog0  BS-POINT,seq,125,motor,RIGHT,speed,QTR,incre,-36_750_000,phase,FINE,neg_deg,13,pos_deg,317,swept_deg,13,result,OK,steady_ms,963,ticks,270,win_ms,2_745,rate_x10,983,rate_ok,TRUE,samples,543,i_mean_mV_x10,173,i_se_mV_x10,3
[2026-09-21T22:43:30.590] Cog0  BS-POINT2,seq,125,motor,RIGHT,incre,-36_750_000,i_halfA_mV_x10,171,i_halfB_mV_x10,175,unsettled,FALSE,i_min_mV,7,i_max_mV,34,duty_mean,6_315,err_mean,-47,missed_d,0,illegal_d,0,fault,FALSE,abort_i,FALSE,charge_mVs,87,drv_state,1
[2026-09-21T22:43:30.606] Cog0  BS-POINT3,seq,125,motor,RIGHT,zero_mV_x10,12,net_mV_x10,161,span_ms,4_711,span_rate_x10,851,follow_pct,86,span_duty_mean,5_645,span_duty_max,7_266,drv_follow_pct,1,drv_meas_tps,98,drv_cmd_tps,5_640
[2026-09-21T22:43:32.105] Cog0  BS-ZERO,motor,RIGHT,phase,FINE,samples,200,i_mean_mV_x10,11,i_min_mV,-1,i_max_mV,4,frozen,FALSE,in_band,TRUE,health_ok,NA,u_mV_x10,547,v_mV_x10,515,w_mV_x10,517
[2026-09-21T22:43:32.105] Cog0  MOT:  offset_fwd_degrees = 23, offset_fwd = $105B_05B0
[2026-09-21T22:43:32.106] Cog0   (ind)offset_rev_degrees = 317, offset_rev = $E16C_16C1
[2026-09-21T22:43:32.122] Cog3  -MOT- inincr = -36_750_000 nTgtIncr = $7DCF_3D50 0 sync = 0
[2026-09-21T22:43:36.797] Cog3  -MOT- inincr = 0 nTgtIncr = $0000_0000 0 sync = 0
[2026-09-21T22:43:37.172] Cog0  BS-POINT,seq,126,motor,RIGHT,speed,QTR,incre,-36_750_000,phase,FINE,neg_deg,23,pos_deg,317,swept_deg,23,result,OK,steady_ms,932,ticks,270,win_ms,2_741,rate_x10,985,rate_ok,TRUE,samples,542,i_mean_mV_x10,266,i_se_mV_x10,4
[2026-09-21T22:43:37.174] Cog0  BS-POINT2,seq,126,motor,RIGHT,incre,-36_750_000,i_halfA_mV_x10,266,i_halfB_mV_x10,266,unsettled,FALSE,i_min_mV,17,i_max_mV,34,duty_mean,6_489,err_mean,-48,missed_d,0,illegal_d,0,fault,FALSE,abort_i,FALSE,charge_mVs,114,drv_state,1
[2026-09-21T22:43:37.191] Cog0  BS-POINT3,seq,126,motor,RIGHT,zero_mV_x10,11,net_mV_x10,255,span_ms,4_676,span_rate_x10,853,follow_pct,87,span_duty_mean,5_782,span_duty_max,7_138,drv_follow_pct,1,drv_meas_tps,98,drv_cmd_tps,5_640
[2026-09-21T22:43:38.689] Cog0  BS-ZERO,motor,RIGHT,phase,FINE,samples,200,i_mean_mV_x10,5,i_min_mV,-2,i_max_mV,4,frozen,FALSE,in_band,TRUE,health_ok,NA,u_mV_x10,542,v_mV_x10,513,w_mV_x10,518
[2026-09-21T22:43:38.689] Cog0  MOT:  offset_fwd_degrees = 3, offset_fwd = $0222_2222
[2026-09-21T22:43:38.691] Cog0   (ind)offset_rev_degrees = 317, offset_rev = $E16C_16C1
[2026-09-21T22:43:38.706] Cog3  -MOT- inincr = -36_750_000 nTgtIncr = $7DCF_3D50 0 sync = 0
[2026-09-21T22:43:43.413] Cog3  -MOT- inincr = 0 nTgtIncr = $0000_0000 0 sync = 0
[2026-09-21T22:43:43.797] Cog0  BS-POINT,seq,127,motor,RIGHT,speed,QTR,incre,-36_750_000,phase,FINE,neg_deg,3,pos_deg,317,swept_deg,3,result,OK,steady_ms,972,ticks,270,win_ms,2_741,rate_x10,985,rate_ok,TRUE,samples,542,i_mean_mV_x10,224,i_se_mV_x10,4
[2026-09-21T22:43:43.800] Cog0  BS-POINT2,seq,127,motor,RIGHT,incre,-36_750_000,i_halfA_mV_x10,226,i_halfB_mV_x10,223,unsettled,FALSE,i_min_mV,4,i_max_mV,60,duty_mean,6_249,err_mean,-46,missed_d,0,illegal_d,0,fault,FALSE,abort_i,FALSE,charge_mVs,123,drv_state,1
[2026-09-21T22:43:43.816] Cog0  BS-POINT3,seq,127,motor,RIGHT,zero_mV_x10,5,net_mV_x10,219,span_ms,4_716,span_rate_x10,850,follow_pct,86,span_duty_mean,5_602,span_duty_max,8_682,drv_follow_pct,1,drv_meas_tps,99,drv_cmd_tps,5_640
[2026-09-21T22:43:45.315] Cog0  BS-ZERO,motor,RIGHT,phase,FINE,samples,200,i_mean_mV_x10,5,i_min_mV,-2,i_max_mV,4,frozen,FALSE,in_band,TRUE,health_ok,NA,u_mV_x10,546,v_mV_x10,519,w_mV_x10,525
[2026-09-21T22:43:45.315] Cog0  MOT:  offset_fwd_degrees = 18, offset_fwd = $0CCC_CCCC
[2026-09-21T22:43:45.316] Cog0   (ind)offset_rev_degrees = 317, offset_rev = $E16C_16C1
[2026-09-21T22:43:45.331] Cog3  -MOT- inincr = -36_750_000 nTgtIncr = $7DCF_3D50 0 sync = 0
[2026-09-21T22:43:50.022] Cog3  -MOT- inincr = 0 nTgtIncr = $0000_0000 0 sync = 0
[2026-09-21T22:43:50.397] Cog0  BS-POINT,seq,128,motor,RIGHT,speed,QTR,incre,-36_750_000,phase,FINE,neg_deg,18,pos_deg,317,swept_deg,18,result,OK,steady_ms,943,ticks,270,win_ms,2_745,rate_x10,983,rate_ok,TRUE,samples,543,i_mean_mV_x10,171,i_se_mV_x10,2
[2026-09-21T22:43:50.399] Cog0  BS-POINT2,seq,128,motor,RIGHT,incre,-36_750_000,i_halfA_mV_x10,174,i_halfB_mV_x10,168,unsettled,TRUE,i_min_mV,12,i_max_mV,23,duty_mean,6_265,err_mean,-49,missed_d,0,illegal_d,0,fault,FALSE,abort_i,FALSE,charge_mVs,82,drv_state,1
[2026-09-21T22:43:50.416] Cog0  BS-POINT3,seq,128,motor,RIGHT,zero_mV_x10,5,net_mV_x10,166,span_ms,4_691,span_rate_x10,852,follow_pct,86,span_duty_mean,5_608,span_duty_max,7_307,drv_follow_pct,1,drv_meas_tps,99,drv_cmd_tps,5_640
[2026-09-21T22:43:51.914] Cog0  BS-ZERO,motor,RIGHT,phase,FINE,samples,200,i_mean_mV_x10,13,i_min_mV,-1,i_max_mV,4,frozen,FALSE,in_band,TRUE,health_ok,NA,u_mV_x10,546,v_mV_x10,514,w_mV_x10,524
[2026-09-21T22:43:51.915] Cog0  MOT:  offset_fwd_degrees = 8, offset_fwd = $05B0_5B05
[2026-09-21T22:43:51.916] Cog0   (ind)offset_rev_degrees = 317, offset_rev = $E16C_16C1
[2026-09-21T22:43:51.931] Cog3  -MOT- inincr = -36_750_000 nTgtIncr = $7DCF_3D50 0 sync = 0
[2026-09-21T22:43:56.638] Cog3  -MOT- inincr = 0 nTgtIncr = $0000_0000 0 sync = 0
[2026-09-21T22:43:57.012] Cog0  BS-POINT,seq,129,motor,RIGHT,speed,QTR,incre,-36_750_000,phase,FINE,neg_deg,8,pos_deg,317,swept_deg,8,result,OK,steady_ms,963,ticks,270,win_ms,2_740,rate_x10,985,rate_ok,TRUE,samples,542,i_mean_mV_x10,183,i_se_mV_x10,2
[2026-09-21T22:43:57.014] Cog0  BS-POINT2,seq,129,motor,RIGHT,incre,-36_750_000,i_halfA_mV_x10,184,i_halfB_mV_x10,183,unsettled,FALSE,i_min_mV,6,i_max_mV,36,duty_mean,6_265,err_mean,-47,missed_d,0,illegal_d,0,fault,FALSE,abort_i,FALSE,charge_mVs,101,drv_state,1
[2026-09-21T22:43:57.030] Cog0  BS-POINT3,seq,129,motor,RIGHT,zero_mV_x10,13,net_mV_x10,170,span_ms,4_706,span_rate_x10,852,follow_pct,86,span_duty_mean,5_610,span_duty_max,8_355,drv_follow_pct,1,drv_meas_tps,99,drv_cmd_tps,5_640
[2026-09-21T22:43:58.529] Cog0  BS-ZERO,motor,RIGHT,phase,FINE,samples,200,i_mean_mV_x10,21,i_min_mV,0,i_max_mV,4,frozen,FALSE,in_band,TRUE,health_ok,NA,u_mV_x10,545,v_mV_x10,509,w_mV_x10,517
[2026-09-21T22:43:58.530] Cog0  MOT:  offset_fwd_degrees = 28, offset_fwd = $13E9_3E93
[2026-09-21T22:43:58.531] Cog0   (ind)offset_rev_degrees = 317, offset_rev = $E16C_16C1
[2026-09-21T22:43:58.546] Cog3  -MOT- inincr = -36_750_000 nTgtIncr = $7DCF_3D50 0 sync = 0
[2026-09-21T22:44:03.221] Cog3  -MOT- inincr = 0 nTgtIncr = $0000_0000 0 sync = 0
[2026-09-21T22:44:03.598] Cog0  BS-POINT,seq,130,motor,RIGHT,speed,QTR,incre,-36_750_000,phase,FINE,neg_deg,28,pos_deg,317,swept_deg,28,result,OK,steady_ms,927,ticks,270,win_ms,2_746,rate_x10,983,rate_ok,TRUE,samples,543,i_mean_mV_x10,456,i_se_mV_x10,6
[2026-09-21T22:44:03.601] Cog0  BS-POINT2,seq,130,motor,RIGHT,incre,-36_750_000,i_halfA_mV_x10,453,i_halfB_mV_x10,458,unsettled,FALSE,i_min_mV,35,i_max_mV,57,duty_mean,6_803,err_mean,-48,missed_d,0,illegal_d,0,fault,FALSE,abort_i,FALSE,charge_mVs,188,drv_state,1
[2026-09-21T22:44:03.617] Cog0  BS-POINT3,seq,130,motor,RIGHT,zero_mV_x10,21,net_mV_x10,435,span_ms,4_676,span_rate_x10,853,follow_pct,87,span_duty_mean,6_037,span_duty_max,6_983,drv_follow_pct,1,drv_meas_tps,98,drv_cmd_tps,5_640
[2026-09-21T22:44:05.116] Cog0  BS-ZERO,motor,RIGHT,phase,FINE,samples,200,i_mean_mV_x10,20,i_min_mV,0,i_max_mV,4,frozen,FALSE,in_band,TRUE,health_ok,NA,u_mV_x10,544,v_mV_x10,514,w_mV_x10,521
[2026-09-21T22:44:05.116] Cog0  MOT:  offset_fwd_degrees = 358, offset_fwd = $FE93_E93E
[2026-09-21T22:44:05.117] Cog0   (ind)offset_rev_degrees = 317, offset_rev = $E16C_16C1
[2026-09-21T22:44:05.133] Cog3  -MOT- inincr = -36_750_000 nTgtIncr = $7DCF_3D50 0 sync = 0
[2026-09-21T22:44:09.871] Cog3  -MOT- inincr = 0 nTgtIncr = $0000_0000 0 sync = 0
[2026-09-21T22:44:10.244] Cog0  BS-POINT,seq,131,motor,RIGHT,speed,QTR,incre,-36_750_000,phase,FINE,neg_deg,358,pos_deg,317,swept_deg,-2,result,OK,steady_ms,978,ticks,270,win_ms,2_756,rate_x10,979,rate_ok,TRUE,samples,545,i_mean_mV_x10,431,i_se_mV_x10,12
[2026-09-21T22:44:10.247] Cog0  BS-POINT2,seq,131,motor,RIGHT,incre,-36_750_000,i_halfA_mV_x10,411,i_halfB_mV_x10,450,unsettled,TRUE,i_min_mV,4,i_max_mV,163,duty_mean,6_383,err_mean,-44,missed_d,0,illegal_d,0,fault,FALSE,abort_i,FALSE,charge_mVs,216,drv_state,1
[2026-09-21T22:44:10.262] Cog0  BS-POINT3,seq,131,motor,RIGHT,zero_mV_x10,20,net_mV_x10,411,span_ms,4_737,span_rate_x10,848,follow_pct,86,span_duty_mean,5_736,span_duty_max,9_276,drv_follow_pct,1,drv_meas_tps,98,drv_cmd_tps,5_640
[2026-09-21T22:44:11.763] Cog0  BS-ZERO,motor,RIGHT,phase,REF_END,samples,200,i_mean_mV_x10,20,i_min_mV,0,i_max_mV,4,frozen,FALSE,in_band,TRUE,health_ok,NA,u_mV_x10,544,v_mV_x10,512,w_mV_x10,520
[2026-09-21T22:44:11.763] Cog0  MOT:  offset_fwd_degrees = 43, offset_fwd = $1E93_E93E
[2026-09-21T22:44:11.764] Cog0   (ind)offset_rev_degrees = 317, offset_rev = $E16C_16C1
[2026-09-21T22:44:11.780] Cog3  -MOT- inincr = -36_750_000 nTgtIncr = $7DCF_3D50 0 sync = 0
[2026-09-21T22:44:16.455] Cog3  -MOT- inincr = 0 nTgtIncr = $0000_0000 0 sync = 0
[2026-09-21T22:44:16.832] Cog0  BS-POINT,seq,132,motor,RIGHT,speed,QTR,incre,-36_750_000,phase,REF_END,neg_deg,43,pos_deg,317,swept_deg,43,result,OK,steady_ms,922,ticks,270,win_ms,2_750,rate_x10,981,rate_ok,TRUE,samples,544,i_mean_mV_x10,1_757,i_se_mV_x10,20
[2026-09-21T22:44:16.834] Cog0  BS-POINT2,seq,132,motor,RIGHT,incre,-36_750_000,i_halfA_mV_x10,1_746,i_halfB_mV_x10,1_769,unsettled,FALSE,i_min_mV,153,i_max_mV,209,duty_mean,8_401,err_mean,-48,missed_d,0,illegal_d,0,fault,FALSE,abort_i,FALSE,charge_mVs,689,drv_state,1
[2026-09-21T22:44:16.851] Cog0  BS-POINT3,seq,132,motor,RIGHT,zero_mV_x10,20,net_mV_x10,1_737,span_ms,4_675,span_rate_x10,853,follow_pct,87,span_duty_mean,7_356,span_duty_max,8_613,drv_follow_pct,1,drv_meas_tps,98,drv_cmd_tps,5_640
[2026-09-21T22:44:17.339] Cog0  BS-FIT,motor,RIGHT,speed,QTR,sign,NEG,status,OK,n,7,centre_deg,13,span_lo_deg,-2,span_hi_deg,28,extended,FALSE,pinned,FALSE
[2026-09-21T22:44:17.340] Cog0  BS-FIT2,motor,RIGHT,speed,QTR,sign,NEG,min_deg_x10,126,min_se_deg_x10,3,min_mV_x10,137,rms_mV_x10,23,med_se_mV_x10,4,curv_x100,1_228,curv_model_pct,5_900,flat2_deg_x10,15
[2026-09-21T22:44:17.342] Cog0  BS-CLIFF,motor,RIGHT,speed,QTR,sign,NEG,found,FALSE,last_good_deg,NA,first_fault_deg,NA,edge_deg_x10,NA,margin_deg_x10,NA,margin_from_fit,FALSE,edge_res_deg_x10,NA
[2026-09-21T22:44:17.344] Cog0  BS-LEG,motor,RIGHT,speed,QTR,sign,NEG,served_by,OFFSET_FWD,pts,16,faults,0,aborts_i,1,ref_start_mV_x10,1_753,ref_end_mV_x10,1_757,drift_pct_x10,-3,drift_flag,FALSE,exit,DONE,ref_start_net_mV_x10,1_743,ref_end_net_mV_x10,1_737
[2026-09-21T22:44:17.352] Cog0  BS-ARC,motor,RIGHT,speed,QTR,sign,NEG,arc_lo_deg,-7,arc_hi_deg,53,arc_deg,60,bound_lo,RISE,bound_hi,CURRENT,circle_deg,360
[2026-09-21T22:44:17.352] Cog0  *VAL* legalBasePin = 32
[2026-09-21T22:44:17.352] Cog0  *VAL* legalVoltage = 6
[2026-09-21T22:44:17.354] Cog0  *VAL* legalMode = 30
[2026-09-21T22:44:17.354] Cog0  --- pinSum = 95, 64010 Rev B, highTimeUs = 73
[2026-09-21T22:44:17.354] Cog0  MOT: fwdDegrees = 14, offset_fwd = $09F4_9F49
[2026-09-21T22:44:17.355] Cog0       revDegrees = 338, offset_rev = $F05B_05B0
[2026-09-21T22:44:17.355] Cog0   - Calc FRAME: frame_cnt = 6_136
[2026-09-21T22:44:17.356] Cog0  * init values dead_gap = 70, pwm_limit = 3_033, adc_fram = 6_136, duty_min = 1_600, duty_max = 24_264
[2026-09-21T22:44:17.356] Cog0  *      values duty_up = 18, duty_dn = 4, cfg_ctcks = 135_000
[2026-09-21T22:44:17.356] Cog0  * ENTRY CFG userVoltage = 6, index = 6
[2026-09-21T22:44:17.357] Cog0  * EXIT 2 CFG eUserSelectedVolts = 6 maxFwdIncreAtPwr = 147_000_000 minFwdIncreAtPwr = 544_628
[2026-09-21T22:44:17.357] Cog0  -MOT- inincr = 0 nTgtIncr = $0000_0000 0 sync = 0
[2026-09-21T22:44:17.357] Cog0  * Motor COG #2
[2026-09-21T22:44:17.357] Cog2  INIT $0000_8E3A $0000_D4C3 load
[2026-09-21T22:44:17.373] Cog3  INIT $0000_0FA8 $0000_D093 jump
[2026-09-21T22:44:17.373] Cog0  * Front COG #3
[2026-09-21T22:44:18.369] Cog0  BLDC: getBoardType() driver running, not measured; returning revision recorded at start 22
[2026-09-21T22:44:18.370] Cog0  MOT:  offset_fwd_degrees = 43, offset_fwd = $1E93_E93E
[2026-09-21T22:44:18.371] Cog0   (ind)offset_rev_degrees = 317, offset_rev = $E16C_16C1
[2026-09-21T22:44:18.387] Cog0  BS-START,motor,LEFT,base,32,cog,2,cog_ok,TRUE,board_rev,22,rev_b,TRUE,board_id,REV_B,init_neg_deg,14,init_pos_deg,338,neg_deg,43,pos_deg,317,offsets_ok,TRUE,missed,0,illegal,0,integ_ok,TRUE,result,OK
[2026-09-21T22:44:19.386] Cog0  BS-ZERO,motor,LEFT,phase,REF_START,samples,200,i_mean_mV_x10,93,i_min_mV,8,i_max_mV,12,frozen,FALSE,in_band,TRUE,health_ok,NA,u_mV_x10,505,v_mV_x10,591,w_mV_x10,585
[2026-09-21T22:44:19.386] Cog0  MOT:  offset_fwd_degrees = 43, offset_fwd = $1E93_E93E
[2026-09-21T22:44:19.388] Cog0   (ind)offset_rev_degrees = 317, offset_rev = $E16C_16C1
[2026-09-21T22:44:19.403] Cog3  -MOT- inincr = -73_500_000 nTgtIncr = $7B9E_7AA0 0 sync = 0
[2026-09-21T22:44:24.462] Cog3  -MOT- inincr = 0 nTgtIncr = $0000_0000 0 sync = 0
[2026-09-21T22:44:25.232] Cog0  BS-POINT,seq,133,motor,LEFT,speed,HALF,incre,-73_500_000,phase,REF_START,neg_deg,43,pos_deg,317,swept_deg,43,result,OK,steady_ms,1_320,ticks,540,win_ms,2_745,rate_x10,1_967,rate_ok,TRUE,samples,543,i_mean_mV_x10,9_695,i_se_mV_x10,47
[2026-09-21T22:44:25.235] Cog0  BS-POINT2,seq,133,motor,LEFT,incre,-73_500_000,i_halfA_mV_x10,9_714,i_halfB_mV_x10,9_677,unsettled,FALSE,i_min_mV,884,i_max_mV,1_064,duty_mean,18_978,err_mean,-48,missed_d,0,illegal_d,0,fault,FALSE,abort_i,FALSE,charge_mVs,3_786,drv_state,1
[2026-09-21T22:44:25.252] Cog0  BS-POINT3,seq,133,motor,LEFT,zero_mV_x10,93,net_mV_x10,9_602,span_ms,5_069,span_rate_x10,1_627,follow_pct,83,span_duty_mean,15_374,span_duty_max,19_123,drv_follow_pct,3,drv_meas_tps,197,drv_cmd_tps,5_542
[2026-09-21T22:44:26.750] Cog0  BS-ZERO,motor,LEFT,phase,COARSE,samples,200,i_mean_mV_x10,92,i_min_mV,7,i_max_mV,12,frozen,FALSE,in_band,TRUE,health_ok,NA,u_mV_x10,501,v_mV_x10,587,w_mV_x10,583
[2026-09-21T22:44:26.750] Cog0  MOT:  offset_fwd_degrees = 33, offset_fwd = $1777_7777
[2026-09-21T22:44:26.752] Cog0   (ind)offset_rev_degrees = 317, offset_rev = $E16C_16C1
[2026-09-21T22:44:26.768] Cog3  -MOT- inincr = -73_500_000 nTgtIncr = $7B9E_7AA0 0 sync = 0
[2026-09-21T22:44:30.001] Cog3  -MOT- inincr = 0 nTgtIncr = $0000_0000 0 sync = 0
[2026-09-21T22:44:30.762] Cog0  BS-POINT,seq,134,motor,LEFT,speed,HALF,incre,-73_500_000,phase,COARSE,neg_deg,33,pos_deg,317,swept_deg,33,result,OK,steady_ms,1_316,ticks,180,win_ms,915,rate_x10,1_967,rate_ok,TRUE,samples,181,i_mean_mV_x10,3_837,i_se_mV_x10,61
[2026-09-21T22:44:30.764] Cog0  BS-POINT2,seq,134,motor,LEFT,incre,-73_500_000,i_halfA_mV_x10,3_782,i_halfB_mV_x10,3_889,unsettled,FALSE,i_min_mV,347,i_max_mV,433,duty_mean,15_590,err_mean,-50,missed_d,0,illegal_d,0,fault,FALSE,abort_i,FALSE,charge_mVs,813,drv_state,1
[2026-09-21T22:44:30.781] Cog0  BS-POINT3,seq,134,motor,LEFT,zero_mV_x10,92,net_mV_x10,3_745,span_ms,3_234,span_rate_x10,1_434,follow_pct,73,span_duty_mean,11_242,span_duty_max,15_733,drv_follow_pct,3,drv_meas_tps,196,drv_cmd_tps,5_542
[2026-09-21T22:44:32.280] Cog0  BS-ZERO,motor,LEFT,phase,COARSE,samples,200,i_mean_mV_x10,94,i_min_mV,8,i_max_mV,12,frozen,FALSE,in_band,TRUE,health_ok,NA,u_mV_x10,500,v_mV_x10,589,w_mV_x10,581
[2026-09-21T22:44:32.280] Cog0  MOT:  offset_fwd_degrees = 23, offset_fwd = $105B_05B0
[2026-09-21T22:44:32.280] Cog0   (ind)offset_rev_degrees = 317, offset_rev = $E16C_16C1
[2026-09-21T22:44:32.297] Cog3  -MOT- inincr = -73_500_000 nTgtIncr = $7B9E_7AA0 0 sync = 0
[2026-09-21T22:44:35.530] Cog3  -MOT- inincr = 0 nTgtIncr = $0000_0000 0 sync = 0
[2026-09-21T22:44:36.299] Cog0  BS-POINT,seq,135,motor,LEFT,speed,HALF,incre,-73_500_000,phase,COARSE,neg_deg,23,pos_deg,317,swept_deg,23,result,OK,steady_ms,1_326,ticks,180,win_ms,915,rate_x10,1_967,rate_ok,TRUE,samples,181,i_mean_mV_x10,1_314,i_se_mV_x10,39
[2026-09-21T22:44:36.302] Cog0  BS-POINT2,seq,135,motor,LEFT,incre,-73_500_000,i_halfA_mV_x10,1_288,i_halfB_mV_x10,1_339,unsettled,FALSE,i_min_mV,106,i_max_mV,163,duty_mean,13_450,err_mean,-49,missed_d,0,illegal_d,0,fault,FALSE,abort_i,FALSE,charge_mVs,298,drv_state,1
[2026-09-21T22:44:36.318] Cog0  BS-POINT3,seq,135,motor,LEFT,zero_mV_x10,94,net_mV_x10,1_220,span_ms,3_244,span_rate_x10,1_433,follow_pct,73,span_duty_mean,9_885,span_duty_max,13_625,drv_follow_pct,3,drv_meas_tps,196,drv_cmd_tps,5_542
[2026-09-21T22:44:36.820] Cog0  BS-WALK,motor,LEFT,speed,HALF,sign,NEG,side,DOWN,pts,2,last_swept_deg,23,stop,DROOP,low_swept_deg,23,low_mV_x10,1_314,low_net_mV_x10,1_220
[2026-09-21T22:44:37.819] Cog0  BS-ZERO,motor,LEFT,phase,COARSE,samples,200,i_mean_mV_x10,93,i_min_mV,7,i_max_mV,12,frozen,FALSE,in_band,TRUE,health_ok,NA,u_mV_x10,496,v_mV_x10,583,w_mV_x10,585
[2026-09-21T22:44:37.819] Cog0  MOT:  offset_fwd_degrees = 53, offset_fwd = $25B0_5B05
[2026-09-21T22:44:37.819] Cog0   (ind)offset_rev_degrees = 317, offset_rev = $E16C_16C1
[2026-09-21T22:44:37.835] Cog3  -MOT- inincr = -73_500_000 nTgtIncr = $7B9E_7AA0 0 sync = 0
[2026-09-21T22:44:39.284] Cog0  BS-POINT,seq,136,motor,LEFT,speed,HALF,incre,-73_500_000,phase,COARSE,neg_deg,53,pos_deg,317,swept_deg,53,result,ABORT_I,steady_ms,1_320,ticks,NA,win_ms,NA,rate_x10,NA,rate_ok,FALSE,samples,NA,i_mean_mV_x10,NA,i_se_mV_x10,NA
[2026-09-21T22:44:39.286] Cog0  BS-POINT2,seq,136,motor,LEFT,incre,-73_500_000,i_halfA_mV_x10,NA,i_halfB_mV_x10,NA,unsettled,FALSE,i_min_mV,NA,i_max_mV,NA,duty_mean,NA,err_mean,NA,missed_d,NA,illegal_d,NA,fault,FALSE,abort_i,TRUE,charge_mVs,374,drv_state,3
[2026-09-21T22:44:39.287] Cog0  BS-POINT3,seq,136,motor,LEFT,zero_mV_x10,93,net_mV_x10,NA,span_ms,1_459,span_rate_x10,788,follow_pct,40,span_duty_mean,7_683,span_duty_max,20_647,drv_follow_pct,NA,drv_meas_tps,NA,drv_cmd_tps,NA
[2026-09-21T22:44:39.292] Cog0  BS-ABORT,scope,POINT,reason,ABORT_I,motor,LEFT,incre,-73_500_000,seq,136,value,1_301,elapsed_s,806
[2026-09-21T22:44:39.292] Cog0  *VAL* legalBasePin = 32
[2026-09-21T22:44:39.294] Cog0  *VAL* legalVoltage = 6
[2026-09-21T22:44:39.294] Cog0  *VAL* legalMode = 30
[2026-09-21T22:44:39.294] Cog0  --- pinSum = 95, 64010 Rev B, highTimeUs = 73
[2026-09-21T22:44:39.295] Cog0  MOT: fwdDegrees = 14, offset_fwd = $09F4_9F49
[2026-09-21T22:44:39.295] Cog0       revDegrees = 338, offset_rev = $F05B_05B0
[2026-09-21T22:44:39.295] Cog0   - Calc FRAME: frame_cnt = 6_136
[2026-09-21T22:44:39.296] Cog0  * init values dead_gap = 70, pwm_limit = 3_033, adc_fram = 6_136, duty_min = 1_600, duty_max = 24_264
[2026-09-21T22:44:39.296] Cog0  *      values duty_up = 18, duty_dn = 4, cfg_ctcks = 135_000
[2026-09-21T22:44:39.296] Cog0  * ENTRY CFG userVoltage = 6, index = 6
[2026-09-21T22:44:39.297] Cog0  * EXIT 2 CFG eUserSelectedVolts = 6 maxFwdIncreAtPwr = 147_000_000 minFwdIncreAtPwr = 544_628
[2026-09-21T22:44:39.297] Cog0  -MOT- inincr = 0 nTgtIncr = $0000_0000 0 sync = 0
[2026-09-21T22:44:39.297] Cog0  * Motor COG #2
[2026-09-21T22:44:39.298] Cog2  INIT $0000_8E3A $0000_D4C3 load
[2026-09-21T22:44:39.298] Cog3  INIT $0000_0FA8 $0000_D093 jump
[2026-09-21T22:44:39.314] Cog0  * Front COG #3
[2026-09-21T22:44:40.310] Cog0  BLDC: getBoardType() driver running, not measured; returning revision recorded at start 22
[2026-09-21T22:44:40.310] Cog0  MOT:  offset_fwd_degrees = 43, offset_fwd = $1E93_E93E
[2026-09-21T22:44:40.311] Cog0   (ind)offset_rev_degrees = 317, offset_rev = $E16C_16C1
[2026-09-21T22:44:40.328] Cog0  BS-START,motor,LEFT,base,32,cog,2,cog_ok,TRUE,board_rev,22,rev_b,TRUE,board_id,REV_B,init_neg_deg,14,init_pos_deg,338,neg_deg,43,pos_deg,317,offsets_ok,TRUE,missed,0,illegal,0,integ_ok,TRUE,result,OK
[2026-09-21T22:44:41.827] Cog0  BS-ZERO,motor,LEFT,phase,COARSE,samples,200,i_mean_mV_x10,82,i_min_mV,5,i_max_mV,11,frozen,FALSE,in_band,TRUE,health_ok,NA,u_mV_x10,493,v_mV_x10,590,w_mV_x10,571
[2026-09-21T22:44:41.827] Cog0  MOT:  offset_fwd_degrees = 63, offset_fwd = $2CCC_CCCC
[2026-09-21T22:44:41.828] Cog0   (ind)offset_rev_degrees = 317, offset_rev = $E16C_16C1
[2026-09-21T22:44:41.844] Cog3  -MOT- inincr = -73_500_000 nTgtIncr = $7B9E_7AA0 0 sync = 0
[2026-09-21T22:44:43.075] Cog0  BS-POINT,seq,137,motor,LEFT,speed,HALF,incre,-73_500_000,phase,COARSE,neg_deg,63,pos_deg,317,swept_deg,63,result,ABORT_I,steady_ms,1_243,ticks,NA,win_ms,NA,rate_x10,NA,rate_ok,FALSE,samples,NA,i_mean_mV_x10,NA,i_se_mV_x10,NA
[2026-09-21T22:44:43.077] Cog0  BS-POINT2,seq,137,motor,LEFT,incre,-73_500_000,i_halfA_mV_x10,NA,i_halfB_mV_x10,NA,unsettled,FALSE,i_min_mV,NA,i_max_mV,NA,duty_mean,NA,err_mean,NA,missed_d,NA,illegal_d,NA,fault,FALSE,abort_i,TRUE,charge_mVs,341,drv_state,2
[2026-09-21T22:44:43.079] Cog0  BS-POINT3,seq,137,motor,LEFT,zero_mV_x10,82,net_mV_x10,NA,span_ms,1_243,span_rate_x10,587,follow_pct,29,span_duty_mean,6_847,span_duty_max,19_096,drv_follow_pct,NA,drv_meas_tps,NA,drv_cmd_tps,NA
[2026-09-21T22:44:43.084] Cog0  BS-ABORT,scope,POINT,reason,ABORT_I,motor,LEFT,incre,-73_500_000,seq,137,value,1_249,elapsed_s,809
[2026-09-21T22:44:43.084] Cog0  *VAL* legalBasePin = 32
[2026-09-21T22:44:43.085] Cog0  *VAL* legalVoltage = 6
[2026-09-21T22:44:43.085] Cog0  *VAL* legalMode = 30
[2026-09-21T22:44:43.086] Cog0  --- pinSum = 95, 64010 Rev B, highTimeUs = 73
[2026-09-21T22:44:43.086] Cog0  MOT: fwdDegrees = 14, offset_fwd = $09F4_9F49
[2026-09-21T22:44:43.086] Cog0       revDegrees = 338, offset_rev = $F05B_05B0
[2026-09-21T22:44:43.087] Cog0   - Calc FRAME: frame_cnt = 6_136
[2026-09-21T22:44:43.087] Cog0  * init values dead_gap = 70, pwm_limit = 3_033, adc_fram = 6_136, duty_min = 1_600, duty_max = 24_264
[2026-09-21T22:44:43.087] Cog0  *      values duty_up = 18, duty_dn = 4, cfg_ctcks = 135_000
[2026-09-21T22:44:43.087] Cog0  * ENTRY CFG userVoltage = 6, index = 6
[2026-09-21T22:44:43.088] Cog0  * EXIT 2 CFG eUserSelectedVolts = 6 maxFwdIncreAtPwr = 147_000_000 minFwdIncreAtPwr = 544_628
[2026-09-21T22:44:43.089] Cog0  -MOT- inincr = 0 nTgtIncr = $0000_0000 0 sync = 0
[2026-09-21T22:44:43.089] Cog0  * Motor COG #2
[2026-09-21T22:44:43.089] Cog2  INIT $0000_8E3A $0000_D4C3 load
[2026-09-21T22:44:43.089] Cog3  INIT $0000_0FA8 $0000_D093 jump
[2026-09-21T22:44:43.105] Cog0  * Front COG #3
[2026-09-21T22:44:44.101] Cog0  BLDC: getBoardType() driver running, not measured; returning revision recorded at start 22
[2026-09-21T22:44:44.101] Cog0  MOT:  offset_fwd_degrees = 43, offset_fwd = $1E93_E93E
[2026-09-21T22:44:44.102] Cog0   (ind)offset_rev_degrees = 317, offset_rev = $E16C_16C1
[2026-09-21T22:44:44.119] Cog0  BS-START,motor,LEFT,base,32,cog,2,cog_ok,TRUE,board_rev,22,rev_b,TRUE,board_id,REV_B,init_neg_deg,14,init_pos_deg,338,neg_deg,43,pos_deg,317,offsets_ok,TRUE,missed,0,illegal,0,integ_ok,TRUE,result,OK
[2026-09-21T22:44:44.607] Cog0  BS-WALK,motor,LEFT,speed,HALF,sign,NEG,side,UP,pts,2,last_swept_deg,63,stop,DROOP,low_swept_deg,23,low_mV_x10,1_314,low_net_mV_x10,1_220
[2026-09-21T22:44:44.623] Cog0  BS-BRACKET,motor,LEFT,speed,HALF,sign,NEG,low_swept_deg,23,low_mV_x10,1_314,below_ok,FALSE,above_ok,TRUE,bracketed,FALSE,reason,EDGE_HARD_LIMIT,low_net_mV_x10,1_220
[2026-09-21T22:44:45.621] Cog0  BS-ZERO,motor,LEFT,phase,REF_END,samples,200,i_mean_mV_x10,93,i_min_mV,7,i_max_mV,12,frozen,FALSE,in_band,TRUE,health_ok,NA,u_mV_x10,497,v_mV_x10,584,w_mV_x10,574
[2026-09-21T22:44:45.622] Cog0  MOT:  offset_fwd_degrees = 43, offset_fwd = $1E93_E93E
[2026-09-21T22:44:45.623] Cog0   (ind)offset_rev_degrees = 317, offset_rev = $E16C_16C1
[2026-09-21T22:44:45.639] Cog3  -MOT- inincr = -73_500_000 nTgtIncr = $7B9E_7AA0 0 sync = 0
[2026-09-21T22:44:50.698] Cog3  -MOT- inincr = 0 nTgtIncr = $0000_0000 0 sync = 0
[2026-09-21T22:44:51.468] Cog0  BS-POINT,seq,138,motor,LEFT,speed,HALF,incre,-73_500_000,phase,REF_END,neg_deg,43,pos_deg,317,swept_deg,43,result,OK,steady_ms,1_321,ticks,540,win_ms,2_746,rate_x10,1_966,rate_ok,TRUE,samples,543,i_mean_mV_x10,9_553,i_se_mV_x10,43
[2026-09-21T22:44:51.470] Cog0  BS-POINT2,seq,138,motor,LEFT,incre,-73_500_000,i_halfA_mV_x10,9_569,i_halfB_mV_x10,9_538,unsettled,FALSE,i_min_mV,884,i_max_mV,1_039,duty_mean,18_954,err_mean,-48,missed_d,0,illegal_d,0,fault,FALSE,abort_i,FALSE,charge_mVs,3_732,drv_state,1
[2026-09-21T22:44:51.487] Cog0  BS-POINT3,seq,138,motor,LEFT,zero_mV_x10,93,net_mV_x10,9_460,span_ms,5_070,span_rate_x10,1_627,follow_pct,83,span_duty_mean,15_356,span_duty_max,19_109,drv_follow_pct,3,drv_meas_tps,197,drv_cmd_tps,5_542
[2026-09-21T22:44:51.974] Cog0  BS-FIT,motor,LEFT,speed,HALF,sign,NEG,status,NOT_BRACKETED,n,0,centre_deg,NA,span_lo_deg,NA,span_hi_deg,NA,extended,FALSE,pinned,FALSE
[2026-09-21T22:44:51.976] Cog0  BS-FIT2,motor,LEFT,speed,HALF,sign,NEG,min_deg_x10,NA,min_se_deg_x10,NA,min_mV_x10,NA,rms_mV_x10,NA,med_se_mV_x10,NA,curv_x100,NA,curv_model_pct,NA,flat2_deg_x10,NA
[2026-09-21T22:44:51.978] Cog0  BS-CLIFF,motor,LEFT,speed,HALF,sign,NEG,found,FALSE,last_good_deg,NA,first_fault_deg,NA,edge_deg_x10,NA,margin_deg_x10,NA,margin_from_fit,FALSE,edge_res_deg_x10,NA
[2026-09-21T22:44:51.980] Cog0  BS-LEG,motor,LEFT,speed,HALF,sign,NEG,served_by,OFFSET_FWD,pts,6,faults,0,aborts_i,2,ref_start_mV_x10,9_695,ref_end_mV_x10,9_553,drift_pct_x10,-14,drift_flag,FALSE,exit,DONE,ref_start_net_mV_x10,9_602,ref_end_net_mV_x10,9_460
[2026-09-21T22:44:51.996] Cog0  BS-ARC,motor,LEFT,speed,HALF,sign,NEG,arc_lo_deg,23,arc_hi_deg,43,arc_deg,20,bound_lo,TORQUE,bound_hi,TORQUE,circle_deg,360
[2026-09-21T22:44:52.994] Cog0  BS-ZERO,motor,LEFT,phase,REF_START,samples,200,i_mean_mV_x10,105,i_min_mV,8,i_max_mV,13,frozen,FALSE,in_band,TRUE,health_ok,NA,u_mV_x10,487,v_mV_x10,584,w_mV_x10,584
[2026-09-21T22:44:52.995] Cog0  MOT:  offset_fwd_degrees = 43, offset_fwd = $1E93_E93E
[2026-09-21T22:44:52.996] Cog0   (ind)offset_rev_degrees = 317, offset_rev = $E16C_16C1
[2026-09-21T22:44:53.012] Cog3  -MOT- inincr = 73_500_000 nTgtIncr = $0461_8560 0 sync = 0
[2026-09-21T22:44:58.071] Cog3  -MOT- inincr = 0 nTgtIncr = $0000_0000 0 sync = 0
[2026-09-21T22:44:58.841] Cog0  BS-POINT,seq,139,motor,LEFT,speed,HALF,incre,73_500_000,phase,REF_START,neg_deg,43,pos_deg,317,swept_deg,-43,result,OK,steady_ms,1_320,ticks,540,win_ms,2_746,rate_x10,1_966,rate_ok,TRUE,samples,543,i_mean_mV_x10,4_823,i_se_mV_x10,32
[2026-09-21T22:44:58.843] Cog0  BS-POINT2,seq,139,motor,LEFT,incre,73_500_000,i_halfA_mV_x10,4_842,i_halfB_mV_x10,4_804,unsettled,FALSE,i_min_mV,436,i_max_mV,540,duty_mean,16_273,err_mean,48,missed_d,0,illegal_d,0,fault,FALSE,abort_i,FALSE,charge_mVs,1_901,drv_state,1
[2026-09-21T22:44:58.860] Cog0  BS-POINT3,seq,139,motor,LEFT,zero_mV_x10,105,net_mV_x10,4_718,span_ms,5_069,span_rate_x10,1_627,follow_pct,83,span_duty_mean,13_327,span_duty_max,16_430,drv_follow_pct,100,drv_meas_tps,196,drv_cmd_tps,196
[2026-09-21T22:45:00.359] Cog0  BS-ZERO,motor,LEFT,phase,COARSE,samples,200,i_mean_mV_x10,109,i_min_mV,8,i_max_mV,13,frozen,FALSE,in_band,TRUE,health_ok,NA,u_mV_x10,479,v_mV_x10,583,w_mV_x10,578
[2026-09-21T22:45:00.359] Cog0  MOT:  offset_fwd_degrees = 43, offset_fwd = $1E93_E93E
[2026-09-21T22:45:00.360] Cog0   (ind)offset_rev_degrees = 307, offset_rev = $DA4F_A4FA
[2026-09-21T22:45:00.376] Cog3  -MOT- inincr = 73_500_000 nTgtIncr = $0461_8560 0 sync = 0
[2026-09-21T22:45:02.510] Cog0  BS-POINT,seq,140,motor,LEFT,speed,HALF,incre,73_500_000,phase,COARSE,neg_deg,43,pos_deg,307,swept_deg,-53,result,ABORT_I,steady_ms,1_320,ticks,NA,win_ms,NA,rate_x10,NA,rate_ok,FALSE,samples,NA,i_mean_mV_x10,NA,i_se_mV_x10,NA
[2026-09-21T22:45:02.512] Cog0  BS-POINT2,seq,140,motor,LEFT,incre,73_500_000,i_halfA_mV_x10,NA,i_halfB_mV_x10,NA,unsettled,FALSE,i_min_mV,NA,i_max_mV,NA,duty_mean,NA,err_mean,NA,missed_d,NA,illegal_d,NA,fault,FALSE,abort_i,TRUE,charge_mVs,960,drv_state,3
[2026-09-21T22:45:02.514] Cog0  BS-POINT3,seq,140,motor,LEFT,zero_mV_x10,109,net_mV_x10,NA,span_ms,2_145,span_rate_x10,1_165,follow_pct,59,span_duty_mean,10_932,span_duty_max,20_140,drv_follow_pct,NA,drv_meas_tps,NA,drv_cmd_tps,NA
[2026-09-21T22:45:02.519] Cog0  BS-ABORT,scope,POINT,reason,ABORT_I,motor,LEFT,incre,73_500_000,seq,140,value,1_232,elapsed_s,829
[2026-09-21T22:45:02.519] Cog0  *VAL* legalBasePin = 32
[2026-09-21T22:45:02.520] Cog0  *VAL* legalVoltage = 6
[2026-09-21T22:45:02.520] Cog0  *VAL* legalMode = 30
[2026-09-21T22:45:02.521] Cog0  --- pinSum = 94, 64010 Rev B, highTimeUs = 72
[2026-09-21T22:45:02.521] Cog0  MOT: fwdDegrees = 14, offset_fwd = $09F4_9F49
[2026-09-21T22:45:02.521] Cog0       revDegrees = 338, offset_rev = $F05B_05B0
[2026-09-21T22:45:02.522] Cog0   - Calc FRAME: frame_cnt = 6_136
[2026-09-21T22:45:02.522] Cog0  * init values dead_gap = 70, pwm_limit = 3_033, adc_fram = 6_136, duty_min = 1_600, duty_max = 24_264
[2026-09-21T22:45:02.522] Cog0  *      values duty_up = 18, duty_dn = 4, cfg_ctcks = 135_000
[2026-09-21T22:45:02.523] Cog0  * ENTRY CFG userVoltage = 6, index = 6
[2026-09-21T22:45:02.523] Cog0  * EXIT 2 CFG eUserSelectedVolts = 6 maxFwdIncreAtPwr = 147_000_000 minFwdIncreAtPwr = 544_628
[2026-09-21T22:45:02.523] Cog0  -MOT- inincr = 0 nTgtIncr = $0000_0000 0 sync = 0
[2026-09-21T22:45:02.524] Cog0  * Motor COG #2
[2026-09-21T22:45:02.524] Cog2  INIT $0000_8E3A $0000_D4C3 load
[2026-09-21T22:45:02.524] Cog3  INIT $0000_0FA8 $0000_D093 jump
[2026-09-21T22:45:02.540] Cog0  * Front COG #3
[2026-09-21T22:45:03.536] Cog0  BLDC: getBoardType() driver running, not measured; returning revision recorded at start 22
[2026-09-21T22:45:03.536] Cog0  MOT:  offset_fwd_degrees = 43, offset_fwd = $1E93_E93E
[2026-09-21T22:45:03.538] Cog0   (ind)offset_rev_degrees = 317, offset_rev = $E16C_16C1
[2026-09-21T22:45:03.554] Cog0  BS-START,motor,LEFT,base,32,cog,2,cog_ok,TRUE,board_rev,22,rev_b,TRUE,board_id,REV_B,init_neg_deg,14,init_pos_deg,338,neg_deg,43,pos_deg,317,offsets_ok,TRUE,missed,0,illegal,0,integ_ok,TRUE,result,OK
[2026-09-21T22:45:05.053] Cog0  BS-ZERO,motor,LEFT,phase,COARSE,samples,200,i_mean_mV_x10,95,i_min_mV,7,i_max_mV,12,frozen,FALSE,in_band,TRUE,health_ok,NA,u_mV_x10,491,v_mV_x10,576,w_mV_x10,572
[2026-09-21T22:45:05.053] Cog0  MOT:  offset_fwd_degrees = 43, offset_fwd = $1E93_E93E
[2026-09-21T22:45:05.054] Cog0   (ind)offset_rev_degrees = 297, offset_rev = $D333_3333
[2026-09-21T22:45:05.069] Cog3  -MOT- inincr = 73_500_000 nTgtIncr = $0461_8560 0 sync = 0
[2026-09-21T22:45:06.458] Cog0  BS-POINT,seq,141,motor,LEFT,speed,HALF,incre,73_500_000,phase,COARSE,neg_deg,43,pos_deg,297,swept_deg,-63,result,ABORT_I,steady_ms,1_321,ticks,NA,win_ms,NA,rate_x10,NA,rate_ok,FALSE,samples,NA,i_mean_mV_x10,NA,i_se_mV_x10,NA
[2026-09-21T22:45:06.460] Cog0  BS-POINT2,seq,141,motor,LEFT,incre,73_500_000,i_halfA_mV_x10,NA,i_halfB_mV_x10,NA,unsettled,FALSE,i_min_mV,NA,i_max_mV,NA,duty_mean,NA,err_mean,NA,missed_d,NA,illegal_d,NA,fault,FALSE,abort_i,TRUE,charge_mVs,347,drv_state,3
[2026-09-21T22:45:06.461] Cog0  BS-POINT3,seq,141,motor,LEFT,zero_mV_x10,95,net_mV_x10,NA,span_ms,1_400,span_rate_x10,735,follow_pct,37,span_duty_mean,7_402,span_duty_max,20_704,drv_follow_pct,NA,drv_meas_tps,NA,drv_cmd_tps,NA
[2026-09-21T22:45:06.466] Cog0  BS-ABORT,scope,POINT,reason,ABORT_I,motor,LEFT,incre,73_500_000,seq,141,value,1_309,elapsed_s,833
[2026-09-21T22:45:06.466] Cog0  *VAL* legalBasePin = 32
[2026-09-21T22:45:06.468] Cog0  *VAL* legalVoltage = 6
[2026-09-21T22:45:06.468] Cog0  *VAL* legalMode = 30
[2026-09-21T22:45:06.468] Cog0  --- pinSum = 93, 64010 Rev B, highTimeUs = 71
[2026-09-21T22:45:06.469] Cog0  MOT: fwdDegrees = 14, offset_fwd = $09F4_9F49
[2026-09-21T22:45:06.469] Cog0       revDegrees = 338, offset_rev = $F05B_05B0
[2026-09-21T22:45:06.469] Cog0   - Calc FRAME: frame_cnt = 6_136
[2026-09-21T22:45:06.469] Cog0  * init values dead_gap = 70, pwm_limit = 3_033, adc_fram = 6_136, duty_min = 1_600, duty_max = 24_264
[2026-09-21T22:45:06.470] Cog0  *      values duty_up = 18, duty_dn = 4, cfg_ctcks = 135_000
[2026-09-21T22:45:06.470] Cog0  * ENTRY CFG userVoltage = 6, index = 6
[2026-09-21T22:45:06.471] Cog0  * EXIT 2 CFG eUserSelectedVolts = 6 maxFwdIncreAtPwr = 147_000_000 minFwdIncreAtPwr = 544_628
[2026-09-21T22:45:06.471] Cog0  -MOT- inincr = 0 nTgtIncr = $0000_0000 0 sync = 0
[2026-09-21T22:45:06.471] Cog0  * Motor COG #2
[2026-09-21T22:45:06.472] Cog2  INIT $0000_8E3A $0000_D4C3 load
[2026-09-21T22:45:06.472] Cog3  INIT $0000_0FA8 $0000_D093 jump
[2026-09-21T22:45:06.488] Cog0  * Front COG #3
[2026-09-21T22:45:07.484] Cog0  BLDC: getBoardType() driver running, not measured; returning revision recorded at start 22
[2026-09-21T22:45:07.484] Cog0  MOT:  offset_fwd_degrees = 43, offset_fwd = $1E93_E93E
[2026-09-21T22:45:07.485] Cog0   (ind)offset_rev_degrees = 317, offset_rev = $E16C_16C1
[2026-09-21T22:45:07.502] Cog0  BS-START,motor,LEFT,base,32,cog,2,cog_ok,TRUE,board_rev,22,rev_b,TRUE,board_id,REV_B,init_neg_deg,14,init_pos_deg,338,neg_deg,43,pos_deg,317,offsets_ok,TRUE,missed,0,illegal,0,integ_ok,TRUE,result,OK
[2026-09-21T22:45:08.004] Cog0  BS-WALK,motor,LEFT,speed,HALF,sign,POS,side,DOWN,pts,2,last_swept_deg,-63,stop,DROOP,low_swept_deg,-43,low_mV_x10,4_823,low_net_mV_x10,4_718
[2026-09-21T22:45:09.002] Cog0  BS-ZERO,motor,LEFT,phase,COARSE,samples,200,i_mean_mV_x10,86,i_min_mV,7,i_max_mV,11,frozen,FALSE,in_band,TRUE,health_ok,NA,u_mV_x10,493,v_mV_x10,562,w_mV_x10,569
[2026-09-21T22:45:09.002] Cog0  MOT:  offset_fwd_degrees = 43, offset_fwd = $1E93_E93E
[2026-09-21T22:45:09.004] Cog0   (ind)offset_rev_degrees = 327, offset_rev = $E888_8888
[2026-09-21T22:45:09.019] Cog3  -MOT- inincr = 73_500_000 nTgtIncr = $0461_8560 0 sync = 0
[2026-09-21T22:45:12.253] Cog3  -MOT- inincr = 0 nTgtIncr = $0000_0000 0 sync = 0
[2026-09-21T22:45:13.024] Cog0  BS-POINT,seq,142,motor,LEFT,speed,HALF,incre,73_500_000,phase,COARSE,neg_deg,43,pos_deg,327,swept_deg,-33,result,OK,steady_ms,1_321,ticks,180,win_ms,920,rate_x10,1_956,rate_ok,TRUE,samples,182,i_mean_mV_x10,1_725,i_se_mV_x10,45
[2026-09-21T22:45:13.026] Cog0  BS-POINT2,seq,142,motor,LEFT,incre,73_500_000,i_halfA_mV_x10,1_690,i_halfB_mV_x10,1_760,unsettled,FALSE,i_min_mV,136,i_max_mV,203,duty_mean,13_871,err_mean,47,missed_d,0,illegal_d,0,fault,FALSE,abort_i,FALSE,charge_mVs,376,drv_state,1
[2026-09-21T22:45:13.043] Cog0  BS-POINT3,seq,142,motor,LEFT,zero_mV_x10,86,net_mV_x10,1_639,span_ms,3_244,span_rate_x10,1_433,follow_pct,73,span_duty_mean,10_154,span_duty_max,14_029,drv_follow_pct,100,drv_meas_tps,196,drv_cmd_tps,196
[2026-09-21T22:45:14.542] Cog0  BS-ZERO,motor,LEFT,phase,COARSE,samples,200,i_mean_mV_x10,83,i_min_mV,6,i_max_mV,11,frozen,FALSE,in_band,TRUE,health_ok,NA,u_mV_x10,485,v_mV_x10,570,w_mV_x10,564
[2026-09-21T22:45:14.542] Cog0  MOT:  offset_fwd_degrees = 43, offset_fwd = $1E93_E93E
[2026-09-21T22:45:14.542] Cog0   (ind)offset_rev_degrees = 337, offset_rev = $EFA4_FA4F
[2026-09-21T22:45:14.558] Cog3  -MOT- inincr = 73_500_000 nTgtIncr = $0461_8560 0 sync = 0
[2026-09-21T22:45:17.825] Cog3  -MOT- inincr = 0 nTgtIncr = $0000_0000 0 sync = 0
[2026-09-21T22:45:18.586] Cog0  BS-POINT,seq,143,motor,LEFT,speed,HALF,incre,73_500_000,phase,COARSE,neg_deg,43,pos_deg,337,swept_deg,-23,result,OK,steady_ms,1_351,ticks,180,win_ms,915,rate_x10,1_967,rate_ok,TRUE,samples,181,i_mean_mV_x10,486,i_se_mV_x10,14
[2026-09-21T22:45:18.589] Cog0  BS-POINT2,seq,143,motor,LEFT,incre,73_500_000,i_halfA_mV_x10,500,i_halfB_mV_x10,473,unsettled,FALSE,i_min_mV,35,i_max_mV,60,duty_mean,12_322,err_mean,46,missed_d,0,illegal_d,0,fault,FALSE,abort_i,FALSE,charge_mVs,141,drv_state,1
[2026-09-21T22:45:18.605] Cog0  BS-POINT3,seq,143,motor,LEFT,zero_mV_x10,83,net_mV_x10,403,span_ms,3_269,span_rate_x10,1_428,follow_pct,72,span_duty_mean,9_197,span_duty_max,12_471,drv_follow_pct,100,drv_meas_tps,197,drv_cmd_tps,196
[2026-09-21T22:45:19.093] Cog0  BS-WALK,motor,LEFT,speed,HALF,sign,POS,side,UP,pts,2,last_swept_deg,-23,stop,DROOP,low_swept_deg,-23,low_mV_x10,486,low_net_mV_x10,403
[2026-09-21T22:45:19.109] Cog0  BS-BRACKET,motor,LEFT,speed,HALF,sign,POS,low_swept_deg,-23,low_mV_x10,486,below_ok,TRUE,above_ok,FALSE,bracketed,FALSE,reason,EDGE_HARD_LIMIT,low_net_mV_x10,403
[2026-09-21T22:45:20.108] Cog0  BS-ZERO,motor,LEFT,phase,REF_END,samples,200,i_mean_mV_x10,80,i_min_mV,5,i_max_mV,10,frozen,FALSE,in_band,TRUE,health_ok,NA,u_mV_x10,487,v_mV_x10,569,w_mV_x10,563
[2026-09-21T22:45:20.108] Cog0  MOT:  offset_fwd_degrees = 43, offset_fwd = $1E93_E93E
[2026-09-21T22:45:20.108] Cog0   (ind)offset_rev_degrees = 317, offset_rev = $E16C_16C1
[2026-09-21T22:45:20.124] Cog3  -MOT- inincr = 73_500_000 nTgtIncr = $0461_8560 0 sync = 0
[2026-09-21T22:45:25.184] Cog3  -MOT- inincr = 0 nTgtIncr = $0000_0000 0 sync = 0
[2026-09-21T22:45:25.954] Cog0  BS-POINT,seq,144,motor,LEFT,speed,HALF,incre,73_500_000,phase,REF_END,neg_deg,43,pos_deg,317,swept_deg,-43,result,OK,steady_ms,1_321,ticks,540,win_ms,2_745,rate_x10,1_967,rate_ok,TRUE,samples,543,i_mean_mV_x10,4_829,i_se_mV_x10,33
[2026-09-21T22:45:25.956] Cog0  BS-POINT2,seq,144,motor,LEFT,incre,73_500_000,i_halfA_mV_x10,4_849,i_halfB_mV_x10,4_810,unsettled,FALSE,i_min_mV,434,i_max_mV,543,duty_mean,16_277,err_mean,47,missed_d,0,illegal_d,0,fault,FALSE,abort_i,FALSE,charge_mVs,1_899,drv_state,1
[2026-09-21T22:45:25.973] Cog0  BS-POINT3,seq,144,motor,LEFT,zero_mV_x10,80,net_mV_x10,4_749,span_ms,5_069,span_rate_x10,1_627,follow_pct,83,span_duty_mean,13_329,span_duty_max,16_426,drv_follow_pct,100,drv_meas_tps,197,drv_cmd_tps,196
[2026-09-21T22:45:26.460] Cog0  BS-FIT,motor,LEFT,speed,HALF,sign,POS,status,NOT_BRACKETED,n,0,centre_deg,NA,span_lo_deg,NA,span_hi_deg,NA,extended,FALSE,pinned,FALSE
[2026-09-21T22:45:26.462] Cog0  BS-FIT2,motor,LEFT,speed,HALF,sign,POS,min_deg_x10,NA,min_se_deg_x10,NA,min_mV_x10,NA,rms_mV_x10,NA,med_se_mV_x10,NA,curv_x100,NA,curv_model_pct,NA,flat2_deg_x10,NA
[2026-09-21T22:45:26.464] Cog0  BS-CLIFF,motor,LEFT,speed,HALF,sign,POS,found,FALSE,last_good_deg,NA,first_fault_deg,NA,edge_deg_x10,NA,margin_deg_x10,NA,margin_from_fit,FALSE,edge_res_deg_x10,NA
[2026-09-21T22:45:26.466] Cog0  BS-LEG,motor,LEFT,speed,HALF,sign,POS,served_by,OFFSET_REV,pts,6,faults,0,aborts_i,2,ref_start_mV_x10,4_823,ref_end_mV_x10,4_829,drift_pct_x10,6,drift_flag,FALSE,exit,DONE,ref_start_net_mV_x10,4_718,ref_end_net_mV_x10,4_749
[2026-09-21T22:45:26.474] Cog0  BS-ARC,motor,LEFT,speed,HALF,sign,POS,arc_lo_deg,-43,arc_hi_deg,-23,arc_deg,20,bound_lo,TORQUE,bound_hi,TORQUE,circle_deg,360
[2026-09-21T22:45:26.474] Cog0  *VAL* legalBasePin = 16
[2026-09-21T22:45:26.474] Cog0  *VAL* legalVoltage = 6
[2026-09-21T22:45:26.476] Cog0  *VAL* legalMode = 30
[2026-09-21T22:45:26.476] Cog0  --- pinSum = 96, 64010 Rev B, highTimeUs = 73
[2026-09-21T22:45:26.476] Cog0  MOT: fwdDegrees = 14, offset_fwd = $09F4_9F49
[2026-09-21T22:45:26.476] Cog0       revDegrees = 338, offset_rev = $F05B_05B0
[2026-09-21T22:45:26.477] Cog0   - Calc FRAME: frame_cnt = 6_136
[2026-09-21T22:45:26.477] Cog0  * init values dead_gap = 70, pwm_limit = 3_033, adc_fram = 6_136, duty_min = 1_600, duty_max = 24_264
[2026-09-21T22:45:26.478] Cog0  *      values duty_up = 18, duty_dn = 4, cfg_ctcks = 135_000
[2026-09-21T22:45:26.478] Cog0  * ENTRY CFG userVoltage = 6, index = 6
[2026-09-21T22:45:26.478] Cog0  * EXIT 2 CFG eUserSelectedVolts = 6 maxFwdIncreAtPwr = 147_000_000 minFwdIncreAtPwr = 544_628
[2026-09-21T22:45:26.479] Cog0  -MOT- inincr = 0 nTgtIncr = $0000_0000 0 sync = 0
[2026-09-21T22:45:26.479] Cog0  * Motor COG #2
[2026-09-21T22:45:26.479] Cog2  INIT $0000_8E3A $0000_DCAF load
[2026-09-21T22:45:26.495] Cog3  INIT $0000_0FA8 $0000_D87F jump
[2026-09-21T22:45:26.495] Cog0  * Front COG #3
[2026-09-21T22:45:27.491] Cog0  BLDC: getBoardType() driver running, not measured; returning revision recorded at start 22
[2026-09-21T22:45:27.492] Cog0  MOT:  offset_fwd_degrees = 43, offset_fwd = $1E93_E93E
[2026-09-21T22:45:27.493] Cog0   (ind)offset_rev_degrees = 317, offset_rev = $E16C_16C1
[2026-09-21T22:45:27.509] Cog0  BS-START,motor,RIGHT,base,16,cog,2,cog_ok,TRUE,board_rev,22,rev_b,TRUE,board_id,REV_B,init_neg_deg,14,init_pos_deg,338,neg_deg,43,pos_deg,317,offsets_ok,TRUE,missed,0,illegal,0,integ_ok,TRUE,result,OK
[2026-09-21T22:45:28.508] Cog0  BS-ZERO,motor,RIGHT,phase,REF_START,samples,200,i_mean_mV_x10,0,i_min_mV,-3,i_max_mV,3,frozen,FALSE,in_band,TRUE,health_ok,NA,u_mV_x10,549,v_mV_x10,517,w_mV_x10,523
[2026-09-21T22:45:28.508] Cog0  MOT:  offset_fwd_degrees = 43, offset_fwd = $1E93_E93E
[2026-09-21T22:45:28.508] Cog0   (ind)offset_rev_degrees = 317, offset_rev = $E16C_16C1
[2026-09-21T22:45:28.524] Cog3  -MOT- inincr = 73_500_000 nTgtIncr = $0461_8560 0 sync = 0
[2026-09-21T22:45:33.599] Cog3  -MOT- inincr = 0 nTgtIncr = $0000_0000 0 sync = 0
[2026-09-21T22:45:34.358] Cog0  BS-POINT,seq,145,motor,RIGHT,speed,HALF,incre,73_500_000,phase,REF_START,neg_deg,43,pos_deg,317,swept_deg,-43,result,OK,steady_ms,1_321,ticks,540,win_ms,2_750,rate_x10,1_963,rate_ok,TRUE,samples,544,i_mean_mV_x10,5_209,i_se_mV_x10,35
[2026-09-21T22:45:34.361] Cog0  BS-POINT2,seq,145,motor,RIGHT,incre,73_500_000,i_halfA_mV_x10,5_223,i_halfB_mV_x10,5_196,unsettled,FALSE,i_min_mV,469,i_max_mV,576,duty_mean,16_431,err_mean,47,missed_d,0,illegal_d,0,fault,FALSE,abort_i,FALSE,charge_mVs,2_035,drv_state,1
[2026-09-21T22:45:34.377] Cog0  BS-POINT3,seq,145,motor,RIGHT,zero_mV_x10,0,net_mV_x10,5_209,span_ms,5_074,span_rate_x10,1_625,follow_pct,82,span_duty_mean,13_454,span_duty_max,16_630,drv_follow_pct,100,drv_meas_tps,196,drv_cmd_tps,196
[2026-09-21T22:45:35.876] Cog0  BS-ZERO,motor,RIGHT,phase,COARSE,samples,200,i_mean_mV_x10,1,i_min_mV,-2,i_max_mV,3,frozen,FALSE,in_band,TRUE,health_ok,NA,u_mV_x10,554,v_mV_x10,510,w_mV_x10,520
[2026-09-21T22:45:35.876] Cog0  MOT:  offset_fwd_degrees = 43, offset_fwd = $1E93_E93E
[2026-09-21T22:45:35.877] Cog0   (ind)offset_rev_degrees = 307, offset_rev = $DA4F_A4FA
[2026-09-21T22:45:35.893] Cog3  -MOT- inincr = 73_500_000 nTgtIncr = $0461_8560 0 sync = 0
[2026-09-21T22:45:37.866] Cog0  BS-POINT,seq,146,motor,RIGHT,speed,HALF,incre,73_500_000,phase,COARSE,neg_deg,43,pos_deg,307,swept_deg,-53,result,ABORT_I,steady_ms,1_320,ticks,NA,win_ms,NA,rate_x10,NA,rate_ok,FALSE,samples,NA,i_mean_mV_x10,NA,i_se_mV_x10,NA
[2026-09-21T22:45:37.868] Cog0  BS-POINT2,seq,146,motor,RIGHT,incre,73_500_000,i_halfA_mV_x10,NA,i_halfB_mV_x10,NA,unsettled,FALSE,i_min_mV,NA,i_max_mV,NA,duty_mean,NA,err_mean,NA,missed_d,NA,illegal_d,NA,fault,FALSE,abort_i,TRUE,charge_mVs,813,drv_state,3
[2026-09-21T22:45:37.870] Cog0  BS-POINT3,seq,146,motor,RIGHT,zero_mV_x10,1,net_mV_x10,NA,span_ms,1_983,span_rate_x10,1_104,follow_pct,56,span_duty_mean,10_267,span_duty_max,20_240,drv_follow_pct,NA,drv_meas_tps,NA,drv_cmd_tps,NA
[2026-09-21T22:45:37.875] Cog0  BS-ABORT,scope,POINT,reason,ABORT_I,motor,RIGHT,incre,73_500_000,seq,146,value,1_287,elapsed_s,864
[2026-09-21T22:45:37.876] Cog0  *VAL* legalBasePin = 16
[2026-09-21T22:45:37.877] Cog0  *VAL* legalVoltage = 6
[2026-09-21T22:45:37.877] Cog0  *VAL* legalMode = 30
[2026-09-21T22:45:37.877] Cog0  --- pinSum = 94, 64010 Rev B, highTimeUs = 72
[2026-09-21T22:45:37.877] Cog0  MOT: fwdDegrees = 14, offset_fwd = $09F4_9F49
[2026-09-21T22:45:37.877] Cog0       revDegrees = 338, offset_rev = $F05B_05B0
[2026-09-21T22:45:37.878] Cog0   - Calc FRAME: frame_cnt = 6_136
[2026-09-21T22:45:37.878] Cog0  * init values dead_gap = 70, pwm_limit = 3_033, adc_fram = 6_136, duty_min = 1_600, duty_max = 24_264
[2026-09-21T22:45:37.879] Cog0  *      values duty_up = 18, duty_dn = 4, cfg_ctcks = 135_000
[2026-09-21T22:45:37.879] Cog0  * ENTRY CFG userVoltage = 6, index = 6
[2026-09-21T22:45:37.879] Cog0  * EXIT 2 CFG eUserSelectedVolts = 6 maxFwdIncreAtPwr = 147_000_000 minFwdIncreAtPwr = 544_628
[2026-09-21T22:45:37.880] Cog0  -MOT- inincr = 0 nTgtIncr = $0000_0000 0 sync = 0
[2026-09-21T22:45:37.880] Cog0  * Motor COG #2
[2026-09-21T22:45:37.881] Cog2  INIT $0000_8E3A $0000_DCAF load
[2026-09-21T22:45:37.881] Cog3  INIT $0000_0FA8 $0000_D87F jump
[2026-09-21T22:45:37.896] Cog0  * Front COG #3
[2026-09-21T22:45:38.892] Cog0  BLDC: getBoardType() driver running, not measured; returning revision recorded at start 22
[2026-09-21T22:45:38.892] Cog0  MOT:  offset_fwd_degrees = 43, offset_fwd = $1E93_E93E
[2026-09-21T22:45:38.894] Cog0   (ind)offset_rev_degrees = 317, offset_rev = $E16C_16C1
[2026-09-21T22:45:38.910] Cog0  BS-START,motor,RIGHT,base,16,cog,2,cog_ok,TRUE,board_rev,22,rev_b,TRUE,board_id,REV_B,init_neg_deg,14,init_pos_deg,338,neg_deg,43,pos_deg,317,offsets_ok,TRUE,missed,0,illegal,0,integ_ok,TRUE,result,OK
[2026-09-21T22:45:40.409] Cog0  BS-ZERO,motor,RIGHT,phase,COARSE,samples,200,i_mean_mV_x10,0,i_min_mV,-2,i_max_mV,2,frozen,FALSE,in_band,TRUE,health_ok,NA,u_mV_x10,551,v_mV_x10,519,w_mV_x10,528
[2026-09-21T22:45:40.409] Cog0  MOT:  offset_fwd_degrees = 43, offset_fwd = $1E93_E93E
[2026-09-21T22:45:40.410] Cog0   (ind)offset_rev_degrees = 297, offset_rev = $D333_3333
[2026-09-21T22:45:40.426] Cog3  -MOT- inincr = 73_500_000 nTgtIncr = $0461_8560 0 sync = 0
[2026-09-21T22:45:41.804] Cog0  BS-POINT,seq,147,motor,RIGHT,speed,HALF,incre,73_500_000,phase,COARSE,neg_deg,43,pos_deg,297,swept_deg,-63,result,ABORT_I,steady_ms,1_320,ticks,NA,win_ms,NA,rate_x10,NA,rate_ok,FALSE,samples,NA,i_mean_mV_x10,NA,i_se_mV_x10,NA
[2026-09-21T22:45:41.807] Cog0  BS-POINT2,seq,147,motor,RIGHT,incre,73_500_000,i_halfA_mV_x10,NA,i_halfB_mV_x10,NA,unsettled,FALSE,i_min_mV,NA,i_max_mV,NA,duty_mean,NA,err_mean,NA,missed_d,NA,illegal_d,NA,fault,FALSE,abort_i,TRUE,charge_mVs,355,drv_state,3
[2026-09-21T22:45:41.808] Cog0  BS-POINT3,seq,147,motor,RIGHT,zero_mV_x10,0,net_mV_x10,NA,span_ms,1_389,span_rate_x10,727,follow_pct,37,span_duty_mean,7_395,span_duty_max,20_398,drv_follow_pct,NA,drv_meas_tps,NA,drv_cmd_tps,NA
[2026-09-21T22:45:41.813] Cog0  BS-ABORT,scope,POINT,reason,ABORT_I,motor,RIGHT,incre,73_500_000,seq,147,value,1_278,elapsed_s,868
[2026-09-21T22:45:41.813] Cog0  *VAL* legalBasePin = 16
[2026-09-21T22:45:41.815] Cog0  *VAL* legalVoltage = 6
[2026-09-21T22:45:41.815] Cog0  *VAL* legalMode = 30
[2026-09-21T22:45:41.815] Cog0  --- pinSum = 94, 64010 Rev B, highTimeUs = 72
[2026-09-21T22:45:41.815] Cog0  MOT: fwdDegrees = 14, offset_fwd = $09F4_9F49
[2026-09-21T22:45:41.816] Cog0       revDegrees = 338, offset_rev = $F05B_05B0
[2026-09-21T22:45:41.816] Cog0   - Calc FRAME: frame_cnt = 6_136
[2026-09-21T22:45:41.816] Cog0  * init values dead_gap = 70, pwm_limit = 3_033, adc_fram = 6_136, duty_min = 1_600, duty_max = 24_264
[2026-09-21T22:45:41.817] Cog0  *      values duty_up = 18, duty_dn = 4, cfg_ctcks = 135_000
[2026-09-21T22:45:41.817] Cog0  * ENTRY CFG userVoltage = 6, index = 6
[2026-09-21T22:45:41.817] Cog0  * EXIT 2 CFG eUserSelectedVolts = 6 maxFwdIncreAtPwr = 147_000_000 minFwdIncreAtPwr = 544_628
[2026-09-21T22:45:41.818] Cog0  -MOT- inincr = 0 nTgtIncr = $0000_0000 0 sync = 0
[2026-09-21T22:45:41.818] Cog0  * Motor COG #2
[2026-09-21T22:45:41.819] Cog2  INIT $0000_8E3A $0000_DCAF load
[2026-09-21T22:45:41.819] Cog3  INIT $0000_0FA8 $0000_D87F jump
[2026-09-21T22:45:41.834] Cog0  * Front COG #3
[2026-09-21T22:45:42.830] Cog0  BLDC: getBoardType() driver running, not measured; returning revision recorded at start 22
[2026-09-21T22:45:42.830] Cog0  MOT:  offset_fwd_degrees = 43, offset_fwd = $1E93_E93E
[2026-09-21T22:45:42.832] Cog0   (ind)offset_rev_degrees = 317, offset_rev = $E16C_16C1
[2026-09-21T22:45:42.848] Cog0  BS-START,motor,RIGHT,base,16,cog,2,cog_ok,TRUE,board_rev,22,rev_b,TRUE,board_id,REV_B,init_neg_deg,14,init_pos_deg,338,neg_deg,43,pos_deg,317,offsets_ok,TRUE,missed,0,illegal,0,integ_ok,TRUE,result,OK
[2026-09-21T22:45:43.350] Cog0  BS-WALK,motor,RIGHT,speed,HALF,sign,POS,side,DOWN,pts,2,last_swept_deg,-63,stop,DROOP,low_swept_deg,-43,low_mV_x10,5_209,low_net_mV_x10,5_209
[2026-09-21T22:45:44.349] Cog0  BS-ZERO,motor,RIGHT,phase,COARSE,samples,200,i_mean_mV_x10,0,i_min_mV,-2,i_max_mV,2,frozen,FALSE,in_band,TRUE,health_ok,NA,u_mV_x10,542,v_mV_x10,512,w_mV_x10,515
[2026-09-21T22:45:44.349] Cog0  MOT:  offset_fwd_degrees = 43, offset_fwd = $1E93_E93E
[2026-09-21T22:45:44.349] Cog0   (ind)offset_rev_degrees = 327, offset_rev = $E888_8888
[2026-09-21T22:45:44.365] Cog3  -MOT- inincr = 73_500_000 nTgtIncr = $0461_8560 0 sync = 0
[2026-09-21T22:45:47.615] Cog3  -MOT- inincr = 0 nTgtIncr = $0000_0000 0 sync = 0
[2026-09-21T22:45:48.373] Cog0  BS-POINT,seq,148,motor,RIGHT,speed,HALF,incre,73_500_000,phase,COARSE,neg_deg,43,pos_deg,327,swept_deg,-33,result,OK,steady_ms,1_331,ticks,180,win_ms,915,rate_x10,1_967,rate_ok,TRUE,samples,181,i_mean_mV_x10,1_769,i_se_mV_x10,51
[2026-09-21T22:45:48.376] Cog0  BS-POINT2,seq,148,motor,RIGHT,incre,73_500_000,i_halfA_mV_x10,1_788,i_halfB_mV_x10,1_752,unsettled,FALSE,i_min_mV,144,i_max_mV,216,duty_mean,13_993,err_mean,50,missed_d,0,illegal_d,0,fault,FALSE,abort_i,FALSE,charge_mVs,377,drv_state,1
[2026-09-21T22:45:48.392] Cog0  BS-POINT3,seq,148,motor,RIGHT,zero_mV_x10,0,net_mV_x10,1_769,span_ms,3_249,span_rate_x10,1_431,follow_pct,73,span_duty_mean,10_241,span_duty_max,14_162,drv_follow_pct,100,drv_meas_tps,196,drv_cmd_tps,196
[2026-09-21T22:45:49.891] Cog0  BS-ZERO,motor,RIGHT,phase,COARSE,samples,200,i_mean_mV_x10,0,i_min_mV,-3,i_max_mV,2,frozen,FALSE,in_band,TRUE,health_ok,NA,u_mV_x10,533,v_mV_x10,510,w_mV_x10,525
[2026-09-21T22:45:49.891] Cog0  MOT:  offset_fwd_degrees = 43, offset_fwd = $1E93_E93E
[2026-09-21T22:45:49.892] Cog0   (ind)offset_rev_degrees = 337, offset_rev = $EFA4_FA4F
[2026-09-21T22:45:49.908] Cog3  -MOT- inincr = 73_500_000 nTgtIncr = $0461_8560 0 sync = 0
[2026-09-21T22:45:53.174] Cog3  -MOT- inincr = 0 nTgtIncr = $0000_0000 0 sync = 0
[2026-09-21T22:45:53.932] Cog0  BS-POINT,seq,149,motor,RIGHT,speed,HALF,incre,73_500_000,phase,COARSE,neg_deg,43,pos_deg,337,swept_deg,-23,result,OK,steady_ms,1_346,ticks,180,win_ms,915,rate_x10,1_967,rate_ok,TRUE,samples,181,i_mean_mV_x10,475,i_se_mV_x10,20
[2026-09-21T22:45:53.935] Cog0  BS-POINT2,seq,149,motor,RIGHT,incre,73_500_000,i_halfA_mV_x10,494,i_halfB_mV_x10,456,unsettled,FALSE,i_min_mV,31,i_max_mV,63,duty_mean,12_449,err_mean,47,missed_d,0,illegal_d,0,fault,FALSE,abort_i,FALSE,charge_mVs,119,drv_state,1
[2026-09-21T22:45:53.951] Cog0  BS-POINT3,seq,149,motor,RIGHT,zero_mV_x10,0,net_mV_x10,475,span_ms,3_264,span_rate_x10,1_430,follow_pct,72,span_duty_mean,9_289,span_duty_max,12_607,drv_follow_pct,100,drv_meas_tps,196,drv_cmd_tps,196
[2026-09-21T22:45:54.439] Cog0  BS-WALK,motor,RIGHT,speed,HALF,sign,POS,side,UP,pts,2,last_swept_deg,-23,stop,DROOP,low_swept_deg,-23,low_mV_x10,475,low_net_mV_x10,475
[2026-09-21T22:45:54.455] Cog0  BS-BRACKET,motor,RIGHT,speed,HALF,sign,POS,low_swept_deg,-23,low_mV_x10,475,below_ok,TRUE,above_ok,FALSE,bracketed,FALSE,reason,EDGE_HARD_LIMIT,low_net_mV_x10,475
[2026-09-21T22:45:55.453] Cog0  BS-ZERO,motor,RIGHT,phase,REF_END,samples,200,i_mean_mV_x10,-3,i_min_mV,-3,i_max_mV,2,frozen,FALSE,in_band,TRUE,health_ok,NA,u_mV_x10,541,v_mV_x10,512,w_mV_x10,519
[2026-09-21T22:45:55.453] Cog0  MOT:  offset_fwd_degrees = 43, offset_fwd = $1E93_E93E
[2026-09-21T22:45:55.454] Cog0   (ind)offset_rev_degrees = 317, offset_rev = $E16C_16C1
[2026-09-21T22:45:55.470] Cog3  -MOT- inincr = 73_500_000 nTgtIncr = $0461_8560 0 sync = 0
[2026-09-21T22:46:00.545] Cog3  -MOT- inincr = 0 nTgtIncr = $0000_0000 0 sync = 0
[2026-09-21T22:46:01.303] Cog0  BS-POINT,seq,150,motor,RIGHT,speed,HALF,incre,73_500_000,phase,REF_END,neg_deg,43,pos_deg,317,swept_deg,-43,result,OK,steady_ms,1_320,ticks,540,win_ms,2_751,rate_x10,1_962,rate_ok,TRUE,samples,544,i_mean_mV_x10,5_147,i_se_mV_x10,36
[2026-09-21T22:46:01.305] Cog0  BS-POINT2,seq,150,motor,RIGHT,incre,73_500_000,i_halfA_mV_x10,5_152,i_halfB_mV_x10,5_142,unsettled,FALSE,i_min_mV,463,i_max_mV,580,duty_mean,16_410,err_mean,47,missed_d,0,illegal_d,0,fault,FALSE,abort_i,FALSE,charge_mVs,2_009,drv_state,1
[2026-09-21T22:46:01.322] Cog0  BS-POINT3,seq,150,motor,RIGHT,zero_mV_x10,-3,net_mV_x10,5_150,span_ms,5_074,span_rate_x10,1_625,follow_pct,82,span_duty_mean,13_438,span_duty_max,16_576,drv_follow_pct,100,drv_meas_tps,197,drv_cmd_tps,196
[2026-09-21T22:46:01.810] Cog0  BS-FIT,motor,RIGHT,speed,HALF,sign,POS,status,NOT_BRACKETED,n,0,centre_deg,NA,span_lo_deg,NA,span_hi_deg,NA,extended,FALSE,pinned,FALSE
[2026-09-21T22:46:01.811] Cog0  BS-FIT2,motor,RIGHT,speed,HALF,sign,POS,min_deg_x10,NA,min_se_deg_x10,NA,min_mV_x10,NA,rms_mV_x10,NA,med_se_mV_x10,NA,curv_x100,NA,curv_model_pct,NA,flat2_deg_x10,NA
[2026-09-21T22:46:01.813] Cog0  BS-CLIFF,motor,RIGHT,speed,HALF,sign,POS,found,FALSE,last_good_deg,NA,first_fault_deg,NA,edge_deg_x10,NA,margin_deg_x10,NA,margin_from_fit,FALSE,edge_res_deg_x10,NA
[2026-09-21T22:46:01.815] Cog0  BS-LEG,motor,RIGHT,speed,HALF,sign,POS,served_by,OFFSET_REV,pts,6,faults,0,aborts_i,2,ref_start_mV_x10,5_209,ref_end_mV_x10,5_147,drift_pct_x10,-11,drift_flag,FALSE,exit,DONE,ref_start_net_mV_x10,5_209,ref_end_net_mV_x10,5_150
[2026-09-21T22:46:01.831] Cog0  BS-ARC,motor,RIGHT,speed,HALF,sign,POS,arc_lo_deg,-43,arc_hi_deg,-23,arc_deg,20,bound_lo,TORQUE,bound_hi,TORQUE,circle_deg,360
[2026-09-21T22:46:02.829] Cog0  BS-ZERO,motor,RIGHT,phase,REF_START,samples,200,i_mean_mV_x10,-6,i_min_mV,-3,i_max_mV,1,frozen,FALSE,in_band,TRUE,health_ok,NA,u_mV_x10,534,v_mV_x10,507,w_mV_x10,516
[2026-09-21T22:46:02.830] Cog0  MOT:  offset_fwd_degrees = 43, offset_fwd = $1E93_E93E
[2026-09-21T22:46:02.831] Cog0   (ind)offset_rev_degrees = 317, offset_rev = $E16C_16C1
[2026-09-21T22:46:02.847] Cog3  -MOT- inincr = -73_500_000 nTgtIncr = $7B9E_7AA0 0 sync = 0
[2026-09-21T22:46:07.906] Cog3  -MOT- inincr = 0 nTgtIncr = $0000_0000 0 sync = 0
[2026-09-21T22:46:08.677] Cog0  BS-POINT,seq,151,motor,RIGHT,speed,HALF,incre,-73_500_000,phase,REF_START,neg_deg,43,pos_deg,317,swept_deg,43,result,OK,steady_ms,1_321,ticks,540,win_ms,2_745,rate_x10,1_967,rate_ok,TRUE,samples,543,i_mean_mV_x10,9_465,i_se_mV_x10,47
[2026-09-21T22:46:08.679] Cog0  BS-POINT2,seq,151,motor,RIGHT,incre,-73_500_000,i_halfA_mV_x10,9_489,i_halfB_mV_x10,9_441,unsettled,FALSE,i_min_mV,872,i_max_mV,1_038,duty_mean,18_793,err_mean,-47,missed_d,0,illegal_d,0,fault,FALSE,abort_i,FALSE,charge_mVs,3_685,drv_state,1
[2026-09-21T22:46:08.695] Cog0  BS-POINT3,seq,151,motor,RIGHT,zero_mV_x10,-6,net_mV_x10,9_471,span_ms,5_070,span_rate_x10,1_627,follow_pct,83,span_duty_mean,15_248,span_duty_max,18_965,drv_follow_pct,3,drv_meas_tps,197,drv_cmd_tps,5_542
[2026-09-21T22:46:10.194] Cog0  BS-ZERO,motor,RIGHT,phase,COARSE,samples,200,i_mean_mV_x10,0,i_min_mV,-2,i_max_mV,2,frozen,FALSE,in_band,TRUE,health_ok,NA,u_mV_x10,536,v_mV_x10,508,w_mV_x10,514
[2026-09-21T22:46:10.194] Cog0  MOT:  offset_fwd_degrees = 33, offset_fwd = $1777_7777
[2026-09-21T22:46:10.195] Cog0   (ind)offset_rev_degrees = 317, offset_rev = $E16C_16C1
[2026-09-21T22:46:10.211] Cog3  -MOT- inincr = -73_500_000 nTgtIncr = $7B9E_7AA0 0 sync = 0
[2026-09-21T22:46:13.445] Cog3  -MOT- inincr = 0 nTgtIncr = $0000_0000 0 sync = 0
[2026-09-21T22:46:14.209] Cog0  BS-POINT,seq,152,motor,RIGHT,speed,HALF,incre,-73_500_000,phase,COARSE,neg_deg,33,pos_deg,317,swept_deg,33,result,OK,steady_ms,1_320,ticks,180,win_ms,916,rate_x10,1_965,rate_ok,TRUE,samples,181,i_mean_mV_x10,3_707,i_se_mV_x10,66
[2026-09-21T22:46:14.212] Cog0  BS-POINT2,seq,152,motor,RIGHT,incre,-73_500_000,i_halfA_mV_x10,3_707,i_halfB_mV_x10,3_707,unsettled,FALSE,i_min_mV,330,i_max_mV,431,duty_mean,15_545,err_mean,-49,missed_d,0,illegal_d,0,fault,FALSE,abort_i,FALSE,charge_mVs,773,drv_state,1
[2026-09-21T22:46:14.228] Cog0  BS-POINT3,seq,152,motor,RIGHT,zero_mV_x10,0,net_mV_x10,3_707,span_ms,3_239,span_rate_x10,1_435,follow_pct,73,span_duty_mean,11_232,span_duty_max,15_691,drv_follow_pct,3,drv_meas_tps,197,drv_cmd_tps,5_542
[2026-09-21T22:46:15.727] Cog0  BS-ZERO,motor,RIGHT,phase,COARSE,samples,200,i_mean_mV_x10,-3,i_min_mV,-2,i_max_mV,2,frozen,FALSE,in_band,TRUE,health_ok,NA,u_mV_x10,539,v_mV_x10,510,w_mV_x10,503
[2026-09-21T22:46:15.727] Cog0  MOT:  offset_fwd_degrees = 23, offset_fwd = $105B_05B0
[2026-09-21T22:46:15.728] Cog0   (ind)offset_rev_degrees = 317, offset_rev = $E16C_16C1
[2026-09-21T22:46:15.744] Cog3  -MOT- inincr = -73_500_000 nTgtIncr = $7B9E_7AA0 0 sync = 0
[2026-09-21T22:46:18.994] Cog3  -MOT- inincr = 0 nTgtIncr = $0000_0000 0 sync = 0
[2026-09-21T22:46:19.752] Cog0  BS-POINT,seq,153,motor,RIGHT,speed,HALF,incre,-73_500_000,phase,COARSE,neg_deg,23,pos_deg,317,swept_deg,23,result,OK,steady_ms,1_331,ticks,180,win_ms,916,rate_x10,1_965,rate_ok,TRUE,samples,181,i_mean_mV_x10,1_229,i_se_mV_x10,37
[2026-09-21T22:46:19.755] Cog0  BS-POINT2,seq,153,motor,RIGHT,incre,-73_500_000,i_halfA_mV_x10,1_176,i_halfB_mV_x10,1_280,unsettled,TRUE,i_min_mV,98,i_max_mV,149,duty_mean,13_481,err_mean,-50,missed_d,0,illegal_d,0,fault,FALSE,abort_i,FALSE,charge_mVs,269,drv_state,1
[2026-09-21T22:46:19.771] Cog0  BS-POINT3,seq,153,motor,RIGHT,zero_mV_x10,-3,net_mV_x10,1_232,span_ms,3_249,span_rate_x10,1_431,follow_pct,73,span_duty_mean,9_931,span_duty_max,13_664,drv_follow_pct,3,drv_meas_tps,196,drv_cmd_tps,5_542
[2026-09-21T22:46:20.273] Cog0  BS-WALK,motor,RIGHT,speed,HALF,sign,NEG,side,DOWN,pts,2,last_swept_deg,23,stop,DROOP,low_swept_deg,23,low_mV_x10,1_229,low_net_mV_x10,1_232
[2026-09-21T22:46:21.271] Cog0  BS-ZERO,motor,RIGHT,phase,COARSE,samples,200,i_mean_mV_x10,0,i_min_mV,-4,i_max_mV,3,frozen,FALSE,in_band,TRUE,health_ok,NA,u_mV_x10,546,v_mV_x10,504,w_mV_x10,509
[2026-09-21T22:46:21.271] Cog0  MOT:  offset_fwd_degrees = 53, offset_fwd = $25B0_5B05
[2026-09-21T22:46:21.273] Cog0   (ind)offset_rev_degrees = 317, offset_rev = $E16C_16C1
[2026-09-21T22:46:21.289] Cog3  -MOT- inincr = -73_500_000 nTgtIncr = $7B9E_7AA0 0 sync = 0
[2026-09-21T22:46:22.743] Cog0  BS-POINT,seq,154,motor,RIGHT,speed,HALF,incre,-73_500_000,phase,COARSE,neg_deg,53,pos_deg,317,swept_deg,53,result,ABORT_I,steady_ms,1_320,ticks,NA,win_ms,NA,rate_x10,NA,rate_ok,FALSE,samples,NA,i_mean_mV_x10,NA,i_se_mV_x10,NA
[2026-09-21T22:46:22.745] Cog0  BS-POINT2,seq,154,motor,RIGHT,incre,-73_500_000,i_halfA_mV_x10,NA,i_halfB_mV_x10,NA,unsettled,FALSE,i_min_mV,NA,i_max_mV,NA,duty_mean,NA,err_mean,NA,missed_d,NA,illegal_d,NA,fault,FALSE,abort_i,TRUE,charge_mVs,372,drv_state,3
[2026-09-21T22:46:22.746] Cog0  BS-POINT3,seq,154,motor,RIGHT,zero_mV_x10,0,net_mV_x10,NA,span_ms,1_465,span_rate_x10,791,follow_pct,40,span_duty_mean,7_697,span_duty_max,20_509,drv_follow_pct,NA,drv_meas_tps,NA,drv_cmd_tps,NA
[2026-09-21T22:46:22.751] Cog0  BS-ABORT,scope,POINT,reason,ABORT_I,motor,RIGHT,incre,-73_500_000,seq,154,value,1_308,elapsed_s,909
[2026-09-21T22:46:22.751] Cog0  *VAL* legalBasePin = 16
[2026-09-21T22:46:22.753] Cog0  *VAL* legalVoltage = 6
[2026-09-21T22:46:22.753] Cog0  *VAL* legalMode = 30
[2026-09-21T22:46:22.753] Cog0  --- pinSum = 96, 64010 Rev B, highTimeUs = 73
[2026-09-21T22:46:22.753] Cog0  MOT: fwdDegrees = 14, offset_fwd = $09F4_9F49
[2026-09-21T22:46:22.754] Cog0       revDegrees = 338, offset_rev = $F05B_05B0
[2026-09-21T22:46:22.754] Cog0   - Calc FRAME: frame_cnt = 6_136
[2026-09-21T22:46:22.754] Cog0  * init values dead_gap = 70, pwm_limit = 3_033, adc_fram = 6_136, duty_min = 1_600, duty_max = 24_264
[2026-09-21T22:46:22.755] Cog0  *      values duty_up = 18, duty_dn = 4, cfg_ctcks = 135_000
[2026-09-21T22:46:22.755] Cog0  * ENTRY CFG userVoltage = 6, index = 6
[2026-09-21T22:46:22.756] Cog0  * EXIT 2 CFG eUserSelectedVolts = 6 maxFwdIncreAtPwr = 147_000_000 minFwdIncreAtPwr = 544_628
[2026-09-21T22:46:22.756] Cog0  -MOT- inincr = 0 nTgtIncr = $0000_0000 0 sync = 0
[2026-09-21T22:46:22.756] Cog0  * Motor COG #2
[2026-09-21T22:46:22.757] Cog2  INIT $0000_8E3A $0000_DCAF load
[2026-09-21T22:46:22.757] Cog3  INIT $0000_0FA8 $0000_D87F jump
[2026-09-21T22:46:22.773] Cog0  * Front COG #3
[2026-09-21T22:46:23.768] Cog0  BLDC: getBoardType() driver running, not measured; returning revision recorded at start 22
[2026-09-21T22:46:23.769] Cog0  MOT:  offset_fwd_degrees = 43, offset_fwd = $1E93_E93E
[2026-09-21T22:46:23.770] Cog0   (ind)offset_rev_degrees = 317, offset_rev = $E16C_16C1
[2026-09-21T22:46:23.786] Cog0  BS-START,motor,RIGHT,base,16,cog,2,cog_ok,TRUE,board_rev,22,rev_b,TRUE,board_id,REV_B,init_neg_deg,14,init_pos_deg,338,neg_deg,43,pos_deg,317,offsets_ok,TRUE,missed,0,illegal,0,integ_ok,TRUE,result,OK
[2026-09-21T22:46:25.285] Cog0  BS-ZERO,motor,RIGHT,phase,COARSE,samples,200,i_mean_mV_x10,6,i_min_mV,-2,i_max_mV,3,frozen,FALSE,in_band,TRUE,health_ok,NA,u_mV_x10,533,v_mV_x10,503,w_mV_x10,517
[2026-09-21T22:46:25.286] Cog0  MOT:  offset_fwd_degrees = 63, offset_fwd = $2CCC_CCCC
[2026-09-21T22:46:25.286] Cog0   (ind)offset_rev_degrees = 317, offset_rev = $E16C_16C1
[2026-09-21T22:46:25.302] Cog3  -MOT- inincr = -73_500_000 nTgtIncr = $7B9E_7AA0 0 sync = 0
[2026-09-21T22:46:26.565] Cog0  BS-POINT,seq,155,motor,RIGHT,speed,HALF,incre,-73_500_000,phase,COARSE,neg_deg,63,pos_deg,317,swept_deg,63,result,ABORT_I,steady_ms,1_274,ticks,NA,win_ms,NA,rate_x10,NA,rate_ok,FALSE,samples,NA,i_mean_mV_x10,NA,i_se_mV_x10,NA
[2026-09-21T22:46:26.567] Cog0  BS-POINT2,seq,155,motor,RIGHT,incre,-73_500_000,i_halfA_mV_x10,NA,i_halfB_mV_x10,NA,unsettled,FALSE,i_min_mV,NA,i_max_mV,NA,duty_mean,NA,err_mean,NA,missed_d,NA,illegal_d,NA,fault,FALSE,abort_i,TRUE,charge_mVs,367,drv_state,2
[2026-09-21T22:46:26.569] Cog0  BS-POINT3,seq,155,motor,RIGHT,zero_mV_x10,6,net_mV_x10,NA,span_ms,1_274,span_rate_x10,620,follow_pct,31,span_duty_mean,7_154,span_duty_max,19_747,drv_follow_pct,NA,drv_meas_tps,NA,drv_cmd_tps,NA
[2026-09-21T22:46:26.573] Cog0  BS-ABORT,scope,POINT,reason,ABORT_I,motor,RIGHT,incre,-73_500_000,seq,155,value,1_357,elapsed_s,913
[2026-09-21T22:46:26.573] Cog0  *VAL* legalBasePin = 16
[2026-09-21T22:46:26.575] Cog0  *VAL* legalVoltage = 6
[2026-09-21T22:46:26.575] Cog0  *VAL* legalMode = 30
[2026-09-21T22:46:26.576] Cog0  --- pinSum = 94, 64010 Rev B, highTimeUs = 72
[2026-09-21T22:46:26.576] Cog0  MOT: fwdDegrees = 14, offset_fwd = $09F4_9F49
[2026-09-21T22:46:26.576] Cog0       revDegrees = 338, offset_rev = $F05B_05B0
[2026-09-21T22:46:26.576] Cog0   - Calc FRAME: frame_cnt = 6_136
[2026-09-21T22:46:26.577] Cog0  * init values dead_gap = 70, pwm_limit = 3_033, adc_fram = 6_136, duty_min = 1_600, duty_max = 24_264
[2026-09-21T22:46:26.577] Cog0  *      values duty_up = 18, duty_dn = 4, cfg_ctcks = 135_000
[2026-09-21T22:46:26.577] Cog0  * ENTRY CFG userVoltage = 6, index = 6
[2026-09-21T22:46:26.578] Cog0  * EXIT 2 CFG eUserSelectedVolts = 6 maxFwdIncreAtPwr = 147_000_000 minFwdIncreAtPwr = 544_628
[2026-09-21T22:46:26.578] Cog0  -MOT- inincr = 0 nTgtIncr = $0000_0000 0 sync = 0
[2026-09-21T22:46:26.578] Cog0  * Motor COG #2
[2026-09-21T22:46:26.579] Cog2  INIT $0000_8E3A $0000_DCAF load
[2026-09-21T22:46:26.579] Cog3  INIT $0000_0FA8 $0000_D87F jump
[2026-09-21T22:46:26.595] Cog0  * Front COG #3
[2026-09-21T22:46:27.591] Cog0  BLDC: getBoardType() driver running, not measured; returning revision recorded at start 22
[2026-09-21T22:46:27.591] Cog0  MOT:  offset_fwd_degrees = 43, offset_fwd = $1E93_E93E
[2026-09-21T22:46:27.592] Cog0   (ind)offset_rev_degrees = 317, offset_rev = $E16C_16C1
[2026-09-21T22:46:27.608] Cog0  BS-START,motor,RIGHT,base,16,cog,2,cog_ok,TRUE,board_rev,22,rev_b,TRUE,board_id,REV_B,init_neg_deg,14,init_pos_deg,338,neg_deg,43,pos_deg,317,offsets_ok,TRUE,missed,0,illegal,0,integ_ok,TRUE,result,OK
[2026-09-21T22:46:28.096] Cog0  BS-ABORT,scope,RUN,reason,ABORT_I_CAP,motor,RIGHT,incre,-73_500_000,seq,155,value,16,elapsed_s,914
[2026-09-21T22:46:28.098] Cog0  BS-WALK,motor,RIGHT,speed,HALF,sign,NEG,side,UP,pts,2,last_swept_deg,63,stop,RUN_ABORT,low_swept_deg,23,low_mV_x10,1_229,low_net_mV_x10,1_232
[2026-09-21T22:46:28.099] Cog0  BS-BRACKET,motor,RIGHT,speed,HALF,sign,NEG,low_swept_deg,23,low_mV_x10,1_229,below_ok,FALSE,above_ok,TRUE,bracketed,FALSE,reason,EDGE_HARD_LIMIT,low_net_mV_x10,1_232
[2026-09-21T22:46:28.101] Cog0  BS-FIT,motor,RIGHT,speed,HALF,sign,NEG,status,NOT_BRACKETED,n,0,centre_deg,NA,span_lo_deg,NA,span_hi_deg,NA,extended,FALSE,pinned,FALSE
[2026-09-21T22:46:28.102] Cog0  BS-FIT2,motor,RIGHT,speed,HALF,sign,NEG,min_deg_x10,NA,min_se_deg_x10,NA,min_mV_x10,NA,rms_mV_x10,NA,med_se_mV_x10,NA,curv_x100,NA,curv_model_pct,NA,flat2_deg_x10,NA
[2026-09-21T22:46:28.105] Cog0  BS-CLIFF,motor,RIGHT,speed,HALF,sign,NEG,found,FALSE,last_good_deg,NA,first_fault_deg,NA,edge_deg_x10,NA,margin_deg_x10,NA,margin_from_fit,FALSE,edge_res_deg_x10,NA
[2026-09-21T22:46:28.107] Cog0  BS-LEG,motor,RIGHT,speed,HALF,sign,NEG,served_by,OFFSET_FWD,pts,5,faults,0,aborts_i,2,ref_start_mV_x10,9_465,ref_end_mV_x10,NA,drift_pct_x10,NA,drift_flag,FALSE,exit,RUN_ABORT,ref_start_net_mV_x10,9_471,ref_end_net_mV_x10,NA
[2026-09-21T22:46:28.109] Cog0  BS-ARC,motor,RIGHT,speed,HALF,sign,NEG,arc_lo_deg,23,arc_hi_deg,43,arc_deg,20,bound_lo,TORQUE,bound_hi,NONE,circle_deg,360
[2026-09-21T22:46:28.111] Cog0  BS-RESULT,motor,LEFT,sign,NEG,served_by,OFFSET_FWD,def_deg,43,status,OK,min_deg_x10,241,applied_deg,24,min_se_deg_x10,4,i_min_mV_x10,87,i_def_mV_x10,316,saving_pct_x10,724,fit_rms_mV_x10,19,drift_flag,FALSE,i_min_fit_mV_x10,91
[2026-09-21T22:46:28.113] Cog0  BS-RESULT-HALF,motor,LEFT,sign,NEG,speed,QTR,status,OK,min_deg_x10,120,min_se_deg_x10,4,i_min_mV_x10,134,i_def_mV_x10,1_702,shift_deg_x10,-121,shift_se_deg_x10,5,shift_sig,TRUE,i_min_fit_mV_x10,118
[2026-09-21T22:46:28.116] Cog0  BS-RESULT-HALF,motor,LEFT,sign,NEG,speed,HALF,status,NOT_BRACKETED,min_deg_x10,NA,min_se_deg_x10,NA,i_min_mV_x10,NA,i_def_mV_x10,9_531,shift_deg_x10,NA,shift_se_deg_x10,NA,shift_sig,FALSE,i_min_fit_mV_x10,NA
[2026-09-21T22:46:28.118] Cog0  BS-RESULT,motor,LEFT,sign,POS,served_by,OFFSET_REV,def_deg,-43,status,OK,min_deg_x10,-316,applied_deg,328,min_se_deg_x10,3,i_min_mV_x10,87,i_def_mV_x10,159,saving_pct_x10,452,fit_rms_mV_x10,15,drift_flag,FALSE,i_min_fit_mV_x10,95
[2026-09-21T22:46:28.120] Cog0  BS-RESULT-HALF,motor,LEFT,sign,POS,speed,QTR,status,OK,min_deg_x10,-197,min_se_deg_x10,4,i_min_mV_x10,113,i_def_mV_x10,851,shift_deg_x10,119,shift_se_deg_x10,5,shift_sig,TRUE,i_min_fit_mV_x10,107
[2026-09-21T22:46:28.122] Cog0  BS-RESULT-HALF,motor,LEFT,sign,POS,speed,HALF,status,NOT_BRACKETED,min_deg_x10,NA,min_se_deg_x10,NA,i_min_mV_x10,NA,i_def_mV_x10,4_733,shift_deg_x10,NA,shift_se_deg_x10,NA,shift_sig,FALSE,i_min_fit_mV_x10,NA
[2026-09-21T22:46:28.124] Cog0  BS-PAIR,motor,LEFT,complete,TRUE,neg_min_deg_x10,241,pos_min_deg_x10,-316,mid_deg_x10,-38,mid_se_deg_x10,3,lead_deg_x10,278,sign_order,NEG_FIRST
[2026-09-21T22:46:28.126] Cog0  BS-PAIR2,motor,LEFT,i_neg_min_mV_x10,87,i_pos_min_mV_x10,87,zero_mV_x10,82,ratio_raw_x1000,NA,ratio_net_x1000,1_000,imbalance,FALSE,i_neg_min_fit_mV_x10,91,i_pos_min_fit_mV_x10,95
[2026-09-21T22:46:28.129] Cog0  BS-RESULT,motor,RIGHT,sign,POS,served_by,OFFSET_REV,def_deg,-43,status,OK,min_deg_x10,-323,applied_deg,328,min_se_deg_x10,4,i_min_mV_x10,101,i_def_mV_x10,178,saving_pct_x10,432,fit_rms_mV_x10,23,drift_flag,FALSE,i_min_fit_mV_x10,103
[2026-09-21T22:46:28.131] Cog0  BS-RESULT-HALF,motor,RIGHT,sign,POS,speed,QTR,status,OK,min_deg_x10,-195,min_se_deg_x10,5,i_min_mV_x10,126,i_def_mV_x10,940,shift_deg_x10,128,shift_se_deg_x10,6,shift_sig,TRUE,i_min_fit_mV_x10,126
[2026-09-21T22:46:28.133] Cog0  BS-RESULT-HALF,motor,RIGHT,sign,POS,speed,HALF,status,NOT_BRACKETED,min_deg_x10,NA,min_se_deg_x10,NA,i_min_mV_x10,NA,i_def_mV_x10,5_179,shift_deg_x10,NA,shift_se_deg_x10,NA,shift_sig,FALSE,i_min_fit_mV_x10,NA
[2026-09-21T22:46:28.136] Cog0  BS-RESULT,motor,RIGHT,sign,NEG,served_by,OFFSET_FWD,def_deg,43,status,OK,min_deg_x10,243,applied_deg,24,min_se_deg_x10,5,i_min_mV_x10,99,i_def_mV_x10,330,saving_pct_x10,700,fit_rms_mV_x10,23,drift_flag,FALSE,i_min_fit_mV_x10,104
[2026-09-21T22:46:28.138] Cog0  BS-RESULT-HALF,motor,RIGHT,sign,NEG,speed,QTR,status,OK,min_deg_x10,126,min_se_deg_x10,3,i_min_mV_x10,161,i_def_mV_x10,1_740,shift_deg_x10,-117,shift_se_deg_x10,6,shift_sig,TRUE,i_min_fit_mV_x10,137
[2026-09-21T22:46:28.140] Cog0  BS-RESULT-HALF,motor,RIGHT,sign,NEG,speed,HALF,status,NOT_BRACKETED,min_deg_x10,NA,min_se_deg_x10,NA,i_min_mV_x10,NA,i_def_mV_x10,9_471,shift_deg_x10,NA,shift_se_deg_x10,NA,shift_sig,FALSE,i_min_fit_mV_x10,NA
[2026-09-21T22:46:28.141] Cog0  BS-PAIR,motor,RIGHT,complete,TRUE,neg_min_deg_x10,243,pos_min_deg_x10,-323,mid_deg_x10,-40,mid_se_deg_x10,3,lead_deg_x10,283,sign_order,POS_FIRST
[2026-09-21T22:46:28.148] Cog0  BS-PAIR2,motor,RIGHT,i_neg_min_mV_x10,99,i_pos_min_mV_x10,101,zero_mV_x10,22,ratio_raw_x1000,NA,ratio_net_x1000,980,imbalance,FALSE,i_neg_min_fit_mV_x10,104,i_pos_min_fit_mV_x10,103
[2026-09-21T22:46:28.150] Cog0  SIGNOFF,sf,1,bin,SCAN,cell,R1-SCAN-COGOK,task,3499,motor,LEFT,crit,STARTS_COG_BAD,measured,0,lo,0,hi,0,units,COUNT,n,18,verdict,PASS
[2026-09-21T22:46:28.151] Cog0  SIGNOFF,sf,1,bin,SCAN,cell,R2-SCAN-REVB,task,3500,motor,LEFT,crit,STARTS_NOT_REVB,measured,0,lo,0,hi,0,units,COUNT,n,18,verdict,PASS
[2026-09-21T22:46:28.153] Cog0  SIGNOFF,sf,1,bin,SCAN,cell,R3-SCAN-INTEG,task,3501,motor,LEFT,crit,MISSED_ILLEGAL_SUM,measured,0,lo,0,hi,0,units,COUNT,n,88,verdict,PASS
[2026-09-21T22:46:28.154] Cog0  SIGNOFF,sf,1,bin,SCAN,cell,R5-SCAN-SELF,task,3503,motor,LEFT,crit,NET_I_IN_BAND,measured,TRUE,lo,TRUE,hi,TRUE,units,BOOL,n,1,verdict,PASS
[2026-09-21T22:46:28.156] Cog0  SIGNOFF,sf,1,bin,SCAN,cell,R6-SCAN-OFFSETS,task,3519,motor,LEFT,crit,READBACK_BAD,measured,0,lo,0,hi,0,units,COUNT,n,96,verdict,PASS
[2026-09-21T22:46:28.157] Cog0  SIGNOFF,sf,1,bin,SCAN,cell,R7-SCAN-STARTILL,task,3524,motor,LEFT,crit,STARTS_ILLEGAL,measured,0,lo,0,hi,0,units,COUNT,n,18,verdict,PASS
[2026-09-21T22:46:28.159] Cog0  SIGNOFF,sf,1,bin,SCAN,cell,R12-SCAN-ALIVE,task,3535,motor,LEFT,crit,STARTS_NOT_ALIVE,measured,0,lo,0,hi,0,units,COUNT,n,17,verdict,PASS
[2026-09-21T22:46:28.160] Cog0  SIGNOFF,sf,1,bin,SCAN,cell,R12-SCAN-RATE,task,3535,motor,LEFT,crit,RATE_IN_BAND,measured,TRUE,lo,TRUE,hi,TRUE,units,BOOL,n,1,verdict,PASS
[2026-09-21T22:46:28.162] Cog0  SIGNOFF,sf,1,bin,SCAN,cell,R8-SCAN-ZXS,task,3529,motor,LEFT,crit,ZXS_I,measured,9,lo,0,hi,50,units,MV_X10,n,5,verdict,PASS
[2026-09-21T22:46:28.163] Cog0  SIGNOFF,sf,1,bin,SCAN,cell,R8-SCAN-ZXS,task,3529,motor,LEFT,crit,ZXS_U,measured,14,lo,0,hi,50,units,MV_X10,n,5,verdict,PASS
[2026-09-21T22:46:28.165] Cog0  SIGNOFF,sf,1,bin,SCAN,cell,R8-SCAN-ZXS,task,3529,motor,LEFT,crit,ZXS_V,measured,6,lo,0,hi,50,units,MV_X10,n,5,verdict,PASS
[2026-09-21T22:46:28.166] Cog0  SIGNOFF,sf,1,bin,SCAN,cell,R8-SCAN-ZXS,task,3529,motor,LEFT,crit,ZXS_W,measured,9,lo,0,hi,50,units,MV_X10,n,5,verdict,PASS
[2026-09-21T22:46:28.168] Cog0  SIGNOFF,sf,1,bin,SCAN,cell,R18-SCAN-LEGBRACKET,task,3530,motor,LEFT,crit,MIN_BR_NEG_LOW,measured,TRUE,lo,TRUE,hi,TRUE,units,BOOL,n,1,verdict,PASS
[2026-09-21T22:46:28.169] Cog0  SIGNOFF,sf,1,bin,SCAN,cell,R18-SCAN-LEGBRACKET,task,3530,motor,LEFT,crit,MIN_BR_NEG_QTR,measured,TRUE,lo,TRUE,hi,TRUE,units,BOOL,n,1,verdict,PASS
[2026-09-21T22:46:28.171] Cog0  SIGNOFF,sf,1,bin,SCAN,cell,R18-SCAN-LEGBRACKET,task,3530,motor,LEFT,crit,MIN_BR_NEG_HALF,measured,FALSE,lo,TRUE,hi,TRUE,units,BOOL,n,1,verdict,FAIL
[2026-09-21T22:46:28.173] Cog0  SIGNOFF,sf,1,bin,SCAN,cell,R18-SCAN-LEGBRACKET,task,3530,motor,LEFT,crit,MIN_BR_POS_LOW,measured,TRUE,lo,TRUE,hi,TRUE,units,BOOL,n,1,verdict,PASS
[2026-09-21T22:46:28.174] Cog0  SIGNOFF,sf,1,bin,SCAN,cell,R18-SCAN-LEGBRACKET,task,3530,motor,LEFT,crit,MIN_BR_POS_QTR,measured,TRUE,lo,TRUE,hi,TRUE,units,BOOL,n,1,verdict,PASS
[2026-09-21T22:46:28.176] Cog0  SIGNOFF,sf,1,bin,SCAN,cell,R18-SCAN-LEGBRACKET,task,3530,motor,LEFT,crit,MIN_BR_POS_HALF,measured,FALSE,lo,TRUE,hi,TRUE,units,BOOL,n,1,verdict,FAIL
[2026-09-21T22:46:28.177] Cog0  SIGNOFF,sf,1,bin,SCAN,cell,R9-SCAN-OWNZERO,task,3530,motor,LEFT,crit,PTS_NO_OWN_ZERO,measured,0,lo,0,hi,0,units,COUNT,n,16,verdict,PASS
[2026-09-21T22:46:28.179] Cog0  SIGNOFF,sf,1,bin,SCAN,cell,R9-SCAN-OWNZERO,task,3530,motor,LEFT,crit,PTS_NO_OWN_ZERO,measured,0,lo,0,hi,0,units,COUNT,n,15,verdict,PASS
[2026-09-21T22:46:28.181] Cog0  SIGNOFF,sf,1,bin,SCAN,cell,R9-SCAN-OWNZERO,task,3530,motor,LEFT,crit,PTS_NO_OWN_ZERO,measured,0,lo,0,hi,0,units,COUNT,n,15,verdict,PASS
[2026-09-21T22:46:28.182] Cog0  SIGNOFF,sf,1,bin,SCAN,cell,R9-SCAN-OWNZERO,task,3530,motor,LEFT,crit,PTS_NO_OWN_ZERO,measured,0,lo,0,hi,0,units,COUNT,n,14,verdict,PASS
[2026-09-21T22:46:28.184] Cog0  SIGNOFF,sf,1,bin,SCAN,cell,R9-SCAN-PAIR2,task,3530,motor,LEFT,crit,NET_RATIO_ONLY,measured,TRUE,lo,TRUE,hi,TRUE,units,BOOL,n,1,verdict,PASS
[2026-09-21T22:46:28.185] Cog0  SIGNOFF,sf,1,bin,SCAN,cell,R10-SCAN-RSTALONE,task,3533,motor,LEFT,crit,RESET_ALONE_CLEARS,measured,NA,lo,TRUE,hi,TRUE,units,BOOL,n,0,verdict,NOMEAS
[2026-09-21T22:46:28.187] Cog0  SIGNOFF,sf,1,bin,SCAN,cell,R18-SCAN-FOLLOW,task,3594,motor,LEFT,crit,FOLLOW_AGREES_PCT,measured,89,lo,NA,hi,20,units,PCT,n,66,verdict,FAIL
[2026-09-21T22:46:28.188] Cog0  SIGNOFF,sf,1,bin,SCAN,cell,R18-SCAN-FOLLOW,task,3594,motor,LEFT,crit,FOLLOW_COLLAPSED,measured,NA,lo,NA,hi,60,units,PCT,n,0,verdict,NOMEAS
[2026-09-21T22:46:28.190] Cog0  BS-ZXSALL,motor,LEFT,n,17,i_spread_mV_x10,23,u_spread_mV_x10,27,v_spread_mV_x10,34,w_spread_mV_x10,26
[2026-09-21T22:46:28.191] Cog0  SIGNOFF,sf,1,bin,SCAN,cell,R1-SCAN-COGOK,task,3499,motor,RIGHT,crit,STARTS_COG_BAD,measured,0,lo,0,hi,0,units,COUNT,n,18,verdict,PASS
[2026-09-21T22:46:28.192] Cog0  SIGNOFF,sf,1,bin,SCAN,cell,R2-SCAN-REVB,task,3500,motor,RIGHT,crit,STARTS_NOT_REVB,measured,0,lo,0,hi,0,units,COUNT,n,18,verdict,PASS
[2026-09-21T22:46:28.194] Cog0  SIGNOFF,sf,1,bin,SCAN,cell,R3-SCAN-INTEG,task,3501,motor,RIGHT,crit,MISSED_ILLEGAL_SUM,measured,0,lo,0,hi,0,units,COUNT,n,87,verdict,PASS
[2026-09-21T22:46:28.196] Cog0  SIGNOFF,sf,1,bin,SCAN,cell,R5-SCAN-SELF,task,3503,motor,RIGHT,crit,NET_I_IN_BAND,measured,TRUE,lo,TRUE,hi,TRUE,units,BOOL,n,1,verdict,PASS
[2026-09-21T22:46:28.197] Cog0  SIGNOFF,sf,1,bin,SCAN,cell,R6-SCAN-OFFSETS,task,3519,motor,RIGHT,crit,READBACK_BAD,measured,0,lo,0,hi,0,units,COUNT,n,95,verdict,PASS
[2026-09-21T22:46:28.199] Cog0  SIGNOFF,sf,1,bin,SCAN,cell,R7-SCAN-STARTILL,task,3524,motor,RIGHT,crit,STARTS_ILLEGAL,measured,0,lo,0,hi,0,units,COUNT,n,18,verdict,PASS
[2026-09-21T22:46:28.200] Cog0  SIGNOFF,sf,1,bin,SCAN,cell,R12-SCAN-ALIVE,task,3535,motor,RIGHT,crit,STARTS_NOT_ALIVE,measured,0,lo,0,hi,0,units,COUNT,n,16,verdict,PASS
[2026-09-21T22:46:28.202] Cog0  SIGNOFF,sf,1,bin,SCAN,cell,R12-SCAN-RATE,task,3535,motor,RIGHT,crit,RATE_IN_BAND,measured,TRUE,lo,TRUE,hi,TRUE,units,BOOL,n,1,verdict,PASS
[2026-09-21T22:46:28.203] Cog0  SIGNOFF,sf,1,bin,SCAN,cell,R8-SCAN-ZXS,task,3529,motor,RIGHT,crit,ZXS_I,measured,25,lo,0,hi,50,units,MV_X10,n,5,verdict,PASS
[2026-09-21T22:46:28.204] Cog0  SIGNOFF,sf,1,bin,SCAN,cell,R8-SCAN-ZXS,task,3529,motor,RIGHT,crit,ZXS_U,measured,19,lo,0,hi,50,units,MV_X10,n,5,verdict,PASS
[2026-09-21T22:46:28.206] Cog0  SIGNOFF,sf,1,bin,SCAN,cell,R8-SCAN-ZXS,task,3529,motor,RIGHT,crit,ZXS_V,measured,21,lo,0,hi,50,units,MV_X10,n,5,verdict,PASS
[2026-09-21T22:46:28.208] Cog0  SIGNOFF,sf,1,bin,SCAN,cell,R8-SCAN-ZXS,task,3529,motor,RIGHT,crit,ZXS_W,measured,19,lo,0,hi,50,units,MV_X10,n,5,verdict,PASS
[2026-09-21T22:46:28.209] Cog0  SIGNOFF,sf,1,bin,SCAN,cell,R18-SCAN-LEGBRACKET,task,3530,motor,RIGHT,crit,MIN_BR_NEG_LOW,measured,TRUE,lo,TRUE,hi,TRUE,units,BOOL,n,1,verdict,PASS
[2026-09-21T22:46:28.211] Cog0  SIGNOFF,sf,1,bin,SCAN,cell,R18-SCAN-LEGBRACKET,task,3530,motor,RIGHT,crit,MIN_BR_NEG_QTR,measured,TRUE,lo,TRUE,hi,TRUE,units,BOOL,n,1,verdict,PASS
[2026-09-21T22:46:28.212] Cog0  SIGNOFF,sf,1,bin,SCAN,cell,R18-SCAN-LEGBRACKET,task,3530,motor,RIGHT,crit,MIN_BR_NEG_HALF,measured,FALSE,lo,TRUE,hi,TRUE,units,BOOL,n,1,verdict,FAIL
[2026-09-21T22:46:28.214] Cog0  SIGNOFF,sf,1,bin,SCAN,cell,R18-SCAN-LEGBRACKET,task,3530,motor,RIGHT,crit,MIN_BR_POS_LOW,measured,TRUE,lo,TRUE,hi,TRUE,units,BOOL,n,1,verdict,PASS
[2026-09-21T22:46:28.216] Cog0  SIGNOFF,sf,1,bin,SCAN,cell,R18-SCAN-LEGBRACKET,task,3530,motor,RIGHT,crit,MIN_BR_POS_QTR,measured,TRUE,lo,TRUE,hi,TRUE,units,BOOL,n,1,verdict,PASS
[2026-09-21T22:46:28.217] Cog0  SIGNOFF,sf,1,bin,SCAN,cell,R18-SCAN-LEGBRACKET,task,3530,motor,RIGHT,crit,MIN_BR_POS_HALF,measured,FALSE,lo,TRUE,hi,TRUE,units,BOOL,n,1,verdict,FAIL
[2026-09-21T22:46:28.219] Cog0  SIGNOFF,sf,1,bin,SCAN,cell,R9-SCAN-OWNZERO,task,3530,motor,RIGHT,crit,PTS_NO_OWN_ZERO,measured,0,lo,0,hi,0,units,COUNT,n,16,verdict,PASS
[2026-09-21T22:46:28.220] Cog0  SIGNOFF,sf,1,bin,SCAN,cell,R9-SCAN-OWNZERO,task,3530,motor,RIGHT,crit,PTS_NO_OWN_ZERO,measured,0,lo,0,hi,0,units,COUNT,n,15,verdict,PASS
[2026-09-21T22:46:28.222] Cog0  SIGNOFF,sf,1,bin,SCAN,cell,R9-SCAN-OWNZERO,task,3530,motor,RIGHT,crit,PTS_NO_OWN_ZERO,measured,0,lo,0,hi,0,units,COUNT,n,15,verdict,PASS
[2026-09-21T22:46:28.224] Cog0  SIGNOFF,sf,1,bin,SCAN,cell,R9-SCAN-OWNZERO,task,3530,motor,RIGHT,crit,PTS_NO_OWN_ZERO,measured,0,lo,0,hi,0,units,COUNT,n,14,verdict,PASS
[2026-09-21T22:46:28.225] Cog0  SIGNOFF,sf,1,bin,SCAN,cell,R9-SCAN-PAIR2,task,3530,motor,RIGHT,crit,NET_RATIO_ONLY,measured,TRUE,lo,TRUE,hi,TRUE,units,BOOL,n,1,verdict,PASS
[2026-09-21T22:46:28.227] Cog0  SIGNOFF,sf,1,bin,SCAN,cell,R10-SCAN-RSTALONE,task,3533,motor,RIGHT,crit,RESET_ALONE_CLEARS,measured,NA,lo,TRUE,hi,TRUE,units,BOOL,n,0,verdict,NOMEAS
[2026-09-21T22:46:28.228] Cog0  SIGNOFF,sf,1,bin,SCAN,cell,R18-SCAN-FOLLOW,task,3594,motor,RIGHT,crit,FOLLOW_AGREES_PCT,measured,89,lo,NA,hi,20,units,PCT,n,65,verdict,FAIL
[2026-09-21T22:46:28.230] Cog0  SIGNOFF,sf,1,bin,SCAN,cell,R18-SCAN-FOLLOW,task,3594,motor,RIGHT,crit,FOLLOW_COLLAPSED,measured,NA,lo,NA,hi,60,units,PCT,n,0,verdict,NOMEAS
[2026-09-21T22:46:28.231] Cog0  BS-ZXSALL,motor,RIGHT,n,16,i_spread_mV_x10,27,u_spread_mV_x10,34,v_spread_mV_x10,30,w_spread_mV_x10,35
[2026-09-21T22:46:28.233] Cog0  SIGNOFF,sf,1,bin,SCAN,cell,R11-SCAN-NOSTALL,task,3534,motor,NONE,crit,ENDED_BY_COG0,measured,TRUE,lo,TRUE,hi,TRUE,units,BOOL,n,1,verdict,PASS
[2026-09-21T22:46:28.234] Cog0  BS-END,exit,ABORTED,reason,ABORT_I_CAP,elapsed_s,914,points,155,faults,0,aborts_i,16,charge_mVs,52_146,left_done,TRUE,right_done,FALSE,left_rungs,3,right_rungs,2,rungs_planned,3,lib_abort,FALSE,trap_value,0
[2026-09-21T22:46:28.250] Cog0  DEBUG_END_SESSION

=== Debug Logger Session Ended at 2026-09-21T22:46:28.254 ===
