=== Debug Logger Session Started at 2026-09-22T12:25:15.291 ===
PNut-Term-TS: v1.0.8
Program: debug
=====================================

[2026-09-22T12:25:15.188] [SYSTEM] BAUD_RATE_SET 2000000 baud (preferences/default)

=== Session ended - Download Started at 2026-09-22T12:25:15.434 ===
=== Debug Logger Session Started at 2026-09-22T12:25:15.438 ===
PNut-Term-TS: v1.0.8
Program: debug
=====================================

[2026-09-22T12:25:15.434] [SYSTEM] [DOWNLOAD TO RAM] File: test_bench_dual.bin | Size: 84546 bytes | Modified: 2026-09-22T18:25:13.781Z
[2026-09-22T12:25:15.438] [SYSTEM] Download Session Started
[2026-09-22T12:25:17.088] [SYSTEM] [DOWNLOAD SUCCESS] test_bench_dual.bin successfully downloaded to RAM
[2026-09-22T12:25:17.099] Cog0  INIT $0000_0000 $0000_0000 load
[2026-09-22T12:25:17.110] Cog0  INIT $0000_0FA8 $0004_5B18 jump
[2026-09-22T12:25:17.110] Cog1  INIT $0000_0FA8 $0004_1A9C jump
[2026-09-22T12:25:17.111] Cog0  BM-WDSTART,seq,1,started,TRUE,cog,1
[2026-09-22T12:25:17.113] Cog0  BM-BANNER,seq,2,src_rev,25,fmt,13,part,ALIGN,cfg_id,BENCH,frame,MOTOR,clkfreq,270_000_000,left_base,32,right_base,16,voltage_enum,6,det_mode,30,motor_type,0,quiet,TRUE,mdbg,3,sdbg,3
[2026-09-22T12:25:17.114] Cog0  BM-BUILD,seq,3,sf,1,inst_hz,500,inst_ticks,540_000,ring,4_096,slongs,11,waitms_max,7_953,wd_stall_ms,4_000,abs_abort_mV,1_500,ladder_max,165_000_000,rwire_mohm,20,pack_mV,18_500,fault_cool_ms,5_000,servo_engage,57
[2026-09-22T12:25:17.115] Cog0  SIGNOFF-DECL,sf,1,bin,DUAL,cell,R18-DUAL-NOSTALL-Z,task,3508
[2026-09-22T12:25:17.116] Cog0  SIGNOFF-DECL,sf,1,bin,DUAL,cell,R18-DUAL-DBGMASK-Z,task,3508
[2026-09-22T12:25:17.116] Cog0  SIGNOFF-DECL,sf,1,bin,DUAL,cell,R18-DUAL-ALIGN-ND,task,3508
[2026-09-22T12:25:17.117] Cog0  SIGNOFF-DECL,sf,1,bin,DUAL,cell,R18-DUAL-ALIGN-CLIP,task,3508
[2026-09-22T12:25:17.118] Cog0  SIGNOFF-DECL,sf,1,bin,DUAL,cell,R18-DUAL-ALIGN-COVER,task,3508
[2026-09-22T12:25:17.118] Cog0  SIGNOFF-DECL,sf,1,bin,DUAL,cell,R18-DUAL-ALIGN-RES,task,3508
[2026-09-22T12:25:17.119] Cog0  SIGNOFF-DECL,sf,1,bin,DUAL,cell,R18-DUAL-ALIGN-MTRX,task,3508
[2026-09-22T12:25:17.122] Cog0  * PANIC PROCEDURE IS PHYSICAL BATTERY DISCONNECT ONLY -- no operator control can stop a runaway (finding S-4: the e-stop now latches, task 3556)
[2026-09-22T12:25:17.122] Cog2  INIT $0000_0FA8 $0003_F2DC jump
[2026-09-22T12:25:17.139] Cog0  BM-INST,seq,4,event,START,cog,2,state,IDLE,ack_ms,5,samples,0,late,0,skipped,0,max_late_us,0,clamps,0,why,NONE
[2026-09-22T12:25:17.149] Cog0  BM-SEG,seq,5,seg,ALIGN,event,BEGIN,attended,TRUE,items,0,faults,0,unrecov,0,ms,0,why,NONE
[2026-09-22T12:25:17.165] Cog3  INIT $0001_03F2 $0004_355F load
[2026-09-22T12:25:17.165] Cog4  INIT $0000_0FA8 $0004_312F jump
[2026-09-22T12:25:19.262] Cog0  BM-START,seq,6,seg,ALIGN,motor,LEFT,life,1,cog_ret,3,cog_ok,TRUE,board,REV_B,board_enum,22,ready,TRUE,ready_ms,0,off_neg,14,off_pos,338,missed,0,illegal,0,zero_x10,75,ph_x10,1_713,why,NONE
[2026-09-22T12:25:19.898] Cog0  BM-AGUIDE,seq,7,leg,0,motor,LEFT,ask_dir,FORWARD,speed,SLOW,turns,3,ticks,270,bias_still,TRUE,bias_u_mV,52,bias_v_mV,60,bias_w_mV,59,hyst_u_mV,9,hyst_v_mV,10,hyst_w_mV,9,band_railed,0,bias_tries,1
[2026-09-22T12:25:19.913] Cog0  TURN LEFT WHEEL FORWARD, SLOW -- keep turning until output resumes
[2026-09-22T12:25:29.607] Cog0  BM-ACROSS,seq,8,leg,0,motor,LEFT,phase,2,rising,TRUE,hall,5,tick,1,t_us,30_045,dur_us,53_922
[2026-09-22T12:25:29.608] Cog0  BM-ACROSS,seq,9,leg,0,motor,LEFT,phase,0,rising,FALSE,hall,4,tick,2,t_us,25_063,dur_us,39_427
[2026-09-22T12:25:29.609] Cog0  BM-ACROSS,seq,10,leg,0,motor,LEFT,phase,1,rising,TRUE,hall,6,tick,3,t_us,18_106,dur_us,30_691
[2026-09-22T12:25:29.610] Cog0  BM-ACROSS,seq,11,leg,0,motor,LEFT,phase,2,rising,FALSE,hall,2,tick,4,t_us,17_875,dur_us,26_770
[2026-09-22T12:25:29.612] Cog0  BM-ACROSS,seq,12,leg,0,motor,LEFT,phase,0,rising,TRUE,hall,3,tick,5,t_us,12_902,dur_us,25_050
[2026-09-22T12:25:29.613] Cog0  BM-ACROSS,seq,13,leg,0,motor,LEFT,phase,1,rising,FALSE,hall,1,tick,6,t_us,16_417,dur_us,23_478
[2026-09-22T12:25:29.614] Cog0  BM-ACROSS,seq,14,leg,0,motor,LEFT,phase,2,rising,TRUE,hall,5,tick,7,t_us,9_949,dur_us,23_054
[2026-09-22T12:25:29.615] Cog0  BM-ACROSS,seq,15,leg,0,motor,LEFT,phase,0,rising,FALSE,hall,4,tick,8,t_us,15_222,dur_us,21_961
[2026-09-22T12:25:29.616] Cog0  BM-ACROSS,seq,16,leg,0,motor,LEFT,phase,1,rising,TRUE,hall,6,tick,9,t_us,9_278,dur_us,21_088
[2026-09-22T12:25:29.617] Cog0  BM-ACROSS,seq,17,leg,0,motor,LEFT,phase,2,rising,FALSE,hall,2,tick,10,t_us,15_457,dur_us,19_896
[2026-09-22T12:25:29.618] Cog0  BM-ACROSS,seq,18,leg,0,motor,LEFT,phase,0,rising,TRUE,hall,3,tick,11,t_us,9_698,dur_us,20_992
[2026-09-22T12:25:29.619] Cog0  BM-ACROSS,seq,19,leg,0,motor,LEFT,phase,1,rising,FALSE,hall,1,tick,12,t_us,15_859,dur_us,20_473
[2026-09-22T12:25:29.620] Cog0  BM-ACROSS,seq,20,leg,0,motor,LEFT,phase,2,rising,TRUE,hall,5,tick,13,t_us,8_857,dur_us,20_431
[2026-09-22T12:25:29.621] Cog0  BM-ACROSS,seq,21,leg,0,motor,LEFT,phase,0,rising,FALSE,hall,4,tick,14,t_us,16_085,dur_us,21_643
[2026-09-22T12:25:29.622] Cog0  BM-ACROSS,seq,22,leg,0,motor,LEFT,phase,1,rising,TRUE,hall,6,tick,15,t_us,9_215,dur_us,20_857
[2026-09-22T12:25:29.623] Cog0  BM-ACROSS,seq,23,leg,0,motor,LEFT,phase,2,rising,FALSE,hall,2,tick,16,t_us,16_121,dur_us,21_949
[2026-09-22T12:25:29.624] Cog0  BM-ACROSS,seq,24,leg,0,motor,LEFT,phase,0,rising,TRUE,hall,3,tick,17,t_us,9_575,dur_us,22_845
[2026-09-22T12:25:29.626] Cog0  BM-ACROSS,seq,25,leg,0,motor,LEFT,phase,1,rising,FALSE,hall,1,tick,18,t_us,15_815,dur_us,23_731
[2026-09-22T12:25:29.627] Cog0  BM-ACROSS,seq,26,leg,0,motor,LEFT,phase,2,rising,TRUE,hall,5,tick,19,t_us,13_097,dur_us,27_113
[2026-09-22T12:25:29.628] Cog0  BM-ACROSS,seq,27,leg,0,motor,LEFT,phase,0,rising,FALSE,hall,4,tick,20,t_us,18_070,dur_us,29_533
[2026-09-22T12:25:29.629] Cog0  BM-ACROSS,seq,28,leg,0,motor,LEFT,phase,1,rising,TRUE,hall,6,tick,21,t_us,19_513,dur_us,33_012
[2026-09-22T12:25:29.630] Cog0  BM-ACROSS,seq,29,leg,0,motor,LEFT,phase,2,rising,FALSE,hall,2,tick,22,t_us,19_896,dur_us,33_944
[2026-09-22T12:25:29.631] Cog0  BM-ACROSS,seq,30,leg,0,motor,LEFT,phase,0,rising,TRUE,hall,3,tick,23,t_us,18_439,dur_us,32_116
[2026-09-22T12:25:29.632] Cog0  BM-ACROSS,seq,31,leg,0,motor,LEFT,phase,1,rising,FALSE,hall,1,tick,24,t_us,20_974,dur_us,32_852
[2026-09-22T12:25:29.633] Cog0  BM-ACROSS,seq,32,leg,0,motor,LEFT,phase,2,rising,TRUE,hall,5,tick,25,t_us,16_413,dur_us,29_965
[2026-09-22T12:25:29.634] Cog0  BM-ACROSS,seq,33,leg,0,motor,LEFT,phase,0,rising,FALSE,hall,4,tick,26,t_us,16_734,dur_us,26_305
[2026-09-22T12:25:29.635] Cog0  BM-ACROSS,seq,34,leg,0,motor,LEFT,phase,1,rising,TRUE,hall,6,tick,27,t_us,10_871,dur_us,23_443
[2026-09-22T12:25:29.637] Cog0  BM-ACROSS,seq,35,leg,0,motor,LEFT,phase,2,rising,FALSE,hall,2,tick,28,t_us,15_745,dur_us,22_073
[2026-09-22T12:25:29.637] Cog0  BM-ACROSS,seq,36,leg,0,motor,LEFT,phase,0,rising,TRUE,hall,3,tick,29,t_us,10_171,dur_us,22_218
[2026-09-22T12:25:29.639] Cog0  BM-ACROSS,seq,37,leg,0,motor,LEFT,phase,1,rising,FALSE,hall,1,tick,30,t_us,15_166,dur_us,19_957
[2026-09-22T12:25:29.640] Cog0  BM-ACROSS,seq,38,leg,0,motor,LEFT,phase,2,rising,TRUE,hall,5,tick,31,t_us,9_977,dur_us,22_538
[2026-09-22T12:25:29.641] Cog0  BM-ACROSS,seq,39,leg,0,motor,LEFT,phase,0,rising,FALSE,hall,4,tick,32,t_us,15_739,dur_us,21_534
[2026-09-22T12:25:29.642] Cog0  BM-ACROSS,seq,40,leg,0,motor,LEFT,phase,1,rising,TRUE,hall,6,tick,33,t_us,8_864,dur_us,20_337
[2026-09-22T12:25:29.643] Cog0  BM-ACROSS,seq,41,leg,0,motor,LEFT,phase,2,rising,FALSE,hall,2,tick,34,t_us,16_843,dur_us,22_286
[2026-09-22T12:25:29.644] Cog0  BM-ACROSS,seq,42,leg,0,motor,LEFT,phase,0,rising,TRUE,hall,3,tick,35,t_us,9_608,dur_us,21_279
[2026-09-22T12:25:29.645] Cog0  BM-ACROSS,seq,43,leg,0,motor,LEFT,phase,1,rising,FALSE,hall,1,tick,36,t_us,15_396,dur_us,20_659
[2026-09-22T12:25:29.646] Cog0  BM-ACROSS,seq,44,leg,0,motor,LEFT,phase,2,rising,TRUE,hall,5,tick,37,t_us,8_502,dur_us,21_117
[2026-09-22T12:25:29.647] Cog0  BM-ACROSS,seq,45,leg,0,motor,LEFT,phase,0,rising,FALSE,hall,4,tick,38,t_us,14_814,dur_us,20_432
[2026-09-22T12:25:29.648] Cog0  BM-ACROSS,seq,46,leg,0,motor,LEFT,phase,1,rising,TRUE,hall,6,tick,39,t_us,8_869,dur_us,20_916
[2026-09-22T12:25:29.649] Cog0  BM-ACROSS,seq,47,leg,0,motor,LEFT,phase,2,rising,FALSE,hall,2,tick,40,t_us,15_366,dur_us,21_252
[2026-09-22T12:25:29.651] Cog0  BM-ACROSS,seq,48,leg,0,motor,LEFT,phase,0,rising,TRUE,hall,3,tick,41,t_us,9_045,dur_us,20_859
[2026-09-22T12:25:29.652] Cog0  BM-ACROSS,seq,49,leg,0,motor,LEFT,phase,1,rising,FALSE,hall,1,tick,42,t_us,15_511,dur_us,20_891
[2026-09-22T12:25:29.653] Cog0  BM-ACROSS,seq,50,leg,0,motor,LEFT,phase,2,rising,TRUE,hall,5,tick,43,t_us,8_856,dur_us,21_993
[2026-09-22T12:25:29.654] Cog0  BM-ACROSS,seq,51,leg,0,motor,LEFT,phase,0,rising,FALSE,hall,4,tick,44,t_us,14_694,dur_us,20_369
[2026-09-22T12:25:29.655] Cog0  BM-ACROSS,seq,52,leg,0,motor,LEFT,phase,1,rising,TRUE,hall,6,tick,45,t_us,8_570,dur_us,19_746
[2026-09-22T12:25:29.656] Cog0  BM-ACROSS,seq,53,leg,0,motor,LEFT,phase,2,rising,FALSE,hall,2,tick,46,t_us,14_694,dur_us,19_252
[2026-09-22T12:25:29.657] Cog0  BM-ACROSS,seq,54,leg,0,motor,LEFT,phase,0,rising,TRUE,hall,3,tick,47,t_us,6_450,dur_us,17_447
[2026-09-22T12:25:29.658] Cog0  BM-ACROSS,seq,55,leg,0,motor,LEFT,phase,1,rising,FALSE,hall,1,tick,48,t_us,13_428,dur_us,16_626
[2026-09-22T12:25:29.659] Cog0  BM-ACROSS,seq,56,leg,0,motor,LEFT,phase,2,rising,TRUE,hall,5,tick,49,t_us,6_383,dur_us,17_318
[2026-09-22T12:25:29.660] Cog0  BM-ACROSS,seq,57,leg,0,motor,LEFT,phase,0,rising,FALSE,hall,4,tick,50,t_us,12_895,dur_us,17_039
[2026-09-22T12:25:29.661] Cog0  BM-ACROSS,seq,58,leg,0,motor,LEFT,phase,1,rising,TRUE,hall,6,tick,51,t_us,5_624,dur_us,16_278
[2026-09-22T12:25:29.662] Cog0  BM-ACROSS,seq,59,leg,0,motor,LEFT,phase,2,rising,FALSE,hall,2,tick,52,t_us,13_422,dur_us,17_035
[2026-09-22T12:25:29.664] Cog0  BM-ACROSS,seq,60,leg,0,motor,LEFT,phase,0,rising,TRUE,hall,3,tick,53,t_us,5_447,dur_us,16_384
[2026-09-22T12:25:29.665] Cog0  BM-ACROSS,seq,61,leg,0,motor,LEFT,phase,1,rising,FALSE,hall,1,tick,54,t_us,12_438,dur_us,15_577
[2026-09-22T12:25:29.666] Cog0  BM-ACROSS,seq,62,leg,0,motor,LEFT,phase,2,rising,TRUE,hall,5,tick,55,t_us,5_677,dur_us,16_955
[2026-09-22T12:25:29.667] Cog0  BM-ACROSS,seq,63,leg,0,motor,LEFT,phase,0,rising,FALSE,hall,4,tick,56,t_us,11_796,dur_us,15_115
[2026-09-22T12:25:29.668] Cog0  BM-ACROSS,seq,64,leg,0,motor,LEFT,phase,1,rising,TRUE,hall,6,tick,57,t_us,5_036,dur_us,15_513
[2026-09-22T12:25:29.669] Cog0  BM-ACROSS,seq,65,leg,0,motor,LEFT,phase,2,rising,FALSE,hall,2,tick,58,t_us,12_728,dur_us,16_931
[2026-09-22T12:25:29.670] Cog0  BM-ACROSS,seq,66,leg,0,motor,LEFT,phase,0,rising,TRUE,hall,3,tick,59,t_us,5_685,dur_us,16_215
[2026-09-22T12:25:29.671] Cog0  BM-ACROSS,seq,67,leg,0,motor,LEFT,phase,1,rising,FALSE,hall,1,tick,60,t_us,13_718,dur_us,17_506
[2026-09-22T12:25:29.672] Cog0  BM-ACROSS,seq,68,leg,0,motor,LEFT,phase,2,rising,TRUE,hall,5,tick,61,t_us,6_207,dur_us,18_121
[2026-09-22T12:25:29.673] Cog0  BM-ACROSS,seq,69,leg,0,motor,LEFT,phase,0,rising,FALSE,hall,4,tick,62,t_us,13_132,dur_us,17_157
[2026-09-22T12:25:29.674] Cog0  BM-ACROSS,seq,70,leg,0,motor,LEFT,phase,1,rising,TRUE,hall,6,tick,63,t_us,6_186,dur_us,17_737
[2026-09-22T12:25:29.676] Cog0  BM-ACROSS,seq,71,leg,0,motor,LEFT,phase,2,rising,FALSE,hall,2,tick,64,t_us,14_035,dur_us,18_328
[2026-09-22T12:25:29.676] Cog0  BM-ACROSS,seq,72,leg,0,motor,LEFT,phase,0,rising,TRUE,hall,3,tick,65,t_us,6_743,dur_us,18_955
[2026-09-22T12:25:29.678] Cog0  BM-ACROSS,seq,73,leg,0,motor,LEFT,phase,1,rising,FALSE,hall,1,tick,66,t_us,13_577,dur_us,18_165
[2026-09-22T12:25:29.679] Cog0  BM-ACROSS,seq,74,leg,0,motor,LEFT,phase,2,rising,TRUE,hall,5,tick,67,t_us,7_120,dur_us,19_417
[2026-09-22T12:25:29.680] Cog0  BM-ACROSS,seq,75,leg,0,motor,LEFT,phase,0,rising,FALSE,hall,4,tick,68,t_us,14_233,dur_us,19_380
[2026-09-22T12:25:29.681] Cog0  BM-ACROSS,seq,76,leg,0,motor,LEFT,phase,1,rising,TRUE,hall,6,tick,69,t_us,6_685,dur_us,17_395
[2026-09-22T12:25:29.682] Cog0  BM-ACROSS,seq,77,leg,0,motor,LEFT,phase,2,rising,FALSE,hall,2,tick,70,t_us,14_352,dur_us,18_084
[2026-09-22T12:25:29.683] Cog0  BM-ACROSS,seq,78,leg,0,motor,LEFT,phase,0,rising,TRUE,hall,3,tick,71,t_us,6_335,dur_us,17_561
[2026-09-22T12:25:29.684] Cog0  BM-ACROSS,seq,79,leg,0,motor,LEFT,phase,1,rising,FALSE,hall,1,tick,72,t_us,13_255,dur_us,16_808
[2026-09-22T12:25:29.685] Cog0  BM-ACROSS,seq,80,leg,0,motor,LEFT,phase,2,rising,TRUE,hall,5,tick,73,t_us,6_203,dur_us,18_004
[2026-09-22T12:25:29.686] Cog0  BM-ACROSS,seq,81,leg,0,motor,LEFT,phase,0,rising,FALSE,hall,4,tick,74,t_us,13_762,dur_us,18_378
[2026-09-22T12:25:29.687] Cog0  BM-ACROSS,seq,82,leg,0,motor,LEFT,phase,1,rising,TRUE,hall,6,tick,75,t_us,6_798,dur_us,18_841
[2026-09-22T12:25:29.688] Cog0  BM-ACROSS,seq,83,leg,0,motor,LEFT,phase,2,rising,FALSE,hall,2,tick,76,t_us,13_804,dur_us,17_979
[2026-09-22T12:25:29.690] Cog0  BM-ACROSS,seq,84,leg,0,motor,LEFT,phase,0,rising,TRUE,hall,3,tick,77,t_us,6_687,dur_us,17_857
[2026-09-22T12:25:29.691] Cog0  BM-ACROSS,seq,85,leg,0,motor,LEFT,phase,1,rising,FALSE,hall,1,tick,78,t_us,13_887,dur_us,18_501
[2026-09-22T12:25:29.692] Cog0  BM-ACROSS,seq,86,leg,0,motor,LEFT,phase,2,rising,TRUE,hall,5,tick,79,t_us,6_972,dur_us,19_061
[2026-09-22T12:25:29.693] Cog0  BM-ACROSS,seq,87,leg,0,motor,LEFT,phase,0,rising,FALSE,hall,4,tick,80,t_us,14_467,dur_us,20_318
[2026-09-22T12:25:29.694] Cog0  BM-ACROSS,seq,88,leg,0,motor,LEFT,phase,1,rising,TRUE,hall,6,tick,81,t_us,9_689,dur_us,22_602
[2026-09-22T12:25:29.695] Cog0  BM-ACROSS,seq,89,leg,0,motor,LEFT,phase,2,rising,FALSE,hall,2,tick,82,t_us,15_952,dur_us,22_545
[2026-09-22T12:25:29.696] Cog0  BM-ACROSS,seq,90,leg,0,motor,LEFT,phase,0,rising,TRUE,hall,3,tick,83,t_us,11_758,dur_us,25_378
[2026-09-22T12:25:29.697] Cog0  BM-ACROSS,seq,91,leg,0,motor,LEFT,phase,1,rising,FALSE,hall,1,tick,84,t_us,17_383,dur_us,26_523
[2026-09-22T12:25:29.698] Cog0  BM-ACROSS,seq,92,leg,0,motor,LEFT,phase,2,rising,TRUE,hall,5,tick,85,t_us,15_262,dur_us,30_116
[2026-09-22T12:25:29.699] Cog0  BM-ACROSS,seq,93,leg,0,motor,LEFT,phase,0,rising,FALSE,hall,4,tick,86,t_us,18_890,dur_us,33_876
[2026-09-22T12:25:29.701] Cog0  BM-ACROSS,seq,94,leg,0,motor,LEFT,phase,1,rising,TRUE,hall,6,tick,87,t_us,16_745,dur_us,33_210
[2026-09-22T12:25:29.701] Cog0  BM-ACROSS,seq,95,leg,0,motor,LEFT,phase,2,rising,FALSE,hall,2,tick,88,t_us,21_327,dur_us,36_952
[2026-09-22T12:25:29.703] Cog0  BM-ACROSS,seq,96,leg,0,motor,LEFT,phase,0,rising,TRUE,hall,3,tick,89,t_us,21_228,dur_us,39_137
[2026-09-22T12:25:29.704] Cog0  BM-ACROSS,seq,97,leg,0,motor,LEFT,phase,1,rising,FALSE,hall,1,tick,90,t_us,21_220,dur_us,36_513
[2026-09-22T12:25:29.705] Cog0  BM-ACROSS,seq,98,leg,0,motor,LEFT,phase,2,rising,TRUE,hall,5,tick,91,t_us,18_507,dur_us,34_811
[2026-09-22T12:25:29.706] Cog0  BM-ACROSS,seq,99,leg,0,motor,LEFT,phase,0,rising,FALSE,hall,4,tick,92,t_us,21_580,dur_us,34_690
[2026-09-22T12:25:29.707] Cog0  BM-ACROSS,seq,100,leg,0,motor,LEFT,phase,1,rising,TRUE,hall,6,tick,93,t_us,17_748,dur_us,33_273
[2026-09-22T12:25:29.708] Cog0  BM-ACROSS,seq,101,leg,0,motor,LEFT,phase,2,rising,FALSE,hall,2,tick,94,t_us,19_761,dur_us,32_955
[2026-09-22T12:25:29.709] Cog0  BM-ACROSS,seq,102,leg,0,motor,LEFT,phase,0,rising,TRUE,hall,3,tick,95,t_us,18_752,dur_us,33_678
[2026-09-22T12:25:29.710] Cog0  BM-ACROSS,seq,103,leg,0,motor,LEFT,phase,1,rising,FALSE,hall,1,tick,96,t_us,18_646,dur_us,30_527
[2026-09-22T12:25:29.711] Cog0  BM-ACROSS,seq,104,leg,0,motor,LEFT,phase,2,rising,TRUE,hall,5,tick,97,t_us,15_267,dur_us,29_702
[2026-09-22T12:25:29.713] Cog0  BM-ACROSS,seq,105,leg,0,motor,LEFT,phase,0,rising,FALSE,hall,4,tick,98,t_us,17_458,dur_us,28_668
[2026-09-22T12:25:29.714] Cog0  BM-ACROSS,seq,106,leg,0,motor,LEFT,phase,1,rising,TRUE,hall,6,tick,99,t_us,14_049,dur_us,27_030
[2026-09-22T12:25:29.715] Cog0  BM-ACROSS,seq,107,leg,0,motor,LEFT,phase,2,rising,FALSE,hall,2,tick,100,t_us,17_668,dur_us,25_767
[2026-09-22T12:25:29.716] Cog0  BM-ACROSS,seq,108,leg,0,motor,LEFT,phase,0,rising,TRUE,hall,3,tick,101,t_us,15_928,dur_us,27_989
[2026-09-22T12:25:29.717] Cog0  BM-ACROSS,seq,109,leg,0,motor,LEFT,phase,1,rising,FALSE,hall,1,tick,102,t_us,18_708,dur_us,26_323
[2026-09-22T12:25:29.718] Cog0  BM-ACROSS,seq,110,leg,0,motor,LEFT,phase,2,rising,TRUE,hall,5,tick,103,t_us,12_389,dur_us,25_196
[2026-09-22T12:25:29.719] Cog0  BM-ACROSS,seq,111,leg,0,motor,LEFT,phase,0,rising,FALSE,hall,4,tick,104,t_us,17_885,dur_us,25_860
[2026-09-22T12:25:29.720] Cog0  BM-ACROSS,seq,112,leg,0,motor,LEFT,phase,1,rising,TRUE,hall,6,tick,105,t_us,10_927,dur_us,23_448
[2026-09-22T12:25:29.721] Cog0  BM-ACROSS,seq,113,leg,0,motor,LEFT,phase,2,rising,FALSE,hall,2,tick,106,t_us,16_703,dur_us,22_944
[2026-09-22T12:25:29.723] Cog0  BM-ACROSS,seq,114,leg,0,motor,LEFT,phase,0,rising,TRUE,hall,3,tick,107,t_us,10_104,dur_us,22_202
[2026-09-22T12:25:29.724] Cog0  BM-ACROSS,seq,115,leg,0,motor,LEFT,phase,1,rising,FALSE,hall,1,tick,108,t_us,15_520,dur_us,21_313
[2026-09-22T12:25:29.725] Cog0  BM-ACROSS,seq,116,leg,0,motor,LEFT,phase,2,rising,TRUE,hall,5,tick,109,t_us,9_090,dur_us,22_286
[2026-09-22T12:25:29.726] Cog0  BM-ACROSS,seq,117,leg,0,motor,LEFT,phase,0,rising,FALSE,hall,4,tick,110,t_us,15_395,dur_us,21_542
[2026-09-22T12:25:29.727] Cog0  BM-ACROSS,seq,118,leg,0,motor,LEFT,phase,1,rising,TRUE,hall,6,tick,111,t_us,11_547,dur_us,23_454
[2026-09-22T12:25:29.728] Cog0  BM-ACROSS,seq,119,leg,0,motor,LEFT,phase,2,rising,FALSE,hall,2,tick,112,t_us,17_947,dur_us,24_926
[2026-09-22T12:25:29.729] Cog0  BM-ACROSS,seq,120,leg,0,motor,LEFT,phase,0,rising,TRUE,hall,3,tick,113,t_us,11_663,dur_us,23_226
[2026-09-22T12:25:29.731] Cog0  BM-ACROSS,seq,121,leg,0,motor,LEFT,phase,1,rising,FALSE,hall,1,tick,114,t_us,17_888,dur_us,24_152
[2026-09-22T12:25:29.732] Cog0  BM-ACROSS,seq,122,leg,0,motor,LEFT,phase,2,rising,TRUE,hall,5,tick,115,t_us,10_445,dur_us,23_297
[2026-09-22T12:25:29.732] Cog0  BM-ACROSS,seq,123,leg,0,motor,LEFT,phase,0,rising,FALSE,hall,4,tick,116,t_us,15_972,dur_us,22_354
[2026-09-22T12:25:29.734] Cog0  BM-ACROSS,seq,124,leg,0,motor,LEFT,phase,1,rising,TRUE,hall,6,tick,117,t_us,9_101,dur_us,21_323
[2026-09-22T12:25:29.735] Cog0  BM-ACROSS,seq,125,leg,0,motor,LEFT,phase,2,rising,FALSE,hall,2,tick,118,t_us,15_862,dur_us,20_656
[2026-09-22T12:25:29.736] Cog0  BM-ACROSS,seq,126,leg,0,motor,LEFT,phase,0,rising,TRUE,hall,3,tick,119,t_us,9_106,dur_us,21_033
[2026-09-22T12:25:29.737] Cog0  BM-ACROSS,seq,127,leg,0,motor,LEFT,phase,1,rising,FALSE,hall,1,tick,120,t_us,14_990,dur_us,19_191
[2026-09-22T12:25:29.738] Cog0  BM-ACROSS,seq,128,leg,0,motor,LEFT,phase,2,rising,TRUE,hall,5,tick,121,t_us,9_030,dur_us,21_123
[2026-09-22T12:25:29.739] Cog0  BM-ACROSS,seq,129,leg,0,motor,LEFT,phase,0,rising,FALSE,hall,4,tick,122,t_us,14_808,dur_us,19_246
[2026-09-22T12:25:29.740] Cog0  BM-ACROSS,seq,130,leg,0,motor,LEFT,phase,1,rising,TRUE,hall,6,tick,123,t_us,7_451,dur_us,17_811
[2026-09-22T12:25:29.742] Cog0  BM-ACROSS,seq,131,leg,0,motor,LEFT,phase,2,rising,FALSE,hall,2,tick,124,t_us,15_654,dur_us,19_415
[2026-09-22T12:25:29.742] Cog0  BM-ACROSS,seq,132,leg,0,motor,LEFT,phase,0,rising,TRUE,hall,3,tick,125,t_us,7_389,dur_us,18_619
[2026-09-22T12:25:29.744] Cog0  BM-ACROSS,seq,133,leg,0,motor,LEFT,phase,1,rising,FALSE,hall,1,tick,126,t_us,14_641,dur_us,18_607
[2026-09-22T12:25:29.745] Cog0  BM-ACROSS,seq,134,leg,0,motor,LEFT,phase,2,rising,TRUE,hall,5,tick,127,t_us,7_029,dur_us,19_586
[2026-09-22T12:25:29.746] Cog0  BM-ACROSS,seq,135,leg,0,motor,LEFT,phase,0,rising,FALSE,hall,4,tick,128,t_us,14_642,dur_us,19_610
[2026-09-22T12:25:29.747] Cog0  BM-ACROSS,seq,136,leg,0,motor,LEFT,phase,1,rising,TRUE,hall,6,tick,129,t_us,8_979,dur_us,20_963
[2026-09-22T12:25:29.748] Cog0  BM-ACROSS,seq,137,leg,0,motor,LEFT,phase,2,rising,FALSE,hall,2,tick,130,t_us,16_035,dur_us,22_069
[2026-09-22T12:25:29.749] Cog0  BM-ACROSS,seq,138,leg,0,motor,LEFT,phase,0,rising,TRUE,hall,3,tick,131,t_us,9_625,dur_us,22_550
[2026-09-22T12:25:29.750] Cog0  BM-ACROSS,seq,139,leg,0,motor,LEFT,phase,1,rising,FALSE,hall,1,tick,132,t_us,16_560,dur_us,23_173
[2026-09-22T12:25:29.752] Cog0  BM-ACROSS,seq,140,leg,0,motor,LEFT,phase,2,rising,TRUE,hall,5,tick,133,t_us,11_153,dur_us,25_158
[2026-09-22T12:25:29.752] Cog0  BM-ACROSS,seq,141,leg,0,motor,LEFT,phase,0,rising,FALSE,hall,4,tick,134,t_us,16_311,dur_us,24_199
[2026-09-22T12:25:29.754] Cog0  BM-ACROSS,seq,142,leg,0,motor,LEFT,phase,1,rising,TRUE,hall,6,tick,135,t_us,11_722,dur_us,23_625
[2026-09-22T12:25:29.755] Cog0  BM-ACROSS,seq,143,leg,0,motor,LEFT,phase,2,rising,FALSE,hall,2,tick,136,t_us,16_736,dur_us,22_653
[2026-09-22T12:25:29.756] Cog0  BM-ACROSS,seq,144,leg,0,motor,LEFT,phase,0,rising,TRUE,hall,3,tick,137,t_us,8_571,dur_us,20_676
[2026-09-22T12:25:29.757] Cog0  BM-ACROSS,seq,145,leg,0,motor,LEFT,phase,1,rising,FALSE,hall,1,tick,138,t_us,14_991,dur_us,19_428
[2026-09-22T12:25:29.758] Cog0  BM-ACROSS,seq,146,leg,0,motor,LEFT,phase,2,rising,TRUE,hall,5,tick,139,t_us,8_033,dur_us,19_719
[2026-09-22T12:25:29.759] Cog0  BM-ACROSS,seq,147,leg,0,motor,LEFT,phase,0,rising,FALSE,hall,4,tick,140,t_us,14_432,dur_us,19_017
[2026-09-22T12:25:29.760] Cog0  BM-ACROSS,seq,148,leg,0,motor,LEFT,phase,1,rising,TRUE,hall,6,tick,141,t_us,6_625,dur_us,17_688
[2026-09-22T12:25:29.762] Cog0  BM-ACROSS,seq,149,leg,0,motor,LEFT,phase,2,rising,FALSE,hall,2,tick,142,t_us,14_583,dur_us,18_314
[2026-09-22T12:25:29.763] Cog0  BM-ACROSS,seq,150,leg,0,motor,LEFT,phase,0,rising,TRUE,hall,3,tick,143,t_us,6_097,dur_us,17_788
[2026-09-22T12:25:29.764] Cog0  BM-ACROSS,seq,151,leg,0,motor,LEFT,phase,1,rising,FALSE,hall,1,tick,144,t_us,13_774,dur_us,17_264
[2026-09-22T12:25:29.765] Cog0  BM-ACROSS,seq,152,leg,0,motor,LEFT,phase,2,rising,TRUE,hall,5,tick,145,t_us,7_147,dur_us,19_758
[2026-09-22T12:25:29.766] Cog0  BM-ACROSS,seq,153,leg,0,motor,LEFT,phase,0,rising,FALSE,hall,4,tick,146,t_us,13_480,dur_us,18_212
[2026-09-22T12:25:29.767] Cog0  BM-ACROSS,seq,154,leg,0,motor,LEFT,phase,1,rising,TRUE,hall,6,tick,147,t_us,7_330,dur_us,18_850
[2026-09-22T12:25:29.768] Cog0  BM-ACROSS,seq,155,leg,0,motor,LEFT,phase,2,rising,FALSE,hall,2,tick,148,t_us,15_108,dur_us,20_551
[2026-09-22T12:25:29.769] Cog0  BM-ACROSS,seq,156,leg,0,motor,LEFT,phase,0,rising,TRUE,hall,3,tick,149,t_us,7_744,dur_us,19_496
[2026-09-22T12:25:29.770] Cog0  BM-ACROSS,seq,157,leg,0,motor,LEFT,phase,1,rising,FALSE,hall,1,tick,150,t_us,15_573,dur_us,20_895
[2026-09-22T12:25:29.771] Cog0  BM-ACROSS,seq,158,leg,0,motor,LEFT,phase,2,rising,TRUE,hall,5,tick,151,t_us,8_503,dur_us,21_693
[2026-09-22T12:25:29.773] Cog0  BM-ACROSS,seq,159,leg,0,motor,LEFT,phase,0,rising,FALSE,hall,4,tick,152,t_us,14_900,dur_us,20_724
[2026-09-22T12:25:29.774] Cog0  BM-ACROSS,seq,160,leg,0,motor,LEFT,phase,1,rising,TRUE,hall,6,tick,153,t_us,8_690,dur_us,20_903
[2026-09-22T12:25:29.775] Cog0  BM-ACROSS,seq,161,leg,0,motor,LEFT,phase,2,rising,FALSE,hall,2,tick,154,t_us,15_222,dur_us,20_842
[2026-09-22T12:25:29.776] Cog0  BM-ACROSS,seq,162,leg,0,motor,LEFT,phase,0,rising,TRUE,hall,3,tick,155,t_us,8_512,dur_us,21_307
[2026-09-22T12:25:29.777] Cog0  BM-ACROSS,seq,163,leg,0,motor,LEFT,phase,1,rising,FALSE,hall,1,tick,156,t_us,14_272,dur_us,20_034
[2026-09-22T12:25:29.778] Cog0  BM-ACROSS,seq,164,leg,0,motor,LEFT,phase,2,rising,TRUE,hall,5,tick,157,t_us,8_148,dur_us,21_113
[2026-09-22T12:25:29.779] Cog0  BM-ACROSS,seq,165,leg,0,motor,LEFT,phase,0,rising,FALSE,hall,4,tick,158,t_us,15_160,dur_us,21_076
[2026-09-22T12:25:29.780] Cog0  BM-ACROSS,seq,166,leg,0,motor,LEFT,phase,1,rising,TRUE,hall,6,tick,159,t_us,7_331,dur_us,18_798
[2026-09-22T12:25:29.781] Cog0  BM-ACROSS,seq,167,leg,0,motor,LEFT,phase,2,rising,FALSE,hall,2,tick,160,t_us,15_104,dur_us,19_603
[2026-09-22T12:25:29.783] Cog0  BM-ACROSS,seq,168,leg,0,motor,LEFT,phase,0,rising,TRUE,hall,3,tick,161,t_us,7_452,dur_us,19_315
[2026-09-22T12:25:29.783] Cog0  BM-ACROSS,seq,169,leg,0,motor,LEFT,phase,1,rising,FALSE,hall,1,tick,162,t_us,13_917,dur_us,18_381
[2026-09-22T12:25:29.785] Cog0  BM-ACROSS,seq,170,leg,0,motor,LEFT,phase,2,rising,TRUE,hall,5,tick,163,t_us,7_382,dur_us,19_935
[2026-09-22T12:25:29.786] Cog0  BM-ACROSS,seq,171,leg,0,motor,LEFT,phase,0,rising,FALSE,hall,4,tick,164,t_us,15_015,dur_us,20_600
[2026-09-22T12:25:29.787] Cog0  BM-ACROSS,seq,172,leg,0,motor,LEFT,phase,1,rising,TRUE,hall,6,tick,165,t_us,8_894,dur_us,21_949
[2026-09-22T12:25:29.788] Cog0  BM-ACROSS,seq,173,leg,0,motor,LEFT,phase,2,rising,FALSE,hall,2,tick,166,t_us,15_406,dur_us,22_090
[2026-09-22T12:25:29.789] Cog0  BM-ACROSS,seq,174,leg,0,motor,LEFT,phase,0,rising,TRUE,hall,3,tick,167,t_us,11_013,dur_us,23_850
[2026-09-22T12:25:29.790] Cog0  BM-ACROSS,seq,175,leg,0,motor,LEFT,phase,1,rising,FALSE,hall,1,tick,168,t_us,16_334,dur_us,24_952
[2026-09-22T12:25:29.791] Cog0  BM-ACROSS,seq,176,leg,0,motor,LEFT,phase,2,rising,TRUE,hall,5,tick,169,t_us,10_743,dur_us,25_281
[2026-09-22T12:25:29.793] Cog0  BM-ACROSS,seq,177,leg,0,motor,LEFT,phase,0,rising,FALSE,hall,4,tick,170,t_us,17_095,dur_us,26_772
[2026-09-22T12:25:29.794] Cog0  BM-ACROSS,seq,178,leg,0,motor,LEFT,phase,1,rising,TRUE,hall,6,tick,171,t_us,14_313,dur_us,28_967
[2026-09-22T12:25:29.795] Cog0  BM-ACROSS,seq,179,leg,0,motor,LEFT,phase,2,rising,FALSE,hall,2,tick,172,t_us,18_421,dur_us,28_910
[2026-09-22T12:25:29.796] Cog0  BM-ACROSS,seq,180,leg,0,motor,LEFT,phase,0,rising,TRUE,hall,3,tick,173,t_us,18_017,dur_us,33_831
[2026-09-22T12:25:29.797] Cog0  BM-ACROSS,seq,181,leg,0,motor,LEFT,phase,1,rising,FALSE,hall,1,tick,174,t_us,19_778,dur_us,33_114
[2026-09-22T12:25:29.798] Cog0  BM-ACROSS,seq,182,leg,0,motor,LEFT,phase,2,rising,TRUE,hall,5,tick,175,t_us,17_371,dur_us,33_055
[2026-09-22T12:25:29.799] Cog0  BM-ACROSS,seq,183,leg,0,motor,LEFT,phase,0,rising,FALSE,hall,4,tick,176,t_us,18_777,dur_us,34_002
[2026-09-22T12:25:29.800] Cog0  BM-ACROSS,seq,184,leg,0,motor,LEFT,phase,1,rising,TRUE,hall,6,tick,177,t_us,17_450,dur_us,33_157
[2026-09-22T12:25:29.801] Cog0  BM-ACROSS,seq,185,leg,0,motor,LEFT,phase,2,rising,FALSE,hall,2,tick,178,t_us,20_666,dur_us,35_063
[2026-09-22T12:25:29.803] Cog0  BM-ACROSS,seq,186,leg,0,motor,LEFT,phase,0,rising,TRUE,hall,3,tick,179,t_us,17_630,dur_us,34_358
[2026-09-22T12:25:29.804] Cog0  BM-ACROSS,seq,187,leg,0,motor,LEFT,phase,1,rising,FALSE,hall,1,tick,180,t_us,19_337,dur_us,31_241
[2026-09-22T12:25:29.805] Cog0  BM-ACROSS,seq,188,leg,0,motor,LEFT,phase,2,rising,TRUE,hall,5,tick,181,t_us,16_022,dur_us,31_109
[2026-09-22T12:25:29.806] Cog0  BM-ACROSS,seq,189,leg,0,motor,LEFT,phase,0,rising,FALSE,hall,4,tick,182,t_us,20_331,dur_us,32_266
[2026-09-22T12:25:29.807] Cog0  BM-ACROSS,seq,190,leg,0,motor,LEFT,phase,1,rising,TRUE,hall,6,tick,183,t_us,16_338,dur_us,31_036
[2026-09-22T12:25:29.808] Cog0  BM-ACROSS,seq,191,leg,0,motor,LEFT,phase,2,rising,FALSE,hall,2,tick,184,t_us,19_310,dur_us,29_473
[2026-09-22T12:25:29.809] Cog0  BM-ACROSS,seq,192,leg,0,motor,LEFT,phase,0,rising,TRUE,hall,3,tick,185,t_us,15_123,dur_us,27_923
[2026-09-22T12:25:29.811] Cog0  BM-ACROSS,seq,193,leg,0,motor,LEFT,phase,1,rising,FALSE,hall,1,tick,186,t_us,17_550,dur_us,24_930
[2026-09-22T12:25:29.811] Cog0  BM-ACROSS,seq,194,leg,0,motor,LEFT,phase,2,rising,TRUE,hall,5,tick,187,t_us,9_916,dur_us,23_639
[2026-09-22T12:25:29.813] Cog0  BM-ACROSS,seq,195,leg,0,motor,LEFT,phase,0,rising,FALSE,hall,4,tick,188,t_us,15_337,dur_us,22_076
[2026-09-22T12:25:29.814] Cog0  BM-ACROSS,seq,196,leg,0,motor,LEFT,phase,1,rising,TRUE,hall,6,tick,189,t_us,9_105,dur_us,21_207
[2026-09-22T12:25:29.815] Cog0  BM-ACROSS,seq,197,leg,0,motor,LEFT,phase,2,rising,FALSE,hall,2,tick,190,t_us,15_510,dur_us,20_008
[2026-09-22T12:25:29.816] Cog0  BM-ACROSS,seq,198,leg,0,motor,LEFT,phase,0,rising,TRUE,hall,3,tick,191,t_us,9_634,dur_us,21_394
[2026-09-22T12:25:29.817] Cog0  BM-ACROSS,seq,199,leg,0,motor,LEFT,phase,1,rising,FALSE,hall,1,tick,192,t_us,16_555,dur_us,21_223
[2026-09-22T12:25:29.818] Cog0  BM-ACROSS,seq,200,leg,0,motor,LEFT,phase,2,rising,TRUE,hall,5,tick,193,t_us,9_384,dur_us,21_363
[2026-09-22T12:25:29.819] Cog0  BM-ACROSS,seq,201,leg,0,motor,LEFT,phase,0,rising,FALSE,hall,4,tick,194,t_us,16_461,dur_us,22_288
[2026-09-22T12:25:29.820] Cog0  BM-ACROSS,seq,202,leg,0,motor,LEFT,phase,1,rising,TRUE,hall,6,tick,195,t_us,9_512,dur_us,20_921
[2026-09-22T12:25:29.822] Cog0  BM-ACROSS,seq,203,leg,0,motor,LEFT,phase,2,rising,FALSE,hall,2,tick,196,t_us,15_914,dur_us,21_239
[2026-09-22T12:25:29.823] Cog0  BM-ACROSS,seq,204,leg,0,motor,LEFT,phase,0,rising,TRUE,hall,3,tick,197,t_us,8_335,dur_us,20_844
[2026-09-22T12:25:29.824] Cog0  BM-ACROSS,seq,205,leg,0,motor,LEFT,phase,1,rising,FALSE,hall,1,tick,198,t_us,14_936,dur_us,20_140
[2026-09-22T12:25:29.825] Cog0  BM-ACROSS,seq,206,leg,0,motor,LEFT,phase,2,rising,TRUE,hall,5,tick,199,t_us,8_444,dur_us,20_997
[2026-09-22T12:25:29.826] Cog0  BM-ACROSS,seq,207,leg,0,motor,LEFT,phase,0,rising,FALSE,hall,4,tick,200,t_us,14_868,dur_us,19_895
[2026-09-22T12:25:29.827] Cog0  BM-ACROSS,seq,208,leg,0,motor,LEFT,phase,1,rising,TRUE,hall,6,tick,201,t_us,9_923,dur_us,21_276
[2026-09-22T12:25:29.828] Cog0  BM-ACROSS,seq,209,leg,0,motor,LEFT,phase,2,rising,FALSE,hall,2,tick,202,t_us,16_845,dur_us,22_347
[2026-09-22T12:25:29.829] Cog0  BM-ACROSS,seq,210,leg,0,motor,LEFT,phase,0,rising,TRUE,hall,3,tick,203,t_us,9_605,dur_us,21_224
[2026-09-22T12:25:29.830] Cog0  BM-ACROSS,seq,211,leg,0,motor,LEFT,phase,1,rising,FALSE,hall,1,tick,204,t_us,17_196,dur_us,23_045
[2026-09-22T12:25:29.832] Cog0  BM-ACROSS,seq,212,leg,0,motor,LEFT,phase,2,rising,TRUE,hall,5,tick,205,t_us,10_327,dur_us,23_059
[2026-09-22T12:25:29.832] Cog0  BM-ACROSS,seq,213,leg,0,motor,LEFT,phase,0,rising,FALSE,hall,4,tick,206,t_us,16_032,dur_us,22_414
[2026-09-22T12:25:29.834] Cog0  BM-ACROSS,seq,214,leg,0,motor,LEFT,phase,1,rising,TRUE,hall,6,tick,207,t_us,9_455,dur_us,21_557
[2026-09-22T12:25:29.835] Cog0  BM-ACROSS,seq,215,leg,0,motor,LEFT,phase,2,rising,FALSE,hall,2,tick,208,t_us,15_574,dur_us,20_722
[2026-09-22T12:25:29.836] Cog0  BM-ACROSS,seq,216,leg,0,motor,LEFT,phase,0,rising,TRUE,hall,3,tick,209,t_us,9_136,dur_us,20_917
[2026-09-22T12:25:29.837] Cog0  BM-ACROSS,seq,217,leg,0,motor,LEFT,phase,1,rising,FALSE,hall,1,tick,210,t_us,14_991,dur_us,18_896
[2026-09-22T12:25:29.838] Cog0  BM-ACROSS,seq,218,leg,0,motor,LEFT,phase,2,rising,TRUE,hall,5,tick,211,t_us,8_676,dur_us,20_943
[2026-09-22T12:25:29.839] Cog0  BM-ACROSS,seq,219,leg,0,motor,LEFT,phase,0,rising,FALSE,hall,4,tick,212,t_us,14_860,dur_us,19_593
[2026-09-22T12:25:29.840] Cog0  BM-ACROSS,seq,220,leg,0,motor,LEFT,phase,1,rising,TRUE,hall,6,tick,213,t_us,7_446,dur_us,18_335
[2026-09-22T12:25:29.842] Cog0  BM-ACROSS,seq,221,leg,0,motor,LEFT,phase,2,rising,FALSE,hall,2,tick,214,t_us,15_850,dur_us,20_229
[2026-09-22T12:25:29.842] Cog0  BM-ACROSS,seq,222,leg,0,motor,LEFT,phase,0,rising,TRUE,hall,3,tick,215,t_us,7_510,dur_us,19_382
[2026-09-22T12:25:29.844] Cog0  BM-ACROSS,seq,223,leg,0,motor,LEFT,phase,1,rising,FALSE,hall,1,tick,216,t_us,14_874,dur_us,19_249
[2026-09-22T12:25:29.845] Cog0  BM-ACROSS,seq,224,leg,0,motor,LEFT,phase,2,rising,TRUE,hall,5,tick,217,t_us,7_500,dur_us,19_939
[2026-09-22T12:25:29.846] Cog0  BM-ACROSS,seq,225,leg,0,motor,LEFT,phase,0,rising,FALSE,hall,4,tick,218,t_us,14_519,dur_us,19_311
[2026-09-22T12:25:29.847] Cog0  BM-ACROSS,seq,226,leg,0,motor,LEFT,phase,1,rising,TRUE,hall,6,tick,219,t_us,8_390,dur_us,20_026
[2026-09-22T12:25:29.848] Cog0  BM-ACROSS,seq,227,leg,0,motor,LEFT,phase,2,rising,FALSE,hall,2,tick,220,t_us,15_251,dur_us,20_193
[2026-09-22T12:25:29.849] Cog0  BM-ACROSS,seq,228,leg,0,motor,LEFT,phase,0,rising,TRUE,hall,3,tick,221,t_us,7_835,dur_us,19_211
[2026-09-22T12:25:29.850] Cog0  BM-ACROSS,seq,229,leg,0,motor,LEFT,phase,1,rising,FALSE,hall,1,tick,222,t_us,15_105,dur_us,19_070
[2026-09-22T12:25:29.852] Cog0  BM-ACROSS,seq,230,leg,0,motor,LEFT,phase,2,rising,TRUE,hall,5,tick,223,t_us,7_118,dur_us,19_879
[2026-09-22T12:25:29.853] Cog0  BM-ACROSS,seq,231,leg,0,motor,LEFT,phase,0,rising,FALSE,hall,4,tick,224,t_us,14_112,dur_us,18_667
[2026-09-22T12:25:29.854] Cog0  BM-ACROSS,seq,232,leg,0,motor,LEFT,phase,1,rising,TRUE,hall,6,tick,225,t_us,7_891,dur_us,19_444
[2026-09-22T12:25:29.855] Cog0  BM-ACROSS,seq,233,leg,0,motor,LEFT,phase,2,rising,FALSE,hall,2,tick,226,t_us,15_274,dur_us,20_598
[2026-09-22T12:25:29.856] Cog0  BM-ACROSS,seq,234,leg,0,motor,LEFT,phase,0,rising,TRUE,hall,3,tick,227,t_us,7_862,dur_us,20_191
[2026-09-22T12:25:29.857] Cog0  BM-ACROSS,seq,235,leg,0,motor,LEFT,phase,1,rising,FALSE,hall,1,tick,228,t_us,15_285,dur_us,20_430
[2026-09-22T12:25:29.858] Cog0  BM-ACROSS,seq,236,leg,0,motor,LEFT,phase,2,rising,TRUE,hall,5,tick,229,t_us,9_386,dur_us,22_413
[2026-09-22T12:25:29.859] Cog0  BM-ACROSS,seq,237,leg,0,motor,LEFT,phase,0,rising,FALSE,hall,4,tick,230,t_us,16_182,dur_us,23_540
[2026-09-22T12:25:29.860] Cog0  BM-ACROSS,seq,238,leg,0,motor,LEFT,phase,1,rising,TRUE,hall,6,tick,231,t_us,10_633,dur_us,23_151
[2026-09-22T12:25:29.861] Cog0  BM-ACROSS,seq,239,leg,0,motor,LEFT,phase,2,rising,FALSE,hall,2,tick,232,t_us,17_281,dur_us,24_642
[2026-09-22T12:25:29.863] Cog0  BM-ACROSS,seq,240,leg,0,motor,LEFT,phase,0,rising,TRUE,hall,3,tick,233,t_us,11_515,dur_us,24_492
[2026-09-22T12:25:29.864] Cog0  BM-ACROSS,seq,241,leg,0,motor,LEFT,phase,1,rising,FALSE,hall,1,tick,234,t_us,16_561,dur_us,23_001
[2026-09-22T12:25:29.865] Cog0  BM-ACROSS,seq,242,leg,0,motor,LEFT,phase,2,rising,TRUE,hall,5,tick,235,t_us,11_093,dur_us,25_267
[2026-09-22T12:25:29.866] Cog0  BM-ACROSS,seq,243,leg,0,motor,LEFT,phase,0,rising,FALSE,hall,4,tick,236,t_us,15_111,dur_us,22_612
[2026-09-22T12:25:29.867] Cog0  BM-ACROSS,seq,244,leg,0,motor,LEFT,phase,1,rising,TRUE,hall,6,tick,237,t_us,10_160,dur_us,22_848
[2026-09-22T12:25:29.868] Cog0  BM-ACROSS,seq,245,leg,0,motor,LEFT,phase,2,rising,FALSE,hall,2,tick,238,t_us,17_153,dur_us,25_255
[2026-09-22T12:25:29.869] Cog0  BM-ACROSS,seq,246,leg,0,motor,LEFT,phase,0,rising,TRUE,hall,3,tick,239,t_us,11_366,dur_us,24_090
[2026-09-22T12:25:29.871] Cog0  BM-ACROSS,seq,247,leg,0,motor,LEFT,phase,1,rising,FALSE,hall,1,tick,240,t_us,17_140,dur_us,24_403
[2026-09-22T12:25:29.871] Cog0  BM-ACROSS,seq,248,leg,0,motor,LEFT,phase,2,rising,TRUE,hall,5,tick,241,t_us,10_153,dur_us,23_873
[2026-09-22T12:25:29.873] Cog0  BM-ACROSS,seq,249,leg,0,motor,LEFT,phase,0,rising,FALSE,hall,4,tick,242,t_us,15_454,dur_us,21_899
[2026-09-22T12:25:29.874] Cog0  BM-ACROSS,seq,250,leg,0,motor,LEFT,phase,1,rising,TRUE,hall,6,tick,243,t_us,9_335,dur_us,22_373
[2026-09-22T12:25:29.875] Cog0  BM-ACROSS,seq,251,leg,0,motor,LEFT,phase,2,rising,FALSE,hall,2,tick,244,t_us,16_622,dur_us,23_599
[2026-09-22T12:25:29.876] Cog0  BM-ACROSS,seq,252,leg,0,motor,LEFT,phase,0,rising,TRUE,hall,3,tick,245,t_us,11_035,dur_us,24_941
[2026-09-22T12:25:29.877] Cog0  BM-ACROSS,seq,253,leg,0,motor,LEFT,phase,1,rising,FALSE,hall,1,tick,246,t_us,15_732,dur_us,22_907
[2026-09-22T12:25:29.878] Cog0  BM-ACROSS,seq,254,leg,0,motor,LEFT,phase,2,rising,TRUE,hall,5,tick,247,t_us,10_741,dur_us,24_809
[2026-09-22T12:25:29.879] Cog0  BM-ACROSS,seq,255,leg,0,motor,LEFT,phase,0,rising,FALSE,hall,4,tick,248,t_us,17_372,dur_us,28_372
[2026-09-22T12:25:29.881] Cog0  BM-ACROSS,seq,256,leg,0,motor,LEFT,phase,1,rising,TRUE,hall,6,tick,249,t_us,14_221,dur_us,28_274
[2026-09-22T12:25:29.881] Cog0  BM-ACROSS,seq,257,leg,0,motor,LEFT,phase,2,rising,FALSE,hall,2,tick,250,t_us,20_354,dur_us,32_395
[2026-09-22T12:25:29.883] Cog0  BM-ACROSS,seq,258,leg,0,motor,LEFT,phase,0,rising,TRUE,hall,3,tick,251,t_us,16_368,dur_us,33_581
[2026-09-22T12:25:29.884] Cog0  BM-ACROSS,seq,259,leg,0,motor,LEFT,phase,1,rising,FALSE,hall,1,tick,252,t_us,18_338,dur_us,30_299
[2026-09-22T12:25:29.885] Cog0  BM-ACROSS,seq,260,leg,0,motor,LEFT,phase,2,rising,TRUE,hall,5,tick,253,t_us,16_166,dur_us,34_435
[2026-09-22T12:25:29.886] Cog0  BM-ACROSS,seq,261,leg,0,motor,LEFT,phase,0,rising,FALSE,hall,4,tick,254,t_us,22_046,dur_us,38_947
[2026-09-22T12:25:29.887] Cog0  BM-ACROSS,seq,262,leg,0,motor,LEFT,phase,1,rising,TRUE,hall,6,tick,255,t_us,19_165,dur_us,38_576
[2026-09-22T12:25:29.888] Cog0  BM-ACROSS,seq,263,leg,0,motor,LEFT,phase,2,rising,FALSE,hall,2,tick,256,t_us,19_778,dur_us,35_084
[2026-09-22T12:25:29.889] Cog0  BM-ACROSS,seq,264,leg,0,motor,LEFT,phase,0,rising,TRUE,hall,3,tick,257,t_us,18_179,dur_us,36_625
[2026-09-22T12:25:29.891] Cog0  BM-ACROSS,seq,265,leg,0,motor,LEFT,phase,1,rising,FALSE,hall,1,tick,258,t_us,20_192,dur_us,34_762
[2026-09-22T12:25:29.892] Cog0  BM-ACROSS,seq,266,leg,0,motor,LEFT,phase,2,rising,TRUE,hall,5,tick,259,t_us,15_111,dur_us,32_276
[2026-09-22T12:25:29.893] Cog0  BM-ACROSS,seq,267,leg,0,motor,LEFT,phase,0,rising,FALSE,hall,4,tick,260,t_us,19_309,dur_us,32_188
[2026-09-22T12:25:29.894] Cog0  BM-ACROSS,seq,268,leg,0,motor,LEFT,phase,1,rising,TRUE,hall,6,tick,261,t_us,16_811,dur_us,31_039
[2026-09-22T12:25:29.895] Cog0  BM-ACROSS,seq,269,leg,0,motor,LEFT,phase,2,rising,FALSE,hall,2,tick,262,t_us,18_526,dur_us,27_720
[2026-09-22T12:25:29.896] Cog0  BM-ACROSS,seq,270,leg,0,motor,LEFT,phase,0,rising,TRUE,hall,3,tick,263,t_us,15_862,dur_us,29_144
[2026-09-22T12:25:29.897] Cog0  BM-ACROSS,seq,271,leg,0,motor,LEFT,phase,1,rising,FALSE,hall,1,tick,264,t_us,17_560,dur_us,27_058
[2026-09-22T12:25:29.898] Cog0  BM-ACROSS,seq,272,leg,0,motor,LEFT,phase,2,rising,TRUE,hall,5,tick,265,t_us,12_597,dur_us,26_367
[2026-09-22T12:25:29.899] Cog0  BM-ACROSS,seq,273,leg,0,motor,LEFT,phase,0,rising,FALSE,hall,4,tick,266,t_us,16_856,dur_us,26_064
[2026-09-22T12:25:29.901] Cog0  BM-ACROSS,seq,274,leg,0,motor,LEFT,phase,1,rising,TRUE,hall,6,tick,267,t_us,11_574,dur_us,24_151
[2026-09-22T12:25:29.902] Cog0  BM-ACROSS,seq,275,leg,0,motor,LEFT,phase,2,rising,FALSE,hall,2,tick,268,t_us,16_506,dur_us,23_722
[2026-09-22T12:25:29.904] Cog0  BM-ACROSS,seq,276,leg,0,motor,LEFT,phase,0,rising,TRUE,hall,3,tick,269,t_us,10_045,dur_us,22_845
[2026-09-22T12:25:29.921] Cog0  BM-ALEG,seq,277,leg,0,motor,LEFT,speed,SLOW,ask_dir,FORWARD,meas_dir,FORWARD,ticks,270,span_ms,6_334,edge_s_x10,426,samples,228_645,sectors,269,samp_sect,260,cross,269,unusable,0,dropped,0,rail_pm,142,band_railed,0,peak_i_mV,14,bias_still,TRUE,outcome,OK
[2026-09-22T12:25:30.557] Cog0  BM-AGUIDE,seq,278,leg,1,motor,LEFT,ask_dir,REVERSE,speed,SLOW,turns,3,ticks,270,bias_still,TRUE,bias_u_mV,53,bias_v_mV,61,bias_w_mV,61,hyst_u_mV,10,hyst_v_mV,9,hyst_w_mV,10,band_railed,0,bias_tries,1
[2026-09-22T12:25:30.572] Cog0  TURN LEFT WHEEL REVERSE, SLOW -- keep turning until output resumes
[2026-09-22T12:25:39.898] Cog0  BM-ACROSS,seq,279,leg,1,motor,LEFT,phase,1,rising,TRUE,hall,6,tick,-1,t_us,34_867,dur_us,74_324
[2026-09-22T12:25:39.899] Cog0  BM-ACROSS,seq,280,leg,1,motor,LEFT,phase,0,rising,FALSE,hall,4,tick,-2,t_us,24_580,dur_us,48_184
[2026-09-22T12:25:39.899] Cog0  BM-ACROSS,seq,281,leg,1,motor,LEFT,phase,2,rising,TRUE,hall,5,tick,-3,t_us,12_780,dur_us,31_090
[2026-09-22T12:25:39.901] Cog0  BM-ACROSS,seq,282,leg,1,motor,LEFT,phase,1,rising,FALSE,hall,1,tick,-4,t_us,14_079,dur_us,27_560
[2026-09-22T12:25:39.902] Cog0  BM-ACROSS,seq,283,leg,1,motor,LEFT,phase,0,rising,TRUE,hall,3,tick,-5,t_us,9_684,dur_us,25_316
[2026-09-22T12:25:39.902] Cog0  BM-ACROSS,seq,284,leg,1,motor,LEFT,phase,2,rising,FALSE,hall,2,tick,-6,t_us,13_180,dur_us,22_179
[2026-09-22T12:25:39.904] Cog0  BM-ACROSS,seq,285,leg,1,motor,LEFT,phase,1,rising,TRUE,hall,6,tick,-7,t_us,7_446,dur_us,22_261
[2026-09-22T12:25:39.905] Cog0  BM-ACROSS,seq,286,leg,1,motor,LEFT,phase,0,rising,FALSE,hall,4,tick,-8,t_us,13_613,dur_us,21_115
[2026-09-22T12:25:39.906] Cog0  BM-ACROSS,seq,287,leg,1,motor,LEFT,phase,2,rising,TRUE,hall,5,tick,-9,t_us,6_329,dur_us,20_394
[2026-09-22T12:25:39.907] Cog0  BM-ACROSS,seq,288,leg,1,motor,LEFT,phase,1,rising,FALSE,hall,1,tick,-10,t_us,12_852,dur_us,19_474
[2026-09-22T12:25:39.909] Cog0  BM-ACROSS,seq,289,leg,1,motor,LEFT,phase,0,rising,TRUE,hall,3,tick,-11,t_us,5_262,dur_us,18_681
[2026-09-22T12:25:39.910] Cog0  BM-ACROSS,seq,290,leg,1,motor,LEFT,phase,2,rising,FALSE,hall,2,tick,-12,t_us,12_089,dur_us,18_234
[2026-09-22T12:25:39.911] Cog0  BM-ACROSS,seq,291,leg,1,motor,LEFT,phase,1,rising,TRUE,hall,6,tick,-13,t_us,4_673,dur_us,17_977
[2026-09-22T12:25:39.912] Cog0  BM-ACROSS,seq,292,leg,1,motor,LEFT,phase,0,rising,FALSE,hall,4,tick,-14,t_us,11_350,dur_us,17_088
[2026-09-22T12:25:39.913] Cog0  BM-ACROSS,seq,293,leg,1,motor,LEFT,phase,2,rising,TRUE,hall,5,tick,-15,t_us,3_907,dur_us,16_405
[2026-09-22T12:25:39.914] Cog0  BM-ACROSS,seq,294,leg,1,motor,LEFT,phase,1,rising,FALSE,hall,1,tick,-16,t_us,10_936,dur_us,16_028
[2026-09-22T12:25:39.915] Cog0  BM-ACROSS,seq,295,leg,1,motor,LEFT,phase,0,rising,TRUE,hall,3,tick,-17,t_us,4_026,dur_us,16_230
[2026-09-22T12:25:39.916] Cog0  BM-ACROSS,seq,296,leg,1,motor,LEFT,phase,2,rising,FALSE,hall,2,tick,-18,t_us,11_514,dur_us,16_422
[2026-09-22T12:25:39.917] Cog0  BM-ACROSS,seq,297,leg,1,motor,LEFT,phase,1,rising,TRUE,hall,6,tick,-19,t_us,3_788,dur_us,16_400
[2026-09-22T12:25:39.918] Cog0  BM-ACROSS,seq,298,leg,1,motor,LEFT,phase,0,rising,FALSE,hall,4,tick,-20,t_us,11_804,dur_us,17_125
[2026-09-22T12:25:39.920] Cog0  BM-ACROSS,seq,299,leg,1,motor,LEFT,phase,2,rising,TRUE,hall,5,tick,-21,t_us,4_321,dur_us,17_398
[2026-09-22T12:25:39.921] Cog0  BM-ACROSS,seq,300,leg,1,motor,LEFT,phase,1,rising,FALSE,hall,1,tick,-22,t_us,11_746,dur_us,17_838
[2026-09-22T12:25:39.922] Cog0  BM-ACROSS,seq,301,leg,1,motor,LEFT,phase,0,rising,TRUE,hall,3,tick,-23,t_us,5_086,dur_us,18_503
[2026-09-22T12:25:39.923] Cog0  BM-ACROSS,seq,302,leg,1,motor,LEFT,phase,2,rising,FALSE,hall,2,tick,-24,t_us,12_099,dur_us,17_888
[2026-09-22T12:25:39.924] Cog0  BM-ACROSS,seq,303,leg,1,motor,LEFT,phase,1,rising,TRUE,hall,6,tick,-25,t_us,5_557,dur_us,19_388
[2026-09-22T12:25:39.925] Cog0  BM-ACROSS,seq,304,leg,1,motor,LEFT,phase,0,rising,FALSE,hall,4,tick,-26,t_us,12_683,dur_us,19_414
[2026-09-22T12:25:39.926] Cog0  BM-ACROSS,seq,305,leg,1,motor,LEFT,phase,2,rising,TRUE,hall,5,tick,-27,t_us,6_185,dur_us,20_457
[2026-09-22T12:25:39.927] Cog0  BM-ACROSS,seq,306,leg,1,motor,LEFT,phase,1,rising,FALSE,hall,1,tick,-28,t_us,13_786,dur_us,21_701
[2026-09-22T12:25:39.928] Cog0  BM-ACROSS,seq,307,leg,1,motor,LEFT,phase,0,rising,TRUE,hall,3,tick,-29,t_us,7_150,dur_us,22_203
[2026-09-22T12:25:39.930] Cog0  BM-ACROSS,seq,308,leg,1,motor,LEFT,phase,2,rising,FALSE,hall,2,tick,-30,t_us,14_681,dur_us,22_322
[2026-09-22T12:25:39.930] Cog0  BM-ACROSS,seq,309,leg,1,motor,LEFT,phase,1,rising,TRUE,hall,6,tick,-31,t_us,8_239,dur_us,23_559
[2026-09-22T12:25:39.932] Cog0  BM-ACROSS,seq,310,leg,1,motor,LEFT,phase,0,rising,FALSE,hall,4,tick,-32,t_us,13_732,dur_us,22_766
[2026-09-22T12:25:39.933] Cog0  BM-ACROSS,seq,311,leg,1,motor,LEFT,phase,2,rising,TRUE,hall,5,tick,-33,t_us,7_391,dur_us,22_386
[2026-09-22T12:25:39.934] Cog0  BM-ACROSS,seq,312,leg,1,motor,LEFT,phase,1,rising,FALSE,hall,1,tick,-34,t_us,12_944,dur_us,21_424
[2026-09-22T12:25:39.935] Cog0  BM-ACROSS,seq,313,leg,1,motor,LEFT,phase,0,rising,TRUE,hall,3,tick,-35,t_us,8_624,dur_us,23_151
[2026-09-22T12:25:39.936] Cog0  BM-ACROSS,seq,314,leg,1,motor,LEFT,phase,2,rising,FALSE,hall,2,tick,-36,t_us,14_390,dur_us,23_565
[2026-09-22T12:25:39.937] Cog0  BM-ACROSS,seq,315,leg,1,motor,LEFT,phase,1,rising,TRUE,hall,6,tick,-37,t_us,7_974,dur_us,22_795
[2026-09-22T12:25:39.938] Cog0  BM-ACROSS,seq,316,leg,1,motor,LEFT,phase,0,rising,FALSE,hall,4,tick,-38,t_us,15_083,dur_us,26_285
[2026-09-22T12:25:39.940] Cog0  BM-ACROSS,seq,317,leg,1,motor,LEFT,phase,2,rising,TRUE,hall,5,tick,-39,t_us,10_870,dur_us,28_263
[2026-09-22T12:25:39.940] Cog0  BM-ACROSS,seq,318,leg,1,motor,LEFT,phase,1,rising,FALSE,hall,1,tick,-40,t_us,15_180,dur_us,30_659
[2026-09-22T12:25:39.942] Cog0  BM-ACROSS,seq,319,leg,1,motor,LEFT,phase,0,rising,TRUE,hall,3,tick,-41,t_us,17_410,dur_us,35_998
[2026-09-22T12:25:39.943] Cog0  BM-ACROSS,seq,320,leg,1,motor,LEFT,phase,2,rising,FALSE,hall,2,tick,-42,t_us,17_111,dur_us,30_991
[2026-09-22T12:25:39.944] Cog0  BM-ACROSS,seq,321,leg,1,motor,LEFT,phase,1,rising,TRUE,hall,6,tick,-43,t_us,11_442,dur_us,27_794
[2026-09-22T12:25:39.945] Cog0  BM-ACROSS,seq,322,leg,1,motor,LEFT,phase,0,rising,FALSE,hall,4,tick,-44,t_us,14_298,dur_us,24_776
[2026-09-22T12:25:39.946] Cog0  BM-ACROSS,seq,323,leg,1,motor,LEFT,phase,2,rising,TRUE,hall,5,tick,-45,t_us,8_573,dur_us,23_342
[2026-09-22T12:25:39.947] Cog0  BM-ACROSS,seq,324,leg,1,motor,LEFT,phase,1,rising,FALSE,hall,1,tick,-46,t_us,13_320,dur_us,21_831
[2026-09-22T12:25:39.948] Cog0  BM-ACROSS,seq,325,leg,1,motor,LEFT,phase,0,rising,TRUE,hall,3,tick,-47,t_us,6_798,dur_us,20_341
[2026-09-22T12:25:39.949] Cog0  BM-ACROSS,seq,326,leg,1,motor,LEFT,phase,2,rising,FALSE,hall,2,tick,-48,t_us,14_004,dur_us,21_027
[2026-09-22T12:25:39.951] Cog0  BM-ACROSS,seq,327,leg,1,motor,LEFT,phase,1,rising,TRUE,hall,6,tick,-49,t_us,5_676,dur_us,19_330
[2026-09-22T12:25:39.952] Cog0  BM-ACROSS,seq,328,leg,1,motor,LEFT,phase,0,rising,FALSE,hall,4,tick,-50,t_us,12_852,dur_us,18_466
[2026-09-22T12:25:39.953] Cog0  BM-ACROSS,seq,329,leg,1,motor,LEFT,phase,2,rising,TRUE,hall,5,tick,-51,t_us,5_682,dur_us,19_687
[2026-09-22T12:25:39.954] Cog0  BM-ACROSS,seq,330,leg,1,motor,LEFT,phase,1,rising,FALSE,hall,1,tick,-52,t_us,11_521,dur_us,17_377
[2026-09-22T12:25:39.955] Cog0  BM-ACROSS,seq,331,leg,1,motor,LEFT,phase,0,rising,TRUE,hall,3,tick,-53,t_us,4_969,dur_us,17_751
[2026-09-22T12:25:39.956] Cog0  BM-ACROSS,seq,332,leg,1,motor,LEFT,phase,2,rising,FALSE,hall,2,tick,-54,t_us,12_502,dur_us,18_116
[2026-09-22T12:25:39.957] Cog0  BM-ACROSS,seq,333,leg,1,motor,LEFT,phase,1,rising,TRUE,hall,6,tick,-55,t_us,4_555,dur_us,17_283
[2026-09-22T12:25:39.958] Cog0  BM-ACROSS,seq,334,leg,1,motor,LEFT,phase,0,rising,FALSE,hall,4,tick,-56,t_us,12_274,dur_us,17_892
[2026-09-22T12:25:39.959] Cog0  BM-ACROSS,seq,335,leg,1,motor,LEFT,phase,2,rising,TRUE,hall,5,tick,-57,t_us,4_321,dur_us,17_745
[2026-09-22T12:25:39.961] Cog0  BM-ACROSS,seq,336,leg,1,motor,LEFT,phase,1,rising,FALSE,hall,1,tick,-58,t_us,11_170,dur_us,16_671
[2026-09-22T12:25:39.961] Cog0  BM-ACROSS,seq,337,leg,1,motor,LEFT,phase,0,rising,TRUE,hall,3,tick,-59,t_us,4_260,dur_us,16_754
[2026-09-22T12:25:39.963] Cog0  BM-ACROSS,seq,338,leg,1,motor,LEFT,phase,2,rising,FALSE,hall,2,tick,-60,t_us,12_318,dur_us,17_984
[2026-09-22T12:25:39.964] Cog0  BM-ACROSS,seq,339,leg,1,motor,LEFT,phase,1,rising,TRUE,hall,6,tick,-61,t_us,4_321,dur_us,18_210
[2026-09-22T12:25:39.965] Cog0  BM-ACROSS,seq,340,leg,1,motor,LEFT,phase,0,rising,FALSE,hall,4,tick,-62,t_us,12_101,dur_us,18_418
[2026-09-22T12:25:39.966] Cog0  BM-ACROSS,seq,341,leg,1,motor,LEFT,phase,2,rising,TRUE,hall,5,tick,-63,t_us,5_562,dur_us,20_267
[2026-09-22T12:25:39.967] Cog0  BM-ACROSS,seq,342,leg,1,motor,LEFT,phase,1,rising,FALSE,hall,1,tick,-64,t_us,12_271,dur_us,20_129
[2026-09-22T12:25:39.968] Cog0  BM-ACROSS,seq,343,leg,1,motor,LEFT,phase,0,rising,TRUE,hall,3,tick,-65,t_us,6_503,dur_us,20_335
[2026-09-22T12:25:39.969] Cog0  BM-ACROSS,seq,344,leg,1,motor,LEFT,phase,2,rising,FALSE,hall,2,tick,-66,t_us,13_632,dur_us,21_512
[2026-09-22T12:25:39.971] Cog0  BM-ACROSS,seq,345,leg,1,motor,LEFT,phase,1,rising,TRUE,hall,6,tick,-67,t_us,6_972,dur_us,22_364
[2026-09-22T12:25:39.971] Cog0  BM-ACROSS,seq,346,leg,1,motor,LEFT,phase,0,rising,FALSE,hall,4,tick,-68,t_us,13_269,dur_us,22_590
[2026-09-22T12:25:39.973] Cog0  BM-ACROSS,seq,347,leg,1,motor,LEFT,phase,2,rising,TRUE,hall,5,tick,-69,t_us,7_628,dur_us,23_729
[2026-09-22T12:25:39.974] Cog0  BM-ACROSS,seq,348,leg,1,motor,LEFT,phase,1,rising,FALSE,hall,1,tick,-70,t_us,13_645,dur_us,23_182
[2026-09-22T12:25:39.975] Cog0  BM-ACROSS,seq,349,leg,1,motor,LEFT,phase,0,rising,TRUE,hall,3,tick,-71,t_us,8_213,dur_us,23_438
[2026-09-22T12:25:39.976] Cog0  BM-ACROSS,seq,350,leg,1,motor,LEFT,phase,2,rising,FALSE,hall,2,tick,-72,t_us,13_754,dur_us,23_576
[2026-09-22T12:25:39.977] Cog0  BM-ACROSS,seq,351,leg,1,motor,LEFT,phase,1,rising,TRUE,hall,6,tick,-73,t_us,6_206,dur_us,20_960
[2026-09-22T12:25:39.978] Cog0  BM-ACROSS,seq,352,leg,1,motor,LEFT,phase,0,rising,FALSE,hall,4,tick,-74,t_us,13_448,dur_us,21_538
[2026-09-22T12:25:39.979] Cog0  BM-ACROSS,seq,353,leg,1,motor,LEFT,phase,2,rising,TRUE,hall,5,tick,-75,t_us,6_742,dur_us,21_845
[2026-09-22T12:25:39.980] Cog0  BM-ACROSS,seq,354,leg,1,motor,LEFT,phase,1,rising,FALSE,hall,1,tick,-76,t_us,11_637,dur_us,18_672
[2026-09-22T12:25:39.982] Cog0  BM-ACROSS,seq,355,leg,1,motor,LEFT,phase,0,rising,TRUE,hall,3,tick,-77,t_us,5_619,dur_us,19_447
[2026-09-22T12:25:39.982] Cog0  BM-ACROSS,seq,356,leg,1,motor,LEFT,phase,2,rising,FALSE,hall,2,tick,-78,t_us,12_443,dur_us,18_053
[2026-09-22T12:25:39.984] Cog0  BM-ACROSS,seq,357,leg,1,motor,LEFT,phase,1,rising,TRUE,hall,6,tick,-79,t_us,4_437,dur_us,17_628
[2026-09-22T12:25:39.985] Cog0  BM-ACROSS,seq,358,leg,1,motor,LEFT,phase,0,rising,FALSE,hall,4,tick,-80,t_us,11_747,dur_us,16_891
[2026-09-22T12:25:39.986] Cog0  BM-ACROSS,seq,359,leg,1,motor,LEFT,phase,2,rising,TRUE,hall,5,tick,-81,t_us,3_851,dur_us,16_581
[2026-09-22T12:25:39.987] Cog0  BM-ACROSS,seq,360,leg,1,motor,LEFT,phase,1,rising,FALSE,hall,1,tick,-82,t_us,10_590,dur_us,16_158
[2026-09-22T12:25:39.988] Cog0  BM-ACROSS,seq,361,leg,1,motor,LEFT,phase,0,rising,TRUE,hall,3,tick,-83,t_us,2_666,dur_us,14_462
[2026-09-22T12:25:39.989] Cog0  BM-ACROSS,seq,362,leg,1,motor,LEFT,phase,2,rising,FALSE,hall,2,tick,-84,t_us,10_587,dur_us,15_505
[2026-09-22T12:25:39.990] Cog0  BM-ACROSS,seq,363,leg,1,motor,LEFT,phase,1,rising,TRUE,hall,6,tick,-85,t_us,2_725,dur_us,15_163
[2026-09-22T12:25:39.992] Cog0  BM-ACROSS,seq,364,leg,1,motor,LEFT,phase,0,rising,FALSE,hall,4,tick,-86,t_us,9_894,dur_us,14_456
[2026-09-22T12:25:39.992] Cog0  BM-ACROSS,seq,365,leg,1,motor,LEFT,phase,2,rising,TRUE,hall,5,tick,-87,t_us,3_671,dur_us,16_052
[2026-09-22T12:25:39.994] Cog0  BM-ACROSS,seq,366,leg,1,motor,LEFT,phase,1,rising,FALSE,hall,1,tick,-88,t_us,10_938,dur_us,15_970
[2026-09-22T12:25:39.995] Cog0  BM-ACROSS,seq,367,leg,1,motor,LEFT,phase,0,rising,TRUE,hall,3,tick,-89,t_us,4_202,dur_us,16_693
[2026-09-22T12:25:39.996] Cog0  BM-ACROSS,seq,368,leg,1,motor,LEFT,phase,2,rising,FALSE,hall,2,tick,-90,t_us,12_153,dur_us,17_531
[2026-09-22T12:25:39.997] Cog0  BM-ACROSS,seq,369,leg,1,motor,LEFT,phase,1,rising,TRUE,hall,6,tick,-91,t_us,4_259,dur_us,17_564
[2026-09-22T12:25:39.998] Cog0  BM-ACROSS,seq,370,leg,1,motor,LEFT,phase,0,rising,FALSE,hall,4,tick,-92,t_us,11_752,dur_us,18_430
[2026-09-22T12:25:39.999] Cog0  BM-ACROSS,seq,371,leg,1,motor,LEFT,phase,2,rising,TRUE,hall,5,tick,-93,t_us,3_731,dur_us,17_737
[2026-09-22T12:25:40.000] Cog0  BM-ACROSS,seq,372,leg,1,motor,LEFT,phase,1,rising,FALSE,hall,1,tick,-94,t_us,11_322,dur_us,17_860
[2026-09-22T12:25:40.001] Cog0  BM-ACROSS,seq,373,leg,1,motor,LEFT,phase,0,rising,TRUE,hall,3,tick,-95,t_us,4_496,dur_us,17_856
[2026-09-22T12:25:40.002] Cog0  BM-ACROSS,seq,374,leg,1,motor,LEFT,phase,2,rising,FALSE,hall,2,tick,-96,t_us,11_399,dur_us,16_893
[2026-09-22T12:25:40.004] Cog0  BM-ACROSS,seq,375,leg,1,motor,LEFT,phase,1,rising,TRUE,hall,6,tick,-97,t_us,4_555,dur_us,17_575
[2026-09-22T12:25:40.005] Cog0  BM-ACROSS,seq,376,leg,1,motor,LEFT,phase,0,rising,FALSE,hall,4,tick,-98,t_us,11_924,dur_us,17_181
[2026-09-22T12:25:40.006] Cog0  BM-ACROSS,seq,377,leg,1,motor,LEFT,phase,2,rising,TRUE,hall,5,tick,-99,t_us,4_498,dur_us,17_457
[2026-09-22T12:25:40.007] Cog0  BM-ACROSS,seq,378,leg,1,motor,LEFT,phase,1,rising,FALSE,hall,1,tick,-100,t_us,11_868,dur_us,17_312
[2026-09-22T12:25:40.008] Cog0  BM-ACROSS,seq,379,leg,1,motor,LEFT,phase,0,rising,TRUE,hall,3,tick,-101,t_us,4_260,dur_us,17_157
[2026-09-22T12:25:40.009] Cog0  BM-ACROSS,seq,380,leg,1,motor,LEFT,phase,2,rising,FALSE,hall,2,tick,-102,t_us,12_039,dur_us,17_297
[2026-09-22T12:25:40.010] Cog0  BM-ACROSS,seq,381,leg,1,motor,LEFT,phase,1,rising,TRUE,hall,6,tick,-103,t_us,4_554,dur_us,17_917
[2026-09-22T12:25:40.011] Cog0  BM-ACROSS,seq,382,leg,1,motor,LEFT,phase,0,rising,FALSE,hall,4,tick,-104,t_us,11_404,dur_us,17_844
[2026-09-22T12:25:40.013] Cog0  BM-ACROSS,seq,383,leg,1,motor,LEFT,phase,2,rising,TRUE,hall,5,tick,-105,t_us,4_439,dur_us,17_922
[2026-09-22T12:25:40.013] Cog0  BM-ACROSS,seq,384,leg,1,motor,LEFT,phase,1,rising,FALSE,hall,1,tick,-106,t_us,11_977,dur_us,18_364
[2026-09-22T12:25:40.015] Cog0  BM-ACROSS,seq,385,leg,1,motor,LEFT,phase,0,rising,TRUE,hall,3,tick,-107,t_us,5_443,dur_us,19_159
[2026-09-22T12:25:40.016] Cog0  BM-ACROSS,seq,386,leg,1,motor,LEFT,phase,2,rising,FALSE,hall,2,tick,-108,t_us,12_897,dur_us,19_804
[2026-09-22T12:25:40.017] Cog0  BM-ACROSS,seq,387,leg,1,motor,LEFT,phase,1,rising,TRUE,hall,6,tick,-109,t_us,5_616,dur_us,19_733
[2026-09-22T12:25:40.018] Cog0  BM-ACROSS,seq,388,leg,1,motor,LEFT,phase,0,rising,FALSE,hall,4,tick,-110,t_us,13_265,dur_us,20_468
[2026-09-22T12:25:40.019] Cog0  BM-ACROSS,seq,389,leg,1,motor,LEFT,phase,2,rising,TRUE,hall,5,tick,-111,t_us,5_799,dur_us,20_615
[2026-09-22T12:25:40.020] Cog0  BM-ACROSS,seq,390,leg,1,motor,LEFT,phase,1,rising,FALSE,hall,1,tick,-112,t_us,13_031,dur_us,20_891
[2026-09-22T12:25:40.021] Cog0  BM-ACROSS,seq,391,leg,1,motor,LEFT,phase,0,rising,TRUE,hall,3,tick,-113,t_us,7_092,dur_us,21_902
[2026-09-22T12:25:40.023] Cog0  BM-ACROSS,seq,392,leg,1,motor,LEFT,phase,2,rising,FALSE,hall,2,tick,-114,t_us,13_413,dur_us,21_115
[2026-09-22T12:25:40.024] Cog0  BM-ACROSS,seq,393,leg,1,motor,LEFT,phase,1,rising,TRUE,hall,6,tick,-115,t_us,8_032,dur_us,23_025
[2026-09-22T12:25:40.025] Cog0  BM-ACROSS,seq,394,leg,1,motor,LEFT,phase,0,rising,FALSE,hall,4,tick,-116,t_us,13_679,dur_us,23_475
[2026-09-22T12:25:40.026] Cog0  BM-ACROSS,seq,395,leg,1,motor,LEFT,phase,2,rising,TRUE,hall,5,tick,-117,t_us,9_045,dur_us,24_684
[2026-09-22T12:25:40.027] Cog0  BM-ACROSS,seq,396,leg,1,motor,LEFT,phase,1,rising,FALSE,hall,1,tick,-118,t_us,14_959,dur_us,27_346
[2026-09-22T12:25:40.028] Cog0  BM-ACROSS,seq,397,leg,1,motor,LEFT,phase,0,rising,TRUE,hall,3,tick,-119,t_us,12_655,dur_us,29_634
[2026-09-22T12:25:40.029] Cog0  BM-ACROSS,seq,398,leg,1,motor,LEFT,phase,2,rising,FALSE,hall,2,tick,-120,t_us,17_333,dur_us,30_849
[2026-09-22T12:25:40.030] Cog0  BM-ACROSS,seq,399,leg,1,motor,LEFT,phase,1,rising,TRUE,hall,6,tick,-121,t_us,15_233,dur_us,36_132
[2026-09-22T12:25:40.031] Cog0  BM-ACROSS,seq,400,leg,1,motor,LEFT,phase,0,rising,FALSE,hall,4,tick,-122,t_us,19_643,dur_us,39_752
[2026-09-22T12:25:40.033] Cog0  BM-ACROSS,seq,401,leg,1,motor,LEFT,phase,2,rising,TRUE,hall,5,tick,-123,t_us,15_554,dur_us,37_817
[2026-09-22T12:25:40.034] Cog0  BM-ACROSS,seq,402,leg,1,motor,LEFT,phase,1,rising,FALSE,hall,1,tick,-124,t_us,15_204,dur_us,36_253
[2026-09-22T12:25:40.035] Cog0  BM-ACROSS,seq,403,leg,1,motor,LEFT,phase,0,rising,TRUE,hall,3,tick,-125,t_us,17_998,dur_us,36_169
[2026-09-22T12:25:40.036] Cog0  BM-ACROSS,seq,404,leg,1,motor,LEFT,phase,2,rising,FALSE,hall,2,tick,-126,t_us,16_874,dur_us,31_870
[2026-09-22T12:25:40.037] Cog0  BM-ACROSS,seq,405,leg,1,motor,LEFT,phase,1,rising,TRUE,hall,6,tick,-127,t_us,12_319,dur_us,27_846
[2026-09-22T12:25:40.038] Cog0  BM-ACROSS,seq,406,leg,1,motor,LEFT,phase,0,rising,FALSE,hall,4,tick,-128,t_us,15_435,dur_us,28_055
[2026-09-22T12:25:40.039] Cog0  BM-ACROSS,seq,407,leg,1,motor,LEFT,phase,2,rising,TRUE,hall,5,tick,-129,t_us,8_927,dur_us,24_920
[2026-09-22T12:25:40.041] Cog0  BM-ACROSS,seq,408,leg,1,motor,LEFT,phase,1,rising,FALSE,hall,1,tick,-130,t_us,14_422,dur_us,21_929
[2026-09-22T12:25:40.042] Cog0  BM-ACROSS,seq,409,leg,1,motor,LEFT,phase,0,rising,TRUE,hall,3,tick,-131,t_us,7_801,dur_us,21_925
[2026-09-22T12:25:40.043] Cog0  BM-ACROSS,seq,410,leg,1,motor,LEFT,phase,2,rising,FALSE,hall,2,tick,-132,t_us,13_429,dur_us,20_452
[2026-09-22T12:25:40.044] Cog0  BM-ACROSS,seq,411,leg,1,motor,LEFT,phase,1,rising,TRUE,hall,6,tick,-133,t_us,5_852,dur_us,19_739
[2026-09-22T12:25:40.045] Cog0  BM-ACROSS,seq,412,leg,1,motor,LEFT,phase,0,rising,FALSE,hall,4,tick,-134,t_us,12_916,dur_us,19_237
[2026-09-22T12:25:40.046] Cog0  BM-ACROSS,seq,413,leg,1,motor,LEFT,phase,2,rising,TRUE,hall,5,tick,-135,t_us,6_270,dur_us,20_105
[2026-09-22T12:25:40.047] Cog0  BM-ACROSS,seq,414,leg,1,motor,LEFT,phase,1,rising,FALSE,hall,1,tick,-136,t_us,12_739,dur_us,19_597
[2026-09-22T12:25:40.048] Cog0  BM-ACROSS,seq,415,leg,1,motor,LEFT,phase,0,rising,TRUE,hall,3,tick,-137,t_us,5_265,dur_us,18_574
[2026-09-22T12:25:40.050] Cog0  BM-ACROSS,seq,416,leg,1,motor,LEFT,phase,2,rising,FALSE,hall,2,tick,-138,t_us,13_536,dur_us,20_559
[2026-09-22T12:25:40.050] Cog0  BM-ACROSS,seq,417,leg,1,motor,LEFT,phase,1,rising,TRUE,hall,6,tick,-139,t_us,5_792,dur_us,20_202
[2026-09-22T12:25:40.052] Cog0  BM-ACROSS,seq,418,leg,1,motor,LEFT,phase,0,rising,FALSE,hall,4,tick,-140,t_us,13_492,dur_us,20_162
[2026-09-22T12:25:40.053] Cog0  BM-ACROSS,seq,419,leg,1,motor,LEFT,phase,2,rising,TRUE,hall,5,tick,-141,t_us,7_038,dur_us,22_030
[2026-09-22T12:25:40.054] Cog0  BM-ACROSS,seq,420,leg,1,motor,LEFT,phase,1,rising,FALSE,hall,1,tick,-142,t_us,12_096,dur_us,19_956
[2026-09-22T12:25:40.055] Cog0  BM-ACROSS,seq,421,leg,1,motor,LEFT,phase,0,rising,TRUE,hall,3,tick,-143,t_us,6_797,dur_us,20_974
[2026-09-22T12:25:40.056] Cog0  BM-ACROSS,seq,422,leg,1,motor,LEFT,phase,2,rising,FALSE,hall,2,tick,-144,t_us,13_546,dur_us,21_749
[2026-09-22T12:25:40.057] Cog0  BM-ACROSS,seq,423,leg,1,motor,LEFT,phase,1,rising,TRUE,hall,6,tick,-145,t_us,6_383,dur_us,20_563
[2026-09-22T12:25:40.058] Cog0  BM-ACROSS,seq,424,leg,1,motor,LEFT,phase,0,rising,FALSE,hall,4,tick,-146,t_us,13_232,dur_us,21_121
[2026-09-22T12:25:40.060] Cog0  BM-ACROSS,seq,425,leg,1,motor,LEFT,phase,2,rising,TRUE,hall,5,tick,-147,t_us,5_621,dur_us,20_553
[2026-09-22T12:25:40.061] Cog0  BM-ACROSS,seq,426,leg,1,motor,LEFT,phase,1,rising,FALSE,hall,1,tick,-148,t_us,12_154,dur_us,19_014
[2026-09-22T12:25:40.062] Cog0  BM-ACROSS,seq,427,leg,1,motor,LEFT,phase,0,rising,TRUE,hall,3,tick,-149,t_us,5_676,dur_us,19_037
[2026-09-22T12:25:40.063] Cog0  BM-ACROSS,seq,428,leg,1,motor,LEFT,phase,2,rising,FALSE,hall,2,tick,-150,t_us,13_071,dur_us,19_626
[2026-09-22T12:25:40.064] Cog0  BM-ACROSS,seq,429,leg,1,motor,LEFT,phase,1,rising,TRUE,hall,6,tick,-151,t_us,4_850,dur_us,18_853
[2026-09-22T12:25:40.065] Cog0  BM-ACROSS,seq,430,leg,1,motor,LEFT,phase,0,rising,FALSE,hall,4,tick,-152,t_us,12_161,dur_us,17_602
[2026-09-22T12:25:40.066] Cog0  BM-ACROSS,seq,431,leg,1,motor,LEFT,phase,2,rising,TRUE,hall,5,tick,-153,t_us,4_853,dur_us,18_163
[2026-09-22T12:25:40.067] Cog0  BM-ACROSS,seq,432,leg,1,motor,LEFT,phase,1,rising,FALSE,hall,1,tick,-154,t_us,11_289,dur_us,16_853
[2026-09-22T12:25:40.068] Cog0  BM-ACROSS,seq,433,leg,1,motor,LEFT,phase,0,rising,TRUE,hall,3,tick,-155,t_us,4_083,dur_us,16_056
[2026-09-22T12:25:40.070] Cog0  BM-ACROSS,seq,434,leg,1,motor,LEFT,phase,2,rising,FALSE,hall,2,tick,-156,t_us,11_511,dur_us,16_481
[2026-09-22T12:25:40.071] Cog0  BM-ACROSS,seq,435,leg,1,motor,LEFT,phase,1,rising,TRUE,hall,6,tick,-157,t_us,3_611,dur_us,16_163
[2026-09-22T12:25:40.072] Cog0  BM-ACROSS,seq,436,leg,1,motor,LEFT,phase,0,rising,FALSE,hall,4,tick,-158,t_us,10_414,dur_us,15_091
[2026-09-22T12:25:40.073] Cog0  BM-ACROSS,seq,437,leg,1,motor,LEFT,phase,2,rising,TRUE,hall,5,tick,-159,t_us,3_494,dur_us,15_704
[2026-09-22T12:25:40.074] Cog0  BM-ACROSS,seq,438,leg,1,motor,LEFT,phase,1,rising,FALSE,hall,1,tick,-160,t_us,10_705,dur_us,15_269
[2026-09-22T12:25:40.075] Cog0  BM-ACROSS,seq,439,leg,1,motor,LEFT,phase,0,rising,TRUE,hall,3,tick,-161,t_us,3_200,dur_us,15_053
[2026-09-22T12:25:40.076] Cog0  BM-ACROSS,seq,440,leg,1,motor,LEFT,phase,2,rising,FALSE,hall,2,tick,-162,t_us,10_527,dur_us,15_797
[2026-09-22T12:25:40.077] Cog0  BM-ACROSS,seq,441,leg,1,motor,LEFT,phase,1,rising,TRUE,hall,6,tick,-163,t_us,2_312,dur_us,14_576
[2026-09-22T12:25:40.079] Cog0  BM-ACROSS,seq,442,leg,1,motor,LEFT,phase,0,rising,FALSE,hall,4,tick,-164,t_us,10_360,dur_us,15_454
[2026-09-22T12:25:40.080] Cog0  BM-ACROSS,seq,443,leg,1,motor,LEFT,phase,2,rising,TRUE,hall,5,tick,-165,t_us,3_554,dur_us,16_742
[2026-09-22T12:25:40.081] Cog0  BM-ACROSS,seq,444,leg,1,motor,LEFT,phase,1,rising,FALSE,hall,1,tick,-166,t_us,10_072,dur_us,15_340
[2026-09-22T12:25:40.082] Cog0  BM-ACROSS,seq,445,leg,1,motor,LEFT,phase,0,rising,TRUE,hall,3,tick,-167,t_us,4_146,dur_us,16_987
[2026-09-22T12:25:40.083] Cog0  BM-ACROSS,seq,446,leg,1,motor,LEFT,phase,2,rising,FALSE,hall,2,tick,-168,t_us,11_452,dur_us,16_767
[2026-09-22T12:25:40.084] Cog0  BM-ACROSS,seq,447,leg,1,motor,LEFT,phase,1,rising,TRUE,hall,6,tick,-169,t_us,4_025,dur_us,17_390
[2026-09-22T12:25:40.085] Cog0  BM-ACROSS,seq,448,leg,1,motor,LEFT,phase,0,rising,FALSE,hall,4,tick,-170,t_us,12_159,dur_us,17_595
[2026-09-22T12:25:40.086] Cog0  BM-ACROSS,seq,449,leg,1,motor,LEFT,phase,2,rising,TRUE,hall,5,tick,-171,t_us,4_498,dur_us,18_325
[2026-09-22T12:25:40.087] Cog0  BM-ACROSS,seq,450,leg,1,motor,LEFT,phase,1,rising,FALSE,hall,1,tick,-172,t_us,11_865,dur_us,19_076
[2026-09-22T12:25:40.089] Cog0  BM-ACROSS,seq,451,leg,1,motor,LEFT,phase,0,rising,TRUE,hall,3,tick,-173,t_us,4_083,dur_us,17_970
[2026-09-22T12:25:40.090] Cog0  BM-ACROSS,seq,452,leg,1,motor,LEFT,phase,2,rising,FALSE,hall,2,tick,-174,t_us,12_441,dur_us,19_587
[2026-09-22T12:25:40.091] Cog0  BM-ACROSS,seq,453,leg,1,motor,LEFT,phase,1,rising,TRUE,hall,6,tick,-175,t_us,4_732,dur_us,18_786
[2026-09-22T12:25:40.092] Cog0  BM-ACROSS,seq,454,leg,1,motor,LEFT,phase,0,rising,FALSE,hall,4,tick,-176,t_us,11_496,dur_us,17_200
[2026-09-22T12:25:40.093] Cog0  BM-ACROSS,seq,455,leg,1,motor,LEFT,phase,2,rising,TRUE,hall,5,tick,-177,t_us,4_853,dur_us,18_337
[2026-09-22T12:25:40.094] Cog0  BM-ACROSS,seq,456,leg,1,motor,LEFT,phase,1,rising,FALSE,hall,1,tick,-178,t_us,11_804,dur_us,17_421
[2026-09-22T12:25:40.095] Cog0  BM-ACROSS,seq,457,leg,1,motor,LEFT,phase,0,rising,TRUE,hall,3,tick,-179,t_us,4_555,dur_us,17_455
[2026-09-22T12:25:40.096] Cog0  BM-ACROSS,seq,458,leg,1,motor,LEFT,phase,2,rising,FALSE,hall,2,tick,-180,t_us,12_270,dur_us,17_470
[2026-09-22T12:25:40.097] Cog0  BM-ACROSS,seq,459,leg,1,motor,LEFT,phase,1,rising,TRUE,hall,6,tick,-181,t_us,3_905,dur_us,16_748
[2026-09-22T12:25:40.099] Cog0  BM-ACROSS,seq,460,leg,1,motor,LEFT,phase,0,rising,FALSE,hall,4,tick,-182,t_us,11_286,dur_us,17_021
[2026-09-22T12:25:40.100] Cog0  BM-ACROSS,seq,461,leg,1,motor,LEFT,phase,2,rising,TRUE,hall,5,tick,-183,t_us,3_140,dur_us,16_330
[2026-09-22T12:25:40.101] Cog0  BM-ACROSS,seq,462,leg,1,motor,LEFT,phase,1,rising,FALSE,hall,1,tick,-184,t_us,10_569,dur_us,16_578
[2026-09-22T12:25:40.102] Cog0  BM-ACROSS,seq,463,leg,1,motor,LEFT,phase,0,rising,TRUE,hall,3,tick,-185,t_us,3_611,dur_us,16_622
[2026-09-22T12:25:40.103] Cog0  BM-ACROSS,seq,464,leg,1,motor,LEFT,phase,2,rising,FALSE,hall,2,tick,-186,t_us,10_761,dur_us,16_083
[2026-09-22T12:25:40.104] Cog0  BM-ACROSS,seq,465,leg,1,motor,LEFT,phase,1,rising,TRUE,hall,6,tick,-187,t_us,4_142,dur_us,17_043
[2026-09-22T12:25:40.105] Cog0  BM-ACROSS,seq,466,leg,1,motor,LEFT,phase,0,rising,FALSE,hall,4,tick,-188,t_us,11_807,dur_us,16_949
[2026-09-22T12:25:40.107] Cog0  BM-ACROSS,seq,467,leg,1,motor,LEFT,phase,2,rising,TRUE,hall,5,tick,-189,t_us,4_381,dur_us,17_808
[2026-09-22T12:25:40.108] Cog0  BM-ACROSS,seq,468,leg,1,motor,LEFT,phase,1,rising,FALSE,hall,1,tick,-190,t_us,12_331,dur_us,18_183
[2026-09-22T12:25:40.109] Cog0  BM-ACROSS,seq,469,leg,1,motor,LEFT,phase,0,rising,TRUE,hall,3,tick,-191,t_us,4_791,dur_us,18_441
[2026-09-22T12:25:40.110] Cog0  BM-ACROSS,seq,470,leg,1,motor,LEFT,phase,2,rising,FALSE,hall,2,tick,-192,t_us,12_620,dur_us,19_052
[2026-09-22T12:25:40.111] Cog0  BM-ACROSS,seq,471,leg,1,motor,LEFT,phase,1,rising,TRUE,hall,6,tick,-193,t_us,5_498,dur_us,19_900
[2026-09-22T12:25:40.112] Cog0  BM-ACROSS,seq,472,leg,1,motor,LEFT,phase,0,rising,FALSE,hall,4,tick,-194,t_us,12_339,dur_us,20_134
[2026-09-22T12:25:40.113] Cog0  BM-ACROSS,seq,473,leg,1,motor,LEFT,phase,2,rising,TRUE,hall,5,tick,-195,t_us,5_710,dur_us,20_208
[2026-09-22T12:25:40.114] Cog0  BM-ACROSS,seq,474,leg,1,motor,LEFT,phase,1,rising,FALSE,hall,1,tick,-196,t_us,12_855,dur_us,20_890
[2026-09-22T12:25:40.116] Cog0  BM-ACROSS,seq,475,leg,1,motor,LEFT,phase,0,rising,TRUE,hall,3,tick,-197,t_us,7_740,dur_us,22_380
[2026-09-22T12:25:40.116] Cog0  BM-ACROSS,seq,476,leg,1,motor,LEFT,phase,2,rising,FALSE,hall,2,tick,-198,t_us,14_475,dur_us,23_617
[2026-09-22T12:25:40.118] Cog0  BM-ACROSS,seq,477,leg,1,motor,LEFT,phase,1,rising,TRUE,hall,6,tick,-199,t_us,8_384,dur_us,24_242
[2026-09-22T12:25:40.119] Cog0  BM-ACROSS,seq,478,leg,1,motor,LEFT,phase,0,rising,FALSE,hall,4,tick,-200,t_us,14_967,dur_us,26_642
[2026-09-22T12:25:40.120] Cog0  BM-ACROSS,seq,479,leg,1,motor,LEFT,phase,2,rising,TRUE,hall,5,tick,-201,t_us,10_930,dur_us,28_154
[2026-09-22T12:25:40.121] Cog0  BM-ACROSS,seq,480,leg,1,motor,LEFT,phase,1,rising,FALSE,hall,1,tick,-202,t_us,14_652,dur_us,30_540
[2026-09-22T12:25:40.122] Cog0  BM-ACROSS,seq,481,leg,1,motor,LEFT,phase,0,rising,TRUE,hall,3,tick,-203,t_us,14_397,dur_us,34_755
[2026-09-22T12:25:40.123] Cog0  BM-ACROSS,seq,482,leg,1,motor,LEFT,phase,2,rising,FALSE,hall,2,tick,-204,t_us,16_982,dur_us,34_448
[2026-09-22T12:25:40.124] Cog0  BM-ACROSS,seq,483,leg,1,motor,LEFT,phase,1,rising,TRUE,hall,6,tick,-205,t_us,16_311,dur_us,40_202
[2026-09-22T12:25:40.126] Cog0  BM-ACROSS,seq,484,leg,1,motor,LEFT,phase,0,rising,FALSE,hall,4,tick,-206,t_us,20_486,dur_us,41_180
[2026-09-22T12:25:40.127] Cog0  BM-ACROSS,seq,485,leg,1,motor,LEFT,phase,2,rising,TRUE,hall,5,tick,-207,t_us,15_874,dur_us,38_110
[2026-09-22T12:25:40.128] Cog0  BM-ACROSS,seq,486,leg,1,motor,LEFT,phase,1,rising,FALSE,hall,1,tick,-208,t_us,18_584,dur_us,38_811
[2026-09-22T12:25:40.129] Cog0  BM-ACROSS,seq,487,leg,1,motor,LEFT,phase,0,rising,TRUE,hall,3,tick,-209,t_us,16_612,dur_us,35_995
[2026-09-22T12:25:40.130] Cog0  BM-ACROSS,seq,488,leg,1,motor,LEFT,phase,2,rising,FALSE,hall,2,tick,-210,t_us,17_106,dur_us,31_450
[2026-09-22T12:25:40.131] Cog0  BM-ACROSS,seq,489,leg,1,motor,LEFT,phase,1,rising,TRUE,hall,6,tick,-211,t_us,13_952,dur_us,32_879
[2026-09-22T12:25:40.132] Cog0  BM-ACROSS,seq,490,leg,1,motor,LEFT,phase,0,rising,FALSE,hall,4,tick,-212,t_us,16_113,dur_us,32_596
[2026-09-22T12:25:40.134] Cog0  BM-ACROSS,seq,491,leg,1,motor,LEFT,phase,2,rising,TRUE,hall,5,tick,-213,t_us,12_078,dur_us,30_518
[2026-09-22T12:25:40.134] Cog0  BM-ACROSS,seq,492,leg,1,motor,LEFT,phase,1,rising,FALSE,hall,1,tick,-214,t_us,14_713,dur_us,28_253
[2026-09-22T12:25:40.136] Cog0  BM-ACROSS,seq,493,leg,1,motor,LEFT,phase,0,rising,TRUE,hall,3,tick,-215,t_us,12_859,dur_us,28_626
[2026-09-22T12:25:40.137] Cog0  BM-ACROSS,seq,494,leg,1,motor,LEFT,phase,2,rising,FALSE,hall,2,tick,-216,t_us,15_417,dur_us,26_620
[2026-09-22T12:25:40.138] Cog0  BM-ACROSS,seq,495,leg,1,motor,LEFT,phase,1,rising,TRUE,hall,6,tick,-217,t_us,8_885,dur_us,24_086
[2026-09-22T12:25:40.139] Cog0  BM-ACROSS,seq,496,leg,1,motor,LEFT,phase,0,rising,FALSE,hall,4,tick,-218,t_us,15_336,dur_us,24_808
[2026-09-22T12:25:40.140] Cog0  BM-ACROSS,seq,497,leg,1,motor,LEFT,phase,2,rising,TRUE,hall,5,tick,-219,t_us,7_747,dur_us,22_686
[2026-09-22T12:25:40.141] Cog0  BM-ACROSS,seq,498,leg,1,motor,LEFT,phase,1,rising,FALSE,hall,1,tick,-220,t_us,13_667,dur_us,20_522
[2026-09-22T12:25:40.142] Cog0  BM-ACROSS,seq,499,leg,1,motor,LEFT,phase,0,rising,TRUE,hall,3,tick,-221,t_us,7_329,dur_us,21_215
[2026-09-22T12:25:40.144] Cog0  BM-ACROSS,seq,500,leg,1,motor,LEFT,phase,2,rising,FALSE,hall,2,tick,-222,t_us,13_486,dur_us,20_688
[2026-09-22T12:25:40.145] Cog0  BM-ACROSS,seq,501,leg,1,motor,LEFT,phase,1,rising,TRUE,hall,6,tick,-223,t_us,6_323,dur_us,21_367
[2026-09-22T12:25:40.146] Cog0  BM-ACROSS,seq,502,leg,1,motor,LEFT,phase,0,rising,FALSE,hall,4,tick,-224,t_us,13_388,dur_us,22_298
[2026-09-22T12:25:40.147] Cog0  BM-ACROSS,seq,503,leg,1,motor,LEFT,phase,2,rising,TRUE,hall,5,tick,-225,t_us,8_750,dur_us,23_869
[2026-09-22T12:25:40.148] Cog0  BM-ACROSS,seq,504,leg,1,motor,LEFT,phase,1,rising,FALSE,hall,1,tick,-226,t_us,13_790,dur_us,23_825
[2026-09-22T12:25:40.149] Cog0  BM-ACROSS,seq,505,leg,1,motor,LEFT,phase,0,rising,TRUE,hall,3,tick,-227,t_us,8_684,dur_us,23_279
[2026-09-22T12:25:40.150] Cog0  BM-ACROSS,seq,506,leg,1,motor,LEFT,phase,2,rising,FALSE,hall,2,tick,-228,t_us,15_499,dur_us,25_845
[2026-09-22T12:25:40.151] Cog0  BM-ACROSS,seq,507,leg,1,motor,LEFT,phase,1,rising,TRUE,hall,6,tick,-229,t_us,9_621,dur_us,25_894
[2026-09-22T12:25:40.153] Cog0  BM-ACROSS,seq,508,leg,1,motor,LEFT,phase,0,rising,FALSE,hall,4,tick,-230,t_us,15_344,dur_us,25_519
[2026-09-22T12:25:40.153] Cog0  BM-ACROSS,seq,509,leg,1,motor,LEFT,phase,2,rising,TRUE,hall,5,tick,-231,t_us,10_344,dur_us,26_100
[2026-09-22T12:25:40.155] Cog0  BM-ACROSS,seq,510,leg,1,motor,LEFT,phase,1,rising,FALSE,hall,1,tick,-232,t_us,12_918,dur_us,21_721
[2026-09-22T12:25:40.156] Cog0  BM-ACROSS,seq,511,leg,1,motor,LEFT,phase,0,rising,TRUE,hall,3,tick,-233,t_us,7_595,dur_us,21_627
[2026-09-22T12:25:40.157] Cog0  BM-ACROSS,seq,512,leg,1,motor,LEFT,phase,2,rising,FALSE,hall,2,tick,-234,t_us,13_786,dur_us,21_692
[2026-09-22T12:25:40.158] Cog0  BM-ACROSS,seq,513,leg,1,motor,LEFT,phase,1,rising,TRUE,hall,6,tick,-235,t_us,5_971,dur_us,20_386
[2026-09-22T12:25:40.159] Cog0  BM-ACROSS,seq,514,leg,1,motor,LEFT,phase,0,rising,FALSE,hall,4,tick,-236,t_us,13_552,dur_us,20_938
[2026-09-22T12:25:40.160] Cog0  BM-ACROSS,seq,515,leg,1,motor,LEFT,phase,2,rising,TRUE,hall,5,tick,-237,t_us,5_621,dur_us,20_437
[2026-09-22T12:25:40.161] Cog0  BM-ACROSS,seq,516,leg,1,motor,LEFT,phase,1,rising,FALSE,hall,1,tick,-238,t_us,12_334,dur_us,19_011
[2026-09-22T12:25:40.163] Cog0  BM-ACROSS,seq,517,leg,1,motor,LEFT,phase,0,rising,TRUE,hall,3,tick,-239,t_us,5_618,dur_us,19_272
[2026-09-22T12:25:40.163] Cog0  BM-ACROSS,seq,518,leg,1,motor,LEFT,phase,2,rising,FALSE,hall,2,tick,-240,t_us,13_308,dur_us,20_036
[2026-09-22T12:25:40.165] Cog0  BM-ACROSS,seq,519,leg,1,motor,LEFT,phase,1,rising,TRUE,hall,6,tick,-241,t_us,5_086,dur_us,19_785
[2026-09-22T12:25:40.166] Cog0  BM-ACROSS,seq,520,leg,1,motor,LEFT,phase,0,rising,FALSE,hall,4,tick,-242,t_us,12_276,dur_us,19_188
[2026-09-22T12:25:40.167] Cog0  BM-ACROSS,seq,521,leg,1,motor,LEFT,phase,2,rising,TRUE,hall,5,tick,-243,t_us,6_095,dur_us,20_504
[2026-09-22T12:25:40.168] Cog0  BM-ACROSS,seq,522,leg,1,motor,LEFT,phase,1,rising,FALSE,hall,1,tick,-244,t_us,12_569,dur_us,19_838
[2026-09-22T12:25:40.169] Cog0  BM-ACROSS,seq,523,leg,1,motor,LEFT,phase,0,rising,TRUE,hall,3,tick,-245,t_us,6_326,dur_us,19_690
[2026-09-22T12:25:40.170] Cog0  BM-ACROSS,seq,524,leg,1,motor,LEFT,phase,2,rising,FALSE,hall,2,tick,-246,t_us,13_603,dur_us,20_272
[2026-09-22T12:25:40.171] Cog0  BM-ACROSS,seq,525,leg,1,motor,LEFT,phase,1,rising,TRUE,hall,6,tick,-247,t_us,5_794,dur_us,20_085
[2026-09-22T12:25:40.173] Cog0  BM-ACROSS,seq,526,leg,1,motor,LEFT,phase,0,rising,FALSE,hall,4,tick,-248,t_us,12_393,dur_us,19_185
[2026-09-22T12:25:40.174] Cog0  BM-ACROSS,seq,527,leg,1,motor,LEFT,phase,2,rising,TRUE,hall,5,tick,-249,t_us,5_445,dur_us,19_857
[2026-09-22T12:25:40.175] Cog0  BM-ACROSS,seq,528,leg,1,motor,LEFT,phase,1,rising,FALSE,hall,1,tick,-250,t_us,12_591,dur_us,19_480
[2026-09-22T12:25:40.176] Cog0  BM-ACROSS,seq,529,leg,1,motor,LEFT,phase,0,rising,TRUE,hall,3,tick,-251,t_us,5_735,dur_us,19_906
[2026-09-22T12:25:40.177] Cog0  BM-ACROSS,seq,530,leg,1,motor,LEFT,phase,2,rising,FALSE,hall,2,tick,-252,t_us,12_908,dur_us,20_643
[2026-09-22T12:25:40.177] Cog0  BM-ACROSS,seq,531,leg,1,motor,LEFT,phase,1,rising,TRUE,hall,6,tick,-253,t_us,4_555,dur_us,18_789
[2026-09-22T12:25:40.179] Cog0  BM-ACROSS,seq,532,leg,1,motor,LEFT,phase,0,rising,FALSE,hall,4,tick,-254,t_us,12_394,dur_us,20_011
[2026-09-22T12:25:40.180] Cog0  BM-ACROSS,seq,533,leg,1,motor,LEFT,phase,2,rising,TRUE,hall,5,tick,-255,t_us,6_388,dur_us,21_549
[2026-09-22T12:25:40.182] Cog0  BM-ACROSS,seq,534,leg,1,motor,LEFT,phase,1,rising,FALSE,hall,1,tick,-256,t_us,11_933,dur_us,19_791
[2026-09-22T12:25:40.183] Cog0  BM-ACROSS,seq,535,leg,1,motor,LEFT,phase,0,rising,TRUE,hall,3,tick,-257,t_us,6_976,dur_us,21_788
[2026-09-22T12:25:40.184] Cog0  BM-ACROSS,seq,536,leg,1,motor,LEFT,phase,2,rising,FALSE,hall,2,tick,-258,t_us,13_317,dur_us,21_109
[2026-09-22T12:25:40.185] Cog0  BM-ACROSS,seq,537,leg,1,motor,LEFT,phase,1,rising,TRUE,hall,6,tick,-259,t_us,6_441,dur_us,21_548
[2026-09-22T12:25:40.186] Cog0  BM-ACROSS,seq,538,leg,1,motor,LEFT,phase,0,rising,FALSE,hall,4,tick,-260,t_us,13_439,dur_us,22_116
[2026-09-22T12:25:40.187] Cog0  BM-ACROSS,seq,539,leg,1,motor,LEFT,phase,2,rising,TRUE,hall,5,tick,-261,t_us,7_333,dur_us,23_309
[2026-09-22T12:25:40.188] Cog0  BM-ACROSS,seq,540,leg,1,motor,LEFT,phase,1,rising,FALSE,hall,1,tick,-262,t_us,13_241,dur_us,25_189
[2026-09-22T12:25:40.189] Cog0  BM-ACROSS,seq,541,leg,1,motor,LEFT,phase,0,rising,TRUE,hall,3,tick,-263,t_us,9_331,dur_us,25_196
[2026-09-22T12:25:40.190] Cog0  BM-ACROSS,seq,542,leg,1,motor,LEFT,phase,2,rising,FALSE,hall,2,tick,-264,t_us,14_958,dur_us,28_391
[2026-09-22T12:25:40.192] Cog0  BM-ACROSS,seq,543,leg,1,motor,LEFT,phase,1,rising,TRUE,hall,6,tick,-265,t_us,10_319,dur_us,28_387
[2026-09-22T12:25:40.193] Cog0  BM-ACROSS,seq,544,leg,1,motor,LEFT,phase,0,rising,FALSE,hall,4,tick,-266,t_us,13_740,dur_us,28_609
[2026-09-22T12:25:40.194] Cog0  BM-ACROSS,seq,545,leg,1,motor,LEFT,phase,2,rising,TRUE,hall,5,tick,-267,t_us,12_551,dur_us,31_336
[2026-09-22T12:25:40.195] Cog0  BM-ACROSS,seq,546,leg,1,motor,LEFT,phase,1,rising,FALSE,hall,1,tick,-268,t_us,14_886,dur_us,31_126
[2026-09-22T12:25:40.197] Cog0  BM-ACROSS,seq,547,leg,1,motor,LEFT,phase,0,rising,TRUE,hall,3,tick,-269,t_us,14_774,dur_us,33_410
[2026-09-22T12:25:40.214] Cog0  BM-ALEG,seq,548,leg,1,motor,LEFT,speed,SLOW,ask_dir,REVERSE,meas_dir,REVERSE,ticks,-270,span_ms,5_873,edge_s_x10,459,samples,224_100,sectors,269,samp_sect,248,cross,269,unusable,0,dropped,0,rail_pm,132,band_railed,0,peak_i_mV,14,bias_still,TRUE,outcome,OK
[2026-09-22T12:25:40.850] Cog0  BM-AGUIDE,seq,549,leg,2,motor,LEFT,ask_dir,FORWARD,speed,FAST,turns,3,ticks,270,bias_still,TRUE,bias_u_mV,53,bias_v_mV,62,bias_w_mV,63,hyst_u_mV,10,hyst_v_mV,9,hyst_w_mV,9,band_railed,0,bias_tries,1
[2026-09-22T12:25:40.866] Cog0  TURN LEFT WHEEL FORWARD, FAST -- keep turning until output resumes
[2026-09-22T12:25:47.055] Cog0  BM-ACROSS,seq,550,leg,2,motor,LEFT,phase,2,rising,TRUE,hall,5,tick,1,t_us,29_059,dur_us,47_637
[2026-09-22T12:25:47.056] Cog0  BM-ACROSS,seq,551,leg,2,motor,LEFT,phase,0,rising,FALSE,hall,4,tick,2,t_us,18_464,dur_us,30_622
[2026-09-22T12:25:47.057] Cog0  BM-ACROSS,seq,552,leg,2,motor,LEFT,phase,1,rising,TRUE,hall,6,tick,3,t_us,11_397,dur_us,23_327
[2026-09-22T12:25:47.058] Cog0  BM-ACROSS,seq,553,leg,2,motor,LEFT,phase,2,rising,FALSE,hall,2,tick,4,t_us,14_987,dur_us,19_073
[2026-09-22T12:25:47.059] Cog0  BM-ACROSS,seq,554,leg,2,motor,LEFT,phase,0,rising,TRUE,hall,3,tick,5,t_us,7_515,dur_us,17_881
[2026-09-22T12:25:47.060] Cog0  BM-ACROSS,seq,555,leg,2,motor,LEFT,phase,1,rising,FALSE,hall,1,tick,6,t_us,13_364,dur_us,16_091
[2026-09-22T12:25:47.061] Cog0  BM-ACROSS,seq,556,leg,2,motor,LEFT,phase,2,rising,TRUE,hall,5,tick,7,t_us,5_384,dur_us,14_929
[2026-09-22T12:25:47.063] Cog0  BM-ACROSS,seq,557,leg,2,motor,LEFT,phase,0,rising,FALSE,hall,4,tick,8,t_us,12_314,dur_us,14_569
[2026-09-22T12:25:47.064] Cog0  BM-ACROSS,seq,558,leg,2,motor,LEFT,phase,1,rising,TRUE,hall,6,tick,9,t_us,4_150,dur_us,13_352
[2026-09-22T12:25:47.065] Cog0  BM-ACROSS,seq,559,leg,2,motor,LEFT,phase,2,rising,FALSE,hall,2,tick,10,t_us,11_281,dur_us,13_241
[2026-09-22T12:25:47.066] Cog0  BM-ACROSS,seq,560,leg,2,motor,LEFT,phase,0,rising,TRUE,hall,3,tick,11,t_us,3_324,dur_us,12_236
[2026-09-22T12:25:47.067] Cog0  BM-ACROSS,seq,561,leg,2,motor,LEFT,phase,1,rising,FALSE,hall,1,tick,12,t_us,10_005,dur_us,11_609
[2026-09-22T12:25:47.068] Cog0  BM-ACROSS,seq,562,leg,2,motor,LEFT,phase,2,rising,TRUE,hall,5,tick,13,t_us,3_084,dur_us,11_529
[2026-09-22T12:25:47.069] Cog0  BM-ACROSS,seq,563,leg,2,motor,LEFT,phase,0,rising,FALSE,hall,4,tick,14,t_us,9_367,dur_us,10_204
[2026-09-22T12:25:47.070] Cog0  BM-ACROSS,seq,564,leg,2,motor,LEFT,phase,1,rising,TRUE,hall,6,tick,15,t_us,3_203,dur_us,10_552
[2026-09-22T12:25:47.071] Cog0  BM-ACROSS,seq,565,leg,2,motor,LEFT,phase,2,rising,FALSE,hall,2,tick,16,t_us,9_543,dur_us,10_618
[2026-09-22T12:25:47.072] Cog0  BM-ACROSS,seq,566,leg,2,motor,LEFT,phase,0,rising,TRUE,hall,3,tick,17,t_us,2_259,dur_us,9_552
[2026-09-22T12:25:47.073] Cog0  BM-ACROSS,seq,567,leg,2,motor,LEFT,phase,1,rising,FALSE,hall,1,tick,18,t_us,9_257,dur_us,9_978
[2026-09-22T12:25:47.075] Cog0  BM-ACROSS,seq,568,leg,2,motor,LEFT,phase,2,rising,TRUE,hall,5,tick,19,t_us,2_373,dur_us,9_834
[2026-09-22T12:25:47.075] Cog0  BM-ACROSS,seq,569,leg,2,motor,LEFT,phase,0,rising,FALSE,hall,4,tick,20,t_us,8_615,dur_us,9_335
[2026-09-22T12:25:47.077] Cog0  BM-ACROSS,seq,570,leg,2,motor,LEFT,phase,1,rising,TRUE,hall,6,tick,21,t_us,2_079,dur_us,9_196
[2026-09-22T12:25:47.078] Cog0  BM-ACROSS,seq,571,leg,2,motor,LEFT,phase,2,rising,FALSE,hall,2,tick,22,t_us,8_331,dur_us,8_991
[2026-09-22T12:25:47.079] Cog0  BM-ACROSS,seq,572,leg,2,motor,LEFT,phase,0,rising,TRUE,hall,3,tick,23,t_us,2_080,dur_us,8_967
[2026-09-22T12:25:47.080] Cog0  BM-ACROSS,seq,573,leg,2,motor,LEFT,phase,1,rising,FALSE,hall,5,tick,25,t_us,-238,dur_us,9_262
[2026-09-22T12:25:47.081] Cog0  BM-ACROSS,seq,574,leg,2,motor,LEFT,phase,2,rising,TRUE,hall,5,tick,25,t_us,2_378,dur_us,9_262
[2026-09-22T12:25:47.082] Cog0  BM-ACROSS,seq,575,leg,2,motor,LEFT,phase,0,rising,FALSE,hall,4,tick,26,t_us,8_214,dur_us,8_756
[2026-09-22T12:25:47.083] Cog0  BM-ACROSS,seq,576,leg,2,motor,LEFT,phase,1,rising,TRUE,hall,6,tick,27,t_us,1_960,dur_us,8_558
[2026-09-22T12:25:47.084] Cog0  BM-ACROSS,seq,577,leg,2,motor,LEFT,phase,2,rising,FALSE,hall,2,tick,28,t_us,9_025,dur_us,9_686
[2026-09-22T12:25:47.085] Cog0  BM-ACROSS,seq,578,leg,2,motor,LEFT,phase,0,rising,TRUE,hall,3,tick,29,t_us,2_021,dur_us,9_313
[2026-09-22T12:25:47.086] Cog0  BM-ACROSS,seq,579,leg,2,motor,LEFT,phase,1,rising,FALSE,hall,1,tick,30,t_us,8_909,dur_us,9_688
[2026-09-22T12:25:47.087] Cog0  BM-ACROSS,seq,580,leg,2,motor,LEFT,phase,2,rising,TRUE,hall,5,tick,31,t_us,2_372,dur_us,10_180
[2026-09-22T12:25:47.089] Cog0  BM-ACROSS,seq,581,leg,2,motor,LEFT,phase,0,rising,FALSE,hall,4,tick,32,t_us,9_079,dur_us,9_916
[2026-09-22T12:25:47.090] Cog0  BM-ACROSS,seq,582,leg,2,motor,LEFT,phase,1,rising,TRUE,hall,6,tick,33,t_us,2_730,dur_us,10_485
[2026-09-22T12:25:47.091] Cog0  BM-ACROSS,seq,583,leg,2,motor,LEFT,phase,2,rising,FALSE,hall,2,tick,34,t_us,9_430,dur_us,10_682
[2026-09-22T12:25:47.092] Cog0  BM-ACROSS,seq,584,leg,2,motor,LEFT,phase,0,rising,TRUE,hall,3,tick,35,t_us,2_436,dur_us,10_133
[2026-09-22T12:25:47.093] Cog0  BM-ACROSS,seq,585,leg,2,motor,LEFT,phase,1,rising,FALSE,hall,1,tick,36,t_us,9_139,dur_us,10_094
[2026-09-22T12:25:47.094] Cog0  BM-ACROSS,seq,586,leg,2,motor,LEFT,phase,2,rising,TRUE,hall,5,tick,37,t_us,2_491,dur_us,10_532
[2026-09-22T12:25:47.095] Cog0  BM-ACROSS,seq,587,leg,2,motor,LEFT,phase,0,rising,FALSE,hall,4,tick,38,t_us,8_672,dur_us,9_509
[2026-09-22T12:25:47.096] Cog0  BM-ACROSS,seq,588,leg,2,motor,LEFT,phase,1,rising,TRUE,hall,6,tick,39,t_us,2_375,dur_us,9_725
[2026-09-22T12:25:47.097] Cog0  BM-ACROSS,seq,589,leg,2,motor,LEFT,phase,2,rising,FALSE,hall,2,tick,40,t_us,8_850,dur_us,10_043
[2026-09-22T12:25:47.098] Cog0  BM-ACROSS,seq,590,leg,2,motor,LEFT,phase,0,rising,TRUE,hall,3,tick,41,t_us,1_963,dur_us,9_429
[2026-09-22T12:25:47.100] Cog0  BM-ACROSS,seq,591,leg,2,motor,LEFT,phase,1,rising,FALSE,hall,1,tick,42,t_us,8_793,dur_us,9_394
[2026-09-22T12:25:47.100] Cog0  BM-ACROSS,seq,592,leg,2,motor,LEFT,phase,2,rising,TRUE,hall,5,tick,43,t_us,2_609,dur_us,10_127
[2026-09-22T12:25:47.102] Cog0  BM-ACROSS,seq,593,leg,2,motor,LEFT,phase,0,rising,FALSE,hall,4,tick,44,t_us,9_079,dur_us,10_388
[2026-09-22T12:25:47.103] Cog0  BM-ACROSS,seq,594,leg,2,motor,LEFT,phase,1,rising,TRUE,hall,6,tick,45,t_us,2_495,dur_us,10_365
[2026-09-22T12:25:47.104] Cog0  BM-ACROSS,seq,595,leg,2,motor,LEFT,phase,2,rising,FALSE,hall,2,tick,46,t_us,9_833,dur_us,11_380
[2026-09-22T12:25:47.105] Cog0  BM-ACROSS,seq,596,leg,2,motor,LEFT,phase,0,rising,TRUE,hall,3,tick,47,t_us,2_732,dur_us,11_412
[2026-09-22T12:25:47.106] Cog0  BM-ACROSS,seq,597,leg,2,motor,LEFT,phase,1,rising,FALSE,hall,1,tick,48,t_us,9_775,dur_us,11_203
[2026-09-22T12:25:47.107] Cog0  BM-ACROSS,seq,598,leg,2,motor,LEFT,phase,2,rising,TRUE,hall,5,tick,49,t_us,3_320,dur_us,12_573
[2026-09-22T12:25:47.108] Cog0  BM-ACROSS,seq,599,leg,2,motor,LEFT,phase,0,rising,FALSE,hall,4,tick,50,t_us,9_949,dur_us,11_614
[2026-09-22T12:25:47.109] Cog0  BM-ACROSS,seq,600,leg,2,motor,LEFT,phase,1,rising,TRUE,hall,6,tick,51,t_us,3_086,dur_us,11_823
[2026-09-22T12:25:47.110] Cog0  BM-ACROSS,seq,601,leg,2,motor,LEFT,phase,2,rising,FALSE,hall,2,tick,52,t_us,10_354,dur_us,12_492
[2026-09-22T12:25:47.112] Cog0  BM-ACROSS,seq,602,leg,2,motor,LEFT,phase,0,rising,TRUE,hall,3,tick,53,t_us,2_970,dur_us,11_593
[2026-09-22T12:25:47.112] Cog0  BM-ACROSS,seq,603,leg,2,motor,LEFT,phase,1,rising,FALSE,hall,1,tick,54,t_us,10_411,dur_us,12_134
[2026-09-22T12:25:47.114] Cog0  BM-ACROSS,seq,604,leg,2,motor,LEFT,phase,2,rising,TRUE,hall,5,tick,55,t_us,3_321,dur_us,12_343
[2026-09-22T12:25:47.115] Cog0  BM-ACROSS,seq,605,leg,2,motor,LEFT,phase,0,rising,FALSE,hall,4,tick,56,t_us,9_715,dur_us,11_440
[2026-09-22T12:25:47.116] Cog0  BM-ACROSS,seq,606,leg,2,motor,LEFT,phase,1,rising,TRUE,hall,6,tick,57,t_us,2_967,dur_us,11_645
[2026-09-22T12:25:47.117] Cog0  BM-ACROSS,seq,607,leg,2,motor,LEFT,phase,2,rising,FALSE,hall,2,tick,58,t_us,9_776,dur_us,11_618
[2026-09-22T12:25:47.118] Cog0  BM-ACROSS,seq,608,leg,2,motor,LEFT,phase,0,rising,TRUE,hall,3,tick,59,t_us,2_674,dur_us,11_585
[2026-09-22T12:25:47.119] Cog0  BM-ACROSS,seq,609,leg,2,motor,LEFT,phase,1,rising,FALSE,hall,1,tick,60,t_us,9_548,dur_us,10_858
[2026-09-22T12:25:47.120] Cog0  BM-ACROSS,seq,610,leg,2,motor,LEFT,phase,2,rising,TRUE,hall,5,tick,61,t_us,2_787,dur_us,11_232
[2026-09-22T12:25:47.121] Cog0  BM-ACROSS,seq,611,leg,2,motor,LEFT,phase,0,rising,FALSE,hall,4,tick,62,t_us,9_540,dur_us,11_146
[2026-09-22T12:25:47.122] Cog0  BM-ACROSS,seq,612,leg,2,motor,LEFT,phase,1,rising,TRUE,hall,6,tick,63,t_us,2_376,dur_us,10_363
[2026-09-22T12:25:47.123] Cog0  BM-ACROSS,seq,613,leg,2,motor,LEFT,phase,2,rising,FALSE,hall,2,tick,64,t_us,9_659,dur_us,11_028
[2026-09-22T12:25:47.125] Cog0  BM-ACROSS,seq,614,leg,2,motor,LEFT,phase,0,rising,TRUE,hall,3,tick,65,t_us,2_613,dur_us,10_887
[2026-09-22T12:25:47.125] Cog0  BM-ACROSS,seq,615,leg,2,motor,LEFT,phase,1,rising,FALSE,hall,1,tick,66,t_us,8_967,dur_us,10_217
[2026-09-22T12:25:47.127] Cog0  BM-ACROSS,seq,616,leg,2,motor,LEFT,phase,2,rising,TRUE,hall,5,tick,67,t_us,2_552,dur_us,10_706
[2026-09-22T12:25:47.128] Cog0  BM-ACROSS,seq,617,leg,2,motor,LEFT,phase,0,rising,FALSE,hall,4,tick,68,t_us,9_137,dur_us,10_329
[2026-09-22T12:25:47.129] Cog0  BM-ACROSS,seq,618,leg,2,motor,LEFT,phase,1,rising,TRUE,hall,6,tick,69,t_us,2_315,dur_us,10_416
[2026-09-22T12:25:47.130] Cog0  BM-ACROSS,seq,619,leg,2,motor,LEFT,phase,2,rising,FALSE,hall,2,tick,70,t_us,8_969,dur_us,10_102
[2026-09-22T12:25:47.131] Cog0  BM-ACROSS,seq,620,leg,2,motor,LEFT,phase,0,rising,TRUE,hall,3,tick,71,t_us,2_259,dur_us,10_129
[2026-09-22T12:25:47.132] Cog0  BM-ACROSS,seq,621,leg,2,motor,LEFT,phase,1,rising,FALSE,hall,1,tick,72,t_us,9_254,dur_us,10_564
[2026-09-22T12:25:47.133] Cog0  BM-ACROSS,seq,622,leg,2,motor,LEFT,phase,2,rising,TRUE,hall,5,tick,73,t_us,2_374,dur_us,10_588
[2026-09-22T12:25:47.134] Cog0  BM-ACROSS,seq,623,leg,2,motor,LEFT,phase,0,rising,FALSE,hall,4,tick,74,t_us,9_310,dur_us,10_620
[2026-09-22T12:25:47.135] Cog0  BM-ACROSS,seq,624,leg,2,motor,LEFT,phase,1,rising,TRUE,hall,6,tick,75,t_us,2_790,dur_us,11_294
[2026-09-22T12:25:47.137] Cog0  BM-ACROSS,seq,625,leg,2,motor,LEFT,phase,2,rising,FALSE,hall,2,tick,76,t_us,9_601,dur_us,10_911
[2026-09-22T12:25:47.137] Cog0  BM-ACROSS,seq,626,leg,2,motor,LEFT,phase,0,rising,TRUE,hall,3,tick,77,t_us,3_204,dur_us,11_943
[2026-09-22T12:25:47.139] Cog0  BM-ACROSS,seq,627,leg,2,motor,LEFT,phase,1,rising,FALSE,hall,1,tick,78,t_us,10_064,dur_us,11_845
[2026-09-22T12:25:47.140] Cog0  BM-ACROSS,seq,628,leg,2,motor,LEFT,phase,2,rising,TRUE,hall,5,tick,79,t_us,3_024,dur_us,11_757
[2026-09-22T12:25:47.141] Cog0  BM-ACROSS,seq,629,leg,2,motor,LEFT,phase,0,rising,FALSE,hall,4,tick,80,t_us,10_291,dur_us,11_836
[2026-09-22T12:25:47.142] Cog0  BM-ACROSS,seq,630,leg,2,motor,LEFT,phase,1,rising,TRUE,hall,6,tick,81,t_us,2_850,dur_us,11_298
[2026-09-22T12:25:47.143] Cog0  BM-ACROSS,seq,631,leg,2,motor,LEFT,phase,2,rising,FALSE,hall,2,tick,82,t_us,9_951,dur_us,11_144
[2026-09-22T12:25:47.144] Cog0  BM-ACROSS,seq,632,leg,2,motor,LEFT,phase,0,rising,TRUE,hall,3,tick,83,t_us,2_614,dur_us,10_715
[2026-09-22T12:25:47.145] Cog0  BM-ACROSS,seq,633,leg,2,motor,LEFT,phase,1,rising,FALSE,hall,1,tick,84,t_us,9_024,dur_us,10_038
[2026-09-22T12:25:47.146] Cog0  BM-ACROSS,seq,634,leg,2,motor,LEFT,phase,2,rising,TRUE,hall,5,tick,85,t_us,2_551,dur_us,9_837
[2026-09-22T12:25:47.147] Cog0  BM-ACROSS,seq,635,leg,2,motor,LEFT,phase,0,rising,FALSE,hall,4,tick,86,t_us,9_021,dur_us,9_563
[2026-09-22T12:25:47.148] Cog0  BM-ACROSS,seq,636,leg,2,motor,LEFT,phase,1,rising,TRUE,hall,6,tick,87,t_us,2_374,dur_us,9_782
[2026-09-22T12:25:47.150] Cog0  BM-ACROSS,seq,637,leg,2,motor,LEFT,phase,2,rising,FALSE,hall,2,tick,88,t_us,8_620,dur_us,9_339
[2026-09-22T12:25:47.151] Cog0  BM-ACROSS,seq,638,leg,2,motor,LEFT,phase,0,rising,TRUE,hall,3,tick,89,t_us,2_021,dur_us,9_198
[2026-09-22T12:25:47.152] Cog0  BM-ACROSS,seq,639,leg,2,motor,LEFT,phase,1,rising,FALSE,hall,1,tick,90,t_us,8_445,dur_us,9_224
[2026-09-22T12:25:47.153] Cog0  BM-ACROSS,seq,640,leg,2,motor,LEFT,phase,2,rising,TRUE,hall,5,tick,91,t_us,2_016,dur_us,9_303
[2026-09-22T12:25:47.154] Cog0  BM-ACROSS,seq,641,leg,2,motor,LEFT,phase,0,rising,FALSE,hall,4,tick,92,t_us,8_211,dur_us,8_931
[2026-09-22T12:25:47.155] Cog0  BM-ACROSS,seq,642,leg,2,motor,LEFT,phase,1,rising,TRUE,hall,6,tick,93,t_us,2_080,dur_us,9_140
[2026-09-22T12:25:47.156] Cog0  BM-ACROSS,seq,643,leg,2,motor,LEFT,phase,2,rising,FALSE,hall,2,tick,94,t_us,8_504,dur_us,8_928
[2026-09-22T12:25:47.157] Cog0  BM-ACROSS,seq,644,leg,2,motor,LEFT,phase,0,rising,TRUE,hall,3,tick,95,t_us,2_316,dur_us,9_146
[2026-09-22T12:25:47.158] Cog0  BM-ACROSS,seq,645,leg,2,motor,LEFT,phase,1,rising,FALSE,hall,1,tick,96,t_us,8_677,dur_us,9_220
[2026-09-22T12:25:47.159] Cog0  BM-ACROSS,seq,646,leg,2,motor,LEFT,phase,2,rising,TRUE,hall,5,tick,97,t_us,2_251,dur_us,9_192
[2026-09-22T12:25:47.160] Cog0  BM-ACROSS,seq,647,leg,2,motor,LEFT,phase,0,rising,FALSE,hall,4,tick,98,t_us,8_788,dur_us,9_449
[2026-09-22T12:25:47.161] Cog0  BM-ACROSS,seq,648,leg,2,motor,LEFT,phase,1,rising,TRUE,hall,6,tick,99,t_us,2_019,dur_us,9_079
[2026-09-22T12:25:47.163] Cog0  BM-ACROSS,seq,649,leg,2,motor,LEFT,phase,2,rising,FALSE,hall,2,tick,100,t_us,8_677,dur_us,9_456
[2026-09-22T12:25:47.164] Cog0  BM-ACROSS,seq,650,leg,2,motor,LEFT,phase,0,rising,TRUE,hall,3,tick,101,t_us,1_903,dur_us,9_078
[2026-09-22T12:25:47.165] Cog0  BM-ACROSS,seq,651,leg,2,motor,LEFT,phase,1,rising,FALSE,hall,1,tick,102,t_us,8_272,dur_us,8_991
[2026-09-22T12:25:47.166] Cog0  BM-ACROSS,seq,652,leg,2,motor,LEFT,phase,2,rising,TRUE,hall,5,tick,103,t_us,2_077,dur_us,9_191
[2026-09-22T12:25:47.167] Cog0  BM-ACROSS,seq,653,leg,2,motor,LEFT,phase,0,rising,FALSE,hall,6,tick,105,t_us,-355,dur_us,8_803
[2026-09-22T12:25:47.168] Cog0  BM-ACROSS,seq,654,leg,2,motor,LEFT,phase,1,rising,TRUE,hall,6,tick,105,t_us,2_321,dur_us,8_803
[2026-09-22T12:25:47.169] Cog0  BM-ACROSS,seq,655,leg,2,motor,LEFT,phase,2,rising,FALSE,hall,2,tick,106,t_us,8_504,dur_us,9_106
[2026-09-22T12:25:47.170] Cog0  BM-ACROSS,seq,656,leg,2,motor,LEFT,phase,0,rising,TRUE,hall,3,tick,107,t_us,1_725,dur_us,8_267
[2026-09-22T12:25:47.171] Cog0  BM-ACROSS,seq,657,leg,2,motor,LEFT,phase,1,rising,FALSE,hall,1,tick,108,t_us,8_504,dur_us,8_869
[2026-09-22T12:25:47.172] Cog0  BM-ACROSS,seq,658,leg,2,motor,LEFT,phase,2,rising,TRUE,hall,5,tick,109,t_us,1_898,dur_us,8_838
[2026-09-22T12:25:47.173] Cog0  BM-ACROSS,seq,659,leg,2,motor,LEFT,phase,0,rising,FALSE,hall,4,tick,110,t_us,8_097,dur_us,8_581
[2026-09-22T12:25:47.174] Cog0  BM-ACROSS,seq,660,leg,2,motor,LEFT,phase,1,rising,TRUE,hall,6,tick,111,t_us,1_842,dur_us,8_729
[2026-09-22T12:25:47.176] Cog0  BM-ACROSS,seq,661,leg,2,motor,LEFT,phase,2,rising,FALSE,hall,2,tick,112,t_us,8_156,dur_us,8_816
[2026-09-22T12:25:47.177] Cog0  BM-ACROSS,seq,662,leg,2,motor,LEFT,phase,0,rising,TRUE,hall,3,tick,113,t_us,2_021,dur_us,9_081
[2026-09-22T12:25:47.178] Cog0  BM-ACROSS,seq,663,leg,2,motor,LEFT,phase,1,rising,FALSE,hall,5,tick,115,t_us,-355,dur_us,9_727
[2026-09-22T12:25:47.179] Cog0  BM-ACROSS,seq,664,leg,2,motor,LEFT,phase,2,rising,TRUE,hall,5,tick,115,t_us,2_498,dur_us,9_727
[2026-09-22T12:25:47.180] Cog0  BM-ACROSS,seq,665,leg,2,motor,LEFT,phase,0,rising,FALSE,hall,4,tick,116,t_us,8_503,dur_us,9_163
[2026-09-22T12:25:47.181] Cog0  BM-ACROSS,seq,666,leg,2,motor,LEFT,phase,1,rising,TRUE,hall,6,tick,117,t_us,2_020,dur_us,8_849
[2026-09-22T12:25:47.182] Cog0  BM-ACROSS,seq,667,leg,2,motor,LEFT,phase,2,rising,FALSE,hall,2,tick,118,t_us,8_965,dur_us,9_685
[2026-09-22T12:25:47.183] Cog0  BM-ACROSS,seq,668,leg,2,motor,LEFT,phase,0,rising,TRUE,hall,3,tick,119,t_us,2_021,dur_us,9_081
[2026-09-22T12:25:47.184] Cog0  BM-ACROSS,seq,669,leg,2,motor,LEFT,phase,1,rising,FALSE,hall,1,tick,120,t_us,8_330,dur_us,8_872
[2026-09-22T12:25:47.185] Cog0  BM-ACROSS,seq,670,leg,2,motor,LEFT,phase,2,rising,TRUE,hall,5,tick,121,t_us,1_959,dur_us,8_958
[2026-09-22T12:25:47.187] Cog0  BM-ACROSS,seq,671,leg,2,motor,LEFT,phase,0,rising,FALSE,hall,4,tick,122,t_us,7_982,dur_us,8_288
[2026-09-22T12:25:47.187] Cog0  BM-ACROSS,seq,672,leg,2,motor,LEFT,phase,1,rising,TRUE,hall,6,tick,123,t_us,2_019,dur_us,8_558
[2026-09-22T12:25:47.189] Cog0  BM-ACROSS,seq,673,leg,2,motor,LEFT,phase,2,rising,FALSE,hall,2,tick,124,t_us,7_925,dur_us,8_585
[2026-09-22T12:25:47.190] Cog0  BM-ACROSS,seq,674,leg,2,motor,LEFT,phase,0,rising,TRUE,hall,3,tick,125,t_us,1_606,dur_us,8_089
[2026-09-22T12:25:47.191] Cog0  BM-ACROSS,seq,675,leg,2,motor,LEFT,phase,1,rising,FALSE,hall,1,tick,126,t_us,7_926,dur_us,8_350
[2026-09-22T12:25:47.192] Cog0  BM-ACROSS,seq,676,leg,2,motor,LEFT,phase,2,rising,TRUE,hall,5,tick,127,t_us,1_896,dur_us,9_068
[2026-09-22T12:25:47.193] Cog0  BM-ACROSS,seq,677,leg,2,motor,LEFT,phase,0,rising,FALSE,hall,4,tick,128,t_us,8_038,dur_us,8_580
[2026-09-22T12:25:47.194] Cog0  BM-ACROSS,seq,678,leg,2,motor,LEFT,phase,1,rising,TRUE,hall,6,tick,129,t_us,2_019,dur_us,9_253
[2026-09-22T12:25:47.195] Cog0  BM-ACROSS,seq,679,leg,2,motor,LEFT,phase,2,rising,FALSE,hall,2,tick,130,t_us,8_966,dur_us,10_099
[2026-09-22T12:25:47.197] Cog0  BM-ACROSS,seq,680,leg,2,motor,LEFT,phase,0,rising,TRUE,hall,3,tick,131,t_us,2_140,dur_us,9_953
[2026-09-22T12:25:47.197] Cog0  BM-ACROSS,seq,681,leg,2,motor,LEFT,phase,1,rising,FALSE,hall,1,tick,132,t_us,9_372,dur_us,10_327
[2026-09-22T12:25:47.199] Cog0  BM-ACROSS,seq,682,leg,2,motor,LEFT,phase,2,rising,TRUE,hall,5,tick,133,t_us,3_024,dur_us,11_237
[2026-09-22T12:25:47.200] Cog0  BM-ACROSS,seq,683,leg,2,motor,LEFT,phase,0,rising,FALSE,hall,4,tick,134,t_us,9_944,dur_us,11_490
[2026-09-22T12:25:47.201] Cog0  BM-ACROSS,seq,684,leg,2,motor,LEFT,phase,1,rising,TRUE,hall,6,tick,135,t_us,2_909,dur_us,11_357
[2026-09-22T12:25:47.202] Cog0  BM-ACROSS,seq,685,leg,2,motor,LEFT,phase,2,rising,FALSE,hall,2,tick,136,t_us,10_353,dur_us,12_254
[2026-09-22T12:25:47.203] Cog0  BM-ACROSS,seq,686,leg,2,motor,LEFT,phase,0,rising,TRUE,hall,3,tick,137,t_us,3_087,dur_us,12_347
[2026-09-22T12:25:47.204] Cog0  BM-ACROSS,seq,687,leg,2,motor,LEFT,phase,1,rising,FALSE,hall,1,tick,138,t_us,10_413,dur_us,12_195
[2026-09-22T12:25:47.205] Cog0  BM-ACROSS,seq,688,leg,2,motor,LEFT,phase,2,rising,TRUE,hall,5,tick,139,t_us,3_734,dur_us,13_854
[2026-09-22T12:25:47.206] Cog0  BM-ACROSS,seq,689,leg,2,motor,LEFT,phase,0,rising,FALSE,hall,4,tick,140,t_us,10_614,dur_us,12_781
[2026-09-22T12:25:47.207] Cog0  BM-ACROSS,seq,690,leg,2,motor,LEFT,phase,1,rising,TRUE,hall,6,tick,141,t_us,3_795,dur_us,13_111
[2026-09-22T12:25:47.209] Cog0  BM-ACROSS,seq,691,leg,2,motor,LEFT,phase,2,rising,FALSE,hall,2,tick,142,t_us,11_106,dur_us,13_657
[2026-09-22T12:25:47.210] Cog0  BM-ACROSS,seq,692,leg,2,motor,LEFT,phase,0,rising,TRUE,hall,3,tick,143,t_us,3_324,dur_us,12_121
[2026-09-22T12:25:47.211] Cog0  BM-ACROSS,seq,693,leg,2,motor,LEFT,phase,1,rising,FALSE,hall,1,tick,144,t_us,10_528,dur_us,12_250
[2026-09-22T12:25:47.212] Cog0  BM-ACROSS,seq,694,leg,2,motor,LEFT,phase,2,rising,TRUE,hall,5,tick,145,t_us,3_084,dur_us,11_875
[2026-09-22T12:25:47.213] Cog0  BM-ACROSS,seq,695,leg,2,motor,LEFT,phase,0,rising,FALSE,hall,4,tick,146,t_us,9_428,dur_us,10_679
[2026-09-22T12:25:47.214] Cog0  BM-ACROSS,seq,696,leg,2,motor,LEFT,phase,1,rising,TRUE,hall,6,tick,147,t_us,2_494,dur_us,10_653
[2026-09-22T12:25:47.215] Cog0  BM-ACROSS,seq,697,leg,2,motor,LEFT,phase,2,rising,FALSE,hall,2,tick,148,t_us,9_256,dur_us,10_448
[2026-09-22T12:25:47.216] Cog0  BM-ACROSS,seq,698,leg,2,motor,LEFT,phase,0,rising,TRUE,hall,3,tick,149,t_us,2_080,dur_us,10_181
[2026-09-22T12:25:47.217] Cog0  BM-ACROSS,seq,699,leg,2,motor,LEFT,phase,1,rising,FALSE,hall,1,tick,150,t_us,8_504,dur_us,9_400
[2026-09-22T12:25:47.218] Cog0  BM-ACROSS,seq,700,leg,2,motor,LEFT,phase,2,rising,TRUE,hall,5,tick,151,t_us,2_135,dur_us,9_595
[2026-09-22T12:25:47.220] Cog0  BM-ACROSS,seq,701,leg,2,motor,LEFT,phase,0,rising,FALSE,hall,4,tick,152,t_us,8_443,dur_us,9_399
[2026-09-22T12:25:47.220] Cog0  BM-ACROSS,seq,702,leg,2,motor,LEFT,phase,1,rising,TRUE,hall,6,tick,153,t_us,1_844,dur_us,8_789
[2026-09-22T12:25:47.222] Cog0  BM-ACROSS,seq,703,leg,2,motor,LEFT,phase,2,rising,FALSE,hall,2,tick,154,t_us,8_562,dur_us,9_341
[2026-09-22T12:25:47.223] Cog0  BM-ACROSS,seq,704,leg,2,motor,LEFT,phase,0,rising,TRUE,hall,3,tick,155,t_us,1_843,dur_us,9_077
[2026-09-22T12:25:47.224] Cog0  BM-ACROSS,seq,705,leg,2,motor,LEFT,phase,1,rising,FALSE,hall,1,tick,156,t_us,8_042,dur_us,8_702
[2026-09-22T12:25:47.225] Cog0  BM-ACROSS,seq,706,leg,2,motor,LEFT,phase,2,rising,TRUE,hall,5,tick,157,t_us,1_898,dur_us,9_242
[2026-09-22T12:25:47.226] Cog0  BM-ACROSS,seq,707,leg,2,motor,LEFT,phase,0,rising,FALSE,hall,4,tick,158,t_us,8_211,dur_us,9_107
[2026-09-22T12:25:47.227] Cog0  BM-ACROSS,seq,708,leg,2,motor,LEFT,phase,1,rising,TRUE,hall,6,tick,159,t_us,1_901,dur_us,9_598
[2026-09-22T12:25:47.228] Cog0  BM-ACROSS,seq,709,leg,2,motor,LEFT,phase,2,rising,FALSE,hall,2,tick,160,t_us,8_560,dur_us,9_693
[2026-09-22T12:25:47.230] Cog0  BM-ACROSS,seq,710,leg,2,motor,LEFT,phase,0,rising,TRUE,hall,3,tick,161,t_us,2_140,dur_us,10_068
[2026-09-22T12:25:47.230] Cog0  BM-ACROSS,seq,711,leg,2,motor,LEFT,phase,1,rising,FALSE,hall,1,tick,162,t_us,9_489,dur_us,10_976
[2026-09-22T12:25:47.232] Cog0  BM-ACROSS,seq,712,leg,2,motor,LEFT,phase,2,rising,TRUE,hall,5,tick,163,t_us,2_729,dur_us,11_577
[2026-09-22T12:25:47.233] Cog0  BM-ACROSS,seq,713,leg,2,motor,LEFT,phase,0,rising,FALSE,hall,4,tick,164,t_us,10_294,dur_us,12_135
[2026-09-22T12:25:47.234] Cog0  BM-ACROSS,seq,714,leg,2,motor,LEFT,phase,1,rising,TRUE,hall,6,tick,165,t_us,3_677,dur_us,13_108
[2026-09-22T12:25:47.235] Cog0  BM-ACROSS,seq,715,leg,2,motor,LEFT,phase,2,rising,FALSE,hall,2,tick,166,t_us,10_468,dur_us,12_192
[2026-09-22T12:25:47.236] Cog0  BM-ACROSS,seq,716,leg,2,motor,LEFT,phase,0,rising,TRUE,hall,3,tick,167,t_us,3_443,dur_us,12_125
[2026-09-22T12:25:47.237] Cog0  BM-ACROSS,seq,717,leg,2,motor,LEFT,phase,1,rising,FALSE,hall,1,tick,168,t_us,9_692,dur_us,10_973
[2026-09-22T12:25:47.238] Cog0  BM-ACROSS,seq,718,leg,2,motor,LEFT,phase,2,rising,TRUE,hall,5,tick,169,t_us,2_491,dur_us,10_183
[2026-09-22T12:25:47.239] Cog0  BM-ACROSS,seq,719,leg,2,motor,LEFT,phase,0,rising,FALSE,hall,4,tick,170,t_us,8_963,dur_us,9_860
[2026-09-22T12:25:47.240] Cog0  BM-ACROSS,seq,720,leg,2,motor,LEFT,phase,1,rising,TRUE,hall,6,tick,171,t_us,2_079,dur_us,9_196
[2026-09-22T12:25:47.242] Cog0  BM-ACROSS,seq,721,leg,2,motor,LEFT,phase,2,rising,FALSE,hall,2,tick,172,t_us,8_561,dur_us,9_340
[2026-09-22T12:25:47.243] Cog0  BM-ACROSS,seq,722,leg,2,motor,LEFT,phase,0,rising,TRUE,hall,3,tick,173,t_us,1_962,dur_us,8_964
[2026-09-22T12:25:47.244] Cog0  BM-ACROSS,seq,723,leg,2,motor,LEFT,phase,1,rising,FALSE,hall,1,tick,174,t_us,8_156,dur_us,8_817
[2026-09-22T12:25:47.245] Cog0  BM-ACROSS,seq,724,leg,2,motor,LEFT,phase,2,rising,TRUE,hall,5,tick,175,t_us,2_015,dur_us,8_784
[2026-09-22T12:25:47.246] Cog0  BM-ACROSS,seq,725,leg,2,motor,LEFT,phase,0,rising,FALSE,hall,4,tick,176,t_us,8_384,dur_us,8_808
[2026-09-22T12:25:47.247] Cog0  BM-ACROSS,seq,726,leg,2,motor,LEFT,phase,1,rising,TRUE,hall,6,tick,177,t_us,2_018,dur_us,9_021
[2026-09-22T12:25:47.248] Cog0  BM-ACROSS,seq,727,leg,2,motor,LEFT,phase,2,rising,FALSE,hall,2,tick,178,t_us,8_332,dur_us,8_933
[2026-09-22T12:25:47.249] Cog0  BM-ACROSS,seq,728,leg,2,motor,LEFT,phase,0,rising,TRUE,hall,3,tick,179,t_us,1_843,dur_us,8_730
[2026-09-22T12:25:47.250] Cog0  BM-ACROSS,seq,729,leg,2,motor,LEFT,phase,1,rising,FALSE,hall,1,tick,180,t_us,8_156,dur_us,8_876
[2026-09-22T12:25:47.251] Cog0  BM-ACROSS,seq,730,leg,2,motor,LEFT,phase,2,rising,TRUE,hall,5,tick,181,t_us,1_898,dur_us,8_955
[2026-09-22T12:25:47.252] Cog0  BM-ACROSS,seq,731,leg,2,motor,LEFT,phase,0,rising,FALSE,hall,4,tick,182,t_us,7_980,dur_us,8_582
[2026-09-22T12:25:47.253] Cog0  BM-ACROSS,seq,732,leg,2,motor,LEFT,phase,1,rising,TRUE,hall,6,tick,183,t_us,1_901,dur_us,8_788
[2026-09-22T12:25:47.255] Cog0  BM-ACROSS,seq,733,leg,2,motor,LEFT,phase,2,rising,FALSE,hall,2,tick,184,t_us,8_156,dur_us,8_522
[2026-09-22T12:25:47.256] Cog0  BM-ACROSS,seq,734,leg,2,motor,LEFT,phase,0,rising,TRUE,hall,3,tick,185,t_us,2_139,dur_us,8_796
[2026-09-22T12:25:47.257] Cog0  BM-ACROSS,seq,735,leg,2,motor,LEFT,phase,1,rising,FALSE,hall,1,tick,186,t_us,8_503,dur_us,8_868
[2026-09-22T12:25:47.258] Cog0  BM-ACROSS,seq,736,leg,2,motor,LEFT,phase,2,rising,TRUE,hall,5,tick,187,t_us,2_194,dur_us,9_077
[2026-09-22T12:25:47.259] Cog0  BM-ACROSS,seq,737,leg,2,motor,LEFT,phase,0,rising,FALSE,hall,4,tick,188,t_us,8_788,dur_us,9_389
[2026-09-22T12:25:47.260] Cog0  BM-ACROSS,seq,738,leg,2,motor,LEFT,phase,1,rising,TRUE,hall,6,tick,189,t_us,2_136,dur_us,9_253
[2026-09-22T12:25:47.261] Cog0  BM-ACROSS,seq,739,leg,2,motor,LEFT,phase,2,rising,FALSE,hall,2,tick,190,t_us,8_851,dur_us,9_748
[2026-09-22T12:25:47.262] Cog0  BM-ACROSS,seq,740,leg,2,motor,LEFT,phase,0,rising,TRUE,hall,3,tick,191,t_us,2_080,dur_us,9_487
[2026-09-22T12:25:47.263] Cog0  BM-ACROSS,seq,741,leg,2,motor,LEFT,phase,1,rising,FALSE,hall,1,tick,192,t_us,8_737,dur_us,9_457
[2026-09-22T12:25:47.265] Cog0  BM-ACROSS,seq,742,leg,2,motor,LEFT,phase,2,rising,TRUE,hall,5,tick,193,t_us,2_374,dur_us,9_892
[2026-09-22T12:25:47.265] Cog0  BM-ACROSS,seq,743,leg,2,motor,LEFT,phase,0,rising,FALSE,hall,4,tick,194,t_us,8_673,dur_us,9_156
[2026-09-22T12:25:47.267] Cog0  BM-ACROSS,seq,744,leg,2,motor,LEFT,phase,1,rising,TRUE,hall,6,tick,195,t_us,2_730,dur_us,9_848
[2026-09-22T12:25:47.268] Cog0  BM-ACROSS,seq,745,leg,2,motor,LEFT,phase,2,rising,FALSE,hall,2,tick,196,t_us,9_313,dur_us,10_270
[2026-09-22T12:25:47.269] Cog0  BM-ACROSS,seq,746,leg,2,motor,LEFT,phase,0,rising,TRUE,hall,3,tick,197,t_us,2_199,dur_us,9_608
[2026-09-22T12:25:47.270] Cog0  BM-ACROSS,seq,747,leg,2,motor,LEFT,phase,1,rising,FALSE,hall,1,tick,198,t_us,9_600,dur_us,10_497
[2026-09-22T12:25:47.271] Cog0  BM-ACROSS,seq,748,leg,2,motor,LEFT,phase,2,rising,TRUE,hall,5,tick,199,t_us,2_667,dur_us,10_705
[2026-09-22T12:25:47.272] Cog0  BM-ACROSS,seq,749,leg,2,motor,LEFT,phase,0,rising,FALSE,hall,4,tick,200,t_us,9_424,dur_us,10_675
[2026-09-22T12:25:47.273] Cog0  BM-ACROSS,seq,750,leg,2,motor,LEFT,phase,1,rising,TRUE,hall,6,tick,201,t_us,2_731,dur_us,10_948
[2026-09-22T12:25:47.274] Cog0  BM-ACROSS,seq,751,leg,2,motor,LEFT,phase,2,rising,FALSE,hall,2,tick,202,t_us,9_837,dur_us,10_911
[2026-09-22T12:25:47.275] Cog0  BM-ACROSS,seq,752,leg,2,motor,LEFT,phase,0,rising,TRUE,hall,3,tick,203,t_us,2_968,dur_us,11_243
[2026-09-22T12:25:47.276] Cog0  BM-ACROSS,seq,753,leg,2,motor,LEFT,phase,1,rising,FALSE,hall,1,tick,204,t_us,9_544,dur_us,10_381
[2026-09-22T12:25:47.278] Cog0  BM-ACROSS,seq,754,leg,2,motor,LEFT,phase,2,rising,TRUE,hall,5,tick,205,t_us,3_437,dur_us,11_533
[2026-09-22T12:25:47.279] Cog0  BM-ACROSS,seq,755,leg,2,motor,LEFT,phase,0,rising,FALSE,hall,4,tick,206,t_us,9_539,dur_us,10_730
[2026-09-22T12:25:47.280] Cog0  BM-ACROSS,seq,756,leg,2,motor,LEFT,phase,1,rising,TRUE,hall,6,tick,207,t_us,2_730,dur_us,10_310
[2026-09-22T12:25:47.281] Cog0  BM-ACROSS,seq,757,leg,2,motor,LEFT,phase,2,rising,FALSE,hall,2,tick,208,t_us,10_064,dur_us,11_433
[2026-09-22T12:25:47.282] Cog0  BM-ACROSS,seq,758,leg,2,motor,LEFT,phase,0,rising,TRUE,hall,3,tick,209,t_us,2_732,dur_us,10_892
[2026-09-22T12:25:47.283] Cog0  BM-ACROSS,seq,759,leg,2,motor,LEFT,phase,1,rising,FALSE,hall,1,tick,210,t_us,9_776,dur_us,11_086
[2026-09-22T12:25:47.284] Cog0  BM-ACROSS,seq,760,leg,2,motor,LEFT,phase,2,rising,TRUE,hall,5,tick,211,t_us,2_905,dur_us,11_408
[2026-09-22T12:25:47.285] Cog0  BM-ACROSS,seq,761,leg,2,motor,LEFT,phase,0,rising,FALSE,hall,4,tick,212,t_us,9_715,dur_us,10_847
[2026-09-22T12:25:47.286] Cog0  BM-ACROSS,seq,762,leg,2,motor,LEFT,phase,1,rising,TRUE,hall,6,tick,213,t_us,3_026,dur_us,11_185
[2026-09-22T12:25:47.288] Cog0  BM-ACROSS,seq,763,leg,2,motor,LEFT,phase,2,rising,FALSE,hall,2,tick,214,t_us,9_602,dur_us,11_149
[2026-09-22T12:25:47.288] Cog0  BM-ACROSS,seq,764,leg,2,motor,LEFT,phase,0,rising,TRUE,hall,3,tick,215,t_us,2_496,dur_us,10_424
[2026-09-22T12:25:47.290] Cog0  BM-ACROSS,seq,765,leg,2,motor,LEFT,phase,1,rising,FALSE,hall,1,tick,216,t_us,9_287,dur_us,10_273
[2026-09-22T12:25:47.291] Cog0  BM-ACROSS,seq,766,leg,2,motor,LEFT,phase,2,rising,TRUE,hall,5,tick,217,t_us,2_668,dur_us,10_707
[2026-09-22T12:25:47.292] Cog0  BM-ACROSS,seq,767,leg,2,motor,LEFT,phase,0,rising,FALSE,hall,4,tick,218,t_us,8_965,dur_us,9_743
[2026-09-22T12:25:47.293] Cog0  BM-ACROSS,seq,768,leg,2,motor,LEFT,phase,1,rising,TRUE,hall,6,tick,219,t_us,2_434,dur_us,9_899
[2026-09-22T12:25:47.294] Cog0  BM-ACROSS,seq,769,leg,2,motor,LEFT,phase,2,rising,FALSE,hall,2,tick,220,t_us,9_084,dur_us,10_219
[2026-09-22T12:25:47.295] Cog0  BM-ACROSS,seq,770,leg,2,motor,LEFT,phase,0,rising,TRUE,hall,3,tick,221,t_us,2_022,dur_us,9_487
[2026-09-22T12:25:47.296] Cog0  BM-ACROSS,seq,771,leg,2,motor,LEFT,phase,1,rising,FALSE,hall,1,tick,222,t_us,8_677,dur_us,9_278
[2026-09-22T12:25:47.298] Cog0  BM-ACROSS,seq,772,leg,2,motor,LEFT,phase,2,rising,TRUE,hall,5,tick,223,t_us,2_491,dur_us,9_721
[2026-09-22T12:25:47.298] Cog0  BM-ACROSS,seq,773,leg,2,motor,LEFT,phase,0,rising,FALSE,hall,4,tick,224,t_us,8_733,dur_us,9_512
[2026-09-22T12:25:47.300] Cog0  BM-ACROSS,seq,774,leg,2,motor,LEFT,phase,1,rising,TRUE,hall,6,tick,225,t_us,1_962,dur_us,9_022
[2026-09-22T12:25:47.301] Cog0  BM-ACROSS,seq,775,leg,2,motor,LEFT,phase,2,rising,FALSE,hall,2,tick,226,t_us,8_737,dur_us,9_575
[2026-09-22T12:25:47.302] Cog0  BM-ACROSS,seq,776,leg,2,motor,LEFT,phase,0,rising,TRUE,hall,3,tick,227,t_us,1_785,dur_us,9_249
[2026-09-22T12:25:47.303] Cog0  BM-ACROSS,seq,777,leg,2,motor,LEFT,phase,1,rising,FALSE,hall,1,tick,228,t_us,8_330,dur_us,8_872
[2026-09-22T12:25:47.304] Cog0  BM-ACROSS,seq,778,leg,2,motor,LEFT,phase,2,rising,TRUE,hall,5,tick,229,t_us,2_253,dur_us,9_886
[2026-09-22T12:25:47.305] Cog0  BM-ACROSS,seq,779,leg,2,motor,LEFT,phase,0,rising,FALSE,hall,4,tick,230,t_us,8_038,dur_us,8_875
[2026-09-22T12:25:47.306] Cog0  BM-ACROSS,seq,780,leg,2,motor,LEFT,phase,1,rising,TRUE,hall,6,tick,231,t_us,1_901,dur_us,8_961
[2026-09-22T12:25:47.307] Cog0  BM-ACROSS,seq,781,leg,2,motor,LEFT,phase,2,rising,FALSE,hall,2,tick,232,t_us,8_445,dur_us,9_520
[2026-09-22T12:25:47.308] Cog0  BM-ACROSS,seq,782,leg,2,motor,LEFT,phase,0,rising,TRUE,hall,3,tick,233,t_us,1_726,dur_us,8_672
[2026-09-22T12:25:47.309] Cog0  BM-ACROSS,seq,783,leg,2,motor,LEFT,phase,1,rising,FALSE,hall,1,tick,234,t_us,8_388,dur_us,9_107
[2026-09-22T12:25:47.310] Cog0  BM-ACROSS,seq,784,leg,2,motor,LEFT,phase,2,rising,TRUE,hall,5,tick,235,t_us,1_958,dur_us,9_245
[2026-09-22T12:25:47.311] Cog0  BM-ACROSS,seq,785,leg,2,motor,LEFT,phase,0,rising,FALSE,hall,4,tick,236,t_us,7_865,dur_us,8_584
[2026-09-22T12:25:47.313] Cog0  BM-ACROSS,seq,786,leg,2,motor,LEFT,phase,1,rising,TRUE,hall,6,tick,237,t_us,1_840,dur_us,8_842
[2026-09-22T12:25:47.314] Cog0  BM-ACROSS,seq,787,leg,2,motor,LEFT,phase,2,rising,FALSE,hall,2,tick,238,t_us,8_158,dur_us,8_936
[2026-09-22T12:25:47.315] Cog0  BM-ACROSS,seq,788,leg,2,motor,LEFT,phase,0,rising,TRUE,hall,3,tick,239,t_us,1_665,dur_us,8_956
[2026-09-22T12:25:47.316] Cog0  BM-ACROSS,seq,789,leg,2,motor,LEFT,phase,1,rising,FALSE,hall,1,tick,240,t_us,7_926,dur_us,8_528
[2026-09-22T12:25:47.317] Cog0  BM-ACROSS,seq,790,leg,2,motor,LEFT,phase,2,rising,TRUE,hall,5,tick,241,t_us,1_900,dur_us,9_013
[2026-09-22T12:25:47.318] Cog0  BM-ACROSS,seq,791,leg,2,motor,LEFT,phase,0,rising,FALSE,hall,4,tick,242,t_us,8_271,dur_us,9_108
[2026-09-22T12:25:47.319] Cog0  BM-ACROSS,seq,792,leg,2,motor,LEFT,phase,1,rising,TRUE,hall,6,tick,243,t_us,1_784,dur_us,8_786
[2026-09-22T12:25:47.320] Cog0  BM-ACROSS,seq,793,leg,2,motor,LEFT,phase,2,rising,FALSE,hall,2,tick,244,t_us,8_735,dur_us,9_573
[2026-09-22T12:25:47.321] Cog0  BM-ACROSS,seq,794,leg,2,motor,LEFT,phase,0,rising,TRUE,hall,3,tick,245,t_us,2_080,dur_us,9_602
[2026-09-22T12:25:47.323] Cog0  BM-ACROSS,seq,795,leg,2,motor,LEFT,phase,1,rising,FALSE,hall,1,tick,246,t_us,8_330,dur_us,9_226
[2026-09-22T12:25:47.323] Cog0  BM-ACROSS,seq,796,leg,2,motor,LEFT,phase,2,rising,TRUE,hall,5,tick,247,t_us,2_133,dur_us,9_768
[2026-09-22T12:25:47.325] Cog0  BM-ACROSS,seq,797,leg,2,motor,LEFT,phase,0,rising,FALSE,hall,4,tick,248,t_us,8_733,dur_us,9_630
[2026-09-22T12:25:47.326] Cog0  BM-ACROSS,seq,798,leg,2,motor,LEFT,phase,1,rising,TRUE,hall,6,tick,249,t_us,2_138,dur_us,9_950
[2026-09-22T12:25:47.327] Cog0  BM-ACROSS,seq,799,leg,2,motor,LEFT,phase,2,rising,FALSE,hall,2,tick,250,t_us,8_504,dur_us,9_696
[2026-09-22T12:25:47.328] Cog0  BM-ACROSS,seq,800,leg,2,motor,LEFT,phase,0,rising,TRUE,hall,3,tick,251,t_us,2_022,dur_us,9_662
[2026-09-22T12:25:47.329] Cog0  BM-ACROSS,seq,801,leg,2,motor,LEFT,phase,1,rising,FALSE,hall,1,tick,252,t_us,8_849,dur_us,10_041
[2026-09-22T12:25:47.330] Cog0  BM-ACROSS,seq,802,leg,2,motor,LEFT,phase,2,rising,TRUE,hall,5,tick,253,t_us,2_138,dur_us,9_888
[2026-09-22T12:25:47.331] Cog0  BM-ACROSS,seq,803,leg,2,motor,LEFT,phase,0,rising,FALSE,hall,4,tick,254,t_us,8_790,dur_us,9_686
[2026-09-22T12:25:47.332] Cog0  BM-ACROSS,seq,804,leg,2,motor,LEFT,phase,1,rising,TRUE,hall,6,tick,255,t_us,2_257,dur_us,9_953
[2026-09-22T12:25:47.333] Cog0  BM-ACROSS,seq,805,leg,2,motor,LEFT,phase,2,rising,FALSE,hall,2,tick,256,t_us,8_561,dur_us,9_399
[2026-09-22T12:25:47.335] Cog0  BM-ACROSS,seq,806,leg,2,motor,LEFT,phase,0,rising,TRUE,hall,3,tick,257,t_us,2_258,dur_us,9_839
[2026-09-22T12:25:47.335] Cog0  BM-ACROSS,seq,807,leg,2,motor,LEFT,phase,1,rising,FALSE,hall,1,tick,258,t_us,8_735,dur_us,9_573
[2026-09-22T12:25:47.337] Cog0  BM-ACROSS,seq,808,leg,2,motor,LEFT,phase,2,rising,TRUE,hall,5,tick,259,t_us,2_136,dur_us,9_539
[2026-09-22T12:25:47.338] Cog0  BM-ACROSS,seq,809,leg,2,motor,LEFT,phase,0,rising,FALSE,hall,4,tick,260,t_us,8_615,dur_us,9_511
[2026-09-22T12:25:47.339] Cog0  BM-ACROSS,seq,810,leg,2,motor,LEFT,phase,1,rising,TRUE,hall,6,tick,261,t_us,2_079,dur_us,9_371
[2026-09-22T12:25:47.340] Cog0  BM-ACROSS,seq,811,leg,2,motor,LEFT,phase,2,rising,FALSE,hall,2,tick,262,t_us,8_619,dur_us,9_574
[2026-09-22T12:25:47.341] Cog0  BM-ACROSS,seq,812,leg,2,motor,LEFT,phase,0,rising,TRUE,hall,3,tick,263,t_us,2_080,dur_us,9_430
[2026-09-22T12:25:47.342] Cog0  BM-ACROSS,seq,813,leg,2,motor,LEFT,phase,1,rising,FALSE,hall,1,tick,264,t_us,8_619,dur_us,9_398
[2026-09-22T12:25:47.343] Cog0  BM-ACROSS,seq,814,leg,2,motor,LEFT,phase,2,rising,TRUE,hall,5,tick,265,t_us,2_255,dur_us,9_543
[2026-09-22T12:25:47.344] Cog0  BM-ACROSS,seq,815,leg,2,motor,LEFT,phase,0,rising,FALSE,hall,4,tick,266,t_us,8_961,dur_us,9_681
[2026-09-22T12:25:47.345] Cog0  BM-ACROSS,seq,816,leg,2,motor,LEFT,phase,1,rising,TRUE,hall,6,tick,267,t_us,2_493,dur_us,10_189
[2026-09-22T12:25:47.347] Cog0  BM-ACROSS,seq,817,leg,2,motor,LEFT,phase,2,rising,FALSE,hall,2,tick,268,t_us,9_140,dur_us,10_214
[2026-09-22T12:25:47.349] Cog0  BM-ACROSS,seq,818,leg,2,motor,LEFT,phase,0,rising,TRUE,hall,3,tick,269,t_us,2_494,dur_us,10_307
[2026-09-22T12:25:47.366] Cog0  BM-ALEG,seq,819,leg,2,motor,LEFT,speed,FAST,ask_dir,FORWARD,meas_dir,FORWARD,ticks,270,span_ms,2_804,edge_s_x10,962,samples,169_237,sectors,269,samp_sect,139,cross,269,unusable,0,dropped,0,rail_pm,96,band_railed,0,peak_i_mV,14,bias_still,TRUE,outcome,OK
[2026-09-22T12:25:48.002] Cog0  BM-AGUIDE,seq,820,leg,3,motor,LEFT,ask_dir,REVERSE,speed,FAST,turns,3,ticks,270,bias_still,TRUE,bias_u_mV,53,bias_v_mV,62,bias_w_mV,63,hyst_u_mV,10,hyst_v_mV,9,hyst_w_mV,9,band_railed,0,bias_tries,1
[2026-09-22T12:25:48.017] Cog0  TURN LEFT WHEEL REVERSE, FAST -- keep turning until output resumes
[2026-09-22T12:25:51.974] Cog3  INIT $0001_03F2 $0004_3D4B load
[2026-09-22T12:25:51.989] Cog4  INIT $0000_0FA8 $0004_391B jump
[2026-09-22T12:25:54.072] Cog0  BM-START,seq,821,seg,ALIGN,motor,RIGHT,life,2,cog_ret,3,cog_ok,TRUE,board,REV_B,board_enum,22,ready,TRUE,ready_ms,0,off_neg,14,off_pos,338,missed,0,illegal,0,zero_x10,1,ph_x10,1_610,why,NONE
[2026-09-22T12:25:54.072] Cog0  BM-ACROSS,seq,822,leg,3,motor,LEFT,phase,1,rising,FALSE,hall,1,tick,-1,t_us,17_369,dur_us,34_802
[2026-09-22T12:25:54.074] Cog0  BM-ACROSS,seq,823,leg,3,motor,LEFT,phase,0,rising,TRUE,hall,3,tick,-2,t_us,9_919,dur_us,23_812
[2026-09-22T12:25:54.075] Cog0  BM-ACROSS,seq,824,leg,3,motor,LEFT,phase,2,rising,FALSE,hall,2,tick,-3,t_us,12_147,dur_us,18_476
[2026-09-22T12:25:54.076] Cog0  BM-ACROSS,seq,825,leg,3,motor,LEFT,phase,1,rising,TRUE,hall,6,tick,-4,t_us,2_489,dur_us,13_828
[2026-09-22T12:25:54.077] Cog0  BM-ACROSS,seq,826,leg,3,motor,LEFT,phase,0,rising,FALSE,hall,4,tick,-5,t_us,9_433,dur_us,12_521
[2026-09-22T12:25:54.078] Cog0  BM-ACROSS,seq,827,leg,3,motor,LEFT,phase,2,rising,TRUE,hall,5,tick,-6,t_us,1_841,dur_us,11_909
[2026-09-22T12:25:54.079] Cog0  BM-ACROSS,seq,828,leg,3,motor,LEFT,phase,1,rising,FALSE,hall,1,tick,-7,t_us,7_637,dur_us,9_836
[2026-09-22T12:25:54.080] Cog0  BM-ACROSS,seq,829,leg,3,motor,LEFT,phase,0,rising,TRUE,hall,3,tick,-8,t_us,1_428,dur_us,9_871
[2026-09-22T12:25:54.081] Cog0  BM-ACROSS,seq,830,leg,3,motor,LEFT,phase,2,rising,FALSE,hall,2,tick,-9,t_us,7_518,dur_us,9_181
[2026-09-22T12:25:54.082] Cog0  BM-ACROSS,seq,831,leg,3,motor,LEFT,phase,1,rising,TRUE,hall,6,tick,-10,t_us,896,dur_us,8_879
[2026-09-22T12:25:54.083] Cog0  BM-ACROSS,seq,832,leg,3,motor,LEFT,phase,0,rising,FALSE,hall,4,tick,-11,t_us,7_117,dur_us,8_485
[2026-09-22T12:25:54.084] Cog0  BM-ACROSS,seq,833,leg,3,motor,LEFT,phase,2,rising,TRUE,hall,5,tick,-12,t_us,778,dur_us,8_530
[2026-09-22T12:25:54.086] Cog0  BM-ACROSS,seq,834,leg,3,motor,LEFT,phase,1,rising,FALSE,hall,1,tick,-13,t_us,6_713,dur_us,8_437
[2026-09-22T12:25:54.087] Cog0  BM-ACROSS,seq,835,leg,3,motor,LEFT,phase,0,rising,TRUE,hall,3,tick,-14,t_us,364,dur_us,7_709
[2026-09-22T12:25:54.088] Cog0  BM-ACROSS,seq,836,leg,3,motor,LEFT,phase,2,rising,FALSE,hall,2,tick,-15,t_us,6_651,dur_us,8_372
[2026-09-22T12:25:54.089] Cog0  BM-ACROSS,seq,837,leg,3,motor,LEFT,phase,1,rising,TRUE,hall,6,tick,-16,t_us,482,dur_us,8_061
[2026-09-22T12:25:54.090] Cog0  BM-ACROSS,seq,838,leg,3,motor,LEFT,phase,0,rising,FALSE,hall,4,tick,-17,t_us,6_484,dur_us,7_555
[2026-09-22T12:25:54.091] Cog0  BM-ACROSS,seq,839,leg,3,motor,LEFT,phase,2,rising,TRUE,hall,5,tick,-18,t_us,896,dur_us,8_360
[2026-09-22T12:25:54.092] Cog0  BM-ACROSS,seq,840,leg,3,motor,LEFT,phase,1,rising,FALSE,hall,1,tick,-19,t_us,6_712,dur_us,8_023
[2026-09-22T12:25:54.093] Cog0  BM-ACROSS,seq,841,leg,3,motor,LEFT,phase,0,rising,TRUE,hall,3,tick,-20,t_us,719,dur_us,8_122
[2026-09-22T12:25:54.094] Cog0  BM-ACROSS,seq,842,leg,3,motor,LEFT,phase,2,rising,FALSE,hall,2,tick,-21,t_us,6_997,dur_us,8_482
[2026-09-22T12:25:54.095] Cog0  BM-ACROSS,seq,843,leg,3,motor,LEFT,phase,1,rising,TRUE,hall,6,tick,-22,t_us,541,dur_us,8_236
[2026-09-22T12:25:54.096] Cog0  BM-ACROSS,seq,844,leg,3,motor,LEFT,phase,0,rising,FALSE,hall,4,tick,-23,t_us,6_770,dur_us,8_491
[2026-09-22T12:25:54.097] Cog0  BM-ACROSS,seq,845,leg,3,motor,LEFT,phase,2,rising,TRUE,hall,5,tick,-24,t_us,483,dur_us,8_350
[2026-09-22T12:25:54.099] Cog0  BM-ACROSS,seq,846,leg,3,motor,LEFT,phase,1,rising,FALSE,hall,1,tick,-25,t_us,6_714,dur_us,8_321
[2026-09-22T12:25:54.099] Cog0  BM-ACROSS,seq,847,leg,3,motor,LEFT,phase,0,rising,TRUE,hall,3,tick,-26,t_us,659,dur_us,8_408
[2026-09-22T12:25:54.101] Cog0  BM-ACROSS,seq,848,leg,3,motor,LEFT,phase,2,rising,FALSE,hall,2,tick,-27,t_us,6_710,dur_us,8_137
[2026-09-22T12:25:54.102] Cog0  BM-ACROSS,seq,849,leg,3,motor,LEFT,phase,1,rising,TRUE,hall,6,tick,-28,t_us,896,dur_us,8_532
[2026-09-22T12:25:54.103] Cog0  BM-ACROSS,seq,850,leg,3,motor,LEFT,phase,0,rising,FALSE,hall,4,tick,-29,t_us,7_118,dur_us,8_428
[2026-09-22T12:25:54.104] Cog0  BM-ACROSS,seq,851,leg,3,motor,LEFT,phase,2,rising,TRUE,hall,5,tick,-30,t_us,955,dur_us,8_882
[2026-09-22T12:25:54.105] Cog0  BM-ACROSS,seq,852,leg,3,motor,LEFT,phase,1,rising,FALSE,hall,1,tick,-31,t_us,7_408,dur_us,9_016
[2026-09-22T12:25:54.106] Cog0  BM-ACROSS,seq,853,leg,3,motor,LEFT,phase,0,rising,TRUE,hall,3,tick,-32,t_us,778,dur_us,9_047
[2026-09-22T12:25:54.107] Cog0  BM-ACROSS,seq,854,leg,3,motor,LEFT,phase,2,rising,FALSE,hall,2,tick,-33,t_us,7_518,dur_us,9_419
[2026-09-22T12:25:54.107] Cog0  BM-ACROSS,seq,855,leg,3,motor,LEFT,phase,1,rising,TRUE,hall,6,tick,-34,t_us,1_014,dur_us,9_807
[2026-09-22T12:25:54.109] Cog0  BM-ACROSS,seq,856,leg,3,motor,LEFT,phase,0,rising,FALSE,hall,4,tick,-35,t_us,7_407,dur_us,9_843
[2026-09-22T12:25:54.110] Cog0  BM-ACROSS,seq,857,leg,3,motor,LEFT,phase,2,rising,TRUE,hall,5,tick,-36,t_us,1_132,dur_us,9_867
[2026-09-22T12:25:54.111] Cog0  BM-ACROSS,seq,858,leg,3,motor,LEFT,phase,1,rising,FALSE,hall,1,tick,-37,t_us,7_984,dur_us,10_183
[2026-09-22T12:25:54.112] Cog0  BM-ACROSS,seq,859,leg,3,motor,LEFT,phase,0,rising,TRUE,hall,3,tick,-38,t_us,1_429,dur_us,10_450
[2026-09-22T12:25:54.114] Cog0  BM-ACROSS,seq,860,leg,3,motor,LEFT,phase,2,rising,FALSE,hall,2,tick,-39,t_us,8_446,dur_us,10_702
[2026-09-22T12:25:54.114] Cog0  BM-ACROSS,seq,861,leg,3,motor,LEFT,phase,1,rising,TRUE,hall,6,tick,-40,t_us,1_427,dur_us,10_854
[2026-09-22T12:25:54.116] Cog0  BM-ACROSS,seq,862,leg,3,motor,LEFT,phase,0,rising,FALSE,hall,4,tick,-41,t_us,8_738,dur_us,11_293
[2026-09-22T12:25:54.117] Cog0  BM-ACROSS,seq,863,leg,3,motor,LEFT,phase,2,rising,TRUE,hall,5,tick,-42,t_us,1_782,dur_us,11_675
[2026-09-22T12:25:54.117] Cog0  BM-ACROSS,seq,864,leg,3,motor,LEFT,phase,1,rising,FALSE,hall,1,tick,-43,t_us,9_028,dur_us,11_995
[2026-09-22T12:25:54.119] Cog0  BM-ACROSS,seq,865,leg,3,motor,LEFT,phase,0,rising,TRUE,hall,3,tick,-44,t_us,2_019,dur_us,12_254
[2026-09-22T12:25:54.120] Cog0  BM-ACROSS,seq,866,leg,3,motor,LEFT,phase,2,rising,FALSE,hall,2,tick,-45,t_us,8_908,dur_us,11_756
[2026-09-22T12:25:54.121] Cog0  BM-ACROSS,seq,867,leg,3,motor,LEFT,phase,1,rising,TRUE,hall,6,tick,-46,t_us,2_018,dur_us,11_969
[2026-09-22T12:25:54.122] Cog0  BM-ACROSS,seq,868,leg,3,motor,LEFT,phase,0,rising,FALSE,hall,4,tick,-47,t_us,8_851,dur_us,11_111
[2026-09-22T12:25:54.124] Cog0  BM-ACROSS,seq,869,leg,3,motor,LEFT,phase,2,rising,TRUE,hall,5,tick,-48,t_us,1_959,dur_us,11_042
[2026-09-22T12:25:54.125] Cog0  BM-ACROSS,seq,870,leg,3,motor,LEFT,phase,1,rising,FALSE,hall,1,tick,-49,t_us,8_388,dur_us,10_646
[2026-09-22T12:25:54.126] Cog0  BM-ACROSS,seq,871,leg,3,motor,LEFT,phase,0,rising,TRUE,hall,3,tick,-50,t_us,1_428,dur_us,10_102
[2026-09-22T12:25:54.127] Cog0  BM-ACROSS,seq,872,leg,3,motor,LEFT,phase,2,rising,FALSE,hall,2,tick,-51,t_us,8_038,dur_us,9_880
[2026-09-22T12:25:54.127] Cog0  BM-ACROSS,seq,873,leg,3,motor,LEFT,phase,1,rising,TRUE,hall,6,tick,-52,t_us,1_427,dur_us,10_046
[2026-09-22T12:25:54.129] Cog0  BM-ACROSS,seq,874,leg,3,motor,LEFT,phase,0,rising,FALSE,hall,4,tick,-53,t_us,7_811,dur_us,9_655
[2026-09-22T12:25:54.130] Cog0  BM-ACROSS,seq,875,leg,3,motor,LEFT,phase,2,rising,TRUE,hall,5,tick,-54,t_us,1_309,dur_us,9_814
[2026-09-22T12:25:54.131] Cog0  BM-ACROSS,seq,876,leg,3,motor,LEFT,phase,1,rising,FALSE,hall,1,tick,-55,t_us,7_756,dur_us,9_363
[2026-09-22T12:25:54.132] Cog0  BM-ACROSS,seq,877,leg,3,motor,LEFT,phase,0,rising,TRUE,hall,3,tick,-56,t_us,1_429,dur_us,9_642
[2026-09-22T12:25:54.133] Cog0  BM-ACROSS,seq,878,leg,3,motor,LEFT,phase,2,rising,FALSE,hall,2,tick,-57,t_us,7_691,dur_us,9_829
[2026-09-22T12:25:54.134] Cog0  BM-ACROSS,seq,879,leg,3,motor,LEFT,phase,1,rising,TRUE,hall,6,tick,-58,t_us,896,dur_us,9_054
[2026-09-22T12:25:54.135] Cog0  BM-ACROSS,seq,880,leg,3,motor,LEFT,phase,0,rising,FALSE,hall,4,tick,-59,t_us,7_987,dur_us,9_594
[2026-09-22T12:25:54.137] Cog0  BM-ACROSS,seq,881,leg,3,motor,LEFT,phase,2,rising,TRUE,hall,5,tick,-60,t_us,1_132,dur_us,9_579
[2026-09-22T12:25:54.138] Cog0  BM-ACROSS,seq,882,leg,3,motor,LEFT,phase,1,rising,FALSE,hall,1,tick,-61,t_us,7_753,dur_us,9_182
[2026-09-22T12:25:54.139] Cog0  BM-ACROSS,seq,883,leg,3,motor,LEFT,phase,0,rising,TRUE,hall,3,tick,-62,t_us,1_369,dur_us,9_524
[2026-09-22T12:25:54.140] Cog0  BM-ACROSS,seq,884,leg,3,motor,LEFT,phase,2,rising,FALSE,hall,2,tick,-63,t_us,7_633,dur_us,9_416
[2026-09-22T12:25:54.141] Cog0  BM-ACROSS,seq,885,leg,3,motor,LEFT,phase,1,rising,TRUE,hall,6,tick,-64,t_us,1_014,dur_us,9_172
[2026-09-22T12:25:54.142] Cog0  BM-ACROSS,seq,886,leg,3,motor,LEFT,phase,0,rising,FALSE,hall,4,tick,-65,t_us,7_468,dur_us,8_841
[2026-09-22T12:25:54.143] Cog0  BM-ACROSS,seq,887,leg,3,motor,LEFT,phase,2,rising,TRUE,hall,5,tick,-66,t_us,1_369,dur_us,9_411
[2026-09-22T12:25:54.144] Cog0  BM-ACROSS,seq,888,leg,3,motor,LEFT,phase,1,rising,FALSE,hall,1,tick,-67,t_us,7_522,dur_us,9_367
[2026-09-22T12:25:54.145] Cog0  BM-ACROSS,seq,889,leg,3,motor,LEFT,phase,0,rising,TRUE,hall,3,tick,-68,t_us,1_014,dur_us,8_937
[2026-09-22T12:25:54.146] Cog0  BM-ACROSS,seq,890,leg,3,motor,LEFT,phase,2,rising,FALSE,hall,2,tick,-69,t_us,7_979,dur_us,9_998
[2026-09-22T12:25:54.147] Cog0  BM-ACROSS,seq,891,leg,3,motor,LEFT,phase,1,rising,TRUE,hall,6,tick,-70,t_us,1_013,dur_us,9_690
[2026-09-22T12:25:54.149] Cog0  BM-ACROSS,seq,892,leg,3,motor,LEFT,phase,0,rising,FALSE,hall,4,tick,-71,t_us,8_100,dur_us,9_648
[2026-09-22T12:25:54.150] Cog0  BM-ACROSS,seq,893,leg,3,motor,LEFT,phase,2,rising,TRUE,hall,5,tick,-72,t_us,1_723,dur_us,11_036
[2026-09-22T12:25:54.151] Cog0  BM-ACROSS,seq,894,leg,3,motor,LEFT,phase,1,rising,FALSE,hall,1,tick,-73,t_us,7_927,dur_us,10_066
[2026-09-22T12:25:54.152] Cog0  BM-ACROSS,seq,895,leg,3,motor,LEFT,phase,0,rising,TRUE,hall,3,tick,-74,t_us,1_547,dur_us,10_511
[2026-09-22T12:25:54.153] Cog0  BM-ACROSS,seq,896,leg,3,motor,LEFT,phase,2,rising,FALSE,hall,2,tick,-75,t_us,8_385,dur_us,11_055
[2026-09-22T12:25:54.154] Cog0  BM-ACROSS,seq,897,leg,3,motor,LEFT,phase,1,rising,TRUE,hall,6,tick,-76,t_us,1_309,dur_us,10_391
[2026-09-22T12:25:54.155] Cog0  BM-ACROSS,seq,898,leg,3,motor,LEFT,phase,0,rising,FALSE,hall,4,tick,-77,t_us,8_565,dur_us,10_765
[2026-09-22T12:25:54.156] Cog0  BM-ACROSS,seq,899,leg,3,motor,LEFT,phase,2,rising,TRUE,hall,5,tick,-78,t_us,1_428,dur_us,10_973
[2026-09-22T12:25:54.157] Cog0  BM-ACROSS,seq,900,leg,3,motor,LEFT,phase,1,rising,FALSE,hall,1,tick,-79,t_us,7_985,dur_us,10_243
[2026-09-22T12:25:54.158] Cog0  BM-ACROSS,seq,901,leg,3,motor,LEFT,phase,0,rising,TRUE,hall,3,tick,-80,t_us,1_369,dur_us,10_391
[2026-09-22T12:25:54.160] Cog0  BM-ACROSS,seq,902,leg,3,motor,LEFT,phase,2,rising,FALSE,hall,2,tick,-81,t_us,8_385,dur_us,10_819
[2026-09-22T12:25:54.160] Cog0  BM-ACROSS,seq,903,leg,3,motor,LEFT,phase,1,rising,TRUE,hall,6,tick,-82,t_us,1_132,dur_us,10_445
[2026-09-22T12:25:54.162] Cog0  BM-ACROSS,seq,904,leg,3,motor,LEFT,phase,0,rising,FALSE,hall,4,tick,-83,t_us,8_046,dur_us,9_949
[2026-09-22T12:25:54.163] Cog0  BM-ACROSS,seq,905,leg,3,motor,LEFT,phase,2,rising,TRUE,hall,5,tick,-84,t_us,1_605,dur_us,10_745
[2026-09-22T12:25:54.164] Cog0  BM-ACROSS,seq,906,leg,3,motor,LEFT,phase,1,rising,FALSE,hall,1,tick,-85,t_us,8_043,dur_us,10_360
[2026-09-22T12:25:54.165] Cog0  BM-ACROSS,seq,907,leg,3,motor,LEFT,phase,0,rising,TRUE,hall,3,tick,-86,t_us,1_428,dur_us,10_045
[2026-09-22T12:25:54.166] Cog0  BM-ACROSS,seq,908,leg,3,motor,LEFT,phase,2,rising,FALSE,hall,2,tick,-87,t_us,8_385,dur_us,10_642
[2026-09-22T12:25:54.167] Cog0  BM-ACROSS,seq,909,leg,3,motor,LEFT,phase,1,rising,TRUE,hall,6,tick,-88,t_us,1_368,dur_us,10_565
[2026-09-22T12:25:54.168] Cog0  BM-ACROSS,seq,910,leg,3,motor,LEFT,phase,0,rising,FALSE,hall,4,tick,-89,t_us,7_927,dur_us,9_949
[2026-09-22T12:25:54.170] Cog0  BM-ACROSS,seq,911,leg,3,motor,LEFT,phase,2,rising,TRUE,hall,5,tick,-90,t_us,1_368,dur_us,10_509
[2026-09-22T12:25:54.170] Cog0  BM-ACROSS,seq,912,leg,3,motor,LEFT,phase,1,rising,FALSE,hall,1,tick,-91,t_us,7_925,dur_us,10_184
[2026-09-22T12:25:54.172] Cog0  BM-ACROSS,seq,913,leg,3,motor,LEFT,phase,0,rising,TRUE,hall,3,tick,-92,t_us,1_132,dur_us,10_096
[2026-09-22T12:25:54.173] Cog0  BM-ACROSS,seq,914,leg,3,motor,LEFT,phase,2,rising,FALSE,hall,2,tick,-93,t_us,7_865,dur_us,10_594
[2026-09-22T12:25:54.174] Cog0  BM-ACROSS,seq,915,leg,3,motor,LEFT,phase,1,rising,TRUE,hall,6,tick,-94,t_us,718,dur_us,9_626
[2026-09-22T12:25:54.175] Cog0  BM-ACROSS,seq,916,leg,3,motor,LEFT,phase,0,rising,FALSE,hall,4,tick,-95,t_us,7_871,dur_us,9_953
[2026-09-22T12:25:54.176] Cog0  BM-ACROSS,seq,917,leg,3,motor,LEFT,phase,2,rising,TRUE,hall,5,tick,-96,t_us,1_368,dur_us,10_567
[2026-09-22T12:25:54.177] Cog0  BM-ACROSS,seq,918,leg,3,motor,LEFT,phase,1,rising,FALSE,hall,1,tick,-97,t_us,7_465,dur_us,9_546
[2026-09-22T12:25:54.178] Cog0  BM-ACROSS,seq,919,leg,3,motor,LEFT,phase,0,rising,TRUE,hall,3,tick,-98,t_us,1_369,dur_us,10_217
[2026-09-22T12:25:54.178] Cog0  BM-ACROSS,seq,920,leg,3,motor,LEFT,phase,2,rising,FALSE,hall,2,tick,-99,t_us,7_865,dur_us,9_943
[2026-09-22T12:25:54.180] Cog0  BM-ACROSS,seq,921,leg,3,motor,LEFT,phase,1,rising,TRUE,hall,6,tick,-100,t_us,1_132,dur_us,9_923
[2026-09-22T12:25:54.181] Cog0  BM-ACROSS,seq,922,leg,3,motor,LEFT,phase,0,rising,FALSE,hall,4,tick,-101,t_us,7_810,dur_us,9_711
[2026-09-22T12:25:54.182] Cog0  BM-ACROSS,seq,923,leg,3,motor,LEFT,phase,2,rising,TRUE,hall,5,tick,-102,t_us,1_073,dur_us,9_750
[2026-09-22T12:25:54.184] Cog0  BM-ACROSS,seq,924,leg,3,motor,LEFT,phase,1,rising,FALSE,hall,1,tick,-103,t_us,7_350,dur_us,9_548
[2026-09-22T12:25:54.185] Cog0  BM-ACROSS,seq,925,leg,3,motor,LEFT,phase,0,rising,TRUE,hall,3,tick,-104,t_us,541,dur_us,8_523
[2026-09-22T12:25:54.186] Cog0  BM-ACROSS,seq,926,leg,3,motor,LEFT,phase,2,rising,FALSE,hall,2,tick,-105,t_us,7_172,dur_us,9_131
[2026-09-22T12:25:54.187] Cog0  BM-ACROSS,seq,927,leg,3,motor,LEFT,phase,1,rising,TRUE,hall,6,tick,-106,t_us,542,dur_us,8_526
[2026-09-22T12:25:54.188] Cog0  BM-ACROSS,seq,928,leg,3,motor,LEFT,phase,0,rising,FALSE,hall,4,tick,-107,t_us,6_598,dur_us,7_790
[2026-09-22T12:25:54.189] Cog0  BM-ACROSS,seq,929,leg,3,motor,LEFT,phase,2,rising,TRUE,hall,5,tick,-108,t_us,896,dur_us,8_302
[2026-09-22T12:25:54.190] Cog0  BM-ACROSS,seq,930,leg,3,motor,LEFT,phase,1,rising,FALSE,hall,1,tick,-109,t_us,6_654,dur_us,7_844
[2026-09-22T12:25:54.191] Cog0  BM-ACROSS,seq,931,leg,3,motor,LEFT,phase,0,rising,TRUE,hall,3,tick,-110,t_us,660,dur_us,7_773
[2026-09-22T12:25:54.192] Cog0  BM-ACROSS,seq,932,leg,3,motor,LEFT,phase,2,rising,FALSE,hall,2,tick,-111,t_us,6_651,dur_us,7_840
[2026-09-22T12:25:54.193] Cog0  BM-ACROSS,seq,933,leg,3,motor,LEFT,phase,1,rising,TRUE,hall,6,tick,-112,t_us,364,dur_us,7_423
[2026-09-22T12:25:54.194] Cog0  BM-ACROSS,seq,934,leg,3,motor,LEFT,phase,0,rising,FALSE,hall,4,tick,-113,t_us,6_309,dur_us,7_558
[2026-09-22T12:25:54.196] Cog0  BM-ACROSS,seq,935,leg,3,motor,LEFT,phase,2,rising,TRUE,hall,5,tick,-114,t_us,247,dur_us,7_248
[2026-09-22T12:25:54.197] Cog0  BM-ACROSS,seq,936,leg,3,motor,LEFT,phase,1,rising,FALSE,hall,1,tick,-115,t_us,6_019,dur_us,7_209
[2026-09-22T12:25:54.198] Cog0  BM-ACROSS,seq,937,leg,3,motor,LEFT,phase,0,rising,TRUE,hall,3,tick,-116,t_us,364,dur_us,7_131
[2026-09-22T12:25:54.199] Cog0  BM-ACROSS,seq,938,leg,3,motor,LEFT,phase,2,rising,FALSE,hall,2,tick,-117,t_us,5_842,dur_us,6_853
[2026-09-22T12:25:54.200] Cog0  BM-ACROSS,seq,939,leg,3,motor,LEFT,phase,1,rising,TRUE,hall,6,tick,-118,t_us,601,dur_us,7_139
[2026-09-22T12:25:54.201] Cog0  BM-ACROSS,seq,940,leg,3,motor,LEFT,phase,0,rising,FALSE,hall,4,tick,-119,t_us,6_248,dur_us,6_907
[2026-09-22T12:25:54.202] Cog0  BM-ACROSS,seq,941,leg,3,motor,LEFT,phase,2,rising,TRUE,hall,5,tick,-120,t_us,542,dur_us,7_197
[2026-09-22T12:25:54.203] Cog0  BM-ACROSS,seq,942,leg,3,motor,LEFT,phase,1,rising,FALSE,hall,1,tick,-121,t_us,6_250,dur_us,7_262
[2026-09-22T12:25:54.204] Cog0  BM-ACROSS,seq,943,leg,3,motor,LEFT,phase,0,rising,TRUE,hall,3,tick,-122,t_us,364,dur_us,7_016
[2026-09-22T12:25:54.205] Cog0  BM-ACROSS,seq,944,leg,3,motor,LEFT,phase,2,rising,FALSE,hall,2,tick,-123,t_us,6_248,dur_us,7_259
[2026-09-22T12:25:54.206] Cog0  BM-ACROSS,seq,945,leg,3,motor,LEFT,phase,1,rising,TRUE,hall,6,tick,-124,t_us,542,dur_us,7_484
[2026-09-22T12:25:54.208] Cog0  BM-ACROSS,seq,946,leg,3,motor,LEFT,phase,0,rising,FALSE,hall,4,tick,-125,t_us,6_135,dur_us,7_324
[2026-09-22T12:25:54.209] Cog0  BM-ACROSS,seq,947,leg,3,motor,LEFT,phase,2,rising,TRUE,hall,5,tick,-126,t_us,483,dur_us,7_369
[2026-09-22T12:25:54.210] Cog0  BM-ACROSS,seq,948,leg,3,motor,LEFT,phase,1,rising,FALSE,hall,1,tick,-127,t_us,6_366,dur_us,7_499
[2026-09-22T12:25:54.211] Cog0  BM-ACROSS,seq,949,leg,3,motor,LEFT,phase,0,rising,TRUE,hall,3,tick,-128,t_us,660,dur_us,7_600
[2026-09-22T12:25:54.212] Cog0  BM-ACROSS,seq,950,leg,3,motor,LEFT,phase,2,rising,FALSE,hall,2,tick,-129,t_us,6_652,dur_us,7_840
[2026-09-22T12:25:54.213] Cog0  BM-ACROSS,seq,951,leg,3,motor,LEFT,phase,1,rising,TRUE,hall,6,tick,-130,t_us,542,dur_us,7_774
[2026-09-22T12:25:54.214] Cog0  BM-ACROSS,seq,952,leg,3,motor,LEFT,phase,0,rising,FALSE,hall,4,tick,-131,t_us,6_713,dur_us,7_902
[2026-09-22T12:25:54.215] Cog0  BM-ACROSS,seq,953,leg,3,motor,LEFT,phase,2,rising,TRUE,hall,5,tick,-132,t_us,601,dur_us,8_008
[2026-09-22T12:25:54.216] Cog0  BM-ACROSS,seq,954,leg,3,motor,LEFT,phase,1,rising,FALSE,hall,1,tick,-133,t_us,6_829,dur_us,8_081
[2026-09-22T12:25:54.217] Cog0  BM-ACROSS,seq,955,leg,3,motor,LEFT,phase,0,rising,TRUE,hall,3,tick,-134,t_us,777,dur_us,8_295
[2026-09-22T12:25:54.218] Cog0  BM-ACROSS,seq,956,leg,3,motor,LEFT,phase,2,rising,FALSE,hall,2,tick,-135,t_us,6_826,dur_us,8_134
[2026-09-22T12:25:54.220] Cog0  BM-ACROSS,seq,957,leg,3,motor,LEFT,phase,1,rising,TRUE,hall,6,tick,-136,t_us,1_014,dur_us,8_708
[2026-09-22T12:25:54.220] Cog0  BM-ACROSS,seq,958,leg,3,motor,LEFT,phase,0,rising,FALSE,hall,4,tick,-137,t_us,7_352,dur_us,8_663
[2026-09-22T12:25:54.222] Cog0  BM-ACROSS,seq,959,leg,3,motor,LEFT,phase,2,rising,TRUE,hall,5,tick,-138,t_us,1_192,dur_us,9_118
[2026-09-22T12:25:54.223] Cog0  BM-ACROSS,seq,960,leg,3,motor,LEFT,phase,1,rising,FALSE,hall,1,tick,-139,t_us,7_812,dur_us,9_538
[2026-09-22T12:25:54.224] Cog0  BM-ACROSS,seq,961,leg,3,motor,LEFT,phase,0,rising,TRUE,hall,3,tick,-140,t_us,1_073,dur_us,9_574
[2026-09-22T12:25:54.225] Cog0  BM-ACROSS,seq,962,leg,3,motor,LEFT,phase,2,rising,FALSE,hall,2,tick,-141,t_us,7_979,dur_us,9_821
[2026-09-22T12:25:54.226] Cog0  BM-ACROSS,seq,963,leg,3,motor,LEFT,phase,1,rising,TRUE,hall,6,tick,-142,t_us,1_427,dur_us,10_393
[2026-09-22T12:25:54.227] Cog0  BM-ACROSS,seq,964,leg,3,motor,LEFT,phase,0,rising,FALSE,hall,4,tick,-143,t_us,8_158,dur_us,10_300
[2026-09-22T12:25:54.228] Cog0  BM-ACROSS,seq,965,leg,3,motor,LEFT,phase,2,rising,TRUE,hall,5,tick,-144,t_us,1_605,dur_us,10_686
[2026-09-22T12:25:54.229] Cog0  BM-ACROSS,seq,966,leg,3,motor,LEFT,phase,1,rising,FALSE,hall,1,tick,-145,t_us,8_101,dur_us,10_239
[2026-09-22T12:25:54.231] Cog0  BM-ACROSS,seq,967,leg,3,motor,LEFT,phase,0,rising,TRUE,hall,3,tick,-146,t_us,1_724,dur_us,10_457
[2026-09-22T12:25:54.232] Cog0  BM-ACROSS,seq,968,leg,3,motor,LEFT,phase,2,rising,FALSE,hall,2,tick,-147,t_us,8_388,dur_us,10_645
[2026-09-22T12:25:54.233] Cog0  BM-ACROSS,seq,969,leg,3,motor,LEFT,phase,1,rising,TRUE,hall,6,tick,-148,t_us,1_073,dur_us,9_752
[2026-09-22T12:25:54.234] Cog0  BM-ACROSS,seq,970,leg,3,motor,LEFT,phase,0,rising,FALSE,hall,4,tick,-149,t_us,8_217,dur_us,9_943
[2026-09-22T12:25:54.235] Cog0  BM-ACROSS,seq,971,leg,3,motor,LEFT,phase,2,rising,TRUE,hall,5,tick,-150,t_us,1_251,dur_us,9_871
[2026-09-22T12:25:54.236] Cog0  BM-ACROSS,seq,972,leg,3,motor,LEFT,phase,1,rising,FALSE,hall,1,tick,-151,t_us,7_752,dur_us,9_299
[2026-09-22T12:25:54.237] Cog0  BM-ACROSS,seq,973,leg,3,motor,LEFT,phase,0,rising,TRUE,hall,3,tick,-152,t_us,1_370,dur_us,9_640
[2026-09-22T12:25:54.238] Cog0  BM-ACROSS,seq,974,leg,3,motor,LEFT,phase,2,rising,FALSE,hall,2,tick,-153,t_us,7_808,dur_us,9_591
[2026-09-22T12:25:54.239] Cog0  BM-ACROSS,seq,975,leg,3,motor,LEFT,phase,1,rising,TRUE,hall,6,tick,-154,t_us,1_073,dur_us,9_404
[2026-09-22T12:25:54.241] Cog0  BM-ACROSS,seq,976,leg,3,motor,LEFT,phase,0,rising,FALSE,hall,4,tick,-155,t_us,7_639,dur_us,9_186
[2026-09-22T12:25:54.241] Cog0  BM-ACROSS,seq,977,leg,3,motor,LEFT,phase,2,rising,TRUE,hall,5,tick,-156,t_us,1_546,dur_us,9_935
[2026-09-22T12:25:54.243] Cog0  BM-ACROSS,seq,978,leg,3,motor,LEFT,phase,1,rising,FALSE,hall,1,tick,-157,t_us,7_870,dur_us,9_892
[2026-09-22T12:25:54.244] Cog0  BM-ACROSS,seq,979,leg,3,motor,LEFT,phase,0,rising,TRUE,hall,3,tick,-158,t_us,1_191,dur_us,9_461
[2026-09-22T12:25:54.245] Cog0  BM-ACROSS,seq,980,leg,3,motor,LEFT,phase,2,rising,FALSE,hall,2,tick,-159,t_us,8_269,dur_us,10_526
[2026-09-22T12:25:54.246] Cog0  BM-ACROSS,seq,981,leg,3,motor,LEFT,phase,1,rising,TRUE,hall,6,tick,-160,t_us,1_132,dur_us,10_157
[2026-09-22T12:25:54.247] Cog0  BM-ACROSS,seq,982,leg,3,motor,LEFT,phase,0,rising,FALSE,hall,4,tick,-161,t_us,8_391,dur_us,9_999
[2026-09-22T12:25:54.248] Cog0  BM-ACROSS,seq,983,leg,3,motor,LEFT,phase,2,rising,TRUE,hall,5,tick,-162,t_us,1_900,dur_us,11_387
[2026-09-22T12:25:54.249] Cog0  BM-ACROSS,seq,984,leg,3,motor,LEFT,phase,1,rising,FALSE,hall,1,tick,-163,t_us,7_984,dur_us,10_241
[2026-09-22T12:25:54.251] Cog0  BM-ACROSS,seq,985,leg,3,motor,LEFT,phase,0,rising,TRUE,hall,3,tick,-164,t_us,1_606,dur_us,10_569
[2026-09-22T12:25:54.251] Cog0  BM-ACROSS,seq,986,leg,3,motor,LEFT,phase,2,rising,FALSE,hall,2,tick,-165,t_us,8_386,dur_us,10_938
[2026-09-22T12:25:54.253] Cog0  BM-ACROSS,seq,987,leg,3,motor,LEFT,phase,1,rising,TRUE,hall,6,tick,-166,t_us,1_309,dur_us,10_217
[2026-09-22T12:25:54.254] Cog0  BM-ACROSS,seq,988,leg,3,motor,LEFT,phase,0,rising,FALSE,hall,4,tick,-167,t_us,8_448,dur_us,10_649
[2026-09-22T12:25:54.255] Cog0  BM-ACROSS,seq,989,leg,3,motor,LEFT,phase,2,rising,TRUE,hall,5,tick,-168,t_us,1_369,dur_us,10_856
[2026-09-22T12:25:54.256] Cog0  BM-ACROSS,seq,990,leg,3,motor,LEFT,phase,1,rising,FALSE,hall,1,tick,-169,t_us,7_985,dur_us,10_243
[2026-09-22T12:25:54.257] Cog0  BM-ACROSS,seq,991,leg,3,motor,LEFT,phase,0,rising,TRUE,hall,3,tick,-170,t_us,1_487,dur_us,10_623
[2026-09-22T12:25:54.258] Cog0  BM-ACROSS,seq,992,leg,3,motor,LEFT,phase,2,rising,FALSE,hall,2,tick,-171,t_us,8_848,dur_us,11_460
[2026-09-22T12:25:54.259] Cog0  BM-ACROSS,seq,993,leg,3,motor,LEFT,phase,1,rising,TRUE,hall,6,tick,-172,t_us,1_427,dur_us,11_259
[2026-09-22T12:25:54.261] Cog0  BM-ACROSS,seq,994,leg,3,motor,LEFT,phase,0,rising,FALSE,hall,4,tick,-173,t_us,8_623,dur_us,11_001
[2026-09-22T12:25:54.262] Cog0  BM-ACROSS,seq,995,leg,3,motor,LEFT,phase,2,rising,TRUE,hall,5,tick,-174,t_us,2_019,dur_us,11_910
[2026-09-22T12:25:54.262] Cog0  BM-ACROSS,seq,996,leg,3,motor,LEFT,phase,1,rising,FALSE,hall,1,tick,-175,t_us,8_564,dur_us,11_414
[2026-09-22T12:25:54.264] Cog0  BM-ACROSS,seq,997,leg,3,motor,LEFT,phase,0,rising,TRUE,hall,3,tick,-176,t_us,1_723,dur_us,10_918
[2026-09-22T12:25:54.265] Cog0  BM-ACROSS,seq,998,leg,3,motor,LEFT,phase,2,rising,FALSE,hall,2,tick,-177,t_us,8_789,dur_us,11_283
[2026-09-22T12:25:54.266] Cog0  BM-ACROSS,seq,999,leg,3,motor,LEFT,phase,1,rising,TRUE,hall,6,tick,-178,t_us,1_486,dur_us,10_857
[2026-09-22T12:25:54.267] Cog0  BM-ACROSS,seq,1_000,leg,3,motor,LEFT,phase,0,rising,FALSE,hall,4,tick,-179,t_us,8_103,dur_us,10_007
[2026-09-22T12:25:54.268] Cog0  BM-ACROSS,seq,1_001,leg,3,motor,LEFT,phase,2,rising,TRUE,hall,5,tick,-180,t_us,1_428,dur_us,10_451
[2026-09-22T12:25:54.269] Cog0  BM-ACROSS,seq,1_002,leg,3,motor,LEFT,phase,1,rising,FALSE,hall,1,tick,-181,t_us,7_928,dur_us,9_891
[2026-09-22T12:25:54.270] Cog0  BM-ACROSS,seq,1_003,leg,3,motor,LEFT,phase,0,rising,TRUE,hall,3,tick,-182,t_us,1_014,dur_us,9_747
[2026-09-22T12:25:54.272] Cog0  BM-ACROSS,seq,1_004,leg,3,motor,LEFT,phase,2,rising,FALSE,hall,2,tick,-183,t_us,7_574,dur_us,10_067
[2026-09-22T12:25:54.273] Cog0  BM-ACROSS,seq,1_005,leg,3,motor,LEFT,phase,1,rising,TRUE,hall,6,tick,-184,t_us,600,dur_us,9_046
[2026-09-22T12:25:54.274] Cog0  BM-ACROSS,seq,1_006,leg,3,motor,LEFT,phase,0,rising,FALSE,hall,4,tick,-185,t_us,7_526,dur_us,9_253
[2026-09-22T12:25:54.275] Cog0  BM-ACROSS,seq,1_007,leg,3,motor,LEFT,phase,2,rising,TRUE,hall,5,tick,-186,t_us,1_073,dur_us,9_636
[2026-09-22T12:25:54.276] Cog0  BM-ACROSS,seq,1_008,leg,3,motor,LEFT,phase,1,rising,FALSE,hall,1,tick,-187,t_us,7_002,dur_us,8_610
[2026-09-22T12:25:54.277] Cog0  BM-ACROSS,seq,1_009,leg,3,motor,LEFT,phase,0,rising,TRUE,hall,3,tick,-188,t_us,1_014,dur_us,8_995
[2026-09-22T12:25:54.278] Cog0  BM-ACROSS,seq,1_010,leg,3,motor,LEFT,phase,2,rising,FALSE,hall,2,tick,-189,t_us,7_231,dur_us,8_776
[2026-09-22T12:25:54.279] Cog0  BM-ACROSS,seq,1_011,leg,3,motor,LEFT,phase,1,rising,TRUE,hall,6,tick,-190,t_us,836,dur_us,8_704
[2026-09-22T12:25:54.280] Cog0  BM-ACROSS,seq,1_012,leg,3,motor,LEFT,phase,0,rising,FALSE,hall,4,tick,-191,t_us,7_118,dur_us,8_486
[2026-09-22T12:25:54.282] Cog0  BM-ACROSS,seq,1_013,leg,3,motor,LEFT,phase,2,rising,TRUE,hall,5,tick,-192,t_us,778,dur_us,8_705
[2026-09-22T12:25:54.283] Cog0  BM-ACROSS,seq,1_014,leg,3,motor,LEFT,phase,1,rising,FALSE,hall,1,tick,-193,t_us,6_828,dur_us,8_612
[2026-09-22T12:25:54.284] Cog0  BM-ACROSS,seq,1_015,leg,3,motor,LEFT,phase,0,rising,TRUE,hall,3,tick,-194,t_us,423,dur_us,7_825
[2026-09-22T12:25:54.285] Cog0  BM-ACROSS,seq,1_016,leg,3,motor,LEFT,phase,2,rising,FALSE,hall,2,tick,-195,t_us,6_767,dur_us,8_547
[2026-09-22T12:25:54.286] Cog0  BM-ACROSS,seq,1_017,leg,3,motor,LEFT,phase,1,rising,TRUE,hall,6,tick,-196,t_us,482,dur_us,8_061
[2026-09-22T12:25:54.287] Cog0  BM-ACROSS,seq,1_018,leg,3,motor,LEFT,phase,0,rising,FALSE,hall,4,tick,-197,t_us,6_366,dur_us,7_498
[2026-09-22T12:25:54.288] Cog0  BM-ACROSS,seq,1_019,leg,3,motor,LEFT,phase,2,rising,TRUE,hall,5,tick,-198,t_us,837,dur_us,8_186
[2026-09-22T12:25:54.289] Cog0  BM-ACROSS,seq,1_020,leg,3,motor,LEFT,phase,1,rising,FALSE,hall,1,tick,-199,t_us,6_539,dur_us,7_788
[2026-09-22T12:25:54.291] Cog0  BM-ACROSS,seq,1_021,leg,3,motor,LEFT,phase,0,rising,TRUE,hall,3,tick,-200,t_us,660,dur_us,7_831
[2026-09-22T12:25:54.292] Cog0  BM-ACROSS,seq,1_022,leg,3,motor,LEFT,phase,2,rising,FALSE,hall,2,tick,-201,t_us,6_710,dur_us,8_017
[2026-09-22T12:25:54.293] Cog0  BM-ACROSS,seq,1_023,leg,3,motor,LEFT,phase,1,rising,TRUE,hall,6,tick,-202,t_us,424,dur_us,7_772
[2026-09-22T12:25:54.294] Cog0  BM-ACROSS,seq,1_024,leg,3,motor,LEFT,phase,0,rising,FALSE,hall,4,tick,-203,t_us,6_482,dur_us,7_908
[2026-09-22T12:25:54.295] Cog0  BM-ACROSS,seq,1_025,leg,3,motor,LEFT,phase,2,rising,TRUE,hall,5,tick,-204,t_us,365,dur_us,7_770
[2026-09-22T12:25:54.296] Cog0  BM-ACROSS,seq,1_026,leg,3,motor,LEFT,phase,1,rising,FALSE,hall,1,tick,-205,t_us,6_250,dur_us,7_677
[2026-09-22T12:25:54.297] Cog0  BM-ACROSS,seq,1_027,leg,3,motor,LEFT,phase,0,rising,TRUE,hall,3,tick,-206,t_us,482,dur_us,7_653
[2026-09-22T12:25:54.298] Cog0  BM-ACROSS,seq,1_028,leg,3,motor,LEFT,phase,2,rising,FALSE,hall,2,tick,-207,t_us,6_247,dur_us,7_376
[2026-09-22T12:25:54.299] Cog0  BM-ACROSS,seq,1_029,leg,3,motor,LEFT,phase,1,rising,TRUE,hall,6,tick,-208,t_us,660,dur_us,7_660
[2026-09-22T12:25:54.301] Cog0  BM-ACROSS,seq,1_030,leg,3,motor,LEFT,phase,0,rising,FALSE,hall,4,tick,-209,t_us,6_540,dur_us,7_376
[2026-09-22T12:25:54.301] Cog0  BM-ACROSS,seq,1_031,leg,3,motor,LEFT,phase,2,rising,TRUE,hall,5,tick,-210,t_us,719,dur_us,7_720
[2026-09-22T12:25:54.303] Cog0  BM-ACROSS,seq,1_032,leg,3,motor,LEFT,phase,1,rising,FALSE,hall,1,tick,-211,t_us,6_481,dur_us,7_729
[2026-09-22T12:25:54.304] Cog0  BM-ACROSS,seq,1_033,leg,3,motor,LEFT,phase,0,rising,TRUE,hall,3,tick,-212,t_us,423,dur_us,7_480
[2026-09-22T12:25:54.305] Cog0  BM-ACROSS,seq,1_034,leg,3,motor,LEFT,phase,2,rising,FALSE,hall,2,tick,-213,t_us,6_419,dur_us,7_667
[2026-09-22T12:25:54.306] Cog0  BM-ACROSS,seq,1_035,leg,3,motor,LEFT,phase,1,rising,TRUE,hall,6,tick,-214,t_us,600,dur_us,7_832
[2026-09-22T12:25:54.307] Cog0  BM-ACROSS,seq,1_036,leg,3,motor,LEFT,phase,0,rising,FALSE,hall,4,tick,-215,t_us,6_366,dur_us,7_615
[2026-09-22T12:25:54.308] Cog0  BM-ACROSS,seq,1_037,leg,3,motor,LEFT,phase,2,rising,TRUE,hall,5,tick,-216,t_us,542,dur_us,7_659
[2026-09-22T12:25:54.309] Cog0  BM-ACROSS,seq,1_038,leg,3,motor,LEFT,phase,1,rising,FALSE,hall,1,tick,-217,t_us,6_596,dur_us,7_671
[2026-09-22T12:25:54.310] Cog0  BM-ACROSS,seq,1_039,leg,3,motor,LEFT,phase,0,rising,TRUE,hall,3,tick,-218,t_us,778,dur_us,7_834
[2026-09-22T12:25:54.312] Cog0  BM-ACROSS,seq,1_040,leg,3,motor,LEFT,phase,2,rising,FALSE,hall,2,tick,-219,t_us,6_768,dur_us,7_956
[2026-09-22T12:25:54.313] Cog0  BM-ACROSS,seq,1_041,leg,3,motor,LEFT,phase,1,rising,TRUE,hall,6,tick,-220,t_us,601,dur_us,7_891
[2026-09-22T12:25:54.314] Cog0  BM-ACROSS,seq,1_042,leg,3,motor,LEFT,phase,0,rising,FALSE,hall,4,tick,-221,t_us,6_945,dur_us,8_135
[2026-09-22T12:25:54.315] Cog0  BM-ACROSS,seq,1_043,leg,3,motor,LEFT,phase,2,rising,TRUE,hall,5,tick,-222,t_us,660,dur_us,8_123
[2026-09-22T12:25:54.316] Cog0  BM-ACROSS,seq,1_044,leg,3,motor,LEFT,phase,1,rising,FALSE,hall,1,tick,-223,t_us,6_886,dur_us,8_138
[2026-09-22T12:25:54.317] Cog0  BM-ACROSS,seq,1_045,leg,3,motor,LEFT,phase,0,rising,TRUE,hall,3,tick,-224,t_us,778,dur_us,8_353
[2026-09-22T12:25:54.318] Cog0  BM-ACROSS,seq,1_046,leg,3,motor,LEFT,phase,2,rising,FALSE,hall,2,tick,-225,t_us,6_708,dur_us,8_017
[2026-09-22T12:25:54.319] Cog0  BM-ACROSS,seq,1_047,leg,3,motor,LEFT,phase,1,rising,TRUE,hall,6,tick,-226,t_us,955,dur_us,8_419
[2026-09-22T12:25:54.321] Cog0  BM-ACROSS,seq,1_048,leg,3,motor,LEFT,phase,0,rising,FALSE,hall,4,tick,-227,t_us,6_886,dur_us,8_194
[2026-09-22T12:25:54.322] Cog0  BM-ACROSS,seq,1_049,leg,3,motor,LEFT,phase,2,rising,TRUE,hall,5,tick,-228,t_us,1_014,dur_us,8_479
[2026-09-22T12:25:54.323] Cog0  BM-ACROSS,seq,1_050,leg,3,motor,LEFT,phase,1,rising,FALSE,hall,1,tick,-229,t_us,7_116,dur_us,8_604
[2026-09-22T12:25:54.324] Cog0  BM-ACROSS,seq,1_051,leg,3,motor,LEFT,phase,0,rising,TRUE,hall,3,tick,-230,t_us,778,dur_us,8_469
[2026-09-22T12:25:54.325] Cog0  BM-ACROSS,seq,1_052,leg,3,motor,LEFT,phase,2,rising,FALSE,hall,2,tick,-231,t_us,7_402,dur_us,8_652
[2026-09-22T12:25:54.326] Cog0  BM-ACROSS,seq,1_053,leg,3,motor,LEFT,phase,1,rising,TRUE,hall,6,tick,-232,t_us,1_073,dur_us,9_057
[2026-09-22T12:25:54.327] Cog0  BM-ACROSS,seq,1_054,leg,3,motor,LEFT,phase,0,rising,FALSE,hall,4,tick,-233,t_us,7_349,dur_us,8_955
[2026-09-22T12:25:54.328] Cog0  BM-ACROSS,seq,1_055,leg,3,motor,LEFT,phase,2,rising,TRUE,hall,5,tick,-234,t_us,1_073,dur_us,9_289
[2026-09-22T12:25:54.330] Cog0  BM-ACROSS,seq,1_056,leg,3,motor,LEFT,phase,1,rising,FALSE,hall,1,tick,-235,t_us,7_523,dur_us,9_071
[2026-09-22T12:25:54.330] Cog0  BM-ACROSS,seq,1_057,leg,3,motor,LEFT,phase,0,rising,TRUE,hall,3,tick,-236,t_us,1_370,dur_us,9_408
[2026-09-22T12:25:54.332] Cog0  BM-ACROSS,seq,1_058,leg,3,motor,LEFT,phase,2,rising,FALSE,hall,2,tick,-237,t_us,7_692,dur_us,9_711
[2026-09-22T12:25:54.333] Cog0  BM-ACROSS,seq,1_059,leg,3,motor,LEFT,phase,1,rising,TRUE,hall,6,tick,-238,t_us,896,dur_us,8_880
[2026-09-22T12:25:54.334] Cog0  BM-ACROSS,seq,1_060,leg,3,motor,LEFT,phase,0,rising,FALSE,hall,4,tick,-239,t_us,7_753,dur_us,9_241
[2026-09-22T12:25:54.335] Cog0  BM-ACROSS,seq,1_061,leg,3,motor,LEFT,phase,2,rising,TRUE,hall,5,tick,-240,t_us,1_132,dur_us,9_174
[2026-09-22T12:25:54.336] Cog0  BM-ACROSS,seq,1_062,leg,3,motor,LEFT,phase,1,rising,FALSE,hall,1,tick,-241,t_us,7_406,dur_us,8_598
[2026-09-22T12:25:54.336] Cog0  BM-ACROSS,seq,1_063,leg,3,motor,LEFT,phase,0,rising,TRUE,hall,3,tick,-242,t_us,1_192,dur_us,8_941
[2026-09-22T12:25:54.338] Cog0  BM-ACROSS,seq,1_064,leg,3,motor,LEFT,phase,2,rising,FALSE,hall,2,tick,-243,t_us,7_405,dur_us,8_774
[2026-09-22T12:25:54.339] Cog0  BM-ACROSS,seq,1_065,leg,3,motor,LEFT,phase,1,rising,TRUE,hall,6,tick,-244,t_us,955,dur_us,8_707
[2026-09-22T12:25:54.341] Cog0  BM-ACROSS,seq,1_066,leg,3,motor,LEFT,phase,0,rising,FALSE,hall,4,tick,-245,t_us,7_117,dur_us,8_367
[2026-09-22T12:25:54.342] Cog0  BM-ACROSS,seq,1_067,leg,3,motor,LEFT,phase,2,rising,TRUE,hall,5,tick,-246,t_us,1_310,dur_us,9_063
[2026-09-22T12:25:54.343] Cog0  BM-ACROSS,seq,1_068,leg,3,motor,LEFT,phase,1,rising,FALSE,hall,1,tick,-247,t_us,7_291,dur_us,9_076
[2026-09-22T12:25:54.344] Cog0  BM-ACROSS,seq,1_069,leg,3,motor,LEFT,phase,0,rising,TRUE,hall,3,tick,-248,t_us,895,dur_us,8_529
[2026-09-22T12:25:54.345] Cog0  BM-ACROSS,seq,1_070,leg,3,motor,LEFT,phase,2,rising,FALSE,hall,2,tick,-249,t_us,7_691,dur_us,9_472
[2026-09-22T12:25:54.346] Cog0  BM-ACROSS,seq,1_071,leg,3,motor,LEFT,phase,1,rising,TRUE,hall,6,tick,-250,t_us,837,dur_us,8_994
[2026-09-22T12:25:54.347] Cog0  BM-ACROSS,seq,1_072,leg,3,motor,LEFT,phase,0,rising,FALSE,hall,4,tick,-251,t_us,7_580,dur_us,8_889
[2026-09-22T12:25:54.348] Cog0  BM-ACROSS,seq,1_073,leg,3,motor,LEFT,phase,2,rising,TRUE,hall,5,tick,-252,t_us,1_369,dur_us,9_873
[2026-09-22T12:25:54.349] Cog0  BM-ACROSS,seq,1_074,leg,3,motor,LEFT,phase,1,rising,FALSE,hall,1,tick,-253,t_us,7_351,dur_us,8_958
[2026-09-22T12:25:54.351] Cog0  BM-ACROSS,seq,1_075,leg,3,motor,LEFT,phase,0,rising,TRUE,hall,3,tick,-254,t_us,1_192,dur_us,9_231
[2026-09-22T12:25:54.352] Cog0  BM-ACROSS,seq,1_076,leg,3,motor,LEFT,phase,2,rising,FALSE,hall,2,tick,-255,t_us,7_634,dur_us,9_595
[2026-09-22T12:25:54.353] Cog0  BM-ACROSS,seq,1_077,leg,3,motor,LEFT,phase,1,rising,TRUE,hall,6,tick,-256,t_us,955,dur_us,9_053
[2026-09-22T12:25:54.354] Cog0  BM-ACROSS,seq,1_078,leg,3,motor,LEFT,phase,0,rising,FALSE,hall,4,tick,-257,t_us,7_639,dur_us,9_423
[2026-09-22T12:25:54.355] Cog0  BM-ACROSS,seq,1_079,leg,3,motor,LEFT,phase,2,rising,TRUE,hall,5,tick,-258,t_us,1_073,dur_us,9_636
[2026-09-22T12:25:54.356] Cog0  BM-ACROSS,seq,1_080,leg,3,motor,LEFT,phase,1,rising,FALSE,hall,1,tick,-259,t_us,7_408,dur_us,9_075
[2026-09-22T12:25:54.357] Cog0  BM-ACROSS,seq,1_081,leg,3,motor,LEFT,phase,0,rising,TRUE,hall,3,tick,-260,t_us,1_014,dur_us,9_168
[2026-09-22T12:25:54.358] Cog0  BM-ACROSS,seq,1_082,leg,3,motor,LEFT,phase,2,rising,FALSE,hall,2,tick,-261,t_us,7_806,dur_us,9_706
[2026-09-22T12:25:54.359] Cog0  BM-ACROSS,seq,1_083,leg,3,motor,LEFT,phase,1,rising,TRUE,hall,6,tick,-262,t_us,778,dur_us,9_340
[2026-09-22T12:25:54.361] Cog0  BM-ACROSS,seq,1_084,leg,3,motor,LEFT,phase,0,rising,FALSE,hall,4,tick,-263,t_us,7_349,dur_us,8_895
[2026-09-22T12:25:54.362] Cog0  BM-ACROSS,seq,1_085,leg,3,motor,LEFT,phase,2,rising,TRUE,hall,5,tick,-264,t_us,1_192,dur_us,9_580
[2026-09-22T12:25:54.363] Cog0  BM-ACROSS,seq,1_086,leg,3,motor,LEFT,phase,1,rising,FALSE,hall,1,tick,-265,t_us,7_291,dur_us,9_194
[2026-09-22T12:25:54.364] Cog0  BM-ACROSS,seq,1_087,leg,3,motor,LEFT,phase,0,rising,TRUE,hall,3,tick,-266,t_us,1_073,dur_us,8_997
[2026-09-22T12:25:54.365] Cog0  BM-ACROSS,seq,1_088,leg,3,motor,LEFT,phase,2,rising,FALSE,hall,2,tick,-267,t_us,7_633,dur_us,9_535
[2026-09-22T12:25:54.366] Cog0  BM-ACROSS,seq,1_089,leg,3,motor,LEFT,phase,1,rising,TRUE,hall,6,tick,-268,t_us,1_073,dur_us,9_519
[2026-09-22T12:25:54.368] Cog0  BM-ACROSS,seq,1_090,leg,3,motor,LEFT,phase,0,rising,FALSE,hall,4,tick,-269,t_us,7_523,dur_us,9_130
[2026-09-22T12:25:54.385] Cog0  BM-ALEG,seq,1_091,leg,3,motor,LEFT,speed,FAST,ask_dir,REVERSE,meas_dir,REVERSE,ticks,-270,span_ms,2_536,edge_s_x10,1_064,samples,94_301,sectors,269,samp_sect,118,cross,269,unusable,0,dropped,0,rail_pm,156,band_railed,0,peak_i_mV,15,bias_still,TRUE,outcome,OK
[2026-09-22T12:25:55.022] Cog0  BM-AGUIDE,seq,1_092,leg,4,motor,RIGHT,ask_dir,FORWARD,speed,SLOW,turns,3,ticks,270,bias_still,TRUE,bias_u_mV,55,bias_v_mV,51,bias_w_mV,53,hyst_u_mV,9,hyst_v_mV,9,hyst_w_mV,9,band_railed,0,bias_tries,1
[2026-09-22T12:25:55.038] Cog0  TURN RIGHT WHEEL FORWARD, SLOW -- keep turning until output resumes
[2026-09-22T12:26:06.045] Cog0  BM-ACROSS,seq,1_093,leg,4,motor,RIGHT,phase,1,rising,TRUE,hall,6,tick,-2,t_us,18_891,dur_us,38_994
[2026-09-22T12:26:06.046] Cog0  BM-ACROSS,seq,1_094,leg,4,motor,RIGHT,phase,0,rising,FALSE,hall,4,tick,-3,t_us,14_700,dur_us,26_233
[2026-09-22T12:26:06.047] Cog0  BM-ACROSS,seq,1_095,leg,4,motor,RIGHT,phase,2,rising,TRUE,hall,5,tick,-4,t_us,8_639,dur_us,23_242
[2026-09-22T12:26:06.048] Cog0  BM-ACROSS,seq,1_096,leg,4,motor,RIGHT,phase,1,rising,FALSE,hall,1,tick,-5,t_us,13_902,dur_us,21_298
[2026-09-22T12:26:06.049] Cog0  BM-ACROSS,seq,1_097,leg,4,motor,RIGHT,phase,0,rising,TRUE,hall,3,tick,-6,t_us,5_502,dur_us,19_103
[2026-09-22T12:26:06.050] Cog0  BM-ACROSS,seq,1_098,leg,4,motor,RIGHT,phase,2,rising,FALSE,hall,2,tick,-7,t_us,12_563,dur_us,17_776
[2026-09-22T12:26:06.051] Cog0  BM-ACROSS,seq,1_099,leg,4,motor,RIGHT,phase,1,rising,TRUE,hall,6,tick,-8,t_us,4_441,dur_us,17_411
[2026-09-22T12:26:06.053] Cog0  BM-ACROSS,seq,1_100,leg,4,motor,RIGHT,phase,0,rising,FALSE,hall,4,tick,-9,t_us,11_116,dur_us,16_685
[2026-09-22T12:26:06.054] Cog0  BM-ACROSS,seq,1_101,leg,4,motor,RIGHT,phase,2,rising,TRUE,hall,5,tick,-10,t_us,3_614,dur_us,15_714
[2026-09-22T12:26:06.055] Cog0  BM-ACROSS,seq,1_102,leg,4,motor,RIGHT,phase,1,rising,FALSE,hall,1,tick,-11,t_us,11_231,dur_us,15_855
[2026-09-22T12:26:06.056] Cog0  BM-ACROSS,seq,1_103,leg,4,motor,RIGHT,phase,0,rising,TRUE,hall,3,tick,-12,t_us,3_908,dur_us,16_232
[2026-09-22T12:26:06.057] Cog0  BM-ACROSS,seq,1_104,leg,4,motor,RIGHT,phase,2,rising,FALSE,hall,2,tick,-13,t_us,10_471,dur_us,14_921
[2026-09-22T12:26:06.058] Cog0  BM-ACROSS,seq,1_105,leg,4,motor,RIGHT,phase,1,rising,TRUE,hall,6,tick,-14,t_us,3_143,dur_us,15_068
[2026-09-22T12:26:06.060] Cog0  BM-ACROSS,seq,1_106,leg,4,motor,RIGHT,phase,0,rising,FALSE,hall,4,tick,-15,t_us,10_766,dur_us,15_574
[2026-09-22T12:26:06.061] Cog0  BM-ACROSS,seq,1_107,leg,4,motor,RIGHT,phase,2,rising,TRUE,hall,5,tick,-16,t_us,2_788,dur_us,15_233
[2026-09-22T12:26:06.062] Cog0  BM-ACROSS,seq,1_108,leg,4,motor,RIGHT,phase,1,rising,FALSE,hall,1,tick,-17,t_us,9_962,dur_us,13_820
[2026-09-22T12:26:06.063] Cog0  BM-ACROSS,seq,1_109,leg,4,motor,RIGHT,phase,0,rising,TRUE,hall,3,tick,-18,t_us,3_025,dur_us,14_539
[2026-09-22T12:26:06.064] Cog0  BM-ACROSS,seq,1_110,leg,4,motor,RIGHT,phase,2,rising,FALSE,hall,2,tick,-19,t_us,10_182,dur_us,14_456
[2026-09-22T12:26:06.065] Cog0  BM-ACROSS,seq,1_111,leg,4,motor,RIGHT,phase,1,rising,TRUE,hall,6,tick,-20,t_us,2_018,dur_us,13_306
[2026-09-22T12:26:06.066] Cog0  BM-ACROSS,seq,1_112,leg,4,motor,RIGHT,phase,0,rising,FALSE,hall,4,tick,-21,t_us,10_133,dur_us,13_874
[2026-09-22T12:26:06.068] Cog0  BM-ACROSS,seq,1_113,leg,4,motor,RIGHT,phase,2,rising,TRUE,hall,5,tick,-22,t_us,2_613,dur_us,14_420
[2026-09-22T12:26:06.069] Cog0  BM-ACROSS,seq,1_114,leg,4,motor,RIGHT,phase,1,rising,FALSE,hall,1,tick,-23,t_us,9_494,dur_us,13_116
[2026-09-22T12:26:06.070] Cog0  BM-ACROSS,seq,1_115,leg,4,motor,RIGHT,phase,0,rising,TRUE,hall,3,tick,-24,t_us,2_611,dur_us,13_545
[2026-09-22T12:26:06.071] Cog0  BM-ACROSS,seq,1_116,leg,4,motor,RIGHT,phase,2,rising,FALSE,hall,2,tick,-25,t_us,10_124,dur_us,14_219
[2026-09-22T12:26:06.072] Cog0  BM-ACROSS,seq,1_117,leg,4,motor,RIGHT,phase,1,rising,TRUE,hall,6,tick,-26,t_us,2_077,dur_us,14_057
[2026-09-22T12:26:06.073] Cog0  BM-ACROSS,seq,1_118,leg,4,motor,RIGHT,phase,0,rising,FALSE,hall,4,tick,-27,t_us,9_380,dur_us,13_240
[2026-09-22T12:26:06.074] Cog0  BM-ACROSS,seq,1_119,leg,4,motor,RIGHT,phase,2,rising,TRUE,hall,5,tick,-28,t_us,2_672,dur_us,14_131
[2026-09-22T12:26:06.076] Cog0  BM-ACROSS,seq,1_120,leg,4,motor,RIGHT,phase,1,rising,FALSE,hall,1,tick,-29,t_us,9_666,dur_us,13_763
[2026-09-22T12:26:06.077] Cog0  BM-ACROSS,seq,1_121,leg,4,motor,RIGHT,phase,0,rising,TRUE,hall,3,tick,-30,t_us,2_077,dur_us,12_837
[2026-09-22T12:26:06.078] Cog0  BM-ACROSS,seq,1_122,leg,4,motor,RIGHT,phase,2,rising,FALSE,hall,2,tick,-31,t_us,10_069,dur_us,13_335
[2026-09-22T12:26:06.079] Cog0  BM-ACROSS,seq,1_123,leg,4,motor,RIGHT,phase,1,rising,TRUE,hall,6,tick,-32,t_us,1_960,dur_us,13_189
[2026-09-22T12:26:06.080] Cog0  BM-ACROSS,seq,1_124,leg,4,motor,RIGHT,phase,0,rising,FALSE,hall,4,tick,-33,t_us,8_978,dur_us,11_892
[2026-09-22T12:26:06.081] Cog0  BM-ACROSS,seq,1_125,leg,4,motor,RIGHT,phase,2,rising,TRUE,hall,5,tick,-34,t_us,1_842,dur_us,12_202
[2026-09-22T12:26:06.082] Cog0  BM-ACROSS,seq,1_126,leg,4,motor,RIGHT,phase,1,rising,FALSE,hall,1,tick,-35,t_us,9_030,dur_us,12_178
[2026-09-22T12:26:06.084] Cog0  BM-ACROSS,seq,1_127,leg,4,motor,RIGHT,phase,0,rising,TRUE,hall,3,tick,-36,t_us,1_546,dur_us,12_249
[2026-09-22T12:26:06.084] Cog0  BM-ACROSS,seq,1_128,leg,4,motor,RIGHT,phase,2,rising,FALSE,hall,2,tick,-37,t_us,8_624,dur_us,11_476
[2026-09-22T12:26:06.086] Cog0  BM-ACROSS,seq,1_129,leg,4,motor,RIGHT,phase,1,rising,TRUE,hall,6,tick,-38,t_us,1_783,dur_us,12_257
[2026-09-22T12:26:06.087] Cog0  BM-ACROSS,seq,1_130,leg,4,motor,RIGHT,phase,0,rising,FALSE,hall,4,tick,-39,t_us,8_857,dur_us,12_362
[2026-09-22T12:26:06.088] Cog0  BM-ACROSS,seq,1_131,leg,4,motor,RIGHT,phase,2,rising,TRUE,hall,5,tick,-40,t_us,1_428,dur_us,11_673
[2026-09-22T12:26:06.089] Cog0  BM-ACROSS,seq,1_132,leg,4,motor,RIGHT,phase,1,rising,FALSE,hall,1,tick,-41,t_us,9_841,dur_us,13_345
[2026-09-22T12:26:06.090] Cog0  BM-ACROSS,seq,1_133,leg,4,motor,RIGHT,phase,0,rising,TRUE,hall,3,tick,-42,t_us,2_196,dur_us,13_823
[2026-09-22T12:26:06.092] Cog0  BM-ACROSS,seq,1_134,leg,4,motor,RIGHT,phase,2,rising,FALSE,hall,2,tick,-43,t_us,9_606,dur_us,12_753
[2026-09-22T12:26:06.093] Cog0  BM-ACROSS,seq,1_135,leg,4,motor,RIGHT,phase,1,rising,TRUE,hall,6,tick,-44,t_us,3_085,dur_us,14_949
[2026-09-22T12:26:06.094] Cog0  BM-ACROSS,seq,1_136,leg,4,motor,RIGHT,phase,0,rising,FALSE,hall,4,tick,-45,t_us,10_422,dur_us,15_524
[2026-09-22T12:26:06.095] Cog0  BM-ACROSS,seq,1_137,leg,4,motor,RIGHT,phase,2,rising,TRUE,hall,5,tick,-46,t_us,2_787,dur_us,15_061
[2026-09-22T12:26:06.096] Cog0  BM-ACROSS,seq,1_138,leg,4,motor,RIGHT,phase,1,rising,FALSE,hall,1,tick,-47,t_us,11_465,dur_us,16_505
[2026-09-22T12:26:06.097] Cog0  BM-ACROSS,seq,1_139,leg,4,motor,RIGHT,phase,0,rising,TRUE,hall,3,tick,-48,t_us,3_850,dur_us,16_811
[2026-09-22T12:26:06.098] Cog0  BM-ACROSS,seq,1_140,leg,4,motor,RIGHT,phase,2,rising,FALSE,hall,2,tick,-49,t_us,10_821,dur_us,15_208
[2026-09-22T12:26:06.099] Cog0  BM-ACROSS,seq,1_141,leg,4,motor,RIGHT,phase,1,rising,TRUE,hall,6,tick,-50,t_us,4_209,dur_us,16_253
[2026-09-22T12:26:06.101] Cog0  BM-ACROSS,seq,1_142,leg,4,motor,RIGHT,phase,0,rising,FALSE,hall,4,tick,-51,t_us,11_231,dur_us,16_391
[2026-09-22T12:26:06.102] Cog0  BM-ACROSS,seq,1_143,leg,4,motor,RIGHT,phase,2,rising,TRUE,hall,5,tick,-52,t_us,3_082,dur_us,14_776
[2026-09-22T12:26:06.103] Cog0  BM-ACROSS,seq,1_144,leg,4,motor,RIGHT,phase,1,rising,FALSE,hall,1,tick,-53,t_us,11_228,dur_us,15_264
[2026-09-22T12:26:06.104] Cog0  BM-ACROSS,seq,1_145,leg,4,motor,RIGHT,phase,0,rising,TRUE,hall,3,tick,-54,t_us,3_558,dur_us,15_765
[2026-09-22T12:26:06.105] Cog0  BM-ACROSS,seq,1_146,leg,4,motor,RIGHT,phase,2,rising,FALSE,hall,2,tick,-55,t_us,10_645,dur_us,14_797
[2026-09-22T12:26:06.106] Cog0  BM-ACROSS,seq,1_147,leg,4,motor,RIGHT,phase,1,rising,TRUE,hall,6,tick,-56,t_us,3_440,dur_us,15_541
[2026-09-22T12:26:06.108] Cog0  BM-ACROSS,seq,1_148,leg,4,motor,RIGHT,phase,0,rising,FALSE,hall,4,tick,-57,t_us,11_062,dur_us,15_515
[2026-09-22T12:26:06.109] Cog0  BM-ACROSS,seq,1_149,leg,4,motor,RIGHT,phase,2,rising,TRUE,hall,5,tick,-58,t_us,2_907,dur_us,14_600
[2026-09-22T12:26:06.110] Cog0  BM-ACROSS,seq,1_150,leg,4,motor,RIGHT,phase,1,rising,FALSE,hall,1,tick,-59,t_us,10_303,dur_us,13_805
[2026-09-22T12:26:06.111] Cog0  BM-ACROSS,seq,1_151,leg,4,motor,RIGHT,phase,0,rising,TRUE,hall,3,tick,-60,t_us,3_558,dur_us,14_319
[2026-09-22T12:26:06.112] Cog0  BM-ACROSS,seq,1_152,leg,4,motor,RIGHT,phase,2,rising,FALSE,hall,2,tick,-61,t_us,10_528,dur_us,14_208
[2026-09-22T12:26:06.113] Cog0  BM-ACROSS,seq,1_153,leg,4,motor,RIGHT,phase,1,rising,TRUE,hall,6,tick,-62,t_us,2_494,dur_us,13_436
[2026-09-22T12:26:06.114] Cog0  BM-ACROSS,seq,1_154,leg,4,motor,RIGHT,phase,0,rising,FALSE,hall,4,tick,-63,t_us,10_130,dur_us,13_516
[2026-09-22T12:26:06.115] Cog0  BM-ACROSS,seq,1_155,leg,4,motor,RIGHT,phase,2,rising,TRUE,hall,5,tick,-64,t_us,2_613,dur_us,13_727
[2026-09-22T12:26:06.117] Cog0  BM-ACROSS,seq,1_156,leg,4,motor,RIGHT,phase,1,rising,FALSE,hall,1,tick,-65,t_us,10_245,dur_us,13_629
[2026-09-22T12:26:06.118] Cog0  BM-ACROSS,seq,1_157,leg,4,motor,RIGHT,phase,0,rising,TRUE,hall,3,tick,-66,t_us,3_085,dur_us,14_368
[2026-09-22T12:26:06.119] Cog0  BM-ACROSS,seq,1_158,leg,4,motor,RIGHT,phase,2,rising,FALSE,hall,2,tick,-67,t_us,10_528,dur_us,14_386
[2026-09-22T12:26:06.120] Cog0  BM-ACROSS,seq,1_159,leg,4,motor,RIGHT,phase,1,rising,TRUE,hall,6,tick,-68,t_us,2_848,dur_us,14_192
[2026-09-22T12:26:06.121] Cog0  BM-ACROSS,seq,1_160,leg,4,motor,RIGHT,phase,0,rising,FALSE,hall,4,tick,-69,t_us,9_956,dur_us,13_341
[2026-09-22T12:26:06.122] Cog0  BM-ACROSS,seq,1_161,leg,4,motor,RIGHT,phase,2,rising,TRUE,hall,5,tick,-70,t_us,3_028,dur_us,13_792
[2026-09-22T12:26:06.123] Cog0  BM-ACROSS,seq,1_162,leg,4,motor,RIGHT,phase,1,rising,FALSE,hall,1,tick,-71,t_us,10_013,dur_us,13_457
[2026-09-22T12:26:06.125] Cog0  BM-ACROSS,seq,1_163,leg,4,motor,RIGHT,phase,0,rising,TRUE,hall,3,tick,-72,t_us,2_492,dur_us,12_789
[2026-09-22T12:26:06.126] Cog0  BM-ACROSS,seq,1_164,leg,4,motor,RIGHT,phase,2,rising,FALSE,hall,2,tick,-73,t_us,9_834,dur_us,12_921
[2026-09-22T12:26:06.127] Cog0  BM-ACROSS,seq,1_165,leg,4,motor,RIGHT,phase,1,rising,TRUE,hall,6,tick,-74,t_us,2_435,dur_us,13_201
[2026-09-22T12:26:06.128] Cog0  BM-ACROSS,seq,1_166,leg,4,motor,RIGHT,phase,0,rising,FALSE,hall,4,tick,-75,t_us,9_493,dur_us,12_641
[2026-09-22T12:26:06.129] Cog0  BM-ACROSS,seq,1_167,leg,4,motor,RIGHT,phase,2,rising,TRUE,hall,5,tick,-76,t_us,2_436,dur_us,13_259
[2026-09-22T12:26:06.130] Cog0  BM-ACROSS,seq,1_168,leg,4,motor,RIGHT,phase,1,rising,FALSE,hall,1,tick,-77,t_us,9_613,dur_us,12_702
[2026-09-22T12:26:06.131] Cog0  BM-ACROSS,seq,1_169,leg,4,motor,RIGHT,phase,0,rising,TRUE,hall,3,tick,-78,t_us,2_138,dur_us,12_552
[2026-09-22T12:26:06.133] Cog0  BM-ACROSS,seq,1_170,leg,4,motor,RIGHT,phase,2,rising,FALSE,hall,2,tick,-79,t_us,9_314,dur_us,12_403
[2026-09-22T12:26:06.133] Cog0  BM-ACROSS,seq,1_171,leg,4,motor,RIGHT,phase,1,rising,TRUE,hall,6,tick,-80,t_us,1_782,dur_us,11_912
[2026-09-22T12:26:06.135] Cog0  BM-ACROSS,seq,1_172,leg,4,motor,RIGHT,phase,0,rising,FALSE,hall,4,tick,-81,t_us,9_380,dur_us,12_174
[2026-09-22T12:26:06.136] Cog0  BM-ACROSS,seq,1_173,leg,4,motor,RIGHT,phase,2,rising,TRUE,hall,5,tick,-82,t_us,1_666,dur_us,12_142
[2026-09-22T12:26:06.137] Cog0  BM-ACROSS,seq,1_174,leg,4,motor,RIGHT,phase,1,rising,FALSE,hall,1,tick,-83,t_us,8_741,dur_us,11_237
[2026-09-22T12:26:06.138] Cog0  BM-ACROSS,seq,1_175,leg,4,motor,RIGHT,phase,0,rising,TRUE,hall,3,tick,-84,t_us,2_079,dur_us,11_913
[2026-09-22T12:26:06.139] Cog0  BM-ACROSS,seq,1_176,leg,4,motor,RIGHT,phase,2,rising,FALSE,hall,2,tick,-85,t_us,9_141,dur_us,11_993
[2026-09-22T12:26:06.141] Cog0  BM-ACROSS,seq,1_177,leg,4,motor,RIGHT,phase,1,rising,TRUE,hall,6,tick,-86,t_us,1_546,dur_us,11_904
[2026-09-22T12:26:06.141] Cog0  BM-ACROSS,seq,1_178,leg,4,motor,RIGHT,phase,0,rising,FALSE,hall,4,tick,-87,t_us,9_032,dur_us,12_063
[2026-09-22T12:26:06.143] Cog0  BM-ACROSS,seq,1_179,leg,4,motor,RIGHT,phase,2,rising,TRUE,hall,5,tick,-88,t_us,1_902,dur_us,12_380
[2026-09-22T12:26:06.144] Cog0  BM-ACROSS,seq,1_180,leg,4,motor,RIGHT,phase,1,rising,FALSE,hall,1,tick,-89,t_us,9_379,dur_us,12_705
[2026-09-22T12:26:06.145] Cog0  BM-ACROSS,seq,1_181,leg,4,motor,RIGHT,phase,0,rising,TRUE,hall,3,tick,-90,t_us,2_137,dur_us,12_551
[2026-09-22T12:26:06.146] Cog0  BM-ACROSS,seq,1_182,leg,4,motor,RIGHT,phase,2,rising,FALSE,hall,2,tick,-91,t_us,10_008,dur_us,13_274
[2026-09-22T12:26:06.147] Cog0  BM-ACROSS,seq,1_183,leg,4,motor,RIGHT,phase,1,rising,TRUE,hall,6,tick,-92,t_us,2_435,dur_us,13_894
[2026-09-22T12:26:06.149] Cog0  BM-ACROSS,seq,1_184,leg,4,motor,RIGHT,phase,0,rising,FALSE,hall,4,tick,-93,t_us,9_615,dur_us,12_882
[2026-09-22T12:26:06.150] Cog0  BM-ACROSS,seq,1_185,leg,4,motor,RIGHT,phase,2,rising,TRUE,hall,5,tick,-94,t_us,2_731,dur_us,13_496
[2026-09-22T12:26:06.151] Cog0  BM-ACROSS,seq,1_186,leg,4,motor,RIGHT,phase,1,rising,FALSE,hall,1,tick,-95,t_us,10_073,dur_us,13_754
[2026-09-22T12:26:06.152] Cog0  BM-ACROSS,seq,1_187,leg,4,motor,RIGHT,phase,0,rising,TRUE,hall,3,tick,-96,t_us,2_255,dur_us,13_246
[2026-09-22T12:26:06.153] Cog0  BM-ACROSS,seq,1_188,leg,4,motor,RIGHT,phase,2,rising,FALSE,hall,2,tick,-97,t_us,9_835,dur_us,13_219
[2026-09-22T12:26:06.154] Cog0  BM-ACROSS,seq,1_189,leg,4,motor,RIGHT,phase,1,rising,TRUE,hall,6,tick,-98,t_us,2_376,dur_us,13_548
[2026-09-22T12:26:06.155] Cog0  BM-ACROSS,seq,1_190,leg,4,motor,RIGHT,phase,0,rising,FALSE,hall,4,tick,-99,t_us,9_786,dur_us,13_646
[2026-09-22T12:26:06.157] Cog0  BM-ACROSS,seq,1_191,leg,4,motor,RIGHT,phase,2,rising,TRUE,hall,5,tick,-100,t_us,2_257,dur_us,13_373
[2026-09-22T12:26:06.158] Cog0  BM-ACROSS,seq,1_192,leg,4,motor,RIGHT,phase,1,rising,FALSE,hall,1,tick,-101,t_us,10_338,dur_us,13_930
[2026-09-22T12:26:06.159] Cog0  BM-ACROSS,seq,1_193,leg,4,motor,RIGHT,phase,0,rising,TRUE,hall,3,tick,-102,t_us,2_907,dur_us,14_652
[2026-09-22T12:26:06.160] Cog0  BM-ACROSS,seq,1_194,leg,4,motor,RIGHT,phase,2,rising,FALSE,hall,2,tick,-103,t_us,10_129,dur_us,13_869
[2026-09-22T12:26:06.161] Cog0  BM-ACROSS,seq,1_195,leg,4,motor,RIGHT,phase,1,rising,TRUE,hall,6,tick,-104,t_us,2_788,dur_us,14_364
[2026-09-22T12:26:06.162] Cog0  BM-ACROSS,seq,1_196,leg,4,motor,RIGHT,phase,0,rising,FALSE,hall,4,tick,-105,t_us,10_593,dur_us,15_282
[2026-09-22T12:26:06.163] Cog0  BM-ACROSS,seq,1_197,leg,4,motor,RIGHT,phase,2,rising,TRUE,hall,5,tick,-106,t_us,2_847,dur_us,15_693
[2026-09-22T12:26:06.164] Cog0  BM-ACROSS,seq,1_198,leg,4,motor,RIGHT,phase,1,rising,FALSE,hall,1,tick,-107,t_us,10_073,dur_us,15_053
[2026-09-22T12:26:06.166] Cog0  BM-ACROSS,seq,1_199,leg,4,motor,RIGHT,phase,0,rising,TRUE,hall,3,tick,-108,t_us,4_085,dur_us,16_525
[2026-09-22T12:26:06.167] Cog0  BM-ACROSS,seq,1_200,leg,4,motor,RIGHT,phase,2,rising,FALSE,hall,2,tick,-109,t_us,11_167,dur_us,17_031
[2026-09-22T12:26:06.168] Cog0  BM-ACROSS,seq,1_201,leg,4,motor,RIGHT,phase,1,rising,TRUE,hall,6,tick,-110,t_us,3_376,dur_us,15_704
[2026-09-22T12:26:06.169] Cog0  BM-ACROSS,seq,1_202,leg,4,motor,RIGHT,phase,0,rising,FALSE,hall,4,tick,-111,t_us,11_613,dur_us,16_327
[2026-09-22T12:26:06.170] Cog0  BM-ACROSS,seq,1_203,leg,4,motor,RIGHT,phase,2,rising,TRUE,hall,5,tick,-112,t_us,3_794,dur_us,16_470
[2026-09-22T12:26:06.172] Cog0  BM-ACROSS,seq,1_204,leg,4,motor,RIGHT,phase,1,rising,FALSE,hall,1,tick,-113,t_us,10_131,dur_us,14_168
[2026-09-22T12:26:06.173] Cog0  BM-ACROSS,seq,1_205,leg,4,motor,RIGHT,phase,0,rising,TRUE,hall,3,tick,-114,t_us,2_847,dur_us,14_130
[2026-09-22T12:26:06.174] Cog0  BM-ACROSS,seq,1_206,leg,4,motor,RIGHT,phase,2,rising,FALSE,hall,2,tick,-115,t_us,10_300,dur_us,14_159
[2026-09-22T12:26:06.175] Cog0  BM-ACROSS,seq,1_207,leg,4,motor,RIGHT,phase,1,rising,TRUE,hall,6,tick,-116,t_us,1_959,dur_us,13_476
[2026-09-22T12:26:06.176] Cog0  BM-ACROSS,seq,1_208,leg,4,motor,RIGHT,phase,0,rising,FALSE,hall,4,tick,-117,t_us,9_091,dur_us,12_299
[2026-09-22T12:26:06.177] Cog0  BM-ACROSS,seq,1_209,leg,4,motor,RIGHT,phase,2,rising,TRUE,hall,5,tick,-118,t_us,2_140,dur_us,13_022
[2026-09-22T12:26:06.178] Cog0  BM-ACROSS,seq,1_210,leg,4,motor,RIGHT,phase,1,rising,FALSE,hall,1,tick,-119,t_us,9_089,dur_us,12_652
[2026-09-22T12:26:06.180] Cog0  BM-ACROSS,seq,1_211,leg,4,motor,RIGHT,phase,0,rising,TRUE,hall,3,tick,-120,t_us,1_605,dur_us,12_021
[2026-09-22T12:26:06.181] Cog0  BM-ACROSS,seq,1_212,leg,4,motor,RIGHT,phase,2,rising,FALSE,hall,2,tick,-121,t_us,9_723,dur_us,12_871
[2026-09-22T12:26:06.182] Cog0  BM-ACROSS,seq,1_213,leg,4,motor,RIGHT,phase,1,rising,TRUE,hall,6,tick,-122,t_us,1_842,dur_us,13_186
[2026-09-22T12:26:06.183] Cog0  BM-ACROSS,seq,1_214,leg,4,motor,RIGHT,phase,0,rising,FALSE,hall,4,tick,-123,t_us,9_094,dur_us,12_243
[2026-09-22T12:26:06.184] Cog0  BM-ACROSS,seq,1_215,leg,4,motor,RIGHT,phase,2,rising,TRUE,hall,5,tick,-124,t_us,2_138,dur_us,13_135
[2026-09-22T12:26:06.185] Cog0  BM-ACROSS,seq,1_216,leg,4,motor,RIGHT,phase,1,rising,FALSE,hall,1,tick,-125,t_us,9_729,dur_us,13_469
[2026-09-22T12:26:06.186] Cog0  BM-ACROSS,seq,1_217,leg,4,motor,RIGHT,phase,0,rising,TRUE,hall,3,tick,-126,t_us,2_077,dur_us,13_647
[2026-09-22T12:26:06.188] Cog0  BM-ACROSS,seq,1_218,leg,4,motor,RIGHT,phase,2,rising,FALSE,hall,2,tick,-127,t_us,9_201,dur_us,12_703
[2026-09-22T12:26:06.189] Cog0  BM-ACROSS,seq,1_219,leg,4,motor,RIGHT,phase,1,rising,TRUE,hall,6,tick,-128,t_us,2_138,dur_us,13_134
[2026-09-22T12:26:06.190] Cog0  BM-ACROSS,seq,1_220,leg,4,motor,RIGHT,phase,0,rising,FALSE,hall,4,tick,-129,t_us,9_208,dur_us,12_654
[2026-09-22T12:26:06.191] Cog0  BM-ACROSS,seq,1_221,leg,4,motor,RIGHT,phase,2,rising,TRUE,hall,5,tick,-130,t_us,1_428,dur_us,11_268
[2026-09-22T12:26:06.192] Cog0  BM-ACROSS,seq,1_222,leg,4,motor,RIGHT,phase,1,rising,FALSE,hall,1,tick,-131,t_us,9_378,dur_us,12_289
[2026-09-22T12:26:06.193] Cog0  BM-ACROSS,seq,1_223,leg,4,motor,RIGHT,phase,0,rising,TRUE,hall,3,tick,-132,t_us,1_605,dur_us,11_960
[2026-09-22T12:26:06.194] Cog0  BM-ACROSS,seq,1_224,leg,4,motor,RIGHT,phase,2,rising,FALSE,hall,2,tick,-133,t_us,8_389,dur_us,10_649
[2026-09-22T12:26:06.196] Cog0  BM-ACROSS,seq,1_225,leg,4,motor,RIGHT,phase,1,rising,TRUE,hall,6,tick,-134,t_us,1_784,dur_us,11_681
[2026-09-22T12:26:06.197] Cog0  BM-ACROSS,seq,1_226,leg,4,motor,RIGHT,phase,0,rising,FALSE,hall,4,tick,-135,t_us,8_626,dur_us,11_479
[2026-09-22T12:26:06.198] Cog0  BM-ACROSS,seq,1_227,leg,4,motor,RIGHT,phase,2,rising,TRUE,hall,5,tick,-136,t_us,1_074,dur_us,10_798
[2026-09-22T12:26:06.199] Cog0  BM-ACROSS,seq,1_228,leg,4,motor,RIGHT,phase,1,rising,FALSE,hall,1,tick,-137,t_us,8_773,dur_us,11_301
[2026-09-22T12:26:06.200] Cog0  BM-ACROSS,seq,1_229,leg,4,motor,RIGHT,phase,0,rising,TRUE,hall,3,tick,-138,t_us,1_605,dur_us,11_266
[2026-09-22T12:26:06.201] Cog0  BM-ACROSS,seq,1_230,leg,4,motor,RIGHT,phase,2,rising,FALSE,hall,2,tick,-139,t_us,8_274,dur_us,10_296
[2026-09-22T12:26:06.202] Cog0  BM-ACROSS,seq,1_231,leg,4,motor,RIGHT,phase,1,rising,TRUE,hall,6,tick,-140,t_us,1_903,dur_us,11_048
[2026-09-22T12:26:06.204] Cog0  BM-ACROSS,seq,1_232,leg,4,motor,RIGHT,phase,0,rising,FALSE,hall,4,tick,-141,t_us,8_917,dur_us,11_416
[2026-09-22T12:26:06.205] Cog0  BM-ACROSS,seq,1_233,leg,4,motor,RIGHT,phase,2,rising,TRUE,hall,5,tick,-142,t_us,1_192,dur_us,10_393
[2026-09-22T12:26:06.206] Cog0  BM-ACROSS,seq,1_234,leg,4,motor,RIGHT,phase,1,rising,FALSE,hall,1,tick,-143,t_us,8_740,dur_us,10_822
[2026-09-22T12:26:06.207] Cog0  BM-ACROSS,seq,1_235,leg,4,motor,RIGHT,phase,0,rising,TRUE,hall,3,tick,-144,t_us,1_606,dur_us,11_094
[2026-09-22T12:26:06.208] Cog0  BM-ACROSS,seq,1_236,leg,4,motor,RIGHT,phase,2,rising,FALSE,hall,2,tick,-145,t_us,8_390,dur_us,10_354
[2026-09-22T12:26:06.209] Cog0  BM-ACROSS,seq,1_237,leg,4,motor,RIGHT,phase,1,rising,TRUE,hall,6,tick,-146,t_us,1_666,dur_us,11_042
[2026-09-22T12:26:06.210] Cog0  BM-ACROSS,seq,1_238,leg,4,motor,RIGHT,phase,0,rising,FALSE,hall,4,tick,-147,t_us,8_803,dur_us,11_184
[2026-09-22T12:26:06.212] Cog0  BM-ACROSS,seq,1_239,leg,4,motor,RIGHT,phase,2,rising,TRUE,hall,5,tick,-148,t_us,1_369,dur_us,10_977
[2026-09-22T12:26:06.213] Cog0  BM-ACROSS,seq,1_240,leg,4,motor,RIGHT,phase,1,rising,FALSE,hall,1,tick,-149,t_us,8_568,dur_us,10_649
[2026-09-22T12:26:06.214] Cog0  BM-ACROSS,seq,1_241,leg,4,motor,RIGHT,phase,0,rising,TRUE,hall,3,tick,-150,t_us,2_198,dur_us,11_513
[2026-09-22T12:26:06.215] Cog0  BM-ACROSS,seq,1_242,leg,4,motor,RIGHT,phase,2,rising,FALSE,hall,2,tick,-151,t_us,9_314,dur_us,11_929
[2026-09-22T12:26:06.216] Cog0  BM-ACROSS,seq,1_243,leg,4,motor,RIGHT,phase,1,rising,TRUE,hall,6,tick,-152,t_us,1_723,dur_us,11_446
[2026-09-22T12:26:06.217] Cog0  BM-ACROSS,seq,1_244,leg,4,motor,RIGHT,phase,0,rising,FALSE,hall,4,tick,-153,t_us,9_319,dur_us,11_935
[2026-09-22T12:26:06.219] Cog0  BM-ACROSS,seq,1_245,leg,4,motor,RIGHT,phase,2,rising,TRUE,hall,5,tick,-154,t_us,1_903,dur_us,12_205
[2026-09-22T12:26:06.220] Cog0  BM-ACROSS,seq,1_246,leg,4,motor,RIGHT,phase,1,rising,FALSE,hall,1,tick,-155,t_us,9_205,dur_us,11_760
[2026-09-22T12:26:06.221] Cog0  BM-ACROSS,seq,1_247,leg,4,motor,RIGHT,phase,0,rising,TRUE,hall,3,tick,-156,t_us,2_198,dur_us,12_499
[2026-09-22T12:26:06.222] Cog0  BM-ACROSS,seq,1_248,leg,4,motor,RIGHT,phase,2,rising,FALSE,hall,2,tick,-157,t_us,9_431,dur_us,12_401
[2026-09-22T12:26:06.223] Cog0  BM-ACROSS,seq,1_249,leg,4,motor,RIGHT,phase,1,rising,TRUE,hall,6,tick,-158,t_us,1_961,dur_us,12_320
[2026-09-22T12:26:06.224] Cog0  BM-ACROSS,seq,1_250,leg,4,motor,RIGHT,phase,0,rising,FALSE,hall,4,tick,-159,t_us,9_322,dur_us,11_937
[2026-09-22T12:26:06.226] Cog0  BM-ACROSS,seq,1_251,leg,4,motor,RIGHT,phase,2,rising,TRUE,hall,5,tick,-160,t_us,2_436,dur_us,12_797
[2026-09-22T12:26:06.227] Cog0  BM-ACROSS,seq,1_252,leg,4,motor,RIGHT,phase,1,rising,FALSE,hall,1,tick,-161,t_us,9_723,dur_us,12_930
[2026-09-22T12:26:06.227] Cog0  BM-ACROSS,seq,1_253,leg,4,motor,RIGHT,phase,0,rising,TRUE,hall,3,tick,-162,t_us,2_314,dur_us,12_728
[2026-09-22T12:26:06.229] Cog0  BM-ACROSS,seq,1_254,leg,4,motor,RIGHT,phase,2,rising,FALSE,hall,2,tick,-163,t_us,10_124,dur_us,13_271
[2026-09-22T12:26:06.230] Cog0  BM-ACROSS,seq,1_255,leg,4,motor,RIGHT,phase,1,rising,TRUE,hall,6,tick,-164,t_us,2_730,dur_us,13_900
[2026-09-22T12:26:06.231] Cog0  BM-ACROSS,seq,1_256,leg,4,motor,RIGHT,phase,0,rising,FALSE,hall,4,tick,-165,t_us,10_189,dur_us,13_812
[2026-09-22T12:26:06.232] Cog0  BM-ACROSS,seq,1_257,leg,4,motor,RIGHT,phase,2,rising,TRUE,hall,5,tick,-166,t_us,2_909,dur_us,14_660
[2026-09-22T12:26:06.234] Cog0  BM-ACROSS,seq,1_258,leg,4,motor,RIGHT,phase,1,rising,FALSE,hall,1,tick,-167,t_us,10_363,dur_us,14_399
[2026-09-22T12:26:06.235] Cog0  BM-ACROSS,seq,1_259,leg,4,motor,RIGHT,phase,0,rising,TRUE,hall,3,tick,-168,t_us,3_084,dur_us,14_655
[2026-09-22T12:26:06.236] Cog0  BM-ACROSS,seq,1_260,leg,4,motor,RIGHT,phase,2,rising,FALSE,hall,2,tick,-169,t_us,10_651,dur_us,14_628
[2026-09-22T12:26:06.237] Cog0  BM-ACROSS,seq,1_261,leg,4,motor,RIGHT,phase,1,rising,TRUE,hall,6,tick,-170,t_us,2_788,dur_us,14_424
[2026-09-22T12:26:06.238] Cog0  BM-ACROSS,seq,1_262,leg,4,motor,RIGHT,phase,0,rising,FALSE,hall,4,tick,-171,t_us,10_652,dur_us,15_163
[2026-09-22T12:26:06.239] Cog0  BM-ACROSS,seq,1_263,leg,4,motor,RIGHT,phase,2,rising,TRUE,hall,5,tick,-172,t_us,2_907,dur_us,15_063
[2026-09-22T12:26:06.241] Cog0  BM-ACROSS,seq,1_264,leg,4,motor,RIGHT,phase,1,rising,FALSE,hall,1,tick,-173,t_us,10_305,dur_us,14_280
[2026-09-22T12:26:06.242] Cog0  BM-ACROSS,seq,1_265,leg,4,motor,RIGHT,phase,0,rising,TRUE,hall,3,tick,-174,t_us,3_380,dur_us,15_068
[2026-09-22T12:26:06.243] Cog0  BM-ACROSS,seq,1_266,leg,4,motor,RIGHT,phase,2,rising,FALSE,hall,2,tick,-175,t_us,10_762,dur_us,15_035
[2026-09-22T12:26:06.244] Cog0  BM-ACROSS,seq,1_267,leg,4,motor,RIGHT,phase,1,rising,TRUE,hall,6,tick,-176,t_us,2_728,dur_us,14_419
[2026-09-22T12:26:06.245] Cog0  BM-ACROSS,seq,1_268,leg,4,motor,RIGHT,phase,0,rising,FALSE,hall,4,tick,-177,t_us,10_365,dur_us,14_343
[2026-09-22T12:26:06.246] Cog0  BM-ACROSS,seq,1_269,leg,4,motor,RIGHT,phase,2,rising,TRUE,hall,5,tick,-178,t_us,2_555,dur_us,14_252
[2026-09-22T12:26:06.247] Cog0  BM-ACROSS,seq,1_270,leg,4,motor,RIGHT,phase,1,rising,FALSE,hall,1,tick,-179,t_us,10_187,dur_us,14_283
[2026-09-22T12:26:06.249] Cog0  BM-ACROSS,seq,1_271,leg,4,motor,RIGHT,phase,0,rising,TRUE,hall,3,tick,-180,t_us,2_727,dur_us,14_067
[2026-09-22T12:26:06.250] Cog0  BM-ACROSS,seq,1_272,leg,4,motor,RIGHT,phase,2,rising,FALSE,hall,2,tick,-181,t_us,10_588,dur_us,14_622
[2026-09-22T12:26:06.251] Cog0  BM-ACROSS,seq,1_273,leg,4,motor,RIGHT,phase,1,rising,TRUE,hall,6,tick,-182,t_us,3_261,dur_us,15_414
[2026-09-22T12:26:06.252] Cog0  BM-ACROSS,seq,1_274,leg,4,motor,RIGHT,phase,0,rising,FALSE,hall,4,tick,-183,t_us,10_364,dur_us,14_519
[2026-09-22T12:26:06.253] Cog0  BM-ACROSS,seq,1_275,leg,4,motor,RIGHT,phase,2,rising,TRUE,hall,5,tick,-184,t_us,3_499,dur_us,15_306
[2026-09-22T12:26:06.255] Cog0  BM-ACROSS,seq,1_276,leg,4,motor,RIGHT,phase,1,rising,FALSE,hall,1,tick,-185,t_us,11_001,dur_us,15_748
[2026-09-22T12:26:06.255] Cog0  BM-ACROSS,seq,1_277,leg,4,motor,RIGHT,phase,0,rising,TRUE,hall,3,tick,-186,t_us,3_081,dur_us,15_348
[2026-09-22T12:26:06.257] Cog0  BM-ACROSS,seq,1_278,leg,4,motor,RIGHT,phase,2,rising,FALSE,hall,2,tick,-187,t_us,11_113,dur_us,15_503
[2026-09-22T12:26:06.258] Cog0  BM-ACROSS,seq,1_279,leg,4,motor,RIGHT,phase,1,rising,TRUE,hall,6,tick,-188,t_us,3_556,dur_us,16_002
[2026-09-22T12:26:06.259] Cog0  BM-ACROSS,seq,1_280,leg,4,motor,RIGHT,phase,0,rising,FALSE,hall,4,tick,-189,t_us,10_884,dur_us,16_277
[2026-09-22T12:26:06.260] Cog0  BM-ACROSS,seq,1_281,leg,4,motor,RIGHT,phase,2,rising,TRUE,hall,5,tick,-190,t_us,3_496,dur_us,15_825
[2026-09-22T12:26:06.261] Cog0  BM-ACROSS,seq,1_282,leg,4,motor,RIGHT,phase,1,rising,FALSE,hall,1,tick,-191,t_us,11_404,dur_us,16_380
[2026-09-22T12:26:06.263] Cog0  BM-ACROSS,seq,1_283,leg,4,motor,RIGHT,phase,0,rising,TRUE,hall,3,tick,-192,t_us,4_144,dur_us,17_047
[2026-09-22T12:26:06.264] Cog0  BM-ACROSS,seq,1_284,leg,4,motor,RIGHT,phase,2,rising,FALSE,hall,2,tick,-193,t_us,11_287,dur_us,16_149
[2026-09-22T12:26:06.265] Cog0  BM-ACROSS,seq,1_285,leg,4,motor,RIGHT,phase,1,rising,TRUE,hall,6,tick,-194,t_us,3_614,dur_us,16_643
[2026-09-22T12:26:06.266] Cog0  BM-ACROSS,seq,1_286,leg,4,motor,RIGHT,phase,0,rising,FALSE,hall,4,tick,-195,t_us,11_868,dur_us,17_614
[2026-09-22T12:26:06.267] Cog0  BM-ACROSS,seq,1_287,leg,4,motor,RIGHT,phase,2,rising,TRUE,hall,5,tick,-196,t_us,3_732,dur_us,17_449
[2026-09-22T12:26:06.268] Cog0  BM-ACROSS,seq,1_288,leg,4,motor,RIGHT,phase,1,rising,FALSE,hall,1,tick,-197,t_us,10_950,dur_us,15_693
[2026-09-22T12:26:06.269] Cog0  BM-ACROSS,seq,1_289,leg,4,motor,RIGHT,phase,0,rising,TRUE,hall,3,tick,-198,t_us,3_967,dur_us,16_293
[2026-09-22T12:26:06.271] Cog0  BM-ACROSS,seq,1_290,leg,4,motor,RIGHT,phase,2,rising,FALSE,hall,2,tick,-199,t_us,11_054,dur_us,15_979
[2026-09-22T12:26:06.272] Cog0  BM-ACROSS,seq,1_291,leg,4,motor,RIGHT,phase,1,rising,TRUE,hall,6,tick,-200,t_us,2_726,dur_us,14_593
[2026-09-22T12:26:06.273] Cog0  BM-ACROSS,seq,1_292,leg,4,motor,RIGHT,phase,0,rising,FALSE,hall,4,tick,-201,t_us,10_942,dur_us,15_453
[2026-09-22T12:26:06.274] Cog0  BM-ACROSS,seq,1_293,leg,4,motor,RIGHT,phase,2,rising,TRUE,hall,5,tick,-202,t_us,3_381,dur_us,16_055
[2026-09-22T12:26:06.275] Cog0  BM-ACROSS,seq,1_294,leg,4,motor,RIGHT,phase,1,rising,FALSE,hall,1,tick,-203,t_us,10_132,dur_us,14_582
[2026-09-22T12:26:06.277] Cog0  BM-ACROSS,seq,1_295,leg,4,motor,RIGHT,phase,0,rising,TRUE,hall,3,tick,-204,t_us,3_436,dur_us,15_297
[2026-09-22T12:26:06.277] Cog0  BM-ACROSS,seq,1_296,leg,4,motor,RIGHT,phase,2,rising,FALSE,hall,2,tick,-205,t_us,11_285,dur_us,16_386
[2026-09-22T12:26:06.279] Cog0  BM-ACROSS,seq,1_297,leg,4,motor,RIGHT,phase,1,rising,TRUE,hall,6,tick,-206,t_us,3_141,dur_us,16_743
[2026-09-22T12:26:06.280] Cog0  BM-ACROSS,seq,1_298,leg,4,motor,RIGHT,phase,0,rising,FALSE,hall,4,tick,-207,t_us,10_835,dur_us,16_405
[2026-09-22T12:26:06.281] Cog0  BM-ACROSS,seq,1_299,leg,4,motor,RIGHT,phase,2,rising,TRUE,hall,5,tick,-208,t_us,4_324,dur_us,18_161
[2026-09-22T12:26:06.282] Cog0  BM-ACROSS,seq,1_300,leg,4,motor,RIGHT,phase,1,rising,FALSE,hall,1,tick,-209,t_us,11_520,dur_us,17_502
[2026-09-22T12:26:06.283] Cog0  BM-ACROSS,seq,1_301,leg,4,motor,RIGHT,phase,0,rising,TRUE,hall,3,tick,-210,t_us,3_612,dur_us,15_708
[2026-09-22T12:26:06.285] Cog0  BM-ACROSS,seq,1_302,leg,4,motor,RIGHT,phase,2,rising,FALSE,hall,2,tick,-211,t_us,11_049,dur_us,15_616
[2026-09-22T12:26:06.286] Cog0  BM-ACROSS,seq,1_303,leg,4,motor,RIGHT,phase,1,rising,TRUE,hall,6,tick,-212,t_us,2_728,dur_us,14_765
[2026-09-22T12:26:06.287] Cog0  BM-ACROSS,seq,1_304,leg,4,motor,RIGHT,phase,0,rising,FALSE,hall,4,tick,-213,t_us,9_382,dur_us,12_887
[2026-09-22T12:26:06.288] Cog0  BM-ACROSS,seq,1_305,leg,4,motor,RIGHT,phase,2,rising,TRUE,hall,5,tick,-214,t_us,2_138,dur_us,12_962
[2026-09-22T12:26:06.289] Cog0  BM-ACROSS,seq,1_306,leg,4,motor,RIGHT,phase,1,rising,FALSE,hall,1,tick,-215,t_us,9_434,dur_us,12_821
[2026-09-22T12:26:06.290] Cog0  BM-ACROSS,seq,1_307,leg,4,motor,RIGHT,phase,0,rising,TRUE,hall,3,tick,-216,t_us,1_664,dur_us,12_655
[2026-09-22T12:26:06.291] Cog0  BM-ACROSS,seq,1_308,leg,4,motor,RIGHT,phase,2,rising,FALSE,hall,2,tick,-217,t_us,8_679,dur_us,11_708
[2026-09-22T12:26:06.293] Cog0  BM-ACROSS,seq,1_309,leg,4,motor,RIGHT,phase,1,rising,TRUE,hall,6,tick,-218,t_us,1_902,dur_us,12_261
[2026-09-22T12:26:06.294] Cog0  BM-ACROSS,seq,1_310,leg,4,motor,RIGHT,phase,0,rising,FALSE,hall,4,tick,-219,t_us,8_800,dur_us,12_128
[2026-09-22T12:26:06.295] Cog0  BM-ACROSS,seq,1_311,leg,4,motor,RIGHT,phase,2,rising,TRUE,hall,5,tick,-220,t_us,1_192,dur_us,11_032
[2026-09-22T12:26:06.296] Cog0  BM-ACROSS,seq,1_312,leg,4,motor,RIGHT,phase,1,rising,FALSE,hall,1,tick,-221,t_us,9_319,dur_us,12_171
[2026-09-22T12:26:06.297] Cog0  BM-ACROSS,seq,1_313,leg,4,motor,RIGHT,phase,0,rising,TRUE,hall,3,tick,-222,t_us,1_605,dur_us,12_017
[2026-09-22T12:26:06.298] Cog0  BM-ACROSS,seq,1_314,leg,4,motor,RIGHT,phase,2,rising,FALSE,hall,2,tick,-223,t_us,8_389,dur_us,10_649
[2026-09-22T12:26:06.299] Cog0  BM-ACROSS,seq,1_315,leg,4,motor,RIGHT,phase,1,rising,TRUE,hall,6,tick,-224,t_us,1_902,dur_us,11_973
[2026-09-22T12:26:06.301] Cog0  BM-ACROSS,seq,1_316,leg,4,motor,RIGHT,phase,0,rising,FALSE,hall,4,tick,-225,t_us,8_799,dur_us,11_771
[2026-09-22T12:26:06.302] Cog0  BM-ACROSS,seq,1_317,leg,4,motor,RIGHT,phase,2,rising,TRUE,hall,5,tick,-226,t_us,1_251,dur_us,11_264
[2026-09-22T12:26:06.303] Cog0  BM-ACROSS,seq,1_318,leg,4,motor,RIGHT,phase,1,rising,FALSE,hall,1,tick,-227,t_us,9_089,dur_us,12_059
[2026-09-22T12:26:06.304] Cog0  BM-ACROSS,seq,1_319,leg,4,motor,RIGHT,phase,0,rising,TRUE,hall,3,tick,-228,t_us,1_841,dur_us,12_140
[2026-09-22T12:26:06.305] Cog0  BM-ACROSS,seq,1_320,leg,4,motor,RIGHT,phase,2,rising,FALSE,hall,2,tick,-229,t_us,8_852,dur_us,11_348
[2026-09-22T12:26:06.306] Cog0  BM-ACROSS,seq,1_321,leg,4,motor,RIGHT,phase,1,rising,TRUE,hall,6,tick,-230,t_us,2_317,dur_us,12_390
[2026-09-22T12:26:06.308] Cog0  BM-ACROSS,seq,1_322,leg,4,motor,RIGHT,phase,0,rising,FALSE,hall,4,tick,-231,t_us,9_725,dur_us,12_874
[2026-09-22T12:26:06.309] Cog0  BM-ACROSS,seq,1_323,leg,4,motor,RIGHT,phase,2,rising,TRUE,hall,5,tick,-232,t_us,1_665,dur_us,11_969
[2026-09-22T12:26:06.310] Cog0  BM-ACROSS,seq,1_324,leg,4,motor,RIGHT,phase,1,rising,FALSE,hall,1,tick,-233,t_us,9_845,dur_us,12_461
[2026-09-22T12:26:06.311] Cog0  BM-ACROSS,seq,1_325,leg,4,motor,RIGHT,phase,0,rising,TRUE,hall,3,tick,-234,t_us,2_375,dur_us,12_789
[2026-09-22T12:26:06.312] Cog0  BM-ACROSS,seq,1_326,leg,4,motor,RIGHT,phase,2,rising,FALSE,hall,2,tick,-235,t_us,9_316,dur_us,11_990
[2026-09-22T12:26:06.313] Cog0  BM-ACROSS,seq,1_327,leg,4,motor,RIGHT,phase,1,rising,TRUE,hall,6,tick,-236,t_us,2_376,dur_us,12_677
[2026-09-22T12:26:06.314] Cog0  BM-ACROSS,seq,1_328,leg,4,motor,RIGHT,phase,0,rising,FALSE,hall,4,tick,-237,t_us,9_493,dur_us,12_879
[2026-09-22T12:26:06.316] Cog0  BM-ACROSS,seq,1_329,leg,4,motor,RIGHT,phase,2,rising,TRUE,hall,5,tick,-238,t_us,1_901,dur_us,12_378
[2026-09-22T12:26:06.317] Cog0  BM-ACROSS,seq,1_330,leg,4,motor,RIGHT,phase,1,rising,FALSE,hall,1,tick,-239,t_us,9_377,dur_us,12_110
[2026-09-22T12:26:06.318] Cog0  BM-ACROSS,seq,1_331,leg,4,motor,RIGHT,phase,0,rising,TRUE,hall,3,tick,-240,t_us,2_671,dur_us,12_797
[2026-09-22T12:26:06.319] Cog0  BM-ACROSS,seq,1_332,leg,4,motor,RIGHT,phase,2,rising,FALSE,hall,2,tick,-241,t_us,10_069,dur_us,13_099
[2026-09-22T12:26:06.320] Cog0  BM-ACROSS,seq,1_333,leg,4,motor,RIGHT,phase,1,rising,TRUE,hall,6,tick,-242,t_us,2_139,dur_us,12_731
[2026-09-22T12:26:06.321] Cog0  BM-ACROSS,seq,1_334,leg,4,motor,RIGHT,phase,0,rising,FALSE,hall,4,tick,-243,t_us,9_896,dur_us,13_045
[2026-09-22T12:26:06.322] Cog0  BM-ACROSS,seq,1_335,leg,4,motor,RIGHT,phase,2,rising,TRUE,hall,5,tick,-244,t_us,2_495,dur_us,13_319
[2026-09-22T12:26:06.324] Cog0  BM-ACROSS,seq,1_336,leg,4,motor,RIGHT,phase,1,rising,FALSE,hall,1,tick,-245,t_us,9_841,dur_us,12_870
[2026-09-22T12:26:06.325] Cog0  BM-ACROSS,seq,1_337,leg,4,motor,RIGHT,phase,0,rising,TRUE,hall,3,tick,-246,t_us,2_553,dur_us,13_317
[2026-09-22T12:26:06.326] Cog0  BM-ACROSS,seq,1_338,leg,4,motor,RIGHT,phase,2,rising,FALSE,hall,2,tick,-247,t_us,9_926,dur_us,13_163
[2026-09-22T12:26:06.327] Cog0  BM-ACROSS,seq,1_339,leg,4,motor,RIGHT,phase,1,rising,TRUE,hall,6,tick,-248,t_us,2_257,dur_us,13_139
[2026-09-22T12:26:06.328] Cog0  BM-ACROSS,seq,1_340,leg,4,motor,RIGHT,phase,0,rising,FALSE,hall,4,tick,-249,t_us,9_612,dur_us,12_583
[2026-09-22T12:26:06.329] Cog0  BM-ACROSS,seq,1_341,leg,4,motor,RIGHT,phase,2,rising,TRUE,hall,5,tick,-250,t_us,2_672,dur_us,13_439
[2026-09-22T12:26:06.330] Cog0  BM-ACROSS,seq,1_342,leg,4,motor,RIGHT,phase,1,rising,FALSE,hall,1,tick,-251,t_us,9_955,dur_us,13_694
[2026-09-22T12:26:06.332] Cog0  BM-ACROSS,seq,1_343,leg,4,motor,RIGHT,phase,0,rising,TRUE,hall,3,tick,-252,t_us,2_729,dur_us,13_665
[2026-09-22T12:26:06.333] Cog0  BM-ACROSS,seq,1_344,leg,4,motor,RIGHT,phase,2,rising,FALSE,hall,2,tick,-253,t_us,10_645,dur_us,14_325
[2026-09-22T12:26:06.334] Cog0  BM-ACROSS,seq,1_345,leg,4,motor,RIGHT,phase,1,rising,TRUE,hall,6,tick,-254,t_us,3_381,dur_us,15_248
[2026-09-22T12:26:06.335] Cog0  BM-ACROSS,seq,1_346,leg,4,motor,RIGHT,phase,0,rising,FALSE,hall,4,tick,-255,t_us,10_943,dur_us,15_393
[2026-09-22T12:26:06.336] Cog0  BM-ACROSS,seq,1_347,leg,4,motor,RIGHT,phase,2,rising,TRUE,hall,5,tick,-256,t_us,3_796,dur_us,16_762
[2026-09-22T12:26:06.337] Cog0  BM-ACROSS,seq,1_348,leg,4,motor,RIGHT,phase,1,rising,FALSE,hall,1,tick,-257,t_us,11_522,dur_us,17_029
[2026-09-22T12:26:06.338] Cog0  BM-ACROSS,seq,1_349,leg,4,motor,RIGHT,phase,0,rising,TRUE,hall,3,tick,-258,t_us,4_734,dur_us,17_697
[2026-09-22T12:26:06.340] Cog0  BM-ACROSS,seq,1_350,leg,4,motor,RIGHT,phase,2,rising,FALSE,hall,2,tick,-259,t_us,11_746,dur_us,17_489
[2026-09-22T12:26:06.341] Cog0  BM-ACROSS,seq,1_351,leg,4,motor,RIGHT,phase,1,rising,TRUE,hall,6,tick,-260,t_us,4_498,dur_us,17_060
[2026-09-22T12:26:06.342] Cog0  BM-ACROSS,seq,1_352,leg,4,motor,RIGHT,phase,0,rising,FALSE,hall,4,tick,-261,t_us,12_274,dur_us,18_135
[2026-09-22T12:26:06.343] Cog0  BM-ACROSS,seq,1_353,leg,4,motor,RIGHT,phase,2,rising,TRUE,hall,5,tick,-262,t_us,4_678,dur_us,18_107
[2026-09-22T12:26:06.344] Cog0  BM-ACROSS,seq,1_354,leg,4,motor,RIGHT,phase,1,rising,FALSE,hall,1,tick,-263,t_us,11_992,dur_us,16_850
[2026-09-22T12:26:06.346] Cog0  BM-ACROSS,seq,1_355,leg,4,motor,RIGHT,phase,0,rising,TRUE,hall,3,tick,-264,t_us,5_031,dur_us,17_704
[2026-09-22T12:26:06.347] Cog0  BM-ACROSS,seq,1_356,leg,4,motor,RIGHT,phase,2,rising,FALSE,hall,2,tick,-265,t_us,11_837,dur_us,17_316
[2026-09-22T12:26:06.348] Cog0  BM-ACROSS,seq,1_357,leg,4,motor,RIGHT,phase,1,rising,TRUE,hall,6,tick,-266,t_us,3_612,dur_us,16_464
[2026-09-22T12:26:06.349] Cog0  BM-ACROSS,seq,1_358,leg,4,motor,RIGHT,phase,0,rising,FALSE,hall,4,tick,-267,t_us,11_289,dur_us,16_388
[2026-09-22T12:26:06.350] Cog0  BM-ACROSS,seq,1_359,leg,4,motor,RIGHT,phase,2,rising,TRUE,hall,5,tick,-268,t_us,3_676,dur_us,16_299
[2026-09-22T12:26:06.352] Cog0  BM-ACROSS,seq,1_360,leg,4,motor,RIGHT,phase,1,rising,FALSE,hall,1,tick,-269,t_us,11_000,dur_us,16_219
[2026-09-22T12:26:06.369] Cog0  BM-ALEG,seq,1_361,leg,4,motor,RIGHT,speed,SLOW,ask_dir,FORWARD,meas_dir,REVERSE,ticks,-270,span_ms,3_947,edge_s_x10,684,samples,319_319,sectors,269,samp_sect,177,cross,268,unusable,0,dropped,0,rail_pm,71,band_railed,0,peak_i_mV,5,bias_still,TRUE,outcome,OK
[2026-09-22T12:26:07.156] Cog0  BM-AGUIDE,seq,1_362,leg,5,motor,RIGHT,ask_dir,REVERSE,speed,SLOW,turns,3,ticks,270,bias_still,TRUE,bias_u_mV,52,bias_v_mV,52,bias_w_mV,55,hyst_u_mV,27,hyst_v_mV,17,hyst_w_mV,20,band_railed,0,bias_tries,6
[2026-09-22T12:26:07.172] Cog0  TURN RIGHT WHEEL REVERSE, SLOW -- keep turning until output resumes
[2026-09-22T12:26:13.366] Cog0  BM-ACROSS,seq,1_363,leg,5,motor,RIGHT,phase,0,rising,FALSE,hall,6,tick,3,t_us,-14_787,dur_us,28_927
[2026-09-22T12:26:13.367] Cog0  BM-ACROSS,seq,1_364,leg,5,motor,RIGHT,phase,1,rising,TRUE,hall,6,tick,3,t_us,14_919,dur_us,28_927
[2026-09-22T12:26:13.368] Cog0  BM-ACROSS,seq,1_365,leg,5,motor,RIGHT,phase,2,rising,FALSE,hall,2,tick,4,t_us,15_454,dur_us,21_838
[2026-09-22T12:26:13.369] Cog0  BM-ACROSS,seq,1_366,leg,5,motor,RIGHT,phase,0,rising,TRUE,hall,3,tick,5,t_us,10_050,dur_us,22_378
[2026-09-22T12:26:13.370] Cog0  BM-ACROSS,seq,1_367,leg,5,motor,RIGHT,phase,1,rising,FALSE,hall,1,tick,6,t_us,15_012,dur_us,20_102
[2026-09-22T12:26:13.371] Cog0  BM-ACROSS,seq,1_368,leg,5,motor,RIGHT,phase,2,rising,TRUE,hall,5,tick,7,t_us,6_155,dur_us,16_589
[2026-09-22T12:26:13.372] Cog0  BM-ACROSS,seq,1_369,leg,5,motor,RIGHT,phase,0,rising,FALSE,hall,6,tick,9,t_us,-2_773,dur_us,15_886
[2026-09-22T12:26:13.373] Cog0  BM-ACROSS,seq,1_370,leg,5,motor,RIGHT,phase,1,rising,TRUE,hall,6,tick,9,t_us,5_456,dur_us,15_886
[2026-09-22T12:26:13.375] Cog0  BM-ACROSS,seq,1_371,leg,5,motor,RIGHT,phase,2,rising,FALSE,hall,2,tick,10,t_us,12_055,dur_us,14_369
[2026-09-22T12:26:13.376] Cog0  BM-ACROSS,seq,1_372,leg,5,motor,RIGHT,phase,0,rising,TRUE,hall,3,tick,11,t_us,5_278,dur_us,15_256
[2026-09-22T12:26:13.377] Cog0  BM-ACROSS,seq,1_373,leg,5,motor,RIGHT,phase,1,rising,FALSE,hall,1,tick,12,t_us,12_512,dur_us,15_299
[2026-09-22T12:26:13.378] Cog0  BM-ACROSS,seq,1_374,leg,5,motor,RIGHT,phase,2,rising,TRUE,hall,5,tick,13,t_us,4_922,dur_us,15_001
[2026-09-22T12:26:13.379] Cog0  BM-ACROSS,seq,1_375,leg,5,motor,RIGHT,phase,0,rising,FALSE,hall,6,tick,15,t_us,-1_712,dur_us,15_597
[2026-09-22T12:26:13.380] Cog0  BM-ACROSS,seq,1_376,leg,5,motor,RIGHT,phase,1,rising,TRUE,hall,6,tick,15,t_us,5_341,dur_us,15_597
[2026-09-22T12:26:13.381] Cog0  BM-ACROSS,seq,1_377,leg,5,motor,RIGHT,phase,2,rising,FALSE,hall,2,tick,16,t_us,11_996,dur_us,14_961
[2026-09-22T12:26:13.383] Cog0  BM-ACROSS,seq,1_378,leg,5,motor,RIGHT,phase,0,rising,TRUE,hall,3,tick,17,t_us,4_035,dur_us,13_780
[2026-09-22T12:26:13.383] Cog0  BM-ACROSS,seq,1_379,leg,5,motor,RIGHT,phase,1,rising,FALSE,hall,1,tick,18,t_us,11_869,dur_us,14_122
[2026-09-22T12:26:13.385] Cog0  BM-ACROSS,seq,1_380,leg,5,motor,RIGHT,phase,2,rising,TRUE,hall,5,tick,19,t_us,4_331,dur_us,13_830
[2026-09-22T12:26:13.386] Cog0  BM-ACROSS,seq,1_381,leg,5,motor,RIGHT,phase,0,rising,FALSE,hall,6,tick,21,t_us,-1_299,dur_us,13_140
[2026-09-22T12:26:13.387] Cog0  BM-ACROSS,seq,1_382,leg,5,motor,RIGHT,phase,1,rising,TRUE,hall,6,tick,21,t_us,4_218,dur_us,13_140
[2026-09-22T12:26:13.388] Cog0  BM-ACROSS,seq,1_383,leg,5,motor,RIGHT,phase,2,rising,FALSE,hall,2,tick,22,t_us,11_004,dur_us,12_964
[2026-09-22T12:26:13.389] Cog0  BM-ACROSS,seq,1_384,leg,5,motor,RIGHT,phase,0,rising,TRUE,hall,3,tick,23,t_us,3_088,dur_us,12_132
[2026-09-22T12:26:13.391] Cog0  BM-ACROSS,seq,1_385,leg,5,motor,RIGHT,phase,1,rising,FALSE,hall,1,tick,24,t_us,10_540,dur_us,11_436
[2026-09-22T12:26:13.391] Cog0  BM-ACROSS,seq,1_386,leg,5,motor,RIGHT,phase,2,rising,TRUE,hall,5,tick,25,t_us,3_738,dur_us,12_366
[2026-09-22T12:26:13.393] Cog0  BM-ACROSS,seq,1_387,leg,5,motor,RIGHT,phase,0,rising,FALSE,hall,4,tick,26,t_us,10_020,dur_us,11_623
[2026-09-22T12:26:13.394] Cog0  BM-ACROSS,seq,1_388,leg,5,motor,RIGHT,phase,1,rising,TRUE,hall,6,tick,27,t_us,2_614,dur_us,10_840
[2026-09-22T12:26:13.395] Cog0  BM-ACROSS,seq,1_389,leg,5,motor,RIGHT,phase,2,rising,FALSE,hall,2,tick,28,t_us,10_136,dur_us,11_387
[2026-09-22T12:26:13.396] Cog0  BM-ACROSS,seq,1_390,leg,5,motor,RIGHT,phase,0,rising,TRUE,hall,3,tick,29,t_us,2_614,dur_us,11_020
[2026-09-22T12:26:13.397] Cog0  BM-ACROSS,seq,1_391,leg,5,motor,RIGHT,phase,1,rising,FALSE,hall,5,tick,31,t_us,-827,dur_us,10_799
[2026-09-22T12:26:13.398] Cog0  BM-ACROSS,seq,1_392,leg,5,motor,RIGHT,phase,2,rising,TRUE,hall,5,tick,31,t_us,3_153,dur_us,10_799
[2026-09-22T12:26:13.399] Cog0  BM-ACROSS,seq,1_393,leg,5,motor,RIGHT,phase,0,rising,FALSE,hall,4,tick,32,t_us,9_847,dur_us,10_861
[2026-09-22T12:26:13.401] Cog0  BM-ACROSS,seq,1_394,leg,5,motor,RIGHT,phase,1,rising,TRUE,hall,6,tick,33,t_us,2_259,dur_us,10_077
[2026-09-22T12:26:13.402] Cog0  BM-ACROSS,seq,1_395,leg,5,motor,RIGHT,phase,2,rising,FALSE,hall,3,tick,35,t_us,-474,dur_us,10_558
[2026-09-22T12:26:13.403] Cog0  BM-ACROSS,seq,1_396,leg,5,motor,RIGHT,phase,0,rising,TRUE,hall,3,tick,35,t_us,2_443,dur_us,10_558
[2026-09-22T12:26:13.404] Cog0  BM-ACROSS,seq,1_397,leg,5,motor,RIGHT,phase,1,rising,FALSE,hall,1,tick,36,t_us,8_687,dur_us,9_819
[2026-09-22T12:26:13.405] Cog0  BM-ACROSS,seq,1_398,leg,5,motor,RIGHT,phase,2,rising,TRUE,hall,5,tick,37,t_us,1_963,dur_us,9_549
[2026-09-22T12:26:13.406] Cog0  BM-ACROSS,seq,1_399,leg,5,motor,RIGHT,phase,0,rising,FALSE,hall,6,tick,39,t_us,-768,dur_us,9_735
[2026-09-22T12:26:13.407] Cog0  BM-ACROSS,seq,1_400,leg,5,motor,RIGHT,phase,1,rising,TRUE,hall,6,tick,39,t_us,2_147,dur_us,9_735
[2026-09-22T12:26:13.409] Cog0  BM-ACROSS,seq,1_401,leg,5,motor,RIGHT,phase,2,rising,FALSE,hall,2,tick,40,t_us,8_513,dur_us,9_409
[2026-09-22T12:26:13.410] Cog0  BM-ACROSS,seq,1_402,leg,5,motor,RIGHT,phase,0,rising,TRUE,hall,3,tick,41,t_us,2_081,dur_us,9_502
[2026-09-22T12:26:13.411] Cog0  BM-ACROSS,seq,1_403,leg,5,motor,RIGHT,phase,1,rising,FALSE,hall,1,tick,42,t_us,8_919,dur_us,9_697
[2026-09-22T12:26:13.412] Cog0  BM-ACROSS,seq,1_404,leg,5,motor,RIGHT,phase,2,rising,TRUE,hall,5,tick,43,t_us,2_021,dur_us,9_489
[2026-09-22T12:26:13.413] Cog0  BM-ACROSS,seq,1_405,leg,5,motor,RIGHT,phase,0,rising,FALSE,hall,6,tick,45,t_us,-415,dur_us,10_143
[2026-09-22T12:26:13.414] Cog0  BM-ACROSS,seq,1_406,leg,5,motor,RIGHT,phase,1,rising,TRUE,hall,6,tick,45,t_us,2_324,dur_us,10_143
[2026-09-22T12:26:13.415] Cog0  BM-ACROSS,seq,1_407,leg,5,motor,RIGHT,phase,2,rising,FALSE,hall,2,tick,46,t_us,8_746,dur_us,9_997
[2026-09-22T12:26:13.416] Cog0  BM-ACROSS,seq,1_408,leg,5,motor,RIGHT,phase,0,rising,TRUE,hall,3,tick,47,t_us,2_023,dur_us,10_137
[2026-09-22T12:26:13.417] Cog0  BM-ACROSS,seq,1_409,leg,5,motor,RIGHT,phase,1,rising,FALSE,hall,1,tick,48,t_us,9_264,dur_us,10_515
[2026-09-22T12:26:13.419] Cog0  BM-ACROSS,seq,1_410,leg,5,motor,RIGHT,phase,2,rising,TRUE,hall,5,tick,49,t_us,2_733,dur_us,10_840
[2026-09-22T12:26:13.420] Cog0  BM-ACROSS,seq,1_411,leg,5,motor,RIGHT,phase,0,rising,FALSE,hall,4,tick,50,t_us,10_022,dur_us,11_213
[2026-09-22T12:26:13.421] Cog0  BM-ACROSS,seq,1_412,leg,5,motor,RIGHT,phase,1,rising,TRUE,hall,6,tick,51,t_us,2_852,dur_us,11_136
[2026-09-22T12:26:13.422] Cog0  BM-ACROSS,seq,1_413,leg,5,motor,RIGHT,phase,2,rising,FALSE,hall,2,tick,52,t_us,10_428,dur_us,11_798
[2026-09-22T12:26:13.423] Cog0  BM-ACROSS,seq,1_414,leg,5,motor,RIGHT,phase,0,rising,TRUE,hall,3,tick,53,t_us,2_793,dur_us,11_892
[2026-09-22T12:26:13.424] Cog0  BM-ACROSS,seq,1_415,leg,5,motor,RIGHT,phase,1,rising,FALSE,hall,1,tick,54,t_us,10_136,dur_us,11_209
[2026-09-22T12:26:13.425] Cog0  BM-ACROSS,seq,1_416,leg,5,motor,RIGHT,phase,2,rising,TRUE,hall,5,tick,55,t_us,3_561,dur_us,12_247
[2026-09-22T12:26:13.427] Cog0  BM-ACROSS,seq,1_417,leg,5,motor,RIGHT,phase,0,rising,FALSE,hall,4,tick,56,t_us,10_311,dur_us,12_152
[2026-09-22T12:26:13.428] Cog0  BM-ACROSS,seq,1_418,leg,5,motor,RIGHT,phase,1,rising,TRUE,hall,6,tick,57,t_us,2_850,dur_us,11_655
[2026-09-22T12:26:13.429] Cog0  BM-ACROSS,seq,1_419,leg,5,motor,RIGHT,phase,2,rising,FALSE,hall,2,tick,58,t_us,10_252,dur_us,11_917
[2026-09-22T12:26:13.430] Cog0  BM-ACROSS,seq,1_420,leg,5,motor,RIGHT,phase,0,rising,TRUE,hall,3,tick,59,t_us,2_970,dur_us,11_724
[2026-09-22T12:26:13.431] Cog0  BM-ACROSS,seq,1_421,leg,5,motor,RIGHT,phase,1,rising,FALSE,hall,1,tick,60,t_us,10_018,dur_us,11_446
[2026-09-22T12:26:13.432] Cog0  BM-ACROSS,seq,1_422,leg,5,motor,RIGHT,phase,2,rising,TRUE,hall,5,tick,61,t_us,3_029,dur_us,11_541
[2026-09-22T12:26:13.433] Cog0  BM-ACROSS,seq,1_423,leg,5,motor,RIGHT,phase,0,rising,FALSE,hall,4,tick,62,t_us,9_613,dur_us,10_921
[2026-09-22T12:26:13.434] Cog0  BM-ACROSS,seq,1_424,leg,5,motor,RIGHT,phase,1,rising,TRUE,hall,6,tick,63,t_us,2_496,dur_us,10_894
[2026-09-22T12:26:13.436] Cog0  BM-ACROSS,seq,1_425,leg,5,motor,RIGHT,phase,2,rising,FALSE,hall,2,tick,64,t_us,9_297,dur_us,10_520
[2026-09-22T12:26:13.437] Cog0  BM-ACROSS,seq,1_426,leg,5,motor,RIGHT,phase,0,rising,TRUE,hall,3,tick,65,t_us,2_141,dur_us,10_313
[2026-09-22T12:26:13.438] Cog0  BM-ACROSS,seq,1_427,leg,5,motor,RIGHT,phase,1,rising,FALSE,hall,1,tick,66,t_us,9_150,dur_us,10_401
[2026-09-22T12:26:13.439] Cog0  BM-ACROSS,seq,1_428,leg,5,motor,RIGHT,phase,2,rising,TRUE,hall,5,tick,67,t_us,2_200,dur_us,10_537
[2026-09-22T12:26:13.440] Cog0  BM-ACROSS,seq,1_429,leg,5,motor,RIGHT,phase,0,rising,FALSE,hall,6,tick,69,t_us,-1_063,dur_us,10_262
[2026-09-22T12:26:13.441] Cog0  BM-ACROSS,seq,1_430,leg,5,motor,RIGHT,phase,1,rising,TRUE,hall,6,tick,69,t_us,2_443,dur_us,10_262
[2026-09-22T12:26:13.442] Cog0  BM-ACROSS,seq,1_431,leg,5,motor,RIGHT,phase,2,rising,FALSE,hall,2,tick,70,t_us,9_036,dur_us,10_287
[2026-09-22T12:26:13.444] Cog0  BM-ACROSS,seq,1_432,leg,5,motor,RIGHT,phase,0,rising,TRUE,hall,3,tick,71,t_us,2_259,dur_us,10_432
[2026-09-22T12:26:13.444] Cog0  BM-ACROSS,seq,1_433,leg,5,motor,RIGHT,phase,1,rising,FALSE,hall,1,tick,72,t_us,8_975,dur_us,10_108
[2026-09-22T12:26:13.446] Cog0  BM-ACROSS,seq,1_434,leg,5,motor,RIGHT,phase,2,rising,TRUE,hall,5,tick,73,t_us,2_436,dur_us,10_310
[2026-09-22T12:26:13.447] Cog0  BM-ACROSS,seq,1_435,leg,5,motor,RIGHT,phase,0,rising,FALSE,hall,4,tick,74,t_us,9_321,dur_us,10_453
[2026-09-22T12:26:13.448] Cog0  BM-ACROSS,seq,1_436,leg,5,motor,RIGHT,phase,1,rising,TRUE,hall,6,tick,75,t_us,2_140,dur_us,10_133
[2026-09-22T12:26:13.449] Cog0  BM-ACROSS,seq,1_437,leg,5,motor,RIGHT,phase,2,rising,FALSE,hall,2,tick,76,t_us,9_034,dur_us,10_462
[2026-09-22T12:26:13.450] Cog0  BM-ACROSS,seq,1_438,leg,5,motor,RIGHT,phase,0,rising,TRUE,hall,3,tick,77,t_us,1_963,dur_us,10_597
[2026-09-22T12:26:13.451] Cog0  BM-ACROSS,seq,1_439,leg,5,motor,RIGHT,phase,1,rising,FALSE,hall,1,tick,78,t_us,8_687,dur_us,9_819
[2026-09-22T12:26:13.452] Cog0  BM-ACROSS,seq,1_440,leg,5,motor,RIGHT,phase,2,rising,TRUE,hall,5,tick,79,t_us,2_614,dur_us,10_315
[2026-09-22T12:26:13.454] Cog0  BM-ACROSS,seq,1_441,leg,5,motor,RIGHT,phase,0,rising,FALSE,hall,4,tick,80,t_us,9_615,dur_us,10_864
[2026-09-22T12:26:13.455] Cog0  BM-ACROSS,seq,1_442,leg,5,motor,RIGHT,phase,1,rising,TRUE,hall,6,tick,81,t_us,2_437,dur_us,10_719
[2026-09-22T12:26:13.456] Cog0  BM-ACROSS,seq,1_443,leg,5,motor,RIGHT,phase,2,rising,FALSE,hall,2,tick,82,t_us,9_209,dur_us,10_400
[2026-09-22T12:26:13.457] Cog0  BM-ACROSS,seq,1_444,leg,5,motor,RIGHT,phase,0,rising,TRUE,hall,3,tick,83,t_us,2_554,dur_us,10_957
[2026-09-22T12:26:13.458] Cog0  BM-ACROSS,seq,1_445,leg,5,motor,RIGHT,phase,1,rising,FALSE,hall,1,tick,84,t_us,9_556,dur_us,10_808
[2026-09-22T12:26:13.459] Cog0  BM-ACROSS,seq,1_446,leg,5,motor,RIGHT,phase,2,rising,TRUE,hall,5,tick,85,t_us,2_436,dur_us,10_484
[2026-09-22T12:26:13.460] Cog0  BM-ACROSS,seq,1_447,leg,5,motor,RIGHT,phase,0,rising,FALSE,hall,4,tick,86,t_us,9_846,dur_us,11_334
[2026-09-22T12:26:13.462] Cog0  BM-ACROSS,seq,1_448,leg,5,motor,RIGHT,phase,1,rising,TRUE,hall,6,tick,87,t_us,2_317,dur_us,11_177
[2026-09-22T12:26:13.463] Cog0  BM-ACROSS,seq,1_449,leg,5,motor,RIGHT,phase,2,rising,FALSE,hall,2,tick,88,t_us,9_094,dur_us,10_345
[2026-09-22T12:26:13.464] Cog0  BM-ACROSS,seq,1_450,leg,5,motor,RIGHT,phase,0,rising,TRUE,hall,3,tick,89,t_us,3_088,dur_us,11_551
[2026-09-22T12:26:13.465] Cog0  BM-ACROSS,seq,1_451,leg,5,motor,RIGHT,phase,1,rising,FALSE,hall,1,tick,90,t_us,10_075,dur_us,11_859
[2026-09-22T12:26:13.466] Cog0  BM-ACROSS,seq,1_452,leg,5,motor,RIGHT,phase,2,rising,TRUE,hall,5,tick,91,t_us,3_086,dur_us,11_369
[2026-09-22T12:26:13.467] Cog0  BM-ACROSS,seq,1_453,leg,5,motor,RIGHT,phase,0,rising,FALSE,hall,4,tick,92,t_us,11_239,dur_us,12_724
[2026-09-22T12:26:13.468] Cog0  BM-ACROSS,seq,1_454,leg,5,motor,RIGHT,phase,1,rising,TRUE,hall,6,tick,93,t_us,3_443,dur_us,13_116
[2026-09-22T12:26:13.469] Cog0  BM-ACROSS,seq,1_455,leg,5,motor,RIGHT,phase,2,rising,FALSE,hall,2,tick,94,t_us,10_632,dur_us,11_913
[2026-09-22T12:26:13.471] Cog0  BM-ACROSS,seq,1_456,leg,5,motor,RIGHT,phase,0,rising,TRUE,hall,3,tick,95,t_us,4_331,dur_us,13_899
[2026-09-22T12:26:13.472] Cog0  BM-ACROSS,seq,1_457,leg,5,motor,RIGHT,phase,1,rising,FALSE,hall,1,tick,96,t_us,11_296,dur_us,14_026
[2026-09-22T12:26:13.473] Cog0  BM-ACROSS,seq,1_458,leg,5,motor,RIGHT,phase,2,rising,TRUE,hall,5,tick,97,t_us,3_559,dur_us,13_003
[2026-09-22T12:26:13.474] Cog0  BM-ACROSS,seq,1_459,leg,5,motor,RIGHT,phase,0,rising,FALSE,hall,4,tick,98,t_us,12_636,dur_us,15_125
[2026-09-22T12:26:13.475] Cog0  BM-ACROSS,seq,1_460,leg,5,motor,RIGHT,phase,1,rising,TRUE,hall,6,tick,99,t_us,5_514,dur_us,16_352
[2026-09-22T12:26:13.476] Cog0  BM-ACROSS,seq,1_461,leg,5,motor,RIGHT,phase,2,rising,FALSE,hall,2,tick,100,t_us,13_105,dur_us,16_422
[2026-09-22T12:26:13.477] Cog0  BM-ACROSS,seq,1_462,leg,5,motor,RIGHT,phase,0,rising,TRUE,hall,3,tick,101,t_us,7_338,dur_us,18_424
[2026-09-22T12:26:13.479] Cog0  BM-ACROSS,seq,1_463,leg,5,motor,RIGHT,phase,1,rising,FALSE,hall,1,tick,102,t_us,14_524,dur_us,18_638
[2026-09-22T12:26:13.480] Cog0  BM-ACROSS,seq,1_464,leg,5,motor,RIGHT,phase,2,rising,TRUE,hall,5,tick,103,t_us,6_984,dur_us,17_996
[2026-09-22T12:26:13.481] Cog0  BM-ACROSS,seq,1_465,leg,5,motor,RIGHT,phase,0,rising,FALSE,hall,6,tick,105,t_us,-2_537,dur_us,17_709
[2026-09-22T12:26:13.482] Cog0  BM-ACROSS,seq,1_466,leg,5,motor,RIGHT,phase,1,rising,TRUE,hall,6,tick,105,t_us,6_754,dur_us,17_709
[2026-09-22T12:26:13.483] Cog0  BM-ACROSS,seq,1_467,leg,5,motor,RIGHT,phase,2,rising,FALSE,hall,2,tick,106,t_us,13_044,dur_us,16_833
[2026-09-22T12:26:13.484] Cog0  BM-ACROSS,seq,1_468,leg,5,motor,RIGHT,phase,0,rising,TRUE,hall,3,tick,107,t_us,4_976,dur_us,15_712
[2026-09-22T12:26:13.485] Cog0  BM-ACROSS,seq,1_469,leg,5,motor,RIGHT,phase,1,rising,FALSE,hall,1,tick,108,t_us,13_151,dur_us,16_349
[2026-09-22T12:26:13.487] Cog0  BM-ACROSS,seq,1_470,leg,5,motor,RIGHT,phase,2,rising,TRUE,hall,5,tick,109,t_us,5_863,dur_us,16_523
[2026-09-22T12:26:13.488] Cog0  BM-ACROSS,seq,1_471,leg,5,motor,RIGHT,phase,0,rising,FALSE,hall,6,tick,111,t_us,-2_301,dur_us,15_607
[2026-09-22T12:26:13.489] Cog0  BM-ACROSS,seq,1_472,leg,5,motor,RIGHT,phase,1,rising,TRUE,hall,6,tick,111,t_us,5_696,dur_us,15_607
[2026-09-22T12:26:13.490] Cog0  BM-ACROSS,seq,1_473,leg,5,motor,RIGHT,phase,2,rising,FALSE,hall,2,tick,112,t_us,12_314,dur_us,15_133
[2026-09-22T12:26:13.491] Cog0  BM-ACROSS,seq,1_474,leg,5,motor,RIGHT,phase,0,rising,TRUE,hall,3,tick,113,t_us,3_857,dur_us,13_948
[2026-09-22T12:26:13.492] Cog0  BM-ACROSS,seq,1_475,leg,5,motor,RIGHT,phase,1,rising,FALSE,hall,1,tick,114,t_us,11_582,dur_us,13_128
[2026-09-22T12:26:13.493] Cog0  BM-ACROSS,seq,1_476,leg,5,motor,RIGHT,phase,2,rising,TRUE,hall,5,tick,115,t_us,4_744,dur_us,14_297
[2026-09-22T12:26:13.495] Cog0  BM-ACROSS,seq,1_477,leg,5,motor,RIGHT,phase,0,rising,FALSE,hall,4,tick,116,t_us,11_472,dur_us,13_549
[2026-09-22T12:26:13.496] Cog0  BM-ACROSS,seq,1_478,leg,5,motor,RIGHT,phase,1,rising,TRUE,hall,6,tick,117,t_us,3_502,dur_us,12_829
[2026-09-22T12:26:13.497] Cog0  BM-ACROSS,seq,1_479,leg,5,motor,RIGHT,phase,2,rising,FALSE,hall,2,tick,118,t_us,11_350,dur_us,13_664
[2026-09-22T12:26:13.498] Cog0  BM-ACROSS,seq,1_480,leg,5,motor,RIGHT,phase,0,rising,TRUE,hall,3,tick,119,t_us,3_917,dur_us,13_542
[2026-09-22T12:26:13.499] Cog0  BM-ACROSS,seq,1_481,leg,5,motor,RIGHT,phase,1,rising,FALSE,hall,1,tick,120,t_us,11_122,dur_us,12_726
[2026-09-22T12:26:13.500] Cog0  BM-ACROSS,seq,1_482,leg,5,motor,RIGHT,phase,2,rising,TRUE,hall,5,tick,121,t_us,4_507,dur_us,13_660
[2026-09-22T12:26:13.502] Cog0  BM-ACROSS,seq,1_483,leg,5,motor,RIGHT,phase,0,rising,FALSE,hall,4,tick,122,t_us,11_760,dur_us,13_719
[2026-09-22T12:26:13.503] Cog0  BM-ACROSS,seq,1_484,leg,5,motor,RIGHT,phase,1,rising,TRUE,hall,6,tick,123,t_us,3_502,dur_us,13_119
[2026-09-22T12:26:13.504] Cog0  BM-ACROSS,seq,1_485,leg,5,motor,RIGHT,phase,2,rising,FALSE,hall,2,tick,124,t_us,11_120,dur_us,12_784
[2026-09-22T12:26:13.505] Cog0  BM-ACROSS,seq,1_486,leg,5,motor,RIGHT,phase,0,rising,TRUE,hall,3,tick,125,t_us,4_094,dur_us,13_834
[2026-09-22T12:26:13.506] Cog0  BM-ACROSS,seq,1_487,leg,5,motor,RIGHT,phase,1,rising,FALSE,hall,1,tick,126,t_us,11_184,dur_us,13_322
[2026-09-22T12:26:13.507] Cog0  BM-ACROSS,seq,1_488,leg,5,motor,RIGHT,phase,2,rising,TRUE,hall,5,tick,127,t_us,3_501,dur_us,12_882
[2026-09-22T12:26:13.508] Cog0  BM-ACROSS,seq,1_489,leg,5,motor,RIGHT,phase,0,rising,FALSE,hall,4,tick,128,t_us,11_587,dur_us,13_604
[2026-09-22T12:26:13.510] Cog0  BM-ACROSS,seq,1_490,leg,5,motor,RIGHT,phase,1,rising,TRUE,hall,6,tick,129,t_us,3_975,dur_us,13_766
[2026-09-22T12:26:13.511] Cog0  BM-ACROSS,seq,1_491,leg,5,motor,RIGHT,phase,2,rising,FALSE,hall,2,tick,130,t_us,11_124,dur_us,13_497
[2026-09-22T12:26:13.512] Cog0  BM-ACROSS,seq,1_492,leg,5,motor,RIGHT,phase,0,rising,TRUE,hall,3,tick,131,t_us,4_154,dur_us,13_723
[2026-09-22T12:26:13.513] Cog0  BM-ACROSS,seq,1_493,leg,5,motor,RIGHT,phase,1,rising,FALSE,hall,1,tick,132,t_us,11_700,dur_us,14_191
[2026-09-22T12:26:13.514] Cog0  BM-ACROSS,seq,1_494,leg,5,motor,RIGHT,phase,2,rising,TRUE,hall,5,tick,133,t_us,3_915,dur_us,13_760
[2026-09-22T12:26:13.515] Cog0  BM-ACROSS,seq,1_495,leg,5,motor,RIGHT,phase,0,rising,FALSE,hall,6,tick,135,t_us,-1_476,dur_us,14_124
[2026-09-22T12:26:13.516] Cog0  BM-ACROSS,seq,1_496,leg,5,motor,RIGHT,phase,1,rising,TRUE,hall,6,tick,135,t_us,4_218,dur_us,14_124
[2026-09-22T12:26:13.517] Cog0  BM-ACROSS,seq,1_497,leg,5,motor,RIGHT,phase,2,rising,FALSE,hall,2,tick,136,t_us,10_717,dur_us,13_269
[2026-09-22T12:26:13.519] Cog0  BM-ACROSS,seq,1_498,leg,5,motor,RIGHT,phase,0,rising,TRUE,hall,3,tick,137,t_us,3_265,dur_us,12_948
[2026-09-22T12:26:13.520] Cog0  BM-ACROSS,seq,1_499,leg,5,motor,RIGHT,phase,1,rising,FALSE,hall,1,tick,138,t_us,11_065,dur_us,13_026
[2026-09-22T12:26:13.521] Cog0  BM-ACROSS,seq,1_500,leg,5,motor,RIGHT,phase,2,rising,TRUE,hall,5,tick,139,t_us,3_679,dur_us,12_539
[2026-09-22T12:26:13.522] Cog0  BM-ACROSS,seq,1_501,leg,5,motor,RIGHT,phase,0,rising,FALSE,hall,6,tick,141,t_us,-1_476,dur_us,11_962
[2026-09-22T12:26:13.523] Cog0  BM-ACROSS,seq,1_502,leg,5,motor,RIGHT,phase,1,rising,TRUE,hall,6,tick,141,t_us,3_331,dur_us,11_962
[2026-09-22T12:26:13.525] Cog0  BM-ACROSS,seq,1_503,leg,5,motor,RIGHT,phase,2,rising,FALSE,hall,2,tick,142,t_us,10_425,dur_us,12_089
[2026-09-22T12:26:13.526] Cog0  BM-ACROSS,seq,1_504,leg,5,motor,RIGHT,phase,0,rising,TRUE,hall,3,tick,143,t_us,2_792,dur_us,11_893
[2026-09-22T12:26:13.527] Cog0  BM-ACROSS,seq,1_505,leg,5,motor,RIGHT,phase,1,rising,FALSE,hall,1,tick,144,t_us,9_962,dur_us,10_858
[2026-09-22T12:26:13.528] Cog0  BM-ACROSS,seq,1_506,leg,5,motor,RIGHT,phase,2,rising,TRUE,hall,5,tick,145,t_us,3_147,dur_us,11_487
[2026-09-22T12:26:13.529] Cog0  BM-ACROSS,seq,1_507,leg,5,motor,RIGHT,phase,0,rising,FALSE,hall,4,tick,146,t_us,9_844,dur_us,11_270
[2026-09-22T12:26:13.530] Cog0  BM-ACROSS,seq,1_508,leg,5,motor,RIGHT,phase,1,rising,TRUE,hall,6,tick,147,t_us,2_436,dur_us,10_661
[2026-09-22T12:26:13.531] Cog0  BM-ACROSS,seq,1_509,leg,5,motor,RIGHT,phase,2,rising,FALSE,hall,2,tick,148,t_us,9_616,dur_us,10_808
[2026-09-22T12:26:13.533] Cog0  BM-ACROSS,seq,1_510,leg,5,motor,RIGHT,phase,0,rising,TRUE,hall,3,tick,149,t_us,2_437,dur_us,10_610
[2026-09-22T12:26:13.534] Cog0  BM-ACROSS,seq,1_511,leg,5,motor,RIGHT,phase,1,rising,FALSE,hall,1,tick,150,t_us,9_379,dur_us,10_453
[2026-09-22T12:26:13.535] Cog0  BM-ACROSS,seq,1_512,leg,5,motor,RIGHT,phase,2,rising,TRUE,hall,5,tick,151,t_us,2_673,dur_us,10_721
[2026-09-22T12:26:13.536] Cog0  BM-ACROSS,seq,1_513,leg,5,motor,RIGHT,phase,0,rising,FALSE,hall,6,tick,153,t_us,-1_004,dur_us,10_431
[2026-09-22T12:26:13.536] Cog0  BM-ACROSS,seq,1_514,leg,5,motor,RIGHT,phase,1,rising,TRUE,hall,6,tick,153,t_us,2_265,dur_us,10_431
[2026-09-22T12:26:13.538] Cog0  BM-ACROSS,seq,1_515,leg,5,motor,RIGHT,phase,2,rising,FALSE,hall,2,tick,154,t_us,9_149,dur_us,10_342
[2026-09-22T12:26:13.539] Cog0  BM-ACROSS,seq,1_516,leg,5,motor,RIGHT,phase,0,rising,TRUE,hall,3,tick,155,t_us,2_081,dur_us,10_311
[2026-09-22T12:26:13.541] Cog0  BM-ACROSS,seq,1_517,leg,5,motor,RIGHT,phase,1,rising,FALSE,hall,1,tick,156,t_us,9_149,dur_us,10_400
[2026-09-22T12:26:13.541] Cog0  BM-ACROSS,seq,1_518,leg,5,motor,RIGHT,phase,2,rising,TRUE,hall,5,tick,157,t_us,2_259,dur_us,10_653
[2026-09-22T12:26:13.543] Cog0  BM-ACROSS,seq,1_519,leg,5,motor,RIGHT,phase,0,rising,FALSE,hall,6,tick,159,t_us,-945,dur_us,10_320
[2026-09-22T12:26:13.544] Cog0  BM-ACROSS,seq,1_520,leg,5,motor,RIGHT,phase,1,rising,TRUE,hall,6,tick,159,t_us,2_384,dur_us,10_320
[2026-09-22T12:26:13.545] Cog0  BM-ACROSS,seq,1_521,leg,5,motor,RIGHT,phase,2,rising,FALSE,hall,2,tick,160,t_us,9_151,dur_us,10_403
[2026-09-22T12:26:13.546] Cog0  BM-ACROSS,seq,1_522,leg,5,motor,RIGHT,phase,0,rising,TRUE,hall,3,tick,161,t_us,2_200,dur_us,10_489
[2026-09-22T12:26:13.547] Cog0  BM-ACROSS,seq,1_523,leg,5,motor,RIGHT,phase,1,rising,FALSE,hall,1,tick,162,t_us,9_033,dur_us,10_166
[2026-09-22T12:26:13.549] Cog0  BM-ACROSS,seq,1_524,leg,5,motor,RIGHT,phase,2,rising,TRUE,hall,5,tick,163,t_us,2_437,dur_us,10_427
[2026-09-22T12:26:13.549] Cog0  BM-ACROSS,seq,1_525,leg,5,motor,RIGHT,phase,0,rising,FALSE,hall,4,tick,164,t_us,9_495,dur_us,10_627
[2026-09-22T12:26:13.551] Cog0  BM-ACROSS,seq,1_526,leg,5,motor,RIGHT,phase,1,rising,TRUE,hall,6,tick,165,t_us,2_259,dur_us,10_541
[2026-09-22T12:26:13.552] Cog0  BM-ACROSS,seq,1_527,leg,5,motor,RIGHT,phase,2,rising,FALSE,hall,2,tick,166,t_us,9_323,dur_us,10_930
[2026-09-22T12:26:13.553] Cog0  BM-ACROSS,seq,1_528,leg,5,motor,RIGHT,phase,0,rising,TRUE,hall,3,tick,167,t_us,2_199,dur_us,11_239
[2026-09-22T12:26:13.554] Cog0  BM-ACROSS,seq,1_529,leg,5,motor,RIGHT,phase,1,rising,FALSE,hall,1,tick,168,t_us,9_150,dur_us,10_519
[2026-09-22T12:26:13.555] Cog0  BM-ACROSS,seq,1_530,leg,5,motor,RIGHT,phase,2,rising,TRUE,hall,5,tick,169,t_us,2_969,dur_us,11_134
[2026-09-22T12:26:13.557] Cog0  BM-ACROSS,seq,1_531,leg,5,motor,RIGHT,phase,0,rising,FALSE,hall,4,tick,170,t_us,10_311,dur_us,11_797
[2026-09-22T12:26:13.557] Cog0  BM-ACROSS,seq,1_532,leg,5,motor,RIGHT,phase,1,rising,TRUE,hall,6,tick,171,t_us,2_733,dur_us,11_769
[2026-09-22T12:26:13.559] Cog0  BM-ACROSS,seq,1_533,leg,5,motor,RIGHT,phase,2,rising,FALSE,hall,2,tick,172,t_us,9_994,dur_us,11_570
[2026-09-22T12:26:13.560] Cog0  BM-ACROSS,seq,1_534,leg,5,motor,RIGHT,phase,0,rising,TRUE,hall,3,tick,173,t_us,3_029,dur_us,12_591
[2026-09-22T12:26:13.561] Cog0  BM-ACROSS,seq,1_535,leg,5,motor,RIGHT,phase,1,rising,FALSE,hall,1,tick,174,t_us,10_366,dur_us,12_445
[2026-09-22T12:26:13.562] Cog0  BM-ACROSS,seq,1_536,leg,5,motor,RIGHT,phase,2,rising,TRUE,hall,5,tick,175,t_us,3_383,dur_us,12_418
[2026-09-22T12:26:13.563] Cog0  BM-ACROSS,seq,1_537,leg,5,motor,RIGHT,phase,0,rising,FALSE,hall,4,tick,176,t_us,11_443,dur_us,13_670
[2026-09-22T12:26:13.564] Cog0  BM-ACROSS,seq,1_538,leg,5,motor,RIGHT,phase,1,rising,TRUE,hall,6,tick,177,t_us,3_205,dur_us,13_456
[2026-09-22T12:26:13.565] Cog0  BM-ACROSS,seq,1_539,leg,5,motor,RIGHT,phase,2,rising,FALSE,hall,2,tick,178,t_us,10_371,dur_us,12_449
[2026-09-22T12:26:13.567] Cog0  BM-ACROSS,seq,1_540,leg,5,motor,RIGHT,phase,0,rising,TRUE,hall,3,tick,179,t_us,3_918,dur_us,13_721
[2026-09-22T12:26:13.568] Cog0  BM-ACROSS,seq,1_541,leg,5,motor,RIGHT,phase,1,rising,FALSE,hall,1,tick,180,t_us,11_470,dur_us,13_786
[2026-09-22T12:26:13.569] Cog0  BM-ACROSS,seq,1_542,leg,5,motor,RIGHT,phase,2,rising,TRUE,hall,5,tick,181,t_us,3_797,dur_us,12_718
[2026-09-22T12:26:13.570] Cog0  BM-ACROSS,seq,1_543,leg,5,motor,RIGHT,phase,0,rising,FALSE,hall,4,tick,182,t_us,11_759,dur_us,13_539
[2026-09-22T12:26:13.571] Cog0  BM-ACROSS,seq,1_544,leg,5,motor,RIGHT,phase,1,rising,TRUE,hall,6,tick,183,t_us,3_679,dur_us,13_236
[2026-09-22T12:26:13.573] Cog0  BM-ACROSS,seq,1_545,leg,5,motor,RIGHT,phase,2,rising,FALSE,hall,2,tick,184,t_us,10_368,dur_us,11_618
[2026-09-22T12:26:13.574] Cog0  BM-ACROSS,seq,1_546,leg,5,motor,RIGHT,phase,0,rising,TRUE,hall,3,tick,185,t_us,3_975,dur_us,13_193
[2026-09-22T12:26:13.575] Cog0  BM-ACROSS,seq,1_547,leg,5,motor,RIGHT,phase,1,rising,FALSE,hall,1,tick,186,t_us,10_597,dur_us,12_972
[2026-09-22T12:26:13.576] Cog0  BM-ACROSS,seq,1_548,leg,5,motor,RIGHT,phase,2,rising,TRUE,hall,5,tick,187,t_us,2_969,dur_us,11_657
[2026-09-22T12:26:13.577] Cog0  BM-ACROSS,seq,1_549,leg,5,motor,RIGHT,phase,0,rising,FALSE,hall,6,tick,189,t_us,-1_476,dur_us,12_779
[2026-09-22T12:26:13.578] Cog0  BM-ACROSS,seq,1_550,leg,5,motor,RIGHT,phase,1,rising,TRUE,hall,6,tick,189,t_us,3_686,dur_us,12_779
[2026-09-22T12:26:13.579] Cog0  BM-ACROSS,seq,1_551,leg,5,motor,RIGHT,phase,2,rising,FALSE,hall,2,tick,190,t_us,10_718,dur_us,12_087
[2026-09-22T12:26:13.581] Cog0  BM-ACROSS,seq,1_552,leg,5,motor,RIGHT,phase,0,rising,TRUE,hall,3,tick,191,t_us,4_035,dur_us,13_199
[2026-09-22T12:26:13.582] Cog0  BM-ACROSS,seq,1_553,leg,5,motor,RIGHT,phase,1,rising,FALSE,hall,1,tick,192,t_us,11_408,dur_us,13_485
[2026-09-22T12:26:13.583] Cog0  BM-ACROSS,seq,1_554,leg,5,motor,RIGHT,phase,2,rising,TRUE,hall,5,tick,193,t_us,3_916,dur_us,13_531
[2026-09-22T12:26:13.584] Cog0  BM-ACROSS,seq,1_555,leg,5,motor,RIGHT,phase,0,rising,FALSE,hall,6,tick,195,t_us,-1_535,dur_us,15_360
[2026-09-22T12:26:13.585] Cog0  BM-ACROSS,seq,1_556,leg,5,motor,RIGHT,phase,1,rising,TRUE,hall,6,tick,195,t_us,5_164,dur_us,15_360
[2026-09-22T12:26:13.586] Cog0  BM-ACROSS,seq,1_557,leg,5,motor,RIGHT,phase,2,rising,FALSE,hall,2,tick,196,t_us,12_173,dur_us,15_375
[2026-09-22T12:26:13.587] Cog0  BM-ACROSS,seq,1_558,leg,5,motor,RIGHT,phase,0,rising,TRUE,hall,3,tick,197,t_us,4_566,dur_us,14_951
[2026-09-22T12:26:13.589] Cog0  BM-ACROSS,seq,1_559,leg,5,motor,RIGHT,phase,1,rising,FALSE,hall,1,tick,198,t_us,12_858,dur_us,15_879
[2026-09-22T12:26:13.590] Cog0  BM-ACROSS,seq,1_560,leg,5,motor,RIGHT,phase,2,rising,TRUE,hall,5,tick,199,t_us,5_687,dur_us,16_171
[2026-09-22T12:26:13.591] Cog0  BM-ACROSS,seq,1_561,leg,5,motor,RIGHT,phase,0,rising,FALSE,hall,6,tick,201,t_us,-2_478,dur_us,16_072
[2026-09-22T12:26:13.592] Cog0  BM-ACROSS,seq,1_562,leg,5,motor,RIGHT,phase,1,rising,TRUE,hall,6,tick,201,t_us,5_989,dur_us,16_072
[2026-09-22T12:26:13.593] Cog0  BM-ACROSS,seq,1_563,leg,5,motor,RIGHT,phase,2,rising,FALSE,hall,2,tick,202,t_us,12_868,dur_us,16_128
[2026-09-22T12:26:13.594] Cog0  BM-ACROSS,seq,1_564,leg,5,motor,RIGHT,phase,0,rising,TRUE,hall,3,tick,203,t_us,4_566,dur_us,15_182
[2026-09-22T12:26:13.595] Cog0  BM-ACROSS,seq,1_565,leg,5,motor,RIGHT,phase,1,rising,FALSE,hall,1,tick,204,t_us,12_512,dur_us,14_530
[2026-09-22T12:26:13.597] Cog0  BM-ACROSS,seq,1_566,leg,5,motor,RIGHT,phase,2,rising,TRUE,hall,5,tick,205,t_us,5_513,dur_us,15_766
[2026-09-22T12:26:13.598] Cog0  BM-ACROSS,seq,1_567,leg,5,motor,RIGHT,phase,0,rising,FALSE,hall,4,tick,206,t_us,12_114,dur_us,14_900
[2026-09-22T12:26:13.599] Cog0  BM-ACROSS,seq,1_568,leg,5,motor,RIGHT,phase,1,rising,TRUE,hall,6,tick,207,t_us,4_094,dur_us,13_887
[2026-09-22T12:26:13.600] Cog0  BM-ACROSS,seq,1_569,leg,5,motor,RIGHT,phase,2,rising,FALSE,hall,2,tick,208,t_us,12_226,dur_us,14_719
[2026-09-22T12:26:13.601] Cog0  BM-ACROSS,seq,1_570,leg,5,motor,RIGHT,phase,0,rising,TRUE,hall,3,tick,209,t_us,4_156,dur_us,14_366
[2026-09-22T12:26:13.602] Cog0  BM-ACROSS,seq,1_571,leg,5,motor,RIGHT,phase,1,rising,FALSE,hall,1,tick,210,t_us,11_641,dur_us,13_659
[2026-09-22T12:26:13.603] Cog0  BM-ACROSS,seq,1_572,leg,5,motor,RIGHT,phase,2,rising,TRUE,hall,5,tick,211,t_us,5_278,dur_us,14_778
[2026-09-22T12:26:13.605] Cog0  BM-ACROSS,seq,1_573,leg,5,motor,RIGHT,phase,0,rising,FALSE,hall,4,tick,212,t_us,12_460,dur_us,15_186
[2026-09-22T12:26:13.606] Cog0  BM-ACROSS,seq,1_574,leg,5,motor,RIGHT,phase,1,rising,TRUE,hall,6,tick,213,t_us,4_389,dur_us,14_759
[2026-09-22T12:26:13.607] Cog0  BM-ACROSS,seq,1_575,leg,5,motor,RIGHT,phase,2,rising,FALSE,hall,2,tick,214,t_us,12_229,dur_us,14_778
[2026-09-22T12:26:13.608] Cog0  BM-ACROSS,seq,1_576,leg,5,motor,RIGHT,phase,0,rising,TRUE,hall,3,tick,215,t_us,5_280,dur_us,16_302
[2026-09-22T12:26:13.609] Cog0  BM-ACROSS,seq,1_577,leg,5,motor,RIGHT,phase,1,rising,FALSE,hall,1,tick,216,t_us,12_314,dur_us,15_839
[2026-09-22T12:26:13.611] Cog0  BM-ACROSS,seq,1_578,leg,5,motor,RIGHT,phase,2,rising,TRUE,hall,5,tick,217,t_us,5_097,dur_us,15_642
[2026-09-22T12:26:13.612] Cog0  BM-ACROSS,seq,1_579,leg,5,motor,RIGHT,phase,0,rising,FALSE,hall,4,tick,218,t_us,13_195,dur_us,16_243
[2026-09-22T12:26:13.613] Cog0  BM-ACROSS,seq,1_580,leg,5,motor,RIGHT,phase,1,rising,TRUE,hall,6,tick,219,t_us,5_334,dur_us,16_227
[2026-09-22T12:26:13.614] Cog0  BM-ACROSS,seq,1_581,leg,5,motor,RIGHT,phase,2,rising,FALSE,hall,2,tick,220,t_us,12_114,dur_us,15_726
[2026-09-22T12:26:13.615] Cog0  BM-ACROSS,seq,1_582,leg,5,motor,RIGHT,phase,0,rising,TRUE,hall,3,tick,221,t_us,5_154,dur_us,15_654
[2026-09-22T12:26:13.616] Cog0  BM-ACROSS,seq,1_583,leg,5,motor,RIGHT,phase,1,rising,FALSE,hall,1,tick,222,t_us,12_746,dur_us,16_006
[2026-09-22T12:26:13.617] Cog0  BM-ACROSS,seq,1_584,leg,5,motor,RIGHT,phase,2,rising,TRUE,hall,5,tick,223,t_us,4_802,dur_us,15_402
[2026-09-22T12:26:13.618] Cog0  BM-ACROSS,seq,1_585,leg,5,motor,RIGHT,phase,0,rising,FALSE,hall,6,tick,225,t_us,-2_007,dur_us,15_765
[2026-09-22T12:26:13.620] Cog0  BM-ACROSS,seq,1_586,leg,5,motor,RIGHT,phase,1,rising,TRUE,hall,6,tick,225,t_us,5_046,dur_us,15_765
[2026-09-22T12:26:13.621] Cog0  BM-ACROSS,seq,1_587,leg,5,motor,RIGHT,phase,2,rising,FALSE,hall,2,tick,226,t_us,11_588,dur_us,15_025
[2026-09-22T12:26:13.622] Cog0  BM-ACROSS,seq,1_588,leg,5,motor,RIGHT,phase,0,rising,TRUE,hall,3,tick,227,t_us,4_152,dur_us,14_767
[2026-09-22T12:26:13.623] Cog0  BM-ACROSS,seq,1_589,leg,5,motor,RIGHT,phase,1,rising,FALSE,hall,1,tick,228,t_us,11_931,dur_us,15_012
[2026-09-22T12:26:13.623] Cog0  BM-ACROSS,seq,1_590,leg,5,motor,RIGHT,phase,2,rising,TRUE,hall,5,tick,229,t_us,4_862,dur_us,15_000
[2026-09-22T12:26:13.625] Cog0  BM-ACROSS,seq,1_591,leg,5,motor,RIGHT,phase,0,rising,FALSE,hall,4,tick,230,t_us,12_755,dur_us,15_303
[2026-09-22T12:26:13.626] Cog0  BM-ACROSS,seq,1_592,leg,5,motor,RIGHT,phase,1,rising,TRUE,hall,6,tick,231,t_us,5_159,dur_us,15_417
[2026-09-22T12:26:13.628] Cog0  BM-ACROSS,seq,1_593,leg,5,motor,RIGHT,phase,2,rising,FALSE,hall,2,tick,232,t_us,12_635,dur_us,16_365
[2026-09-22T12:26:13.629] Cog0  BM-ACROSS,seq,1_594,leg,5,motor,RIGHT,phase,0,rising,TRUE,hall,3,tick,233,t_us,5_153,dur_us,16_579
[2026-09-22T12:26:13.630] Cog0  BM-ACROSS,seq,1_595,leg,5,motor,RIGHT,phase,1,rising,FALSE,hall,1,tick,234,t_us,12_742,dur_us,15_704
[2026-09-22T12:26:13.631] Cog0  BM-ACROSS,seq,1_596,leg,5,motor,RIGHT,phase,2,rising,TRUE,hall,5,tick,235,t_us,6_098,dur_us,16_642
[2026-09-22T12:26:13.632] Cog0  BM-ACROSS,seq,1_597,leg,5,motor,RIGHT,phase,0,rising,FALSE,hall,4,tick,236,t_us,12_986,dur_us,16_477
[2026-09-22T12:26:13.633] Cog0  BM-ACROSS,seq,1_598,leg,5,motor,RIGHT,phase,1,rising,TRUE,hall,6,tick,237,t_us,4_682,dur_us,15_517
[2026-09-22T12:26:13.634] Cog0  BM-ACROSS,seq,1_599,leg,5,motor,RIGHT,phase,2,rising,FALSE,hall,2,tick,238,t_us,12_286,dur_us,15_781
[2026-09-22T12:26:13.636] Cog0  BM-ACROSS,seq,1_600,leg,5,motor,RIGHT,phase,0,rising,TRUE,hall,3,tick,239,t_us,4_918,dur_us,15_764
[2026-09-22T12:26:13.636] Cog0  BM-ACROSS,seq,1_601,leg,5,motor,RIGHT,phase,1,rising,FALSE,hall,1,tick,240,t_us,12_517,dur_us,15_598
[2026-09-22T12:26:13.638] Cog0  BM-ACROSS,seq,1_602,leg,5,motor,RIGHT,phase,2,rising,TRUE,hall,5,tick,241,t_us,5_395,dur_us,16_231
[2026-09-22T12:26:13.639] Cog0  BM-ACROSS,seq,1_603,leg,5,motor,RIGHT,phase,0,rising,FALSE,hall,4,tick,242,t_us,12_579,dur_us,15_658
[2026-09-22T12:26:13.640] Cog0  BM-ACROSS,seq,1_604,leg,5,motor,RIGHT,phase,1,rising,TRUE,hall,6,tick,243,t_us,4_803,dur_us,15_870
[2026-09-22T12:26:13.641] Cog0  BM-ACROSS,seq,1_605,leg,5,motor,RIGHT,phase,2,rising,FALSE,hall,2,tick,244,t_us,12_461,dur_us,15_486
[2026-09-22T12:26:13.642] Cog0  BM-ACROSS,seq,1_606,leg,5,motor,RIGHT,phase,0,rising,TRUE,hall,3,tick,245,t_us,4_387,dur_us,15_295
[2026-09-22T12:26:13.644] Cog0  BM-ACROSS,seq,1_607,leg,5,motor,RIGHT,phase,1,rising,FALSE,hall,1,tick,246,t_us,12_341,dur_us,15_661
[2026-09-22T12:26:13.645] Cog0  BM-ACROSS,seq,1_608,leg,5,motor,RIGHT,phase,2,rising,TRUE,hall,5,tick,247,t_us,4_683,dur_us,15_861
[2026-09-22T12:26:13.646] Cog0  BM-ACROSS,seq,1_609,leg,5,motor,RIGHT,phase,0,rising,FALSE,hall,4,tick,248,t_us,11_975,dur_us,15_025
[2026-09-22T12:26:13.647] Cog0  BM-ACROSS,seq,1_610,leg,5,motor,RIGHT,phase,1,rising,TRUE,hall,6,tick,249,t_us,5_097,dur_us,15_875
[2026-09-22T12:26:13.648] Cog0  BM-ACROSS,seq,1_611,leg,5,motor,RIGHT,phase,2,rising,FALSE,hall,2,tick,250,t_us,12_520,dur_us,16_252
[2026-09-22T12:26:13.649] Cog0  BM-ACROSS,seq,1_612,leg,5,motor,RIGHT,phase,0,rising,TRUE,hall,3,tick,251,t_us,5_155,dur_us,16_699
[2026-09-22T12:26:13.651] Cog0  BM-ACROSS,seq,1_613,leg,5,motor,RIGHT,phase,1,rising,FALSE,hall,1,tick,252,t_us,12_958,dur_us,16_836
[2026-09-22T12:26:13.652] Cog0  BM-ACROSS,seq,1_614,leg,5,motor,RIGHT,phase,2,rising,TRUE,hall,5,tick,253,t_us,6_215,dur_us,17_919
[2026-09-22T12:26:13.653] Cog0  BM-ACROSS,seq,1_615,leg,5,motor,RIGHT,phase,0,rising,FALSE,hall,4,tick,254,t_us,14_509,dur_us,19_002
[2026-09-22T12:26:13.654] Cog0  BM-ACROSS,seq,1_616,leg,5,motor,RIGHT,phase,1,rising,TRUE,hall,6,tick,255,t_us,7_156,dur_us,19_916
[2026-09-22T12:26:13.655] Cog0  BM-ACROSS,seq,1_617,leg,5,motor,RIGHT,phase,2,rising,FALSE,hall,2,tick,256,t_us,14_925,dur_us,22_434
[2026-09-22T12:26:13.656] Cog0  BM-ACROSS,seq,1_618,leg,5,motor,RIGHT,phase,0,rising,TRUE,hall,3,tick,257,t_us,8_742,dur_us,24_223
[2026-09-22T12:26:13.658] Cog0  BM-ACROSS,seq,1_619,leg,5,motor,RIGHT,phase,1,rising,FALSE,hall,1,tick,258,t_us,15_747,dur_us,24_840
[2026-09-22T12:26:13.659] Cog0  BM-ACROSS,seq,1_620,leg,5,motor,RIGHT,phase,2,rising,TRUE,hall,5,tick,259,t_us,14_633,dur_us,28_212
[2026-09-22T12:26:13.660] Cog0  BM-ACROSS,seq,1_621,leg,5,motor,RIGHT,phase,0,rising,FALSE,hall,6,tick,261,t_us,-10_023,dur_us,27_579
[2026-09-22T12:26:13.661] Cog0  BM-ACROSS,seq,1_622,leg,5,motor,RIGHT,phase,1,rising,TRUE,hall,6,tick,261,t_us,13_225,dur_us,27_579
[2026-09-22T12:26:13.662] Cog0  BM-ACROSS,seq,1_623,leg,5,motor,RIGHT,phase,2,rising,FALSE,hall,2,tick,262,t_us,15_548,dur_us,26_007
[2026-09-22T12:26:13.663] Cog0  BM-ACROSS,seq,1_624,leg,5,motor,RIGHT,phase,0,rising,TRUE,hall,3,tick,263,t_us,11_869,dur_us,25_608
[2026-09-22T12:26:13.664] Cog0  BM-ACROSS,seq,1_625,leg,5,motor,RIGHT,phase,1,rising,FALSE,hall,1,tick,264,t_us,16_080,dur_us,22_878
[2026-09-22T12:26:13.666] Cog0  BM-ACROSS,seq,1_626,leg,5,motor,RIGHT,phase,2,rising,TRUE,hall,5,tick,265,t_us,9_104,dur_us,21_065
[2026-09-22T12:26:13.667] Cog0  BM-ACROSS,seq,1_627,leg,5,motor,RIGHT,phase,0,rising,FALSE,hall,4,tick,266,t_us,15_910,dur_us,21_701
[2026-09-22T12:26:13.668] Cog0  BM-ACROSS,seq,1_628,leg,5,motor,RIGHT,phase,1,rising,TRUE,hall,6,tick,267,t_us,7_040,dur_us,20_373
[2026-09-22T12:26:13.669] Cog0  BM-ACROSS,seq,1_629,leg,5,motor,RIGHT,phase,2,rising,FALSE,hall,2,tick,268,t_us,13_373,dur_us,18_313
[2026-09-22T12:26:13.671] Cog0  BM-ACROSS,seq,1_630,leg,5,motor,RIGHT,phase,0,rising,TRUE,hall,3,tick,269,t_us,7_688,dur_us,19_304
[2026-09-22T12:26:13.687] Cog0  BM-ALEG,seq,1_631,leg,5,motor,RIGHT,speed,SLOW,ask_dir,REVERSE,meas_dir,FORWARD,ticks,270,span_ms,3_807,edge_s_x10,709,samples,150_678,sectors,269,samp_sect,160,cross,268,unusable,0,dropped,0,rail_pm,149,band_railed,0,peak_i_mV,6,bias_still,TRUE,outcome,OK
[2026-09-22T12:26:14.695] Cog0  BM-AGUIDE,seq,1_632,leg,6,motor,RIGHT,ask_dir,FORWARD,speed,FAST,turns,3,ticks,270,bias_still,TRUE,bias_u_mV,54,bias_v_mV,51,bias_w_mV,54,hyst_u_mV,19,hyst_v_mV,23,hyst_w_mV,17,band_railed,0,bias_tries,14
[2026-09-22T12:26:14.710] Cog0  TURN RIGHT WHEEL FORWARD, FAST -- keep turning until output resumes
[2026-09-22T12:26:19.389] Cog0  BM-ACROSS,seq,1_633,leg,6,motor,RIGHT,phase,1,rising,FALSE,hall,1,tick,-2,t_us,15_492,dur_us,30_306
[2026-09-22T12:26:19.390] Cog0  BM-ACROSS,seq,1_634,leg,6,motor,RIGHT,phase,0,rising,TRUE,hall,3,tick,-3,t_us,10_164,dur_us,24_325
[2026-09-22T12:26:19.391] Cog0  BM-ACROSS,seq,1_635,leg,6,motor,RIGHT,phase,2,rising,FALSE,hall,2,tick,-4,t_us,13_390,dur_us,20_257
[2026-09-22T12:26:19.392] Cog0  BM-ACROSS,seq,1_636,leg,6,motor,RIGHT,phase,1,rising,TRUE,hall,6,tick,-5,t_us,4_437,dur_us,17_309
[2026-09-22T12:26:19.393] Cog0  BM-ACROSS,seq,1_637,leg,6,motor,RIGHT,phase,0,rising,FALSE,hall,4,tick,-6,t_us,11_331,dur_us,15_984
[2026-09-22T12:26:19.395] Cog0  BM-ACROSS,seq,1_638,leg,6,motor,RIGHT,phase,2,rising,TRUE,hall,5,tick,-7,t_us,3_317,dur_us,15_078
[2026-09-22T12:26:19.395] Cog0  BM-ACROSS,seq,1_639,leg,6,motor,RIGHT,phase,1,rising,FALSE,hall,1,tick,-8,t_us,10_434,dur_us,14_410
[2026-09-22T12:26:19.397] Cog0  BM-ACROSS,seq,1_640,leg,6,motor,RIGHT,phase,0,rising,TRUE,hall,3,tick,-9,t_us,2_490,dur_us,13_551
[2026-09-22T12:26:19.398] Cog0  BM-ACROSS,seq,1_641,leg,6,motor,RIGHT,phase,2,rising,FALSE,hall,2,tick,-10,t_us,10_133,dur_us,13_339
[2026-09-22T12:26:19.399] Cog0  BM-ACROSS,seq,1_642,leg,6,motor,RIGHT,phase,1,rising,TRUE,hall,6,tick,-11,t_us,2_256,dur_us,13_266
[2026-09-22T12:26:19.400] Cog0  BM-ACROSS,seq,1_643,leg,6,motor,RIGHT,phase,0,rising,FALSE,hall,4,tick,-12,t_us,9_097,dur_us,11_830
[2026-09-22T12:26:19.401] Cog0  BM-ACROSS,seq,1_644,leg,6,motor,RIGHT,phase,2,rising,TRUE,hall,5,tick,-13,t_us,2_020,dur_us,11_924
[2026-09-22T12:26:19.402] Cog0  BM-ACROSS,seq,1_645,leg,6,motor,RIGHT,phase,1,rising,FALSE,hall,1,tick,-14,t_us,8_981,dur_us,11_714
[2026-09-22T12:26:19.404] Cog0  BM-ACROSS,seq,1_646,leg,6,motor,RIGHT,phase,0,rising,TRUE,hall,3,tick,-15,t_us,1_368,dur_us,11_035
[2026-09-22T12:26:19.405] Cog0  BM-ACROSS,seq,1_647,leg,6,motor,RIGHT,phase,2,rising,FALSE,hall,2,tick,-16,t_us,8_453,dur_us,10_712
[2026-09-22T12:26:19.406] Cog0  BM-ACROSS,seq,1_648,leg,6,motor,RIGHT,phase,1,rising,TRUE,hall,6,tick,-17,t_us,1_369,dur_us,10_580
[2026-09-22T12:26:19.407] Cog0  BM-ACROSS,seq,1_649,leg,6,motor,RIGHT,phase,0,rising,FALSE,hall,4,tick,-18,t_us,8_108,dur_us,10_368
[2026-09-22T12:26:19.408] Cog0  BM-ACROSS,seq,1_650,leg,6,motor,RIGHT,phase,2,rising,TRUE,hall,5,tick,-19,t_us,1_073,dur_us,9_818
[2026-09-22T12:26:19.409] Cog0  BM-ACROSS,seq,1_651,leg,6,motor,RIGHT,phase,1,rising,FALSE,hall,1,tick,-20,t_us,8_113,dur_us,9_899
[2026-09-22T12:26:19.410] Cog0  BM-ACROSS,seq,1_652,leg,6,motor,RIGHT,phase,0,rising,TRUE,hall,3,tick,-21,t_us,1_133,dur_us,10_047
[2026-09-22T12:26:19.411] Cog0  BM-ACROSS,seq,1_653,leg,6,motor,RIGHT,phase,2,rising,FALSE,hall,2,tick,-22,t_us,7_585,dur_us,9_370
[2026-09-22T12:26:19.413] Cog0  BM-ACROSS,seq,1_654,leg,6,motor,RIGHT,phase,1,rising,TRUE,hall,6,tick,-23,t_us,955,dur_us,9_296
[2026-09-22T12:26:19.414] Cog0  BM-ACROSS,seq,1_655,leg,6,motor,RIGHT,phase,0,rising,FALSE,hall,4,tick,-24,t_us,7_936,dur_us,9_722
[2026-09-22T12:26:19.415] Cog0  BM-ACROSS,seq,1_656,leg,6,motor,RIGHT,phase,2,rising,TRUE,hall,5,tick,-25,t_us,837,dur_us,9_752
[2026-09-22T12:26:19.416] Cog0  BM-ACROSS,seq,1_657,leg,6,motor,RIGHT,phase,1,rising,FALSE,hall,1,tick,-26,t_us,7_245,dur_us,8_853
[2026-09-22T12:26:19.417] Cog0  BM-ACROSS,seq,1_658,leg,6,motor,RIGHT,phase,0,rising,TRUE,hall,3,tick,-27,t_us,1_132,dur_us,9_524
[2026-09-22T12:26:19.418] Cog0  BM-ACROSS,seq,1_659,leg,6,motor,RIGHT,phase,2,rising,FALSE,hall,2,tick,-28,t_us,7_644,dur_us,9_667
[2026-09-22T12:26:19.419] Cog0  BM-ACROSS,seq,1_660,leg,6,motor,RIGHT,phase,1,rising,TRUE,hall,6,tick,-29,t_us,659,dur_us,8_942
[2026-09-22T12:26:19.420] Cog0  BM-ACROSS,seq,1_661,leg,6,motor,RIGHT,phase,0,rising,FALSE,hall,4,tick,-30,t_us,7_819,dur_us,9_488
[2026-09-22T12:26:19.422] Cog0  BM-ACROSS,seq,1_662,leg,6,motor,RIGHT,phase,2,rising,TRUE,hall,5,tick,-31,t_us,1_014,dur_us,9_699
[2026-09-22T12:26:19.423] Cog0  BM-ACROSS,seq,1_663,leg,6,motor,RIGHT,phase,1,rising,FALSE,hall,1,tick,-32,t_us,7_185,dur_us,8_793
[2026-09-22T12:26:19.424] Cog0  BM-ACROSS,seq,1_664,leg,6,motor,RIGHT,phase,0,rising,TRUE,hall,3,tick,-33,t_us,837,dur_us,8_941
[2026-09-22T12:26:19.425] Cog0  BM-ACROSS,seq,1_665,leg,6,motor,RIGHT,phase,2,rising,FALSE,hall,2,tick,-34,t_us,7_584,dur_us,9_250
[2026-09-22T12:26:19.426] Cog0  BM-ACROSS,seq,1_666,leg,6,motor,RIGHT,phase,1,rising,TRUE,hall,6,tick,-35,t_us,600,dur_us,9_055
[2026-09-22T12:26:19.427] Cog0  BM-ACROSS,seq,1_667,leg,6,motor,RIGHT,phase,0,rising,FALSE,hall,4,tick,-36,t_us,7_010,dur_us,8_382
[2026-09-22T12:26:19.428] Cog0  BM-ACROSS,seq,1_668,leg,6,motor,RIGHT,phase,2,rising,TRUE,hall,5,tick,-37,t_us,837,dur_us,8_886
[2026-09-22T12:26:19.430] Cog0  BM-ACROSS,seq,1_669,leg,6,motor,RIGHT,phase,1,rising,FALSE,hall,1,tick,-38,t_us,6_953,dur_us,8_618
[2026-09-22T12:26:19.430] Cog0  BM-ACROSS,seq,1_670,leg,6,motor,RIGHT,phase,0,rising,TRUE,hall,3,tick,-39,t_us,482,dur_us,8_181
[2026-09-22T12:26:19.432] Cog0  BM-ACROSS,seq,1_671,leg,6,motor,RIGHT,phase,2,rising,FALSE,hall,2,tick,-40,t_us,7_179,dur_us,8_608
[2026-09-22T12:26:19.433] Cog0  BM-ACROSS,seq,1_672,leg,6,motor,RIGHT,phase,1,rising,TRUE,hall,6,tick,-41,t_us,600,dur_us,8_650
[2026-09-22T12:26:19.434] Cog0  BM-ACROSS,seq,1_673,leg,6,motor,RIGHT,phase,0,rising,FALSE,hall,4,tick,-42,t_us,6_662,dur_us,8_033
[2026-09-22T12:26:19.435] Cog0  BM-ACROSS,seq,1_674,leg,6,motor,RIGHT,phase,2,rising,TRUE,hall,5,tick,-43,t_us,601,dur_us,8_303
[2026-09-22T12:26:19.436] Cog0  BM-ACROSS,seq,1_675,leg,6,motor,RIGHT,phase,1,rising,FALSE,hall,1,tick,-44,t_us,6_953,dur_us,8_441
[2026-09-22T12:26:19.437] Cog0  BM-ACROSS,seq,1_676,leg,6,motor,RIGHT,phase,0,rising,TRUE,hall,3,tick,-45,t_us,482,dur_us,8_642
[2026-09-22T12:26:19.438] Cog0  BM-ACROSS,seq,1_677,leg,6,motor,RIGHT,phase,2,rising,FALSE,hall,2,tick,-46,t_us,6_774,dur_us,8_086
[2026-09-22T12:26:19.440] Cog0  BM-ACROSS,seq,1_678,leg,6,motor,RIGHT,phase,1,rising,TRUE,hall,6,tick,-47,t_us,718,dur_us,8_712
[2026-09-22T12:26:19.440] Cog0  BM-ACROSS,seq,1_679,leg,6,motor,RIGHT,phase,0,rising,FALSE,hall,4,tick,-48,t_us,6_834,dur_us,8_677
[2026-09-22T12:26:19.442] Cog0  BM-ACROSS,seq,1_680,leg,6,motor,RIGHT,phase,2,rising,TRUE,hall,5,tick,-49,t_us,482,dur_us,8_126
[2026-09-22T12:26:19.443] Cog0  BM-ACROSS,seq,1_681,leg,6,motor,RIGHT,phase,1,rising,FALSE,hall,1,tick,-50,t_us,7_474,dur_us,8_964
[2026-09-22T12:26:19.444] Cog0  BM-ACROSS,seq,1_682,leg,6,motor,RIGHT,phase,0,rising,TRUE,hall,3,tick,-51,t_us,659,dur_us,8_937
[2026-09-22T12:26:19.445] Cog0  BM-ACROSS,seq,1_683,leg,6,motor,RIGHT,phase,2,rising,FALSE,hall,2,tick,-52,t_us,6_773,dur_us,7_908
[2026-09-22T12:26:19.446] Cog0  BM-ACROSS,seq,1_684,leg,6,motor,RIGHT,phase,1,rising,TRUE,hall,6,tick,-53,t_us,1_014,dur_us,8_659
[2026-09-22T12:26:19.447] Cog0  BM-ACROSS,seq,1_685,leg,6,motor,RIGHT,phase,0,rising,FALSE,hall,4,tick,-54,t_us,6_951,dur_us,8_380
[2026-09-22T12:26:19.448] Cog0  BM-ACROSS,seq,1_686,leg,6,motor,RIGHT,phase,2,rising,TRUE,hall,5,tick,-55,t_us,423,dur_us,7_720
[2026-09-22T12:26:19.449] Cog0  BM-ACROSS,seq,1_687,leg,6,motor,RIGHT,phase,1,rising,FALSE,hall,1,tick,-56,t_us,6_895,dur_us,8_027
[2026-09-22T12:26:19.451] Cog0  BM-ACROSS,seq,1_688,leg,6,motor,RIGHT,phase,0,rising,TRUE,hall,3,tick,-57,t_us,482,dur_us,7_833
[2026-09-22T12:26:19.452] Cog0  BM-ACROSS,seq,1_689,leg,6,motor,RIGHT,phase,2,rising,FALSE,hall,2,tick,-58,t_us,6_254,dur_us,6_971
[2026-09-22T12:26:19.453] Cog0  BM-ACROSS,seq,1_690,leg,6,motor,RIGHT,phase,1,rising,TRUE,hall,6,tick,-59,t_us,777,dur_us,7_439
[2026-09-22T12:26:19.454] Cog0  BM-ACROSS,seq,1_691,leg,6,motor,RIGHT,phase,0,rising,FALSE,hall,4,tick,-60,t_us,6_604,dur_us,7_558
[2026-09-22T12:26:19.455] Cog0  BM-ACROSS,seq,1_692,leg,6,motor,RIGHT,phase,2,rising,TRUE,hall,5,tick,-61,t_us,364,dur_us,6_793
[2026-09-22T12:26:19.456] Cog0  BM-ACROSS,seq,1_693,leg,6,motor,RIGHT,phase,1,rising,FALSE,hall,1,tick,-62,t_us,6_372,dur_us,7_029
[2026-09-22T12:26:19.457] Cog0  BM-ACROSS,seq,1_694,leg,6,motor,RIGHT,phase,0,rising,TRUE,hall,3,tick,-63,t_us,600,dur_us,7_141
[2026-09-22T12:26:19.458] Cog0  BM-ACROSS,seq,1_695,leg,6,motor,RIGHT,phase,2,rising,FALSE,hall,2,tick,-64,t_us,6_078,dur_us,6_558
[2026-09-22T12:26:19.460] Cog0  BM-ACROSS,seq,1_696,leg,6,motor,RIGHT,phase,1,rising,TRUE,hall,6,tick,-65,t_us,482,dur_us,6_913
[2026-09-22T12:26:19.461] Cog0  BM-ACROSS,seq,1_697,leg,6,motor,RIGHT,phase,0,rising,FALSE,hall,4,tick,-66,t_us,6_198,dur_us,6_974
[2026-09-22T12:26:19.462] Cog0  BM-ACROSS,seq,1_698,leg,6,motor,RIGHT,phase,2,rising,TRUE,hall,5,tick,-67,t_us,305,dur_us,6_559
[2026-09-22T12:26:19.463] Cog0  BM-ACROSS,seq,1_699,leg,6,motor,RIGHT,phase,1,rising,FALSE,hall,3,tick,-69,t_us,-471,dur_us,6_801
[2026-09-22T12:26:19.464] Cog0  BM-ACROSS,seq,1_700,leg,6,motor,RIGHT,phase,0,rising,TRUE,hall,3,tick,-69,t_us,606,dur_us,6_801
[2026-09-22T12:26:19.465] Cog0  BM-ACROSS,seq,1_701,leg,6,motor,RIGHT,phase,2,rising,FALSE,hall,2,tick,-70,t_us,6_021,dur_us,6_678
[2026-09-22T12:26:19.466] Cog0  BM-ACROSS,seq,1_702,leg,6,motor,RIGHT,phase,1,rising,TRUE,hall,6,tick,-71,t_us,246,dur_us,6_389
[2026-09-22T12:26:19.467] Cog0  BM-ACROSS,seq,1_703,leg,6,motor,RIGHT,phase,0,rising,FALSE,hall,4,tick,-72,t_us,6_023,dur_us,6_621
[2026-09-22T12:26:19.468] Cog0  BM-ACROSS,seq,1_704,leg,6,motor,RIGHT,phase,2,rising,TRUE,hall,5,tick,-73,t_us,305,dur_us,6_504
[2026-09-22T12:26:19.469] Cog0  BM-ACROSS,seq,1_705,leg,6,motor,RIGHT,phase,1,rising,FALSE,hall,1,tick,-74,t_us,5_909,dur_us,6_331
[2026-09-22T12:26:19.471] Cog0  BM-ACROSS,seq,1_706,leg,6,motor,RIGHT,phase,0,rising,TRUE,hall,3,tick,-75,t_us,364,dur_us,6_618
[2026-09-22T12:26:19.472] Cog0  BM-ACROSS,seq,1_707,leg,6,motor,RIGHT,phase,2,rising,FALSE,hall,2,tick,-76,t_us,5_962,dur_us,6_619
[2026-09-22T12:26:19.473] Cog0  BM-ACROSS,seq,1_708,leg,6,motor,RIGHT,phase,1,rising,TRUE,hall,6,tick,-77,t_us,305,dur_us,6_678
[2026-09-22T12:26:19.474] Cog0  BM-ACROSS,seq,1_709,leg,6,motor,RIGHT,phase,0,rising,FALSE,hall,4,tick,-78,t_us,5_965,dur_us,6_505
[2026-09-22T12:26:19.475] Cog0  BM-ACROSS,seq,1_710,leg,6,motor,RIGHT,phase,2,rising,TRUE,hall,5,tick,-79,t_us,541,dur_us,7_029
[2026-09-22T12:26:19.476] Cog0  BM-ACROSS,seq,1_711,leg,6,motor,RIGHT,phase,1,rising,FALSE,hall,1,tick,-80,t_us,6_256,dur_us,7_151
[2026-09-22T12:26:19.477] Cog0  BM-ACROSS,seq,1_712,leg,6,motor,RIGHT,phase,0,rising,TRUE,hall,3,tick,-81,t_us,423,dur_us,7_139
[2026-09-22T12:26:19.479] Cog0  BM-ACROSS,seq,1_713,leg,6,motor,RIGHT,phase,2,rising,FALSE,hall,2,tick,-82,t_us,6_599,dur_us,7_435
[2026-09-22T12:26:19.479] Cog0  BM-ACROSS,seq,1_714,leg,6,motor,RIGHT,phase,1,rising,TRUE,hall,6,tick,-83,t_us,718,dur_us,7_784
[2026-09-22T12:26:19.481] Cog0  BM-ACROSS,seq,1_715,leg,6,motor,RIGHT,phase,0,rising,FALSE,hall,4,tick,-84,t_us,6_834,dur_us,7_791
[2026-09-22T12:26:19.482] Cog0  BM-ACROSS,seq,1_716,leg,6,motor,RIGHT,phase,2,rising,TRUE,hall,5,tick,-85,t_us,837,dur_us,8_423
[2026-09-22T12:26:19.483] Cog0  BM-ACROSS,seq,1_717,leg,6,motor,RIGHT,phase,1,rising,FALSE,hall,1,tick,-86,t_us,7_068,dur_us,8_321
[2026-09-22T12:26:19.484] Cog0  BM-ACROSS,seq,1_718,leg,6,motor,RIGHT,phase,0,rising,TRUE,hall,3,tick,-87,t_us,778,dur_us,8_766
[2026-09-22T12:26:19.485] Cog0  BM-ACROSS,seq,1_719,leg,6,motor,RIGHT,phase,2,rising,FALSE,hall,2,tick,-88,t_us,7_412,dur_us,9_079
[2026-09-22T12:26:19.486] Cog0  BM-ACROSS,seq,1_720,leg,6,motor,RIGHT,phase,1,rising,TRUE,hall,6,tick,-89,t_us,836,dur_us,9_293
[2026-09-22T12:26:19.487] Cog0  BM-ACROSS,seq,1_721,leg,6,motor,RIGHT,phase,0,rising,FALSE,hall,4,tick,-90,t_us,8_166,dur_us,10_426
[2026-09-22T12:26:19.489] Cog0  BM-ACROSS,seq,1_722,leg,6,motor,RIGHT,phase,2,rising,TRUE,hall,5,tick,-91,t_us,1_310,dur_us,11_212
[2026-09-22T12:26:19.490] Cog0  BM-ACROSS,seq,1_723,leg,6,motor,RIGHT,phase,1,rising,FALSE,hall,1,tick,-92,t_us,8_810,dur_us,11_306
[2026-09-22T12:26:19.491] Cog0  BM-ACROSS,seq,1_724,leg,6,motor,RIGHT,phase,0,rising,TRUE,hall,3,tick,-93,t_us,2_196,dur_us,12_790
[2026-09-22T12:26:19.492] Cog0  BM-ACROSS,seq,1_725,leg,6,motor,RIGHT,phase,2,rising,FALSE,hall,2,tick,-94,t_us,9_842,dur_us,13_877
[2026-09-22T12:26:19.493] Cog0  BM-ACROSS,seq,1_726,leg,6,motor,RIGHT,phase,1,rising,TRUE,hall,6,tick,-95,t_us,2_548,dur_us,14_658
[2026-09-22T12:26:19.494] Cog0  BM-ACROSS,seq,1_727,leg,6,motor,RIGHT,phase,0,rising,FALSE,hall,4,tick,-96,t_us,10_781,dur_us,16_349
[2026-09-22T12:26:19.495] Cog0  BM-ACROSS,seq,1_728,leg,6,motor,RIGHT,phase,2,rising,TRUE,hall,5,tick,-97,t_us,4_793,dur_us,18_817
[2026-09-22T12:26:19.497] Cog0  BM-ACROSS,seq,1_729,leg,6,motor,RIGHT,phase,1,rising,FALSE,hall,1,tick,-98,t_us,13_487,dur_us,22_457
[2026-09-22T12:26:19.498] Cog0  BM-ACROSS,seq,1_730,leg,6,motor,RIGHT,phase,0,rising,TRUE,hall,3,tick,-99,t_us,11_158,dur_us,28_553
[2026-09-22T12:26:19.499] Cog0  BM-ACROSS,seq,1_731,leg,6,motor,RIGHT,phase,2,rising,FALSE,hall,6,tick,-101,t_us,-38_148,dur_us,50_738
[2026-09-22T12:26:19.500] Cog0  BM-ACROSS,seq,1_732,leg,6,motor,RIGHT,phase,1,rising,TRUE,hall,6,tick,-101,t_us,24_217,dur_us,50_738
[2026-09-22T12:26:19.501] Cog0  BM-ACROSS,seq,1_733,leg,6,motor,RIGHT,phase,0,rising,FALSE,hall,4,tick,-102,t_us,23_003,dur_us,46_502
[2026-09-22T12:26:19.502] Cog0  BM-ACROSS,seq,1_734,leg,6,motor,RIGHT,phase,2,rising,TRUE,hall,5,tick,-103,t_us,19_270,dur_us,34_622
[2026-09-22T12:26:19.503] Cog0  BM-ACROSS,seq,1_735,leg,6,motor,RIGHT,phase,1,rising,FALSE,hall,1,tick,-104,t_us,14_577,dur_us,21_150
[2026-09-22T12:26:19.505] Cog0  BM-ACROSS,seq,1_736,leg,6,motor,RIGHT,phase,0,rising,TRUE,hall,3,tick,-105,t_us,3_493,dur_us,15_134
[2026-09-22T12:26:19.506] Cog0  BM-ACROSS,seq,1_737,leg,6,motor,RIGHT,phase,2,rising,FALSE,hall,2,tick,-106,t_us,9_783,dur_us,12_693
[2026-09-22T12:26:19.507] Cog0  BM-ACROSS,seq,1_738,leg,6,motor,RIGHT,phase,1,rising,TRUE,hall,6,tick,-107,t_us,1_960,dur_us,11_750
[2026-09-22T12:26:19.508] Cog0  BM-ACROSS,seq,1_739,leg,6,motor,RIGHT,phase,0,rising,FALSE,hall,4,tick,-108,t_us,8_515,dur_us,10_952
[2026-09-22T12:26:19.509] Cog0  BM-ACROSS,seq,1_740,leg,6,motor,RIGHT,phase,2,rising,TRUE,hall,5,tick,-109,t_us,1_191,dur_us,10_226
[2026-09-22T12:26:19.510] Cog0  BM-ACROSS,seq,1_741,leg,6,motor,RIGHT,phase,1,rising,FALSE,hall,1,tick,-110,t_us,8_110,dur_us,10_072
[2026-09-22T12:26:19.512] Cog0  BM-ACROSS,seq,1_742,leg,6,motor,RIGHT,phase,0,rising,TRUE,hall,3,tick,-111,t_us,1_191,dur_us,10_106
[2026-09-22T12:26:19.513] Cog0  BM-ACROSS,seq,1_743,leg,6,motor,RIGHT,phase,2,rising,FALSE,hall,2,tick,-112,t_us,7_526,dur_us,9_252
[2026-09-22T12:26:19.514] Cog0  BM-ACROSS,seq,1_744,leg,6,motor,RIGHT,phase,1,rising,TRUE,hall,6,tick,-113,t_us,896,dur_us,9_063
[2026-09-22T12:26:19.515] Cog0  BM-ACROSS,seq,1_745,leg,6,motor,RIGHT,phase,0,rising,FALSE,hall,4,tick,-114,t_us,7_586,dur_us,9_194
[2026-09-22T12:26:19.516] Cog0  BM-ACROSS,seq,1_746,leg,6,motor,RIGHT,phase,2,rising,TRUE,hall,5,tick,-115,t_us,660,dur_us,8_997
[2026-09-22T12:26:19.517] Cog0  BM-ACROSS,seq,1_747,leg,6,motor,RIGHT,phase,1,rising,FALSE,hall,1,tick,-116,t_us,6_664,dur_us,7_974
[2026-09-22T12:26:19.518] Cog0  BM-ACROSS,seq,1_748,leg,6,motor,RIGHT,phase,0,rising,TRUE,hall,3,tick,-117,t_us,778,dur_us,8_360
[2026-09-22T12:26:19.520] Cog0  BM-ACROSS,seq,1_749,leg,6,motor,RIGHT,phase,2,rising,FALSE,hall,2,tick,-118,t_us,6_806,dur_us,8_263
[2026-09-22T12:26:19.520] Cog0  BM-ACROSS,seq,1_750,leg,6,motor,RIGHT,phase,1,rising,TRUE,hall,6,tick,-119,t_us,246,dur_us,7_545
[2026-09-22T12:26:19.522] Cog0  BM-ACROSS,seq,1_751,leg,6,motor,RIGHT,phase,0,rising,FALSE,hall,4,tick,-120,t_us,6_836,dur_us,7_908
[2026-09-22T12:26:19.523] Cog0  BM-ACROSS,seq,1_752,leg,6,motor,RIGHT,phase,2,rising,TRUE,hall,5,tick,-121,t_us,660,dur_us,8_071
[2026-09-22T12:26:19.524] Cog0  BM-ACROSS,seq,1_753,leg,6,motor,RIGHT,phase,1,rising,FALSE,hall,1,tick,-122,t_us,6_199,dur_us,7_272
[2026-09-22T12:26:19.525] Cog0  BM-ACROSS,seq,1_754,leg,6,motor,RIGHT,phase,0,rising,TRUE,hall,3,tick,-123,t_us,541,dur_us,7_430
[2026-09-22T12:26:19.526] Cog0  BM-ACROSS,seq,1_755,leg,6,motor,RIGHT,phase,2,rising,FALSE,hall,2,tick,-124,t_us,6_541,dur_us,7_730
[2026-09-22T12:26:19.527] Cog0  BM-ACROSS,seq,1_756,leg,6,motor,RIGHT,phase,1,rising,TRUE,hall,6,tick,-125,t_us,246,dur_us,7_544
[2026-09-22T12:26:19.528] Cog0  BM-ACROSS,seq,1_757,leg,6,motor,RIGHT,phase,0,rising,FALSE,hall,4,tick,-126,t_us,6_140,dur_us,7_035
[2026-09-22T12:26:19.530] Cog0  BM-ACROSS,seq,1_758,leg,6,motor,RIGHT,phase,2,rising,TRUE,hall,5,tick,-127,t_us,482,dur_us,7_431
[2026-09-22T12:26:19.531] Cog0  BM-ACROSS,seq,1_759,leg,6,motor,RIGHT,phase,1,rising,FALSE,hall,1,tick,-128,t_us,6_025,dur_us,7_213
[2026-09-22T12:26:19.532] Cog0  BM-ACROSS,seq,1_760,leg,6,motor,RIGHT,phase,0,rising,TRUE,hall,3,tick,-129,t_us,187,dur_us,6_844
[2026-09-22T12:26:19.533] Cog0  BM-ACROSS,seq,1_761,leg,6,motor,RIGHT,phase,2,rising,FALSE,hall,2,tick,-130,t_us,6_310,dur_us,7_203
[2026-09-22T12:26:19.534] Cog0  BM-ACROSS,seq,1_762,leg,6,motor,RIGHT,phase,1,rising,TRUE,hall,6,tick,-131,t_us,423,dur_us,7_314
[2026-09-22T12:26:19.535] Cog0  BM-ACROSS,seq,1_763,leg,6,motor,RIGHT,phase,0,rising,FALSE,hall,4,tick,-132,t_us,5_909,dur_us,6_685
[2026-09-22T12:26:19.536] Cog0  BM-ACROSS,seq,1_764,leg,6,motor,RIGHT,phase,2,rising,TRUE,hall,5,tick,-133,t_us,423,dur_us,6_967
[2026-09-22T12:26:19.537] Cog0  BM-ACROSS,seq,1_765,leg,6,motor,RIGHT,phase,1,rising,FALSE,hall,1,tick,-134,t_us,6_084,dur_us,6_977
[2026-09-22T12:26:19.538] Cog0  BM-ACROSS,seq,1_766,leg,6,motor,RIGHT,phase,0,rising,TRUE,hall,3,tick,-135,t_us,246,dur_us,7_133
[2026-09-22T12:26:19.540] Cog0  BM-ACROSS,seq,1_767,leg,6,motor,RIGHT,phase,2,rising,FALSE,hall,2,tick,-136,t_us,5_907,dur_us,6_741
[2026-09-22T12:26:19.541] Cog0  BM-ACROSS,seq,1_768,leg,6,motor,RIGHT,phase,1,rising,TRUE,hall,6,tick,-137,t_us,423,dur_us,7_258
[2026-09-22T12:26:19.542] Cog0  BM-ACROSS,seq,1_769,leg,6,motor,RIGHT,phase,0,rising,FALSE,hall,4,tick,-138,t_us,6_139,dur_us,7_329
[2026-09-22T12:26:19.543] Cog0  BM-ACROSS,seq,1_770,leg,6,motor,RIGHT,phase,2,rising,TRUE,hall,5,tick,-139,t_us,187,dur_us,6_848
[2026-09-22T12:26:19.544] Cog0  BM-ACROSS,seq,1_771,leg,6,motor,RIGHT,phase,1,rising,FALSE,hall,1,tick,-140,t_us,6_488,dur_us,7_560
[2026-09-22T12:26:19.545] Cog0  BM-ACROSS,seq,1_772,leg,6,motor,RIGHT,phase,0,rising,TRUE,hall,3,tick,-141,t_us,423,dur_us,7_601
[2026-09-22T12:26:19.546] Cog0  BM-ACROSS,seq,1_773,leg,6,motor,RIGHT,phase,2,rising,FALSE,hall,2,tick,-142,t_us,6_023,dur_us,6_798
[2026-09-22T12:26:19.548] Cog0  BM-ACROSS,seq,1_774,leg,6,motor,RIGHT,phase,1,rising,TRUE,hall,6,tick,-143,t_us,659,dur_us,7_378
[2026-09-22T12:26:19.549] Cog0  BM-ACROSS,seq,1_775,leg,6,motor,RIGHT,phase,0,rising,FALSE,hall,4,tick,-144,t_us,6_315,dur_us,7_268
[2026-09-22T12:26:19.550] Cog0  BM-ACROSS,seq,1_776,leg,6,motor,RIGHT,phase,2,rising,TRUE,hall,5,tick,-145,t_us,246,dur_us,6_732
[2026-09-22T12:26:19.551] Cog0  BM-ACROSS,seq,1_777,leg,6,motor,RIGHT,phase,1,rising,FALSE,hall,1,tick,-146,t_us,6_315,dur_us,7_091
[2026-09-22T12:26:19.552] Cog0  BM-ACROSS,seq,1_778,leg,6,motor,RIGHT,phase,0,rising,TRUE,hall,3,tick,-147,t_us,364,dur_us,6_963
[2026-09-22T12:26:19.553] Cog0  BM-ACROSS,seq,1_779,leg,6,motor,RIGHT,phase,2,rising,FALSE,hall,2,tick,-148,t_us,5_904,dur_us,6_326
[2026-09-22T12:26:19.554] Cog0  BM-ACROSS,seq,1_780,leg,6,motor,RIGHT,phase,1,rising,TRUE,hall,6,tick,-149,t_us,599,dur_us,6_856
[2026-09-22T12:26:19.555] Cog0  BM-ACROSS,seq,1_781,leg,6,motor,RIGHT,phase,0,rising,FALSE,hall,4,tick,-150,t_us,6_139,dur_us,6_973
[2026-09-22T12:26:19.557] Cog0  BM-ACROSS,seq,1_782,leg,6,motor,RIGHT,phase,2,rising,TRUE,hall,5,tick,-151,t_us,246,dur_us,6_386
[2026-09-22T12:26:19.558] Cog0  BM-ACROSS,seq,1_783,leg,6,motor,RIGHT,phase,1,rising,FALSE,hall,1,tick,-152,t_us,6_082,dur_us,6_680
[2026-09-22T12:26:19.559] Cog0  BM-ACROSS,seq,1_784,leg,6,motor,RIGHT,phase,0,rising,TRUE,hall,3,tick,-153,t_us,423,dur_us,6_791
[2026-09-22T12:26:19.560] Cog0  BM-ACROSS,seq,1_785,leg,6,motor,RIGHT,phase,2,rising,FALSE,hall,2,tick,-154,t_us,5_904,dur_us,6_444
[2026-09-22T12:26:19.561] Cog0  BM-ACROSS,seq,1_786,leg,6,motor,RIGHT,phase,1,rising,TRUE,hall,6,tick,-155,t_us,364,dur_us,6_796
[2026-09-22T12:26:19.562] Cog0  BM-ACROSS,seq,1_787,leg,6,motor,RIGHT,phase,0,rising,FALSE,hall,4,tick,-156,t_us,6_198,dur_us,7_033
[2026-09-22T12:26:19.563] Cog0  BM-ACROSS,seq,1_788,leg,6,motor,RIGHT,phase,2,rising,TRUE,hall,5,tick,-157,t_us,305,dur_us,6_791
[2026-09-22T12:26:19.565] Cog0  BM-ACROSS,seq,1_789,leg,6,motor,RIGHT,phase,1,rising,FALSE,hall,1,tick,-158,t_us,6_140,dur_us,6_680
[2026-09-22T12:26:19.565] Cog0  BM-ACROSS,seq,1_790,leg,6,motor,RIGHT,phase,0,rising,TRUE,hall,3,tick,-159,t_us,718,dur_us,7_376
[2026-09-22T12:26:19.567] Cog0  BM-ACROSS,seq,1_791,leg,6,motor,RIGHT,phase,2,rising,FALSE,hall,2,tick,-160,t_us,6_599,dur_us,7_553
[2026-09-22T12:26:19.568] Cog0  BM-ACROSS,seq,1_792,leg,6,motor,RIGHT,phase,1,rising,TRUE,hall,6,tick,-161,t_us,541,dur_us,7_434
[2026-09-22T12:26:19.569] Cog0  BM-ACROSS,seq,1_793,leg,6,motor,RIGHT,phase,0,rising,FALSE,hall,4,tick,-162,t_us,6_891,dur_us,7_907
[2026-09-22T12:26:19.570] Cog0  BM-ACROSS,seq,1_794,leg,6,motor,RIGHT,phase,2,rising,TRUE,hall,5,tick,-163,t_us,719,dur_us,8_016
[2026-09-22T12:26:19.571] Cog0  BM-ACROSS,seq,1_795,leg,6,motor,RIGHT,phase,1,rising,FALSE,hall,1,tick,-164,t_us,7_011,dur_us,7_968
[2026-09-22T12:26:19.572] Cog0  BM-ACROSS,seq,1_796,leg,6,motor,RIGHT,phase,0,rising,TRUE,hall,3,tick,-165,t_us,896,dur_us,8_478
[2026-09-22T12:26:19.573] Cog0  BM-ACROSS,seq,1_797,leg,6,motor,RIGHT,phase,2,rising,FALSE,hall,2,tick,-166,t_us,7_236,dur_us,8_547
[2026-09-22T12:26:19.575] Cog0  BM-ACROSS,seq,1_798,leg,6,motor,RIGHT,phase,1,rising,TRUE,hall,6,tick,-167,t_us,777,dur_us,8_653
[2026-09-22T12:26:19.576] Cog0  BM-ACROSS,seq,1_799,leg,6,motor,RIGHT,phase,0,rising,FALSE,hall,4,tick,-168,t_us,7_124,dur_us,8_377
[2026-09-22T12:26:19.577] Cog0  BM-ACROSS,seq,1_800,leg,6,motor,RIGHT,phase,2,rising,TRUE,hall,5,tick,-169,t_us,1_133,dur_us,9_125
[2026-09-22T12:26:19.578] Cog0  BM-ACROSS,seq,1_801,leg,6,motor,RIGHT,phase,1,rising,FALSE,hall,1,tick,-170,t_us,7_589,dur_us,9_256
[2026-09-22T12:26:19.579] Cog0  BM-ACROSS,seq,1_802,leg,6,motor,RIGHT,phase,0,rising,TRUE,hall,3,tick,-171,t_us,896,dur_us,9_174
[2026-09-22T12:26:19.580] Cog0  BM-ACROSS,seq,1_803,leg,6,motor,RIGHT,phase,2,rising,FALSE,hall,2,tick,-172,t_us,7_988,dur_us,9_773
[2026-09-22T12:26:19.581] Cog0  BM-ACROSS,seq,1_804,leg,6,motor,RIGHT,phase,1,rising,TRUE,hall,6,tick,-173,t_us,1_310,dur_us,10_346
[2026-09-22T12:26:19.583] Cog0  BM-ACROSS,seq,1_805,leg,6,motor,RIGHT,phase,0,rising,FALSE,hall,4,tick,-174,t_us,8_514,dur_us,10_773
[2026-09-22T12:26:19.584] Cog0  BM-ACROSS,seq,1_806,leg,6,motor,RIGHT,phase,2,rising,TRUE,hall,5,tick,-175,t_us,1_843,dur_us,12_034
[2026-09-22T12:26:19.585] Cog0  BM-ACROSS,seq,1_807,leg,6,motor,RIGHT,phase,1,rising,FALSE,hall,1,tick,-176,t_us,8_982,dur_us,11_951
[2026-09-22T12:26:19.586] Cog0  BM-ACROSS,seq,1_808,leg,6,motor,RIGHT,phase,0,rising,TRUE,hall,3,tick,-177,t_us,1_960,dur_us,12_149
[2026-09-22T12:26:19.587] Cog0  BM-ACROSS,seq,1_809,leg,6,motor,RIGHT,phase,2,rising,FALSE,hall,2,tick,-178,t_us,8_976,dur_us,11_650
[2026-09-22T12:26:19.588] Cog0  BM-ACROSS,seq,1_810,leg,6,motor,RIGHT,phase,1,rising,TRUE,hall,6,tick,-179,t_us,1_308,dur_us,10_579
[2026-09-22T12:26:19.589] Cog0  BM-ACROSS,seq,1_811,leg,6,motor,RIGHT,phase,0,rising,FALSE,hall,4,tick,-180,t_us,8_456,dur_us,10_479
[2026-09-22T12:26:19.591] Cog0  BM-ACROSS,seq,1_812,leg,6,motor,RIGHT,phase,2,rising,TRUE,hall,5,tick,-181,t_us,1_074,dur_us,9_819
[2026-09-22T12:26:19.592] Cog0  BM-ACROSS,seq,1_813,leg,6,motor,RIGHT,phase,1,rising,FALSE,hall,1,tick,-182,t_us,7_532,dur_us,8_903
[2026-09-22T12:26:19.593] Cog0  BM-ACROSS,seq,1_814,leg,6,motor,RIGHT,phase,0,rising,TRUE,hall,3,tick,-183,t_us,1_074,dur_us,9_004
[2026-09-22T12:26:19.594] Cog0  BM-ACROSS,seq,1_815,leg,6,motor,RIGHT,phase,2,rising,FALSE,hall,2,tick,-184,t_us,7_352,dur_us,8_841
[2026-09-22T12:26:19.595] Cog0  BM-ACROSS,seq,1_816,leg,6,motor,RIGHT,phase,1,rising,TRUE,hall,6,tick,-185,t_us,541,dur_us,8_245
[2026-09-22T12:26:19.596] Cog0  BM-ACROSS,seq,1_817,leg,6,motor,RIGHT,phase,0,rising,FALSE,hall,4,tick,-186,t_us,7_011,dur_us,8_204
[2026-09-22T12:26:19.597] Cog0  BM-ACROSS,seq,1_818,leg,6,motor,RIGHT,phase,2,rising,TRUE,hall,5,tick,-187,t_us,719,dur_us,8_073
[2026-09-22T12:26:19.599] Cog0  BM-ACROSS,seq,1_819,leg,6,motor,RIGHT,phase,1,rising,FALSE,hall,1,tick,-188,t_us,6_664,dur_us,7_914
[2026-09-22T12:26:19.600] Cog0  BM-ACROSS,seq,1_820,leg,6,motor,RIGHT,phase,0,rising,TRUE,hall,3,tick,-189,t_us,482,dur_us,7_661
[2026-09-22T12:26:19.601] Cog0  BM-ACROSS,seq,1_821,leg,6,motor,RIGHT,phase,2,rising,FALSE,hall,2,tick,-190,t_us,6_773,dur_us,7_787
[2026-09-22T12:26:19.602] Cog0  BM-ACROSS,seq,1_822,leg,6,motor,RIGHT,phase,1,rising,TRUE,hall,6,tick,-191,t_us,659,dur_us,8_014
[2026-09-22T12:26:19.603] Cog0  BM-ACROSS,seq,1_823,leg,6,motor,RIGHT,phase,0,rising,FALSE,hall,4,tick,-192,t_us,6_429,dur_us,7_384
[2026-09-22T12:26:19.603] Cog0  BM-ACROSS,seq,1_824,leg,6,motor,RIGHT,phase,2,rising,TRUE,hall,5,tick,-193,t_us,719,dur_us,7_668
[2026-09-22T12:26:19.605] Cog0  BM-ACROSS,seq,1_825,leg,6,motor,RIGHT,phase,1,rising,FALSE,hall,1,tick,-194,t_us,6_720,dur_us,7_852
[2026-09-22T12:26:19.606] Cog0  BM-ACROSS,seq,1_826,leg,6,motor,RIGHT,phase,0,rising,TRUE,hall,3,tick,-195,t_us,423,dur_us,7_659
[2026-09-22T12:26:19.608] Cog0  BM-ACROSS,seq,1_827,leg,6,motor,RIGHT,phase,2,rising,FALSE,hall,2,tick,-196,t_us,6_718,dur_us,7_673
[2026-09-22T12:26:19.609] Cog0  BM-ACROSS,seq,1_828,leg,6,motor,RIGHT,phase,1,rising,TRUE,hall,6,tick,-197,t_us,600,dur_us,7_783
[2026-09-22T12:26:19.610] Cog0  BM-ACROSS,seq,1_829,leg,6,motor,RIGHT,phase,0,rising,FALSE,hall,4,tick,-198,t_us,6_545,dur_us,7_853
[2026-09-22T12:26:19.611] Cog0  BM-ACROSS,seq,1_830,leg,6,motor,RIGHT,phase,2,rising,TRUE,hall,5,tick,-199,t_us,423,dur_us,7_604
[2026-09-22T12:26:19.612] Cog0  BM-ACROSS,seq,1_831,leg,6,motor,RIGHT,phase,1,rising,FALSE,hall,1,tick,-200,t_us,6_778,dur_us,7_793
[2026-09-22T12:26:19.613] Cog0  BM-ACROSS,seq,1_832,leg,6,motor,RIGHT,phase,0,rising,TRUE,hall,3,tick,-201,t_us,718,dur_us,8_068
[2026-09-22T12:26:19.614] Cog0  BM-ACROSS,seq,1_833,leg,6,motor,RIGHT,phase,2,rising,FALSE,hall,2,tick,-202,t_us,6_484,dur_us,7_558
[2026-09-22T12:26:19.616] Cog0  BM-ACROSS,seq,1_834,leg,6,motor,RIGHT,phase,1,rising,TRUE,hall,6,tick,-203,t_us,541,dur_us,7_551
[2026-09-22T12:26:19.616] Cog0  BM-ACROSS,seq,1_835,leg,6,motor,RIGHT,phase,0,rising,FALSE,hall,4,tick,-204,t_us,6_721,dur_us,7_793
[2026-09-22T12:26:19.618] Cog0  BM-ACROSS,seq,1_836,leg,6,motor,RIGHT,phase,2,rising,TRUE,hall,5,tick,-205,t_us,364,dur_us,7_718
[2026-09-22T12:26:19.619] Cog0  BM-ACROSS,seq,1_837,leg,6,motor,RIGHT,phase,1,rising,FALSE,hall,1,tick,-206,t_us,6_142,dur_us,7_037
[2026-09-22T12:26:19.620] Cog0  BM-ACROSS,seq,1_838,leg,6,motor,RIGHT,phase,0,rising,TRUE,hall,3,tick,-207,t_us,541,dur_us,7_431
[2026-09-22T12:26:19.621] Cog0  BM-ACROSS,seq,1_839,leg,6,motor,RIGHT,phase,2,rising,FALSE,hall,2,tick,-208,t_us,6_311,dur_us,7_498
[2026-09-22T12:26:19.622] Cog0  BM-ACROSS,seq,1_840,leg,6,motor,RIGHT,phase,1,rising,TRUE,hall,6,tick,-209,t_us,187,dur_us,6_907
[2026-09-22T12:26:19.623] Cog0  BM-ACROSS,seq,1_841,leg,6,motor,RIGHT,phase,0,rising,FALSE,hall,4,tick,-210,t_us,6_489,dur_us,7_265
[2026-09-22T12:26:19.624] Cog0  BM-ACROSS,seq,1_842,leg,6,motor,RIGHT,phase,2,rising,TRUE,hall,5,tick,-211,t_us,542,dur_us,7_548
[2026-09-22T12:26:19.626] Cog0  BM-ACROSS,seq,1_843,leg,6,motor,RIGHT,phase,1,rising,FALSE,hall,1,tick,-212,t_us,5_969,dur_us,6_804
[2026-09-22T12:26:19.627] Cog0  BM-ACROSS,seq,1_844,leg,6,motor,RIGHT,phase,0,rising,TRUE,hall,3,tick,-213,t_us,423,dur_us,7_023
[2026-09-22T12:26:19.628] Cog0  BM-ACROSS,seq,1_845,leg,6,motor,RIGHT,phase,2,rising,FALSE,hall,2,tick,-214,t_us,6_309,dur_us,7_439
[2026-09-22T12:26:19.629] Cog0  BM-ACROSS,seq,1_846,leg,6,motor,RIGHT,phase,1,rising,TRUE,hall,6,tick,-215,t_us,246,dur_us,7_369
[2026-09-22T12:26:19.630] Cog0  BM-ACROSS,seq,1_847,leg,6,motor,RIGHT,phase,0,rising,FALSE,hall,4,tick,-216,t_us,6_084,dur_us,6_979
[2026-09-22T12:26:19.631] Cog0  BM-ACROSS,seq,1_848,leg,6,motor,RIGHT,phase,2,rising,TRUE,hall,5,tick,-217,t_us,542,dur_us,7_606
[2026-09-22T12:26:19.632] Cog0  BM-ACROSS,seq,1_849,leg,6,motor,RIGHT,phase,1,rising,FALSE,hall,1,tick,-218,t_us,6_257,dur_us,7_625
[2026-09-22T12:26:19.633] Cog0  BM-ACROSS,seq,1_850,leg,6,motor,RIGHT,phase,0,rising,TRUE,hall,3,tick,-219,t_us,305,dur_us,7_425
[2026-09-22T12:26:19.634] Cog0  BM-ACROSS,seq,1_851,leg,6,motor,RIGHT,phase,2,rising,FALSE,hall,2,tick,-220,t_us,6_889,dur_us,8_141
[2026-09-22T12:26:19.636] Cog0  BM-ACROSS,seq,1_852,leg,6,motor,RIGHT,phase,1,rising,TRUE,hall,6,tick,-221,t_us,541,dur_us,8_359
[2026-09-22T12:26:19.637] Cog0  BM-ACROSS,seq,1_853,leg,6,motor,RIGHT,phase,0,rising,FALSE,hall,4,tick,-222,t_us,6_606,dur_us,7_799
[2026-09-22T12:26:19.638] Cog0  BM-ACROSS,seq,1_854,leg,6,motor,RIGHT,phase,2,rising,TRUE,hall,5,tick,-223,t_us,660,dur_us,8_072
[2026-09-22T12:26:19.639] Cog0  BM-ACROSS,seq,1_855,leg,6,motor,RIGHT,phase,1,rising,FALSE,hall,1,tick,-224,t_us,6_720,dur_us,8_089
[2026-09-22T12:26:19.640] Cog0  BM-ACROSS,seq,1_856,leg,6,motor,RIGHT,phase,0,rising,TRUE,hall,3,tick,-225,t_us,364,dur_us,7_946
[2026-09-22T12:26:19.641] Cog0  BM-ACROSS,seq,1_857,leg,6,motor,RIGHT,phase,2,rising,FALSE,hall,2,tick,-226,t_us,6_254,dur_us,7_208
[2026-09-22T12:26:19.642] Cog0  BM-ACROSS,seq,1_858,leg,6,motor,RIGHT,phase,1,rising,TRUE,hall,6,tick,-227,t_us,541,dur_us,7_491
[2026-09-22T12:26:19.644] Cog0  BM-ACROSS,seq,1_859,leg,6,motor,RIGHT,phase,0,rising,FALSE,hall,4,tick,-228,t_us,6_082,dur_us,7_212
[2026-09-22T12:26:19.645] Cog0  BM-ACROSS,seq,1_860,leg,6,motor,RIGHT,phase,2,rising,TRUE,hall,5,tick,-229,t_us,128,dur_us,6_500
[2026-09-22T12:26:19.646] Cog0  BM-ACROSS,seq,1_861,leg,6,motor,RIGHT,phase,1,rising,FALSE,hall,1,tick,-230,t_us,6_314,dur_us,7_090
[2026-09-22T12:26:19.647] Cog0  BM-ACROSS,seq,1_862,leg,6,motor,RIGHT,phase,0,rising,TRUE,hall,3,tick,-231,t_us,128,dur_us,6_903
[2026-09-22T12:26:19.648] Cog0  BM-ACROSS,seq,1_863,leg,6,motor,RIGHT,phase,2,rising,FALSE,hall,2,tick,-232,t_us,5_674,dur_us,6_096
[2026-09-22T12:26:19.649] Cog0  BM-ACROSS,seq,1_864,leg,6,motor,RIGHT,phase,1,rising,TRUE,hall,6,tick,-233,t_us,364,dur_us,6_679
[2026-09-22T12:26:19.650] Cog0  BM-ACROSS,seq,1_865,leg,6,motor,RIGHT,phase,0,rising,FALSE,hall,4,tick,-234,t_us,5_791,dur_us,6_627
[2026-09-22T12:26:19.652] Cog0  BM-ACROSS,seq,1_866,leg,6,motor,RIGHT,phase,2,rising,TRUE,hall,5,tick,-235,t_us,-119,dur_us,6_091
[2026-09-22T12:26:19.653] Cog0  BM-ACROSS,seq,1_867,leg,6,motor,RIGHT,phase,1,rising,FALSE,hall,1,tick,-236,t_us,5_908,dur_us,6_565
[2026-09-22T12:26:19.654] Cog0  BM-ACROSS,seq,1_868,leg,6,motor,RIGHT,phase,0,rising,TRUE,hall,3,tick,-237,t_us,187,dur_us,6_556
[2026-09-22T12:26:19.655] Cog0  BM-ACROSS,seq,1_869,leg,6,motor,RIGHT,phase,2,rising,FALSE,hall,2,tick,-238,t_us,5_615,dur_us,5_978
[2026-09-22T12:26:19.656] Cog0  BM-ACROSS,seq,1_870,leg,6,motor,RIGHT,phase,1,rising,TRUE,hall,6,tick,-239,t_us,304,dur_us,6_563
[2026-09-22T12:26:19.657] Cog0  BM-ACROSS,seq,1_871,leg,6,motor,RIGHT,phase,0,rising,FALSE,hall,4,tick,-240,t_us,6_024,dur_us,6_799
[2026-09-22T12:26:19.658] Cog0  BM-ACROSS,seq,1_872,leg,6,motor,RIGHT,phase,2,rising,TRUE,hall,5,tick,-241,t_us,187,dur_us,6_270
[2026-09-22T12:26:19.660] Cog0  BM-ACROSS,seq,1_873,leg,6,motor,RIGHT,phase,1,rising,FALSE,hall,1,tick,-242,t_us,5_966,dur_us,6_565
[2026-09-22T12:26:19.661] Cog0  BM-ACROSS,seq,1_874,leg,6,motor,RIGHT,phase,0,rising,TRUE,hall,3,tick,-243,t_us,423,dur_us,6_733
[2026-09-22T12:26:19.662] Cog0  BM-ACROSS,seq,1_875,leg,6,motor,RIGHT,phase,2,rising,FALSE,hall,2,tick,-244,t_us,5_846,dur_us,6_327
[2026-09-22T12:26:19.663] Cog0  BM-ACROSS,seq,1_876,leg,6,motor,RIGHT,phase,1,rising,TRUE,hall,6,tick,-245,t_us,482,dur_us,6_738
[2026-09-22T12:26:19.664] Cog0  BM-ACROSS,seq,1_877,leg,6,motor,RIGHT,phase,0,rising,FALSE,hall,4,tick,-246,t_us,6_140,dur_us,6_916
[2026-09-22T12:26:19.665] Cog0  BM-ACROSS,seq,1_878,leg,6,motor,RIGHT,phase,2,rising,TRUE,hall,5,tick,-247,t_us,246,dur_us,6_560
[2026-09-22T12:26:19.666] Cog0  BM-ACROSS,seq,1_879,leg,6,motor,RIGHT,phase,1,rising,FALSE,hall,3,tick,-249,t_us,-471,dur_us,6_976
[2026-09-22T12:26:19.667] Cog0  BM-ACROSS,seq,1_880,leg,6,motor,RIGHT,phase,0,rising,TRUE,hall,3,tick,-249,t_us,665,dur_us,6_976
[2026-09-22T12:26:19.669] Cog0  BM-ACROSS,seq,1_881,leg,6,motor,RIGHT,phase,2,rising,FALSE,hall,2,tick,-250,t_us,6_253,dur_us,7_087
[2026-09-22T12:26:19.670] Cog0  BM-ACROSS,seq,1_882,leg,6,motor,RIGHT,phase,1,rising,TRUE,hall,6,tick,-251,t_us,423,dur_us,6_853
[2026-09-22T12:26:19.671] Cog0  BM-ACROSS,seq,1_883,leg,6,motor,RIGHT,phase,0,rising,FALSE,hall,4,tick,-252,t_us,6_429,dur_us,7_206
[2026-09-22T12:26:19.672] Cog0  BM-ACROSS,seq,1_884,leg,6,motor,RIGHT,phase,2,rising,TRUE,hall,5,tick,-253,t_us,600,dur_us,7_318
[2026-09-22T12:26:19.673] Cog0  BM-ACROSS,seq,1_885,leg,6,motor,RIGHT,phase,1,rising,FALSE,hall,1,tick,-254,t_us,6_489,dur_us,7_207
[2026-09-22T12:26:19.674] Cog0  BM-ACROSS,seq,1_886,leg,6,motor,RIGHT,phase,0,rising,TRUE,hall,3,tick,-255,t_us,660,dur_us,7_722
[2026-09-22T12:26:19.675] Cog0  BM-ACROSS,seq,1_887,leg,6,motor,RIGHT,phase,2,rising,FALSE,hall,2,tick,-256,t_us,6_715,dur_us,7_788
[2026-09-22T12:26:19.676] Cog0  BM-ACROSS,seq,1_888,leg,6,motor,RIGHT,phase,1,rising,TRUE,hall,6,tick,-257,t_us,659,dur_us,7_956
[2026-09-22T12:26:19.677] Cog0  BM-ACROSS,seq,1_889,leg,6,motor,RIGHT,phase,0,rising,FALSE,hall,4,tick,-258,t_us,6_777,dur_us,7_733
[2026-09-22T12:26:19.679] Cog0  BM-ACROSS,seq,1_890,leg,6,motor,RIGHT,phase,2,rising,TRUE,hall,5,tick,-259,t_us,896,dur_us,8_367
[2026-09-22T12:26:19.680] Cog0  BM-ACROSS,seq,1_891,leg,6,motor,RIGHT,phase,1,rising,FALSE,hall,1,tick,-260,t_us,7_126,dur_us,8_377
[2026-09-22T12:26:19.681] Cog0  BM-ACROSS,seq,1_892,leg,6,motor,RIGHT,phase,0,rising,TRUE,hall,3,tick,-261,t_us,719,dur_us,8_186
[2026-09-22T12:26:19.682] Cog0  BM-ACROSS,seq,1_893,leg,6,motor,RIGHT,phase,2,rising,FALSE,hall,2,tick,-262,t_us,7_294,dur_us,8_428
[2026-09-22T12:26:19.683] Cog0  BM-ACROSS,seq,1_894,leg,6,motor,RIGHT,phase,1,rising,TRUE,hall,6,tick,-263,t_us,778,dur_us,8_366
[2026-09-22T12:26:19.684] Cog0  BM-ACROSS,seq,1_895,leg,6,motor,RIGHT,phase,0,rising,FALSE,hall,4,tick,-264,t_us,7_067,dur_us,8_082
[2026-09-22T12:26:19.685] Cog0  BM-ACROSS,seq,1_896,leg,6,motor,RIGHT,phase,2,rising,TRUE,hall,5,tick,-265,t_us,837,dur_us,8_365
[2026-09-22T12:26:19.686] Cog0  BM-ACROSS,seq,1_897,leg,6,motor,RIGHT,phase,1,rising,FALSE,hall,1,tick,-266,t_us,6_779,dur_us,7_794
[2026-09-22T12:26:19.687] Cog0  BM-ACROSS,seq,1_898,leg,6,motor,RIGHT,phase,0,rising,TRUE,hall,3,tick,-267,t_us,659,dur_us,7_779
[2026-09-22T12:26:19.689] Cog0  BM-ACROSS,seq,1_899,leg,6,motor,RIGHT,phase,2,rising,FALSE,hall,2,tick,-268,t_us,6_485,dur_us,7_556
[2026-09-22T12:26:19.691] Cog0  BM-ACROSS,seq,1_900,leg,6,motor,RIGHT,phase,1,rising,TRUE,hall,6,tick,-269,t_us,423,dur_us,7_258
[2026-09-22T12:26:19.708] Cog0  BM-ALEG,seq,1_901,leg,6,motor,RIGHT,speed,FAST,ask_dir,FORWARD,meas_dir,REVERSE,ticks,-270,span_ms,2_572,edge_s_x10,1_049,samples,119_580,sectors,269,samp_sect,103,cross,268,unusable,0,dropped,0,rail_pm,115,band_railed,0,peak_i_mV,5,bias_still,TRUE,outcome,OK
[2026-09-22T12:26:20.593] Cog0  BM-AGUIDE,seq,1_902,leg,7,motor,RIGHT,ask_dir,REVERSE,speed,FAST,turns,3,ticks,270,bias_still,TRUE,bias_u_mV,59,bias_v_mV,52,bias_w_mV,50,hyst_u_mV,58,hyst_v_mV,27,hyst_w_mV,37,band_railed,2,bias_tries,22
[2026-09-22T12:26:20.608] Cog0  TURN RIGHT WHEEL REVERSE, FAST -- keep turning until output resumes
[2026-09-22T12:26:25.034] Cog0  BM-ACROSS,seq,1_903,leg,7,motor,RIGHT,phase,1,rising,FALSE,hall,1,tick,3,t_us,14_512,dur_us,18_652
[2026-09-22T12:26:25.035] Cog0  BM-ACROSS,seq,1_904,leg,7,motor,RIGHT,phase,2,rising,TRUE,hall,5,tick,4,t_us,4_852,dur_us,15_182
[2026-09-22T12:26:25.037] Cog0  BM-ACROSS,seq,1_905,leg,7,motor,RIGHT,phase,0,rising,FALSE,hall,6,tick,6,t_us,-2_421,dur_us,12_665
[2026-09-22T12:26:25.037] Cog0  BM-ACROSS,seq,1_906,leg,7,motor,RIGHT,phase,1,rising,TRUE,hall,6,tick,6,t_us,3_506,dur_us,12_665
[2026-09-22T12:26:25.039] Cog0  BM-ACROSS,seq,1_907,leg,7,motor,RIGHT,phase,2,rising,FALSE,hall,3,tick,8,t_us,-1_003,dur_us,10_993
[2026-09-22T12:26:25.040] Cog0  BM-ACROSS,seq,1_908,leg,7,motor,RIGHT,phase,0,rising,TRUE,hall,3,tick,8,t_us,3_149,dur_us,10_993
[2026-09-22T12:26:25.041] Cog0  BM-ACROSS,seq,1_909,leg,7,motor,RIGHT,phase,1,rising,FALSE,hall,5,tick,10,t_us,-1_181,dur_us,9_910
[2026-09-22T12:26:25.042] Cog0  BM-ACROSS,seq,1_910,leg,7,motor,RIGHT,phase,2,rising,TRUE,hall,5,tick,10,t_us,2_028,dur_us,9_910
[2026-09-22T12:26:25.043] Cog0  BM-ACROSS,seq,1_911,leg,7,motor,RIGHT,phase,0,rising,FALSE,hall,6,tick,12,t_us,-591,dur_us,9_679
[2026-09-22T12:26:25.044] Cog0  BM-ACROSS,seq,1_912,leg,7,motor,RIGHT,phase,1,rising,TRUE,hall,6,tick,12,t_us,2_262,dur_us,9_679
[2026-09-22T12:26:25.045] Cog0  BM-ACROSS,seq,1_913,leg,7,motor,RIGHT,phase,2,rising,FALSE,hall,3,tick,14,t_us,-649,dur_us,8_813
[2026-09-22T12:26:25.047] Cog0  BM-ACROSS,seq,1_914,leg,7,motor,RIGHT,phase,0,rising,TRUE,hall,3,tick,14,t_us,1_788,dur_us,8_813
[2026-09-22T12:26:25.047] Cog0  BM-ACROSS,seq,1_915,leg,7,motor,RIGHT,phase,1,rising,FALSE,hall,5,tick,16,t_us,-532,dur_us,8_684
[2026-09-22T12:26:25.049] Cog0  BM-ACROSS,seq,1_916,leg,7,motor,RIGHT,phase,2,rising,TRUE,hall,5,tick,16,t_us,1_729,dur_us,8_684
[2026-09-22T12:26:25.050] Cog0  BM-ACROSS,seq,1_917,leg,7,motor,RIGHT,phase,0,rising,FALSE,hall,6,tick,18,t_us,-709,dur_us,8_571
[2026-09-22T12:26:25.051] Cog0  BM-ACROSS,seq,1_918,leg,7,motor,RIGHT,phase,1,rising,TRUE,hall,6,tick,18,t_us,1_789,dur_us,8_571
[2026-09-22T12:26:25.052] Cog0  BM-ACROSS,seq,1_919,leg,7,motor,RIGHT,phase,2,rising,FALSE,hall,3,tick,20,t_us,-355,dur_us,8_869
[2026-09-22T12:26:25.053] Cog0  BM-ACROSS,seq,1_920,leg,7,motor,RIGHT,phase,0,rising,TRUE,hall,3,tick,20,t_us,1_846,dur_us,8_869
[2026-09-22T12:26:25.053] Cog0  BM-ACROSS,seq,1_921,leg,7,motor,RIGHT,phase,1,rising,FALSE,hall,5,tick,22,t_us,-355,dur_us,9_209
[2026-09-22T12:26:25.055] Cog0  BM-ACROSS,seq,1_922,leg,7,motor,RIGHT,phase,2,rising,TRUE,hall,5,tick,22,t_us,1_966,dur_us,9_209
[2026-09-22T12:26:25.056] Cog0  BM-ACROSS,seq,1_923,leg,7,motor,RIGHT,phase,0,rising,FALSE,hall,6,tick,24,t_us,-1_122,dur_us,9_206
[2026-09-22T12:26:25.058] Cog0  BM-ACROSS,seq,1_924,leg,7,motor,RIGHT,phase,1,rising,TRUE,hall,6,tick,24,t_us,1_790,dur_us,9_206
[2026-09-22T12:26:25.058] Cog0  BM-ACROSS,seq,1_925,leg,7,motor,RIGHT,phase,2,rising,FALSE,hall,3,tick,26,t_us,-649,dur_us,9_753
[2026-09-22T12:26:25.060] Cog0  BM-ACROSS,seq,1_926,leg,7,motor,RIGHT,phase,0,rising,TRUE,hall,3,tick,26,t_us,2_380,dur_us,9_753
[2026-09-22T12:26:25.061] Cog0  BM-ACROSS,seq,1_927,leg,7,motor,RIGHT,phase,1,rising,FALSE,hall,5,tick,28,t_us,-827,dur_us,9_911
[2026-09-22T12:26:25.062] Cog0  BM-ACROSS,seq,1_928,leg,7,motor,RIGHT,phase,2,rising,TRUE,hall,5,tick,28,t_us,2_145,dur_us,9_911
[2026-09-22T12:26:25.063] Cog0  BM-ACROSS,seq,1_929,leg,7,motor,RIGHT,phase,0,rising,FALSE,hall,6,tick,30,t_us,-1_063,dur_us,9_384
[2026-09-22T12:26:25.064] Cog0  BM-ACROSS,seq,1_930,leg,7,motor,RIGHT,phase,1,rising,TRUE,hall,6,tick,30,t_us,1_909,dur_us,9_384
[2026-09-22T12:26:25.065] Cog0  BM-ACROSS,seq,1_931,leg,7,motor,RIGHT,phase,2,rising,FALSE,hall,3,tick,32,t_us,-532,dur_us,8_754
[2026-09-22T12:26:25.066] Cog0  BM-ACROSS,seq,1_932,leg,7,motor,RIGHT,phase,0,rising,TRUE,hall,3,tick,32,t_us,1_730,dur_us,8_754
[2026-09-22T12:26:25.068] Cog0  BM-ACROSS,seq,1_933,leg,7,motor,RIGHT,phase,1,rising,FALSE,hall,5,tick,34,t_us,-768,dur_us,8_792
[2026-09-22T12:26:25.068] Cog0  BM-ACROSS,seq,1_934,leg,7,motor,RIGHT,phase,2,rising,TRUE,hall,5,tick,34,t_us,1_434,dur_us,8_792
[2026-09-22T12:26:25.070] Cog0  BM-ACROSS,seq,1_935,leg,7,motor,RIGHT,phase,0,rising,FALSE,hall,6,tick,36,t_us,-591,dur_us,8_509
[2026-09-22T12:26:25.071] Cog0  BM-ACROSS,seq,1_936,leg,7,motor,RIGHT,phase,1,rising,TRUE,hall,6,tick,36,t_us,1_670,dur_us,8_509
[2026-09-22T12:26:25.072] Cog0  BM-ACROSS,seq,1_937,leg,7,motor,RIGHT,phase,2,rising,FALSE,hall,3,tick,38,t_us,-532,dur_us,8_635
[2026-09-22T12:26:25.073] Cog0  BM-ACROSS,seq,1_938,leg,7,motor,RIGHT,phase,0,rising,TRUE,hall,3,tick,38,t_us,1_669,dur_us,8_635
[2026-09-22T12:26:25.074] Cog0  BM-ACROSS,seq,1_939,leg,7,motor,RIGHT,phase,1,rising,FALSE,hall,5,tick,40,t_us,-473,dur_us,8_506
[2026-09-22T12:26:25.075] Cog0  BM-ACROSS,seq,1_940,leg,7,motor,RIGHT,phase,2,rising,TRUE,hall,5,tick,40,t_us,1_552,dur_us,8_506
[2026-09-22T12:26:25.076] Cog0  BM-ACROSS,seq,1_941,leg,7,motor,RIGHT,phase,0,rising,FALSE,hall,6,tick,42,t_us,-650,dur_us,8_329
[2026-09-22T12:26:25.078] Cog0  BM-ACROSS,seq,1_942,leg,7,motor,RIGHT,phase,1,rising,TRUE,hall,6,tick,42,t_us,1_433,dur_us,8_329
[2026-09-22T12:26:25.078] Cog0  BM-ACROSS,seq,1_943,leg,7,motor,RIGHT,phase,2,rising,FALSE,hall,3,tick,44,t_us,-649,dur_us,8_688
[2026-09-22T12:26:25.080] Cog0  BM-ACROSS,seq,1_944,leg,7,motor,RIGHT,phase,0,rising,TRUE,hall,3,tick,44,t_us,1_433,dur_us,8_688
[2026-09-22T12:26:25.081] Cog0  BM-ACROSS,seq,1_945,leg,7,motor,RIGHT,phase,1,rising,FALSE,hall,5,tick,46,t_us,-473,dur_us,8_392
[2026-09-22T12:26:25.081] Cog0  BM-ACROSS,seq,1_946,leg,7,motor,RIGHT,phase,2,rising,TRUE,hall,5,tick,46,t_us,1_611,dur_us,8_392
[2026-09-22T12:26:25.083] Cog0  BM-ACROSS,seq,1_947,leg,7,motor,RIGHT,phase,0,rising,FALSE,hall,6,tick,48,t_us,-709,dur_us,8_623
[2026-09-22T12:26:25.084] Cog0  BM-ACROSS,seq,1_948,leg,7,motor,RIGHT,phase,1,rising,TRUE,hall,6,tick,48,t_us,1_611,dur_us,8_623
[2026-09-22T12:26:25.085] Cog0  BM-ACROSS,seq,1_949,leg,7,motor,RIGHT,phase,2,rising,FALSE,hall,3,tick,50,t_us,-237,dur_us,8_752
[2026-09-22T12:26:25.086] Cog0  BM-ACROSS,seq,1_950,leg,7,motor,RIGHT,phase,0,rising,TRUE,hall,3,tick,50,t_us,1_846,dur_us,8_752
[2026-09-22T12:26:25.087] Cog0  BM-ACROSS,seq,1_951,leg,7,motor,RIGHT,phase,1,rising,FALSE,hall,5,tick,52,t_us,-709,dur_us,8_330
[2026-09-22T12:26:25.089] Cog0  BM-ACROSS,seq,1_952,leg,7,motor,RIGHT,phase,2,rising,TRUE,hall,5,tick,52,t_us,1_492,dur_us,8_330
[2026-09-22T12:26:25.090] Cog0  BM-ACROSS,seq,1_953,leg,7,motor,RIGHT,phase,0,rising,FALSE,hall,6,tick,54,t_us,-886,dur_us,9_084
[2026-09-22T12:26:25.091] Cog0  BM-ACROSS,seq,1_954,leg,7,motor,RIGHT,phase,1,rising,TRUE,hall,6,tick,54,t_us,1_494,dur_us,9_084
[2026-09-22T12:26:25.092] Cog0  BM-ACROSS,seq,1_955,leg,7,motor,RIGHT,phase,2,rising,FALSE,hall,3,tick,56,t_us,-237,dur_us,9_520
[2026-09-22T12:26:25.093] Cog0  BM-ACROSS,seq,1_956,leg,7,motor,RIGHT,phase,0,rising,TRUE,hall,3,tick,56,t_us,2_320,dur_us,9_520
[2026-09-22T12:26:25.094] Cog0  BM-ACROSS,seq,1_957,leg,7,motor,RIGHT,phase,1,rising,FALSE,hall,1,tick,57,t_us,8_867,dur_us,9_822
[2026-09-22T12:26:25.095] Cog0  BM-ACROSS,seq,1_958,leg,7,motor,RIGHT,phase,2,rising,TRUE,hall,5,tick,58,t_us,2_021,dur_us,9_558
[2026-09-22T12:26:25.096] Cog0  BM-ACROSS,seq,1_959,leg,7,motor,RIGHT,phase,0,rising,FALSE,hall,6,tick,60,t_us,-1_181,dur_us,11_194
[2026-09-22T12:26:25.098] Cog0  BM-ACROSS,seq,1_960,leg,7,motor,RIGHT,phase,1,rising,TRUE,hall,6,tick,60,t_us,2_559,dur_us,11_194
[2026-09-22T12:26:25.099] Cog0  BM-ACROSS,seq,1_961,leg,7,motor,RIGHT,phase,2,rising,FALSE,hall,3,tick,62,t_us,-591,dur_us,12_046
[2026-09-22T12:26:25.100] Cog0  BM-ACROSS,seq,1_962,leg,7,motor,RIGHT,phase,0,rising,TRUE,hall,3,tick,62,t_us,3_619,dur_us,12_046
[2026-09-22T12:26:25.101] Cog0  BM-ACROSS,seq,1_963,leg,7,motor,RIGHT,phase,1,rising,FALSE,hall,1,tick,63,t_us,9_968,dur_us,11_809
[2026-09-22T12:26:25.102] Cog0  BM-ACROSS,seq,1_964,leg,7,motor,RIGHT,phase,2,rising,TRUE,hall,5,tick,64,t_us,2_316,dur_us,10_549
[2026-09-22T12:26:25.103] Cog0  BM-ACROSS,seq,1_965,leg,7,motor,RIGHT,phase,0,rising,FALSE,hall,6,tick,66,t_us,-1_181,dur_us,10_677
[2026-09-22T12:26:25.104] Cog0  BM-ACROSS,seq,1_966,leg,7,motor,RIGHT,phase,1,rising,TRUE,hall,6,tick,66,t_us,2_795,dur_us,10_677
[2026-09-22T12:26:25.105] Cog0  BM-ACROSS,seq,1_967,leg,7,motor,RIGHT,phase,2,rising,FALSE,hall,3,tick,68,t_us,-414,dur_us,10_172
[2026-09-22T12:26:25.107] Cog0  BM-ACROSS,seq,1_968,leg,7,motor,RIGHT,phase,0,rising,TRUE,hall,3,tick,68,t_us,2_969,dur_us,10_172
[2026-09-22T12:26:25.107] Cog0  BM-ACROSS,seq,1_969,leg,7,motor,RIGHT,phase,1,rising,FALSE,hall,5,tick,70,t_us,-886,dur_us,9_677
[2026-09-22T12:26:25.109] Cog0  BM-ACROSS,seq,1_970,leg,7,motor,RIGHT,phase,2,rising,TRUE,hall,5,tick,70,t_us,2_027,dur_us,9_677
[2026-09-22T12:26:25.110] Cog0  BM-ACROSS,seq,1_971,leg,7,motor,RIGHT,phase,0,rising,FALSE,hall,6,tick,72,t_us,-533,dur_us,10_148
[2026-09-22T12:26:25.111] Cog0  BM-ACROSS,seq,1_972,leg,7,motor,RIGHT,phase,1,rising,TRUE,hall,6,tick,72,t_us,2_556,dur_us,10_148
[2026-09-22T12:26:25.112] Cog0  BM-ACROSS,seq,1_973,leg,7,motor,RIGHT,phase,2,rising,FALSE,hall,3,tick,74,t_us,-767,dur_us,9_286
[2026-09-22T12:26:25.113] Cog0  BM-ACROSS,seq,1_974,leg,7,motor,RIGHT,phase,0,rising,TRUE,hall,3,tick,74,t_us,2_026,dur_us,9_286
[2026-09-22T12:26:25.114] Cog0  BM-ACROSS,seq,1_975,leg,7,motor,RIGHT,phase,1,rising,FALSE,hall,5,tick,76,t_us,-591,dur_us,9_680
[2026-09-22T12:26:25.115] Cog0  BM-ACROSS,seq,1_976,leg,7,motor,RIGHT,phase,2,rising,TRUE,hall,5,tick,76,t_us,2_203,dur_us,9_680
[2026-09-22T12:26:25.116] Cog0  BM-ACROSS,seq,1_977,leg,7,motor,RIGHT,phase,0,rising,FALSE,hall,6,tick,78,t_us,-533,dur_us,9_395
[2026-09-22T12:26:25.117] Cog0  BM-ACROSS,seq,1_978,leg,7,motor,RIGHT,phase,1,rising,TRUE,hall,6,tick,78,t_us,2_439,dur_us,9_395
[2026-09-22T12:26:25.119] Cog0  BM-ACROSS,seq,1_979,leg,7,motor,RIGHT,phase,2,rising,FALSE,hall,3,tick,80,t_us,-649,dur_us,8_697
[2026-09-22T12:26:25.120] Cog0  BM-ACROSS,seq,1_980,leg,7,motor,RIGHT,phase,0,rising,TRUE,hall,3,tick,80,t_us,1_789,dur_us,8_697
[2026-09-22T12:26:25.121] Cog0  BM-ACROSS,seq,1_981,leg,7,motor,RIGHT,phase,1,rising,FALSE,hall,5,tick,82,t_us,0,dur_us,8_980
[2026-09-22T12:26:25.122] Cog0  BM-ACROSS,seq,1_982,leg,7,motor,RIGHT,phase,2,rising,TRUE,hall,5,tick,82,t_us,2_084,dur_us,8_980
[2026-09-22T12:26:25.123] Cog0  BM-ACROSS,seq,1_983,leg,7,motor,RIGHT,phase,0,rising,FALSE,hall,6,tick,84,t_us,-709,dur_us,7_809
[2026-09-22T12:26:25.124] Cog0  BM-ACROSS,seq,1_984,leg,7,motor,RIGHT,phase,1,rising,TRUE,hall,6,tick,84,t_us,1_433,dur_us,7_809
[2026-09-22T12:26:25.125] Cog0  BM-ACROSS,seq,1_985,leg,7,motor,RIGHT,phase,2,rising,FALSE,hall,3,tick,86,t_us,-296,dur_us,8_051
[2026-09-22T12:26:25.126] Cog0  BM-ACROSS,seq,1_986,leg,7,motor,RIGHT,phase,0,rising,TRUE,hall,3,tick,86,t_us,1_608,dur_us,8_051
[2026-09-22T12:26:25.127] Cog0  BM-ACROSS,seq,1_987,leg,7,motor,RIGHT,phase,1,rising,FALSE,hall,5,tick,88,t_us,-61,dur_us,8_162
[2026-09-22T12:26:25.128] Cog0  BM-ACROSS,seq,1_988,leg,7,motor,RIGHT,phase,2,rising,TRUE,hall,5,tick,88,t_us,1_844,dur_us,8_162
[2026-09-22T12:26:25.130] Cog0  BM-ACROSS,seq,1_989,leg,7,motor,RIGHT,phase,0,rising,FALSE,hall,6,tick,90,t_us,-533,dur_us,7_921
[2026-09-22T12:26:25.131] Cog0  BM-ACROSS,seq,1_990,leg,7,motor,RIGHT,phase,1,rising,TRUE,hall,6,tick,90,t_us,1_432,dur_us,7_921
[2026-09-22T12:26:25.132] Cog0  BM-ACROSS,seq,1_991,leg,7,motor,RIGHT,phase,2,rising,FALSE,hall,3,tick,92,t_us,-61,dur_us,8_693
[2026-09-22T12:26:25.133] Cog0  BM-ACROSS,seq,1_992,leg,7,motor,RIGHT,phase,0,rising,TRUE,hall,3,tick,92,t_us,1_902,dur_us,8_693
[2026-09-22T12:26:25.134] Cog0  BM-ACROSS,seq,1_993,leg,7,motor,RIGHT,phase,1,rising,FALSE,hall,5,tick,94,t_us,-709,dur_us,8_505
[2026-09-22T12:26:25.135] Cog0  BM-ACROSS,seq,1_994,leg,7,motor,RIGHT,phase,2,rising,TRUE,hall,5,tick,94,t_us,1_493,dur_us,8_505
[2026-09-22T12:26:25.136] Cog0  BM-ACROSS,seq,1_995,leg,7,motor,RIGHT,phase,0,rising,FALSE,hall,6,tick,96,t_us,-709,dur_us,9_151
[2026-09-22T12:26:25.138] Cog0  BM-ACROSS,seq,1_996,leg,7,motor,RIGHT,phase,1,rising,TRUE,hall,6,tick,96,t_us,1_907,dur_us,9_151
[2026-09-22T12:26:25.138] Cog0  BM-ACROSS,seq,1_997,leg,7,motor,RIGHT,phase,2,rising,FALSE,hall,3,tick,98,t_us,-532,dur_us,9_288
[2026-09-22T12:26:25.140] Cog0  BM-ACROSS,seq,1_998,leg,7,motor,RIGHT,phase,0,rising,TRUE,hall,3,tick,98,t_us,2_202,dur_us,9_288
[2026-09-22T12:26:25.141] Cog0  BM-ACROSS,seq,1_999,leg,7,motor,RIGHT,phase,1,rising,FALSE,hall,5,tick,100,t_us,-827,dur_us,9_497
[2026-09-22T12:26:25.142] Cog0  BM-ACROSS,seq,2_000,leg,7,motor,RIGHT,phase,2,rising,TRUE,hall,5,tick,100,t_us,1_849,dur_us,9_497
[2026-09-22T12:26:25.143] Cog0  BM-ACROSS,seq,2_001,leg,7,motor,RIGHT,phase,0,rising,FALSE,hall,6,tick,102,t_us,-650,dur_us,9_969
[2026-09-22T12:26:25.144] Cog0  BM-ACROSS,seq,2_002,leg,7,motor,RIGHT,phase,1,rising,TRUE,hall,6,tick,102,t_us,2_262,dur_us,9_969
[2026-09-22T12:26:25.145] Cog0  BM-ACROSS,seq,2_003,leg,7,motor,RIGHT,phase,2,rising,FALSE,hall,3,tick,104,t_us,-767,dur_us,9_456
[2026-09-22T12:26:25.146] Cog0  BM-ACROSS,seq,2_004,leg,7,motor,RIGHT,phase,0,rising,TRUE,hall,3,tick,104,t_us,2_025,dur_us,9_456
[2026-09-22T12:26:25.147] Cog0  BM-ACROSS,seq,2_005,leg,7,motor,RIGHT,phase,1,rising,FALSE,hall,5,tick,106,t_us,-768,dur_us,9_445
[2026-09-22T12:26:25.148] Cog0  BM-ACROSS,seq,2_006,leg,7,motor,RIGHT,phase,2,rising,TRUE,hall,5,tick,106,t_us,1_968,dur_us,9_445
[2026-09-22T12:26:25.150] Cog0  BM-ACROSS,seq,2_007,leg,7,motor,RIGHT,phase,0,rising,FALSE,hall,6,tick,108,t_us,-827,dur_us,9_158
[2026-09-22T12:26:25.151] Cog0  BM-ACROSS,seq,2_008,leg,7,motor,RIGHT,phase,1,rising,TRUE,hall,6,tick,108,t_us,2_085,dur_us,9_158
[2026-09-22T12:26:25.152] Cog0  BM-ACROSS,seq,2_009,leg,7,motor,RIGHT,phase,2,rising,FALSE,hall,3,tick,110,t_us,-532,dur_us,8_930
[2026-09-22T12:26:25.153] Cog0  BM-ACROSS,seq,2_010,leg,7,motor,RIGHT,phase,0,rising,TRUE,hall,3,tick,110,t_us,1_847,dur_us,8_930
[2026-09-22T12:26:25.154] Cog0  BM-ACROSS,seq,2_011,leg,7,motor,RIGHT,phase,1,rising,FALSE,hall,5,tick,112,t_us,-238,dur_us,8_508
[2026-09-22T12:26:25.155] Cog0  BM-ACROSS,seq,2_012,leg,7,motor,RIGHT,phase,2,rising,TRUE,hall,5,tick,112,t_us,1_728,dur_us,8_508
[2026-09-22T12:26:25.156] Cog0  BM-ACROSS,seq,2_013,leg,7,motor,RIGHT,phase,0,rising,FALSE,hall,6,tick,114,t_us,-591,dur_us,7_687
[2026-09-22T12:26:25.157] Cog0  BM-ACROSS,seq,2_014,leg,7,motor,RIGHT,phase,1,rising,TRUE,hall,6,tick,114,t_us,1_254,dur_us,7_687
[2026-09-22T12:26:25.159] Cog0  BM-ACROSS,seq,2_015,leg,7,motor,RIGHT,phase,2,rising,FALSE,hall,3,tick,116,t_us,-120,dur_us,7_526
[2026-09-22T12:26:25.160] Cog0  BM-ACROSS,seq,2_016,leg,7,motor,RIGHT,phase,0,rising,TRUE,hall,3,tick,116,t_us,1_489,dur_us,7_526
[2026-09-22T12:26:25.161] Cog0  BM-ACROSS,seq,2_017,leg,7,motor,RIGHT,phase,1,rising,FALSE,hall,5,tick,118,t_us,-237,dur_us,7_395
[2026-09-22T12:26:25.162] Cog0  BM-ACROSS,seq,2_018,leg,7,motor,RIGHT,phase,2,rising,TRUE,hall,5,tick,118,t_us,1_253,dur_us,7_395
[2026-09-22T12:26:25.162] Cog0  BM-ACROSS,seq,2_019,leg,7,motor,RIGHT,phase,0,rising,FALSE,hall,6,tick,120,t_us,-238,dur_us,7_163
[2026-09-22T12:26:25.164] Cog0  BM-ACROSS,seq,2_020,leg,7,motor,RIGHT,phase,1,rising,TRUE,hall,6,tick,120,t_us,1_193,dur_us,7_163
[2026-09-22T12:26:25.165] Cog0  BM-ACROSS,seq,2_021,leg,7,motor,RIGHT,phase,2,rising,FALSE,hall,3,tick,122,t_us,-60,dur_us,6_938
[2026-09-22T12:26:25.167] Cog0  BM-ACROSS,seq,2_022,leg,7,motor,RIGHT,phase,0,rising,TRUE,hall,3,tick,122,t_us,1_135,dur_us,6_938
[2026-09-22T12:26:25.167] Cog0  BM-ACROSS,seq,2_023,leg,7,motor,RIGHT,phase,1,rising,FALSE,hall,5,tick,124,t_us,-237,dur_us,7_216
[2026-09-22T12:26:25.169] Cog0  BM-ACROSS,seq,2_024,leg,7,motor,RIGHT,phase,2,rising,TRUE,hall,5,tick,124,t_us,959,dur_us,7_216
[2026-09-22T12:26:25.170] Cog0  BM-ACROSS,seq,2_025,leg,7,motor,RIGHT,phase,0,rising,FALSE,hall,6,tick,126,t_us,-179,dur_us,7_047
[2026-09-22T12:26:25.171] Cog0  BM-ACROSS,seq,2_026,leg,7,motor,RIGHT,phase,1,rising,TRUE,hall,6,tick,126,t_us,1_252,dur_us,7_047
[2026-09-22T12:26:25.172] Cog0  BM-ACROSS,seq,2_027,leg,7,motor,RIGHT,phase,2,rising,FALSE,hall,3,tick,128,t_us,-178,dur_us,7_172
[2026-09-22T12:26:25.173] Cog0  BM-ACROSS,seq,2_028,leg,7,motor,RIGHT,phase,0,rising,TRUE,hall,3,tick,128,t_us,1_253,dur_us,7_172
[2026-09-22T12:26:25.174] Cog0  BM-ACROSS,seq,2_029,leg,7,motor,RIGHT,phase,1,rising,FALSE,hall,5,tick,130,t_us,-237,dur_us,7_103
[2026-09-22T12:26:25.175] Cog0  BM-ACROSS,seq,2_030,leg,7,motor,RIGHT,phase,2,rising,TRUE,hall,5,tick,130,t_us,1_076,dur_us,7_103
[2026-09-22T12:26:25.177] Cog0  BM-ACROSS,seq,2_031,leg,7,motor,RIGHT,phase,0,rising,FALSE,hall,6,tick,132,t_us,-296,dur_us,6_987
[2026-09-22T12:26:25.178] Cog0  BM-ACROSS,seq,2_032,leg,7,motor,RIGHT,phase,1,rising,TRUE,hall,6,tick,132,t_us,1_134,dur_us,6_987
[2026-09-22T12:26:25.179] Cog0  BM-ACROSS,seq,2_033,leg,7,motor,RIGHT,phase,2,rising,FALSE,hall,3,tick,134,t_us,-296,dur_us,7_284
[2026-09-22T12:26:25.180] Cog0  BM-ACROSS,seq,2_034,leg,7,motor,RIGHT,phase,0,rising,TRUE,hall,3,tick,134,t_us,1_018,dur_us,7_284
[2026-09-22T12:26:25.181] Cog0  BM-ACROSS,seq,2_035,leg,7,motor,RIGHT,phase,1,rising,FALSE,hall,5,tick,136,t_us,-237,dur_us,7_221
[2026-09-22T12:26:25.182] Cog0  BM-ACROSS,seq,2_036,leg,7,motor,RIGHT,phase,2,rising,TRUE,hall,5,tick,136,t_us,1_194,dur_us,7_221
[2026-09-22T12:26:25.183] Cog0  BM-ACROSS,seq,2_037,leg,7,motor,RIGHT,phase,0,rising,FALSE,hall,6,tick,138,t_us,-415,dur_us,7_571
[2026-09-22T12:26:25.184] Cog0  BM-ACROSS,seq,2_038,leg,7,motor,RIGHT,phase,1,rising,TRUE,hall,6,tick,138,t_us,1_254,dur_us,7_571
[2026-09-22T12:26:25.185] Cog0  BM-ACROSS,seq,2_039,leg,7,motor,RIGHT,phase,2,rising,FALSE,hall,3,tick,140,t_us,-120,dur_us,7_931
[2026-09-22T12:26:25.187] Cog0  BM-ACROSS,seq,2_040,leg,7,motor,RIGHT,phase,0,rising,TRUE,hall,3,tick,140,t_us,1_548,dur_us,7_931
[2026-09-22T12:26:25.188] Cog0  BM-ACROSS,seq,2_041,leg,7,motor,RIGHT,phase,1,rising,FALSE,hall,5,tick,142,t_us,-473,dur_us,7_687
[2026-09-22T12:26:25.189] Cog0  BM-ACROSS,seq,2_042,leg,7,motor,RIGHT,phase,2,rising,TRUE,hall,5,tick,142,t_us,1_255,dur_us,7_687
[2026-09-22T12:26:25.190] Cog0  BM-ACROSS,seq,2_043,leg,7,motor,RIGHT,phase,0,rising,FALSE,hall,6,tick,144,t_us,-768,dur_us,8_381
[2026-09-22T12:26:25.191] Cog0  BM-ACROSS,seq,2_044,leg,7,motor,RIGHT,phase,1,rising,TRUE,hall,6,tick,144,t_us,1_255,dur_us,8_381
[2026-09-22T12:26:25.192] Cog0  BM-ACROSS,seq,2_045,leg,7,motor,RIGHT,phase,2,rising,FALSE,hall,3,tick,146,t_us,-178,dur_us,8_580
[2026-09-22T12:26:25.193] Cog0  BM-ACROSS,seq,2_046,leg,7,motor,RIGHT,phase,0,rising,TRUE,hall,3,tick,146,t_us,2_021,dur_us,8_580
[2026-09-22T12:26:25.194] Cog0  BM-ACROSS,seq,2_047,leg,7,motor,RIGHT,phase,1,rising,FALSE,hall,5,tick,148,t_us,-709,dur_us,8_044
[2026-09-22T12:26:25.196] Cog0  BM-ACROSS,seq,2_048,leg,7,motor,RIGHT,phase,2,rising,TRUE,hall,5,tick,148,t_us,1_493,dur_us,8_044
[2026-09-22T12:26:25.197] Cog0  BM-ACROSS,seq,2_049,leg,7,motor,RIGHT,phase,0,rising,FALSE,hall,6,tick,150,t_us,-474,dur_us,8_624
[2026-09-22T12:26:25.198] Cog0  BM-ACROSS,seq,2_050,leg,7,motor,RIGHT,phase,1,rising,TRUE,hall,6,tick,150,t_us,1_670,dur_us,8_624
[2026-09-22T12:26:25.199] Cog0  BM-ACROSS,seq,2_051,leg,7,motor,RIGHT,phase,2,rising,FALSE,hall,3,tick,152,t_us,125,dur_us,8_816
[2026-09-22T12:26:25.200] Cog0  BM-ACROSS,seq,2_052,leg,7,motor,RIGHT,phase,0,rising,TRUE,hall,3,tick,152,t_us,2_199,dur_us,8_816
[2026-09-22T12:26:25.201] Cog0  BM-ACROSS,seq,2_053,leg,7,motor,RIGHT,phase,1,rising,FALSE,hall,1,tick,153,t_us,8_170,dur_us,8_948
[2026-09-22T12:26:25.202] Cog0  BM-ACROSS,seq,2_054,leg,7,motor,RIGHT,phase,2,rising,TRUE,hall,5,tick,154,t_us,1_310,dur_us,8_208
[2026-09-22T12:26:25.203] Cog0  BM-ACROSS,seq,2_055,leg,7,motor,RIGHT,phase,0,rising,FALSE,hall,6,tick,156,t_us,-591,dur_us,9_270
[2026-09-22T12:26:25.204] Cog0  BM-ACROSS,seq,2_056,leg,7,motor,RIGHT,phase,1,rising,TRUE,hall,6,tick,156,t_us,2_025,dur_us,9_270
[2026-09-22T12:26:25.206] Cog0  BM-ACROSS,seq,2_057,leg,7,motor,RIGHT,phase,2,rising,FALSE,hall,3,tick,158,t_us,-237,dur_us,9_641
[2026-09-22T12:26:25.206] Cog0  BM-ACROSS,seq,2_058,leg,7,motor,RIGHT,phase,0,rising,TRUE,hall,3,tick,158,t_us,2_614,dur_us,9_641
[2026-09-22T12:26:25.208] Cog0  BM-ACROSS,seq,2_059,leg,7,motor,RIGHT,phase,1,rising,FALSE,hall,5,tick,160,t_us,-768,dur_us,9_445
[2026-09-22T12:26:25.209] Cog0  BM-ACROSS,seq,2_060,leg,7,motor,RIGHT,phase,2,rising,TRUE,hall,5,tick,160,t_us,1_968,dur_us,9_445
[2026-09-22T12:26:25.210] Cog0  BM-ACROSS,seq,2_061,leg,7,motor,RIGHT,phase,0,rising,FALSE,hall,6,tick,162,t_us,-356,dur_us,9_683
[2026-09-22T12:26:25.211] Cog0  BM-ACROSS,seq,2_062,leg,7,motor,RIGHT,phase,1,rising,TRUE,hall,6,tick,162,t_us,2_438,dur_us,9_683
[2026-09-22T12:26:25.212] Cog0  BM-ACROSS,seq,2_063,leg,7,motor,RIGHT,phase,2,rising,FALSE,hall,3,tick,164,t_us,-649,dur_us,8_641
[2026-09-22T12:26:25.214] Cog0  BM-ACROSS,seq,2_064,leg,7,motor,RIGHT,phase,0,rising,TRUE,hall,3,tick,164,t_us,1_848,dur_us,8_641
[2026-09-22T12:26:25.214] Cog0  BM-ACROSS,seq,2_065,leg,7,motor,RIGHT,phase,1,rising,FALSE,hall,5,tick,166,t_us,-415,dur_us,8_801
[2026-09-22T12:26:25.216] Cog0  BM-ACROSS,seq,2_066,leg,7,motor,RIGHT,phase,2,rising,TRUE,hall,5,tick,166,t_us,1_847,dur_us,8_801
[2026-09-22T12:26:25.217] Cog0  BM-ACROSS,seq,2_067,leg,7,motor,RIGHT,phase,0,rising,FALSE,hall,6,tick,168,t_us,-238,dur_us,8_518
[2026-09-22T12:26:25.218] Cog0  BM-ACROSS,seq,2_068,leg,7,motor,RIGHT,phase,1,rising,TRUE,hall,6,tick,168,t_us,2_084,dur_us,8_518
[2026-09-22T12:26:25.219] Cog0  BM-ACROSS,seq,2_069,leg,7,motor,RIGHT,phase,2,rising,FALSE,hall,3,tick,170,t_us,-414,dur_us,7_993
[2026-09-22T12:26:25.220] Cog0  BM-ACROSS,seq,2_070,leg,7,motor,RIGHT,phase,0,rising,TRUE,hall,3,tick,170,t_us,1_551,dur_us,7_993
[2026-09-22T12:26:25.221] Cog0  BM-ACROSS,seq,2_071,leg,7,motor,RIGHT,phase,1,rising,FALSE,hall,5,tick,172,t_us,67,dur_us,8_395
[2026-09-22T12:26:25.222] Cog0  BM-ACROSS,seq,2_072,leg,7,motor,RIGHT,phase,2,rising,TRUE,hall,5,tick,172,t_us,1_788,dur_us,8_395
[2026-09-22T12:26:25.224] Cog0  BM-ACROSS,seq,2_073,leg,7,motor,RIGHT,phase,0,rising,FALSE,hall,6,tick,174,t_us,-533,dur_us,7_632
[2026-09-22T12:26:25.225] Cog0  BM-ACROSS,seq,2_074,leg,7,motor,RIGHT,phase,1,rising,TRUE,hall,6,tick,174,t_us,1_373,dur_us,7_632
[2026-09-22T12:26:25.226] Cog0  BM-ACROSS,seq,2_075,leg,7,motor,RIGHT,phase,2,rising,FALSE,hall,3,tick,176,t_us,-178,dur_us,8_051
[2026-09-22T12:26:25.227] Cog0  BM-ACROSS,seq,2_076,leg,7,motor,RIGHT,phase,0,rising,TRUE,hall,3,tick,176,t_us,1_608,dur_us,8_051
[2026-09-22T12:26:25.228] Cog0  BM-ACROSS,seq,2_077,leg,7,motor,RIGHT,phase,1,rising,FALSE,hall,5,tick,178,t_us,0,dur_us,8_341
[2026-09-22T12:26:25.229] Cog0  BM-ACROSS,seq,2_078,leg,7,motor,RIGHT,phase,2,rising,TRUE,hall,5,tick,178,t_us,1_849,dur_us,8_341
[2026-09-22T12:26:25.230] Cog0  BM-ACROSS,seq,2_079,leg,7,motor,RIGHT,phase,0,rising,FALSE,hall,6,tick,180,t_us,-650,dur_us,8_155
[2026-09-22T12:26:25.231] Cog0  BM-ACROSS,seq,2_080,leg,7,motor,RIGHT,phase,1,rising,TRUE,hall,6,tick,180,t_us,1_492,dur_us,8_155
[2026-09-22T12:26:25.232] Cog0  BM-ACROSS,seq,2_081,leg,7,motor,RIGHT,phase,2,rising,FALSE,hall,3,tick,182,t_us,0,dur_us,9_048
[2026-09-22T12:26:25.233] Cog0  BM-ACROSS,seq,2_082,leg,7,motor,RIGHT,phase,0,rising,TRUE,hall,3,tick,182,t_us,2_024,dur_us,9_048
[2026-09-22T12:26:25.235] Cog0  BM-ACROSS,seq,2_083,leg,7,motor,RIGHT,phase,1,rising,FALSE,hall,5,tick,184,t_us,-768,dur_us,8_971
[2026-09-22T12:26:25.236] Cog0  BM-ACROSS,seq,2_084,leg,7,motor,RIGHT,phase,2,rising,TRUE,hall,5,tick,184,t_us,1_612,dur_us,8_971
[2026-09-22T12:26:25.237] Cog0  BM-ACROSS,seq,2_085,leg,7,motor,RIGHT,phase,0,rising,FALSE,hall,6,tick,186,t_us,-945,dur_us,9_677
[2026-09-22T12:26:25.238] Cog0  BM-ACROSS,seq,2_086,leg,7,motor,RIGHT,phase,1,rising,TRUE,hall,6,tick,186,t_us,2_144,dur_us,9_677
[2026-09-22T12:26:25.239] Cog0  BM-ACROSS,seq,2_087,leg,7,motor,RIGHT,phase,2,rising,FALSE,hall,3,tick,188,t_us,-708,dur_us,9_817
[2026-09-22T12:26:25.240] Cog0  BM-ACROSS,seq,2_088,leg,7,motor,RIGHT,phase,0,rising,TRUE,hall,3,tick,188,t_us,2_439,dur_us,9_817
[2026-09-22T12:26:25.241] Cog0  BM-ACROSS,seq,2_089,leg,7,motor,RIGHT,phase,1,rising,FALSE,hall,1,tick,189,t_us,9_215,dur_us,10_229
[2026-09-22T12:26:25.243] Cog0  BM-ACROSS,seq,2_090,leg,7,motor,RIGHT,phase,2,rising,TRUE,hall,5,tick,190,t_us,1_961,dur_us,9_842
[2026-09-22T12:26:25.244] Cog0  BM-ACROSS,seq,2_091,leg,7,motor,RIGHT,phase,0,rising,FALSE,hall,6,tick,192,t_us,-709,dur_us,10_205
[2026-09-22T12:26:25.245] Cog0  BM-ACROSS,seq,2_092,leg,7,motor,RIGHT,phase,1,rising,TRUE,hall,6,tick,192,t_us,2_380,dur_us,10_205
[2026-09-22T12:26:25.246] Cog0  BM-ACROSS,seq,2_093,leg,7,motor,RIGHT,phase,2,rising,FALSE,hall,3,tick,194,t_us,-767,dur_us,9_518
[2026-09-22T12:26:25.247] Cog0  BM-ACROSS,seq,2_094,leg,7,motor,RIGHT,phase,0,rising,TRUE,hall,3,tick,194,t_us,2_085,dur_us,9_518
[2026-09-22T12:26:25.248] Cog0  BM-ACROSS,seq,2_095,leg,7,motor,RIGHT,phase,1,rising,FALSE,hall,5,tick,196,t_us,-768,dur_us,9_445
[2026-09-22T12:26:25.249] Cog0  BM-ACROSS,seq,2_096,leg,7,motor,RIGHT,phase,2,rising,TRUE,hall,5,tick,196,t_us,2_026,dur_us,9_445
[2026-09-22T12:26:25.250] Cog0  BM-ACROSS,seq,2_097,leg,7,motor,RIGHT,phase,0,rising,FALSE,hall,6,tick,198,t_us,-886,dur_us,9_040
[2026-09-22T12:26:25.251] Cog0  BM-ACROSS,seq,2_098,leg,7,motor,RIGHT,phase,1,rising,TRUE,hall,6,tick,198,t_us,2_026,dur_us,9_040
[2026-09-22T12:26:25.253] Cog0  BM-ACROSS,seq,2_099,leg,7,motor,RIGHT,phase,2,rising,FALSE,hall,3,tick,200,t_us,-591,dur_us,8_928
[2026-09-22T12:26:25.254] Cog0  BM-ACROSS,seq,2_100,leg,7,motor,RIGHT,phase,0,rising,TRUE,hall,3,tick,200,t_us,1_906,dur_us,8_928
[2026-09-22T12:26:25.255] Cog0  BM-ACROSS,seq,2_101,leg,7,motor,RIGHT,phase,1,rising,FALSE,hall,5,tick,202,t_us,-238,dur_us,8_567
[2026-09-22T12:26:25.256] Cog0  BM-ACROSS,seq,2_102,leg,7,motor,RIGHT,phase,2,rising,TRUE,hall,5,tick,202,t_us,1_787,dur_us,8_567
[2026-09-22T12:26:25.257] Cog0  BM-ACROSS,seq,2_103,leg,7,motor,RIGHT,phase,0,rising,FALSE,hall,6,tick,204,t_us,-650,dur_us,7_804
[2026-09-22T12:26:25.258] Cog0  BM-ACROSS,seq,2_104,leg,7,motor,RIGHT,phase,1,rising,TRUE,hall,6,tick,204,t_us,1_255,dur_us,7_804
[2026-09-22T12:26:25.259] Cog0  BM-ACROSS,seq,2_105,leg,7,motor,RIGHT,phase,2,rising,FALSE,hall,3,tick,206,t_us,-237,dur_us,7_701
[2026-09-22T12:26:25.261] Cog0  BM-ACROSS,seq,2_106,leg,7,motor,RIGHT,phase,0,rising,TRUE,hall,3,tick,206,t_us,1_549,dur_us,7_701
[2026-09-22T12:26:25.261] Cog0  BM-ACROSS,seq,2_107,leg,7,motor,RIGHT,phase,1,rising,FALSE,hall,5,tick,208,t_us,-237,dur_us,7_688
[2026-09-22T12:26:25.263] Cog0  BM-ACROSS,seq,2_108,leg,7,motor,RIGHT,phase,2,rising,TRUE,hall,5,tick,208,t_us,1_372,dur_us,7_688
[2026-09-22T12:26:25.264] Cog0  BM-ACROSS,seq,2_109,leg,7,motor,RIGHT,phase,0,rising,FALSE,hall,6,tick,210,t_us,-356,dur_us,7_452
[2026-09-22T12:26:25.264] Cog0  BM-ACROSS,seq,2_110,leg,7,motor,RIGHT,phase,1,rising,TRUE,hall,6,tick,210,t_us,1_194,dur_us,7_452
[2026-09-22T12:26:25.266] Cog0  BM-ACROSS,seq,2_111,leg,7,motor,RIGHT,phase,2,rising,FALSE,hall,3,tick,212,t_us,-119,dur_us,7_289
[2026-09-22T12:26:25.267] Cog0  BM-ACROSS,seq,2_112,leg,7,motor,RIGHT,phase,0,rising,TRUE,hall,3,tick,212,t_us,1_312,dur_us,7_289
[2026-09-22T12:26:25.268] Cog0  BM-ACROSS,seq,2_113,leg,7,motor,RIGHT,phase,1,rising,FALSE,hall,5,tick,214,t_us,-355,dur_us,7_564
[2026-09-22T12:26:25.269] Cog0  BM-ACROSS,seq,2_114,leg,7,motor,RIGHT,phase,2,rising,TRUE,hall,5,tick,214,t_us,1_076,dur_us,7_564
[2026-09-22T12:26:25.270] Cog0  BM-ACROSS,seq,2_115,leg,7,motor,RIGHT,phase,0,rising,FALSE,hall,6,tick,216,t_us,-297,dur_us,7_397
[2026-09-22T12:26:25.272] Cog0  BM-ACROSS,seq,2_116,leg,7,motor,RIGHT,phase,1,rising,TRUE,hall,6,tick,216,t_us,1_312,dur_us,7_397
[2026-09-22T12:26:25.273] Cog0  BM-ACROSS,seq,2_117,leg,7,motor,RIGHT,phase,2,rising,FALSE,hall,3,tick,218,t_us,-237,dur_us,7_639
[2026-09-22T12:26:25.274] Cog0  BM-ACROSS,seq,2_118,leg,7,motor,RIGHT,phase,0,rising,TRUE,hall,3,tick,218,t_us,1_371,dur_us,7_639
[2026-09-22T12:26:25.275] Cog0  BM-ACROSS,seq,2_119,leg,7,motor,RIGHT,phase,1,rising,FALSE,hall,5,tick,220,t_us,-355,dur_us,7_629
[2026-09-22T12:26:25.276] Cog0  BM-ACROSS,seq,2_120,leg,7,motor,RIGHT,phase,2,rising,TRUE,hall,5,tick,220,t_us,1_314,dur_us,7_629
[2026-09-22T12:26:25.277] Cog0  BM-ACROSS,seq,2_121,leg,7,motor,RIGHT,phase,0,rising,FALSE,hall,6,tick,222,t_us,-474,dur_us,7_686
[2026-09-22T12:26:25.278] Cog0  BM-ACROSS,seq,2_122,leg,7,motor,RIGHT,phase,1,rising,TRUE,hall,6,tick,222,t_us,1_253,dur_us,7_686
[2026-09-22T12:26:25.280] Cog0  BM-ACROSS,seq,2_123,leg,7,motor,RIGHT,phase,2,rising,FALSE,hall,3,tick,224,t_us,-414,dur_us,8_161
[2026-09-22T12:26:25.281] Cog0  BM-ACROSS,seq,2_124,leg,7,motor,RIGHT,phase,0,rising,TRUE,hall,3,tick,224,t_us,1_255,dur_us,8_161
[2026-09-22T12:26:25.282] Cog0  BM-ACROSS,seq,2_125,leg,7,motor,RIGHT,phase,1,rising,FALSE,hall,5,tick,226,t_us,-445,dur_us,8_040
[2026-09-22T12:26:25.283] Cog0  BM-ACROSS,seq,2_126,leg,7,motor,RIGHT,phase,2,rising,TRUE,hall,5,tick,226,t_us,1_491,dur_us,8_040
[2026-09-22T12:26:25.284] Cog0  BM-ACROSS,seq,2_127,leg,7,motor,RIGHT,phase,0,rising,FALSE,hall,6,tick,228,t_us,-651,dur_us,8_390
[2026-09-22T12:26:25.285] Cog0  BM-ACROSS,seq,2_128,leg,7,motor,RIGHT,phase,1,rising,TRUE,hall,6,tick,228,t_us,1_552,dur_us,8_390
[2026-09-22T12:26:25.286] Cog0  BM-ACROSS,seq,2_129,leg,7,motor,RIGHT,phase,2,rising,FALSE,hall,3,tick,230,t_us,-178,dur_us,8_460
[2026-09-22T12:26:25.287] Cog0  BM-ACROSS,seq,2_130,leg,7,motor,RIGHT,phase,0,rising,TRUE,hall,3,tick,230,t_us,1_728,dur_us,8_460
[2026-09-22T12:26:25.288] Cog0  BM-ACROSS,seq,2_131,leg,7,motor,RIGHT,phase,1,rising,FALSE,hall,5,tick,232,t_us,-532,dur_us,7_745
[2026-09-22T12:26:25.290] Cog0  BM-ACROSS,seq,2_132,leg,7,motor,RIGHT,phase,2,rising,TRUE,hall,5,tick,232,t_us,1_255,dur_us,7_745
[2026-09-22T12:26:25.291] Cog0  BM-ACROSS,seq,2_133,leg,7,motor,RIGHT,phase,0,rising,FALSE,hall,6,tick,234,t_us,-709,dur_us,8_032
[2026-09-22T12:26:25.292] Cog0  BM-ACROSS,seq,2_134,leg,7,motor,RIGHT,phase,1,rising,TRUE,hall,6,tick,234,t_us,1_195,dur_us,8_032
[2026-09-22T12:26:25.293] Cog0  BM-ACROSS,seq,2_135,leg,7,motor,RIGHT,phase,2,rising,FALSE,hall,3,tick,236,t_us,0,dur_us,8_056
[2026-09-22T12:26:25.294] Cog0  BM-ACROSS,seq,2_136,leg,7,motor,RIGHT,phase,0,rising,TRUE,hall,3,tick,236,t_us,1_729,dur_us,8_056
[2026-09-22T12:26:25.295] Cog0  BM-ACROSS,seq,2_137,leg,7,motor,RIGHT,phase,1,rising,FALSE,hall,5,tick,238,t_us,-532,dur_us,7_576
[2026-09-22T12:26:25.296] Cog0  BM-ACROSS,seq,2_138,leg,7,motor,RIGHT,phase,2,rising,TRUE,hall,5,tick,238,t_us,1_315,dur_us,7_576
[2026-09-22T12:26:25.298] Cog0  BM-ACROSS,seq,2_139,leg,7,motor,RIGHT,phase,0,rising,FALSE,hall,6,tick,240,t_us,-356,dur_us,8_272
[2026-09-22T12:26:25.298] Cog0  BM-ACROSS,seq,2_140,leg,7,motor,RIGHT,phase,1,rising,TRUE,hall,6,tick,240,t_us,1_610,dur_us,8_272
[2026-09-22T12:26:25.300] Cog0  BM-ACROSS,seq,2_141,leg,7,motor,RIGHT,phase,2,rising,FALSE,hall,3,tick,242,t_us,243,dur_us,8_348
[2026-09-22T12:26:25.301] Cog0  BM-ACROSS,seq,2_142,leg,7,motor,RIGHT,phase,0,rising,TRUE,hall,3,tick,242,t_us,2_021,dur_us,8_348
[2026-09-22T12:26:25.302] Cog0  BM-ACROSS,seq,2_143,leg,7,motor,RIGHT,phase,1,rising,FALSE,hall,5,tick,244,t_us,-591,dur_us,7_338
[2026-09-22T12:26:25.303] Cog0  BM-ACROSS,seq,2_144,leg,7,motor,RIGHT,phase,2,rising,TRUE,hall,5,tick,244,t_us,1_079,dur_us,7_338
[2026-09-22T12:26:25.304] Cog0  BM-ACROSS,seq,2_145,leg,7,motor,RIGHT,phase,0,rising,FALSE,hall,6,tick,246,t_us,-179,dur_us,7_752
[2026-09-22T12:26:25.305] Cog0  BM-ACROSS,seq,2_146,leg,7,motor,RIGHT,phase,1,rising,TRUE,hall,6,tick,246,t_us,1_609,dur_us,7_752
[2026-09-22T12:26:25.306] Cog0  BM-ACROSS,seq,2_147,leg,7,motor,RIGHT,phase,2,rising,FALSE,hall,3,tick,248,t_us,184,dur_us,7_591
[2026-09-22T12:26:25.307] Cog0  BM-ACROSS,seq,2_148,leg,7,motor,RIGHT,phase,0,rising,TRUE,hall,3,tick,248,t_us,1_785,dur_us,7_591
[2026-09-22T12:26:25.308] Cog0  BM-ACROSS,seq,2_149,leg,7,motor,RIGHT,phase,1,rising,FALSE,hall,5,tick,250,t_us,-119,dur_us,7_222
[2026-09-22T12:26:25.310] Cog0  BM-ACROSS,seq,2_150,leg,7,motor,RIGHT,phase,2,rising,TRUE,hall,5,tick,250,t_us,1_195,dur_us,7_222
[2026-09-22T12:26:25.311] Cog0  BM-ACROSS,seq,2_151,leg,7,motor,RIGHT,phase,0,rising,FALSE,hall,6,tick,252,t_us,126,dur_us,7_578
[2026-09-22T12:26:25.312] Cog0  BM-ACROSS,seq,2_152,leg,7,motor,RIGHT,phase,1,rising,TRUE,hall,6,tick,252,t_us,1_667,dur_us,7_578
[2026-09-22T12:26:25.313] Cog0  BM-ACROSS,seq,2_153,leg,7,motor,RIGHT,phase,2,rising,FALSE,hall,3,tick,254,t_us,-61,dur_us,7_056
[2026-09-22T12:26:25.314] Cog0  BM-ACROSS,seq,2_154,leg,7,motor,RIGHT,phase,0,rising,TRUE,hall,3,tick,254,t_us,1_253,dur_us,7_056
[2026-09-22T12:26:25.315] Cog0  BM-ACROSS,seq,2_155,leg,7,motor,RIGHT,phase,1,rising,FALSE,hall,5,tick,256,t_us,-61,dur_us,7_396
[2026-09-22T12:26:25.316] Cog0  BM-ACROSS,seq,2_156,leg,7,motor,RIGHT,phase,2,rising,TRUE,hall,5,tick,256,t_us,1_311,dur_us,7_396
[2026-09-22T12:26:25.317] Cog0  BM-ACROSS,seq,2_157,leg,7,motor,RIGHT,phase,0,rising,FALSE,hall,6,tick,258,t_us,0,dur_us,7_406
[2026-09-22T12:26:25.319] Cog0  BM-ACROSS,seq,2_158,leg,7,motor,RIGHT,phase,1,rising,TRUE,hall,6,tick,258,t_us,1_668,dur_us,7_406
[2026-09-22T12:26:25.320] Cog0  BM-ACROSS,seq,2_159,leg,7,motor,RIGHT,phase,2,rising,FALSE,hall,3,tick,260,t_us,-61,dur_us,7_056
[2026-09-22T12:26:25.321] Cog0  BM-ACROSS,seq,2_160,leg,7,motor,RIGHT,phase,0,rising,TRUE,hall,3,tick,260,t_us,1_253,dur_us,7_056
[2026-09-22T12:26:25.322] Cog0  BM-ACROSS,seq,2_161,leg,7,motor,RIGHT,phase,1,rising,FALSE,hall,5,tick,262,t_us,242,dur_us,7_456
[2026-09-22T12:26:25.323] Cog0  BM-ACROSS,seq,2_162,leg,7,motor,RIGHT,phase,2,rising,TRUE,hall,5,tick,262,t_us,1_488,dur_us,7_456
[2026-09-22T12:26:25.324] Cog0  BM-ACROSS,seq,2_163,leg,7,motor,RIGHT,phase,0,rising,FALSE,hall,6,tick,264,t_us,-297,dur_us,6_697
[2026-09-22T12:26:25.325] Cog0  BM-ACROSS,seq,2_164,leg,7,motor,RIGHT,phase,1,rising,TRUE,hall,6,tick,264,t_us,1_017,dur_us,6_697
[2026-09-22T12:26:25.326] Cog0  BM-ACROSS,seq,2_165,leg,7,motor,RIGHT,phase,2,rising,FALSE,hall,3,tick,266,t_us,0,dur_us,7_000
[2026-09-22T12:26:25.327] Cog0  BM-ACROSS,seq,2_166,leg,7,motor,RIGHT,phase,0,rising,TRUE,hall,3,tick,266,t_us,1_313,dur_us,7_000
[2026-09-22T12:26:25.329] Cog0  BM-ACROSS,seq,2_167,leg,7,motor,RIGHT,phase,1,rising,FALSE,hall,5,tick,268,t_us,184,dur_us,7_053
[2026-09-22T12:26:25.331] Cog0  BM-ACROSS,seq,2_168,leg,7,motor,RIGHT,phase,2,rising,TRUE,hall,5,tick,268,t_us,1_431,dur_us,7_053
[2026-09-22T12:26:25.332] Cog0  BM-ALEG,seq,2_169,leg,7,motor,RIGHT,speed,FAST,ask_dir,REVERSE,meas_dir,FORWARD,ticks,270,span_ms,2_372,edge_s_x10,1_138,samples,114_186,sectors,269,samp_sect,113,cross,266,unusable,0,dropped,0,rail_pm,118,band_railed,2,peak_i_mV,5,bias_still,TRUE,outcome,CLIPPED
[2026-09-22T12:26:25.333] Cog0  ALIGN done -- all eight legs attempted; stop turning
[2026-09-22T12:26:25.343] Cog0  BM-SEG,seq,2_170,seg,ALIGN,event,END,attended,TRUE,items,0,faults,0,unrecov,0,ms,68_195,why,NONE
[2026-09-22T12:26:25.347] Cog0  BM-INST,seq,2_171,event,STOP,cog,2,state,EXITED,ack_ms,7,samples,1_015,late,0,skipped,0,max_late_us,0,clamps,0,why,NONE
[2026-09-22T12:26:25.348] Cog0  BM-LAG,seq,2_172,motor,LEFT,part,ALIGN,max_err,15,samples,507,lo,0,hi,124,hold,100,fault,125,sat,127,why,NONE
[2026-09-22T12:26:25.349] Cog0  BM-LAG,seq,2_173,motor,RIGHT,part,ALIGN,max_err,58,samples,508,lo,0,hi,124,hold,100,fault,125,sat,127,why,NONE
[2026-09-22T12:26:25.351] Cog0  SIGNOFF,sf,1,bin,DUAL,cell,R18-DUAL-NOSTALL-Z,task,3508,motor,NONE,crit,ENDED_BY_COG0,measured,TRUE,lo,TRUE,hi,TRUE,units,BOOL,n,1,verdict,PASS
[2026-09-22T12:26:25.353] Cog0  SIGNOFF,sf,1,bin,DUAL,cell,R18-DUAL-DBGMASK-Z,task,3508,motor,NONE,crit,QUIET_MASKS,measured,TRUE,lo,TRUE,hi,TRUE,units,BOOL,n,1,verdict,PASS
[2026-09-22T12:26:25.354] Cog0  SIGNOFF,sf,1,bin,DUAL,cell,R18-DUAL-ALIGN-ND,task,3508,motor,NONE,crit,PEAK_I_AT_REST,measured,15,lo,0,hi,150,units,MV,n,8,verdict,PASS
[2026-09-22T12:26:25.356] Cog0  SIGNOFF,sf,1,bin,DUAL,cell,R18-DUAL-ALIGN-CLIP,task,3508,motor,NONE,crit,BAND_NOT_RAILED,measured,2,lo,0,hi,0,units,COUNT,n,8,verdict,FAIL
[2026-09-22T12:26:25.357] Cog0  SIGNOFF,sf,1,bin,DUAL,cell,R18-DUAL-ALIGN-COVER,task,3508,motor,NONE,crit,LEAST_CROSSINGS,measured,268,lo,20,hi,999_999_999,units,COUNT,n,8,verdict,PASS
[2026-09-22T12:26:25.359] Cog0  SIGNOFF,sf,1,bin,DUAL,cell,R18-DUAL-ALIGN-RES,task,3508,motor,NONE,crit,LEAST_PER_SECTOR,measured,103,lo,4,hi,999_999_999,units,COUNT,n,8,verdict,PASS
[2026-09-22T12:26:25.360] Cog0  SIGNOFF,sf,1,bin,DUAL,cell,R18-DUAL-ALIGN-MTRX,task,3508,motor,NONE,crit,ALL_FOUR_MEASURED,measured,TRUE,lo,TRUE,hi,TRUE,units,BOOL,n,4,verdict,PASS
[2026-09-22T12:26:25.361] Cog0  BM-TRAP,seq,2_174,code,0,returned,TRUE
[2026-09-22T12:26:25.377] Cog0  BM-END,seq,2_175,exit,COMPLETE,part,ALIGN,segs,1,last_seg,ALIGN,records,2_175,trap_code,0,unrecov,0,why,NONE
[2026-09-22T12:26:25.378] Cog0  DEBUG_END_SESSION

=== Debug Logger Session Ended at 2026-09-22T12:26:25.380 ===
