=== Debug Logger Session Started at 2026-09-21T19:26:18.277 ===
PNut-Term-TS: v1.0.8
Program: debug
=====================================

[2026-09-21T19:26:18.173] [SYSTEM] BAUD_RATE_SET 2000000 baud (preferences/default)

=== Session ended - Download Started at 2026-09-21T19:26:18.407 ===
=== Debug Logger Session Started at 2026-09-21T19:26:18.410 ===
PNut-Term-TS: v1.0.8
Program: debug
=====================================

[2026-09-21T19:26:18.407] [SYSTEM] [DOWNLOAD TO RAM] File: test_bench_scan.bin | Size: 53858 bytes | Modified: 2026-09-22T01:26:17.359Z
[2026-09-21T19:26:18.410] [SYSTEM] Download Session Started
[2026-09-21T19:26:19.856] [SYSTEM] [DOWNLOAD SUCCESS] test_bench_scan.bin successfully downloaded to RAM
[2026-09-21T19:26:19.865] Cog0  INIT $0000_0000 $0000_0000 load
[2026-09-21T19:26:19.876] Cog0  INIT $0000_0FA8 $0000_DE90 jump
[2026-09-21T19:26:19.876] Cog1  INIT $0000_0FA8 $0000_C778 jump
[2026-09-21T19:26:19.877] Cog0  BS-WDSTART,started,TRUE,cog,1
[2026-09-21T19:26:19.878] Cog0  BS-BANNER,src_rev,17,fmt,10,cfg_id,BENCH,frame,MOTOR,clkfreq,270_000_000,left_base,32,right_base,16,voltage_enum,6,det_mode,30,motor_type,0,def_neg_deg,43,def_pos_deg,317
[2026-09-21T19:26:19.879] Cog0  BS-BUILD,wd_selftest,FALSE,sf,1,zxs_starts,5,zxs_max_mV_x10,50
[2026-09-21T19:26:19.879] Cog0  SIGNOFF-DECL,sf,1,bin,SCAN,cell,R1-SCAN-COGOK,task,3499
[2026-09-21T19:26:19.880] Cog0  SIGNOFF-DECL,sf,1,bin,SCAN,cell,R2-SCAN-REVB,task,3500
[2026-09-21T19:26:19.881] Cog0  SIGNOFF-DECL,sf,1,bin,SCAN,cell,R3-SCAN-INTEG,task,3501
[2026-09-21T19:26:19.881] Cog0  SIGNOFF-DECL,sf,1,bin,SCAN,cell,R5-SCAN-SELF,task,3503
[2026-09-21T19:26:19.882] Cog0  SIGNOFF-DECL,sf,1,bin,SCAN,cell,R6-SCAN-OFFSETS,task,3519
[2026-09-21T19:26:19.882] Cog0  SIGNOFF-DECL,sf,1,bin,SCAN,cell,R7-SCAN-STARTILL,task,3524
[2026-09-21T19:26:19.883] Cog0  SIGNOFF-DECL,sf,1,bin,SCAN,cell,R11-SCAN-NOSTALL,task,3534
[2026-09-21T19:26:19.884] Cog0  SIGNOFF-DECL,sf,1,bin,SCAN,cell,R12-SCAN-ALIVE,task,3535
[2026-09-21T19:26:19.884] Cog0  SIGNOFF-DECL,sf,1,bin,SCAN,cell,R12-SCAN-RATE,task,3535
[2026-09-21T19:26:19.885] Cog0  SIGNOFF-DECL,sf,1,bin,SCAN,cell,R8-SCAN-ZXS,task,3529
[2026-09-21T19:26:19.886] Cog0  SIGNOFF-DECL,sf,1,bin,SCAN,cell,R18-SCAN-LEGBRACKET,task,3530
[2026-09-21T19:26:19.886] Cog0  SIGNOFF-DECL,sf,1,bin,SCAN,cell,R9-SCAN-OWNZERO,task,3530
[2026-09-21T19:26:19.887] Cog0  SIGNOFF-DECL,sf,1,bin,SCAN,cell,R9-SCAN-PAIR2,task,3530
[2026-09-21T19:26:19.888] Cog0  SIGNOFF-DECL,sf,1,bin,SCAN,cell,R10-SCAN-RSTALONE,task,3533
[2026-09-21T19:26:19.890] Cog0  BS-DRIVE,ceiling_incre,147_000_000,qtr_incre,36_750_000,half_incre,73_500_000,preflight_incre,18_375_000,jog_incre,36_750_000
[2026-09-21T19:26:19.892] Cog0  BS-LIMITS,abs_abort_mV,1_500,fold_back_a,40,abs_abort_samples,4,point_abort_x100,250,point_abort_samples,40,run_time_cap_s,1_800,run_charge_cap_mVs,432_000,run_fault_cap,24,run_abort_i_cap,6
[2026-09-21T19:26:19.894] Cog0  BS-LIMITS2,leg_fault_cap,3,side_fault_stop,2,hard_limit_deg,90,drift_flag_pct,8,imbalance_pct,10,fault_rise_pct,4,zero_spread_max_mV,10,zero_abs_max_mV,300
[2026-09-21T19:26:19.896] Cog0  BS-PLAN-T,sample_ms,5,settle_ms,1_000,steady_timeout_ms,4_000,stop_timeout_ms,3_000,rest_ms,500,fault_cool_ms,5_000,jog_ms,1_000,batch_ticks,30,win_ticks_coarse,180,win_ticks_fine,270,win_ticks_self,450,win_ticks_half,540
[2026-09-21T19:26:19.898] Cog0  BS-PLAN-S,coarse_step_deg,10,fine_step_deg,5,cliff_half_step_deg,2,fine_half_deg,20,extend_pts,4,confirm_half_deg,15,confirm_extend_pts,2,rise_pct,15,min_past,2,fit_min_pts,6,confirm_min_pts,5
[2026-09-21T19:26:19.900] Cog0  BS-BANDS,pos_qtr_lo_mV,68,pos_qtr_hi_mV,114,neg_qtr_lo_mV,127,neg_qtr_hi_mV,212,ratio_lo_x1000,1_550,ratio_hi_x1000,2_200,zero_lo_mV,-10,zero_hi_mV,30,rate_qtr_lo,90,rate_qtr_hi,106,rate_half_lo,182,rate_half_hi,212,pos_qtr_net_lo_mV,59,pos_qtr_net_hi_mV,105,neg_qtr_net_lo_mV,118,neg_qtr_net_hi_mV,203
[2026-09-21T19:26:19.905] Cog0  * PANIC PROCEDURE IS PHYSICAL BATTERY DISCONNECT ONLY -- emergencyCutoff() is a software stop and is NOT a panic button
[2026-09-21T19:26:19.905] Cog0  *VAL* legalBasePin = 32
[2026-09-21T19:26:19.905] Cog0  *VAL* legalVoltage = 6
[2026-09-21T19:26:19.907] Cog0  *VAL* legalMode = 30
[2026-09-21T19:26:19.907] Cog0  --- pinSum = 99, 64010 Rev B, highTimeUs = 73
[2026-09-21T19:26:19.907] Cog0  MOT: fwdDegrees = 14, offset_fwd = $09F4_9F49
[2026-09-21T19:26:19.907] Cog0       revDegrees = 338, offset_rev = $F05B_05B0
[2026-09-21T19:26:19.908] Cog0   - Calc FRAME: frame_cnt = 6_136
[2026-09-21T19:26:19.909] Cog0  * init values dead_gap = 70, pwm_limit = 3_033, adc_fram = 6_136, duty_min = 1_600, duty_max = 24_264
[2026-09-21T19:26:19.909] Cog0  *      values duty_up = 18, duty_dn = 4, cfg_ctcks = 135_000
[2026-09-21T19:26:19.909] Cog0  * ENTRY CFG userVoltage = 6, index = 6
[2026-09-21T19:26:19.909] Cog0  * EXIT 2 CFG eUserSelectedVolts = 6 maxFwdIncreAtPwr = 147_000_000 minFwdIncreAtPwr = 544_628
[2026-09-21T19:26:19.910] Cog0  -MOT- inincr = 0 nTgtIncr = $0000_0000 0 sync = 0
[2026-09-21T19:26:19.910] Cog0  * Motor COG #2
[2026-09-21T19:26:19.910] Cog2  INIT $0000_893A $0000_CEFF load
[2026-09-21T19:26:19.926] Cog3  INIT $0000_0FA8 $0000_CADB jump
[2026-09-21T19:26:19.926] Cog0  * Front COG #3
[2026-09-21T19:26:20.922] Cog0  BLDC: getBoardType() driver running, not measured; returning revision recorded at start 22
[2026-09-21T19:26:20.922] Cog0  MOT:  offset_fwd_degrees = 43, offset_fwd = $1E93_E93E
[2026-09-21T19:26:20.924] Cog0   (ind)offset_rev_degrees = 317, offset_rev = $E16C_16C1
[2026-09-21T19:26:20.925] Cog0  BS-START,motor,LEFT,base,32,cog,2,cog_ok,TRUE,board_rev,22,rev_b,TRUE,board_id,REV_B,init_neg_deg,14,init_pos_deg,338,neg_deg,43,pos_deg,317,offsets_ok,TRUE,missed,0,illegal,0,integ_ok,TRUE,result,OK
[2026-09-21T19:26:20.925] Cog3  -MOT- inincr = 18_375_000 nTgtIncr = $0118_6158 0 sync = 0
[2026-09-21T19:26:21.630] Cog3  -MOT- inincr = 0 nTgtIncr = $0000_0000 0 sync = 0
[2026-09-21T19:26:21.822] Cog0  BS-PREFLIGHT,motor,LEFT,base,32,ticks,13,moved,TRUE
[2026-09-21T19:26:21.827] Cog0  *VAL* legalBasePin = 16
[2026-09-21T19:26:21.827] Cog0  *VAL* legalVoltage = 6
[2026-09-21T19:26:21.829] Cog0  *VAL* legalMode = 30
[2026-09-21T19:26:21.829] Cog0  --- pinSum = 100, 64010 Rev B, highTimeUs = 74
[2026-09-21T19:26:21.829] Cog0  MOT: fwdDegrees = 14, offset_fwd = $09F4_9F49
[2026-09-21T19:26:21.830] Cog0       revDegrees = 338, offset_rev = $F05B_05B0
[2026-09-21T19:26:21.830] Cog0   - Calc FRAME: frame_cnt = 6_136
[2026-09-21T19:26:21.830] Cog0  * init values dead_gap = 70, pwm_limit = 3_033, adc_fram = 6_136, duty_min = 1_600, duty_max = 24_264
[2026-09-21T19:26:21.831] Cog0  *      values duty_up = 18, duty_dn = 4, cfg_ctcks = 135_000
[2026-09-21T19:26:21.831] Cog0  * ENTRY CFG userVoltage = 6, index = 6
[2026-09-21T19:26:21.831] Cog0  * EXIT 2 CFG eUserSelectedVolts = 6 maxFwdIncreAtPwr = 147_000_000 minFwdIncreAtPwr = 544_628
[2026-09-21T19:26:21.832] Cog0  -MOT- inincr = 0 nTgtIncr = $0000_0000 0 sync = 0
[2026-09-21T19:26:21.832] Cog0  * Motor COG #2
[2026-09-21T19:26:21.832] Cog2  INIT $0000_893A $0000_D6DF load
[2026-09-21T19:26:21.848] Cog3  INIT $0000_0FA8 $0000_D2BB jump
[2026-09-21T19:26:21.848] Cog0  * Front COG #3
[2026-09-21T19:26:22.844] Cog0  BLDC: getBoardType() driver running, not measured; returning revision recorded at start 22
[2026-09-21T19:26:22.844] Cog0  MOT:  offset_fwd_degrees = 43, offset_fwd = $1E93_E93E
[2026-09-21T19:26:22.846] Cog0   (ind)offset_rev_degrees = 317, offset_rev = $E16C_16C1
[2026-09-21T19:26:22.847] Cog0  BS-START,motor,RIGHT,base,16,cog,2,cog_ok,TRUE,board_rev,22,rev_b,TRUE,board_id,REV_B,init_neg_deg,14,init_pos_deg,338,neg_deg,43,pos_deg,317,offsets_ok,TRUE,missed,0,illegal,0,integ_ok,TRUE,result,OK
[2026-09-21T19:26:22.863] Cog3  -MOT- inincr = 18_375_000 nTgtIncr = $0118_6158 0 sync = 0
[2026-09-21T19:26:23.552] Cog3  -MOT- inincr = 0 nTgtIncr = $0000_0000 0 sync = 0
[2026-09-21T19:26:23.754] Cog0  BS-PREFLIGHT,motor,RIGHT,base,16,ticks,13,moved,TRUE
[2026-09-21T19:26:23.754] Cog0  *VAL* legalBasePin = 32
[2026-09-21T19:26:23.754] Cog0  *VAL* legalVoltage = 6
[2026-09-21T19:26:23.756] Cog0  *VAL* legalMode = 30
[2026-09-21T19:26:23.756] Cog0  --- pinSum = 95, 64010 Rev B, highTimeUs = 73
[2026-09-21T19:26:23.757] Cog0  MOT: fwdDegrees = 14, offset_fwd = $09F4_9F49
[2026-09-21T19:26:23.757] Cog0       revDegrees = 338, offset_rev = $F05B_05B0
[2026-09-21T19:26:23.757] Cog0   - Calc FRAME: frame_cnt = 6_136
[2026-09-21T19:26:23.758] Cog0  * init values dead_gap = 70, pwm_limit = 3_033, adc_fram = 6_136, duty_min = 1_600, duty_max = 24_264
[2026-09-21T19:26:23.758] Cog0  *      values duty_up = 18, duty_dn = 4, cfg_ctcks = 135_000
[2026-09-21T19:26:23.758] Cog0  * ENTRY CFG userVoltage = 6, index = 6
[2026-09-21T19:26:23.758] Cog0  * EXIT 2 CFG eUserSelectedVolts = 6 maxFwdIncreAtPwr = 147_000_000 minFwdIncreAtPwr = 544_628
[2026-09-21T19:26:23.759] Cog0  -MOT- inincr = 0 nTgtIncr = $0000_0000 0 sync = 0
[2026-09-21T19:26:23.759] Cog0  * Motor COG #2
[2026-09-21T19:26:23.759] Cog2  INIT $0000_893A $0000_CEFF load
[2026-09-21T19:26:23.775] Cog3  INIT $0000_0FA8 $0000_CADB jump
[2026-09-21T19:26:23.775] Cog0  * Front COG #3
[2026-09-21T19:26:24.771] Cog0  BLDC: getBoardType() driver running, not measured; returning revision recorded at start 22
[2026-09-21T19:26:24.772] Cog0  MOT:  offset_fwd_degrees = 43, offset_fwd = $1E93_E93E
[2026-09-21T19:26:24.773] Cog0   (ind)offset_rev_degrees = 317, offset_rev = $E16C_16C1
[2026-09-21T19:26:24.789] Cog0  BS-START,motor,LEFT,base,32,cog,2,cog_ok,TRUE,board_rev,22,rev_b,TRUE,board_id,REV_B,init_neg_deg,14,init_pos_deg,338,neg_deg,43,pos_deg,317,offsets_ok,TRUE,missed,0,illegal,0,integ_ok,TRUE,result,OK
[2026-09-21T19:26:25.803] Cog0  BS-ZERO,motor,LEFT,phase,XSTART,samples,200,i_mean_mV_x10,87,i_min_mV,7,i_max_mV,11,frozen,FALSE,in_band,TRUE,health_ok,NA,u_mV_x10,506,v_mV_x10,596,w_mV_x10,586
[2026-09-21T19:26:26.293] Cog0  *VAL* legalBasePin = 32
[2026-09-21T19:26:26.293] Cog0  *VAL* legalVoltage = 6
[2026-09-21T19:26:26.295] Cog0  *VAL* legalMode = 30
[2026-09-21T19:26:26.295] Cog0  --- pinSum = 94, 64010 Rev B, highTimeUs = 72
[2026-09-21T19:26:26.295] Cog0  MOT: fwdDegrees = 14, offset_fwd = $09F4_9F49
[2026-09-21T19:26:26.296] Cog0       revDegrees = 338, offset_rev = $F05B_05B0
[2026-09-21T19:26:26.296] Cog0   - Calc FRAME: frame_cnt = 6_136
[2026-09-21T19:26:26.296] Cog0  * init values dead_gap = 70, pwm_limit = 3_033, adc_fram = 6_136, duty_min = 1_600, duty_max = 24_264
[2026-09-21T19:26:26.297] Cog0  *      values duty_up = 18, duty_dn = 4, cfg_ctcks = 135_000
[2026-09-21T19:26:26.297] Cog0  * ENTRY CFG userVoltage = 6, index = 6
[2026-09-21T19:26:26.297] Cog0  * EXIT 2 CFG eUserSelectedVolts = 6 maxFwdIncreAtPwr = 147_000_000 minFwdIncreAtPwr = 544_628
[2026-09-21T19:26:26.298] Cog0  -MOT- inincr = 0 nTgtIncr = $0000_0000 0 sync = 0
[2026-09-21T19:26:26.298] Cog0  * Motor COG #2
[2026-09-21T19:26:26.298] Cog2  INIT $0000_893A $0000_CEFF load
[2026-09-21T19:26:26.314] Cog3  INIT $0000_0FA8 $0000_CADB jump
[2026-09-21T19:26:26.314] Cog0  * Front COG #3
[2026-09-21T19:26:27.310] Cog0  BLDC: getBoardType() driver running, not measured; returning revision recorded at start 22
[2026-09-21T19:26:27.311] Cog0  MOT:  offset_fwd_degrees = 43, offset_fwd = $1E93_E93E
[2026-09-21T19:26:27.312] Cog0   (ind)offset_rev_degrees = 317, offset_rev = $E16C_16C1
[2026-09-21T19:26:27.328] Cog0  BS-START,motor,LEFT,base,32,cog,2,cog_ok,TRUE,board_rev,22,rev_b,TRUE,board_id,REV_B,init_neg_deg,14,init_pos_deg,338,neg_deg,43,pos_deg,317,offsets_ok,TRUE,missed,0,illegal,0,integ_ok,TRUE,result,OK
[2026-09-21T19:26:28.341] Cog0  BS-ZERO,motor,LEFT,phase,XSTART,samples,200,i_mean_mV_x10,76,i_min_mV,4,i_max_mV,10,frozen,FALSE,in_band,TRUE,health_ok,NA,u_mV_x10,503,v_mV_x10,584,w_mV_x10,589
[2026-09-21T19:26:28.832] Cog0  *VAL* legalBasePin = 32
[2026-09-21T19:26:28.832] Cog0  *VAL* legalVoltage = 6
[2026-09-21T19:26:28.834] Cog0  *VAL* legalMode = 30
[2026-09-21T19:26:28.834] Cog0  --- pinSum = 95, 64010 Rev B, highTimeUs = 73
[2026-09-21T19:26:28.834] Cog0  MOT: fwdDegrees = 14, offset_fwd = $09F4_9F49
[2026-09-21T19:26:28.835] Cog0       revDegrees = 338, offset_rev = $F05B_05B0
[2026-09-21T19:26:28.835] Cog0   - Calc FRAME: frame_cnt = 6_136
[2026-09-21T19:26:28.835] Cog0  * init values dead_gap = 70, pwm_limit = 3_033, adc_fram = 6_136, duty_min = 1_600, duty_max = 24_264
[2026-09-21T19:26:28.836] Cog0  *      values duty_up = 18, duty_dn = 4, cfg_ctcks = 135_000
[2026-09-21T19:26:28.836] Cog0  * ENTRY CFG userVoltage = 6, index = 6
[2026-09-21T19:26:28.836] Cog0  * EXIT 2 CFG eUserSelectedVolts = 6 maxFwdIncreAtPwr = 147_000_000 minFwdIncreAtPwr = 544_628
[2026-09-21T19:26:28.837] Cog0  -MOT- inincr = 0 nTgtIncr = $0000_0000 0 sync = 0
[2026-09-21T19:26:28.837] Cog0  * Motor COG #2
[2026-09-21T19:26:28.837] Cog2  INIT $0000_893A $0000_CEFF load
[2026-09-21T19:26:28.852] Cog3  INIT $0000_0FA8 $0000_CADB jump
[2026-09-21T19:26:28.852] Cog0  * Front COG #3
[2026-09-21T19:26:29.849] Cog0  BLDC: getBoardType() driver running, not measured; returning revision recorded at start 22
[2026-09-21T19:26:29.850] Cog0  MOT:  offset_fwd_degrees = 43, offset_fwd = $1E93_E93E
[2026-09-21T19:26:29.851] Cog0   (ind)offset_rev_degrees = 317, offset_rev = $E16C_16C1
[2026-09-21T19:26:29.867] Cog0  BS-START,motor,LEFT,base,32,cog,2,cog_ok,TRUE,board_rev,22,rev_b,TRUE,board_id,REV_B,init_neg_deg,14,init_pos_deg,338,neg_deg,43,pos_deg,317,offsets_ok,TRUE,missed,0,illegal,0,integ_ok,TRUE,result,OK
[2026-09-21T19:26:30.881] Cog0  BS-ZERO,motor,LEFT,phase,XSTART,samples,200,i_mean_mV_x10,83,i_min_mV,5,i_max_mV,11,frozen,FALSE,in_band,TRUE,health_ok,NA,u_mV_x10,509,v_mV_x10,585,w_mV_x10,583
[2026-09-21T19:26:31.371] Cog0  *VAL* legalBasePin = 32
[2026-09-21T19:26:31.371] Cog0  *VAL* legalVoltage = 6
[2026-09-21T19:26:31.373] Cog0  *VAL* legalMode = 30
[2026-09-21T19:26:31.373] Cog0  --- pinSum = 95, 64010 Rev B, highTimeUs = 73
[2026-09-21T19:26:31.373] Cog0  MOT: fwdDegrees = 14, offset_fwd = $09F4_9F49
[2026-09-21T19:26:31.374] Cog0       revDegrees = 338, offset_rev = $F05B_05B0
[2026-09-21T19:26:31.374] Cog0   - Calc FRAME: frame_cnt = 6_136
[2026-09-21T19:26:31.374] Cog0  * init values dead_gap = 70, pwm_limit = 3_033, adc_fram = 6_136, duty_min = 1_600, duty_max = 24_264
[2026-09-21T19:26:31.375] Cog0  *      values duty_up = 18, duty_dn = 4, cfg_ctcks = 135_000
[2026-09-21T19:26:31.375] Cog0  * ENTRY CFG userVoltage = 6, index = 6
[2026-09-21T19:26:31.375] Cog0  * EXIT 2 CFG eUserSelectedVolts = 6 maxFwdIncreAtPwr = 147_000_000 minFwdIncreAtPwr = 544_628
[2026-09-21T19:26:31.376] Cog0  -MOT- inincr = 0 nTgtIncr = $0000_0000 0 sync = 0
[2026-09-21T19:26:31.376] Cog0  * Motor COG #2
[2026-09-21T19:26:31.376] Cog2  INIT $0000_893A $0000_CEFF load
[2026-09-21T19:26:31.392] Cog3  INIT $0000_0FA8 $0000_CADB jump
[2026-09-21T19:26:31.392] Cog0  * Front COG #3
[2026-09-21T19:26:32.388] Cog0  BLDC: getBoardType() driver running, not measured; returning revision recorded at start 22
[2026-09-21T19:26:32.389] Cog0  MOT:  offset_fwd_degrees = 43, offset_fwd = $1E93_E93E
[2026-09-21T19:26:32.390] Cog0   (ind)offset_rev_degrees = 317, offset_rev = $E16C_16C1
[2026-09-21T19:26:32.406] Cog0  BS-START,motor,LEFT,base,32,cog,2,cog_ok,TRUE,board_rev,22,rev_b,TRUE,board_id,REV_B,init_neg_deg,14,init_pos_deg,338,neg_deg,43,pos_deg,317,offsets_ok,TRUE,missed,0,illegal,0,integ_ok,TRUE,result,OK
[2026-09-21T19:26:33.420] Cog0  BS-ZERO,motor,LEFT,phase,XSTART,samples,200,i_mean_mV_x10,80,i_min_mV,6,i_max_mV,11,frozen,FALSE,in_band,TRUE,health_ok,NA,u_mV_x10,503,v_mV_x10,589,w_mV_x10,584
[2026-09-21T19:26:33.910] Cog0  *VAL* legalBasePin = 32
[2026-09-21T19:26:33.910] Cog0  *VAL* legalVoltage = 6
[2026-09-21T19:26:33.912] Cog0  *VAL* legalMode = 30
[2026-09-21T19:26:33.912] Cog0  --- pinSum = 94, 64010 Rev B, highTimeUs = 72
[2026-09-21T19:26:33.912] Cog0  MOT: fwdDegrees = 14, offset_fwd = $09F4_9F49
[2026-09-21T19:26:33.913] Cog0       revDegrees = 338, offset_rev = $F05B_05B0
[2026-09-21T19:26:33.913] Cog0   - Calc FRAME: frame_cnt = 6_136
[2026-09-21T19:26:33.913] Cog0  * init values dead_gap = 70, pwm_limit = 3_033, adc_fram = 6_136, duty_min = 1_600, duty_max = 24_264
[2026-09-21T19:26:33.914] Cog0  *      values duty_up = 18, duty_dn = 4, cfg_ctcks = 135_000
[2026-09-21T19:26:33.914] Cog0  * ENTRY CFG userVoltage = 6, index = 6
[2026-09-21T19:26:33.914] Cog0  * EXIT 2 CFG eUserSelectedVolts = 6 maxFwdIncreAtPwr = 147_000_000 minFwdIncreAtPwr = 544_628
[2026-09-21T19:26:33.915] Cog0  -MOT- inincr = 0 nTgtIncr = $0000_0000 0 sync = 0
[2026-09-21T19:26:33.915] Cog0  * Motor COG #2
[2026-09-21T19:26:33.915] Cog2  INIT $0000_893A $0000_CEFF load
[2026-09-21T19:26:33.931] Cog3  INIT $0000_0FA8 $0000_CADB jump
[2026-09-21T19:26:33.931] Cog0  * Front COG #3
[2026-09-21T19:26:34.927] Cog0  BLDC: getBoardType() driver running, not measured; returning revision recorded at start 22
[2026-09-21T19:26:34.927] Cog0  MOT:  offset_fwd_degrees = 43, offset_fwd = $1E93_E93E
[2026-09-21T19:26:34.929] Cog0   (ind)offset_rev_degrees = 317, offset_rev = $E16C_16C1
[2026-09-21T19:26:34.945] Cog0  BS-START,motor,LEFT,base,32,cog,2,cog_ok,TRUE,board_rev,22,rev_b,TRUE,board_id,REV_B,init_neg_deg,14,init_pos_deg,338,neg_deg,43,pos_deg,317,offsets_ok,TRUE,missed,0,illegal,0,integ_ok,TRUE,result,OK
[2026-09-21T19:26:35.958] Cog0  BS-ZERO,motor,LEFT,phase,XSTART,samples,200,i_mean_mV_x10,89,i_min_mV,7,i_max_mV,12,frozen,FALSE,in_band,TRUE,health_ok,NA,u_mV_x10,506,v_mV_x10,591,w_mV_x10,580
[2026-09-21T19:26:36.449] Cog0  *VAL* legalBasePin = 32
[2026-09-21T19:26:36.449] Cog0  *VAL* legalVoltage = 6
[2026-09-21T19:26:36.451] Cog0  *VAL* legalMode = 30
[2026-09-21T19:26:36.451] Cog0  --- pinSum = 95, 64010 Rev B, highTimeUs = 73
[2026-09-21T19:26:36.451] Cog0  MOT: fwdDegrees = 14, offset_fwd = $09F4_9F49
[2026-09-21T19:26:36.452] Cog0       revDegrees = 338, offset_rev = $F05B_05B0
[2026-09-21T19:26:36.452] Cog0   - Calc FRAME: frame_cnt = 6_136
[2026-09-21T19:26:36.452] Cog0  * init values dead_gap = 70, pwm_limit = 3_033, adc_fram = 6_136, duty_min = 1_600, duty_max = 24_264
[2026-09-21T19:26:36.453] Cog0  *      values duty_up = 18, duty_dn = 4, cfg_ctcks = 135_000
[2026-09-21T19:26:36.453] Cog0  * ENTRY CFG userVoltage = 6, index = 6
[2026-09-21T19:26:36.453] Cog0  * EXIT 2 CFG eUserSelectedVolts = 6 maxFwdIncreAtPwr = 147_000_000 minFwdIncreAtPwr = 544_628
[2026-09-21T19:26:36.454] Cog0  -MOT- inincr = 0 nTgtIncr = $0000_0000 0 sync = 0
[2026-09-21T19:26:36.454] Cog0  * Motor COG #2
[2026-09-21T19:26:36.454] Cog2  INIT $0000_893A $0000_CEFF load
[2026-09-21T19:26:36.469] Cog3  INIT $0000_0FA8 $0000_CADB jump
[2026-09-21T19:26:36.469] Cog0  * Front COG #3
[2026-09-21T19:26:37.466] Cog0  BLDC: getBoardType() driver running, not measured; returning revision recorded at start 22
[2026-09-21T19:26:37.466] Cog0  MOT:  offset_fwd_degrees = 43, offset_fwd = $1E93_E93E
[2026-09-21T19:26:37.468] Cog0   (ind)offset_rev_degrees = 317, offset_rev = $E16C_16C1
[2026-09-21T19:26:37.484] Cog0  BS-START,motor,LEFT,base,32,cog,2,cog_ok,TRUE,board_rev,22,rev_b,TRUE,board_id,REV_B,init_neg_deg,14,init_pos_deg,338,neg_deg,43,pos_deg,317,offsets_ok,TRUE,missed,0,illegal,0,integ_ok,TRUE,result,OK
[2026-09-21T19:26:38.497] Cog0  BS-ZERO,motor,LEFT,phase,ZERO_INIT,samples,200,i_mean_mV_x10,87,i_min_mV,7,i_max_mV,12,frozen,FALSE,in_band,TRUE,health_ok,TRUE,u_mV_x10,497,v_mV_x10,603,w_mV_x10,580
[2026-09-21T19:26:39.496] Cog0  BS-ZERO,motor,LEFT,phase,SELF,samples,200,i_mean_mV_x10,89,i_min_mV,7,i_max_mV,12,frozen,FALSE,in_band,TRUE,health_ok,NA,u_mV_x10,497,v_mV_x10,599,w_mV_x10,591
[2026-09-21T19:26:39.496] Cog0  MOT:  offset_fwd_degrees = 43, offset_fwd = $1E93_E93E
[2026-09-21T19:26:39.497] Cog0   (ind)offset_rev_degrees = 317, offset_rev = $E16C_16C1
[2026-09-21T19:26:39.513] Cog3  -MOT- inincr = 36_750_000 nTgtIncr = $0230_C2B0 0 sync = 0
[2026-09-21T19:26:46.012] Cog3  -MOT- inincr = 0 nTgtIncr = $0000_0000 0 sync = 0
[2026-09-21T19:26:46.392] Cog0  BS-POINT,seq,1,motor,LEFT,speed,QTR,incre,36_750_000,phase,SELF,neg_deg,43,pos_deg,317,swept_deg,-43,result,OK,steady_ms,922,ticks,450,win_ms,4_579,rate_x10,982,rate_ok,TRUE,samples,906,i_mean_mV_x10,945,i_se_mV_x10,11
[2026-09-21T19:26:46.394] Cog0  BS-POINT2,seq,1,motor,LEFT,incre,36_750_000,i_halfA_mV_x10,936,i_halfB_mV_x10,955,unsettled,FALSE,i_min_mV,79,i_max_mV,113,duty_mean,7_355,err_mean,48,missed_d,0,illegal_d,0,fault,FALSE,abort_i,FALSE,charge_mVs,557,drv_state,1
[2026-09-21T19:26:46.411] Cog0  BS-POINT3,seq,1,motor,LEFT,zero_mV_x10,89,net_mV_x10,856,span_ms,6_504,span_rate_x10,890,follow_pct,90,span_duty_mean,6_729,span_duty_max,7_557
[2026-09-21T19:26:46.912] Cog0  BS-CHECK,motor,LEFT,incre,36_750_000,lo_mV,68,hi_mV,114,i_ok,TRUE,rate_ok,TRUE,integ_ok,TRUE,fault_ok,TRUE,net_lo_mV,59,net_hi_mV,105,net_mean_mV_x10,858
[2026-09-21T19:26:47.910] Cog0  BS-ZERO,motor,LEFT,phase,SELF,samples,200,i_mean_mV_x10,97,i_min_mV,8,i_max_mV,12,frozen,FALSE,in_band,TRUE,health_ok,NA,u_mV_x10,500,v_mV_x10,608,w_mV_x10,601
[2026-09-21T19:26:47.911] Cog0  MOT:  offset_fwd_degrees = 43, offset_fwd = $1E93_E93E
[2026-09-21T19:26:47.912] Cog0   (ind)offset_rev_degrees = 317, offset_rev = $E16C_16C1
[2026-09-21T19:26:47.927] Cog3  -MOT- inincr = -36_750_000 nTgtIncr = $7DCF_3D50 0 sync = 0
[2026-09-21T19:26:54.427] Cog3  -MOT- inincr = 0 nTgtIncr = $0000_0000 0 sync = 0
[2026-09-21T19:26:54.808] Cog0  BS-POINT,seq,2,motor,LEFT,speed,QTR,incre,-36_750_000,phase,SELF,neg_deg,43,pos_deg,317,swept_deg,43,result,OK,steady_ms,922,ticks,450,win_ms,4_579,rate_x10,982,rate_ok,TRUE,samples,906,i_mean_mV_x10,1_788,i_se_mV_x10,17
[2026-09-21T19:26:54.810] Cog0  BS-POINT2,seq,2,motor,LEFT,incre,-36_750_000,i_halfA_mV_x10,1_784,i_halfB_mV_x10,1_792,unsettled,FALSE,i_min_mV,157,i_max_mV,204,duty_mean,8_335,err_mean,-48,missed_d,0,illegal_d,0,fault,FALSE,abort_i,FALSE,charge_mVs,1_036,drv_state,1
[2026-09-21T19:26:54.826] Cog0  BS-POINT3,seq,2,motor,LEFT,zero_mV_x10,97,net_mV_x10,1_691,span_ms,6_504,span_rate_x10,890,follow_pct,90,span_duty_mean,7_587,span_duty_max,8_576
[2026-09-21T19:26:55.314] Cog0  BS-CHECK,motor,LEFT,incre,-36_750_000,lo_mV,127,hi_mV,212,i_ok,TRUE,rate_ok,TRUE,integ_ok,TRUE,fault_ok,TRUE,net_lo_mV,118,net_hi_mV,203,net_mean_mV_x10,1_701
[2026-09-21T19:26:55.330] Cog0  BS-CHECKSUM,motor,LEFT,start_ok,TRUE,zero_ok,TRUE,pos_i_ok,TRUE,neg_i_ok,TRUE,ratio_x1000,1_982,ratio_ok,TRUE,rate_ok,TRUE,integ_ok,TRUE,fault_ok,TRUE,verdict,PASS,first_miss,NONE
[2026-09-21T19:26:56.328] Cog0  BS-ZERO,motor,LEFT,phase,REF_START,samples,200,i_mean_mV_x10,107,i_min_mV,8,i_max_mV,13,frozen,FALSE,in_band,TRUE,health_ok,NA,u_mV_x10,502,v_mV_x10,609,w_mV_x10,604
[2026-09-21T19:26:56.329] Cog0  MOT:  offset_fwd_degrees = 43, offset_fwd = $1E93_E93E
[2026-09-21T19:26:56.329] Cog0   (ind)offset_rev_degrees = 317, offset_rev = $E16C_16C1
[2026-09-21T19:26:56.345] Cog3  -MOT- inincr = -18_375_000 nTgtIncr = $7EE7_9EA8 0 sync = 0
[2026-09-21T19:26:59.803] Cog3  -MOT- inincr = 0 nTgtIncr = $0000_0000 0 sync = 0
[2026-09-21T19:26:59.994] Cog0  BS-POINT,seq,3,motor,LEFT,speed,LOW,incre,-18_375_000,phase,REF_START,neg_deg,43,pos_deg,317,swept_deg,43,result,OK,steady_ms,645,ticks,90,win_ms,1_819,rate_x10,494,rate_ok,TRUE,samples,360,i_mean_mV_x10,415,i_se_mV_x10,10
[2026-09-21T19:26:59.996] Cog0  BS-POINT2,seq,3,motor,LEFT,incre,-18_375_000,i_halfA_mV_x10,404,i_halfB_mV_x10,426,unsettled,TRUE,i_min_mV,32,i_max_mV,52,duty_mean,4_016,err_mean,-48,missed_d,0,illegal_d,0,fault,FALSE,abort_i,FALSE,charge_mVs,135,drv_state,1
[2026-09-21T19:27:00.013] Cog0  BS-POINT3,seq,3,motor,LEFT,zero_mV_x10,107,net_mV_x10,308,span_ms,3_467,span_rate_x10,429,follow_pct,87,span_duty_mean,3_661,span_duty_max,4_320
[2026-09-21T19:27:01.511] Cog0  BS-ZERO,motor,LEFT,phase,COARSE,samples,200,i_mean_mV_x10,105,i_min_mV,8,i_max_mV,13,frozen,FALSE,in_band,TRUE,health_ok,NA,u_mV_x10,501,v_mV_x10,614,w_mV_x10,603
[2026-09-21T19:27:01.511] Cog0  MOT:  offset_fwd_degrees = 53, offset_fwd = $25B0_5B05
[2026-09-21T19:27:01.512] Cog0   (ind)offset_rev_degrees = 317, offset_rev = $E16C_16C1
[2026-09-21T19:27:01.528] Cog3  -MOT- inincr = -18_375_000 nTgtIncr = $7EE7_9EA8 0 sync = 0
[2026-09-21T19:27:04.985] Cog3  -MOT- inincr = 0 nTgtIncr = $0000_0000 0 sync = 0
[2026-09-21T19:27:05.178] Cog0  BS-POINT,seq,4,motor,LEFT,speed,LOW,incre,-18_375_000,phase,COARSE,neg_deg,53,pos_deg,317,swept_deg,53,result,OK,steady_ms,645,ticks,90,win_ms,1_819,rate_x10,494,rate_ok,TRUE,samples,360,i_mean_mV_x10,823,i_se_mV_x10,21
[2026-09-21T19:27:05.180] Cog0  BS-POINT2,seq,4,motor,LEFT,incre,-18_375_000,i_halfA_mV_x10,808,i_halfB_mV_x10,838,unsettled,FALSE,i_min_mV,65,i_max_mV,102,duty_mean,4_839,err_mean,-48,missed_d,0,illegal_d,0,fault,FALSE,abort_i,FALSE,charge_mVs,254,drv_state,1
[2026-09-21T19:27:05.195] Cog0  BS-POINT3,seq,4,motor,LEFT,zero_mV_x10,105,net_mV_x10,718,span_ms,3_467,span_rate_x10,429,follow_pct,87,span_duty_mean,4_355,span_duty_max,5_196
[2026-09-21T19:27:06.695] Cog0  BS-ZERO,motor,LEFT,phase,COARSE,samples,200,i_mean_mV_x10,97,i_min_mV,8,i_max_mV,12,frozen,FALSE,in_band,TRUE,health_ok,NA,u_mV_x10,496,v_mV_x10,616,w_mV_x10,611
[2026-09-21T19:27:06.695] Cog0  MOT:  offset_fwd_degrees = 63, offset_fwd = $2CCC_CCCC
[2026-09-21T19:27:06.696] Cog0   (ind)offset_rev_degrees = 317, offset_rev = $E16C_16C1
[2026-09-21T19:27:06.711] Cog3  -MOT- inincr = -18_375_000 nTgtIncr = $7EE7_9EA8 0 sync = 0
[2026-09-21T19:27:07.530] Cog0  BS-POINT,seq,5,motor,LEFT,speed,LOW,incre,-18_375_000,phase,COARSE,neg_deg,63,pos_deg,317,swept_deg,63,result,ABORT_I,steady_ms,645,ticks,NA,win_ms,NA,rate_x10,NA,rate_ok,FALSE,samples,NA,i_mean_mV_x10,NA,i_se_mV_x10,NA
[2026-09-21T19:27:07.532] Cog0  BS-POINT2,seq,5,motor,LEFT,incre,-18_375_000,i_halfA_mV_x10,NA,i_halfB_mV_x10,NA,unsettled,FALSE,i_min_mV,NA,i_max_mV,NA,duty_mean,NA,err_mean,NA,missed_d,NA,illegal_d,NA,fault,FALSE,abort_i,TRUE,charge_mVs,51,drv_state,3
[2026-09-21T19:27:07.533] Cog0  BS-POINT3,seq,5,motor,LEFT,zero_mV_x10,97,net_mV_x10,NA,span_ms,829,span_rate_x10,229,follow_pct,46,span_duty_mean,3_297,span_duty_max,6_326
[2026-09-21T19:27:07.538] Cog0  BS-ABORT,scope,POINT,reason,ABORT_I,motor,LEFT,incre,-18_375_000,seq,5,value,161,elapsed_s,47
[2026-09-21T19:27:07.538] Cog0  *VAL* legalBasePin = 32
[2026-09-21T19:27:07.540] Cog0  *VAL* legalVoltage = 6
[2026-09-21T19:27:07.540] Cog0  *VAL* legalMode = 30
[2026-09-21T19:27:07.540] Cog0  --- pinSum = 95, 64010 Rev B, highTimeUs = 73
[2026-09-21T19:27:07.540] Cog0  MOT: fwdDegrees = 14, offset_fwd = $09F4_9F49
[2026-09-21T19:27:07.541] Cog0       revDegrees = 338, offset_rev = $F05B_05B0
[2026-09-21T19:27:07.541] Cog0   - Calc FRAME: frame_cnt = 6_136
[2026-09-21T19:27:07.541] Cog0  * init values dead_gap = 70, pwm_limit = 3_033, adc_fram = 6_136, duty_min = 1_600, duty_max = 24_264
[2026-09-21T19:27:07.542] Cog0  *      values duty_up = 18, duty_dn = 4, cfg_ctcks = 135_000
[2026-09-21T19:27:07.542] Cog0  * ENTRY CFG userVoltage = 6, index = 6
[2026-09-21T19:27:07.543] Cog0  * EXIT 2 CFG eUserSelectedVolts = 6 maxFwdIncreAtPwr = 147_000_000 minFwdIncreAtPwr = 544_628
[2026-09-21T19:27:07.543] Cog0  -MOT- inincr = 0 nTgtIncr = $0000_0000 0 sync = 0
[2026-09-21T19:27:07.543] Cog0  * Motor COG #2
[2026-09-21T19:27:07.544] Cog2  INIT $0000_893A $0000_CEFF load
[2026-09-21T19:27:07.544] Cog3  INIT $0000_0FA8 $0000_CADB jump
[2026-09-21T19:27:07.559] Cog0  * Front COG #3
[2026-09-21T19:27:08.555] Cog0  BLDC: getBoardType() driver running, not measured; returning revision recorded at start 22
[2026-09-21T19:27:08.556] Cog0  MOT:  offset_fwd_degrees = 43, offset_fwd = $1E93_E93E
[2026-09-21T19:27:08.557] Cog0   (ind)offset_rev_degrees = 317, offset_rev = $E16C_16C1
[2026-09-21T19:27:08.573] Cog0  BS-START,motor,LEFT,base,32,cog,2,cog_ok,TRUE,board_rev,22,rev_b,TRUE,board_id,REV_B,init_neg_deg,14,init_pos_deg,338,neg_deg,43,pos_deg,317,offsets_ok,TRUE,missed,0,illegal,0,integ_ok,TRUE,result,OK
[2026-09-21T19:27:09.075] Cog0  BS-WALK,motor,LEFT,speed,LOW,sign,NEG,side,UP,pts,2,last_swept_deg,63,stop,RISE,low_swept_deg,43,low_mV_x10,415,low_net_mV_x10,308
[2026-09-21T19:27:10.073] Cog0  BS-ZERO,motor,LEFT,phase,COARSE,samples,200,i_mean_mV_x10,87,i_min_mV,7,i_max_mV,11,frozen,FALSE,in_band,TRUE,health_ok,NA,u_mV_x10,509,v_mV_x10,583,w_mV_x10,578
[2026-09-21T19:27:10.074] Cog0  MOT:  offset_fwd_degrees = 33, offset_fwd = $1777_7777
[2026-09-21T19:27:10.074] Cog0   (ind)offset_rev_degrees = 317, offset_rev = $E16C_16C1
[2026-09-21T19:27:10.090] Cog3  -MOT- inincr = -18_375_000 nTgtIncr = $7EE7_9EA8 0 sync = 0
[2026-09-21T19:27:13.548] Cog3  -MOT- inincr = 0 nTgtIncr = $0000_0000 0 sync = 0
[2026-09-21T19:27:13.740] Cog0  BS-POINT,seq,6,motor,LEFT,speed,LOW,incre,-18_375_000,phase,COARSE,neg_deg,33,pos_deg,317,swept_deg,33,result,OK,steady_ms,645,ticks,90,win_ms,1_820,rate_x10,494,rate_ok,TRUE,samples,360,i_mean_mV_x10,225,i_se_mV_x10,5
[2026-09-21T19:27:13.742] Cog0  BS-POINT2,seq,6,motor,LEFT,incre,-18_375_000,i_halfA_mV_x10,221,i_halfB_mV_x10,229,unsettled,FALSE,i_min_mV,17,i_max_mV,29,duty_mean,3_538,err_mean,-48,missed_d,0,illegal_d,0,fault,FALSE,abort_i,FALSE,charge_mVs,77,drv_state,1
[2026-09-21T19:27:13.758] Cog0  BS-POINT3,seq,6,motor,LEFT,zero_mV_x10,87,net_mV_x10,138,span_ms,3_467,span_rate_x10,429,follow_pct,87,span_duty_mean,3_249,span_duty_max,3_957
[2026-09-21T19:27:15.257] Cog0  BS-ZERO,motor,LEFT,phase,COARSE,samples,200,i_mean_mV_x10,89,i_min_mV,7,i_max_mV,12,frozen,FALSE,in_band,TRUE,health_ok,NA,u_mV_x10,510,v_mV_x10,585,w_mV_x10,588
[2026-09-21T19:27:15.257] Cog0  MOT:  offset_fwd_degrees = 23, offset_fwd = $105B_05B0
[2026-09-21T19:27:15.258] Cog0   (ind)offset_rev_degrees = 317, offset_rev = $E16C_16C1
[2026-09-21T19:27:15.274] Cog3  -MOT- inincr = -18_375_000 nTgtIncr = $7EE7_9EA8 0 sync = 0
[2026-09-21T19:27:18.747] Cog3  -MOT- inincr = 0 nTgtIncr = $0000_0000 0 sync = 0
[2026-09-21T19:27:18.928] Cog0  BS-POINT,seq,7,motor,LEFT,speed,LOW,incre,-18_375_000,phase,COARSE,neg_deg,23,pos_deg,317,swept_deg,23,result,OK,steady_ms,645,ticks,90,win_ms,1_825,rate_x10,493,rate_ok,TRUE,samples,361,i_mean_mV_x10,202,i_se_mV_x10,6
[2026-09-21T19:27:18.930] Cog0  BS-POINT2,seq,7,motor,LEFT,incre,-18_375_000,i_halfA_mV_x10,202,i_halfB_mV_x10,201,unsettled,FALSE,i_min_mV,11,i_max_mV,39,duty_mean,3_474,err_mean,-47,missed_d,0,illegal_d,0,fault,FALSE,abort_i,FALSE,charge_mVs,71,drv_state,1
[2026-09-21T19:27:18.945] Cog0  BS-POINT3,seq,7,motor,LEFT,zero_mV_x10,89,net_mV_x10,113,span_ms,3_472,span_rate_x10,429,follow_pct,87,span_duty_mean,3_205,span_duty_max,5_061
[2026-09-21T19:27:20.445] Cog0  BS-ZERO,motor,LEFT,phase,COARSE,samples,200,i_mean_mV_x10,96,i_min_mV,8,i_max_mV,13,frozen,FALSE,in_band,TRUE,health_ok,NA,u_mV_x10,500,v_mV_x10,590,w_mV_x10,589
[2026-09-21T19:27:20.445] Cog0  MOT:  offset_fwd_degrees = 13, offset_fwd = $093E_93E9
[2026-09-21T19:27:20.446] Cog0   (ind)offset_rev_degrees = 317, offset_rev = $E16C_16C1
[2026-09-21T19:27:20.461] Cog3  -MOT- inincr = -18_375_000 nTgtIncr = $7EE7_9EA8 0 sync = 0
[2026-09-21T19:27:23.903] Cog3  -MOT- inincr = 0 nTgtIncr = $0000_0000 0 sync = 0
[2026-09-21T19:27:24.096] Cog0  BS-POINT,seq,8,motor,LEFT,speed,LOW,incre,-18_375_000,phase,COARSE,neg_deg,13,pos_deg,317,swept_deg,13,result,OK,steady_ms,645,ticks,90,win_ms,1_804,rate_x10,498,rate_ok,TRUE,samples,357,i_mean_mV_x10,247,i_se_mV_x10,4
[2026-09-21T19:27:24.098] Cog0  BS-POINT2,seq,8,motor,LEFT,incre,-18_375_000,i_halfA_mV_x10,255,i_halfB_mV_x10,239,unsettled,TRUE,i_min_mV,9,i_max_mV,60,duty_mean,3_589,err_mean,-44,missed_d,0,illegal_d,0,fault,FALSE,abort_i,FALSE,charge_mVs,83,drv_state,1
[2026-09-21T19:27:24.114] Cog0  BS-POINT3,seq,8,motor,LEFT,zero_mV_x10,96,net_mV_x10,151,span_ms,3_452,span_rate_x10,431,follow_pct,87,span_duty_mean,3_278,span_duty_max,6_013
[2026-09-21T19:27:25.613] Cog0  BS-ZERO,motor,LEFT,phase,COARSE,samples,200,i_mean_mV_x10,97,i_min_mV,8,i_max_mV,12,frozen,FALSE,in_band,TRUE,health_ok,NA,u_mV_x10,512,v_mV_x10,582,w_mV_x10,594
[2026-09-21T19:27:25.613] Cog0  MOT:  offset_fwd_degrees = 3, offset_fwd = $0222_2222
[2026-09-21T19:27:25.614] Cog0   (ind)offset_rev_degrees = 317, offset_rev = $E16C_16C1
[2026-09-21T19:27:25.629] Cog3  -MOT- inincr = -18_375_000 nTgtIncr = $7EE7_9EA8 0 sync = 0
[2026-09-21T19:27:29.119] Cog3  -MOT- inincr = 0 nTgtIncr = $0000_0000 0 sync = 0
[2026-09-21T19:27:29.304] Cog0  BS-POINT,seq,9,motor,LEFT,speed,LOW,incre,-18_375_000,phase,COARSE,neg_deg,3,pos_deg,317,swept_deg,3,result,OK,steady_ms,645,ticks,90,win_ms,1_845,rate_x10,487,rate_ok,TRUE,samples,365,i_mean_mV_x10,539,i_se_mV_x10,8
[2026-09-21T19:27:29.306] Cog0  BS-POINT2,seq,9,motor,LEFT,incre,-18_375_000,i_halfA_mV_x10,529,i_halfB_mV_x10,549,unsettled,TRUE,i_min_mV,8,i_max_mV,150,duty_mean,4_024,err_mean,-38,missed_d,0,illegal_d,0,fault,FALSE,abort_i,FALSE,charge_mVs,167,drv_state,1
[2026-09-21T19:27:29.322] Cog0  BS-POINT3,seq,9,motor,LEFT,zero_mV_x10,97,net_mV_x10,442,span_ms,3_493,span_rate_x10,429,follow_pct,87,span_duty_mean,3_638,span_duty_max,6_912
[2026-09-21T19:27:29.810] Cog0  BS-WALK,motor,LEFT,speed,LOW,sign,NEG,side,DOWN,pts,4,last_swept_deg,3,stop,RISE,low_swept_deg,23,low_mV_x10,202,low_net_mV_x10,113
[2026-09-21T19:27:29.826] Cog0  BS-BRACKET,motor,LEFT,speed,LOW,sign,NEG,low_swept_deg,23,low_mV_x10,202,below_ok,TRUE,above_ok,TRUE,bracketed,TRUE,reason,OK,low_net_mV_x10,113
[2026-09-21T19:27:30.824] Cog0  BS-ZERO,motor,LEFT,phase,FINE,samples,200,i_mean_mV_x10,100,i_min_mV,8,i_max_mV,13,frozen,FALSE,in_band,TRUE,health_ok,NA,u_mV_x10,515,v_mV_x10,584,w_mV_x10,594
[2026-09-21T19:27:30.824] Cog0  MOT:  offset_fwd_degrees = 23, offset_fwd = $105B_05B0
[2026-09-21T19:27:30.825] Cog0   (ind)offset_rev_degrees = 317, offset_rev = $E16C_16C1
[2026-09-21T19:27:30.841] Cog3  -MOT- inincr = -18_375_000 nTgtIncr = $7EE7_9EA8 0 sync = 0
[2026-09-21T19:27:34.299] Cog3  -MOT- inincr = 0 nTgtIncr = $0000_0000 0 sync = 0
[2026-09-21T19:27:34.491] Cog0  BS-POINT,seq,10,motor,LEFT,speed,LOW,incre,-18_375_000,phase,FINE,neg_deg,23,pos_deg,317,swept_deg,23,result,OK,steady_ms,645,ticks,90,win_ms,1_820,rate_x10,494,rate_ok,TRUE,samples,360,i_mean_mV_x10,204,i_se_mV_x10,5
[2026-09-21T19:27:34.493] Cog0  BS-POINT2,seq,10,motor,LEFT,incre,-18_375_000,i_halfA_mV_x10,196,i_halfB_mV_x10,212,unsettled,TRUE,i_min_mV,12,i_max_mV,37,duty_mean,3_461,err_mean,-47,missed_d,0,illegal_d,0,fault,FALSE,abort_i,FALSE,charge_mVs,72,drv_state,1
[2026-09-21T19:27:34.509] Cog0  BS-POINT3,seq,10,motor,LEFT,zero_mV_x10,100,net_mV_x10,104,span_ms,3_468,span_rate_x10,429,follow_pct,87,span_duty_mean,3_194,span_duty_max,4_752
[2026-09-21T19:27:36.008] Cog0  BS-ZERO,motor,LEFT,phase,FINE,samples,200,i_mean_mV_x10,90,i_min_mV,7,i_max_mV,12,frozen,FALSE,in_band,TRUE,health_ok,NA,u_mV_x10,510,v_mV_x10,592,w_mV_x10,597
[2026-09-21T19:27:36.008] Cog0  MOT:  offset_fwd_degrees = 33, offset_fwd = $1777_7777
[2026-09-21T19:27:36.009] Cog0   (ind)offset_rev_degrees = 317, offset_rev = $E16C_16C1
[2026-09-21T19:27:36.024] Cog3  -MOT- inincr = -18_375_000 nTgtIncr = $7EE7_9EA8 0 sync = 0
[2026-09-21T19:27:39.482] Cog3  -MOT- inincr = 0 nTgtIncr = $0000_0000 0 sync = 0
[2026-09-21T19:27:39.675] Cog0  BS-POINT,seq,11,motor,LEFT,speed,LOW,incre,-18_375_000,phase,FINE,neg_deg,33,pos_deg,317,swept_deg,33,result,OK,steady_ms,645,ticks,90,win_ms,1_820,rate_x10,494,rate_ok,TRUE,samples,360,i_mean_mV_x10,224,i_se_mV_x10,5
[2026-09-21T19:27:39.677] Cog0  BS-POINT2,seq,11,motor,LEFT,incre,-18_375_000,i_halfA_mV_x10,227,i_halfB_mV_x10,221,unsettled,FALSE,i_min_mV,17,i_max_mV,29,duty_mean,3_538,err_mean,-48,missed_d,0,illegal_d,0,fault,FALSE,abort_i,FALSE,charge_mVs,77,drv_state,1
[2026-09-21T19:27:39.692] Cog0  BS-POINT3,seq,11,motor,LEFT,zero_mV_x10,90,net_mV_x10,134,span_ms,3_468,span_rate_x10,429,follow_pct,87,span_duty_mean,3_248,span_duty_max,4_173
[2026-09-21T19:27:41.191] Cog0  BS-ZERO,motor,LEFT,phase,FINE,samples,200,i_mean_mV_x10,88,i_min_mV,7,i_max_mV,11,frozen,FALSE,in_band,TRUE,health_ok,NA,u_mV_x10,515,v_mV_x10,595,w_mV_x10,595
[2026-09-21T19:27:41.192] Cog0  MOT:  offset_fwd_degrees = 13, offset_fwd = $093E_93E9
[2026-09-21T19:27:41.193] Cog0   (ind)offset_rev_degrees = 317, offset_rev = $E16C_16C1
[2026-09-21T19:27:41.209] Cog3  -MOT- inincr = -18_375_000 nTgtIncr = $7EE7_9EA8 0 sync = 0
[2026-09-21T19:27:44.651] Cog3  -MOT- inincr = 0 nTgtIncr = $0000_0000 0 sync = 0
[2026-09-21T19:27:44.843] Cog0  BS-POINT,seq,12,motor,LEFT,speed,LOW,incre,-18_375_000,phase,FINE,neg_deg,13,pos_deg,317,swept_deg,13,result,OK,steady_ms,645,ticks,90,win_ms,1_804,rate_x10,498,rate_ok,TRUE,samples,357,i_mean_mV_x10,254,i_se_mV_x10,8
[2026-09-21T19:27:44.845] Cog0  BS-POINT2,seq,12,motor,LEFT,incre,-18_375_000,i_halfA_mV_x10,252,i_halfB_mV_x10,257,unsettled,FALSE,i_min_mV,10,i_max_mV,58,duty_mean,3_588,err_mean,-45,missed_d,0,illegal_d,0,fault,FALSE,abort_i,FALSE,charge_mVs,85,drv_state,1
[2026-09-21T19:27:44.861] Cog0  BS-POINT3,seq,12,motor,LEFT,zero_mV_x10,88,net_mV_x10,166,span_ms,3_452,span_rate_x10,431,follow_pct,87,span_duty_mean,3_269,span_duty_max,5_311
[2026-09-21T19:27:46.360] Cog0  BS-ZERO,motor,LEFT,phase,FINE,samples,200,i_mean_mV_x10,94,i_min_mV,7,i_max_mV,12,frozen,FALSE,in_band,TRUE,health_ok,NA,u_mV_x10,514,v_mV_x10,591,w_mV_x10,598
[2026-09-21T19:27:46.360] Cog0  MOT:  offset_fwd_degrees = 43, offset_fwd = $1E93_E93E
[2026-09-21T19:27:46.361] Cog0   (ind)offset_rev_degrees = 317, offset_rev = $E16C_16C1
[2026-09-21T19:27:46.377] Cog3  -MOT- inincr = -18_375_000 nTgtIncr = $7EE7_9EA8 0 sync = 0
[2026-09-21T19:27:49.835] Cog3  -MOT- inincr = 0 nTgtIncr = $0000_0000 0 sync = 0
[2026-09-21T19:27:50.027] Cog0  BS-POINT,seq,13,motor,LEFT,speed,LOW,incre,-18_375_000,phase,FINE,neg_deg,43,pos_deg,317,swept_deg,43,result,OK,steady_ms,645,ticks,90,win_ms,1_819,rate_x10,494,rate_ok,TRUE,samples,360,i_mean_mV_x10,407,i_se_mV_x10,9
[2026-09-21T19:27:50.029] Cog0  BS-POINT2,seq,13,motor,LEFT,incre,-18_375_000,i_halfA_mV_x10,406,i_halfB_mV_x10,409,unsettled,FALSE,i_min_mV,30,i_max_mV,51,duty_mean,4_016,err_mean,-48,missed_d,0,illegal_d,0,fault,FALSE,abort_i,FALSE,charge_mVs,130,drv_state,1
[2026-09-21T19:27:50.045] Cog0  BS-POINT3,seq,13,motor,LEFT,zero_mV_x10,94,net_mV_x10,313,span_ms,3_467,span_rate_x10,429,follow_pct,87,span_duty_mean,3_652,span_duty_max,4_329
[2026-09-21T19:27:51.544] Cog0  BS-ZERO,motor,LEFT,phase,FINE,samples,200,i_mean_mV_x10,98,i_min_mV,8,i_max_mV,12,frozen,FALSE,in_band,TRUE,health_ok,NA,u_mV_x10,518,v_mV_x10,595,w_mV_x10,598
[2026-09-21T19:27:51.544] Cog0  MOT:  offset_fwd_degrees = 3, offset_fwd = $0222_2222
[2026-09-21T19:27:51.544] Cog0   (ind)offset_rev_degrees = 317, offset_rev = $E16C_16C1
[2026-09-21T19:27:51.561] Cog3  -MOT- inincr = -18_375_000 nTgtIncr = $7EE7_9EA8 0 sync = 0
[2026-09-21T19:27:55.034] Cog3  -MOT- inincr = 0 nTgtIncr = $0000_0000 0 sync = 0
[2026-09-21T19:27:55.220] Cog0  BS-POINT,seq,14,motor,LEFT,speed,LOW,incre,-18_375_000,phase,FINE,neg_deg,3,pos_deg,317,swept_deg,3,result,OK,steady_ms,645,ticks,90,win_ms,1_824,rate_x10,493,rate_ok,TRUE,samples,361,i_mean_mV_x10,548,i_se_mV_x10,13
[2026-09-21T19:27:55.222] Cog0  BS-POINT2,seq,14,motor,LEFT,incre,-18_375_000,i_halfA_mV_x10,525,i_halfB_mV_x10,570,unsettled,TRUE,i_min_mV,9,i_max_mV,159,duty_mean,4_044,err_mean,-38,missed_d,0,illegal_d,0,fault,FALSE,abort_i,FALSE,charge_mVs,164,drv_state,1
[2026-09-21T19:27:55.238] Cog0  BS-POINT3,seq,14,motor,LEFT,zero_mV_x10,98,net_mV_x10,450,span_ms,3_472,span_rate_x10,429,follow_pct,87,span_duty_mean,3_620,span_duty_max,6_967
[2026-09-21T19:27:56.737] Cog0  BS-ZERO,motor,LEFT,phase,FINE,samples,200,i_mean_mV_x10,101,i_min_mV,8,i_max_mV,12,frozen,FALSE,in_band,TRUE,health_ok,NA,u_mV_x10,520,v_mV_x10,599,w_mV_x10,594
[2026-09-21T19:27:56.737] Cog0  MOT:  offset_fwd_degrees = 28, offset_fwd = $13E9_3E93
[2026-09-21T19:27:56.737] Cog0   (ind)offset_rev_degrees = 317, offset_rev = $E16C_16C1
[2026-09-21T19:27:56.753] Cog3  -MOT- inincr = -18_375_000 nTgtIncr = $7EE7_9EA8 0 sync = 0
[2026-09-21T19:28:00.211] Cog3  -MOT- inincr = 0 nTgtIncr = $0000_0000 0 sync = 0
[2026-09-21T19:28:00.403] Cog0  BS-POINT,seq,15,motor,LEFT,speed,LOW,incre,-18_375_000,phase,FINE,neg_deg,28,pos_deg,317,swept_deg,28,result,OK,steady_ms,645,ticks,90,win_ms,1_819,rate_x10,494,rate_ok,TRUE,samples,360,i_mean_mV_x10,193,i_se_mV_x10,3
[2026-09-21T19:28:00.404] Cog0  BS-POINT2,seq,15,motor,LEFT,incre,-18_375_000,i_halfA_mV_x10,191,i_halfB_mV_x10,195,unsettled,FALSE,i_min_mV,15,i_max_mV,25,duty_mean,3_388,err_mean,-48,missed_d,0,illegal_d,0,fault,FALSE,abort_i,FALSE,charge_mVs,69,drv_state,1
[2026-09-21T19:28:00.421] Cog0  BS-POINT3,seq,15,motor,LEFT,zero_mV_x10,101,net_mV_x10,92,span_ms,3_467,span_rate_x10,429,follow_pct,87,span_duty_mean,3_131,span_duty_max,4_298
[2026-09-21T19:28:01.919] Cog0  BS-ZERO,motor,LEFT,phase,FINE,samples,200,i_mean_mV_x10,101,i_min_mV,8,i_max_mV,12,frozen,FALSE,in_band,TRUE,health_ok,NA,u_mV_x10,523,v_mV_x10,594,w_mV_x10,601
[2026-09-21T19:28:01.919] Cog0  MOT:  offset_fwd_degrees = 18, offset_fwd = $0CCC_CCCC
[2026-09-21T19:28:01.920] Cog0   (ind)offset_rev_degrees = 317, offset_rev = $E16C_16C1
[2026-09-21T19:28:01.936] Cog3  -MOT- inincr = -18_375_000 nTgtIncr = $7EE7_9EA8 0 sync = 0
[2026-09-21T19:28:05.410] Cog3  -MOT- inincr = 0 nTgtIncr = $0000_0000 0 sync = 0
[2026-09-21T19:28:05.595] Cog0  BS-POINT,seq,16,motor,LEFT,speed,LOW,incre,-18_375_000,phase,FINE,neg_deg,18,pos_deg,317,swept_deg,18,result,OK,steady_ms,645,ticks,90,win_ms,1_824,rate_x10,493,rate_ok,TRUE,samples,361,i_mean_mV_x10,236,i_se_mV_x10,5
[2026-09-21T19:28:05.597] Cog0  BS-POINT2,seq,16,motor,LEFT,incre,-18_375_000,i_halfA_mV_x10,232,i_halfB_mV_x10,240,unsettled,FALSE,i_min_mV,12,i_max_mV,50,duty_mean,3_548,err_mean,-46,missed_d,0,illegal_d,0,fault,FALSE,abort_i,FALSE,charge_mVs,81,drv_state,1
[2026-09-21T19:28:05.614] Cog0  BS-POINT3,seq,16,motor,LEFT,zero_mV_x10,101,net_mV_x10,135,span_ms,3_473,span_rate_x10,429,follow_pct,87,span_duty_mean,3_244,span_duty_max,5_389
[2026-09-21T19:28:07.112] Cog0  BS-ZERO,motor,LEFT,phase,FINE,samples,200,i_mean_mV_x10,98,i_min_mV,8,i_max_mV,12,frozen,FALSE,in_band,TRUE,health_ok,NA,u_mV_x10,514,v_mV_x10,596,w_mV_x10,595
[2026-09-21T19:28:07.112] Cog0  MOT:  offset_fwd_degrees = 38, offset_fwd = $1B05_B05B
[2026-09-21T19:28:07.114] Cog0   (ind)offset_rev_degrees = 317, offset_rev = $E16C_16C1
[2026-09-21T19:28:07.129] Cog3  -MOT- inincr = -18_375_000 nTgtIncr = $7EE7_9EA8 0 sync = 0
[2026-09-21T19:28:10.587] Cog3  -MOT- inincr = 0 nTgtIncr = $0000_0000 0 sync = 0
[2026-09-21T19:28:10.779] Cog0  BS-POINT,seq,17,motor,LEFT,speed,LOW,incre,-18_375_000,phase,FINE,neg_deg,38,pos_deg,317,swept_deg,38,result,OK,steady_ms,645,ticks,90,win_ms,1_820,rate_x10,494,rate_ok,TRUE,samples,360,i_mean_mV_x10,300,i_se_mV_x10,7
[2026-09-21T19:28:10.781] Cog0  BS-POINT2,seq,17,motor,LEFT,incre,-18_375_000,i_halfA_mV_x10,308,i_halfB_mV_x10,292,unsettled,TRUE,i_min_mV,22,i_max_mV,39,duty_mean,3_744,err_mean,-48,missed_d,0,illegal_d,0,fault,FALSE,abort_i,FALSE,charge_mVs,99,drv_state,1
[2026-09-21T19:28:10.797] Cog0  BS-POINT3,seq,17,motor,LEFT,zero_mV_x10,98,net_mV_x10,202,span_ms,3_468,span_rate_x10,429,follow_pct,87,span_duty_mean,3_418,span_duty_max,4_134
[2026-09-21T19:28:12.296] Cog0  BS-ZERO,motor,LEFT,phase,FINE,samples,200,i_mean_mV_x10,98,i_min_mV,8,i_max_mV,14,frozen,FALSE,in_band,TRUE,health_ok,NA,u_mV_x10,520,v_mV_x10,600,w_mV_x10,600
[2026-09-21T19:28:12.296] Cog0  MOT:  offset_fwd_degrees = 8, offset_fwd = $05B0_5B05
[2026-09-21T19:28:12.297] Cog0   (ind)offset_rev_degrees = 317, offset_rev = $E16C_16C1
[2026-09-21T19:28:12.313] Cog3  -MOT- inincr = -18_375_000 nTgtIncr = $7EE7_9EA8 0 sync = 0
[2026-09-21T19:28:15.787] Cog3  -MOT- inincr = 0 nTgtIncr = $0000_0000 0 sync = 0
[2026-09-21T19:28:15.968] Cog0  BS-POINT,seq,18,motor,LEFT,speed,LOW,incre,-18_375_000,phase,FINE,neg_deg,8,pos_deg,317,swept_deg,8,result,OK,steady_ms,645,ticks,90,win_ms,1_825,rate_x10,493,rate_ok,TRUE,samples,361,i_mean_mV_x10,339,i_se_mV_x10,4
[2026-09-21T19:28:15.970] Cog0  BS-POINT2,seq,18,motor,LEFT,incre,-18_375_000,i_halfA_mV_x10,336,i_halfB_mV_x10,342,unsettled,FALSE,i_min_mV,8,i_max_mV,83,duty_mean,3_694,err_mean,-42,missed_d,0,illegal_d,0,fault,FALSE,abort_i,FALSE,charge_mVs,111,drv_state,1
[2026-09-21T19:28:15.986] Cog0  BS-POINT3,seq,18,motor,LEFT,zero_mV_x10,98,net_mV_x10,241,span_ms,3_473,span_rate_x10,429,follow_pct,87,span_duty_mean,3_363,span_duty_max,5_961
[2026-09-21T19:28:17.486] Cog0  BS-ZERO,motor,LEFT,phase,REF_END,samples,200,i_mean_mV_x10,100,i_min_mV,8,i_max_mV,13,frozen,FALSE,in_band,TRUE,health_ok,NA,u_mV_x10,518,v_mV_x10,597,w_mV_x10,600
[2026-09-21T19:28:17.486] Cog0  MOT:  offset_fwd_degrees = 43, offset_fwd = $1E93_E93E
[2026-09-21T19:28:17.487] Cog0   (ind)offset_rev_degrees = 317, offset_rev = $E16C_16C1
[2026-09-21T19:28:17.503] Cog3  -MOT- inincr = -18_375_000 nTgtIncr = $7EE7_9EA8 0 sync = 0
[2026-09-21T19:28:20.961] Cog3  -MOT- inincr = 0 nTgtIncr = $0000_0000 0 sync = 0
[2026-09-21T19:28:21.153] Cog0  BS-POINT,seq,19,motor,LEFT,speed,LOW,incre,-18_375_000,phase,REF_END,neg_deg,43,pos_deg,317,swept_deg,43,result,OK,steady_ms,645,ticks,90,win_ms,1_820,rate_x10,494,rate_ok,TRUE,samples,360,i_mean_mV_x10,412,i_se_mV_x10,10
[2026-09-21T19:28:21.155] Cog0  BS-POINT2,seq,19,motor,LEFT,incre,-18_375_000,i_halfA_mV_x10,398,i_halfB_mV_x10,426,unsettled,TRUE,i_min_mV,32,i_max_mV,50,duty_mean,4_016,err_mean,-48,missed_d,0,illegal_d,0,fault,FALSE,abort_i,FALSE,charge_mVs,134,drv_state,1
[2026-09-21T19:28:21.171] Cog0  BS-POINT3,seq,19,motor,LEFT,zero_mV_x10,100,net_mV_x10,312,span_ms,3_468,span_rate_x10,429,follow_pct,87,span_duty_mean,3_661,span_duty_max,4_320
[2026-09-21T19:28:21.659] Cog0  BS-FIT,motor,LEFT,speed,LOW,sign,NEG,status,OK,n,9,centre_deg,23,span_lo_deg,3,span_hi_deg,43,extended,FALSE,pinned,FALSE
[2026-09-21T19:28:21.660] Cog0  BS-FIT2,motor,LEFT,speed,LOW,sign,NEG,min_deg_x10,248,min_se_deg_x10,5,min_mV_x10,85,rms_mV_x10,25,med_se_mV_x10,5,curv_x100,698,curv_model_pct,5_368,flat2_deg_x10,16
[2026-09-21T19:28:21.663] Cog0  BS-CLIFF,motor,LEFT,speed,LOW,sign,NEG,found,FALSE,last_good_deg,NA,first_fault_deg,NA,edge_deg_x10,NA,margin_deg_x10,NA,margin_from_fit,FALSE,edge_res_deg_x10,NA
[2026-09-21T19:28:21.664] Cog0  BS-LEG,motor,LEFT,speed,LOW,sign,NEG,served_by,OFFSET_FWD,pts,17,faults,0,aborts_i,1,ref_start_mV_x10,415,ref_end_mV_x10,412,drift_pct_x10,12,drift_flag,FALSE,exit,DONE,ref_start_net_mV_x10,308,ref_end_net_mV_x10,312
[2026-09-21T19:28:21.681] Cog0  BS-ARC,motor,LEFT,speed,LOW,sign,NEG,arc_lo_deg,3,arc_hi_deg,53,arc_deg,50,bound_lo,RISE,bound_hi,CURRENT,circle_deg,360
[2026-09-21T19:28:22.679] Cog0  BS-ZERO,motor,LEFT,phase,REF_START,samples,200,i_mean_mV_x10,105,i_min_mV,8,i_max_mV,13,frozen,FALSE,in_band,TRUE,health_ok,NA,u_mV_x10,522,v_mV_x10,596,w_mV_x10,604
[2026-09-21T19:28:22.679] Cog0  MOT:  offset_fwd_degrees = 43, offset_fwd = $1E93_E93E
[2026-09-21T19:28:22.680] Cog0   (ind)offset_rev_degrees = 317, offset_rev = $E16C_16C1
[2026-09-21T19:28:22.695] Cog3  -MOT- inincr = 18_375_000 nTgtIncr = $0118_6158 0 sync = 0
[2026-09-21T19:28:26.153] Cog3  -MOT- inincr = 0 nTgtIncr = $0000_0000 0 sync = 0
[2026-09-21T19:28:26.346] Cog0  BS-POINT,seq,20,motor,LEFT,speed,LOW,incre,18_375_000,phase,REF_START,neg_deg,43,pos_deg,317,swept_deg,-43,result,OK,steady_ms,645,ticks,90,win_ms,1_820,rate_x10,494,rate_ok,TRUE,samples,360,i_mean_mV_x10,259,i_se_mV_x10,6
[2026-09-21T19:28:26.348] Cog0  BS-POINT2,seq,20,motor,LEFT,incre,18_375_000,i_halfA_mV_x10,267,i_halfB_mV_x10,251,unsettled,TRUE,i_min_mV,19,i_max_mV,34,duty_mean,3_620,err_mean,48,missed_d,0,illegal_d,0,fault,FALSE,abort_i,FALSE,charge_mVs,87,drv_state,1
[2026-09-21T19:28:26.363] Cog0  BS-POINT3,seq,20,motor,LEFT,zero_mV_x10,105,net_mV_x10,154,span_ms,3_468,span_rate_x10,429,follow_pct,87,span_duty_mean,3_317,span_duty_max,4_269
[2026-09-21T19:28:27.862] Cog0  BS-ZERO,motor,LEFT,phase,COARSE,samples,200,i_mean_mV_x10,104,i_min_mV,8,i_max_mV,13,frozen,FALSE,in_band,TRUE,health_ok,NA,u_mV_x10,517,v_mV_x10,599,w_mV_x10,601
[2026-09-21T19:28:27.863] Cog0  MOT:  offset_fwd_degrees = 43, offset_fwd = $1E93_E93E
[2026-09-21T19:28:27.864] Cog0   (ind)offset_rev_degrees = 327, offset_rev = $E888_8888
[2026-09-21T19:28:27.879] Cog3  -MOT- inincr = 18_375_000 nTgtIncr = $0118_6158 0 sync = 0
[2026-09-21T19:28:31.353] Cog3  -MOT- inincr = 0 nTgtIncr = $0000_0000 0 sync = 0
[2026-09-21T19:28:31.544] Cog0  BS-POINT,seq,21,motor,LEFT,speed,LOW,incre,18_375_000,phase,COARSE,neg_deg,43,pos_deg,327,swept_deg,-33,result,OK,steady_ms,645,ticks,90,win_ms,1_835,rate_x10,490,rate_ok,TRUE,samples,363,i_mean_mV_x10,191,i_se_mV_x10,2
[2026-09-21T19:28:31.546] Cog0  BS-POINT2,seq,21,motor,LEFT,incre,18_375_000,i_halfA_mV_x10,192,i_halfB_mV_x10,191,unsettled,FALSE,i_min_mV,12,i_max_mV,29,duty_mean,3_414,err_mean,48,missed_d,0,illegal_d,0,fault,FALSE,abort_i,FALSE,charge_mVs,69,drv_state,1
[2026-09-21T19:28:31.562] Cog0  BS-POINT3,seq,21,motor,LEFT,zero_mV_x10,104,net_mV_x10,87,span_ms,3_483,span_rate_x10,430,follow_pct,87,span_duty_mean,3_161,span_duty_max,4_865
[2026-09-21T19:28:33.061] Cog0  BS-ZERO,motor,LEFT,phase,COARSE,samples,200,i_mean_mV_x10,100,i_min_mV,8,i_max_mV,12,frozen,FALSE,in_band,TRUE,health_ok,NA,u_mV_x10,516,v_mV_x10,603,w_mV_x10,602
[2026-09-21T19:28:33.061] Cog0  MOT:  offset_fwd_degrees = 43, offset_fwd = $1E93_E93E
[2026-09-21T19:28:33.062] Cog0   (ind)offset_rev_degrees = 337, offset_rev = $EFA4_FA4F
[2026-09-21T19:28:33.078] Cog3  -MOT- inincr = 18_375_000 nTgtIncr = $0118_6158 0 sync = 0
[2026-09-21T19:28:36.536] Cog3  -MOT- inincr = 0 nTgtIncr = $0000_0000 0 sync = 0
[2026-09-21T19:28:36.724] Cog0  BS-POINT,seq,22,motor,LEFT,speed,LOW,incre,18_375_000,phase,COARSE,neg_deg,43,pos_deg,337,swept_deg,-23,result,OK,steady_ms,645,ticks,90,win_ms,1_814,rate_x10,496,rate_ok,TRUE,samples,359,i_mean_mV_x10,252,i_se_mV_x10,5
[2026-09-21T19:28:36.726] Cog0  BS-POINT2,seq,22,motor,LEFT,incre,18_375_000,i_halfA_mV_x10,249,i_halfB_mV_x10,255,unsettled,FALSE,i_min_mV,9,i_max_mV,55,duty_mean,3_556,err_mean,45,missed_d,0,illegal_d,0,fault,FALSE,abort_i,FALSE,charge_mVs,86,drv_state,1
[2026-09-21T19:28:36.742] Cog0  BS-POINT3,seq,22,motor,LEFT,zero_mV_x10,100,net_mV_x10,152,span_ms,3_462,span_rate_x10,430,follow_pct,87,span_duty_mean,3_258,span_duty_max,5_465
[2026-09-21T19:28:38.241] Cog0  BS-ZERO,motor,LEFT,phase,COARSE,samples,200,i_mean_mV_x10,99,i_min_mV,8,i_max_mV,12,frozen,FALSE,in_band,TRUE,health_ok,NA,u_mV_x10,520,v_mV_x10,600,w_mV_x10,603
[2026-09-21T19:28:38.241] Cog0  MOT:  offset_fwd_degrees = 43, offset_fwd = $1E93_E93E
[2026-09-21T19:28:38.241] Cog0   (ind)offset_rev_degrees = 347, offset_rev = $F6C1_6C16
[2026-09-21T19:28:38.258] Cog3  -MOT- inincr = 18_375_000 nTgtIncr = $0118_6158 0 sync = 0
[2026-09-21T19:28:41.699] Cog3  -MOT- inincr = 0 nTgtIncr = $0000_0000 0 sync = 0
[2026-09-21T19:28:41.892] Cog0  BS-POINT,seq,23,motor,LEFT,speed,LOW,incre,18_375_000,phase,COARSE,neg_deg,43,pos_deg,347,swept_deg,-13,result,OK,steady_ms,645,ticks,90,win_ms,1_804,rate_x10,498,rate_ok,TRUE,samples,357,i_mean_mV_x10,359,i_se_mV_x10,22
[2026-09-21T19:28:41.894] Cog0  BS-POINT2,seq,23,motor,LEFT,incre,18_375_000,i_halfA_mV_x10,350,i_halfB_mV_x10,369,unsettled,FALSE,i_min_mV,8,i_max_mV,105,duty_mean,3_735,err_mean,42,missed_d,0,illegal_d,0,fault,FALSE,abort_i,FALSE,charge_mVs,129,drv_state,1
[2026-09-21T19:28:41.910] Cog0  BS-POINT3,seq,23,motor,LEFT,zero_mV_x10,99,net_mV_x10,260,span_ms,3_452,span_rate_x10,431,follow_pct,87,span_duty_mean,3_453,span_duty_max,6_913
[2026-09-21T19:28:42.413] Cog0  BS-WALK,motor,LEFT,speed,LOW,sign,POS,side,UP,pts,3,last_swept_deg,-13,stop,RISE,low_swept_deg,-33,low_mV_x10,191,low_net_mV_x10,87
[2026-09-21T19:28:43.411] Cog0  BS-ZERO,motor,LEFT,phase,COARSE,samples,200,i_mean_mV_x10,95,i_min_mV,7,i_max_mV,12,frozen,FALSE,in_band,TRUE,health_ok,NA,u_mV_x10,519,v_mV_x10,600,w_mV_x10,601
[2026-09-21T19:28:43.411] Cog0  MOT:  offset_fwd_degrees = 43, offset_fwd = $1E93_E93E
[2026-09-21T19:28:43.412] Cog0   (ind)offset_rev_degrees = 307, offset_rev = $DA4F_A4FA
[2026-09-21T19:28:43.428] Cog3  -MOT- inincr = 18_375_000 nTgtIncr = $0118_6158 0 sync = 0
[2026-09-21T19:28:46.886] Cog3  -MOT- inincr = 0 nTgtIncr = $0000_0000 0 sync = 0
[2026-09-21T19:28:47.078] Cog0  BS-POINT,seq,24,motor,LEFT,speed,LOW,incre,18_375_000,phase,COARSE,neg_deg,43,pos_deg,307,swept_deg,-53,result,OK,steady_ms,645,ticks,90,win_ms,1_819,rate_x10,494,rate_ok,TRUE,samples,360,i_mean_mV_x10,470,i_se_mV_x10,11
[2026-09-21T19:28:47.080] Cog0  BS-POINT2,seq,24,motor,LEFT,incre,18_375_000,i_halfA_mV_x10,484,i_halfB_mV_x10,456,unsettled,TRUE,i_min_mV,36,i_max_mV,59,duty_mean,4_151,err_mean,48,missed_d,0,illegal_d,0,fault,FALSE,abort_i,FALSE,charge_mVs,148,drv_state,1
[2026-09-21T19:28:47.096] Cog0  BS-POINT3,seq,24,motor,LEFT,zero_mV_x10,95,net_mV_x10,375,span_ms,3_467,span_rate_x10,429,follow_pct,87,span_duty_mean,3_765,span_duty_max,4_421
[2026-09-21T19:28:48.595] Cog0  BS-ZERO,motor,LEFT,phase,COARSE,samples,200,i_mean_mV_x10,103,i_min_mV,8,i_max_mV,12,frozen,FALSE,in_band,TRUE,health_ok,NA,u_mV_x10,517,v_mV_x10,603,w_mV_x10,604
[2026-09-21T19:28:48.595] Cog0  MOT:  offset_fwd_degrees = 43, offset_fwd = $1E93_E93E
[2026-09-21T19:28:48.596] Cog0   (ind)offset_rev_degrees = 297, offset_rev = $D333_3333
[2026-09-21T19:28:48.612] Cog3  -MOT- inincr = 18_375_000 nTgtIncr = $0118_6158 0 sync = 0
[2026-09-21T19:28:49.435] Cog0  BS-POINT,seq,25,motor,LEFT,speed,LOW,incre,18_375_000,phase,COARSE,neg_deg,43,pos_deg,297,swept_deg,-63,result,ABORT_I,steady_ms,645,ticks,NA,win_ms,NA,rate_x10,NA,rate_ok,FALSE,samples,NA,i_mean_mV_x10,NA,i_se_mV_x10,NA
[2026-09-21T19:28:49.437] Cog0  BS-POINT2,seq,25,motor,LEFT,incre,18_375_000,i_halfA_mV_x10,NA,i_halfB_mV_x10,NA,unsettled,FALSE,i_min_mV,NA,i_max_mV,NA,duty_mean,NA,err_mean,NA,missed_d,NA,illegal_d,NA,fault,FALSE,abort_i,TRUE,charge_mVs,35,drv_state,3
[2026-09-21T19:28:49.438] Cog0  BS-POINT3,seq,25,motor,LEFT,zero_mV_x10,103,net_mV_x10,NA,span_ms,834,span_rate_x10,227,follow_pct,46,span_duty_mean,2_903,span_duty_max,5_293
[2026-09-21T19:28:49.443] Cog0  BS-ABORT,scope,POINT,reason,ABORT_I,motor,LEFT,incre,18_375_000,seq,25,value,90,elapsed_s,149
[2026-09-21T19:28:49.443] Cog0  *VAL* legalBasePin = 32
[2026-09-21T19:28:49.444] Cog0  *VAL* legalVoltage = 6
[2026-09-21T19:28:49.444] Cog0  *VAL* legalMode = 30
[2026-09-21T19:28:49.445] Cog0  --- pinSum = 95, 64010 Rev B, highTimeUs = 73
[2026-09-21T19:28:49.445] Cog0  MOT: fwdDegrees = 14, offset_fwd = $09F4_9F49
[2026-09-21T19:28:49.445] Cog0       revDegrees = 338, offset_rev = $F05B_05B0
[2026-09-21T19:28:49.446] Cog0   - Calc FRAME: frame_cnt = 6_136
[2026-09-21T19:28:49.446] Cog0  * init values dead_gap = 70, pwm_limit = 3_033, adc_fram = 6_136, duty_min = 1_600, duty_max = 24_264
[2026-09-21T19:28:49.446] Cog0  *      values duty_up = 18, duty_dn = 4, cfg_ctcks = 135_000
[2026-09-21T19:28:49.447] Cog0  * ENTRY CFG userVoltage = 6, index = 6
[2026-09-21T19:28:49.447] Cog0  * EXIT 2 CFG eUserSelectedVolts = 6 maxFwdIncreAtPwr = 147_000_000 minFwdIncreAtPwr = 544_628
[2026-09-21T19:28:49.448] Cog0  -MOT- inincr = 0 nTgtIncr = $0000_0000 0 sync = 0
[2026-09-21T19:28:49.448] Cog0  * Motor COG #2
[2026-09-21T19:28:49.449] Cog2  INIT $0000_893A $0000_CEFF load
[2026-09-21T19:28:49.449] Cog3  INIT $0000_0FA8 $0000_CADB jump
[2026-09-21T19:28:49.464] Cog0  * Front COG #3
[2026-09-21T19:28:50.460] Cog0  BLDC: getBoardType() driver running, not measured; returning revision recorded at start 22
[2026-09-21T19:28:50.460] Cog0  MOT:  offset_fwd_degrees = 43, offset_fwd = $1E93_E93E
[2026-09-21T19:28:50.462] Cog0   (ind)offset_rev_degrees = 317, offset_rev = $E16C_16C1
[2026-09-21T19:28:50.478] Cog0  BS-START,motor,LEFT,base,32,cog,2,cog_ok,TRUE,board_rev,22,rev_b,TRUE,board_id,REV_B,init_neg_deg,14,init_pos_deg,338,neg_deg,43,pos_deg,317,offsets_ok,TRUE,missed,0,illegal,0,integ_ok,TRUE,result,OK
[2026-09-21T19:28:50.966] Cog0  BS-WALK,motor,LEFT,speed,LOW,sign,POS,side,DOWN,pts,2,last_swept_deg,-63,stop,RISE,low_swept_deg,-33,low_mV_x10,191,low_net_mV_x10,87
[2026-09-21T19:28:50.982] Cog0  BS-BRACKET,motor,LEFT,speed,LOW,sign,POS,low_swept_deg,-33,low_mV_x10,191,below_ok,TRUE,above_ok,TRUE,bracketed,TRUE,reason,OK,low_net_mV_x10,87
[2026-09-21T19:28:51.980] Cog0  BS-ZERO,motor,LEFT,phase,FINE,samples,200,i_mean_mV_x10,86,i_min_mV,6,i_max_mV,11,frozen,FALSE,in_band,TRUE,health_ok,NA,u_mV_x10,509,v_mV_x10,577,w_mV_x10,580
[2026-09-21T19:28:51.980] Cog0  MOT:  offset_fwd_degrees = 43, offset_fwd = $1E93_E93E
[2026-09-21T19:28:51.981] Cog0   (ind)offset_rev_degrees = 327, offset_rev = $E888_8888
[2026-09-21T19:28:51.997] Cog3  -MOT- inincr = 18_375_000 nTgtIncr = $0118_6158 0 sync = 0
[2026-09-21T19:28:55.455] Cog3  -MOT- inincr = 0 nTgtIncr = $0000_0000 0 sync = 0
[2026-09-21T19:28:55.641] Cog0  BS-POINT,seq,26,motor,LEFT,speed,LOW,incre,18_375_000,phase,FINE,neg_deg,43,pos_deg,327,swept_deg,-33,result,OK,steady_ms,645,ticks,90,win_ms,1_814,rate_x10,496,rate_ok,TRUE,samples,359,i_mean_mV_x10,194,i_se_mV_x10,2
[2026-09-21T19:28:55.643] Cog0  BS-POINT2,seq,26,motor,LEFT,incre,18_375_000,i_halfA_mV_x10,192,i_halfB_mV_x10,195,unsettled,FALSE,i_min_mV,12,i_max_mV,30,duty_mean,3_420,err_mean,48,missed_d,0,illegal_d,0,fault,FALSE,abort_i,FALSE,charge_mVs,70,drv_state,1
[2026-09-21T19:28:55.659] Cog0  BS-POINT3,seq,26,motor,LEFT,zero_mV_x10,86,net_mV_x10,108,span_ms,3_462,span_rate_x10,430,follow_pct,87,span_duty_mean,3_158,span_duty_max,4_625
[2026-09-21T19:28:57.158] Cog0  BS-ZERO,motor,LEFT,phase,FINE,samples,200,i_mean_mV_x10,103,i_min_mV,8,i_max_mV,14,frozen,FALSE,in_band,TRUE,health_ok,NA,u_mV_x10,510,v_mV_x10,584,w_mV_x10,585
[2026-09-21T19:28:57.158] Cog0  MOT:  offset_fwd_degrees = 43, offset_fwd = $1E93_E93E
[2026-09-21T19:28:57.159] Cog0   (ind)offset_rev_degrees = 337, offset_rev = $EFA4_FA4F
[2026-09-21T19:28:57.174] Cog3  -MOT- inincr = 18_375_000 nTgtIncr = $0118_6158 0 sync = 0
[2026-09-21T19:29:00.632] Cog3  -MOT- inincr = 0 nTgtIncr = $0000_0000 0 sync = 0
[2026-09-21T19:29:00.819] Cog0  BS-POINT,seq,27,motor,LEFT,speed,LOW,incre,18_375_000,phase,FINE,neg_deg,43,pos_deg,337,swept_deg,-23,result,OK,steady_ms,645,ticks,90,win_ms,1_815,rate_x10,495,rate_ok,TRUE,samples,359,i_mean_mV_x10,247,i_se_mV_x10,5
[2026-09-21T19:29:00.821] Cog0  BS-POINT2,seq,27,motor,LEFT,incre,18_375_000,i_halfA_mV_x10,249,i_halfB_mV_x10,245,unsettled,FALSE,i_min_mV,11,i_max_mV,55,duty_mean,3_562,err_mean,45,missed_d,0,illegal_d,0,fault,FALSE,abort_i,FALSE,charge_mVs,84,drv_state,1
[2026-09-21T19:29:00.837] Cog0  BS-POINT3,seq,27,motor,LEFT,zero_mV_x10,103,net_mV_x10,144,span_ms,3_462,span_rate_x10,430,follow_pct,87,span_duty_mean,3_253,span_duty_max,5_397
[2026-09-21T19:29:02.336] Cog0  BS-ZERO,motor,LEFT,phase,FINE,samples,200,i_mean_mV_x10,100,i_min_mV,8,i_max_mV,12,frozen,FALSE,in_band,TRUE,health_ok,NA,u_mV_x10,503,v_mV_x10,578,w_mV_x10,583
[2026-09-21T19:29:02.336] Cog0  MOT:  offset_fwd_degrees = 43, offset_fwd = $1E93_E93E
[2026-09-21T19:29:02.337] Cog0   (ind)offset_rev_degrees = 317, offset_rev = $E16C_16C1
[2026-09-21T19:29:02.353] Cog3  -MOT- inincr = 18_375_000 nTgtIncr = $0118_6158 0 sync = 0
[2026-09-21T19:29:05.811] Cog3  -MOT- inincr = 0 nTgtIncr = $0000_0000 0 sync = 0
[2026-09-21T19:29:06.003] Cog0  BS-POINT,seq,28,motor,LEFT,speed,LOW,incre,18_375_000,phase,FINE,neg_deg,43,pos_deg,317,swept_deg,-43,result,OK,steady_ms,645,ticks,90,win_ms,1_820,rate_x10,494,rate_ok,TRUE,samples,360,i_mean_mV_x10,263,i_se_mV_x10,4
[2026-09-21T19:29:06.005] Cog0  BS-POINT2,seq,28,motor,LEFT,incre,18_375_000,i_halfA_mV_x10,260,i_halfB_mV_x10,265,unsettled,FALSE,i_min_mV,20,i_max_mV,35,duty_mean,3_619,err_mean,48,missed_d,0,illegal_d,0,fault,FALSE,abort_i,FALSE,charge_mVs,88,drv_state,4
[2026-09-21T19:29:06.021] Cog0  BS-POINT3,seq,28,motor,LEFT,zero_mV_x10,100,net_mV_x10,163,span_ms,3_467,span_rate_x10,429,follow_pct,87,span_duty_mean,3_316,span_duty_max,4_058
[2026-09-21T19:29:07.520] Cog0  BS-ZERO,motor,LEFT,phase,FINE,samples,200,i_mean_mV_x10,106,i_min_mV,8,i_max_mV,14,frozen,FALSE,in_band,TRUE,health_ok,NA,u_mV_x10,505,v_mV_x10,574,w_mV_x10,591
[2026-09-21T19:29:07.520] Cog0  MOT:  offset_fwd_degrees = 43, offset_fwd = $1E93_E93E
[2026-09-21T19:29:07.521] Cog0   (ind)offset_rev_degrees = 347, offset_rev = $F6C1_6C16
[2026-09-21T19:29:07.537] Cog3  -MOT- inincr = 18_375_000 nTgtIncr = $0118_6158 0 sync = 0
[2026-09-21T19:29:10.995] Cog3  -MOT- inincr = 0 nTgtIncr = $0000_0000 0 sync = 0
[2026-09-21T19:29:11.182] Cog0  BS-POINT,seq,29,motor,LEFT,speed,LOW,incre,18_375_000,phase,FINE,neg_deg,43,pos_deg,347,swept_deg,-13,result,OK,steady_ms,645,ticks,90,win_ms,1_815,rate_x10,495,rate_ok,TRUE,samples,359,i_mean_mV_x10,364,i_se_mV_x10,17
[2026-09-21T19:29:11.184] Cog0  BS-POINT2,seq,29,motor,LEFT,incre,18_375_000,i_halfA_mV_x10,381,i_halfB_mV_x10,349,unsettled,FALSE,i_min_mV,9,i_max_mV,107,duty_mean,3_756,err_mean,40,missed_d,0,illegal_d,0,fault,FALSE,abort_i,FALSE,charge_mVs,121,drv_state,1
[2026-09-21T19:29:11.200] Cog0  BS-POINT3,seq,29,motor,LEFT,zero_mV_x10,106,net_mV_x10,258,span_ms,3_462,span_rate_x10,430,follow_pct,87,span_duty_mean,3_410,span_duty_max,6_417
[2026-09-21T19:29:12.699] Cog0  BS-ZERO,motor,LEFT,phase,FINE,samples,200,i_mean_mV_x10,101,i_min_mV,8,i_max_mV,13,frozen,FALSE,in_band,TRUE,health_ok,NA,u_mV_x10,506,v_mV_x10,583,w_mV_x10,591
[2026-09-21T19:29:12.699] Cog0  MOT:  offset_fwd_degrees = 43, offset_fwd = $1E93_E93E
[2026-09-21T19:29:12.700] Cog0   (ind)offset_rev_degrees = 307, offset_rev = $DA4F_A4FA
[2026-09-21T19:29:12.716] Cog3  -MOT- inincr = 18_375_000 nTgtIncr = $0118_6158 0 sync = 0
[2026-09-21T19:29:16.173] Cog3  -MOT- inincr = 0 nTgtIncr = $0000_0000 0 sync = 0
[2026-09-21T19:29:16.366] Cog0  BS-POINT,seq,30,motor,LEFT,speed,LOW,incre,18_375_000,phase,FINE,neg_deg,43,pos_deg,307,swept_deg,-53,result,OK,steady_ms,645,ticks,90,win_ms,1_820,rate_x10,494,rate_ok,TRUE,samples,360,i_mean_mV_x10,471,i_se_mV_x10,9
[2026-09-21T19:29:16.367] Cog0  BS-POINT2,seq,30,motor,LEFT,incre,18_375_000,i_halfA_mV_x10,466,i_halfB_mV_x10,475,unsettled,FALSE,i_min_mV,36,i_max_mV,59,duty_mean,4_153,err_mean,48,missed_d,0,illegal_d,0,fault,FALSE,abort_i,FALSE,charge_mVs,150,drv_state,1
[2026-09-21T19:29:16.383] Cog0  BS-POINT3,seq,30,motor,LEFT,zero_mV_x10,101,net_mV_x10,370,span_ms,3_467,span_rate_x10,429,follow_pct,87,span_duty_mean,3_775,span_duty_max,4_431
[2026-09-21T19:29:17.882] Cog0  BS-ZERO,motor,LEFT,phase,FINE,samples,200,i_mean_mV_x10,104,i_min_mV,8,i_max_mV,13,frozen,FALSE,in_band,TRUE,health_ok,NA,u_mV_x10,506,v_mV_x10,577,w_mV_x10,596
[2026-09-21T19:29:17.883] Cog0  MOT:  offset_fwd_degrees = 43, offset_fwd = $1E93_E93E
[2026-09-21T19:29:17.884] Cog0   (ind)offset_rev_degrees = 332, offset_rev = $EC16_C16C
[2026-09-21T19:29:17.899] Cog3  -MOT- inincr = 18_375_000 nTgtIncr = $0118_6158 0 sync = 0
[2026-09-21T19:29:21.357] Cog3  -MOT- inincr = 0 nTgtIncr = $0000_0000 0 sync = 0
[2026-09-21T19:29:21.549] Cog0  BS-POINT,seq,31,motor,LEFT,speed,LOW,incre,18_375_000,phase,FINE,neg_deg,43,pos_deg,332,swept_deg,-28,result,OK,steady_ms,645,ticks,90,win_ms,1_820,rate_x10,494,rate_ok,TRUE,samples,360,i_mean_mV_x10,236,i_se_mV_x10,3
[2026-09-21T19:29:21.551] Cog0  BS-POINT2,seq,31,motor,LEFT,incre,18_375_000,i_halfA_mV_x10,242,i_halfB_mV_x10,230,unsettled,TRUE,i_min_mV,12,i_max_mV,48,duty_mean,3_561,err_mean,47,missed_d,0,illegal_d,0,fault,FALSE,abort_i,FALSE,charge_mVs,83,drv_state,1
[2026-09-21T19:29:21.567] Cog0  BS-POINT3,seq,31,motor,LEFT,zero_mV_x10,104,net_mV_x10,132,span_ms,3_467,span_rate_x10,429,follow_pct,87,span_duty_mean,3_254,span_duty_max,5_538
[2026-09-21T19:29:23.066] Cog0  BS-ZERO,motor,LEFT,phase,FINE,samples,200,i_mean_mV_x10,103,i_min_mV,8,i_max_mV,13,frozen,FALSE,in_band,TRUE,health_ok,NA,u_mV_x10,502,v_mV_x10,580,w_mV_x10,600
[2026-09-21T19:29:23.066] Cog0  MOT:  offset_fwd_degrees = 43, offset_fwd = $1E93_E93E
[2026-09-21T19:29:23.068] Cog0   (ind)offset_rev_degrees = 322, offset_rev = $E4FA_4FA4
[2026-09-21T19:29:23.083] Cog3  -MOT- inincr = 18_375_000 nTgtIncr = $0118_6158 0 sync = 0
[2026-09-21T19:29:26.541] Cog3  -MOT- inincr = 0 nTgtIncr = $0000_0000 0 sync = 0
[2026-09-21T19:29:26.733] Cog0  BS-POINT,seq,32,motor,LEFT,speed,LOW,incre,18_375_000,phase,FINE,neg_deg,43,pos_deg,322,swept_deg,-38,result,OK,steady_ms,645,ticks,90,win_ms,1_820,rate_x10,494,rate_ok,TRUE,samples,360,i_mean_mV_x10,207,i_se_mV_x10,3
[2026-09-21T19:29:26.735] Cog0  BS-POINT2,seq,32,motor,LEFT,incre,18_375_000,i_halfA_mV_x10,210,i_halfB_mV_x10,204,unsettled,FALSE,i_min_mV,16,i_max_mV,27,duty_mean,3_449,err_mean,48,missed_d,0,illegal_d,0,fault,FALSE,abort_i,FALSE,charge_mVs,73,drv_state,1
[2026-09-21T19:29:26.751] Cog0  BS-POINT3,seq,32,motor,LEFT,zero_mV_x10,103,net_mV_x10,104,span_ms,3_467,span_rate_x10,429,follow_pct,87,span_duty_mean,3_180,span_duty_max,4_317
[2026-09-21T19:29:28.250] Cog0  BS-ZERO,motor,LEFT,phase,FINE,samples,200,i_mean_mV_x10,109,i_min_mV,8,i_max_mV,13,frozen,FALSE,in_band,TRUE,health_ok,NA,u_mV_x10,501,v_mV_x10,581,w_mV_x10,597
[2026-09-21T19:29:28.250] Cog0  MOT:  offset_fwd_degrees = 43, offset_fwd = $1E93_E93E
[2026-09-21T19:29:28.251] Cog0   (ind)offset_rev_degrees = 342, offset_rev = $F333_3333
[2026-09-21T19:29:28.267] Cog3  -MOT- inincr = 18_375_000 nTgtIncr = $0118_6158 0 sync = 0
[2026-09-21T19:29:31.757] Cog3  -MOT- inincr = 0 nTgtIncr = $0000_0000 0 sync = 0
[2026-09-21T19:29:31.947] Cog0  BS-POINT,seq,33,motor,LEFT,speed,LOW,incre,18_375_000,phase,FINE,neg_deg,43,pos_deg,342,swept_deg,-18,result,OK,steady_ms,645,ticks,90,win_ms,1_850,rate_x10,486,rate_ok,TRUE,samples,366,i_mean_mV_x10,303,i_se_mV_x10,4
[2026-09-21T19:29:31.949] Cog0  BS-POINT2,seq,33,motor,LEFT,incre,18_375_000,i_halfA_mV_x10,302,i_halfB_mV_x10,305,unsettled,FALSE,i_min_mV,10,i_max_mV,73,duty_mean,3_589,err_mean,43,missed_d,0,illegal_d,0,fault,FALSE,abort_i,FALSE,charge_mVs,102,drv_state,1
[2026-09-21T19:29:31.965] Cog0  BS-POINT3,seq,33,motor,LEFT,zero_mV_x10,109,net_mV_x10,194,span_ms,3_497,span_rate_x10,428,follow_pct,87,span_duty_mean,3_298,span_duty_max,5_882
[2026-09-21T19:29:33.464] Cog0  BS-ZERO,motor,LEFT,phase,FINE,samples,200,i_mean_mV_x10,111,i_min_mV,8,i_max_mV,14,frozen,FALSE,in_band,TRUE,health_ok,NA,u_mV_x10,499,v_mV_x10,582,w_mV_x10,598
[2026-09-21T19:29:33.464] Cog0  MOT:  offset_fwd_degrees = 43, offset_fwd = $1E93_E93E
[2026-09-21T19:29:33.465] Cog0   (ind)offset_rev_degrees = 312, offset_rev = $DDDD_DDDD
[2026-09-21T19:29:33.481] Cog3  -MOT- inincr = 18_375_000 nTgtIncr = $0118_6158 0 sync = 0
[2026-09-21T19:29:36.939] Cog3  -MOT- inincr = 0 nTgtIncr = $0000_0000 0 sync = 0
[2026-09-21T19:29:37.130] Cog0  BS-POINT,seq,34,motor,LEFT,speed,LOW,incre,18_375_000,phase,FINE,neg_deg,43,pos_deg,312,swept_deg,-48,result,OK,steady_ms,645,ticks,90,win_ms,1_819,rate_x10,494,rate_ok,TRUE,samples,360,i_mean_mV_x10,350,i_se_mV_x10,7
[2026-09-21T19:29:37.132] Cog0  BS-POINT2,seq,34,motor,LEFT,incre,18_375_000,i_halfA_mV_x10,340,i_halfB_mV_x10,360,unsettled,TRUE,i_min_mV,26,i_max_mV,44,duty_mean,3_849,err_mean,49,missed_d,0,illegal_d,0,fault,FALSE,abort_i,FALSE,charge_mVs,115,drv_state,1
[2026-09-21T19:29:37.148] Cog0  BS-POINT3,seq,34,motor,LEFT,zero_mV_x10,111,net_mV_x10,239,span_ms,3_467,span_rate_x10,429,follow_pct,87,span_duty_mean,3_517,span_duty_max,4_107
[2026-09-21T19:29:38.648] Cog0  BS-ZERO,motor,LEFT,phase,REF_END,samples,200,i_mean_mV_x10,105,i_min_mV,8,i_max_mV,12,frozen,FALSE,in_band,TRUE,health_ok,NA,u_mV_x10,503,v_mV_x10,579,w_mV_x10,603
[2026-09-21T19:29:38.648] Cog0  MOT:  offset_fwd_degrees = 43, offset_fwd = $1E93_E93E
[2026-09-21T19:29:38.649] Cog0   (ind)offset_rev_degrees = 317, offset_rev = $E16C_16C1
[2026-09-21T19:29:38.665] Cog3  -MOT- inincr = 18_375_000 nTgtIncr = $0118_6158 0 sync = 0
[2026-09-21T19:29:42.123] Cog3  -MOT- inincr = 0 nTgtIncr = $0000_0000 0 sync = 0
[2026-09-21T19:29:42.315] Cog0  BS-POINT,seq,35,motor,LEFT,speed,LOW,incre,18_375_000,phase,REF_END,neg_deg,43,pos_deg,317,swept_deg,-43,result,OK,steady_ms,645,ticks,90,win_ms,1_819,rate_x10,494,rate_ok,TRUE,samples,360,i_mean_mV_x10,262,i_se_mV_x10,5
[2026-09-21T19:29:42.317] Cog0  BS-POINT2,seq,35,motor,LEFT,incre,18_375_000,i_halfA_mV_x10,260,i_halfB_mV_x10,264,unsettled,FALSE,i_min_mV,20,i_max_mV,35,duty_mean,3_620,err_mean,48,missed_d,0,illegal_d,0,fault,FALSE,abort_i,FALSE,charge_mVs,88,drv_state,1
[2026-09-21T19:29:42.333] Cog0  BS-POINT3,seq,35,motor,LEFT,zero_mV_x10,105,net_mV_x10,157,span_ms,3_467,span_rate_x10,429,follow_pct,87,span_duty_mean,3_317,span_duty_max,4_075
[2026-09-21T19:29:42.821] Cog0  BS-FIT,motor,LEFT,speed,LOW,sign,POS,status,OK,n,9,centre_deg,-33,span_lo_deg,-53,span_hi_deg,-13,extended,FALSE,pinned,FALSE
[2026-09-21T19:29:42.822] Cog0  BS-FIT2,motor,LEFT,speed,LOW,sign,POS,min_deg_x10,-311,min_se_deg_x10,5,min_mV_x10,102,rms_mV_x10,19,med_se_mV_x10,4,curv_x100,519,curv_model_pct,3_345,flat2_deg_x10,20
[2026-09-21T19:29:42.825] Cog0  BS-CLIFF,motor,LEFT,speed,LOW,sign,POS,found,FALSE,last_good_deg,NA,first_fault_deg,NA,edge_deg_x10,NA,margin_deg_x10,NA,margin_from_fit,FALSE,edge_res_deg_x10,NA
[2026-09-21T19:29:42.826] Cog0  BS-LEG,motor,LEFT,speed,LOW,sign,POS,served_by,OFFSET_REV,pts,16,faults,0,aborts_i,1,ref_start_mV_x10,259,ref_end_mV_x10,262,drift_pct_x10,19,drift_flag,FALSE,exit,DONE,ref_start_net_mV_x10,154,ref_end_net_mV_x10,157
[2026-09-21T19:29:42.842] Cog0  BS-ARC,motor,LEFT,speed,LOW,sign,POS,arc_lo_deg,-53,arc_hi_deg,-13,arc_deg,40,bound_lo,CURRENT,bound_hi,RISE,circle_deg,360
[2026-09-21T19:29:43.841] Cog0  BS-ZERO,motor,LEFT,phase,REF_START,samples,200,i_mean_mV_x10,105,i_min_mV,8,i_max_mV,13,frozen,FALSE,in_band,TRUE,health_ok,NA,u_mV_x10,500,v_mV_x10,581,w_mV_x10,596
[2026-09-21T19:29:43.841] Cog0  MOT:  offset_fwd_degrees = 43, offset_fwd = $1E93_E93E
[2026-09-21T19:29:43.842] Cog0   (ind)offset_rev_degrees = 317, offset_rev = $E16C_16C1
[2026-09-21T19:29:43.858] Cog3  -MOT- inincr = -36_750_000 nTgtIncr = $7DCF_3D50 0 sync = 0
[2026-09-21T19:29:48.532] Cog3  -MOT- inincr = 0 nTgtIncr = $0000_0000 0 sync = 0
[2026-09-21T19:29:48.907] Cog0  BS-POINT,seq,36,motor,LEFT,speed,QTR,incre,-36_750_000,phase,REF_START,neg_deg,43,pos_deg,317,swept_deg,43,result,OK,steady_ms,922,ticks,270,win_ms,2_750,rate_x10,981,rate_ok,TRUE,samples,544,i_mean_mV_x10,1_795,i_se_mV_x10,22
[2026-09-21T19:29:48.909] Cog0  BS-POINT2,seq,36,motor,LEFT,incre,-36_750_000,i_halfA_mV_x10,1_816,i_halfB_mV_x10,1_773,unsettled,FALSE,i_min_mV,158,i_max_mV,204,duty_mean,8_343,err_mean,-48,missed_d,0,illegal_d,0,fault,FALSE,abort_i,FALSE,charge_mVs,713,drv_state,1
[2026-09-21T19:29:48.925] Cog0  BS-POINT3,seq,36,motor,LEFT,zero_mV_x10,105,net_mV_x10,1_690,span_ms,4_675,span_rate_x10,853,follow_pct,87,span_duty_mean,7_296,span_duty_max,8_572
[2026-09-21T19:29:50.424] Cog0  BS-ZERO,motor,LEFT,phase,COARSE,samples,200,i_mean_mV_x10,106,i_min_mV,8,i_max_mV,12,frozen,FALSE,in_band,TRUE,health_ok,NA,u_mV_x10,499,v_mV_x10,585,w_mV_x10,599
[2026-09-21T19:29:50.424] Cog0  MOT:  offset_fwd_degrees = 53, offset_fwd = $25B0_5B05
[2026-09-21T19:29:50.425] Cog0   (ind)offset_rev_degrees = 317, offset_rev = $E16C_16C1
[2026-09-21T19:29:50.441] Cog3  -MOT- inincr = -36_750_000 nTgtIncr = $7DCF_3D50 0 sync = 0
[2026-09-21T19:29:54.187] Cog3  -MOT- inincr = 0 nTgtIncr = $0000_0000 0 sync = 0
[2026-09-21T19:29:54.575] Cog0  BS-POINT,seq,37,motor,LEFT,speed,QTR,incre,-36_750_000,phase,COARSE,neg_deg,53,pos_deg,317,swept_deg,53,result,OK,steady_ms,922,ticks,180,win_ms,1_835,rate_x10,980,rate_ok,TRUE,samples,363,i_mean_mV_x10,4_065,i_se_mV_x10,51
[2026-09-21T19:29:54.577] Cog0  BS-POINT2,seq,37,motor,LEFT,incre,-36_750_000,i_halfA_mV_x10,4_064,i_halfB_mV_x10,4_066,unsettled,FALSE,i_min_mV,371,i_max_mV,443,duty_mean,10_363,err_mean,-48,missed_d,0,illegal_d,0,fault,FALSE,abort_i,FALSE,charge_mVs,1_215,drv_state,1
[2026-09-21T19:29:54.594] Cog0  BS-POINT3,seq,37,motor,LEFT,zero_mV_x10,106,net_mV_x10,3_959,span_ms,3_759,span_rate_x10,822,follow_pct,83,span_duty_mean,8_633,span_duty_max,10_621
[2026-09-21T19:29:56.092] Cog0  BS-ZERO,motor,LEFT,phase,COARSE,samples,200,i_mean_mV_x10,111,i_min_mV,8,i_max_mV,13,frozen,FALSE,in_band,TRUE,health_ok,NA,u_mV_x10,498,v_mV_x10,587,w_mV_x10,598
[2026-09-21T19:29:56.092] Cog0  MOT:  offset_fwd_degrees = 63, offset_fwd = $2CCC_CCCC
[2026-09-21T19:29:56.093] Cog0   (ind)offset_rev_degrees = 317, offset_rev = $E16C_16C1
[2026-09-21T19:29:56.109] Cog3  -MOT- inincr = -36_750_000 nTgtIncr = $7DCF_3D50 0 sync = 0
[2026-09-21T19:29:57.219] Cog0  BS-POINT,seq,38,motor,LEFT,speed,QTR,incre,-36_750_000,phase,COARSE,neg_deg,63,pos_deg,317,swept_deg,63,result,ABORT_I,steady_ms,922,ticks,NA,win_ms,NA,rate_x10,NA,rate_ok,FALSE,samples,NA,i_mean_mV_x10,NA,i_se_mV_x10,NA
[2026-09-21T19:29:57.221] Cog0  BS-POINT2,seq,38,motor,LEFT,incre,-36_750_000,i_halfA_mV_x10,NA,i_halfB_mV_x10,NA,unsettled,FALSE,i_min_mV,NA,i_max_mV,NA,duty_mean,NA,err_mean,NA,missed_d,NA,illegal_d,NA,fault,FALSE,abort_i,TRUE,charge_mVs,219,drv_state,3
[2026-09-21T19:29:57.222] Cog0  BS-POINT3,seq,38,motor,LEFT,zero_mV_x10,111,net_mV_x10,NA,span_ms,1_122,span_rate_x10,445,follow_pct,45,span_duty_mean,5_525,span_duty_max,12_990
[2026-09-21T19:29:57.227] Cog0  BS-ABORT,scope,POINT,reason,ABORT_I,motor,LEFT,incre,-36_750_000,seq,38,value,795,elapsed_s,217
[2026-09-21T19:29:57.229] Cog0  *VAL* legalBasePin = 32
[2026-09-21T19:29:57.229] Cog0  *VAL* legalVoltage = 6
[2026-09-21T19:29:57.229] Cog0  *VAL* legalMode = 30
[2026-09-21T19:29:57.229] Cog0  --- pinSum = 95, 64010 Rev B, highTimeUs = 73
[2026-09-21T19:29:57.230] Cog0  MOT: fwdDegrees = 14, offset_fwd = $09F4_9F49
[2026-09-21T19:29:57.230] Cog0       revDegrees = 338, offset_rev = $F05B_05B0
[2026-09-21T19:29:57.230] Cog0   - Calc FRAME: frame_cnt = 6_136
[2026-09-21T19:29:57.230] Cog0  * init values dead_gap = 70, pwm_limit = 3_033, adc_fram = 6_136, duty_min = 1_600, duty_max = 24_264
[2026-09-21T19:29:57.231] Cog0  *      values duty_up = 18, duty_dn = 4, cfg_ctcks = 135_000
[2026-09-21T19:29:57.231] Cog0  * ENTRY CFG userVoltage = 6, index = 6
[2026-09-21T19:29:57.232] Cog0  * EXIT 2 CFG eUserSelectedVolts = 6 maxFwdIncreAtPwr = 147_000_000 minFwdIncreAtPwr = 544_628
[2026-09-21T19:29:57.232] Cog0  -MOT- inincr = 0 nTgtIncr = $0000_0000 0 sync = 0
[2026-09-21T19:29:57.232] Cog0  * Motor COG #2
[2026-09-21T19:29:57.233] Cog2  INIT $0000_893A $0000_CEFF load
[2026-09-21T19:29:57.233] Cog3  INIT $0000_0FA8 $0000_CADB jump
[2026-09-21T19:29:57.248] Cog0  * Front COG #3
[2026-09-21T19:29:58.244] Cog0  BLDC: getBoardType() driver running, not measured; returning revision recorded at start 22
[2026-09-21T19:29:58.245] Cog0  MOT:  offset_fwd_degrees = 43, offset_fwd = $1E93_E93E
[2026-09-21T19:29:58.246] Cog0   (ind)offset_rev_degrees = 317, offset_rev = $E16C_16C1
[2026-09-21T19:29:58.262] Cog0  BS-START,motor,LEFT,base,32,cog,2,cog_ok,TRUE,board_rev,22,rev_b,TRUE,board_id,REV_B,init_neg_deg,14,init_pos_deg,338,neg_deg,43,pos_deg,317,offsets_ok,TRUE,missed,0,illegal,0,integ_ok,TRUE,result,OK
[2026-09-21T19:29:58.764] Cog0  BS-WALK,motor,LEFT,speed,LOW,sign,NEG,side,UP,pts,2,last_swept_deg,63,stop,RISE,low_swept_deg,43,low_mV_x10,1_795,low_net_mV_x10,1_690
[2026-09-21T19:29:59.763] Cog0  BS-ZERO,motor,LEFT,phase,COARSE,samples,200,i_mean_mV_x10,81,i_min_mV,6,i_max_mV,10,frozen,FALSE,in_band,TRUE,health_ok,NA,u_mV_x10,497,v_mV_x10,581,w_mV_x10,573
[2026-09-21T19:29:59.763] Cog0  MOT:  offset_fwd_degrees = 33, offset_fwd = $1777_7777
[2026-09-21T19:29:59.763] Cog0   (ind)offset_rev_degrees = 317, offset_rev = $E16C_16C1
[2026-09-21T19:29:59.779] Cog3  -MOT- inincr = -36_750_000 nTgtIncr = $7DCF_3D50 0 sync = 0
[2026-09-21T19:30:03.525] Cog3  -MOT- inincr = 0 nTgtIncr = $0000_0000 0 sync = 0
[2026-09-21T19:30:03.913] Cog0  BS-POINT,seq,39,motor,LEFT,speed,QTR,incre,-36_750_000,phase,COARSE,neg_deg,33,pos_deg,317,swept_deg,33,result,OK,steady_ms,927,ticks,180,win_ms,1_830,rate_x10,983,rate_ok,TRUE,samples,362,i_mean_mV_x10,762,i_se_mV_x10,15
[2026-09-21T19:30:03.915] Cog0  BS-POINT2,seq,39,motor,LEFT,incre,-36_750_000,i_halfA_mV_x10,762,i_halfB_mV_x10,762,unsettled,FALSE,i_min_mV,64,i_max_mV,92,duty_mean,7_134,err_mean,-48,missed_d,0,illegal_d,0,fault,FALSE,abort_i,FALSE,charge_mVs,242,drv_state,1
[2026-09-21T19:30:03.931] Cog0  BS-POINT3,seq,39,motor,LEFT,zero_mV_x10,81,net_mV_x10,681,span_ms,3_759,span_rate_x10,822,follow_pct,83,span_duty_mean,6_093,span_duty_max,7_349
[2026-09-21T19:30:05.430] Cog0  BS-ZERO,motor,LEFT,phase,COARSE,samples,200,i_mean_mV_x10,79,i_min_mV,6,i_max_mV,10,frozen,FALSE,in_band,TRUE,health_ok,NA,u_mV_x10,496,v_mV_x10,576,w_mV_x10,579
[2026-09-21T19:30:05.430] Cog0  MOT:  offset_fwd_degrees = 23, offset_fwd = $105B_05B0
[2026-09-21T19:30:05.431] Cog0   (ind)offset_rev_degrees = 317, offset_rev = $E16C_16C1
[2026-09-21T19:30:05.447] Cog3  -MOT- inincr = -36_750_000 nTgtIncr = $7DCF_3D50 0 sync = 0
[2026-09-21T19:30:09.193] Cog3  -MOT- inincr = 0 nTgtIncr = $0000_0000 0 sync = 0
[2026-09-21T19:30:09.581] Cog0  BS-POINT,seq,40,motor,LEFT,speed,QTR,incre,-36_750_000,phase,COARSE,neg_deg,23,pos_deg,317,swept_deg,23,result,OK,steady_ms,932,ticks,180,win_ms,1_825,rate_x10,986,rate_ok,TRUE,samples,361,i_mean_mV_x10,315,i_se_mV_x10,5
[2026-09-21T19:30:09.583] Cog0  BS-POINT2,seq,40,motor,LEFT,incre,-36_750_000,i_halfA_mV_x10,315,i_halfB_mV_x10,315,unsettled,FALSE,i_min_mV,25,i_max_mV,43,duty_mean,6_392,err_mean,-48,missed_d,0,illegal_d,0,fault,FALSE,abort_i,FALSE,charge_mVs,111,drv_state,1
[2026-09-21T19:30:09.599] Cog0  BS-POINT3,seq,40,motor,LEFT,zero_mV_x10,79,net_mV_x10,236,span_ms,3_760,span_rate_x10,821,follow_pct,83,span_duty_mean,5_524,span_duty_max,6_624
[2026-09-21T19:30:11.098] Cog0  BS-ZERO,motor,LEFT,phase,COARSE,samples,200,i_mean_mV_x10,76,i_min_mV,5,i_max_mV,10,frozen,FALSE,in_band,TRUE,health_ok,NA,u_mV_x10,491,v_mV_x10,584,w_mV_x10,578
[2026-09-21T19:30:11.098] Cog0  MOT:  offset_fwd_degrees = 13, offset_fwd = $093E_93E9
[2026-09-21T19:30:11.099] Cog0   (ind)offset_rev_degrees = 317, offset_rev = $E16C_16C1
[2026-09-21T19:30:11.115] Cog3  -MOT- inincr = -36_750_000 nTgtIncr = $7DCF_3D50 0 sync = 0
[2026-09-21T19:30:14.893] Cog3  -MOT- inincr = 0 nTgtIncr = $0000_0000 0 sync = 0
[2026-09-21T19:30:15.269] Cog0  BS-POINT,seq,41,motor,LEFT,speed,QTR,incre,-36_750_000,phase,COARSE,neg_deg,13,pos_deg,317,swept_deg,13,result,OK,steady_ms,948,ticks,180,win_ms,1_830,rate_x10,983,rate_ok,TRUE,samples,362,i_mean_mV_x10,219,i_se_mV_x10,3
[2026-09-21T19:30:15.271] Cog0  BS-POINT2,seq,41,motor,LEFT,incre,-36_750_000,i_halfA_mV_x10,219,i_halfB_mV_x10,219,unsettled,FALSE,i_min_mV,13,i_max_mV,35,duty_mean,6_183,err_mean,-47,missed_d,0,illegal_d,0,fault,FALSE,abort_i,FALSE,charge_mVs,88,drv_state,1
[2026-09-21T19:30:15.287] Cog0  BS-POINT3,seq,41,motor,LEFT,zero_mV_x10,76,net_mV_x10,143,span_ms,3_780,span_rate_x10,820,follow_pct,83,span_duty_mean,5_369,span_duty_max,7_231
[2026-09-21T19:30:16.786] Cog0  BS-ZERO,motor,LEFT,phase,COARSE,samples,200,i_mean_mV_x10,85,i_min_mV,6,i_max_mV,11,frozen,FALSE,in_band,TRUE,health_ok,NA,u_mV_x10,500,v_mV_x10,582,w_mV_x10,582
[2026-09-21T19:30:16.786] Cog0  MOT:  offset_fwd_degrees = 3, offset_fwd = $0222_2222
[2026-09-21T19:30:16.788] Cog0   (ind)offset_rev_degrees = 317, offset_rev = $E16C_16C1
[2026-09-21T19:30:16.804] Cog3  -MOT- inincr = -36_750_000 nTgtIncr = $7DCF_3D50 0 sync = 0
[2026-09-21T19:30:20.614] Cog3  -MOT- inincr = 0 nTgtIncr = $0000_0000 0 sync = 0
[2026-09-21T19:30:20.989] Cog0  BS-POINT,seq,42,motor,LEFT,speed,QTR,incre,-36_750_000,phase,COARSE,neg_deg,3,pos_deg,317,swept_deg,3,result,OK,steady_ms,972,ticks,180,win_ms,1_835,rate_x10,980,rate_ok,TRUE,samples,363,i_mean_mV_x10,275,i_se_mV_x10,5
[2026-09-21T19:30:20.991] Cog0  BS-POINT2,seq,42,motor,LEFT,incre,-36_750_000,i_halfA_mV_x10,275,i_halfB_mV_x10,276,unsettled,FALSE,i_min_mV,11,i_max_mV,60,duty_mean,6_124,err_mean,-46,missed_d,0,illegal_d,0,fault,FALSE,abort_i,FALSE,charge_mVs,126,drv_state,1
[2026-09-21T19:30:21.007] Cog0  BS-POINT3,seq,42,motor,LEFT,zero_mV_x10,85,net_mV_x10,190,span_ms,3_810,span_rate_x10,818,follow_pct,83,span_duty_mean,5_352,span_duty_max,8_957
[2026-09-21T19:30:22.505] Cog0  BS-ZERO,motor,LEFT,phase,COARSE,samples,200,i_mean_mV_x10,84,i_min_mV,6,i_max_mV,11,frozen,FALSE,in_band,TRUE,health_ok,NA,u_mV_x10,502,v_mV_x10,583,w_mV_x10,582
[2026-09-21T19:30:22.506] Cog0  MOT:  offset_fwd_degrees = 353, offset_fwd = $FB05_B05B
[2026-09-21T19:30:22.506] Cog0   (ind)offset_rev_degrees = 317, offset_rev = $E16C_16C1
[2026-09-21T19:30:22.522] Cog3  -MOT- inincr = -36_750_000 nTgtIncr = $7DCF_3D50 0 sync = 0
[2026-09-21T19:30:26.381] Cog3  -MOT- inincr = 0 nTgtIncr = $0000_0000 0 sync = 0
[2026-09-21T19:30:26.758] Cog0  BS-POINT,seq,43,motor,LEFT,speed,QTR,incre,-36_750_000,phase,COARSE,neg_deg,353,pos_deg,317,swept_deg,-7,result,OK,steady_ms,1_007,ticks,180,win_ms,1_850,rate_x10,972,rate_ok,TRUE,samples,366,i_mean_mV_x10,1_391,i_se_mV_x10,66
[2026-09-21T19:30:26.760] Cog0  BS-POINT2,seq,43,motor,LEFT,incre,-36_750_000,i_halfA_mV_x10,1_357,i_halfB_mV_x10,1_425,unsettled,FALSE,i_min_mV,11,i_max_mV,435,duty_mean,7_216,err_mean,-39,missed_d,0,illegal_d,0,fault,FALSE,abort_i,FALSE,charge_mVs,488,drv_state,1
[2026-09-21T19:30:26.776] Cog0  BS-POINT3,seq,43,motor,LEFT,zero_mV_x10,84,net_mV_x10,1_307,span_ms,3_860,span_rate_x10,808,follow_pct,82,span_duty_mean,6_230,span_duty_max,10_839
[2026-09-21T19:30:27.264] Cog0  BS-WALK,motor,LEFT,speed,LOW,sign,NEG,side,DOWN,pts,5,last_swept_deg,-7,stop,RISE,low_swept_deg,13,low_mV_x10,219,low_net_mV_x10,143
[2026-09-21T19:30:27.280] Cog0  BS-BRACKET,motor,LEFT,speed,LOW,sign,NEG,low_swept_deg,13,low_mV_x10,219,below_ok,TRUE,above_ok,TRUE,bracketed,TRUE,reason,OK,low_net_mV_x10,143
[2026-09-21T19:30:28.278] Cog0  BS-ZERO,motor,LEFT,phase,FINE,samples,200,i_mean_mV_x10,84,i_min_mV,7,i_max_mV,11,frozen,FALSE,in_band,TRUE,health_ok,NA,u_mV_x10,495,v_mV_x10,589,w_mV_x10,585
[2026-09-21T19:30:28.278] Cog0  MOT:  offset_fwd_degrees = 13, offset_fwd = $093E_93E9
[2026-09-21T19:30:28.279] Cog0   (ind)offset_rev_degrees = 317, offset_rev = $E16C_16C1
[2026-09-21T19:30:28.295] Cog3  -MOT- inincr = -36_750_000 nTgtIncr = $7DCF_3D50 0 sync = 0
[2026-09-21T19:30:32.985] Cog3  -MOT- inincr = 0 nTgtIncr = $0000_0000 0 sync = 0
[2026-09-21T19:30:33.370] Cog0  BS-POINT,seq,44,motor,LEFT,speed,QTR,incre,-36_750_000,phase,FINE,neg_deg,13,pos_deg,317,swept_deg,13,result,OK,steady_ms,953,ticks,270,win_ms,2_745,rate_x10,983,rate_ok,TRUE,samples,543,i_mean_mV_x10,216,i_se_mV_x10,3
[2026-09-21T19:30:33.371] Cog0  BS-POINT2,seq,44,motor,LEFT,incre,-36_750_000,i_halfA_mV_x10,213,i_halfB_mV_x10,219,unsettled,FALSE,i_min_mV,13,i_max_mV,36,duty_mean,6_185,err_mean,-48,missed_d,0,illegal_d,0,fault,FALSE,abort_i,FALSE,charge_mVs,110,drv_state,1
[2026-09-21T19:30:33.387] Cog0  BS-POINT3,seq,44,motor,LEFT,zero_mV_x10,84,net_mV_x10,132,span_ms,4_700,span_rate_x10,851,follow_pct,86,span_duty_mean,5_528,span_duty_max,7_330
[2026-09-21T19:30:34.886] Cog0  BS-ZERO,motor,LEFT,phase,FINE,samples,200,i_mean_mV_x10,88,i_min_mV,7,i_max_mV,12,frozen,FALSE,in_band,TRUE,health_ok,NA,u_mV_x10,497,v_mV_x10,582,w_mV_x10,576
[2026-09-21T19:30:34.886] Cog0  MOT:  offset_fwd_degrees = 23, offset_fwd = $105B_05B0
[2026-09-21T19:30:34.888] Cog0   (ind)offset_rev_degrees = 317, offset_rev = $E16C_16C1
[2026-09-21T19:30:34.903] Cog3  -MOT- inincr = -36_750_000 nTgtIncr = $7DCF_3D50 0 sync = 0
[2026-09-21T19:30:39.594] Cog3  -MOT- inincr = 0 nTgtIncr = $0000_0000 0 sync = 0
[2026-09-21T19:30:39.968] Cog0  BS-POINT,seq,45,motor,LEFT,speed,QTR,incre,-36_750_000,phase,FINE,neg_deg,23,pos_deg,317,swept_deg,23,result,OK,steady_ms,942,ticks,270,win_ms,2_745,rate_x10,983,rate_ok,TRUE,samples,543,i_mean_mV_x10,333,i_se_mV_x10,5
[2026-09-21T19:30:39.970] Cog0  BS-POINT2,seq,45,motor,LEFT,incre,-36_750_000,i_halfA_mV_x10,336,i_halfB_mV_x10,330,unsettled,FALSE,i_min_mV,25,i_max_mV,42,duty_mean,6_396,err_mean,-49,missed_d,0,illegal_d,0,fault,FALSE,abort_i,FALSE,charge_mVs,149,drv_state,1
[2026-09-21T19:30:39.986] Cog0  BS-POINT3,seq,45,motor,LEFT,zero_mV_x10,88,net_mV_x10,245,span_ms,4_690,span_rate_x10,852,follow_pct,86,span_duty_mean,5_699,span_duty_max,6_780
[2026-09-21T19:30:41.484] Cog0  BS-ZERO,motor,LEFT,phase,FINE,samples,200,i_mean_mV_x10,92,i_min_mV,8,i_max_mV,12,frozen,FALSE,in_band,TRUE,health_ok,NA,u_mV_x10,495,v_mV_x10,583,w_mV_x10,580
[2026-09-21T19:30:41.485] Cog0  MOT:  offset_fwd_degrees = 3, offset_fwd = $0222_2222
[2026-09-21T19:30:41.486] Cog0   (ind)offset_rev_degrees = 317, offset_rev = $E16C_16C1
[2026-09-21T19:30:41.502] Cog3  -MOT- inincr = -36_750_000 nTgtIncr = $7DCF_3D50 0 sync = 0
[2026-09-21T19:30:46.224] Cog3  -MOT- inincr = 0 nTgtIncr = $0000_0000 0 sync = 0
[2026-09-21T19:30:46.600] Cog0  BS-POINT,seq,46,motor,LEFT,speed,QTR,incre,-36_750_000,phase,FINE,neg_deg,3,pos_deg,317,swept_deg,3,result,OK,steady_ms,977,ticks,270,win_ms,2_744,rate_x10,983,rate_ok,TRUE,samples,543,i_mean_mV_x10,282,i_se_mV_x10,4
[2026-09-21T19:30:46.602] Cog0  BS-POINT2,seq,46,motor,LEFT,incre,-36_750_000,i_halfA_mV_x10,287,i_halfB_mV_x10,276,unsettled,TRUE,i_min_mV,11,i_max_mV,61,duty_mean,6_135,err_mean,-46,missed_d,0,illegal_d,0,fault,FALSE,abort_i,FALSE,charge_mVs,154,drv_state,1
[2026-09-21T19:30:46.618] Cog0  BS-POINT3,seq,46,motor,LEFT,zero_mV_x10,92,net_mV_x10,190,span_ms,4_725,span_rate_x10,850,follow_pct,86,span_duty_mean,5_501,span_duty_max,8_662
[2026-09-21T19:30:48.117] Cog0  BS-ZERO,motor,LEFT,phase,FINE,samples,200,i_mean_mV_x10,92,i_min_mV,7,i_max_mV,12,frozen,FALSE,in_band,TRUE,health_ok,NA,u_mV_x10,492,v_mV_x10,583,w_mV_x10,577
[2026-09-21T19:30:48.117] Cog0  MOT:  offset_fwd_degrees = 18, offset_fwd = $0CCC_CCCC
[2026-09-21T19:30:48.118] Cog0   (ind)offset_rev_degrees = 317, offset_rev = $E16C_16C1
[2026-09-21T19:30:48.134] Cog3  -MOT- inincr = -36_750_000 nTgtIncr = $7DCF_3D50 0 sync = 0
[2026-09-21T19:30:52.809] Cog3  -MOT- inincr = 0 nTgtIncr = $0000_0000 0 sync = 0
[2026-09-21T19:30:53.195] Cog0  BS-POINT,seq,47,motor,LEFT,speed,QTR,incre,-36_750_000,phase,FINE,neg_deg,18,pos_deg,317,swept_deg,18,result,OK,steady_ms,933,ticks,270,win_ms,2_750,rate_x10,981,rate_ok,TRUE,samples,544,i_mean_mV_x10,237,i_se_mV_x10,3
[2026-09-21T19:30:53.196] Cog0  BS-POINT2,seq,47,motor,LEFT,incre,-36_750_000,i_halfA_mV_x10,234,i_halfB_mV_x10,240,unsettled,FALSE,i_min_mV,18,i_max_mV,29,duty_mean,6_163,err_mean,-48,missed_d,0,illegal_d,0,fault,FALSE,abort_i,FALSE,charge_mVs,115,drv_state,1
[2026-09-21T19:30:53.213] Cog0  BS-POINT3,seq,47,motor,LEFT,zero_mV_x10,92,net_mV_x10,145,span_ms,4_685,span_rate_x10,853,follow_pct,87,span_duty_mean,5_513,span_duty_max,7_082
[2026-09-21T19:30:54.711] Cog0  BS-ZERO,motor,LEFT,phase,FINE,samples,200,i_mean_mV_x10,93,i_min_mV,7,i_max_mV,13,frozen,FALSE,in_band,TRUE,health_ok,NA,u_mV_x10,498,v_mV_x10,582,w_mV_x10,583
[2026-09-21T19:30:54.711] Cog0  MOT:  offset_fwd_degrees = 8, offset_fwd = $05B0_5B05
[2026-09-21T19:30:54.712] Cog0   (ind)offset_rev_degrees = 317, offset_rev = $E16C_16C1
[2026-09-21T19:30:54.727] Cog3  -MOT- inincr = -36_750_000 nTgtIncr = $7DCF_3D50 0 sync = 0
[2026-09-21T19:30:59.434] Cog3  -MOT- inincr = 0 nTgtIncr = $0000_0000 0 sync = 0
[2026-09-21T19:30:59.807] Cog0  BS-POINT,seq,48,motor,LEFT,speed,QTR,incre,-36_750_000,phase,FINE,neg_deg,8,pos_deg,317,swept_deg,8,result,OK,steady_ms,957,ticks,270,win_ms,2_745,rate_x10,983,rate_ok,TRUE,samples,543,i_mean_mV_x10,237,i_se_mV_x10,2
[2026-09-21T19:30:59.809] Cog0  BS-POINT2,seq,48,motor,LEFT,incre,-36_750_000,i_halfA_mV_x10,240,i_halfB_mV_x10,235,unsettled,FALSE,i_min_mV,13,i_max_mV,39,duty_mean,6_157,err_mean,-47,missed_d,0,illegal_d,0,fault,FALSE,abort_i,FALSE,charge_mVs,125,drv_state,1
[2026-09-21T19:30:59.825] Cog0  BS-POINT3,seq,48,motor,LEFT,zero_mV_x10,93,net_mV_x10,144,span_ms,4_705,span_rate_x10,852,follow_pct,86,span_duty_mean,5_512,span_duty_max,7_918
[2026-09-21T19:31:01.324] Cog0  BS-ZERO,motor,LEFT,phase,FINE,samples,200,i_mean_mV_x10,90,i_min_mV,7,i_max_mV,12,frozen,FALSE,in_band,TRUE,health_ok,NA,u_mV_x10,505,v_mV_x10,586,w_mV_x10,584
[2026-09-21T19:31:01.324] Cog0  MOT:  offset_fwd_degrees = 28, offset_fwd = $13E9_3E93
[2026-09-21T19:31:01.325] Cog0   (ind)offset_rev_degrees = 317, offset_rev = $E16C_16C1
[2026-09-21T19:31:01.341] Cog3  -MOT- inincr = -36_750_000 nTgtIncr = $7DCF_3D50 0 sync = 0
[2026-09-21T19:31:06.015] Cog3  -MOT- inincr = 0 nTgtIncr = $0000_0000 0 sync = 0
[2026-09-21T19:31:06.390] Cog0  BS-POINT,seq,49,motor,LEFT,speed,QTR,incre,-36_750_000,phase,FINE,neg_deg,28,pos_deg,317,swept_deg,28,result,OK,steady_ms,927,ticks,270,win_ms,2_745,rate_x10,983,rate_ok,TRUE,samples,543,i_mean_mV_x10,508,i_se_mV_x10,8
[2026-09-21T19:31:06.392] Cog0  BS-POINT2,seq,49,motor,LEFT,incre,-36_750_000,i_halfA_mV_x10,506,i_halfB_mV_x10,511,unsettled,FALSE,i_min_mV,41,i_max_mV,63,duty_mean,6_716,err_mean,-48,missed_d,0,illegal_d,0,fault,FALSE,abort_i,FALSE,charge_mVs,214,drv_state,1
[2026-09-21T19:31:06.408] Cog0  BS-POINT3,seq,49,motor,LEFT,zero_mV_x10,90,net_mV_x10,418,span_ms,4_674,span_rate_x10,853,follow_pct,87,span_duty_mean,5_951,span_duty_max,6_929
[2026-09-21T19:31:07.907] Cog0  BS-ZERO,motor,LEFT,phase,FINE,samples,200,i_mean_mV_x10,99,i_min_mV,7,i_max_mV,12,frozen,FALSE,in_band,TRUE,health_ok,NA,u_mV_x10,500,v_mV_x10,587,w_mV_x10,579
[2026-09-21T19:31:07.907] Cog0  MOT:  offset_fwd_degrees = 358, offset_fwd = $FE93_E93E
[2026-09-21T19:31:07.908] Cog0   (ind)offset_rev_degrees = 317, offset_rev = $E16C_16C1
[2026-09-21T19:31:07.924] Cog3  -MOT- inincr = -36_750_000 nTgtIncr = $7DCF_3D50 0 sync = 0
[2026-09-21T19:31:12.647] Cog3  -MOT- inincr = 0 nTgtIncr = $0000_0000 0 sync = 0
[2026-09-21T19:31:13.035] Cog0  BS-POINT,seq,50,motor,LEFT,speed,QTR,incre,-36_750_000,phase,FINE,neg_deg,358,pos_deg,317,swept_deg,-2,result,OK,steady_ms,983,ticks,270,win_ms,2_750,rate_x10,981,rate_ok,TRUE,samples,544,i_mean_mV_x10,436,i_se_mV_x10,12
[2026-09-21T19:31:13.037] Cog0  BS-POINT2,seq,50,motor,LEFT,incre,-36_750_000,i_halfA_mV_x10,444,i_halfB_mV_x10,427,unsettled,FALSE,i_min_mV,11,i_max_mV,125,duty_mean,6_243,err_mean,-44,missed_d,0,illegal_d,0,fault,FALSE,abort_i,FALSE,charge_mVs,229,drv_state,1
[2026-09-21T19:31:13.053] Cog0  BS-POINT3,seq,50,motor,LEFT,zero_mV_x10,99,net_mV_x10,337,span_ms,4_735,span_rate_x10,848,follow_pct,86,span_duty_mean,5_621,span_duty_max,9_397
[2026-09-21T19:31:14.552] Cog0  BS-ZERO,motor,LEFT,phase,REF_END,samples,200,i_mean_mV_x10,96,i_min_mV,8,i_max_mV,12,frozen,FALSE,in_band,TRUE,health_ok,NA,u_mV_x10,498,v_mV_x10,579,w_mV_x10,587
[2026-09-21T19:31:14.553] Cog0  MOT:  offset_fwd_degrees = 43, offset_fwd = $1E93_E93E
[2026-09-21T19:31:14.554] Cog0   (ind)offset_rev_degrees = 317, offset_rev = $E16C_16C1
[2026-09-21T19:31:14.570] Cog3  -MOT- inincr = -36_750_000 nTgtIncr = $7DCF_3D50 0 sync = 0
[2026-09-21T19:31:19.244] Cog3  -MOT- inincr = 0 nTgtIncr = $0000_0000 0 sync = 0
[2026-09-21T19:31:19.619] Cog0  BS-POINT,seq,51,motor,LEFT,speed,QTR,incre,-36_750_000,phase,REF_END,neg_deg,43,pos_deg,317,swept_deg,43,result,OK,steady_ms,922,ticks,270,win_ms,2_750,rate_x10,981,rate_ok,TRUE,samples,544,i_mean_mV_x10,1_776,i_se_mV_x10,22
[2026-09-21T19:31:19.621] Cog0  BS-POINT2,seq,51,motor,LEFT,incre,-36_750_000,i_halfA_mV_x10,1_797,i_halfB_mV_x10,1_755,unsettled,FALSE,i_min_mV,154,i_max_mV,204,duty_mean,8_343,err_mean,-48,missed_d,0,illegal_d,0,fault,FALSE,abort_i,FALSE,charge_mVs,705,drv_state,1
[2026-09-21T19:31:19.637] Cog0  BS-POINT3,seq,51,motor,LEFT,zero_mV_x10,96,net_mV_x10,1_680,span_ms,4_675,span_rate_x10,853,follow_pct,87,span_duty_mean,7_299,span_duty_max,8_580
[2026-09-21T19:31:20.125] Cog0  BS-FIT,motor,LEFT,speed,QTR,sign,NEG,status,OK,n,7,centre_deg,13,span_lo_deg,-2,span_hi_deg,28,extended,FALSE,pinned,FALSE
[2026-09-21T19:31:20.127] Cog0  BS-FIT2,motor,LEFT,speed,QTR,sign,NEG,min_deg_x10,119,min_se_deg_x10,3,min_mV_x10,115,rms_mV_x10,15,med_se_mV_x10,4,curv_x100,1_133,curv_model_pct,6_448,flat2_deg_x10,14
[2026-09-21T19:31:20.129] Cog0  BS-CLIFF,motor,LEFT,speed,QTR,sign,NEG,found,FALSE,last_good_deg,NA,first_fault_deg,NA,edge_deg_x10,NA,margin_deg_x10,NA,margin_from_fit,FALSE,edge_res_deg_x10,NA
[2026-09-21T19:31:20.131] Cog0  BS-LEG,motor,LEFT,speed,QTR,sign,NEG,served_by,OFFSET_FWD,pts,16,faults,0,aborts_i,1,ref_start_mV_x10,1_795,ref_end_mV_x10,1_776,drift_pct_x10,-5,drift_flag,FALSE,exit,DONE,ref_start_net_mV_x10,1_690,ref_end_net_mV_x10,1_680
[2026-09-21T19:31:20.147] Cog0  BS-ARC,motor,LEFT,speed,QTR,sign,NEG,arc_lo_deg,-7,arc_hi_deg,53,arc_deg,60,bound_lo,RISE,bound_hi,CURRENT,circle_deg,360
[2026-09-21T19:31:21.145] Cog0  BS-ZERO,motor,LEFT,phase,REF_START,samples,200,i_mean_mV_x10,92,i_min_mV,7,i_max_mV,12,frozen,FALSE,in_band,TRUE,health_ok,NA,u_mV_x10,501,v_mV_x10,582,w_mV_x10,582
[2026-09-21T19:31:21.145] Cog0  MOT:  offset_fwd_degrees = 43, offset_fwd = $1E93_E93E
[2026-09-21T19:31:21.146] Cog0   (ind)offset_rev_degrees = 317, offset_rev = $E16C_16C1
[2026-09-21T19:31:21.161] Cog3  -MOT- inincr = 36_750_000 nTgtIncr = $0230_C2B0 0 sync = 0
[2026-09-21T19:31:25.836] Cog3  -MOT- inincr = 0 nTgtIncr = $0000_0000 0 sync = 0
[2026-09-21T19:31:26.210] Cog0  BS-POINT,seq,52,motor,LEFT,speed,QTR,incre,36_750_000,phase,REF_START,neg_deg,43,pos_deg,317,swept_deg,-43,result,OK,steady_ms,922,ticks,270,win_ms,2_749,rate_x10,982,rate_ok,TRUE,samples,544,i_mean_mV_x10,940,i_se_mV_x10,13
[2026-09-21T19:31:26.212] Cog0  BS-POINT2,seq,52,motor,LEFT,incre,36_750_000,i_halfA_mV_x10,950,i_halfB_mV_x10,930,unsettled,FALSE,i_min_mV,80,i_max_mV,110,duty_mean,7_362,err_mean,48,missed_d,0,illegal_d,0,fault,FALSE,abort_i,FALSE,charge_mVs,382,drv_state,1
[2026-09-21T19:31:26.229] Cog0  BS-POINT3,seq,52,motor,LEFT,zero_mV_x10,92,net_mV_x10,848,span_ms,4_674,span_rate_x10,853,follow_pct,87,span_duty_mean,6_484,span_duty_max,7_559
[2026-09-21T19:31:27.727] Cog0  BS-ZERO,motor,LEFT,phase,COARSE,samples,200,i_mean_mV_x10,95,i_min_mV,8,i_max_mV,12,frozen,FALSE,in_band,TRUE,health_ok,NA,u_mV_x10,502,v_mV_x10,578,w_mV_x10,580
[2026-09-21T19:31:27.727] Cog0  MOT:  offset_fwd_degrees = 43, offset_fwd = $1E93_E93E
[2026-09-21T19:31:27.728] Cog0   (ind)offset_rev_degrees = 327, offset_rev = $E888_8888
[2026-09-21T19:31:27.745] Cog3  -MOT- inincr = 36_750_000 nTgtIncr = $0230_C2B0 0 sync = 0
[2026-09-21T19:31:31.491] Cog3  -MOT- inincr = 0 nTgtIncr = $0000_0000 0 sync = 0
[2026-09-21T19:31:31.878] Cog0  BS-POINT,seq,53,motor,LEFT,speed,QTR,incre,36_750_000,phase,COARSE,neg_deg,43,pos_deg,327,swept_deg,-33,result,OK,steady_ms,932,ticks,180,win_ms,1_825,rate_x10,986,rate_ok,TRUE,samples,361,i_mean_mV_x10,400,i_se_mV_x10,8
[2026-09-21T19:31:31.880] Cog0  BS-POINT2,seq,53,motor,LEFT,incre,36_750_000,i_halfA_mV_x10,402,i_halfB_mV_x10,397,unsettled,FALSE,i_min_mV,31,i_max_mV,49,duty_mean,6_525,err_mean,49,missed_d,0,illegal_d,0,fault,FALSE,abort_i,FALSE,charge_mVs,139,drv_state,1
[2026-09-21T19:31:31.896] Cog0  BS-POINT3,seq,53,motor,LEFT,zero_mV_x10,95,net_mV_x10,305,span_ms,3_760,span_rate_x10,821,follow_pct,83,span_duty_mean,5_629,span_duty_max,7_072
[2026-09-21T19:31:33.395] Cog0  BS-ZERO,motor,LEFT,phase,COARSE,samples,200,i_mean_mV_x10,95,i_min_mV,8,i_max_mV,12,frozen,FALSE,in_band,TRUE,health_ok,NA,u_mV_x10,501,v_mV_x10,580,w_mV_x10,582
[2026-09-21T19:31:33.395] Cog0  MOT:  offset_fwd_degrees = 43, offset_fwd = $1E93_E93E
[2026-09-21T19:31:33.396] Cog0   (ind)offset_rev_degrees = 337, offset_rev = $EFA4_FA4F
[2026-09-21T19:31:33.412] Cog3  -MOT- inincr = 36_750_000 nTgtIncr = $0230_C2B0 0 sync = 0
[2026-09-21T19:31:37.190] Cog3  -MOT- inincr = 0 nTgtIncr = $0000_0000 0 sync = 0
[2026-09-21T19:31:37.567] Cog0  BS-POINT,seq,54,motor,LEFT,speed,QTR,incre,36_750_000,phase,COARSE,neg_deg,43,pos_deg,337,swept_deg,-23,result,OK,steady_ms,948,ticks,180,win_ms,1_830,rate_x10,983,rate_ok,TRUE,samples,362,i_mean_mV_x10,201,i_se_mV_x10,3
[2026-09-21T19:31:37.569] Cog0  BS-POINT2,seq,54,motor,LEFT,incre,36_750_000,i_halfA_mV_x10,203,i_halfB_mV_x10,200,unsettled,FALSE,i_min_mV,16,i_max_mV,25,duty_mean,6_081,err_mean,48,missed_d,0,illegal_d,0,fault,FALSE,abort_i,FALSE,charge_mVs,86,drv_state,1
[2026-09-21T19:31:37.585] Cog0  BS-POINT3,seq,54,motor,LEFT,zero_mV_x10,95,net_mV_x10,106,span_ms,3_780,span_rate_x10,820,follow_pct,83,span_duty_mean,5_302,span_duty_max,7_208
[2026-09-21T19:31:39.083] Cog0  BS-ZERO,motor,LEFT,phase,COARSE,samples,200,i_mean_mV_x10,103,i_min_mV,8,i_max_mV,12,frozen,FALSE,in_band,TRUE,health_ok,NA,u_mV_x10,502,v_mV_x10,579,w_mV_x10,586
[2026-09-21T19:31:39.084] Cog0  MOT:  offset_fwd_degrees = 43, offset_fwd = $1E93_E93E
[2026-09-21T19:31:39.084] Cog0   (ind)offset_rev_degrees = 347, offset_rev = $F6C1_6C16
[2026-09-21T19:31:39.100] Cog3  -MOT- inincr = 36_750_000 nTgtIncr = $0230_C2B0 0 sync = 0
[2026-09-21T19:31:42.878] Cog3  -MOT- inincr = 0 nTgtIncr = $0000_0000 0 sync = 0
[2026-09-21T19:31:43.264] Cog0  BS-POINT,seq,55,motor,LEFT,speed,QTR,incre,36_750_000,phase,COARSE,neg_deg,43,pos_deg,347,swept_deg,-13,result,OK,steady_ms,967,ticks,180,win_ms,1_820,rate_x10,989,rate_ok,TRUE,samples,360,i_mean_mV_x10,262,i_se_mV_x10,3
[2026-09-21T19:31:43.266] Cog0  BS-POINT2,seq,55,motor,LEFT,incre,36_750_000,i_halfA_mV_x10,262,i_halfB_mV_x10,262,unsettled,FALSE,i_min_mV,12,i_max_mV,50,duty_mean,6_137,err_mean,47,missed_d,0,illegal_d,0,fault,FALSE,abort_i,FALSE,charge_mVs,117,drv_state,1
[2026-09-21T19:31:43.282] Cog0  BS-POINT3,seq,55,motor,LEFT,zero_mV_x10,103,net_mV_x10,159,span_ms,3_790,span_rate_x10,820,follow_pct,83,span_duty_mean,5_338,span_duty_max,8_532
[2026-09-21T19:31:44.781] Cog0  BS-ZERO,motor,LEFT,phase,COARSE,samples,200,i_mean_mV_x10,107,i_min_mV,8,i_max_mV,13,frozen,FALSE,in_band,TRUE,health_ok,NA,u_mV_x10,499,v_mV_x10,577,w_mV_x10,591
[2026-09-21T19:31:44.781] Cog0  MOT:  offset_fwd_degrees = 43, offset_fwd = $1E93_E93E
[2026-09-21T19:31:44.782] Cog0   (ind)offset_rev_degrees = 357, offset_rev = $FDDD_DDDD
[2026-09-21T19:31:44.797] Cog3  -MOT- inincr = 36_750_000 nTgtIncr = $0230_C2B0 0 sync = 0
[2026-09-21T19:31:48.624] Cog3  -MOT- inincr = 0 nTgtIncr = $0000_0000 0 sync = 0
[2026-09-21T19:31:48.997] Cog0  BS-POINT,seq,56,motor,LEFT,speed,QTR,incre,36_750_000,phase,COARSE,neg_deg,43,pos_deg,357,swept_deg,-3,result,OK,steady_ms,998,ticks,180,win_ms,1_825,rate_x10,986,rate_ok,TRUE,samples,361,i_mean_mV_x10,1_186,i_se_mV_x10,117
[2026-09-21T19:31:48.999] Cog0  BS-POINT2,seq,56,motor,LEFT,incre,36_750_000,i_halfA_mV_x10,1_166,i_halfB_mV_x10,1_206,unsettled,FALSE,i_min_mV,11,i_max_mV,404,duty_mean,7_044,err_mean,42,missed_d,0,illegal_d,0,fault,FALSE,abort_i,FALSE,charge_mVs,414,drv_state,1
[2026-09-21T19:31:49.015] Cog0  BS-POINT3,seq,56,motor,LEFT,zero_mV_x10,107,net_mV_x10,1_079,span_ms,3_826,span_rate_x10,815,follow_pct,83,span_duty_mean,6_044,span_duty_max,10_452
[2026-09-21T19:31:49.517] Cog0  BS-WALK,motor,LEFT,speed,LOW,sign,POS,side,UP,pts,4,last_swept_deg,-3,stop,RISE,low_swept_deg,-23,low_mV_x10,201,low_net_mV_x10,106
[2026-09-21T19:31:50.515] Cog0  BS-ZERO,motor,LEFT,phase,COARSE,samples,200,i_mean_mV_x10,97,i_min_mV,7,i_max_mV,12,frozen,FALSE,in_band,TRUE,health_ok,NA,u_mV_x10,497,v_mV_x10,576,w_mV_x10,584
[2026-09-21T19:31:50.515] Cog0  MOT:  offset_fwd_degrees = 43, offset_fwd = $1E93_E93E
[2026-09-21T19:31:50.516] Cog0   (ind)offset_rev_degrees = 307, offset_rev = $DA4F_A4FA
[2026-09-21T19:31:50.532] Cog3  -MOT- inincr = 36_750_000 nTgtIncr = $0230_C2B0 0 sync = 0
[2026-09-21T19:31:54.279] Cog3  -MOT- inincr = 0 nTgtIncr = $0000_0000 0 sync = 0
[2026-09-21T19:31:54.667] Cog0  BS-POINT,seq,57,motor,LEFT,speed,QTR,incre,36_750_000,phase,COARSE,neg_deg,43,pos_deg,307,swept_deg,-53,result,OK,steady_ms,922,ticks,180,win_ms,1_835,rate_x10,980,rate_ok,TRUE,samples,363,i_mean_mV_x10,2_164,i_se_mV_x10,34
[2026-09-21T19:31:54.668] Cog0  BS-POINT2,seq,57,motor,LEFT,incre,36_750_000,i_halfA_mV_x10,2_159,i_halfB_mV_x10,2_169,unsettled,FALSE,i_min_mV,193,i_max_mV,245,duty_mean,8_738,err_mean,47,missed_d,0,illegal_d,0,fault,FALSE,abort_i,FALSE,charge_mVs,659,drv_state,1
[2026-09-21T19:31:54.685] Cog0  BS-POINT3,seq,57,motor,LEFT,zero_mV_x10,97,net_mV_x10,2_067,span_ms,3_760,span_rate_x10,821,follow_pct,83,span_duty_mean,7_366,span_duty_max,8_989
[2026-09-21T19:31:56.183] Cog0  BS-ZERO,motor,LEFT,phase,COARSE,samples,200,i_mean_mV_x10,94,i_min_mV,6,i_max_mV,12,frozen,FALSE,in_band,TRUE,health_ok,NA,u_mV_x10,508,v_mV_x10,586,w_mV_x10,587
[2026-09-21T19:31:56.183] Cog0  MOT:  offset_fwd_degrees = 43, offset_fwd = $1E93_E93E
[2026-09-21T19:31:56.184] Cog0   (ind)offset_rev_degrees = 297, offset_rev = $D333_3333
[2026-09-21T19:31:56.199] Cog3  -MOT- inincr = 36_750_000 nTgtIncr = $0230_C2B0 0 sync = 0
[2026-09-21T19:31:57.305] Cog0  BS-POINT,seq,58,motor,LEFT,speed,QTR,incre,36_750_000,phase,COARSE,neg_deg,43,pos_deg,297,swept_deg,-63,result,ABORT_I,steady_ms,922,ticks,NA,win_ms,NA,rate_x10,NA,rate_ok,FALSE,samples,NA,i_mean_mV_x10,NA,i_se_mV_x10,NA
[2026-09-21T19:31:57.307] Cog0  BS-POINT2,seq,58,motor,LEFT,incre,36_750_000,i_halfA_mV_x10,NA,i_halfB_mV_x10,NA,unsettled,FALSE,i_min_mV,NA,i_max_mV,NA,duty_mean,NA,err_mean,NA,missed_d,NA,illegal_d,NA,fault,FALSE,abort_i,TRUE,charge_mVs,125,drv_state,3
[2026-09-21T19:31:57.308] Cog0  BS-POINT3,seq,58,motor,LEFT,zero_mV_x10,94,net_mV_x10,NA,span_ms,1_116,span_rate_x10,439,follow_pct,44,span_duty_mean,4_713,span_duty_max,10_839
[2026-09-21T19:31:57.313] Cog0  BS-ABORT,scope,POINT,reason,ABORT_I,motor,LEFT,incre,36_750_000,seq,58,value,444,elapsed_s,337
[2026-09-21T19:31:57.313] Cog0  *VAL* legalBasePin = 32
[2026-09-21T19:31:57.315] Cog0  *VAL* legalVoltage = 6
[2026-09-21T19:31:57.315] Cog0  *VAL* legalMode = 30
[2026-09-21T19:31:57.315] Cog0  --- pinSum = 94, 64010 Rev B, highTimeUs = 72
[2026-09-21T19:31:57.315] Cog0  MOT: fwdDegrees = 14, offset_fwd = $09F4_9F49
[2026-09-21T19:31:57.316] Cog0       revDegrees = 338, offset_rev = $F05B_05B0
[2026-09-21T19:31:57.316] Cog0   - Calc FRAME: frame_cnt = 6_136
[2026-09-21T19:31:57.316] Cog0  * init values dead_gap = 70, pwm_limit = 3_033, adc_fram = 6_136, duty_min = 1_600, duty_max = 24_264
[2026-09-21T19:31:57.317] Cog0  *      values duty_up = 18, duty_dn = 4, cfg_ctcks = 135_000
[2026-09-21T19:31:57.317] Cog0  * ENTRY CFG userVoltage = 6, index = 6
[2026-09-21T19:31:57.318] Cog0  * EXIT 2 CFG eUserSelectedVolts = 6 maxFwdIncreAtPwr = 147_000_000 minFwdIncreAtPwr = 544_628
[2026-09-21T19:31:57.318] Cog0  -MOT- inincr = 0 nTgtIncr = $0000_0000 0 sync = 0
[2026-09-21T19:31:57.318] Cog0  * Motor COG #2
[2026-09-21T19:31:57.319] Cog2  INIT $0000_893A $0000_CEFF load
[2026-09-21T19:31:57.319] Cog3  INIT $0000_0FA8 $0000_CADB jump
[2026-09-21T19:31:57.335] Cog0  * Front COG #3
[2026-09-21T19:31:58.330] Cog0  BLDC: getBoardType() driver running, not measured; returning revision recorded at start 22
[2026-09-21T19:31:58.331] Cog0  MOT:  offset_fwd_degrees = 43, offset_fwd = $1E93_E93E
[2026-09-21T19:31:58.332] Cog0   (ind)offset_rev_degrees = 317, offset_rev = $E16C_16C1
[2026-09-21T19:31:58.349] Cog0  BS-START,motor,LEFT,base,32,cog,2,cog_ok,TRUE,board_rev,22,rev_b,TRUE,board_id,REV_B,init_neg_deg,14,init_pos_deg,338,neg_deg,43,pos_deg,317,offsets_ok,TRUE,missed,0,illegal,0,integ_ok,TRUE,result,OK
[2026-09-21T19:31:58.836] Cog0  BS-WALK,motor,LEFT,speed,LOW,sign,POS,side,DOWN,pts,2,last_swept_deg,-63,stop,RISE,low_swept_deg,-23,low_mV_x10,201,low_net_mV_x10,106
[2026-09-21T19:31:58.852] Cog0  BS-BRACKET,motor,LEFT,speed,LOW,sign,POS,low_swept_deg,-23,low_mV_x10,201,below_ok,TRUE,above_ok,TRUE,bracketed,TRUE,reason,OK,low_net_mV_x10,106
[2026-09-21T19:31:59.850] Cog0  BS-ZERO,motor,LEFT,phase,FINE,samples,200,i_mean_mV_x10,87,i_min_mV,6,i_max_mV,11,frozen,FALSE,in_band,TRUE,health_ok,NA,u_mV_x10,497,v_mV_x10,579,w_mV_x10,577
[2026-09-21T19:31:59.851] Cog0  MOT:  offset_fwd_degrees = 43, offset_fwd = $1E93_E93E
[2026-09-21T19:31:59.851] Cog0   (ind)offset_rev_degrees = 337, offset_rev = $EFA4_FA4F
[2026-09-21T19:31:59.867] Cog3  -MOT- inincr = 36_750_000 nTgtIncr = $0230_C2B0 0 sync = 0
[2026-09-21T19:32:04.558] Cog3  -MOT- inincr = 0 nTgtIncr = $0000_0000 0 sync = 0
[2026-09-21T19:32:04.946] Cog0  BS-POINT,seq,59,motor,LEFT,speed,QTR,incre,36_750_000,phase,FINE,neg_deg,43,pos_deg,337,swept_deg,-23,result,OK,steady_ms,952,ticks,270,win_ms,2_750,rate_x10,981,rate_ok,TRUE,samples,544,i_mean_mV_x10,195,i_se_mV_x10,2
[2026-09-21T19:32:04.948] Cog0  BS-POINT2,seq,59,motor,LEFT,incre,36_750_000,i_halfA_mV_x10,197,i_halfB_mV_x10,193,unsettled,FALSE,i_min_mV,15,i_max_mV,25,duty_mean,6_083,err_mean,49,missed_d,0,illegal_d,0,fault,FALSE,abort_i,FALSE,charge_mVs,103,drv_state,1
[2026-09-21T19:32:04.964] Cog0  BS-POINT3,seq,59,motor,LEFT,zero_mV_x10,87,net_mV_x10,108,span_ms,4_705,span_rate_x10,852,follow_pct,86,span_duty_mean,5_459,span_duty_max,7_209
[2026-09-21T19:32:06.463] Cog0  BS-ZERO,motor,LEFT,phase,FINE,samples,200,i_mean_mV_x10,88,i_min_mV,6,i_max_mV,12,frozen,FALSE,in_band,TRUE,health_ok,NA,u_mV_x10,486,v_mV_x10,587,w_mV_x10,577
[2026-09-21T19:32:06.463] Cog0  MOT:  offset_fwd_degrees = 43, offset_fwd = $1E93_E93E
[2026-09-21T19:32:06.464] Cog0   (ind)offset_rev_degrees = 347, offset_rev = $F6C1_6C16
[2026-09-21T19:32:06.480] Cog3  -MOT- inincr = 36_750_000 nTgtIncr = $0230_C2B0 0 sync = 0
[2026-09-21T19:32:11.187] Cog3  -MOT- inincr = 0 nTgtIncr = $0000_0000 0 sync = 0
[2026-09-21T19:32:11.560] Cog0  BS-POINT,seq,60,motor,LEFT,speed,QTR,incre,36_750_000,phase,FINE,neg_deg,43,pos_deg,347,swept_deg,-13,result,OK,steady_ms,957,ticks,270,win_ms,2_744,rate_x10,983,rate_ok,TRUE,samples,543,i_mean_mV_x10,254,i_se_mV_x10,2
[2026-09-21T19:32:11.562] Cog0  BS-POINT2,seq,60,motor,LEFT,incre,36_750_000,i_halfA_mV_x10,253,i_halfB_mV_x10,255,unsettled,FALSE,i_min_mV,12,i_max_mV,52,duty_mean,6_124,err_mean,46,missed_d,0,illegal_d,0,fault,FALSE,abort_i,FALSE,charge_mVs,134,drv_state,1
[2026-09-21T19:32:11.578] Cog0  BS-POINT3,seq,60,motor,LEFT,zero_mV_x10,88,net_mV_x10,166,span_ms,4_705,span_rate_x10,852,follow_pct,86,span_duty_mean,5_483,span_duty_max,8_097
[2026-09-21T19:32:13.077] Cog0  BS-ZERO,motor,LEFT,phase,FINE,samples,200,i_mean_mV_x10,95,i_min_mV,8,i_max_mV,12,frozen,FALSE,in_band,TRUE,health_ok,NA,u_mV_x10,488,v_mV_x10,588,w_mV_x10,579
[2026-09-21T19:32:13.077] Cog0  MOT:  offset_fwd_degrees = 43, offset_fwd = $1E93_E93E
[2026-09-21T19:32:13.078] Cog0   (ind)offset_rev_degrees = 327, offset_rev = $E888_8888
[2026-09-21T19:32:13.094] Cog3  -MOT- inincr = 36_750_000 nTgtIncr = $0230_C2B0 0 sync = 0
[2026-09-21T19:32:17.768] Cog3  -MOT- inincr = 0 nTgtIncr = $0000_0000 0 sync = 0
[2026-09-21T19:32:18.142] Cog0  BS-POINT,seq,61,motor,LEFT,speed,QTR,incre,36_750_000,phase,FINE,neg_deg,43,pos_deg,327,swept_deg,-33,result,OK,steady_ms,932,ticks,270,win_ms,2_740,rate_x10,985,rate_ok,TRUE,samples,542,i_mean_mV_x10,395,i_se_mV_x10,7
[2026-09-21T19:32:18.144] Cog0  BS-POINT2,seq,61,motor,LEFT,incre,36_750_000,i_halfA_mV_x10,402,i_halfB_mV_x10,387,unsettled,TRUE,i_min_mV,31,i_max_mV,51,duty_mean,6_526,err_mean,49,missed_d,0,illegal_d,0,fault,FALSE,abort_i,FALSE,charge_mVs,173,drv_state,1
[2026-09-21T19:32:18.160] Cog0  BS-POINT3,seq,61,motor,LEFT,zero_mV_x10,95,net_mV_x10,300,span_ms,4_675,span_rate_x10,853,follow_pct,87,span_duty_mean,5_801,span_duty_max,6_744
[2026-09-21T19:32:19.659] Cog0  BS-ZERO,motor,LEFT,phase,FINE,samples,200,i_mean_mV_x10,95,i_min_mV,7,i_max_mV,12,frozen,FALSE,in_band,TRUE,health_ok,NA,u_mV_x10,487,v_mV_x10,585,w_mV_x10,583
[2026-09-21T19:32:19.659] Cog0  MOT:  offset_fwd_degrees = 43, offset_fwd = $1E93_E93E
[2026-09-21T19:32:19.660] Cog0   (ind)offset_rev_degrees = 342, offset_rev = $F333_3333
[2026-09-21T19:32:19.676] Cog3  -MOT- inincr = 36_750_000 nTgtIncr = $0230_C2B0 0 sync = 0
[2026-09-21T19:32:24.367] Cog3  -MOT- inincr = 0 nTgtIncr = $0000_0000 0 sync = 0
[2026-09-21T19:32:24.752] Cog0  BS-POINT,seq,62,motor,LEFT,speed,QTR,incre,36_750_000,phase,FINE,neg_deg,43,pos_deg,342,swept_deg,-18,result,OK,steady_ms,952,ticks,270,win_ms,2_744,rate_x10,983,rate_ok,TRUE,samples,543,i_mean_mV_x10,235,i_se_mV_x10,1
[2026-09-21T19:32:24.754] Cog0  BS-POINT2,seq,62,motor,LEFT,incre,36_750_000,i_halfA_mV_x10,234,i_halfB_mV_x10,236,unsettled,FALSE,i_min_mV,12,i_max_mV,41,duty_mean,6_192,err_mean,48,missed_d,0,illegal_d,0,fault,FALSE,abort_i,FALSE,charge_mVs,120,drv_state,1
[2026-09-21T19:32:24.770] Cog0  BS-POINT3,seq,62,motor,LEFT,zero_mV_x10,95,net_mV_x10,140,span_ms,4_699,span_rate_x10,853,follow_pct,87,span_duty_mean,5_533,span_duty_max,7_186
[2026-09-21T19:32:26.268] Cog0  BS-ZERO,motor,LEFT,phase,FINE,samples,200,i_mean_mV_x10,95,i_min_mV,7,i_max_mV,12,frozen,FALSE,in_band,TRUE,health_ok,NA,u_mV_x10,491,v_mV_x10,586,w_mV_x10,585
[2026-09-21T19:32:26.269] Cog0  MOT:  offset_fwd_degrees = 43, offset_fwd = $1E93_E93E
[2026-09-21T19:32:26.269] Cog0   (ind)offset_rev_degrees = 332, offset_rev = $EC16_C16C
[2026-09-21T19:32:26.285] Cog3  -MOT- inincr = 36_750_000 nTgtIncr = $0230_C2B0 0 sync = 0
[2026-09-21T19:32:30.976] Cog3  -MOT- inincr = 0 nTgtIncr = $0000_0000 0 sync = 0
[2026-09-21T19:32:31.354] Cog0  BS-POINT,seq,63,motor,LEFT,speed,QTR,incre,36_750_000,phase,FINE,neg_deg,43,pos_deg,332,swept_deg,-28,result,OK,steady_ms,942,ticks,270,win_ms,2_750,rate_x10,981,rate_ok,TRUE,samples,544,i_mean_mV_x10,265,i_se_mV_x10,4
[2026-09-21T19:32:31.356] Cog0  BS-POINT2,seq,63,motor,LEFT,incre,36_750_000,i_halfA_mV_x10,261,i_halfB_mV_x10,269,unsettled,FALSE,i_min_mV,21,i_max_mV,36,duty_mean,6_253,err_mean,48,missed_d,0,illegal_d,0,fault,FALSE,abort_i,FALSE,charge_mVs,126,drv_state,1
[2026-09-21T19:32:31.372] Cog0  BS-POINT3,seq,63,motor,LEFT,zero_mV_x10,95,net_mV_x10,170,span_ms,4_695,span_rate_x10,851,follow_pct,86,span_duty_mean,5_588,span_duty_max,6_934
[2026-09-21T19:32:32.871] Cog0  BS-ZERO,motor,LEFT,phase,FINE,samples,200,i_mean_mV_x10,93,i_min_mV,7,i_max_mV,12,frozen,FALSE,in_band,TRUE,health_ok,NA,u_mV_x10,489,v_mV_x10,586,w_mV_x10,580
[2026-09-21T19:32:32.871] Cog0  MOT:  offset_fwd_degrees = 43, offset_fwd = $1E93_E93E
[2026-09-21T19:32:32.872] Cog0   (ind)offset_rev_degrees = 352, offset_rev = $FA4F_A4FA
[2026-09-21T19:32:32.887] Cog3  -MOT- inincr = 36_750_000 nTgtIncr = $0230_C2B0 0 sync = 0
[2026-09-21T19:32:37.626] Cog3  -MOT- inincr = 0 nTgtIncr = $0000_0000 0 sync = 0
[2026-09-21T19:32:38.002] Cog0  BS-POINT,seq,64,motor,LEFT,speed,QTR,incre,36_750_000,phase,FINE,neg_deg,43,pos_deg,352,swept_deg,-8,result,OK,steady_ms,987,ticks,270,win_ms,2_750,rate_x10,981,rate_ok,TRUE,samples,544,i_mean_mV_x10,352,i_se_mV_x10,9
[2026-09-21T19:32:38.004] Cog0  BS-POINT2,seq,64,motor,LEFT,incre,36_750_000,i_halfA_mV_x10,350,i_halfB_mV_x10,355,unsettled,FALSE,i_min_mV,11,i_max_mV,107,duty_mean,6_161,err_mean,46,missed_d,0,illegal_d,0,fault,FALSE,abort_i,FALSE,charge_mVs,191,drv_state,1
[2026-09-21T19:32:38.019] Cog0  BS-POINT3,seq,64,motor,LEFT,zero_mV_x10,93,net_mV_x10,259,span_ms,4_740,span_rate_x10,848,follow_pct,86,span_duty_mean,5_552,span_duty_max,9_263
[2026-09-21T19:32:39.518] Cog0  BS-ZERO,motor,LEFT,phase,FINE,samples,200,i_mean_mV_x10,93,i_min_mV,7,i_max_mV,12,frozen,FALSE,in_band,TRUE,health_ok,NA,u_mV_x10,486,v_mV_x10,590,w_mV_x10,586
[2026-09-21T19:32:39.519] Cog0  MOT:  offset_fwd_degrees = 43, offset_fwd = $1E93_E93E
[2026-09-21T19:32:39.520] Cog0   (ind)offset_rev_degrees = 322, offset_rev = $E4FA_4FA4
[2026-09-21T19:32:39.535] Cog3  -MOT- inincr = 36_750_000 nTgtIncr = $0230_C2B0 0 sync = 0
[2026-09-21T19:32:44.210] Cog3  -MOT- inincr = 0 nTgtIncr = $0000_0000 0 sync = 0
[2026-09-21T19:32:44.585] Cog0  BS-POINT,seq,65,motor,LEFT,speed,QTR,incre,36_750_000,phase,FINE,neg_deg,43,pos_deg,322,swept_deg,-38,result,OK,steady_ms,922,ticks,270,win_ms,2_749,rate_x10,982,rate_ok,TRUE,samples,544,i_mean_mV_x10,610,i_se_mV_x10,9
[2026-09-21T19:32:44.587] Cog0  BS-POINT2,seq,65,motor,LEFT,incre,36_750_000,i_halfA_mV_x10,611,i_halfB_mV_x10,609,unsettled,FALSE,i_min_mV,50,i_max_mV,75,duty_mean,6_892,err_mean,48,missed_d,0,illegal_d,0,fault,FALSE,abort_i,FALSE,charge_mVs,253,drv_state,1
[2026-09-21T19:32:44.603] Cog0  BS-POINT3,seq,65,motor,LEFT,zero_mV_x10,93,net_mV_x10,517,span_ms,4_674,span_rate_x10,853,follow_pct,87,span_duty_mean,6_094,span_duty_max,7_073
[2026-09-21T19:32:46.103] Cog0  BS-ZERO,motor,LEFT,phase,REF_END,samples,200,i_mean_mV_x10,90,i_min_mV,6,i_max_mV,12,frozen,FALSE,in_band,TRUE,health_ok,NA,u_mV_x10,497,v_mV_x10,590,w_mV_x10,587
[2026-09-21T19:32:46.103] Cog0  MOT:  offset_fwd_degrees = 43, offset_fwd = $1E93_E93E
[2026-09-21T19:32:46.103] Cog0   (ind)offset_rev_degrees = 317, offset_rev = $E16C_16C1
[2026-09-21T19:32:46.119] Cog3  -MOT- inincr = 36_750_000 nTgtIncr = $0230_C2B0 0 sync = 0
[2026-09-21T19:32:50.793] Cog3  -MOT- inincr = 0 nTgtIncr = $0000_0000 0 sync = 0
[2026-09-21T19:32:51.168] Cog0  BS-POINT,seq,66,motor,LEFT,speed,QTR,incre,36_750_000,phase,REF_END,neg_deg,43,pos_deg,317,swept_deg,-43,result,OK,steady_ms,922,ticks,270,win_ms,2_750,rate_x10,981,rate_ok,TRUE,samples,544,i_mean_mV_x10,934,i_se_mV_x10,14
[2026-09-21T19:32:51.170] Cog0  BS-POINT2,seq,66,motor,LEFT,incre,36_750_000,i_halfA_mV_x10,924,i_halfB_mV_x10,944,unsettled,FALSE,i_min_mV,79,i_max_mV,110,duty_mean,7_363,err_mean,48,missed_d,0,illegal_d,0,fault,FALSE,abort_i,FALSE,charge_mVs,379,drv_state,1
[2026-09-21T19:32:51.186] Cog0  BS-POINT3,seq,66,motor,LEFT,zero_mV_x10,90,net_mV_x10,844,span_ms,4_675,span_rate_x10,853,follow_pct,87,span_duty_mean,6_490,span_duty_max,7_565
[2026-09-21T19:32:51.674] Cog0  BS-FIT,motor,LEFT,speed,QTR,sign,POS,status,OK,n,7,centre_deg,-23,span_lo_deg,-38,span_hi_deg,-8,extended,FALSE,pinned,FALSE
[2026-09-21T19:32:51.675] Cog0  BS-FIT2,motor,LEFT,speed,QTR,sign,POS,min_deg_x10,-198,min_se_deg_x10,4,min_mV_x10,105,rms_mV_x10,22,med_se_mV_x10,4,curv_x100,1_199,curv_model_pct,7_497,flat2_deg_x10,13
[2026-09-21T19:32:51.678] Cog0  BS-CLIFF,motor,LEFT,speed,QTR,sign,POS,found,FALSE,last_good_deg,NA,first_fault_deg,NA,edge_deg_x10,NA,margin_deg_x10,NA,margin_from_fit,FALSE,edge_res_deg_x10,NA
[2026-09-21T19:32:51.680] Cog0  BS-LEG,motor,LEFT,speed,QTR,sign,POS,served_by,OFFSET_REV,pts,15,faults,0,aborts_i,1,ref_start_mV_x10,940,ref_end_mV_x10,934,drift_pct_x10,-4,drift_flag,FALSE,exit,DONE,ref_start_net_mV_x10,848,ref_end_net_mV_x10,844
[2026-09-21T19:32:51.695] Cog0  BS-ARC,motor,LEFT,speed,QTR,sign,POS,arc_lo_deg,-53,arc_hi_deg,-3,arc_deg,50,bound_lo,CURRENT,bound_hi,RISE,circle_deg,360
[2026-09-21T19:32:52.694] Cog0  BS-ZERO,motor,LEFT,phase,REF_START,samples,200,i_mean_mV_x10,89,i_min_mV,6,i_max_mV,12,frozen,FALSE,in_band,TRUE,health_ok,NA,u_mV_x10,490,v_mV_x10,589,w_mV_x10,587
[2026-09-21T19:32:52.694] Cog0  MOT:  offset_fwd_degrees = 43, offset_fwd = $1E93_E93E
[2026-09-21T19:32:52.695] Cog0   (ind)offset_rev_degrees = 317, offset_rev = $E16C_16C1
[2026-09-21T19:32:52.711] Cog3  -MOT- inincr = -73_500_000 nTgtIncr = $7B9E_7AA0 0 sync = 0
[2026-09-21T19:32:57.786] Cog3  -MOT- inincr = 0 nTgtIncr = $0000_0000 0 sync = 0
[2026-09-21T19:32:58.544] Cog0  BS-POINT,seq,67,motor,LEFT,speed,HALF,incre,-73_500_000,phase,REF_START,neg_deg,43,pos_deg,317,swept_deg,43,result,OK,steady_ms,1_320,ticks,540,win_ms,2_749,rate_x10,1_964,rate_ok,TRUE,samples,544,i_mean_mV_x10,9_529,i_se_mV_x10,43
[2026-09-21T19:32:58.546] Cog0  BS-POINT2,seq,67,motor,LEFT,incre,-73_500_000,i_halfA_mV_x10,9_556,i_halfB_mV_x10,9_502,unsettled,FALSE,i_min_mV,874,i_max_mV,1_036,duty_mean,18_813,err_mean,-47,missed_d,0,illegal_d,0,fault,FALSE,abort_i,FALSE,charge_mVs,3_727,drv_state,1
[2026-09-21T19:32:58.562] Cog0  BS-POINT3,seq,67,motor,LEFT,zero_mV_x10,89,net_mV_x10,9_440,span_ms,5_072,span_rate_x10,1_626,follow_pct,82,span_duty_mean,15_245,span_duty_max,18_953
[2026-09-21T19:33:00.061] Cog0  BS-ZERO,motor,LEFT,phase,COARSE,samples,200,i_mean_mV_x10,90,i_min_mV,6,i_max_mV,11,frozen,FALSE,in_band,TRUE,health_ok,NA,u_mV_x10,487,v_mV_x10,581,w_mV_x10,582
[2026-09-21T19:33:00.061] Cog0  MOT:  offset_fwd_degrees = 53, offset_fwd = $25B0_5B05
[2026-09-21T19:33:00.062] Cog0   (ind)offset_rev_degrees = 317, offset_rev = $E16C_16C1
[2026-09-21T19:33:00.077] Cog3  -MOT- inincr = -73_500_000 nTgtIncr = $7B9E_7AA0 0 sync = 0
[2026-09-21T19:33:01.630] Cog0  BS-ABORT,scope,RUN,reason,ABS_CURRENT,motor,LEFT,incre,-73_500_000,seq,68,value,1_583,elapsed_s,401
[2026-09-21T19:33:01.632] Cog0  BS-POINT,seq,68,motor,LEFT,speed,HALF,incre,-73_500_000,phase,COARSE,neg_deg,53,pos_deg,317,swept_deg,53,result,WINDOW_TIMEOUT,steady_ms,1_320,ticks,NA,win_ms,NA,rate_x10,NA,rate_ok,FALSE,samples,NA,i_mean_mV_x10,NA,i_se_mV_x10,NA
[2026-09-21T19:33:01.634] Cog0  BS-POINT2,seq,68,motor,LEFT,incre,-73_500_000,i_halfA_mV_x10,NA,i_halfB_mV_x10,NA,unsettled,FALSE,i_min_mV,NA,i_max_mV,NA,duty_mean,NA,err_mean,NA,missed_d,NA,illegal_d,NA,fault,FALSE,abort_i,FALSE,charge_mVs,522,drv_state,3
[2026-09-21T19:33:01.636] Cog0  BS-POINT3,seq,68,motor,LEFT,zero_mV_x10,90,net_mV_x10,NA,span_ms,1_566,span_rate_x10,868,follow_pct,44,span_duty_mean,8_523,span_duty_max,21_590
[2026-09-21T19:33:01.638] Cog0  BS-WALK,motor,LEFT,speed,LOW,sign,NEG,side,UP,pts,1,last_swept_deg,53,stop,RUN_ABORT,low_swept_deg,43,low_mV_x10,9_529,low_net_mV_x10,9_440
[2026-09-21T19:33:01.639] Cog0  BS-WALK,motor,LEFT,speed,LOW,sign,NEG,side,DOWN,pts,0,last_swept_deg,43,stop,RUN_ABORT,low_swept_deg,43,low_mV_x10,9_529,low_net_mV_x10,9_440
[2026-09-21T19:33:01.641] Cog0  BS-BRACKET,motor,LEFT,speed,LOW,sign,NEG,low_swept_deg,43,low_mV_x10,9_529,below_ok,FALSE,above_ok,FALSE,bracketed,FALSE,reason,RUN_ABORT,low_net_mV_x10,9_440
[2026-09-21T19:33:01.642] Cog0  BS-FIT,motor,LEFT,speed,HALF,sign,NEG,status,NOT_BRACKETED,n,0,centre_deg,NA,span_lo_deg,NA,span_hi_deg,NA,extended,FALSE,pinned,FALSE
[2026-09-21T19:33:01.644] Cog0  BS-FIT2,motor,LEFT,speed,HALF,sign,NEG,min_deg_x10,NA,min_se_deg_x10,NA,min_mV_x10,NA,rms_mV_x10,NA,med_se_mV_x10,NA,curv_x100,NA,curv_model_pct,NA,flat2_deg_x10,NA
[2026-09-21T19:33:01.646] Cog0  BS-CLIFF,motor,LEFT,speed,HALF,sign,NEG,found,FALSE,last_good_deg,NA,first_fault_deg,NA,edge_deg_x10,NA,margin_deg_x10,NA,margin_from_fit,FALSE,edge_res_deg_x10,NA
[2026-09-21T19:33:01.648] Cog0  BS-LEG,motor,LEFT,speed,HALF,sign,NEG,served_by,OFFSET_FWD,pts,2,faults,1,aborts_i,0,ref_start_mV_x10,9_529,ref_end_mV_x10,NA,drift_pct_x10,NA,drift_flag,FALSE,exit,RUN_ABORT,ref_start_net_mV_x10,9_440,ref_end_net_mV_x10,NA
[2026-09-21T19:33:01.650] Cog0  BS-ARC,motor,LEFT,speed,HALF,sign,NEG,arc_lo_deg,43,arc_hi_deg,43,arc_deg,0,bound_lo,NONE,bound_hi,NONE,circle_deg,360
[2026-09-21T19:33:01.652] Cog0  BS-RESULT,motor,LEFT,sign,NEG,served_by,OFFSET_FWD,def_deg,43,status,OK,min_deg_x10,248,applied_deg,25,min_se_deg_x10,5,i_min_mV_x10,92,i_def_mV_x10,310,saving_pct_x10,703,fit_rms_mV_x10,25,drift_flag,FALSE,i_min_fit_mV_x10,85
[2026-09-21T19:33:01.655] Cog0  BS-RESULT-HALF,motor,LEFT,sign,NEG,speed,QTR,status,OK,min_deg_x10,119,min_se_deg_x10,3,i_min_mV_x10,132,i_def_mV_x10,1_685,shift_deg_x10,-130,shift_se_deg_x10,5,shift_sig,TRUE,i_min_fit_mV_x10,115
[2026-09-21T19:33:01.657] Cog0  BS-RESULT-HALF,motor,LEFT,sign,NEG,speed,HALF,status,NOT_BRACKETED,min_deg_x10,NA,min_se_deg_x10,NA,i_min_mV_x10,NA,i_def_mV_x10,9_440,shift_deg_x10,NA,shift_se_deg_x10,NA,shift_sig,FALSE,i_min_fit_mV_x10,NA
[2026-09-21T19:33:01.659] Cog0  BS-RESULT,motor,LEFT,sign,POS,served_by,OFFSET_REV,def_deg,-43,status,OK,min_deg_x10,-311,applied_deg,329,min_se_deg_x10,5,i_min_mV_x10,87,i_def_mV_x10,155,saving_pct_x10,438,fit_rms_mV_x10,19,drift_flag,FALSE,i_min_fit_mV_x10,102
[2026-09-21T19:33:01.661] Cog0  BS-RESULT-HALF,motor,LEFT,sign,POS,speed,QTR,status,OK,min_deg_x10,-198,min_se_deg_x10,4,i_min_mV_x10,106,i_def_mV_x10,846,shift_deg_x10,113,shift_se_deg_x10,6,shift_sig,TRUE,i_min_fit_mV_x10,105
[2026-09-21T19:33:01.663] Cog0  BS-RESULT-HALF,motor,LEFT,sign,POS,speed,HALF,status,SKIPPED,min_deg_x10,NA,min_se_deg_x10,NA,i_min_mV_x10,NA,i_def_mV_x10,NA,shift_deg_x10,NA,shift_se_deg_x10,NA,shift_sig,FALSE,i_min_fit_mV_x10,NA
[2026-09-21T19:33:01.665] Cog0  BS-PAIR,motor,LEFT,complete,TRUE,neg_min_deg_x10,248,pos_min_deg_x10,-311,mid_deg_x10,-31,mid_se_deg_x10,3,lead_deg_x10,280,sign_order,NEG_FIRST
[2026-09-21T19:33:01.671] Cog0  BS-PAIR2,motor,LEFT,i_neg_min_mV_x10,92,i_pos_min_mV_x10,87,zero_mV_x10,87,ratio_raw_x1000,NA,ratio_net_x1000,1_057,imbalance,FALSE,i_neg_min_fit_mV_x10,85,i_pos_min_fit_mV_x10,102
[2026-09-21T19:33:01.672] Cog0  SIGNOFF,sf,1,bin,SCAN,cell,R1-SCAN-COGOK,task,3499,motor,LEFT,crit,STARTS_COG_BAD,measured,0,lo,0,hi,0,units,COUNT,n,11,verdict,PASS
[2026-09-21T19:33:01.674] Cog0  SIGNOFF,sf,1,bin,SCAN,cell,R2-SCAN-REVB,task,3500,motor,LEFT,crit,STARTS_NOT_REVB,measured,0,lo,0,hi,0,units,COUNT,n,11,verdict,PASS
[2026-09-21T19:33:01.676] Cog0  SIGNOFF,sf,1,bin,SCAN,cell,R3-SCAN-INTEG,task,3501,motor,LEFT,crit,MISSED_ILLEGAL_SUM,measured,0,lo,0,hi,0,units,COUNT,n,74,verdict,PASS
[2026-09-21T19:33:01.677] Cog0  SIGNOFF,sf,1,bin,SCAN,cell,R5-SCAN-SELF,task,3503,motor,LEFT,crit,NET_I_IN_BAND,measured,TRUE,lo,TRUE,hi,TRUE,units,BOOL,n,1,verdict,PASS
[2026-09-21T19:33:01.678] Cog0  SIGNOFF,sf,1,bin,SCAN,cell,R6-SCAN-OFFSETS,task,3519,motor,LEFT,crit,READBACK_BAD,measured,0,lo,0,hi,0,units,COUNT,n,79,verdict,PASS
[2026-09-21T19:33:01.679] Cog0  SIGNOFF,sf,1,bin,SCAN,cell,R7-SCAN-STARTILL,task,3524,motor,LEFT,crit,STARTS_ILLEGAL,measured,0,lo,0,hi,0,units,COUNT,n,11,verdict,PASS
[2026-09-21T19:33:01.682] Cog0  SIGNOFF,sf,1,bin,SCAN,cell,R12-SCAN-ALIVE,task,3535,motor,LEFT,crit,STARTS_NOT_ALIVE,measured,0,lo,0,hi,0,units,COUNT,n,10,verdict,PASS
[2026-09-21T19:33:01.683] Cog0  SIGNOFF,sf,1,bin,SCAN,cell,R12-SCAN-RATE,task,3535,motor,LEFT,crit,RATE_IN_BAND,measured,TRUE,lo,TRUE,hi,TRUE,units,BOOL,n,1,verdict,PASS
[2026-09-21T19:33:01.684] Cog0  SIGNOFF,sf,1,bin,SCAN,cell,R8-SCAN-ZXS,task,3529,motor,LEFT,crit,ZXS_I,measured,13,lo,0,hi,50,units,MV_X10,n,5,verdict,PASS
[2026-09-21T19:33:01.686] Cog0  SIGNOFF,sf,1,bin,SCAN,cell,R8-SCAN-ZXS,task,3529,motor,LEFT,crit,ZXS_U,measured,6,lo,0,hi,50,units,MV_X10,n,5,verdict,PASS
[2026-09-21T19:33:01.687] Cog0  SIGNOFF,sf,1,bin,SCAN,cell,R8-SCAN-ZXS,task,3529,motor,LEFT,crit,ZXS_V,measured,12,lo,0,hi,50,units,MV_X10,n,5,verdict,PASS
[2026-09-21T19:33:01.689] Cog0  SIGNOFF,sf,1,bin,SCAN,cell,R8-SCAN-ZXS,task,3529,motor,LEFT,crit,ZXS_W,measured,9,lo,0,hi,50,units,MV_X10,n,5,verdict,PASS
[2026-09-21T19:33:01.690] Cog0  SIGNOFF,sf,1,bin,SCAN,cell,R18-SCAN-LEGBRACKET,task,3530,motor,LEFT,crit,MIN_BR_NEG_LOW,measured,TRUE,lo,TRUE,hi,TRUE,units,BOOL,n,1,verdict,PASS
[2026-09-21T19:33:01.691] Cog0  SIGNOFF,sf,1,bin,SCAN,cell,R18-SCAN-LEGBRACKET,task,3530,motor,LEFT,crit,MIN_BR_NEG_QTR,measured,TRUE,lo,TRUE,hi,TRUE,units,BOOL,n,1,verdict,PASS
[2026-09-21T19:33:01.693] Cog0  SIGNOFF,sf,1,bin,SCAN,cell,R18-SCAN-LEGBRACKET,task,3530,motor,LEFT,crit,MIN_BR_NEG_HALF,measured,FALSE,lo,TRUE,hi,TRUE,units,BOOL,n,1,verdict,FAIL
[2026-09-21T19:33:01.695] Cog0  SIGNOFF,sf,1,bin,SCAN,cell,R18-SCAN-LEGBRACKET,task,3530,motor,LEFT,crit,MIN_BR_POS_LOW,measured,TRUE,lo,TRUE,hi,TRUE,units,BOOL,n,1,verdict,PASS
[2026-09-21T19:33:01.697] Cog0  SIGNOFF,sf,1,bin,SCAN,cell,R18-SCAN-LEGBRACKET,task,3530,motor,LEFT,crit,MIN_BR_POS_QTR,measured,TRUE,lo,TRUE,hi,TRUE,units,BOOL,n,1,verdict,PASS
[2026-09-21T19:33:01.698] Cog0  SIGNOFF,sf,1,bin,SCAN,cell,R18-SCAN-LEGBRACKET,task,3530,motor,LEFT,crit,MIN_BR_POS_HALF,measured,NA,lo,TRUE,hi,TRUE,units,BOOL,n,0,verdict,NOMEAS
[2026-09-21T19:33:01.700] Cog0  SIGNOFF,sf,1,bin,SCAN,cell,R9-SCAN-OWNZERO,task,3530,motor,LEFT,crit,PTS_NO_OWN_ZERO,measured,0,lo,0,hi,0,units,COUNT,n,16,verdict,PASS
[2026-09-21T19:33:01.701] Cog0  SIGNOFF,sf,1,bin,SCAN,cell,R9-SCAN-OWNZERO,task,3530,motor,LEFT,crit,PTS_NO_OWN_ZERO,measured,0,lo,0,hi,0,units,COUNT,n,15,verdict,PASS
[2026-09-21T19:33:01.703] Cog0  SIGNOFF,sf,1,bin,SCAN,cell,R9-SCAN-OWNZERO,task,3530,motor,LEFT,crit,PTS_NO_OWN_ZERO,measured,0,lo,0,hi,0,units,COUNT,n,15,verdict,PASS
[2026-09-21T19:33:01.705] Cog0  SIGNOFF,sf,1,bin,SCAN,cell,R9-SCAN-OWNZERO,task,3530,motor,LEFT,crit,PTS_NO_OWN_ZERO,measured,0,lo,0,hi,0,units,COUNT,n,14,verdict,PASS
[2026-09-21T19:33:01.706] Cog0  SIGNOFF,sf,1,bin,SCAN,cell,R9-SCAN-PAIR2,task,3530,motor,LEFT,crit,NET_RATIO_ONLY,measured,TRUE,lo,TRUE,hi,TRUE,units,BOOL,n,1,verdict,PASS
[2026-09-21T19:33:01.708] Cog0  SIGNOFF,sf,1,bin,SCAN,cell,R10-SCAN-RSTALONE,task,3533,motor,LEFT,crit,RESET_ALONE_CLEARS,measured,NA,lo,TRUE,hi,TRUE,units,BOOL,n,0,verdict,NOMEAS
[2026-09-21T19:33:01.709] Cog0  BS-ZXSALL,motor,LEFT,n,10,i_spread_mV_x10,13,u_spread_mV_x10,12,v_spread_mV_x10,26,w_spread_mV_x10,16
[2026-09-21T19:33:01.710] Cog0  SIGNOFF,sf,1,bin,SCAN,cell,R1-SCAN-COGOK,task,3499,motor,RIGHT,crit,STARTS_COG_BAD,measured,0,lo,0,hi,0,units,COUNT,n,1,verdict,PASS
[2026-09-21T19:33:01.712] Cog0  SIGNOFF,sf,1,bin,SCAN,cell,R2-SCAN-REVB,task,3500,motor,RIGHT,crit,STARTS_NOT_REVB,measured,0,lo,0,hi,0,units,COUNT,n,1,verdict,PASS
[2026-09-21T19:33:01.713] Cog0  SIGNOFF,sf,1,bin,SCAN,cell,R3-SCAN-INTEG,task,3501,motor,RIGHT,crit,MISSED_ILLEGAL_SUM,measured,0,lo,0,hi,0,units,COUNT,n,1,verdict,PASS
[2026-09-21T19:33:01.715] Cog0  SIGNOFF,sf,1,bin,SCAN,cell,R5-SCAN-SELF,task,3503,motor,RIGHT,crit,NET_I_IN_BAND,measured,NA,lo,TRUE,hi,TRUE,units,BOOL,n,0,verdict,NOMEAS
[2026-09-21T19:33:01.716] Cog0  SIGNOFF,sf,1,bin,SCAN,cell,R6-SCAN-OFFSETS,task,3519,motor,RIGHT,crit,READBACK_BAD,measured,0,lo,0,hi,0,units,COUNT,n,1,verdict,PASS
[2026-09-21T19:33:01.718] Cog0  SIGNOFF,sf,1,bin,SCAN,cell,R7-SCAN-STARTILL,task,3524,motor,RIGHT,crit,STARTS_ILLEGAL,measured,0,lo,0,hi,0,units,COUNT,n,1,verdict,PASS
[2026-09-21T19:33:01.719] Cog0  SIGNOFF,sf,1,bin,SCAN,cell,R12-SCAN-ALIVE,task,3535,motor,RIGHT,crit,STARTS_NOT_ALIVE,measured,NA,lo,0,hi,0,units,COUNT,n,0,verdict,NOMEAS
[2026-09-21T19:33:01.721] Cog0  SIGNOFF,sf,1,bin,SCAN,cell,R12-SCAN-RATE,task,3535,motor,RIGHT,crit,RATE_IN_BAND,measured,NA,lo,TRUE,hi,TRUE,units,BOOL,n,0,verdict,NOMEAS
[2026-09-21T19:33:01.722] Cog0  SIGNOFF,sf,1,bin,SCAN,cell,R8-SCAN-ZXS,task,3529,motor,RIGHT,crit,ZXS_I,measured,NA,lo,0,hi,50,units,MV_X10,n,0,verdict,NOMEAS
[2026-09-21T19:33:01.724] Cog0  SIGNOFF,sf,1,bin,SCAN,cell,R8-SCAN-ZXS,task,3529,motor,RIGHT,crit,ZXS_U,measured,NA,lo,0,hi,50,units,MV_X10,n,0,verdict,NOMEAS
[2026-09-21T19:33:01.725] Cog0  SIGNOFF,sf,1,bin,SCAN,cell,R8-SCAN-ZXS,task,3529,motor,RIGHT,crit,ZXS_V,measured,NA,lo,0,hi,50,units,MV_X10,n,0,verdict,NOMEAS
[2026-09-21T19:33:01.727] Cog0  SIGNOFF,sf,1,bin,SCAN,cell,R8-SCAN-ZXS,task,3529,motor,RIGHT,crit,ZXS_W,measured,NA,lo,0,hi,50,units,MV_X10,n,0,verdict,NOMEAS
[2026-09-21T19:33:01.728] Cog0  SIGNOFF,sf,1,bin,SCAN,cell,R18-SCAN-LEGBRACKET,task,3530,motor,RIGHT,crit,MIN_BR_NEG_LOW,measured,NA,lo,TRUE,hi,TRUE,units,BOOL,n,0,verdict,NOMEAS
[2026-09-21T19:33:01.730] Cog0  SIGNOFF,sf,1,bin,SCAN,cell,R18-SCAN-LEGBRACKET,task,3530,motor,RIGHT,crit,MIN_BR_NEG_QTR,measured,NA,lo,TRUE,hi,TRUE,units,BOOL,n,0,verdict,NOMEAS
[2026-09-21T19:33:01.732] Cog0  SIGNOFF,sf,1,bin,SCAN,cell,R18-SCAN-LEGBRACKET,task,3530,motor,RIGHT,crit,MIN_BR_NEG_HALF,measured,NA,lo,TRUE,hi,TRUE,units,BOOL,n,0,verdict,NOMEAS
[2026-09-21T19:33:01.733] Cog0  SIGNOFF,sf,1,bin,SCAN,cell,R18-SCAN-LEGBRACKET,task,3530,motor,RIGHT,crit,MIN_BR_POS_LOW,measured,NA,lo,TRUE,hi,TRUE,units,BOOL,n,0,verdict,NOMEAS
[2026-09-21T19:33:01.735] Cog0  SIGNOFF,sf,1,bin,SCAN,cell,R18-SCAN-LEGBRACKET,task,3530,motor,RIGHT,crit,MIN_BR_POS_QTR,measured,NA,lo,TRUE,hi,TRUE,units,BOOL,n,0,verdict,NOMEAS
[2026-09-21T19:33:01.736] Cog0  SIGNOFF,sf,1,bin,SCAN,cell,R18-SCAN-LEGBRACKET,task,3530,motor,RIGHT,crit,MIN_BR_POS_HALF,measured,NA,lo,TRUE,hi,TRUE,units,BOOL,n,0,verdict,NOMEAS
[2026-09-21T19:33:01.738] Cog0  SIGNOFF,sf,1,bin,SCAN,cell,R9-SCAN-OWNZERO,task,3530,motor,RIGHT,crit,PTS_NO_OWN_ZERO,measured,NA,lo,0,hi,0,units,COUNT,n,0,verdict,NOMEAS
[2026-09-21T19:33:01.740] Cog0  SIGNOFF,sf,1,bin,SCAN,cell,R9-SCAN-PAIR2,task,3530,motor,RIGHT,crit,NET_RATIO_ONLY,measured,NA,lo,TRUE,hi,TRUE,units,BOOL,n,0,verdict,NOMEAS
[2026-09-21T19:33:01.741] Cog0  SIGNOFF,sf,1,bin,SCAN,cell,R10-SCAN-RSTALONE,task,3533,motor,RIGHT,crit,RESET_ALONE_CLEARS,measured,NA,lo,TRUE,hi,TRUE,units,BOOL,n,0,verdict,NOMEAS
[2026-09-21T19:33:01.742] Cog0  BS-ZXSALL,motor,RIGHT,n,0,i_spread_mV_x10,NA,u_spread_mV_x10,NA,v_spread_mV_x10,NA,w_spread_mV_x10,NA
[2026-09-21T19:33:01.744] Cog0  SIGNOFF,sf,1,bin,SCAN,cell,R11-SCAN-NOSTALL,task,3534,motor,NONE,crit,ENDED_BY_COG0,measured,TRUE,lo,TRUE,hi,TRUE,units,BOOL,n,1,verdict,PASS
[2026-09-21T19:33:01.745] Cog0  BS-END,exit,ABORTED,reason,ABS_CURRENT,elapsed_s,401,points,68,faults,0,aborts_i,4,charge_mVs,18_362,left_done,FALSE,right_done,FALSE,lib_abort,FALSE,trap_value,0
[2026-09-21T19:33:01.760] Cog0  DEBUG_END_SESSION

=== Debug Logger Session Ended at 2026-09-21T19:33:01.763 ===
