
================================================================================
USB Traffic Log Session Started: 2026-09-22T23:37:35.766
PNut-Term-TS: v1.0.8
================================================================================
[USB RECV 2026-09-22T23:37:37.615] Received 39 bytes
[USB RECV HEX/ASCII]:
  0000: $43 $6F $67 $30 $20 $20 $49 $4E  $49 $54 $20 $24 $30 $30 $30 $30  Cog0  INIT $0000
  0010: $5F $30 $30 $30 $30 $20 $24 $30  $30 $30 $30 $5F $30 $30 $30 $30  _0000 $0000_0000
  0020: $20 $6C $6F $61 $64 $0D $0A                                        load..
[USB RECV 2026-09-22T23:37:37.621] Received 62 bytes
[USB RECV HEX/ASCII]:
  0000: $43 $6F $67 $30 $20 $20 $49 $4E  $49 $54 $20 $24 $30 $30 $30 $30  Cog0  INIT $0000
  0010: $5F $30 $46 $41 $38 $20 $24 $30  $30 $30 $30 $5F $41 $44 $32 $30  _0FA8 $0000_AD20
  0020: $20 $6A $75 $6D $70 $0D $0A $43  $6F $67 $30 $20 $20 $2A $20 $74   jump..Cog0  * t
  0030: $65 $73 $74 $5F $62 $65 $6E $63  $68 $5F $74 $30 $20 $2D          est_bench_t0 -
[USB RECV 2026-09-22T23:37:37.622] Received 62 bytes
[USB RECV HEX/ASCII]:
  0000: $2D $20 $54 $69 $65 $72 $20 $30  $3A $20 $6E $6F $20 $6D $6F $74  - Tier 0: no mot
  0010: $69 $6F $6E $20 $2D $2D $20 $73  $72 $63 $5F $72 $65 $76 $20 $31  ion -- src_rev 1
  0020: $31 $0D $0A $43 $6F $67 $30 $20  $20 $2A $20 $61 $63 $74 $69 $76  1..Cog0  * activ
  0030: $65 $20 $63 $6F $6E $66 $69 $67  $3A $20 $6D $6F $74 $6F          e config: moto
[USB RECV 2026-09-22T23:37:37.622] Received 62 bytes
[USB RECV HEX/ASCII]:
  0000: $72 $5F $74 $79 $70 $65 $5F $65  $6E $75 $6D $3D $30 $20 $62 $61  r_type_enum=0 ba
  0010: $73 $65 $3D $31 $36 $20 $76 $6F  $6C $74 $61 $67 $65 $5F $65 $6E  se=16 voltage_en
  0020: $75 $6D $3D $36 $20 $77 $68 $65  $65 $6C $5F $64 $69 $61 $5F $78  um=6 wheel_dia_x
  0030: $31 $30 $3D $36 $35 $0D $0A $43  $6F $67 $30 $20 $20 $2A          10=65..Cog0  *
[USB RECV 2026-09-22T23:37:37.622] Received 62 bytes
[USB RECV HEX/ASCII]:
  0000: $20 $62 $65 $6E $63 $68 $20 $65  $78 $70 $65 $63 $74 $73 $20 $4D   bench expects M
  0010: $4F $54 $4F $52 $5F $54 $59 $50  $45 $3D $4D $4F $54 $52 $5F $36  OTOR_TYPE=MOTR_6
  0020: $5F $35 $5F $49 $4E $43 $48 $20  $28 $30 $29 $20 $61 $6E $64 $20  _5_INCH (0) and 
  0030: $77 $68 $65 $65 $6C $5F $64 $69  $61 $5F $78 $31 $30 $3D          wheel_dia_x10=
[USB RECV 2026-09-22T23:37:37.623] Received 62 bytes
[USB RECV HEX/ASCII]:
  0000: $36 $35 $3B $20 $77 $69 $74 $68  $20 $77 $68 $65 $65 $6C $5F $64  65; with wheel_d
  0010: $69 $61 $5F $78 $31 $30 $3D $30  $20 $74 $68 $65 $20 $54 $30 $2D  ia_x10=0 the T0-
  0020: $33 $2F $54 $30 $2D $36 $20 $64  $69 $73 $74 $61 $6E $63 $65 $20  3/T0-6 distance 
  0030: $63 $6F $6E $76 $65 $72 $73 $69  $6F $6E $73 $20 $72 $65          conversions re
[USB RECV 2026-09-22T23:37:37.623] Received 62 bytes
[USB RECV HEX/ASCII]:
  0000: $70 $6F $72 $74 $20 $75 $6E $61  $76 $61 $69 $6C $61 $62 $6C $65  port unavailable
  0010: $20 $72 $61 $74 $68 $65 $72 $20  $74 $68 $61 $6E $20 $61 $20 $74   rather than a t
  0020: $69 $63 $6B $20 $63 $6F $75 $6E  $74 $0D $0A $60 $50 $4C $4F $54  ick count..`PLOT
  0030: $20 $62 $65 $6E $63 $68 $20 $54  $49 $54 $4C $45 $20 $27           bench TITLE '
[USB RECV 2026-09-22T23:37:37.623] Received 62 bytes
[USB RECV HEX/ASCII]:
  0000: $54 $30 $2D $31 $32 $20 $68 $61  $6E $64 $2D $72 $6F $74 $61 $74  T0-12 hand-rotat
  0010: $69 $6F $6E $20 $61 $6E $63 $68  $6F $72 $27 $20 $53 $49 $5A $45  ion anchor' SIZE
  0020: $20 $34 $32 $30 $20 $32 $34 $30  $20 $50 $4F $53 $20 $36 $30 $20   420 240 POS 60 
  0030: $38 $30 $20 $48 $49 $44 $45 $58  $59 $20 $55 $50 $44 $41          80 HIDEXY UPDA
[USB RECV 2026-09-22T23:37:37.624] Received 62 bytes
[USB RECV HEX/ASCII]:
  0000: $54 $45 $0D $0A $60 $62 $65 $6E  $63 $68 $20 $4C $41 $59 $45 $52  TE..`bench LAYER
  0010: $20 $31 $20 $27 $74 $30 $68 $5F  $62 $67 $2E $62 $6D $70 $27 $0D   1 't0h_bg.bmp'.
  0020: $0A $60 $62 $65 $6E $63 $68 $20  $4C $41 $59 $45 $52 $20 $32 $20  .`bench LAYER 2 
  0030: $27 $74 $30 $68 $5F $73 $74 $61  $74 $65 $2E $62 $6D $70          't0h_state.bmp
[USB RECV 2026-09-22T23:37:37.624] Received 62 bytes
[USB RECV HEX/ASCII]:
  0000: $27 $0D $0A $60 $62 $65 $6E $63  $68 $20 $4C $41 $59 $45 $52 $20  '..`bench LAYER 
  0010: $33 $20 $27 $74 $30 $68 $5F $64  $69 $67 $69 $74 $73 $2E $62 $6D  3 't0h_digits.bm
  0020: $70 $27 $0D $0A $60 $62 $65 $6E  $63 $68 $20 $63 $72 $6F $70 $20  p'..`bench crop 
  0030: $31 $0D $0A $60 $62 $65 $6E $63  $68 $20 $75 $70 $64 $61          1..`bench upda
[USB RECV 2026-09-22T23:37:37.642] Received 62 bytes
[USB RECV HEX/ASCII]:
  0000: $74 $65 $0D $0A $60 $62 $65 $6E  $63 $68 $20 $63 $72 $6F $70 $20  te..`bench crop 
  0010: $32 $20 $30 $2C $20 $30 $2C $20  $32 $30 $30 $2C $20 $33 $32 $2C  2 0, 0, 200, 32,
  0020: $20 $31 $32 $2C $20 $31 $30 $34  $0D $0A $60 $62 $65 $6E $63 $68   12, 104..`bench
  0030: $20 $63 $72 $6F $70 $20 $33 $20  $33 $32 $30 $2C $20 $30           crop 3 320, 0
[USB RECV 2026-09-22T23:37:37.644] Received 62 bytes
[USB RECV HEX/ASCII]:
  0000: $2C $20 $33 $32 $2C $20 $34 $30  $2C $20 $31 $34 $30 $2C $20 $31  , 32, 40, 140, 1
  0010: $34 $30 $0D $0A $60 $62 $65 $6E  $63 $68 $20 $63 $72 $6F $70 $20  40..`bench crop 
  0020: $33 $20 $33 $32 $30 $2C $20 $30  $2C $20 $33 $32 $2C $20 $34 $30  3 320, 0, 32, 40
  0030: $2C $20 $31 $37 $34 $2C $20 $31  $34 $30 $0D $0A $60 $62          , 174, 140..`b
[USB RECV 2026-09-22T23:37:37.644] Received 62 bytes
[USB RECV HEX/ASCII]:
  0000: $65 $6E $63 $68 $20 $63 $72 $6F  $70 $20 $33 $20 $33 $32 $30 $2C  ench crop 3 320,
  0010: $20 $30 $2C $20 $33 $32 $2C $20  $34 $30 $2C $20 $32 $30 $38 $2C   0, 32, 40, 208,
  0020: $20 $31 $34 $30 $0D $0A $60 $62  $65 $6E $63 $68 $20 $63 $72 $6F   140..`bench cro
  0030: $70 $20 $33 $20 $30 $2C $20 $30  $2C $20 $33 $32 $2C $20          p 3 0, 0, 32, 
[USB RECV 2026-09-22T23:37:37.644] Received 62 bytes
[USB RECV HEX/ASCII]:
  0000: $34 $30 $2C $20 $32 $34 $32 $2C  $20 $31 $34 $30 $0D $0A $60 $62  40, 242, 140..`b
  0010: $65 $6E $63 $68 $20 $63 $72 $6F  $70 $20 $33 $20 $33 $32 $30 $2C  ench crop 3 320,
  0020: $20 $30 $2C $20 $33 $32 $2C $20  $34 $30 $2C $20 $31 $34 $30 $2C   0, 32, 40, 140,
  0030: $20 $31 $38 $34 $0D $0A $60 $62  $65 $6E $63 $68 $20 $63           184..`bench c
[USB RECV 2026-09-22T23:37:37.644] Received 62 bytes
[USB RECV HEX/ASCII]:
  0000: $72 $6F $70 $20 $33 $20 $33 $32  $30 $2C $20 $30 $2C $20 $33 $32  rop 3 320, 0, 32
  0010: $2C $20 $34 $30 $2C $20 $31 $37  $34 $2C $20 $31 $38 $34 $0D $0A  , 40, 174, 184..
  0020: $60 $62 $65 $6E $63 $68 $20 $63  $72 $6F $70 $20 $33 $20 $30 $2C  `bench crop 3 0,
  0030: $20 $30 $2C $20 $33 $32 $2C $20  $34 $30 $2C $20 $32 $30           0, 32, 40, 20
[USB RECV 2026-09-22T23:37:37.644] Received 62 bytes
[USB RECV HEX/ASCII]:
  0000: $38 $2C $20 $31 $38 $34 $0D $0A  $60 $62 $65 $6E $63 $68 $20 $75  8, 184..`bench u
  0010: $70 $64 $61 $74 $65 $0D $0A $43  $6F $67 $30 $20 $20 $54 $30 $2D  pdate..Cog0  T0-
  0020: $31 $32 $2C $62 $65 $67 $69 $6E  $2C $74 $6F $6C $64 $5F $64 $69  12,begin,told_di
  0030: $72 $65 $63 $74 $69 $6F $6E $2C  $43 $57 $5F $46 $52 $4F          rection,CW_FRO
[USB RECV 2026-09-22T23:37:37.644] Received 62 bytes
[USB RECV HEX/ASCII]:
  0000: $4D $5F $48 $55 $42 $2C $72 $65  $76 $6F $6C $75 $74 $69 $6F $6E  M_HUB,revolution
  0010: $73 $2C $33 $2C $77 $68 $65 $65  $6C $2C $52 $49 $47 $48 $54 $5F  s,3,wheel,RIGHT_
  0020: $50 $31 $36 $2C $70 $72 $6F $6D  $70 $74 $2C $70 $72 $65 $73 $73  P16,prompt,press
  0030: $5F $53 $5F $74 $68 $65 $6E $5F  $74 $75 $72 $6E $5F $74          _S_then_turn_t
[USB RECV 2026-09-22T23:37:37.644] Received 50 bytes
[USB RECV HEX/ASCII]:
  0000: $68 $65 $5F $77 $68 $65 $65 $6C  $5F $62 $79 $5F $68 $61 $6E $64  he_wheel_by_hand
  0010: $5F $74 $68 $65 $6E $5F $70 $72  $65 $73 $73 $5F $53 $50 $41 $43  _then_press_SPAC
  0020: $45 $0D $0A $60 $62 $65 $6E $63  $68 $20 $50 $43 $5F $4B $45 $59  E..`bench PC_KEY
  0030: $0D $0A                                                           ..
[USB SEND 2026-09-22T23:37:37.831] Sent 4 bytes
[USB SEND HEX/ASCII]:
  0000: $00 $00 $00 $00                                                   ....
[USB RECV 2026-09-22T23:37:37.898] Received 15 bytes
[USB RECV HEX/ASCII]:
  0000: $60 $62 $65 $6E $63 $68 $20 $50  $43 $5F $4B $45 $59 $0D $0A      `bench PC_KEY..
[USB SEND 2026-09-22T23:37:37.898] Sent 4 bytes
[USB SEND HEX/ASCII]:
  0000: $00 $00 $00 $00                                                   ....
[USB RECV 2026-09-22T23:37:37.962] Received 15 bytes
[USB RECV HEX/ASCII]:
  0000: $60 $62 $65 $6E $63 $68 $20 $50  $43 $5F $4B $45 $59 $0D $0A      `bench PC_KEY..
[USB SEND 2026-09-22T23:37:37.962] Sent 4 bytes
[USB SEND HEX/ASCII]:
  0000: $00 $00 $00 $00                                                   ....
[USB RECV 2026-09-22T23:37:38.026] Received 15 bytes
[USB RECV HEX/ASCII]:
  0000: $60 $62 $65 $6E $63 $68 $20 $50  $43 $5F $4B $45 $59 $0D $0A      `bench PC_KEY..
[USB SEND 2026-09-22T23:37:38.026] Sent 4 bytes
[USB SEND HEX/ASCII]:
  0000: $00 $00 $00 $00                                                   ....
[USB RECV 2026-09-22T23:37:38.090] Received 15 bytes
[USB RECV HEX/ASCII]:
  0000: $60 $62 $65 $6E $63 $68 $20 $50  $43 $5F $4B $45 $59 $0D $0A      `bench PC_KEY..
[USB SEND 2026-09-22T23:37:38.090] Sent 4 bytes
[USB SEND HEX/ASCII]:
  0000: $00 $00 $00 $00                                                   ....
[USB RECV 2026-09-22T23:37:38.154] Received 15 bytes
[USB RECV HEX/ASCII]:
  0000: $60 $62 $65 $6E $63 $68 $20 $50  $43 $5F $4B $45 $59 $0D $0A      `bench PC_KEY..
[USB SEND 2026-09-22T23:37:38.154] Sent 4 bytes
[USB SEND HEX/ASCII]:
  0000: $00 $00 $00 $00                                                   ....
[USB RECV 2026-09-22T23:37:38.218] Received 15 bytes
[USB RECV HEX/ASCII]:
  0000: $60 $62 $65 $6E $63 $68 $20 $50  $43 $5F $4B $45 $59 $0D $0A      `bench PC_KEY..
[USB SEND 2026-09-22T23:37:38.218] Sent 4 bytes
[USB SEND HEX/ASCII]:
  0000: $00 $00 $00 $00                                                   ....
[USB RECV 2026-09-22T23:37:38.282] Received 15 bytes
[USB RECV HEX/ASCII]:
  0000: $60 $62 $65 $6E $63 $68 $20 $50  $43 $5F $4B $45 $59 $0D $0A      `bench PC_KEY..
[USB SEND 2026-09-22T23:37:38.283] Sent 4 bytes
[USB SEND HEX/ASCII]:
  0000: $00 $00 $00 $00                                                   ....
[USB RECV 2026-09-22T23:37:38.346] Received 15 bytes
[USB RECV HEX/ASCII]:
  0000: $60 $62 $65 $6E $63 $68 $20 $50  $43 $5F $4B $45 $59 $0D $0A      `bench PC_KEY..
[USB SEND 2026-09-22T23:37:38.346] Sent 4 bytes
[USB SEND HEX/ASCII]:
  0000: $00 $00 $00 $00                                                   ....
[USB RECV 2026-09-22T23:37:38.410] Received 15 bytes
[USB RECV HEX/ASCII]:
  0000: $60 $62 $65 $6E $63 $68 $20 $50  $43 $5F $4B $45 $59 $0D $0A      `bench PC_KEY..
[USB SEND 2026-09-22T23:37:38.411] Sent 4 bytes
[USB SEND HEX/ASCII]:
  0000: $00 $00 $00 $00                                                   ....
[USB RECV 2026-09-22T23:37:38.474] Received 15 bytes
[USB RECV HEX/ASCII]:
  0000: $60 $62 $65 $6E $63 $68 $20 $50  $43 $5F $4B $45 $59 $0D $0A      `bench PC_KEY..
[USB SEND 2026-09-22T23:37:38.475] Sent 4 bytes
[USB SEND HEX/ASCII]:
  0000: $00 $00 $00 $00                                                   ....
[USB RECV 2026-09-22T23:37:38.538] Received 15 bytes
[USB RECV HEX/ASCII]:
  0000: $60 $62 $65 $6E $63 $68 $20 $50  $43 $5F $4B $45 $59 $0D $0A      `bench PC_KEY..
[USB SEND 2026-09-22T23:37:38.539] Sent 4 bytes
[USB SEND HEX/ASCII]:
  0000: $00 $00 $00 $00                                                   ....
[USB RECV 2026-09-22T23:37:38.602] Received 15 bytes
[USB RECV HEX/ASCII]:
  0000: $60 $62 $65 $6E $63 $68 $20 $50  $43 $5F $4B $45 $59 $0D $0A      `bench PC_KEY..
[USB SEND 2026-09-22T23:37:38.603] Sent 4 bytes
[USB SEND HEX/ASCII]:
  0000: $00 $00 $00 $00                                                   ....
[USB RECV 2026-09-22T23:37:38.666] Received 15 bytes
[USB RECV HEX/ASCII]:
  0000: $60 $62 $65 $6E $63 $68 $20 $50  $43 $5F $4B $45 $59 $0D $0A      `bench PC_KEY..
[USB SEND 2026-09-22T23:37:38.667] Sent 4 bytes
[USB SEND HEX/ASCII]:
  0000: $00 $00 $00 $00                                                   ....
[USB RECV 2026-09-22T23:37:38.730] Received 15 bytes
[USB RECV HEX/ASCII]:
  0000: $60 $62 $65 $6E $63 $68 $20 $50  $43 $5F $4B $45 $59 $0D $0A      `bench PC_KEY..
[USB SEND 2026-09-22T23:37:38.731] Sent 4 bytes
[USB SEND HEX/ASCII]:
  0000: $00 $00 $00 $00                                                   ....
[USB RECV 2026-09-22T23:37:38.794] Received 15 bytes
[USB RECV HEX/ASCII]:
  0000: $60 $62 $65 $6E $63 $68 $20 $50  $43 $5F $4B $45 $59 $0D $0A      `bench PC_KEY..
[USB SEND 2026-09-22T23:37:38.795] Sent 4 bytes
[USB SEND HEX/ASCII]:
  0000: $00 $00 $00 $00                                                   ....
[USB RECV 2026-09-22T23:37:38.858] Received 15 bytes
[USB RECV HEX/ASCII]:
  0000: $60 $62 $65 $6E $63 $68 $20 $50  $43 $5F $4B $45 $59 $0D $0A      `bench PC_KEY..
[USB SEND 2026-09-22T23:37:38.859] Sent 4 bytes
[USB SEND HEX/ASCII]:
  0000: $00 $00 $00 $00                                                   ....
[USB RECV 2026-09-22T23:37:38.922] Received 15 bytes
[USB RECV HEX/ASCII]:
  0000: $60 $62 $65 $6E $63 $68 $20 $50  $43 $5F $4B $45 $59 $0D $0A      `bench PC_KEY..
[USB SEND 2026-09-22T23:37:38.923] Sent 4 bytes
[USB SEND HEX/ASCII]:
  0000: $00 $00 $00 $00                                                   ....
[USB RECV 2026-09-22T23:37:38.987] Received 15 bytes
[USB RECV HEX/ASCII]:
  0000: $60 $62 $65 $6E $63 $68 $20 $50  $43 $5F $4B $45 $59 $0D $0A      `bench PC_KEY..
[USB SEND 2026-09-22T23:37:38.987] Sent 4 bytes
[USB SEND HEX/ASCII]:
  0000: $00 $00 $00 $00                                                   ....
[USB RECV 2026-09-22T23:37:39.051] Received 15 bytes
[USB RECV HEX/ASCII]:
  0000: $60 $62 $65 $6E $63 $68 $20 $50  $43 $5F $4B $45 $59 $0D $0A      `bench PC_KEY..
[USB SEND 2026-09-22T23:37:39.051] Sent 4 bytes
[USB SEND HEX/ASCII]:
  0000: $00 $00 $00 $00                                                   ....
[USB RECV 2026-09-22T23:37:39.115] Received 15 bytes
[USB RECV HEX/ASCII]:
  0000: $60 $62 $65 $6E $63 $68 $20 $50  $43 $5F $4B $45 $59 $0D $0A      `bench PC_KEY..
[USB SEND 2026-09-22T23:37:39.115] Sent 4 bytes
[USB SEND HEX/ASCII]:
  0000: $00 $00 $00 $00                                                   ....
[USB RECV 2026-09-22T23:37:39.179] Received 15 bytes
[USB RECV HEX/ASCII]:
  0000: $60 $62 $65 $6E $63 $68 $20 $50  $43 $5F $4B $45 $59 $0D $0A      `bench PC_KEY..
[USB SEND 2026-09-22T23:37:39.179] Sent 4 bytes
[USB SEND HEX/ASCII]:
  0000: $00 $00 $00 $00                                                   ....
[USB RECV 2026-09-22T23:37:39.243] Received 15 bytes
[USB RECV HEX/ASCII]:
  0000: $60 $62 $65 $6E $63 $68 $20 $50  $43 $5F $4B $45 $59 $0D $0A      `bench PC_KEY..
[USB SEND 2026-09-22T23:37:39.243] Sent 4 bytes
[USB SEND HEX/ASCII]:
  0000: $00 $00 $00 $00                                                   ....
[USB RECV 2026-09-22T23:37:39.307] Received 15 bytes
[USB RECV HEX/ASCII]:
  0000: $60 $62 $65 $6E $63 $68 $20 $50  $43 $5F $4B $45 $59 $0D $0A      `bench PC_KEY..
[USB SEND 2026-09-22T23:37:39.307] Sent 4 bytes
[USB SEND HEX/ASCII]:
  0000: $00 $00 $00 $00                                                   ....
[USB RECV 2026-09-22T23:37:39.371] Received 15 bytes
[USB RECV HEX/ASCII]:
  0000: $60 $62 $65 $6E $63 $68 $20 $50  $43 $5F $4B $45 $59 $0D $0A      `bench PC_KEY..
[USB SEND 2026-09-22T23:37:39.371] Sent 4 bytes
[USB SEND HEX/ASCII]:
  0000: $00 $00 $00 $00                                                   ....
[USB RECV 2026-09-22T23:37:39.435] Received 15 bytes
[USB RECV HEX/ASCII]:
  0000: $60 $62 $65 $6E $63 $68 $20 $50  $43 $5F $4B $45 $59 $0D $0A      `bench PC_KEY..
[USB SEND 2026-09-22T23:37:39.435] Sent 4 bytes
[USB SEND HEX/ASCII]:
  0000: $00 $00 $00 $00                                                   ....
[USB RECV 2026-09-22T23:37:39.499] Received 15 bytes
[USB RECV HEX/ASCII]:
  0000: $60 $62 $65 $6E $63 $68 $20 $50  $43 $5F $4B $45 $59 $0D $0A      `bench PC_KEY..
[USB SEND 2026-09-22T23:37:39.499] Sent 4 bytes
[USB SEND HEX/ASCII]:
  0000: $00 $00 $00 $00                                                   ....
[USB RECV 2026-09-22T23:37:39.563] Received 15 bytes
[USB RECV HEX/ASCII]:
  0000: $60 $62 $65 $6E $63 $68 $20 $50  $43 $5F $4B $45 $59 $0D $0A      `bench PC_KEY..
[USB SEND 2026-09-22T23:37:39.563] Sent 4 bytes
[USB SEND HEX/ASCII]:
  0000: $00 $00 $00 $00                                                   ....
[USB RECV 2026-09-22T23:37:39.627] Received 15 bytes
[USB RECV HEX/ASCII]:
  0000: $60 $62 $65 $6E $63 $68 $20 $50  $43 $5F $4B $45 $59 $0D $0A      `bench PC_KEY..
[USB SEND 2026-09-22T23:37:39.627] Sent 4 bytes
[USB SEND HEX/ASCII]:
  0000: $00 $00 $00 $00                                                   ....
[USB RECV 2026-09-22T23:37:39.691] Received 15 bytes
[USB RECV HEX/ASCII]:
  0000: $60 $62 $65 $6E $63 $68 $20 $50  $43 $5F $4B $45 $59 $0D $0A      `bench PC_KEY..
[USB SEND 2026-09-22T23:37:39.691] Sent 4 bytes
[USB SEND HEX/ASCII]:
  0000: $00 $00 $00 $00                                                   ....
[USB RECV 2026-09-22T23:37:39.755] Received 15 bytes
[USB RECV HEX/ASCII]:
  0000: $60 $62 $65 $6E $63 $68 $20 $50  $43 $5F $4B $45 $59 $0D $0A      `bench PC_KEY..
[USB SEND 2026-09-22T23:37:39.755] Sent 4 bytes
[USB SEND HEX/ASCII]:
  0000: $00 $00 $00 $00                                                   ....
[USB RECV 2026-09-22T23:37:39.819] Received 15 bytes
[USB RECV HEX/ASCII]:
  0000: $60 $62 $65 $6E $63 $68 $20 $50  $43 $5F $4B $45 $59 $0D $0A      `bench PC_KEY..
[USB SEND 2026-09-22T23:37:39.819] Sent 4 bytes
[USB SEND HEX/ASCII]:
  0000: $00 $00 $00 $00                                                   ....
[USB RECV 2026-09-22T23:37:39.883] Received 15 bytes
[USB RECV HEX/ASCII]:
  0000: $60 $62 $65 $6E $63 $68 $20 $50  $43 $5F $4B $45 $59 $0D $0A      `bench PC_KEY..
[USB SEND 2026-09-22T23:37:39.883] Sent 4 bytes
[USB SEND HEX/ASCII]:
  0000: $00 $00 $00 $00                                                   ....
[USB RECV 2026-09-22T23:37:39.947] Received 15 bytes
[USB RECV HEX/ASCII]:
  0000: $60 $62 $65 $6E $63 $68 $20 $50  $43 $5F $4B $45 $59 $0D $0A      `bench PC_KEY..
[USB SEND 2026-09-22T23:37:39.947] Sent 4 bytes
[USB SEND HEX/ASCII]:
  0000: $00 $00 $00 $00                                                   ....
[USB RECV 2026-09-22T23:37:40.011] Received 15 bytes
[USB RECV HEX/ASCII]:
  0000: $60 $62 $65 $6E $63 $68 $20 $50  $43 $5F $4B $45 $59 $0D $0A      `bench PC_KEY..
[USB SEND 2026-09-22T23:37:40.011] Sent 4 bytes
[USB SEND HEX/ASCII]:
  0000: $00 $00 $00 $00                                                   ....
[USB RECV 2026-09-22T23:37:40.075] Received 15 bytes
[USB RECV HEX/ASCII]:
  0000: $60 $62 $65 $6E $63 $68 $20 $50  $43 $5F $4B $45 $59 $0D $0A      `bench PC_KEY..
[USB SEND 2026-09-22T23:37:40.075] Sent 4 bytes
[USB SEND HEX/ASCII]:
  0000: $00 $00 $00 $00                                                   ....
[USB RECV 2026-09-22T23:37:40.139] Received 15 bytes
[USB RECV HEX/ASCII]:
  0000: $60 $62 $65 $6E $63 $68 $20 $50  $43 $5F $4B $45 $59 $0D $0A      `bench PC_KEY..
[USB SEND 2026-09-22T23:37:40.139] Sent 4 bytes
[USB SEND HEX/ASCII]:
  0000: $00 $00 $00 $00                                                   ....
[USB RECV 2026-09-22T23:37:40.203] Received 15 bytes
[USB RECV HEX/ASCII]:
  0000: $60 $62 $65 $6E $63 $68 $20 $50  $43 $5F $4B $45 $59 $0D $0A      `bench PC_KEY..
[USB SEND 2026-09-22T23:37:40.203] Sent 4 bytes
[USB SEND HEX/ASCII]:
  0000: $00 $00 $00 $00                                                   ....
[USB RECV 2026-09-22T23:37:40.267] Received 15 bytes
[USB RECV HEX/ASCII]:
  0000: $60 $62 $65 $6E $63 $68 $20 $50  $43 $5F $4B $45 $59 $0D $0A      `bench PC_KEY..
[USB SEND 2026-09-22T23:37:40.267] Sent 4 bytes
[USB SEND HEX/ASCII]:
  0000: $00 $00 $00 $00                                                   ....
[USB RECV 2026-09-22T23:37:40.331] Received 15 bytes
[USB RECV HEX/ASCII]:
  0000: $60 $62 $65 $6E $63 $68 $20 $50  $43 $5F $4B $45 $59 $0D $0A      `bench PC_KEY..
[USB SEND 2026-09-22T23:37:40.331] Sent 4 bytes
[USB SEND HEX/ASCII]:
  0000: $00 $00 $00 $00                                                   ....
[USB RECV 2026-09-22T23:37:40.395] Received 15 bytes
[USB RECV HEX/ASCII]:
  0000: $60 $62 $65 $6E $63 $68 $20 $50  $43 $5F $4B $45 $59 $0D $0A      `bench PC_KEY..
[USB SEND 2026-09-22T23:37:40.396] Sent 4 bytes
[USB SEND HEX/ASCII]:
  0000: $00 $00 $00 $00                                                   ....
[USB RECV 2026-09-22T23:37:40.459] Received 15 bytes
[USB RECV HEX/ASCII]:
  0000: $60 $62 $65 $6E $63 $68 $20 $50  $43 $5F $4B $45 $59 $0D $0A      `bench PC_KEY..
[USB SEND 2026-09-22T23:37:40.460] Sent 4 bytes
[USB SEND HEX/ASCII]:
  0000: $00 $00 $00 $00                                                   ....
[USB RECV 2026-09-22T23:37:40.523] Received 15 bytes
[USB RECV HEX/ASCII]:
  0000: $60 $62 $65 $6E $63 $68 $20 $50  $43 $5F $4B $45 $59 $0D $0A      `bench PC_KEY..
[USB SEND 2026-09-22T23:37:40.524] Sent 4 bytes
[USB SEND HEX/ASCII]:
  0000: $00 $00 $00 $00                                                   ....
[USB RECV 2026-09-22T23:37:40.588] Received 15 bytes
[USB RECV HEX/ASCII]:
  0000: $60 $62 $65 $6E $63 $68 $20 $50  $43 $5F $4B $45 $59 $0D $0A      `bench PC_KEY..
[USB SEND 2026-09-22T23:37:40.588] Sent 4 bytes
[USB SEND HEX/ASCII]:
  0000: $00 $00 $00 $00                                                   ....
[USB RECV 2026-09-22T23:37:40.652] Received 15 bytes
[USB RECV HEX/ASCII]:
  0000: $60 $62 $65 $6E $63 $68 $20 $50  $43 $5F $4B $45 $59 $0D $0A      `bench PC_KEY..
[USB SEND 2026-09-22T23:37:40.652] Sent 4 bytes
[USB SEND HEX/ASCII]:
  0000: $00 $00 $00 $00                                                   ....
[USB RECV 2026-09-22T23:37:40.715] Received 15 bytes
[USB RECV HEX/ASCII]:
  0000: $60 $62 $65 $6E $63 $68 $20 $50  $43 $5F $4B $45 $59 $0D $0A      `bench PC_KEY..
[USB SEND 2026-09-22T23:37:40.716] Sent 4 bytes
[USB SEND HEX/ASCII]:
  0000: $00 $00 $00 $00                                                   ....
[USB RECV 2026-09-22T23:37:40.780] Received 15 bytes
[USB RECV HEX/ASCII]:
  0000: $60 $62 $65 $6E $63 $68 $20 $50  $43 $5F $4B $45 $59 $0D $0A      `bench PC_KEY..
[USB SEND 2026-09-22T23:37:40.780] Sent 4 bytes
[USB SEND HEX/ASCII]:
  0000: $00 $00 $00 $00                                                   ....
[USB RECV 2026-09-22T23:37:40.844] Received 15 bytes
[USB RECV HEX/ASCII]:
  0000: $60 $62 $65 $6E $63 $68 $20 $50  $43 $5F $4B $45 $59 $0D $0A      `bench PC_KEY..
[USB SEND 2026-09-22T23:37:40.844] Sent 4 bytes
[USB SEND HEX/ASCII]:
  0000: $00 $00 $00 $00                                                   ....
[USB RECV 2026-09-22T23:37:40.908] Received 15 bytes
[USB RECV HEX/ASCII]:
  0000: $60 $62 $65 $6E $63 $68 $20 $50  $43 $5F $4B $45 $59 $0D $0A      `bench PC_KEY..
[USB SEND 2026-09-22T23:37:40.908] Sent 4 bytes
[USB SEND HEX/ASCII]:
  0000: $00 $00 $00 $00                                                   ....
[USB RECV 2026-09-22T23:37:40.972] Received 15 bytes
[USB RECV HEX/ASCII]:
  0000: $60 $62 $65 $6E $63 $68 $20 $50  $43 $5F $4B $45 $59 $0D $0A      `bench PC_KEY..
[USB SEND 2026-09-22T23:37:40.972] Sent 4 bytes
[USB SEND HEX/ASCII]:
  0000: $00 $00 $00 $00                                                   ....
[USB RECV 2026-09-22T23:37:41.036] Received 15 bytes
[USB RECV HEX/ASCII]:
  0000: $60 $62 $65 $6E $63 $68 $20 $50  $43 $5F $4B $45 $59 $0D $0A      `bench PC_KEY..
[USB SEND 2026-09-22T23:37:41.036] Sent 4 bytes
[USB SEND HEX/ASCII]:
  0000: $00 $00 $00 $00                                                   ....
[USB RECV 2026-09-22T23:37:41.100] Received 15 bytes
[USB RECV HEX/ASCII]:
  0000: $60 $62 $65 $6E $63 $68 $20 $50  $43 $5F $4B $45 $59 $0D $0A      `bench PC_KEY..
[USB SEND 2026-09-22T23:37:41.100] Sent 4 bytes
[USB SEND HEX/ASCII]:
  0000: $00 $00 $00 $00                                                   ....
[USB RECV 2026-09-22T23:37:41.164] Received 15 bytes
[USB RECV HEX/ASCII]:
  0000: $60 $62 $65 $6E $63 $68 $20 $50  $43 $5F $4B $45 $59 $0D $0A      `bench PC_KEY..
[USB SEND 2026-09-22T23:37:41.164] Sent 4 bytes
[USB SEND HEX/ASCII]:
  0000: $00 $00 $00 $00                                                   ....
[USB RECV 2026-09-22T23:37:41.228] Received 15 bytes
[USB RECV HEX/ASCII]:
  0000: $60 $62 $65 $6E $63 $68 $20 $50  $43 $5F $4B $45 $59 $0D $0A      `bench PC_KEY..
[USB SEND 2026-09-22T23:37:41.228] Sent 4 bytes
[USB SEND HEX/ASCII]:
  0000: $00 $00 $00 $00                                                   ....
[USB RECV 2026-09-22T23:37:41.292] Received 15 bytes
[USB RECV HEX/ASCII]:
  0000: $60 $62 $65 $6E $63 $68 $20 $50  $43 $5F $4B $45 $59 $0D $0A      `bench PC_KEY..
[USB SEND 2026-09-22T23:37:41.292] Sent 4 bytes
[USB SEND HEX/ASCII]:
  0000: $00 $00 $00 $00                                                   ....
[USB RECV 2026-09-22T23:37:41.356] Received 15 bytes
[USB RECV HEX/ASCII]:
  0000: $60 $62 $65 $6E $63 $68 $20 $50  $43 $5F $4B $45 $59 $0D $0A      `bench PC_KEY..
[USB SEND 2026-09-22T23:37:41.356] Sent 4 bytes
[USB SEND HEX/ASCII]:
  0000: $00 $00 $00 $00                                                   ....
[USB RECV 2026-09-22T23:37:41.420] Received 15 bytes
[USB RECV HEX/ASCII]:
  0000: $60 $62 $65 $6E $63 $68 $20 $50  $43 $5F $4B $45 $59 $0D $0A      `bench PC_KEY..
[USB SEND 2026-09-22T23:37:41.420] Sent 4 bytes
[USB SEND HEX/ASCII]:
  0000: $00 $00 $00 $00                                                   ....
[USB RECV 2026-09-22T23:37:41.484] Received 15 bytes
[USB RECV HEX/ASCII]:
  0000: $60 $62 $65 $6E $63 $68 $20 $50  $43 $5F $4B $45 $59 $0D $0A      `bench PC_KEY..
[USB SEND 2026-09-22T23:37:41.484] Sent 4 bytes
[USB SEND HEX/ASCII]:
  0000: $00 $00 $00 $00                                                   ....
[USB RECV 2026-09-22T23:37:41.548] Received 15 bytes
[USB RECV HEX/ASCII]:
  0000: $60 $62 $65 $6E $63 $68 $20 $50  $43 $5F $4B $45 $59 $0D $0A      `bench PC_KEY..
[USB SEND 2026-09-22T23:37:41.548] Sent 4 bytes
[USB SEND HEX/ASCII]:
  0000: $00 $00 $00 $00                                                   ....
[USB RECV 2026-09-22T23:37:41.612] Received 15 bytes
[USB RECV HEX/ASCII]:
  0000: $60 $62 $65 $6E $63 $68 $20 $50  $43 $5F $4B $45 $59 $0D $0A      `bench PC_KEY..
[USB SEND 2026-09-22T23:37:41.612] Sent 4 bytes
[USB SEND HEX/ASCII]:
  0000: $00 $00 $00 $00                                                   ....
[USB RECV 2026-09-22T23:37:41.676] Received 15 bytes
[USB RECV HEX/ASCII]:
  0000: $60 $62 $65 $6E $63 $68 $20 $50  $43 $5F $4B $45 $59 $0D $0A      `bench PC_KEY..
[USB SEND 2026-09-22T23:37:41.676] Sent 4 bytes
[USB SEND HEX/ASCII]:
  0000: $00 $00 $00 $00                                                   ....
[USB RECV 2026-09-22T23:37:41.740] Received 15 bytes
[USB RECV HEX/ASCII]:
  0000: $60 $62 $65 $6E $63 $68 $20 $50  $43 $5F $4B $45 $59 $0D $0A      `bench PC_KEY..
[USB SEND 2026-09-22T23:37:41.740] Sent 4 bytes
[USB SEND HEX/ASCII]:
  0000: $00 $00 $00 $00                                                   ....
[USB RECV 2026-09-22T23:37:41.804] Received 15 bytes
[USB RECV HEX/ASCII]:
  0000: $60 $62 $65 $6E $63 $68 $20 $50  $43 $5F $4B $45 $59 $0D $0A      `bench PC_KEY..
[USB SEND 2026-09-22T23:37:41.804] Sent 4 bytes
[USB SEND HEX/ASCII]:
  0000: $00 $00 $00 $00                                                   ....
[USB RECV 2026-09-22T23:37:41.868] Received 15 bytes
[USB RECV HEX/ASCII]:
  0000: $60 $62 $65 $6E $63 $68 $20 $50  $43 $5F $4B $45 $59 $0D $0A      `bench PC_KEY..
[USB SEND 2026-09-22T23:37:41.868] Sent 4 bytes
[USB SEND HEX/ASCII]:
  0000: $00 $00 $00 $00                                                   ....
[USB RECV 2026-09-22T23:37:41.932] Received 15 bytes
[USB RECV HEX/ASCII]:
  0000: $60 $62 $65 $6E $63 $68 $20 $50  $43 $5F $4B $45 $59 $0D $0A      `bench PC_KEY..
[USB SEND 2026-09-22T23:37:41.932] Sent 4 bytes
[USB SEND HEX/ASCII]:
  0000: $00 $00 $00 $00                                                   ....
[USB RECV 2026-09-22T23:37:41.996] Received 15 bytes
[USB RECV HEX/ASCII]:
  0000: $60 $62 $65 $6E $63 $68 $20 $50  $43 $5F $4B $45 $59 $0D $0A      `bench PC_KEY..
[USB SEND 2026-09-22T23:37:41.996] Sent 4 bytes
[USB SEND HEX/ASCII]:
  0000: $00 $00 $00 $00                                                   ....
[USB RECV 2026-09-22T23:37:42.060] Received 15 bytes
[USB RECV HEX/ASCII]:
  0000: $60 $62 $65 $6E $63 $68 $20 $50  $43 $5F $4B $45 $59 $0D $0A      `bench PC_KEY..
[USB SEND 2026-09-22T23:37:42.060] Sent 4 bytes
[USB SEND HEX/ASCII]:
  0000: $00 $00 $00 $00                                                   ....
[USB RECV 2026-09-22T23:37:42.124] Received 15 bytes
[USB RECV HEX/ASCII]:
  0000: $60 $62 $65 $6E $63 $68 $20 $50  $43 $5F $4B $45 $59 $0D $0A      `bench PC_KEY..
[USB SEND 2026-09-22T23:37:42.125] Sent 4 bytes
[USB SEND HEX/ASCII]:
  0000: $00 $00 $00 $00                                                   ....
[USB RECV 2026-09-22T23:37:42.188] Received 15 bytes
[USB RECV HEX/ASCII]:
  0000: $60 $62 $65 $6E $63 $68 $20 $50  $43 $5F $4B $45 $59 $0D $0A      `bench PC_KEY..
[USB SEND 2026-09-22T23:37:42.188] Sent 4 bytes
[USB SEND HEX/ASCII]:
  0000: $00 $00 $00 $00                                                   ....
[USB RECV 2026-09-22T23:37:42.252] Received 15 bytes
[USB RECV HEX/ASCII]:
  0000: $60 $62 $65 $6E $63 $68 $20 $50  $43 $5F $4B $45 $59 $0D $0A      `bench PC_KEY..
[USB SEND 2026-09-22T23:37:42.252] Sent 4 bytes
[USB SEND HEX/ASCII]:
  0000: $00 $00 $00 $00                                                   ....
[USB RECV 2026-09-22T23:37:42.316] Received 15 bytes
[USB RECV HEX/ASCII]:
  0000: $60 $62 $65 $6E $63 $68 $20 $50  $43 $5F $4B $45 $59 $0D $0A      `bench PC_KEY..
[USB SEND 2026-09-22T23:37:42.317] Sent 4 bytes
[USB SEND HEX/ASCII]:
  0000: $00 $00 $00 $00                                                   ....
[USB RECV 2026-09-22T23:37:42.380] Received 15 bytes
[USB RECV HEX/ASCII]:
  0000: $60 $62 $65 $6E $63 $68 $20 $50  $43 $5F $4B $45 $59 $0D $0A      `bench PC_KEY..
[USB SEND 2026-09-22T23:37:42.381] Sent 4 bytes
[USB SEND HEX/ASCII]:
  0000: $00 $00 $00 $00                                                   ....
[USB RECV 2026-09-22T23:37:42.444] Received 15 bytes
[USB RECV HEX/ASCII]:
  0000: $60 $62 $65 $6E $63 $68 $20 $50  $43 $5F $4B $45 $59 $0D $0A      `bench PC_KEY..
[USB SEND 2026-09-22T23:37:42.445] Sent 4 bytes
[USB SEND HEX/ASCII]:
  0000: $00 $00 $00 $00                                                   ....
[USB RECV 2026-09-22T23:37:42.508] Received 15 bytes
[USB RECV HEX/ASCII]:
  0000: $60 $62 $65 $6E $63 $68 $20 $50  $43 $5F $4B $45 $59 $0D $0A      `bench PC_KEY..
[USB SEND 2026-09-22T23:37:42.509] Sent 4 bytes
[USB SEND HEX/ASCII]:
  0000: $00 $00 $00 $00                                                   ....
[USB RECV 2026-09-22T23:37:42.572] Received 15 bytes
[USB RECV HEX/ASCII]:
  0000: $60 $62 $65 $6E $63 $68 $20 $50  $43 $5F $4B $45 $59 $0D $0A      `bench PC_KEY..
[USB SEND 2026-09-22T23:37:42.573] Sent 4 bytes
[USB SEND HEX/ASCII]:
  0000: $00 $00 $00 $00                                                   ....
[USB RECV 2026-09-22T23:37:42.636] Received 15 bytes
[USB RECV HEX/ASCII]:
  0000: $60 $62 $65 $6E $63 $68 $20 $50  $43 $5F $4B $45 $59 $0D $0A      `bench PC_KEY..
[USB SEND 2026-09-22T23:37:42.637] Sent 4 bytes
[USB SEND HEX/ASCII]:
  0000: $00 $00 $00 $00                                                   ....
[USB RECV 2026-09-22T23:37:42.700] Received 15 bytes
[USB RECV HEX/ASCII]:
  0000: $60 $62 $65 $6E $63 $68 $20 $50  $43 $5F $4B $45 $59 $0D $0A      `bench PC_KEY..
[USB SEND 2026-09-22T23:37:42.701] Sent 4 bytes
[USB SEND HEX/ASCII]:
  0000: $00 $00 $00 $00                                                   ....
[USB RECV 2026-09-22T23:37:42.764] Received 15 bytes
[USB RECV HEX/ASCII]:
  0000: $60 $62 $65 $6E $63 $68 $20 $50  $43 $5F $4B $45 $59 $0D $0A      `bench PC_KEY..
[USB SEND 2026-09-22T23:37:42.765] Sent 4 bytes
[USB SEND HEX/ASCII]:
  0000: $00 $00 $00 $00                                                   ....
[USB RECV 2026-09-22T23:37:42.828] Received 15 bytes
[USB RECV HEX/ASCII]:
  0000: $60 $62 $65 $6E $63 $68 $20 $50  $43 $5F $4B $45 $59 $0D $0A      `bench PC_KEY..
[USB SEND 2026-09-22T23:37:42.829] Sent 4 bytes
[USB SEND HEX/ASCII]:
  0000: $00 $00 $00 $00                                                   ....
[USB RECV 2026-09-22T23:37:42.893] Received 15 bytes
[USB RECV HEX/ASCII]:
  0000: $60 $62 $65 $6E $63 $68 $20 $50  $43 $5F $4B $45 $59 $0D $0A      `bench PC_KEY..
[USB SEND 2026-09-22T23:37:42.893] Sent 4 bytes
[USB SEND HEX/ASCII]:
  0000: $00 $00 $00 $00                                                   ....
[USB RECV 2026-09-22T23:37:42.957] Received 15 bytes
[USB RECV HEX/ASCII]:
  0000: $60 $62 $65 $6E $63 $68 $20 $50  $43 $5F $4B $45 $59 $0D $0A      `bench PC_KEY..
[USB SEND 2026-09-22T23:37:42.957] Sent 4 bytes
[USB SEND HEX/ASCII]:
  0000: $00 $00 $00 $00                                                   ....
[USB RECV 2026-09-22T23:37:43.021] Received 15 bytes
[USB RECV HEX/ASCII]:
  0000: $60 $62 $65 $6E $63 $68 $20 $50  $43 $5F $4B $45 $59 $0D $0A      `bench PC_KEY..
[USB SEND 2026-09-22T23:37:43.021] Sent 4 bytes
[USB SEND HEX/ASCII]:
  0000: $00 $00 $00 $00                                                   ....
[USB RECV 2026-09-22T23:37:43.085] Received 15 bytes
[USB RECV HEX/ASCII]:
  0000: $60 $62 $65 $6E $63 $68 $20 $50  $43 $5F $4B $45 $59 $0D $0A      `bench PC_KEY..
[USB SEND 2026-09-22T23:37:43.085] Sent 4 bytes
[USB SEND HEX/ASCII]:
  0000: $00 $00 $00 $00                                                   ....
[USB RECV 2026-09-22T23:37:43.149] Received 15 bytes
[USB RECV HEX/ASCII]:
  0000: $60 $62 $65 $6E $63 $68 $20 $50  $43 $5F $4B $45 $59 $0D $0A      `bench PC_KEY..
[USB SEND 2026-09-22T23:37:43.149] Sent 4 bytes
[USB SEND HEX/ASCII]:
  0000: $00 $00 $00 $00                                                   ....
[USB RECV 2026-09-22T23:37:43.213] Received 15 bytes
[USB RECV HEX/ASCII]:
  0000: $60 $62 $65 $6E $63 $68 $20 $50  $43 $5F $4B $45 $59 $0D $0A      `bench PC_KEY..
[USB SEND 2026-09-22T23:37:43.213] Sent 4 bytes
[USB SEND HEX/ASCII]:
  0000: $00 $00 $00 $00                                                   ....
[USB RECV 2026-09-22T23:37:43.277] Received 15 bytes
[USB RECV HEX/ASCII]:
  0000: $60 $62 $65 $6E $63 $68 $20 $50  $43 $5F $4B $45 $59 $0D $0A      `bench PC_KEY..
[USB SEND 2026-09-22T23:37:43.277] Sent 4 bytes
[USB SEND HEX/ASCII]:
  0000: $00 $00 $00 $00                                                   ....
[USB RECV 2026-09-22T23:37:43.341] Received 15 bytes
[USB RECV HEX/ASCII]:
  0000: $60 $62 $65 $6E $63 $68 $20 $50  $43 $5F $4B $45 $59 $0D $0A      `bench PC_KEY..
[USB SEND 2026-09-22T23:37:43.341] Sent 4 bytes
[USB SEND HEX/ASCII]:
  0000: $00 $00 $00 $00                                                   ....
[USB RECV 2026-09-22T23:37:43.405] Received 15 bytes
[USB RECV HEX/ASCII]:
  0000: $60 $62 $65 $6E $63 $68 $20 $50  $43 $5F $4B $45 $59 $0D $0A      `bench PC_KEY..
[USB SEND 2026-09-22T23:37:43.405] Sent 4 bytes
[USB SEND HEX/ASCII]:
  0000: $00 $00 $00 $00                                                   ....
[USB RECV 2026-09-22T23:37:43.469] Received 15 bytes
[USB RECV HEX/ASCII]:
  0000: $60 $62 $65 $6E $63 $68 $20 $50  $43 $5F $4B $45 $59 $0D $0A      `bench PC_KEY..
[USB SEND 2026-09-22T23:37:43.469] Sent 4 bytes
[USB SEND HEX/ASCII]:
  0000: $00 $00 $00 $00                                                   ....
[USB RECV 2026-09-22T23:37:43.533] Received 15 bytes
[USB RECV HEX/ASCII]:
  0000: $60 $62 $65 $6E $63 $68 $20 $50  $43 $5F $4B $45 $59 $0D $0A      `bench PC_KEY..
[USB SEND 2026-09-22T23:37:43.533] Sent 4 bytes
[USB SEND HEX/ASCII]:
  0000: $00 $00 $00 $00                                                   ....
[USB RECV 2026-09-22T23:37:43.597] Received 15 bytes
[USB RECV HEX/ASCII]:
  0000: $60 $62 $65 $6E $63 $68 $20 $50  $43 $5F $4B $45 $59 $0D $0A      `bench PC_KEY..
[USB SEND 2026-09-22T23:37:43.597] Sent 4 bytes
[USB SEND HEX/ASCII]:
  0000: $00 $00 $00 $00                                                   ....
[USB RECV 2026-09-22T23:37:43.661] Received 15 bytes
[USB RECV HEX/ASCII]:
  0000: $60 $62 $65 $6E $63 $68 $20 $50  $43 $5F $4B $45 $59 $0D $0A      `bench PC_KEY..
[USB SEND 2026-09-22T23:37:43.661] Sent 4 bytes
[USB SEND HEX/ASCII]:
  0000: $00 $00 $00 $00                                                   ....
[USB RECV 2026-09-22T23:37:43.725] Received 15 bytes
[USB RECV HEX/ASCII]:
  0000: $60 $62 $65 $6E $63 $68 $20 $50  $43 $5F $4B $45 $59 $0D $0A      `bench PC_KEY..
[USB SEND 2026-09-22T23:37:43.725] Sent 4 bytes
[USB SEND HEX/ASCII]:
  0000: $00 $00 $00 $00                                                   ....
[USB RECV 2026-09-22T23:37:43.789] Received 15 bytes
[USB RECV HEX/ASCII]:
  0000: $60 $62 $65 $6E $63 $68 $20 $50  $43 $5F $4B $45 $59 $0D $0A      `bench PC_KEY..
[USB SEND 2026-09-22T23:37:43.789] Sent 4 bytes
[USB SEND HEX/ASCII]:
  0000: $00 $00 $00 $00                                                   ....
[USB RECV 2026-09-22T23:37:43.853] Received 15 bytes
[USB RECV HEX/ASCII]:
  0000: $60 $62 $65 $6E $63 $68 $20 $50  $43 $5F $4B $45 $59 $0D $0A      `bench PC_KEY..
[USB SEND 2026-09-22T23:37:43.853] Sent 4 bytes
[USB SEND HEX/ASCII]:
  0000: $00 $00 $00 $00                                                   ....
[USB RECV 2026-09-22T23:37:43.917] Received 15 bytes
[USB RECV HEX/ASCII]:
  0000: $60 $62 $65 $6E $63 $68 $20 $50  $43 $5F $4B $45 $59 $0D $0A      `bench PC_KEY..
[USB SEND 2026-09-22T23:37:43.917] Sent 4 bytes
[USB SEND HEX/ASCII]:
  0000: $00 $00 $00 $00                                                   ....
[USB RECV 2026-09-22T23:37:43.981] Received 15 bytes
[USB RECV HEX/ASCII]:
  0000: $60 $62 $65 $6E $63 $68 $20 $50  $43 $5F $4B $45 $59 $0D $0A      `bench PC_KEY..
[USB SEND 2026-09-22T23:37:43.981] Sent 4 bytes
[USB SEND HEX/ASCII]:
  0000: $00 $00 $00 $00                                                   ....
[USB RECV 2026-09-22T23:37:44.045] Received 15 bytes
[USB RECV HEX/ASCII]:
  0000: $60 $62 $65 $6E $63 $68 $20 $50  $43 $5F $4B $45 $59 $0D $0A      `bench PC_KEY..
[USB SEND 2026-09-22T23:37:44.045] Sent 4 bytes
[USB SEND HEX/ASCII]:
  0000: $00 $00 $00 $00                                                   ....
[USB RECV 2026-09-22T23:37:44.109] Received 15 bytes
[USB RECV HEX/ASCII]:
  0000: $60 $62 $65 $6E $63 $68 $20 $50  $43 $5F $4B $45 $59 $0D $0A      `bench PC_KEY..
[USB SEND 2026-09-22T23:37:44.109] Sent 4 bytes
[USB SEND HEX/ASCII]:
  0000: $00 $00 $00 $00                                                   ....
[USB RECV 2026-09-22T23:37:44.173] Received 15 bytes
[USB RECV HEX/ASCII]:
  0000: $60 $62 $65 $6E $63 $68 $20 $50  $43 $5F $4B $45 $59 $0D $0A      `bench PC_KEY..
[USB SEND 2026-09-22T23:37:44.174] Sent 4 bytes
[USB SEND HEX/ASCII]:
  0000: $00 $00 $00 $00                                                   ....
[USB RECV 2026-09-22T23:37:44.237] Received 15 bytes
[USB RECV HEX/ASCII]:
  0000: $60 $62 $65 $6E $63 $68 $20 $50  $43 $5F $4B $45 $59 $0D $0A      `bench PC_KEY..
[USB SEND 2026-09-22T23:37:44.237] Sent 4 bytes
[USB SEND HEX/ASCII]:
  0000: $00 $00 $00 $00                                                   ....
[USB RECV 2026-09-22T23:37:44.301] Received 15 bytes
[USB RECV HEX/ASCII]:
  0000: $60 $62 $65 $6E $63 $68 $20 $50  $43 $5F $4B $45 $59 $0D $0A      `bench PC_KEY..
[USB SEND 2026-09-22T23:37:44.301] Sent 4 bytes
[USB SEND HEX/ASCII]:
  0000: $00 $00 $00 $00                                                   ....
[USB RECV 2026-09-22T23:37:44.365] Received 15 bytes
[USB RECV HEX/ASCII]:
  0000: $60 $62 $65 $6E $63 $68 $20 $50  $43 $5F $4B $45 $59 $0D $0A      `bench PC_KEY..
[USB SEND 2026-09-22T23:37:44.365] Sent 4 bytes
[USB SEND HEX/ASCII]:
  0000: $00 $00 $00 $00                                                   ....
[USB RECV 2026-09-22T23:37:44.429] Received 15 bytes
[USB RECV HEX/ASCII]:
  0000: $60 $62 $65 $6E $63 $68 $20 $50  $43 $5F $4B $45 $59 $0D $0A      `bench PC_KEY..
[USB SEND 2026-09-22T23:37:44.430] Sent 4 bytes
[USB SEND HEX/ASCII]:
  0000: $00 $00 $00 $00                                                   ....
[USB RECV 2026-09-22T23:37:44.493] Received 15 bytes
[USB RECV HEX/ASCII]:
  0000: $60 $62 $65 $6E $63 $68 $20 $50  $43 $5F $4B $45 $59 $0D $0A      `bench PC_KEY..
[USB SEND 2026-09-22T23:37:44.494] Sent 4 bytes
[USB SEND HEX/ASCII]:
  0000: $00 $00 $00 $00                                                   ....
[USB RECV 2026-09-22T23:37:44.557] Received 15 bytes
[USB RECV HEX/ASCII]:
  0000: $60 $62 $65 $6E $63 $68 $20 $50  $43 $5F $4B $45 $59 $0D $0A      `bench PC_KEY..
[USB SEND 2026-09-22T23:37:44.558] Sent 4 bytes
[USB SEND HEX/ASCII]:
  0000: $00 $00 $00 $00                                                   ....
[USB RECV 2026-09-22T23:37:44.621] Received 15 bytes
[USB RECV HEX/ASCII]:
  0000: $60 $62 $65 $6E $63 $68 $20 $50  $43 $5F $4B $45 $59 $0D $0A      `bench PC_KEY..
[USB SEND 2026-09-22T23:37:44.622] Sent 4 bytes
[USB SEND HEX/ASCII]:
  0000: $00 $00 $00 $00                                                   ....
[USB RECV 2026-09-22T23:37:44.685] Received 15 bytes
[USB RECV HEX/ASCII]:
  0000: $60 $62 $65 $6E $63 $68 $20 $50  $43 $5F $4B $45 $59 $0D $0A      `bench PC_KEY..
[USB SEND 2026-09-22T23:37:44.686] Sent 4 bytes
[USB SEND HEX/ASCII]:
  0000: $00 $00 $00 $00                                                   ....
[USB RECV 2026-09-22T23:37:44.750] Received 15 bytes
[USB RECV HEX/ASCII]:
  0000: $60 $62 $65 $6E $63 $68 $20 $50  $43 $5F $4B $45 $59 $0D $0A      `bench PC_KEY..
[USB SEND 2026-09-22T23:37:44.750] Sent 4 bytes
[USB SEND HEX/ASCII]:
  0000: $00 $00 $00 $00                                                   ....
[USB RECV 2026-09-22T23:37:44.814] Received 15 bytes
[USB RECV HEX/ASCII]:
  0000: $60 $62 $65 $6E $63 $68 $20 $50  $43 $5F $4B $45 $59 $0D $0A      `bench PC_KEY..
[USB SEND 2026-09-22T23:37:44.814] Sent 4 bytes
[USB SEND HEX/ASCII]:
  0000: $00 $00 $00 $00                                                   ....
[USB RECV 2026-09-22T23:37:44.878] Received 15 bytes
[USB RECV HEX/ASCII]:
  0000: $60 $62 $65 $6E $63 $68 $20 $50  $43 $5F $4B $45 $59 $0D $0A      `bench PC_KEY..
[USB SEND 2026-09-22T23:37:44.878] Sent 4 bytes
[USB SEND HEX/ASCII]:
  0000: $00 $00 $00 $00                                                   ....
[USB RECV 2026-09-22T23:37:44.942] Received 15 bytes
[USB RECV HEX/ASCII]:
  0000: $60 $62 $65 $6E $63 $68 $20 $50  $43 $5F $4B $45 $59 $0D $0A      `bench PC_KEY..
[USB SEND 2026-09-22T23:37:44.942] Sent 4 bytes
[USB SEND HEX/ASCII]:
  0000: $00 $00 $00 $00                                                   ....
[USB RECV 2026-09-22T23:37:45.006] Received 15 bytes
[USB RECV HEX/ASCII]:
  0000: $60 $62 $65 $6E $63 $68 $20 $50  $43 $5F $4B $45 $59 $0D $0A      `bench PC_KEY..
[USB SEND 2026-09-22T23:37:45.006] Sent 4 bytes
[USB SEND HEX/ASCII]:
  0000: $00 $00 $00 $00                                                   ....
[USB RECV 2026-09-22T23:37:45.070] Received 15 bytes
[USB RECV HEX/ASCII]:
  0000: $60 $62 $65 $6E $63 $68 $20 $50  $43 $5F $4B $45 $59 $0D $0A      `bench PC_KEY..
[USB SEND 2026-09-22T23:37:45.070] Sent 4 bytes
[USB SEND HEX/ASCII]:
  0000: $00 $00 $00 $00                                                   ....
[USB RECV 2026-09-22T23:37:45.134] Received 15 bytes
[USB RECV HEX/ASCII]:
  0000: $60 $62 $65 $6E $63 $68 $20 $50  $43 $5F $4B $45 $59 $0D $0A      `bench PC_KEY..
[USB SEND 2026-09-22T23:37:45.134] Sent 4 bytes
[USB SEND HEX/ASCII]:
  0000: $00 $00 $00 $00                                                   ....
[USB RECV 2026-09-22T23:37:45.198] Received 15 bytes
[USB RECV HEX/ASCII]:
  0000: $60 $62 $65 $6E $63 $68 $20 $50  $43 $5F $4B $45 $59 $0D $0A      `bench PC_KEY..
[USB SEND 2026-09-22T23:37:45.198] Sent 4 bytes
[USB SEND HEX/ASCII]:
  0000: $00 $00 $00 $00                                                   ....
[USB RECV 2026-09-22T23:37:45.262] Received 15 bytes
[USB RECV HEX/ASCII]:
  0000: $60 $62 $65 $6E $63 $68 $20 $50  $43 $5F $4B $45 $59 $0D $0A      `bench PC_KEY..
[USB SEND 2026-09-22T23:37:45.262] Sent 4 bytes
[USB SEND HEX/ASCII]:
  0000: $00 $00 $00 $00                                                   ....
[USB RECV 2026-09-22T23:37:45.326] Received 15 bytes
[USB RECV HEX/ASCII]:
  0000: $60 $62 $65 $6E $63 $68 $20 $50  $43 $5F $4B $45 $59 $0D $0A      `bench PC_KEY..
[USB SEND 2026-09-22T23:37:45.326] Sent 4 bytes
[USB SEND HEX/ASCII]:
  0000: $00 $00 $00 $00                                                   ....
[USB RECV 2026-09-22T23:37:45.390] Received 15 bytes
[USB RECV HEX/ASCII]:
  0000: $60 $62 $65 $6E $63 $68 $20 $50  $43 $5F $4B $45 $59 $0D $0A      `bench PC_KEY..
[USB SEND 2026-09-22T23:37:45.390] Sent 4 bytes
[USB SEND HEX/ASCII]:
  0000: $00 $00 $00 $00                                                   ....
[USB RECV 2026-09-22T23:37:45.454] Received 15 bytes
[USB RECV HEX/ASCII]:
  0000: $60 $62 $65 $6E $63 $68 $20 $50  $43 $5F $4B $45 $59 $0D $0A      `bench PC_KEY..
[USB SEND 2026-09-22T23:37:45.454] Sent 4 bytes
[USB SEND HEX/ASCII]:
  0000: $00 $00 $00 $00                                                   ....
[USB RECV 2026-09-22T23:37:45.518] Received 15 bytes
[USB RECV HEX/ASCII]:
  0000: $60 $62 $65 $6E $63 $68 $20 $50  $43 $5F $4B $45 $59 $0D $0A      `bench PC_KEY..
[USB SEND 2026-09-22T23:37:45.518] Sent 4 bytes
[USB SEND HEX/ASCII]:
  0000: $00 $00 $00 $00                                                   ....
[USB RECV 2026-09-22T23:37:45.582] Received 15 bytes
[USB RECV HEX/ASCII]:
  0000: $60 $62 $65 $6E $63 $68 $20 $50  $43 $5F $4B $45 $59 $0D $0A      `bench PC_KEY..
[USB SEND 2026-09-22T23:37:45.582] Sent 4 bytes
[USB SEND HEX/ASCII]:
  0000: $00 $00 $00 $00                                                   ....
[USB RECV 2026-09-22T23:37:45.646] Received 15 bytes
[USB RECV HEX/ASCII]:
  0000: $60 $62 $65 $6E $63 $68 $20 $50  $43 $5F $4B $45 $59 $0D $0A      `bench PC_KEY..
[USB SEND 2026-09-22T23:37:45.646] Sent 4 bytes
[USB SEND HEX/ASCII]:
  0000: $00 $00 $00 $00                                                   ....
[USB RECV 2026-09-22T23:37:45.710] Received 15 bytes
[USB RECV HEX/ASCII]:
  0000: $60 $62 $65 $6E $63 $68 $20 $50  $43 $5F $4B $45 $59 $0D $0A      `bench PC_KEY..
[USB SEND 2026-09-22T23:37:45.710] Sent 4 bytes
[USB SEND HEX/ASCII]:
  0000: $00 $00 $00 $00                                                   ....
[USB RECV 2026-09-22T23:37:45.774] Received 15 bytes
[USB RECV HEX/ASCII]:
  0000: $60 $62 $65 $6E $63 $68 $20 $50  $43 $5F $4B $45 $59 $0D $0A      `bench PC_KEY..
[USB SEND 2026-09-22T23:37:45.774] Sent 4 bytes
[USB SEND HEX/ASCII]:
  0000: $00 $00 $00 $00                                                   ....
[USB RECV 2026-09-22T23:37:45.838] Received 15 bytes
[USB RECV HEX/ASCII]:
  0000: $60 $62 $65 $6E $63 $68 $20 $50  $43 $5F $4B $45 $59 $0D $0A      `bench PC_KEY..
[USB SEND 2026-09-22T23:37:45.838] Sent 4 bytes
[USB SEND HEX/ASCII]:
  0000: $00 $00 $00 $00                                                   ....
[USB RECV 2026-09-22T23:37:45.902] Received 15 bytes
[USB RECV HEX/ASCII]:
  0000: $60 $62 $65 $6E $63 $68 $20 $50  $43 $5F $4B $45 $59 $0D $0A      `bench PC_KEY..
[USB SEND 2026-09-22T23:37:45.902] Sent 4 bytes
[USB SEND HEX/ASCII]:
  0000: $00 $00 $00 $00                                                   ....
[USB RECV 2026-09-22T23:37:45.966] Received 15 bytes
[USB RECV HEX/ASCII]:
  0000: $60 $62 $65 $6E $63 $68 $20 $50  $43 $5F $4B $45 $59 $0D $0A      `bench PC_KEY..
[USB SEND 2026-09-22T23:37:45.966] Sent 4 bytes
[USB SEND HEX/ASCII]:
  0000: $00 $00 $00 $00                                                   ....
[USB RECV 2026-09-22T23:37:46.030] Received 15 bytes
[USB RECV HEX/ASCII]:
  0000: $60 $62 $65 $6E $63 $68 $20 $50  $43 $5F $4B $45 $59 $0D $0A      `bench PC_KEY..
[USB SEND 2026-09-22T23:37:46.030] Sent 4 bytes
[USB SEND HEX/ASCII]:
  0000: $00 $00 $00 $00                                                   ....
[USB RECV 2026-09-22T23:37:46.094] Received 15 bytes
[USB RECV HEX/ASCII]:
  0000: $60 $62 $65 $6E $63 $68 $20 $50  $43 $5F $4B $45 $59 $0D $0A      `bench PC_KEY..
[USB SEND 2026-09-22T23:37:46.094] Sent 4 bytes
[USB SEND HEX/ASCII]:
  0000: $00 $00 $00 $00                                                   ....
[USB RECV 2026-09-22T23:37:46.158] Received 15 bytes
[USB RECV HEX/ASCII]:
  0000: $60 $62 $65 $6E $63 $68 $20 $50  $43 $5F $4B $45 $59 $0D $0A      `bench PC_KEY..
[USB SEND 2026-09-22T23:37:46.158] Sent 4 bytes
[USB SEND HEX/ASCII]:
  0000: $00 $00 $00 $00                                                   ....
[USB RECV 2026-09-22T23:37:46.222] Received 15 bytes
[USB RECV HEX/ASCII]:
  0000: $60 $62 $65 $6E $63 $68 $20 $50  $43 $5F $4B $45 $59 $0D $0A      `bench PC_KEY..
[USB SEND 2026-09-22T23:37:46.223] Sent 4 bytes
[USB SEND HEX/ASCII]:
  0000: $00 $00 $00 $00                                                   ....
[USB RECV 2026-09-22T23:37:46.286] Received 15 bytes
[USB RECV HEX/ASCII]:
  0000: $60 $62 $65 $6E $63 $68 $20 $50  $43 $5F $4B $45 $59 $0D $0A      `bench PC_KEY..
[USB SEND 2026-09-22T23:37:46.286] Sent 4 bytes
[USB SEND HEX/ASCII]:
  0000: $00 $00 $00 $00                                                   ....
[USB RECV 2026-09-22T23:37:46.350] Received 15 bytes
[USB RECV HEX/ASCII]:
  0000: $60 $62 $65 $6E $63 $68 $20 $50  $43 $5F $4B $45 $59 $0D $0A      `bench PC_KEY..
[USB SEND 2026-09-22T23:37:46.351] Sent 4 bytes
[USB SEND HEX/ASCII]:
  0000: $00 $00 $00 $00                                                   ....
[USB RECV 2026-09-22T23:37:46.414] Received 15 bytes
[USB RECV HEX/ASCII]:
  0000: $60 $62 $65 $6E $63 $68 $20 $50  $43 $5F $4B $45 $59 $0D $0A      `bench PC_KEY..
[USB SEND 2026-09-22T23:37:46.415] Sent 4 bytes
[USB SEND HEX/ASCII]:
  0000: $00 $00 $00 $00                                                   ....
[USB RECV 2026-09-22T23:37:46.478] Received 15 bytes
[USB RECV HEX/ASCII]:
  0000: $60 $62 $65 $6E $63 $68 $20 $50  $43 $5F $4B $45 $59 $0D $0A      `bench PC_KEY..
[USB SEND 2026-09-22T23:37:46.479] Sent 4 bytes
[USB SEND HEX/ASCII]:
  0000: $00 $00 $00 $00                                                   ....
[USB RECV 2026-09-22T23:37:46.542] Received 15 bytes
[USB RECV HEX/ASCII]:
  0000: $60 $62 $65 $6E $63 $68 $20 $50  $43 $5F $4B $45 $59 $0D $0A      `bench PC_KEY..
[USB SEND 2026-09-22T23:37:46.543] Sent 4 bytes
[USB SEND HEX/ASCII]:
  0000: $00 $00 $00 $00                                                   ....
[USB RECV 2026-09-22T23:37:46.606] Received 15 bytes
[USB RECV HEX/ASCII]:
  0000: $60 $62 $65 $6E $63 $68 $20 $50  $43 $5F $4B $45 $59 $0D $0A      `bench PC_KEY..
[USB SEND 2026-09-22T23:37:46.607] Sent 4 bytes
[USB SEND HEX/ASCII]:
  0000: $00 $00 $00 $00                                                   ....
[USB RECV 2026-09-22T23:37:46.670] Received 15 bytes
[USB RECV HEX/ASCII]:
  0000: $60 $62 $65 $6E $63 $68 $20 $50  $43 $5F $4B $45 $59 $0D $0A      `bench PC_KEY..
[USB SEND 2026-09-22T23:37:46.671] Sent 4 bytes
[USB SEND HEX/ASCII]:
  0000: $00 $00 $00 $00                                                   ....
[USB RECV 2026-09-22T23:37:46.735] Received 15 bytes
[USB RECV HEX/ASCII]:
  0000: $60 $62 $65 $6E $63 $68 $20 $50  $43 $5F $4B $45 $59 $0D $0A      `bench PC_KEY..
[USB SEND 2026-09-22T23:37:46.735] Sent 4 bytes
[USB SEND HEX/ASCII]:
  0000: $00 $00 $00 $00                                                   ....
[USB RECV 2026-09-22T23:37:46.799] Received 15 bytes
[USB RECV HEX/ASCII]:
  0000: $60 $62 $65 $6E $63 $68 $20 $50  $43 $5F $4B $45 $59 $0D $0A      `bench PC_KEY..
[USB SEND 2026-09-22T23:37:46.799] Sent 4 bytes
[USB SEND HEX/ASCII]:
  0000: $00 $00 $00 $00                                                   ....
[USB RECV 2026-09-22T23:37:46.863] Received 15 bytes
[USB RECV HEX/ASCII]:
  0000: $60 $62 $65 $6E $63 $68 $20 $50  $43 $5F $4B $45 $59 $0D $0A      `bench PC_KEY..
[USB SEND 2026-09-22T23:37:46.863] Sent 4 bytes
[USB SEND HEX/ASCII]:
  0000: $00 $00 $00 $00                                                   ....
[USB RECV 2026-09-22T23:37:46.927] Received 15 bytes
[USB RECV HEX/ASCII]:
  0000: $60 $62 $65 $6E $63 $68 $20 $50  $43 $5F $4B $45 $59 $0D $0A      `bench PC_KEY..
[USB SEND 2026-09-22T23:37:46.927] Sent 4 bytes
[USB SEND HEX/ASCII]:
  0000: $00 $00 $00 $00                                                   ....
[USB RECV 2026-09-22T23:37:46.991] Received 15 bytes
[USB RECV HEX/ASCII]:
  0000: $60 $62 $65 $6E $63 $68 $20 $50  $43 $5F $4B $45 $59 $0D $0A      `bench PC_KEY..
[USB SEND 2026-09-22T23:37:46.991] Sent 4 bytes
[USB SEND HEX/ASCII]:
  0000: $00 $00 $00 $00                                                   ....
[USB RECV 2026-09-22T23:37:47.055] Received 15 bytes
[USB RECV HEX/ASCII]:
  0000: $60 $62 $65 $6E $63 $68 $20 $50  $43 $5F $4B $45 $59 $0D $0A      `bench PC_KEY..
[USB SEND 2026-09-22T23:37:47.055] Sent 4 bytes
[USB SEND HEX/ASCII]:
  0000: $00 $00 $00 $00                                                   ....
[USB RECV 2026-09-22T23:37:47.119] Received 15 bytes
[USB RECV HEX/ASCII]:
  0000: $60 $62 $65 $6E $63 $68 $20 $50  $43 $5F $4B $45 $59 $0D $0A      `bench PC_KEY..
[USB SEND 2026-09-22T23:37:47.119] Sent 4 bytes
[USB SEND HEX/ASCII]:
  0000: $00 $00 $00 $00                                                   ....
[USB RECV 2026-09-22T23:37:47.183] Received 15 bytes
[USB RECV HEX/ASCII]:
  0000: $60 $62 $65 $6E $63 $68 $20 $50  $43 $5F $4B $45 $59 $0D $0A      `bench PC_KEY..
[USB SEND 2026-09-22T23:37:47.183] Sent 4 bytes
[USB SEND HEX/ASCII]:
  0000: $00 $00 $00 $00                                                   ....
[USB RECV 2026-09-22T23:37:47.247] Received 15 bytes
[USB RECV HEX/ASCII]:
  0000: $60 $62 $65 $6E $63 $68 $20 $50  $43 $5F $4B $45 $59 $0D $0A      `bench PC_KEY..
[USB SEND 2026-09-22T23:37:47.247] Sent 4 bytes
[USB SEND HEX/ASCII]:
  0000: $00 $00 $00 $00                                                   ....
[USB RECV 2026-09-22T23:37:47.311] Received 15 bytes
[USB RECV HEX/ASCII]:
  0000: $60 $62 $65 $6E $63 $68 $20 $50  $43 $5F $4B $45 $59 $0D $0A      `bench PC_KEY..
[USB SEND 2026-09-22T23:37:47.311] Sent 4 bytes
[USB SEND HEX/ASCII]:
  0000: $00 $00 $00 $00                                                   ....
[USB RECV 2026-09-22T23:37:47.375] Received 15 bytes
[USB RECV HEX/ASCII]:
  0000: $60 $62 $65 $6E $63 $68 $20 $50  $43 $5F $4B $45 $59 $0D $0A      `bench PC_KEY..
[USB SEND 2026-09-22T23:37:47.375] Sent 4 bytes
[USB SEND HEX/ASCII]:
  0000: $00 $00 $00 $00                                                   ....
[USB RECV 2026-09-22T23:37:47.439] Received 15 bytes
[USB RECV HEX/ASCII]:
  0000: $60 $62 $65 $6E $63 $68 $20 $50  $43 $5F $4B $45 $59 $0D $0A      `bench PC_KEY..
[USB SEND 2026-09-22T23:37:47.439] Sent 4 bytes
[USB SEND HEX/ASCII]:
  0000: $00 $00 $00 $00                                                   ....
[USB RECV 2026-09-22T23:37:47.503] Received 15 bytes
[USB RECV HEX/ASCII]:
  0000: $60 $62 $65 $6E $63 $68 $20 $50  $43 $5F $4B $45 $59 $0D $0A      `bench PC_KEY..
[USB SEND 2026-09-22T23:37:47.503] Sent 4 bytes
[USB SEND HEX/ASCII]:
  0000: $00 $00 $00 $00                                                   ....
[USB RECV 2026-09-22T23:37:47.567] Received 15 bytes
[USB RECV HEX/ASCII]:
  0000: $60 $62 $65 $6E $63 $68 $20 $50  $43 $5F $4B $45 $59 $0D $0A      `bench PC_KEY..
[USB SEND 2026-09-22T23:37:47.567] Sent 4 bytes
[USB SEND HEX/ASCII]:
  0000: $00 $00 $00 $00                                                   ....
[USB RECV 2026-09-22T23:37:47.631] Received 15 bytes
[USB RECV HEX/ASCII]:
  0000: $60 $62 $65 $6E $63 $68 $20 $50  $43 $5F $4B $45 $59 $0D $0A      `bench PC_KEY..
[USB SEND 2026-09-22T23:37:47.631] Sent 4 bytes
[USB SEND HEX/ASCII]:
  0000: $00 $00 $00 $00                                                   ....
[USB RECV 2026-09-22T23:37:47.695] Received 15 bytes
[USB RECV HEX/ASCII]:
  0000: $60 $62 $65 $6E $63 $68 $20 $50  $43 $5F $4B $45 $59 $0D $0A      `bench PC_KEY..
[USB SEND 2026-09-22T23:37:47.695] Sent 4 bytes
[USB SEND HEX/ASCII]:
  0000: $00 $00 $00 $00                                                   ....
[USB RECV 2026-09-22T23:37:47.759] Received 15 bytes
[USB RECV HEX/ASCII]:
  0000: $60 $62 $65 $6E $63 $68 $20 $50  $43 $5F $4B $45 $59 $0D $0A      `bench PC_KEY..
[USB SEND 2026-09-22T23:37:47.759] Sent 4 bytes
[USB SEND HEX/ASCII]:
  0000: $00 $00 $00 $00                                                   ....
[USB RECV 2026-09-22T23:37:47.823] Received 15 bytes
[USB RECV HEX/ASCII]:
  0000: $60 $62 $65 $6E $63 $68 $20 $50  $43 $5F $4B $45 $59 $0D $0A      `bench PC_KEY..
[USB SEND 2026-09-22T23:37:47.823] Sent 4 bytes
[USB SEND HEX/ASCII]:
  0000: $00 $00 $00 $00                                                   ....
[USB RECV 2026-09-22T23:37:47.887] Received 15 bytes
[USB RECV HEX/ASCII]:
  0000: $60 $62 $65 $6E $63 $68 $20 $50  $43 $5F $4B $45 $59 $0D $0A      `bench PC_KEY..
[USB SEND 2026-09-22T23:37:47.887] Sent 4 bytes
[USB SEND HEX/ASCII]:
  0000: $00 $00 $00 $00                                                   ....
[USB RECV 2026-09-22T23:37:47.951] Received 15 bytes
[USB RECV HEX/ASCII]:
  0000: $60 $62 $65 $6E $63 $68 $20 $50  $43 $5F $4B $45 $59 $0D $0A      `bench PC_KEY..
[USB SEND 2026-09-22T23:37:47.951] Sent 4 bytes
[USB SEND HEX/ASCII]:
  0000: $00 $00 $00 $00                                                   ....
[USB RECV 2026-09-22T23:37:48.015] Received 15 bytes
[USB RECV HEX/ASCII]:
  0000: $60 $62 $65 $6E $63 $68 $20 $50  $43 $5F $4B $45 $59 $0D $0A      `bench PC_KEY..
[USB SEND 2026-09-22T23:37:48.015] Sent 4 bytes
[USB SEND HEX/ASCII]:
  0000: $00 $00 $00 $00                                                   ....
[USB RECV 2026-09-22T23:37:48.079] Received 15 bytes
[USB RECV HEX/ASCII]:
  0000: $60 $62 $65 $6E $63 $68 $20 $50  $43 $5F $4B $45 $59 $0D $0A      `bench PC_KEY..
[USB SEND 2026-09-22T23:37:48.079] Sent 4 bytes
[USB SEND HEX/ASCII]:
  0000: $00 $00 $00 $00                                                   ....
[USB RECV 2026-09-22T23:37:48.143] Received 15 bytes
[USB RECV HEX/ASCII]:
  0000: $60 $62 $65 $6E $63 $68 $20 $50  $43 $5F $4B $45 $59 $0D $0A      `bench PC_KEY..
[USB SEND 2026-09-22T23:37:48.143] Sent 4 bytes
[USB SEND HEX/ASCII]:
  0000: $00 $00 $00 $00                                                   ....
[USB RECV 2026-09-22T23:37:48.207] Received 15 bytes
[USB RECV HEX/ASCII]:
  0000: $60 $62 $65 $6E $63 $68 $20 $50  $43 $5F $4B $45 $59 $0D $0A      `bench PC_KEY..
[USB SEND 2026-09-22T23:37:48.208] Sent 4 bytes
[USB SEND HEX/ASCII]:
  0000: $00 $00 $00 $00                                                   ....
[USB RECV 2026-09-22T23:37:48.271] Received 15 bytes
[USB RECV HEX/ASCII]:
  0000: $60 $62 $65 $6E $63 $68 $20 $50  $43 $5F $4B $45 $59 $0D $0A      `bench PC_KEY..
[USB SEND 2026-09-22T23:37:48.271] Sent 4 bytes
[USB SEND HEX/ASCII]:
  0000: $00 $00 $00 $00                                                   ....
[USB RECV 2026-09-22T23:37:48.335] Received 15 bytes
[USB RECV HEX/ASCII]:
  0000: $60 $62 $65 $6E $63 $68 $20 $50  $43 $5F $4B $45 $59 $0D $0A      `bench PC_KEY..
[USB SEND 2026-09-22T23:37:48.335] Sent 4 bytes
[USB SEND HEX/ASCII]:
  0000: $00 $00 $00 $00                                                   ....
[USB RECV 2026-09-22T23:37:48.399] Received 15 bytes
[USB RECV HEX/ASCII]:
  0000: $60 $62 $65 $6E $63 $68 $20 $50  $43 $5F $4B $45 $59 $0D $0A      `bench PC_KEY..
[USB SEND 2026-09-22T23:37:48.399] Sent 4 bytes
[USB SEND HEX/ASCII]:
  0000: $00 $00 $00 $00                                                   ....
[USB RECV 2026-09-22T23:37:48.463] Received 15 bytes
[USB RECV HEX/ASCII]:
  0000: $60 $62 $65 $6E $63 $68 $20 $50  $43 $5F $4B $45 $59 $0D $0A      `bench PC_KEY..
[USB SEND 2026-09-22T23:37:48.464] Sent 4 bytes
[USB SEND HEX/ASCII]:
  0000: $00 $00 $00 $00                                                   ....
[USB RECV 2026-09-22T23:37:48.527] Received 15 bytes
[USB RECV HEX/ASCII]:
  0000: $60 $62 $65 $6E $63 $68 $20 $50  $43 $5F $4B $45 $59 $0D $0A      `bench PC_KEY..
[USB SEND 2026-09-22T23:37:48.528] Sent 4 bytes
[USB SEND HEX/ASCII]:
  0000: $00 $00 $00 $00                                                   ....
[USB RECV 2026-09-22T23:37:48.591] Received 15 bytes
[USB RECV HEX/ASCII]:
  0000: $60 $62 $65 $6E $63 $68 $20 $50  $43 $5F $4B $45 $59 $0D $0A      `bench PC_KEY..
[USB SEND 2026-09-22T23:37:48.592] Sent 4 bytes
[USB SEND HEX/ASCII]:
  0000: $00 $00 $00 $00                                                   ....
[USB RECV 2026-09-22T23:37:48.656] Received 15 bytes
[USB RECV HEX/ASCII]:
  0000: $60 $62 $65 $6E $63 $68 $20 $50  $43 $5F $4B $45 $59 $0D $0A      `bench PC_KEY..
[USB SEND 2026-09-22T23:37:48.656] Sent 4 bytes
[USB SEND HEX/ASCII]:
  0000: $00 $00 $00 $00                                                   ....
[USB RECV 2026-09-22T23:37:48.719] Received 15 bytes
[USB RECV HEX/ASCII]:
  0000: $60 $62 $65 $6E $63 $68 $20 $50  $43 $5F $4B $45 $59 $0D $0A      `bench PC_KEY..
[USB SEND 2026-09-22T23:37:48.720] Sent 4 bytes
[USB SEND HEX/ASCII]:
  0000: $00 $00 $00 $00                                                   ....
[USB RECV 2026-09-22T23:37:48.783] Received 15 bytes
[USB RECV HEX/ASCII]:
  0000: $60 $62 $65 $6E $63 $68 $20 $50  $43 $5F $4B $45 $59 $0D $0A      `bench PC_KEY..
[USB SEND 2026-09-22T23:37:48.784] Sent 4 bytes
[USB SEND HEX/ASCII]:
  0000: $00 $00 $00 $00                                                   ....
[USB RECV 2026-09-22T23:37:48.848] Received 15 bytes
[USB RECV HEX/ASCII]:
  0000: $60 $62 $65 $6E $63 $68 $20 $50  $43 $5F $4B $45 $59 $0D $0A      `bench PC_KEY..
[USB SEND 2026-09-22T23:37:48.848] Sent 4 bytes
[USB SEND HEX/ASCII]:
  0000: $00 $00 $00 $00                                                   ....
[USB RECV 2026-09-22T23:37:48.912] Received 15 bytes
[USB RECV HEX/ASCII]:
  0000: $60 $62 $65 $6E $63 $68 $20 $50  $43 $5F $4B $45 $59 $0D $0A      `bench PC_KEY..
[USB SEND 2026-09-22T23:37:48.912] Sent 4 bytes
[USB SEND HEX/ASCII]:
  0000: $00 $00 $00 $00                                                   ....
[USB RECV 2026-09-22T23:37:48.976] Received 15 bytes
[USB RECV HEX/ASCII]:
  0000: $60 $62 $65 $6E $63 $68 $20 $50  $43 $5F $4B $45 $59 $0D $0A      `bench PC_KEY..
[USB SEND 2026-09-22T23:37:48.976] Sent 4 bytes
[USB SEND HEX/ASCII]:
  0000: $00 $00 $00 $00                                                   ....
[USB RECV 2026-09-22T23:37:49.040] Received 15 bytes
[USB RECV HEX/ASCII]:
  0000: $60 $62 $65 $6E $63 $68 $20 $50  $43 $5F $4B $45 $59 $0D $0A      `bench PC_KEY..
[USB SEND 2026-09-22T23:37:49.040] Sent 4 bytes
[USB SEND HEX/ASCII]:
  0000: $00 $00 $00 $00                                                   ....
[USB RECV 2026-09-22T23:37:49.104] Received 15 bytes
[USB RECV HEX/ASCII]:
  0000: $60 $62 $65 $6E $63 $68 $20 $50  $43 $5F $4B $45 $59 $0D $0A      `bench PC_KEY..
[USB SEND 2026-09-22T23:37:49.104] Sent 4 bytes
[USB SEND HEX/ASCII]:
  0000: $00 $00 $00 $00                                                   ....
[USB RECV 2026-09-22T23:37:49.168] Received 15 bytes
[USB RECV HEX/ASCII]:
  0000: $60 $62 $65 $6E $63 $68 $20 $50  $43 $5F $4B $45 $59 $0D $0A      `bench PC_KEY..
[USB SEND 2026-09-22T23:37:49.168] Sent 4 bytes
[USB SEND HEX/ASCII]:
  0000: $00 $00 $00 $00                                                   ....
[USB RECV 2026-09-22T23:37:49.232] Received 15 bytes
[USB RECV HEX/ASCII]:
  0000: $60 $62 $65 $6E $63 $68 $20 $50  $43 $5F $4B $45 $59 $0D $0A      `bench PC_KEY..
[USB SEND 2026-09-22T23:37:49.232] Sent 4 bytes
[USB SEND HEX/ASCII]:
  0000: $00 $00 $00 $00                                                   ....
[USB RECV 2026-09-22T23:37:49.296] Received 15 bytes
[USB RECV HEX/ASCII]:
  0000: $60 $62 $65 $6E $63 $68 $20 $50  $43 $5F $4B $45 $59 $0D $0A      `bench PC_KEY..
[USB SEND 2026-09-22T23:37:49.296] Sent 4 bytes
[USB SEND HEX/ASCII]:
  0000: $00 $00 $00 $00                                                   ....
[USB RECV 2026-09-22T23:37:49.360] Received 15 bytes
[USB RECV HEX/ASCII]:
  0000: $60 $62 $65 $6E $63 $68 $20 $50  $43 $5F $4B $45 $59 $0D $0A      `bench PC_KEY..
[USB SEND 2026-09-22T23:37:49.360] Sent 4 bytes
[USB SEND HEX/ASCII]:
  0000: $00 $00 $00 $00                                                   ....
[USB RECV 2026-09-22T23:37:49.424] Received 15 bytes
[USB RECV HEX/ASCII]:
  0000: $60 $62 $65 $6E $63 $68 $20 $50  $43 $5F $4B $45 $59 $0D $0A      `bench PC_KEY..
[USB SEND 2026-09-22T23:37:49.424] Sent 4 bytes
[USB SEND HEX/ASCII]:
  0000: $00 $00 $00 $00                                                   ....
[USB RECV 2026-09-22T23:37:49.488] Received 15 bytes
[USB RECV HEX/ASCII]:
  0000: $60 $62 $65 $6E $63 $68 $20 $50  $43 $5F $4B $45 $59 $0D $0A      `bench PC_KEY..
[USB SEND 2026-09-22T23:37:49.488] Sent 4 bytes
[USB SEND HEX/ASCII]:
  0000: $00 $00 $00 $00                                                   ....
[USB RECV 2026-09-22T23:37:49.552] Received 15 bytes
[USB RECV HEX/ASCII]:
  0000: $60 $62 $65 $6E $63 $68 $20 $50  $43 $5F $4B $45 $59 $0D $0A      `bench PC_KEY..
[USB SEND 2026-09-22T23:37:49.552] Sent 4 bytes
[USB SEND HEX/ASCII]:
  0000: $00 $00 $00 $00                                                   ....
[USB RECV 2026-09-22T23:37:49.616] Received 15 bytes
[USB RECV HEX/ASCII]:
  0000: $60 $62 $65 $6E $63 $68 $20 $50  $43 $5F $4B $45 $59 $0D $0A      `bench PC_KEY..
[USB SEND 2026-09-22T23:37:49.616] Sent 4 bytes
[USB SEND HEX/ASCII]:
  0000: $00 $00 $00 $00                                                   ....
[USB RECV 2026-09-22T23:37:49.680] Received 15 bytes
[USB RECV HEX/ASCII]:
  0000: $60 $62 $65 $6E $63 $68 $20 $50  $43 $5F $4B $45 $59 $0D $0A      `bench PC_KEY..
[USB SEND 2026-09-22T23:37:49.680] Sent 4 bytes
[USB SEND HEX/ASCII]:
  0000: $00 $00 $00 $00                                                   ....
[USB RECV 2026-09-22T23:37:49.744] Received 15 bytes
[USB RECV HEX/ASCII]:
  0000: $60 $62 $65 $6E $63 $68 $20 $50  $43 $5F $4B $45 $59 $0D $0A      `bench PC_KEY..
[USB SEND 2026-09-22T23:37:49.744] Sent 4 bytes
[USB SEND HEX/ASCII]:
  0000: $00 $00 $00 $00                                                   ....
[USB RECV 2026-09-22T23:37:49.808] Received 15 bytes
[USB RECV HEX/ASCII]:
  0000: $60 $62 $65 $6E $63 $68 $20 $50  $43 $5F $4B $45 $59 $0D $0A      `bench PC_KEY..
[USB SEND 2026-09-22T23:37:49.808] Sent 4 bytes
[USB SEND HEX/ASCII]:
  0000: $00 $00 $00 $00                                                   ....
[USB RECV 2026-09-22T23:37:49.872] Received 15 bytes
[USB RECV HEX/ASCII]:
  0000: $60 $62 $65 $6E $63 $68 $20 $50  $43 $5F $4B $45 $59 $0D $0A      `bench PC_KEY..
[USB SEND 2026-09-22T23:37:49.872] Sent 4 bytes
[USB SEND HEX/ASCII]:
  0000: $00 $00 $00 $00                                                   ....
[USB RECV 2026-09-22T23:37:49.936] Received 15 bytes
[USB RECV HEX/ASCII]:
  0000: $60 $62 $65 $6E $63 $68 $20 $50  $43 $5F $4B $45 $59 $0D $0A      `bench PC_KEY..
[USB SEND 2026-09-22T23:37:49.936] Sent 4 bytes
[USB SEND HEX/ASCII]:
  0000: $00 $00 $00 $00                                                   ....
[USB RECV 2026-09-22T23:37:50.000] Received 15 bytes
[USB RECV HEX/ASCII]:
  0000: $60 $62 $65 $6E $63 $68 $20 $50  $43 $5F $4B $45 $59 $0D $0A      `bench PC_KEY..
[USB SEND 2026-09-22T23:37:50.000] Sent 4 bytes
[USB SEND HEX/ASCII]:
  0000: $00 $00 $00 $00                                                   ....
[USB RECV 2026-09-22T23:37:50.064] Received 15 bytes
[USB RECV HEX/ASCII]:
  0000: $60 $62 $65 $6E $63 $68 $20 $50  $43 $5F $4B $45 $59 $0D $0A      `bench PC_KEY..
[USB SEND 2026-09-22T23:37:50.064] Sent 4 bytes
[USB SEND HEX/ASCII]:
  0000: $00 $00 $00 $00                                                   ....
[USB RECV 2026-09-22T23:37:50.128] Received 15 bytes
[USB RECV HEX/ASCII]:
  0000: $60 $62 $65 $6E $63 $68 $20 $50  $43 $5F $4B $45 $59 $0D $0A      `bench PC_KEY..
[USB SEND 2026-09-22T23:37:50.129] Sent 4 bytes
[USB SEND HEX/ASCII]:
  0000: $00 $00 $00 $00                                                   ....
[USB RECV 2026-09-22T23:37:50.192] Received 15 bytes
[USB RECV HEX/ASCII]:
  0000: $60 $62 $65 $6E $63 $68 $20 $50  $43 $5F $4B $45 $59 $0D $0A      `bench PC_KEY..
[USB SEND 2026-09-22T23:37:50.193] Sent 4 bytes
[USB SEND HEX/ASCII]:
  0000: $00 $00 $00 $00                                                   ....
[USB RECV 2026-09-22T23:37:50.256] Received 15 bytes
[USB RECV HEX/ASCII]:
  0000: $60 $62 $65 $6E $63 $68 $20 $50  $43 $5F $4B $45 $59 $0D $0A      `bench PC_KEY..
[USB SEND 2026-09-22T23:37:50.256] Sent 4 bytes
[USB SEND HEX/ASCII]:
  0000: $00 $00 $00 $00                                                   ....
[USB RECV 2026-09-22T23:37:50.320] Received 15 bytes
[USB RECV HEX/ASCII]:
  0000: $60 $62 $65 $6E $63 $68 $20 $50  $43 $5F $4B $45 $59 $0D $0A      `bench PC_KEY..
[USB SEND 2026-09-22T23:37:50.321] Sent 4 bytes
[USB SEND HEX/ASCII]:
  0000: $00 $00 $00 $00                                                   ....
[USB RECV 2026-09-22T23:37:50.384] Received 15 bytes
[USB RECV HEX/ASCII]:
  0000: $60 $62 $65 $6E $63 $68 $20 $50  $43 $5F $4B $45 $59 $0D $0A      `bench PC_KEY..
[USB SEND 2026-09-22T23:37:50.385] Sent 4 bytes
[USB SEND HEX/ASCII]:
  0000: $00 $00 $00 $00                                                   ....
[USB RECV 2026-09-22T23:37:50.448] Received 15 bytes
[USB RECV HEX/ASCII]:
  0000: $60 $62 $65 $6E $63 $68 $20 $50  $43 $5F $4B $45 $59 $0D $0A      `bench PC_KEY..
[USB SEND 2026-09-22T23:37:50.449] Sent 4 bytes
[USB SEND HEX/ASCII]:
  0000: $00 $00 $00 $00                                                   ....
[USB RECV 2026-09-22T23:37:50.512] Received 15 bytes
[USB RECV HEX/ASCII]:
  0000: $60 $62 $65 $6E $63 $68 $20 $50  $43 $5F $4B $45 $59 $0D $0A      `bench PC_KEY..
[USB SEND 2026-09-22T23:37:50.513] Sent 4 bytes
[USB SEND HEX/ASCII]:
  0000: $00 $00 $00 $00                                                   ....
[USB RECV 2026-09-22T23:37:50.576] Received 15 bytes
[USB RECV HEX/ASCII]:
  0000: $60 $62 $65 $6E $63 $68 $20 $50  $43 $5F $4B $45 $59 $0D $0A      `bench PC_KEY..
[USB SEND 2026-09-22T23:37:50.577] Sent 4 bytes
[USB SEND HEX/ASCII]:
  0000: $00 $00 $00 $00                                                   ....
[USB RECV 2026-09-22T23:37:50.640] Received 15 bytes
[USB RECV HEX/ASCII]:
  0000: $60 $62 $65 $6E $63 $68 $20 $50  $43 $5F $4B $45 $59 $0D $0A      `bench PC_KEY..
[USB SEND 2026-09-22T23:37:50.641] Sent 4 bytes
[USB SEND HEX/ASCII]:
  0000: $00 $00 $00 $00                                                   ....
[USB RECV 2026-09-22T23:37:50.705] Received 15 bytes
[USB RECV HEX/ASCII]:
  0000: $60 $62 $65 $6E $63 $68 $20 $50  $43 $5F $4B $45 $59 $0D $0A      `bench PC_KEY..
[USB SEND 2026-09-22T23:37:50.705] Sent 4 bytes
[USB SEND HEX/ASCII]:
  0000: $00 $00 $00 $00                                                   ....
[USB RECV 2026-09-22T23:37:50.769] Received 15 bytes
[USB RECV HEX/ASCII]:
  0000: $60 $62 $65 $6E $63 $68 $20 $50  $43 $5F $4B $45 $59 $0D $0A      `bench PC_KEY..
[USB SEND 2026-09-22T23:37:50.769] Sent 4 bytes
[USB SEND HEX/ASCII]:
  0000: $00 $00 $00 $00                                                   ....
[USB RECV 2026-09-22T23:37:50.833] Received 15 bytes
[USB RECV HEX/ASCII]:
  0000: $60 $62 $65 $6E $63 $68 $20 $50  $43 $5F $4B $45 $59 $0D $0A      `bench PC_KEY..
[USB SEND 2026-09-22T23:37:50.833] Sent 4 bytes
[USB SEND HEX/ASCII]:
  0000: $00 $00 $00 $00                                                   ....
[USB RECV 2026-09-22T23:37:50.897] Received 15 bytes
[USB RECV HEX/ASCII]:
  0000: $60 $62 $65 $6E $63 $68 $20 $50  $43 $5F $4B $45 $59 $0D $0A      `bench PC_KEY..
[USB SEND 2026-09-22T23:37:50.897] Sent 4 bytes
[USB SEND HEX/ASCII]:
  0000: $00 $00 $00 $00                                                   ....
[USB RECV 2026-09-22T23:37:50.961] Received 15 bytes
[USB RECV HEX/ASCII]:
  0000: $60 $62 $65 $6E $63 $68 $20 $50  $43 $5F $4B $45 $59 $0D $0A      `bench PC_KEY..
[USB SEND 2026-09-22T23:37:50.961] Sent 4 bytes
[USB SEND HEX/ASCII]:
  0000: $00 $00 $00 $00                                                   ....
[USB RECV 2026-09-22T23:37:51.025] Received 15 bytes
[USB RECV HEX/ASCII]:
  0000: $60 $62 $65 $6E $63 $68 $20 $50  $43 $5F $4B $45 $59 $0D $0A      `bench PC_KEY..
[USB SEND 2026-09-22T23:37:51.025] Sent 4 bytes
[USB SEND HEX/ASCII]:
  0000: $00 $00 $00 $00                                                   ....
[USB RECV 2026-09-22T23:37:51.089] Received 15 bytes
[USB RECV HEX/ASCII]:
  0000: $60 $62 $65 $6E $63 $68 $20 $50  $43 $5F $4B $45 $59 $0D $0A      `bench PC_KEY..
[USB SEND 2026-09-22T23:37:51.089] Sent 4 bytes
[USB SEND HEX/ASCII]:
  0000: $00 $00 $00 $00                                                   ....
[USB RECV 2026-09-22T23:37:51.153] Received 15 bytes
[USB RECV HEX/ASCII]:
  0000: $60 $62 $65 $6E $63 $68 $20 $50  $43 $5F $4B $45 $59 $0D $0A      `bench PC_KEY..
[USB SEND 2026-09-22T23:37:51.153] Sent 4 bytes
[USB SEND HEX/ASCII]:
  0000: $00 $00 $00 $00                                                   ....
[USB RECV 2026-09-22T23:37:51.217] Received 15 bytes
[USB RECV HEX/ASCII]:
  0000: $60 $62 $65 $6E $63 $68 $20 $50  $43 $5F $4B $45 $59 $0D $0A      `bench PC_KEY..
[USB SEND 2026-09-22T23:37:51.217] Sent 4 bytes
[USB SEND HEX/ASCII]:
  0000: $00 $00 $00 $00                                                   ....
[USB RECV 2026-09-22T23:37:51.281] Received 15 bytes
[USB RECV HEX/ASCII]:
  0000: $60 $62 $65 $6E $63 $68 $20 $50  $43 $5F $4B $45 $59 $0D $0A      `bench PC_KEY..
[USB SEND 2026-09-22T23:37:51.281] Sent 4 bytes
[USB SEND HEX/ASCII]:
  0000: $00 $00 $00 $00                                                   ....
[USB RECV 2026-09-22T23:37:51.345] Received 15 bytes
[USB RECV HEX/ASCII]:
  0000: $60 $62 $65 $6E $63 $68 $20 $50  $43 $5F $4B $45 $59 $0D $0A      `bench PC_KEY..
[USB SEND 2026-09-22T23:37:51.345] Sent 4 bytes
[USB SEND HEX/ASCII]:
  0000: $00 $00 $00 $00                                                   ....
[USB RECV 2026-09-22T23:37:51.409] Received 15 bytes
[USB RECV HEX/ASCII]:
  0000: $60 $62 $65 $6E $63 $68 $20 $50  $43 $5F $4B $45 $59 $0D $0A      `bench PC_KEY..
[USB SEND 2026-09-22T23:37:51.409] Sent 4 bytes
[USB SEND HEX/ASCII]:
  0000: $00 $00 $00 $00                                                   ....
[USB RECV 2026-09-22T23:37:51.473] Received 15 bytes
[USB RECV HEX/ASCII]:
  0000: $60 $62 $65 $6E $63 $68 $20 $50  $43 $5F $4B $45 $59 $0D $0A      `bench PC_KEY..
[USB SEND 2026-09-22T23:37:51.473] Sent 4 bytes
[USB SEND HEX/ASCII]:
  0000: $00 $00 $00 $00                                                   ....
[USB RECV 2026-09-22T23:37:51.537] Received 15 bytes
[USB RECV HEX/ASCII]:
  0000: $60 $62 $65 $6E $63 $68 $20 $50  $43 $5F $4B $45 $59 $0D $0A      `bench PC_KEY..
[USB SEND 2026-09-22T23:37:51.537] Sent 4 bytes
[USB SEND HEX/ASCII]:
  0000: $00 $00 $00 $00                                                   ....
[USB RECV 2026-09-22T23:37:51.601] Received 15 bytes
[USB RECV HEX/ASCII]:
  0000: $60 $62 $65 $6E $63 $68 $20 $50  $43 $5F $4B $45 $59 $0D $0A      `bench PC_KEY..
[USB SEND 2026-09-22T23:37:51.601] Sent 4 bytes
[USB SEND HEX/ASCII]:
  0000: $00 $00 $00 $00                                                   ....
[USB RECV 2026-09-22T23:37:51.665] Received 15 bytes
[USB RECV HEX/ASCII]:
  0000: $60 $62 $65 $6E $63 $68 $20 $50  $43 $5F $4B $45 $59 $0D $0A      `bench PC_KEY..
[USB SEND 2026-09-22T23:37:51.665] Sent 4 bytes
[USB SEND HEX/ASCII]:
  0000: $00 $00 $00 $00                                                   ....
[USB RECV 2026-09-22T23:37:51.729] Received 15 bytes
[USB RECV HEX/ASCII]:
  0000: $60 $62 $65 $6E $63 $68 $20 $50  $43 $5F $4B $45 $59 $0D $0A      `bench PC_KEY..
[USB SEND 2026-09-22T23:37:51.729] Sent 4 bytes
[USB SEND HEX/ASCII]:
  0000: $00 $00 $00 $00                                                   ....
[USB RECV 2026-09-22T23:37:51.793] Received 15 bytes
[USB RECV HEX/ASCII]:
  0000: $60 $62 $65 $6E $63 $68 $20 $50  $43 $5F $4B $45 $59 $0D $0A      `bench PC_KEY..
[USB SEND 2026-09-22T23:37:51.793] Sent 4 bytes
[USB SEND HEX/ASCII]:
  0000: $00 $00 $00 $00                                                   ....
[USB RECV 2026-09-22T23:37:51.857] Received 15 bytes
[USB RECV HEX/ASCII]:
  0000: $60 $62 $65 $6E $63 $68 $20 $50  $43 $5F $4B $45 $59 $0D $0A      `bench PC_KEY..
[USB SEND 2026-09-22T23:37:51.857] Sent 4 bytes
[USB SEND HEX/ASCII]:
  0000: $00 $00 $00 $00                                                   ....
[USB RECV 2026-09-22T23:37:51.921] Received 15 bytes
[USB RECV HEX/ASCII]:
  0000: $60 $62 $65 $6E $63 $68 $20 $50  $43 $5F $4B $45 $59 $0D $0A      `bench PC_KEY..
[USB SEND 2026-09-22T23:37:51.921] Sent 4 bytes
[USB SEND HEX/ASCII]:
  0000: $00 $00 $00 $00                                                   ....
[USB RECV 2026-09-22T23:37:51.985] Received 15 bytes
[USB RECV HEX/ASCII]:
  0000: $60 $62 $65 $6E $63 $68 $20 $50  $43 $5F $4B $45 $59 $0D $0A      `bench PC_KEY..
[USB SEND 2026-09-22T23:37:51.985] Sent 4 bytes
[USB SEND HEX/ASCII]:
  0000: $00 $00 $00 $00                                                   ....
[USB RECV 2026-09-22T23:37:52.049] Received 15 bytes
[USB RECV HEX/ASCII]:
  0000: $60 $62 $65 $6E $63 $68 $20 $50  $43 $5F $4B $45 $59 $0D $0A      `bench PC_KEY..
[USB SEND 2026-09-22T23:37:52.049] Sent 4 bytes
[USB SEND HEX/ASCII]:
  0000: $00 $00 $00 $00                                                   ....
[USB RECV 2026-09-22T23:37:52.113] Received 15 bytes
[USB RECV HEX/ASCII]:
  0000: $60 $62 $65 $6E $63 $68 $20 $50  $43 $5F $4B $45 $59 $0D $0A      `bench PC_KEY..
[USB SEND 2026-09-22T23:37:52.114] Sent 4 bytes
[USB SEND HEX/ASCII]:
  0000: $00 $00 $00 $00                                                   ....
[USB RECV 2026-09-22T23:37:52.177] Received 15 bytes
[USB RECV HEX/ASCII]:
  0000: $60 $62 $65 $6E $63 $68 $20 $50  $43 $5F $4B $45 $59 $0D $0A      `bench PC_KEY..
[USB SEND 2026-09-22T23:37:52.177] Sent 4 bytes
[USB SEND HEX/ASCII]:
  0000: $00 $00 $00 $00                                                   ....
[USB RECV 2026-09-22T23:37:52.241] Received 15 bytes
[USB RECV HEX/ASCII]:
  0000: $60 $62 $65 $6E $63 $68 $20 $50  $43 $5F $4B $45 $59 $0D $0A      `bench PC_KEY..
[USB SEND 2026-09-22T23:37:52.241] Sent 4 bytes
[USB SEND HEX/ASCII]:
  0000: $00 $00 $00 $00                                                   ....
[USB RECV 2026-09-22T23:37:52.305] Received 15 bytes
[USB RECV HEX/ASCII]:
  0000: $60 $62 $65 $6E $63 $68 $20 $50  $43 $5F $4B $45 $59 $0D $0A      `bench PC_KEY..
[USB SEND 2026-09-22T23:37:52.306] Sent 4 bytes
[USB SEND HEX/ASCII]:
  0000: $00 $00 $00 $00                                                   ....
[USB RECV 2026-09-22T23:37:52.369] Received 15 bytes
[USB RECV HEX/ASCII]:
  0000: $60 $62 $65 $6E $63 $68 $20 $50  $43 $5F $4B $45 $59 $0D $0A      `bench PC_KEY..
[USB SEND 2026-09-22T23:37:52.370] Sent 4 bytes
[USB SEND HEX/ASCII]:
  0000: $00 $00 $00 $00                                                   ....
[USB RECV 2026-09-22T23:37:52.433] Received 15 bytes
[USB RECV HEX/ASCII]:
  0000: $60 $62 $65 $6E $63 $68 $20 $50  $43 $5F $4B $45 $59 $0D $0A      `bench PC_KEY..
[USB SEND 2026-09-22T23:37:52.434] Sent 4 bytes
[USB SEND HEX/ASCII]:
  0000: $00 $00 $00 $00                                                   ....
[USB RECV 2026-09-22T23:37:52.497] Received 15 bytes
[USB RECV HEX/ASCII]:
  0000: $60 $62 $65 $6E $63 $68 $20 $50  $43 $5F $4B $45 $59 $0D $0A      `bench PC_KEY..
[USB SEND 2026-09-22T23:37:52.498] Sent 4 bytes
[USB SEND HEX/ASCII]:
  0000: $00 $00 $00 $00                                                   ....
[USB RECV 2026-09-22T23:37:52.561] Received 15 bytes
[USB RECV HEX/ASCII]:
  0000: $60 $62 $65 $6E $63 $68 $20 $50  $43 $5F $4B $45 $59 $0D $0A      `bench PC_KEY..
[USB SEND 2026-09-22T23:37:52.562] Sent 4 bytes
[USB SEND HEX/ASCII]:
  0000: $00 $00 $00 $00                                                   ....
[USB RECV 2026-09-22T23:37:52.625] Received 15 bytes
[USB RECV HEX/ASCII]:
  0000: $60 $62 $65 $6E $63 $68 $20 $50  $43 $5F $4B $45 $59 $0D $0A      `bench PC_KEY..
[USB SEND 2026-09-22T23:37:52.626] Sent 4 bytes
[USB SEND HEX/ASCII]:
  0000: $00 $00 $00 $00                                                   ....
[USB RECV 2026-09-22T23:37:52.689] Received 15 bytes
[USB RECV HEX/ASCII]:
  0000: $60 $62 $65 $6E $63 $68 $20 $50  $43 $5F $4B $45 $59 $0D $0A      `bench PC_KEY..
[USB SEND 2026-09-22T23:37:52.690] Sent 4 bytes
[USB SEND HEX/ASCII]:
  0000: $00 $00 $00 $00                                                   ....
[USB RECV 2026-09-22T23:37:52.754] Received 15 bytes
[USB RECV HEX/ASCII]:
  0000: $60 $62 $65 $6E $63 $68 $20 $50  $43 $5F $4B $45 $59 $0D $0A      `bench PC_KEY..
[USB SEND 2026-09-22T23:37:52.754] Sent 4 bytes
[USB SEND HEX/ASCII]:
  0000: $00 $00 $00 $00                                                   ....
[USB RECV 2026-09-22T23:37:52.818] Received 15 bytes
[USB RECV HEX/ASCII]:
  0000: $60 $62 $65 $6E $63 $68 $20 $50  $43 $5F $4B $45 $59 $0D $0A      `bench PC_KEY..
[USB SEND 2026-09-22T23:37:52.818] Sent 4 bytes
[USB SEND HEX/ASCII]:
  0000: $00 $00 $00 $00                                                   ....
[USB RECV 2026-09-22T23:37:52.882] Received 15 bytes
[USB RECV HEX/ASCII]:
  0000: $60 $62 $65 $6E $63 $68 $20 $50  $43 $5F $4B $45 $59 $0D $0A      `bench PC_KEY..
[USB SEND 2026-09-22T23:37:52.882] Sent 4 bytes
[USB SEND HEX/ASCII]:
  0000: $00 $00 $00 $00                                                   ....
[USB RECV 2026-09-22T23:37:52.946] Received 15 bytes
[USB RECV HEX/ASCII]:
  0000: $60 $62 $65 $6E $63 $68 $20 $50  $43 $5F $4B $45 $59 $0D $0A      `bench PC_KEY..
[USB SEND 2026-09-22T23:37:52.946] Sent 4 bytes
[USB SEND HEX/ASCII]:
  0000: $00 $00 $00 $00                                                   ....
[USB RECV 2026-09-22T23:37:53.010] Received 15 bytes
[USB RECV HEX/ASCII]:
  0000: $60 $62 $65 $6E $63 $68 $20 $50  $43 $5F $4B $45 $59 $0D $0A      `bench PC_KEY..
[USB SEND 2026-09-22T23:37:53.010] Sent 4 bytes
[USB SEND HEX/ASCII]:
  0000: $00 $00 $00 $00                                                   ....
[USB RECV 2026-09-22T23:37:53.074] Received 15 bytes
[USB RECV HEX/ASCII]:
  0000: $60 $62 $65 $6E $63 $68 $20 $50  $43 $5F $4B $45 $59 $0D $0A      `bench PC_KEY..
[USB SEND 2026-09-22T23:37:53.074] Sent 4 bytes
[USB SEND HEX/ASCII]:
  0000: $00 $00 $00 $00                                                   ....
[USB RECV 2026-09-22T23:37:53.138] Received 15 bytes
[USB RECV HEX/ASCII]:
  0000: $60 $62 $65 $6E $63 $68 $20 $50  $43 $5F $4B $45 $59 $0D $0A      `bench PC_KEY..
[USB SEND 2026-09-22T23:37:53.138] Sent 4 bytes
[USB SEND HEX/ASCII]:
  0000: $00 $00 $00 $00                                                   ....
[USB RECV 2026-09-22T23:37:53.202] Received 15 bytes
[USB RECV HEX/ASCII]:
  0000: $60 $62 $65 $6E $63 $68 $20 $50  $43 $5F $4B $45 $59 $0D $0A      `bench PC_KEY..
[USB SEND 2026-09-22T23:37:53.202] Sent 4 bytes
[USB SEND HEX/ASCII]:
  0000: $00 $00 $00 $00                                                   ....
[USB RECV 2026-09-22T23:37:53.266] Received 15 bytes
[USB RECV HEX/ASCII]:
  0000: $60 $62 $65 $6E $63 $68 $20 $50  $43 $5F $4B $45 $59 $0D $0A      `bench PC_KEY..
[USB SEND 2026-09-22T23:37:53.266] Sent 4 bytes
[USB SEND HEX/ASCII]:
  0000: $00 $00 $00 $00                                                   ....
[USB RECV 2026-09-22T23:37:53.330] Received 15 bytes
[USB RECV HEX/ASCII]:
  0000: $60 $62 $65 $6E $63 $68 $20 $50  $43 $5F $4B $45 $59 $0D $0A      `bench PC_KEY..
[USB SEND 2026-09-22T23:37:53.330] Sent 4 bytes
[USB SEND HEX/ASCII]:
  0000: $00 $00 $00 $00                                                   ....
[USB RECV 2026-09-22T23:37:53.394] Received 15 bytes
[USB RECV HEX/ASCII]:
  0000: $60 $62 $65 $6E $63 $68 $20 $50  $43 $5F $4B $45 $59 $0D $0A      `bench PC_KEY..
[USB SEND 2026-09-22T23:37:53.394] Sent 4 bytes
[USB SEND HEX/ASCII]:
  0000: $00 $00 $00 $00                                                   ....
[USB RECV 2026-09-22T23:37:53.458] Received 15 bytes
[USB RECV HEX/ASCII]:
  0000: $60 $62 $65 $6E $63 $68 $20 $50  $43 $5F $4B $45 $59 $0D $0A      `bench PC_KEY..
[USB SEND 2026-09-22T23:37:53.458] Sent 4 bytes
[USB SEND HEX/ASCII]:
  0000: $00 $00 $00 $00                                                   ....
[USB RECV 2026-09-22T23:37:53.522] Received 15 bytes
[USB RECV HEX/ASCII]:
  0000: $60 $62 $65 $6E $63 $68 $20 $50  $43 $5F $4B $45 $59 $0D $0A      `bench PC_KEY..
[USB SEND 2026-09-22T23:37:53.522] Sent 4 bytes
[USB SEND HEX/ASCII]:
  0000: $00 $00 $00 $00                                                   ....
[USB RECV 2026-09-22T23:37:53.586] Received 15 bytes
[USB RECV HEX/ASCII]:
  0000: $60 $62 $65 $6E $63 $68 $20 $50  $43 $5F $4B $45 $59 $0D $0A      `bench PC_KEY..
[USB SEND 2026-09-22T23:37:53.586] Sent 4 bytes
[USB SEND HEX/ASCII]:
  0000: $00 $00 $00 $00                                                   ....
[USB RECV 2026-09-22T23:37:53.650] Received 15 bytes
[USB RECV HEX/ASCII]:
  0000: $60 $62 $65 $6E $63 $68 $20 $50  $43 $5F $4B $45 $59 $0D $0A      `bench PC_KEY..
[USB SEND 2026-09-22T23:37:53.650] Sent 4 bytes
[USB SEND HEX/ASCII]:
  0000: $00 $00 $00 $00                                                   ....
[USB RECV 2026-09-22T23:37:53.714] Received 15 bytes
[USB RECV HEX/ASCII]:
  0000: $60 $62 $65 $6E $63 $68 $20 $50  $43 $5F $4B $45 $59 $0D $0A      `bench PC_KEY..
[USB SEND 2026-09-22T23:37:53.714] Sent 4 bytes
[USB SEND HEX/ASCII]:
  0000: $00 $00 $00 $00                                                   ....
[USB RECV 2026-09-22T23:37:53.778] Received 15 bytes
[USB RECV HEX/ASCII]:
  0000: $60 $62 $65 $6E $63 $68 $20 $50  $43 $5F $4B $45 $59 $0D $0A      `bench PC_KEY..
[USB SEND 2026-09-22T23:37:53.778] Sent 4 bytes
[USB SEND HEX/ASCII]:
  0000: $00 $00 $00 $00                                                   ....
[USB RECV 2026-09-22T23:37:53.842] Received 15 bytes
[USB RECV HEX/ASCII]:
  0000: $60 $62 $65 $6E $63 $68 $20 $50  $43 $5F $4B $45 $59 $0D $0A      `bench PC_KEY..
[USB SEND 2026-09-22T23:37:53.842] Sent 4 bytes
[USB SEND HEX/ASCII]:
  0000: $00 $00 $00 $00                                                   ....
[USB RECV 2026-09-22T23:37:53.906] Received 15 bytes
[USB RECV HEX/ASCII]:
  0000: $60 $62 $65 $6E $63 $68 $20 $50  $43 $5F $4B $45 $59 $0D $0A      `bench PC_KEY..
[USB SEND 2026-09-22T23:37:53.906] Sent 4 bytes
[USB SEND HEX/ASCII]:
  0000: $00 $00 $00 $00                                                   ....
[USB RECV 2026-09-22T23:37:53.970] Received 15 bytes
[USB RECV HEX/ASCII]:
  0000: $60 $62 $65 $6E $63 $68 $20 $50  $43 $5F $4B $45 $59 $0D $0A      `bench PC_KEY..
[USB SEND 2026-09-22T23:37:53.970] Sent 4 bytes
[USB SEND HEX/ASCII]:
  0000: $00 $00 $00 $00                                                   ....
[USB RECV 2026-09-22T23:37:54.034] Received 15 bytes
[USB RECV HEX/ASCII]:
  0000: $60 $62 $65 $6E $63 $68 $20 $50  $43 $5F $4B $45 $59 $0D $0A      `bench PC_KEY..
[USB SEND 2026-09-22T23:37:54.034] Sent 4 bytes
[USB SEND HEX/ASCII]:
  0000: $00 $00 $00 $00                                                   ....
[USB RECV 2026-09-22T23:37:54.098] Received 15 bytes
[USB RECV HEX/ASCII]:
  0000: $60 $62 $65 $6E $63 $68 $20 $50  $43 $5F $4B $45 $59 $0D $0A      `bench PC_KEY..
[USB SEND 2026-09-22T23:37:54.098] Sent 4 bytes
[USB SEND HEX/ASCII]:
  0000: $00 $00 $00 $00                                                   ....
[USB RECV 2026-09-22T23:37:54.162] Received 15 bytes
[USB RECV HEX/ASCII]:
  0000: $60 $62 $65 $6E $63 $68 $20 $50  $43 $5F $4B $45 $59 $0D $0A      `bench PC_KEY..
[USB SEND 2026-09-22T23:37:54.162] Sent 4 bytes
[USB SEND HEX/ASCII]:
  0000: $00 $00 $00 $00                                                   ....
[USB RECV 2026-09-22T23:37:54.226] Received 15 bytes
[USB RECV HEX/ASCII]:
  0000: $60 $62 $65 $6E $63 $68 $20 $50  $43 $5F $4B $45 $59 $0D $0A      `bench PC_KEY..
[USB SEND 2026-09-22T23:37:54.226] Sent 4 bytes
[USB SEND HEX/ASCII]:
  0000: $00 $00 $00 $00                                                   ....
[USB RECV 2026-09-22T23:37:54.290] Received 15 bytes
[USB RECV HEX/ASCII]:
  0000: $60 $62 $65 $6E $63 $68 $20 $50  $43 $5F $4B $45 $59 $0D $0A      `bench PC_KEY..
[USB SEND 2026-09-22T23:37:54.290] Sent 4 bytes
[USB SEND HEX/ASCII]:
  0000: $00 $00 $00 $00                                                   ....
[USB RECV 2026-09-22T23:37:54.354] Received 15 bytes
[USB RECV HEX/ASCII]:
  0000: $60 $62 $65 $6E $63 $68 $20 $50  $43 $5F $4B $45 $59 $0D $0A      `bench PC_KEY..
[USB SEND 2026-09-22T23:37:54.355] Sent 4 bytes
[USB SEND HEX/ASCII]:
  0000: $00 $00 $00 $00                                                   ....
[USB RECV 2026-09-22T23:37:54.418] Received 15 bytes
[USB RECV HEX/ASCII]:
  0000: $60 $62 $65 $6E $63 $68 $20 $50  $43 $5F $4B $45 $59 $0D $0A      `bench PC_KEY..
[USB SEND 2026-09-22T23:37:54.419] Sent 4 bytes
[USB SEND HEX/ASCII]:
  0000: $00 $00 $00 $00                                                   ....
[USB RECV 2026-09-22T23:37:54.482] Received 15 bytes
[USB RECV HEX/ASCII]:
  0000: $60 $62 $65 $6E $63 $68 $20 $50  $43 $5F $4B $45 $59 $0D $0A      `bench PC_KEY..
[USB SEND 2026-09-22T23:37:54.483] Sent 4 bytes
[USB SEND HEX/ASCII]:
  0000: $00 $00 $00 $00                                                   ....
[USB RECV 2026-09-22T23:37:54.546] Received 15 bytes
[USB RECV HEX/ASCII]:
  0000: $60 $62 $65 $6E $63 $68 $20 $50  $43 $5F $4B $45 $59 $0D $0A      `bench PC_KEY..
[USB SEND 2026-09-22T23:37:54.547] Sent 4 bytes
[USB SEND HEX/ASCII]:
  0000: $00 $00 $00 $00                                                   ....
[USB RECV 2026-09-22T23:37:54.610] Received 15 bytes
[USB RECV HEX/ASCII]:
  0000: $60 $62 $65 $6E $63 $68 $20 $50  $43 $5F $4B $45 $59 $0D $0A      `bench PC_KEY..
[USB SEND 2026-09-22T23:37:54.611] Sent 4 bytes
[USB SEND HEX/ASCII]:
  0000: $00 $00 $00 $00                                                   ....
[USB RECV 2026-09-22T23:37:54.675] Received 15 bytes
[USB RECV HEX/ASCII]:
  0000: $60 $62 $65 $6E $63 $68 $20 $50  $43 $5F $4B $45 $59 $0D $0A      `bench PC_KEY..
[USB SEND 2026-09-22T23:37:54.675] Sent 4 bytes
[USB SEND HEX/ASCII]:
  0000: $00 $00 $00 $00                                                   ....
[USB RECV 2026-09-22T23:37:54.739] Received 15 bytes
[USB RECV HEX/ASCII]:
  0000: $60 $62 $65 $6E $63 $68 $20 $50  $43 $5F $4B $45 $59 $0D $0A      `bench PC_KEY..
[USB SEND 2026-09-22T23:37:54.739] Sent 4 bytes
[USB SEND HEX/ASCII]:
  0000: $00 $00 $00 $00                                                   ....
[USB RECV 2026-09-22T23:37:54.803] Received 15 bytes
[USB RECV HEX/ASCII]:
  0000: $60 $62 $65 $6E $63 $68 $20 $50  $43 $5F $4B $45 $59 $0D $0A      `bench PC_KEY..
[USB SEND 2026-09-22T23:37:54.803] Sent 4 bytes
[USB SEND HEX/ASCII]:
  0000: $00 $00 $00 $00                                                   ....
[USB RECV 2026-09-22T23:37:54.867] Received 15 bytes
[USB RECV HEX/ASCII]:
  0000: $60 $62 $65 $6E $63 $68 $20 $50  $43 $5F $4B $45 $59 $0D $0A      `bench PC_KEY..
[USB SEND 2026-09-22T23:37:54.867] Sent 4 bytes
[USB SEND HEX/ASCII]:
  0000: $00 $00 $00 $00                                                   ....
[USB RECV 2026-09-22T23:37:54.931] Received 15 bytes
[USB RECV HEX/ASCII]:
  0000: $60 $62 $65 $6E $63 $68 $20 $50  $43 $5F $4B $45 $59 $0D $0A      `bench PC_KEY..
[USB SEND 2026-09-22T23:37:54.931] Sent 4 bytes
[USB SEND HEX/ASCII]:
  0000: $00 $00 $00 $00                                                   ....
[USB RECV 2026-09-22T23:37:54.995] Received 15 bytes
[USB RECV HEX/ASCII]:
  0000: $60 $62 $65 $6E $63 $68 $20 $50  $43 $5F $4B $45 $59 $0D $0A      `bench PC_KEY..
[USB SEND 2026-09-22T23:37:54.995] Sent 4 bytes
[USB SEND HEX/ASCII]:
  0000: $00 $00 $00 $00                                                   ....
[USB RECV 2026-09-22T23:37:55.059] Received 15 bytes
[USB RECV HEX/ASCII]:
  0000: $60 $62 $65 $6E $63 $68 $20 $50  $43 $5F $4B $45 $59 $0D $0A      `bench PC_KEY..
[USB SEND 2026-09-22T23:37:55.059] Sent 4 bytes
[USB SEND HEX/ASCII]:
  0000: $00 $00 $00 $00                                                   ....
[USB RECV 2026-09-22T23:37:55.123] Received 15 bytes
[USB RECV HEX/ASCII]:
  0000: $60 $62 $65 $6E $63 $68 $20 $50  $43 $5F $4B $45 $59 $0D $0A      `bench PC_KEY..
[USB SEND 2026-09-22T23:37:55.123] Sent 4 bytes
[USB SEND HEX/ASCII]:
  0000: $00 $00 $00 $00                                                   ....
[USB RECV 2026-09-22T23:37:55.187] Received 15 bytes
[USB RECV HEX/ASCII]:
  0000: $60 $62 $65 $6E $63 $68 $20 $50  $43 $5F $4B $45 $59 $0D $0A      `bench PC_KEY..
[USB SEND 2026-09-22T23:37:55.187] Sent 4 bytes
[USB SEND HEX/ASCII]:
  0000: $00 $00 $00 $00                                                   ....
[USB RECV 2026-09-22T23:37:55.251] Received 15 bytes
[USB RECV HEX/ASCII]:
  0000: $60 $62 $65 $6E $63 $68 $20 $50  $43 $5F $4B $45 $59 $0D $0A      `bench PC_KEY..
[USB SEND 2026-09-22T23:37:55.251] Sent 4 bytes
[USB SEND HEX/ASCII]:
  0000: $00 $00 $00 $00                                                   ....
[USB RECV 2026-09-22T23:37:55.315] Received 15 bytes
[USB RECV HEX/ASCII]:
  0000: $60 $62 $65 $6E $63 $68 $20 $50  $43 $5F $4B $45 $59 $0D $0A      `bench PC_KEY..
[USB SEND 2026-09-22T23:37:55.315] Sent 4 bytes
[USB SEND HEX/ASCII]:
  0000: $00 $00 $00 $00                                                   ....
[USB RECV 2026-09-22T23:37:55.379] Received 15 bytes
[USB RECV HEX/ASCII]:
  0000: $60 $62 $65 $6E $63 $68 $20 $50  $43 $5F $4B $45 $59 $0D $0A      `bench PC_KEY..
[USB SEND 2026-09-22T23:37:55.379] Sent 4 bytes
[USB SEND HEX/ASCII]:
  0000: $00 $00 $00 $00                                                   ....
[USB RECV 2026-09-22T23:37:55.443] Received 15 bytes
[USB RECV HEX/ASCII]:
  0000: $60 $62 $65 $6E $63 $68 $20 $50  $43 $5F $4B $45 $59 $0D $0A      `bench PC_KEY..
[USB SEND 2026-09-22T23:37:55.443] Sent 4 bytes
[USB SEND HEX/ASCII]:
  0000: $00 $00 $00 $00                                                   ....
[USB RECV 2026-09-22T23:37:55.507] Received 15 bytes
[USB RECV HEX/ASCII]:
  0000: $60 $62 $65 $6E $63 $68 $20 $50  $43 $5F $4B $45 $59 $0D $0A      `bench PC_KEY..
[USB SEND 2026-09-22T23:37:55.507] Sent 4 bytes
[USB SEND HEX/ASCII]:
  0000: $00 $00 $00 $00                                                   ....
[USB RECV 2026-09-22T23:37:55.571] Received 15 bytes
[USB RECV HEX/ASCII]:
  0000: $60 $62 $65 $6E $63 $68 $20 $50  $43 $5F $4B $45 $59 $0D $0A      `bench PC_KEY..
[USB SEND 2026-09-22T23:37:55.571] Sent 4 bytes
[USB SEND HEX/ASCII]:
  0000: $00 $00 $00 $00                                                   ....
[USB RECV 2026-09-22T23:37:55.635] Received 15 bytes
[USB RECV HEX/ASCII]:
  0000: $60 $62 $65 $6E $63 $68 $20 $50  $43 $5F $4B $45 $59 $0D $0A      `bench PC_KEY..
[USB SEND 2026-09-22T23:37:55.635] Sent 4 bytes
[USB SEND HEX/ASCII]:
  0000: $00 $00 $00 $00                                                   ....
[USB RECV 2026-09-22T23:37:55.699] Received 15 bytes
[USB RECV HEX/ASCII]:
  0000: $60 $62 $65 $6E $63 $68 $20 $50  $43 $5F $4B $45 $59 $0D $0A      `bench PC_KEY..
[USB SEND 2026-09-22T23:37:55.699] Sent 4 bytes
[USB SEND HEX/ASCII]:
  0000: $00 $00 $00 $00                                                   ....
[USB RECV 2026-09-22T23:37:55.763] Received 15 bytes
[USB RECV HEX/ASCII]:
  0000: $60 $62 $65 $6E $63 $68 $20 $50  $43 $5F $4B $45 $59 $0D $0A      `bench PC_KEY..
[USB SEND 2026-09-22T23:37:55.763] Sent 4 bytes
[USB SEND HEX/ASCII]:
  0000: $00 $00 $00 $00                                                   ....
[USB RECV 2026-09-22T23:37:55.827] Received 15 bytes
[USB RECV HEX/ASCII]:
  0000: $60 $62 $65 $6E $63 $68 $20 $50  $43 $5F $4B $45 $59 $0D $0A      `bench PC_KEY..
[USB SEND 2026-09-22T23:37:55.827] Sent 4 bytes
[USB SEND HEX/ASCII]:
  0000: $00 $00 $00 $00                                                   ....
[USB RECV 2026-09-22T23:37:55.892] Received 15 bytes
[USB RECV HEX/ASCII]:
  0000: $60 $62 $65 $6E $63 $68 $20 $50  $43 $5F $4B $45 $59 $0D $0A      `bench PC_KEY..
[USB SEND 2026-09-22T23:37:55.892] Sent 4 bytes
[USB SEND HEX/ASCII]:
  0000: $00 $00 $00 $00                                                   ....
[USB RECV 2026-09-22T23:37:55.955] Received 15 bytes
[USB RECV HEX/ASCII]:
  0000: $60 $62 $65 $6E $63 $68 $20 $50  $43 $5F $4B $45 $59 $0D $0A      `bench PC_KEY..
[USB SEND 2026-09-22T23:37:55.955] Sent 4 bytes
[USB SEND HEX/ASCII]:
  0000: $00 $00 $00 $00                                                   ....
[USB RECV 2026-09-22T23:37:56.019] Received 15 bytes
[USB RECV HEX/ASCII]:
  0000: $60 $62 $65 $6E $63 $68 $20 $50  $43 $5F $4B $45 $59 $0D $0A      `bench PC_KEY..
[USB SEND 2026-09-22T23:37:56.020] Sent 4 bytes
[USB SEND HEX/ASCII]:
  0000: $00 $00 $00 $00                                                   ....
[USB RECV 2026-09-22T23:37:56.083] Received 15 bytes
[USB RECV HEX/ASCII]:
  0000: $60 $62 $65 $6E $63 $68 $20 $50  $43 $5F $4B $45 $59 $0D $0A      `bench PC_KEY..
[USB SEND 2026-09-22T23:37:56.083] Sent 4 bytes
[USB SEND HEX/ASCII]:
  0000: $00 $00 $00 $00                                                   ....
[USB RECV 2026-09-22T23:37:56.147] Received 15 bytes
[USB RECV HEX/ASCII]:
  0000: $60 $62 $65 $6E $63 $68 $20 $50  $43 $5F $4B $45 $59 $0D $0A      `bench PC_KEY..
[USB SEND 2026-09-22T23:37:56.147] Sent 4 bytes
[USB SEND HEX/ASCII]:
  0000: $00 $00 $00 $00                                                   ....
[USB RECV 2026-09-22T23:37:56.211] Received 15 bytes
[USB RECV HEX/ASCII]:
  0000: $60 $62 $65 $6E $63 $68 $20 $50  $43 $5F $4B $45 $59 $0D $0A      `bench PC_KEY..
[USB SEND 2026-09-22T23:37:56.212] Sent 4 bytes
[USB SEND HEX/ASCII]:
  0000: $00 $00 $00 $00                                                   ....
[USB RECV 2026-09-22T23:37:56.275] Received 15 bytes
[USB RECV HEX/ASCII]:
  0000: $60 $62 $65 $6E $63 $68 $20 $50  $43 $5F $4B $45 $59 $0D $0A      `bench PC_KEY..
[USB SEND 2026-09-22T23:37:56.276] Sent 4 bytes
[USB SEND HEX/ASCII]:
  0000: $00 $00 $00 $00                                                   ....
[USB RECV 2026-09-22T23:37:56.339] Received 15 bytes
[USB RECV HEX/ASCII]:
  0000: $60 $62 $65 $6E $63 $68 $20 $50  $43 $5F $4B $45 $59 $0D $0A      `bench PC_KEY..
[USB SEND 2026-09-22T23:37:56.340] Sent 4 bytes
[USB SEND HEX/ASCII]:
  0000: $00 $00 $00 $00                                                   ....
[USB RECV 2026-09-22T23:37:56.403] Received 15 bytes
[USB RECV HEX/ASCII]:
  0000: $60 $62 $65 $6E $63 $68 $20 $50  $43 $5F $4B $45 $59 $0D $0A      `bench PC_KEY..
[USB SEND 2026-09-22T23:37:56.404] Sent 4 bytes
[USB SEND HEX/ASCII]:
  0000: $00 $00 $00 $00                                                   ....
[USB RECV 2026-09-22T23:37:56.467] Received 15 bytes
[USB RECV HEX/ASCII]:
  0000: $60 $62 $65 $6E $63 $68 $20 $50  $43 $5F $4B $45 $59 $0D $0A      `bench PC_KEY..
[USB SEND 2026-09-22T23:37:56.468] Sent 4 bytes
[USB SEND HEX/ASCII]:
  0000: $00 $00 $00 $00                                                   ....
[USB RECV 2026-09-22T23:37:56.531] Received 15 bytes
[USB RECV HEX/ASCII]:
  0000: $60 $62 $65 $6E $63 $68 $20 $50  $43 $5F $4B $45 $59 $0D $0A      `bench PC_KEY..
[USB SEND 2026-09-22T23:37:56.532] Sent 4 bytes
[USB SEND HEX/ASCII]:
  0000: $00 $00 $00 $00                                                   ....
[USB RECV 2026-09-22T23:37:56.595] Received 15 bytes
[USB RECV HEX/ASCII]:
  0000: $60 $62 $65 $6E $63 $68 $20 $50  $43 $5F $4B $45 $59 $0D $0A      `bench PC_KEY..
[USB SEND 2026-09-22T23:37:56.596] Sent 4 bytes
[USB SEND HEX/ASCII]:
  0000: $00 $00 $00 $00                                                   ....
[USB RECV 2026-09-22T23:37:56.660] Received 15 bytes
[USB RECV HEX/ASCII]:
  0000: $60 $62 $65 $6E $63 $68 $20 $50  $43 $5F $4B $45 $59 $0D $0A      `bench PC_KEY..
[USB SEND 2026-09-22T23:37:56.660] Sent 4 bytes
[USB SEND HEX/ASCII]:
  0000: $00 $00 $00 $00                                                   ....
[USB RECV 2026-09-22T23:37:56.724] Received 15 bytes
[USB RECV HEX/ASCII]:
  0000: $60 $62 $65 $6E $63 $68 $20 $50  $43 $5F $4B $45 $59 $0D $0A      `bench PC_KEY..
[USB SEND 2026-09-22T23:37:56.724] Sent 4 bytes
[USB SEND HEX/ASCII]:
  0000: $00 $00 $00 $00                                                   ....
[USB RECV 2026-09-22T23:37:56.788] Received 15 bytes
[USB RECV HEX/ASCII]:
  0000: $60 $62 $65 $6E $63 $68 $20 $50  $43 $5F $4B $45 $59 $0D $0A      `bench PC_KEY..
[USB SEND 2026-09-22T23:37:56.788] Sent 4 bytes
[USB SEND HEX/ASCII]:
  0000: $00 $00 $00 $00                                                   ....
[USB RECV 2026-09-22T23:37:56.852] Received 15 bytes
[USB RECV HEX/ASCII]:
  0000: $60 $62 $65 $6E $63 $68 $20 $50  $43 $5F $4B $45 $59 $0D $0A      `bench PC_KEY..
[USB SEND 2026-09-22T23:37:56.852] Sent 4 bytes
[USB SEND HEX/ASCII]:
  0000: $00 $00 $00 $00                                                   ....
[USB RECV 2026-09-22T23:37:56.916] Received 15 bytes
[USB RECV HEX/ASCII]:
  0000: $60 $62 $65 $6E $63 $68 $20 $50  $43 $5F $4B $45 $59 $0D $0A      `bench PC_KEY..
[USB SEND 2026-09-22T23:37:56.916] Sent 4 bytes
[USB SEND HEX/ASCII]:
  0000: $00 $00 $00 $00                                                   ....
[USB RECV 2026-09-22T23:37:56.980] Received 15 bytes
[USB RECV HEX/ASCII]:
  0000: $60 $62 $65 $6E $63 $68 $20 $50  $43 $5F $4B $45 $59 $0D $0A      `bench PC_KEY..
[USB SEND 2026-09-22T23:37:56.980] Sent 4 bytes
[USB SEND HEX/ASCII]:
  0000: $00 $00 $00 $00                                                   ....
[USB RECV 2026-09-22T23:37:57.044] Received 15 bytes
[USB RECV HEX/ASCII]:
  0000: $60 $62 $65 $6E $63 $68 $20 $50  $43 $5F $4B $45 $59 $0D $0A      `bench PC_KEY..
[USB SEND 2026-09-22T23:37:57.044] Sent 4 bytes
[USB SEND HEX/ASCII]:
  0000: $00 $00 $00 $00                                                   ....
[USB RECV 2026-09-22T23:37:57.108] Received 15 bytes
[USB RECV HEX/ASCII]:
  0000: $60 $62 $65 $6E $63 $68 $20 $50  $43 $5F $4B $45 $59 $0D $0A      `bench PC_KEY..
[USB SEND 2026-09-22T23:37:57.108] Sent 4 bytes
[USB SEND HEX/ASCII]:
  0000: $00 $00 $00 $00                                                   ....
[USB RECV 2026-09-22T23:37:57.172] Received 15 bytes
[USB RECV HEX/ASCII]:
  0000: $60 $62 $65 $6E $63 $68 $20 $50  $43 $5F $4B $45 $59 $0D $0A      `bench PC_KEY..
[USB SEND 2026-09-22T23:37:57.172] Sent 4 bytes
[USB SEND HEX/ASCII]:
  0000: $00 $00 $00 $00                                                   ....
[USB RECV 2026-09-22T23:37:57.236] Received 15 bytes
[USB RECV HEX/ASCII]:
  0000: $60 $62 $65 $6E $63 $68 $20 $50  $43 $5F $4B $45 $59 $0D $0A      `bench PC_KEY..
[USB SEND 2026-09-22T23:37:57.236] Sent 4 bytes
[USB SEND HEX/ASCII]:
  0000: $00 $00 $00 $00                                                   ....
[USB RECV 2026-09-22T23:37:57.300] Received 15 bytes
[USB RECV HEX/ASCII]:
  0000: $60 $62 $65 $6E $63 $68 $20 $50  $43 $5F $4B $45 $59 $0D $0A      `bench PC_KEY..
[USB SEND 2026-09-22T23:37:57.300] Sent 4 bytes
[USB SEND HEX/ASCII]:
  0000: $00 $00 $00 $00                                                   ....
[USB RECV 2026-09-22T23:37:57.364] Received 15 bytes
[USB RECV HEX/ASCII]:
  0000: $60 $62 $65 $6E $63 $68 $20 $50  $43 $5F $4B $45 $59 $0D $0A      `bench PC_KEY..
[USB SEND 2026-09-22T23:37:57.364] Sent 4 bytes
[USB SEND HEX/ASCII]:
  0000: $00 $00 $00 $00                                                   ....
[USB RECV 2026-09-22T23:37:57.428] Received 15 bytes
[USB RECV HEX/ASCII]:
  0000: $60 $62 $65 $6E $63 $68 $20 $50  $43 $5F $4B $45 $59 $0D $0A      `bench PC_KEY..
[USB SEND 2026-09-22T23:37:57.428] Sent 4 bytes
[USB SEND HEX/ASCII]:
  0000: $00 $00 $00 $00                                                   ....
[USB RECV 2026-09-22T23:37:57.492] Received 15 bytes
[USB RECV HEX/ASCII]:
  0000: $60 $62 $65 $6E $63 $68 $20 $50  $43 $5F $4B $45 $59 $0D $0A      `bench PC_KEY..
[USB SEND 2026-09-22T23:37:57.492] Sent 4 bytes
[USB SEND HEX/ASCII]:
  0000: $00 $00 $00 $00                                                   ....
[USB RECV 2026-09-22T23:37:57.556] Received 15 bytes
[USB RECV HEX/ASCII]:
  0000: $60 $62 $65 $6E $63 $68 $20 $50  $43 $5F $4B $45 $59 $0D $0A      `bench PC_KEY..
[USB SEND 2026-09-22T23:37:57.556] Sent 4 bytes
[USB SEND HEX/ASCII]:
  0000: $00 $00 $00 $00                                                   ....
[USB RECV 2026-09-22T23:37:57.620] Received 15 bytes
[USB RECV HEX/ASCII]:
  0000: $60 $62 $65 $6E $63 $68 $20 $50  $43 $5F $4B $45 $59 $0D $0A      `bench PC_KEY..
[USB SEND 2026-09-22T23:37:57.620] Sent 4 bytes
[USB SEND HEX/ASCII]:
  0000: $00 $00 $00 $00                                                   ....
[USB RECV 2026-09-22T23:37:57.684] Received 15 bytes
[USB RECV HEX/ASCII]:
  0000: $60 $62 $65 $6E $63 $68 $20 $50  $43 $5F $4B $45 $59 $0D $0A      `bench PC_KEY..
[USB SEND 2026-09-22T23:37:57.684] Sent 4 bytes
[USB SEND HEX/ASCII]:
  0000: $00 $00 $00 $00                                                   ....
[USB RECV 2026-09-22T23:37:57.748] Received 15 bytes
[USB RECV HEX/ASCII]:
  0000: $60 $62 $65 $6E $63 $68 $20 $50  $43 $5F $4B $45 $59 $0D $0A      `bench PC_KEY..
[USB SEND 2026-09-22T23:37:57.748] Sent 4 bytes
[USB SEND HEX/ASCII]:
  0000: $00 $00 $00 $00                                                   ....
[USB RECV 2026-09-22T23:37:57.812] Received 15 bytes
[USB RECV HEX/ASCII]:
  0000: $60 $62 $65 $6E $63 $68 $20 $50  $43 $5F $4B $45 $59 $0D $0A      `bench PC_KEY..
[USB SEND 2026-09-22T23:37:57.812] Sent 4 bytes
[USB SEND HEX/ASCII]:
  0000: $00 $00 $00 $00                                                   ....
[USB RECV 2026-09-22T23:37:57.876] Received 15 bytes
[USB RECV HEX/ASCII]:
  0000: $60 $62 $65 $6E $63 $68 $20 $50  $43 $5F $4B $45 $59 $0D $0A      `bench PC_KEY..
[USB SEND 2026-09-22T23:37:57.876] Sent 4 bytes
[USB SEND HEX/ASCII]:
  0000: $00 $00 $00 $00                                                   ....
[USB RECV 2026-09-22T23:37:57.940] Received 15 bytes
[USB RECV HEX/ASCII]:
  0000: $60 $62 $65 $6E $63 $68 $20 $50  $43 $5F $4B $45 $59 $0D $0A      `bench PC_KEY..
[USB SEND 2026-09-22T23:37:57.940] Sent 4 bytes
[USB SEND HEX/ASCII]:
  0000: $00 $00 $00 $00                                                   ....
[USB RECV 2026-09-22T23:37:58.004] Received 15 bytes
[USB RECV HEX/ASCII]:
  0000: $60 $62 $65 $6E $63 $68 $20 $50  $43 $5F $4B $45 $59 $0D $0A      `bench PC_KEY..
[USB SEND 2026-09-22T23:37:58.004] Sent 4 bytes
[USB SEND HEX/ASCII]:
  0000: $00 $00 $00 $00                                                   ....
[USB RECV 2026-09-22T23:37:58.068] Received 15 bytes
[USB RECV HEX/ASCII]:
  0000: $60 $62 $65 $6E $63 $68 $20 $50  $43 $5F $4B $45 $59 $0D $0A      `bench PC_KEY..
[USB SEND 2026-09-22T23:37:58.068] Sent 4 bytes
[USB SEND HEX/ASCII]:
  0000: $00 $00 $00 $00                                                   ....
[USB RECV 2026-09-22T23:37:58.132] Received 15 bytes
[USB RECV HEX/ASCII]:
  0000: $60 $62 $65 $6E $63 $68 $20 $50  $43 $5F $4B $45 $59 $0D $0A      `bench PC_KEY..
[USB SEND 2026-09-22T23:37:58.132] Sent 4 bytes
[USB SEND HEX/ASCII]:
  0000: $00 $00 $00 $00                                                   ....
[USB RECV 2026-09-22T23:37:58.196] Received 15 bytes
[USB RECV HEX/ASCII]:
  0000: $60 $62 $65 $6E $63 $68 $20 $50  $43 $5F $4B $45 $59 $0D $0A      `bench PC_KEY..
[USB SEND 2026-09-22T23:37:58.196] Sent 4 bytes
[USB SEND HEX/ASCII]:
  0000: $00 $00 $00 $00                                                   ....
[USB RECV 2026-09-22T23:37:58.260] Received 15 bytes
[USB RECV HEX/ASCII]:
  0000: $60 $62 $65 $6E $63 $68 $20 $50  $43 $5F $4B $45 $59 $0D $0A      `bench PC_KEY..
[USB SEND 2026-09-22T23:37:58.261] Sent 4 bytes
[USB SEND HEX/ASCII]:
  0000: $00 $00 $00 $00                                                   ....
[USB RECV 2026-09-22T23:37:58.324] Received 15 bytes
[USB RECV HEX/ASCII]:
  0000: $60 $62 $65 $6E $63 $68 $20 $50  $43 $5F $4B $45 $59 $0D $0A      `bench PC_KEY..
[USB SEND 2026-09-22T23:37:58.325] Sent 4 bytes
[USB SEND HEX/ASCII]:
  0000: $00 $00 $00 $00                                                   ....
[USB RECV 2026-09-22T23:37:58.388] Received 15 bytes
[USB RECV HEX/ASCII]:
  0000: $60 $62 $65 $6E $63 $68 $20 $50  $43 $5F $4B $45 $59 $0D $0A      `bench PC_KEY..
[USB SEND 2026-09-22T23:37:58.389] Sent 4 bytes
[USB SEND HEX/ASCII]:
  0000: $00 $00 $00 $00                                                   ....
[USB RECV 2026-09-22T23:37:58.462] Received 15 bytes
[USB RECV HEX/ASCII]:
  0000: $60 $62 $65 $6E $63 $68 $20 $50  $43 $5F $4B $45 $59 $0D $0A      `bench PC_KEY..
[USB SEND 2026-09-22T23:37:58.462] Sent 4 bytes
[USB SEND HEX/ASCII]:
  0000: $00 $00 $00 $00                                                   ....
[USB RECV 2026-09-22T23:37:58.516] Received 15 bytes
[USB RECV HEX/ASCII]:
  0000: $60 $62 $65 $6E $63 $68 $20 $50  $43 $5F $4B $45 $59 $0D $0A      `bench PC_KEY..
[USB SEND 2026-09-22T23:37:58.517] Sent 4 bytes
[USB SEND HEX/ASCII]:
  0000: $73 $00 $00 $00                                                   s...
[USB RECV 2026-09-22T23:37:58.518] Received 62 bytes
[USB RECV HEX/ASCII]:
  0000: $60 $62 $65 $6E $63 $68 $20 $63  $72 $6F $70 $20 $32 $20 $30 $2C  `bench crop 2 0,
  0010: $20 $33 $32 $2C $20 $32 $30 $30  $2C $20 $33 $32 $2C $20 $31 $32   32, 200, 32, 12
  0020: $2C $20 $31 $30 $34 $0D $0A $60  $62 $65 $6E $63 $68 $20 $63 $72  , 104..`bench cr
  0030: $6F $70 $20 $33 $20 $33 $32 $30  $2C $20 $30 $2C $20 $33          op 3 320, 0, 3
[USB RECV 2026-09-22T23:37:58.518] Received 62 bytes
[USB RECV HEX/ASCII]:
  0000: $32 $2C $20 $34 $30 $2C $20 $31  $34 $30 $2C $20 $31 $34 $30 $0D  2, 40, 140, 140.
  0010: $0A $60 $62 $65 $6E $63 $68 $20  $63 $72 $6F $70 $20 $33 $20 $33  .`bench crop 3 3
  0020: $32 $30 $2C $20 $30 $2C $20 $33  $32 $2C $20 $34 $30 $2C $20 $31  20, 0, 32, 40, 1
  0030: $37 $34 $2C $20 $31 $34 $30 $0D  $0A $60 $62 $65 $6E $63          74, 140..`benc
[USB RECV 2026-09-22T23:37:58.518] Received 62 bytes
[USB RECV HEX/ASCII]:
  0000: $68 $20 $63 $72 $6F $70 $20 $33  $20 $33 $32 $30 $2C $20 $30 $2C  h crop 3 320, 0,
  0010: $20 $33 $32 $2C $20 $34 $30 $2C  $20 $32 $30 $38 $2C $20 $31 $34   32, 40, 208, 14
  0020: $30 $0D $0A $60 $62 $65 $6E $63  $68 $20 $63 $72 $6F $70 $20 $33  0..`bench crop 3
  0030: $20 $30 $2C $20 $30 $2C $20 $33  $32 $2C $20 $34 $30 $2C           0, 0, 32, 40,
[USB RECV 2026-09-22T23:37:58.519] Received 62 bytes
[USB RECV HEX/ASCII]:
  0000: $20 $32 $34 $32 $2C $20 $31 $34  $30 $0D $0A $60 $62 $65 $6E $63   242, 140..`benc
  0010: $68 $20 $63 $72 $6F $70 $20 $33  $20 $33 $32 $30 $2C $20 $30 $2C  h crop 3 320, 0,
  0020: $20 $33 $32 $2C $20 $34 $30 $2C  $20 $31 $34 $30 $2C $20 $31 $38   32, 40, 140, 18
  0030: $34 $0D $0A $60 $62 $65 $6E $63  $68 $20 $63 $72 $6F $70          4..`bench crop
[USB RECV 2026-09-22T23:37:58.519] Received 62 bytes
[USB RECV HEX/ASCII]:
  0000: $20 $33 $20 $33 $32 $30 $2C $20  $30 $2C $20 $33 $32 $2C $20 $34   3 320, 0, 32, 4
  0010: $30 $2C $20 $31 $37 $34 $2C $20  $31 $38 $34 $0D $0A $60 $62 $65  0, 174, 184..`be
  0020: $6E $63 $68 $20 $63 $72 $6F $70  $20 $33 $20 $30 $2C $20 $30 $2C  nch crop 3 0, 0,
  0030: $20 $33 $32 $2C $20 $34 $30 $2C  $20 $32 $30 $38 $2C $20           32, 40, 208, 
[USB RECV 2026-09-22T23:37:58.519] Received 62 bytes
[USB RECV HEX/ASCII]:
  0000: $31 $38 $34 $0D $0A $60 $62 $65  $6E $63 $68 $20 $75 $70 $64 $61  184..`bench upda
  0010: $74 $65 $0D $0A $43 $6F $67 $30  $20 $20 $54 $30 $2D $31 $32 $2C  te..Cog0  T0-12,
  0020: $73 $74 $61 $72 $74 $65 $64 $2C  $68 $61 $6C $6C $5F $70 $69 $6E  started,hall_pin
  0030: $2C $32 $31 $2C $68 $61 $6C $6C  $5F $63 $6F $64 $65 $2C          ,21,hall_code,
[USB RECV 2026-09-22T23:37:58.520] Received 62 bytes
[USB RECV HEX/ASCII]:
  0000: $33 $2C $74 $6F $6C $64 $5F $64  $69 $72 $65 $63 $74 $69 $6F $6E  3,told_direction
  0010: $2C $43 $57 $5F $46 $52 $4F $4D  $5F $48 $55 $42 $2C $70 $72 $6F  ,CW_FROM_HUB,pro
  0020: $6D $70 $74 $2C $70 $72 $65 $73  $73 $5F $53 $50 $41 $43 $45 $5F  mpt,press_SPACE_
  0030: $74 $6F $5F $73 $74 $6F $70 $5F  $63 $6F $75 $6E $74 $0D          to_stop_count.
[USB RECV 2026-09-22T23:37:58.535] Received 1 bytes
[USB RECV HEX/ASCII]:
  0000: $0A                                                               .
[USB RECV 2026-09-22T23:37:58.632] Received 15 bytes
[USB RECV HEX/ASCII]:
  0000: $60 $62 $65 $6E $63 $68 $20 $50  $43 $5F $4B $45 $59 $0D $0A      `bench PC_KEY..
[USB SEND 2026-09-22T23:37:58.632] Sent 4 bytes
[USB SEND HEX/ASCII]:
  0000: $00 $00 $00 $00                                                   ....
[USB RECV 2026-09-22T23:37:58.744] Received 15 bytes
[USB RECV HEX/ASCII]:
  0000: $60 $62 $65 $6E $63 $68 $20 $50  $43 $5F $4B $45 $59 $0D $0A      `bench PC_KEY..
[USB SEND 2026-09-22T23:37:58.744] Sent 4 bytes
[USB SEND HEX/ASCII]:
  0000: $00 $00 $00 $00                                                   ....
[USB RECV 2026-09-22T23:37:58.856] Received 15 bytes
[USB RECV HEX/ASCII]:
  0000: $60 $62 $65 $6E $63 $68 $20 $50  $43 $5F $4B $45 $59 $0D $0A      `bench PC_KEY..
[USB SEND 2026-09-22T23:37:58.856] Sent 4 bytes
[USB SEND HEX/ASCII]:
  0000: $00 $00 $00 $00                                                   ....
[USB RECV 2026-09-22T23:37:58.968] Received 15 bytes
[USB RECV HEX/ASCII]:
  0000: $60 $62 $65 $6E $63 $68 $20 $50  $43 $5F $4B $45 $59 $0D $0A      `bench PC_KEY..
[USB SEND 2026-09-22T23:37:58.968] Sent 4 bytes
[USB SEND HEX/ASCII]:
  0000: $00 $00 $00 $00                                                   ....
[USB RECV 2026-09-22T23:37:59.080] Received 15 bytes
[USB RECV HEX/ASCII]:
  0000: $60 $62 $65 $6E $63 $68 $20 $50  $43 $5F $4B $45 $59 $0D $0A      `bench PC_KEY..
[USB SEND 2026-09-22T23:37:59.080] Sent 4 bytes
[USB SEND HEX/ASCII]:
  0000: $00 $00 $00 $00                                                   ....
[USB RECV 2026-09-22T23:37:59.081] Received 62 bytes
[USB RECV HEX/ASCII]:
  0000: $43 $6F $67 $30 $20 $20 $54 $30  $2D $31 $32 $2C $72 $75 $6E $6E  Cog0  T0-12,runn
  0010: $69 $6E $67 $2C $74 $72 $61 $6E  $73 $69 $74 $69 $6F $6E $73 $2C  ing,transitions,
  0020: $30 $2C $69 $6C $6C $65 $67 $61  $6C $2C $30 $2C $70 $6F $73 $2C  0,illegal,0,pos,
  0030: $30 $0D $0A $60 $62 $65 $6E $63  $68 $20 $63 $72 $6F $70          0..`bench crop
[USB RECV 2026-09-22T23:37:59.081] Received 62 bytes
[USB RECV HEX/ASCII]:
  0000: $20 $32 $20 $30 $2C $20 $33 $32  $2C $20 $32 $30 $30 $2C $20 $33   2 0, 32, 200, 3
  0010: $32 $2C $20 $31 $32 $2C $20 $31  $30 $34 $0D $0A $60 $62 $65 $6E  2, 12, 104..`ben
  0020: $63 $68 $20 $63 $72 $6F $70 $20  $33 $20 $33 $32 $30 $2C $20 $30  ch crop 3 320, 0
  0030: $2C $20 $33 $32 $2C $20 $34 $30  $2C $20 $31 $34 $30 $2C          , 32, 40, 140,
[USB RECV 2026-09-22T23:37:59.082] Received 62 bytes
[USB RECV HEX/ASCII]:
  0000: $20 $31 $34 $30 $0D $0A $60 $62  $65 $6E $63 $68 $20 $63 $72 $6F   140..`bench cro
  0010: $70 $20 $33 $20 $33 $32 $30 $2C  $20 $30 $2C $20 $33 $32 $2C $20  p 3 320, 0, 32, 
  0020: $34 $30 $2C $20 $31 $37 $34 $2C  $20 $31 $34 $30 $0D $0A $60 $62  40, 174, 140..`b
  0030: $65 $6E $63 $68 $20 $63 $72 $6F  $70 $20 $33 $20 $33 $32          ench crop 3 32
[USB RECV 2026-09-22T23:37:59.082] Received 62 bytes
[USB RECV HEX/ASCII]:
  0000: $30 $2C $20 $30 $2C $20 $33 $32  $2C $20 $34 $30 $2C $20 $32 $30  0, 0, 32, 40, 20
  0010: $38 $2C $20 $31 $34 $30 $0D $0A  $60 $62 $65 $6E $63 $68 $20 $63  8, 140..`bench c
  0020: $72 $6F $70 $20 $33 $20 $30 $2C  $20 $30 $2C $20 $33 $32 $2C $20  rop 3 0, 0, 32, 
  0030: $34 $30 $2C $20 $32 $34 $32 $2C  $20 $31 $34 $30 $0D $0A          40, 242, 140..
[USB RECV 2026-09-22T23:37:59.082] Received 62 bytes
[USB RECV HEX/ASCII]:
  0000: $60 $62 $65 $6E $63 $68 $20 $63  $72 $6F $70 $20 $33 $20 $33 $32  `bench crop 3 32
  0010: $30 $2C $20 $30 $2C $20 $33 $32  $2C $20 $34 $30 $2C $20 $31 $34  0, 0, 32, 40, 14
  0020: $30 $2C $20 $31 $38 $34 $0D $0A  $60 $62 $65 $6E $63 $68 $20 $63  0, 184..`bench c
  0030: $72 $6F $70 $20 $33 $20 $33 $32  $30 $2C $20 $30 $2C $20          rop 3 320, 0, 
[USB RECV 2026-09-22T23:37:59.083] Received 62 bytes
[USB RECV HEX/ASCII]:
  0000: $33 $32 $2C $20 $34 $30 $2C $20  $31 $37 $34 $2C $20 $31 $38 $34  32, 40, 174, 184
  0010: $0D $0A $60 $62 $65 $6E $63 $68  $20 $63 $72 $6F $70 $20 $33 $20  ..`bench crop 3 
  0020: $30 $2C $20 $30 $2C $20 $33 $32  $2C $20 $34 $30 $2C $20 $32 $30  0, 0, 32, 40, 20
  0030: $38 $2C $20 $31 $38 $34 $0D $0A  $60 $62 $65 $6E $63 $68          8, 184..`bench
[USB RECV 2026-09-22T23:37:59.099] Received 9 bytes
[USB RECV HEX/ASCII]:
  0000: $20 $75 $70 $64 $61 $74 $65 $0D  $0A                               update..
[USB RECV 2026-09-22T23:37:59.195] Received 15 bytes
[USB RECV HEX/ASCII]:
  0000: $60 $62 $65 $6E $63 $68 $20 $50  $43 $5F $4B $45 $59 $0D $0A      `bench PC_KEY..
[USB SEND 2026-09-22T23:37:59.195] Sent 4 bytes
[USB SEND HEX/ASCII]:
  0000: $00 $00 $00 $00                                                   ....
[USB RECV 2026-09-22T23:37:59.307] Received 15 bytes
[USB RECV HEX/ASCII]:
  0000: $60 $62 $65 $6E $63 $68 $20 $50  $43 $5F $4B $45 $59 $0D $0A      `bench PC_KEY..
[USB SEND 2026-09-22T23:37:59.307] Sent 4 bytes
[USB SEND HEX/ASCII]:
  0000: $00 $00 $00 $00                                                   ....
[USB RECV 2026-09-22T23:37:59.419] Received 15 bytes
[USB RECV HEX/ASCII]:
  0000: $60 $62 $65 $6E $63 $68 $20 $50  $43 $5F $4B $45 $59 $0D $0A      `bench PC_KEY..
[USB SEND 2026-09-22T23:37:59.419] Sent 4 bytes
[USB SEND HEX/ASCII]:
  0000: $00 $00 $00 $00                                                   ....
[USB RECV 2026-09-22T23:37:59.531] Received 15 bytes
[USB RECV HEX/ASCII]:
  0000: $60 $62 $65 $6E $63 $68 $20 $50  $43 $5F $4B $45 $59 $0D $0A      `bench PC_KEY..
[USB SEND 2026-09-22T23:37:59.531] Sent 4 bytes
[USB SEND HEX/ASCII]:
  0000: $00 $00 $00 $00                                                   ....
[USB RECV 2026-09-22T23:37:59.643] Received 15 bytes
[USB RECV HEX/ASCII]:
  0000: $60 $62 $65 $6E $63 $68 $20 $50  $43 $5F $4B $45 $59 $0D $0A      `bench PC_KEY..
[USB SEND 2026-09-22T23:37:59.643] Sent 4 bytes
[USB SEND HEX/ASCII]:
  0000: $00 $00 $00 $00                                                   ....
[USB RECV 2026-09-22T23:37:59.644] Received 62 bytes
[USB RECV HEX/ASCII]:
  0000: $43 $6F $67 $30 $20 $20 $54 $30  $2D $31 $32 $2C $72 $75 $6E $6E  Cog0  T0-12,runn
  0010: $69 $6E $67 $2C $74 $72 $61 $6E  $73 $69 $74 $69 $6F $6E $73 $2C  ing,transitions,
  0020: $30 $2C $69 $6C $6C $65 $67 $61  $6C $2C $30 $2C $70 $6F $73 $2C  0,illegal,0,pos,
  0030: $30 $0D $0A $60 $62 $65 $6E $63  $68 $20 $63 $72 $6F $70          0..`bench crop
[USB RECV 2026-09-22T23:37:59.645] Received 62 bytes
[USB RECV HEX/ASCII]:
  0000: $20 $32 $20 $30 $2C $20 $33 $32  $2C $20 $32 $30 $30 $2C $20 $33   2 0, 32, 200, 3
  0010: $32 $2C $20 $31 $32 $2C $20 $31  $30 $34 $0D $0A $60 $62 $65 $6E  2, 12, 104..`ben
  0020: $63 $68 $20 $63 $72 $6F $70 $20  $33 $20 $33 $32 $30 $2C $20 $30  ch crop 3 320, 0
  0030: $2C $20 $33 $32 $2C $20 $34 $30  $2C $20 $31 $34 $30 $2C          , 32, 40, 140,
[USB RECV 2026-09-22T23:37:59.645] Received 62 bytes
[USB RECV HEX/ASCII]:
  0000: $20 $31 $34 $30 $0D $0A $60 $62  $65 $6E $63 $68 $20 $63 $72 $6F   140..`bench cro
  0010: $70 $20 $33 $20 $33 $32 $30 $2C  $20 $30 $2C $20 $33 $32 $2C $20  p 3 320, 0, 32, 
  0020: $34 $30 $2C $20 $31 $37 $34 $2C  $20 $31 $34 $30 $0D $0A $60 $62  40, 174, 140..`b
  0030: $65 $6E $63 $68 $20 $63 $72 $6F  $70 $20 $33 $20 $33 $32          ench crop 3 32
[USB RECV 2026-09-22T23:37:59.646] Received 62 bytes
[USB RECV HEX/ASCII]:
  0000: $30 $2C $20 $30 $2C $20 $33 $32  $2C $20 $34 $30 $2C $20 $32 $30  0, 0, 32, 40, 20
  0010: $38 $2C $20 $31 $34 $30 $0D $0A  $60 $62 $65 $6E $63 $68 $20 $63  8, 140..`bench c
  0020: $72 $6F $70 $20 $33 $20 $30 $2C  $20 $30 $2C $20 $33 $32 $2C $20  rop 3 0, 0, 32, 
  0030: $34 $30 $2C $20 $32 $34 $32 $2C  $20 $31 $34 $30 $0D $0A          40, 242, 140..
[USB RECV 2026-09-22T23:37:59.646] Received 62 bytes
[USB RECV HEX/ASCII]:
  0000: $60 $62 $65 $6E $63 $68 $20 $63  $72 $6F $70 $20 $33 $20 $33 $32  `bench crop 3 32
  0010: $30 $2C $20 $30 $2C $20 $33 $32  $2C $20 $34 $30 $2C $20 $31 $34  0, 0, 32, 40, 14
  0020: $30 $2C $20 $31 $38 $34 $0D $0A  $60 $62 $65 $6E $63 $68 $20 $63  0, 184..`bench c
  0030: $72 $6F $70 $20 $33 $20 $33 $32  $30 $2C $20 $30 $2C $20          rop 3 320, 0, 
[USB RECV 2026-09-22T23:37:59.646] Received 62 bytes
[USB RECV HEX/ASCII]:
  0000: $33 $32 $2C $20 $34 $30 $2C $20  $31 $37 $34 $2C $20 $31 $38 $34  32, 40, 174, 184
  0010: $0D $0A $60 $62 $65 $6E $63 $68  $20 $63 $72 $6F $70 $20 $33 $20  ..`bench crop 3 
  0020: $30 $2C $20 $30 $2C $20 $33 $32  $2C $20 $34 $30 $2C $20 $32 $30  0, 0, 32, 40, 20
  0030: $38 $2C $20 $31 $38 $34 $0D $0A  $60 $62 $65 $6E $63 $68          8, 184..`bench
[USB RECV 2026-09-22T23:37:59.661] Received 9 bytes
[USB RECV HEX/ASCII]:
  0000: $20 $75 $70 $64 $61 $74 $65 $0D  $0A                               update..
[USB RECV 2026-09-22T23:37:59.757] Received 15 bytes
[USB RECV HEX/ASCII]:
  0000: $60 $62 $65 $6E $63 $68 $20 $50  $43 $5F $4B $45 $59 $0D $0A      `bench PC_KEY..
[USB SEND 2026-09-22T23:37:59.757] Sent 4 bytes
[USB SEND HEX/ASCII]:
  0000: $00 $00 $00 $00                                                   ....
[USB RECV 2026-09-22T23:37:59.869] Received 15 bytes
[USB RECV HEX/ASCII]:
  0000: $60 $62 $65 $6E $63 $68 $20 $50  $43 $5F $4B $45 $59 $0D $0A      `bench PC_KEY..
[USB SEND 2026-09-22T23:37:59.869] Sent 4 bytes
[USB SEND HEX/ASCII]:
  0000: $00 $00 $00 $00                                                   ....
[USB RECV 2026-09-22T23:37:59.981] Received 15 bytes
[USB RECV HEX/ASCII]:
  0000: $60 $62 $65 $6E $63 $68 $20 $50  $43 $5F $4B $45 $59 $0D $0A      `bench PC_KEY..
[USB SEND 2026-09-22T23:37:59.981] Sent 4 bytes
[USB SEND HEX/ASCII]:
  0000: $00 $00 $00 $00                                                   ....
[USB RECV 2026-09-22T23:38:00.093] Received 15 bytes
[USB RECV HEX/ASCII]:
  0000: $60 $62 $65 $6E $63 $68 $20 $50  $43 $5F $4B $45 $59 $0D $0A      `bench PC_KEY..
[USB SEND 2026-09-22T23:38:00.094] Sent 4 bytes
[USB SEND HEX/ASCII]:
  0000: $00 $00 $00 $00                                                   ....
[USB RECV 2026-09-22T23:38:00.205] Received 15 bytes
[USB RECV HEX/ASCII]:
  0000: $60 $62 $65 $6E $63 $68 $20 $50  $43 $5F $4B $45 $59 $0D $0A      `bench PC_KEY..
[USB SEND 2026-09-22T23:38:00.206] Sent 4 bytes
[USB SEND HEX/ASCII]:
  0000: $00 $00 $00 $00                                                   ....
[USB RECV 2026-09-22T23:38:00.207] Received 62 bytes
[USB RECV HEX/ASCII]:
  0000: $43 $6F $67 $30 $20 $20 $54 $30  $2D $31 $32 $2C $72 $75 $6E $6E  Cog0  T0-12,runn
  0010: $69 $6E $67 $2C $74 $72 $61 $6E  $73 $69 $74 $69 $6F $6E $73 $2C  ing,transitions,
  0020: $30 $2C $69 $6C $6C $65 $67 $61  $6C $2C $30 $2C $70 $6F $73 $2C  0,illegal,0,pos,
  0030: $30 $0D $0A $60 $62 $65 $6E $63  $68 $20 $63 $72 $6F $70          0..`bench crop
[USB RECV 2026-09-22T23:38:00.207] Received 62 bytes
[USB RECV HEX/ASCII]:
  0000: $20 $32 $20 $30 $2C $20 $33 $32  $2C $20 $32 $30 $30 $2C $20 $33   2 0, 32, 200, 3
  0010: $32 $2C $20 $31 $32 $2C $20 $31  $30 $34 $0D $0A $60 $62 $65 $6E  2, 12, 104..`ben
  0020: $63 $68 $20 $63 $72 $6F $70 $20  $33 $20 $33 $32 $30 $2C $20 $30  ch crop 3 320, 0
  0030: $2C $20 $33 $32 $2C $20 $34 $30  $2C $20 $31 $34 $30 $2C          , 32, 40, 140,
[USB RECV 2026-09-22T23:38:00.207] Received 62 bytes
[USB RECV HEX/ASCII]:
  0000: $20 $31 $34 $30 $0D $0A $60 $62  $65 $6E $63 $68 $20 $63 $72 $6F   140..`bench cro
  0010: $70 $20 $33 $20 $33 $32 $30 $2C  $20 $30 $2C $20 $33 $32 $2C $20  p 3 320, 0, 32, 
  0020: $34 $30 $2C $20 $31 $37 $34 $2C  $20 $31 $34 $30 $0D $0A $60 $62  40, 174, 140..`b
  0030: $65 $6E $63 $68 $20 $63 $72 $6F  $70 $20 $33 $20 $33 $32          ench crop 3 32
[USB RECV 2026-09-22T23:38:00.208] Received 62 bytes
[USB RECV HEX/ASCII]:
  0000: $30 $2C $20 $30 $2C $20 $33 $32  $2C $20 $34 $30 $2C $20 $32 $30  0, 0, 32, 40, 20
  0010: $38 $2C $20 $31 $34 $30 $0D $0A  $60 $62 $65 $6E $63 $68 $20 $63  8, 140..`bench c
  0020: $72 $6F $70 $20 $33 $20 $30 $2C  $20 $30 $2C $20 $33 $32 $2C $20  rop 3 0, 0, 32, 
  0030: $34 $30 $2C $20 $32 $34 $32 $2C  $20 $31 $34 $30 $0D $0A          40, 242, 140..
[USB RECV 2026-09-22T23:38:00.208] Received 62 bytes
[USB RECV HEX/ASCII]:
  0000: $60 $62 $65 $6E $63 $68 $20 $63  $72 $6F $70 $20 $33 $20 $33 $32  `bench crop 3 32
  0010: $30 $2C $20 $30 $2C $20 $33 $32  $2C $20 $34 $30 $2C $20 $31 $34  0, 0, 32, 40, 14
  0020: $30 $2C $20 $31 $38 $34 $0D $0A  $60 $62 $65 $6E $63 $68 $20 $63  0, 184..`bench c
  0030: $72 $6F $70 $20 $33 $20 $33 $32  $30 $2C $20 $30 $2C $20          rop 3 320, 0, 
[USB RECV 2026-09-22T23:38:00.208] Received 62 bytes
[USB RECV HEX/ASCII]:
  0000: $33 $32 $2C $20 $34 $30 $2C $20  $31 $37 $34 $2C $20 $31 $38 $34  32, 40, 174, 184
  0010: $0D $0A $60 $62 $65 $6E $63 $68  $20 $63 $72 $6F $70 $20 $33 $20  ..`bench crop 3 
  0020: $30 $2C $20 $30 $2C $20 $33 $32  $2C $20 $34 $30 $2C $20 $32 $30  0, 0, 32, 40, 20
  0030: $38 $2C $20 $31 $38 $34 $0D $0A  $60 $62 $65 $6E $63 $68          8, 184..`bench
[USB RECV 2026-09-22T23:38:00.224] Received 9 bytes
[USB RECV HEX/ASCII]:
  0000: $20 $75 $70 $64 $61 $74 $65 $0D  $0A                               update..
[USB RECV 2026-09-22T23:38:00.320] Received 15 bytes
[USB RECV HEX/ASCII]:
  0000: $60 $62 $65 $6E $63 $68 $20 $50  $43 $5F $4B $45 $59 $0D $0A      `bench PC_KEY..
[USB SEND 2026-09-22T23:38:00.321] Sent 4 bytes
[USB SEND HEX/ASCII]:
  0000: $00 $00 $00 $00                                                   ....
[USB RECV 2026-09-22T23:38:00.433] Received 15 bytes
[USB RECV HEX/ASCII]:
  0000: $60 $62 $65 $6E $63 $68 $20 $50  $43 $5F $4B $45 $59 $0D $0A      `bench PC_KEY..
[USB SEND 2026-09-22T23:38:00.433] Sent 4 bytes
[USB SEND HEX/ASCII]:
  0000: $00 $00 $00 $00                                                   ....
[USB RECV 2026-09-22T23:38:00.544] Received 15 bytes
[USB RECV HEX/ASCII]:
  0000: $60 $62 $65 $6E $63 $68 $20 $50  $43 $5F $4B $45 $59 $0D $0A      `bench PC_KEY..
[USB SEND 2026-09-22T23:38:00.545] Sent 4 bytes
[USB SEND HEX/ASCII]:
  0000: $00 $00 $00 $00                                                   ....
[USB RECV 2026-09-22T23:38:00.657] Received 15 bytes
[USB RECV HEX/ASCII]:
  0000: $60 $62 $65 $6E $63 $68 $20 $50  $43 $5F $4B $45 $59 $0D $0A      `bench PC_KEY..
[USB SEND 2026-09-22T23:38:00.657] Sent 4 bytes
[USB SEND HEX/ASCII]:
  0000: $00 $00 $00 $00                                                   ....
[USB RECV 2026-09-22T23:38:00.769] Received 15 bytes
[USB RECV HEX/ASCII]:
  0000: $60 $62 $65 $6E $63 $68 $20 $50  $43 $5F $4B $45 $59 $0D $0A      `bench PC_KEY..
[USB SEND 2026-09-22T23:38:00.769] Sent 4 bytes
[USB SEND HEX/ASCII]:
  0000: $00 $00 $00 $00                                                   ....
[USB RECV 2026-09-22T23:38:00.770] Received 62 bytes
[USB RECV HEX/ASCII]:
  0000: $43 $6F $67 $30 $20 $20 $54 $30  $2D $31 $32 $2C $72 $75 $6E $6E  Cog0  T0-12,runn
  0010: $69 $6E $67 $2C $74 $72 $61 $6E  $73 $69 $74 $69 $6F $6E $73 $2C  ing,transitions,
  0020: $34 $2C $69 $6C $6C $65 $67 $61  $6C $2C $30 $2C $70 $6F $73 $2C  4,illegal,0,pos,
  0030: $2D $34 $0D $0A $60 $62 $65 $6E  $63 $68 $20 $63 $72 $6F          -4..`bench cro
[USB RECV 2026-09-22T23:38:00.770] Received 62 bytes
[USB RECV HEX/ASCII]:
  0000: $70 $20 $32 $20 $30 $2C $20 $33  $32 $2C $20 $32 $30 $30 $2C $20  p 2 0, 32, 200, 
  0010: $33 $32 $2C $20 $31 $32 $2C $20  $31 $30 $34 $0D $0A $60 $62 $65  32, 12, 104..`be
  0020: $6E $63 $68 $20 $63 $72 $6F $70  $20 $33 $20 $33 $32 $30 $2C $20  nch crop 3 320, 
  0030: $30 $2C $20 $33 $32 $2C $20 $34  $30 $2C $20 $31 $34 $30          0, 32, 40, 140
[USB RECV 2026-09-22T23:38:00.771] Received 62 bytes
[USB RECV HEX/ASCII]:
  0000: $2C $20 $31 $34 $30 $0D $0A $60  $62 $65 $6E $63 $68 $20 $63 $72  , 140..`bench cr
  0010: $6F $70 $20 $33 $20 $33 $32 $30  $2C $20 $30 $2C $20 $33 $32 $2C  op 3 320, 0, 32,
  0020: $20 $34 $30 $2C $20 $31 $37 $34  $2C $20 $31 $34 $30 $0D $0A $60   40, 174, 140..`
  0030: $62 $65 $6E $63 $68 $20 $63 $72  $6F $70 $20 $33 $20 $33          bench crop 3 3
[USB RECV 2026-09-22T23:38:00.771] Received 62 bytes
[USB RECV HEX/ASCII]:
  0000: $32 $30 $2C $20 $30 $2C $20 $33  $32 $2C $20 $34 $30 $2C $20 $32  20, 0, 32, 40, 2
  0010: $30 $38 $2C $20 $31 $34 $30 $0D  $0A $60 $62 $65 $6E $63 $68 $20  08, 140..`bench 
  0020: $63 $72 $6F $70 $20 $33 $20 $31  $32 $38 $2C $20 $30 $2C $20 $33  crop 3 128, 0, 3
  0030: $32 $2C $20 $34 $30 $2C $20 $32  $34 $32 $2C $20 $31 $34          2, 40, 242, 14
[USB RECV 2026-09-22T23:38:00.771] Received 62 bytes
[USB RECV HEX/ASCII]:
  0000: $30 $0D $0A $60 $62 $65 $6E $63  $68 $20 $63 $72 $6F $70 $20 $33  0..`bench crop 3
  0010: $20 $33 $32 $30 $2C $20 $30 $2C  $20 $33 $32 $2C $20 $34 $30 $2C   320, 0, 32, 40,
  0020: $20 $31 $34 $30 $2C $20 $31 $38  $34 $0D $0A $60 $62 $65 $6E $63   140, 184..`benc
  0030: $68 $20 $63 $72 $6F $70 $20 $33  $20 $33 $32 $30 $2C $20          h crop 3 320, 
[USB RECV 2026-09-22T23:38:00.772] Received 62 bytes
[USB RECV HEX/ASCII]:
  0000: $30 $2C $20 $33 $32 $2C $20 $34  $30 $2C $20 $31 $37 $34 $2C $20  0, 32, 40, 174, 
  0010: $31 $38 $34 $0D $0A $60 $62 $65  $6E $63 $68 $20 $63 $72 $6F $70  184..`bench crop
  0020: $20 $33 $20 $30 $2C $20 $30 $2C  $20 $33 $32 $2C $20 $34 $30 $2C   3 0, 0, 32, 40,
  0030: $20 $32 $30 $38 $2C $20 $31 $38  $34 $0D $0A $60 $62 $65           208, 184..`be
[USB RECV 2026-09-22T23:38:00.788] Received 12 bytes
[USB RECV HEX/ASCII]:
  0000: $6E $63 $68 $20 $75 $70 $64 $61  $74 $65 $0D $0A                  nch update..
[USB RECV 2026-09-22T23:38:00.884] Received 15 bytes
[USB RECV HEX/ASCII]:
  0000: $60 $62 $65 $6E $63 $68 $20 $50  $43 $5F $4B $45 $59 $0D $0A      `bench PC_KEY..
[USB SEND 2026-09-22T23:38:00.884] Sent 4 bytes
[USB SEND HEX/ASCII]:
  0000: $00 $00 $00 $00                                                   ....
[USB RECV 2026-09-22T23:38:00.996] Received 15 bytes
[USB RECV HEX/ASCII]:
  0000: $60 $62 $65 $6E $63 $68 $20 $50  $43 $5F $4B $45 $59 $0D $0A      `bench PC_KEY..
[USB SEND 2026-09-22T23:38:00.996] Sent 4 bytes
[USB SEND HEX/ASCII]:
  0000: $00 $00 $00 $00                                                   ....
[USB RECV 2026-09-22T23:38:01.108] Received 15 bytes
[USB RECV HEX/ASCII]:
  0000: $60 $62 $65 $6E $63 $68 $20 $50  $43 $5F $4B $45 $59 $0D $0A      `bench PC_KEY..
[USB SEND 2026-09-22T23:38:01.108] Sent 4 bytes
[USB SEND HEX/ASCII]:
  0000: $00 $00 $00 $00                                                   ....
[USB RECV 2026-09-22T23:38:01.220] Received 15 bytes
[USB RECV HEX/ASCII]:
  0000: $60 $62 $65 $6E $63 $68 $20 $50  $43 $5F $4B $45 $59 $0D $0A      `bench PC_KEY..
[USB SEND 2026-09-22T23:38:01.220] Sent 4 bytes
[USB SEND HEX/ASCII]:
  0000: $00 $00 $00 $00                                                   ....
[USB RECV 2026-09-22T23:38:01.332] Received 15 bytes
[USB RECV HEX/ASCII]:
  0000: $60 $62 $65 $6E $63 $68 $20 $50  $43 $5F $4B $45 $59 $0D $0A      `bench PC_KEY..
[USB SEND 2026-09-22T23:38:01.332] Sent 4 bytes
[USB SEND HEX/ASCII]:
  0000: $00 $00 $00 $00                                                   ....
[USB RECV 2026-09-22T23:38:01.333] Received 62 bytes
[USB RECV HEX/ASCII]:
  0000: $43 $6F $67 $30 $20 $20 $54 $30  $2D $31 $32 $2C $72 $75 $6E $6E  Cog0  T0-12,runn
  0010: $69 $6E $67 $2C $74 $72 $61 $6E  $73 $69 $74 $69 $6F $6E $73 $2C  ing,transitions,
  0020: $33 $33 $2C $69 $6C $6C $65 $67  $61 $6C $2C $30 $2C $70 $6F $73  33,illegal,0,pos
  0030: $2C $2D $33 $33 $0D $0A $60 $62  $65 $6E $63 $68 $20 $63          ,-33..`bench c
[USB RECV 2026-09-22T23:38:01.334] Received 62 bytes
[USB RECV HEX/ASCII]:
  0000: $72 $6F $70 $20 $32 $20 $30 $2C  $20 $33 $32 $2C $20 $32 $30 $30  rop 2 0, 32, 200
  0010: $2C $20 $33 $32 $2C $20 $31 $32  $2C $20 $31 $30 $34 $0D $0A $60  , 32, 12, 104..`
  0020: $62 $65 $6E $63 $68 $20 $63 $72  $6F $70 $20 $33 $20 $33 $32 $30  bench crop 3 320
  0030: $2C $20 $30 $2C $20 $33 $32 $2C  $20 $34 $30 $2C $20 $31          , 0, 32, 40, 1
[USB RECV 2026-09-22T23:38:01.334] Received 62 bytes
[USB RECV HEX/ASCII]:
  0000: $34 $30 $2C $20 $31 $34 $30 $0D  $0A $60 $62 $65 $6E $63 $68 $20  40, 140..`bench 
  0010: $63 $72 $6F $70 $20 $33 $20 $33  $32 $30 $2C $20 $30 $2C $20 $33  crop 3 320, 0, 3
  0020: $32 $2C $20 $34 $30 $2C $20 $31  $37 $34 $2C $20 $31 $34 $30 $0D  2, 40, 174, 140.
  0030: $0A $60 $62 $65 $6E $63 $68 $20  $63 $72 $6F $70 $20 $33          .`bench crop 3
[USB RECV 2026-09-22T23:38:01.334] Received 62 bytes
[USB RECV HEX/ASCII]:
  0000: $20 $39 $36 $2C $20 $30 $2C $20  $33 $32 $2C $20 $34 $30 $2C $20   96, 0, 32, 40, 
  0010: $32 $30 $38 $2C $20 $31 $34 $30  $0D $0A $60 $62 $65 $6E $63 $68  208, 140..`bench
  0020: $20 $63 $72 $6F $70 $20 $33 $20  $39 $36 $2C $20 $30 $2C $20 $33   crop 3 96, 0, 3
  0030: $32 $2C $20 $34 $30 $2C $20 $32  $34 $32 $2C $20 $31 $34          2, 40, 242, 14
[USB RECV 2026-09-22T23:38:01.335] Received 62 bytes
[USB RECV HEX/ASCII]:
  0000: $30 $0D $0A $60 $62 $65 $6E $63  $68 $20 $63 $72 $6F $70 $20 $33  0..`bench crop 3
  0010: $20 $33 $32 $30 $2C $20 $30 $2C  $20 $33 $32 $2C $20 $34 $30 $2C   320, 0, 32, 40,
  0020: $20 $31 $34 $30 $2C $20 $31 $38  $34 $0D $0A $60 $62 $65 $6E $63   140, 184..`benc
  0030: $68 $20 $63 $72 $6F $70 $20 $33  $20 $33 $32 $30 $2C $20          h crop 3 320, 
[USB RECV 2026-09-22T23:38:01.335] Received 62 bytes
[USB RECV HEX/ASCII]:
  0000: $30 $2C $20 $33 $32 $2C $20 $34  $30 $2C $20 $31 $37 $34 $2C $20  0, 32, 40, 174, 
  0010: $31 $38 $34 $0D $0A $60 $62 $65  $6E $63 $68 $20 $63 $72 $6F $70  184..`bench crop
  0020: $20 $33 $20 $30 $2C $20 $30 $2C  $20 $33 $32 $2C $20 $34 $30 $2C   3 0, 0, 32, 40,
  0030: $20 $32 $30 $38 $2C $20 $31 $38  $34 $0D $0A $60 $62 $65           208, 184..`be
[USB RECV 2026-09-22T23:38:01.351] Received 12 bytes
[USB RECV HEX/ASCII]:
  0000: $6E $63 $68 $20 $75 $70 $64 $61  $74 $65 $0D $0A                  nch update..
[USB RECV 2026-09-22T23:38:01.447] Received 15 bytes
[USB RECV HEX/ASCII]:
  0000: $60 $62 $65 $6E $63 $68 $20 $50  $43 $5F $4B $45 $59 $0D $0A      `bench PC_KEY..
[USB SEND 2026-09-22T23:38:01.447] Sent 4 bytes
[USB SEND HEX/ASCII]:
  0000: $00 $00 $00 $00                                                   ....
[USB RECV 2026-09-22T23:38:01.559] Received 15 bytes
[USB RECV HEX/ASCII]:
  0000: $60 $62 $65 $6E $63 $68 $20 $50  $43 $5F $4B $45 $59 $0D $0A      `bench PC_KEY..
[USB SEND 2026-09-22T23:38:01.559] Sent 4 bytes
[USB SEND HEX/ASCII]:
  0000: $00 $00 $00 $00                                                   ....
[USB RECV 2026-09-22T23:38:01.671] Received 15 bytes
[USB RECV HEX/ASCII]:
  0000: $60 $62 $65 $6E $63 $68 $20 $50  $43 $5F $4B $45 $59 $0D $0A      `bench PC_KEY..
[USB SEND 2026-09-22T23:38:01.671] Sent 4 bytes
[USB SEND HEX/ASCII]:
  0000: $00 $00 $00 $00                                                   ....
[USB RECV 2026-09-22T23:38:01.783] Received 15 bytes
[USB RECV HEX/ASCII]:
  0000: $60 $62 $65 $6E $63 $68 $20 $50  $43 $5F $4B $45 $59 $0D $0A      `bench PC_KEY..
[USB SEND 2026-09-22T23:38:01.784] Sent 4 bytes
[USB SEND HEX/ASCII]:
  0000: $00 $00 $00 $00                                                   ....
[USB RECV 2026-09-22T23:38:01.895] Received 15 bytes
[USB RECV HEX/ASCII]:
  0000: $60 $62 $65 $6E $63 $68 $20 $50  $43 $5F $4B $45 $59 $0D $0A      `bench PC_KEY..
[USB SEND 2026-09-22T23:38:01.896] Sent 4 bytes
[USB SEND HEX/ASCII]:
  0000: $00 $00 $00 $00                                                   ....
[USB RECV 2026-09-22T23:38:01.897] Received 62 bytes
[USB RECV HEX/ASCII]:
  0000: $43 $6F $67 $30 $20 $20 $54 $30  $2D $31 $32 $2C $72 $75 $6E $6E  Cog0  T0-12,runn
  0010: $69 $6E $67 $2C $74 $72 $61 $6E  $73 $69 $74 $69 $6F $6E $73 $2C  ing,transitions,
  0020: $37 $31 $2C $69 $6C $6C $65 $67  $61 $6C $2C $30 $2C $70 $6F $73  71,illegal,0,pos
  0030: $2C $2D $37 $31 $0D $0A $60 $62  $65 $6E $63 $68 $20 $63          ,-71..`bench c
[USB RECV 2026-09-22T23:38:01.897] Received 62 bytes
[USB RECV HEX/ASCII]:
  0000: $72 $6F $70 $20 $32 $20 $30 $2C  $20 $33 $32 $2C $20 $32 $30 $30  rop 2 0, 32, 200
  0010: $2C $20 $33 $32 $2C $20 $31 $32  $2C $20 $31 $30 $34 $0D $0A $60  , 32, 12, 104..`
  0020: $62 $65 $6E $63 $68 $20 $63 $72  $6F $70 $20 $33 $20 $33 $32 $30  bench crop 3 320
  0030: $2C $20 $30 $2C $20 $33 $32 $2C  $20 $34 $30 $2C $20 $31          , 0, 32, 40, 1
[USB RECV 2026-09-22T23:38:01.897] Received 62 bytes
[USB RECV HEX/ASCII]:
  0000: $34 $30 $2C $20 $31 $34 $30 $0D  $0A $60 $62 $65 $6E $63 $68 $20  40, 140..`bench 
  0010: $63 $72 $6F $70 $20 $33 $20 $33  $32 $30 $2C $20 $30 $2C $20 $33  crop 3 320, 0, 3
  0020: $32 $2C $20 $34 $30 $2C $20 $31  $37 $34 $2C $20 $31 $34 $30 $0D  2, 40, 174, 140.
  0030: $0A $60 $62 $65 $6E $63 $68 $20  $63 $72 $6F $70 $20 $33          .`bench crop 3
[USB RECV 2026-09-22T23:38:01.898] Received 62 bytes
[USB RECV HEX/ASCII]:
  0000: $20 $32 $32 $34 $2C $20 $30 $2C  $20 $33 $32 $2C $20 $34 $30 $2C   224, 0, 32, 40,
  0010: $20 $32 $30 $38 $2C $20 $31 $34  $30 $0D $0A $60 $62 $65 $6E $63   208, 140..`benc
  0020: $68 $20 $63 $72 $6F $70 $20 $33  $20 $33 $32 $2C $20 $30 $2C $20  h crop 3 32, 0, 
  0030: $33 $32 $2C $20 $34 $30 $2C $20  $32 $34 $32 $2C $20 $31          32, 40, 242, 1
[USB RECV 2026-09-22T23:38:01.898] Received 62 bytes
[USB RECV HEX/ASCII]:
  0000: $34 $30 $0D $0A $60 $62 $65 $6E  $63 $68 $20 $63 $72 $6F $70 $20  40..`bench crop 
  0010: $33 $20 $33 $32 $30 $2C $20 $30  $2C $20 $33 $32 $2C $20 $34 $30  3 320, 0, 32, 40
  0020: $2C $20 $31 $34 $30 $2C $20 $31  $38 $34 $0D $0A $60 $62 $65 $6E  , 140, 184..`ben
  0030: $63 $68 $20 $63 $72 $6F $70 $20  $33 $20 $33 $32 $30 $2C          ch crop 3 320,
[USB RECV 2026-09-22T23:38:01.898] Received 62 bytes
[USB RECV HEX/ASCII]:
  0000: $20 $30 $2C $20 $33 $32 $2C $20  $34 $30 $2C $20 $31 $37 $34 $2C   0, 32, 40, 174,
  0010: $20 $31 $38 $34 $0D $0A $60 $62  $65 $6E $63 $68 $20 $63 $72 $6F   184..`bench cro
  0020: $70 $20 $33 $20 $30 $2C $20 $30  $2C $20 $33 $32 $2C $20 $34 $30  p 3 0, 0, 32, 40
  0030: $2C $20 $32 $30 $38 $2C $20 $31  $38 $34 $0D $0A $60 $62          , 208, 184..`b
[USB RECV 2026-09-22T23:38:01.914] Received 13 bytes
[USB RECV HEX/ASCII]:
  0000: $65 $6E $63 $68 $20 $75 $70 $64  $61 $74 $65 $0D $0A              ench update..
[USB RECV 2026-09-22T23:38:02.010] Received 15 bytes
[USB RECV HEX/ASCII]:
  0000: $60 $62 $65 $6E $63 $68 $20 $50  $43 $5F $4B $45 $59 $0D $0A      `bench PC_KEY..
[USB SEND 2026-09-22T23:38:02.010] Sent 4 bytes
[USB SEND HEX/ASCII]:
  0000: $00 $00 $00 $00                                                   ....
[USB RECV 2026-09-22T23:38:02.122] Received 15 bytes
[USB RECV HEX/ASCII]:
  0000: $60 $62 $65 $6E $63 $68 $20 $50  $43 $5F $4B $45 $59 $0D $0A      `bench PC_KEY..
[USB SEND 2026-09-22T23:38:02.123] Sent 4 bytes
[USB SEND HEX/ASCII]:
  0000: $00 $00 $00 $00                                                   ....
[USB RECV 2026-09-22T23:38:02.234] Received 15 bytes
[USB RECV HEX/ASCII]:
  0000: $60 $62 $65 $6E $63 $68 $20 $50  $43 $5F $4B $45 $59 $0D $0A      `bench PC_KEY..
[USB SEND 2026-09-22T23:38:02.235] Sent 4 bytes
[USB SEND HEX/ASCII]:
  0000: $00 $00 $00 $00                                                   ....
[USB RECV 2026-09-22T23:38:02.346] Received 15 bytes
[USB RECV HEX/ASCII]:
  0000: $60 $62 $65 $6E $63 $68 $20 $50  $43 $5F $4B $45 $59 $0D $0A      `bench PC_KEY..
[USB SEND 2026-09-22T23:38:02.347] Sent 4 bytes
[USB SEND HEX/ASCII]:
  0000: $00 $00 $00 $00                                                   ....
[USB RECV 2026-09-22T23:38:02.458] Received 15 bytes
[USB RECV HEX/ASCII]:
  0000: $60 $62 $65 $6E $63 $68 $20 $50  $43 $5F $4B $45 $59 $0D $0A      `bench PC_KEY..
[USB SEND 2026-09-22T23:38:02.459] Sent 4 bytes
[USB SEND HEX/ASCII]:
  0000: $00 $00 $00 $00                                                   ....
[USB RECV 2026-09-22T23:38:02.460] Received 62 bytes
[USB RECV HEX/ASCII]:
  0000: $43 $6F $67 $30 $20 $20 $54 $30  $2D $31 $32 $2C $72 $75 $6E $6E  Cog0  T0-12,runn
  0010: $69 $6E $67 $2C $74 $72 $61 $6E  $73 $69 $74 $69 $6F $6E $73 $2C  ing,transitions,
  0020: $31 $31 $37 $2C $69 $6C $6C $65  $67 $61 $6C $2C $30 $2C $70 $6F  117,illegal,0,po
  0030: $73 $2C $2D $31 $31 $35 $0D $0A  $60 $62 $65 $6E $63 $68          s,-115..`bench
[USB RECV 2026-09-22T23:38:02.460] Received 62 bytes
[USB RECV HEX/ASCII]:
  0000: $20 $63 $72 $6F $70 $20 $32 $20  $30 $2C $20 $33 $32 $2C $20 $32   crop 2 0, 32, 2
  0010: $30 $30 $2C $20 $33 $32 $2C $20  $31 $32 $2C $20 $31 $30 $34 $0D  00, 32, 12, 104.
  0020: $0A $60 $62 $65 $6E $63 $68 $20  $63 $72 $6F $70 $20 $33 $20 $33  .`bench crop 3 3
  0030: $32 $30 $2C $20 $30 $2C $20 $33  $32 $2C $20 $34 $30 $2C          20, 0, 32, 40,
[USB RECV 2026-09-22T23:38:02.460] Received 62 bytes
[USB RECV HEX/ASCII]:
  0000: $20 $31 $34 $30 $2C $20 $31 $34  $30 $0D $0A $60 $62 $65 $6E $63   140, 140..`benc
  0010: $68 $20 $63 $72 $6F $70 $20 $33  $20 $33 $32 $2C $20 $30 $2C $20  h crop 3 32, 0, 
  0020: $33 $32 $2C $20 $34 $30 $2C $20  $31 $37 $34 $2C $20 $31 $34 $30  32, 40, 174, 140
  0030: $0D $0A $60 $62 $65 $6E $63 $68  $20 $63 $72 $6F $70 $20          ..`bench crop 
[USB RECV 2026-09-22T23:38:02.461] Received 62 bytes
[USB RECV HEX/ASCII]:
  0000: $33 $20 $33 $32 $2C $20 $30 $2C  $20 $33 $32 $2C $20 $34 $30 $2C  3 32, 0, 32, 40,
  0010: $20 $32 $30 $38 $2C $20 $31 $34  $30 $0D $0A $60 $62 $65 $6E $63   208, 140..`benc
  0020: $68 $20 $63 $72 $6F $70 $20 $33  $20 $32 $32 $34 $2C $20 $30 $2C  h crop 3 224, 0,
  0030: $20 $33 $32 $2C $20 $34 $30 $2C  $20 $32 $34 $32 $2C $20           32, 40, 242, 
[USB RECV 2026-09-22T23:38:02.461] Received 62 bytes
[USB RECV HEX/ASCII]:
  0000: $31 $34 $30 $0D $0A $60 $62 $65  $6E $63 $68 $20 $63 $72 $6F $70  140..`bench crop
  0010: $20 $33 $20 $33 $32 $30 $2C $20  $30 $2C $20 $33 $32 $2C $20 $34   3 320, 0, 32, 4
  0020: $30 $2C $20 $31 $34 $30 $2C $20  $31 $38 $34 $0D $0A $60 $62 $65  0, 140, 184..`be
  0030: $6E $63 $68 $20 $63 $72 $6F $70  $20 $33 $20 $33 $32 $30          nch crop 3 320
[USB RECV 2026-09-22T23:38:02.462] Received 62 bytes
[USB RECV HEX/ASCII]:
  0000: $2C $20 $30 $2C $20 $33 $32 $2C  $20 $34 $30 $2C $20 $31 $37 $34  , 0, 32, 40, 174
  0010: $2C $20 $31 $38 $34 $0D $0A $60  $62 $65 $6E $63 $68 $20 $63 $72  , 184..`bench cr
  0020: $6F $70 $20 $33 $20 $30 $2C $20  $30 $2C $20 $33 $32 $2C $20 $34  op 3 0, 0, 32, 4
  0030: $30 $2C $20 $32 $30 $38 $2C $20  $31 $38 $34 $0D $0A $60          0, 208, 184..`
[USB RECV 2026-09-22T23:38:02.476] Received 14 bytes
[USB RECV HEX/ASCII]:
  0000: $62 $65 $6E $63 $68 $20 $75 $70  $64 $61 $74 $65 $0D $0A          bench update..
[USB RECV 2026-09-22T23:38:02.573] Received 15 bytes
[USB RECV HEX/ASCII]:
  0000: $60 $62 $65 $6E $63 $68 $20 $50  $43 $5F $4B $45 $59 $0D $0A      `bench PC_KEY..
[USB SEND 2026-09-22T23:38:02.573] Sent 4 bytes
[USB SEND HEX/ASCII]:
  0000: $00 $00 $00 $00                                                   ....
[USB RECV 2026-09-22T23:38:02.685] Received 15 bytes
[USB RECV HEX/ASCII]:
  0000: $60 $62 $65 $6E $63 $68 $20 $50  $43 $5F $4B $45 $59 $0D $0A      `bench PC_KEY..
[USB SEND 2026-09-22T23:38:02.685] Sent 4 bytes
[USB SEND HEX/ASCII]:
  0000: $00 $00 $00 $00                                                   ....
[USB RECV 2026-09-22T23:38:02.797] Received 15 bytes
[USB RECV HEX/ASCII]:
  0000: $60 $62 $65 $6E $63 $68 $20 $50  $43 $5F $4B $45 $59 $0D $0A      `bench PC_KEY..
[USB SEND 2026-09-22T23:38:02.797] Sent 4 bytes
[USB SEND HEX/ASCII]:
  0000: $00 $00 $00 $00                                                   ....
[USB RECV 2026-09-22T23:38:02.909] Received 15 bytes
[USB RECV HEX/ASCII]:
  0000: $60 $62 $65 $6E $63 $68 $20 $50  $43 $5F $4B $45 $59 $0D $0A      `bench PC_KEY..
[USB SEND 2026-09-22T23:38:02.909] Sent 4 bytes
[USB SEND HEX/ASCII]:
  0000: $00 $00 $00 $00                                                   ....
[USB RECV 2026-09-22T23:38:03.021] Received 15 bytes
[USB RECV HEX/ASCII]:
  0000: $60 $62 $65 $6E $63 $68 $20 $50  $43 $5F $4B $45 $59 $0D $0A      `bench PC_KEY..
[USB SEND 2026-09-22T23:38:03.021] Sent 4 bytes
[USB SEND HEX/ASCII]:
  0000: $00 $00 $00 $00                                                   ....
[USB RECV 2026-09-22T23:38:03.022] Received 62 bytes
[USB RECV HEX/ASCII]:
  0000: $43 $6F $67 $30 $20 $20 $54 $30  $2D $31 $32 $2C $72 $75 $6E $6E  Cog0  T0-12,runn
  0010: $69 $6E $67 $2C $74 $72 $61 $6E  $73 $69 $74 $69 $6F $6E $73 $2C  ing,transitions,
  0020: $31 $36 $35 $2C $69 $6C $6C $65  $67 $61 $6C $2C $30 $2C $70 $6F  165,illegal,0,po
  0030: $73 $2C $2D $31 $36 $33 $0D $0A  $60 $62 $65 $6E $63 $68          s,-163..`bench
[USB RECV 2026-09-22T23:38:03.022] Received 62 bytes
[USB RECV HEX/ASCII]:
  0000: $20 $63 $72 $6F $70 $20 $32 $20  $30 $2C $20 $33 $32 $2C $20 $32   crop 2 0, 32, 2
  0010: $30 $30 $2C $20 $33 $32 $2C $20  $31 $32 $2C $20 $31 $30 $34 $0D  00, 32, 12, 104.
  0020: $0A $60 $62 $65 $6E $63 $68 $20  $63 $72 $6F $70 $20 $33 $20 $33  .`bench crop 3 3
  0030: $32 $30 $2C $20 $30 $2C $20 $33  $32 $2C $20 $34 $30 $2C          20, 0, 32, 40,
[USB RECV 2026-09-22T23:38:03.023] Received 62 bytes
[USB RECV HEX/ASCII]:
  0000: $20 $31 $34 $30 $2C $20 $31 $34  $30 $0D $0A $60 $62 $65 $6E $63   140, 140..`benc
  0010: $68 $20 $63 $72 $6F $70 $20 $33  $20 $33 $32 $2C $20 $30 $2C $20  h crop 3 32, 0, 
  0020: $33 $32 $2C $20 $34 $30 $2C $20  $31 $37 $34 $2C $20 $31 $34 $30  32, 40, 174, 140
  0030: $0D $0A $60 $62 $65 $6E $63 $68  $20 $63 $72 $6F $70 $20          ..`bench crop 
[USB RECV 2026-09-22T23:38:03.023] Received 62 bytes
[USB RECV HEX/ASCII]:
  0000: $33 $20 $31 $39 $32 $2C $20 $30  $2C $20 $33 $32 $2C $20 $34 $30  3 192, 0, 32, 40
  0010: $2C $20 $32 $30 $38 $2C $20 $31  $34 $30 $0D $0A $60 $62 $65 $6E  , 208, 140..`ben
  0020: $63 $68 $20 $63 $72 $6F $70 $20  $33 $20 $31 $36 $30 $2C $20 $30  ch crop 3 160, 0
  0030: $2C $20 $33 $32 $2C $20 $34 $30  $2C $20 $32 $34 $32 $2C          , 32, 40, 242,
[USB RECV 2026-09-22T23:38:03.023] Received 62 bytes
[USB RECV HEX/ASCII]:
  0000: $20 $31 $34 $30 $0D $0A $60 $62  $65 $6E $63 $68 $20 $63 $72 $6F   140..`bench cro
  0010: $70 $20 $33 $20 $33 $32 $30 $2C  $20 $30 $2C $20 $33 $32 $2C $20  p 3 320, 0, 32, 
  0020: $34 $30 $2C $20 $31 $34 $30 $2C  $20 $31 $38 $34 $0D $0A $60 $62  40, 140, 184..`b
  0030: $65 $6E $63 $68 $20 $63 $72 $6F  $70 $20 $33 $20 $33 $32          ench crop 3 32
[USB RECV 2026-09-22T23:38:03.024] Received 62 bytes
[USB RECV HEX/ASCII]:
  0000: $30 $2C $20 $30 $2C $20 $33 $32  $2C $20 $34 $30 $2C $20 $31 $37  0, 0, 32, 40, 17
  0010: $34 $2C $20 $31 $38 $34 $0D $0A  $60 $62 $65 $6E $63 $68 $20 $63  4, 184..`bench c
  0020: $72 $6F $70 $20 $33 $20 $30 $2C  $20 $30 $2C $20 $33 $32 $2C $20  rop 3 0, 0, 32, 
  0030: $34 $30 $2C $20 $32 $30 $38 $2C  $20 $31 $38 $34 $0D $0A          40, 208, 184..
[USB RECV 2026-09-22T23:38:03.039] Received 15 bytes
[USB RECV HEX/ASCII]:
  0000: $60 $62 $65 $6E $63 $68 $20 $75  $70 $64 $61 $74 $65 $0D $0A      `bench update..
[USB RECV 2026-09-22T23:38:03.135] Received 15 bytes
[USB RECV HEX/ASCII]:
  0000: $60 $62 $65 $6E $63 $68 $20 $50  $43 $5F $4B $45 $59 $0D $0A      `bench PC_KEY..
[USB SEND 2026-09-22T23:38:03.135] Sent 4 bytes
[USB SEND HEX/ASCII]:
  0000: $00 $00 $00 $00                                                   ....
[USB RECV 2026-09-22T23:38:03.247] Received 15 bytes
[USB RECV HEX/ASCII]:
  0000: $60 $62 $65 $6E $63 $68 $20 $50  $43 $5F $4B $45 $59 $0D $0A      `bench PC_KEY..
[USB SEND 2026-09-22T23:38:03.247] Sent 4 bytes
[USB SEND HEX/ASCII]:
  0000: $00 $00 $00 $00                                                   ....
[USB RECV 2026-09-22T23:38:03.359] Received 15 bytes
[USB RECV HEX/ASCII]:
  0000: $60 $62 $65 $6E $63 $68 $20 $50  $43 $5F $4B $45 $59 $0D $0A      `bench PC_KEY..
[USB SEND 2026-09-22T23:38:03.359] Sent 4 bytes
[USB SEND HEX/ASCII]:
  0000: $00 $00 $00 $00                                                   ....
[USB RECV 2026-09-22T23:38:03.471] Received 15 bytes
[USB RECV HEX/ASCII]:
  0000: $60 $62 $65 $6E $63 $68 $20 $50  $43 $5F $4B $45 $59 $0D $0A      `bench PC_KEY..
[USB SEND 2026-09-22T23:38:03.471] Sent 4 bytes
[USB SEND HEX/ASCII]:
  0000: $00 $00 $00 $00                                                   ....
[USB RECV 2026-09-22T23:38:03.583] Received 15 bytes
[USB RECV HEX/ASCII]:
  0000: $60 $62 $65 $6E $63 $68 $20 $50  $43 $5F $4B $45 $59 $0D $0A      `bench PC_KEY..
[USB SEND 2026-09-22T23:38:03.583] Sent 4 bytes
[USB SEND HEX/ASCII]:
  0000: $00 $00 $00 $00                                                   ....
[USB RECV 2026-09-22T23:38:03.584] Received 62 bytes
[USB RECV HEX/ASCII]:
  0000: $43 $6F $67 $30 $20 $20 $54 $30  $2D $31 $32 $2C $72 $75 $6E $6E  Cog0  T0-12,runn
  0010: $69 $6E $67 $2C $74 $72 $61 $6E  $73 $69 $74 $69 $6F $6E $73 $2C  ing,transitions,
  0020: $32 $31 $32 $2C $69 $6C $6C $65  $67 $61 $6C $2C $30 $2C $70 $6F  212,illegal,0,po
  0030: $73 $2C $2D $32 $30 $39 $0D $0A  $60 $62 $65 $6E $63 $68          s,-209..`bench
[USB RECV 2026-09-22T23:38:03.585] Received 62 bytes
[USB RECV HEX/ASCII]:
  0000: $20 $63 $72 $6F $70 $20 $32 $20  $30 $2C $20 $33 $32 $2C $20 $32   crop 2 0, 32, 2
  0010: $30 $30 $2C $20 $33 $32 $2C $20  $31 $32 $2C $20 $31 $30 $34 $0D  00, 32, 12, 104.
  0020: $0A $60 $62 $65 $6E $63 $68 $20  $63 $72 $6F $70 $20 $33 $20 $33  .`bench crop 3 3
  0030: $32 $30 $2C $20 $30 $2C $20 $33  $32 $2C $20 $34 $30 $2C          20, 0, 32, 40,
[USB RECV 2026-09-22T23:38:03.585] Received 62 bytes
[USB RECV HEX/ASCII]:
  0000: $20 $31 $34 $30 $2C $20 $31 $34  $30 $0D $0A $60 $62 $65 $6E $63   140, 140..`benc
  0010: $68 $20 $63 $72 $6F $70 $20 $33  $20 $36 $34 $2C $20 $30 $2C $20  h crop 3 64, 0, 
  0020: $33 $32 $2C $20 $34 $30 $2C $20  $31 $37 $34 $2C $20 $31 $34 $30  32, 40, 174, 140
  0030: $0D $0A $60 $62 $65 $6E $63 $68  $20 $63 $72 $6F $70 $20          ..`bench crop 
[USB RECV 2026-09-22T23:38:03.585] Received 62 bytes
[USB RECV HEX/ASCII]:
  0000: $33 $20 $33 $32 $2C $20 $30 $2C  $20 $33 $32 $2C $20 $34 $30 $2C  3 32, 0, 32, 40,
  0010: $20 $32 $30 $38 $2C $20 $31 $34  $30 $0D $0A $60 $62 $65 $6E $63   208, 140..`benc
  0020: $68 $20 $63 $72 $6F $70 $20 $33  $20 $36 $34 $2C $20 $30 $2C $20  h crop 3 64, 0, 
  0030: $33 $32 $2C $20 $34 $30 $2C $20  $32 $34 $32 $2C $20 $31          32, 40, 242, 1
[USB RECV 2026-09-22T23:38:03.586] Received 62 bytes
[USB RECV HEX/ASCII]:
  0000: $34 $30 $0D $0A $60 $62 $65 $6E  $63 $68 $20 $63 $72 $6F $70 $20  40..`bench crop 
  0010: $33 $20 $33 $32 $30 $2C $20 $30  $2C $20 $33 $32 $2C $20 $34 $30  3 320, 0, 32, 40
  0020: $2C $20 $31 $34 $30 $2C $20 $31  $38 $34 $0D $0A $60 $62 $65 $6E  , 140, 184..`ben
  0030: $63 $68 $20 $63 $72 $6F $70 $20  $33 $20 $33 $32 $30 $2C          ch crop 3 320,
[USB RECV 2026-09-22T23:38:03.586] Received 62 bytes
[USB RECV HEX/ASCII]:
  0000: $20 $30 $2C $20 $33 $32 $2C $20  $34 $30 $2C $20 $31 $37 $34 $2C   0, 32, 40, 174,
  0010: $20 $31 $38 $34 $0D $0A $60 $62  $65 $6E $63 $68 $20 $63 $72 $6F   184..`bench cro
  0020: $70 $20 $33 $20 $30 $2C $20 $30  $2C $20 $33 $32 $2C $20 $34 $30  p 3 0, 0, 32, 40
  0030: $2C $20 $32 $30 $38 $2C $20 $31  $38 $34 $0D $0A $60 $62          , 208, 184..`b
[USB RECV 2026-09-22T23:38:03.602] Received 13 bytes
[USB RECV HEX/ASCII]:
  0000: $65 $6E $63 $68 $20 $75 $70 $64  $61 $74 $65 $0D $0A              ench update..
[USB RECV 2026-09-22T23:38:03.698] Received 15 bytes
[USB RECV HEX/ASCII]:
  0000: $60 $62 $65 $6E $63 $68 $20 $50  $43 $5F $4B $45 $59 $0D $0A      `bench PC_KEY..
[USB SEND 2026-09-22T23:38:03.698] Sent 4 bytes
[USB SEND HEX/ASCII]:
  0000: $00 $00 $00 $00                                                   ....
[USB RECV 2026-09-22T23:38:03.810] Received 15 bytes
[USB RECV HEX/ASCII]:
  0000: $60 $62 $65 $6E $63 $68 $20 $50  $43 $5F $4B $45 $59 $0D $0A      `bench PC_KEY..
[USB SEND 2026-09-22T23:38:03.810] Sent 4 bytes
[USB SEND HEX/ASCII]:
  0000: $00 $00 $00 $00                                                   ....
[USB RECV 2026-09-22T23:38:03.922] Received 15 bytes
[USB RECV HEX/ASCII]:
  0000: $60 $62 $65 $6E $63 $68 $20 $50  $43 $5F $4B $45 $59 $0D $0A      `bench PC_KEY..
[USB SEND 2026-09-22T23:38:03.923] Sent 4 bytes
[USB SEND HEX/ASCII]:
  0000: $00 $00 $00 $00                                                   ....
[USB RECV 2026-09-22T23:38:04.034] Received 15 bytes
[USB RECV HEX/ASCII]:
  0000: $60 $62 $65 $6E $63 $68 $20 $50  $43 $5F $4B $45 $59 $0D $0A      `bench PC_KEY..
[USB SEND 2026-09-22T23:38:04.035] Sent 4 bytes
[USB SEND HEX/ASCII]:
  0000: $00 $00 $00 $00                                                   ....
[USB RECV 2026-09-22T23:38:04.146] Received 15 bytes
[USB RECV HEX/ASCII]:
  0000: $60 $62 $65 $6E $63 $68 $20 $50  $43 $5F $4B $45 $59 $0D $0A      `bench PC_KEY..
[USB SEND 2026-09-22T23:38:04.147] Sent 4 bytes
[USB SEND HEX/ASCII]:
  0000: $00 $00 $00 $00                                                   ....
[USB RECV 2026-09-22T23:38:04.148] Received 62 bytes
[USB RECV HEX/ASCII]:
  0000: $43 $6F $67 $30 $20 $20 $54 $30  $2D $31 $32 $2C $72 $75 $6E $6E  Cog0  T0-12,runn
  0010: $69 $6E $67 $2C $74 $72 $61 $6E  $73 $69 $74 $69 $6F $6E $73 $2C  ing,transitions,
  0020: $32 $35 $36 $2C $69 $6C $6C $65  $67 $61 $6C $2C $30 $2C $70 $6F  256,illegal,0,po
  0030: $73 $2C $2D $32 $35 $33 $0D $0A  $60 $62 $65 $6E $63 $68          s,-253..`bench
[USB RECV 2026-09-22T23:38:04.148] Received 62 bytes
[USB RECV HEX/ASCII]:
  0000: $20 $63 $72 $6F $70 $20 $32 $20  $30 $2C $20 $33 $32 $2C $20 $32   crop 2 0, 32, 2
  0010: $30 $30 $2C $20 $33 $32 $2C $20  $31 $32 $2C $20 $31 $30 $34 $0D  00, 32, 12, 104.
  0020: $0A $60 $62 $65 $6E $63 $68 $20  $63 $72 $6F $70 $20 $33 $20 $33  .`bench crop 3 3
  0030: $32 $30 $2C $20 $30 $2C $20 $33  $32 $2C $20 $34 $30 $2C          20, 0, 32, 40,
[USB RECV 2026-09-22T23:38:04.148] Received 62 bytes
[USB RECV HEX/ASCII]:
  0000: $20 $31 $34 $30 $2C $20 $31 $34  $30 $0D $0A $60 $62 $65 $6E $63   140, 140..`benc
  0010: $68 $20 $63 $72 $6F $70 $20 $33  $20 $36 $34 $2C $20 $30 $2C $20  h crop 3 64, 0, 
  0020: $33 $32 $2C $20 $34 $30 $2C $20  $31 $37 $34 $2C $20 $31 $34 $30  32, 40, 174, 140
  0030: $0D $0A $60 $62 $65 $6E $63 $68  $20 $63 $72 $6F $70 $20          ..`bench crop 
[USB RECV 2026-09-22T23:38:04.149] Received 62 bytes
[USB RECV HEX/ASCII]:
  0000: $33 $20 $31 $36 $30 $2C $20 $30  $2C $20 $33 $32 $2C $20 $34 $30  3 160, 0, 32, 40
  0010: $2C $20 $32 $30 $38 $2C $20 $31  $34 $30 $0D $0A $60 $62 $65 $6E  , 208, 140..`ben
  0020: $63 $68 $20 $63 $72 $6F $70 $20  $33 $20 $31 $39 $32 $2C $20 $30  ch crop 3 192, 0
  0030: $2C $20 $33 $32 $2C $20 $34 $30  $2C $20 $32 $34 $32 $2C          , 32, 40, 242,
[USB RECV 2026-09-22T23:38:04.149] Received 62 bytes
[USB RECV HEX/ASCII]:
  0000: $20 $31 $34 $30 $0D $0A $60 $62  $65 $6E $63 $68 $20 $63 $72 $6F   140..`bench cro
  0010: $70 $20 $33 $20 $33 $32 $30 $2C  $20 $30 $2C $20 $33 $32 $2C $20  p 3 320, 0, 32, 
  0020: $34 $30 $2C $20 $31 $34 $30 $2C  $20 $31 $38 $34 $0D $0A $60 $62  40, 140, 184..`b
  0030: $65 $6E $63 $68 $20 $63 $72 $6F  $70 $20 $33 $20 $33 $32          ench crop 3 32
[USB RECV 2026-09-22T23:38:04.149] Received 62 bytes
[USB RECV HEX/ASCII]:
  0000: $30 $2C $20 $30 $2C $20 $33 $32  $2C $20 $34 $30 $2C $20 $31 $37  0, 0, 32, 40, 17
  0010: $34 $2C $20 $31 $38 $34 $0D $0A  $60 $62 $65 $6E $63 $68 $20 $63  4, 184..`bench c
  0020: $72 $6F $70 $20 $33 $20 $30 $2C  $20 $30 $2C $20 $33 $32 $2C $20  rop 3 0, 0, 32, 
  0030: $34 $30 $2C $20 $32 $30 $38 $2C  $20 $31 $38 $34 $0D $0A          40, 208, 184..
[USB RECV 2026-09-22T23:38:04.164] Received 15 bytes
[USB RECV HEX/ASCII]:
  0000: $60 $62 $65 $6E $63 $68 $20 $75  $70 $64 $61 $74 $65 $0D $0A      `bench update..
[USB RECV 2026-09-22T23:38:04.260] Received 15 bytes
[USB RECV HEX/ASCII]:
  0000: $60 $62 $65 $6E $63 $68 $20 $50  $43 $5F $4B $45 $59 $0D $0A      `bench PC_KEY..
[USB SEND 2026-09-22T23:38:04.261] Sent 4 bytes
[USB SEND HEX/ASCII]:
  0000: $00 $00 $00 $00                                                   ....
[USB RECV 2026-09-22T23:38:04.372] Received 15 bytes
[USB RECV HEX/ASCII]:
  0000: $60 $62 $65 $6E $63 $68 $20 $50  $43 $5F $4B $45 $59 $0D $0A      `bench PC_KEY..
[USB SEND 2026-09-22T23:38:04.373] Sent 4 bytes
[USB SEND HEX/ASCII]:
  0000: $00 $00 $00 $00                                                   ....
[USB RECV 2026-09-22T23:38:04.484] Received 15 bytes
[USB RECV HEX/ASCII]:
  0000: $60 $62 $65 $6E $63 $68 $20 $50  $43 $5F $4B $45 $59 $0D $0A      `bench PC_KEY..
[USB SEND 2026-09-22T23:38:04.485] Sent 4 bytes
[USB SEND HEX/ASCII]:
  0000: $00 $00 $00 $00                                                   ....
[USB RECV 2026-09-22T23:38:04.597] Received 15 bytes
[USB RECV HEX/ASCII]:
  0000: $60 $62 $65 $6E $63 $68 $20 $50  $43 $5F $4B $45 $59 $0D $0A      `bench PC_KEY..
[USB SEND 2026-09-22T23:38:04.597] Sent 4 bytes
[USB SEND HEX/ASCII]:
  0000: $00 $00 $00 $00                                                   ....
[USB RECV 2026-09-22T23:38:04.709] Received 15 bytes
[USB RECV HEX/ASCII]:
  0000: $60 $62 $65 $6E $63 $68 $20 $50  $43 $5F $4B $45 $59 $0D $0A      `bench PC_KEY..
[USB SEND 2026-09-22T23:38:04.709] Sent 4 bytes
[USB SEND HEX/ASCII]:
  0000: $00 $00 $00 $00                                                   ....
[USB RECV 2026-09-22T23:38:04.710] Received 62 bytes
[USB RECV HEX/ASCII]:
  0000: $43 $6F $67 $30 $20 $20 $54 $30  $2D $31 $32 $2C $72 $75 $6E $6E  Cog0  T0-12,runn
  0010: $69 $6E $67 $2C $74 $72 $61 $6E  $73 $69 $74 $69 $6F $6E $73 $2C  ing,transitions,
  0020: $32 $39 $36 $2C $69 $6C $6C $65  $67 $61 $6C $2C $30 $2C $70 $6F  296,illegal,0,po
  0030: $73 $2C $2D $32 $39 $33 $0D $0A  $60 $62 $65 $6E $63 $68          s,-293..`bench
[USB RECV 2026-09-22T23:38:04.710] Received 62 bytes
[USB RECV HEX/ASCII]:
  0000: $20 $63 $72 $6F $70 $20 $32 $20  $30 $2C $20 $33 $32 $2C $20 $32   crop 2 0, 32, 2
  0010: $30 $30 $2C $20 $33 $32 $2C $20  $31 $32 $2C $20 $31 $30 $34 $0D  00, 32, 12, 104.
  0020: $0A $60 $62 $65 $6E $63 $68 $20  $63 $72 $6F $70 $20 $33 $20 $33  .`bench crop 3 3
  0030: $32 $30 $2C $20 $30 $2C $20 $33  $32 $2C $20 $34 $30 $2C          20, 0, 32, 40,
[USB RECV 2026-09-22T23:38:04.711] Received 62 bytes
[USB RECV HEX/ASCII]:
  0000: $20 $31 $34 $30 $2C $20 $31 $34  $30 $0D $0A $60 $62 $65 $6E $63   140, 140..`benc
  0010: $68 $20 $63 $72 $6F $70 $20 $33  $20 $36 $34 $2C $20 $30 $2C $20  h crop 3 64, 0, 
  0020: $33 $32 $2C $20 $34 $30 $2C $20  $31 $37 $34 $2C $20 $31 $34 $30  32, 40, 174, 140
  0030: $0D $0A $60 $62 $65 $6E $63 $68  $20 $63 $72 $6F $70 $20          ..`bench crop 
[USB RECV 2026-09-22T23:38:04.711] Received 62 bytes
[USB RECV HEX/ASCII]:
  0000: $33 $20 $32 $38 $38 $2C $20 $30  $2C $20 $33 $32 $2C $20 $34 $30  3 288, 0, 32, 40
  0010: $2C $20 $32 $30 $38 $2C $20 $31  $34 $30 $0D $0A $60 $62 $65 $6E  , 208, 140..`ben
  0020: $63 $68 $20 $63 $72 $6F $70 $20  $33 $20 $31 $39 $32 $2C $20 $30  ch crop 3 192, 0
  0030: $2C $20 $33 $32 $2C $20 $34 $30  $2C $20 $32 $34 $32 $2C          , 32, 40, 242,
[USB RECV 2026-09-22T23:38:04.712] Received 62 bytes
[USB RECV HEX/ASCII]:
  0000: $20 $31 $34 $30 $0D $0A $60 $62  $65 $6E $63 $68 $20 $63 $72 $6F   140..`bench cro
  0010: $70 $20 $33 $20 $33 $32 $30 $2C  $20 $30 $2C $20 $33 $32 $2C $20  p 3 320, 0, 32, 
  0020: $34 $30 $2C $20 $31 $34 $30 $2C  $20 $31 $38 $34 $0D $0A $60 $62  40, 140, 184..`b
  0030: $65 $6E $63 $68 $20 $63 $72 $6F  $70 $20 $33 $20 $33 $32          ench crop 3 32
[USB RECV 2026-09-22T23:38:04.712] Received 62 bytes
[USB RECV HEX/ASCII]:
  0000: $30 $2C $20 $30 $2C $20 $33 $32  $2C $20 $34 $30 $2C $20 $31 $37  0, 0, 32, 40, 17
  0010: $34 $2C $20 $31 $38 $34 $0D $0A  $60 $62 $65 $6E $63 $68 $20 $63  4, 184..`bench c
  0020: $72 $6F $70 $20 $33 $20 $30 $2C  $20 $30 $2C $20 $33 $32 $2C $20  rop 3 0, 0, 32, 
  0030: $34 $30 $2C $20 $32 $30 $38 $2C  $20 $31 $38 $34 $0D $0A          40, 208, 184..
[USB RECV 2026-09-22T23:38:04.726] Received 15 bytes
[USB RECV HEX/ASCII]:
  0000: $60 $62 $65 $6E $63 $68 $20 $75  $70 $64 $61 $74 $65 $0D $0A      `bench update..
[USB RECV 2026-09-22T23:38:04.823] Received 15 bytes
[USB RECV HEX/ASCII]:
  0000: $60 $62 $65 $6E $63 $68 $20 $50  $43 $5F $4B $45 $59 $0D $0A      `bench PC_KEY..
[USB SEND 2026-09-22T23:38:04.823] Sent 4 bytes
[USB SEND HEX/ASCII]:
  0000: $00 $00 $00 $00                                                   ....
[USB RECV 2026-09-22T23:38:04.935] Received 15 bytes
[USB RECV HEX/ASCII]:
  0000: $60 $62 $65 $6E $63 $68 $20 $50  $43 $5F $4B $45 $59 $0D $0A      `bench PC_KEY..
[USB SEND 2026-09-22T23:38:04.935] Sent 4 bytes
[USB SEND HEX/ASCII]:
  0000: $00 $00 $00 $00                                                   ....
[USB RECV 2026-09-22T23:38:05.047] Received 15 bytes
[USB RECV HEX/ASCII]:
  0000: $60 $62 $65 $6E $63 $68 $20 $50  $43 $5F $4B $45 $59 $0D $0A      `bench PC_KEY..
[USB SEND 2026-09-22T23:38:05.047] Sent 4 bytes
[USB SEND HEX/ASCII]:
  0000: $00 $00 $00 $00                                                   ....
[USB RECV 2026-09-22T23:38:05.159] Received 15 bytes
[USB RECV HEX/ASCII]:
  0000: $60 $62 $65 $6E $63 $68 $20 $50  $43 $5F $4B $45 $59 $0D $0A      `bench PC_KEY..
[USB SEND 2026-09-22T23:38:05.159] Sent 4 bytes
[USB SEND HEX/ASCII]:
  0000: $00 $00 $00 $00                                                   ....
[USB RECV 2026-09-22T23:38:05.271] Received 15 bytes
[USB RECV HEX/ASCII]:
  0000: $60 $62 $65 $6E $63 $68 $20 $50  $43 $5F $4B $45 $59 $0D $0A      `bench PC_KEY..
[USB SEND 2026-09-22T23:38:05.271] Sent 4 bytes
[USB SEND HEX/ASCII]:
  0000: $00 $00 $00 $00                                                   ....
[USB RECV 2026-09-22T23:38:05.272] Received 62 bytes
[USB RECV HEX/ASCII]:
  0000: $43 $6F $67 $30 $20 $20 $54 $30  $2D $31 $32 $2C $72 $75 $6E $6E  Cog0  T0-12,runn
  0010: $69 $6E $67 $2C $74 $72 $61 $6E  $73 $69 $74 $69 $6F $6E $73 $2C  ing,transitions,
  0020: $33 $33 $39 $2C $69 $6C $6C $65  $67 $61 $6C $2C $30 $2C $70 $6F  339,illegal,0,po
  0030: $73 $2C $2D $33 $33 $36 $0D $0A  $60 $62 $65 $6E $63 $68          s,-336..`bench
[USB RECV 2026-09-22T23:38:05.272] Received 62 bytes
[USB RECV HEX/ASCII]:
  0000: $20 $63 $72 $6F $70 $20 $32 $20  $30 $2C $20 $33 $32 $2C $20 $32   crop 2 0, 32, 2
  0010: $30 $30 $2C $20 $33 $32 $2C $20  $31 $32 $2C $20 $31 $30 $34 $0D  00, 32, 12, 104.
  0020: $0A $60 $62 $65 $6E $63 $68 $20  $63 $72 $6F $70 $20 $33 $20 $33  .`bench crop 3 3
  0030: $32 $30 $2C $20 $30 $2C $20 $33  $32 $2C $20 $34 $30 $2C          20, 0, 32, 40,
[USB RECV 2026-09-22T23:38:05.273] Received 62 bytes
[USB RECV HEX/ASCII]:
  0000: $20 $31 $34 $30 $2C $20 $31 $34  $30 $0D $0A $60 $62 $65 $6E $63   140, 140..`benc
  0010: $68 $20 $63 $72 $6F $70 $20 $33  $20 $39 $36 $2C $20 $30 $2C $20  h crop 3 96, 0, 
  0020: $33 $32 $2C $20 $34 $30 $2C $20  $31 $37 $34 $2C $20 $31 $34 $30  32, 40, 174, 140
  0030: $0D $0A $60 $62 $65 $6E $63 $68  $20 $63 $72 $6F $70 $20          ..`bench crop 
[USB RECV 2026-09-22T23:38:05.273] Received 62 bytes
[USB RECV HEX/ASCII]:
  0000: $33 $20 $39 $36 $2C $20 $30 $2C  $20 $33 $32 $2C $20 $34 $30 $2C  3 96, 0, 32, 40,
  0010: $20 $32 $30 $38 $2C $20 $31 $34  $30 $0D $0A $60 $62 $65 $6E $63   208, 140..`benc
  0020: $68 $20 $63 $72 $6F $70 $20 $33  $20 $32 $38 $38 $2C $20 $30 $2C  h crop 3 288, 0,
  0030: $20 $33 $32 $2C $20 $34 $30 $2C  $20 $32 $34 $32 $2C $20           32, 40, 242, 
[USB RECV 2026-09-22T23:38:05.274] Received 62 bytes
[USB RECV HEX/ASCII]:
  0000: $31 $34 $30 $0D $0A $60 $62 $65  $6E $63 $68 $20 $63 $72 $6F $70  140..`bench crop
  0010: $20 $33 $20 $33 $32 $30 $2C $20  $30 $2C $20 $33 $32 $2C $20 $34   3 320, 0, 32, 4
  0020: $30 $2C $20 $31 $34 $30 $2C $20  $31 $38 $34 $0D $0A $60 $62 $65  0, 140, 184..`be
  0030: $6E $63 $68 $20 $63 $72 $6F $70  $20 $33 $20 $33 $32 $30          nch crop 3 320
[USB RECV 2026-09-22T23:38:05.274] Received 62 bytes
[USB RECV HEX/ASCII]:
  0000: $2C $20 $30 $2C $20 $33 $32 $2C  $20 $34 $30 $2C $20 $31 $37 $34  , 0, 32, 40, 174
  0010: $2C $20 $31 $38 $34 $0D $0A $60  $62 $65 $6E $63 $68 $20 $63 $72  , 184..`bench cr
  0020: $6F $70 $20 $33 $20 $30 $2C $20  $30 $2C $20 $33 $32 $2C $20 $34  op 3 0, 0, 32, 4
  0030: $30 $2C $20 $32 $30 $38 $2C $20  $31 $38 $34 $0D $0A $60          0, 208, 184..`
[USB RECV 2026-09-22T23:38:05.289] Received 14 bytes
[USB RECV HEX/ASCII]:
  0000: $62 $65 $6E $63 $68 $20 $75 $70  $64 $61 $74 $65 $0D $0A          bench update..
[USB RECV 2026-09-22T23:38:05.385] Received 15 bytes
[USB RECV HEX/ASCII]:
  0000: $60 $62 $65 $6E $63 $68 $20 $50  $43 $5F $4B $45 $59 $0D $0A      `bench PC_KEY..
[USB SEND 2026-09-22T23:38:05.385] Sent 4 bytes
[USB SEND HEX/ASCII]:
  0000: $00 $00 $00 $00                                                   ....
[USB RECV 2026-09-22T23:38:05.497] Received 15 bytes
[USB RECV HEX/ASCII]:
  0000: $60 $62 $65 $6E $63 $68 $20 $50  $43 $5F $4B $45 $59 $0D $0A      `bench PC_KEY..
[USB SEND 2026-09-22T23:38:05.497] Sent 4 bytes
[USB SEND HEX/ASCII]:
  0000: $00 $00 $00 $00                                                   ....
[USB RECV 2026-09-22T23:38:05.609] Received 15 bytes
[USB RECV HEX/ASCII]:
  0000: $60 $62 $65 $6E $63 $68 $20 $50  $43 $5F $4B $45 $59 $0D $0A      `bench PC_KEY..
[USB SEND 2026-09-22T23:38:05.609] Sent 4 bytes
[USB SEND HEX/ASCII]:
  0000: $00 $00 $00 $00                                                   ....
[USB RECV 2026-09-22T23:38:05.721] Received 15 bytes
[USB RECV HEX/ASCII]:
  0000: $60 $62 $65 $6E $63 $68 $20 $50  $43 $5F $4B $45 $59 $0D $0A      `bench PC_KEY..
[USB SEND 2026-09-22T23:38:05.721] Sent 4 bytes
[USB SEND HEX/ASCII]:
  0000: $00 $00 $00 $00                                                   ....
[USB RECV 2026-09-22T23:38:05.833] Received 15 bytes
[USB RECV HEX/ASCII]:
  0000: $60 $62 $65 $6E $63 $68 $20 $50  $43 $5F $4B $45 $59 $0D $0A      `bench PC_KEY..
[USB SEND 2026-09-22T23:38:05.833] Sent 4 bytes
[USB SEND HEX/ASCII]:
  0000: $00 $00 $00 $00                                                   ....
[USB RECV 2026-09-22T23:38:05.834] Received 62 bytes
[USB RECV HEX/ASCII]:
  0000: $43 $6F $67 $30 $20 $20 $54 $30  $2D $31 $32 $2C $72 $75 $6E $6E  Cog0  T0-12,runn
  0010: $69 $6E $67 $2C $74 $72 $61 $6E  $73 $69 $74 $69 $6F $6E $73 $2C  ing,transitions,
  0020: $33 $35 $39 $2C $69 $6C $6C $65  $67 $61 $6C $2C $30 $2C $70 $6F  359,illegal,0,po
  0030: $73 $2C $2D $33 $35 $36 $0D $0A  $60 $62 $65 $6E $63 $68          s,-356..`bench
[USB RECV 2026-09-22T23:38:05.835] Received 62 bytes
[USB RECV HEX/ASCII]:
  0000: $20 $63 $72 $6F $70 $20 $32 $20  $30 $2C $20 $33 $32 $2C $20 $32   crop 2 0, 32, 2
  0010: $30 $30 $2C $20 $33 $32 $2C $20  $31 $32 $2C $20 $31 $30 $34 $0D  00, 32, 12, 104.
  0020: $0A $60 $62 $65 $6E $63 $68 $20  $63 $72 $6F $70 $20 $33 $20 $33  .`bench crop 3 3
  0030: $32 $30 $2C $20 $30 $2C $20 $33  $32 $2C $20 $34 $30 $2C          20, 0, 32, 40,
[USB RECV 2026-09-22T23:38:05.835] Received 62 bytes
[USB RECV HEX/ASCII]:
  0000: $20 $31 $34 $30 $2C $20 $31 $34  $30 $0D $0A $60 $62 $65 $6E $63   140, 140..`benc
  0010: $68 $20 $63 $72 $6F $70 $20 $33  $20 $39 $36 $2C $20 $30 $2C $20  h crop 3 96, 0, 
  0020: $33 $32 $2C $20 $34 $30 $2C $20  $31 $37 $34 $2C $20 $31 $34 $30  32, 40, 174, 140
  0030: $0D $0A $60 $62 $65 $6E $63 $68  $20 $63 $72 $6F $70 $20          ..`bench crop 
[USB RECV 2026-09-22T23:38:05.835] Received 62 bytes
[USB RECV HEX/ASCII]:
  0000: $33 $20 $31 $36 $30 $2C $20 $30  $2C $20 $33 $32 $2C $20 $34 $30  3 160, 0, 32, 40
  0010: $2C $20 $32 $30 $38 $2C $20 $31  $34 $30 $0D $0A $60 $62 $65 $6E  , 208, 140..`ben
  0020: $63 $68 $20 $63 $72 $6F $70 $20  $33 $20 $32 $38 $38 $2C $20 $30  ch crop 3 288, 0
  0030: $2C $20 $33 $32 $2C $20 $34 $30  $2C $20 $32 $34 $32 $2C          , 32, 40, 242,
[USB RECV 2026-09-22T23:38:05.836] Received 62 bytes
[USB RECV HEX/ASCII]:
  0000: $20 $31 $34 $30 $0D $0A $60 $62  $65 $6E $63 $68 $20 $63 $72 $6F   140..`bench cro
  0010: $70 $20 $33 $20 $33 $32 $30 $2C  $20 $30 $2C $20 $33 $32 $2C $20  p 3 320, 0, 32, 
  0020: $34 $30 $2C $20 $31 $34 $30 $2C  $20 $31 $38 $34 $0D $0A $60 $62  40, 140, 184..`b
  0030: $65 $6E $63 $68 $20 $63 $72 $6F  $70 $20 $33 $20 $33 $32          ench crop 3 32
[USB RECV 2026-09-22T23:38:05.836] Received 62 bytes
[USB RECV HEX/ASCII]:
  0000: $30 $2C $20 $30 $2C $20 $33 $32  $2C $20 $34 $30 $2C $20 $31 $37  0, 0, 32, 40, 17
  0010: $34 $2C $20 $31 $38 $34 $0D $0A  $60 $62 $65 $6E $63 $68 $20 $63  4, 184..`bench c
  0020: $72 $6F $70 $20 $33 $20 $30 $2C  $20 $30 $2C $20 $33 $32 $2C $20  rop 3 0, 0, 32, 
  0030: $34 $30 $2C $20 $32 $30 $38 $2C  $20 $31 $38 $34 $0D $0A          40, 208, 184..
[USB RECV 2026-09-22T23:38:05.851] Received 15 bytes
[USB RECV HEX/ASCII]:
  0000: $60 $62 $65 $6E $63 $68 $20 $75  $70 $64 $61 $74 $65 $0D $0A      `bench update..
[USB RECV 2026-09-22T23:38:05.947] Received 15 bytes
[USB RECV HEX/ASCII]:
  0000: $60 $62 $65 $6E $63 $68 $20 $50  $43 $5F $4B $45 $59 $0D $0A      `bench PC_KEY..
[USB SEND 2026-09-22T23:38:05.947] Sent 4 bytes
[USB SEND HEX/ASCII]:
  0000: $00 $00 $00 $00                                                   ....
[USB RECV 2026-09-22T23:38:06.060] Received 15 bytes
[USB RECV HEX/ASCII]:
  0000: $60 $62 $65 $6E $63 $68 $20 $50  $43 $5F $4B $45 $59 $0D $0A      `bench PC_KEY..
[USB SEND 2026-09-22T23:38:06.060] Sent 4 bytes
[USB SEND HEX/ASCII]:
  0000: $00 $00 $00 $00                                                   ....
[USB RECV 2026-09-22T23:38:06.171] Received 15 bytes
[USB RECV HEX/ASCII]:
  0000: $60 $62 $65 $6E $63 $68 $20 $50  $43 $5F $4B $45 $59 $0D $0A      `bench PC_KEY..
[USB SEND 2026-09-22T23:38:06.172] Sent 4 bytes
[USB SEND HEX/ASCII]:
  0000: $00 $00 $00 $00                                                   ....
[USB RECV 2026-09-22T23:38:06.284] Received 15 bytes
[USB RECV HEX/ASCII]:
  0000: $60 $62 $65 $6E $63 $68 $20 $50  $43 $5F $4B $45 $59 $0D $0A      `bench PC_KEY..
[USB SEND 2026-09-22T23:38:06.284] Sent 4 bytes
[USB SEND HEX/ASCII]:
  0000: $00 $00 $00 $00                                                   ....
[USB RECV 2026-09-22T23:38:06.396] Received 15 bytes
[USB RECV HEX/ASCII]:
  0000: $60 $62 $65 $6E $63 $68 $20 $50  $43 $5F $4B $45 $59 $0D $0A      `bench PC_KEY..
[USB SEND 2026-09-22T23:38:06.396] Sent 4 bytes
[USB SEND HEX/ASCII]:
  0000: $00 $00 $00 $00                                                   ....
[USB RECV 2026-09-22T23:38:06.397] Received 62 bytes
[USB RECV HEX/ASCII]:
  0000: $43 $6F $67 $30 $20 $20 $54 $30  $2D $31 $32 $2C $72 $75 $6E $6E  Cog0  T0-12,runn
  0010: $69 $6E $67 $2C $74 $72 $61 $6E  $73 $69 $74 $69 $6F $6E $73 $2C  ing,transitions,
  0020: $33 $36 $33 $2C $69 $6C $6C $65  $67 $61 $6C $2C $30 $2C $70 $6F  363,illegal,0,po
  0030: $73 $2C $2D $33 $36 $30 $0D $0A  $60 $62 $65 $6E $63 $68          s,-360..`bench
[USB RECV 2026-09-22T23:38:06.398] Received 62 bytes
[USB RECV HEX/ASCII]:
  0000: $20 $63 $72 $6F $70 $20 $32 $20  $30 $2C $20 $33 $32 $2C $20 $32   crop 2 0, 32, 2
  0010: $30 $30 $2C $20 $33 $32 $2C $20  $31 $32 $2C $20 $31 $30 $34 $0D  00, 32, 12, 104.
  0020: $0A $60 $62 $65 $6E $63 $68 $20  $63 $72 $6F $70 $20 $33 $20 $33  .`bench crop 3 3
  0030: $32 $30 $2C $20 $30 $2C $20 $33  $32 $2C $20 $34 $30 $2C          20, 0, 32, 40,
[USB RECV 2026-09-22T23:38:06.398] Received 62 bytes
[USB RECV HEX/ASCII]:
  0000: $20 $31 $34 $30 $2C $20 $31 $34  $30 $0D $0A $60 $62 $65 $6E $63   140, 140..`benc
  0010: $68 $20 $63 $72 $6F $70 $20 $33  $20 $39 $36 $2C $20 $30 $2C $20  h crop 3 96, 0, 
  0020: $33 $32 $2C $20 $34 $30 $2C $20  $31 $37 $34 $2C $20 $31 $34 $30  32, 40, 174, 140
  0030: $0D $0A $60 $62 $65 $6E $63 $68  $20 $63 $72 $6F $70 $20          ..`bench crop 
[USB RECV 2026-09-22T23:38:06.398] Received 62 bytes
[USB RECV HEX/ASCII]:
  0000: $33 $20 $31 $39 $32 $2C $20 $30  $2C $20 $33 $32 $2C $20 $34 $30  3 192, 0, 32, 40
  0010: $2C $20 $32 $30 $38 $2C $20 $31  $34 $30 $0D $0A $60 $62 $65 $6E  , 208, 140..`ben
  0020: $63 $68 $20 $63 $72 $6F $70 $20  $33 $20 $39 $36 $2C $20 $30 $2C  ch crop 3 96, 0,
  0030: $20 $33 $32 $2C $20 $34 $30 $2C  $20 $32 $34 $32 $2C $20           32, 40, 242, 
[USB RECV 2026-09-22T23:38:06.398] Received 62 bytes
[USB RECV HEX/ASCII]:
  0000: $31 $34 $30 $0D $0A $60 $62 $65  $6E $63 $68 $20 $63 $72 $6F $70  140..`bench crop
  0010: $20 $33 $20 $33 $32 $30 $2C $20  $30 $2C $20 $33 $32 $2C $20 $34   3 320, 0, 32, 4
  0020: $30 $2C $20 $31 $34 $30 $2C $20  $31 $38 $34 $0D $0A $60 $62 $65  0, 140, 184..`be
  0030: $6E $63 $68 $20 $63 $72 $6F $70  $20 $33 $20 $33 $32 $30          nch crop 3 320
[USB RECV 2026-09-22T23:38:06.399] Received 62 bytes
[USB RECV HEX/ASCII]:
  0000: $2C $20 $30 $2C $20 $33 $32 $2C  $20 $34 $30 $2C $20 $31 $37 $34  , 0, 32, 40, 174
  0010: $2C $20 $31 $38 $34 $0D $0A $60  $62 $65 $6E $63 $68 $20 $63 $72  , 184..`bench cr
  0020: $6F $70 $20 $33 $20 $30 $2C $20  $30 $2C $20 $33 $32 $2C $20 $34  op 3 0, 0, 32, 4
  0030: $30 $2C $20 $32 $30 $38 $2C $20  $31 $38 $34 $0D $0A $60          0, 208, 184..`
[USB RECV 2026-09-22T23:38:06.414] Received 14 bytes
[USB RECV HEX/ASCII]:
  0000: $62 $65 $6E $63 $68 $20 $75 $70  $64 $61 $74 $65 $0D $0A          bench update..
[USB RECV 2026-09-22T23:38:06.511] Received 15 bytes
[USB RECV HEX/ASCII]:
  0000: $60 $62 $65 $6E $63 $68 $20 $50  $43 $5F $4B $45 $59 $0D $0A      `bench PC_KEY..
[USB SEND 2026-09-22T23:38:06.511] Sent 4 bytes
[USB SEND HEX/ASCII]:
  0000: $00 $00 $00 $00                                                   ....
[USB RECV 2026-09-22T23:38:06.623] Received 15 bytes
[USB RECV HEX/ASCII]:
  0000: $60 $62 $65 $6E $63 $68 $20 $50  $43 $5F $4B $45 $59 $0D $0A      `bench PC_KEY..
[USB SEND 2026-09-22T23:38:06.623] Sent 4 bytes
[USB SEND HEX/ASCII]:
  0000: $00 $00 $00 $00                                                   ....
[USB RECV 2026-09-22T23:38:06.735] Received 15 bytes
[USB RECV HEX/ASCII]:
  0000: $60 $62 $65 $6E $63 $68 $20 $50  $43 $5F $4B $45 $59 $0D $0A      `bench PC_KEY..
[USB SEND 2026-09-22T23:38:06.735] Sent 4 bytes
[USB SEND HEX/ASCII]:
  0000: $00 $00 $00 $00                                                   ....
[USB RECV 2026-09-22T23:38:06.847] Received 15 bytes
[USB RECV HEX/ASCII]:
  0000: $60 $62 $65 $6E $63 $68 $20 $50  $43 $5F $4B $45 $59 $0D $0A      `bench PC_KEY..
[USB SEND 2026-09-22T23:38:06.847] Sent 4 bytes
[USB SEND HEX/ASCII]:
  0000: $00 $00 $00 $00                                                   ....
[USB RECV 2026-09-22T23:38:06.959] Received 15 bytes
[USB RECV HEX/ASCII]:
  0000: $60 $62 $65 $6E $63 $68 $20 $50  $43 $5F $4B $45 $59 $0D $0A      `bench PC_KEY..
[USB SEND 2026-09-22T23:38:06.959] Sent 4 bytes
[USB SEND HEX/ASCII]:
  0000: $00 $00 $00 $00                                                   ....
[USB RECV 2026-09-22T23:38:06.960] Received 62 bytes
[USB RECV HEX/ASCII]:
  0000: $43 $6F $67 $30 $20 $20 $54 $30  $2D $31 $32 $2C $72 $75 $6E $6E  Cog0  T0-12,runn
  0010: $69 $6E $67 $2C $74 $72 $61 $6E  $73 $69 $74 $69 $6F $6E $73 $2C  ing,transitions,
  0020: $34 $30 $35 $2C $69 $6C $6C $65  $67 $61 $6C $2C $30 $2C $70 $6F  405,illegal,0,po
  0030: $73 $2C $2D $34 $30 $32 $0D $0A  $60 $62 $65 $6E $63 $68          s,-402..`bench
[USB RECV 2026-09-22T23:38:06.960] Received 62 bytes
[USB RECV HEX/ASCII]:
  0000: $20 $63 $72 $6F $70 $20 $32 $20  $30 $2C $20 $33 $32 $2C $20 $32   crop 2 0, 32, 2
  0010: $30 $30 $2C $20 $33 $32 $2C $20  $31 $32 $2C $20 $31 $30 $34 $0D  00, 32, 12, 104.
  0020: $0A $60 $62 $65 $6E $63 $68 $20  $63 $72 $6F $70 $20 $33 $20 $33  .`bench crop 3 3
  0030: $32 $30 $2C $20 $30 $2C $20 $33  $32 $2C $20 $34 $30 $2C          20, 0, 32, 40,
[USB RECV 2026-09-22T23:38:06.961] Received 62 bytes
[USB RECV HEX/ASCII]:
  0000: $20 $31 $34 $30 $2C $20 $31 $34  $30 $0D $0A $60 $62 $65 $6E $63   140, 140..`benc
  0010: $68 $20 $63 $72 $6F $70 $20 $33  $20 $31 $32 $38 $2C $20 $30 $2C  h crop 3 128, 0,
  0020: $20 $33 $32 $2C $20 $34 $30 $2C  $20 $31 $37 $34 $2C $20 $31 $34   32, 40, 174, 14
  0030: $30 $0D $0A $60 $62 $65 $6E $63  $68 $20 $63 $72 $6F $70          0..`bench crop
[USB RECV 2026-09-22T23:38:06.961] Received 62 bytes
[USB RECV HEX/ASCII]:
  0000: $20 $33 $20 $30 $2C $20 $30 $2C  $20 $33 $32 $2C $20 $34 $30 $2C   3 0, 0, 32, 40,
  0010: $20 $32 $30 $38 $2C $20 $31 $34  $30 $0D $0A $60 $62 $65 $6E $63   208, 140..`benc
  0020: $68 $20 $63 $72 $6F $70 $20 $33  $20 $31 $36 $30 $2C $20 $30 $2C  h crop 3 160, 0,
  0030: $20 $33 $32 $2C $20 $34 $30 $2C  $20 $32 $34 $32 $2C $20           32, 40, 242, 
[USB RECV 2026-09-22T23:38:06.961] Received 62 bytes
[USB RECV HEX/ASCII]:
  0000: $31 $34 $30 $0D $0A $60 $62 $65  $6E $63 $68 $20 $63 $72 $6F $70  140..`bench crop
  0010: $20 $33 $20 $33 $32 $30 $2C $20  $30 $2C $20 $33 $32 $2C $20 $34   3 320, 0, 32, 4
  0020: $30 $2C $20 $31 $34 $30 $2C $20  $31 $38 $34 $0D $0A $60 $62 $65  0, 140, 184..`be
  0030: $6E $63 $68 $20 $63 $72 $6F $70  $20 $33 $20 $33 $32 $30          nch crop 3 320
[USB RECV 2026-09-22T23:38:06.962] Received 62 bytes
[USB RECV HEX/ASCII]:
  0000: $2C $20 $30 $2C $20 $33 $32 $2C  $20 $34 $30 $2C $20 $31 $37 $34  , 0, 32, 40, 174
  0010: $2C $20 $31 $38 $34 $0D $0A $60  $62 $65 $6E $63 $68 $20 $63 $72  , 184..`bench cr
  0020: $6F $70 $20 $33 $20 $30 $2C $20  $30 $2C $20 $33 $32 $2C $20 $34  op 3 0, 0, 32, 4
  0030: $30 $2C $20 $32 $30 $38 $2C $20  $31 $38 $34 $0D $0A $60          0, 208, 184..`
[USB RECV 2026-09-22T23:38:06.978] Received 14 bytes
[USB RECV HEX/ASCII]:
  0000: $62 $65 $6E $63 $68 $20 $75 $70  $64 $61 $74 $65 $0D $0A          bench update..
[USB RECV 2026-09-22T23:38:07.074] Received 15 bytes
[USB RECV HEX/ASCII]:
  0000: $60 $62 $65 $6E $63 $68 $20 $50  $43 $5F $4B $45 $59 $0D $0A      `bench PC_KEY..
[USB SEND 2026-09-22T23:38:07.074] Sent 4 bytes
[USB SEND HEX/ASCII]:
  0000: $00 $00 $00 $00                                                   ....
[USB RECV 2026-09-22T23:38:07.186] Received 15 bytes
[USB RECV HEX/ASCII]:
  0000: $60 $62 $65 $6E $63 $68 $20 $50  $43 $5F $4B $45 $59 $0D $0A      `bench PC_KEY..
[USB SEND 2026-09-22T23:38:07.186] Sent 4 bytes
[USB SEND HEX/ASCII]:
  0000: $00 $00 $00 $00                                                   ....
[USB RECV 2026-09-22T23:38:07.298] Received 15 bytes
[USB RECV HEX/ASCII]:
  0000: $60 $62 $65 $6E $63 $68 $20 $50  $43 $5F $4B $45 $59 $0D $0A      `bench PC_KEY..
[USB SEND 2026-09-22T23:38:07.298] Sent 4 bytes
[USB SEND HEX/ASCII]:
  0000: $00 $00 $00 $00                                                   ....
[USB RECV 2026-09-22T23:38:07.410] Received 15 bytes
[USB RECV HEX/ASCII]:
  0000: $60 $62 $65 $6E $63 $68 $20 $50  $43 $5F $4B $45 $59 $0D $0A      `bench PC_KEY..
[USB SEND 2026-09-22T23:38:07.410] Sent 4 bytes
[USB SEND HEX/ASCII]:
  0000: $00 $00 $00 $00                                                   ....
[USB RECV 2026-09-22T23:38:07.522] Received 15 bytes
[USB RECV HEX/ASCII]:
  0000: $60 $62 $65 $6E $63 $68 $20 $50  $43 $5F $4B $45 $59 $0D $0A      `bench PC_KEY..
[USB SEND 2026-09-22T23:38:07.522] Sent 4 bytes
[USB SEND HEX/ASCII]:
  0000: $00 $00 $00 $00                                                   ....
[USB RECV 2026-09-22T23:38:07.523] Received 62 bytes
[USB RECV HEX/ASCII]:
  0000: $43 $6F $67 $30 $20 $20 $54 $30  $2D $31 $32 $2C $72 $75 $6E $6E  Cog0  T0-12,runn
  0010: $69 $6E $67 $2C $74 $72 $61 $6E  $73 $69 $74 $69 $6F $6E $73 $2C  ing,transitions,
  0020: $34 $36 $32 $2C $69 $6C $6C $65  $67 $61 $6C $2C $30 $2C $70 $6F  462,illegal,0,po
  0030: $73 $2C $2D $34 $35 $38 $0D $0A  $60 $62 $65 $6E $63 $68          s,-458..`bench
[USB RECV 2026-09-22T23:38:07.524] Received 62 bytes
[USB RECV HEX/ASCII]:
  0000: $20 $63 $72 $6F $70 $20 $32 $20  $30 $2C $20 $33 $32 $2C $20 $32   crop 2 0, 32, 2
  0010: $30 $30 $2C $20 $33 $32 $2C $20  $31 $32 $2C $20 $31 $30 $34 $0D  00, 32, 12, 104.
  0020: $0A $60 $62 $65 $6E $63 $68 $20  $63 $72 $6F $70 $20 $33 $20 $33  .`bench crop 3 3
  0030: $32 $30 $2C $20 $30 $2C $20 $33  $32 $2C $20 $34 $30 $2C          20, 0, 32, 40,
[USB RECV 2026-09-22T23:38:07.524] Received 62 bytes
[USB RECV HEX/ASCII]:
  0000: $20 $31 $34 $30 $2C $20 $31 $34  $30 $0D $0A $60 $62 $65 $6E $63   140, 140..`benc
  0010: $68 $20 $63 $72 $6F $70 $20 $33  $20 $31 $32 $38 $2C $20 $30 $2C  h crop 3 128, 0,
  0020: $20 $33 $32 $2C $20 $34 $30 $2C  $20 $31 $37 $34 $2C $20 $31 $34   32, 40, 174, 14
  0030: $30 $0D $0A $60 $62 $65 $6E $63  $68 $20 $63 $72 $6F $70          0..`bench crop
[USB RECV 2026-09-22T23:38:07.524] Received 62 bytes
[USB RECV HEX/ASCII]:
  0000: $20 $33 $20 $31 $39 $32 $2C $20  $30 $2C $20 $33 $32 $2C $20 $34   3 192, 0, 32, 4
  0010: $30 $2C $20 $32 $30 $38 $2C $20  $31 $34 $30 $0D $0A $60 $62 $65  0, 208, 140..`be
  0020: $6E $63 $68 $20 $63 $72 $6F $70  $20 $33 $20 $36 $34 $2C $20 $30  nch crop 3 64, 0
  0030: $2C $20 $33 $32 $2C $20 $34 $30  $2C $20 $32 $34 $32 $2C          , 32, 40, 242,
[USB RECV 2026-09-22T23:38:07.525] Received 62 bytes
[USB RECV HEX/ASCII]:
  0000: $20 $31 $34 $30 $0D $0A $60 $62  $65 $6E $63 $68 $20 $63 $72 $6F   140..`bench cro
  0010: $70 $20 $33 $20 $33 $32 $30 $2C  $20 $30 $2C $20 $33 $32 $2C $20  p 3 320, 0, 32, 
  0020: $34 $30 $2C $20 $31 $34 $30 $2C  $20 $31 $38 $34 $0D $0A $60 $62  40, 140, 184..`b
  0030: $65 $6E $63 $68 $20 $63 $72 $6F  $70 $20 $33 $20 $33 $32          ench crop 3 32
[USB RECV 2026-09-22T23:38:07.525] Received 62 bytes
[USB RECV HEX/ASCII]:
  0000: $30 $2C $20 $30 $2C $20 $33 $32  $2C $20 $34 $30 $2C $20 $31 $37  0, 0, 32, 40, 17
  0010: $34 $2C $20 $31 $38 $34 $0D $0A  $60 $62 $65 $6E $63 $68 $20 $63  4, 184..`bench c
  0020: $72 $6F $70 $20 $33 $20 $30 $2C  $20 $30 $2C $20 $33 $32 $2C $20  rop 3 0, 0, 32, 
  0030: $34 $30 $2C $20 $32 $30 $38 $2C  $20 $31 $38 $34 $0D $0A          40, 208, 184..
[USB RECV 2026-09-22T23:38:07.540] Received 15 bytes
[USB RECV HEX/ASCII]:
  0000: $60 $62 $65 $6E $63 $68 $20 $75  $70 $64 $61 $74 $65 $0D $0A      `bench update..
[USB RECV 2026-09-22T23:38:07.636] Received 15 bytes
[USB RECV HEX/ASCII]:
  0000: $60 $62 $65 $6E $63 $68 $20 $50  $43 $5F $4B $45 $59 $0D $0A      `bench PC_KEY..
[USB SEND 2026-09-22T23:38:07.636] Sent 4 bytes
[USB SEND HEX/ASCII]:
  0000: $00 $00 $00 $00                                                   ....
[USB RECV 2026-09-22T23:38:07.748] Received 15 bytes
[USB RECV HEX/ASCII]:
  0000: $60 $62 $65 $6E $63 $68 $20 $50  $43 $5F $4B $45 $59 $0D $0A      `bench PC_KEY..
[USB SEND 2026-09-22T23:38:07.748] Sent 4 bytes
[USB SEND HEX/ASCII]:
  0000: $00 $00 $00 $00                                                   ....
[USB RECV 2026-09-22T23:38:07.860] Received 15 bytes
[USB RECV HEX/ASCII]:
  0000: $60 $62 $65 $6E $63 $68 $20 $50  $43 $5F $4B $45 $59 $0D $0A      `bench PC_KEY..
[USB SEND 2026-09-22T23:38:07.861] Sent 4 bytes
[USB SEND HEX/ASCII]:
  0000: $00 $00 $00 $00                                                   ....
[USB RECV 2026-09-22T23:38:07.972] Received 15 bytes
[USB RECV HEX/ASCII]:
  0000: $60 $62 $65 $6E $63 $68 $20 $50  $43 $5F $4B $45 $59 $0D $0A      `bench PC_KEY..
[USB SEND 2026-09-22T23:38:07.972] Sent 4 bytes
[USB SEND HEX/ASCII]:
  0000: $00 $00 $00 $00                                                   ....
[USB RECV 2026-09-22T23:38:08.084] Received 15 bytes
[USB RECV HEX/ASCII]:
  0000: $60 $62 $65 $6E $63 $68 $20 $50  $43 $5F $4B $45 $59 $0D $0A      `bench PC_KEY..
[USB SEND 2026-09-22T23:38:08.085] Sent 4 bytes
[USB SEND HEX/ASCII]:
  0000: $00 $00 $00 $00                                                   ....
[USB RECV 2026-09-22T23:38:08.086] Received 62 bytes
[USB RECV HEX/ASCII]:
  0000: $43 $6F $67 $30 $20 $20 $54 $30  $2D $31 $32 $2C $72 $75 $6E $6E  Cog0  T0-12,runn
  0010: $69 $6E $67 $2C $74 $72 $61 $6E  $73 $69 $74 $69 $6F $6E $73 $2C  ing,transitions,
  0020: $35 $32 $31 $2C $69 $6C $6C $65  $67 $61 $6C $2C $30 $2C $70 $6F  521,illegal,0,po
  0030: $73 $2C $2D $35 $31 $34 $0D $0A  $60 $62 $65 $6E $63 $68          s,-514..`bench
[USB RECV 2026-09-22T23:38:08.086] Received 62 bytes
[USB RECV HEX/ASCII]:
  0000: $20 $63 $72 $6F $70 $20 $32 $20  $30 $2C $20 $33 $32 $2C $20 $32   crop 2 0, 32, 2
  0010: $30 $30 $2C $20 $33 $32 $2C $20  $31 $32 $2C $20 $31 $30 $34 $0D  00, 32, 12, 104.
  0020: $0A $60 $62 $65 $6E $63 $68 $20  $63 $72 $6F $70 $20 $33 $20 $33  .`bench crop 3 3
  0030: $32 $30 $2C $20 $30 $2C $20 $33  $32 $2C $20 $34 $30 $2C          20, 0, 32, 40,
[USB RECV 2026-09-22T23:38:08.086] Received 62 bytes
[USB RECV HEX/ASCII]:
  0000: $20 $31 $34 $30 $2C $20 $31 $34  $30 $0D $0A $60 $62 $65 $6E $63   140, 140..`benc
  0010: $68 $20 $63 $72 $6F $70 $20 $33  $20 $31 $36 $30 $2C $20 $30 $2C  h crop 3 160, 0,
  0020: $20 $33 $32 $2C $20 $34 $30 $2C  $20 $31 $37 $34 $2C $20 $31 $34   32, 40, 174, 14
  0030: $30 $0D $0A $60 $62 $65 $6E $63  $68 $20 $63 $72 $6F $70          0..`bench crop
[USB RECV 2026-09-22T23:38:08.087] Received 62 bytes
[USB RECV HEX/ASCII]:
  0000: $20 $33 $20 $36 $34 $2C $20 $30  $2C $20 $33 $32 $2C $20 $34 $30   3 64, 0, 32, 40
  0010: $2C $20 $32 $30 $38 $2C $20 $31  $34 $30 $0D $0A $60 $62 $65 $6E  , 208, 140..`ben
  0020: $63 $68 $20 $63 $72 $6F $70 $20  $33 $20 $33 $32 $2C $20 $30 $2C  ch crop 3 32, 0,
  0030: $20 $33 $32 $2C $20 $34 $30 $2C  $20 $32 $34 $32 $2C $20           32, 40, 242, 
[USB RECV 2026-09-22T23:38:08.087] Received 62 bytes
[USB RECV HEX/ASCII]:
  0000: $31 $34 $30 $0D $0A $60 $62 $65  $6E $63 $68 $20 $63 $72 $6F $70  140..`bench crop
  0010: $20 $33 $20 $33 $32 $30 $2C $20  $30 $2C $20 $33 $32 $2C $20 $34   3 320, 0, 32, 4
  0020: $30 $2C $20 $31 $34 $30 $2C $20  $31 $38 $34 $0D $0A $60 $62 $65  0, 140, 184..`be
  0030: $6E $63 $68 $20 $63 $72 $6F $70  $20 $33 $20 $33 $32 $30          nch crop 3 320
[USB RECV 2026-09-22T23:38:08.087] Received 62 bytes
[USB RECV HEX/ASCII]:
  0000: $2C $20 $30 $2C $20 $33 $32 $2C  $20 $34 $30 $2C $20 $31 $37 $34  , 0, 32, 40, 174
  0010: $2C $20 $31 $38 $34 $0D $0A $60  $62 $65 $6E $63 $68 $20 $63 $72  , 184..`bench cr
  0020: $6F $70 $20 $33 $20 $30 $2C $20  $30 $2C $20 $33 $32 $2C $20 $34  op 3 0, 0, 32, 4
  0030: $30 $2C $20 $32 $30 $38 $2C $20  $31 $38 $34 $0D $0A $60          0, 208, 184..`
[USB RECV 2026-09-22T23:38:08.103] Received 14 bytes
[USB RECV HEX/ASCII]:
  0000: $62 $65 $6E $63 $68 $20 $75 $70  $64 $61 $74 $65 $0D $0A          bench update..
[USB RECV 2026-09-22T23:38:08.199] Received 15 bytes
[USB RECV HEX/ASCII]:
  0000: $60 $62 $65 $6E $63 $68 $20 $50  $43 $5F $4B $45 $59 $0D $0A      `bench PC_KEY..
[USB SEND 2026-09-22T23:38:08.200] Sent 4 bytes
[USB SEND HEX/ASCII]:
  0000: $00 $00 $00 $00                                                   ....
[USB RECV 2026-09-22T23:38:08.312] Received 15 bytes
[USB RECV HEX/ASCII]:
  0000: $60 $62 $65 $6E $63 $68 $20 $50  $43 $5F $4B $45 $59 $0D $0A      `bench PC_KEY..
[USB SEND 2026-09-22T23:38:08.312] Sent 4 bytes
[USB SEND HEX/ASCII]:
  0000: $00 $00 $00 $00                                                   ....
[USB RECV 2026-09-22T23:38:08.423] Received 15 bytes
[USB RECV HEX/ASCII]:
  0000: $60 $62 $65 $6E $63 $68 $20 $50  $43 $5F $4B $45 $59 $0D $0A      `bench PC_KEY..
[USB SEND 2026-09-22T23:38:08.424] Sent 4 bytes
[USB SEND HEX/ASCII]:
  0000: $00 $00 $00 $00                                                   ....
[USB RECV 2026-09-22T23:38:08.536] Received 15 bytes
[USB RECV HEX/ASCII]:
  0000: $60 $62 $65 $6E $63 $68 $20 $50  $43 $5F $4B $45 $59 $0D $0A      `bench PC_KEY..
[USB SEND 2026-09-22T23:38:08.536] Sent 4 bytes
[USB SEND HEX/ASCII]:
  0000: $00 $00 $00 $00                                                   ....
[USB RECV 2026-09-22T23:38:08.648] Received 15 bytes
[USB RECV HEX/ASCII]:
  0000: $60 $62 $65 $6E $63 $68 $20 $50  $43 $5F $4B $45 $59 $0D $0A      `bench PC_KEY..
[USB SEND 2026-09-22T23:38:08.648] Sent 4 bytes
[USB SEND HEX/ASCII]:
  0000: $00 $00 $00 $00                                                   ....
[USB RECV 2026-09-22T23:38:08.649] Received 62 bytes
[USB RECV HEX/ASCII]:
  0000: $43 $6F $67 $30 $20 $20 $54 $30  $2D $31 $32 $2C $72 $75 $6E $6E  Cog0  T0-12,runn
  0010: $69 $6E $67 $2C $74 $72 $61 $6E  $73 $69 $74 $69 $6F $6E $73 $2C  ing,transitions,
  0020: $35 $37 $35 $2C $69 $6C $6C $65  $67 $61 $6C $2C $30 $2C $70 $6F  575,illegal,0,po
  0030: $73 $2C $2D $35 $36 $37 $0D $0A  $60 $62 $65 $6E $63 $68          s,-567..`bench
[USB RECV 2026-09-22T23:38:08.649] Received 62 bytes
[USB RECV HEX/ASCII]:
  0000: $20 $63 $72 $6F $70 $20 $32 $20  $30 $2C $20 $33 $32 $2C $20 $32   crop 2 0, 32, 2
  0010: $30 $30 $2C $20 $33 $32 $2C $20  $31 $32 $2C $20 $31 $30 $34 $0D  00, 32, 12, 104.
  0020: $0A $60 $62 $65 $6E $63 $68 $20  $63 $72 $6F $70 $20 $33 $20 $33  .`bench crop 3 3
  0030: $32 $30 $2C $20 $30 $2C $20 $33  $32 $2C $20 $34 $30 $2C          20, 0, 32, 40,
[USB RECV 2026-09-22T23:38:08.650] Received 62 bytes
[USB RECV HEX/ASCII]:
  0000: $20 $31 $34 $30 $2C $20 $31 $34  $30 $0D $0A $60 $62 $65 $6E $63   140, 140..`benc
  0010: $68 $20 $63 $72 $6F $70 $20 $33  $20 $31 $36 $30 $2C $20 $30 $2C  h crop 3 160, 0,
  0020: $20 $33 $32 $2C $20 $34 $30 $2C  $20 $31 $37 $34 $2C $20 $31 $34   32, 40, 174, 14
  0030: $30 $0D $0A $60 $62 $65 $6E $63  $68 $20 $63 $72 $6F $70          0..`bench crop
[USB RECV 2026-09-22T23:38:08.650] Received 62 bytes
[USB RECV HEX/ASCII]:
  0000: $20 $33 $20 $32 $32 $34 $2C $20  $30 $2C $20 $33 $32 $2C $20 $34   3 224, 0, 32, 4
  0010: $30 $2C $20 $32 $30 $38 $2C $20  $31 $34 $30 $0D $0A $60 $62 $65  0, 208, 140..`be
  0020: $6E $63 $68 $20 $63 $72 $6F $70  $20 $33 $20 $31 $36 $30 $2C $20  nch crop 3 160, 
  0030: $30 $2C $20 $33 $32 $2C $20 $34  $30 $2C $20 $32 $34 $32          0, 32, 40, 242
[USB RECV 2026-09-22T23:38:08.650] Received 62 bytes
[USB RECV HEX/ASCII]:
  0000: $2C $20 $31 $34 $30 $0D $0A $60  $62 $65 $6E $63 $68 $20 $63 $72  , 140..`bench cr
  0010: $6F $70 $20 $33 $20 $33 $32 $30  $2C $20 $30 $2C $20 $33 $32 $2C  op 3 320, 0, 32,
  0020: $20 $34 $30 $2C $20 $31 $34 $30  $2C $20 $31 $38 $34 $0D $0A $60   40, 140, 184..`
  0030: $62 $65 $6E $63 $68 $20 $63 $72  $6F $70 $20 $33 $20 $33          bench crop 3 3
[USB RECV 2026-09-22T23:38:08.651] Received 62 bytes
[USB RECV HEX/ASCII]:
  0000: $32 $30 $2C $20 $30 $2C $20 $33  $32 $2C $20 $34 $30 $2C $20 $31  20, 0, 32, 40, 1
  0010: $37 $34 $2C $20 $31 $38 $34 $0D  $0A $60 $62 $65 $6E $63 $68 $20  74, 184..`bench 
  0020: $63 $72 $6F $70 $20 $33 $20 $30  $2C $20 $30 $2C $20 $33 $32 $2C  crop 3 0, 0, 32,
  0030: $20 $34 $30 $2C $20 $32 $30 $38  $2C $20 $31 $38 $34 $0D           40, 208, 184.
[USB RECV 2026-09-22T23:38:08.665] Received 16 bytes
[USB RECV HEX/ASCII]:
  0000: $0A $60 $62 $65 $6E $63 $68 $20  $75 $70 $64 $61 $74 $65 $0D $0A  .`bench update..
[USB RECV 2026-09-22T23:38:08.762] Received 15 bytes
[USB RECV HEX/ASCII]:
  0000: $60 $62 $65 $6E $63 $68 $20 $50  $43 $5F $4B $45 $59 $0D $0A      `bench PC_KEY..
[USB SEND 2026-09-22T23:38:08.762] Sent 4 bytes
[USB SEND HEX/ASCII]:
  0000: $00 $00 $00 $00                                                   ....
[USB RECV 2026-09-22T23:38:08.874] Received 15 bytes
[USB RECV HEX/ASCII]:
  0000: $60 $62 $65 $6E $63 $68 $20 $50  $43 $5F $4B $45 $59 $0D $0A      `bench PC_KEY..
[USB SEND 2026-09-22T23:38:08.874] Sent 4 bytes
[USB SEND HEX/ASCII]:
  0000: $00 $00 $00 $00                                                   ....
[USB RECV 2026-09-22T23:38:08.986] Received 15 bytes
[USB RECV HEX/ASCII]:
  0000: $60 $62 $65 $6E $63 $68 $20 $50  $43 $5F $4B $45 $59 $0D $0A      `bench PC_KEY..
[USB SEND 2026-09-22T23:38:08.986] Sent 4 bytes
[USB SEND HEX/ASCII]:
  0000: $00 $00 $00 $00                                                   ....
[USB RECV 2026-09-22T23:38:09.098] Received 15 bytes
[USB RECV HEX/ASCII]:
  0000: $60 $62 $65 $6E $63 $68 $20 $50  $43 $5F $4B $45 $59 $0D $0A      `bench PC_KEY..
[USB SEND 2026-09-22T23:38:09.098] Sent 4 bytes
[USB SEND HEX/ASCII]:
  0000: $00 $00 $00 $00                                                   ....
[USB RECV 2026-09-22T23:38:09.210] Received 15 bytes
[USB RECV HEX/ASCII]:
  0000: $60 $62 $65 $6E $63 $68 $20 $50  $43 $5F $4B $45 $59 $0D $0A      `bench PC_KEY..
[USB SEND 2026-09-22T23:38:09.210] Sent 4 bytes
[USB SEND HEX/ASCII]:
  0000: $00 $00 $00 $00                                                   ....
[USB RECV 2026-09-22T23:38:09.211] Received 62 bytes
[USB RECV HEX/ASCII]:
  0000: $43 $6F $67 $30 $20 $20 $54 $30  $2D $31 $32 $2C $72 $75 $6E $6E  Cog0  T0-12,runn
  0010: $69 $6E $67 $2C $74 $72 $61 $6E  $73 $69 $74 $69 $6F $6E $73 $2C  ing,transitions,
  0020: $36 $32 $39 $2C $69 $6C $6C $65  $67 $61 $6C $2C $30 $2C $70 $6F  629,illegal,0,po
  0030: $73 $2C $2D $36 $32 $30 $0D $0A  $60 $62 $65 $6E $63 $68          s,-620..`bench
[USB RECV 2026-09-22T23:38:09.212] Received 62 bytes
[USB RECV HEX/ASCII]:
  0000: $20 $63 $72 $6F $70 $20 $32 $20  $30 $2C $20 $33 $32 $2C $20 $32   crop 2 0, 32, 2
  0010: $30 $30 $2C $20 $33 $32 $2C $20  $31 $32 $2C $20 $31 $30 $34 $0D  00, 32, 12, 104.
  0020: $0A $60 $62 $65 $6E $63 $68 $20  $63 $72 $6F $70 $20 $33 $20 $33  .`bench crop 3 3
  0030: $32 $30 $2C $20 $30 $2C $20 $33  $32 $2C $20 $34 $30 $2C          20, 0, 32, 40,
[USB RECV 2026-09-22T23:38:09.212] Received 62 bytes
[USB RECV HEX/ASCII]:
  0000: $20 $31 $34 $30 $2C $20 $31 $34  $30 $0D $0A $60 $62 $65 $6E $63   140, 140..`benc
  0010: $68 $20 $63 $72 $6F $70 $20 $33  $20 $31 $39 $32 $2C $20 $30 $2C  h crop 3 192, 0,
  0020: $20 $33 $32 $2C $20 $34 $30 $2C  $20 $31 $37 $34 $2C $20 $31 $34   32, 40, 174, 14
  0030: $30 $0D $0A $60 $62 $65 $6E $63  $68 $20 $63 $72 $6F $70          0..`bench crop
[USB RECV 2026-09-22T23:38:09.212] Received 62 bytes
[USB RECV HEX/ASCII]:
  0000: $20 $33 $20 $36 $34 $2C $20 $30  $2C $20 $33 $32 $2C $20 $34 $30   3 64, 0, 32, 40
  0010: $2C $20 $32 $30 $38 $2C $20 $31  $34 $30 $0D $0A $60 $62 $65 $6E  , 208, 140..`ben
  0020: $63 $68 $20 $63 $72 $6F $70 $20  $33 $20 $32 $38 $38 $2C $20 $30  ch crop 3 288, 0
  0030: $2C $20 $33 $32 $2C $20 $34 $30  $2C $20 $32 $34 $32 $2C          , 32, 40, 242,
[USB RECV 2026-09-22T23:38:09.213] Received 62 bytes
[USB RECV HEX/ASCII]:
  0000: $20 $31 $34 $30 $0D $0A $60 $62  $65 $6E $63 $68 $20 $63 $72 $6F   140..`bench cro
  0010: $70 $20 $33 $20 $33 $32 $30 $2C  $20 $30 $2C $20 $33 $32 $2C $20  p 3 320, 0, 32, 
  0020: $34 $30 $2C $20 $31 $34 $30 $2C  $20 $31 $38 $34 $0D $0A $60 $62  40, 140, 184..`b
  0030: $65 $6E $63 $68 $20 $63 $72 $6F  $70 $20 $33 $20 $33 $32          ench crop 3 32
[USB RECV 2026-09-22T23:38:09.213] Received 62 bytes
[USB RECV HEX/ASCII]:
  0000: $30 $2C $20 $30 $2C $20 $33 $32  $2C $20 $34 $30 $2C $20 $31 $37  0, 0, 32, 40, 17
  0010: $34 $2C $20 $31 $38 $34 $0D $0A  $60 $62 $65 $6E $63 $68 $20 $63  4, 184..`bench c
  0020: $72 $6F $70 $20 $33 $20 $30 $2C  $20 $30 $2C $20 $33 $32 $2C $20  rop 3 0, 0, 32, 
  0030: $34 $30 $2C $20 $32 $30 $38 $2C  $20 $31 $38 $34 $0D $0A          40, 208, 184..
[USB RECV 2026-09-22T23:38:09.229] Received 15 bytes
[USB RECV HEX/ASCII]:
  0000: $60 $62 $65 $6E $63 $68 $20 $75  $70 $64 $61 $74 $65 $0D $0A      `bench update..
[USB RECV 2026-09-22T23:38:09.325] Received 15 bytes
[USB RECV HEX/ASCII]:
  0000: $60 $62 $65 $6E $63 $68 $20 $50  $43 $5F $4B $45 $59 $0D $0A      `bench PC_KEY..
[USB SEND 2026-09-22T23:38:09.325] Sent 4 bytes
[USB SEND HEX/ASCII]:
  0000: $00 $00 $00 $00                                                   ....
[USB RECV 2026-09-22T23:38:09.437] Received 15 bytes
[USB RECV HEX/ASCII]:
  0000: $60 $62 $65 $6E $63 $68 $20 $50  $43 $5F $4B $45 $59 $0D $0A      `bench PC_KEY..
[USB SEND 2026-09-22T23:38:09.437] Sent 4 bytes
[USB SEND HEX/ASCII]:
  0000: $00 $00 $00 $00                                                   ....
[USB RECV 2026-09-22T23:38:09.549] Received 15 bytes
[USB RECV HEX/ASCII]:
  0000: $60 $62 $65 $6E $63 $68 $20 $50  $43 $5F $4B $45 $59 $0D $0A      `bench PC_KEY..
[USB SEND 2026-09-22T23:38:09.549] Sent 4 bytes
[USB SEND HEX/ASCII]:
  0000: $00 $00 $00 $00                                                   ....
[USB RECV 2026-09-22T23:38:09.661] Received 15 bytes
[USB RECV HEX/ASCII]:
  0000: $60 $62 $65 $6E $63 $68 $20 $50  $43 $5F $4B $45 $59 $0D $0A      `bench PC_KEY..
[USB SEND 2026-09-22T23:38:09.661] Sent 4 bytes
[USB SEND HEX/ASCII]:
  0000: $00 $00 $00 $00                                                   ....
[USB RECV 2026-09-22T23:38:09.773] Received 15 bytes
[USB RECV HEX/ASCII]:
  0000: $60 $62 $65 $6E $63 $68 $20 $50  $43 $5F $4B $45 $59 $0D $0A      `bench PC_KEY..
[USB SEND 2026-09-22T23:38:09.773] Sent 4 bytes
[USB SEND HEX/ASCII]:
  0000: $00 $00 $00 $00                                                   ....
[USB RECV 2026-09-22T23:38:09.774] Received 62 bytes
[USB RECV HEX/ASCII]:
  0000: $43 $6F $67 $30 $20 $20 $54 $30  $2D $31 $32 $2C $72 $75 $6E $6E  Cog0  T0-12,runn
  0010: $69 $6E $67 $2C $74 $72 $61 $6E  $73 $69 $74 $69 $6F $6E $73 $2C  ing,transitions,
  0020: $36 $38 $32 $2C $69 $6C $6C $65  $67 $61 $6C $2C $30 $2C $70 $6F  682,illegal,0,po
  0030: $73 $2C $2D $36 $37 $33 $0D $0A  $60 $62 $65 $6E $63 $68          s,-673..`bench
[USB RECV 2026-09-22T23:38:09.775] Received 62 bytes
[USB RECV HEX/ASCII]:
  0000: $20 $63 $72 $6F $70 $20 $32 $20  $30 $2C $20 $33 $32 $2C $20 $32   crop 2 0, 32, 2
  0010: $30 $30 $2C $20 $33 $32 $2C $20  $31 $32 $2C $20 $31 $30 $34 $0D  00, 32, 12, 104.
  0020: $0A $60 $62 $65 $6E $63 $68 $20  $63 $72 $6F $70 $20 $33 $20 $33  .`bench crop 3 3
  0030: $32 $30 $2C $20 $30 $2C $20 $33  $32 $2C $20 $34 $30 $2C          20, 0, 32, 40,
[USB RECV 2026-09-22T23:38:09.775] Received 62 bytes
[USB RECV HEX/ASCII]:
  0000: $20 $31 $34 $30 $2C $20 $31 $34  $30 $0D $0A $60 $62 $65 $6E $63   140, 140..`benc
  0010: $68 $20 $63 $72 $6F $70 $20 $33  $20 $31 $39 $32 $2C $20 $30 $2C  h crop 3 192, 0,
  0020: $20 $33 $32 $2C $20 $34 $30 $2C  $20 $31 $37 $34 $2C $20 $31 $34   32, 40, 174, 14
  0030: $30 $0D $0A $60 $62 $65 $6E $63  $68 $20 $63 $72 $6F $70          0..`bench crop
[USB RECV 2026-09-22T23:38:09.776] Received 62 bytes
[USB RECV HEX/ASCII]:
  0000: $20 $33 $20 $32 $35 $36 $2C $20  $30 $2C $20 $33 $32 $2C $20 $34   3 256, 0, 32, 4
  0010: $30 $2C $20 $32 $30 $38 $2C $20  $31 $34 $30 $0D $0A $60 $62 $65  0, 208, 140..`be
  0020: $6E $63 $68 $20 $63 $72 $6F $70  $20 $33 $20 $36 $34 $2C $20 $30  nch crop 3 64, 0
  0030: $2C $20 $33 $32 $2C $20 $34 $30  $2C $20 $32 $34 $32 $2C          , 32, 40, 242,
[USB RECV 2026-09-22T23:38:09.776] Received 62 bytes
[USB RECV HEX/ASCII]:
  0000: $20 $31 $34 $30 $0D $0A $60 $62  $65 $6E $63 $68 $20 $63 $72 $6F   140..`bench cro
  0010: $70 $20 $33 $20 $33 $32 $30 $2C  $20 $30 $2C $20 $33 $32 $2C $20  p 3 320, 0, 32, 
  0020: $34 $30 $2C $20 $31 $34 $30 $2C  $20 $31 $38 $34 $0D $0A $60 $62  40, 140, 184..`b
  0030: $65 $6E $63 $68 $20 $63 $72 $6F  $70 $20 $33 $20 $33 $32          ench crop 3 32
[USB RECV 2026-09-22T23:38:09.776] Received 62 bytes
[USB RECV HEX/ASCII]:
  0000: $30 $2C $20 $30 $2C $20 $33 $32  $2C $20 $34 $30 $2C $20 $31 $37  0, 0, 32, 40, 17
  0010: $34 $2C $20 $31 $38 $34 $0D $0A  $60 $62 $65 $6E $63 $68 $20 $63  4, 184..`bench c
  0020: $72 $6F $70 $20 $33 $20 $30 $2C  $20 $30 $2C $20 $33 $32 $2C $20  rop 3 0, 0, 32, 
  0030: $34 $30 $2C $20 $32 $30 $38 $2C  $20 $31 $38 $34 $0D $0A          40, 208, 184..
[USB RECV 2026-09-22T23:38:09.791] Received 15 bytes
[USB RECV HEX/ASCII]:
  0000: $60 $62 $65 $6E $63 $68 $20 $75  $70 $64 $61 $74 $65 $0D $0A      `bench update..
[USB RECV 2026-09-22T23:38:09.887] Received 15 bytes
[USB RECV HEX/ASCII]:
  0000: $60 $62 $65 $6E $63 $68 $20 $50  $43 $5F $4B $45 $59 $0D $0A      `bench PC_KEY..
[USB SEND 2026-09-22T23:38:09.887] Sent 4 bytes
[USB SEND HEX/ASCII]:
  0000: $00 $00 $00 $00                                                   ....
[USB RECV 2026-09-22T23:38:09.999] Received 15 bytes
[USB RECV HEX/ASCII]:
  0000: $60 $62 $65 $6E $63 $68 $20 $50  $43 $5F $4B $45 $59 $0D $0A      `bench PC_KEY..
[USB SEND 2026-09-22T23:38:10.000] Sent 4 bytes
[USB SEND HEX/ASCII]:
  0000: $00 $00 $00 $00                                                   ....
[USB RECV 2026-09-22T23:38:10.111] Received 15 bytes
[USB RECV HEX/ASCII]:
  0000: $60 $62 $65 $6E $63 $68 $20 $50  $43 $5F $4B $45 $59 $0D $0A      `bench PC_KEY..
[USB SEND 2026-09-22T23:38:10.112] Sent 4 bytes
[USB SEND HEX/ASCII]:
  0000: $00 $00 $00 $00                                                   ....
[USB RECV 2026-09-22T23:38:10.224] Received 15 bytes
[USB RECV HEX/ASCII]:
  0000: $60 $62 $65 $6E $63 $68 $20 $50  $43 $5F $4B $45 $59 $0D $0A      `bench PC_KEY..
[USB SEND 2026-09-22T23:38:10.224] Sent 4 bytes
[USB SEND HEX/ASCII]:
  0000: $00 $00 $00 $00                                                   ....
[USB RECV 2026-09-22T23:38:10.336] Received 15 bytes
[USB RECV HEX/ASCII]:
  0000: $60 $62 $65 $6E $63 $68 $20 $50  $43 $5F $4B $45 $59 $0D $0A      `bench PC_KEY..
[USB SEND 2026-09-22T23:38:10.336] Sent 4 bytes
[USB SEND HEX/ASCII]:
  0000: $00 $00 $00 $00                                                   ....
[USB RECV 2026-09-22T23:38:10.337] Received 62 bytes
[USB RECV HEX/ASCII]:
  0000: $43 $6F $67 $30 $20 $20 $54 $30  $2D $31 $32 $2C $72 $75 $6E $6E  Cog0  T0-12,runn
  0010: $69 $6E $67 $2C $74 $72 $61 $6E  $73 $69 $74 $69 $6F $6E $73 $2C  ing,transitions,
  0020: $37 $32 $36 $2C $69 $6C $6C $65  $67 $61 $6C $2C $30 $2C $70 $6F  726,illegal,0,po
  0030: $73 $2C $2D $37 $31 $37 $0D $0A  $60 $62 $65 $6E $63 $68          s,-717..`bench
[USB RECV 2026-09-22T23:38:10.337] Received 62 bytes
[USB RECV HEX/ASCII]:
  0000: $20 $63 $72 $6F $70 $20 $32 $20  $30 $2C $20 $33 $32 $2C $20 $32   crop 2 0, 32, 2
  0010: $30 $30 $2C $20 $33 $32 $2C $20  $31 $32 $2C $20 $31 $30 $34 $0D  00, 32, 12, 104.
  0020: $0A $60 $62 $65 $6E $63 $68 $20  $63 $72 $6F $70 $20 $33 $20 $33  .`bench crop 3 3
  0030: $32 $30 $2C $20 $30 $2C $20 $33  $32 $2C $20 $34 $30 $2C          20, 0, 32, 40,
[USB RECV 2026-09-22T23:38:10.338] Received 62 bytes
[USB RECV HEX/ASCII]:
  0000: $20 $31 $34 $30 $2C $20 $31 $34  $30 $0D $0A $60 $62 $65 $6E $63   140, 140..`benc
  0010: $68 $20 $63 $72 $6F $70 $20 $33  $20 $32 $32 $34 $2C $20 $30 $2C  h crop 3 224, 0,
  0020: $20 $33 $32 $2C $20 $34 $30 $2C  $20 $31 $37 $34 $2C $20 $31 $34   32, 40, 174, 14
  0030: $30 $0D $0A $60 $62 $65 $6E $63  $68 $20 $63 $72 $6F $70          0..`bench crop
[USB RECV 2026-09-22T23:38:10.339] Received 62 bytes
[USB RECV HEX/ASCII]:
  0000: $20 $33 $20 $36 $34 $2C $20 $30  $2C $20 $33 $32 $2C $20 $34 $30   3 64, 0, 32, 40
  0010: $2C $20 $32 $30 $38 $2C $20 $31  $34 $30 $0D $0A $60 $62 $65 $6E  , 208, 140..`ben
  0020: $63 $68 $20 $63 $72 $6F $70 $20  $33 $20 $31 $39 $32 $2C $20 $30  ch crop 3 192, 0
  0030: $2C $20 $33 $32 $2C $20 $34 $30  $2C $20 $32 $34 $32 $2C          , 32, 40, 242,
[USB RECV 2026-09-22T23:38:10.339] Received 62 bytes
[USB RECV HEX/ASCII]:
  0000: $20 $31 $34 $30 $0D $0A $60 $62  $65 $6E $63 $68 $20 $63 $72 $6F   140..`bench cro
  0010: $70 $20 $33 $20 $33 $32 $30 $2C  $20 $30 $2C $20 $33 $32 $2C $20  p 3 320, 0, 32, 
  0020: $34 $30 $2C $20 $31 $34 $30 $2C  $20 $31 $38 $34 $0D $0A $60 $62  40, 140, 184..`b
  0030: $65 $6E $63 $68 $20 $63 $72 $6F  $70 $20 $33 $20 $33 $32          ench crop 3 32
[USB RECV 2026-09-22T23:38:10.339] Received 62 bytes
[USB RECV HEX/ASCII]:
  0000: $30 $2C $20 $30 $2C $20 $33 $32  $2C $20 $34 $30 $2C $20 $31 $37  0, 0, 32, 40, 17
  0010: $34 $2C $20 $31 $38 $34 $0D $0A  $60 $62 $65 $6E $63 $68 $20 $63  4, 184..`bench c
  0020: $72 $6F $70 $20 $33 $20 $30 $2C  $20 $30 $2C $20 $33 $32 $2C $20  rop 3 0, 0, 32, 
  0030: $34 $30 $2C $20 $32 $30 $38 $2C  $20 $31 $38 $34 $0D $0A          40, 208, 184..
[USB RECV 2026-09-22T23:38:10.355] Received 15 bytes
[USB RECV HEX/ASCII]:
  0000: $60 $62 $65 $6E $63 $68 $20 $75  $70 $64 $61 $74 $65 $0D $0A      `bench update..
[USB RECV 2026-09-22T23:38:10.451] Received 15 bytes
[USB RECV HEX/ASCII]:
  0000: $60 $62 $65 $6E $63 $68 $20 $50  $43 $5F $4B $45 $59 $0D $0A      `bench PC_KEY..
[USB SEND 2026-09-22T23:38:10.451] Sent 4 bytes
[USB SEND HEX/ASCII]:
  0000: $00 $00 $00 $00                                                   ....
[USB RECV 2026-09-22T23:38:10.563] Received 15 bytes
[USB RECV HEX/ASCII]:
  0000: $60 $62 $65 $6E $63 $68 $20 $50  $43 $5F $4B $45 $59 $0D $0A      `bench PC_KEY..
[USB SEND 2026-09-22T23:38:10.563] Sent 4 bytes
[USB SEND HEX/ASCII]:
  0000: $00 $00 $00 $00                                                   ....
[USB RECV 2026-09-22T23:38:10.675] Received 15 bytes
[USB RECV HEX/ASCII]:
  0000: $60 $62 $65 $6E $63 $68 $20 $50  $43 $5F $4B $45 $59 $0D $0A      `bench PC_KEY..
[USB SEND 2026-09-22T23:38:10.675] Sent 4 bytes
[USB SEND HEX/ASCII]:
  0000: $00 $00 $00 $00                                                   ....
[USB RECV 2026-09-22T23:38:10.787] Received 15 bytes
[USB RECV HEX/ASCII]:
  0000: $60 $62 $65 $6E $63 $68 $20 $50  $43 $5F $4B $45 $59 $0D $0A      `bench PC_KEY..
[USB SEND 2026-09-22T23:38:10.787] Sent 4 bytes
[USB SEND HEX/ASCII]:
  0000: $00 $00 $00 $00                                                   ....
[USB RECV 2026-09-22T23:38:10.899] Received 15 bytes
[USB RECV HEX/ASCII]:
  0000: $60 $62 $65 $6E $63 $68 $20 $50  $43 $5F $4B $45 $59 $0D $0A      `bench PC_KEY..
[USB SEND 2026-09-22T23:38:10.899] Sent 4 bytes
[USB SEND HEX/ASCII]:
  0000: $00 $00 $00 $00                                                   ....
[USB RECV 2026-09-22T23:38:10.900] Received 62 bytes
[USB RECV HEX/ASCII]:
  0000: $43 $6F $67 $30 $20 $20 $54 $30  $2D $31 $32 $2C $72 $75 $6E $6E  Cog0  T0-12,runn
  0010: $69 $6E $67 $2C $74 $72 $61 $6E  $73 $69 $74 $69 $6F $6E $73 $2C  ing,transitions,
  0020: $37 $36 $38 $2C $69 $6C $6C $65  $67 $61 $6C $2C $30 $2C $70 $6F  768,illegal,0,po
  0030: $73 $2C $2D $37 $35 $39 $0D $0A  $60 $62 $65 $6E $63 $68          s,-759..`bench
[USB RECV 2026-09-22T23:38:10.900] Received 62 bytes
[USB RECV HEX/ASCII]:
  0000: $20 $63 $72 $6F $70 $20 $32 $20  $30 $2C $20 $33 $32 $2C $20 $32   crop 2 0, 32, 2
  0010: $30 $30 $2C $20 $33 $32 $2C $20  $31 $32 $2C $20 $31 $30 $34 $0D  00, 32, 12, 104.
  0020: $0A $60 $62 $65 $6E $63 $68 $20  $63 $72 $6F $70 $20 $33 $20 $33  .`bench crop 3 3
  0030: $32 $30 $2C $20 $30 $2C $20 $33  $32 $2C $20 $34 $30 $2C          20, 0, 32, 40,
[USB RECV 2026-09-22T23:38:10.901] Received 62 bytes
[USB RECV HEX/ASCII]:
  0000: $20 $31 $34 $30 $2C $20 $31 $34  $30 $0D $0A $60 $62 $65 $6E $63   140, 140..`benc
  0010: $68 $20 $63 $72 $6F $70 $20 $33  $20 $32 $32 $34 $2C $20 $30 $2C  h crop 3 224, 0,
  0020: $20 $33 $32 $2C $20 $34 $30 $2C  $20 $31 $37 $34 $2C $20 $31 $34   32, 40, 174, 14
  0030: $30 $0D $0A $60 $62 $65 $6E $63  $68 $20 $63 $72 $6F $70          0..`bench crop
[USB RECV 2026-09-22T23:38:10.901] Received 62 bytes
[USB RECV HEX/ASCII]:
  0000: $20 $33 $20 $31 $39 $32 $2C $20  $30 $2C $20 $33 $32 $2C $20 $34   3 192, 0, 32, 4
  0010: $30 $2C $20 $32 $30 $38 $2C $20  $31 $34 $30 $0D $0A $60 $62 $65  0, 208, 140..`be
  0020: $6E $63 $68 $20 $63 $72 $6F $70  $20 $33 $20 $32 $35 $36 $2C $20  nch crop 3 256, 
  0030: $30 $2C $20 $33 $32 $2C $20 $34  $30 $2C $20 $32 $34 $32          0, 32, 40, 242
[USB RECV 2026-09-22T23:38:10.901] Received 62 bytes
[USB RECV HEX/ASCII]:
  0000: $2C $20 $31 $34 $30 $0D $0A $60  $62 $65 $6E $63 $68 $20 $63 $72  , 140..`bench cr
  0010: $6F $70 $20 $33 $20 $33 $32 $30  $2C $20 $30 $2C $20 $33 $32 $2C  op 3 320, 0, 32,
  0020: $20 $34 $30 $2C $20 $31 $34 $30  $2C $20 $31 $38 $34 $0D $0A $60   40, 140, 184..`
  0030: $62 $65 $6E $63 $68 $20 $63 $72  $6F $70 $20 $33 $20 $33          bench crop 3 3
[USB RECV 2026-09-22T23:38:10.902] Received 62 bytes
[USB RECV HEX/ASCII]:
  0000: $32 $30 $2C $20 $30 $2C $20 $33  $32 $2C $20 $34 $30 $2C $20 $31  20, 0, 32, 40, 1
  0010: $37 $34 $2C $20 $31 $38 $34 $0D  $0A $60 $62 $65 $6E $63 $68 $20  74, 184..`bench 
  0020: $63 $72 $6F $70 $20 $33 $20 $30  $2C $20 $30 $2C $20 $33 $32 $2C  crop 3 0, 0, 32,
  0030: $20 $34 $30 $2C $20 $32 $30 $38  $2C $20 $31 $38 $34 $0D           40, 208, 184.
[USB RECV 2026-09-22T23:38:10.917] Received 16 bytes
[USB RECV HEX/ASCII]:
  0000: $0A $60 $62 $65 $6E $63 $68 $20  $75 $70 $64 $61 $74 $65 $0D $0A  .`bench update..
[USB RECV 2026-09-22T23:38:11.013] Received 15 bytes
[USB RECV HEX/ASCII]:
  0000: $60 $62 $65 $6E $63 $68 $20 $50  $43 $5F $4B $45 $59 $0D $0A      `bench PC_KEY..
[USB SEND 2026-09-22T23:38:11.013] Sent 4 bytes
[USB SEND HEX/ASCII]:
  0000: $00 $00 $00 $00                                                   ....
[USB RECV 2026-09-22T23:38:11.125] Received 15 bytes
[USB RECV HEX/ASCII]:
  0000: $60 $62 $65 $6E $63 $68 $20 $50  $43 $5F $4B $45 $59 $0D $0A      `bench PC_KEY..
[USB SEND 2026-09-22T23:38:11.125] Sent 4 bytes
[USB SEND HEX/ASCII]:
  0000: $00 $00 $00 $00                                                   ....
[USB RECV 2026-09-22T23:38:11.237] Received 15 bytes
[USB RECV HEX/ASCII]:
  0000: $60 $62 $65 $6E $63 $68 $20 $50  $43 $5F $4B $45 $59 $0D $0A      `bench PC_KEY..
[USB SEND 2026-09-22T23:38:11.237] Sent 4 bytes
[USB SEND HEX/ASCII]:
  0000: $00 $00 $00 $00                                                   ....
[USB RECV 2026-09-22T23:38:11.349] Received 15 bytes
[USB RECV HEX/ASCII]:
  0000: $60 $62 $65 $6E $63 $68 $20 $50  $43 $5F $4B $45 $59 $0D $0A      `bench PC_KEY..
[USB SEND 2026-09-22T23:38:11.349] Sent 4 bytes
[USB SEND HEX/ASCII]:
  0000: $00 $00 $00 $00                                                   ....
[USB RECV 2026-09-22T23:38:11.461] Received 15 bytes
[USB RECV HEX/ASCII]:
  0000: $60 $62 $65 $6E $63 $68 $20 $50  $43 $5F $4B $45 $59 $0D $0A      `bench PC_KEY..
[USB SEND 2026-09-22T23:38:11.461] Sent 4 bytes
[USB SEND HEX/ASCII]:
  0000: $00 $00 $00 $00                                                   ....
[USB RECV 2026-09-22T23:38:11.462] Received 62 bytes
[USB RECV HEX/ASCII]:
  0000: $43 $6F $67 $30 $20 $20 $54 $30  $2D $31 $32 $2C $72 $75 $6E $6E  Cog0  T0-12,runn
  0010: $69 $6E $67 $2C $74 $72 $61 $6E  $73 $69 $74 $69 $6F $6E $73 $2C  ing,transitions,
  0020: $38 $31 $31 $2C $69 $6C $6C $65  $67 $61 $6C $2C $30 $2C $70 $6F  811,illegal,0,po
  0030: $73 $2C $2D $38 $30 $31 $0D $0A  $60 $62 $65 $6E $63 $68          s,-801..`bench
[USB RECV 2026-09-22T23:38:11.463] Received 62 bytes
[USB RECV HEX/ASCII]:
  0000: $20 $63 $72 $6F $70 $20 $32 $20  $30 $2C $20 $33 $32 $2C $20 $32   crop 2 0, 32, 2
  0010: $30 $30 $2C $20 $33 $32 $2C $20  $31 $32 $2C $20 $31 $30 $34 $0D  00, 32, 12, 104.
  0020: $0A $60 $62 $65 $6E $63 $68 $20  $63 $72 $6F $70 $20 $33 $20 $33  .`bench crop 3 3
  0030: $32 $30 $2C $20 $30 $2C $20 $33  $32 $2C $20 $34 $30 $2C          20, 0, 32, 40,
[USB RECV 2026-09-22T23:38:11.463] Received 62 bytes
[USB RECV HEX/ASCII]:
  0000: $20 $31 $34 $30 $2C $20 $31 $34  $30 $0D $0A $60 $62 $65 $6E $63   140, 140..`benc
  0010: $68 $20 $63 $72 $6F $70 $20 $33  $20 $32 $35 $36 $2C $20 $30 $2C  h crop 3 256, 0,
  0020: $20 $33 $32 $2C $20 $34 $30 $2C  $20 $31 $37 $34 $2C $20 $31 $34   32, 40, 174, 14
  0030: $30 $0D $0A $60 $62 $65 $6E $63  $68 $20 $63 $72 $6F $70          0..`bench crop
[USB RECV 2026-09-22T23:38:11.463] Received 62 bytes
[USB RECV HEX/ASCII]:
  0000: $20 $33 $20 $33 $32 $2C $20 $30  $2C $20 $33 $32 $2C $20 $34 $30   3 32, 0, 32, 40
  0010: $2C $20 $32 $30 $38 $2C $20 $31  $34 $30 $0D $0A $60 $62 $65 $6E  , 208, 140..`ben
  0020: $63 $68 $20 $63 $72 $6F $70 $20  $33 $20 $33 $32 $2C $20 $30 $2C  ch crop 3 32, 0,
  0030: $20 $33 $32 $2C $20 $34 $30 $2C  $20 $32 $34 $32 $2C $20           32, 40, 242, 
[USB RECV 2026-09-22T23:38:11.464] Received 62 bytes
[USB RECV HEX/ASCII]:
  0000: $31 $34 $30 $0D $0A $60 $62 $65  $6E $63 $68 $20 $63 $72 $6F $70  140..`bench crop
  0010: $20 $33 $20 $33 $32 $30 $2C $20  $30 $2C $20 $33 $32 $2C $20 $34   3 320, 0, 32, 4
  0020: $30 $2C $20 $31 $34 $30 $2C $20  $31 $38 $34 $0D $0A $60 $62 $65  0, 140, 184..`be
  0030: $6E $63 $68 $20 $63 $72 $6F $70  $20 $33 $20 $33 $32 $30          nch crop 3 320
[USB RECV 2026-09-22T23:38:11.464] Received 62 bytes
[USB RECV HEX/ASCII]:
  0000: $2C $20 $30 $2C $20 $33 $32 $2C  $20 $34 $30 $2C $20 $31 $37 $34  , 0, 32, 40, 174
  0010: $2C $20 $31 $38 $34 $0D $0A $60  $62 $65 $6E $63 $68 $20 $63 $72  , 184..`bench cr
  0020: $6F $70 $20 $33 $20 $30 $2C $20  $30 $2C $20 $33 $32 $2C $20 $34  op 3 0, 0, 32, 4
  0030: $30 $2C $20 $32 $30 $38 $2C $20  $31 $38 $34 $0D $0A $60          0, 208, 184..`
[USB RECV 2026-09-22T23:38:11.480] Received 14 bytes
[USB RECV HEX/ASCII]:
  0000: $62 $65 $6E $63 $68 $20 $75 $70  $64 $61 $74 $65 $0D $0A          bench update..
[USB RECV 2026-09-22T23:38:11.576] Received 15 bytes
[USB RECV HEX/ASCII]:
  0000: $60 $62 $65 $6E $63 $68 $20 $50  $43 $5F $4B $45 $59 $0D $0A      `bench PC_KEY..
[USB SEND 2026-09-22T23:38:11.576] Sent 4 bytes
[USB SEND HEX/ASCII]:
  0000: $00 $00 $00 $00                                                   ....
[USB RECV 2026-09-22T23:38:11.688] Received 15 bytes
[USB RECV HEX/ASCII]:
  0000: $60 $62 $65 $6E $63 $68 $20 $50  $43 $5F $4B $45 $59 $0D $0A      `bench PC_KEY..
[USB SEND 2026-09-22T23:38:11.688] Sent 4 bytes
[USB SEND HEX/ASCII]:
  0000: $00 $00 $00 $00                                                   ....
[USB RECV 2026-09-22T23:38:11.800] Received 15 bytes
[USB RECV HEX/ASCII]:
  0000: $60 $62 $65 $6E $63 $68 $20 $50  $43 $5F $4B $45 $59 $0D $0A      `bench PC_KEY..
[USB SEND 2026-09-22T23:38:11.800] Sent 4 bytes
[USB SEND HEX/ASCII]:
  0000: $00 $00 $00 $00                                                   ....
[USB RECV 2026-09-22T23:38:11.912] Received 15 bytes
[USB RECV HEX/ASCII]:
  0000: $60 $62 $65 $6E $63 $68 $20 $50  $43 $5F $4B $45 $59 $0D $0A      `bench PC_KEY..
[USB SEND 2026-09-22T23:38:11.913] Sent 4 bytes
[USB SEND HEX/ASCII]:
  0000: $00 $00 $00 $00                                                   ....
[USB RECV 2026-09-22T23:38:12.024] Received 15 bytes
[USB RECV HEX/ASCII]:
  0000: $60 $62 $65 $6E $63 $68 $20 $50  $43 $5F $4B $45 $59 $0D $0A      `bench PC_KEY..
[USB SEND 2026-09-22T23:38:12.025] Sent 4 bytes
[USB SEND HEX/ASCII]:
  0000: $00 $00 $00 $00                                                   ....
[USB RECV 2026-09-22T23:38:12.026] Received 62 bytes
[USB RECV HEX/ASCII]:
  0000: $43 $6F $67 $30 $20 $20 $54 $30  $2D $31 $32 $2C $72 $75 $6E $6E  Cog0  T0-12,runn
  0010: $69 $6E $67 $2C $74 $72 $61 $6E  $73 $69 $74 $69 $6F $6E $73 $2C  ing,transitions,
  0020: $38 $35 $30 $2C $69 $6C $6C $65  $67 $61 $6C $2C $30 $2C $70 $6F  850,illegal,0,po
  0030: $73 $2C $2D $38 $34 $30 $0D $0A  $60 $62 $65 $6E $63 $68          s,-840..`bench
[USB RECV 2026-09-22T23:38:12.026] Received 62 bytes
[USB RECV HEX/ASCII]:
  0000: $20 $63 $72 $6F $70 $20 $32 $20  $30 $2C $20 $33 $32 $2C $20 $32   crop 2 0, 32, 2
  0010: $30 $30 $2C $20 $33 $32 $2C $20  $31 $32 $2C $20 $31 $30 $34 $0D  00, 32, 12, 104.
  0020: $0A $60 $62 $65 $6E $63 $68 $20  $63 $72 $6F $70 $20 $33 $20 $33  .`bench crop 3 3
  0030: $32 $30 $2C $20 $30 $2C $20 $33  $32 $2C $20 $34 $30 $2C          20, 0, 32, 40,
[USB RECV 2026-09-22T23:38:12.026] Received 62 bytes
[USB RECV HEX/ASCII]:
  0000: $20 $31 $34 $30 $2C $20 $31 $34  $30 $0D $0A $60 $62 $65 $6E $63   140, 140..`benc
  0010: $68 $20 $63 $72 $6F $70 $20 $33  $20 $32 $35 $36 $2C $20 $30 $2C  h crop 3 256, 0,
  0020: $20 $33 $32 $2C $20 $34 $30 $2C  $20 $31 $37 $34 $2C $20 $31 $34   32, 40, 174, 14
  0030: $30 $0D $0A $60 $62 $65 $6E $63  $68 $20 $63 $72 $6F $70          0..`bench crop
[USB RECV 2026-09-22T23:38:12.027] Received 62 bytes
[USB RECV HEX/ASCII]:
  0000: $20 $33 $20 $31 $36 $30 $2C $20  $30 $2C $20 $33 $32 $2C $20 $34   3 160, 0, 32, 4
  0010: $30 $2C $20 $32 $30 $38 $2C $20  $31 $34 $30 $0D $0A $60 $62 $65  0, 208, 140..`be
  0020: $6E $63 $68 $20 $63 $72 $6F $70  $20 $33 $20 $30 $2C $20 $30 $2C  nch crop 3 0, 0,
  0030: $20 $33 $32 $2C $20 $34 $30 $2C  $20 $32 $34 $32 $2C $20           32, 40, 242, 
[USB RECV 2026-09-22T23:38:12.027] Received 62 bytes
[USB RECV HEX/ASCII]:
  0000: $31 $34 $30 $0D $0A $60 $62 $65  $6E $63 $68 $20 $63 $72 $6F $70  140..`bench crop
  0010: $20 $33 $20 $33 $32 $30 $2C $20  $30 $2C $20 $33 $32 $2C $20 $34   3 320, 0, 32, 4
  0020: $30 $2C $20 $31 $34 $30 $2C $20  $31 $38 $34 $0D $0A $60 $62 $65  0, 140, 184..`be
  0030: $6E $63 $68 $20 $63 $72 $6F $70  $20 $33 $20 $33 $32 $30          nch crop 3 320
[USB RECV 2026-09-22T23:38:12.027] Received 62 bytes
[USB RECV HEX/ASCII]:
  0000: $2C $20 $30 $2C $20 $33 $32 $2C  $20 $34 $30 $2C $20 $31 $37 $34  , 0, 32, 40, 174
  0010: $2C $20 $31 $38 $34 $0D $0A $60  $62 $65 $6E $63 $68 $20 $63 $72  , 184..`bench cr
  0020: $6F $70 $20 $33 $20 $30 $2C $20  $30 $2C $20 $33 $32 $2C $20 $34  op 3 0, 0, 32, 4
  0030: $30 $2C $20 $32 $30 $38 $2C $20  $31 $38 $34 $0D $0A $60          0, 208, 184..`
[USB RECV 2026-09-22T23:38:12.042] Received 14 bytes
[USB RECV HEX/ASCII]:
  0000: $62 $65 $6E $63 $68 $20 $75 $70  $64 $61 $74 $65 $0D $0A          bench update..
[USB RECV 2026-09-22T23:38:12.139] Received 15 bytes
[USB RECV HEX/ASCII]:
  0000: $60 $62 $65 $6E $63 $68 $20 $50  $43 $5F $4B $45 $59 $0D $0A      `bench PC_KEY..
[USB SEND 2026-09-22T23:38:12.139] Sent 4 bytes
[USB SEND HEX/ASCII]:
  0000: $00 $00 $00 $00                                                   ....
[USB RECV 2026-09-22T23:38:12.251] Received 15 bytes
[USB RECV HEX/ASCII]:
  0000: $60 $62 $65 $6E $63 $68 $20 $50  $43 $5F $4B $45 $59 $0D $0A      `bench PC_KEY..
[USB SEND 2026-09-22T23:38:12.251] Sent 4 bytes
[USB SEND HEX/ASCII]:
  0000: $00 $00 $00 $00                                                   ....
[USB RECV 2026-09-22T23:38:12.363] Received 15 bytes
[USB RECV HEX/ASCII]:
  0000: $60 $62 $65 $6E $63 $68 $20 $50  $43 $5F $4B $45 $59 $0D $0A      `bench PC_KEY..
[USB SEND 2026-09-22T23:38:12.363] Sent 4 bytes
[USB SEND HEX/ASCII]:
  0000: $00 $00 $00 $00                                                   ....
[USB RECV 2026-09-22T23:38:12.475] Received 15 bytes
[USB RECV HEX/ASCII]:
  0000: $60 $62 $65 $6E $63 $68 $20 $50  $43 $5F $4B $45 $59 $0D $0A      `bench PC_KEY..
[USB SEND 2026-09-22T23:38:12.475] Sent 4 bytes
[USB SEND HEX/ASCII]:
  0000: $00 $00 $00 $00                                                   ....
[USB RECV 2026-09-22T23:38:12.587] Received 15 bytes
[USB RECV HEX/ASCII]:
  0000: $60 $62 $65 $6E $63 $68 $20 $50  $43 $5F $4B $45 $59 $0D $0A      `bench PC_KEY..
[USB SEND 2026-09-22T23:38:12.587] Sent 4 bytes
[USB SEND HEX/ASCII]:
  0000: $00 $00 $00 $00                                                   ....
[USB RECV 2026-09-22T23:38:12.588] Received 62 bytes
[USB RECV HEX/ASCII]:
  0000: $43 $6F $67 $30 $20 $20 $54 $30  $2D $31 $32 $2C $72 $75 $6E $6E  Cog0  T0-12,runn
  0010: $69 $6E $67 $2C $74 $72 $61 $6E  $73 $69 $74 $69 $6F $6E $73 $2C  ing,transitions,
  0020: $38 $38 $36 $2C $69 $6C $6C $65  $67 $61 $6C $2C $30 $2C $70 $6F  886,illegal,0,po
  0030: $73 $2C $2D $38 $37 $36 $0D $0A  $60 $62 $65 $6E $63 $68          s,-876..`bench
[USB RECV 2026-09-22T23:38:12.588] Received 62 bytes
[USB RECV HEX/ASCII]:
  0000: $20 $63 $72 $6F $70 $20 $32 $20  $30 $2C $20 $33 $32 $2C $20 $32   crop 2 0, 32, 2
  0010: $30 $30 $2C $20 $33 $32 $2C $20  $31 $32 $2C $20 $31 $30 $34 $0D  00, 32, 12, 104.
  0020: $0A $60 $62 $65 $6E $63 $68 $20  $63 $72 $6F $70 $20 $33 $20 $33  .`bench crop 3 3
  0030: $32 $30 $2C $20 $30 $2C $20 $33  $32 $2C $20 $34 $30 $2C          20, 0, 32, 40,
[USB RECV 2026-09-22T23:38:12.589] Received 62 bytes
[USB RECV HEX/ASCII]:
  0000: $20 $31 $34 $30 $2C $20 $31 $34  $30 $0D $0A $60 $62 $65 $6E $63   140, 140..`benc
  0010: $68 $20 $63 $72 $6F $70 $20 $33  $20 $32 $35 $36 $2C $20 $30 $2C  h crop 3 256, 0,
  0020: $20 $33 $32 $2C $20 $34 $30 $2C  $20 $31 $37 $34 $2C $20 $31 $34   32, 40, 174, 14
  0030: $30 $0D $0A $60 $62 $65 $6E $63  $68 $20 $63 $72 $6F $70          0..`bench crop
[USB RECV 2026-09-22T23:38:12.589] Received 62 bytes
[USB RECV HEX/ASCII]:
  0000: $20 $33 $20 $32 $35 $36 $2C $20  $30 $2C $20 $33 $32 $2C $20 $34   3 256, 0, 32, 4
  0010: $30 $2C $20 $32 $30 $38 $2C $20  $31 $34 $30 $0D $0A $60 $62 $65  0, 208, 140..`be
  0020: $6E $63 $68 $20 $63 $72 $6F $70  $20 $33 $20 $31 $39 $32 $2C $20  nch crop 3 192, 
  0030: $30 $2C $20 $33 $32 $2C $20 $34  $30 $2C $20 $32 $34 $32          0, 32, 40, 242
[USB RECV 2026-09-22T23:38:12.589] Received 62 bytes
[USB RECV HEX/ASCII]:
  0000: $2C $20 $31 $34 $30 $0D $0A $60  $62 $65 $6E $63 $68 $20 $63 $72  , 140..`bench cr
  0010: $6F $70 $20 $33 $20 $33 $32 $30  $2C $20 $30 $2C $20 $33 $32 $2C  op 3 320, 0, 32,
  0020: $20 $34 $30 $2C $20 $31 $34 $30  $2C $20 $31 $38 $34 $0D $0A $60   40, 140, 184..`
  0030: $62 $65 $6E $63 $68 $20 $63 $72  $6F $70 $20 $33 $20 $33          bench crop 3 3
[USB RECV 2026-09-22T23:38:12.590] Received 62 bytes
[USB RECV HEX/ASCII]:
  0000: $32 $30 $2C $20 $30 $2C $20 $33  $32 $2C $20 $34 $30 $2C $20 $31  20, 0, 32, 40, 1
  0010: $37 $34 $2C $20 $31 $38 $34 $0D  $0A $60 $62 $65 $6E $63 $68 $20  74, 184..`bench 
  0020: $63 $72 $6F $70 $20 $33 $20 $30  $2C $20 $30 $2C $20 $33 $32 $2C  crop 3 0, 0, 32,
  0030: $20 $34 $30 $2C $20 $32 $30 $38  $2C $20 $31 $38 $34 $0D           40, 208, 184.
[USB RECV 2026-09-22T23:38:12.605] Received 16 bytes
[USB RECV HEX/ASCII]:
  0000: $0A $60 $62 $65 $6E $63 $68 $20  $75 $70 $64 $61 $74 $65 $0D $0A  .`bench update..
[USB RECV 2026-09-22T23:38:12.701] Received 15 bytes
[USB RECV HEX/ASCII]:
  0000: $60 $62 $65 $6E $63 $68 $20 $50  $43 $5F $4B $45 $59 $0D $0A      `bench PC_KEY..
[USB SEND 2026-09-22T23:38:12.701] Sent 4 bytes
[USB SEND HEX/ASCII]:
  0000: $00 $00 $00 $00                                                   ....
[USB RECV 2026-09-22T23:38:12.813] Received 15 bytes
[USB RECV HEX/ASCII]:
  0000: $60 $62 $65 $6E $63 $68 $20 $50  $43 $5F $4B $45 $59 $0D $0A      `bench PC_KEY..
[USB SEND 2026-09-22T23:38:12.813] Sent 4 bytes
[USB SEND HEX/ASCII]:
  0000: $00 $00 $00 $00                                                   ....
[USB RECV 2026-09-22T23:38:12.925] Received 15 bytes
[USB RECV HEX/ASCII]:
  0000: $60 $62 $65 $6E $63 $68 $20 $50  $43 $5F $4B $45 $59 $0D $0A      `bench PC_KEY..
[USB SEND 2026-09-22T23:38:12.925] Sent 4 bytes
[USB SEND HEX/ASCII]:
  0000: $00 $00 $00 $00                                                   ....
[USB RECV 2026-09-22T23:38:13.037] Received 15 bytes
[USB RECV HEX/ASCII]:
  0000: $60 $62 $65 $6E $63 $68 $20 $50  $43 $5F $4B $45 $59 $0D $0A      `bench PC_KEY..
[USB SEND 2026-09-22T23:38:13.037] Sent 4 bytes
[USB SEND HEX/ASCII]:
  0000: $00 $00 $00 $00                                                   ....
[USB RECV 2026-09-22T23:38:13.149] Received 15 bytes
[USB RECV HEX/ASCII]:
  0000: $60 $62 $65 $6E $63 $68 $20 $50  $43 $5F $4B $45 $59 $0D $0A      `bench PC_KEY..
[USB SEND 2026-09-22T23:38:13.149] Sent 4 bytes
[USB SEND HEX/ASCII]:
  0000: $00 $00 $00 $00                                                   ....
[USB RECV 2026-09-22T23:38:13.150] Received 62 bytes
[USB RECV HEX/ASCII]:
  0000: $43 $6F $67 $30 $20 $20 $54 $30  $2D $31 $32 $2C $72 $75 $6E $6E  Cog0  T0-12,runn
  0010: $69 $6E $67 $2C $74 $72 $61 $6E  $73 $69 $74 $69 $6F $6E $73 $2C  ing,transitions,
  0020: $39 $32 $33 $2C $69 $6C $6C $65  $67 $61 $6C $2C $30 $2C $70 $6F  923,illegal,0,po
  0030: $73 $2C $2D $39 $31 $33 $0D $0A  $60 $62 $65 $6E $63 $68          s,-913..`bench
[USB RECV 2026-09-22T23:38:13.151] Received 62 bytes
[USB RECV HEX/ASCII]:
  0000: $20 $63 $72 $6F $70 $20 $32 $20  $30 $2C $20 $33 $32 $2C $20 $32   crop 2 0, 32, 2
  0010: $30 $30 $2C $20 $33 $32 $2C $20  $31 $32 $2C $20 $31 $30 $34 $0D  00, 32, 12, 104.
  0020: $0A $60 $62 $65 $6E $63 $68 $20  $63 $72 $6F $70 $20 $33 $20 $33  .`bench crop 3 3
  0030: $32 $30 $2C $20 $30 $2C $20 $33  $32 $2C $20 $34 $30 $2C          20, 0, 32, 40,
[USB RECV 2026-09-22T23:38:13.151] Received 62 bytes
[USB RECV HEX/ASCII]:
  0000: $20 $31 $34 $30 $2C $20 $31 $34  $30 $0D $0A $60 $62 $65 $6E $63   140, 140..`benc
  0010: $68 $20 $63 $72 $6F $70 $20 $33  $20 $32 $38 $38 $2C $20 $30 $2C  h crop 3 288, 0,
  0020: $20 $33 $32 $2C $20 $34 $30 $2C  $20 $31 $37 $34 $2C $20 $31 $34   32, 40, 174, 14
  0030: $30 $0D $0A $60 $62 $65 $6E $63  $68 $20 $63 $72 $6F $70          0..`bench crop
[USB RECV 2026-09-22T23:38:13.151] Received 62 bytes
[USB RECV HEX/ASCII]:
  0000: $20 $33 $20 $36 $34 $2C $20 $30  $2C $20 $33 $32 $2C $20 $34 $30   3 64, 0, 32, 40
  0010: $2C $20 $32 $30 $38 $2C $20 $31  $34 $30 $0D $0A $60 $62 $65 $6E  , 208, 140..`ben
  0020: $63 $68 $20 $63 $72 $6F $70 $20  $33 $20 $39 $36 $2C $20 $30 $2C  ch crop 3 96, 0,
  0030: $20 $33 $32 $2C $20 $34 $30 $2C  $20 $32 $34 $32 $2C $20           32, 40, 242, 
[USB RECV 2026-09-22T23:38:13.151] Received 62 bytes
[USB RECV HEX/ASCII]:
  0000: $31 $34 $30 $0D $0A $60 $62 $65  $6E $63 $68 $20 $63 $72 $6F $70  140..`bench crop
  0010: $20 $33 $20 $33 $32 $30 $2C $20  $30 $2C $20 $33 $32 $2C $20 $34   3 320, 0, 32, 4
  0020: $30 $2C $20 $31 $34 $30 $2C $20  $31 $38 $34 $0D $0A $60 $62 $65  0, 140, 184..`be
  0030: $6E $63 $68 $20 $63 $72 $6F $70  $20 $33 $20 $33 $32 $30          nch crop 3 320
[USB RECV 2026-09-22T23:38:13.152] Received 62 bytes
[USB RECV HEX/ASCII]:
  0000: $2C $20 $30 $2C $20 $33 $32 $2C  $20 $34 $30 $2C $20 $31 $37 $34  , 0, 32, 40, 174
  0010: $2C $20 $31 $38 $34 $0D $0A $60  $62 $65 $6E $63 $68 $20 $63 $72  , 184..`bench cr
  0020: $6F $70 $20 $33 $20 $30 $2C $20  $30 $2C $20 $33 $32 $2C $20 $34  op 3 0, 0, 32, 4
  0030: $30 $2C $20 $32 $30 $38 $2C $20  $31 $38 $34 $0D $0A $60          0, 208, 184..`
[USB RECV 2026-09-22T23:38:13.167] Received 14 bytes
[USB RECV HEX/ASCII]:
  0000: $62 $65 $6E $63 $68 $20 $75 $70  $64 $61 $74 $65 $0D $0A          bench update..
[USB RECV 2026-09-22T23:38:13.263] Received 15 bytes
[USB RECV HEX/ASCII]:
  0000: $60 $62 $65 $6E $63 $68 $20 $50  $43 $5F $4B $45 $59 $0D $0A      `bench PC_KEY..
[USB SEND 2026-09-22T23:38:13.263] Sent 4 bytes
[USB SEND HEX/ASCII]:
  0000: $00 $00 $00 $00                                                   ....
[USB RECV 2026-09-22T23:38:13.375] Received 15 bytes
[USB RECV HEX/ASCII]:
  0000: $60 $62 $65 $6E $63 $68 $20 $50  $43 $5F $4B $45 $59 $0D $0A      `bench PC_KEY..
[USB SEND 2026-09-22T23:38:13.375] Sent 4 bytes
[USB SEND HEX/ASCII]:
  0000: $00 $00 $00 $00                                                   ....
[USB RECV 2026-09-22T23:38:13.487] Received 15 bytes
[USB RECV HEX/ASCII]:
  0000: $60 $62 $65 $6E $63 $68 $20 $50  $43 $5F $4B $45 $59 $0D $0A      `bench PC_KEY..
[USB SEND 2026-09-22T23:38:13.487] Sent 4 bytes
[USB SEND HEX/ASCII]:
  0000: $00 $00 $00 $00                                                   ....
[USB RECV 2026-09-22T23:38:13.599] Received 15 bytes
[USB RECV HEX/ASCII]:
  0000: $60 $62 $65 $6E $63 $68 $20 $50  $43 $5F $4B $45 $59 $0D $0A      `bench PC_KEY..
[USB SEND 2026-09-22T23:38:13.599] Sent 4 bytes
[USB SEND HEX/ASCII]:
  0000: $00 $00 $00 $00                                                   ....
[USB RECV 2026-09-22T23:38:13.711] Received 15 bytes
[USB RECV HEX/ASCII]:
  0000: $60 $62 $65 $6E $63 $68 $20 $50  $43 $5F $4B $45 $59 $0D $0A      `bench PC_KEY..
[USB SEND 2026-09-22T23:38:13.712] Sent 4 bytes
[USB SEND HEX/ASCII]:
  0000: $00 $00 $00 $00                                                   ....
[USB RECV 2026-09-22T23:38:13.713] Received 62 bytes
[USB RECV HEX/ASCII]:
  0000: $43 $6F $67 $30 $20 $20 $54 $30  $2D $31 $32 $2C $72 $75 $6E $6E  Cog0  T0-12,runn
  0010: $69 $6E $67 $2C $74 $72 $61 $6E  $73 $69 $74 $69 $6F $6E $73 $2C  ing,transitions,
  0020: $39 $35 $36 $2C $69 $6C $6C $65  $67 $61 $6C $2C $30 $2C $70 $6F  956,illegal,0,po
  0030: $73 $2C $2D $39 $34 $36 $0D $0A  $60 $62 $65 $6E $63 $68          s,-946..`bench
[USB RECV 2026-09-22T23:38:13.713] Received 62 bytes
[USB RECV HEX/ASCII]:
  0000: $20 $63 $72 $6F $70 $20 $32 $20  $30 $2C $20 $33 $32 $2C $20 $32   crop 2 0, 32, 2
  0010: $30 $30 $2C $20 $33 $32 $2C $20  $31 $32 $2C $20 $31 $30 $34 $0D  00, 32, 12, 104.
  0020: $0A $60 $62 $65 $6E $63 $68 $20  $63 $72 $6F $70 $20 $33 $20 $33  .`bench crop 3 3
  0030: $32 $30 $2C $20 $30 $2C $20 $33  $32 $2C $20 $34 $30 $2C          20, 0, 32, 40,
[USB RECV 2026-09-22T23:38:13.713] Received 62 bytes
[USB RECV HEX/ASCII]:
  0000: $20 $31 $34 $30 $2C $20 $31 $34  $30 $0D $0A $60 $62 $65 $6E $63   140, 140..`benc
  0010: $68 $20 $63 $72 $6F $70 $20 $33  $20 $32 $38 $38 $2C $20 $30 $2C  h crop 3 288, 0,
  0020: $20 $33 $32 $2C $20 $34 $30 $2C  $20 $31 $37 $34 $2C $20 $31 $34   32, 40, 174, 14
  0030: $30 $0D $0A $60 $62 $65 $6E $63  $68 $20 $63 $72 $6F $70          0..`bench crop
[USB RECV 2026-09-22T23:38:13.714] Received 62 bytes
[USB RECV HEX/ASCII]:
  0000: $20 $33 $20 $31 $36 $30 $2C $20  $30 $2C $20 $33 $32 $2C $20 $34   3 160, 0, 32, 4
  0010: $30 $2C $20 $32 $30 $38 $2C $20  $31 $34 $30 $0D $0A $60 $62 $65  0, 208, 140..`be
  0020: $6E $63 $68 $20 $63 $72 $6F $70  $20 $33 $20 $31 $39 $32 $2C $20  nch crop 3 192, 
  0030: $30 $2C $20 $33 $32 $2C $20 $34  $30 $2C $20 $32 $34 $32          0, 32, 40, 242
[USB RECV 2026-09-22T23:38:13.714] Received 62 bytes
[USB RECV HEX/ASCII]:
  0000: $2C $20 $31 $34 $30 $0D $0A $60  $62 $65 $6E $63 $68 $20 $63 $72  , 140..`bench cr
  0010: $6F $70 $20 $33 $20 $33 $32 $30  $2C $20 $30 $2C $20 $33 $32 $2C  op 3 320, 0, 32,
  0020: $20 $34 $30 $2C $20 $31 $34 $30  $2C $20 $31 $38 $34 $0D $0A $60   40, 140, 184..`
  0030: $62 $65 $6E $63 $68 $20 $63 $72  $6F $70 $20 $33 $20 $33          bench crop 3 3
[USB RECV 2026-09-22T23:38:13.714] Received 62 bytes
[USB RECV HEX/ASCII]:
  0000: $32 $30 $2C $20 $30 $2C $20 $33  $32 $2C $20 $34 $30 $2C $20 $31  20, 0, 32, 40, 1
  0010: $37 $34 $2C $20 $31 $38 $34 $0D  $0A $60 $62 $65 $6E $63 $68 $20  74, 184..`bench 
  0020: $63 $72 $6F $70 $20 $33 $20 $30  $2C $20 $30 $2C $20 $33 $32 $2C  crop 3 0, 0, 32,
  0030: $20 $34 $30 $2C $20 $32 $30 $38  $2C $20 $31 $38 $34 $0D           40, 208, 184.
[USB RECV 2026-09-22T23:38:13.730] Received 16 bytes
[USB RECV HEX/ASCII]:
  0000: $0A $60 $62 $65 $6E $63 $68 $20  $75 $70 $64 $61 $74 $65 $0D $0A  .`bench update..
[USB RECV 2026-09-22T23:38:13.826] Received 15 bytes
[USB RECV HEX/ASCII]:
  0000: $60 $62 $65 $6E $63 $68 $20 $50  $43 $5F $4B $45 $59 $0D $0A      `bench PC_KEY..
[USB SEND 2026-09-22T23:38:13.827] Sent 4 bytes
[USB SEND HEX/ASCII]:
  0000: $00 $00 $00 $00                                                   ....
[USB RECV 2026-09-22T23:38:13.938] Received 15 bytes
[USB RECV HEX/ASCII]:
  0000: $60 $62 $65 $6E $63 $68 $20 $50  $43 $5F $4B $45 $59 $0D $0A      `bench PC_KEY..
[USB SEND 2026-09-22T23:38:13.939] Sent 4 bytes
[USB SEND HEX/ASCII]:
  0000: $00 $00 $00 $00                                                   ....
[USB RECV 2026-09-22T23:38:14.051] Received 15 bytes
[USB RECV HEX/ASCII]:
  0000: $60 $62 $65 $6E $63 $68 $20 $50  $43 $5F $4B $45 $59 $0D $0A      `bench PC_KEY..
[USB SEND 2026-09-22T23:38:14.051] Sent 4 bytes
[USB SEND HEX/ASCII]:
  0000: $00 $00 $00 $00                                                   ....
[USB RECV 2026-09-22T23:38:14.163] Received 15 bytes
[USB RECV HEX/ASCII]:
  0000: $60 $62 $65 $6E $63 $68 $20 $50  $43 $5F $4B $45 $59 $0D $0A      `bench PC_KEY..
[USB SEND 2026-09-22T23:38:14.163] Sent 4 bytes
[USB SEND HEX/ASCII]:
  0000: $00 $00 $00 $00                                                   ....
[USB RECV 2026-09-22T23:38:14.275] Received 15 bytes
[USB RECV HEX/ASCII]:
  0000: $60 $62 $65 $6E $63 $68 $20 $50  $43 $5F $4B $45 $59 $0D $0A      `bench PC_KEY..
[USB SEND 2026-09-22T23:38:14.275] Sent 4 bytes
[USB SEND HEX/ASCII]:
  0000: $00 $00 $00 $00                                                   ....
[USB RECV 2026-09-22T23:38:14.276] Received 62 bytes
[USB RECV HEX/ASCII]:
  0000: $43 $6F $67 $30 $20 $20 $54 $30  $2D $31 $32 $2C $72 $75 $6E $6E  Cog0  T0-12,runn
  0010: $69 $6E $67 $2C $74 $72 $61 $6E  $73 $69 $74 $69 $6F $6E $73 $2C  ing,transitions,
  0020: $39 $35 $36 $2C $69 $6C $6C $65  $67 $61 $6C $2C $30 $2C $70 $6F  956,illegal,0,po
  0030: $73 $2C $2D $39 $34 $36 $0D $0A  $60 $62 $65 $6E $63 $68          s,-946..`bench
[USB RECV 2026-09-22T23:38:14.276] Received 62 bytes
[USB RECV HEX/ASCII]:
  0000: $20 $63 $72 $6F $70 $20 $32 $20  $30 $2C $20 $33 $32 $2C $20 $32   crop 2 0, 32, 2
  0010: $30 $30 $2C $20 $33 $32 $2C $20  $31 $32 $2C $20 $31 $30 $34 $0D  00, 32, 12, 104.
  0020: $0A $60 $62 $65 $6E $63 $68 $20  $63 $72 $6F $70 $20 $33 $20 $33  .`bench crop 3 3
  0030: $32 $30 $2C $20 $30 $2C $20 $33  $32 $2C $20 $34 $30 $2C          20, 0, 32, 40,
[USB RECV 2026-09-22T23:38:14.276] Received 62 bytes
[USB RECV HEX/ASCII]:
  0000: $20 $31 $34 $30 $2C $20 $31 $34  $30 $0D $0A $60 $62 $65 $6E $63   140, 140..`benc
  0010: $68 $20 $63 $72 $6F $70 $20 $33  $20 $32 $38 $38 $2C $20 $30 $2C  h crop 3 288, 0,
  0020: $20 $33 $32 $2C $20 $34 $30 $2C  $20 $31 $37 $34 $2C $20 $31 $34   32, 40, 174, 14
  0030: $30 $0D $0A $60 $62 $65 $6E $63  $68 $20 $63 $72 $6F $70          0..`bench crop
[USB RECV 2026-09-22T23:38:14.277] Received 62 bytes
[USB RECV HEX/ASCII]:
  0000: $20 $33 $20 $31 $36 $30 $2C $20  $30 $2C $20 $33 $32 $2C $20 $34   3 160, 0, 32, 4
  0010: $30 $2C $20 $32 $30 $38 $2C $20  $31 $34 $30 $0D $0A $60 $62 $65  0, 208, 140..`be
  0020: $6E $63 $68 $20 $63 $72 $6F $70  $20 $33 $20 $31 $39 $32 $2C $20  nch crop 3 192, 
  0030: $30 $2C $20 $33 $32 $2C $20 $34  $30 $2C $20 $32 $34 $32          0, 32, 40, 242
[USB RECV 2026-09-22T23:38:14.277] Received 62 bytes
[USB RECV HEX/ASCII]:
  0000: $2C $20 $31 $34 $30 $0D $0A $60  $62 $65 $6E $63 $68 $20 $63 $72  , 140..`bench cr
  0010: $6F $70 $20 $33 $20 $33 $32 $30  $2C $20 $30 $2C $20 $33 $32 $2C  op 3 320, 0, 32,
  0020: $20 $34 $30 $2C $20 $31 $34 $30  $2C $20 $31 $38 $34 $0D $0A $60   40, 140, 184..`
  0030: $62 $65 $6E $63 $68 $20 $63 $72  $6F $70 $20 $33 $20 $33          bench crop 3 3
[USB RECV 2026-09-22T23:38:14.277] Received 62 bytes
[USB RECV HEX/ASCII]:
  0000: $32 $30 $2C $20 $30 $2C $20 $33  $32 $2C $20 $34 $30 $2C $20 $31  20, 0, 32, 40, 1
  0010: $37 $34 $2C $20 $31 $38 $34 $0D  $0A $60 $62 $65 $6E $63 $68 $20  74, 184..`bench 
  0020: $63 $72 $6F $70 $20 $33 $20 $30  $2C $20 $30 $2C $20 $33 $32 $2C  crop 3 0, 0, 32,
  0030: $20 $34 $30 $2C $20 $32 $30 $38  $2C $20 $31 $38 $34 $0D           40, 208, 184.
[USB RECV 2026-09-22T23:38:14.292] Received 16 bytes
[USB RECV HEX/ASCII]:
  0000: $0A $60 $62 $65 $6E $63 $68 $20  $75 $70 $64 $61 $74 $65 $0D $0A  .`bench update..
[USB RECV 2026-09-22T23:38:14.389] Received 15 bytes
[USB RECV HEX/ASCII]:
  0000: $60 $62 $65 $6E $63 $68 $20 $50  $43 $5F $4B $45 $59 $0D $0A      `bench PC_KEY..
[USB SEND 2026-09-22T23:38:14.389] Sent 4 bytes
[USB SEND HEX/ASCII]:
  0000: $00 $00 $00 $00                                                   ....
[USB RECV 2026-09-22T23:38:14.501] Received 15 bytes
[USB RECV HEX/ASCII]:
  0000: $60 $62 $65 $6E $63 $68 $20 $50  $43 $5F $4B $45 $59 $0D $0A      `bench PC_KEY..
[USB SEND 2026-09-22T23:38:14.501] Sent 4 bytes
[USB SEND HEX/ASCII]:
  0000: $00 $00 $00 $00                                                   ....
[USB RECV 2026-09-22T23:38:14.613] Received 15 bytes
[USB RECV HEX/ASCII]:
  0000: $60 $62 $65 $6E $63 $68 $20 $50  $43 $5F $4B $45 $59 $0D $0A      `bench PC_KEY..
[USB SEND 2026-09-22T23:38:14.613] Sent 4 bytes
[USB SEND HEX/ASCII]:
  0000: $20 $00 $00 $00                                                    ...
[USB RECV 2026-09-22T23:38:14.614] Received 62 bytes
[USB RECV HEX/ASCII]:
  0000: $60 $62 $65 $6E $63 $68 $20 $63  $72 $6F $70 $20 $32 $20 $30 $2C  `bench crop 2 0,
  0010: $20 $36 $34 $2C $20 $32 $30 $30  $2C $20 $33 $32 $2C $20 $31 $32   64, 200, 32, 12
  0020: $2C $20 $31 $30 $34 $0D $0A $60  $62 $65 $6E $63 $68 $20 $63 $72  , 104..`bench cr
  0030: $6F $70 $20 $33 $20 $33 $32 $30  $2C $20 $30 $2C $20 $33          op 3 320, 0, 3
[USB RECV 2026-09-22T23:38:14.614] Received 62 bytes
[USB RECV HEX/ASCII]:
  0000: $32 $2C $20 $34 $30 $2C $20 $31  $34 $30 $2C $20 $31 $34 $30 $0D  2, 40, 140, 140.
  0010: $0A $60 $62 $65 $6E $63 $68 $20  $63 $72 $6F $70 $20 $33 $20 $32  .`bench crop 3 2
  0020: $38 $38 $2C $20 $30 $2C $20 $33  $32 $2C $20 $34 $30 $2C $20 $31  88, 0, 32, 40, 1
  0030: $37 $34 $2C $20 $31 $34 $30 $0D  $0A $60 $62 $65 $6E $63          74, 140..`benc
[USB RECV 2026-09-22T23:38:14.615] Received 62 bytes
[USB RECV HEX/ASCII]:
  0000: $68 $20 $63 $72 $6F $70 $20 $33  $20 $31 $36 $30 $2C $20 $30 $2C  h crop 3 160, 0,
  0010: $20 $33 $32 $2C $20 $34 $30 $2C  $20 $32 $30 $38 $2C $20 $31 $34   32, 40, 208, 14
  0020: $30 $0D $0A $60 $62 $65 $6E $63  $68 $20 $63 $72 $6F $70 $20 $33  0..`bench crop 3
  0030: $20 $31 $39 $32 $2C $20 $30 $2C  $20 $33 $32 $2C $20 $34           192, 0, 32, 4
[USB RECV 2026-09-22T23:38:14.615] Received 62 bytes
[USB RECV HEX/ASCII]:
  0000: $30 $2C $20 $32 $34 $32 $2C $20  $31 $34 $30 $0D $0A $60 $62 $65  0, 242, 140..`be
  0010: $6E $63 $68 $20 $63 $72 $6F $70  $20 $33 $20 $33 $32 $30 $2C $20  nch crop 3 320, 
  0020: $30 $2C $20 $33 $32 $2C $20 $34  $30 $2C $20 $31 $34 $30 $2C $20  0, 32, 40, 140, 
  0030: $31 $38 $34 $0D $0A $60 $62 $65  $6E $63 $68 $20 $63 $72          184..`bench cr
[USB RECV 2026-09-22T23:38:14.615] Received 62 bytes
[USB RECV HEX/ASCII]:
  0000: $6F $70 $20 $33 $20 $33 $32 $30  $2C $20 $30 $2C $20 $33 $32 $2C  op 3 320, 0, 32,
  0010: $20 $34 $30 $2C $20 $31 $37 $34  $2C $20 $31 $38 $34 $0D $0A $60   40, 174, 184..`
  0020: $62 $65 $6E $63 $68 $20 $63 $72  $6F $70 $20 $33 $20 $30 $2C $20  bench crop 3 0, 
  0030: $30 $2C $20 $33 $32 $2C $20 $34  $30 $2C $20 $32 $30 $38          0, 32, 40, 208
[USB RECV 2026-09-22T23:38:14.616] Received 62 bytes
[USB RECV HEX/ASCII]:
  0000: $2C $20 $31 $38 $34 $0D $0A $60  $62 $65 $6E $63 $68 $20 $75 $70  , 184..`bench up
  0010: $64 $61 $74 $65 $0D $0A $43 $6F  $67 $30 $20 $20 $54 $30 $2D $31  date..Cog0  T0-1
  0020: $32 $2C $65 $6E $64 $2C $74 $72  $61 $6E $73 $69 $74 $69 $6F $6E  2,end,transition
  0030: $73 $2C $39 $35 $36 $2C $69 $6C  $6C $65 $67 $61 $6C $2C          s,956,illegal,
[USB RECV 2026-09-22T23:38:14.616] Received 62 bytes
[USB RECV HEX/ASCII]:
  0000: $30 $2C $70 $6F $73 $2C $2D $39  $34 $36 $2C $66 $69 $6E $61 $6C  0,pos,-946,final
  0010: $5F $68 $61 $6C $6C $5F $63 $6F  $64 $65 $2C $33 $2C $74 $6F $6C  _hall_code,3,tol
  0020: $64 $5F $64 $69 $72 $65 $63 $74  $69 $6F $6E $2C $43 $57 $5F $46  d_direction,CW_F
  0030: $52 $4F $4D $5F $48 $55 $42 $2C  $6E $6F $74 $65 $2C $65          ROM_HUB,note,e
[USB RECV 2026-09-22T23:38:14.616] Received 62 bytes
[USB RECV HEX/ASCII]:
  0000: $78 $70 $65 $63 $74 $5F $39 $30  $5F $70 $65 $72 $5F $72 $65 $76  xpect_90_per_rev
  0010: $6F $6C $75 $74 $69 $6F $6E $5F  $28 $35 $2E $37 $36 $33 $5F $6D  olution_(5.763_m
  0020: $6D $5F $70 $65 $72 $5F $74 $69  $63 $6B $29 $0D $0A $43 $6F $67  m_per_tick)..Cog
  0030: $30 $20 $20 $54 $30 $2D $54 $52  $41 $50 $2C $63 $6F $64          0  T0-TRAP,cod
[USB RECV 2026-09-22T23:38:14.632] Received 61 bytes
[USB RECV HEX/ASCII]:
  0000: $65 $2C $30 $0D $0A $43 $6F $67  $30 $20 $20 $2A $20 $74 $65 $73  e,0..Cog0  * tes
  0010: $74 $5F $62 $65 $6E $63 $68 $5F  $74 $30 $20 $2D $2D $20 $44 $4F  t_bench_t0 -- DO
  0020: $4E $45 $0D $0A $43 $6F $67 $30  $20 $20 $44 $45 $42 $55 $47 $5F  NE..Cog0  DEBUG_
  0030: $45 $4E $44 $5F $53 $45 $53 $53  $49 $4F $4E $0D $0A              END_SESSION..
