=== Debug Logger Session Started at 2026-09-19T17:35:37.617 ===
PNut-Term-TS: v1.0.8
Program: debug
=====================================

[2026-09-19T17:35:37.516] [SYSTEM] BAUD_RATE_SET 2000000 baud (preferences/default)

=== Session ended - Download Started at 2026-09-19T17:35:37.743 ===
=== Debug Logger Session Started at 2026-09-19T17:35:37.747 ===
PNut-Term-TS: v1.0.8
Program: debug
=====================================

[2026-09-19T17:35:37.744] [SYSTEM] [DOWNLOAD TO RAM] File: test_bench_dual.bin | Size: 77482 bytes | Modified: 2026-09-19T23:35:36.729Z
[2026-09-19T17:35:37.747] [SYSTEM] Download Session Started
[2026-09-19T17:35:39.364] [SYSTEM] [DOWNLOAD SUCCESS] test_bench_dual.bin successfully downloaded to RAM
[2026-09-19T17:35:39.366] Cog0  INIT $0000_0000 $0000_0000 load
[2026-09-19T17:35:39.374] Cog0  INIT $0000_0FA8 $0003_AC04 jump
[2026-09-19T17:35:39.385] Cog1  INIT $0000_0FA8 $0003_7EB4 jump
[2026-09-19T17:35:39.385] Cog0  BM-WDSTART,seq,1,started,TRUE,cog,1
[2026-09-19T17:35:39.387] Cog0  BM-BANNER,seq,2,src_rev,20,fmt,8,part,C,cfg_id,BENCH,frame,MOTOR,clkfreq,270_000_000,left_base,32,right_base,16,voltage_enum,6,det_mode,30,motor_type,0,quiet,TRUE,mdbg,3,sdbg,3
[2026-09-19T17:35:39.389] Cog0  BM-BUILD,seq,3,sf,1,inst_hz,500,inst_ticks,540_000,ring,4_096,slongs,9,waitms_max,7_953,wd_stall_ms,4_000,abs_abort_mV,1_500,ladder_max,165_000_000,rwire_mohm,20,pack_mV,18_500,fault_cool_ms,5_000
[2026-09-19T17:35:39.389] Cog0  SIGNOFF-DECL,sf,1,bin,DUAL,cell,R14-DUAL-NOSTALL-C,task,3508
[2026-09-19T17:35:39.390] Cog0  SIGNOFF-DECL,sf,1,bin,DUAL,cell,R14-DUAL-DBGMASK-C,task,3508
[2026-09-19T17:35:39.391] Cog0  SIGNOFF-DECL,sf,1,bin,DUAL,cell,R14-DUAL-TRACES-C,task,3508
[2026-09-19T17:35:39.391] Cog0  SIGNOFF-DECL,sf,1,bin,DUAL,cell,R14-DUAL-RSTPROV-C,task,3508
[2026-09-19T17:35:39.392] Cog0  SIGNOFF-DECL,sf,1,bin,DUAL,cell,R14-DUAL-OFFREST-C,task,3508
[2026-09-19T17:35:39.393] Cog0  SIGNOFF-DECL,sf,1,bin,DUAL,cell,R16-DUAL-LAGBND-C,task,3508
[2026-09-19T17:35:39.393] Cog0  SIGNOFF-DECL,sf,1,bin,DUAL,cell,R16-DUAL-STPDECEL-C,task,3508
[2026-09-19T17:35:39.394] Cog0  SIGNOFF-DECL,sf,1,bin,DUAL,cell,R17-DUAL-FLTSTOP-C,task,3508
[2026-09-19T17:35:39.395] Cog0  SIGNOFF-DECL,sf,1,bin,DUAL,cell,R17-DUAL-IDLEMOVE-C,task,3508
[2026-09-19T17:35:39.396] Cog0  BM-PLAN,seq,4,seg,PREFLT,order,1,attended,FALSE,part,C,finds,NONE,est_s,5,est_kb,2
[2026-09-19T17:35:39.398] Cog0  BM-PLAN,seq,5,seg,BASELINE,order,2,attended,FALSE,part,C,finds,FIELD_Q,est_s,120,est_kb,16
[2026-09-19T17:35:39.398] Cog0  BM-PLAN,seq,6,seg,POSTFLT,order,3,attended,FALSE,part,C,finds,S-9a,est_s,120,est_kb,790
[2026-09-19T17:35:39.415] Cog0  * PANIC PROCEDURE IS PHYSICAL BATTERY DISCONNECT ONLY -- no operator control can stop a runaway (finding S-4: the e-stop now latches, task 3556)
[2026-09-19T17:35:39.415] Cog2  INIT $0000_0FA8 $0003_5744 jump
[2026-09-19T17:35:39.418] Cog0  BM-INST,seq,7,event,START,cog,2,state,IDLE,ack_ms,6,samples,0,late,0,skipped,0,max_late_us,0,clamps,0,why,NONE
[2026-09-19T17:35:39.428] Cog0  BM-SEG,seq,8,seg,PREFLT,event,BEGIN,attended,FALSE,items,0,faults,0,unrecov,0,ms,0,why,NONE
[2026-09-19T17:35:39.443] Cog3  INIT $0000_E90E $0003_868F load
[2026-09-19T17:35:39.444] Cog4  INIT $0000_0FA8 $0003_826B jump
[2026-09-19T17:35:41.521] Cog0  BM-START,seq,9,seg,PREFLT,motor,LEFT,life,1,cog_ret,3,cog_ok,TRUE,board,REV_B,board_enum,22,ready,TRUE,ready_ms,0,off_neg,43,off_pos,317,missed,0,illegal,0,zero_x10,86,ph_x10,1_694,why,NONE
[2026-09-19T17:35:42.434] Cog0  BM-PREFLT,seq,10,motor,LEFT,incre,18_375_000,ticks,18,hw_ticks,18,moved,TRUE,why,NONE
[2026-09-19T17:35:42.437] Cog3  INIT $0000_E90E $0003_8E67 load
[2026-09-19T17:35:42.452] Cog4  INIT $0000_0FA8 $0003_8A43 jump
[2026-09-19T17:35:44.525] Cog0  BM-START,seq,11,seg,PREFLT,motor,RIGHT,life,2,cog_ret,3,cog_ok,TRUE,board,REV_B,board_enum,22,ready,TRUE,ready_ms,0,off_neg,43,off_pos,317,missed,0,illegal,0,zero_x10,2,ph_x10,1_595,why,NONE
[2026-09-19T17:35:45.432] Cog0  BM-PREFLT,seq,12,motor,RIGHT,incre,18_375_000,ticks,18,hw_ticks,18,moved,TRUE,why,NONE
[2026-09-19T17:35:45.433] Cog0  BM-SEG,seq,13,seg,PREFLT,event,END,attended,FALSE,items,2,faults,0,unrecov,0,ms,6_014,why,NONE
[2026-09-19T17:35:45.443] Cog0  BM-SEG,seq,14,seg,BASELINE,event,BEGIN,attended,FALSE,items,0,faults,0,unrecov,0,ms,0,why,NONE
[2026-09-19T17:35:45.444] Cog3  INIT $0000_E90E $0003_868F load
[2026-09-19T17:35:45.459] Cog4  INIT $0000_0FA8 $0003_826B jump
[2026-09-19T17:35:47.537] Cog0  BM-START,seq,15,seg,BASELINE,motor,LEFT,life,3,cog_ret,3,cog_ok,TRUE,board,REV_B,board_enum,22,ready,TRUE,ready_ms,1,off_neg,43,off_pos,317,missed,0,illegal,0,zero_x10,81,ph_x10,1_652,why,NONE
[2026-09-19T17:35:50.906] Cog0  BM-TRACE,seq,16,tid,1,seg,BASELINE,life,3,motor,LEFT,cause,STOPCMD,incre,-73_500_000,off_neg,43,off_pos,317,req_mode,FLOAT,ramp_inc,22,period_us,2_000,decim,1,pre,50,why,NONE
[2026-09-19T17:35:50.970] Cog0  BM-TS,seq,17,tid,1,k,0,lt,FALSE,pos,0,hw,0,i,962,ph,2_538,d,18_756,e,-37,st,AT_SPEED,flt,FALSE,up,TRUE,ig,0,o_pos,0,o_hw,0,o_i,NA,o_up,FALSE,why,NO_COG
[2026-09-19T17:35:50.972] Cog0  BM-TS,seq,18,tid,1,k,1,lt,FALSE,pos,0,hw,0,i,946,ph,2_798,d,18_731,e,-54,st,AT_SPEED,flt,FALSE,up,TRUE,ig,0,o_pos,0,o_hw,0,o_i,NA,o_up,FALSE,why,NO_COG
[2026-09-19T17:35:50.974] Cog0  BM-TS,seq,19,tid,1,k,2,lt,FALSE,pos,-1,hw,-1,i,947,ph,2_403,d,18_777,e,-29,st,AT_SPEED,flt,FALSE,up,TRUE,ig,0,o_pos,0,o_hw,0,o_i,NA,o_up,FALSE,why,NO_COG
[2026-09-19T17:35:50.976] Cog0  BM-TS,seq,20,tid,1,k,3,lt,FALSE,pos,-1,hw,-1,i,901,ph,2_025,d,18_721,e,-47,st,AT_SPEED,flt,FALSE,up,TRUE,ig,0,o_pos,0,o_hw,0,o_i,NA,o_up,FALSE,why,NO_COG
[2026-09-19T17:35:50.978] Cog0  BM-TS,seq,21,tid,1,k,4,lt,FALSE,pos,-1,hw,-1,i,955,ph,2_154,d,18_749,e,-64,st,AT_SPEED,flt,FALSE,up,TRUE,ig,0,o_pos,0,o_hw,0,o_i,NA,o_up,FALSE,why,NO_COG
[2026-09-19T17:35:50.980] Cog0  BM-TS,seq,22,tid,1,k,5,lt,FALSE,pos,-2,hw,-2,i,973,ph,2_455,d,18_731,e,-39,st,AT_SPEED,flt,FALSE,up,TRUE,ig,0,o_pos,0,o_hw,0,o_i,NA,o_up,FALSE,why,NO_COG
[2026-09-19T17:35:50.982] Cog0  BM-TS,seq,23,tid,1,k,6,lt,FALSE,pos,-2,hw,-2,i,954,ph,2_804,d,18_709,e,-52,st,AT_SPEED,flt,FALSE,up,TRUE,ig,0,o_pos,0,o_hw,0,o_i,NA,o_up,FALSE,why,NO_COG
[2026-09-19T17:35:50.984] Cog0  BM-TS,seq,24,tid,1,k,7,lt,FALSE,pos,-3,hw,-3,i,968,ph,2_419,d,18_784,e,-27,st,AT_SPEED,flt,FALSE,up,TRUE,ig,0,o_pos,0,o_hw,0,o_i,NA,o_up,FALSE,why,NO_COG
[2026-09-19T17:35:50.986] Cog0  BM-TS,seq,25,tid,1,k,8,lt,FALSE,pos,-3,hw,-3,i,908,ph,2_065,d,18_708,e,-45,st,AT_SPEED,flt,FALSE,up,TRUE,ig,0,o_pos,0,o_hw,0,o_i,NA,o_up,FALSE,why,NO_COG
[2026-09-19T17:35:50.987] Cog0  BM-TS,seq,26,tid,1,k,9,lt,FALSE,pos,-3,hw,-3,i,920,ph,2_115,d,18_739,e,-62,st,AT_SPEED,flt,FALSE,up,TRUE,ig,0,o_pos,0,o_hw,0,o_i,NA,o_up,FALSE,why,NO_COG
[2026-09-19T17:35:50.989] Cog0  BM-TS,seq,27,tid,1,k,10,lt,FALSE,pos,-4,hw,-4,i,959,ph,2_529,d,18_751,e,-37,st,AT_SPEED,flt,FALSE,up,TRUE,ig,0,o_pos,0,o_hw,0,o_i,NA,o_up,FALSE,why,NO_COG
[2026-09-19T17:35:50.992] Cog0  BM-TS,seq,28,tid,1,k,11,lt,FALSE,pos,-4,hw,-4,i,967,ph,2_801,d,18_709,e,-50,st,AT_SPEED,flt,FALSE,up,TRUE,ig,0,o_pos,0,o_hw,0,o_i,NA,o_up,FALSE,why,NO_COG
[2026-09-19T17:35:50.993] Cog0  BM-TS,seq,29,tid,1,k,12,lt,FALSE,pos,-5,hw,-5,i,974,ph,2_501,d,18_772,e,-25,st,AT_SPEED,flt,FALSE,up,TRUE,ig,0,o_pos,0,o_hw,0,o_i,NA,o_up,FALSE,why,NO_COG
[2026-09-19T17:35:50.996] Cog0  BM-TS,seq,30,tid,1,k,13,lt,FALSE,pos,-5,hw,-5,i,900,ph,2_143,d,18_699,e,-43,st,AT_SPEED,flt,FALSE,up,TRUE,ig,0,o_pos,0,o_hw,0,o_i,NA,o_up,FALSE,why,NO_COG
[2026-09-19T17:35:50.997] Cog0  BM-TS,seq,31,tid,1,k,14,lt,FALSE,pos,-5,hw,-5,i,923,ph,2_094,d,18_710,e,-60,st,AT_SPEED,flt,FALSE,up,TRUE,ig,0,o_pos,0,o_hw,0,o_i,NA,o_up,FALSE,why,NO_COG
[2026-09-19T17:35:50.999] Cog0  BM-TS,seq,32,tid,1,k,15,lt,FALSE,pos,-6,hw,-6,i,943,ph,2_492,d,18_728,e,-35,st,AT_SPEED,flt,FALSE,up,TRUE,ig,0,o_pos,0,o_hw,0,o_i,NA,o_up,FALSE,why,NO_COG
[2026-09-19T17:35:51.001] Cog0  BM-TS,seq,33,tid,1,k,16,lt,FALSE,pos,-6,hw,-6,i,969,ph,2_842,d,18_689,e,-52,st,AT_SPEED,flt,FALSE,up,TRUE,ig,0,o_pos,0,o_hw,0,o_i,NA,o_up,FALSE,why,NO_COG
[2026-09-19T17:35:51.003] Cog0  BM-TS,seq,34,tid,1,k,17,lt,FALSE,pos,-6,hw,-6,i,970,ph,2_551,d,18_757,e,-66,st,AT_SPEED,flt,FALSE,up,TRUE,ig,0,o_pos,0,o_hw,0,o_i,NA,o_up,FALSE,why,NO_COG
[2026-09-19T17:35:51.005] Cog0  BM-TS,seq,35,tid,1,k,18,lt,FALSE,pos,-7,hw,-7,i,914,ph,2_152,d,18_701,e,-40,st,AT_SPEED,flt,FALSE,up,TRUE,ig,0,o_pos,0,o_hw,0,o_i,NA,o_up,FALSE,why,NO_COG
[2026-09-19T17:35:51.007] Cog0  BM-TS,seq,36,tid,1,k,19,lt,FALSE,pos,-7,hw,-7,i,939,ph,2_019,d,18_710,e,-58,st,AT_SPEED,flt,FALSE,up,TRUE,ig,0,o_pos,0,o_hw,0,o_i,NA,o_up,FALSE,why,NO_COG
[2026-09-19T17:35:51.009] Cog0  BM-TS,seq,37,tid,1,k,20,lt,FALSE,pos,-8,hw,-8,i,927,ph,2_412,d,18_735,e,-33,st,AT_SPEED,flt,FALSE,up,TRUE,ig,0,o_pos,0,o_hw,0,o_i,NA,o_up,FALSE,why,NO_COG
[2026-09-19T17:35:51.011] Cog0  BM-TS,seq,38,tid,1,k,21,lt,FALSE,pos,-8,hw,-8,i,911,ph,2_772,d,18_699,e,-50,st,AT_SPEED,flt,FALSE,up,TRUE,ig,0,o_pos,0,o_hw,0,o_i,NA,o_up,FALSE,why,NO_COG
[2026-09-19T17:35:51.013] Cog0  BM-TS,seq,39,tid,1,k,22,lt,FALSE,pos,-8,hw,-8,i,991,ph,2_582,d,18_747,e,-68,st,AT_SPEED,flt,FALSE,up,TRUE,ig,0,o_pos,0,o_hw,0,o_i,NA,o_up,FALSE,why,NO_COG
[2026-09-19T17:35:51.015] Cog0  BM-TS,seq,40,tid,1,k,23,lt,FALSE,pos,-9,hw,-9,i,955,ph,2_187,d,18_701,e,-38,st,AT_SPEED,flt,FALSE,up,TRUE,ig,0,o_pos,0,o_hw,0,o_i,NA,o_up,FALSE,why,NO_COG
[2026-09-19T17:35:51.017] Cog0  BM-TS,seq,41,tid,1,k,24,lt,FALSE,pos,-9,hw,-9,i,949,ph,1_988,d,18_699,e,-56,st,AT_SPEED,flt,FALSE,up,TRUE,ig,0,o_pos,0,o_hw,0,o_i,NA,o_up,FALSE,why,NO_COG
[2026-09-19T17:35:51.019] Cog0  BM-TS,seq,42,tid,1,k,25,lt,FALSE,pos,-10,hw,-10,i,925,ph,2_386,d,18_743,e,-31,st,AT_SPEED,flt,FALSE,up,TRUE,ig,0,o_pos,0,o_hw,0,o_i,NA,o_up,FALSE,why,NO_COG
[2026-09-19T17:35:51.021] Cog0  BM-TS,seq,43,tid,1,k,26,lt,FALSE,pos,-10,hw,-10,i,889,ph,2_762,d,18_687,e,-48,st,AT_SPEED,flt,FALSE,up,TRUE,ig,0,o_pos,0,o_hw,0,o_i,NA,o_up,FALSE,why,NO_COG
[2026-09-19T17:35:51.023] Cog0  BM-TS,seq,44,tid,1,k,27,lt,FALSE,pos,-10,hw,-10,i,946,ph,2_576,d,18_738,e,-66,st,AT_SPEED,flt,FALSE,up,TRUE,ig,0,o_pos,0,o_hw,0,o_i,NA,o_up,FALSE,why,NO_COG
[2026-09-19T17:35:51.025] Cog0  BM-TS,seq,45,tid,1,k,28,lt,FALSE,pos,-11,hw,-11,i,963,ph,2_272,d,18_690,e,-41,st,AT_SPEED,flt,FALSE,up,TRUE,ig,0,o_pos,0,o_hw,0,o_i,NA,o_up,FALSE,why,NO_COG
[2026-09-19T17:35:51.027] Cog0  BM-TS,seq,46,tid,1,k,29,lt,FALSE,pos,-11,hw,-11,i,938,ph,1_967,d,18_668,e,-54,st,AT_SPEED,flt,FALSE,up,TRUE,ig,0,o_pos,0,o_hw,0,o_i,NA,o_up,FALSE,why,NO_COG
[2026-09-19T17:35:51.029] Cog0  BM-TS,seq,47,tid,1,k,30,lt,FALSE,pos,-12,hw,-12,i,952,ph,2_359,d,18_754,e,-29,st,AT_SPEED,flt,FALSE,up,TRUE,ig,0,o_pos,0,o_hw,0,o_i,NA,o_up,FALSE,why,NO_COG
[2026-09-19T17:35:51.031] Cog0  BM-TS,seq,48,tid,1,k,31,lt,FALSE,pos,-12,hw,-12,i,904,ph,2_721,d,18_701,e,-46,st,AT_SPEED,flt,FALSE,up,TRUE,ig,0,o_pos,0,o_hw,0,o_i,NA,o_up,FALSE,why,NO_COG
[2026-09-19T17:35:51.033] Cog0  BM-TS,seq,49,tid,1,k,32,lt,FALSE,pos,-12,hw,-12,i,923,ph,2_610,d,18_732,e,-64,st,AT_SPEED,flt,FALSE,up,TRUE,ig,0,o_pos,0,o_hw,0,o_i,NA,o_up,FALSE,why,NO_COG
[2026-09-19T17:35:51.035] Cog0  BM-TS,seq,50,tid,1,k,33,lt,FALSE,pos,-13,hw,-13,i,947,ph,2_191,d,18_714,e,-39,st,AT_SPEED,flt,FALSE,up,TRUE,ig,0,o_pos,0,o_hw,0,o_i,NA,o_up,FALSE,why,NO_COG
[2026-09-19T17:35:51.037] Cog0  BM-TS,seq,51,tid,1,k,34,lt,FALSE,pos,-13,hw,-13,i,955,ph,1_932,d,18_695,e,-52,st,AT_SPEED,flt,FALSE,up,TRUE,ig,0,o_pos,0,o_hw,0,o_i,NA,o_up,FALSE,why,NO_COG
[2026-09-19T17:35:51.039] Cog0  BM-TS,seq,52,tid,1,k,35,lt,FALSE,pos,-14,hw,-14,i,968,ph,2_280,d,18_752,e,-27,st,AT_SPEED,flt,FALSE,up,TRUE,ig,0,o_pos,0,o_hw,0,o_i,NA,o_up,FALSE,why,NO_COG
[2026-09-19T17:35:51.041] Cog0  BM-TS,seq,53,tid,1,k,36,lt,FALSE,pos,-14,hw,-14,i,899,ph,2_647,d,18_679,e,-44,st,AT_SPEED,flt,FALSE,up,TRUE,ig,0,o_pos,0,o_hw,0,o_i,NA,o_up,FALSE,why,NO_COG
[2026-09-19T17:35:51.043] Cog0  BM-TS,seq,54,tid,1,k,37,lt,FALSE,pos,-14,hw,-14,i,917,ph,2_628,d,18_713,e,-62,st,AT_SPEED,flt,FALSE,up,TRUE,ig,0,o_pos,0,o_hw,0,o_i,NA,o_up,FALSE,why,NO_COG
[2026-09-19T17:35:51.045] Cog0  BM-TS,seq,55,tid,1,k,38,lt,FALSE,pos,-15,hw,-15,i,929,ph,2_222,d,18_721,e,-36,st,AT_SPEED,flt,FALSE,up,TRUE,ig,0,o_pos,0,o_hw,0,o_i,NA,o_up,FALSE,why,NO_COG
[2026-09-19T17:35:51.047] Cog0  BM-TS,seq,56,tid,1,k,39,lt,FALSE,pos,-15,hw,-15,i,964,ph,1_944,d,18_682,e,-54,st,AT_SPEED,flt,FALSE,up,TRUE,ig,0,o_pos,0,o_hw,0,o_i,NA,o_up,FALSE,why,NO_COG
[2026-09-19T17:35:51.049] Cog0  BM-TS,seq,57,tid,1,k,40,lt,FALSE,pos,-15,hw,-15,i,986,ph,2_253,d,18_750,e,-67,st,AT_SPEED,flt,FALSE,up,TRUE,ig,0,o_pos,0,o_hw,0,o_i,NA,o_up,FALSE,why,NO_COG
[2026-09-19T17:35:51.051] Cog0  BM-TS,seq,58,tid,1,k,41,lt,FALSE,pos,-16,hw,-16,i,916,ph,2_632,d,18_694,e,-42,st,AT_SPEED,flt,FALSE,up,TRUE,ig,0,o_pos,0,o_hw,0,o_i,NA,o_up,FALSE,why,NO_COG
[2026-09-19T17:35:51.053] Cog0  BM-TS,seq,59,tid,1,k,42,lt,FALSE,pos,-16,hw,-16,i,929,ph,2_708,d,18_708,e,-59,st,AT_SPEED,flt,FALSE,up,TRUE,ig,0,o_pos,0,o_hw,0,o_i,NA,o_up,FALSE,why,NO_COG
[2026-09-19T17:35:51.055] Cog0  BM-TS,seq,60,tid,1,k,43,lt,FALSE,pos,-17,hw,-17,i,912,ph,2_294,d,18_728,e,-34,st,AT_SPEED,flt,FALSE,up,TRUE,ig,0,o_pos,0,o_hw,0,o_i,NA,o_up,FALSE,why,NO_COG
[2026-09-19T17:35:51.056] Cog0  BM-TS,seq,61,tid,1,k,44,lt,FALSE,pos,-17,hw,-17,i,913,ph,1_949,d,18_692,e,-52,st,AT_SPEED,flt,FALSE,up,TRUE,ig,0,o_pos,0,o_hw,0,o_i,NA,o_up,FALSE,why,NO_COG
[2026-09-19T17:35:51.059] Cog0  BM-TS,seq,62,tid,1,k,45,lt,FALSE,pos,-17,hw,-17,i,994,ph,2_210,d,18_740,e,-69,st,AT_SPEED,flt,FALSE,up,TRUE,ig,0,o_pos,0,o_hw,0,o_i,NA,o_up,FALSE,why,NO_COG
[2026-09-19T17:35:51.061] Cog0  BM-TS,seq,63,tid,1,k,46,lt,FALSE,pos,-18,hw,-18,i,943,ph,2_593,d,18_692,e,-40,st,AT_SPEED,flt,FALSE,up,TRUE,ig,0,o_pos,0,o_hw,0,o_i,NA,o_up,FALSE,why,NO_COG
[2026-09-19T17:35:51.063] Cog0  BM-TS,seq,64,tid,1,k,47,lt,FALSE,pos,-18,hw,-18,i,944,ph,2_737,d,18_707,e,-57,st,AT_SPEED,flt,FALSE,up,TRUE,ig,0,o_pos,0,o_hw,0,o_i,NA,o_up,FALSE,why,NO_COG
[2026-09-19T17:35:51.065] Cog0  BM-TS,seq,65,tid,1,k,48,lt,FALSE,pos,-19,hw,-19,i,927,ph,2_322,d,18_750,e,-32,st,AT_SPEED,flt,FALSE,up,TRUE,ig,0,o_pos,0,o_hw,0,o_i,NA,o_up,FALSE,why,NO_COG
[2026-09-19T17:35:51.067] Cog0  BM-TS,seq,66,tid,1,k,49,lt,FALSE,pos,-19,hw,-19,i,908,ph,1_968,d,18_694,e,-50,st,AT_SPEED,flt,FALSE,up,TRUE,ig,0,o_pos,0,o_hw,0,o_i,NA,o_up,FALSE,why,NO_COG
[2026-09-19T17:35:51.069] Cog0  BM-TS,seq,67,tid,1,k,50,lt,FALSE,pos,-19,hw,-19,i,945,ph,2_215,d,18_727,e,-67,st,SPIN_DN,flt,FALSE,up,TRUE,ig,0,o_pos,0,o_hw,0,o_i,NA,o_up,FALSE,why,NO_COG
[2026-09-19T17:35:51.071] Cog0  BM-TS,seq,68,tid,1,k,51,lt,FALSE,pos,-20,hw,-20,i,943,ph,2_518,d,18_609,e,-42,st,SPIN_DN,flt,FALSE,up,TRUE,ig,0,o_pos,0,o_hw,0,o_i,NA,o_up,FALSE,why,NO_COG
[2026-09-19T17:35:51.073] Cog0  BM-TS,seq,69,tid,1,k,52,lt,FALSE,pos,-20,hw,-20,i,935,ph,2_757,d,18_570,e,-55,st,SPIN_DN,flt,FALSE,up,TRUE,ig,0,o_pos,0,o_hw,0,o_i,NA,o_up,FALSE,why,NO_COG
[2026-09-19T17:35:51.075] Cog0  BM-TS,seq,70,tid,1,k,53,lt,FALSE,pos,-21,hw,-21,i,929,ph,2_362,d,18_504,e,-30,st,SPIN_DN,flt,FALSE,up,TRUE,ig,0,o_pos,0,o_hw,0,o_i,NA,o_up,FALSE,why,NO_COG
[2026-09-19T17:35:51.077] Cog0  BM-TS,seq,71,tid,1,k,54,lt,FALSE,pos,-21,hw,-21,i,878,ph,2_020,d,18_401,e,-47,st,SPIN_DN,flt,FALSE,up,TRUE,ig,0,o_pos,0,o_hw,0,o_i,NA,o_up,FALSE,why,NO_COG
[2026-09-19T17:35:51.077] Cog0  BM-TS,seq,72,tid,1,k,55,lt,FALSE,pos,-21,hw,-21,i,882,ph,2_178,d,18_349,e,-65,st,SPIN_DN,flt,FALSE,up,TRUE,ig,0,o_pos,0,o_hw,0,o_i,NA,o_up,FALSE,why,NO_COG
[2026-09-19T17:35:51.081] Cog0  BM-TS,seq,73,tid,1,k,56,lt,FALSE,pos,-22,hw,-22,i,895,ph,2_579,d,18_249,e,-39,st,SPIN_DN,flt,FALSE,up,TRUE,ig,0,o_pos,0,o_hw,0,o_i,NA,o_up,FALSE,why,NO_COG
[2026-09-19T17:35:51.083] Cog0  BM-TS,seq,74,tid,1,k,57,lt,FALSE,pos,-22,hw,-22,i,912,ph,2_824,d,18_191,e,-52,st,SPIN_DN,flt,FALSE,up,TRUE,ig,0,o_pos,0,o_hw,0,o_i,NA,o_up,FALSE,why,NO_COG
[2026-09-19T17:35:51.084] Cog0  BM-TS,seq,75,tid,1,k,58,lt,FALSE,pos,-23,hw,-23,i,909,ph,2_465,d,18_129,e,-27,st,SPIN_DN,flt,FALSE,up,TRUE,ig,0,o_pos,0,o_hw,0,o_i,NA,o_up,FALSE,why,NO_COG
[2026-09-19T17:35:51.087] Cog0  BM-TS,seq,76,tid,1,k,59,lt,FALSE,pos,-23,hw,-23,i,829,ph,2_129,d,18_007,e,-44,st,SPIN_DN,flt,FALSE,up,TRUE,ig,0,o_pos,0,o_hw,0,o_i,NA,o_up,FALSE,why,NO_COG
[2026-09-19T17:35:51.089] Cog0  BM-TS,seq,77,tid,1,k,60,lt,FALSE,pos,-23,hw,-23,i,834,ph,2_133,d,17_955,e,-61,st,SPIN_DN,flt,FALSE,up,TRUE,ig,0,o_pos,0,o_hw,0,o_i,NA,o_up,FALSE,why,NO_COG
[2026-09-19T17:35:51.091] Cog0  BM-TS,seq,78,tid,1,k,61,lt,FALSE,pos,-24,hw,-24,i,852,ph,2_503,d,17_871,e,-35,st,SPIN_DN,flt,FALSE,up,TRUE,ig,0,o_pos,0,o_hw,0,o_i,NA,o_up,FALSE,why,NO_COG
[2026-09-19T17:35:51.093] Cog0  BM-TS,seq,79,tid,1,k,62,lt,FALSE,pos,-24,hw,-24,i,868,ph,2_815,d,17_781,e,-52,st,SPIN_DN,flt,FALSE,up,TRUE,ig,0,o_pos,0,o_hw,0,o_i,NA,o_up,FALSE,why,NO_COG
[2026-09-19T17:35:51.095] Cog0  BM-TS,seq,80,tid,1,k,63,lt,FALSE,pos,-24,hw,-24,i,860,ph,2_570,d,17_742,e,-65,st,SPIN_DN,flt,FALSE,up,TRUE,ig,0,o_pos,0,o_hw,0,o_i,NA,o_up,FALSE,why,NO_COG
[2026-09-19T17:35:51.097] Cog0  BM-TS,seq,81,tid,1,k,64,lt,FALSE,pos,-25,hw,-25,i,814,ph,2_201,d,17_625,e,-39,st,SPIN_DN,flt,FALSE,up,TRUE,ig,0,o_pos,0,o_hw,0,o_i,NA,o_up,FALSE,why,NO_COG
[2026-09-19T17:35:51.099] Cog0  BM-TS,seq,82,tid,1,k,65,lt,FALSE,pos,-25,hw,-25,i,808,ph,2_007,d,17_568,e,-56,st,SPIN_DN,flt,FALSE,up,TRUE,ig,0,o_pos,0,o_hw,0,o_i,NA,o_up,FALSE,why,NO_COG
[2026-09-19T17:35:51.101] Cog0  BM-TS,seq,83,tid,1,k,66,lt,FALSE,pos,-26,hw,-26,i,810,ph,2_368,d,17_500,e,-30,st,SPIN_DN,flt,FALSE,up,TRUE,ig,0,o_pos,0,o_hw,0,o_i,NA,o_up,FALSE,why,NO_COG
[2026-09-19T17:35:51.103] Cog0  BM-TS,seq,84,tid,1,k,67,lt,FALSE,pos,-26,hw,-26,i,773,ph,2_686,d,17_391,e,-47,st,SPIN_DN,flt,FALSE,up,TRUE,ig,0,o_pos,0,o_hw,0,o_i,NA,o_up,FALSE,why,NO_COG
[2026-09-19T17:35:51.105] Cog0  BM-TS,seq,85,tid,1,k,68,lt,FALSE,pos,-26,hw,-26,i,823,ph,2_655,d,17_339,e,-63,st,SPIN_DN,flt,FALSE,up,TRUE,ig,0,o_pos,0,o_hw,0,o_i,NA,o_up,FALSE,why,NO_COG
[2026-09-19T17:35:51.106] Cog0  BM-TS,seq,86,tid,1,k,69,lt,FALSE,pos,-27,hw,-27,i,802,ph,2_298,d,17_260,e,-33,st,SPIN_DN,flt,FALSE,up,TRUE,ig,0,o_pos,0,o_hw,0,o_i,NA,o_up,FALSE,why,NO_COG
[2026-09-19T17:35:51.109] Cog0  BM-TS,seq,87,tid,1,k,70,lt,FALSE,pos,-27,hw,-27,i,769,ph,1_999,d,17_184,e,-50,st,SPIN_DN,flt,FALSE,up,TRUE,ig,0,o_pos,0,o_hw,0,o_i,NA,o_up,FALSE,why,NO_COG
[2026-09-19T17:35:51.111] Cog0  BM-TS,seq,88,tid,1,k,71,lt,FALSE,pos,-27,hw,-27,i,758,ph,2_228,d,17_132,e,-67,st,SPIN_DN,flt,FALSE,up,TRUE,ig,0,o_pos,0,o_hw,0,o_i,NA,o_up,FALSE,why,NO_COG
[2026-09-19T17:35:51.112] Cog0  BM-TS,seq,89,tid,1,k,72,lt,FALSE,pos,-28,hw,-28,i,725,ph,2_593,d,17_022,e,-40,st,SPIN_DN,flt,FALSE,up,TRUE,ig,0,o_pos,0,o_hw,0,o_i,NA,o_up,FALSE,why,NO_COG
[2026-09-19T17:35:51.115] Cog0  BM-TS,seq,90,tid,1,k,73,lt,FALSE,pos,-28,hw,-28,i,743,ph,2_736,d,16_956,e,-57,st,SPIN_DN,flt,FALSE,up,TRUE,ig,0,o_pos,0,o_hw,0,o_i,NA,o_up,FALSE,why,NO_COG
[2026-09-19T17:35:51.116] Cog0  BM-TS,seq,91,tid,1,k,74,lt,FALSE,pos,-29,hw,-29,i,780,ph,2_471,d,16_897,e,-31,st,SPIN_DN,flt,FALSE,up,TRUE,ig,0,o_pos,0,o_hw,0,o_i,NA,o_up,FALSE,why,NO_COG
[2026-09-19T17:35:51.119] Cog0  BM-TS,seq,92,tid,1,k,75,lt,FALSE,pos,-29,hw,-29,i,720,ph,2_160,d,16_792,e,-43,st,SPIN_DN,flt,FALSE,up,TRUE,ig,0,o_pos,0,o_hw,0,o_i,NA,o_up,FALSE,why,NO_COG
[2026-09-19T17:35:51.121] Cog0  BM-TS,seq,93,tid,1,k,76,lt,FALSE,pos,-29,hw,-29,i,713,ph,2_114,d,16_740,e,-59,st,SPIN_DN,flt,FALSE,up,TRUE,ig,0,o_pos,0,o_hw,0,o_i,NA,o_up,FALSE,why,NO_COG
[2026-09-19T17:35:51.122] Cog0  BM-TS,seq,94,tid,1,k,77,lt,FALSE,pos,-30,hw,-30,i,707,ph,2_461,d,16_664,e,-33,st,SPIN_DN,flt,FALSE,up,TRUE,ig,0,o_pos,0,o_hw,0,o_i,NA,o_up,FALSE,why,NO_COG
[2026-09-19T17:35:51.124] Cog0  BM-TS,seq,95,tid,1,k,78,lt,FALSE,pos,-30,hw,-30,i,670,ph,2_748,d,16_557,e,-49,st,SPIN_DN,flt,FALSE,up,TRUE,ig,0,o_pos,0,o_hw,0,o_i,NA,o_up,FALSE,why,NO_COG
[2026-09-19T17:35:51.126] Cog0  BM-TS,seq,96,tid,1,k,79,lt,FALSE,pos,-30,hw,-30,i,703,ph,2_564,d,16_505,e,-65,st,SPIN_DN,flt,FALSE,up,TRUE,ig,0,o_pos,0,o_hw,0,o_i,NA,o_up,FALSE,why,NO_COG
[2026-09-19T17:35:51.128] Cog0  BM-TS,seq,97,tid,1,k,80,lt,FALSE,pos,-31,hw,-31,i,712,ph,2_299,d,16_421,e,-35,st,SPIN_DN,flt,FALSE,up,TRUE,ig,0,o_pos,0,o_hw,0,o_i,NA,o_up,FALSE,why,NO_COG
[2026-09-19T17:35:51.130] Cog0  BM-TS,seq,98,tid,1,k,81,lt,FALSE,pos,-31,hw,-31,i,671,ph,2_008,d,16_347,e,-51,st,SPIN_DN,flt,FALSE,up,TRUE,ig,0,o_pos,0,o_hw,0,o_i,NA,o_up,FALSE,why,NO_COG
[2026-09-19T17:35:51.132] Cog0  BM-TS,seq,99,tid,1,k,82,lt,FALSE,pos,-31,hw,-31,i,672,ph,2_244,d,16_295,e,-67,st,SPIN_DN,flt,FALSE,up,TRUE,ig,0,o_pos,0,o_hw,0,o_i,NA,o_up,FALSE,why,NO_COG
[2026-09-19T17:35:51.134] Cog0  BM-TS,seq,100,tid,1,k,83,lt,FALSE,pos,-32,hw,-32,i,635,ph,2_557,d,16_178,e,-40,st,SPIN_DN,flt,FALSE,up,TRUE,ig,0,o_pos,0,o_hw,0,o_i,NA,o_up,FALSE,why,NO_COG
[2026-09-19T17:35:51.136] Cog0  BM-TS,seq,101,tid,1,k,84,lt,FALSE,pos,-32,hw,-32,i,629,ph,2_703,d,16_114,e,-56,st,SPIN_DN,flt,FALSE,up,TRUE,ig,0,o_pos,0,o_hw,0,o_i,NA,o_up,FALSE,why,NO_COG
[2026-09-19T17:35:51.138] Cog0  BM-TS,seq,102,tid,1,k,85,lt,FALSE,pos,-32,hw,-32,i,685,ph,2_374,d,16_062,e,-72,st,SPIN_DN,flt,FALSE,up,TRUE,ig,0,o_pos,0,o_hw,0,o_i,NA,o_up,FALSE,why,NO_COG
[2026-09-19T17:35:51.140] Cog0  BM-TS,seq,103,tid,1,k,86,lt,FALSE,pos,-33,hw,-33,i,648,ph,2_168,d,15_971,e,-42,st,SPIN_DN,flt,FALSE,up,TRUE,ig,0,o_pos,0,o_hw,0,o_i,NA,o_up,FALSE,why,NO_COG
[2026-09-19T17:35:51.142] Cog0  BM-TS,seq,104,tid,1,k,87,lt,FALSE,pos,-33,hw,-33,i,619,ph,2_078,d,15_923,e,-57,st,SPIN_DN,flt,FALSE,up,TRUE,ig,0,o_pos,0,o_hw,0,o_i,NA,o_up,FALSE,why,NO_COG
[2026-09-19T17:35:51.144] Cog0  BM-TS,seq,105,tid,1,k,88,lt,FALSE,pos,-34,hw,-34,i,629,ph,2_396,d,15_863,e,-31,st,SPIN_DN,flt,FALSE,up,TRUE,ig,0,o_pos,0,o_hw,0,o_i,NA,o_up,FALSE,why,NO_COG
[2026-09-19T17:35:51.146] Cog0  BM-TS,seq,106,tid,1,k,89,lt,FALSE,pos,-34,hw,-34,i,590,ph,2_681,d,15_762,e,-46,st,SPIN_DN,flt,FALSE,up,TRUE,ig,0,o_pos,0,o_hw,0,o_i,NA,o_up,FALSE,why,NO_COG
[2026-09-19T17:35:51.149] Cog0  BM-TS,seq,107,tid,1,k,90,lt,FALSE,pos,-34,hw,-34,i,605,ph,2_628,d,15_714,e,-62,st,SPIN_DN,flt,FALSE,up,TRUE,ig,0,o_pos,0,o_hw,0,o_i,NA,o_up,FALSE,why,NO_COG
[2026-09-19T17:35:51.150] Cog0  BM-TS,seq,108,tid,1,k,91,lt,FALSE,pos,-35,hw,-35,i,639,ph,2_315,d,15_639,e,-35,st,SPIN_DN,flt,FALSE,up,TRUE,ig,0,o_pos,0,o_hw,0,o_i,NA,o_up,FALSE,why,NO_COG
[2026-09-19T17:35:51.152] Cog0  BM-TS,seq,109,tid,1,k,92,lt,FALSE,pos,-35,hw,-35,i,594,ph,2_117,d,15_560,e,-47,st,SPIN_DN,flt,FALSE,up,TRUE,ig,0,o_pos,0,o_hw,0,o_i,NA,o_up,FALSE,why,NO_COG
[2026-09-19T17:35:51.155] Cog0  BM-TS,seq,110,tid,1,k,93,lt,FALSE,pos,-35,hw,-35,i,596,ph,2_195,d,15_512,e,-62,st,SPIN_DN,flt,FALSE,up,TRUE,ig,0,o_pos,0,o_hw,0,o_i,NA,o_up,FALSE,why,NO_COG
[2026-09-19T17:35:51.156] Cog0  BM-TS,seq,111,tid,1,k,94,lt,FALSE,pos,-36,hw,-36,i,595,ph,2_495,d,15_434,e,-35,st,SPIN_DN,flt,FALSE,up,TRUE,ig,0,o_pos,0,o_hw,0,o_i,NA,o_up,FALSE,why,NO_COG
[2026-09-19T17:35:51.158] Cog0  BM-TS,seq,112,tid,1,k,95,lt,FALSE,pos,-36,hw,-36,i,559,ph,2_748,d,15_355,e,-51,st,SPIN_DN,flt,FALSE,up,TRUE,ig,0,o_pos,0,o_hw,0,o_i,NA,o_up,FALSE,why,NO_COG
[2026-09-19T17:35:51.161] Cog0  BM-TS,seq,113,tid,1,k,96,lt,FALSE,pos,-36,hw,-36,i,573,ph,2_552,d,15_307,e,-66,st,SPIN_DN,flt,FALSE,up,TRUE,ig,0,o_pos,0,o_hw,0,o_i,NA,o_up,FALSE,why,NO_COG
[2026-09-19T17:35:51.162] Cog0  BM-TS,seq,114,tid,1,k,97,lt,FALSE,pos,-37,hw,-37,i,589,ph,2_307,d,15_211,e,-39,st,SPIN_DN,flt,FALSE,up,TRUE,ig,0,o_pos,0,o_hw,0,o_i,NA,o_up,FALSE,why,NO_COG
[2026-09-19T17:35:51.164] Cog0  BM-TS,seq,115,tid,1,k,98,lt,FALSE,pos,-37,hw,-37,i,558,ph,2_046,d,15_154,e,-50,st,SPIN_DN,flt,FALSE,up,TRUE,ig,0,o_pos,0,o_hw,0,o_i,NA,o_up,FALSE,why,NO_COG
[2026-09-19T17:35:51.166] Cog0  BM-TS,seq,116,tid,1,k,99,lt,FALSE,pos,-37,hw,-37,i,556,ph,2_220,d,15_106,e,-66,st,SPIN_DN,flt,FALSE,up,TRUE,ig,0,o_pos,0,o_hw,0,o_i,NA,o_up,FALSE,why,NO_COG
[2026-09-19T17:35:51.168] Cog0  BM-TS,seq,117,tid,1,k,100,lt,FALSE,pos,-38,hw,-38,i,536,ph,2_518,d,15_005,e,-38,st,SPIN_DN,flt,FALSE,up,TRUE,ig,0,o_pos,0,o_hw,0,o_i,NA,o_up,FALSE,why,NO_COG
[2026-09-19T17:35:51.170] Cog0  BM-TS,seq,118,tid,1,k,101,lt,FALSE,pos,-38,hw,-38,i,516,ph,2_731,d,14_947,e,-53,st,SPIN_DN,flt,FALSE,up,TRUE,ig,0,o_pos,0,o_hw,0,o_i,NA,o_up,FALSE,why,NO_COG
[2026-09-19T17:35:51.172] Cog0  BM-TS,seq,119,tid,1,k,102,lt,FALSE,pos,-38,hw,-38,i,548,ph,2_479,d,14_899,e,-69,st,SPIN_DN,flt,FALSE,up,TRUE,ig,0,o_pos,0,o_hw,0,o_i,NA,o_up,FALSE,why,NO_COG
[2026-09-19T17:35:51.174] Cog0  BM-TS,seq,120,tid,1,k,103,lt,FALSE,pos,-39,hw,-39,i,550,ph,2_252,d,14_790,e,-41,st,SPIN_DN,flt,FALSE,up,TRUE,ig,0,o_pos,0,o_hw,0,o_i,NA,o_up,FALSE,why,NO_COG
[2026-09-19T17:35:51.176] Cog0  BM-TS,seq,121,tid,1,k,104,lt,FALSE,pos,-39,hw,-39,i,519,ph,2_025,d,14_732,e,-52,st,SPIN_DN,flt,FALSE,up,TRUE,ig,0,o_pos,0,o_hw,0,o_i,NA,o_up,FALSE,why,NO_COG
[2026-09-19T17:35:51.178] Cog0  BM-TS,seq,122,tid,1,k,105,lt,FALSE,pos,-39,hw,-39,i,516,ph,2_266,d,14_684,e,-67,st,SPIN_DN,flt,FALSE,up,TRUE,ig,0,o_pos,0,o_hw,0,o_i,NA,o_up,FALSE,why,NO_COG
[2026-09-19T17:35:51.180] Cog0  BM-TS,seq,123,tid,1,k,106,lt,FALSE,pos,-40,hw,-40,i,491,ph,2_566,d,14_576,e,-40,st,SPIN_DN,flt,FALSE,up,TRUE,ig,0,o_pos,0,o_hw,0,o_i,NA,o_up,FALSE,why,NO_COG
[2026-09-19T17:35:51.183] Cog0  BM-TS,seq,124,tid,1,k,107,lt,FALSE,pos,-40,hw,-40,i,473,ph,2_744,d,14_517,e,-55,st,SPIN_DN,flt,FALSE,up,TRUE,ig,0,o_pos,0,o_hw,0,o_i,NA,o_up,FALSE,why,NO_COG
[2026-09-19T17:35:51.184] Cog0  BM-TS,seq,125,tid,1,k,108,lt,FALSE,pos,-40,hw,-40,i,519,ph,2_495,d,14_469,e,-69,st,SPIN_DN,flt,FALSE,up,TRUE,ig,0,o_pos,0,o_hw,0,o_i,NA,o_up,FALSE,why,NO_COG
[2026-09-19T17:35:51.187] Cog0  BM-TS,seq,126,tid,1,k,109,lt,FALSE,pos,-41,hw,-41,i,501,ph,2_281,d,14_367,e,-38,st,SPIN_DN,flt,FALSE,up,TRUE,ig,0,o_pos,0,o_hw,0,o_i,NA,o_up,FALSE,why,NO_COG
[2026-09-19T17:35:51.189] Cog0  BM-TS,seq,127,tid,1,k,110,lt,FALSE,pos,-41,hw,-41,i,469,ph,2_058,d,14_319,e,-53,st,SPIN_DN,flt,FALSE,up,TRUE,ig,0,o_pos,0,o_hw,0,o_i,NA,o_up,FALSE,why,NO_COG
[2026-09-19T17:35:51.190] Cog0  BM-TS,seq,128,tid,1,k,111,lt,FALSE,pos,-41,hw,-41,i,480,ph,2_307,d,14_271,e,-67,st,SPIN_DN,flt,FALSE,up,TRUE,ig,0,o_pos,0,o_hw,0,o_i,NA,o_up,FALSE,why,NO_COG
[2026-09-19T17:35:51.193] Cog0  BM-TS,seq,129,tid,1,k,112,lt,FALSE,pos,-42,hw,-42,i,460,ph,2_554,d,14_168,e,-39,st,SPIN_DN,flt,FALSE,up,TRUE,ig,0,o_pos,0,o_hw,0,o_i,NA,o_up,FALSE,why,NO_COG
[2026-09-19T17:35:51.195] Cog0  BM-TS,seq,130,tid,1,k,113,lt,FALSE,pos,-42,hw,-42,i,451,ph,2_733,d,14_108,e,-54,st,SPIN_DN,flt,FALSE,up,TRUE,ig,0,o_pos,0,o_hw,0,o_i,NA,o_up,FALSE,why,NO_COG
[2026-09-19T17:35:51.196] Cog0  BM-TS,seq,131,tid,1,k,114,lt,FALSE,pos,-42,hw,-42,i,485,ph,2_555,d,14_060,e,-69,st,SPIN_DN,flt,FALSE,up,TRUE,ig,0,o_pos,0,o_hw,0,o_i,NA,o_up,FALSE,why,NO_COG
[2026-09-19T17:35:51.199] Cog0  BM-TS,seq,132,tid,1,k,115,lt,FALSE,pos,-43,hw,-43,i,469,ph,2_273,d,13_979,e,-37,st,SPIN_DN,flt,FALSE,up,TRUE,ig,0,o_pos,0,o_hw,0,o_i,NA,o_up,FALSE,why,NO_COG
[2026-09-19T17:35:51.201] Cog0  BM-TS,seq,133,tid,1,k,116,lt,FALSE,pos,-43,hw,-43,i,430,ph,2_059,d,13_909,e,-52,st,SPIN_DN,flt,FALSE,up,TRUE,ig,0,o_pos,0,o_hw,0,o_i,NA,o_up,FALSE,why,NO_COG
[2026-09-19T17:35:51.203] Cog0  BM-TS,seq,134,tid,1,k,117,lt,FALSE,pos,-43,hw,-43,i,430,ph,2_252,d,13_861,e,-66,st,SPIN_DN,flt,FALSE,up,TRUE,ig,0,o_pos,0,o_hw,0,o_i,NA,o_up,FALSE,why,NO_COG
[2026-09-19T17:35:51.205] Cog0  BM-TS,seq,135,tid,1,k,118,lt,FALSE,pos,-44,hw,-44,i,428,ph,2_502,d,13_763,e,-38,st,SPIN_DN,flt,FALSE,up,TRUE,ig,0,o_pos,0,o_hw,0,o_i,NA,o_up,FALSE,why,NO_COG
[2026-09-19T17:35:51.207] Cog0  BM-TS,seq,136,tid,1,k,119,lt,FALSE,pos,-44,hw,-44,i,409,ph,2_717,d,13_681,e,-52,st,SPIN_DN,flt,FALSE,up,TRUE,ig,0,o_pos,0,o_hw,0,o_i,NA,o_up,FALSE,why,NO_COG
[2026-09-19T17:35:51.209] Cog0  BM-TS,seq,137,tid,1,k,120,lt,FALSE,pos,-44,hw,-44,i,439,ph,2_570,d,13_633,e,-66,st,SPIN_DN,flt,FALSE,up,TRUE,ig,0,o_pos,0,o_hw,0,o_i,NA,o_up,FALSE,why,NO_COG
[2026-09-19T17:35:51.211] Cog0  BM-TS,seq,138,tid,1,k,121,lt,FALSE,pos,-45,hw,-45,i,436,ph,2_306,d,13_564,e,-35,st,SPIN_DN,flt,FALSE,up,TRUE,ig,0,o_pos,0,o_hw,0,o_i,NA,o_up,FALSE,why,NO_COG
[2026-09-19T17:35:51.213] Cog0  BM-TS,seq,139,tid,1,k,122,lt,FALSE,pos,-45,hw,-45,i,402,ph,2_104,d,13_493,e,-49,st,SPIN_DN,flt,FALSE,up,TRUE,ig,0,o_pos,0,o_hw,0,o_i,NA,o_up,FALSE,why,NO_COG
[2026-09-19T17:35:51.215] Cog0  BM-TS,seq,140,tid,1,k,123,lt,FALSE,pos,-45,hw,-45,i,397,ph,2_216,d,13_445,e,-63,st,SPIN_DN,flt,FALSE,up,TRUE,ig,0,o_pos,0,o_hw,0,o_i,NA,o_up,FALSE,why,NO_COG
[2026-09-19T17:35:51.217] Cog0  BM-TS,seq,141,tid,1,k,124,lt,FALSE,pos,-46,hw,-46,i,402,ph,2_475,d,13_380,e,-34,st,SPIN_DN,flt,FALSE,up,TRUE,ig,0,o_pos,0,o_hw,0,o_i,NA,o_up,FALSE,why,NO_COG
[2026-09-19T17:35:51.219] Cog0  BM-TS,seq,142,tid,1,k,125,lt,FALSE,pos,-46,hw,-46,i,388,ph,2_680,d,13_297,e,-49,st,SPIN_DN,flt,FALSE,up,TRUE,ig,0,o_pos,0,o_hw,0,o_i,NA,o_up,FALSE,why,NO_COG
[2026-09-19T17:35:51.221] Cog0  BM-TS,seq,143,tid,1,k,126,lt,FALSE,pos,-46,hw,-46,i,397,ph,2_636,d,13_249,e,-63,st,SPIN_DN,flt,FALSE,up,TRUE,ig,0,o_pos,0,o_hw,0,o_i,NA,o_up,FALSE,why,NO_COG
[2026-09-19T17:35:51.223] Cog0  BM-TS,seq,144,tid,1,k,127,lt,FALSE,pos,-47,hw,-47,i,400,ph,2_408,d,13_193,e,-30,st,SPIN_DN,flt,FALSE,up,TRUE,ig,0,o_pos,0,o_hw,0,o_i,NA,o_up,FALSE,why,NO_COG
[2026-09-19T17:35:51.225] Cog0  BM-TS,seq,145,tid,1,k,128,lt,FALSE,pos,-47,hw,-47,i,368,ph,2_204,d,13_077,e,-44,st,SPIN_DN,flt,FALSE,up,TRUE,ig,0,o_pos,0,o_hw,0,o_i,NA,o_up,FALSE,why,NO_COG
[2026-09-19T17:35:51.227] Cog0  BM-TS,seq,146,tid,1,k,129,lt,FALSE,pos,-47,hw,-47,i,358,ph,2_173,d,13_029,e,-58,st,SPIN_DN,flt,FALSE,up,TRUE,ig,0,o_pos,0,o_hw,0,o_i,NA,o_up,FALSE,why,NO_COG
[2026-09-19T17:35:51.229] Cog0  BM-TS,seq,147,tid,1,k,130,lt,FALSE,pos,-47,hw,-47,i,379,ph,2_408,d,12_981,e,-72,st,SPIN_DN,flt,FALSE,up,TRUE,ig,0,o_pos,0,o_hw,0,o_i,NA,o_up,FALSE,why,NO_COG
[2026-09-19T17:35:51.231] Cog0  BM-TS,seq,148,tid,1,k,131,lt,FALSE,pos,-48,hw,-48,i,368,ph,2_604,d,12_861,e,-43,st,SPIN_DN,flt,FALSE,up,TRUE,ig,0,o_pos,0,o_hw,0,o_i,NA,o_up,FALSE,why,NO_COG
[2026-09-19T17:35:51.233] Cog0  BM-TS,seq,149,tid,1,k,132,lt,FALSE,pos,-48,hw,-48,i,362,ph,2_707,d,12_825,e,-54,st,SPIN_DN,flt,FALSE,up,TRUE,ig,0,o_pos,0,o_hw,0,o_i,NA,o_up,FALSE,why,NO_COG
[2026-09-19T17:35:51.235] Cog0  BM-TS,seq,150,tid,1,k,133,lt,FALSE,pos,-48,hw,-48,i,365,ph,2_498,d,12_777,e,-68,st,SPIN_DN,flt,FALSE,up,TRUE,ig,0,o_pos,0,o_hw,0,o_i,NA,o_up,FALSE,why,NO_COG
[2026-09-19T17:35:51.237] Cog0  BM-TS,seq,151,tid,1,k,134,lt,FALSE,pos,-49,hw,-49,i,350,ph,2_272,d,12_668,e,-39,st,SPIN_DN,flt,FALSE,up,TRUE,ig,0,o_pos,0,o_hw,0,o_i,NA,o_up,FALSE,why,NO_COG
[2026-09-19T17:35:51.239] Cog0  BM-TS,seq,152,tid,1,k,135,lt,FALSE,pos,-49,hw,-49,i,328,ph,2_080,d,12_613,e,-52,st,SPIN_DN,flt,FALSE,up,TRUE,ig,0,o_pos,0,o_hw,0,o_i,NA,o_up,FALSE,why,NO_COG
[2026-09-19T17:35:51.241] Cog0  BM-TS,seq,153,tid,1,k,136,lt,FALSE,pos,-49,hw,-49,i,337,ph,2_262,d,12_565,e,-66,st,SPIN_DN,flt,FALSE,up,TRUE,ig,0,o_pos,0,o_hw,0,o_i,NA,o_up,FALSE,why,NO_COG
[2026-09-19T17:35:51.243] Cog0  BM-TS,seq,154,tid,1,k,137,lt,FALSE,pos,-50,hw,-50,i,339,ph,2_488,d,12_483,e,-37,st,SPIN_DN,flt,FALSE,up,TRUE,ig,0,o_pos,0,o_hw,0,o_i,NA,o_up,FALSE,why,NO_COG
[2026-09-19T17:35:51.245] Cog0  BM-TS,seq,155,tid,1,k,138,lt,FALSE,pos,-50,hw,-50,i,319,ph,2_629,d,12_409,e,-47,st,SPIN_DN,flt,FALSE,up,TRUE,ig,0,o_pos,0,o_hw,0,o_i,NA,o_up,FALSE,why,NO_COG
[2026-09-19T17:35:51.247] Cog0  BM-TS,seq,156,tid,1,k,139,lt,FALSE,pos,-50,hw,-50,i,311,ph,2_597,d,12_365,e,-60,st,SPIN_DN,flt,FALSE,up,TRUE,ig,0,o_pos,0,o_hw,0,o_i,NA,o_up,FALSE,why,NO_COG
[2026-09-19T17:35:51.249] Cog0  BM-TS,seq,157,tid,1,k,140,lt,FALSE,pos,-51,hw,-51,i,327,ph,2_367,d,12_317,e,-31,st,SPIN_DN,flt,FALSE,up,TRUE,ig,0,o_pos,0,o_hw,0,o_i,NA,o_up,FALSE,why,NO_COG
[2026-09-19T17:35:51.251] Cog0  BM-TS,seq,158,tid,1,k,141,lt,FALSE,pos,-51,hw,-51,i,308,ph,2_191,d,12_199,e,-44,st,SPIN_DN,flt,FALSE,up,TRUE,ig,0,o_pos,0,o_hw,0,o_i,NA,o_up,FALSE,why,NO_COG
[2026-09-19T17:35:51.253] Cog0  BM-TS,seq,159,tid,1,k,142,lt,FALSE,pos,-51,hw,-51,i,297,ph,2_171,d,12_155,e,-58,st,SPIN_DN,flt,FALSE,up,TRUE,ig,0,o_pos,0,o_hw,0,o_i,NA,o_up,FALSE,why,NO_COG
[2026-09-19T17:35:51.255] Cog0  BM-TS,seq,160,tid,1,k,143,lt,FALSE,pos,-51,hw,-51,i,324,ph,2_318,d,12_111,e,-71,st,SPIN_DN,flt,FALSE,up,TRUE,ig,0,o_pos,0,o_hw,0,o_i,NA,o_up,FALSE,why,NO_COG
[2026-09-19T17:35:51.257] Cog0  BM-TS,seq,161,tid,1,k,144,lt,FALSE,pos,-52,hw,-52,i,307,ph,2_526,d,12_021,e,-38,st,SPIN_DN,flt,FALSE,up,TRUE,ig,0,o_pos,0,o_hw,0,o_i,NA,o_up,FALSE,why,NO_COG
[2026-09-19T17:35:51.259] Cog0  BM-TS,seq,162,tid,1,k,145,lt,FALSE,pos,-52,hw,-52,i,282,ph,2_699,d,11_976,e,-52,st,SPIN_DN,flt,FALSE,up,TRUE,ig,0,o_pos,0,o_hw,0,o_i,NA,o_up,FALSE,why,NO_COG
[2026-09-19T17:35:51.261] Cog0  BM-TS,seq,163,tid,1,k,146,lt,FALSE,pos,-52,hw,-52,i,282,ph,2_549,d,11_932,e,-65,st,SPIN_DN,flt,FALSE,up,TRUE,ig,0,o_pos,0,o_hw,0,o_i,NA,o_up,FALSE,why,NO_COG
[2026-09-19T17:35:51.263] Cog0  BM-TS,seq,164,tid,1,k,147,lt,FALSE,pos,-53,hw,-53,i,285,ph,2_336,d,11_869,e,-35,st,SPIN_DN,flt,FALSE,up,TRUE,ig,0,o_pos,0,o_hw,0,o_i,NA,o_up,FALSE,why,NO_COG
[2026-09-19T17:35:51.265] Cog0  BM-TS,seq,165,tid,1,k,148,lt,FALSE,pos,-53,hw,-53,i,277,ph,2_167,d,11_790,e,-48,st,SPIN_DN,flt,FALSE,up,TRUE,ig,0,o_pos,0,o_hw,0,o_i,NA,o_up,FALSE,why,NO_COG
[2026-09-19T17:35:51.267] Cog0  BM-TS,seq,166,tid,1,k,149,lt,FALSE,pos,-53,hw,-53,i,274,ph,2_197,d,11_746,e,-61,st,SPIN_DN,flt,FALSE,up,TRUE,ig,0,o_pos,0,o_hw,0,o_i,NA,o_up,FALSE,why,NO_COG
[2026-09-19T17:35:51.269] Cog0  BM-TS,seq,167,tid,1,k,150,lt,FALSE,pos,-53,hw,-53,i,290,ph,2_396,d,11_713,e,-71,st,SPIN_DN,flt,FALSE,up,TRUE,ig,0,o_pos,0,o_hw,0,o_i,NA,o_up,FALSE,why,NO_COG
[2026-09-19T17:35:51.271] Cog0  BM-TS,seq,168,tid,1,k,151,lt,FALSE,pos,-54,hw,-54,i,276,ph,2_561,d,11_604,e,-41,st,SPIN_DN,flt,FALSE,up,TRUE,ig,0,o_pos,0,o_hw,0,o_i,NA,o_up,FALSE,why,NO_COG
[2026-09-19T17:35:51.272] Cog0  BM-TS,seq,169,tid,1,k,152,lt,FALSE,pos,-54,hw,-54,i,259,ph,2_681,d,11_554,e,-54,st,SPIN_DN,flt,FALSE,up,TRUE,ig,0,o_pos,0,o_hw,0,o_i,NA,o_up,FALSE,why,NO_COG
[2026-09-19T17:35:51.275] Cog0  BM-TS,seq,170,tid,1,k,153,lt,FALSE,pos,-54,hw,-54,i,260,ph,2_518,d,11_510,e,-67,st,SPIN_DN,flt,FALSE,up,TRUE,ig,0,o_pos,0,o_hw,0,o_i,NA,o_up,FALSE,why,NO_COG
[2026-09-19T17:35:51.277] Cog0  BM-TS,seq,171,tid,1,k,154,lt,FALSE,pos,-55,hw,-55,i,266,ph,2_316,d,11_440,e,-37,st,SPIN_DN,flt,FALSE,up,TRUE,ig,0,o_pos,0,o_hw,0,o_i,NA,o_up,FALSE,why,NO_COG
[2026-09-19T17:35:51.279] Cog0  BM-TS,seq,172,tid,1,k,155,lt,FALSE,pos,-55,hw,-55,i,261,ph,2_182,d,11_356,e,-50,st,SPIN_DN,flt,FALSE,up,TRUE,ig,0,o_pos,0,o_hw,0,o_i,NA,o_up,FALSE,why,NO_COG
[2026-09-19T17:35:51.281] Cog0  BM-TS,seq,173,tid,1,k,156,lt,FALSE,pos,-55,hw,-55,i,247,ph,2_188,d,11_323,e,-59,st,SPIN_DN,flt,FALSE,up,TRUE,ig,0,o_pos,0,o_hw,0,o_i,NA,o_up,FALSE,why,NO_COG
[2026-09-19T17:35:51.283] Cog0  BM-TS,seq,174,tid,1,k,157,lt,FALSE,pos,-55,hw,-55,i,261,ph,2_391,d,11_279,e,-72,st,SPIN_DN,flt,FALSE,up,TRUE,ig,0,o_pos,0,o_hw,0,o_i,NA,o_up,FALSE,why,NO_COG
[2026-09-19T17:35:51.285] Cog0  BM-TS,seq,175,tid,1,k,158,lt,FALSE,pos,-56,hw,-56,i,247,ph,2_551,d,11_179,e,-42,st,SPIN_DN,flt,FALSE,up,TRUE,ig,0,o_pos,0,o_hw,0,o_i,NA,o_up,FALSE,why,NO_COG
[2026-09-19T17:35:51.287] Cog0  BM-TS,seq,176,tid,1,k,159,lt,FALSE,pos,-56,hw,-56,i,230,ph,2_648,d,11_135,e,-54,st,SPIN_DN,flt,FALSE,up,TRUE,ig,0,o_pos,0,o_hw,0,o_i,NA,o_up,FALSE,why,NO_COG
[2026-09-19T17:35:51.289] Cog0  BM-TS,seq,177,tid,1,k,160,lt,FALSE,pos,-56,hw,-56,i,242,ph,2_485,d,11_091,e,-67,st,SPIN_DN,flt,FALSE,up,TRUE,ig,0,o_pos,0,o_hw,0,o_i,NA,o_up,FALSE,why,NO_COG
[2026-09-19T17:35:51.291] Cog0  BM-TS,seq,178,tid,1,k,161,lt,FALSE,pos,-57,hw,-57,i,245,ph,2_351,d,11_028,e,-34,st,SPIN_DN,flt,FALSE,up,TRUE,ig,0,o_pos,0,o_hw,0,o_i,NA,o_up,FALSE,why,NO_COG
[2026-09-19T17:35:51.293] Cog0  BM-TS,seq,179,tid,1,k,162,lt,FALSE,pos,-57,hw,-57,i,228,ph,2_192,d,10_940,e,-46,st,SPIN_DN,flt,FALSE,up,TRUE,ig,0,o_pos,0,o_hw,0,o_i,NA,o_up,FALSE,why,NO_COG
[2026-09-19T17:35:51.295] Cog0  BM-TS,seq,180,tid,1,k,163,lt,FALSE,pos,-57,hw,-57,i,217,ph,2_197,d,10_896,e,-58,st,SPIN_DN,flt,FALSE,up,TRUE,ig,0,o_pos,0,o_hw,0,o_i,NA,o_up,FALSE,why,NO_COG
[2026-09-19T17:35:51.297] Cog0  BM-TS,seq,181,tid,1,k,164,lt,FALSE,pos,-57,hw,-57,i,232,ph,2_364,d,10_852,e,-71,st,SPIN_DN,flt,FALSE,up,TRUE,ig,0,o_pos,0,o_hw,0,o_i,NA,o_up,FALSE,why,NO_COG
[2026-09-19T17:35:51.299] Cog0  BM-TS,seq,182,tid,1,k,165,lt,FALSE,pos,-58,hw,-58,i,221,ph,2_549,d,10_752,e,-40,st,SPIN_DN,flt,FALSE,up,TRUE,ig,0,o_pos,0,o_hw,0,o_i,NA,o_up,FALSE,why,NO_COG
[2026-09-19T17:35:51.301] Cog0  BM-TS,seq,183,tid,1,k,166,lt,FALSE,pos,-58,hw,-58,i,215,ph,2_683,d,10_692,e,-53,st,SPIN_DN,flt,FALSE,up,TRUE,ig,0,o_pos,0,o_hw,0,o_i,NA,o_up,FALSE,why,NO_COG
[2026-09-19T17:35:51.303] Cog0  BM-TS,seq,184,tid,1,k,167,lt,FALSE,pos,-58,hw,-58,i,210,ph,2_576,d,10_659,e,-62,st,SPIN_DN,flt,FALSE,up,TRUE,ig,0,o_pos,0,o_hw,0,o_i,NA,o_up,FALSE,why,NO_COG
[2026-09-19T17:35:51.305] Cog0  BM-TS,seq,185,tid,1,k,168,lt,FALSE,pos,-59,hw,-59,i,218,ph,2_398,d,10_605,e,-31,st,SPIN_DN,flt,FALSE,up,TRUE,ig,0,o_pos,0,o_hw,0,o_i,NA,o_up,FALSE,why,NO_COG
[2026-09-19T17:35:51.308] Cog0  BM-TS,seq,186,tid,1,k,169,lt,FALSE,pos,-59,hw,-59,i,203,ph,2_251,d,10_490,e,-43,st,SPIN_DN,flt,FALSE,up,TRUE,ig,0,o_pos,0,o_hw,0,o_i,NA,o_up,FALSE,why,NO_COG
[2026-09-19T17:35:51.309] Cog0  BM-TS,seq,187,tid,1,k,170,lt,FALSE,pos,-59,hw,-59,i,188,ph,2_186,d,10_446,e,-55,st,SPIN_DN,flt,FALSE,up,TRUE,ig,0,o_pos,0,o_hw,0,o_i,NA,o_up,FALSE,why,NO_COG
[2026-09-19T17:35:51.312] Cog0  BM-TS,seq,188,tid,1,k,171,lt,FALSE,pos,-59,hw,-59,i,200,ph,2_332,d,10_402,e,-67,st,SPIN_DN,flt,FALSE,up,TRUE,ig,0,o_pos,0,o_hw,0,o_i,NA,o_up,FALSE,why,NO_COG
[2026-09-19T17:35:51.313] Cog0  BM-TS,seq,189,tid,1,k,172,lt,FALSE,pos,-60,hw,-60,i,204,ph,2_466,d,10_335,e,-37,st,SPIN_DN,flt,FALSE,up,TRUE,ig,0,o_pos,0,o_hw,0,o_i,NA,o_up,FALSE,why,NO_COG
[2026-09-19T17:35:51.315] Cog0  BM-TS,seq,190,tid,1,k,173,lt,FALSE,pos,-60,hw,-60,i,188,ph,2_594,d,10_259,e,-46,st,SPIN_DN,flt,FALSE,up,TRUE,ig,0,o_pos,0,o_hw,0,o_i,NA,o_up,FALSE,why,NO_COG
[2026-09-19T17:35:51.317] Cog0  BM-TS,seq,191,tid,1,k,174,lt,FALSE,pos,-60,hw,-60,i,177,ph,2_624,d,10_215,e,-58,st,SPIN_DN,flt,FALSE,up,TRUE,ig,0,o_pos,0,o_hw,0,o_i,NA,o_up,FALSE,why,NO_COG
[2026-09-19T17:35:51.320] Cog0  BM-TS,seq,192,tid,1,k,175,lt,FALSE,pos,-60,hw,-60,i,191,ph,2_470,d,10_171,e,-69,st,SPIN_DN,flt,FALSE,up,TRUE,ig,0,o_pos,0,o_hw,0,o_i,NA,o_up,FALSE,why,NO_COG
[2026-09-19T17:35:51.321] Cog0  BM-TS,seq,193,tid,1,k,176,lt,FALSE,pos,-61,hw,-61,i,183,ph,2_301,d,10_088,e,-39,st,SPIN_DN,flt,FALSE,up,TRUE,ig,0,o_pos,0,o_hw,0,o_i,NA,o_up,FALSE,why,NO_COG
[2026-09-19T17:35:51.324] Cog0  BM-TS,seq,194,tid,1,k,177,lt,FALSE,pos,-61,hw,-61,i,174,ph,2_168,d,10_008,e,-50,st,SPIN_DN,flt,FALSE,up,TRUE,ig,0,o_pos,0,o_hw,0,o_i,NA,o_up,FALSE,why,NO_COG
[2026-09-19T17:35:51.325] Cog0  BM-TS,seq,195,tid,1,k,178,lt,FALSE,pos,-61,hw,-61,i,173,ph,2_213,d,9_964,e,-62,st,SPIN_DN,flt,FALSE,up,TRUE,ig,0,o_pos,0,o_hw,0,o_i,NA,o_up,FALSE,why,NO_COG
[2026-09-19T17:35:51.328] Cog0  BM-TS,seq,196,tid,1,k,179,lt,FALSE,pos,-61,hw,-61,i,183,ph,2_367,d,9_931,e,-71,st,SPIN_DN,flt,FALSE,up,TRUE,ig,0,o_pos,0,o_hw,0,o_i,NA,o_up,FALSE,why,NO_COG
[2026-09-19T17:35:51.329] Cog0  BM-TS,seq,197,tid,1,k,180,lt,FALSE,pos,-62,hw,-62,i,168,ph,2_512,d,9_830,e,-40,st,SPIN_DN,flt,FALSE,up,TRUE,ig,0,o_pos,0,o_hw,0,o_i,NA,o_up,FALSE,why,NO_COG
[2026-09-19T17:35:51.332] Cog0  BM-TS,seq,198,tid,1,k,181,lt,FALSE,pos,-62,hw,-62,i,156,ph,2_619,d,9_779,e,-51,st,SPIN_DN,flt,FALSE,up,TRUE,ig,0,o_pos,0,o_hw,0,o_i,NA,o_up,FALSE,why,NO_COG
[2026-09-19T17:35:51.333] Cog0  BM-TS,seq,199,tid,1,k,182,lt,FALSE,pos,-62,hw,-62,i,157,ph,2_549,d,9_735,e,-63,st,SPIN_DN,flt,FALSE,up,TRUE,ig,0,o_pos,0,o_hw,0,o_i,NA,o_up,FALSE,why,NO_COG
[2026-09-19T17:35:51.335] Cog0  BM-TS,seq,200,tid,1,k,183,lt,FALSE,pos,-62,hw,-62,i,174,ph,2_385,d,9_691,e,-74,st,SPIN_DN,flt,FALSE,up,TRUE,ig,0,o_pos,0,o_hw,0,o_i,NA,o_up,FALSE,why,NO_COG
[2026-09-19T17:35:51.338] Cog0  BM-TS,seq,201,tid,1,k,184,lt,FALSE,pos,-63,hw,-63,i,164,ph,2_292,d,9_593,e,-40,st,SPIN_DN,flt,FALSE,up,TRUE,ig,0,o_pos,0,o_hw,0,o_i,NA,o_up,FALSE,why,NO_COG
[2026-09-19T17:35:51.339] Cog0  BM-TS,seq,202,tid,1,k,185,lt,FALSE,pos,-63,hw,-63,i,146,ph,2_168,d,9_549,e,-51,st,SPIN_DN,flt,FALSE,up,TRUE,ig,0,o_pos,0,o_hw,0,o_i,NA,o_up,FALSE,why,NO_COG
[2026-09-19T17:35:51.341] Cog0  BM-TS,seq,203,tid,1,k,186,lt,FALSE,pos,-63,hw,-63,i,141,ph,2_274,d,9_505,e,-63,st,SPIN_DN,flt,FALSE,up,TRUE,ig,0,o_pos,0,o_hw,0,o_i,NA,o_up,FALSE,why,NO_COG
[2026-09-19T17:35:51.343] Cog0  BM-TS,seq,204,tid,1,k,187,lt,FALSE,pos,-63,hw,-63,i,149,ph,2_422,d,9_461,e,-74,st,SPIN_DN,flt,FALSE,up,TRUE,ig,0,o_pos,0,o_hw,0,o_i,NA,o_up,FALSE,why,NO_COG
[2026-09-19T17:35:51.345] Cog0  BM-TS,seq,205,tid,1,k,188,lt,FALSE,pos,-64,hw,-64,i,143,ph,2_559,d,9_366,e,-43,st,SPIN_DN,flt,FALSE,up,TRUE,ig,0,o_pos,0,o_hw,0,o_i,NA,o_up,FALSE,why,NO_COG
[2026-09-19T17:35:51.347] Cog0  BM-TS,seq,206,tid,1,k,189,lt,FALSE,pos,-64,hw,-64,i,141,ph,2_639,d,9_326,e,-54,st,SPIN_DN,flt,FALSE,up,TRUE,ig,0,o_pos,0,o_hw,0,o_i,NA,o_up,FALSE,why,NO_COG
[2026-09-19T17:35:51.349] Cog0  BM-TS,seq,207,tid,1,k,190,lt,FALSE,pos,-64,hw,-64,i,140,ph,2_557,d,9_296,e,-62,st,SPIN_DN,flt,FALSE,up,TRUE,ig,0,o_pos,0,o_hw,0,o_i,NA,o_up,FALSE,why,NO_COG
[2026-09-19T17:35:51.351] Cog0  BM-TS,seq,208,tid,1,k,191,lt,FALSE,pos,-64,hw,-64,i,146,ph,2_405,d,9_256,e,-73,st,SPIN_DN,flt,FALSE,up,TRUE,ig,0,o_pos,0,o_hw,0,o_i,NA,o_up,FALSE,why,NO_COG
[2026-09-19T17:35:51.354] Cog0  BM-TS,seq,209,tid,1,k,192,lt,FALSE,pos,-65,hw,-65,i,132,ph,2_290,d,9_166,e,-42,st,SPIN_DN,flt,FALSE,up,TRUE,ig,0,o_pos,0,o_hw,0,o_i,NA,o_up,FALSE,why,NO_COG
[2026-09-19T17:35:51.355] Cog0  BM-TS,seq,210,tid,1,k,193,lt,FALSE,pos,-65,hw,-65,i,127,ph,2_190,d,9_126,e,-53,st,SPIN_DN,flt,FALSE,up,TRUE,ig,0,o_pos,0,o_hw,0,o_i,NA,o_up,FALSE,why,NO_COG
[2026-09-19T17:35:51.357] Cog0  BM-TS,seq,211,tid,1,k,194,lt,FALSE,pos,-65,hw,-65,i,130,ph,2_291,d,9_086,e,-64,st,SPIN_DN,flt,FALSE,up,TRUE,ig,0,o_pos,0,o_hw,0,o_i,NA,o_up,FALSE,why,NO_COG
[2026-09-19T17:35:51.360] Cog0  BM-TS,seq,212,tid,1,k,195,lt,FALSE,pos,-65,hw,-65,i,145,ph,2_408,d,9_046,e,-75,st,SPIN_DN,flt,FALSE,up,TRUE,ig,0,o_pos,0,o_hw,0,o_i,NA,o_up,FALSE,why,NO_COG
[2026-09-19T17:35:51.361] Cog0  BM-TS,seq,213,tid,1,k,196,lt,FALSE,pos,-66,hw,-66,i,133,ph,2_530,d,8_956,e,-40,st,SPIN_DN,flt,FALSE,up,TRUE,ig,0,o_pos,0,o_hw,0,o_i,NA,o_up,FALSE,why,NO_COG
[2026-09-19T17:35:51.364] Cog0  BM-TS,seq,214,tid,1,k,197,lt,FALSE,pos,-66,hw,-66,i,121,ph,2_618,d,8_914,e,-51,st,SPIN_DN,flt,FALSE,up,TRUE,ig,0,o_pos,0,o_hw,0,o_i,NA,o_up,FALSE,why,NO_COG
[2026-09-19T17:35:51.366] Cog0  BM-TS,seq,215,tid,1,k,198,lt,FALSE,pos,-66,hw,-66,i,117,ph,2_558,d,8_874,e,-62,st,SPIN_DN,flt,FALSE,up,TRUE,ig,0,o_pos,0,o_hw,0,o_i,NA,o_up,FALSE,why,NO_COG
[2026-09-19T17:35:51.367] Cog0  BM-TS,seq,216,tid,1,k,199,lt,FALSE,pos,-66,hw,-66,i,124,ph,2_418,d,8_834,e,-72,st,SPIN_DN,flt,FALSE,up,TRUE,ig,0,o_pos,0,o_hw,0,o_i,NA,o_up,FALSE,why,NO_COG
[2026-09-19T17:35:51.370] Cog0  BM-TS,seq,217,tid,1,k,200,lt,FALSE,pos,-67,hw,-67,i,117,ph,2_304,d,8_744,e,-40,st,SPIN_DN,flt,FALSE,up,TRUE,ig,0,o_pos,0,o_hw,0,o_i,NA,o_up,FALSE,why,NO_COG
[2026-09-19T17:35:51.372] Cog0  BM-TS,seq,218,tid,1,k,201,lt,FALSE,pos,-67,hw,-67,i,114,ph,2_218,d,8_687,e,-51,st,SPIN_DN,flt,FALSE,up,TRUE,ig,0,o_pos,0,o_hw,0,o_i,NA,o_up,FALSE,why,NO_COG
[2026-09-19T17:35:51.373] Cog0  BM-TS,seq,219,tid,1,k,202,lt,FALSE,pos,-67,hw,-67,i,113,ph,2_242,d,8_657,e,-59,st,SPIN_DN,flt,FALSE,up,TRUE,ig,0,o_pos,0,o_hw,0,o_i,NA,o_up,FALSE,why,NO_COG
[2026-09-19T17:35:51.376] Cog0  BM-TS,seq,220,tid,1,k,203,lt,FALSE,pos,-67,hw,-67,i,123,ph,2_354,d,8_617,e,-70,st,SPIN_DN,flt,FALSE,up,TRUE,ig,0,o_pos,0,o_hw,0,o_i,NA,o_up,FALSE,why,NO_COG
[2026-09-19T17:35:51.377] Cog0  BM-TS,seq,221,tid,1,k,204,lt,FALSE,pos,-68,hw,-68,i,115,ph,2_480,d,8_546,e,-37,st,SPIN_DN,flt,FALSE,up,TRUE,ig,0,o_pos,0,o_hw,0,o_i,NA,o_up,FALSE,why,NO_COG
[2026-09-19T17:35:51.379] Cog0  BM-TS,seq,222,tid,1,k,205,lt,FALSE,pos,-68,hw,-68,i,102,ph,2_582,d,8_474,e,-48,st,SPIN_DN,flt,FALSE,up,TRUE,ig,0,o_pos,0,o_hw,0,o_i,NA,o_up,FALSE,why,NO_COG
[2026-09-19T17:35:51.382] Cog0  BM-TS,seq,223,tid,1,k,206,lt,FALSE,pos,-68,hw,-68,i,100,ph,2_554,d,8_434,e,-58,st,SPIN_DN,flt,FALSE,up,TRUE,ig,0,o_pos,0,o_hw,0,o_i,NA,o_up,FALSE,why,NO_COG
[2026-09-19T17:35:51.383] Cog0  BM-TS,seq,224,tid,1,k,207,lt,FALSE,pos,-68,hw,-68,i,110,ph,2_495,d,8_394,e,-69,st,SPIN_DN,flt,FALSE,up,TRUE,ig,0,o_pos,0,o_hw,0,o_i,NA,o_up,FALSE,why,NO_COG
[2026-09-19T17:35:51.386] Cog0  BM-TS,seq,225,tid,1,k,208,lt,FALSE,pos,-69,hw,-69,i,108,ph,2_365,d,8_361,e,-34,st,SPIN_DN,flt,FALSE,up,TRUE,ig,0,o_pos,0,o_hw,0,o_i,NA,o_up,FALSE,why,NO_COG
[2026-09-19T17:35:51.388] Cog0  BM-TS,seq,226,tid,1,k,209,lt,FALSE,pos,-69,hw,-69,i,97,ph,2_258,d,8_252,e,-44,st,SPIN_DN,flt,FALSE,up,TRUE,ig,0,o_pos,0,o_hw,0,o_i,NA,o_up,FALSE,why,NO_COG
[2026-09-19T17:35:51.389] Cog0  BM-TS,seq,227,tid,1,k,210,lt,FALSE,pos,-69,hw,-69,i,90,ph,2_210,d,8_212,e,-54,st,SPIN_DN,flt,FALSE,up,TRUE,ig,0,o_pos,0,o_hw,0,o_i,NA,o_up,FALSE,why,NO_COG
[2026-09-19T17:35:51.391] Cog0  BM-TS,seq,228,tid,1,k,211,lt,FALSE,pos,-69,hw,-69,i,91,ph,2_306,d,8_172,e,-64,st,SPIN_DN,flt,FALSE,up,TRUE,ig,0,o_pos,0,o_hw,0,o_i,NA,o_up,FALSE,why,NO_COG
[2026-09-19T17:35:51.394] Cog0  BM-TS,seq,229,tid,1,k,212,lt,FALSE,pos,-69,hw,-69,i,102,ph,2_430,d,8_132,e,-75,st,SPIN_DN,flt,FALSE,up,TRUE,ig,0,o_pos,0,o_hw,0,o_i,NA,o_up,FALSE,why,NO_COG
[2026-09-19T17:35:51.395] Cog0  BM-TS,seq,230,tid,1,k,213,lt,FALSE,pos,-70,hw,-70,i,92,ph,2_504,d,8_048,e,-39,st,SPIN_DN,flt,FALSE,up,TRUE,ig,0,o_pos,0,o_hw,0,o_i,NA,o_up,FALSE,why,NO_COG
[2026-09-19T17:35:51.398] Cog0  BM-TS,seq,231,tid,1,k,214,lt,FALSE,pos,-70,hw,-70,i,85,ph,2_601,d,8_008,e,-49,st,SPIN_DN,flt,FALSE,up,TRUE,ig,0,o_pos,0,o_hw,0,o_i,NA,o_up,FALSE,why,NO_COG
[2026-09-19T17:35:51.399] Cog0  BM-TS,seq,232,tid,1,k,215,lt,FALSE,pos,-70,hw,-70,i,80,ph,2_565,d,7_968,e,-60,st,SPIN_DN,flt,FALSE,up,TRUE,ig,0,o_pos,0,o_hw,0,o_i,NA,o_up,FALSE,why,NO_COG
[2026-09-19T17:35:51.401] Cog0  BM-TS,seq,233,tid,1,k,216,lt,FALSE,pos,-70,hw,-70,i,85,ph,2_466,d,7_928,e,-69,st,SPIN_DN,flt,FALSE,up,TRUE,ig,0,o_pos,0,o_hw,0,o_i,NA,o_up,FALSE,why,NO_COG
[2026-09-19T17:35:51.403] Cog0  BM-TS,seq,234,tid,1,k,217,lt,FALSE,pos,-71,hw,-71,i,87,ph,2_349,d,7_878,e,-37,st,SPIN_DN,flt,FALSE,up,TRUE,ig,0,o_pos,0,o_hw,0,o_i,NA,o_up,FALSE,why,NO_COG
[2026-09-19T17:35:51.405] Cog0  BM-TS,seq,235,tid,1,k,218,lt,FALSE,pos,-71,hw,-71,i,83,ph,2_254,d,7_800,e,-47,st,SPIN_DN,flt,FALSE,up,TRUE,ig,0,o_pos,0,o_hw,0,o_i,NA,o_up,FALSE,why,NO_COG
[2026-09-19T17:35:51.407] Cog0  BM-TS,seq,236,tid,1,k,219,lt,FALSE,pos,-71,hw,-71,i,81,ph,2_228,d,7_770,e,-54,st,SPIN_DN,flt,FALSE,up,TRUE,ig,0,o_pos,0,o_hw,0,o_i,NA,o_up,FALSE,why,NO_COG
[2026-09-19T17:35:51.409] Cog0  BM-TS,seq,237,tid,1,k,220,lt,FALSE,pos,-71,hw,-71,i,80,ph,2_307,d,7_730,e,-64,st,SPIN_DN,flt,FALSE,up,TRUE,ig,0,o_pos,0,o_hw,0,o_i,NA,o_up,FALSE,why,NO_COG
[2026-09-19T17:35:51.412] Cog0  BM-TS,seq,238,tid,1,k,221,lt,FALSE,pos,-71,hw,-71,i,83,ph,2_421,d,7_690,e,-73,st,SPIN_DN,flt,FALSE,up,TRUE,ig,0,o_pos,0,o_hw,0,o_i,NA,o_up,FALSE,why,NO_COG
[2026-09-19T17:35:51.413] Cog0  BM-TS,seq,239,tid,1,k,222,lt,FALSE,pos,-72,hw,-72,i,73,ph,2_512,d,7_605,e,-40,st,SPIN_DN,flt,FALSE,up,TRUE,ig,0,o_pos,0,o_hw,0,o_i,NA,o_up,FALSE,why,NO_COG
[2026-09-19T17:35:51.415] Cog0  BM-TS,seq,240,tid,1,k,223,lt,FALSE,pos,-72,hw,-72,i,71,ph,2_598,d,7_552,e,-50,st,SPIN_DN,flt,FALSE,up,TRUE,ig,0,o_pos,0,o_hw,0,o_i,NA,o_up,FALSE,why,NO_COG
[2026-09-19T17:35:51.417] Cog0  BM-TS,seq,241,tid,1,k,224,lt,FALSE,pos,-72,hw,-72,i,72,ph,2_573,d,7_512,e,-60,st,SPIN_DN,flt,FALSE,up,TRUE,ig,0,o_pos,0,o_hw,0,o_i,NA,o_up,FALSE,why,NO_COG
[2026-09-19T17:35:51.419] Cog0  BM-TS,seq,242,tid,1,k,225,lt,FALSE,pos,-72,hw,-72,i,76,ph,2_474,d,7_482,e,-67,st,SPIN_DN,flt,FALSE,up,TRUE,ig,0,o_pos,0,o_hw,0,o_i,NA,o_up,FALSE,why,NO_COG
[2026-09-19T17:35:51.421] Cog0  BM-TS,seq,243,tid,1,k,226,lt,FALSE,pos,-72,hw,-72,i,78,ph,2_374,d,7_442,e,-76,st,SPIN_DN,flt,FALSE,up,TRUE,ig,0,o_pos,0,o_hw,0,o_i,NA,o_up,FALSE,why,NO_COG
[2026-09-19T17:35:51.423] Cog0  BM-TS,seq,244,tid,1,k,227,lt,FALSE,pos,-73,hw,-73,i,64,ph,2_278,d,7_342,e,-43,st,SPIN_DN,flt,FALSE,up,TRUE,ig,0,o_pos,0,o_hw,0,o_i,NA,o_up,FALSE,why,NO_COG
[2026-09-19T17:35:51.425] Cog0  BM-TS,seq,245,tid,1,k,228,lt,FALSE,pos,-73,hw,-73,i,64,ph,2_227,d,7_302,e,-53,st,SPIN_DN,flt,FALSE,up,TRUE,ig,0,o_pos,0,o_hw,0,o_i,NA,o_up,FALSE,why,NO_COG
[2026-09-19T17:35:51.427] Cog0  BM-TS,seq,246,tid,1,k,229,lt,FALSE,pos,-73,hw,-73,i,60,ph,2_282,d,7_262,e,-62,st,SPIN_DN,flt,FALSE,up,TRUE,ig,0,o_pos,0,o_hw,0,o_i,NA,o_up,FALSE,why,NO_COG
[2026-09-19T17:35:51.429] Cog0  BM-TS,seq,247,tid,1,k,230,lt,FALSE,pos,-73,hw,-73,i,71,ph,2_362,d,7_222,e,-71,st,SPIN_DN,flt,FALSE,up,TRUE,ig,0,o_pos,0,o_hw,0,o_i,NA,o_up,FALSE,why,NO_COG
[2026-09-19T17:35:51.431] Cog0  BM-TS,seq,248,tid,1,k,231,lt,FALSE,pos,-73,hw,-73,i,66,ph,2_458,d,7_192,e,-78,st,SPIN_DN,flt,FALSE,up,TRUE,ig,0,o_pos,0,o_hw,0,o_i,NA,o_up,FALSE,why,NO_COG
[2026-09-19T17:35:51.433] Cog0  BM-TS,seq,249,tid,1,k,232,lt,FALSE,pos,-74,hw,-74,i,59,ph,2_536,d,7_107,e,-45,st,SPIN_DN,flt,FALSE,up,TRUE,ig,0,o_pos,0,o_hw,0,o_i,NA,o_up,FALSE,why,NO_COG
[2026-09-19T17:35:51.435] Cog0  BM-TS,seq,250,tid,1,k,233,lt,FALSE,pos,-74,hw,-74,i,58,ph,2_580,d,7_067,e,-54,st,SPIN_DN,flt,FALSE,up,TRUE,ig,0,o_pos,0,o_hw,0,o_i,NA,o_up,FALSE,why,NO_COG
[2026-09-19T17:35:51.437] Cog0  BM-TS,seq,251,tid,1,k,234,lt,FALSE,pos,-74,hw,-74,i,59,ph,2_495,d,7_027,e,-63,st,SPIN_DN,flt,FALSE,up,TRUE,ig,0,o_pos,0,o_hw,0,o_i,NA,o_up,FALSE,why,NO_COG
[2026-09-19T17:35:51.439] Cog0  BM-TS,seq,252,tid,1,k,235,lt,FALSE,pos,-74,hw,-74,i,68,ph,2_425,d,6_987,e,-72,st,SPIN_DN,flt,FALSE,up,TRUE,ig,0,o_pos,0,o_hw,0,o_i,NA,o_up,FALSE,why,NO_COG
[2026-09-19T17:35:51.441] Cog0  BM-TS,seq,253,tid,1,k,236,lt,FALSE,pos,-75,hw,-75,i,59,ph,2_345,d,6_938,e,-36,st,SPIN_DN,flt,FALSE,up,TRUE,ig,0,o_pos,0,o_hw,0,o_i,NA,o_up,FALSE,why,NO_COG
[2026-09-19T17:35:51.443] Cog0  BM-TS,seq,254,tid,1,k,237,lt,FALSE,pos,-75,hw,-75,i,53,ph,2_284,d,6_854,e,-45,st,SPIN_DN,flt,FALSE,up,TRUE,ig,0,o_pos,0,o_hw,0,o_i,NA,o_up,FALSE,why,NO_COG
[2026-09-19T17:35:51.445] Cog0  BM-TS,seq,255,tid,1,k,238,lt,FALSE,pos,-75,hw,-75,i,50,ph,2_242,d,6_814,e,-54,st,SPIN_DN,flt,FALSE,up,TRUE,ig,0,o_pos,0,o_hw,0,o_i,NA,o_up,FALSE,why,NO_COG
[2026-09-19T17:35:51.447] Cog0  BM-TS,seq,256,tid,1,k,239,lt,FALSE,pos,-75,hw,-75,i,51,ph,2_312,d,6_774,e,-63,st,SPIN_DN,flt,FALSE,up,TRUE,ig,0,o_pos,0,o_hw,0,o_i,NA,o_up,FALSE,why,NO_COG
[2026-09-19T17:35:51.449] Cog0  BM-TS,seq,257,tid,1,k,240,lt,FALSE,pos,-75,hw,-75,i,59,ph,2_388,d,6_734,e,-72,st,SPIN_DN,flt,FALSE,up,TRUE,ig,0,o_pos,0,o_hw,0,o_i,NA,o_up,FALSE,why,NO_COG
[2026-09-19T17:35:51.451] Cog0  BM-TS,seq,258,tid,1,k,241,lt,FALSE,pos,-76,hw,-76,i,55,ph,2_478,d,6_688,e,-38,st,SPIN_DN,flt,FALSE,up,TRUE,ig,0,o_pos,0,o_hw,0,o_i,NA,o_up,FALSE,why,NO_COG
[2026-09-19T17:35:51.453] Cog0  BM-TS,seq,259,tid,1,k,242,lt,FALSE,pos,-76,hw,-76,i,50,ph,2_533,d,6_616,e,-45,st,SPIN_DN,flt,FALSE,up,TRUE,ig,0,o_pos,0,o_hw,0,o_i,NA,o_up,FALSE,why,NO_COG
[2026-09-19T17:35:51.455] Cog0  BM-TS,seq,260,tid,1,k,243,lt,FALSE,pos,-76,hw,-76,i,46,ph,2_584,d,6_579,e,-54,st,SPIN_DN,flt,FALSE,up,TRUE,ig,0,o_pos,0,o_hw,0,o_i,NA,o_up,FALSE,why,NO_COG
[2026-09-19T17:35:51.457] Cog0  BM-TS,seq,261,tid,1,k,244,lt,FALSE,pos,-76,hw,-76,i,45,ph,2_520,d,6_543,e,-62,st,SPIN_DN,flt,FALSE,up,TRUE,ig,0,o_pos,0,o_hw,0,o_i,NA,o_up,FALSE,why,NO_COG
[2026-09-19T17:35:51.459] Cog0  BM-TS,seq,262,tid,1,k,245,lt,FALSE,pos,-76,hw,-76,i,46,ph,2_450,d,6_507,e,-71,st,SPIN_DN,flt,FALSE,up,TRUE,ig,0,o_pos,0,o_hw,0,o_i,NA,o_up,FALSE,why,NO_COG
[2026-09-19T17:35:51.461] Cog0  BM-TS,seq,263,tid,1,k,246,lt,FALSE,pos,-77,hw,-77,i,46,ph,2_364,d,6_469,e,-37,st,SPIN_DN,flt,FALSE,up,TRUE,ig,0,o_pos,0,o_hw,0,o_i,NA,o_up,FALSE,why,NO_COG
[2026-09-19T17:35:51.463] Cog0  BM-TS,seq,264,tid,1,k,247,lt,FALSE,pos,-77,hw,-77,i,43,ph,2_319,d,6_372,e,-45,st,SPIN_DN,flt,FALSE,up,TRUE,ig,0,o_pos,0,o_hw,0,o_i,NA,o_up,FALSE,why,NO_COG
[2026-09-19T17:35:51.465] Cog0  BM-TS,seq,265,tid,1,k,248,lt,FALSE,pos,-77,hw,-77,i,41,ph,2_260,d,6_345,e,-52,st,SPIN_DN,flt,FALSE,up,TRUE,ig,0,o_pos,0,o_hw,0,o_i,NA,o_up,FALSE,why,NO_COG
[2026-09-19T17:35:51.467] Cog0  BM-TS,seq,266,tid,1,k,249,lt,FALSE,pos,-77,hw,-77,i,40,ph,2_300,d,6_309,e,-60,st,SPIN_DN,flt,FALSE,up,TRUE,ig,0,o_pos,0,o_hw,0,o_i,NA,o_up,FALSE,why,NO_COG
[2026-09-19T17:35:51.469] Cog0  BM-TS,seq,267,tid,1,k,250,lt,FALSE,pos,-77,hw,-77,i,46,ph,2_366,d,6_273,e,-69,st,SPIN_DN,flt,FALSE,up,TRUE,ig,0,o_pos,0,o_hw,0,o_i,NA,o_up,FALSE,why,NO_COG
[2026-09-19T17:35:51.471] Cog0  BM-TS,seq,268,tid,1,k,251,lt,FALSE,pos,-77,hw,-77,i,46,ph,2_445,d,6_237,e,-77,st,SPIN_DN,flt,FALSE,up,TRUE,ig,0,o_pos,0,o_hw,0,o_i,NA,o_up,FALSE,why,NO_COG
[2026-09-19T17:35:51.473] Cog0  BM-TS,seq,269,tid,1,k,252,lt,FALSE,pos,-78,hw,-78,i,41,ph,2_522,d,6_153,e,-43,st,SPIN_DN,flt,FALSE,up,TRUE,ig,0,o_pos,0,o_hw,0,o_i,NA,o_up,FALSE,why,NO_COG
[2026-09-19T17:35:51.475] Cog0  BM-TS,seq,270,tid,1,k,253,lt,FALSE,pos,-78,hw,-78,i,37,ph,2_546,d,6_117,e,-51,st,SPIN_DN,flt,FALSE,up,TRUE,ig,0,o_pos,0,o_hw,0,o_i,NA,o_up,FALSE,why,NO_COG
[2026-09-19T17:35:51.477] Cog0  BM-TS,seq,271,tid,1,k,254,lt,FALSE,pos,-78,hw,-78,i,38,ph,2_548,d,6_090,e,-57,st,SPIN_DN,flt,FALSE,up,TRUE,ig,0,o_pos,0,o_hw,0,o_i,NA,o_up,FALSE,why,NO_COG
[2026-09-19T17:35:51.479] Cog0  BM-TS,seq,272,tid,1,k,255,lt,FALSE,pos,-78,hw,-78,i,38,ph,2_484,d,6_054,e,-65,st,SPIN_DN,flt,FALSE,up,TRUE,ig,0,o_pos,0,o_hw,0,o_i,NA,o_up,FALSE,why,NO_COG
[2026-09-19T17:35:51.481] Cog0  BM-TS,seq,273,tid,1,k,256,lt,FALSE,pos,-78,hw,-78,i,41,ph,2_424,d,6_018,e,-73,st,SPIN_DN,flt,FALSE,up,TRUE,ig,0,o_pos,0,o_hw,0,o_i,NA,o_up,FALSE,why,NO_COG
[2026-09-19T17:35:51.483] Cog0  BM-TS,seq,274,tid,1,k,257,lt,FALSE,pos,-79,hw,-79,i,40,ph,2_341,d,5_975,e,-39,st,SPIN_DN,flt,FALSE,up,TRUE,ig,0,o_pos,0,o_hw,0,o_i,NA,o_up,FALSE,why,NO_COG
[2026-09-19T17:35:51.484] Cog0  BM-TS,seq,275,tid,1,k,258,lt,FALSE,pos,-79,hw,-79,i,34,ph,2_289,d,5_902,e,-47,st,SPIN_DN,flt,FALSE,up,TRUE,ig,0,o_pos,0,o_hw,0,o_i,NA,o_up,FALSE,why,NO_COG
[2026-09-19T17:35:51.487] Cog0  BM-TS,seq,276,tid,1,k,259,lt,FALSE,pos,-79,hw,-79,i,35,ph,2_258,d,5_875,e,-53,st,SPIN_DN,flt,FALSE,up,TRUE,ig,0,o_pos,0,o_hw,0,o_i,NA,o_up,FALSE,why,NO_COG
[2026-09-19T17:35:51.489] Cog0  BM-TS,seq,277,tid,1,k,260,lt,FALSE,pos,-79,hw,-79,i,34,ph,2_303,d,5_839,e,-61,st,SPIN_DN,flt,FALSE,up,TRUE,ig,0,o_pos,0,o_hw,0,o_i,NA,o_up,FALSE,why,NO_COG
[2026-09-19T17:35:51.491] Cog0  BM-TS,seq,278,tid,1,k,261,lt,FALSE,pos,-79,hw,-79,i,36,ph,2_358,d,5_803,e,-69,st,SPIN_DN,flt,FALSE,up,TRUE,ig,0,o_pos,0,o_hw,0,o_i,NA,o_up,FALSE,why,NO_COG
[2026-09-19T17:35:51.493] Cog0  BM-TS,seq,279,tid,1,k,262,lt,FALSE,pos,-79,hw,-79,i,34,ph,2_423,d,5_767,e,-76,st,SPIN_DN,flt,FALSE,up,TRUE,ig,0,o_pos,0,o_hw,0,o_i,NA,o_up,FALSE,why,NO_COG
[2026-09-19T17:35:51.495] Cog0  BM-TS,seq,280,tid,1,k,263,lt,FALSE,pos,-80,hw,-80,i,34,ph,2_494,d,5_698,e,-42,st,SPIN_DN,flt,FALSE,up,TRUE,ig,0,o_pos,0,o_hw,0,o_i,NA,o_up,FALSE,why,NO_COG
[2026-09-19T17:35:51.497] Cog0  BM-TS,seq,281,tid,1,k,264,lt,FALSE,pos,-80,hw,-80,i,30,ph,2_542,d,5_662,e,-49,st,SPIN_DN,flt,FALSE,up,TRUE,ig,0,o_pos,0,o_hw,0,o_i,NA,o_up,FALSE,why,NO_COG
[2026-09-19T17:35:51.499] Cog0  BM-TS,seq,282,tid,1,k,265,lt,FALSE,pos,-80,hw,-80,i,29,ph,2_542,d,5_635,e,-55,st,SPIN_DN,flt,FALSE,up,TRUE,ig,0,o_pos,0,o_hw,0,o_i,NA,o_up,FALSE,why,NO_COG
[2026-09-19T17:35:51.501] Cog0  BM-TS,seq,283,tid,1,k,266,lt,FALSE,pos,-80,hw,-80,i,28,ph,2_487,d,5_599,e,-63,st,SPIN_DN,flt,FALSE,up,TRUE,ig,0,o_pos,0,o_hw,0,o_i,NA,o_up,FALSE,why,NO_COG
[2026-09-19T17:35:51.503] Cog0  BM-TS,seq,284,tid,1,k,267,lt,FALSE,pos,-80,hw,-80,i,32,ph,2_430,d,5_563,e,-71,st,SPIN_DN,flt,FALSE,up,TRUE,ig,0,o_pos,0,o_hw,0,o_i,NA,o_up,FALSE,why,NO_COG
[2026-09-19T17:35:51.505] Cog0  BM-TS,seq,285,tid,1,k,268,lt,FALSE,pos,-80,hw,-80,i,32,ph,2_383,d,5_527,e,-78,st,SPIN_DN,flt,FALSE,up,TRUE,ig,0,o_pos,0,o_hw,0,o_i,NA,o_up,FALSE,why,NO_COG
[2026-09-19T17:35:51.507] Cog0  BM-TS,seq,286,tid,1,k,269,lt,FALSE,pos,-81,hw,-81,i,26,ph,2_317,d,5_438,e,-43,st,SPIN_DN,flt,FALSE,up,TRUE,ig,0,o_pos,0,o_hw,0,o_i,NA,o_up,FALSE,why,NO_COG
[2026-09-19T17:35:51.509] Cog0  BM-TS,seq,287,tid,1,k,270,lt,FALSE,pos,-81,hw,-81,i,27,ph,2_288,d,5_402,e,-50,st,SPIN_DN,flt,FALSE,up,TRUE,ig,0,o_pos,0,o_hw,0,o_i,NA,o_up,FALSE,why,NO_COG
[2026-09-19T17:35:51.511] Cog0  BM-TS,seq,288,tid,1,k,271,lt,FALSE,pos,-81,hw,-81,i,28,ph,2_292,d,5_375,e,-56,st,SPIN_DN,flt,FALSE,up,TRUE,ig,0,o_pos,0,o_hw,0,o_i,NA,o_up,FALSE,why,NO_COG
[2026-09-19T17:35:51.513] Cog0  BM-TS,seq,289,tid,1,k,272,lt,FALSE,pos,-81,hw,-81,i,27,ph,2_343,d,5_339,e,-63,st,SPIN_DN,flt,FALSE,up,TRUE,ig,0,o_pos,0,o_hw,0,o_i,NA,o_up,FALSE,why,NO_COG
[2026-09-19T17:35:51.515] Cog0  BM-TS,seq,290,tid,1,k,273,lt,FALSE,pos,-81,hw,-81,i,29,ph,2_384,d,5_303,e,-71,st,SPIN_DN,flt,FALSE,up,TRUE,ig,0,o_pos,0,o_hw,0,o_i,NA,o_up,FALSE,why,NO_COG
[2026-09-19T17:35:51.517] Cog0  BM-TS,seq,291,tid,1,k,274,lt,FALSE,pos,-81,hw,-81,i,29,ph,2_450,d,5_267,e,-78,st,SPIN_DN,flt,FALSE,up,TRUE,ig,0,o_pos,0,o_hw,0,o_i,NA,o_up,FALSE,why,NO_COG
[2026-09-19T17:35:51.518] Cog0  BM-TS,seq,292,tid,1,k,275,lt,FALSE,pos,-82,hw,-82,i,25,ph,2_499,d,5_234,e,-43,st,SPIN_DN,flt,FALSE,up,TRUE,ig,0,o_pos,0,o_hw,0,o_i,NA,o_up,FALSE,why,NO_COG
[2026-09-19T17:35:51.521] Cog0  BM-TS,seq,293,tid,1,k,276,lt,FALSE,pos,-82,hw,-82,i,26,ph,2_530,d,5_198,e,-50,st,SPIN_DN,flt,FALSE,up,TRUE,ig,0,o_pos,0,o_hw,0,o_i,NA,o_up,FALSE,why,NO_COG
[2026-09-19T17:35:51.522] Cog0  BM-TS,seq,294,tid,1,k,277,lt,FALSE,pos,-82,hw,-82,i,28,ph,2_542,d,5_171,e,-55,st,SPIN_DN,flt,FALSE,up,TRUE,ig,0,o_pos,0,o_hw,0,o_i,NA,o_up,FALSE,why,NO_COG
[2026-09-19T17:35:51.525] Cog0  BM-TS,seq,295,tid,1,k,278,lt,FALSE,pos,-82,hw,-82,i,25,ph,2_495,d,5_135,e,-62,st,SPIN_DN,flt,FALSE,up,TRUE,ig,0,o_pos,0,o_hw,0,o_i,NA,o_up,FALSE,why,NO_COG
[2026-09-19T17:35:51.527] Cog0  BM-TS,seq,296,tid,1,k,279,lt,FALSE,pos,-82,hw,-82,i,26,ph,2_460,d,5_099,e,-70,st,SPIN_DN,flt,FALSE,up,TRUE,ig,0,o_pos,0,o_hw,0,o_i,NA,o_up,FALSE,why,NO_COG
[2026-09-19T17:35:51.529] Cog0  BM-TS,seq,297,tid,1,k,280,lt,FALSE,pos,-82,hw,-82,i,24,ph,2_400,d,5_063,e,-77,st,SPIN_DN,flt,FALSE,up,TRUE,ig,0,o_pos,0,o_hw,0,o_i,NA,o_up,FALSE,why,NO_COG
[2026-09-19T17:35:51.531] Cog0  BM-TS,seq,298,tid,1,k,281,lt,FALSE,pos,-83,hw,-83,i,22,ph,2_345,d,5_034,e,-41,st,SPIN_DN,flt,FALSE,up,TRUE,ig,0,o_pos,0,o_hw,0,o_i,NA,o_up,FALSE,why,NO_COG
[2026-09-19T17:35:51.533] Cog0  BM-TS,seq,299,tid,1,k,282,lt,FALSE,pos,-83,hw,-83,i,23,ph,2_323,d,4_988,e,-46,st,SPIN_DN,flt,FALSE,up,TRUE,ig,0,o_pos,0,o_hw,0,o_i,NA,o_up,FALSE,why,NO_COG
[2026-09-19T17:35:51.534] Cog0  BM-TS,seq,300,tid,1,k,283,lt,FALSE,pos,-83,hw,-83,i,21,ph,2_291,d,4_952,e,-53,st,SPIN_DN,flt,FALSE,up,TRUE,ig,0,o_pos,0,o_hw,0,o_i,NA,o_up,FALSE,why,NO_COG
[2026-09-19T17:35:51.537] Cog0  BM-TS,seq,301,tid,1,k,284,lt,FALSE,pos,-83,hw,-83,i,21,ph,2_326,d,4_916,e,-60,st,SPIN_DN,flt,FALSE,up,TRUE,ig,0,o_pos,0,o_hw,0,o_i,NA,o_up,FALSE,why,NO_COG
[2026-09-19T17:35:51.538] Cog0  BM-TS,seq,302,tid,1,k,285,lt,FALSE,pos,-83,hw,-83,i,21,ph,2_355,d,4_880,e,-67,st,SPIN_DN,flt,FALSE,up,TRUE,ig,0,o_pos,0,o_hw,0,o_i,NA,o_up,FALSE,why,NO_COG
[2026-09-19T17:35:51.540] Cog0  BM-TS,seq,303,tid,1,k,286,lt,FALSE,pos,-83,hw,-83,i,23,ph,2_405,d,4_844,e,-73,st,SPIN_DN,flt,FALSE,up,TRUE,ig,0,o_pos,0,o_hw,0,o_i,NA,o_up,FALSE,why,NO_COG
[2026-09-19T17:35:51.543] Cog0  BM-TS,seq,304,tid,1,k,287,lt,FALSE,pos,-83,hw,-83,i,21,ph,2_444,d,4_808,e,-80,st,SPIN_DN,flt,FALSE,up,TRUE,ig,0,o_pos,0,o_hw,0,o_i,NA,o_up,FALSE,why,NO_COG
[2026-09-19T17:35:51.545] Cog0  BM-TS,seq,305,tid,1,k,288,lt,FALSE,pos,-84,hw,-84,i,22,ph,2_492,d,4_822,e,-43,st,SPIN_DN,flt,FALSE,up,TRUE,ig,0,o_pos,0,o_hw,0,o_i,NA,o_up,FALSE,why,NO_COG
[2026-09-19T17:35:51.547] Cog0  BM-TS,seq,306,tid,1,k,289,lt,FALSE,pos,-84,hw,-84,i,20,ph,2_513,d,4_786,e,-49,st,SPIN_DN,flt,FALSE,up,TRUE,ig,0,o_pos,0,o_hw,0,o_i,NA,o_up,FALSE,why,NO_COG
[2026-09-19T17:35:51.549] Cog0  BM-TS,seq,307,tid,1,k,290,lt,FALSE,pos,-84,hw,-84,i,21,ph,2_523,d,4_750,e,-56,st,SPIN_DN,flt,FALSE,up,TRUE,ig,0,o_pos,0,o_hw,0,o_i,NA,o_up,FALSE,why,NO_COG
[2026-09-19T17:35:51.551] Cog0  BM-TS,seq,308,tid,1,k,291,lt,FALSE,pos,-84,hw,-84,i,21,ph,2_483,d,4_714,e,-62,st,SPIN_DN,flt,FALSE,up,TRUE,ig,0,o_pos,0,o_hw,0,o_i,NA,o_up,FALSE,why,NO_COG
[2026-09-19T17:35:51.552] Cog0  BM-TS,seq,309,tid,1,k,292,lt,FALSE,pos,-84,hw,-84,i,24,ph,2_450,d,4_678,e,-69,st,SPIN_DN,flt,FALSE,up,TRUE,ig,0,o_pos,0,o_hw,0,o_i,NA,o_up,FALSE,why,NO_COG
[2026-09-19T17:35:51.555] Cog0  BM-TS,seq,310,tid,1,k,293,lt,FALSE,pos,-84,hw,-84,i,23,ph,2_413,d,4_642,e,-75,st,SPIN_DN,flt,FALSE,up,TRUE,ig,0,o_pos,0,o_hw,0,o_i,NA,o_up,FALSE,why,NO_COG
[2026-09-19T17:35:51.556] Cog0  BM-TS,seq,311,tid,1,k,294,lt,FALSE,pos,-84,hw,-84,i,22,ph,2_375,d,4_615,e,-80,st,SPIN_DN,flt,FALSE,up,TRUE,ig,0,o_pos,0,o_hw,0,o_i,NA,o_up,FALSE,why,NO_COG
[2026-09-19T17:35:51.559] Cog0  BM-TS,seq,312,tid,1,k,295,lt,FALSE,pos,-85,hw,-85,i,21,ph,2_333,d,4_579,e,-44,st,SPIN_DN,flt,FALSE,up,TRUE,ig,0,o_pos,0,o_hw,0,o_i,NA,o_up,FALSE,why,NO_COG
[2026-09-19T17:35:51.560] Cog0  BM-TS,seq,313,tid,1,k,296,lt,FALSE,pos,-85,hw,-85,i,20,ph,2_287,d,4_543,e,-50,st,SPIN_DN,flt,FALSE,up,TRUE,ig,0,o_pos,0,o_hw,0,o_i,NA,o_up,FALSE,why,NO_COG
[2026-09-19T17:35:51.562] Cog0  BM-TS,seq,314,tid,1,k,297,lt,FALSE,pos,-85,hw,-85,i,21,ph,2_301,d,4_507,e,-56,st,SPIN_DN,flt,FALSE,up,TRUE,ig,0,o_pos,0,o_hw,0,o_i,NA,o_up,FALSE,why,NO_COG
[2026-09-19T17:35:51.565] Cog0  BM-TS,seq,315,tid,1,k,298,lt,FALSE,pos,-85,hw,-85,i,20,ph,2_328,d,4_471,e,-63,st,SPIN_DN,flt,FALSE,up,TRUE,ig,0,o_pos,0,o_hw,0,o_i,NA,o_up,FALSE,why,NO_COG
[2026-09-19T17:35:51.566] Cog0  BM-TS,seq,316,tid,1,k,299,lt,FALSE,pos,-85,hw,-85,i,23,ph,2_365,d,4_435,e,-69,st,SPIN_DN,flt,FALSE,up,TRUE,ig,0,o_pos,0,o_hw,0,o_i,NA,o_up,FALSE,why,NO_COG
[2026-09-19T17:35:51.569] Cog0  BM-TS,seq,317,tid,1,k,300,lt,FALSE,pos,-85,hw,-85,i,20,ph,2_391,d,4_408,e,-73,st,SPIN_DN,flt,FALSE,up,TRUE,ig,0,o_pos,0,o_hw,0,o_i,NA,o_up,FALSE,why,NO_COG
[2026-09-19T17:35:51.571] Cog0  BM-TS,seq,318,tid,1,k,302,lt,FALSE,pos,-86,hw,-86,i,18,ph,2_466,d,4_312,e,-43,st,SPIN_DN,flt,FALSE,up,TRUE,ig,0,o_pos,0,o_hw,0,o_i,NA,o_up,FALSE,why,NO_COG
[2026-09-19T17:35:51.573] Cog0  BM-TS,seq,319,tid,1,k,310,lt,FALSE,pos,-87,hw,-87,i,19,ph,2_335,d,4_063,e,-45,st,SPIN_DN,flt,FALSE,up,TRUE,ig,0,o_pos,0,o_hw,0,o_i,NA,o_up,FALSE,why,NO_COG
[2026-09-19T17:35:51.576] Cog0  BM-TS,seq,320,tid,1,k,318,lt,FALSE,pos,-88,hw,-88,i,17,ph,2_472,d,3_801,e,-44,st,SPIN_DN,flt,FALSE,up,TRUE,ig,0,o_pos,0,o_hw,0,o_i,NA,o_up,FALSE,why,NO_COG
[2026-09-19T17:35:51.578] Cog0  BM-TS,seq,321,tid,1,k,325,lt,FALSE,pos,-88,hw,-88,i,16,ph,2_400,d,3_558,e,-78,st,SPIN_DN,flt,FALSE,up,TRUE,ig,0,o_pos,0,o_hw,0,o_i,NA,o_up,FALSE,why,NO_COG
[2026-09-19T17:35:51.580] Cog0  BM-TS,seq,322,tid,1,k,326,lt,FALSE,pos,-89,hw,-89,i,16,ph,2_377,d,3_527,e,-40,st,SPIN_DN,flt,FALSE,up,TRUE,ig,0,o_pos,0,o_hw,0,o_i,NA,o_up,FALSE,why,NO_COG
[2026-09-19T17:35:51.583] Cog0  BM-TS,seq,323,tid,1,k,336,lt,FALSE,pos,-90,hw,-90,i,17,ph,2_477,d,3_196,e,-42,st,SPIN_DN,flt,FALSE,up,TRUE,ig,0,o_pos,0,o_hw,0,o_i,NA,o_up,FALSE,why,NO_COG
[2026-09-19T17:35:51.585] Cog0  BM-TS,seq,324,tid,1,k,346,lt,FALSE,pos,-91,hw,-91,i,15,ph,2_374,d,2_905,e,-40,st,SPIN_DN,flt,FALSE,up,TRUE,ig,0,o_pos,0,o_hw,0,o_i,NA,o_up,FALSE,why,NO_COG
[2026-09-19T17:35:51.588] Cog0  BM-TS,seq,325,tid,1,k,350,lt,FALSE,pos,-91,hw,-91,i,12,ph,2_346,d,2_737,e,-56,st,SPIN_DN,flt,FALSE,up,TRUE,ig,0,o_pos,0,o_hw,0,o_i,NA,o_up,FALSE,why,NO_COG
[2026-09-19T17:35:51.591] Cog0  BM-TS,seq,326,tid,1,k,359,lt,FALSE,pos,-92,hw,-92,i,12,ph,2_453,d,2_570,e,-44,st,SPIN_DN,flt,FALSE,up,TRUE,ig,0,o_pos,0,o_hw,0,o_i,NA,o_up,FALSE,why,NO_COG
[2026-09-19T17:35:51.593] Cog0  BM-TS,seq,327,tid,1,k,372,lt,FALSE,pos,-93,hw,-93,i,12,ph,2_386,d,2_243,e,-40,st,SPIN_DN,flt,FALSE,up,TRUE,ig,0,o_pos,0,o_hw,0,o_i,NA,o_up,FALSE,why,NO_COG
[2026-09-19T17:35:51.596] Cog0  BM-TS,seq,328,tid,1,k,375,lt,FALSE,pos,-93,hw,-93,i,12,ph,2_359,d,2_075,e,-48,st,SPIN_DN,flt,FALSE,up,TRUE,ig,0,o_pos,0,o_hw,0,o_i,NA,o_up,FALSE,why,NO_COG
[2026-09-19T17:35:51.598] Cog0  BM-TS,seq,329,tid,1,k,390,lt,FALSE,pos,-94,hw,-94,i,12,ph,2_423,d,1_686,e,-39,st,SPIN_DN,flt,FALSE,up,TRUE,ig,0,o_pos,0,o_hw,0,o_i,NA,o_up,FALSE,why,NO_COG
[2026-09-19T17:35:51.601] Cog0  BM-TS,seq,330,tid,1,k,400,lt,FALSE,pos,-94,hw,-94,i,11,ph,2_453,d,1_600,e,-56,st,SPIN_DN,flt,FALSE,up,TRUE,ig,0,o_pos,0,o_hw,0,o_i,NA,o_up,FALSE,why,NO_COG
[2026-09-19T17:35:51.604] Cog0  BM-TS,seq,331,tid,1,k,415,lt,FALSE,pos,-95,hw,-95,i,12,ph,2_417,d,1_600,e,-30,st,SPIN_DN,flt,FALSE,up,TRUE,ig,0,o_pos,0,o_hw,0,o_i,NA,o_up,FALSE,why,NO_COG
[2026-09-19T17:35:51.606] Cog0  BM-TS,seq,332,tid,1,k,425,lt,FALSE,pos,-95,hw,-95,i,14,ph,2_396,d,1_600,e,-36,st,SPIN_DN,flt,FALSE,up,TRUE,ig,0,o_pos,0,o_hw,0,o_i,NA,o_up,FALSE,why,NO_COG
[2026-09-19T17:35:51.610] Cog0  BM-TS,seq,333,tid,1,k,435,lt,FALSE,pos,-95,hw,-95,i,12,ph,76,d,1_600,e,-38,st,STOPPED,flt,FALSE,up,TRUE,ig,0,o_pos,0,o_hw,0,o_i,NA,o_up,FALSE,why,NO_COG
[2026-09-19T17:35:51.613] Cog0  BM-TS,seq,334,tid,1,k,450,lt,FALSE,pos,-95,hw,-95,i,8,ph,164,d,1_600,e,-38,st,STOPPED,flt,FALSE,up,TRUE,ig,0,o_pos,0,o_hw,0,o_i,NA,o_up,FALSE,why,NO_COG
[2026-09-19T17:35:51.617] Cog0  BM-TS,seq,335,tid,1,k,475,lt,FALSE,pos,-95,hw,-95,i,8,ph,161,d,1_600,e,-38,st,STOPPED,flt,FALSE,up,TRUE,ig,0,o_pos,0,o_hw,0,o_i,NA,o_up,FALSE,why,NO_COG
[2026-09-19T17:35:51.620] Cog0  BM-TS,seq,336,tid,1,k,500,lt,FALSE,pos,-95,hw,-95,i,10,ph,170,d,1_600,e,-38,st,STOPPED,flt,FALSE,up,TRUE,ig,0,o_pos,0,o_hw,0,o_i,NA,o_up,FALSE,why,NO_COG
[2026-09-19T17:35:51.624] Cog0  BM-TS,seq,337,tid,1,k,525,lt,FALSE,pos,-95,hw,-95,i,8,ph,160,d,1_600,e,-38,st,STOPPED,flt,FALSE,up,TRUE,ig,0,o_pos,0,o_hw,0,o_i,NA,o_up,FALSE,why,NO_COG
[2026-09-19T17:35:51.627] Cog0  BM-TS,seq,338,tid,1,k,550,lt,FALSE,pos,-95,hw,-95,i,8,ph,171,d,1_600,e,-38,st,STOPPED,flt,FALSE,up,TRUE,ig,0,o_pos,0,o_hw,0,o_i,NA,o_up,FALSE,why,NO_COG
[2026-09-19T17:35:51.629] Cog0  BM-TS,seq,339,tid,1,k,569,lt,FALSE,pos,-95,hw,-95,i,9,ph,160,d,1_600,e,-38,st,STOPPED,flt,FALSE,up,TRUE,ig,0,o_pos,0,o_hw,0,o_i,NA,o_up,FALSE,why,NO_COG
[2026-09-19T17:35:51.645] Cog0  BM-TRACE-END,seq,340,tid,1,stored,570,emitted,323,ksum,54_003,mark_k,50,late,0,skipped,0,lost_head,0,dropped,0,end,REST,rest_k,415,ig_sum,0,o_ig_sum,0,hw_skip,0,stride,1,why,NONE
[2026-09-19T17:35:55.062] Cog0  BM-TRACE,seq,341,tid,2,seg,BASELINE,life,3,motor,LEFT,cause,STOPCMD,incre,-73_500_000,off_neg,43,off_pos,317,req_mode,BRAKE,ramp_inc,22,period_us,2_000,decim,1,pre,50,why,NONE
[2026-09-19T17:35:55.128] Cog0  BM-TS,seq,342,tid,2,k,0,lt,FALSE,pos,0,hw,0,i,987,ph,2_497,d,18_792,e,-68,st,AT_SPEED,flt,FALSE,up,TRUE,ig,0,o_pos,0,o_hw,0,o_i,NA,o_up,FALSE,why,NO_COG
[2026-09-19T17:35:55.130] Cog0  BM-TS,seq,343,tid,2,k,1,lt,FALSE,pos,-1,hw,-1,i,951,ph,2_188,d,18_725,e,-39,st,AT_SPEED,flt,FALSE,up,TRUE,ig,0,o_pos,0,o_hw,0,o_i,NA,o_up,FALSE,why,NO_COG
[2026-09-19T17:35:55.132] Cog0  BM-TS,seq,344,tid,2,k,2,lt,FALSE,pos,-1,hw,-1,i,952,ph,1_989,d,18_725,e,-56,st,AT_SPEED,flt,FALSE,up,TRUE,ig,0,o_pos,0,o_hw,0,o_i,NA,o_up,FALSE,why,NO_COG
[2026-09-19T17:35:55.134] Cog0  BM-TS,seq,345,tid,2,k,3,lt,FALSE,pos,-2,hw,-2,i,942,ph,2_384,d,18_757,e,-31,st,AT_SPEED,flt,FALSE,up,TRUE,ig,0,o_pos,0,o_hw,0,o_i,NA,o_up,FALSE,why,NO_COG
[2026-09-19T17:35:55.136] Cog0  BM-TS,seq,346,tid,2,k,4,lt,FALSE,pos,-2,hw,-2,i,891,ph,2_742,d,18_703,e,-49,st,AT_SPEED,flt,FALSE,up,TRUE,ig,0,o_pos,0,o_hw,0,o_i,NA,o_up,FALSE,why,NO_COG
[2026-09-19T17:35:55.138] Cog0  BM-TS,seq,347,tid,2,k,5,lt,FALSE,pos,-2,hw,-2,i,933,ph,2_529,d,18_755,e,-66,st,AT_SPEED,flt,FALSE,up,TRUE,ig,0,o_pos,0,o_hw,0,o_i,NA,o_up,FALSE,why,NO_COG
[2026-09-19T17:35:55.140] Cog0  BM-TS,seq,348,tid,2,k,6,lt,FALSE,pos,-3,hw,-3,i,963,ph,2_129,d,18_718,e,-41,st,AT_SPEED,flt,FALSE,up,TRUE,ig,0,o_pos,0,o_hw,0,o_i,NA,o_up,FALSE,why,NO_COG
[2026-09-19T17:35:55.141] Cog0  BM-TS,seq,349,tid,2,k,7,lt,FALSE,pos,-3,hw,-3,i,950,ph,1_952,d,18_698,e,-54,st,AT_SPEED,flt,FALSE,up,TRUE,ig,0,o_pos,0,o_hw,0,o_i,NA,o_up,FALSE,why,NO_COG
[2026-09-19T17:35:55.144] Cog0  BM-TS,seq,350,tid,2,k,8,lt,FALSE,pos,-4,hw,-4,i,955,ph,2_354,d,18_758,e,-29,st,AT_SPEED,flt,FALSE,up,TRUE,ig,0,o_pos,0,o_hw,0,o_i,NA,o_up,FALSE,why,NO_COG
[2026-09-19T17:35:55.145] Cog0  BM-TS,seq,351,tid,2,k,9,lt,FALSE,pos,-4,hw,-4,i,907,ph,2_720,d,18_707,e,-47,st,AT_SPEED,flt,FALSE,up,TRUE,ig,0,o_pos,0,o_hw,0,o_i,NA,o_up,FALSE,why,NO_COG
[2026-09-19T17:35:55.147] Cog0  BM-TS,seq,352,tid,2,k,10,lt,FALSE,pos,-4,hw,-4,i,921,ph,2_614,d,18_740,e,-64,st,AT_SPEED,flt,FALSE,up,TRUE,ig,0,o_pos,0,o_hw,0,o_i,NA,o_up,FALSE,why,NO_COG
[2026-09-19T17:35:55.149] Cog0  BM-TS,seq,353,tid,2,k,11,lt,FALSE,pos,-5,hw,-5,i,914,ph,2_209,d,18_702,e,-39,st,AT_SPEED,flt,FALSE,up,TRUE,ig,0,o_pos,0,o_hw,0,o_i,NA,o_up,FALSE,why,NO_COG
[2026-09-19T17:35:55.151] Cog0  BM-TS,seq,354,tid,2,k,12,lt,FALSE,pos,-5,hw,-5,i,973,ph,1_954,d,18_687,e,-57,st,AT_SPEED,flt,FALSE,up,TRUE,ig,0,o_pos,0,o_hw,0,o_i,NA,o_up,FALSE,why,NO_COG
[2026-09-19T17:35:55.153] Cog0  BM-TS,seq,355,tid,2,k,13,lt,FALSE,pos,-6,hw,-6,i,980,ph,2_322,d,18_759,e,-27,st,AT_SPEED,flt,FALSE,up,TRUE,ig,0,o_pos,0,o_hw,0,o_i,NA,o_up,FALSE,why,NO_COG
[2026-09-19T17:35:55.155] Cog0  BM-TS,seq,356,tid,2,k,14,lt,FALSE,pos,-6,hw,-6,i,927,ph,2_690,d,18_688,e,-45,st,AT_SPEED,flt,FALSE,up,TRUE,ig,0,o_pos,0,o_hw,0,o_i,NA,o_up,FALSE,why,NO_COG
[2026-09-19T17:35:55.157] Cog0  BM-TS,seq,357,tid,2,k,15,lt,FALSE,pos,-6,hw,-6,i,915,ph,2_638,d,18_724,e,-62,st,AT_SPEED,flt,FALSE,up,TRUE,ig,0,o_pos,0,o_hw,0,o_i,NA,o_up,FALSE,why,NO_COG
[2026-09-19T17:35:55.159] Cog0  BM-TS,seq,358,tid,2,k,16,lt,FALSE,pos,-7,hw,-7,i,906,ph,2_231,d,18_732,e,-37,st,AT_SPEED,flt,FALSE,up,TRUE,ig,0,o_pos,0,o_hw,0,o_i,NA,o_up,FALSE,why,NO_COG
[2026-09-19T17:35:55.161] Cog0  BM-TS,seq,359,tid,2,k,17,lt,FALSE,pos,-7,hw,-7,i,933,ph,1_957,d,18_695,e,-55,st,AT_SPEED,flt,FALSE,up,TRUE,ig,0,o_pos,0,o_hw,0,o_i,NA,o_up,FALSE,why,NO_COG
[2026-09-19T17:35:55.163] Cog0  BM-TS,seq,360,tid,2,k,18,lt,FALSE,pos,-8,hw,-8,i,991,ph,2_244,d,18_755,e,-29,st,AT_SPEED,flt,FALSE,up,TRUE,ig,0,o_pos,0,o_hw,0,o_i,NA,o_up,FALSE,why,NO_COG
[2026-09-19T17:35:55.165] Cog0  BM-TS,seq,361,tid,2,k,19,lt,FALSE,pos,-8,hw,-8,i,913,ph,2_614,d,18_687,e,-43,st,AT_SPEED,flt,FALSE,up,TRUE,ig,0,o_pos,0,o_hw,0,o_i,NA,o_up,FALSE,why,NO_COG
[2026-09-19T17:35:55.167] Cog0  BM-TS,seq,362,tid,2,k,20,lt,FALSE,pos,-8,hw,-8,i,936,ph,2_660,d,18_703,e,-60,st,AT_SPEED,flt,FALSE,up,TRUE,ig,0,o_pos,0,o_hw,0,o_i,NA,o_up,FALSE,why,NO_COG
[2026-09-19T17:35:55.169] Cog0  BM-TS,seq,363,tid,2,k,21,lt,FALSE,pos,-9,hw,-9,i,925,ph,2_256,d,18_713,e,-35,st,AT_SPEED,flt,FALSE,up,TRUE,ig,0,o_pos,0,o_hw,0,o_i,NA,o_up,FALSE,why,NO_COG
[2026-09-19T17:35:55.171] Cog0  BM-TS,seq,364,tid,2,k,22,lt,FALSE,pos,-9,hw,-9,i,915,ph,1_920,d,18_679,e,-52,st,AT_SPEED,flt,FALSE,up,TRUE,ig,0,o_pos,0,o_hw,0,o_i,NA,o_up,FALSE,why,NO_COG
[2026-09-19T17:35:55.173] Cog0  BM-TS,seq,365,tid,2,k,23,lt,FALSE,pos,-9,hw,-9,i,964,ph,2_316,d,18_752,e,-70,st,AT_SPEED,flt,FALSE,up,TRUE,ig,0,o_pos,0,o_hw,0,o_i,NA,o_up,FALSE,why,NO_COG
[2026-09-19T17:35:55.175] Cog0  BM-TS,seq,366,tid,2,k,24,lt,FALSE,pos,-10,hw,-10,i,930,ph,2_606,d,18_680,e,-40,st,AT_SPEED,flt,FALSE,up,TRUE,ig,0,o_pos,0,o_hw,0,o_i,NA,o_up,FALSE,why,NO_COG
[2026-09-19T17:35:55.177] Cog0  BM-TS,seq,367,tid,2,k,25,lt,FALSE,pos,-10,hw,-10,i,946,ph,2_739,d,18_699,e,-58,st,AT_SPEED,flt,FALSE,up,TRUE,ig,0,o_pos,0,o_hw,0,o_i,NA,o_up,FALSE,why,NO_COG
[2026-09-19T17:35:55.179] Cog0  BM-TS,seq,368,tid,2,k,26,lt,FALSE,pos,-11,hw,-11,i,929,ph,2_338,d,18_705,e,-33,st,AT_SPEED,flt,FALSE,up,TRUE,ig,0,o_pos,0,o_hw,0,o_i,NA,o_up,FALSE,why,NO_COG
[2026-09-19T17:35:55.181] Cog0  BM-TS,seq,369,tid,2,k,27,lt,FALSE,pos,-11,hw,-11,i,887,ph,1_986,d,18_674,e,-50,st,AT_SPEED,flt,FALSE,up,TRUE,ig,0,o_pos,0,o_hw,0,o_i,NA,o_up,FALSE,why,NO_COG
[2026-09-19T17:35:55.183] Cog0  BM-TS,seq,370,tid,2,k,28,lt,FALSE,pos,-11,hw,-11,i,926,ph,2_268,d,18_727,e,-68,st,AT_SPEED,flt,FALSE,up,TRUE,ig,0,o_pos,0,o_hw,0,o_i,NA,o_up,FALSE,why,NO_COG
[2026-09-19T17:35:55.185] Cog0  BM-TS,seq,371,tid,2,k,29,lt,FALSE,pos,-12,hw,-12,i,952,ph,2_654,d,18_692,e,-43,st,AT_SPEED,flt,FALSE,up,TRUE,ig,0,o_pos,0,o_hw,0,o_i,NA,o_up,FALSE,why,NO_COG
[2026-09-19T17:35:55.187] Cog0  BM-TS,seq,372,tid,2,k,30,lt,FALSE,pos,-12,hw,-12,i,963,ph,2_769,d,18_692,e,-56,st,AT_SPEED,flt,FALSE,up,TRUE,ig,0,o_pos,0,o_hw,0,o_i,NA,o_up,FALSE,why,NO_COG
[2026-09-19T17:35:55.189] Cog0  BM-TS,seq,373,tid,2,k,31,lt,FALSE,pos,-13,hw,-13,i,951,ph,2_362,d,18_727,e,-31,st,AT_SPEED,flt,FALSE,up,TRUE,ig,0,o_pos,0,o_hw,0,o_i,NA,o_up,FALSE,why,NO_COG
[2026-09-19T17:35:55.191] Cog0  BM-TS,seq,374,tid,2,k,32,lt,FALSE,pos,-13,hw,-13,i,893,ph,1_990,d,18_676,e,-48,st,AT_SPEED,flt,FALSE,up,TRUE,ig,0,o_pos,0,o_hw,0,o_i,NA,o_up,FALSE,why,NO_COG
[2026-09-19T17:35:55.193] Cog0  BM-TS,seq,375,tid,2,k,33,lt,FALSE,pos,-13,hw,-13,i,912,ph,2_181,d,18_732,e,-66,st,AT_SPEED,flt,FALSE,up,TRUE,ig,0,o_pos,0,o_hw,0,o_i,NA,o_up,FALSE,why,NO_COG
[2026-09-19T17:35:55.195] Cog0  BM-TS,seq,376,tid,2,k,34,lt,FALSE,pos,-14,hw,-14,i,903,ph,2_578,d,18_690,e,-41,st,AT_SPEED,flt,FALSE,up,TRUE,ig,0,o_pos,0,o_hw,0,o_i,NA,o_up,FALSE,why,NO_COG
[2026-09-19T17:35:55.197] Cog0  BM-TS,seq,377,tid,2,k,35,lt,FALSE,pos,-14,hw,-14,i,970,ph,2_779,d,18_675,e,-58,st,AT_SPEED,flt,FALSE,up,TRUE,ig,0,o_pos,0,o_hw,0,o_i,NA,o_up,FALSE,why,NO_COG
[2026-09-19T17:35:55.199] Cog0  BM-TS,seq,378,tid,2,k,36,lt,FALSE,pos,-15,hw,-15,i,974,ph,2_392,d,18_745,e,-29,st,AT_SPEED,flt,FALSE,up,TRUE,ig,0,o_pos,0,o_hw,0,o_i,NA,o_up,FALSE,why,NO_COG
[2026-09-19T17:35:55.201] Cog0  BM-TS,seq,379,tid,2,k,37,lt,FALSE,pos,-15,hw,-15,i,927,ph,2_032,d,18_697,e,-46,st,AT_SPEED,flt,FALSE,up,TRUE,ig,0,o_pos,0,o_hw,0,o_i,NA,o_up,FALSE,why,NO_COG
[2026-09-19T17:35:55.203] Cog0  BM-TS,seq,380,tid,2,k,38,lt,FALSE,pos,-15,hw,-15,i,925,ph,2_144,d,18_733,e,-64,st,AT_SPEED,flt,FALSE,up,TRUE,ig,0,o_pos,0,o_hw,0,o_i,NA,o_up,FALSE,why,NO_COG
[2026-09-19T17:35:55.205] Cog0  BM-TS,seq,381,tid,2,k,39,lt,FALSE,pos,-16,hw,-16,i,912,ph,2_560,d,18_707,e,-39,st,AT_SPEED,flt,FALSE,up,TRUE,ig,0,o_pos,0,o_hw,0,o_i,NA,o_up,FALSE,why,NO_COG
[2026-09-19T17:35:55.207] Cog0  BM-TS,seq,382,tid,2,k,40,lt,FALSE,pos,-16,hw,-16,i,930,ph,2_772,d,18_693,e,-56,st,AT_SPEED,flt,FALSE,up,TRUE,ig,0,o_pos,0,o_hw,0,o_i,NA,o_up,FALSE,why,NO_COG
[2026-09-19T17:35:55.209] Cog0  BM-TS,seq,383,tid,2,k,41,lt,FALSE,pos,-17,hw,-17,i,980,ph,2_464,d,18_751,e,-31,st,AT_SPEED,flt,FALSE,up,TRUE,ig,0,o_pos,0,o_hw,0,o_i,NA,o_up,FALSE,why,NO_COG
[2026-09-19T17:35:55.211] Cog0  BM-TS,seq,384,tid,2,k,42,lt,FALSE,pos,-17,hw,-17,i,922,ph,2_106,d,18_683,e,-44,st,AT_SPEED,flt,FALSE,up,TRUE,ig,0,o_pos,0,o_hw,0,o_i,NA,o_up,FALSE,why,NO_COG
[2026-09-19T17:35:55.213] Cog0  BM-TS,seq,385,tid,2,k,43,lt,FALSE,pos,-17,hw,-17,i,933,ph,2_127,d,18_722,e,-62,st,AT_SPEED,flt,FALSE,up,TRUE,ig,0,o_pos,0,o_hw,0,o_i,NA,o_up,FALSE,why,NO_COG
[2026-09-19T17:35:55.215] Cog0  BM-TS,seq,386,tid,2,k,44,lt,FALSE,pos,-18,hw,-18,i,924,ph,2_522,d,18_728,e,-36,st,AT_SPEED,flt,FALSE,up,TRUE,ig,0,o_pos,0,o_hw,0,o_i,NA,o_up,FALSE,why,NO_COG
[2026-09-19T17:35:55.217] Cog0  BM-TS,seq,387,tid,2,k,45,lt,FALSE,pos,-18,hw,-18,i,914,ph,2_809,d,18_694,e,-54,st,AT_SPEED,flt,FALSE,up,TRUE,ig,0,o_pos,0,o_hw,0,o_i,NA,o_up,FALSE,why,NO_COG
[2026-09-19T17:35:55.219] Cog0  BM-TS,seq,388,tid,2,k,46,lt,FALSE,pos,-18,hw,-18,i,963,ph,2_401,d,18_771,e,-71,st,AT_SPEED,flt,FALSE,up,TRUE,ig,0,o_pos,0,o_hw,0,o_i,NA,o_up,FALSE,why,NO_COG
[2026-09-19T17:35:55.221] Cog0  BM-TS,seq,389,tid,2,k,47,lt,FALSE,pos,-19,hw,-19,i,939,ph,2_124,d,18_709,e,-42,st,AT_SPEED,flt,FALSE,up,TRUE,ig,0,o_pos,0,o_hw,0,o_i,NA,o_up,FALSE,why,NO_COG
[2026-09-19T17:35:55.223] Cog0  BM-TS,seq,390,tid,2,k,48,lt,FALSE,pos,-19,hw,-19,i,958,ph,2_052,d,18_728,e,-59,st,AT_SPEED,flt,FALSE,up,TRUE,ig,0,o_pos,0,o_hw,0,o_i,NA,o_up,FALSE,why,NO_COG
[2026-09-19T17:35:55.225] Cog0  BM-TS,seq,391,tid,2,k,49,lt,FALSE,pos,-20,hw,-20,i,924,ph,2_448,d,18_730,e,-34,st,AT_SPEED,flt,FALSE,up,TRUE,ig,0,o_pos,0,o_hw,0,o_i,NA,o_up,FALSE,why,NO_COG
[2026-09-19T17:35:55.227] Cog0  BM-TS,seq,392,tid,2,k,50,lt,FALSE,pos,-20,hw,-20,i,893,ph,2_801,d,18_673,e,-52,st,SPIN_DN,flt,FALSE,up,TRUE,ig,0,o_pos,0,o_hw,0,o_i,NA,o_up,FALSE,why,NO_COG
[2026-09-19T17:35:55.229] Cog0  BM-TS,seq,393,tid,2,k,51,lt,FALSE,pos,-20,hw,-20,i,931,ph,2_434,d,18_621,e,-69,st,SPIN_DN,flt,FALSE,up,TRUE,ig,0,o_pos,0,o_hw,0,o_i,NA,o_up,FALSE,why,NO_COG
[2026-09-19T17:35:55.231] Cog0  BM-TS,seq,394,tid,2,k,52,lt,FALSE,pos,-21,hw,-21,i,929,ph,2_073,d,18_498,e,-44,st,SPIN_DN,flt,FALSE,up,TRUE,ig,0,o_pos,0,o_hw,0,o_i,NA,o_up,FALSE,why,NO_COG
[2026-09-19T17:35:55.233] Cog0  BM-TS,seq,395,tid,2,k,53,lt,FALSE,pos,-21,hw,-21,i,933,ph,2_011,d,18_459,e,-57,st,SPIN_DN,flt,FALSE,up,TRUE,ig,0,o_pos,0,o_hw,0,o_i,NA,o_up,FALSE,why,NO_COG
[2026-09-19T17:35:55.235] Cog0  BM-TS,seq,396,tid,2,k,54,lt,FALSE,pos,-22,hw,-22,i,904,ph,2_410,d,18_383,e,-32,st,SPIN_DN,flt,FALSE,up,TRUE,ig,0,o_pos,0,o_hw,0,o_i,NA,o_up,FALSE,why,NO_COG
[2026-09-19T17:35:55.237] Cog0  BM-TS,seq,397,tid,2,k,55,lt,FALSE,pos,-22,hw,-22,i,862,ph,2_775,d,18_282,e,-49,st,SPIN_DN,flt,FALSE,up,TRUE,ig,0,o_pos,0,o_hw,0,o_i,NA,o_up,FALSE,why,NO_COG
[2026-09-19T17:35:55.239] Cog0  BM-TS,seq,398,tid,2,k,56,lt,FALSE,pos,-22,hw,-22,i,870,ph,2_557,d,18_230,e,-66,st,SPIN_DN,flt,FALSE,up,TRUE,ig,0,o_pos,0,o_hw,0,o_i,NA,o_up,FALSE,why,NO_COG
[2026-09-19T17:35:55.241] Cog0  BM-TS,seq,399,tid,2,k,57,lt,FALSE,pos,-23,hw,-23,i,842,ph,2_182,d,18_109,e,-41,st,SPIN_DN,flt,FALSE,up,TRUE,ig,0,o_pos,0,o_hw,0,o_i,NA,o_up,FALSE,why,NO_COG
[2026-09-19T17:35:55.243] Cog0  BM-TS,seq,400,tid,2,k,58,lt,FALSE,pos,-23,hw,-23,i,885,ph,1_988,d,18_040,e,-58,st,SPIN_DN,flt,FALSE,up,TRUE,ig,0,o_pos,0,o_hw,0,o_i,NA,o_up,FALSE,why,NO_COG
[2026-09-19T17:35:55.245] Cog0  BM-TS,seq,401,tid,2,k,59,lt,FALSE,pos,-24,hw,-24,i,889,ph,2_347,d,17_991,e,-28,st,SPIN_DN,flt,FALSE,up,TRUE,ig,0,o_pos,0,o_hw,0,o_i,NA,o_up,FALSE,why,NO_COG
[2026-09-19T17:35:55.247] Cog0  BM-TS,seq,402,tid,2,k,60,lt,FALSE,pos,-24,hw,-24,i,838,ph,2_699,d,17_871,e,-45,st,SPIN_DN,flt,FALSE,up,TRUE,ig,0,o_pos,0,o_hw,0,o_i,NA,o_up,FALSE,why,NO_COG
[2026-09-19T17:35:55.249] Cog0  BM-TS,seq,403,tid,2,k,61,lt,FALSE,pos,-24,hw,-24,i,822,ph,2_634,d,17_819,e,-62,st,SPIN_DN,flt,FALSE,up,TRUE,ig,0,o_pos,0,o_hw,0,o_i,NA,o_up,FALSE,why,NO_COG
[2026-09-19T17:35:55.251] Cog0  BM-TS,seq,404,tid,2,k,62,lt,FALSE,pos,-25,hw,-25,i,813,ph,2_249,d,17_724,e,-37,st,SPIN_DN,flt,FALSE,up,TRUE,ig,0,o_pos,0,o_hw,0,o_i,NA,o_up,FALSE,why,NO_COG
[2026-09-19T17:35:55.253] Cog0  BM-TS,seq,405,tid,2,k,63,lt,FALSE,pos,-25,hw,-25,i,810,ph,1_965,d,17_636,e,-53,st,SPIN_DN,flt,FALSE,up,TRUE,ig,0,o_pos,0,o_hw,0,o_i,NA,o_up,FALSE,why,NO_COG
[2026-09-19T17:35:55.255] Cog0  BM-TS,seq,406,tid,2,k,64,lt,FALSE,pos,-25,hw,-25,i,861,ph,2_223,d,17_584,e,-70,st,SPIN_DN,flt,FALSE,up,TRUE,ig,0,o_pos,0,o_hw,0,o_i,NA,o_up,FALSE,why,NO_COG
[2026-09-19T17:35:55.257] Cog0  BM-TS,seq,407,tid,2,k,65,lt,FALSE,pos,-26,hw,-26,i,794,ph,2_562,d,17_465,e,-40,st,SPIN_DN,flt,FALSE,up,TRUE,ig,0,o_pos,0,o_hw,0,o_i,NA,o_up,FALSE,why,NO_COG
[2026-09-19T17:35:55.259] Cog0  BM-TS,seq,408,tid,2,k,66,lt,FALSE,pos,-26,hw,-26,i,783,ph,2_709,d,17_410,e,-57,st,SPIN_DN,flt,FALSE,up,TRUE,ig,0,o_pos,0,o_hw,0,o_i,NA,o_up,FALSE,why,NO_COG
[2026-09-19T17:35:55.261] Cog0  BM-TS,seq,409,tid,2,k,67,lt,FALSE,pos,-27,hw,-27,i,777,ph,2_347,d,17_339,e,-31,st,SPIN_DN,flt,FALSE,up,TRUE,ig,0,o_pos,0,o_hw,0,o_i,NA,o_up,FALSE,why,NO_COG
[2026-09-19T17:35:55.263] Cog0  BM-TS,seq,410,tid,2,k,68,lt,FALSE,pos,-27,hw,-27,i,749,ph,2_041,d,17_232,e,-48,st,SPIN_DN,flt,FALSE,up,TRUE,ig,0,o_pos,0,o_hw,0,o_i,NA,o_up,FALSE,why,NO_COG
[2026-09-19T17:35:55.264] Cog0  BM-TS,seq,411,tid,2,k,69,lt,FALSE,pos,-27,hw,-27,i,783,ph,2_193,d,17_180,e,-64,st,SPIN_DN,flt,FALSE,up,TRUE,ig,0,o_pos,0,o_hw,0,o_i,NA,o_up,FALSE,why,NO_COG
[2026-09-19T17:35:55.267] Cog0  BM-TS,seq,412,tid,2,k,70,lt,FALSE,pos,-28,hw,-28,i,781,ph,2_465,d,17_101,e,-34,st,SPIN_DN,flt,FALSE,up,TRUE,ig,0,o_pos,0,o_hw,0,o_i,NA,o_up,FALSE,why,NO_COG
[2026-09-19T17:35:55.269] Cog0  BM-TS,seq,413,tid,2,k,71,lt,FALSE,pos,-28,hw,-28,i,743,ph,2_770,d,17_027,e,-51,st,SPIN_DN,flt,FALSE,up,TRUE,ig,0,o_pos,0,o_hw,0,o_i,NA,o_up,FALSE,why,NO_COG
[2026-09-19T17:35:55.271] Cog0  BM-TS,seq,414,tid,2,k,72,lt,FALSE,pos,-28,hw,-28,i,741,ph,2_512,d,16_975,e,-67,st,SPIN_DN,flt,FALSE,up,TRUE,ig,0,o_pos,0,o_hw,0,o_i,NA,o_up,FALSE,why,NO_COG
[2026-09-19T17:35:55.273] Cog0  BM-TS,seq,415,tid,2,k,73,lt,FALSE,pos,-29,hw,-29,i,698,ph,2_193,d,16_850,e,-41,st,SPIN_DN,flt,FALSE,up,TRUE,ig,0,o_pos,0,o_hw,0,o_i,NA,o_up,FALSE,why,NO_COG
[2026-09-19T17:35:55.275] Cog0  BM-TS,seq,416,tid,2,k,74,lt,FALSE,pos,-29,hw,-29,i,701,ph,2_089,d,16_786,e,-58,st,SPIN_DN,flt,FALSE,up,TRUE,ig,0,o_pos,0,o_hw,0,o_i,NA,o_up,FALSE,why,NO_COG
[2026-09-19T17:35:55.277] Cog0  BM-TS,seq,417,tid,2,k,75,lt,FALSE,pos,-30,hw,-30,i,747,ph,2_434,d,16_728,e,-31,st,SPIN_DN,flt,FALSE,up,TRUE,ig,0,o_pos,0,o_hw,0,o_i,NA,o_up,FALSE,why,NO_COG
[2026-09-19T17:35:55.279] Cog0  BM-TS,seq,418,tid,2,k,76,lt,FALSE,pos,-30,hw,-30,i,703,ph,2_641,d,16_625,e,-44,st,SPIN_DN,flt,FALSE,up,TRUE,ig,0,o_pos,0,o_hw,0,o_i,NA,o_up,FALSE,why,NO_COG
[2026-09-19T17:35:55.281] Cog0  BM-TS,seq,419,tid,2,k,77,lt,FALSE,pos,-30,hw,-30,i,695,ph,2_669,d,16_573,e,-60,st,SPIN_DN,flt,FALSE,up,TRUE,ig,0,o_pos,0,o_hw,0,o_i,NA,o_up,FALSE,why,NO_COG
[2026-09-19T17:35:55.283] Cog0  BM-TS,seq,420,tid,2,k,78,lt,FALSE,pos,-31,hw,-31,i,685,ph,2_318,d,16_492,e,-33,st,SPIN_DN,flt,FALSE,up,TRUE,ig,0,o_pos,0,o_hw,0,o_i,NA,o_up,FALSE,why,NO_COG
[2026-09-19T17:35:55.285] Cog0  BM-TS,seq,421,tid,2,k,79,lt,FALSE,pos,-31,hw,-31,i,643,ph,2_028,d,16_409,e,-50,st,SPIN_DN,flt,FALSE,up,TRUE,ig,0,o_pos,0,o_hw,0,o_i,NA,o_up,FALSE,why,NO_COG
[2026-09-19T17:35:55.287] Cog0  BM-TS,seq,422,tid,2,k,80,lt,FALSE,pos,-31,hw,-31,i,667,ph,2_212,d,16_357,e,-66,st,SPIN_DN,flt,FALSE,up,TRUE,ig,0,o_pos,0,o_hw,0,o_i,NA,o_up,FALSE,why,NO_COG
[2026-09-19T17:35:55.289] Cog0  BM-TS,seq,423,tid,2,k,81,lt,FALSE,pos,-32,hw,-32,i,690,ph,2_466,d,16_257,e,-39,st,SPIN_DN,flt,FALSE,up,TRUE,ig,0,o_pos,0,o_hw,0,o_i,NA,o_up,FALSE,why,NO_COG
[2026-09-19T17:35:55.291] Cog0  BM-TS,seq,424,tid,2,k,82,lt,FALSE,pos,-32,hw,-32,i,650,ph,2_734,d,16_197,e,-51,st,SPIN_DN,flt,FALSE,up,TRUE,ig,0,o_pos,0,o_hw,0,o_i,NA,o_up,FALSE,why,NO_COG
[2026-09-19T17:35:55.293] Cog0  BM-TS,seq,425,tid,2,k,83,lt,FALSE,pos,-32,hw,-32,i,664,ph,2_488,d,16_145,e,-67,st,SPIN_DN,flt,FALSE,up,TRUE,ig,0,o_pos,0,o_hw,0,o_i,NA,o_up,FALSE,why,NO_COG
[2026-09-19T17:35:55.295] Cog0  BM-TS,seq,426,tid,2,k,84,lt,FALSE,pos,-33,hw,-33,i,626,ph,2_183,d,16_035,e,-41,st,SPIN_DN,flt,FALSE,up,TRUE,ig,0,o_pos,0,o_hw,0,o_i,NA,o_up,FALSE,why,NO_COG
[2026-09-19T17:35:55.297] Cog0  BM-TS,seq,427,tid,2,k,85,lt,FALSE,pos,-33,hw,-33,i,604,ph,2_058,d,15_977,e,-56,st,SPIN_DN,flt,FALSE,up,TRUE,ig,0,o_pos,0,o_hw,0,o_i,NA,o_up,FALSE,why,NO_COG
[2026-09-19T17:35:55.299] Cog0  BM-TS,seq,428,tid,2,k,86,lt,FALSE,pos,-33,hw,-33,i,636,ph,2_387,d,15_929,e,-72,st,SPIN_DN,flt,FALSE,up,TRUE,ig,0,o_pos,0,o_hw,0,o_i,NA,o_up,FALSE,why,NO_COG
[2026-09-19T17:35:55.301] Cog0  BM-TS,seq,429,tid,2,k,87,lt,FALSE,pos,-34,hw,-34,i,626,ph,2_601,d,15_822,e,-45,st,SPIN_DN,flt,FALSE,up,TRUE,ig,0,o_pos,0,o_hw,0,o_i,NA,o_up,FALSE,why,NO_COG
[2026-09-19T17:35:55.303] Cog0  BM-TS,seq,430,tid,2,k,88,lt,FALSE,pos,-34,hw,-34,i,613,ph,2_705,d,15_786,e,-57,st,SPIN_DN,flt,FALSE,up,TRUE,ig,0,o_pos,0,o_hw,0,o_i,NA,o_up,FALSE,why,NO_COG
[2026-09-19T17:35:55.305] Cog0  BM-TS,seq,431,tid,2,k,89,lt,FALSE,pos,-35,hw,-35,i,617,ph,2_397,d,15_722,e,-30,st,SPIN_DN,flt,FALSE,up,TRUE,ig,0,o_pos,0,o_hw,0,o_i,NA,o_up,FALSE,why,NO_COG
[2026-09-19T17:35:55.307] Cog0  BM-TS,seq,432,tid,2,k,90,lt,FALSE,pos,-35,hw,-35,i,575,ph,2_133,d,15_623,e,-46,st,SPIN_DN,flt,FALSE,up,TRUE,ig,0,o_pos,0,o_hw,0,o_i,NA,o_up,FALSE,why,NO_COG
[2026-09-19T17:35:55.309] Cog0  BM-TS,seq,433,tid,2,k,91,lt,FALSE,pos,-35,hw,-35,i,580,ph,2_180,d,15_575,e,-62,st,SPIN_DN,flt,FALSE,up,TRUE,ig,0,o_pos,0,o_hw,0,o_i,NA,o_up,FALSE,why,NO_COG
[2026-09-19T17:35:55.311] Cog0  BM-TS,seq,434,tid,2,k,92,lt,FALSE,pos,-36,hw,-36,i,614,ph,2_486,d,15_511,e,-35,st,SPIN_DN,flt,FALSE,up,TRUE,ig,0,o_pos,0,o_hw,0,o_i,NA,o_up,FALSE,why,NO_COG
[2026-09-19T17:35:55.313] Cog0  BM-TS,seq,435,tid,2,k,93,lt,FALSE,pos,-36,hw,-36,i,593,ph,2_678,d,15_434,e,-46,st,SPIN_DN,flt,FALSE,up,TRUE,ig,0,o_pos,0,o_hw,0,o_i,NA,o_up,FALSE,why,NO_COG
[2026-09-19T17:35:55.315] Cog0  BM-TS,seq,436,tid,2,k,94,lt,FALSE,pos,-36,hw,-36,i,576,ph,2_608,d,15_386,e,-62,st,SPIN_DN,flt,FALSE,up,TRUE,ig,0,o_pos,0,o_hw,0,o_i,NA,o_up,FALSE,why,NO_COG
[2026-09-19T17:35:55.317] Cog0  BM-TS,seq,437,tid,2,k,95,lt,FALSE,pos,-37,hw,-37,i,571,ph,2_316,d,15_301,e,-35,st,SPIN_DN,flt,FALSE,up,TRUE,ig,0,o_pos,0,o_hw,0,o_i,NA,o_up,FALSE,why,NO_COG
[2026-09-19T17:35:55.319] Cog0  BM-TS,seq,438,tid,2,k,96,lt,FALSE,pos,-37,hw,-37,i,536,ph,2_046,d,15_223,e,-50,st,SPIN_DN,flt,FALSE,up,TRUE,ig,0,o_pos,0,o_hw,0,o_i,NA,o_up,FALSE,why,NO_COG
[2026-09-19T17:35:55.321] Cog0  BM-TS,seq,439,tid,2,k,97,lt,FALSE,pos,-37,hw,-37,i,551,ph,2_218,d,15_175,e,-65,st,SPIN_DN,flt,FALSE,up,TRUE,ig,0,o_pos,0,o_hw,0,o_i,NA,o_up,FALSE,why,NO_COG
[2026-09-19T17:35:55.323] Cog0  BM-TS,seq,440,tid,2,k,98,lt,FALSE,pos,-38,hw,-38,i,575,ph,2_518,d,15_084,e,-38,st,SPIN_DN,flt,FALSE,up,TRUE,ig,0,o_pos,0,o_hw,0,o_i,NA,o_up,FALSE,why,NO_COG
[2026-09-19T17:35:55.325] Cog0  BM-TS,seq,441,tid,2,k,99,lt,FALSE,pos,-38,hw,-38,i,541,ph,2_704,d,15_028,e,-50,st,SPIN_DN,flt,FALSE,up,TRUE,ig,0,o_pos,0,o_hw,0,o_i,NA,o_up,FALSE,why,NO_COG
[2026-09-19T17:35:55.327] Cog0  BM-TS,seq,442,tid,2,k,100,lt,FALSE,pos,-38,hw,-38,i,543,ph,2_543,d,14_980,e,-65,st,SPIN_DN,flt,FALSE,up,TRUE,ig,0,o_pos,0,o_hw,0,o_i,NA,o_up,FALSE,why,NO_COG
[2026-09-19T17:35:55.329] Cog0  BM-TS,seq,443,tid,2,k,101,lt,FALSE,pos,-39,hw,-39,i,529,ph,2_254,d,14_879,e,-37,st,SPIN_DN,flt,FALSE,up,TRUE,ig,0,o_pos,0,o_hw,0,o_i,NA,o_up,FALSE,why,NO_COG
[2026-09-19T17:35:55.331] Cog0  BM-TS,seq,444,tid,2,k,102,lt,FALSE,pos,-39,hw,-39,i,504,ph,2_027,d,14_800,e,-52,st,SPIN_DN,flt,FALSE,up,TRUE,ig,0,o_pos,0,o_hw,0,o_i,NA,o_up,FALSE,why,NO_COG
[2026-09-19T17:35:55.332] Cog0  BM-TS,seq,445,tid,2,k,103,lt,FALSE,pos,-39,hw,-39,i,513,ph,2_273,d,14_752,e,-68,st,SPIN_DN,flt,FALSE,up,TRUE,ig,0,o_pos,0,o_hw,0,o_i,NA,o_up,FALSE,why,NO_COG
[2026-09-19T17:35:55.335] Cog0  BM-TS,seq,446,tid,2,k,104,lt,FALSE,pos,-40,hw,-40,i,528,ph,2_502,d,14_652,e,-40,st,SPIN_DN,flt,FALSE,up,TRUE,ig,0,o_pos,0,o_hw,0,o_i,NA,o_up,FALSE,why,NO_COG
[2026-09-19T17:35:55.337] Cog0  BM-TS,seq,447,tid,2,k,105,lt,FALSE,pos,-40,hw,-40,i,492,ph,2_749,d,14_595,e,-51,st,SPIN_DN,flt,FALSE,up,TRUE,ig,0,o_pos,0,o_hw,0,o_i,NA,o_up,FALSE,why,NO_COG
[2026-09-19T17:35:55.339] Cog0  BM-TS,seq,448,tid,2,k,106,lt,FALSE,pos,-40,hw,-40,i,499,ph,2_546,d,14_547,e,-66,st,SPIN_DN,flt,FALSE,up,TRUE,ig,0,o_pos,0,o_hw,0,o_i,NA,o_up,FALSE,why,NO_COG
[2026-09-19T17:35:55.341] Cog0  BM-TS,seq,449,tid,2,k,107,lt,FALSE,pos,-41,hw,-41,i,481,ph,2_268,d,14_442,e,-38,st,SPIN_DN,flt,FALSE,up,TRUE,ig,0,o_pos,0,o_hw,0,o_i,NA,o_up,FALSE,why,NO_COG
[2026-09-19T17:35:55.343] Cog0  BM-TS,seq,450,tid,2,k,108,lt,FALSE,pos,-41,hw,-41,i,456,ph,2_066,d,14_384,e,-53,st,SPIN_DN,flt,FALSE,up,TRUE,ig,0,o_pos,0,o_hw,0,o_i,NA,o_up,FALSE,why,NO_COG
[2026-09-19T17:35:55.345] Cog0  BM-TS,seq,451,tid,2,k,109,lt,FALSE,pos,-41,hw,-41,i,482,ph,2_302,d,14_336,e,-68,st,SPIN_DN,flt,FALSE,up,TRUE,ig,0,o_pos,0,o_hw,0,o_i,NA,o_up,FALSE,why,NO_COG
[2026-09-19T17:35:55.347] Cog0  BM-TS,seq,452,tid,2,k,110,lt,FALSE,pos,-42,hw,-42,i,490,ph,2_500,d,14_238,e,-40,st,SPIN_DN,flt,FALSE,up,TRUE,ig,0,o_pos,0,o_hw,0,o_i,NA,o_up,FALSE,why,NO_COG
[2026-09-19T17:35:55.349] Cog0  BM-TS,seq,453,tid,2,k,111,lt,FALSE,pos,-42,hw,-42,i,463,ph,2_736,d,14_180,e,-51,st,SPIN_DN,flt,FALSE,up,TRUE,ig,0,o_pos,0,o_hw,0,o_i,NA,o_up,FALSE,why,NO_COG
[2026-09-19T17:35:55.351] Cog0  BM-TS,seq,454,tid,2,k,112,lt,FALSE,pos,-42,hw,-42,i,460,ph,2_535,d,14_132,e,-66,st,SPIN_DN,flt,FALSE,up,TRUE,ig,0,o_pos,0,o_hw,0,o_i,NA,o_up,FALSE,why,NO_COG
[2026-09-19T17:35:55.353] Cog0  BM-TS,seq,455,tid,2,k,113,lt,FALSE,pos,-43,hw,-43,i,449,ph,2_263,d,14_044,e,-38,st,SPIN_DN,flt,FALSE,up,TRUE,ig,0,o_pos,0,o_hw,0,o_i,NA,o_up,FALSE,why,NO_COG
[2026-09-19T17:35:55.355] Cog0  BM-TS,seq,456,tid,2,k,114,lt,FALSE,pos,-43,hw,-43,i,422,ph,2_041,d,13_985,e,-53,st,SPIN_DN,flt,FALSE,up,TRUE,ig,0,o_pos,0,o_hw,0,o_i,NA,o_up,FALSE,why,NO_COG
[2026-09-19T17:35:55.357] Cog0  BM-TS,seq,457,tid,2,k,115,lt,FALSE,pos,-43,hw,-43,i,443,ph,2_261,d,13_937,e,-67,st,SPIN_DN,flt,FALSE,up,TRUE,ig,0,o_pos,0,o_hw,0,o_i,NA,o_up,FALSE,why,NO_COG
[2026-09-19T17:35:55.359] Cog0  BM-TS,seq,458,tid,2,k,116,lt,FALSE,pos,-44,hw,-44,i,456,ph,2_468,d,13_855,e,-35,st,SPIN_DN,flt,FALSE,up,TRUE,ig,0,o_pos,0,o_hw,0,o_i,NA,o_up,FALSE,why,NO_COG
[2026-09-19T17:35:55.362] Cog0  BM-TS,seq,459,tid,2,k,117,lt,FALSE,pos,-44,hw,-44,i,422,ph,2_688,d,13_785,e,-50,st,SPIN_DN,flt,FALSE,up,TRUE,ig,0,o_pos,0,o_hw,0,o_i,NA,o_up,FALSE,why,NO_COG
[2026-09-19T17:35:55.363] Cog0  BM-TS,seq,460,tid,2,k,118,lt,FALSE,pos,-44,hw,-44,i,423,ph,2_545,d,13_737,e,-64,st,SPIN_DN,flt,FALSE,up,TRUE,ig,0,o_pos,0,o_hw,0,o_i,NA,o_up,FALSE,why,NO_COG
[2026-09-19T17:35:55.365] Cog0  BM-TS,seq,461,tid,2,k,119,lt,FALSE,pos,-45,hw,-45,i,423,ph,2_286,d,13_658,e,-36,st,SPIN_DN,flt,FALSE,up,TRUE,ig,0,o_pos,0,o_hw,0,o_i,NA,o_up,FALSE,why,NO_COG
[2026-09-19T17:35:55.368] Cog0  BM-TS,seq,462,tid,2,k,120,lt,FALSE,pos,-45,hw,-45,i,400,ph,2_086,d,13_576,e,-50,st,SPIN_DN,flt,FALSE,up,TRUE,ig,0,o_pos,0,o_hw,0,o_i,NA,o_up,FALSE,why,NO_COG
[2026-09-19T17:35:55.369] Cog0  BM-TS,seq,463,tid,2,k,121,lt,FALSE,pos,-45,hw,-45,i,422,ph,2_234,d,13_528,e,-65,st,SPIN_DN,flt,FALSE,up,TRUE,ig,0,o_pos,0,o_hw,0,o_i,NA,o_up,FALSE,why,NO_COG
[2026-09-19T17:35:55.372] Cog0  BM-TS,seq,464,tid,2,k,122,lt,FALSE,pos,-46,hw,-46,i,429,ph,2_438,d,13_475,e,-33,st,SPIN_DN,flt,FALSE,up,TRUE,ig,0,o_pos,0,o_hw,0,o_i,NA,o_up,FALSE,why,NO_COG
[2026-09-19T17:35:55.374] Cog0  BM-TS,seq,465,tid,2,k,123,lt,FALSE,pos,-46,hw,-46,i,396,ph,2_663,d,13_382,e,-47,st,SPIN_DN,flt,FALSE,up,TRUE,ig,0,o_pos,0,o_hw,0,o_i,NA,o_up,FALSE,why,NO_COG
[2026-09-19T17:35:55.375] Cog0  BM-TS,seq,466,tid,2,k,124,lt,FALSE,pos,-46,hw,-46,i,383,ph,2_623,d,13_334,e,-61,st,SPIN_DN,flt,FALSE,up,TRUE,ig,0,o_pos,0,o_hw,0,o_i,NA,o_up,FALSE,why,NO_COG
[2026-09-19T17:35:55.378] Cog0  BM-TS,seq,467,tid,2,k,125,lt,FALSE,pos,-47,hw,-47,i,383,ph,2_370,d,13_267,e,-32,st,SPIN_DN,flt,FALSE,up,TRUE,ig,0,o_pos,0,o_hw,0,o_i,NA,o_up,FALSE,why,NO_COG
[2026-09-19T17:35:55.380] Cog0  BM-TS,seq,468,tid,2,k,126,lt,FALSE,pos,-47,hw,-47,i,365,ph,2_161,d,13_162,e,-46,st,SPIN_DN,flt,FALSE,up,TRUE,ig,0,o_pos,0,o_hw,0,o_i,NA,o_up,FALSE,why,NO_COG
[2026-09-19T17:35:55.381] Cog0  BM-TS,seq,469,tid,2,k,127,lt,FALSE,pos,-47,hw,-47,i,386,ph,2_152,d,13_114,e,-60,st,SPIN_DN,flt,FALSE,up,TRUE,ig,0,o_pos,0,o_hw,0,o_i,NA,o_up,FALSE,why,NO_COG
[2026-09-19T17:35:55.384] Cog0  BM-TS,seq,470,tid,2,k,128,lt,FALSE,pos,-47,hw,-47,i,397,ph,2_386,d,13_078,e,-71,st,SPIN_DN,flt,FALSE,up,TRUE,ig,0,o_pos,0,o_hw,0,o_i,NA,o_up,FALSE,why,NO_COG
[2026-09-19T17:35:55.386] Cog0  BM-TS,seq,471,tid,2,k,129,lt,FALSE,pos,-48,hw,-48,i,370,ph,2_589,d,12_967,e,-42,st,SPIN_DN,flt,FALSE,up,TRUE,ig,0,o_pos,0,o_hw,0,o_i,NA,o_up,FALSE,why,NO_COG
[2026-09-19T17:35:55.388] Cog0  BM-TS,seq,472,tid,2,k,130,lt,FALSE,pos,-48,hw,-48,i,345,ph,2_671,d,12_919,e,-56,st,SPIN_DN,flt,FALSE,up,TRUE,ig,0,o_pos,0,o_hw,0,o_i,NA,o_up,FALSE,why,NO_COG
[2026-09-19T17:35:55.390] Cog0  BM-TS,seq,473,tid,2,k,131,lt,FALSE,pos,-48,hw,-48,i,359,ph,2_446,d,12_871,e,-70,st,SPIN_DN,flt,FALSE,up,TRUE,ig,0,o_pos,0,o_hw,0,o_i,NA,o_up,FALSE,why,NO_COG
[2026-09-19T17:35:55.392] Cog0  BM-TS,seq,474,tid,2,k,132,lt,FALSE,pos,-49,hw,-49,i,353,ph,2_242,d,12_759,e,-41,st,SPIN_DN,flt,FALSE,up,TRUE,ig,0,o_pos,0,o_hw,0,o_i,NA,o_up,FALSE,why,NO_COG
[2026-09-19T17:35:55.393] Cog0  BM-TS,seq,475,tid,2,k,133,lt,FALSE,pos,-49,hw,-49,i,350,ph,2_089,d,12_693,e,-55,st,SPIN_DN,flt,FALSE,up,TRUE,ig,0,o_pos,0,o_hw,0,o_i,NA,o_up,FALSE,why,NO_COG
[2026-09-19T17:35:55.396] Cog0  BM-TS,seq,476,tid,2,k,134,lt,FALSE,pos,-49,hw,-49,i,352,ph,2_245,d,12_657,e,-65,st,SPIN_DN,flt,FALSE,up,TRUE,ig,0,o_pos,0,o_hw,0,o_i,NA,o_up,FALSE,why,NO_COG
[2026-09-19T17:35:55.398] Cog0  BM-TS,seq,477,tid,2,k,135,lt,FALSE,pos,-50,hw,-50,i,337,ph,2_473,d,12_568,e,-36,st,SPIN_DN,flt,FALSE,up,TRUE,ig,0,o_pos,0,o_hw,0,o_i,NA,o_up,FALSE,why,NO_COG
[2026-09-19T17:35:55.400] Cog0  BM-TS,seq,478,tid,2,k,136,lt,FALSE,pos,-50,hw,-50,i,308,ph,2_664,d,12_495,e,-49,st,SPIN_DN,flt,FALSE,up,TRUE,ig,0,o_pos,0,o_hw,0,o_i,NA,o_up,FALSE,why,NO_COG
[2026-09-19T17:35:55.402] Cog0  BM-TS,seq,479,tid,2,k,137,lt,FALSE,pos,-50,hw,-50,i,313,ph,2_558,d,12_451,e,-63,st,SPIN_DN,flt,FALSE,up,TRUE,ig,0,o_pos,0,o_hw,0,o_i,NA,o_up,FALSE,why,NO_COG
[2026-09-19T17:35:55.404] Cog0  BM-TS,seq,480,tid,2,k,138,lt,FALSE,pos,-51,hw,-51,i,331,ph,2_332,d,12_395,e,-34,st,SPIN_DN,flt,FALSE,up,TRUE,ig,0,o_pos,0,o_hw,0,o_i,NA,o_up,FALSE,why,NO_COG
[2026-09-19T17:35:55.406] Cog0  BM-TS,seq,481,tid,2,k,139,lt,FALSE,pos,-51,hw,-51,i,331,ph,2_198,d,12_300,e,-44,st,SPIN_DN,flt,FALSE,up,TRUE,ig,0,o_pos,0,o_hw,0,o_i,NA,o_up,FALSE,why,NO_COG
[2026-09-19T17:35:55.408] Cog0  BM-TS,seq,482,tid,2,k,140,lt,FALSE,pos,-51,hw,-51,i,303,ph,2_147,d,12_256,e,-57,st,SPIN_DN,flt,FALSE,up,TRUE,ig,0,o_pos,0,o_hw,0,o_i,NA,o_up,FALSE,why,NO_COG
[2026-09-19T17:35:55.410] Cog0  BM-TS,seq,483,tid,2,k,141,lt,FALSE,pos,-51,hw,-51,i,314,ph,2_371,d,12_212,e,-71,st,SPIN_DN,flt,FALSE,up,TRUE,ig,0,o_pos,0,o_hw,0,o_i,NA,o_up,FALSE,why,NO_COG
[2026-09-19T17:35:55.412] Cog0  BM-TS,seq,484,tid,2,k,142,lt,FALSE,pos,-52,hw,-52,i,298,ph,2_563,d,12_102,e,-41,st,SPIN_DN,flt,FALSE,up,TRUE,ig,0,o_pos,0,o_hw,0,o_i,NA,o_up,FALSE,why,NO_COG
[2026-09-19T17:35:55.414] Cog0  BM-TS,seq,485,tid,2,k,143,lt,FALSE,pos,-52,hw,-52,i,280,ph,2_675,d,12_047,e,-55,st,SPIN_DN,flt,FALSE,up,TRUE,ig,0,o_pos,0,o_hw,0,o_i,NA,o_up,FALSE,why,NO_COG
[2026-09-19T17:35:55.416] Cog0  BM-TS,seq,486,tid,2,k,144,lt,FALSE,pos,-52,hw,-52,i,302,ph,2_496,d,12_003,e,-68,st,SPIN_DN,flt,FALSE,up,TRUE,ig,0,o_pos,0,o_hw,0,o_i,NA,o_up,FALSE,why,NO_COG
[2026-09-19T17:35:55.418] Cog0  BM-TS,seq,487,tid,2,k,145,lt,FALSE,pos,-53,hw,-53,i,303,ph,2_337,d,11_940,e,-35,st,SPIN_DN,flt,FALSE,up,TRUE,ig,0,o_pos,0,o_hw,0,o_i,NA,o_up,FALSE,why,NO_COG
[2026-09-19T17:35:55.420] Cog0  BM-TS,seq,488,tid,2,k,146,lt,FALSE,pos,-53,hw,-53,i,277,ph,2_175,d,11_874,e,-48,st,SPIN_DN,flt,FALSE,up,TRUE,ig,0,o_pos,0,o_hw,0,o_i,NA,o_up,FALSE,why,NO_COG
[2026-09-19T17:35:55.422] Cog0  BM-TS,seq,489,tid,2,k,147,lt,FALSE,pos,-53,hw,-53,i,264,ph,2_231,d,11_830,e,-61,st,SPIN_DN,flt,FALSE,up,TRUE,ig,0,o_pos,0,o_hw,0,o_i,NA,o_up,FALSE,why,NO_COG
[2026-09-19T17:35:55.424] Cog0  BM-TS,seq,490,tid,2,k,148,lt,FALSE,pos,-53,hw,-53,i,279,ph,2_447,d,11_786,e,-74,st,SPIN_DN,flt,FALSE,up,TRUE,ig,0,o_pos,0,o_hw,0,o_i,NA,o_up,FALSE,why,NO_COG
[2026-09-19T17:35:55.426] Cog0  BM-TS,seq,491,tid,2,k,149,lt,FALSE,pos,-54,hw,-54,i,269,ph,2_604,d,11_670,e,-45,st,SPIN_DN,flt,FALSE,up,TRUE,ig,0,o_pos,0,o_hw,0,o_i,NA,o_up,FALSE,why,NO_COG
[2026-09-19T17:35:55.428] Cog0  BM-TS,seq,492,tid,2,k,150,lt,FALSE,pos,-54,hw,-54,i,272,ph,2_676,d,11_626,e,-58,st,SPIN_DN,flt,FALSE,up,TRUE,ig,0,o_pos,0,o_hw,0,o_i,NA,o_up,FALSE,why,NO_COG
[2026-09-19T17:35:55.430] Cog0  BM-TS,seq,493,tid,2,k,151,lt,FALSE,pos,-54,hw,-54,i,277,ph,2_502,d,11_593,e,-67,st,SPIN_DN,flt,FALSE,up,TRUE,ig,0,o_pos,0,o_hw,0,o_i,NA,o_up,FALSE,why,NO_COG
[2026-09-19T17:35:55.432] Cog0  BM-TS,seq,494,tid,2,k,152,lt,FALSE,pos,-55,hw,-55,i,264,ph,2_286,d,11_508,e,-38,st,SPIN_DN,flt,FALSE,up,TRUE,ig,0,o_pos,0,o_hw,0,o_i,NA,o_up,FALSE,why,NO_COG
[2026-09-19T17:35:55.434] Cog0  BM-TS,seq,495,tid,2,k,153,lt,FALSE,pos,-55,hw,-55,i,247,ph,2_141,d,11_438,e,-50,st,SPIN_DN,flt,FALSE,up,TRUE,ig,0,o_pos,0,o_hw,0,o_i,NA,o_up,FALSE,why,NO_COG
[2026-09-19T17:35:55.436] Cog0  BM-TS,seq,496,tid,2,k,154,lt,FALSE,pos,-55,hw,-55,i,242,ph,2_227,d,11_394,e,-63,st,SPIN_DN,flt,FALSE,up,TRUE,ig,0,o_pos,0,o_hw,0,o_i,NA,o_up,FALSE,why,NO_COG
[2026-09-19T17:35:55.438] Cog0  BM-TS,seq,497,tid,2,k,155,lt,FALSE,pos,-55,hw,-55,i,260,ph,2_442,d,11_350,e,-76,st,SPIN_DN,flt,FALSE,up,TRUE,ig,0,o_pos,0,o_hw,0,o_i,NA,o_up,FALSE,why,NO_COG
[2026-09-19T17:35:55.440] Cog0  BM-TS,seq,498,tid,2,k,156,lt,FALSE,pos,-56,hw,-56,i,260,ph,2_606,d,11_246,e,-46,st,SPIN_DN,flt,FALSE,up,TRUE,ig,0,o_pos,0,o_hw,0,o_i,NA,o_up,FALSE,why,NO_COG
[2026-09-19T17:35:55.442] Cog0  BM-TS,seq,499,tid,2,k,157,lt,FALSE,pos,-56,hw,-56,i,237,ph,2_630,d,11_213,e,-55,st,SPIN_DN,flt,FALSE,up,TRUE,ig,0,o_pos,0,o_hw,0,o_i,NA,o_up,FALSE,why,NO_COG
[2026-09-19T17:35:55.444] Cog0  BM-TS,seq,500,tid,2,k,158,lt,FALSE,pos,-56,hw,-56,i,243,ph,2_474,d,11_169,e,-68,st,SPIN_DN,flt,FALSE,up,TRUE,ig,0,o_pos,0,o_hw,0,o_i,NA,o_up,FALSE,why,NO_COG
[2026-09-19T17:35:55.446] Cog0  BM-TS,seq,501,tid,2,k,159,lt,FALSE,pos,-57,hw,-57,i,235,ph,2_300,d,11_076,e,-38,st,SPIN_DN,flt,FALSE,up,TRUE,ig,0,o_pos,0,o_hw,0,o_i,NA,o_up,FALSE,why,NO_COG
[2026-09-19T17:35:55.448] Cog0  BM-TS,seq,502,tid,2,k,160,lt,FALSE,pos,-57,hw,-57,i,220,ph,2_142,d,11_001,e,-50,st,SPIN_DN,flt,FALSE,up,TRUE,ig,0,o_pos,0,o_hw,0,o_i,NA,o_up,FALSE,why,NO_COG
[2026-09-19T17:35:55.450] Cog0  BM-TS,seq,503,tid,2,k,161,lt,FALSE,pos,-57,hw,-57,i,221,ph,2_256,d,10_957,e,-63,st,SPIN_DN,flt,FALSE,up,TRUE,ig,0,o_pos,0,o_hw,0,o_i,NA,o_up,FALSE,why,NO_COG
[2026-09-19T17:35:55.452] Cog0  BM-TS,seq,504,tid,2,k,162,lt,FALSE,pos,-57,hw,-57,i,244,ph,2_403,d,10_913,e,-75,st,SPIN_DN,flt,FALSE,up,TRUE,ig,0,o_pos,0,o_hw,0,o_i,NA,o_up,FALSE,why,NO_COG
[2026-09-19T17:35:55.454] Cog0  BM-TS,seq,505,tid,2,k,163,lt,FALSE,pos,-58,hw,-58,i,228,ph,2_562,d,10_820,e,-42,st,SPIN_DN,flt,FALSE,up,TRUE,ig,0,o_pos,0,o_hw,0,o_i,NA,o_up,FALSE,why,NO_COG
[2026-09-19T17:35:55.456] Cog0  BM-TS,seq,506,tid,2,k,164,lt,FALSE,pos,-58,hw,-58,i,208,ph,2_674,d,10_776,e,-54,st,SPIN_DN,flt,FALSE,up,TRUE,ig,0,o_pos,0,o_hw,0,o_i,NA,o_up,FALSE,why,NO_COG
[2026-09-19T17:35:55.457] Cog0  BM-TS,seq,507,tid,2,k,165,lt,FALSE,pos,-58,hw,-58,i,211,ph,2_525,d,10_732,e,-66,st,SPIN_DN,flt,FALSE,up,TRUE,ig,0,o_pos,0,o_hw,0,o_i,NA,o_up,FALSE,why,NO_COG
[2026-09-19T17:35:55.460] Cog0  BM-TS,seq,508,tid,2,k,166,lt,FALSE,pos,-59,hw,-59,i,213,ph,2_337,d,10_654,e,-36,st,SPIN_DN,flt,FALSE,up,TRUE,ig,0,o_pos,0,o_hw,0,o_i,NA,o_up,FALSE,why,NO_COG
[2026-09-19T17:35:55.462] Cog0  BM-TS,seq,509,tid,2,k,167,lt,FALSE,pos,-59,hw,-59,i,208,ph,2_200,d,10_574,e,-48,st,SPIN_DN,flt,FALSE,up,TRUE,ig,0,o_pos,0,o_hw,0,o_i,NA,o_up,FALSE,why,NO_COG
[2026-09-19T17:35:55.464] Cog0  BM-TS,seq,510,tid,2,k,168,lt,FALSE,pos,-59,hw,-59,i,203,ph,2_201,d,10_541,e,-57,st,SPIN_DN,flt,FALSE,up,TRUE,ig,0,o_pos,0,o_hw,0,o_i,NA,o_up,FALSE,why,NO_COG
[2026-09-19T17:35:55.466] Cog0  BM-TS,seq,511,tid,2,k,169,lt,FALSE,pos,-59,hw,-59,i,214,ph,2_361,d,10_497,e,-69,st,SPIN_DN,flt,FALSE,up,TRUE,ig,0,o_pos,0,o_hw,0,o_i,NA,o_up,FALSE,why,NO_COG
[2026-09-19T17:35:55.468] Cog0  BM-TS,seq,512,tid,2,k,170,lt,FALSE,pos,-60,hw,-60,i,198,ph,2_520,d,10_401,e,-39,st,SPIN_DN,flt,FALSE,up,TRUE,ig,0,o_pos,0,o_hw,0,o_i,NA,o_up,FALSE,why,NO_COG
[2026-09-19T17:35:55.470] Cog0  BM-TS,seq,513,tid,2,k,171,lt,FALSE,pos,-60,hw,-60,i,181,ph,2_660,d,10_350,e,-51,st,SPIN_DN,flt,FALSE,up,TRUE,ig,0,o_pos,0,o_hw,0,o_i,NA,o_up,FALSE,why,NO_COG
[2026-09-19T17:35:55.472] Cog0  BM-TS,seq,514,tid,2,k,172,lt,FALSE,pos,-60,hw,-60,i,179,ph,2_561,d,10_306,e,-63,st,SPIN_DN,flt,FALSE,up,TRUE,ig,0,o_pos,0,o_hw,0,o_i,NA,o_up,FALSE,why,NO_COG
[2026-09-19T17:35:55.474] Cog0  BM-TS,seq,515,tid,2,k,173,lt,FALSE,pos,-60,hw,-60,i,205,ph,2_387,d,10_262,e,-75,st,SPIN_DN,flt,FALSE,up,TRUE,ig,0,o_pos,0,o_hw,0,o_i,NA,o_up,FALSE,why,NO_COG
[2026-09-19T17:35:55.476] Cog0  BM-TS,seq,516,tid,2,k,174,lt,FALSE,pos,-61,hw,-61,i,196,ph,2_277,d,10_160,e,-41,st,SPIN_DN,flt,FALSE,up,TRUE,ig,0,o_pos,0,o_hw,0,o_i,NA,o_up,FALSE,why,NO_COG
[2026-09-19T17:35:55.478] Cog0  BM-TS,seq,517,tid,2,k,175,lt,FALSE,pos,-61,hw,-61,i,174,ph,2_155,d,10_116,e,-53,st,SPIN_DN,flt,FALSE,up,TRUE,ig,0,o_pos,0,o_hw,0,o_i,NA,o_up,FALSE,why,NO_COG
[2026-09-19T17:35:55.480] Cog0  BM-TS,seq,518,tid,2,k,176,lt,FALSE,pos,-61,hw,-61,i,174,ph,2_273,d,10_072,e,-64,st,SPIN_DN,flt,FALSE,up,TRUE,ig,0,o_pos,0,o_hw,0,o_i,NA,o_up,FALSE,why,NO_COG
[2026-09-19T17:35:55.482] Cog0  BM-TS,seq,519,tid,2,k,177,lt,FALSE,pos,-62,hw,-62,i,176,ph,2_447,d,10_023,e,-33,st,SPIN_DN,flt,FALSE,up,TRUE,ig,0,o_pos,0,o_hw,0,o_i,NA,o_up,FALSE,why,NO_COG
[2026-09-19T17:35:55.484] Cog0  BM-TS,seq,520,tid,2,k,178,lt,FALSE,pos,-62,hw,-62,i,166,ph,2_569,d,9_923,e,-45,st,SPIN_DN,flt,FALSE,up,TRUE,ig,0,o_pos,0,o_hw,0,o_i,NA,o_up,FALSE,why,NO_COG
[2026-09-19T17:35:55.486] Cog0  BM-TS,seq,521,tid,2,k,179,lt,FALSE,pos,-62,hw,-62,i,170,ph,2_641,d,9_879,e,-57,st,SPIN_DN,flt,FALSE,up,TRUE,ig,0,o_pos,0,o_hw,0,o_i,NA,o_up,FALSE,why,NO_COG
[2026-09-19T17:35:55.488] Cog0  BM-TS,seq,522,tid,2,k,180,lt,FALSE,pos,-62,hw,-62,i,172,ph,2_515,d,9_846,e,-65,st,SPIN_DN,flt,FALSE,up,TRUE,ig,0,o_pos,0,o_hw,0,o_i,NA,o_up,FALSE,why,NO_COG
[2026-09-19T17:35:55.490] Cog0  BM-TS,seq,523,tid,2,k,181,lt,FALSE,pos,-63,hw,-63,i,172,ph,2_355,d,9_784,e,-34,st,SPIN_DN,flt,FALSE,up,TRUE,ig,0,o_pos,0,o_hw,0,o_i,NA,o_up,FALSE,why,NO_COG
[2026-09-19T17:35:55.492] Cog0  BM-TS,seq,524,tid,2,k,182,lt,FALSE,pos,-63,hw,-63,i,156,ph,2_224,d,9_691,e,-46,st,SPIN_DN,flt,FALSE,up,TRUE,ig,0,o_pos,0,o_hw,0,o_i,NA,o_up,FALSE,why,NO_COG
[2026-09-19T17:35:55.494] Cog0  BM-TS,seq,525,tid,2,k,183,lt,FALSE,pos,-63,hw,-63,i,143,ph,2_209,d,9_647,e,-57,st,SPIN_DN,flt,FALSE,up,TRUE,ig,0,o_pos,0,o_hw,0,o_i,NA,o_up,FALSE,why,NO_COG
[2026-09-19T17:35:55.496] Cog0  BM-TS,seq,526,tid,2,k,184,lt,FALSE,pos,-63,hw,-63,i,148,ph,2_334,d,9_603,e,-69,st,SPIN_DN,flt,FALSE,up,TRUE,ig,0,o_pos,0,o_hw,0,o_i,NA,o_up,FALSE,why,NO_COG
[2026-09-19T17:35:55.498] Cog0  BM-TS,seq,527,tid,2,k,185,lt,FALSE,pos,-64,hw,-64,i,158,ph,2_467,d,9_545,e,-37,st,SPIN_DN,flt,FALSE,up,TRUE,ig,0,o_pos,0,o_hw,0,o_i,NA,o_up,FALSE,why,NO_COG
[2026-09-19T17:35:55.500] Cog0  BM-TS,seq,528,tid,2,k,186,lt,FALSE,pos,-64,hw,-64,i,148,ph,2_597,d,9_471,e,-46,st,SPIN_DN,flt,FALSE,up,TRUE,ig,0,o_pos,0,o_hw,0,o_i,NA,o_up,FALSE,why,NO_COG
[2026-09-19T17:35:55.502] Cog0  BM-TS,seq,529,tid,2,k,187,lt,FALSE,pos,-64,hw,-64,i,138,ph,2_612,d,9_431,e,-57,st,SPIN_DN,flt,FALSE,up,TRUE,ig,0,o_pos,0,o_hw,0,o_i,NA,o_up,FALSE,why,NO_COG
[2026-09-19T17:35:55.504] Cog0  BM-TS,seq,530,tid,2,k,188,lt,FALSE,pos,-64,hw,-64,i,142,ph,2_489,d,9_391,e,-68,st,SPIN_DN,flt,FALSE,up,TRUE,ig,0,o_pos,0,o_hw,0,o_i,NA,o_up,FALSE,why,NO_COG
[2026-09-19T17:35:55.506] Cog0  BM-TS,seq,531,tid,2,k,189,lt,FALSE,pos,-65,hw,-65,i,140,ph,2_330,d,9_331,e,-37,st,SPIN_DN,flt,FALSE,up,TRUE,ig,0,o_pos,0,o_hw,0,o_i,NA,o_up,FALSE,why,NO_COG
[2026-09-19T17:35:55.508] Cog0  BM-TS,seq,532,tid,2,k,190,lt,FALSE,pos,-65,hw,-65,i,138,ph,2_231,d,9_255,e,-48,st,SPIN_DN,flt,FALSE,up,TRUE,ig,0,o_pos,0,o_hw,0,o_i,NA,o_up,FALSE,why,NO_COG
[2026-09-19T17:35:55.510] Cog0  BM-TS,seq,533,tid,2,k,191,lt,FALSE,pos,-65,hw,-65,i,134,ph,2_219,d,9_225,e,-56,st,SPIN_DN,flt,FALSE,up,TRUE,ig,0,o_pos,0,o_hw,0,o_i,NA,o_up,FALSE,why,NO_COG
[2026-09-19T17:35:55.512] Cog0  BM-TS,seq,534,tid,2,k,192,lt,FALSE,pos,-65,hw,-65,i,142,ph,2_346,d,9_185,e,-67,st,SPIN_DN,flt,FALSE,up,TRUE,ig,0,o_pos,0,o_hw,0,o_i,NA,o_up,FALSE,why,NO_COG
[2026-09-19T17:35:55.514] Cog0  BM-TS,seq,535,tid,2,k,193,lt,FALSE,pos,-66,hw,-66,i,138,ph,2_481,d,9_125,e,-36,st,SPIN_DN,flt,FALSE,up,TRUE,ig,0,o_pos,0,o_hw,0,o_i,NA,o_up,FALSE,why,NO_COG
[2026-09-19T17:35:55.516] Cog0  BM-TS,seq,536,tid,2,k,194,lt,FALSE,pos,-66,hw,-66,i,125,ph,2_585,d,9_034,e,-47,st,SPIN_DN,flt,FALSE,up,TRUE,ig,0,o_pos,0,o_hw,0,o_i,NA,o_up,FALSE,why,NO_COG
[2026-09-19T17:35:55.518] Cog0  BM-TS,seq,537,tid,2,k,195,lt,FALSE,pos,-66,hw,-66,i,119,ph,2_597,d,8_994,e,-57,st,SPIN_DN,flt,FALSE,up,TRUE,ig,0,o_pos,0,o_hw,0,o_i,NA,o_up,FALSE,why,NO_COG
[2026-09-19T17:35:55.520] Cog0  BM-TS,seq,538,tid,2,k,196,lt,FALSE,pos,-66,hw,-66,i,128,ph,2_484,d,8_954,e,-68,st,SPIN_DN,flt,FALSE,up,TRUE,ig,0,o_pos,0,o_hw,0,o_i,NA,o_up,FALSE,why,NO_COG
[2026-09-19T17:35:55.522] Cog0  BM-TS,seq,539,tid,2,k,197,lt,FALSE,pos,-67,hw,-67,i,130,ph,2_373,d,8_909,e,-34,st,SPIN_DN,flt,FALSE,up,TRUE,ig,0,o_pos,0,o_hw,0,o_i,NA,o_up,FALSE,why,NO_COG
[2026-09-19T17:35:55.524] Cog0  BM-TS,seq,540,tid,2,k,198,lt,FALSE,pos,-67,hw,-67,i,116,ph,2_246,d,8_825,e,-45,st,SPIN_DN,flt,FALSE,up,TRUE,ig,0,o_pos,0,o_hw,0,o_i,NA,o_up,FALSE,why,NO_COG
[2026-09-19T17:35:55.526] Cog0  BM-TS,seq,541,tid,2,k,199,lt,FALSE,pos,-67,hw,-67,i,110,ph,2_203,d,8_785,e,-55,st,SPIN_DN,flt,FALSE,up,TRUE,ig,0,o_pos,0,o_hw,0,o_i,NA,o_up,FALSE,why,NO_COG
[2026-09-19T17:35:55.528] Cog0  BM-TS,seq,542,tid,2,k,200,lt,FALSE,pos,-67,hw,-67,i,118,ph,2_310,d,8_745,e,-66,st,SPIN_DN,flt,FALSE,up,TRUE,ig,0,o_pos,0,o_hw,0,o_i,NA,o_up,FALSE,why,NO_COG
[2026-09-19T17:35:55.530] Cog0  BM-TS,seq,543,tid,2,k,201,lt,FALSE,pos,-67,hw,-67,i,122,ph,2_435,d,8_705,e,-77,st,SPIN_DN,flt,FALSE,up,TRUE,ig,0,o_pos,0,o_hw,0,o_i,NA,o_up,FALSE,why,NO_COG
[2026-09-19T17:35:55.533] Cog0  BM-TS,seq,544,tid,2,k,202,lt,FALSE,pos,-68,hw,-68,i,117,ph,2_547,d,8_608,e,-44,st,SPIN_DN,flt,FALSE,up,TRUE,ig,0,o_pos,0,o_hw,0,o_i,NA,o_up,FALSE,why,NO_COG
[2026-09-19T17:35:55.534] Cog0  BM-TS,seq,545,tid,2,k,203,lt,FALSE,pos,-68,hw,-68,i,111,ph,2_624,d,8_578,e,-52,st,SPIN_DN,flt,FALSE,up,TRUE,ig,0,o_pos,0,o_hw,0,o_i,NA,o_up,FALSE,why,NO_COG
[2026-09-19T17:35:55.536] Cog0  BM-TS,seq,546,tid,2,k,204,lt,FALSE,pos,-68,hw,-68,i,106,ph,2_522,d,8_538,e,-63,st,SPIN_DN,flt,FALSE,up,TRUE,ig,0,o_pos,0,o_hw,0,o_i,NA,o_up,FALSE,why,NO_COG
[2026-09-19T17:35:55.537] Cog0  BM-TS,seq,547,tid,2,k,205,lt,FALSE,pos,-68,hw,-68,i,115,ph,2_398,d,8_498,e,-73,st,SPIN_DN,flt,FALSE,up,TRUE,ig,0,o_pos,0,o_hw,0,o_i,NA,o_up,FALSE,why,NO_COG
[2026-09-19T17:35:55.540] Cog0  BM-TS,seq,548,tid,2,k,206,lt,FALSE,pos,-69,hw,-69,i,102,ph,2_294,d,8_402,e,-41,st,SPIN_DN,flt,FALSE,up,TRUE,ig,0,o_pos,0,o_hw,0,o_i,NA,o_up,FALSE,why,NO_COG
[2026-09-19T17:35:55.542] Cog0  BM-TS,seq,549,tid,2,k,207,lt,FALSE,pos,-69,hw,-69,i,98,ph,2_192,d,8_349,e,-51,st,SPIN_DN,flt,FALSE,up,TRUE,ig,0,o_pos,0,o_hw,0,o_i,NA,o_up,FALSE,why,NO_COG
[2026-09-19T17:35:55.544] Cog0  BM-TS,seq,550,tid,2,k,208,lt,FALSE,pos,-69,hw,-69,i,99,ph,2_251,d,8_309,e,-62,st,SPIN_DN,flt,FALSE,up,TRUE,ig,0,o_pos,0,o_hw,0,o_i,NA,o_up,FALSE,why,NO_COG
[2026-09-19T17:35:55.546] Cog0  BM-TS,seq,551,tid,2,k,209,lt,FALSE,pos,-69,hw,-69,i,108,ph,2_363,d,8_279,e,-69,st,SPIN_DN,flt,FALSE,up,TRUE,ig,0,o_pos,0,o_hw,0,o_i,NA,o_up,FALSE,why,NO_COG
[2026-09-19T17:35:55.548] Cog0  BM-TS,seq,552,tid,2,k,210,lt,FALSE,pos,-70,hw,-70,i,100,ph,2_488,d,8_212,e,-37,st,SPIN_DN,flt,FALSE,up,TRUE,ig,0,o_pos,0,o_hw,0,o_i,NA,o_up,FALSE,why,NO_COG
[2026-09-19T17:35:55.550] Cog0  BM-TS,seq,553,tid,2,k,211,lt,FALSE,pos,-70,hw,-70,i,87,ph,2_578,d,8_144,e,-47,st,SPIN_DN,flt,FALSE,up,TRUE,ig,0,o_pos,0,o_hw,0,o_i,NA,o_up,FALSE,why,NO_COG
[2026-09-19T17:35:55.552] Cog0  BM-TS,seq,554,tid,2,k,212,lt,FALSE,pos,-70,hw,-70,i,80,ph,2_580,d,8_104,e,-57,st,SPIN_DN,flt,FALSE,up,TRUE,ig,0,o_pos,0,o_hw,0,o_i,NA,o_up,FALSE,why,NO_COG
[2026-09-19T17:35:55.554] Cog0  BM-TS,seq,555,tid,2,k,213,lt,FALSE,pos,-70,hw,-70,i,89,ph,2_488,d,8_064,e,-67,st,SPIN_DN,flt,FALSE,up,TRUE,ig,0,o_pos,0,o_hw,0,o_i,NA,o_up,FALSE,why,NO_COG
[2026-09-19T17:35:55.556] Cog0  BM-TS,seq,556,tid,2,k,214,lt,FALSE,pos,-70,hw,-70,i,100,ph,2_397,d,8_024,e,-77,st,SPIN_DN,flt,FALSE,up,TRUE,ig,0,o_pos,0,o_hw,0,o_i,NA,o_up,FALSE,why,NO_COG
[2026-09-19T17:35:55.558] Cog0  BM-TS,seq,557,tid,2,k,215,lt,FALSE,pos,-71,hw,-71,i,89,ph,2_301,d,7_938,e,-42,st,SPIN_DN,flt,FALSE,up,TRUE,ig,0,o_pos,0,o_hw,0,o_i,NA,o_up,FALSE,why,NO_COG
[2026-09-19T17:35:55.560] Cog0  BM-TS,seq,558,tid,2,k,216,lt,FALSE,pos,-71,hw,-71,i,84,ph,2_220,d,7_898,e,-52,st,SPIN_DN,flt,FALSE,up,TRUE,ig,0,o_pos,0,o_hw,0,o_i,NA,o_up,FALSE,why,NO_COG
[2026-09-19T17:35:55.562] Cog0  BM-TS,seq,559,tid,2,k,217,lt,FALSE,pos,-71,hw,-71,i,81,ph,2_290,d,7_858,e,-62,st,SPIN_DN,flt,FALSE,up,TRUE,ig,0,o_pos,0,o_hw,0,o_i,NA,o_up,FALSE,why,NO_COG
[2026-09-19T17:35:55.564] Cog0  BM-TS,seq,560,tid,2,k,218,lt,FALSE,pos,-71,hw,-71,i,89,ph,2_394,d,7_818,e,-72,st,SPIN_DN,flt,FALSE,up,TRUE,ig,0,o_pos,0,o_hw,0,o_i,NA,o_up,FALSE,why,NO_COG
[2026-09-19T17:35:55.566] Cog0  BM-TS,seq,561,tid,2,k,219,lt,FALSE,pos,-72,hw,-72,i,83,ph,2_489,d,7_752,e,-39,st,SPIN_DN,flt,FALSE,up,TRUE,ig,0,o_pos,0,o_hw,0,o_i,NA,o_up,FALSE,why,NO_COG
[2026-09-19T17:35:55.568] Cog0  BM-TS,seq,562,tid,2,k,220,lt,FALSE,pos,-72,hw,-72,i,78,ph,2_568,d,7_681,e,-46,st,SPIN_DN,flt,FALSE,up,TRUE,ig,0,o_pos,0,o_hw,0,o_i,NA,o_up,FALSE,why,NO_COG
[2026-09-19T17:35:55.570] Cog0  BM-TS,seq,563,tid,2,k,221,lt,FALSE,pos,-72,hw,-72,i,73,ph,2_583,d,7_641,e,-56,st,SPIN_DN,flt,FALSE,up,TRUE,ig,0,o_pos,0,o_hw,0,o_i,NA,o_up,FALSE,why,NO_COG
[2026-09-19T17:35:55.572] Cog0  BM-TS,seq,564,tid,2,k,222,lt,FALSE,pos,-72,hw,-72,i,75,ph,2_490,d,7_601,e,-66,st,SPIN_DN,flt,FALSE,up,TRUE,ig,0,o_pos,0,o_hw,0,o_i,NA,o_up,FALSE,why,NO_COG
[2026-09-19T17:35:55.574] Cog0  BM-TS,seq,565,tid,2,k,223,lt,FALSE,pos,-72,hw,-72,i,81,ph,2_382,d,7_561,e,-75,st,SPIN_DN,flt,FALSE,up,TRUE,ig,0,o_pos,0,o_hw,0,o_i,NA,o_up,FALSE,why,NO_COG
[2026-09-19T17:35:55.576] Cog0  BM-TS,seq,566,tid,2,k,224,lt,FALSE,pos,-73,hw,-73,i,72,ph,2_291,d,7_469,e,-42,st,SPIN_DN,flt,FALSE,up,TRUE,ig,0,o_pos,0,o_hw,0,o_i,NA,o_up,FALSE,why,NO_COG
[2026-09-19T17:35:55.578] Cog0  BM-TS,seq,567,tid,2,k,225,lt,FALSE,pos,-73,hw,-73,i,69,ph,2_219,d,7_429,e,-52,st,SPIN_DN,flt,FALSE,up,TRUE,ig,0,o_pos,0,o_hw,0,o_i,NA,o_up,FALSE,why,NO_COG
[2026-09-19T17:35:55.580] Cog0  BM-TS,seq,568,tid,2,k,226,lt,FALSE,pos,-73,hw,-73,i,65,ph,2_260,d,7_399,e,-59,st,SPIN_DN,flt,FALSE,up,TRUE,ig,0,o_pos,0,o_hw,0,o_i,NA,o_up,FALSE,why,NO_COG
[2026-09-19T17:35:55.582] Cog0  BM-TS,seq,569,tid,2,k,227,lt,FALSE,pos,-73,hw,-73,i,71,ph,2_334,d,7_359,e,-68,st,SPIN_DN,flt,FALSE,up,TRUE,ig,0,o_pos,0,o_hw,0,o_i,NA,o_up,FALSE,why,NO_COG
[2026-09-19T17:35:55.584] Cog0  BM-TS,seq,570,tid,2,k,228,lt,FALSE,pos,-73,hw,-73,i,68,ph,2_451,d,7_319,e,-78,st,SPIN_DN,flt,FALSE,up,TRUE,ig,0,o_pos,0,o_hw,0,o_i,NA,o_up,FALSE,why,NO_COG
[2026-09-19T17:35:55.586] Cog0  BM-TS,seq,571,tid,2,k,229,lt,FALSE,pos,-74,hw,-74,i,62,ph,2_530,d,7_236,e,-44,st,SPIN_DN,flt,FALSE,up,TRUE,ig,0,o_pos,0,o_hw,0,o_i,NA,o_up,FALSE,why,NO_COG
[2026-09-19T17:35:55.588] Cog0  BM-TS,seq,572,tid,2,k,230,lt,FALSE,pos,-74,hw,-74,i,63,ph,2_574,d,7_196,e,-54,st,SPIN_DN,flt,FALSE,up,TRUE,ig,0,o_pos,0,o_hw,0,o_i,NA,o_up,FALSE,why,NO_COG
[2026-09-19T17:35:55.590] Cog0  BM-TS,seq,573,tid,2,k,231,lt,FALSE,pos,-74,hw,-74,i,68,ph,2_528,d,7_156,e,-63,st,SPIN_DN,flt,FALSE,up,TRUE,ig,0,o_pos,0,o_hw,0,o_i,NA,o_up,FALSE,why,NO_COG
[2026-09-19T17:35:55.592] Cog0  BM-TS,seq,574,tid,2,k,232,lt,FALSE,pos,-74,hw,-74,i,71,ph,2_441,d,7_126,e,-70,st,SPIN_DN,flt,FALSE,up,TRUE,ig,0,o_pos,0,o_hw,0,o_i,NA,o_up,FALSE,why,NO_COG
[2026-09-19T17:35:55.594] Cog0  BM-TS,seq,575,tid,2,k,233,lt,FALSE,pos,-75,hw,-75,i,63,ph,2_340,d,7_071,e,-36,st,SPIN_DN,flt,FALSE,up,TRUE,ig,0,o_pos,0,o_hw,0,o_i,NA,o_up,FALSE,why,NO_COG
[2026-09-19T17:35:55.596] Cog0  BM-TS,seq,576,tid,2,k,234,lt,FALSE,pos,-75,hw,-75,i,55,ph,2_273,d,6_981,e,-46,st,SPIN_DN,flt,FALSE,up,TRUE,ig,0,o_pos,0,o_hw,0,o_i,NA,o_up,FALSE,why,NO_COG
[2026-09-19T17:35:55.598] Cog0  BM-TS,seq,577,tid,2,k,235,lt,FALSE,pos,-75,hw,-75,i,53,ph,2_245,d,6_941,e,-55,st,SPIN_DN,flt,FALSE,up,TRUE,ig,0,o_pos,0,o_hw,0,o_i,NA,o_up,FALSE,why,NO_COG
[2026-09-19T17:35:55.600] Cog0  BM-TS,seq,578,tid,2,k,236,lt,FALSE,pos,-75,hw,-75,i,55,ph,2_315,d,6_901,e,-64,st,SPIN_DN,flt,FALSE,up,TRUE,ig,0,o_pos,0,o_hw,0,o_i,NA,o_up,FALSE,why,NO_COG
[2026-09-19T17:35:55.602] Cog0  BM-TS,seq,579,tid,2,k,237,lt,FALSE,pos,-75,hw,-75,i,65,ph,2_375,d,6_861,e,-73,st,SPIN_DN,flt,FALSE,up,TRUE,ig,0,o_pos,0,o_hw,0,o_i,NA,o_up,FALSE,why,NO_COG
[2026-09-19T17:35:55.604] Cog0  BM-TS,seq,580,tid,2,k,238,lt,FALSE,pos,-76,hw,-76,i,59,ph,2_474,d,6_821,e,-37,st,SPIN_DN,flt,FALSE,up,TRUE,ig,0,o_pos,0,o_hw,0,o_i,NA,o_up,FALSE,why,NO_COG
[2026-09-19T17:35:55.606] Cog0  BM-TS,seq,581,tid,2,k,239,lt,FALSE,pos,-76,hw,-76,i,49,ph,2_539,d,6_734,e,-46,st,SPIN_DN,flt,FALSE,up,TRUE,ig,0,o_pos,0,o_hw,0,o_i,NA,o_up,FALSE,why,NO_COG
[2026-09-19T17:35:55.608] Cog0  BM-TS,seq,582,tid,2,k,240,lt,FALSE,pos,-76,hw,-76,i,48,ph,2_573,d,6_694,e,-54,st,SPIN_DN,flt,FALSE,up,TRUE,ig,0,o_pos,0,o_hw,0,o_i,NA,o_up,FALSE,why,NO_COG
[2026-09-19T17:35:55.610] Cog0  BM-TS,seq,583,tid,2,k,241,lt,FALSE,pos,-76,hw,-76,i,51,ph,2_526,d,6_654,e,-63,st,SPIN_DN,flt,FALSE,up,TRUE,ig,0,o_pos,0,o_hw,0,o_i,NA,o_up,FALSE,why,NO_COG
[2026-09-19T17:35:55.612] Cog0  BM-TS,seq,584,tid,2,k,242,lt,FALSE,pos,-76,hw,-76,i,54,ph,2_442,d,6_614,e,-72,st,SPIN_DN,flt,FALSE,up,TRUE,ig,0,o_pos,0,o_hw,0,o_i,NA,o_up,FALSE,why,NO_COG
[2026-09-19T17:35:55.614] Cog0  BM-TS,seq,585,tid,2,k,243,lt,FALSE,pos,-77,hw,-77,i,51,ph,2_377,d,6_571,e,-36,st,SPIN_DN,flt,FALSE,up,TRUE,ig,0,o_pos,0,o_hw,0,o_i,NA,o_up,FALSE,why,NO_COG
[2026-09-19T17:35:55.616] Cog0  BM-TS,seq,586,tid,2,k,244,lt,FALSE,pos,-77,hw,-77,i,43,ph,2_296,d,6_490,e,-45,st,SPIN_DN,flt,FALSE,up,TRUE,ig,0,o_pos,0,o_hw,0,o_i,NA,o_up,FALSE,why,NO_COG
[2026-09-19T17:35:55.618] Cog0  BM-TS,seq,587,tid,2,k,245,lt,FALSE,pos,-77,hw,-77,i,43,ph,2_259,d,6_454,e,-53,st,SPIN_DN,flt,FALSE,up,TRUE,ig,0,o_pos,0,o_hw,0,o_i,NA,o_up,FALSE,why,NO_COG
[2026-09-19T17:35:55.620] Cog0  BM-TS,seq,588,tid,2,k,246,lt,FALSE,pos,-77,hw,-77,i,43,ph,2_314,d,6_418,e,-62,st,SPIN_DN,flt,FALSE,up,TRUE,ig,0,o_pos,0,o_hw,0,o_i,NA,o_up,FALSE,why,NO_COG
[2026-09-19T17:35:55.622] Cog0  BM-TS,seq,589,tid,2,k,247,lt,FALSE,pos,-77,hw,-77,i,51,ph,2_389,d,6_382,e,-70,st,SPIN_DN,flt,FALSE,up,TRUE,ig,0,o_pos,0,o_hw,0,o_i,NA,o_up,FALSE,why,NO_COG
[2026-09-19T17:35:55.624] Cog0  BM-TS,seq,590,tid,2,k,248,lt,FALSE,pos,-77,hw,-77,i,50,ph,2_474,d,6_346,e,-79,st,SPIN_DN,flt,FALSE,up,TRUE,ig,0,o_pos,0,o_hw,0,o_i,NA,o_up,FALSE,why,NO_COG
[2026-09-19T17:35:55.626] Cog0  BM-TS,seq,591,tid,2,k,249,lt,FALSE,pos,-78,hw,-78,i,42,ph,2_515,d,6_271,e,-42,st,SPIN_DN,flt,FALSE,up,TRUE,ig,0,o_pos,0,o_hw,0,o_i,NA,o_up,FALSE,why,NO_COG
[2026-09-19T17:35:55.628] Cog0  BM-TS,seq,592,tid,2,k,250,lt,FALSE,pos,-78,hw,-78,i,38,ph,2_567,d,6_235,e,-51,st,SPIN_DN,flt,FALSE,up,TRUE,ig,0,o_pos,0,o_hw,0,o_i,NA,o_up,FALSE,why,NO_COG
[2026-09-19T17:35:55.628] Cog0  BM-TS,seq,593,tid,2,k,251,lt,FALSE,pos,-78,hw,-78,i,38,ph,2_534,d,6_199,e,-59,st,SPIN_DN,flt,FALSE,up,TRUE,ig,0,o_pos,0,o_hw,0,o_i,NA,o_up,FALSE,why,NO_COG
[2026-09-19T17:35:55.632] Cog0  BM-TS,seq,594,tid,2,k,252,lt,FALSE,pos,-78,hw,-78,i,42,ph,2_473,d,6_163,e,-67,st,SPIN_DN,flt,FALSE,up,TRUE,ig,0,o_pos,0,o_hw,0,o_i,NA,o_up,FALSE,why,NO_COG
[2026-09-19T17:35:55.634] Cog0  BM-TS,seq,595,tid,2,k,253,lt,FALSE,pos,-78,hw,-78,i,44,ph,2_387,d,6_127,e,-76,st,SPIN_DN,flt,FALSE,up,TRUE,ig,0,o_pos,0,o_hw,0,o_i,NA,o_up,FALSE,why,NO_COG
[2026-09-19T17:35:55.636] Cog0  BM-TS,seq,596,tid,2,k,254,lt,FALSE,pos,-79,hw,-79,i,39,ph,2_336,d,6_063,e,-41,st,SPIN_DN,flt,FALSE,up,TRUE,ig,0,o_pos,0,o_hw,0,o_i,NA,o_up,FALSE,why,NO_COG
[2026-09-19T17:35:55.638] Cog0  BM-TS,seq,597,tid,2,k,255,lt,FALSE,pos,-79,hw,-79,i,36,ph,2_273,d,6_015,e,-47,st,SPIN_DN,flt,FALSE,up,TRUE,ig,0,o_pos,0,o_hw,0,o_i,NA,o_up,FALSE,why,NO_COG
[2026-09-19T17:35:55.640] Cog0  BM-TS,seq,598,tid,2,k,256,lt,FALSE,pos,-79,hw,-79,i,35,ph,2_268,d,5_979,e,-56,st,SPIN_DN,flt,FALSE,up,TRUE,ig,0,o_pos,0,o_hw,0,o_i,NA,o_up,FALSE,why,NO_COG
[2026-09-19T17:35:55.642] Cog0  BM-TS,seq,599,tid,2,k,257,lt,FALSE,pos,-79,hw,-79,i,34,ph,2_317,d,5_943,e,-64,st,SPIN_DN,flt,FALSE,up,TRUE,ig,0,o_pos,0,o_hw,0,o_i,NA,o_up,FALSE,why,NO_COG
[2026-09-19T17:35:55.644] Cog0  BM-TS,seq,600,tid,2,k,258,lt,FALSE,pos,-79,hw,-79,i,38,ph,2_381,d,5_907,e,-72,st,SPIN_DN,flt,FALSE,up,TRUE,ig,0,o_pos,0,o_hw,0,o_i,NA,o_up,FALSE,why,NO_COG
[2026-09-19T17:35:55.646] Cog0  BM-TS,seq,601,tid,2,k,259,lt,FALSE,pos,-79,hw,-79,i,37,ph,2_456,d,5_871,e,-80,st,SPIN_DN,flt,FALSE,up,TRUE,ig,0,o_pos,0,o_hw,0,o_i,NA,o_up,FALSE,why,NO_COG
[2026-09-19T17:35:55.648] Cog0  BM-TS,seq,602,tid,2,k,260,lt,FALSE,pos,-80,hw,-80,i,31,ph,2_503,d,5_788,e,-45,st,SPIN_DN,flt,FALSE,up,TRUE,ig,0,o_pos,0,o_hw,0,o_i,NA,o_up,FALSE,why,NO_COG
[2026-09-19T17:35:55.650] Cog0  BM-TS,seq,603,tid,2,k,261,lt,FALSE,pos,-80,hw,-80,i,29,ph,2_552,d,5_761,e,-51,st,SPIN_DN,flt,FALSE,up,TRUE,ig,0,o_pos,0,o_hw,0,o_i,NA,o_up,FALSE,why,NO_COG
[2026-09-19T17:35:55.652] Cog0  BM-TS,seq,604,tid,2,k,262,lt,FALSE,pos,-80,hw,-80,i,31,ph,2_515,d,5_725,e,-59,st,SPIN_DN,flt,FALSE,up,TRUE,ig,0,o_pos,0,o_hw,0,o_i,NA,o_up,FALSE,why,NO_COG
[2026-09-19T17:35:55.654] Cog0  BM-TS,seq,605,tid,2,k,263,lt,FALSE,pos,-80,hw,-80,i,32,ph,2_467,d,5_689,e,-66,st,SPIN_DN,flt,FALSE,up,TRUE,ig,0,o_pos,0,o_hw,0,o_i,NA,o_up,FALSE,why,NO_COG
[2026-09-19T17:35:55.656] Cog0  BM-TS,seq,606,tid,2,k,264,lt,FALSE,pos,-80,hw,-80,i,33,ph,2_408,d,5_653,e,-74,st,SPIN_DN,flt,FALSE,up,TRUE,ig,0,o_pos,0,o_hw,0,o_i,NA,o_up,FALSE,why,NO_COG
[2026-09-19T17:35:55.658] Cog0  BM-TS,seq,607,tid,2,k,265,lt,FALSE,pos,-81,hw,-81,i,31,ph,2_341,d,5_607,e,-39,st,SPIN_DN,flt,FALSE,up,TRUE,ig,0,o_pos,0,o_hw,0,o_i,NA,o_up,FALSE,why,NO_COG
[2026-09-19T17:35:55.660] Cog0  BM-TS,seq,608,tid,2,k,266,lt,FALSE,pos,-81,hw,-81,i,27,ph,2_311,d,5_539,e,-45,st,SPIN_DN,flt,FALSE,up,TRUE,ig,0,o_pos,0,o_hw,0,o_i,NA,o_up,FALSE,why,NO_COG
[2026-09-19T17:35:55.662] Cog0  BM-TS,seq,609,tid,2,k,267,lt,FALSE,pos,-81,hw,-81,i,27,ph,2_263,d,5_503,e,-53,st,SPIN_DN,flt,FALSE,up,TRUE,ig,0,o_pos,0,o_hw,0,o_i,NA,o_up,FALSE,why,NO_COG
[2026-09-19T17:35:55.663] Cog0  BM-TS,seq,610,tid,2,k,268,lt,FALSE,pos,-81,hw,-81,i,28,ph,2_316,d,5_467,e,-60,st,SPIN_DN,flt,FALSE,up,TRUE,ig,0,o_pos,0,o_hw,0,o_i,NA,o_up,FALSE,why,NO_COG
[2026-09-19T17:35:55.666] Cog0  BM-TS,seq,611,tid,2,k,269,lt,FALSE,pos,-81,hw,-81,i,29,ph,2_359,d,5_431,e,-68,st,SPIN_DN,flt,FALSE,up,TRUE,ig,0,o_pos,0,o_hw,0,o_i,NA,o_up,FALSE,why,NO_COG
[2026-09-19T17:35:55.667] Cog0  BM-TS,seq,612,tid,2,k,270,lt,FALSE,pos,-81,hw,-81,i,29,ph,2_427,d,5_395,e,-75,st,SPIN_DN,flt,FALSE,up,TRUE,ig,0,o_pos,0,o_hw,0,o_i,NA,o_up,FALSE,why,NO_COG
[2026-09-19T17:35:55.670] Cog0  BM-TS,seq,613,tid,2,k,271,lt,FALSE,pos,-82,hw,-82,i,27,ph,2_481,d,5_371,e,-40,st,SPIN_DN,flt,FALSE,up,TRUE,ig,0,o_pos,0,o_hw,0,o_i,NA,o_up,FALSE,why,NO_COG
[2026-09-19T17:35:55.672] Cog0  BM-TS,seq,614,tid,2,k,272,lt,FALSE,pos,-82,hw,-82,i,28,ph,2_526,d,5_324,e,-46,st,SPIN_DN,flt,FALSE,up,TRUE,ig,0,o_pos,0,o_hw,0,o_i,NA,o_up,FALSE,why,NO_COG
[2026-09-19T17:35:55.674] Cog0  BM-TS,seq,615,tid,2,k,273,lt,FALSE,pos,-82,hw,-82,i,26,ph,2_556,d,5_288,e,-53,st,SPIN_DN,flt,FALSE,up,TRUE,ig,0,o_pos,0,o_hw,0,o_i,NA,o_up,FALSE,why,NO_COG
[2026-09-19T17:35:55.676] Cog0  BM-TS,seq,616,tid,2,k,274,lt,FALSE,pos,-82,hw,-82,i,25,ph,2_502,d,5_252,e,-60,st,SPIN_DN,flt,FALSE,up,TRUE,ig,0,o_pos,0,o_hw,0,o_i,NA,o_up,FALSE,why,NO_COG
[2026-09-19T17:35:55.678] Cog0  BM-TS,seq,617,tid,2,k,275,lt,FALSE,pos,-82,hw,-82,i,27,ph,2_475,d,5_216,e,-67,st,SPIN_DN,flt,FALSE,up,TRUE,ig,0,o_pos,0,o_hw,0,o_i,NA,o_up,FALSE,why,NO_COG
[2026-09-19T17:35:55.679] Cog0  BM-TS,seq,618,tid,2,k,276,lt,FALSE,pos,-82,hw,-82,i,28,ph,2_417,d,5_180,e,-75,st,SPIN_DN,flt,FALSE,up,TRUE,ig,0,o_pos,0,o_hw,0,o_i,NA,o_up,FALSE,why,NO_COG
[2026-09-19T17:35:55.682] Cog0  BM-TS,seq,619,tid,2,k,277,lt,FALSE,pos,-82,hw,-82,i,25,ph,2_363,d,5_157,e,-82,st,SPIN_DN,flt,FALSE,up,TRUE,ig,0,o_pos,0,o_hw,0,o_i,NA,o_up,FALSE,why,NO_COG
[2026-09-19T17:35:55.683] Cog0  BM-TS,seq,620,tid,2,k,278,lt,FALSE,pos,-83,hw,-83,i,21,ph,2_322,d,5_111,e,-44,st,SPIN_DN,flt,FALSE,up,TRUE,ig,0,o_pos,0,o_hw,0,o_i,NA,o_up,FALSE,why,NO_COG
[2026-09-19T17:35:55.685] Cog0  BM-TS,seq,621,tid,2,k,279,lt,FALSE,pos,-83,hw,-83,i,22,ph,2_286,d,5_075,e,-52,st,SPIN_DN,flt,FALSE,up,TRUE,ig,0,o_pos,0,o_hw,0,o_i,NA,o_up,FALSE,why,NO_COG
[2026-09-19T17:35:55.688] Cog0  BM-TS,seq,622,tid,2,k,280,lt,FALSE,pos,-83,hw,-83,i,19,ph,2_305,d,5_039,e,-59,st,SPIN_DN,flt,FALSE,up,TRUE,ig,0,o_pos,0,o_hw,0,o_i,NA,o_up,FALSE,why,NO_COG
[2026-09-19T17:35:55.689] Cog0  BM-TS,seq,623,tid,2,k,281,lt,FALSE,pos,-83,hw,-83,i,22,ph,2_358,d,5_003,e,-66,st,SPIN_DN,flt,FALSE,up,TRUE,ig,0,o_pos,0,o_hw,0,o_i,NA,o_up,FALSE,why,NO_COG
[2026-09-19T17:35:55.691] Cog0  BM-TS,seq,624,tid,2,k,282,lt,FALSE,pos,-83,hw,-83,i,25,ph,2_405,d,4_967,e,-72,st,SPIN_DN,flt,FALSE,up,TRUE,ig,0,o_pos,0,o_hw,0,o_i,NA,o_up,FALSE,why,NO_COG
[2026-09-19T17:35:55.693] Cog0  BM-TS,seq,625,tid,2,k,283,lt,FALSE,pos,-83,hw,-83,i,24,ph,2_446,d,4_931,e,-79,st,SPIN_DN,flt,FALSE,up,TRUE,ig,0,o_pos,0,o_hw,0,o_i,NA,o_up,FALSE,why,NO_COG
[2026-09-19T17:35:55.695] Cog0  BM-TS,seq,626,tid,2,k,284,lt,FALSE,pos,-84,hw,-84,i,20,ph,2_489,d,4_926,e,-42,st,SPIN_DN,flt,FALSE,up,TRUE,ig,0,o_pos,0,o_hw,0,o_i,NA,o_up,FALSE,why,NO_COG
[2026-09-19T17:35:55.697] Cog0  BM-TS,seq,627,tid,2,k,285,lt,FALSE,pos,-84,hw,-84,i,21,ph,2_516,d,4_890,e,-49,st,SPIN_DN,flt,FALSE,up,TRUE,ig,0,o_pos,0,o_hw,0,o_i,NA,o_up,FALSE,why,NO_COG
[2026-09-19T17:35:55.700] Cog0  BM-TS,seq,628,tid,2,k,286,lt,FALSE,pos,-84,hw,-84,i,22,ph,2_532,d,4_854,e,-55,st,SPIN_DN,flt,FALSE,up,TRUE,ig,0,o_pos,0,o_hw,0,o_i,NA,o_up,FALSE,why,NO_COG
[2026-09-19T17:35:55.701] Cog0  BM-TS,seq,629,tid,2,k,287,lt,FALSE,pos,-84,hw,-84,i,20,ph,2_480,d,4_818,e,-62,st,SPIN_DN,flt,FALSE,up,TRUE,ig,0,o_pos,0,o_hw,0,o_i,NA,o_up,FALSE,why,NO_COG
[2026-09-19T17:35:55.703] Cog0  BM-TS,seq,630,tid,2,k,288,lt,FALSE,pos,-84,hw,-84,i,24,ph,2_450,d,4_782,e,-69,st,SPIN_DN,flt,FALSE,up,TRUE,ig,0,o_pos,0,o_hw,0,o_i,NA,o_up,FALSE,why,NO_COG
[2026-09-19T17:35:55.705] Cog0  BM-TS,seq,631,tid,2,k,289,lt,FALSE,pos,-84,hw,-84,i,23,ph,2_413,d,4_755,e,-74,st,SPIN_DN,flt,FALSE,up,TRUE,ig,0,o_pos,0,o_hw,0,o_i,NA,o_up,FALSE,why,NO_COG
[2026-09-19T17:35:55.707] Cog0  BM-TS,seq,632,tid,2,k,290,lt,FALSE,pos,-84,hw,-84,i,24,ph,2_377,d,4_719,e,-80,st,SPIN_DN,flt,FALSE,up,TRUE,ig,0,o_pos,0,o_hw,0,o_i,NA,o_up,FALSE,why,NO_COG
[2026-09-19T17:35:55.709] Cog0  BM-TS,seq,633,tid,2,k,291,lt,FALSE,pos,-85,hw,-85,i,21,ph,2_326,d,4_680,e,-44,st,SPIN_DN,flt,FALSE,up,TRUE,ig,0,o_pos,0,o_hw,0,o_i,NA,o_up,FALSE,why,NO_COG
[2026-09-19T17:35:55.711] Cog0  BM-TS,seq,634,tid,2,k,292,lt,FALSE,pos,-85,hw,-85,i,20,ph,2_284,d,4_644,e,-51,st,SPIN_DN,flt,FALSE,up,TRUE,ig,0,o_pos,0,o_hw,0,o_i,NA,o_up,FALSE,why,NO_COG
[2026-09-19T17:35:55.713] Cog0  BM-TS,seq,635,tid,2,k,293,lt,FALSE,pos,-85,hw,-85,i,22,ph,2_319,d,4_608,e,-57,st,SPIN_DN,flt,FALSE,up,TRUE,ig,0,o_pos,0,o_hw,0,o_i,NA,o_up,FALSE,why,NO_COG
[2026-09-19T17:35:55.715] Cog0  BM-TS,seq,636,tid,2,k,294,lt,FALSE,pos,-85,hw,-85,i,21,ph,2_340,d,4_572,e,-63,st,SPIN_DN,flt,FALSE,up,TRUE,ig,0,o_pos,0,o_hw,0,o_i,NA,o_up,FALSE,why,NO_COG
[2026-09-19T17:35:55.717] Cog0  BM-TS,seq,637,tid,2,k,295,lt,FALSE,pos,-85,hw,-85,i,21,ph,2_367,d,4_545,e,-68,st,SPIN_DN,flt,FALSE,up,TRUE,ig,0,o_pos,0,o_hw,0,o_i,NA,o_up,FALSE,why,NO_COG
[2026-09-19T17:35:55.719] Cog0  BM-TS,seq,638,tid,2,k,296,lt,FALSE,pos,-85,hw,-85,i,21,ph,2_411,d,4_509,e,-74,st,SPIN_DN,flt,FALSE,up,TRUE,ig,0,o_pos,0,o_hw,0,o_i,NA,o_up,FALSE,why,NO_COG
[2026-09-19T17:35:55.721] Cog0  BM-TS,seq,639,tid,2,k,297,lt,FALSE,pos,-85,hw,-85,i,19,ph,2_450,d,4_473,e,-81,st,SPIN_DN,flt,FALSE,up,TRUE,ig,0,o_pos,0,o_hw,0,o_i,NA,o_up,FALSE,why,NO_COG
[2026-09-19T17:35:55.723] Cog0  BM-TS,seq,640,tid,2,k,298,lt,FALSE,pos,-86,hw,-86,i,19,ph,2_491,d,4_437,e,-44,st,SPIN_DN,flt,FALSE,up,TRUE,ig,0,o_pos,0,o_hw,0,o_i,NA,o_up,FALSE,why,NO_COG
[2026-09-19T17:35:55.725] Cog0  BM-TS,seq,641,tid,2,k,299,lt,FALSE,pos,-86,hw,-86,i,15,ph,2_515,d,4_401,e,-50,st,SPIN_DN,flt,FALSE,up,TRUE,ig,0,o_pos,0,o_hw,0,o_i,NA,o_up,FALSE,why,NO_COG
[2026-09-19T17:35:55.727] Cog0  BM-TS,seq,642,tid,2,k,300,lt,FALSE,pos,-86,hw,-86,i,21,ph,2_519,d,4_365,e,-57,st,SPIN_DN,flt,FALSE,up,TRUE,ig,0,o_pos,0,o_hw,0,o_i,NA,o_up,FALSE,why,NO_COG
[2026-09-19T17:35:55.730] Cog0  BM-TS,seq,643,tid,2,k,305,lt,FALSE,pos,-87,hw,-87,i,18,ph,2_346,d,4_256,e,-42,st,SPIN_DN,flt,FALSE,up,TRUE,ig,0,o_pos,0,o_hw,0,o_i,NA,o_up,FALSE,why,NO_COG
[2026-09-19T17:35:55.733] Cog0  BM-TS,seq,644,tid,2,k,313,lt,FALSE,pos,-88,hw,-88,i,17,ph,2_470,d,3_959,e,-42,st,SPIN_DN,flt,FALSE,up,TRUE,ig,0,o_pos,0,o_hw,0,o_i,NA,o_up,FALSE,why,NO_COG
[2026-09-19T17:35:55.735] Cog0  BM-TS,seq,645,tid,2,k,321,lt,FALSE,pos,-89,hw,-89,i,17,ph,2_357,d,3_701,e,-41,st,SPIN_DN,flt,FALSE,up,TRUE,ig,0,o_pos,0,o_hw,0,o_i,NA,o_up,FALSE,why,NO_COG
[2026-09-19T17:35:55.737] Cog0  BM-TS,seq,646,tid,2,k,325,lt,FALSE,pos,-89,hw,-89,i,12,ph,2_345,d,3_553,e,-60,st,SPIN_DN,flt,FALSE,up,TRUE,ig,0,o_pos,0,o_hw,0,o_i,NA,o_up,FALSE,why,NO_COG
[2026-09-19T17:35:55.739] Cog0  BM-TS,seq,647,tid,2,k,330,lt,FALSE,pos,-90,hw,-90,i,13,ph,2_458,d,3_414,e,-40,st,SPIN_DN,flt,FALSE,up,TRUE,ig,0,o_pos,0,o_hw,0,o_i,NA,o_up,FALSE,why,NO_COG
[2026-09-19T17:35:55.742] Cog0  BM-TS,seq,648,tid,2,k,340,lt,FALSE,pos,-91,hw,-91,i,17,ph,2_371,d,2_991,e,-41,st,SPIN_DN,flt,FALSE,up,TRUE,ig,0,o_pos,0,o_hw,0,o_i,NA,o_up,FALSE,why,NO_COG
[2026-09-19T17:35:55.744] Cog0  BM-TS,seq,649,tid,2,k,350,lt,FALSE,pos,-91,hw,-91,i,12,ph,2_433,d,2_630,e,-79,st,SPIN_DN,flt,FALSE,up,TRUE,ig,0,o_pos,0,o_hw,0,o_i,NA,o_up,FALSE,why,NO_COG
[2026-09-19T17:35:55.747] Cog0  BM-TS,seq,650,tid,2,k,352,lt,FALSE,pos,-92,hw,-92,i,15,ph,2_462,d,2_686,e,-44,st,SPIN_DN,flt,FALSE,up,TRUE,ig,0,o_pos,0,o_hw,0,o_i,NA,o_up,FALSE,why,NO_COG
[2026-09-19T17:35:55.750] Cog0  BM-TS,seq,651,tid,2,k,365,lt,FALSE,pos,-93,hw,-93,i,12,ph,2_374,d,2_472,e,-44,st,SPIN_DN,flt,FALSE,up,TRUE,ig,0,o_pos,0,o_hw,0,o_i,NA,o_up,FALSE,why,NO_COG
[2026-09-19T17:35:55.752] Cog0  BM-TS,seq,652,tid,2,k,375,lt,FALSE,pos,-93,hw,-93,i,11,ph,2_408,d,2_082,e,-72,st,SPIN_DN,flt,FALSE,up,TRUE,ig,0,o_pos,0,o_hw,0,o_i,NA,o_up,FALSE,why,NO_COG
[2026-09-19T17:35:55.755] Cog0  BM-TS,seq,653,tid,2,k,380,lt,FALSE,pos,-94,hw,-94,i,12,ph,2_436,d,2_036,e,-41,st,SPIN_DN,flt,FALSE,up,TRUE,ig,0,o_pos,0,o_hw,0,o_i,NA,o_up,FALSE,why,NO_COG
[2026-09-19T17:35:55.757] Cog0  BM-TS,seq,654,tid,2,k,399,lt,FALSE,pos,-95,hw,-95,i,11,ph,2_402,d,1_600,e,-35,st,SPIN_DN,flt,FALSE,up,TRUE,ig,0,o_pos,0,o_hw,0,o_i,NA,o_up,FALSE,why,NO_COG
[2026-09-19T17:35:55.758] Cog0  BM-TS,seq,655,tid,2,k,400,lt,FALSE,pos,-95,hw,-95,i,12,ph,2_402,d,1_600,e,-36,st,SPIN_DN,flt,FALSE,up,TRUE,ig,0,o_pos,0,o_hw,0,o_i,NA,o_up,FALSE,why,NO_COG
[2026-09-19T17:35:55.763] Cog0  BM-TS,seq,656,tid,2,k,425,lt,FALSE,pos,-95,hw,-95,i,14,ph,2_397,d,1_600,e,-59,st,SPIN_DN,flt,FALSE,up,TRUE,ig,0,o_pos,0,o_hw,0,o_i,NA,o_up,FALSE,why,NO_COG
[2026-09-19T17:35:55.765] Cog0  BM-TS,seq,657,tid,2,k,427,lt,FALSE,pos,-96,hw,-96,i,14,ph,2_391,d,1_600,e,-17,st,SPIN_DN,flt,FALSE,up,TRUE,ig,0,o_pos,0,o_hw,0,o_i,NA,o_up,FALSE,why,NO_COG
[2026-09-19T17:35:55.768] Cog0  BM-TS,seq,658,tid,2,k,434,lt,FALSE,pos,-96,hw,-96,i,13,ph,2_403,d,1_600,e,-18,st,STOPPED,flt,FALSE,up,TRUE,ig,0,o_pos,0,o_hw,0,o_i,NA,o_up,FALSE,why,NO_COG
[2026-09-19T17:35:55.772] Cog0  BM-TS,seq,659,tid,2,k,450,lt,FALSE,pos,-96,hw,-96,i,16,ph,2_406,d,1_600,e,-18,st,STOPPED,flt,FALSE,up,TRUE,ig,0,o_pos,0,o_hw,0,o_i,NA,o_up,FALSE,why,NO_COG
[2026-09-19T17:35:55.776] Cog0  BM-TS,seq,660,tid,2,k,475,lt,FALSE,pos,-96,hw,-96,i,17,ph,2_412,d,1_600,e,-18,st,STOPPED,flt,FALSE,up,TRUE,ig,0,o_pos,0,o_hw,0,o_i,NA,o_up,FALSE,why,NO_COG
[2026-09-19T17:35:55.779] Cog0  BM-TS,seq,661,tid,2,k,500,lt,FALSE,pos,-96,hw,-96,i,15,ph,2_403,d,1_600,e,-18,st,STOPPED,flt,FALSE,up,TRUE,ig,0,o_pos,0,o_hw,0,o_i,NA,o_up,FALSE,why,NO_COG
[2026-09-19T17:35:55.783] Cog0  BM-TS,seq,662,tid,2,k,525,lt,FALSE,pos,-96,hw,-96,i,19,ph,2_400,d,1_600,e,-18,st,STOPPED,flt,FALSE,up,TRUE,ig,0,o_pos,0,o_hw,0,o_i,NA,o_up,FALSE,why,NO_COG
[2026-09-19T17:35:55.787] Cog0  BM-TS,seq,663,tid,2,k,550,lt,FALSE,pos,-96,hw,-96,i,19,ph,2_408,d,1_600,e,-18,st,STOPPED,flt,FALSE,up,TRUE,ig,0,o_pos,0,o_hw,0,o_i,NA,o_up,FALSE,why,NO_COG
[2026-09-19T17:35:55.789] Cog0  BM-TS,seq,664,tid,2,k,575,lt,FALSE,pos,-96,hw,-96,i,20,ph,2_392,d,1_600,e,-18,st,STOPPED,flt,FALSE,up,TRUE,ig,0,o_pos,0,o_hw,0,o_i,NA,o_up,FALSE,why,NO_COG
[2026-09-19T17:35:55.791] Cog0  BM-TS,seq,665,tid,2,k,581,lt,FALSE,pos,-96,hw,-96,i,16,ph,2_401,d,1_600,e,-18,st,STOPPED,flt,FALSE,up,TRUE,ig,0,o_pos,0,o_hw,0,o_i,NA,o_up,FALSE,why,NO_COG
[2026-09-19T17:35:55.807] Cog0  BM-TRACE-END,seq,666,tid,2,stored,582,emitted,324,ksum,54_647,mark_k,50,late,0,skipped,0,lost_head,0,dropped,0,end,REST,rest_k,427,ig_sum,0,o_ig_sum,0,hw_skip,0,stride,1,why,NONE
[2026-09-19T17:35:55.832] Cog3  INIT $0000_E90E $0003_868F load
[2026-09-19T17:35:55.848] Cog4  INIT $0000_0FA8 $0003_826B jump
[2026-09-19T17:35:57.925] Cog0  BM-START,seq,667,seg,BASELINE,motor,LEFT,life,4,cog_ret,3,cog_ok,TRUE,board,REV_B,board_enum,22,ready,TRUE,ready_ms,0,off_neg,43,off_pos,317,missed,0,illegal,0,zero_x10,90,ph_x10,1_674,why,NONE
[2026-09-19T17:36:01.390] Cog0  BM-TRACE,seq,668,tid,3,seg,BASELINE,life,4,motor,LEFT,cause,STOPCMD,incre,73_500_000,off_neg,43,off_pos,317,req_mode,FLOAT,ramp_inc,22,period_us,2_000,decim,1,pre,50,why,NONE
[2026-09-19T17:36:01.461] Cog0  BM-TS,seq,669,tid,3,k,0,lt,FALSE,pos,0,hw,0,i,525,ph,2_352,d,16_148,e,36,st,AT_SPEED,flt,FALSE,up,TRUE,ig,0,o_pos,0,o_hw,0,o_i,NA,o_up,FALSE,why,NO_COG
[2026-09-19T17:36:01.463] Cog0  BM-TS,seq,670,tid,3,k,1,lt,FALSE,pos,0,hw,0,i,477,ph,2_032,d,16_103,e,49,st,AT_SPEED,flt,FALSE,up,TRUE,ig,0,o_pos,0,o_hw,0,o_i,NA,o_up,FALSE,why,NO_COG
[2026-09-19T17:36:01.464] Cog0  BM-TS,seq,671,tid,3,k,2,lt,FALSE,pos,0,hw,0,i,470,ph,2_250,d,16_165,e,66,st,AT_SPEED,flt,FALSE,up,TRUE,ig,0,o_pos,0,o_hw,0,o_i,NA,o_up,FALSE,why,NO_COG
[2026-09-19T17:36:01.467] Cog0  BM-TS,seq,672,tid,3,k,3,lt,FALSE,pos,1,hw,1,i,472,ph,2_606,d,16_148,e,41,st,AT_SPEED,flt,FALSE,up,TRUE,ig,0,o_pos,0,o_hw,0,o_i,NA,o_up,FALSE,why,NO_COG
[2026-09-19T17:36:01.468] Cog0  BM-TS,seq,673,tid,3,k,4,lt,FALSE,pos,1,hw,1,i,452,ph,2_660,d,16_145,e,59,st,AT_SPEED,flt,FALSE,up,TRUE,ig,0,o_pos,0,o_hw,0,o_i,NA,o_up,FALSE,why,NO_COG
[2026-09-19T17:36:01.470] Cog0  BM-TS,seq,674,tid,3,k,5,lt,FALSE,pos,2,hw,2,i,507,ph,2_284,d,16_191,e,34,st,AT_SPEED,flt,FALSE,up,TRUE,ig,0,o_pos,0,o_hw,0,o_i,NA,o_up,FALSE,why,NO_COG
[2026-09-19T17:36:01.472] Cog0  BM-TS,seq,675,tid,3,k,6,lt,FALSE,pos,2,hw,2,i,490,ph,2_069,d,16_149,e,47,st,AT_SPEED,flt,FALSE,up,TRUE,ig,0,o_pos,0,o_hw,0,o_i,NA,o_up,FALSE,why,NO_COG
[2026-09-19T17:36:01.474] Cog0  BM-TS,seq,676,tid,3,k,7,lt,FALSE,pos,2,hw,2,i,473,ph,2_227,d,16_191,e,64,st,AT_SPEED,flt,FALSE,up,TRUE,ig,0,o_pos,0,o_hw,0,o_i,NA,o_up,FALSE,why,NO_COG
[2026-09-19T17:36:01.476] Cog0  BM-TS,seq,677,tid,3,k,8,lt,FALSE,pos,3,hw,3,i,490,ph,2_591,d,16_149,e,39,st,AT_SPEED,flt,FALSE,up,TRUE,ig,0,o_pos,0,o_hw,0,o_i,NA,o_up,FALSE,why,NO_COG
[2026-09-19T17:36:01.478] Cog0  BM-TS,seq,678,tid,3,k,9,lt,FALSE,pos,3,hw,3,i,456,ph,2_715,d,16_152,e,57,st,AT_SPEED,flt,FALSE,up,TRUE,ig,0,o_pos,0,o_hw,0,o_i,NA,o_up,FALSE,why,NO_COG
[2026-09-19T17:36:01.480] Cog0  BM-TS,seq,679,tid,3,k,10,lt,FALSE,pos,4,hw,4,i,488,ph,2_370,d,16_220,e,32,st,AT_SPEED,flt,FALSE,up,TRUE,ig,0,o_pos,0,o_hw,0,o_i,NA,o_up,FALSE,why,NO_COG
[2026-09-19T17:36:01.482] Cog0  BM-TS,seq,680,tid,3,k,11,lt,FALSE,pos,4,hw,4,i,504,ph,2_057,d,16_158,e,49,st,AT_SPEED,flt,FALSE,up,TRUE,ig,0,o_pos,0,o_hw,0,o_i,NA,o_up,FALSE,why,NO_COG
[2026-09-19T17:36:01.484] Cog0  BM-TS,seq,681,tid,3,k,12,lt,FALSE,pos,4,hw,4,i,498,ph,2_202,d,16_203,e,62,st,AT_SPEED,flt,FALSE,up,TRUE,ig,0,o_pos,0,o_hw,0,o_i,NA,o_up,FALSE,why,NO_COG
[2026-09-19T17:36:01.486] Cog0  BM-TS,seq,682,tid,3,k,13,lt,FALSE,pos,5,hw,5,i,504,ph,2_556,d,16_178,e,37,st,AT_SPEED,flt,FALSE,up,TRUE,ig,0,o_pos,0,o_hw,0,o_i,NA,o_up,FALSE,why,NO_COG
[2026-09-19T17:36:01.488] Cog0  BM-TS,seq,683,tid,3,k,14,lt,FALSE,pos,5,hw,5,i,456,ph,2_746,d,16_173,e,55,st,AT_SPEED,flt,FALSE,up,TRUE,ig,0,o_pos,0,o_hw,0,o_i,NA,o_up,FALSE,why,NO_COG
[2026-09-19T17:36:01.490] Cog0  BM-TS,seq,684,tid,3,k,15,lt,FALSE,pos,6,hw,6,i,478,ph,2_382,d,16_235,e,30,st,AT_SPEED,flt,FALSE,up,TRUE,ig,0,o_pos,0,o_hw,0,o_i,NA,o_up,FALSE,why,NO_COG
[2026-09-19T17:36:01.491] Cog0  BM-TS,seq,685,tid,3,k,16,lt,FALSE,pos,6,hw,6,i,481,ph,2_068,d,16_176,e,47,st,AT_SPEED,flt,FALSE,up,TRUE,ig,0,o_pos,0,o_hw,0,o_i,NA,o_up,FALSE,why,NO_COG
[2026-09-19T17:36:01.494] Cog0  BM-TS,seq,686,tid,3,k,17,lt,FALSE,pos,6,hw,6,i,512,ph,2_133,d,16_201,e,65,st,AT_SPEED,flt,FALSE,up,TRUE,ig,0,o_pos,0,o_hw,0,o_i,NA,o_up,FALSE,why,NO_COG
[2026-09-19T17:36:01.495] Cog0  BM-TS,seq,687,tid,3,k,18,lt,FALSE,pos,7,hw,7,i,519,ph,2_489,d,16_210,e,35,st,AT_SPEED,flt,FALSE,up,TRUE,ig,0,o_pos,0,o_hw,0,o_i,NA,o_up,FALSE,why,NO_COG
[2026-09-19T17:36:01.497] Cog0  BM-TS,seq,688,tid,3,k,19,lt,FALSE,pos,7,hw,7,i,475,ph,2_759,d,16_185,e,53,st,AT_SPEED,flt,FALSE,up,TRUE,ig,0,o_pos,0,o_hw,0,o_i,NA,o_up,FALSE,why,NO_COG
[2026-09-19T17:36:01.500] Cog0  BM-TS,seq,689,tid,3,k,20,lt,FALSE,pos,8,hw,8,i,490,ph,2_434,d,16_263,e,27,st,AT_SPEED,flt,FALSE,up,TRUE,ig,0,o_pos,0,o_hw,0,o_i,NA,o_up,FALSE,why,NO_COG
[2026-09-19T17:36:01.501] Cog0  BM-TS,seq,690,tid,3,k,21,lt,FALSE,pos,8,hw,8,i,480,ph,2_099,d,16_184,e,45,st,AT_SPEED,flt,FALSE,up,TRUE,ig,0,o_pos,0,o_hw,0,o_i,NA,o_up,FALSE,why,NO_COG
[2026-09-19T17:36:01.503] Cog0  BM-TS,seq,691,tid,3,k,22,lt,FALSE,pos,8,hw,8,i,473,ph,2_189,d,16_212,e,62,st,AT_SPEED,flt,FALSE,up,TRUE,ig,0,o_pos,0,o_hw,0,o_i,NA,o_up,FALSE,why,NO_COG
[2026-09-19T17:36:01.505] Cog0  BM-TS,seq,692,tid,3,k,23,lt,FALSE,pos,9,hw,9,i,528,ph,2_467,d,16_227,e,37,st,AT_SPEED,flt,FALSE,up,TRUE,ig,0,o_pos,0,o_hw,0,o_i,NA,o_up,FALSE,why,NO_COG
[2026-09-19T17:36:01.507] Cog0  BM-TS,seq,693,tid,3,k,24,lt,FALSE,pos,9,hw,9,i,486,ph,2_786,d,16_205,e,50,st,AT_SPEED,flt,FALSE,up,TRUE,ig,0,o_pos,0,o_hw,0,o_i,NA,o_up,FALSE,why,NO_COG
[2026-09-19T17:36:01.509] Cog0  BM-TS,seq,694,tid,3,k,25,lt,FALSE,pos,9,hw,9,i,495,ph,2_513,d,16_267,e,68,st,AT_SPEED,flt,FALSE,up,TRUE,ig,0,o_pos,0,o_hw,0,o_i,NA,o_up,FALSE,why,NO_COG
[2026-09-19T17:36:01.511] Cog0  BM-TS,seq,695,tid,3,k,26,lt,FALSE,pos,10,hw,10,i,486,ph,2_151,d,16_217,e,43,st,AT_SPEED,flt,FALSE,up,TRUE,ig,0,o_pos,0,o_hw,0,o_i,NA,o_up,FALSE,why,NO_COG
[2026-09-19T17:36:01.513] Cog0  BM-TS,seq,696,tid,3,k,27,lt,FALSE,pos,10,hw,10,i,464,ph,2_166,d,16_225,e,60,st,AT_SPEED,flt,FALSE,up,TRUE,ig,0,o_pos,0,o_hw,0,o_i,NA,o_up,FALSE,why,NO_COG
[2026-09-19T17:36:01.515] Cog0  BM-TS,seq,697,tid,3,k,28,lt,FALSE,pos,11,hw,11,i,520,ph,2_521,d,16_262,e,35,st,AT_SPEED,flt,FALSE,up,TRUE,ig,0,o_pos,0,o_hw,0,o_i,NA,o_up,FALSE,why,NO_COG
[2026-09-19T17:36:01.517] Cog0  BM-TS,seq,698,tid,3,k,29,lt,FALSE,pos,11,hw,11,i,499,ph,2_750,d,16_220,e,48,st,AT_SPEED,flt,FALSE,up,TRUE,ig,0,o_pos,0,o_hw,0,o_i,NA,o_up,FALSE,why,NO_COG
[2026-09-19T17:36:01.518] Cog0  BM-TS,seq,699,tid,3,k,30,lt,FALSE,pos,11,hw,11,i,496,ph,2_540,d,16_285,e,66,st,AT_SPEED,flt,FALSE,up,TRUE,ig,0,o_pos,0,o_hw,0,o_i,NA,o_up,FALSE,why,NO_COG
[2026-09-19T17:36:01.521] Cog0  BM-TS,seq,700,tid,3,k,31,lt,FALSE,pos,12,hw,12,i,498,ph,2_172,d,16_225,e,41,st,AT_SPEED,flt,FALSE,up,TRUE,ig,0,o_pos,0,o_hw,0,o_i,NA,o_up,FALSE,why,NO_COG
[2026-09-19T17:36:01.523] Cog0  BM-TS,seq,701,tid,3,k,32,lt,FALSE,pos,12,hw,12,i,459,ph,2_108,d,16_228,e,58,st,AT_SPEED,flt,FALSE,up,TRUE,ig,0,o_pos,0,o_hw,0,o_i,NA,o_up,FALSE,why,NO_COG
[2026-09-19T17:36:01.525] Cog0  BM-TS,seq,702,tid,3,k,33,lt,FALSE,pos,13,hw,13,i,501,ph,2_456,d,16_283,e,33,st,AT_SPEED,flt,FALSE,up,TRUE,ig,0,o_pos,0,o_hw,0,o_i,NA,o_up,FALSE,why,NO_COG
[2026-09-19T17:36:01.527] Cog0  BM-TS,seq,703,tid,3,k,34,lt,FALSE,pos,13,hw,13,i,516,ph,2_772,d,16_244,e,51,st,AT_SPEED,flt,FALSE,up,TRUE,ig,0,o_pos,0,o_hw,0,o_i,NA,o_up,FALSE,why,NO_COG
[2026-09-19T17:36:01.529] Cog0  BM-TS,seq,704,tid,3,k,35,lt,FALSE,pos,13,hw,13,i,509,ph,2_558,d,16_289,e,64,st,AT_SPEED,flt,FALSE,up,TRUE,ig,0,o_pos,0,o_hw,0,o_i,NA,o_up,FALSE,why,NO_COG
[2026-09-19T17:36:01.531] Cog0  BM-TS,seq,705,tid,3,k,36,lt,FALSE,pos,14,hw,14,i,509,ph,2_209,d,16_255,e,39,st,AT_SPEED,flt,FALSE,up,TRUE,ig,0,o_pos,0,o_hw,0,o_i,NA,o_up,FALSE,why,NO_COG
[2026-09-19T17:36:01.533] Cog0  BM-TS,seq,706,tid,3,k,37,lt,FALSE,pos,14,hw,14,i,472,ph,2_072,d,16_250,e,56,st,AT_SPEED,flt,FALSE,up,TRUE,ig,0,o_pos,0,o_hw,0,o_i,NA,o_up,FALSE,why,NO_COG
[2026-09-19T17:36:01.535] Cog0  BM-TS,seq,707,tid,3,k,38,lt,FALSE,pos,15,hw,15,i,502,ph,2_434,d,16_285,e,31,st,AT_SPEED,flt,FALSE,up,TRUE,ig,0,o_pos,0,o_hw,0,o_i,NA,o_up,FALSE,why,NO_COG
[2026-09-19T17:36:01.537] Cog0  BM-TS,seq,708,tid,3,k,39,lt,FALSE,pos,15,hw,15,i,487,ph,2_756,d,16_226,e,49,st,AT_SPEED,flt,FALSE,up,TRUE,ig,0,o_pos,0,o_hw,0,o_i,NA,o_up,FALSE,why,NO_COG
[2026-09-19T17:36:01.539] Cog0  BM-TS,seq,709,tid,3,k,40,lt,FALSE,pos,15,hw,15,i,512,ph,2_628,d,16_274,e,66,st,AT_SPEED,flt,FALSE,up,TRUE,ig,0,o_pos,0,o_hw,0,o_i,NA,o_up,FALSE,why,NO_COG
[2026-09-19T17:36:01.541] Cog0  BM-TS,seq,710,tid,3,k,41,lt,FALSE,pos,16,hw,16,i,522,ph,2_271,d,16_252,e,37,st,AT_SPEED,flt,FALSE,up,TRUE,ig,0,o_pos,0,o_hw,0,o_i,NA,o_up,FALSE,why,NO_COG
[2026-09-19T17:36:01.543] Cog0  BM-TS,seq,711,tid,3,k,42,lt,FALSE,pos,16,hw,16,i,490,ph,2_064,d,16_227,e,54,st,AT_SPEED,flt,FALSE,up,TRUE,ig,0,o_pos,0,o_hw,0,o_i,NA,o_up,FALSE,why,NO_COG
[2026-09-19T17:36:01.545] Cog0  BM-TS,seq,712,tid,3,k,43,lt,FALSE,pos,17,hw,17,i,509,ph,2_406,d,16_307,e,29,st,AT_SPEED,flt,FALSE,up,TRUE,ig,0,o_pos,0,o_hw,0,o_i,NA,o_up,FALSE,why,NO_COG
[2026-09-19T17:36:01.547] Cog0  BM-TS,seq,713,tid,3,k,44,lt,FALSE,pos,17,hw,17,i,480,ph,2_732,d,16_251,e,46,st,AT_SPEED,flt,FALSE,up,TRUE,ig,0,o_pos,0,o_hw,0,o_i,NA,o_up,FALSE,why,NO_COG
[2026-09-19T17:36:01.549] Cog0  BM-TS,seq,714,tid,3,k,45,lt,FALSE,pos,17,hw,17,i,487,ph,2_586,d,16_279,e,64,st,AT_SPEED,flt,FALSE,up,TRUE,ig,0,o_pos,0,o_hw,0,o_i,NA,o_up,FALSE,why,NO_COG
[2026-09-19T17:36:01.551] Cog0  BM-TS,seq,715,tid,3,k,46,lt,FALSE,pos,18,hw,18,i,545,ph,2_292,d,16_263,e,39,st,AT_SPEED,flt,FALSE,up,TRUE,ig,0,o_pos,0,o_hw,0,o_i,NA,o_up,FALSE,why,NO_COG
[2026-09-19T17:36:01.553] Cog0  BM-TS,seq,716,tid,3,k,47,lt,FALSE,pos,18,hw,18,i,496,ph,1_993,d,16_241,e,52,st,AT_SPEED,flt,FALSE,up,TRUE,ig,0,o_pos,0,o_hw,0,o_i,NA,o_up,FALSE,why,NO_COG
[2026-09-19T17:36:01.555] Cog0  BM-TS,seq,717,tid,3,k,48,lt,FALSE,pos,18,hw,18,i,501,ph,2_317,d,16_303,e,70,st,AT_SPEED,flt,FALSE,up,TRUE,ig,0,o_pos,0,o_hw,0,o_i,NA,o_up,FALSE,why,NO_COG
[2026-09-19T17:36:01.557] Cog0  BM-TS,seq,718,tid,3,k,49,lt,FALSE,pos,19,hw,19,i,483,ph,2_655,d,16_231,e,44,st,AT_SPEED,flt,FALSE,up,TRUE,ig,0,o_pos,0,o_hw,0,o_i,NA,o_up,FALSE,why,NO_COG
[2026-09-19T17:36:01.559] Cog0  BM-TS,seq,719,tid,3,k,50,lt,FALSE,pos,19,hw,19,i,475,ph,2_589,d,16_262,e,62,st,AT_SPEED,flt,FALSE,up,TRUE,ig,0,o_pos,0,o_hw,0,o_i,NA,o_up,FALSE,why,NO_COG
[2026-09-19T17:36:01.560] Cog0  BM-TS,seq,720,tid,3,k,51,lt,FALSE,pos,20,hw,20,i,515,ph,2_238,d,16_191,e,37,st,SPIN_DN,flt,FALSE,up,TRUE,ig,0,o_pos,0,o_hw,0,o_i,NA,o_up,FALSE,why,NO_COG
[2026-09-19T17:36:01.563] Cog0  BM-TS,seq,721,tid,3,k,52,lt,FALSE,pos,20,hw,20,i,491,ph,2_020,d,16_114,e,50,st,SPIN_DN,flt,FALSE,up,TRUE,ig,0,o_pos,0,o_hw,0,o_i,NA,o_up,FALSE,why,NO_COG
[2026-09-19T17:36:01.565] Cog0  BM-TS,seq,722,tid,3,k,53,lt,FALSE,pos,20,hw,20,i,482,ph,2_278,d,16_066,e,67,st,SPIN_DN,flt,FALSE,up,TRUE,ig,0,o_pos,0,o_hw,0,o_i,NA,o_up,FALSE,why,NO_COG
[2026-09-19T17:36:01.566] Cog0  BM-TS,seq,723,tid,3,k,54,lt,FALSE,pos,21,hw,21,i,477,ph,2_629,d,15_962,e,42,st,SPIN_DN,flt,FALSE,up,TRUE,ig,0,o_pos,0,o_hw,0,o_i,NA,o_up,FALSE,why,NO_COG
[2026-09-19T17:36:01.569] Cog0  BM-TS,seq,724,tid,3,k,55,lt,FALSE,pos,21,hw,21,i,446,ph,2_682,d,15_918,e,59,st,SPIN_DN,flt,FALSE,up,TRUE,ig,0,o_pos,0,o_hw,0,o_i,NA,o_up,FALSE,why,NO_COG
[2026-09-19T17:36:01.570] Cog0  BM-TS,seq,725,tid,3,k,56,lt,FALSE,pos,22,hw,22,i,469,ph,2_324,d,15_847,e,34,st,SPIN_DN,flt,FALSE,up,TRUE,ig,0,o_pos,0,o_hw,0,o_i,NA,o_up,FALSE,why,NO_COG
[2026-09-19T17:36:01.572] Cog0  BM-TS,seq,726,tid,3,k,57,lt,FALSE,pos,22,hw,22,i,471,ph,2_043,d,15_766,e,51,st,SPIN_DN,flt,FALSE,up,TRUE,ig,0,o_pos,0,o_hw,0,o_i,NA,o_up,FALSE,why,NO_COG
[2026-09-19T17:36:01.575] Cog0  BM-TS,seq,727,tid,3,k,58,lt,FALSE,pos,22,hw,22,i,462,ph,2_240,d,15_733,e,64,st,SPIN_DN,flt,FALSE,up,TRUE,ig,0,o_pos,0,o_hw,0,o_i,NA,o_up,FALSE,why,NO_COG
[2026-09-19T17:36:01.576] Cog0  BM-TS,seq,728,tid,3,k,59,lt,FALSE,pos,23,hw,23,i,469,ph,2_575,d,15_626,e,38,st,SPIN_DN,flt,FALSE,up,TRUE,ig,0,o_pos,0,o_hw,0,o_i,NA,o_up,FALSE,why,NO_COG
[2026-09-19T17:36:01.578] Cog0  BM-TS,seq,729,tid,3,k,60,lt,FALSE,pos,23,hw,23,i,417,ph,2_714,d,15_578,e,55,st,SPIN_DN,flt,FALSE,up,TRUE,ig,0,o_pos,0,o_hw,0,o_i,NA,o_up,FALSE,why,NO_COG
[2026-09-19T17:36:01.580] Cog0  BM-TS,seq,730,tid,3,k,61,lt,FALSE,pos,24,hw,24,i,443,ph,2_387,d,15_523,e,30,st,SPIN_DN,flt,FALSE,up,TRUE,ig,0,o_pos,0,o_hw,0,o_i,NA,o_up,FALSE,why,NO_COG
[2026-09-19T17:36:01.582] Cog0  BM-TS,seq,731,tid,3,k,62,lt,FALSE,pos,24,hw,24,i,430,ph,2_086,d,15_423,e,47,st,SPIN_DN,flt,FALSE,up,TRUE,ig,0,o_pos,0,o_hw,0,o_i,NA,o_up,FALSE,why,NO_COG
[2026-09-19T17:36:01.584] Cog0  BM-TS,seq,732,tid,3,k,63,lt,FALSE,pos,24,hw,24,i,448,ph,2_136,d,15_379,e,64,st,SPIN_DN,flt,FALSE,up,TRUE,ig,0,o_pos,0,o_hw,0,o_i,NA,o_up,FALSE,why,NO_COG
[2026-09-19T17:36:01.586] Cog0  BM-TS,seq,733,tid,3,k,64,lt,FALSE,pos,25,hw,25,i,459,ph,2_470,d,15_305,e,34,st,SPIN_DN,flt,FALSE,up,TRUE,ig,0,o_pos,0,o_hw,0,o_i,NA,o_up,FALSE,why,NO_COG
[2026-09-19T17:36:01.588] Cog0  BM-TS,seq,734,tid,3,k,65,lt,FALSE,pos,25,hw,25,i,410,ph,2_739,d,15_238,e,51,st,SPIN_DN,flt,FALSE,up,TRUE,ig,0,o_pos,0,o_hw,0,o_i,NA,o_up,FALSE,why,NO_COG
[2026-09-19T17:36:01.590] Cog0  BM-TS,seq,735,tid,3,k,66,lt,FALSE,pos,25,hw,25,i,405,ph,2_481,d,15_194,e,67,st,SPIN_DN,flt,FALSE,up,TRUE,ig,0,o_pos,0,o_hw,0,o_i,NA,o_up,FALSE,why,NO_COG
[2026-09-19T17:36:01.592] Cog0  BM-TS,seq,736,tid,3,k,67,lt,FALSE,pos,26,hw,26,i,405,ph,2_177,d,15_085,e,42,st,SPIN_DN,flt,FALSE,up,TRUE,ig,0,o_pos,0,o_hw,0,o_i,NA,o_up,FALSE,why,NO_COG
[2026-09-19T17:36:01.593] Cog0  BM-TS,seq,737,tid,3,k,68,lt,FALSE,pos,26,hw,26,i,394,ph,2_125,d,15_041,e,58,st,SPIN_DN,flt,FALSE,up,TRUE,ig,0,o_pos,0,o_hw,0,o_i,NA,o_up,FALSE,why,NO_COG
[2026-09-19T17:36:01.596] Cog0  BM-TS,seq,738,tid,3,k,69,lt,FALSE,pos,27,hw,27,i,439,ph,2_375,d,14_985,e,32,st,SPIN_DN,flt,FALSE,up,TRUE,ig,0,o_pos,0,o_hw,0,o_i,NA,o_up,FALSE,why,NO_COG
[2026-09-19T17:36:01.598] Cog0  BM-TS,seq,739,tid,3,k,70,lt,FALSE,pos,27,hw,27,i,406,ph,2_667,d,14_887,e,45,st,SPIN_DN,flt,FALSE,up,TRUE,ig,0,o_pos,0,o_hw,0,o_i,NA,o_up,FALSE,why,NO_COG
[2026-09-19T17:36:01.600] Cog0  BM-TS,seq,740,tid,3,k,71,lt,FALSE,pos,27,hw,27,i,376,ph,2_618,d,14_843,e,61,st,SPIN_DN,flt,FALSE,up,TRUE,ig,0,o_pos,0,o_hw,0,o_i,NA,o_up,FALSE,why,NO_COG
[2026-09-19T17:36:01.602] Cog0  BM-TS,seq,741,tid,3,k,72,lt,FALSE,pos,28,hw,28,i,387,ph,2_302,d,14_754,e,35,st,SPIN_DN,flt,FALSE,up,TRUE,ig,0,o_pos,0,o_hw,0,o_i,NA,o_up,FALSE,why,NO_COG
[2026-09-19T17:36:01.604] Cog0  BM-TS,seq,742,tid,3,k,73,lt,FALSE,pos,28,hw,28,i,360,ph,2_056,d,14_678,e,52,st,SPIN_DN,flt,FALSE,up,TRUE,ig,0,o_pos,0,o_hw,0,o_i,NA,o_up,FALSE,why,NO_COG
[2026-09-19T17:36:01.606] Cog0  BM-TS,seq,743,tid,3,k,74,lt,FALSE,pos,28,hw,28,i,381,ph,2_331,d,14_634,e,68,st,SPIN_DN,flt,FALSE,up,TRUE,ig,0,o_pos,0,o_hw,0,o_i,NA,o_up,FALSE,why,NO_COG
[2026-09-19T17:36:01.608] Cog0  BM-TS,seq,744,tid,3,k,75,lt,FALSE,pos,29,hw,29,i,388,ph,2_552,d,14_527,e,42,st,SPIN_DN,flt,FALSE,up,TRUE,ig,0,o_pos,0,o_hw,0,o_i,NA,o_up,FALSE,why,NO_COG
[2026-09-19T17:36:01.610] Cog0  BM-TS,seq,745,tid,3,k,76,lt,FALSE,pos,29,hw,29,i,345,ph,2_723,d,14_494,e,54,st,SPIN_DN,flt,FALSE,up,TRUE,ig,0,o_pos,0,o_hw,0,o_i,NA,o_up,FALSE,why,NO_COG
[2026-09-19T17:36:01.612] Cog0  BM-TS,seq,746,tid,3,k,77,lt,FALSE,pos,30,hw,30,i,366,ph,2_447,d,14_446,e,28,st,SPIN_DN,flt,FALSE,up,TRUE,ig,0,o_pos,0,o_hw,0,o_i,NA,o_up,FALSE,why,NO_COG
[2026-09-19T17:36:01.614] Cog0  BM-TS,seq,747,tid,3,k,78,lt,FALSE,pos,30,hw,30,i,346,ph,2_143,d,14_329,e,44,st,SPIN_DN,flt,FALSE,up,TRUE,ig,0,o_pos,0,o_hw,0,o_i,NA,o_up,FALSE,why,NO_COG
[2026-09-19T17:36:01.616] Cog0  BM-TS,seq,748,tid,3,k,79,lt,FALSE,pos,30,hw,30,i,323,ph,2_176,d,14_285,e,60,st,SPIN_DN,flt,FALSE,up,TRUE,ig,0,o_pos,0,o_hw,0,o_i,NA,o_up,FALSE,why,NO_COG
[2026-09-19T17:36:01.618] Cog0  BM-TS,seq,749,tid,3,k,80,lt,FALSE,pos,31,hw,31,i,357,ph,2_464,d,14_219,e,34,st,SPIN_DN,flt,FALSE,up,TRUE,ig,0,o_pos,0,o_hw,0,o_i,NA,o_up,FALSE,why,NO_COG
[2026-09-19T17:36:01.620] Cog0  BM-TS,seq,750,tid,3,k,81,lt,FALSE,pos,31,hw,31,i,341,ph,2_647,d,14_145,e,46,st,SPIN_DN,flt,FALSE,up,TRUE,ig,0,o_pos,0,o_hw,0,o_i,NA,o_up,FALSE,why,NO_COG
[2026-09-19T17:36:01.622] Cog0  BM-TS,seq,751,tid,3,k,82,lt,FALSE,pos,31,hw,31,i,318,ph,2_567,d,14_101,e,62,st,SPIN_DN,flt,FALSE,up,TRUE,ig,0,o_pos,0,o_hw,0,o_i,NA,o_up,FALSE,why,NO_COG
[2026-09-19T17:36:01.624] Cog0  BM-TS,seq,752,tid,3,k,83,lt,FALSE,pos,32,hw,32,i,331,ph,2_285,d,14_017,e,35,st,SPIN_DN,flt,FALSE,up,TRUE,ig,0,o_pos,0,o_hw,0,o_i,NA,o_up,FALSE,why,NO_COG
[2026-09-19T17:36:01.626] Cog0  BM-TS,seq,753,tid,3,k,84,lt,FALSE,pos,32,hw,32,i,295,ph,2_056,d,13_943,e,51,st,SPIN_DN,flt,FALSE,up,TRUE,ig,0,o_pos,0,o_hw,0,o_i,NA,o_up,FALSE,why,NO_COG
[2026-09-19T17:36:01.628] Cog0  BM-TS,seq,754,tid,3,k,85,lt,FALSE,pos,32,hw,32,i,298,ph,2_307,d,13_899,e,67,st,SPIN_DN,flt,FALSE,up,TRUE,ig,0,o_pos,0,o_hw,0,o_i,NA,o_up,FALSE,why,NO_COG
[2026-09-19T17:36:01.630] Cog0  BM-TS,seq,755,tid,3,k,86,lt,FALSE,pos,33,hw,33,i,334,ph,2_590,d,13_797,e,41,st,SPIN_DN,flt,FALSE,up,TRUE,ig,0,o_pos,0,o_hw,0,o_i,NA,o_up,FALSE,why,NO_COG
[2026-09-19T17:36:01.632] Cog0  BM-TS,seq,756,tid,3,k,87,lt,FALSE,pos,33,hw,33,i,308,ph,2_741,d,13_744,e,52,st,SPIN_DN,flt,FALSE,up,TRUE,ig,0,o_pos,0,o_hw,0,o_i,NA,o_up,FALSE,why,NO_COG
[2026-09-19T17:36:01.634] Cog0  BM-TS,seq,757,tid,3,k,88,lt,FALSE,pos,33,hw,33,i,302,ph,2_506,d,13_700,e,68,st,SPIN_DN,flt,FALSE,up,TRUE,ig,0,o_pos,0,o_hw,0,o_i,NA,o_up,FALSE,why,NO_COG
[2026-09-19T17:36:01.636] Cog0  BM-TS,seq,758,tid,3,k,89,lt,FALSE,pos,34,hw,34,i,298,ph,2_221,d,13_584,e,41,st,SPIN_DN,flt,FALSE,up,TRUE,ig,0,o_pos,0,o_hw,0,o_i,NA,o_up,FALSE,why,NO_COG
[2026-09-19T17:36:01.638] Cog0  BM-TS,seq,759,tid,3,k,90,lt,FALSE,pos,34,hw,34,i,272,ph,2_166,d,13_531,e,57,st,SPIN_DN,flt,FALSE,up,TRUE,ig,0,o_pos,0,o_hw,0,o_i,NA,o_up,FALSE,why,NO_COG
[2026-09-19T17:36:01.640] Cog0  BM-TS,seq,760,tid,3,k,91,lt,FALSE,pos,34,hw,34,i,295,ph,2_403,d,13_487,e,73,st,SPIN_DN,flt,FALSE,up,TRUE,ig,0,o_pos,0,o_hw,0,o_i,NA,o_up,FALSE,why,NO_COG
[2026-09-19T17:36:01.642] Cog0  BM-TS,seq,761,tid,3,k,92,lt,FALSE,pos,35,hw,35,i,306,ph,2_611,d,13_382,e,46,st,SPIN_DN,flt,FALSE,up,TRUE,ig,0,o_pos,0,o_hw,0,o_i,NA,o_up,FALSE,why,NO_COG
[2026-09-19T17:36:01.643] Cog0  BM-TS,seq,762,tid,3,k,93,lt,FALSE,pos,35,hw,35,i,269,ph,2_660,d,13_349,e,57,st,SPIN_DN,flt,FALSE,up,TRUE,ig,0,o_pos,0,o_hw,0,o_i,NA,o_up,FALSE,why,NO_COG
[2026-09-19T17:36:01.646] Cog0  BM-TS,seq,763,tid,3,k,94,lt,FALSE,pos,36,hw,36,i,282,ph,2_379,d,13_291,e,30,st,SPIN_DN,flt,FALSE,up,TRUE,ig,0,o_pos,0,o_hw,0,o_i,NA,o_up,FALSE,why,NO_COG
[2026-09-19T17:36:01.648] Cog0  BM-TS,seq,764,tid,3,k,95,lt,FALSE,pos,36,hw,36,i,261,ph,2_145,d,13_197,e,46,st,SPIN_DN,flt,FALSE,up,TRUE,ig,0,o_pos,0,o_hw,0,o_i,NA,o_up,FALSE,why,NO_COG
[2026-09-19T17:36:01.649] Cog0  BM-TS,seq,765,tid,3,k,96,lt,FALSE,pos,36,hw,36,i,250,ph,2_199,d,13_153,e,61,st,SPIN_DN,flt,FALSE,up,TRUE,ig,0,o_pos,0,o_hw,0,o_i,NA,o_up,FALSE,why,NO_COG
[2026-09-19T17:36:01.651] Cog0  BM-TS,seq,766,tid,3,k,97,lt,FALSE,pos,37,hw,37,i,272,ph,2_462,d,13_084,e,34,st,SPIN_DN,flt,FALSE,up,TRUE,ig,0,o_pos,0,o_hw,0,o_i,NA,o_up,FALSE,why,NO_COG
[2026-09-19T17:36:01.653] Cog0  BM-TS,seq,767,tid,3,k,98,lt,FALSE,pos,37,hw,37,i,268,ph,2_633,d,13_011,e,45,st,SPIN_DN,flt,FALSE,up,TRUE,ig,0,o_pos,0,o_hw,0,o_i,NA,o_up,FALSE,why,NO_COG
[2026-09-19T17:36:01.655] Cog0  BM-TS,seq,768,tid,3,k,99,lt,FALSE,pos,37,hw,37,i,243,ph,2_585,d,12_967,e,61,st,SPIN_DN,flt,FALSE,up,TRUE,ig,0,o_pos,0,o_hw,0,o_i,NA,o_up,FALSE,why,NO_COG
[2026-09-19T17:36:01.658] Cog0  BM-TS,seq,769,tid,3,k,100,lt,FALSE,pos,38,hw,38,i,257,ph,2_328,d,12_887,e,33,st,SPIN_DN,flt,FALSE,up,TRUE,ig,0,o_pos,0,o_hw,0,o_i,NA,o_up,FALSE,why,NO_COG
[2026-09-19T17:36:01.659] Cog0  BM-TS,seq,770,tid,3,k,101,lt,FALSE,pos,38,hw,38,i,231,ph,2_110,d,12_792,e,49,st,SPIN_DN,flt,FALSE,up,TRUE,ig,0,o_pos,0,o_hw,0,o_i,NA,o_up,FALSE,why,NO_COG
[2026-09-19T17:36:01.662] Cog0  BM-TS,seq,771,tid,3,k,102,lt,FALSE,pos,38,hw,38,i,221,ph,2_259,d,12_748,e,64,st,SPIN_DN,flt,FALSE,up,TRUE,ig,0,o_pos,0,o_hw,0,o_i,NA,o_up,FALSE,why,NO_COG
[2026-09-19T17:36:01.663] Cog0  BM-TS,seq,772,tid,3,k,103,lt,FALSE,pos,39,hw,39,i,249,ph,2_521,d,12_673,e,36,st,SPIN_DN,flt,FALSE,up,TRUE,ig,0,o_pos,0,o_hw,0,o_i,NA,o_up,FALSE,why,NO_COG
[2026-09-19T17:36:01.665] Cog0  BM-TS,seq,773,tid,3,k,104,lt,FALSE,pos,39,hw,39,i,232,ph,2_675,d,12_602,e,47,st,SPIN_DN,flt,FALSE,up,TRUE,ig,0,o_pos,0,o_hw,0,o_i,NA,o_up,FALSE,why,NO_COG
[2026-09-19T17:36:01.667] Cog0  BM-TS,seq,774,tid,3,k,105,lt,FALSE,pos,39,hw,39,i,217,ph,2_584,d,12_562,e,63,st,SPIN_DN,flt,FALSE,up,TRUE,ig,0,o_pos,0,o_hw,0,o_i,NA,o_up,FALSE,why,NO_COG
[2026-09-19T17:36:01.669] Cog0  BM-TS,seq,775,tid,3,k,106,lt,FALSE,pos,40,hw,40,i,230,ph,2_333,d,12_489,e,35,st,SPIN_DN,flt,FALSE,up,TRUE,ig,0,o_pos,0,o_hw,0,o_i,NA,o_up,FALSE,why,NO_COG
[2026-09-19T17:36:01.671] Cog0  BM-TS,seq,776,tid,3,k,107,lt,FALSE,pos,40,hw,40,i,211,ph,2_139,d,12_419,e,50,st,SPIN_DN,flt,FALSE,up,TRUE,ig,0,o_pos,0,o_hw,0,o_i,NA,o_up,FALSE,why,NO_COG
[2026-09-19T17:36:01.674] Cog0  BM-TS,seq,777,tid,3,k,108,lt,FALSE,pos,40,hw,40,i,200,ph,2_295,d,12_379,e,65,st,SPIN_DN,flt,FALSE,up,TRUE,ig,0,o_pos,0,o_hw,0,o_i,NA,o_up,FALSE,why,NO_COG
[2026-09-19T17:36:01.675] Cog0  BM-TS,seq,778,tid,3,k,109,lt,FALSE,pos,41,hw,41,i,230,ph,2_535,d,12_305,e,37,st,SPIN_DN,flt,FALSE,up,TRUE,ig,0,o_pos,0,o_hw,0,o_i,NA,o_up,FALSE,why,NO_COG
[2026-09-19T17:36:01.677] Cog0  BM-TS,seq,779,tid,3,k,110,lt,FALSE,pos,41,hw,41,i,209,ph,2_677,d,12_233,e,48,st,SPIN_DN,flt,FALSE,up,TRUE,ig,0,o_pos,0,o_hw,0,o_i,NA,o_up,FALSE,why,NO_COG
[2026-09-19T17:36:01.679] Cog0  BM-TS,seq,780,tid,3,k,111,lt,FALSE,pos,41,hw,41,i,191,ph,2_557,d,12_193,e,63,st,SPIN_DN,flt,FALSE,up,TRUE,ig,0,o_pos,0,o_hw,0,o_i,NA,o_up,FALSE,why,NO_COG
[2026-09-19T17:36:01.681] Cog0  BM-TS,seq,781,tid,3,k,112,lt,FALSE,pos,42,hw,42,i,204,ph,2_327,d,12_124,e,35,st,SPIN_DN,flt,FALSE,up,TRUE,ig,0,o_pos,0,o_hw,0,o_i,NA,o_up,FALSE,why,NO_COG
[2026-09-19T17:36:01.683] Cog0  BM-TS,seq,782,tid,3,k,113,lt,FALSE,pos,42,hw,42,i,188,ph,2_125,d,12_053,e,49,st,SPIN_DN,flt,FALSE,up,TRUE,ig,0,o_pos,0,o_hw,0,o_i,NA,o_up,FALSE,why,NO_COG
[2026-09-19T17:36:01.685] Cog0  BM-TS,seq,783,tid,3,k,114,lt,FALSE,pos,42,hw,42,i,177,ph,2_266,d,12_013,e,64,st,SPIN_DN,flt,FALSE,up,TRUE,ig,0,o_pos,0,o_hw,0,o_i,NA,o_up,FALSE,why,NO_COG
[2026-09-19T17:36:01.687] Cog0  BM-TS,seq,784,tid,3,k,115,lt,FALSE,pos,43,hw,43,i,208,ph,2_443,d,11_955,e,36,st,SPIN_DN,flt,FALSE,up,TRUE,ig,0,o_pos,0,o_hw,0,o_i,NA,o_up,FALSE,why,NO_COG
[2026-09-19T17:36:01.689] Cog0  BM-TS,seq,785,tid,3,k,116,lt,FALSE,pos,43,hw,43,i,194,ph,2_636,d,11_882,e,47,st,SPIN_DN,flt,FALSE,up,TRUE,ig,0,o_pos,0,o_hw,0,o_i,NA,o_up,FALSE,why,NO_COG
[2026-09-19T17:36:01.691] Cog0  BM-TS,seq,786,tid,3,k,117,lt,FALSE,pos,43,hw,43,i,175,ph,2_568,d,11_842,e,61,st,SPIN_DN,flt,FALSE,up,TRUE,ig,0,o_pos,0,o_hw,0,o_i,NA,o_up,FALSE,why,NO_COG
[2026-09-19T17:36:01.693] Cog0  BM-TS,seq,787,tid,3,k,118,lt,FALSE,pos,44,hw,44,i,185,ph,2_343,d,11_783,e,33,st,SPIN_DN,flt,FALSE,up,TRUE,ig,0,o_pos,0,o_hw,0,o_i,NA,o_up,FALSE,why,NO_COG
[2026-09-19T17:36:01.695] Cog0  BM-TS,seq,788,tid,3,k,119,lt,FALSE,pos,44,hw,44,i,169,ph,2_146,d,11_689,e,48,st,SPIN_DN,flt,FALSE,up,TRUE,ig,0,o_pos,0,o_hw,0,o_i,NA,o_up,FALSE,why,NO_COG
[2026-09-19T17:36:01.697] Cog0  BM-TS,seq,789,tid,3,k,120,lt,FALSE,pos,44,hw,44,i,166,ph,2_248,d,11_649,e,62,st,SPIN_DN,flt,FALSE,up,TRUE,ig,0,o_pos,0,o_hw,0,o_i,NA,o_up,FALSE,why,NO_COG
[2026-09-19T17:36:01.699] Cog0  BM-TS,seq,790,tid,3,k,121,lt,FALSE,pos,45,hw,45,i,191,ph,2_417,d,11_603,e,34,st,SPIN_DN,flt,FALSE,up,TRUE,ig,0,o_pos,0,o_hw,0,o_i,NA,o_up,FALSE,why,NO_COG
[2026-09-19T17:36:01.701] Cog0  BM-TS,seq,791,tid,3,k,122,lt,FALSE,pos,45,hw,45,i,176,ph,2_621,d,11_507,e,44,st,SPIN_DN,flt,FALSE,up,TRUE,ig,0,o_pos,0,o_hw,0,o_i,NA,o_up,FALSE,why,NO_COG
[2026-09-19T17:36:01.703] Cog0  BM-TS,seq,792,tid,3,k,123,lt,FALSE,pos,45,hw,45,i,157,ph,2_627,d,11_467,e,58,st,SPIN_DN,flt,FALSE,up,TRUE,ig,0,o_pos,0,o_hw,0,o_i,NA,o_up,FALSE,why,NO_COG
[2026-09-19T17:36:01.705] Cog0  BM-TS,seq,793,tid,3,k,124,lt,FALSE,pos,46,hw,46,i,161,ph,2_417,d,11_426,e,30,st,SPIN_DN,flt,FALSE,up,TRUE,ig,0,o_pos,0,o_hw,0,o_i,NA,o_up,FALSE,why,NO_COG
[2026-09-19T17:36:01.707] Cog0  BM-TS,seq,794,tid,3,k,125,lt,FALSE,pos,46,hw,46,i,153,ph,2_225,d,11_309,e,44,st,SPIN_DN,flt,FALSE,up,TRUE,ig,0,o_pos,0,o_hw,0,o_i,NA,o_up,FALSE,why,NO_COG
[2026-09-19T17:36:01.709] Cog0  BM-TS,seq,795,tid,3,k,126,lt,FALSE,pos,46,hw,46,i,153,ph,2_216,d,11_269,e,58,st,SPIN_DN,flt,FALSE,up,TRUE,ig,0,o_pos,0,o_hw,0,o_i,NA,o_up,FALSE,why,NO_COG
[2026-09-19T17:36:01.711] Cog0  BM-TS,seq,796,tid,3,k,127,lt,FALSE,pos,46,hw,46,i,167,ph,2_344,d,11_239,e,69,st,SPIN_DN,flt,FALSE,up,TRUE,ig,0,o_pos,0,o_hw,0,o_i,NA,o_up,FALSE,why,NO_COG
[2026-09-19T17:36:01.713] Cog0  BM-TS,seq,797,tid,3,k,128,lt,FALSE,pos,47,hw,47,i,159,ph,2_559,d,11_129,e,40,st,SPIN_DN,flt,FALSE,up,TRUE,ig,0,o_pos,0,o_hw,0,o_i,NA,o_up,FALSE,why,NO_COG
[2026-09-19T17:36:01.715] Cog0  BM-TS,seq,798,tid,3,k,129,lt,FALSE,pos,47,hw,47,i,136,ph,2_664,d,11_085,e,54,st,SPIN_DN,flt,FALSE,up,TRUE,ig,0,o_pos,0,o_hw,0,o_i,NA,o_up,FALSE,why,NO_COG
[2026-09-19T17:36:01.717] Cog0  BM-TS,seq,799,tid,3,k,130,lt,FALSE,pos,47,hw,47,i,136,ph,2_487,d,11_045,e,68,st,SPIN_DN,flt,FALSE,up,TRUE,ig,0,o_pos,0,o_hw,0,o_i,NA,o_up,FALSE,why,NO_COG
[2026-09-19T17:36:01.719] Cog0  BM-TS,seq,800,tid,3,k,131,lt,FALSE,pos,48,hw,48,i,146,ph,2_287,d,10_953,e,39,st,SPIN_DN,flt,FALSE,up,TRUE,ig,0,o_pos,0,o_hw,0,o_i,NA,o_up,FALSE,why,NO_COG
[2026-09-19T17:36:01.721] Cog0  BM-TS,seq,801,tid,3,k,132,lt,FALSE,pos,48,hw,48,i,145,ph,2_145,d,10_897,e,53,st,SPIN_DN,flt,FALSE,up,TRUE,ig,0,o_pos,0,o_hw,0,o_i,NA,o_up,FALSE,why,NO_COG
[2026-09-19T17:36:01.723] Cog0  BM-TS,seq,802,tid,3,k,133,lt,FALSE,pos,48,hw,48,i,133,ph,2_252,d,10_867,e,63,st,SPIN_DN,flt,FALSE,up,TRUE,ig,0,o_pos,0,o_hw,0,o_i,NA,o_up,FALSE,why,NO_COG
[2026-09-19T17:36:01.725] Cog0  BM-TS,seq,803,tid,3,k,134,lt,FALSE,pos,49,hw,49,i,140,ph,2_462,d,10_798,e,34,st,SPIN_DN,flt,FALSE,up,TRUE,ig,0,o_pos,0,o_hw,0,o_i,NA,o_up,FALSE,why,NO_COG
[2026-09-19T17:36:01.727] Cog0  BM-TS,seq,804,tid,3,k,135,lt,FALSE,pos,49,hw,49,i,123,ph,2_630,d,10_709,e,48,st,SPIN_DN,flt,FALSE,up,TRUE,ig,0,o_pos,0,o_hw,0,o_i,NA,o_up,FALSE,why,NO_COG
[2026-09-19T17:36:01.729] Cog0  BM-TS,seq,805,tid,3,k,136,lt,FALSE,pos,49,hw,49,i,113,ph,2_549,d,10_669,e,61,st,SPIN_DN,flt,FALSE,up,TRUE,ig,0,o_pos,0,o_hw,0,o_i,NA,o_up,FALSE,why,NO_COG
[2026-09-19T17:36:01.731] Cog0  BM-TS,seq,806,tid,3,k,137,lt,FALSE,pos,49,hw,49,i,132,ph,2_382,d,10_629,e,75,st,SPIN_DN,flt,FALSE,up,TRUE,ig,0,o_pos,0,o_hw,0,o_i,NA,o_up,FALSE,why,NO_COG
[2026-09-19T17:36:01.733] Cog0  BM-TS,seq,807,tid,3,k,138,lt,FALSE,pos,50,hw,50,i,133,ph,2_240,d,10_529,e,46,st,SPIN_DN,flt,FALSE,up,TRUE,ig,0,o_pos,0,o_hw,0,o_i,NA,o_up,FALSE,why,NO_COG
[2026-09-19T17:36:01.735] Cog0  BM-TS,seq,808,tid,3,k,139,lt,FALSE,pos,50,hw,50,i,117,ph,2_190,d,10_499,e,56,st,SPIN_DN,flt,FALSE,up,TRUE,ig,0,o_pos,0,o_hw,0,o_i,NA,o_up,FALSE,why,NO_COG
[2026-09-19T17:36:01.737] Cog0  BM-TS,seq,809,tid,3,k,140,lt,FALSE,pos,50,hw,50,i,115,ph,2_360,d,10_459,e,69,st,SPIN_DN,flt,FALSE,up,TRUE,ig,0,o_pos,0,o_hw,0,o_i,NA,o_up,FALSE,why,NO_COG
[2026-09-19T17:36:01.739] Cog0  BM-TS,seq,810,tid,3,k,141,lt,FALSE,pos,51,hw,51,i,116,ph,2_550,d,10_363,e,40,st,SPIN_DN,flt,FALSE,up,TRUE,ig,0,o_pos,0,o_hw,0,o_i,NA,o_up,FALSE,why,NO_COG
[2026-09-19T17:36:01.741] Cog0  BM-TS,seq,811,tid,3,k,142,lt,FALSE,pos,51,hw,51,i,105,ph,2_649,d,10_313,e,53,st,SPIN_DN,flt,FALSE,up,TRUE,ig,0,o_pos,0,o_hw,0,o_i,NA,o_up,FALSE,why,NO_COG
[2026-09-19T17:36:01.743] Cog0  BM-TS,seq,812,tid,3,k,143,lt,FALSE,pos,51,hw,51,i,103,ph,2_511,d,10_273,e,67,st,SPIN_DN,flt,FALSE,up,TRUE,ig,0,o_pos,0,o_hw,0,o_i,NA,o_up,FALSE,why,NO_COG
[2026-09-19T17:36:01.745] Cog0  BM-TS,seq,813,tid,3,k,144,lt,FALSE,pos,52,hw,52,i,117,ph,2_356,d,10_215,e,37,st,SPIN_DN,flt,FALSE,up,TRUE,ig,0,o_pos,0,o_hw,0,o_i,NA,o_up,FALSE,why,NO_COG
[2026-09-19T17:36:01.747] Cog0  BM-TS,seq,814,tid,3,k,145,lt,FALSE,pos,52,hw,52,i,106,ph,2_212,d,10_141,e,47,st,SPIN_DN,flt,FALSE,up,TRUE,ig,0,o_pos,0,o_hw,0,o_i,NA,o_up,FALSE,why,NO_COG
[2026-09-19T17:36:01.749] Cog0  BM-TS,seq,815,tid,3,k,146,lt,FALSE,pos,52,hw,52,i,93,ph,2_262,d,10_101,e,60,st,SPIN_DN,flt,FALSE,up,TRUE,ig,0,o_pos,0,o_hw,0,o_i,NA,o_up,FALSE,why,NO_COG
[2026-09-19T17:36:01.751] Cog0  BM-TS,seq,816,tid,3,k,147,lt,FALSE,pos,52,hw,52,i,99,ph,2_415,d,10_061,e,74,st,SPIN_DN,flt,FALSE,up,TRUE,ig,0,o_pos,0,o_hw,0,o_i,NA,o_up,FALSE,why,NO_COG
[2026-09-19T17:36:01.753] Cog0  BM-TS,seq,817,tid,3,k,148,lt,FALSE,pos,53,hw,53,i,97,ph,2_596,d,9_961,e,44,st,SPIN_DN,flt,FALSE,up,TRUE,ig,0,o_pos,0,o_hw,0,o_i,NA,o_up,FALSE,why,NO_COG
[2026-09-19T17:36:01.755] Cog0  BM-TS,seq,818,tid,3,k,149,lt,FALSE,pos,53,hw,53,i,94,ph,2_601,d,9_921,e,57,st,SPIN_DN,flt,FALSE,up,TRUE,ig,0,o_pos,0,o_hw,0,o_i,NA,o_up,FALSE,why,NO_COG
[2026-09-19T17:36:01.757] Cog0  BM-TS,seq,819,tid,3,k,150,lt,FALSE,pos,53,hw,53,i,97,ph,2_507,d,9_891,e,67,st,SPIN_DN,flt,FALSE,up,TRUE,ig,0,o_pos,0,o_hw,0,o_i,NA,o_up,FALSE,why,NO_COG
[2026-09-19T17:36:01.759] Cog0  BM-TS,seq,820,tid,3,k,151,lt,FALSE,pos,54,hw,54,i,98,ph,2_318,d,9_815,e,37,st,SPIN_DN,flt,FALSE,up,TRUE,ig,0,o_pos,0,o_hw,0,o_i,NA,o_up,FALSE,why,NO_COG
[2026-09-19T17:36:01.761] Cog0  BM-TS,seq,821,tid,3,k,152,lt,FALSE,pos,54,hw,54,i,87,ph,2_172,d,9_749,e,50,st,SPIN_DN,flt,FALSE,up,TRUE,ig,0,o_pos,0,o_hw,0,o_i,NA,o_up,FALSE,why,NO_COG
[2026-09-19T17:36:01.763] Cog0  BM-TS,seq,822,tid,3,k,153,lt,FALSE,pos,54,hw,54,i,78,ph,2_278,d,9_709,e,63,st,SPIN_DN,flt,FALSE,up,TRUE,ig,0,o_pos,0,o_hw,0,o_i,NA,o_up,FALSE,why,NO_COG
[2026-09-19T17:36:01.764] Cog0  BM-TS,seq,823,tid,3,k,154,lt,FALSE,pos,54,hw,54,i,87,ph,2_425,d,9_669,e,76,st,SPIN_DN,flt,FALSE,up,TRUE,ig,0,o_pos,0,o_hw,0,o_i,NA,o_up,FALSE,why,NO_COG
[2026-09-19T17:36:01.767] Cog0  BM-TS,seq,824,tid,3,k,155,lt,FALSE,pos,55,hw,55,i,85,ph,2_579,d,9_588,e,46,st,SPIN_DN,flt,FALSE,up,TRUE,ig,0,o_pos,0,o_hw,0,o_i,NA,o_up,FALSE,why,NO_COG
[2026-09-19T17:36:01.769] Cog0  BM-TS,seq,825,tid,3,k,156,lt,FALSE,pos,55,hw,55,i,80,ph,2_622,d,9_561,e,55,st,SPIN_DN,flt,FALSE,up,TRUE,ig,0,o_pos,0,o_hw,0,o_i,NA,o_up,FALSE,why,NO_COG
[2026-09-19T17:36:01.770] Cog0  BM-TS,seq,826,tid,3,k,157,lt,FALSE,pos,55,hw,55,i,77,ph,2_476,d,9_525,e,68,st,SPIN_DN,flt,FALSE,up,TRUE,ig,0,o_pos,0,o_hw,0,o_i,NA,o_up,FALSE,why,NO_COG
[2026-09-19T17:36:01.772] Cog0  BM-TS,seq,827,tid,3,k,158,lt,FALSE,pos,56,hw,56,i,80,ph,2_306,d,9_448,e,38,st,SPIN_DN,flt,FALSE,up,TRUE,ig,0,o_pos,0,o_hw,0,o_i,NA,o_up,FALSE,why,NO_COG
[2026-09-19T17:36:01.774] Cog0  BM-TS,seq,828,tid,3,k,159,lt,FALSE,pos,56,hw,56,i,72,ph,2_186,d,9_381,e,50,st,SPIN_DN,flt,FALSE,up,TRUE,ig,0,o_pos,0,o_hw,0,o_i,NA,o_up,FALSE,why,NO_COG
[2026-09-19T17:36:01.776] Cog0  BM-TS,seq,829,tid,3,k,160,lt,FALSE,pos,56,hw,56,i,71,ph,2_294,d,9_345,e,63,st,SPIN_DN,flt,FALSE,up,TRUE,ig,0,o_pos,0,o_hw,0,o_i,NA,o_up,FALSE,why,NO_COG
[2026-09-19T17:36:01.778] Cog0  BM-TS,seq,830,tid,3,k,161,lt,FALSE,pos,56,hw,56,i,85,ph,2_404,d,9_309,e,75,st,SPIN_DN,flt,FALSE,up,TRUE,ig,0,o_pos,0,o_hw,0,o_i,NA,o_up,FALSE,why,NO_COG
[2026-09-19T17:36:01.780] Cog0  BM-TS,seq,831,tid,3,k,162,lt,FALSE,pos,57,hw,57,i,78,ph,2_566,d,9_226,e,42,st,SPIN_DN,flt,FALSE,up,TRUE,ig,0,o_pos,0,o_hw,0,o_i,NA,o_up,FALSE,why,NO_COG
[2026-09-19T17:36:01.782] Cog0  BM-TS,seq,832,tid,3,k,163,lt,FALSE,pos,57,hw,57,i,66,ph,2_629,d,9_190,e,54,st,SPIN_DN,flt,FALSE,up,TRUE,ig,0,o_pos,0,o_hw,0,o_i,NA,o_up,FALSE,why,NO_COG
[2026-09-19T17:36:01.784] Cog0  BM-TS,seq,833,tid,3,k,164,lt,FALSE,pos,57,hw,57,i,62,ph,2_492,d,9_154,e,67,st,SPIN_DN,flt,FALSE,up,TRUE,ig,0,o_pos,0,o_hw,0,o_i,NA,o_up,FALSE,why,NO_COG
[2026-09-19T17:36:01.786] Cog0  BM-TS,seq,834,tid,3,k,165,lt,FALSE,pos,58,hw,58,i,73,ph,2_354,d,9_106,e,36,st,SPIN_DN,flt,FALSE,up,TRUE,ig,0,o_pos,0,o_hw,0,o_i,NA,o_up,FALSE,why,NO_COG
[2026-09-19T17:36:01.788] Cog0  BM-TS,seq,835,tid,3,k,166,lt,FALSE,pos,58,hw,58,i,66,ph,2_218,d,9_034,e,49,st,SPIN_DN,flt,FALSE,up,TRUE,ig,0,o_pos,0,o_hw,0,o_i,NA,o_up,FALSE,why,NO_COG
[2026-09-19T17:36:01.790] Cog0  BM-TS,seq,836,tid,3,k,167,lt,FALSE,pos,58,hw,58,i,63,ph,2_256,d,8_998,e,61,st,SPIN_DN,flt,FALSE,up,TRUE,ig,0,o_pos,0,o_hw,0,o_i,NA,o_up,FALSE,why,NO_COG
[2026-09-19T17:36:01.792] Cog0  BM-TS,seq,837,tid,3,k,168,lt,FALSE,pos,58,hw,58,i,65,ph,2_379,d,8_971,e,70,st,SPIN_DN,flt,FALSE,up,TRUE,ig,0,o_pos,0,o_hw,0,o_i,NA,o_up,FALSE,why,NO_COG
[2026-09-19T17:36:01.794] Cog0  BM-TS,seq,838,tid,3,k,169,lt,FALSE,pos,59,hw,59,i,66,ph,2_529,d,8_884,e,39,st,SPIN_DN,flt,FALSE,up,TRUE,ig,0,o_pos,0,o_hw,0,o_i,NA,o_up,FALSE,why,NO_COG
[2026-09-19T17:36:01.796] Cog0  BM-TS,seq,839,tid,3,k,170,lt,FALSE,pos,59,hw,59,i,54,ph,2_634,d,8_841,e,51,st,SPIN_DN,flt,FALSE,up,TRUE,ig,0,o_pos,0,o_hw,0,o_i,NA,o_up,FALSE,why,NO_COG
[2026-09-19T17:36:01.798] Cog0  BM-TS,seq,840,tid,3,k,171,lt,FALSE,pos,59,hw,59,i,51,ph,2_530,d,8_805,e,63,st,SPIN_DN,flt,FALSE,up,TRUE,ig,0,o_pos,0,o_hw,0,o_i,NA,o_up,FALSE,why,NO_COG
[2026-09-19T17:36:01.800] Cog0  BM-TS,seq,841,tid,3,k,172,lt,FALSE,pos,59,hw,59,i,63,ph,2_397,d,8_769,e,75,st,SPIN_DN,flt,FALSE,up,TRUE,ig,0,o_pos,0,o_hw,0,o_i,NA,o_up,FALSE,why,NO_COG
[2026-09-19T17:36:01.802] Cog0  BM-TS,seq,842,tid,3,k,173,lt,FALSE,pos,60,hw,60,i,63,ph,2_276,d,8_699,e,42,st,SPIN_DN,flt,FALSE,up,TRUE,ig,0,o_pos,0,o_hw,0,o_i,NA,o_up,FALSE,why,NO_COG
[2026-09-19T17:36:01.804] Cog0  BM-TS,seq,843,tid,3,k,174,lt,FALSE,pos,60,hw,60,i,55,ph,2_206,d,8_663,e,54,st,SPIN_DN,flt,FALSE,up,TRUE,ig,0,o_pos,0,o_hw,0,o_i,NA,o_up,FALSE,why,NO_COG
[2026-09-19T17:36:01.806] Cog0  BM-TS,seq,844,tid,3,k,175,lt,FALSE,pos,60,hw,60,i,49,ph,2_318,d,8_627,e,65,st,SPIN_DN,flt,FALSE,up,TRUE,ig,0,o_pos,0,o_hw,0,o_i,NA,o_up,FALSE,why,NO_COG
[2026-09-19T17:36:01.808] Cog0  BM-TS,seq,845,tid,3,k,176,lt,FALSE,pos,60,hw,60,i,55,ph,2_450,d,8_591,e,77,st,SPIN_DN,flt,FALSE,up,TRUE,ig,0,o_pos,0,o_hw,0,o_i,NA,o_up,FALSE,why,NO_COG
[2026-09-19T17:36:01.810] Cog0  BM-TS,seq,846,tid,3,k,177,lt,FALSE,pos,61,hw,61,i,48,ph,2_569,d,8_510,e,46,st,SPIN_DN,flt,FALSE,up,TRUE,ig,0,o_pos,0,o_hw,0,o_i,NA,o_up,FALSE,why,NO_COG
[2026-09-19T17:36:01.812] Cog0  BM-TS,seq,847,tid,3,k,178,lt,FALSE,pos,61,hw,61,i,51,ph,2_570,d,8_474,e,58,st,SPIN_DN,flt,FALSE,up,TRUE,ig,0,o_pos,0,o_hw,0,o_i,NA,o_up,FALSE,why,NO_COG
[2026-09-19T17:36:01.814] Cog0  BM-TS,seq,848,tid,3,k,179,lt,FALSE,pos,61,hw,61,i,49,ph,2_482,d,8_447,e,67,st,SPIN_DN,flt,FALSE,up,TRUE,ig,0,o_pos,0,o_hw,0,o_i,NA,o_up,FALSE,why,NO_COG
[2026-09-19T17:36:01.816] Cog0  BM-TS,seq,849,tid,3,k,180,lt,FALSE,pos,62,hw,62,i,57,ph,2_354,d,8_406,e,36,st,SPIN_DN,flt,FALSE,up,TRUE,ig,0,o_pos,0,o_hw,0,o_i,NA,o_up,FALSE,why,NO_COG
[2026-09-19T17:36:01.818] Cog0  BM-TS,seq,850,tid,3,k,181,lt,FALSE,pos,62,hw,62,i,48,ph,2_238,d,8_343,e,47,st,SPIN_DN,flt,FALSE,up,TRUE,ig,0,o_pos,0,o_hw,0,o_i,NA,o_up,FALSE,why,NO_COG
[2026-09-19T17:36:01.820] Cog0  BM-TS,seq,851,tid,3,k,182,lt,FALSE,pos,62,hw,62,i,41,ph,2_263,d,8_307,e,59,st,SPIN_DN,flt,FALSE,up,TRUE,ig,0,o_pos,0,o_hw,0,o_i,NA,o_up,FALSE,why,NO_COG
[2026-09-19T17:36:01.821] Cog0  BM-TS,seq,852,tid,3,k,183,lt,FALSE,pos,62,hw,62,i,42,ph,2_378,d,8_271,e,70,st,SPIN_DN,flt,FALSE,up,TRUE,ig,0,o_pos,0,o_hw,0,o_i,NA,o_up,FALSE,why,NO_COG
[2026-09-19T17:36:01.823] Cog0  BM-TS,seq,853,tid,3,k,184,lt,FALSE,pos,63,hw,63,i,55,ph,2_489,d,8_224,e,39,st,SPIN_DN,flt,FALSE,up,TRUE,ig,0,o_pos,0,o_hw,0,o_i,NA,o_up,FALSE,why,NO_COG
[2026-09-19T17:36:01.825] Cog0  BM-TS,seq,854,tid,3,k,185,lt,FALSE,pos,63,hw,63,i,46,ph,2_594,d,8_176,e,48,st,SPIN_DN,flt,FALSE,up,TRUE,ig,0,o_pos,0,o_hw,0,o_i,NA,o_up,FALSE,why,NO_COG
[2026-09-19T17:36:01.827] Cog0  BM-TS,seq,855,tid,3,k,186,lt,FALSE,pos,63,hw,63,i,41,ph,2_568,d,8_140,e,59,st,SPIN_DN,flt,FALSE,up,TRUE,ig,0,o_pos,0,o_hw,0,o_i,NA,o_up,FALSE,why,NO_COG
[2026-09-19T17:36:01.829] Cog0  BM-TS,seq,856,tid,3,k,187,lt,FALSE,pos,63,hw,63,i,42,ph,2_461,d,8_104,e,70,st,SPIN_DN,flt,FALSE,up,TRUE,ig,0,o_pos,0,o_hw,0,o_i,NA,o_up,FALSE,why,NO_COG
[2026-09-19T17:36:01.831] Cog0  BM-TS,seq,857,tid,3,k,188,lt,FALSE,pos,64,hw,64,i,45,ph,2_332,d,8_046,e,39,st,SPIN_DN,flt,FALSE,up,TRUE,ig,0,o_pos,0,o_hw,0,o_i,NA,o_up,FALSE,why,NO_COG
[2026-09-19T17:36:01.833] Cog0  BM-TS,seq,858,tid,3,k,189,lt,FALSE,pos,64,hw,64,i,38,ph,2_223,d,7_996,e,50,st,SPIN_DN,flt,FALSE,up,TRUE,ig,0,o_pos,0,o_hw,0,o_i,NA,o_up,FALSE,why,NO_COG
[2026-09-19T17:36:01.835] Cog0  BM-TS,seq,859,tid,3,k,190,lt,FALSE,pos,64,hw,64,i,42,ph,2_277,d,7_960,e,61,st,SPIN_DN,flt,FALSE,up,TRUE,ig,0,o_pos,0,o_hw,0,o_i,NA,o_up,FALSE,why,NO_COG
[2026-09-19T17:36:01.837] Cog0  BM-TS,seq,860,tid,3,k,191,lt,FALSE,pos,64,hw,64,i,41,ph,2_375,d,7_933,e,69,st,SPIN_DN,flt,FALSE,up,TRUE,ig,0,o_pos,0,o_hw,0,o_i,NA,o_up,FALSE,why,NO_COG
[2026-09-19T17:36:01.839] Cog0  BM-TS,seq,861,tid,3,k,192,lt,FALSE,pos,65,hw,65,i,43,ph,2_502,d,7_884,e,38,st,SPIN_DN,flt,FALSE,up,TRUE,ig,0,o_pos,0,o_hw,0,o_i,NA,o_up,FALSE,why,NO_COG
[2026-09-19T17:36:01.841] Cog0  BM-TS,seq,862,tid,3,k,193,lt,FALSE,pos,65,hw,65,i,33,ph,2_596,d,7_819,e,49,st,SPIN_DN,flt,FALSE,up,TRUE,ig,0,o_pos,0,o_hw,0,o_i,NA,o_up,FALSE,why,NO_COG
[2026-09-19T17:36:01.843] Cog0  BM-TS,seq,863,tid,3,k,194,lt,FALSE,pos,65,hw,65,i,29,ph,2_548,d,7_783,e,60,st,SPIN_DN,flt,FALSE,up,TRUE,ig,0,o_pos,0,o_hw,0,o_i,NA,o_up,FALSE,why,NO_COG
[2026-09-19T17:36:01.845] Cog0  BM-TS,seq,864,tid,3,k,195,lt,FALSE,pos,65,hw,65,i,38,ph,2_437,d,7_747,e,71,st,SPIN_DN,flt,FALSE,up,TRUE,ig,0,o_pos,0,o_hw,0,o_i,NA,o_up,FALSE,why,NO_COG
[2026-09-19T17:36:01.847] Cog0  BM-TS,seq,865,tid,3,k,196,lt,FALSE,pos,66,hw,66,i,41,ph,2_354,d,7_695,e,36,st,SPIN_DN,flt,FALSE,up,TRUE,ig,0,o_pos,0,o_hw,0,o_i,NA,o_up,FALSE,why,NO_COG
[2026-09-19T17:36:01.849] Cog0  BM-TS,seq,866,tid,3,k,197,lt,FALSE,pos,66,hw,66,i,33,ph,2_243,d,7_637,e,47,st,SPIN_DN,flt,FALSE,up,TRUE,ig,0,o_pos,0,o_hw,0,o_i,NA,o_up,FALSE,why,NO_COG
[2026-09-19T17:36:01.851] Cog0  BM-TS,seq,867,tid,3,k,198,lt,FALSE,pos,66,hw,66,i,33,ph,2_271,d,7_601,e,58,st,SPIN_DN,flt,FALSE,up,TRUE,ig,0,o_pos,0,o_hw,0,o_i,NA,o_up,FALSE,why,NO_COG
[2026-09-19T17:36:01.853] Cog0  BM-TS,seq,868,tid,3,k,199,lt,FALSE,pos,66,hw,66,i,32,ph,2_358,d,7_565,e,69,st,SPIN_DN,flt,FALSE,up,TRUE,ig,0,o_pos,0,o_hw,0,o_i,NA,o_up,FALSE,why,NO_COG
[2026-09-19T17:36:01.855] Cog0  BM-TS,seq,869,tid,3,k,200,lt,FALSE,pos,66,hw,66,i,38,ph,2_467,d,7_529,e,79,st,SPIN_DN,flt,FALSE,up,TRUE,ig,0,o_pos,0,o_hw,0,o_i,NA,o_up,FALSE,why,NO_COG
[2026-09-19T17:36:01.857] Cog0  BM-TS,seq,870,tid,3,k,201,lt,FALSE,pos,67,hw,67,i,33,ph,2_573,d,7_465,e,47,st,SPIN_DN,flt,FALSE,up,TRUE,ig,0,o_pos,0,o_hw,0,o_i,NA,o_up,FALSE,why,NO_COG
[2026-09-19T17:36:01.859] Cog0  BM-TS,seq,871,tid,3,k,202,lt,FALSE,pos,67,hw,67,i,29,ph,2_568,d,7_438,e,55,st,SPIN_DN,flt,FALSE,up,TRUE,ig,0,o_pos,0,o_hw,0,o_i,NA,o_up,FALSE,why,NO_COG
[2026-09-19T17:36:01.861] Cog0  BM-TS,seq,872,tid,3,k,203,lt,FALSE,pos,67,hw,67,i,27,ph,2_476,d,7_402,e,66,st,SPIN_DN,flt,FALSE,up,TRUE,ig,0,o_pos,0,o_hw,0,o_i,NA,o_up,FALSE,why,NO_COG
[2026-09-19T17:36:01.863] Cog0  BM-TS,seq,873,tid,3,k,204,lt,FALSE,pos,67,hw,67,i,36,ph,2_386,d,7_366,e,76,st,SPIN_DN,flt,FALSE,up,TRUE,ig,0,o_pos,0,o_hw,0,o_i,NA,o_up,FALSE,why,NO_COG
[2026-09-19T17:36:01.865] Cog0  BM-TS,seq,874,tid,3,k,205,lt,FALSE,pos,68,hw,68,i,31,ph,2_288,d,7_301,e,44,st,SPIN_DN,flt,FALSE,up,TRUE,ig,0,o_pos,0,o_hw,0,o_i,NA,o_up,FALSE,why,NO_COG
[2026-09-19T17:36:01.867] Cog0  BM-TS,seq,875,tid,3,k,206,lt,FALSE,pos,68,hw,68,i,28,ph,2_254,d,7_265,e,55,st,SPIN_DN,flt,FALSE,up,TRUE,ig,0,o_pos,0,o_hw,0,o_i,NA,o_up,FALSE,why,NO_COG
[2026-09-19T17:36:01.869] Cog0  BM-TS,seq,876,tid,3,k,207,lt,FALSE,pos,68,hw,68,i,28,ph,2_322,d,7_229,e,65,st,SPIN_DN,flt,FALSE,up,TRUE,ig,0,o_pos,0,o_hw,0,o_i,NA,o_up,FALSE,why,NO_COG
[2026-09-19T17:36:01.871] Cog0  BM-TS,seq,877,tid,3,k,208,lt,FALSE,pos,68,hw,68,i,32,ph,2_400,d,7_202,e,73,st,SPIN_DN,flt,FALSE,up,TRUE,ig,0,o_pos,0,o_hw,0,o_i,NA,o_up,FALSE,why,NO_COG
[2026-09-19T17:36:01.872] Cog0  BM-TS,seq,878,tid,3,k,209,lt,FALSE,pos,69,hw,69,i,31,ph,2_508,d,7_120,e,40,st,SPIN_DN,flt,FALSE,up,TRUE,ig,0,o_pos,0,o_hw,0,o_i,NA,o_up,FALSE,why,NO_COG
[2026-09-19T17:36:01.875] Cog0  BM-TS,seq,879,tid,3,k,210,lt,FALSE,pos,69,hw,69,i,25,ph,2_599,d,7_078,e,51,st,SPIN_DN,flt,FALSE,up,TRUE,ig,0,o_pos,0,o_hw,0,o_i,NA,o_up,FALSE,why,NO_COG
[2026-09-19T17:36:01.877] Cog0  BM-TS,seq,880,tid,3,k,211,lt,FALSE,pos,69,hw,69,i,21,ph,2_525,d,7_042,e,61,st,SPIN_DN,flt,FALSE,up,TRUE,ig,0,o_pos,0,o_hw,0,o_i,NA,o_up,FALSE,why,NO_COG
[2026-09-19T17:36:01.878] Cog0  BM-TS,seq,881,tid,3,k,212,lt,FALSE,pos,69,hw,69,i,26,ph,2_452,d,7_006,e,71,st,SPIN_DN,flt,FALSE,up,TRUE,ig,0,o_pos,0,o_hw,0,o_i,NA,o_up,FALSE,why,NO_COG
[2026-09-19T17:36:01.880] Cog0  BM-TS,seq,882,tid,3,k,213,lt,FALSE,pos,69,hw,69,i,32,ph,2_371,d,6_970,e,81,st,SPIN_DN,flt,FALSE,up,TRUE,ig,0,o_pos,0,o_hw,0,o_i,NA,o_up,FALSE,why,NO_COG
[2026-09-19T17:36:01.882] Cog0  BM-TS,seq,883,tid,3,k,214,lt,FALSE,pos,70,hw,70,i,26,ph,2_280,d,6_906,e,46,st,SPIN_DN,flt,FALSE,up,TRUE,ig,0,o_pos,0,o_hw,0,o_i,NA,o_up,FALSE,why,NO_COG
[2026-09-19T17:36:01.884] Cog0  BM-TS,seq,884,tid,3,k,215,lt,FALSE,pos,70,hw,70,i,23,ph,2_268,d,6_870,e,56,st,SPIN_DN,flt,FALSE,up,TRUE,ig,0,o_pos,0,o_hw,0,o_i,NA,o_up,FALSE,why,NO_COG
[2026-09-19T17:36:01.886] Cog0  BM-TS,seq,885,tid,3,k,216,lt,FALSE,pos,70,hw,70,i,21,ph,2_352,d,6_834,e,66,st,SPIN_DN,flt,FALSE,up,TRUE,ig,0,o_pos,0,o_hw,0,o_i,NA,o_up,FALSE,why,NO_COG
[2026-09-19T17:36:01.888] Cog0  BM-TS,seq,886,tid,3,k,217,lt,FALSE,pos,70,hw,70,i,25,ph,2_425,d,6_798,e,76,st,SPIN_DN,flt,FALSE,up,TRUE,ig,0,o_pos,0,o_hw,0,o_i,NA,o_up,FALSE,why,NO_COG
[2026-09-19T17:36:01.890] Cog0  BM-TS,seq,887,tid,3,k,218,lt,FALSE,pos,71,hw,71,i,25,ph,2_539,d,6_733,e,43,st,SPIN_DN,flt,FALSE,up,TRUE,ig,0,o_pos,0,o_hw,0,o_i,NA,o_up,FALSE,why,NO_COG
[2026-09-19T17:36:01.892] Cog0  BM-TS,seq,888,tid,3,k,219,lt,FALSE,pos,71,hw,71,i,20,ph,2_587,d,6_706,e,50,st,SPIN_DN,flt,FALSE,up,TRUE,ig,0,o_pos,0,o_hw,0,o_i,NA,o_up,FALSE,why,NO_COG
[2026-09-19T17:36:01.894] Cog0  BM-TS,seq,889,tid,3,k,220,lt,FALSE,pos,71,hw,71,i,18,ph,2_529,d,6_670,e,60,st,SPIN_DN,flt,FALSE,up,TRUE,ig,0,o_pos,0,o_hw,0,o_i,NA,o_up,FALSE,why,NO_COG
[2026-09-19T17:36:01.896] Cog0  BM-TS,seq,890,tid,3,k,221,lt,FALSE,pos,71,hw,71,i,20,ph,2_450,d,6_634,e,70,st,SPIN_DN,flt,FALSE,up,TRUE,ig,0,o_pos,0,o_hw,0,o_i,NA,o_up,FALSE,why,NO_COG
[2026-09-19T17:36:01.898] Cog0  BM-TS,seq,891,tid,3,k,222,lt,FALSE,pos,71,hw,71,i,25,ph,2_359,d,6_598,e,80,st,SPIN_DN,flt,FALSE,up,TRUE,ig,0,o_pos,0,o_hw,0,o_i,NA,o_up,FALSE,why,NO_COG
[2026-09-19T17:36:01.900] Cog0  BM-TS,seq,892,tid,3,k,223,lt,FALSE,pos,72,hw,72,i,21,ph,2_269,d,6_569,e,47,st,SPIN_DN,flt,FALSE,up,TRUE,ig,0,o_pos,0,o_hw,0,o_i,NA,o_up,FALSE,why,NO_COG
[2026-09-19T17:36:01.902] Cog0  BM-TS,seq,893,tid,3,k,224,lt,FALSE,pos,72,hw,72,i,20,ph,2_276,d,6_533,e,56,st,SPIN_DN,flt,FALSE,up,TRUE,ig,0,o_pos,0,o_hw,0,o_i,NA,o_up,FALSE,why,NO_COG
[2026-09-19T17:36:01.904] Cog0  BM-TS,seq,894,tid,3,k,225,lt,FALSE,pos,72,hw,72,i,19,ph,2_328,d,6_506,e,63,st,SPIN_DN,flt,FALSE,up,TRUE,ig,0,o_pos,0,o_hw,0,o_i,NA,o_up,FALSE,why,NO_COG
[2026-09-19T17:36:01.906] Cog0  BM-TS,seq,895,tid,3,k,226,lt,FALSE,pos,72,hw,72,i,21,ph,2_394,d,6_470,e,73,st,SPIN_DN,flt,FALSE,up,TRUE,ig,0,o_pos,0,o_hw,0,o_i,NA,o_up,FALSE,why,NO_COG
[2026-09-19T17:36:01.908] Cog0  BM-TS,seq,896,tid,3,k,227,lt,FALSE,pos,72,hw,72,i,20,ph,2_483,d,6_471,e,82,st,SPIN_DN,flt,FALSE,up,TRUE,ig,0,o_pos,0,o_hw,0,o_i,NA,o_up,FALSE,why,NO_COG
[2026-09-19T17:36:01.910] Cog0  BM-TS,seq,897,tid,3,k,228,lt,FALSE,pos,73,hw,73,i,19,ph,2_557,d,6_448,e,49,st,SPIN_DN,flt,FALSE,up,TRUE,ig,0,o_pos,0,o_hw,0,o_i,NA,o_up,FALSE,why,NO_COG
[2026-09-19T17:36:01.912] Cog0  BM-TS,seq,898,tid,3,k,229,lt,FALSE,pos,73,hw,73,i,19,ph,2_520,d,6_412,e,59,st,SPIN_DN,flt,FALSE,up,TRUE,ig,0,o_pos,0,o_hw,0,o_i,NA,o_up,FALSE,why,NO_COG
[2026-09-19T17:36:01.914] Cog0  BM-TS,seq,899,tid,3,k,230,lt,FALSE,pos,73,hw,73,i,21,ph,2_460,d,6_376,e,68,st,SPIN_DN,flt,FALSE,up,TRUE,ig,0,o_pos,0,o_hw,0,o_i,NA,o_up,FALSE,why,NO_COG
[2026-09-19T17:36:01.916] Cog0  BM-TS,seq,900,tid,3,k,231,lt,FALSE,pos,73,hw,73,i,20,ph,2_393,d,6_349,e,75,st,SPIN_DN,flt,FALSE,up,TRUE,ig,0,o_pos,0,o_hw,0,o_i,NA,o_up,FALSE,why,NO_COG
[2026-09-19T17:36:01.918] Cog0  BM-TS,seq,901,tid,3,k,232,lt,FALSE,pos,74,hw,74,i,19,ph,2_318,d,6_327,e,41,st,SPIN_DN,flt,FALSE,up,TRUE,ig,0,o_pos,0,o_hw,0,o_i,NA,o_up,FALSE,why,NO_COG
[2026-09-19T17:36:01.920] Cog0  BM-TS,seq,902,tid,3,k,233,lt,FALSE,pos,74,hw,74,i,17,ph,2_258,d,6_286,e,51,st,SPIN_DN,flt,FALSE,up,TRUE,ig,0,o_pos,0,o_hw,0,o_i,NA,o_up,FALSE,why,NO_COG
[2026-09-19T17:36:01.922] Cog0  BM-TS,seq,903,tid,3,k,234,lt,FALSE,pos,74,hw,74,i,17,ph,2_304,d,6_250,e,60,st,SPIN_DN,flt,FALSE,up,TRUE,ig,0,o_pos,0,o_hw,0,o_i,NA,o_up,FALSE,why,NO_COG
[2026-09-19T17:36:01.924] Cog0  BM-TS,seq,904,tid,3,k,235,lt,FALSE,pos,74,hw,74,i,17,ph,2_375,d,6_214,e,69,st,SPIN_DN,flt,FALSE,up,TRUE,ig,0,o_pos,0,o_hw,0,o_i,NA,o_up,FALSE,why,NO_COG
[2026-09-19T17:36:01.926] Cog0  BM-TS,seq,905,tid,3,k,236,lt,FALSE,pos,74,hw,74,i,20,ph,2_438,d,6_178,e,78,st,SPIN_DN,flt,FALSE,up,TRUE,ig,0,o_pos,0,o_hw,0,o_i,NA,o_up,FALSE,why,NO_COG
[2026-09-19T17:36:01.928] Cog0  BM-TS,seq,906,tid,3,k,237,lt,FALSE,pos,75,hw,75,i,19,ph,2_513,d,6_182,e,42,st,SPIN_DN,flt,FALSE,up,TRUE,ig,0,o_pos,0,o_hw,0,o_i,NA,o_up,FALSE,why,NO_COG
[2026-09-19T17:36:01.929] Cog0  BM-TS,seq,907,tid,3,k,238,lt,FALSE,pos,75,hw,75,i,17,ph,2_580,d,6_146,e,51,st,SPIN_DN,flt,FALSE,up,TRUE,ig,0,o_pos,0,o_hw,0,o_i,NA,o_up,FALSE,why,NO_COG
[2026-09-19T17:36:01.932] Cog0  BM-TS,seq,908,tid,3,k,239,lt,FALSE,pos,75,hw,75,i,15,ph,2_525,d,6_110,e,60,st,SPIN_DN,flt,FALSE,up,TRUE,ig,0,o_pos,0,o_hw,0,o_i,NA,o_up,FALSE,why,NO_COG
[2026-09-19T17:36:01.933] Cog0  BM-TS,seq,909,tid,3,k,240,lt,FALSE,pos,75,hw,75,i,16,ph,2_459,d,6_074,e,69,st,SPIN_DN,flt,FALSE,up,TRUE,ig,0,o_pos,0,o_hw,0,o_i,NA,o_up,FALSE,why,NO_COG
[2026-09-19T17:36:01.935] Cog0  BM-TS,seq,910,tid,3,k,241,lt,FALSE,pos,75,hw,75,i,21,ph,2_396,d,6_038,e,78,st,SPIN_DN,flt,FALSE,up,TRUE,ig,0,o_pos,0,o_hw,0,o_i,NA,o_up,FALSE,why,NO_COG
[2026-09-19T17:36:01.938] Cog0  BM-TS,seq,911,tid,3,k,242,lt,FALSE,pos,76,hw,76,i,17,ph,2_336,d,6_068,e,44,st,SPIN_DN,flt,FALSE,up,TRUE,ig,0,o_pos,0,o_hw,0,o_i,NA,o_up,FALSE,why,NO_COG
[2026-09-19T17:36:01.939] Cog0  BM-TS,seq,912,tid,3,k,243,lt,FALSE,pos,76,hw,76,i,19,ph,2_265,d,6_041,e,50,st,SPIN_DN,flt,FALSE,up,TRUE,ig,0,o_pos,0,o_hw,0,o_i,NA,o_up,FALSE,why,NO_COG
[2026-09-19T17:36:01.941] Cog0  BM-TS,seq,913,tid,3,k,244,lt,FALSE,pos,76,hw,76,i,20,ph,2_312,d,6_005,e,59,st,SPIN_DN,flt,FALSE,up,TRUE,ig,0,o_pos,0,o_hw,0,o_i,NA,o_up,FALSE,why,NO_COG
[2026-09-19T17:36:01.943] Cog0  BM-TS,seq,914,tid,3,k,245,lt,FALSE,pos,76,hw,76,i,21,ph,2_377,d,5_969,e,68,st,SPIN_DN,flt,FALSE,up,TRUE,ig,0,o_pos,0,o_hw,0,o_i,NA,o_up,FALSE,why,NO_COG
[2026-09-19T17:36:01.945] Cog0  BM-TS,seq,915,tid,3,k,246,lt,FALSE,pos,76,hw,76,i,21,ph,2_443,d,5_933,e,76,st,SPIN_DN,flt,FALSE,up,TRUE,ig,0,o_pos,0,o_hw,0,o_i,NA,o_up,FALSE,why,NO_COG
[2026-09-19T17:36:01.947] Cog0  BM-TS,seq,916,tid,3,k,247,lt,FALSE,pos,77,hw,77,i,20,ph,2_512,d,5_895,e,42,st,SPIN_DN,flt,FALSE,up,TRUE,ig,0,o_pos,0,o_hw,0,o_i,NA,o_up,FALSE,why,NO_COG
[2026-09-19T17:36:01.949] Cog0  BM-TS,seq,917,tid,3,k,248,lt,FALSE,pos,77,hw,77,i,16,ph,2_550,d,5_868,e,49,st,SPIN_DN,flt,FALSE,up,TRUE,ig,0,o_pos,0,o_hw,0,o_i,NA,o_up,FALSE,why,NO_COG
[2026-09-19T17:36:01.951] Cog0  BM-TS,seq,918,tid,3,k,249,lt,FALSE,pos,77,hw,77,i,16,ph,2_536,d,5_832,e,57,st,SPIN_DN,flt,FALSE,up,TRUE,ig,0,o_pos,0,o_hw,0,o_i,NA,o_up,FALSE,why,NO_COG
[2026-09-19T17:36:01.953] Cog0  BM-TS,seq,919,tid,3,k,250,lt,FALSE,pos,77,hw,77,i,17,ph,2_481,d,5_796,e,65,st,SPIN_DN,flt,FALSE,up,TRUE,ig,0,o_pos,0,o_hw,0,o_i,NA,o_up,FALSE,why,NO_COG
[2026-09-19T17:36:01.955] Cog0  BM-TS,seq,920,tid,3,k,251,lt,FALSE,pos,77,hw,77,i,18,ph,2_417,d,5_760,e,74,st,SPIN_DN,flt,FALSE,up,TRUE,ig,0,o_pos,0,o_hw,0,o_i,NA,o_up,FALSE,why,NO_COG
[2026-09-19T17:36:01.957] Cog0  BM-TS,seq,921,tid,3,k,252,lt,FALSE,pos,78,hw,78,i,20,ph,2_357,d,5_716,e,39,st,SPIN_DN,flt,FALSE,up,TRUE,ig,0,o_pos,0,o_hw,0,o_i,NA,o_up,FALSE,why,NO_COG
[2026-09-19T17:36:01.959] Cog0  BM-TS,seq,922,tid,3,k,253,lt,FALSE,pos,78,hw,78,i,17,ph,2_283,d,5_665,e,48,st,SPIN_DN,flt,FALSE,up,TRUE,ig,0,o_pos,0,o_hw,0,o_i,NA,o_up,FALSE,why,NO_COG
[2026-09-19T17:36:01.961] Cog0  BM-TS,seq,923,tid,3,k,254,lt,FALSE,pos,78,hw,78,i,17,ph,2_283,d,5_638,e,54,st,SPIN_DN,flt,FALSE,up,TRUE,ig,0,o_pos,0,o_hw,0,o_i,NA,o_up,FALSE,why,NO_COG
[2026-09-19T17:36:01.963] Cog0  BM-TS,seq,924,tid,3,k,255,lt,FALSE,pos,78,hw,78,i,12,ph,2_316,d,5_602,e,62,st,SPIN_DN,flt,FALSE,up,TRUE,ig,0,o_pos,0,o_hw,0,o_i,NA,o_up,FALSE,why,NO_COG
[2026-09-19T17:36:01.965] Cog0  BM-TS,seq,925,tid,3,k,256,lt,FALSE,pos,78,hw,78,i,17,ph,2_384,d,5_566,e,70,st,SPIN_DN,flt,FALSE,up,TRUE,ig,0,o_pos,0,o_hw,0,o_i,NA,o_up,FALSE,why,NO_COG
[2026-09-19T17:36:01.967] Cog0  BM-TS,seq,926,tid,3,k,257,lt,FALSE,pos,78,hw,78,i,19,ph,2_445,d,5_530,e,78,st,SPIN_DN,flt,FALSE,up,TRUE,ig,0,o_pos,0,o_hw,0,o_i,NA,o_up,FALSE,why,NO_COG
[2026-09-19T17:36:01.969] Cog0  BM-TS,seq,927,tid,3,k,258,lt,FALSE,pos,79,hw,79,i,16,ph,2_501,d,5_522,e,44,st,SPIN_DN,flt,FALSE,up,TRUE,ig,0,o_pos,0,o_hw,0,o_i,NA,o_up,FALSE,why,NO_COG
[2026-09-19T17:36:01.971] Cog0  BM-TS,seq,928,tid,3,k,259,lt,FALSE,pos,79,hw,79,i,17,ph,2_543,d,5_486,e,52,st,SPIN_DN,flt,FALSE,up,TRUE,ig,0,o_pos,0,o_hw,0,o_i,NA,o_up,FALSE,why,NO_COG
[2026-09-19T17:36:01.973] Cog0  BM-TS,seq,929,tid,3,k,260,lt,FALSE,pos,79,hw,79,i,17,ph,2_509,d,5_459,e,58,st,SPIN_DN,flt,FALSE,up,TRUE,ig,0,o_pos,0,o_hw,0,o_i,NA,o_up,FALSE,why,NO_COG
[2026-09-19T17:36:01.975] Cog0  BM-TS,seq,930,tid,3,k,261,lt,FALSE,pos,79,hw,79,i,17,ph,2_473,d,5_423,e,66,st,SPIN_DN,flt,FALSE,up,TRUE,ig,0,o_pos,0,o_hw,0,o_i,NA,o_up,FALSE,why,NO_COG
[2026-09-19T17:36:01.977] Cog0  BM-TS,seq,931,tid,3,k,262,lt,FALSE,pos,79,hw,79,i,17,ph,2_408,d,5_387,e,74,st,SPIN_DN,flt,FALSE,up,TRUE,ig,0,o_pos,0,o_hw,0,o_i,NA,o_up,FALSE,why,NO_COG
[2026-09-19T17:36:01.979] Cog0  BM-TS,seq,932,tid,3,k,263,lt,FALSE,pos,80,hw,80,i,18,ph,2_355,d,5_348,e,39,st,SPIN_DN,flt,FALSE,up,TRUE,ig,0,o_pos,0,o_hw,0,o_i,NA,o_up,FALSE,why,NO_COG
[2026-09-19T17:36:01.981] Cog0  BM-TS,seq,933,tid,3,k,264,lt,FALSE,pos,80,hw,80,i,15,ph,2_303,d,5_277,e,46,st,SPIN_DN,flt,FALSE,up,TRUE,ig,0,o_pos,0,o_hw,0,o_i,NA,o_up,FALSE,why,NO_COG
[2026-09-19T17:36:01.983] Cog0  BM-TS,seq,934,tid,3,k,265,lt,FALSE,pos,80,hw,80,i,13,ph,2_269,d,5_241,e,54,st,SPIN_DN,flt,FALSE,up,TRUE,ig,0,o_pos,0,o_hw,0,o_i,NA,o_up,FALSE,why,NO_COG
[2026-09-19T17:36:01.984] Cog0  BM-TS,seq,935,tid,3,k,266,lt,FALSE,pos,80,hw,80,i,14,ph,2_329,d,5_214,e,60,st,SPIN_DN,flt,FALSE,up,TRUE,ig,0,o_pos,0,o_hw,0,o_i,NA,o_up,FALSE,why,NO_COG
[2026-09-19T17:36:01.986] Cog0  BM-TS,seq,936,tid,3,k,267,lt,FALSE,pos,80,hw,80,i,17,ph,2_384,d,5_178,e,68,st,SPIN_DN,flt,FALSE,up,TRUE,ig,0,o_pos,0,o_hw,0,o_i,NA,o_up,FALSE,why,NO_COG
[2026-09-19T17:36:01.989] Cog0  BM-TS,seq,937,tid,3,k,268,lt,FALSE,pos,80,hw,80,i,17,ph,2_427,d,5_142,e,75,st,SPIN_DN,flt,FALSE,up,TRUE,ig,0,o_pos,0,o_hw,0,o_i,NA,o_up,FALSE,why,NO_COG
[2026-09-19T17:36:01.990] Cog0  BM-TS,seq,938,tid,3,k,269,lt,FALSE,pos,81,hw,81,i,16,ph,2_485,d,5_089,e,40,st,SPIN_DN,flt,FALSE,up,TRUE,ig,0,o_pos,0,o_hw,0,o_i,NA,o_up,FALSE,why,NO_COG
[2026-09-19T17:36:01.992] Cog0  BM-TS,seq,939,tid,3,k,270,lt,FALSE,pos,81,hw,81,i,14,ph,2_526,d,5_039,e,48,st,SPIN_DN,flt,FALSE,up,TRUE,ig,0,o_pos,0,o_hw,0,o_i,NA,o_up,FALSE,why,NO_COG
[2026-09-19T17:36:01.994] Cog0  BM-TS,seq,940,tid,3,k,271,lt,FALSE,pos,81,hw,81,i,13,ph,2_533,d,5_012,e,53,st,SPIN_DN,flt,FALSE,up,TRUE,ig,0,o_pos,0,o_hw,0,o_i,NA,o_up,FALSE,why,NO_COG
[2026-09-19T17:36:01.996] Cog0  BM-TS,seq,941,tid,3,k,272,lt,FALSE,pos,81,hw,81,i,16,ph,2_504,d,4_976,e,61,st,SPIN_DN,flt,FALSE,up,TRUE,ig,0,o_pos,0,o_hw,0,o_i,NA,o_up,FALSE,why,NO_COG
[2026-09-19T17:36:01.998] Cog0  BM-TS,seq,942,tid,3,k,273,lt,FALSE,pos,81,hw,81,i,14,ph,2_450,d,4_940,e,68,st,SPIN_DN,flt,FALSE,up,TRUE,ig,0,o_pos,0,o_hw,0,o_i,NA,o_up,FALSE,why,NO_COG
[2026-09-19T17:36:02.000] Cog0  BM-TS,seq,943,tid,3,k,274,lt,FALSE,pos,81,hw,81,i,14,ph,2_416,d,4_904,e,75,st,SPIN_DN,flt,FALSE,up,TRUE,ig,0,o_pos,0,o_hw,0,o_i,NA,o_up,FALSE,why,NO_COG
[2026-09-19T17:36:02.002] Cog0  BM-TS,seq,944,tid,3,k,275,lt,FALSE,pos,81,hw,81,i,13,ph,2_362,d,4_894,e,83,st,SPIN_DN,flt,FALSE,up,TRUE,ig,0,o_pos,0,o_hw,0,o_i,NA,o_up,FALSE,why,NO_COG
[2026-09-19T17:36:02.004] Cog0  BM-TS,seq,945,tid,3,k,276,lt,FALSE,pos,82,hw,82,i,15,ph,2_322,d,4_866,e,47,st,SPIN_DN,flt,FALSE,up,TRUE,ig,0,o_pos,0,o_hw,0,o_i,NA,o_up,FALSE,why,NO_COG
[2026-09-19T17:36:02.006] Cog0  BM-TS,seq,946,tid,3,k,277,lt,FALSE,pos,82,hw,82,i,16,ph,2_297,d,4_839,e,53,st,SPIN_DN,flt,FALSE,up,TRUE,ig,0,o_pos,0,o_hw,0,o_i,NA,o_up,FALSE,why,NO_COG
[2026-09-19T17:36:02.008] Cog0  BM-TS,seq,947,tid,3,k,278,lt,FALSE,pos,82,hw,82,i,16,ph,2_335,d,4_803,e,60,st,SPIN_DN,flt,FALSE,up,TRUE,ig,0,o_pos,0,o_hw,0,o_i,NA,o_up,FALSE,why,NO_COG
[2026-09-19T17:36:02.010] Cog0  BM-TS,seq,948,tid,3,k,279,lt,FALSE,pos,82,hw,82,i,17,ph,2_368,d,4_767,e,67,st,SPIN_DN,flt,FALSE,up,TRUE,ig,0,o_pos,0,o_hw,0,o_i,NA,o_up,FALSE,why,NO_COG
[2026-09-19T17:36:02.012] Cog0  BM-TS,seq,949,tid,3,k,280,lt,FALSE,pos,82,hw,82,i,15,ph,2_422,d,4_731,e,74,st,SPIN_DN,flt,FALSE,up,TRUE,ig,0,o_pos,0,o_hw,0,o_i,NA,o_up,FALSE,why,NO_COG
[2026-09-19T17:36:02.014] Cog0  BM-TS,seq,950,tid,3,k,281,lt,FALSE,pos,82,hw,82,i,15,ph,2_467,d,4_695,e,81,st,SPIN_DN,flt,FALSE,up,TRUE,ig,0,o_pos,0,o_hw,0,o_i,NA,o_up,FALSE,why,NO_COG
[2026-09-19T17:36:02.016] Cog0  BM-TS,seq,951,tid,3,k,282,lt,FALSE,pos,83,hw,83,i,15,ph,2_497,d,4_705,e,45,st,SPIN_DN,flt,FALSE,up,TRUE,ig,0,o_pos,0,o_hw,0,o_i,NA,o_up,FALSE,why,NO_COG
[2026-09-19T17:36:02.018] Cog0  BM-TS,seq,952,tid,3,k,283,lt,FALSE,pos,83,hw,83,i,13,ph,2_530,d,4_678,e,50,st,SPIN_DN,flt,FALSE,up,TRUE,ig,0,o_pos,0,o_hw,0,o_i,NA,o_up,FALSE,why,NO_COG
[2026-09-19T17:36:02.020] Cog0  BM-TS,seq,953,tid,3,k,284,lt,FALSE,pos,83,hw,83,i,15,ph,2_522,d,4_642,e,57,st,SPIN_DN,flt,FALSE,up,TRUE,ig,0,o_pos,0,o_hw,0,o_i,NA,o_up,FALSE,why,NO_COG
[2026-09-19T17:36:02.022] Cog0  BM-TS,seq,954,tid,3,k,285,lt,FALSE,pos,83,hw,83,i,14,ph,2_472,d,4_606,e,64,st,SPIN_DN,flt,FALSE,up,TRUE,ig,0,o_pos,0,o_hw,0,o_i,NA,o_up,FALSE,why,NO_COG
[2026-09-19T17:36:02.024] Cog0  BM-TS,seq,955,tid,3,k,286,lt,FALSE,pos,83,hw,83,i,13,ph,2_441,d,4_570,e,71,st,SPIN_DN,flt,FALSE,up,TRUE,ig,0,o_pos,0,o_hw,0,o_i,NA,o_up,FALSE,why,NO_COG
[2026-09-19T17:36:02.026] Cog0  BM-TS,seq,956,tid,3,k,287,lt,FALSE,pos,83,hw,83,i,12,ph,2_389,d,4_534,e,78,st,SPIN_DN,flt,FALSE,up,TRUE,ig,0,o_pos,0,o_hw,0,o_i,NA,o_up,FALSE,why,NO_COG
[2026-09-19T17:36:02.028] Cog0  BM-TS,seq,957,tid,3,k,288,lt,FALSE,pos,84,hw,84,i,12,ph,2_365,d,4_490,e,42,st,SPIN_DN,flt,FALSE,up,TRUE,ig,0,o_pos,0,o_hw,0,o_i,NA,o_up,FALSE,why,NO_COG
[2026-09-19T17:36:02.030] Cog0  BM-TS,seq,958,tid,3,k,289,lt,FALSE,pos,84,hw,84,i,13,ph,2_316,d,4_463,e,47,st,SPIN_DN,flt,FALSE,up,TRUE,ig,0,o_pos,0,o_hw,0,o_i,NA,o_up,FALSE,why,NO_COG
[2026-09-19T17:36:02.032] Cog0  BM-TS,seq,959,tid,3,k,290,lt,FALSE,pos,84,hw,84,i,12,ph,2_302,d,4_427,e,53,st,SPIN_DN,flt,FALSE,up,TRUE,ig,0,o_pos,0,o_hw,0,o_i,NA,o_up,FALSE,why,NO_COG
[2026-09-19T17:36:02.034] Cog0  BM-TS,seq,960,tid,3,k,291,lt,FALSE,pos,84,hw,84,i,11,ph,2_331,d,4_391,e,60,st,SPIN_DN,flt,FALSE,up,TRUE,ig,0,o_pos,0,o_hw,0,o_i,NA,o_up,FALSE,why,NO_COG
[2026-09-19T17:36:02.036] Cog0  BM-TS,seq,961,tid,3,k,292,lt,FALSE,pos,84,hw,84,i,14,ph,2_374,d,4_355,e,66,st,SPIN_DN,flt,FALSE,up,TRUE,ig,0,o_pos,0,o_hw,0,o_i,NA,o_up,FALSE,why,NO_COG
[2026-09-19T17:36:02.037] Cog0  BM-TS,seq,962,tid,3,k,293,lt,FALSE,pos,84,hw,84,i,12,ph,2_405,d,4_320,e,73,st,SPIN_DN,flt,FALSE,up,TRUE,ig,0,o_pos,0,o_hw,0,o_i,NA,o_up,FALSE,why,NO_COG
[2026-09-19T17:36:02.040] Cog0  BM-TS,seq,963,tid,3,k,294,lt,FALSE,pos,84,hw,84,i,12,ph,2_429,d,4_296,e,77,st,SPIN_DN,flt,FALSE,up,TRUE,ig,0,o_pos,0,o_hw,0,o_i,NA,o_up,FALSE,why,NO_COG
[2026-09-19T17:36:02.041] Cog0  BM-TS,seq,964,tid,3,k,295,lt,FALSE,pos,85,hw,85,i,13,ph,2_471,d,4_336,e,41,st,SPIN_DN,flt,FALSE,up,TRUE,ig,0,o_pos,0,o_hw,0,o_i,NA,o_up,FALSE,why,NO_COG
[2026-09-19T17:36:02.043] Cog0  BM-TS,seq,965,tid,3,k,296,lt,FALSE,pos,85,hw,85,i,13,ph,2_500,d,4_297,e,47,st,SPIN_DN,flt,FALSE,up,TRUE,ig,0,o_pos,0,o_hw,0,o_i,NA,o_up,FALSE,why,NO_COG
[2026-09-19T17:36:02.045] Cog0  BM-TS,seq,966,tid,3,k,297,lt,FALSE,pos,85,hw,85,i,12,ph,2_506,d,4_261,e,54,st,SPIN_DN,flt,FALSE,up,TRUE,ig,0,o_pos,0,o_hw,0,o_i,NA,o_up,FALSE,why,NO_COG
[2026-09-19T17:36:02.047] Cog0  BM-TS,seq,967,tid,3,k,298,lt,FALSE,pos,85,hw,85,i,13,ph,2_471,d,4_225,e,60,st,SPIN_DN,flt,FALSE,up,TRUE,ig,0,o_pos,0,o_hw,0,o_i,NA,o_up,FALSE,why,NO_COG
[2026-09-19T17:36:02.049] Cog0  BM-TS,seq,968,tid,3,k,299,lt,FALSE,pos,85,hw,85,i,12,ph,2_449,d,4_189,e,66,st,SPIN_DN,flt,FALSE,up,TRUE,ig,0,o_pos,0,o_hw,0,o_i,NA,o_up,FALSE,why,NO_COG
[2026-09-19T17:36:02.051] Cog0  BM-TS,seq,969,tid,3,k,300,lt,FALSE,pos,85,hw,85,i,11,ph,2_420,d,4_162,e,71,st,SPIN_DN,flt,FALSE,up,TRUE,ig,0,o_pos,0,o_hw,0,o_i,NA,o_up,FALSE,why,NO_COG
[2026-09-19T17:36:02.054] Cog0  BM-TS,seq,970,tid,3,k,303,lt,FALSE,pos,86,hw,86,i,15,ph,2_323,d,4_185,e,46,st,SPIN_DN,flt,FALSE,up,TRUE,ig,0,o_pos,0,o_hw,0,o_i,NA,o_up,FALSE,why,NO_COG
[2026-09-19T17:36:02.056] Cog0  BM-TS,seq,971,tid,3,k,310,lt,FALSE,pos,87,hw,87,i,13,ph,2_481,d,3_988,e,43,st,SPIN_DN,flt,FALSE,up,TRUE,ig,0,o_pos,0,o_hw,0,o_i,NA,o_up,FALSE,why,NO_COG
[2026-09-19T17:36:02.059] Cog0  BM-TS,seq,972,tid,3,k,318,lt,FALSE,pos,88,hw,88,i,13,ph,2_362,d,3_749,e,41,st,SPIN_DN,flt,FALSE,up,TRUE,ig,0,o_pos,0,o_hw,0,o_i,NA,o_up,FALSE,why,NO_COG
[2026-09-19T17:36:02.061] Cog0  BM-TS,seq,973,tid,3,k,325,lt,FALSE,pos,88,hw,88,i,12,ph,2_423,d,3_503,e,76,st,SPIN_DN,flt,FALSE,up,TRUE,ig,0,o_pos,0,o_hw,0,o_i,NA,o_up,FALSE,why,NO_COG
[2026-09-19T17:36:02.063] Cog0  BM-TS,seq,974,tid,3,k,327,lt,FALSE,pos,89,hw,89,i,12,ph,2_473,d,3_437,e,43,st,SPIN_DN,flt,FALSE,up,TRUE,ig,0,o_pos,0,o_hw,0,o_i,NA,o_up,FALSE,why,NO_COG
[2026-09-19T17:36:02.066] Cog0  BM-TS,seq,975,tid,3,k,335,lt,FALSE,pos,90,hw,90,i,12,ph,2_380,d,3_159,e,36,st,SPIN_DN,flt,FALSE,up,TRUE,ig,0,o_pos,0,o_hw,0,o_i,NA,o_up,FALSE,why,NO_COG
[2026-09-19T17:36:02.068] Cog0  BM-TS,seq,976,tid,3,k,347,lt,FALSE,pos,91,hw,91,i,11,ph,2_455,d,2_777,e,42,st,SPIN_DN,flt,FALSE,up,TRUE,ig,0,o_pos,0,o_hw,0,o_i,NA,o_up,FALSE,why,NO_COG
[2026-09-19T17:36:02.070] Cog0  BM-TS,seq,977,tid,3,k,350,lt,FALSE,pos,91,hw,91,i,12,ph,2_475,d,2_669,e,54,st,SPIN_DN,flt,FALSE,up,TRUE,ig,0,o_pos,0,o_hw,0,o_i,NA,o_up,FALSE,why,NO_COG
[2026-09-19T17:36:02.073] Cog0  BM-TS,seq,978,tid,3,k,359,lt,FALSE,pos,92,hw,92,i,13,ph,2_386,d,2_399,e,42,st,SPIN_DN,flt,FALSE,up,TRUE,ig,0,o_pos,0,o_hw,0,o_i,NA,o_up,FALSE,why,NO_COG
[2026-09-19T17:36:02.075] Cog0  BM-TS,seq,979,tid,3,k,373,lt,FALSE,pos,93,hw,93,i,12,ph,2_451,d,1_961,e,41,st,SPIN_DN,flt,FALSE,up,TRUE,ig,0,o_pos,0,o_hw,0,o_i,NA,o_up,FALSE,why,NO_COG
[2026-09-19T17:36:02.079] Cog0  BM-TS,seq,980,tid,3,k,375,lt,FALSE,pos,93,hw,93,i,10,ph,2_449,d,1_883,e,46,st,SPIN_DN,flt,FALSE,up,TRUE,ig,0,o_pos,0,o_hw,0,o_i,NA,o_up,FALSE,why,NO_COG
[2026-09-19T17:36:02.081] Cog0  BM-TS,seq,981,tid,3,k,393,lt,FALSE,pos,94,hw,94,i,14,ph,2_394,d,1_912,e,43,st,SPIN_DN,flt,FALSE,up,TRUE,ig,0,o_pos,0,o_hw,0,o_i,NA,o_up,FALSE,why,NO_COG
[2026-09-19T17:36:02.084] Cog0  BM-TS,seq,982,tid,3,k,400,lt,FALSE,pos,94,hw,94,i,12,ph,2_385,d,1_600,e,54,st,SPIN_DN,flt,FALSE,up,TRUE,ig,0,o_pos,0,o_hw,0,o_i,NA,o_up,FALSE,why,NO_COG
[2026-09-19T17:36:02.086] Cog0  BM-TS,seq,983,tid,3,k,415,lt,FALSE,pos,95,hw,95,i,12,ph,2_419,d,1_600,e,29,st,SPIN_DN,flt,FALSE,up,TRUE,ig,0,o_pos,0,o_hw,0,o_i,NA,o_up,FALSE,why,NO_COG
[2026-09-19T17:36:02.089] Cog0  BM-TS,seq,984,tid,3,k,425,lt,FALSE,pos,95,hw,95,i,12,ph,2_437,d,1_600,e,35,st,SPIN_DN,flt,FALSE,up,TRUE,ig,0,o_pos,0,o_hw,0,o_i,NA,o_up,FALSE,why,NO_COG
[2026-09-19T17:36:02.092] Cog0  BM-TS,seq,985,tid,3,k,435,lt,FALSE,pos,95,hw,95,i,10,ph,86,d,1_600,e,37,st,STOPPED,flt,FALSE,up,TRUE,ig,0,o_pos,0,o_hw,0,o_i,NA,o_up,FALSE,why,NO_COG
[2026-09-19T17:36:02.094] Cog0  BM-TS,seq,986,tid,3,k,450,lt,FALSE,pos,95,hw,95,i,8,ph,164,d,1_600,e,37,st,STOPPED,flt,FALSE,up,TRUE,ig,0,o_pos,0,o_hw,0,o_i,NA,o_up,FALSE,why,NO_COG
[2026-09-19T17:36:02.097] Cog0  BM-TS,seq,987,tid,3,k,452,lt,FALSE,pos,96,hw,96,i,8,ph,167,d,1_600,e,-6,st,STOPPED,flt,FALSE,up,TRUE,ig,0,o_pos,0,o_hw,0,o_i,NA,o_up,FALSE,why,NO_COG
[2026-09-19T17:36:02.099] Cog0  BM-TS,seq,988,tid,3,k,463,lt,FALSE,pos,95,hw,95,i,8,ph,163,d,1_600,e,37,st,STOPPED,flt,FALSE,up,TRUE,ig,0,o_pos,0,o_hw,0,o_i,NA,o_up,FALSE,why,NO_COG
[2026-09-19T17:36:02.103] Cog0  BM-TS,seq,989,tid,3,k,475,lt,FALSE,pos,95,hw,95,i,9,ph,160,d,1_600,e,37,st,STOPPED,flt,FALSE,up,TRUE,ig,0,o_pos,0,o_hw,0,o_i,NA,o_up,FALSE,why,NO_COG
[2026-09-19T17:36:02.106] Cog0  BM-TS,seq,990,tid,3,k,500,lt,FALSE,pos,95,hw,95,i,9,ph,170,d,1_600,e,37,st,STOPPED,flt,FALSE,up,TRUE,ig,0,o_pos,0,o_hw,0,o_i,NA,o_up,FALSE,why,NO_COG
[2026-09-19T17:36:02.110] Cog0  BM-TS,seq,991,tid,3,k,525,lt,FALSE,pos,95,hw,95,i,9,ph,165,d,1_600,e,37,st,STOPPED,flt,FALSE,up,TRUE,ig,0,o_pos,0,o_hw,0,o_i,NA,o_up,FALSE,why,NO_COG
[2026-09-19T17:36:02.113] Cog0  BM-TS,seq,992,tid,3,k,550,lt,FALSE,pos,95,hw,95,i,11,ph,165,d,1_600,e,37,st,STOPPED,flt,FALSE,up,TRUE,ig,0,o_pos,0,o_hw,0,o_i,NA,o_up,FALSE,why,NO_COG
[2026-09-19T17:36:02.117] Cog0  BM-TS,seq,993,tid,3,k,575,lt,FALSE,pos,95,hw,95,i,8,ph,168,d,1_600,e,37,st,STOPPED,flt,FALSE,up,TRUE,ig,0,o_pos,0,o_hw,0,o_i,NA,o_up,FALSE,why,NO_COG
[2026-09-19T17:36:02.120] Cog0  BM-TS,seq,994,tid,3,k,600,lt,FALSE,pos,95,hw,95,i,8,ph,163,d,1_600,e,37,st,STOPPED,flt,FALSE,up,TRUE,ig,0,o_pos,0,o_hw,0,o_i,NA,o_up,FALSE,why,NO_COG
[2026-09-19T17:36:02.122] Cog0  BM-TS,seq,995,tid,3,k,617,lt,FALSE,pos,95,hw,95,i,9,ph,165,d,1_600,e,37,st,STOPPED,flt,FALSE,up,TRUE,ig,0,o_pos,0,o_hw,0,o_i,NA,o_up,FALSE,why,NO_COG
[2026-09-19T17:36:02.138] Cog0  BM-TRACE-END,seq,996,tid,3,stored,618,emitted,327,ksum,56_147,mark_k,50,late,0,skipped,0,lost_head,0,dropped,0,end,REST,rest_k,463,ig_sum,0,o_ig_sum,0,hw_skip,0,stride,1,why,NONE
[2026-09-19T17:36:05.581] Cog0  BM-TRACE,seq,997,tid,4,seg,BASELINE,life,4,motor,LEFT,cause,STOPCMD,incre,73_500_000,off_neg,43,off_pos,317,req_mode,BRAKE,ramp_inc,22,period_us,2_000,decim,1,pre,50,why,NONE
[2026-09-19T17:36:05.648] Cog0  BM-TS,seq,998,tid,4,k,0,lt,FALSE,pos,0,hw,0,i,491,ph,2_276,d,16_138,e,36,st,AT_SPEED,flt,FALSE,up,TRUE,ig,0,o_pos,0,o_hw,0,o_i,NA,o_up,FALSE,why,NO_COG
[2026-09-19T17:36:05.650] Cog0  BM-TS,seq,999,tid,4,k,1,lt,FALSE,pos,0,hw,0,i,490,ph,2_030,d,16_098,e,53,st,AT_SPEED,flt,FALSE,up,TRUE,ig,0,o_pos,0,o_hw,0,o_i,NA,o_up,FALSE,why,NO_COG
[2026-09-19T17:36:05.652] Cog0  BM-TS,seq,1_000,tid,4,k,2,lt,FALSE,pos,0,hw,0,i,483,ph,2_243,d,16_165,e,66,st,AT_SPEED,flt,FALSE,up,TRUE,ig,0,o_pos,0,o_hw,0,o_i,NA,o_up,FALSE,why,NO_COG
[2026-09-19T17:36:05.654] Cog0  BM-TS,seq,1_001,tid,4,k,3,lt,FALSE,pos,1,hw,1,i,483,ph,2_606,d,16_138,e,41,st,AT_SPEED,flt,FALSE,up,TRUE,ig,0,o_pos,0,o_hw,0,o_i,NA,o_up,FALSE,why,NO_COG
[2026-09-19T17:36:05.656] Cog0  BM-TS,seq,1_002,tid,4,k,4,lt,FALSE,pos,1,hw,1,i,452,ph,2_651,d,16_145,e,59,st,AT_SPEED,flt,FALSE,up,TRUE,ig,0,o_pos,0,o_hw,0,o_i,NA,o_up,FALSE,why,NO_COG
[2026-09-19T17:36:05.658] Cog0  BM-TS,seq,1_003,tid,4,k,5,lt,FALSE,pos,2,hw,2,i,486,ph,2_298,d,16_181,e,34,st,AT_SPEED,flt,FALSE,up,TRUE,ig,0,o_pos,0,o_hw,0,o_i,NA,o_up,FALSE,why,NO_COG
[2026-09-19T17:36:05.660] Cog0  BM-TS,seq,1_004,tid,4,k,6,lt,FALSE,pos,2,hw,2,i,464,ph,1_995,d,16_144,e,51,st,AT_SPEED,flt,FALSE,up,TRUE,ig,0,o_pos,0,o_hw,0,o_i,NA,o_up,FALSE,why,NO_COG
[2026-09-19T17:36:05.662] Cog0  BM-TS,seq,1_005,tid,4,k,7,lt,FALSE,pos,2,hw,2,i,493,ph,2_220,d,16_191,e,69,st,AT_SPEED,flt,FALSE,up,TRUE,ig,0,o_pos,0,o_hw,0,o_i,NA,o_up,FALSE,why,NO_COG
[2026-09-19T17:36:05.664] Cog0  BM-TS,seq,1_006,tid,4,k,8,lt,FALSE,pos,3,hw,3,i,503,ph,2_588,d,16_139,e,39,st,AT_SPEED,flt,FALSE,up,TRUE,ig,0,o_pos,0,o_hw,0,o_i,NA,o_up,FALSE,why,NO_COG
[2026-09-19T17:36:05.666] Cog0  BM-TS,seq,1_007,tid,4,k,9,lt,FALSE,pos,3,hw,3,i,464,ph,2_713,d,16_152,e,57,st,AT_SPEED,flt,FALSE,up,TRUE,ig,0,o_pos,0,o_hw,0,o_i,NA,o_up,FALSE,why,NO_COG
[2026-09-19T17:36:05.668] Cog0  BM-TS,seq,1_008,tid,4,k,10,lt,FALSE,pos,4,hw,4,i,486,ph,2_368,d,16_212,e,32,st,AT_SPEED,flt,FALSE,up,TRUE,ig,0,o_pos,0,o_hw,0,o_i,NA,o_up,FALSE,why,NO_COG
[2026-09-19T17:36:05.670] Cog0  BM-TS,seq,1_009,tid,4,k,11,lt,FALSE,pos,4,hw,4,i,464,ph,2_055,d,16_155,e,49,st,AT_SPEED,flt,FALSE,up,TRUE,ig,0,o_pos,0,o_hw,0,o_i,NA,o_up,FALSE,why,NO_COG
[2026-09-19T17:36:05.672] Cog0  BM-TS,seq,1_010,tid,4,k,12,lt,FALSE,pos,4,hw,4,i,493,ph,2_284,d,16_205,e,67,st,AT_SPEED,flt,FALSE,up,TRUE,ig,0,o_pos,0,o_hw,0,o_i,NA,o_up,FALSE,why,NO_COG
[2026-09-19T17:36:05.674] Cog0  BM-TS,seq,1_011,tid,4,k,13,lt,FALSE,pos,5,hw,5,i,517,ph,2_560,d,16_170,e,37,st,AT_SPEED,flt,FALSE,up,TRUE,ig,0,o_pos,0,o_hw,0,o_i,NA,o_up,FALSE,why,NO_COG
[2026-09-19T17:36:05.675] Cog0  BM-TS,seq,1_012,tid,4,k,14,lt,FALSE,pos,5,hw,5,i,469,ph,2_750,d,16_170,e,55,st,AT_SPEED,flt,FALSE,up,TRUE,ig,0,o_pos,0,o_hw,0,o_i,NA,o_up,FALSE,why,NO_COG
[2026-09-19T17:36:05.678] Cog0  BM-TS,seq,1_013,tid,4,k,15,lt,FALSE,pos,6,hw,6,i,486,ph,2_377,d,16_230,e,30,st,AT_SPEED,flt,FALSE,up,TRUE,ig,0,o_pos,0,o_hw,0,o_i,NA,o_up,FALSE,why,NO_COG
[2026-09-19T17:36:05.680] Cog0  BM-TS,seq,1_014,tid,4,k,16,lt,FALSE,pos,6,hw,6,i,468,ph,2_059,d,16_176,e,47,st,AT_SPEED,flt,FALSE,up,TRUE,ig,0,o_pos,0,o_hw,0,o_i,NA,o_up,FALSE,why,NO_COG
[2026-09-19T17:36:05.681] Cog0  BM-TS,seq,1_015,tid,4,k,17,lt,FALSE,pos,6,hw,6,i,475,ph,2_220,d,16_206,e,65,st,AT_SPEED,flt,FALSE,up,TRUE,ig,0,o_pos,0,o_hw,0,o_i,NA,o_up,FALSE,why,NO_COG
[2026-09-19T17:36:05.684] Cog0  BM-TS,seq,1_016,tid,4,k,18,lt,FALSE,pos,7,hw,7,i,522,ph,2_560,d,16_205,e,39,st,AT_SPEED,flt,FALSE,up,TRUE,ig,0,o_pos,0,o_hw,0,o_i,NA,o_up,FALSE,why,NO_COG
[2026-09-19T17:36:05.686] Cog0  BM-TS,seq,1_017,tid,4,k,19,lt,FALSE,pos,7,hw,7,i,487,ph,2_746,d,16_185,e,53,st,AT_SPEED,flt,FALSE,up,TRUE,ig,0,o_pos,0,o_hw,0,o_i,NA,o_up,FALSE,why,NO_COG
[2026-09-19T17:36:05.687] Cog0  BM-TS,seq,1_018,tid,4,k,20,lt,FALSE,pos,8,hw,8,i,506,ph,2_409,d,16_260,e,27,st,AT_SPEED,flt,FALSE,up,TRUE,ig,0,o_pos,0,o_hw,0,o_i,NA,o_up,FALSE,why,NO_COG
[2026-09-19T17:36:05.690] Cog0  BM-TS,seq,1_019,tid,4,k,21,lt,FALSE,pos,8,hw,8,i,483,ph,2_099,d,16_186,e,45,st,AT_SPEED,flt,FALSE,up,TRUE,ig,0,o_pos,0,o_hw,0,o_i,NA,o_up,FALSE,why,NO_COG
[2026-09-19T17:36:05.691] Cog0  BM-TS,seq,1_020,tid,4,k,22,lt,FALSE,pos,8,hw,8,i,458,ph,2_194,d,16_219,e,62,st,AT_SPEED,flt,FALSE,up,TRUE,ig,0,o_pos,0,o_hw,0,o_i,NA,o_up,FALSE,why,NO_COG
[2026-09-19T17:36:05.693] Cog0  BM-TS,seq,1_021,tid,4,k,23,lt,FALSE,pos,9,hw,9,i,494,ph,2_551,d,16_224,e,37,st,AT_SPEED,flt,FALSE,up,TRUE,ig,0,o_pos,0,o_hw,0,o_i,NA,o_up,FALSE,why,NO_COG
[2026-09-19T17:36:05.696] Cog0  BM-TS,seq,1_022,tid,4,k,24,lt,FALSE,pos,9,hw,9,i,503,ph,2_778,d,16_207,e,55,st,AT_SPEED,flt,FALSE,up,TRUE,ig,0,o_pos,0,o_hw,0,o_i,NA,o_up,FALSE,why,NO_COG
[2026-09-19T17:36:05.697] Cog0  BM-TS,seq,1_023,tid,4,k,25,lt,FALSE,pos,9,hw,9,i,511,ph,2_499,d,16_274,e,68,st,AT_SPEED,flt,FALSE,up,TRUE,ig,0,o_pos,0,o_hw,0,o_i,NA,o_up,FALSE,why,NO_COG
[2026-09-19T17:36:05.700] Cog0  BM-TS,seq,1_024,tid,4,k,26,lt,FALSE,pos,10,hw,10,i,499,ph,2_161,d,16_213,e,43,st,AT_SPEED,flt,FALSE,up,TRUE,ig,0,o_pos,0,o_hw,0,o_i,NA,o_up,FALSE,why,NO_COG
[2026-09-19T17:36:05.700] Cog0  BM-TS,seq,1_025,tid,4,k,27,lt,FALSE,pos,10,hw,10,i,467,ph,2_165,d,16_226,e,60,st,AT_SPEED,flt,FALSE,up,TRUE,ig,0,o_pos,0,o_hw,0,o_i,NA,o_up,FALSE,why,NO_COG
[2026-09-19T17:36:05.703] Cog0  BM-TS,seq,1_026,tid,4,k,28,lt,FALSE,pos,11,hw,11,i,494,ph,2_525,d,16_253,e,35,st,AT_SPEED,flt,FALSE,up,TRUE,ig,0,o_pos,0,o_hw,0,o_i,NA,o_up,FALSE,why,NO_COG
[2026-09-19T17:36:05.705] Cog0  BM-TS,seq,1_027,tid,4,k,29,lt,FALSE,pos,11,hw,11,i,474,ph,2_780,d,16_216,e,53,st,AT_SPEED,flt,FALSE,up,TRUE,ig,0,o_pos,0,o_hw,0,o_i,NA,o_up,FALSE,why,NO_COG
[2026-09-19T17:36:05.707] Cog0  BM-TS,seq,1_028,tid,4,k,30,lt,FALSE,pos,11,hw,11,i,516,ph,2_535,d,16_286,e,70,st,AT_SPEED,flt,FALSE,up,TRUE,ig,0,o_pos,0,o_hw,0,o_i,NA,o_up,FALSE,why,NO_COG
[2026-09-19T17:36:05.709] Cog0  BM-TS,seq,1_029,tid,4,k,31,lt,FALSE,pos,12,hw,12,i,510,ph,2_172,d,16_218,e,41,st,AT_SPEED,flt,FALSE,up,TRUE,ig,0,o_pos,0,o_hw,0,o_i,NA,o_up,FALSE,why,NO_COG
[2026-09-19T17:36:05.711] Cog0  BM-TS,seq,1_030,tid,4,k,32,lt,FALSE,pos,12,hw,12,i,467,ph,2_101,d,16_231,e,58,st,AT_SPEED,flt,FALSE,up,TRUE,ig,0,o_pos,0,o_hw,0,o_i,NA,o_up,FALSE,why,NO_COG
[2026-09-19T17:36:05.713] Cog0  BM-TS,seq,1_031,tid,4,k,33,lt,FALSE,pos,13,hw,13,i,498,ph,2_451,d,16_276,e,33,st,AT_SPEED,flt,FALSE,up,TRUE,ig,0,o_pos,0,o_hw,0,o_i,NA,o_up,FALSE,why,NO_COG
[2026-09-19T17:36:05.715] Cog0  BM-TS,seq,1_032,tid,4,k,34,lt,FALSE,pos,13,hw,13,i,473,ph,2_763,d,16_242,e,51,st,AT_SPEED,flt,FALSE,up,TRUE,ig,0,o_pos,0,o_hw,0,o_i,NA,o_up,FALSE,why,NO_COG
[2026-09-19T17:36:05.717] Cog0  BM-TS,seq,1_033,tid,4,k,35,lt,FALSE,pos,13,hw,13,i,506,ph,2_483,d,16_292,e,68,st,AT_SPEED,flt,FALSE,up,TRUE,ig,0,o_pos,0,o_hw,0,o_i,NA,o_up,FALSE,why,NO_COG
[2026-09-19T17:36:05.719] Cog0  BM-TS,seq,1_034,tid,4,k,36,lt,FALSE,pos,14,hw,14,i,525,ph,2_201,d,16_248,e,39,st,AT_SPEED,flt,FALSE,up,TRUE,ig,0,o_pos,0,o_hw,0,o_i,NA,o_up,FALSE,why,NO_COG
[2026-09-19T17:36:05.721] Cog0  BM-TS,seq,1_035,tid,4,k,37,lt,FALSE,pos,14,hw,14,i,486,ph,2_072,d,16_248,e,56,st,AT_SPEED,flt,FALSE,up,TRUE,ig,0,o_pos,0,o_hw,0,o_i,NA,o_up,FALSE,why,NO_COG
[2026-09-19T17:36:05.723] Cog0  BM-TS,seq,1_036,tid,4,k,38,lt,FALSE,pos,15,hw,15,i,513,ph,2_434,d,16_278,e,31,st,AT_SPEED,flt,FALSE,up,TRUE,ig,0,o_pos,0,o_hw,0,o_i,NA,o_up,FALSE,why,NO_COG
[2026-09-19T17:36:05.725] Cog0  BM-TS,seq,1_037,tid,4,k,39,lt,FALSE,pos,15,hw,15,i,475,ph,2_757,d,16_224,e,49,st,AT_SPEED,flt,FALSE,up,TRUE,ig,0,o_pos,0,o_hw,0,o_i,NA,o_up,FALSE,why,NO_COG
[2026-09-19T17:36:05.727] Cog0  BM-TS,seq,1_038,tid,4,k,40,lt,FALSE,pos,15,hw,15,i,477,ph,2_554,d,16_277,e,66,st,AT_SPEED,flt,FALSE,up,TRUE,ig,0,o_pos,0,o_hw,0,o_i,NA,o_up,FALSE,why,NO_COG
[2026-09-19T17:36:05.729] Cog0  BM-TS,seq,1_039,tid,4,k,41,lt,FALSE,pos,16,hw,16,i,512,ph,2_189,d,16_243,e,41,st,AT_SPEED,flt,FALSE,up,TRUE,ig,0,o_pos,0,o_hw,0,o_i,NA,o_up,FALSE,why,NO_COG
[2026-09-19T17:36:05.731] Cog0  BM-TS,seq,1_040,tid,4,k,42,lt,FALSE,pos,16,hw,16,i,503,ph,2_057,d,16_223,e,54,st,AT_SPEED,flt,FALSE,up,TRUE,ig,0,o_pos,0,o_hw,0,o_i,NA,o_up,FALSE,why,NO_COG
[2026-09-19T17:36:05.733] Cog0  BM-TS,seq,1_041,tid,4,k,43,lt,FALSE,pos,17,hw,17,i,525,ph,2_409,d,16_298,e,29,st,AT_SPEED,flt,FALSE,up,TRUE,ig,0,o_pos,0,o_hw,0,o_i,NA,o_up,FALSE,why,NO_COG
[2026-09-19T17:36:05.735] Cog0  BM-TS,seq,1_042,tid,4,k,44,lt,FALSE,pos,17,hw,17,i,481,ph,2_724,d,16_247,e,46,st,AT_SPEED,flt,FALSE,up,TRUE,ig,0,o_pos,0,o_hw,0,o_i,NA,o_up,FALSE,why,NO_COG
[2026-09-19T17:36:05.737] Cog0  BM-TS,seq,1_043,tid,4,k,45,lt,FALSE,pos,17,hw,17,i,472,ph,2_577,d,16_280,e,64,st,AT_SPEED,flt,FALSE,up,TRUE,ig,0,o_pos,0,o_hw,0,o_i,NA,o_up,FALSE,why,NO_COG
[2026-09-19T17:36:05.739] Cog0  BM-TS,seq,1_044,tid,4,k,46,lt,FALSE,pos,18,hw,18,i,501,ph,2_203,d,16_253,e,39,st,AT_SPEED,flt,FALSE,up,TRUE,ig,0,o_pos,0,o_hw,0,o_i,NA,o_up,FALSE,why,NO_COG
[2026-09-19T17:36:05.741] Cog0  BM-TS,seq,1_045,tid,4,k,47,lt,FALSE,pos,18,hw,18,i,515,ph,1_996,d,16_237,e,56,st,AT_SPEED,flt,FALSE,up,TRUE,ig,0,o_pos,0,o_hw,0,o_i,NA,o_up,FALSE,why,NO_COG
[2026-09-19T17:36:05.743] Cog0  BM-TS,seq,1_046,tid,4,k,48,lt,FALSE,pos,19,hw,19,i,520,ph,2_328,d,16_297,e,27,st,AT_SPEED,flt,FALSE,up,TRUE,ig,0,o_pos,0,o_hw,0,o_i,NA,o_up,FALSE,why,NO_COG
[2026-09-19T17:36:05.745] Cog0  BM-TS,seq,1_047,tid,4,k,49,lt,FALSE,pos,19,hw,19,i,494,ph,2_669,d,16_227,e,44,st,AT_SPEED,flt,FALSE,up,TRUE,ig,0,o_pos,0,o_hw,0,o_i,NA,o_up,FALSE,why,NO_COG
[2026-09-19T17:36:05.747] Cog0  BM-TS,seq,1_048,tid,4,k,50,lt,FALSE,pos,19,hw,19,i,477,ph,2_593,d,16_263,e,62,st,AT_SPEED,flt,FALSE,up,TRUE,ig,0,o_pos,0,o_hw,0,o_i,NA,o_up,FALSE,why,NO_COG
[2026-09-19T17:36:05.749] Cog0  BM-TS,seq,1_049,tid,4,k,51,lt,FALSE,pos,20,hw,20,i,499,ph,2_243,d,16_215,e,37,st,SPIN_DN,flt,FALSE,up,TRUE,ig,0,o_pos,0,o_hw,0,o_i,NA,o_up,FALSE,why,NO_COG
[2026-09-19T17:36:05.751] Cog0  BM-TS,seq,1_050,tid,4,k,52,lt,FALSE,pos,20,hw,20,i,471,ph,2_050,d,16_132,e,54,st,SPIN_DN,flt,FALSE,up,TRUE,ig,0,o_pos,0,o_hw,0,o_i,NA,o_up,FALSE,why,NO_COG
[2026-09-19T17:36:05.753] Cog0  BM-TS,seq,1_051,tid,4,k,53,lt,FALSE,pos,20,hw,20,i,506,ph,2_284,d,16_084,e,72,st,SPIN_DN,flt,FALSE,up,TRUE,ig,0,o_pos,0,o_hw,0,o_i,NA,o_up,FALSE,why,NO_COG
[2026-09-19T17:36:05.755] Cog0  BM-TS,seq,1_052,tid,4,k,54,lt,FALSE,pos,21,hw,21,i,494,ph,2_640,d,15_992,e,42,st,SPIN_DN,flt,FALSE,up,TRUE,ig,0,o_pos,0,o_hw,0,o_i,NA,o_up,FALSE,why,NO_COG
[2026-09-19T17:36:05.757] Cog0  BM-TS,seq,1_053,tid,4,k,55,lt,FALSE,pos,21,hw,21,i,456,ph,2_667,d,15_948,e,59,st,SPIN_DN,flt,FALSE,up,TRUE,ig,0,o_pos,0,o_hw,0,o_i,NA,o_up,FALSE,why,NO_COG
[2026-09-19T17:36:05.759] Cog0  BM-TS,seq,1_054,tid,4,k,56,lt,FALSE,pos,22,hw,22,i,473,ph,2_327,d,15_872,e,34,st,SPIN_DN,flt,FALSE,up,TRUE,ig,0,o_pos,0,o_hw,0,o_i,NA,o_up,FALSE,why,NO_COG
[2026-09-19T17:36:05.761] Cog0  BM-TS,seq,1_055,tid,4,k,57,lt,FALSE,pos,22,hw,22,i,435,ph,2_028,d,15_796,e,51,st,SPIN_DN,flt,FALSE,up,TRUE,ig,0,o_pos,0,o_hw,0,o_i,NA,o_up,FALSE,why,NO_COG
[2026-09-19T17:36:05.763] Cog0  BM-TS,seq,1_056,tid,4,k,58,lt,FALSE,pos,22,hw,22,i,464,ph,2_328,d,15_752,e,68,st,SPIN_DN,flt,FALSE,up,TRUE,ig,0,o_pos,0,o_hw,0,o_i,NA,o_up,FALSE,why,NO_COG
[2026-09-19T17:36:05.765] Cog0  BM-TS,seq,1_057,tid,4,k,59,lt,FALSE,pos,23,hw,23,i,486,ph,2_584,d,15_641,e,43,st,SPIN_DN,flt,FALSE,up,TRUE,ig,0,o_pos,0,o_hw,0,o_i,NA,o_up,FALSE,why,NO_COG
[2026-09-19T17:36:05.767] Cog0  BM-TS,seq,1_058,tid,4,k,60,lt,FALSE,pos,23,hw,23,i,431,ph,2_722,d,15_608,e,56,st,SPIN_DN,flt,FALSE,up,TRUE,ig,0,o_pos,0,o_hw,0,o_i,NA,o_up,FALSE,why,NO_COG
[2026-09-19T17:36:05.769] Cog0  BM-TS,seq,1_059,tid,4,k,61,lt,FALSE,pos,24,hw,24,i,456,ph,2_381,d,15_547,e,30,st,SPIN_DN,flt,FALSE,up,TRUE,ig,0,o_pos,0,o_hw,0,o_i,NA,o_up,FALSE,why,NO_COG
[2026-09-19T17:36:05.771] Cog0  BM-TS,seq,1_060,tid,4,k,62,lt,FALSE,pos,24,hw,24,i,420,ph,2_078,d,15_453,e,47,st,SPIN_DN,flt,FALSE,up,TRUE,ig,0,o_pos,0,o_hw,0,o_i,NA,o_up,FALSE,why,NO_COG
[2026-09-19T17:36:05.773] Cog0  BM-TS,seq,1_061,tid,4,k,63,lt,FALSE,pos,24,hw,24,i,412,ph,2_206,d,15_409,e,64,st,SPIN_DN,flt,FALSE,up,TRUE,ig,0,o_pos,0,o_hw,0,o_i,NA,o_up,FALSE,why,NO_COG
[2026-09-19T17:36:05.775] Cog0  BM-TS,seq,1_062,tid,4,k,64,lt,FALSE,pos,25,hw,25,i,443,ph,2_545,d,15_318,e,38,st,SPIN_DN,flt,FALSE,up,TRUE,ig,0,o_pos,0,o_hw,0,o_i,NA,o_up,FALSE,why,NO_COG
[2026-09-19T17:36:05.777] Cog0  BM-TS,seq,1_063,tid,4,k,65,lt,FALSE,pos,25,hw,25,i,429,ph,2_750,d,15_267,e,51,st,SPIN_DN,flt,FALSE,up,TRUE,ig,0,o_pos,0,o_hw,0,o_i,NA,o_up,FALSE,why,NO_COG
[2026-09-19T17:36:05.779] Cog0  BM-TS,seq,1_064,tid,4,k,66,lt,FALSE,pos,25,hw,25,i,422,ph,2_485,d,15_223,e,68,st,SPIN_DN,flt,FALSE,up,TRUE,ig,0,o_pos,0,o_hw,0,o_i,NA,o_up,FALSE,why,NO_COG
[2026-09-19T17:36:05.781] Cog0  BM-TS,seq,1_065,tid,4,k,67,lt,FALSE,pos,26,hw,26,i,415,ph,2_171,d,15_113,e,42,st,SPIN_DN,flt,FALSE,up,TRUE,ig,0,o_pos,0,o_hw,0,o_i,NA,o_up,FALSE,why,NO_COG
[2026-09-19T17:36:05.783] Cog0  BM-TS,seq,1_066,tid,4,k,68,lt,FALSE,pos,26,hw,26,i,383,ph,2_132,d,15_069,e,59,st,SPIN_DN,flt,FALSE,up,TRUE,ig,0,o_pos,0,o_hw,0,o_i,NA,o_up,FALSE,why,NO_COG
[2026-09-19T17:36:05.785] Cog0  BM-TS,seq,1_067,tid,4,k,69,lt,FALSE,pos,27,hw,27,i,410,ph,2_460,d,15_005,e,33,st,SPIN_DN,flt,FALSE,up,TRUE,ig,0,o_pos,0,o_hw,0,o_i,NA,o_up,FALSE,why,NO_COG
[2026-09-19T17:36:05.787] Cog0  BM-TS,seq,1_068,tid,4,k,70,lt,FALSE,pos,27,hw,27,i,415,ph,2_748,d,14_902,e,49,st,SPIN_DN,flt,FALSE,up,TRUE,ig,0,o_pos,0,o_hw,0,o_i,NA,o_up,FALSE,why,NO_COG
[2026-09-19T17:36:05.789] Cog0  BM-TS,seq,1_069,tid,4,k,71,lt,FALSE,pos,27,hw,27,i,399,ph,2_616,d,14_869,e,62,st,SPIN_DN,flt,FALSE,up,TRUE,ig,0,o_pos,0,o_hw,0,o_i,NA,o_up,FALSE,why,NO_COG
[2026-09-19T17:36:05.791] Cog0  BM-TS,seq,1_070,tid,4,k,72,lt,FALSE,pos,28,hw,28,i,402,ph,2_298,d,14_772,e,35,st,SPIN_DN,flt,FALSE,up,TRUE,ig,0,o_pos,0,o_hw,0,o_i,NA,o_up,FALSE,why,NO_COG
[2026-09-19T17:36:05.793] Cog0  BM-TS,seq,1_071,tid,4,k,73,lt,FALSE,pos,28,hw,28,i,365,ph,2_063,d,14_702,e,52,st,SPIN_DN,flt,FALSE,up,TRUE,ig,0,o_pos,0,o_hw,0,o_i,NA,o_up,FALSE,why,NO_COG
[2026-09-19T17:36:05.795] Cog0  BM-TS,seq,1_072,tid,4,k,74,lt,FALSE,pos,28,hw,28,i,368,ph,2_338,d,14_658,e,68,st,SPIN_DN,flt,FALSE,up,TRUE,ig,0,o_pos,0,o_hw,0,o_i,NA,o_up,FALSE,why,NO_COG
[2026-09-19T17:36:05.797] Cog0  BM-TS,seq,1_073,tid,4,k,75,lt,FALSE,pos,29,hw,29,i,367,ph,2_636,d,14_549,e,42,st,SPIN_DN,flt,FALSE,up,TRUE,ig,0,o_pos,0,o_hw,0,o_i,NA,o_up,FALSE,why,NO_COG
[2026-09-19T17:36:05.799] Cog0  BM-TS,seq,1_074,tid,4,k,76,lt,FALSE,pos,29,hw,29,i,363,ph,2_711,d,14_505,e,59,st,SPIN_DN,flt,FALSE,up,TRUE,ig,0,o_pos,0,o_hw,0,o_i,NA,o_up,FALSE,why,NO_COG
[2026-09-19T17:36:05.801] Cog0  BM-TS,seq,1_075,tid,4,k,77,lt,FALSE,pos,30,hw,30,i,388,ph,2_426,d,14_461,e,28,st,SPIN_DN,flt,FALSE,up,TRUE,ig,0,o_pos,0,o_hw,0,o_i,NA,o_up,FALSE,why,NO_COG
[2026-09-19T17:36:05.803] Cog0  BM-TS,seq,1_076,tid,4,k,78,lt,FALSE,pos,30,hw,30,i,355,ph,2_134,d,14_350,e,44,st,SPIN_DN,flt,FALSE,up,TRUE,ig,0,o_pos,0,o_hw,0,o_i,NA,o_up,FALSE,why,NO_COG
[2026-09-19T17:36:05.805] Cog0  BM-TS,seq,1_077,tid,4,k,79,lt,FALSE,pos,30,hw,30,i,324,ph,2_178,d,14_306,e,61,st,SPIN_DN,flt,FALSE,up,TRUE,ig,0,o_pos,0,o_hw,0,o_i,NA,o_up,FALSE,why,NO_COG
[2026-09-19T17:36:05.807] Cog0  BM-TS,seq,1_078,tid,4,k,80,lt,FALSE,pos,31,hw,31,i,339,ph,2_467,d,14_232,e,34,st,SPIN_DN,flt,FALSE,up,TRUE,ig,0,o_pos,0,o_hw,0,o_i,NA,o_up,FALSE,why,NO_COG
[2026-09-19T17:36:05.809] Cog0  BM-TS,seq,1_079,tid,4,k,81,lt,FALSE,pos,31,hw,31,i,331,ph,2_730,d,14_153,e,50,st,SPIN_DN,flt,FALSE,up,TRUE,ig,0,o_pos,0,o_hw,0,o_i,NA,o_up,FALSE,why,NO_COG
[2026-09-19T17:36:05.811] Cog0  BM-TS,seq,1_080,tid,4,k,82,lt,FALSE,pos,31,hw,31,i,336,ph,2_571,d,14_109,e,66,st,SPIN_DN,flt,FALSE,up,TRUE,ig,0,o_pos,0,o_hw,0,o_i,NA,o_up,FALSE,why,NO_COG
[2026-09-19T17:36:05.813] Cog0  BM-TS,seq,1_081,tid,4,k,83,lt,FALSE,pos,32,hw,32,i,344,ph,2_281,d,14_028,e,36,st,SPIN_DN,flt,FALSE,up,TRUE,ig,0,o_pos,0,o_hw,0,o_i,NA,o_up,FALSE,why,NO_COG
[2026-09-19T17:36:05.815] Cog0  BM-TS,seq,1_082,tid,4,k,84,lt,FALSE,pos,32,hw,32,i,303,ph,2_056,d,13_960,e,52,st,SPIN_DN,flt,FALSE,up,TRUE,ig,0,o_pos,0,o_hw,0,o_i,NA,o_up,FALSE,why,NO_COG
[2026-09-19T17:36:05.817] Cog0  BM-TS,seq,1_083,tid,4,k,85,lt,FALSE,pos,32,hw,32,i,294,ph,2_305,d,13_916,e,68,st,SPIN_DN,flt,FALSE,up,TRUE,ig,0,o_pos,0,o_hw,0,o_i,NA,o_up,FALSE,why,NO_COG
[2026-09-19T17:36:05.819] Cog0  BM-TS,seq,1_084,tid,4,k,86,lt,FALSE,pos,33,hw,33,i,313,ph,2_596,d,13_805,e,41,st,SPIN_DN,flt,FALSE,up,TRUE,ig,0,o_pos,0,o_hw,0,o_i,NA,o_up,FALSE,why,NO_COG
[2026-09-19T17:36:05.821] Cog0  BM-TS,seq,1_085,tid,4,k,87,lt,FALSE,pos,33,hw,33,i,303,ph,2_683,d,13_747,e,57,st,SPIN_DN,flt,FALSE,up,TRUE,ig,0,o_pos,0,o_hw,0,o_i,NA,o_up,FALSE,why,NO_COG
[2026-09-19T17:36:05.823] Cog0  BM-TS,seq,1_086,tid,4,k,88,lt,FALSE,pos,33,hw,33,i,318,ph,2_498,d,13_714,e,69,st,SPIN_DN,flt,FALSE,up,TRUE,ig,0,o_pos,0,o_hw,0,o_i,NA,o_up,FALSE,why,NO_COG
[2026-09-19T17:36:05.825] Cog0  BM-TS,seq,1_087,tid,4,k,89,lt,FALSE,pos,34,hw,34,i,307,ph,2_221,d,13_609,e,42,st,SPIN_DN,flt,FALSE,up,TRUE,ig,0,o_pos,0,o_hw,0,o_i,NA,o_up,FALSE,why,NO_COG
[2026-09-19T17:36:05.826] Cog0  BM-TS,seq,1_088,tid,4,k,90,lt,FALSE,pos,34,hw,34,i,277,ph,2_172,d,13_565,e,58,st,SPIN_DN,flt,FALSE,up,TRUE,ig,0,o_pos,0,o_hw,0,o_i,NA,o_up,FALSE,why,NO_COG
[2026-09-19T17:36:05.829] Cog0  BM-TS,seq,1_089,tid,4,k,91,lt,FALSE,pos,35,hw,35,i,293,ph,2_434,d,13_512,e,31,st,SPIN_DN,flt,FALSE,up,TRUE,ig,0,o_pos,0,o_hw,0,o_i,NA,o_up,FALSE,why,NO_COG
[2026-09-19T17:36:05.831] Cog0  BM-TS,seq,1_090,tid,4,k,92,lt,FALSE,pos,35,hw,35,i,279,ph,2_676,d,13_413,e,46,st,SPIN_DN,flt,FALSE,up,TRUE,ig,0,o_pos,0,o_hw,0,o_i,NA,o_up,FALSE,why,NO_COG
[2026-09-19T17:36:05.833] Cog0  BM-TS,seq,1_091,tid,4,k,93,lt,FALSE,pos,35,hw,35,i,276,ph,2_594,d,13_369,e,62,st,SPIN_DN,flt,FALSE,up,TRUE,ig,0,o_pos,0,o_hw,0,o_i,NA,o_up,FALSE,why,NO_COG
[2026-09-19T17:36:05.835] Cog0  BM-TS,seq,1_092,tid,4,k,94,lt,FALSE,pos,36,hw,36,i,294,ph,2_375,d,13_313,e,31,st,SPIN_DN,flt,FALSE,up,TRUE,ig,0,o_pos,0,o_hw,0,o_i,NA,o_up,FALSE,why,NO_COG
[2026-09-19T17:36:05.837] Cog0  BM-TS,seq,1_093,tid,4,k,95,lt,FALSE,pos,36,hw,36,i,269,ph,2_141,d,13_225,e,46,st,SPIN_DN,flt,FALSE,up,TRUE,ig,0,o_pos,0,o_hw,0,o_i,NA,o_up,FALSE,why,NO_COG
[2026-09-19T17:36:05.839] Cog0  BM-TS,seq,1_094,tid,4,k,96,lt,FALSE,pos,36,hw,36,i,256,ph,2_210,d,13_181,e,62,st,SPIN_DN,flt,FALSE,up,TRUE,ig,0,o_pos,0,o_hw,0,o_i,NA,o_up,FALSE,why,NO_COG
[2026-09-19T17:36:05.841] Cog0  BM-TS,seq,1_095,tid,4,k,97,lt,FALSE,pos,37,hw,37,i,266,ph,2_475,d,13_104,e,34,st,SPIN_DN,flt,FALSE,up,TRUE,ig,0,o_pos,0,o_hw,0,o_i,NA,o_up,FALSE,why,NO_COG
[2026-09-19T17:36:05.843] Cog0  BM-TS,seq,1_096,tid,4,k,98,lt,FALSE,pos,37,hw,37,i,251,ph,2_692,d,13_026,e,50,st,SPIN_DN,flt,FALSE,up,TRUE,ig,0,o_pos,0,o_hw,0,o_i,NA,o_up,FALSE,why,NO_COG
[2026-09-19T17:36:05.845] Cog0  BM-TS,seq,1_097,tid,4,k,99,lt,FALSE,pos,37,hw,37,i,258,ph,2_516,d,12_982,e,65,st,SPIN_DN,flt,FALSE,up,TRUE,ig,0,o_pos,0,o_hw,0,o_i,NA,o_up,FALSE,why,NO_COG
[2026-09-19T17:36:05.847] Cog0  BM-TS,seq,1_098,tid,4,k,100,lt,FALSE,pos,38,hw,38,i,268,ph,2_331,d,12_905,e,34,st,SPIN_DN,flt,FALSE,up,TRUE,ig,0,o_pos,0,o_hw,0,o_i,NA,o_up,FALSE,why,NO_COG
[2026-09-19T17:36:05.849] Cog0  BM-TS,seq,1_099,tid,4,k,101,lt,FALSE,pos,38,hw,38,i,239,ph,2_106,d,12_838,e,49,st,SPIN_DN,flt,FALSE,up,TRUE,ig,0,o_pos,0,o_hw,0,o_i,NA,o_up,FALSE,why,NO_COG
[2026-09-19T17:36:05.851] Cog0  BM-TS,seq,1_100,tid,4,k,102,lt,FALSE,pos,38,hw,38,i,224,ph,2_255,d,12_794,e,64,st,SPIN_DN,flt,FALSE,up,TRUE,ig,0,o_pos,0,o_hw,0,o_i,NA,o_up,FALSE,why,NO_COG
[2026-09-19T17:36:05.853] Cog0  BM-TS,seq,1_101,tid,4,k,103,lt,FALSE,pos,39,hw,39,i,237,ph,2_528,d,12_709,e,37,st,SPIN_DN,flt,FALSE,up,TRUE,ig,0,o_pos,0,o_hw,0,o_i,NA,o_up,FALSE,why,NO_COG
[2026-09-19T17:36:05.855] Cog0  BM-TS,seq,1_102,tid,4,k,104,lt,FALSE,pos,39,hw,39,i,221,ph,2_722,d,12_633,e,52,st,SPIN_DN,flt,FALSE,up,TRUE,ig,0,o_pos,0,o_hw,0,o_i,NA,o_up,FALSE,why,NO_COG
[2026-09-19T17:36:05.857] Cog0  BM-TS,seq,1_103,tid,4,k,105,lt,FALSE,pos,39,hw,39,i,236,ph,2_575,d,12_593,e,67,st,SPIN_DN,flt,FALSE,up,TRUE,ig,0,o_pos,0,o_hw,0,o_i,NA,o_up,FALSE,why,NO_COG
[2026-09-19T17:36:05.859] Cog0  BM-TS,seq,1_104,tid,4,k,106,lt,FALSE,pos,40,hw,40,i,240,ph,2_328,d,12_520,e,35,st,SPIN_DN,flt,FALSE,up,TRUE,ig,0,o_pos,0,o_hw,0,o_i,NA,o_up,FALSE,why,NO_COG
[2026-09-19T17:36:05.861] Cog0  BM-TS,seq,1_105,tid,4,k,107,lt,FALSE,pos,40,hw,40,i,219,ph,2_115,d,12_456,e,50,st,SPIN_DN,flt,FALSE,up,TRUE,ig,0,o_pos,0,o_hw,0,o_i,NA,o_up,FALSE,why,NO_COG
[2026-09-19T17:36:05.863] Cog0  BM-TS,seq,1_106,tid,4,k,108,lt,FALSE,pos,40,hw,40,i,204,ph,2_301,d,12_416,e,65,st,SPIN_DN,flt,FALSE,up,TRUE,ig,0,o_pos,0,o_hw,0,o_i,NA,o_up,FALSE,why,NO_COG
[2026-09-19T17:36:05.865] Cog0  BM-TS,seq,1_107,tid,4,k,109,lt,FALSE,pos,41,hw,41,i,213,ph,2_542,d,12_331,e,38,st,SPIN_DN,flt,FALSE,up,TRUE,ig,0,o_pos,0,o_hw,0,o_i,NA,o_up,FALSE,why,NO_COG
[2026-09-19T17:36:05.867] Cog0  BM-TS,seq,1_108,tid,4,k,110,lt,FALSE,pos,41,hw,41,i,200,ph,2_708,d,12_255,e,52,st,SPIN_DN,flt,FALSE,up,TRUE,ig,0,o_pos,0,o_hw,0,o_i,NA,o_up,FALSE,why,NO_COG
[2026-09-19T17:36:05.869] Cog0  BM-TS,seq,1_109,tid,4,k,111,lt,FALSE,pos,41,hw,41,i,204,ph,2_551,d,12_215,e,67,st,SPIN_DN,flt,FALSE,up,TRUE,ig,0,o_pos,0,o_hw,0,o_i,NA,o_up,FALSE,why,NO_COG
[2026-09-19T17:36:05.871] Cog0  BM-TS,seq,1_110,tid,4,k,112,lt,FALSE,pos,42,hw,42,i,214,ph,2_317,d,12_145,e,35,st,SPIN_DN,flt,FALSE,up,TRUE,ig,0,o_pos,0,o_hw,0,o_i,NA,o_up,FALSE,why,NO_COG
[2026-09-19T17:36:05.873] Cog0  BM-TS,seq,1_111,tid,4,k,113,lt,FALSE,pos,42,hw,42,i,193,ph,2_112,d,12_080,e,50,st,SPIN_DN,flt,FALSE,up,TRUE,ig,0,o_pos,0,o_hw,0,o_i,NA,o_up,FALSE,why,NO_COG
[2026-09-19T17:36:05.875] Cog0  BM-TS,seq,1_112,tid,4,k,114,lt,FALSE,pos,42,hw,42,i,175,ph,2_267,d,12_040,e,65,st,SPIN_DN,flt,FALSE,up,TRUE,ig,0,o_pos,0,o_hw,0,o_i,NA,o_up,FALSE,why,NO_COG
[2026-09-19T17:36:05.877] Cog0  BM-TS,seq,1_113,tid,4,k,115,lt,FALSE,pos,43,hw,43,i,192,ph,2_503,d,11_971,e,37,st,SPIN_DN,flt,FALSE,up,TRUE,ig,0,o_pos,0,o_hw,0,o_i,NA,o_up,FALSE,why,NO_COG
[2026-09-19T17:36:05.879] Cog0  BM-TS,seq,1_114,tid,4,k,116,lt,FALSE,pos,43,hw,43,i,191,ph,2_699,d,11_894,e,51,st,SPIN_DN,flt,FALSE,up,TRUE,ig,0,o_pos,0,o_hw,0,o_i,NA,o_up,FALSE,why,NO_COG
[2026-09-19T17:36:05.881] Cog0  BM-TS,seq,1_115,tid,4,k,117,lt,FALSE,pos,43,hw,43,i,185,ph,2_555,d,11_864,e,62,st,SPIN_DN,flt,FALSE,up,TRUE,ig,0,o_pos,0,o_hw,0,o_i,NA,o_up,FALSE,why,NO_COG
[2026-09-19T17:36:05.883] Cog0  BM-TS,seq,1_116,tid,4,k,118,lt,FALSE,pos,44,hw,44,i,192,ph,2_329,d,11_795,e,34,st,SPIN_DN,flt,FALSE,up,TRUE,ig,0,o_pos,0,o_hw,0,o_i,NA,o_up,FALSE,why,NO_COG
[2026-09-19T17:36:05.885] Cog0  BM-TS,seq,1_117,tid,4,k,119,lt,FALSE,pos,44,hw,44,i,172,ph,2_144,d,11_707,e,48,st,SPIN_DN,flt,FALSE,up,TRUE,ig,0,o_pos,0,o_hw,0,o_i,NA,o_up,FALSE,why,NO_COG
[2026-09-19T17:36:05.887] Cog0  BM-TS,seq,1_118,tid,4,k,120,lt,FALSE,pos,44,hw,44,i,161,ph,2_260,d,11_667,e,63,st,SPIN_DN,flt,FALSE,up,TRUE,ig,0,o_pos,0,o_hw,0,o_i,NA,o_up,FALSE,why,NO_COG
[2026-09-19T17:36:05.889] Cog0  BM-TS,seq,1_119,tid,4,k,121,lt,FALSE,pos,45,hw,45,i,179,ph,2_484,d,11_610,e,34,st,SPIN_DN,flt,FALSE,up,TRUE,ig,0,o_pos,0,o_hw,0,o_i,NA,o_up,FALSE,why,NO_COG
[2026-09-19T17:36:05.891] Cog0  BM-TS,seq,1_120,tid,4,k,122,lt,FALSE,pos,45,hw,45,i,179,ph,2_674,d,11_510,e,49,st,SPIN_DN,flt,FALSE,up,TRUE,ig,0,o_pos,0,o_hw,0,o_i,NA,o_up,FALSE,why,NO_COG
[2026-09-19T17:36:05.893] Cog0  BM-TS,seq,1_121,tid,4,k,123,lt,FALSE,pos,45,hw,45,i,160,ph,2_605,d,11_480,e,59,st,SPIN_DN,flt,FALSE,up,TRUE,ig,0,o_pos,0,o_hw,0,o_i,NA,o_up,FALSE,why,NO_COG
[2026-09-19T17:36:05.895] Cog0  BM-TS,seq,1_122,tid,4,k,124,lt,FALSE,pos,46,hw,46,i,169,ph,2_404,d,11_427,e,31,st,SPIN_DN,flt,FALSE,up,TRUE,ig,0,o_pos,0,o_hw,0,o_i,NA,o_up,FALSE,why,NO_COG
[2026-09-19T17:36:05.897] Cog0  BM-TS,seq,1_123,tid,4,k,125,lt,FALSE,pos,46,hw,46,i,154,ph,2_219,d,11_316,e,45,st,SPIN_DN,flt,FALSE,up,TRUE,ig,0,o_pos,0,o_hw,0,o_i,NA,o_up,FALSE,why,NO_COG
[2026-09-19T17:36:05.899] Cog0  BM-TS,seq,1_124,tid,4,k,126,lt,FALSE,pos,46,hw,46,i,143,ph,2_228,d,11_276,e,59,st,SPIN_DN,flt,FALSE,up,TRUE,ig,0,o_pos,0,o_hw,0,o_i,NA,o_up,FALSE,why,NO_COG
[2026-09-19T17:36:05.901] Cog0  BM-TS,seq,1_125,tid,4,k,127,lt,FALSE,pos,46,hw,46,i,161,ph,2_417,d,11_236,e,73,st,SPIN_DN,flt,FALSE,up,TRUE,ig,0,o_pos,0,o_hw,0,o_i,NA,o_up,FALSE,why,NO_COG
[2026-09-19T17:36:05.903] Cog0  BM-TS,seq,1_126,tid,4,k,128,lt,FALSE,pos,47,hw,47,i,160,ph,2_557,d,11_116,e,44,st,SPIN_DN,flt,FALSE,up,TRUE,ig,0,o_pos,0,o_hw,0,o_i,NA,o_up,FALSE,why,NO_COG
[2026-09-19T17:36:05.905] Cog0  BM-TS,seq,1_127,tid,4,k,129,lt,FALSE,pos,47,hw,47,i,140,ph,2_659,d,11_086,e,55,st,SPIN_DN,flt,FALSE,up,TRUE,ig,0,o_pos,0,o_hw,0,o_i,NA,o_up,FALSE,why,NO_COG
[2026-09-19T17:36:05.907] Cog0  BM-TS,seq,1_128,tid,4,k,130,lt,FALSE,pos,47,hw,47,i,142,ph,2_480,d,11_046,e,69,st,SPIN_DN,flt,FALSE,up,TRUE,ig,0,o_pos,0,o_hw,0,o_i,NA,o_up,FALSE,why,NO_COG
[2026-09-19T17:36:05.909] Cog0  BM-TS,seq,1_129,tid,4,k,131,lt,FALSE,pos,48,hw,48,i,144,ph,2_267,d,10_942,e,40,st,SPIN_DN,flt,FALSE,up,TRUE,ig,0,o_pos,0,o_hw,0,o_i,NA,o_up,FALSE,why,NO_COG
[2026-09-19T17:36:05.911] Cog0  BM-TS,seq,1_130,tid,4,k,132,lt,FALSE,pos,48,hw,48,i,128,ph,2_153,d,10_892,e,54,st,SPIN_DN,flt,FALSE,up,TRUE,ig,0,o_pos,0,o_hw,0,o_i,NA,o_up,FALSE,why,NO_COG
[2026-09-19T17:36:05.913] Cog0  BM-TS,seq,1_131,tid,4,k,133,lt,FALSE,pos,48,hw,48,i,129,ph,2_319,d,10_852,e,67,st,SPIN_DN,flt,FALSE,up,TRUE,ig,0,o_pos,0,o_hw,0,o_i,NA,o_up,FALSE,why,NO_COG
[2026-09-19T17:36:05.916] Cog0  BM-TS,seq,1_132,tid,4,k,134,lt,FALSE,pos,49,hw,49,i,144,ph,2_485,d,10_772,e,39,st,SPIN_DN,flt,FALSE,up,TRUE,ig,0,o_pos,0,o_hw,0,o_i,NA,o_up,FALSE,why,NO_COG
[2026-09-19T17:36:05.917] Cog0  BM-TS,seq,1_133,tid,4,k,135,lt,FALSE,pos,49,hw,49,i,128,ph,2_645,d,10_720,e,49,st,SPIN_DN,flt,FALSE,up,TRUE,ig,0,o_pos,0,o_hw,0,o_i,NA,o_up,FALSE,why,NO_COG
[2026-09-19T17:36:05.919] Cog0  BM-TS,seq,1_134,tid,4,k,136,lt,FALSE,pos,49,hw,49,i,114,ph,2_540,d,10_680,e,62,st,SPIN_DN,flt,FALSE,up,TRUE,ig,0,o_pos,0,o_hw,0,o_i,NA,o_up,FALSE,why,NO_COG
[2026-09-19T17:36:05.922] Cog0  BM-TS,seq,1_135,tid,4,k,137,lt,FALSE,pos,50,hw,50,i,130,ph,2_352,d,10_629,e,33,st,SPIN_DN,flt,FALSE,up,TRUE,ig,0,o_pos,0,o_hw,0,o_i,NA,o_up,FALSE,why,NO_COG
[2026-09-19T17:36:05.923] Cog0  BM-TS,seq,1_136,tid,4,k,138,lt,FALSE,pos,50,hw,50,i,119,ph,2_193,d,10_534,e,47,st,SPIN_DN,flt,FALSE,up,TRUE,ig,0,o_pos,0,o_hw,0,o_i,NA,o_up,FALSE,why,NO_COG
[2026-09-19T17:36:05.925] Cog0  BM-TS,seq,1_137,tid,4,k,139,lt,FALSE,pos,50,hw,50,i,111,ph,2_242,d,10_494,e,60,st,SPIN_DN,flt,FALSE,up,TRUE,ig,0,o_pos,0,o_hw,0,o_i,NA,o_up,FALSE,why,NO_COG
[2026-09-19T17:36:05.927] Cog0  BM-TS,seq,1_138,tid,4,k,140,lt,FALSE,pos,50,hw,50,i,119,ph,2_372,d,10_464,e,70,st,SPIN_DN,flt,FALSE,up,TRUE,ig,0,o_pos,0,o_hw,0,o_i,NA,o_up,FALSE,why,NO_COG
[2026-09-19T17:36:05.929] Cog0  BM-TS,seq,1_139,tid,4,k,141,lt,FALSE,pos,51,hw,51,i,118,ph,2_566,d,10_356,e,41,st,SPIN_DN,flt,FALSE,up,TRUE,ig,0,o_pos,0,o_hw,0,o_i,NA,o_up,FALSE,why,NO_COG
[2026-09-19T17:36:05.932] Cog0  BM-TS,seq,1_140,tid,4,k,142,lt,FALSE,pos,51,hw,51,i,102,ph,2_645,d,10_312,e,55,st,SPIN_DN,flt,FALSE,up,TRUE,ig,0,o_pos,0,o_hw,0,o_i,NA,o_up,FALSE,why,NO_COG
[2026-09-19T17:36:05.934] Cog0  BM-TS,seq,1_141,tid,4,k,143,lt,FALSE,pos,51,hw,51,i,98,ph,2_487,d,10_272,e,68,st,SPIN_DN,flt,FALSE,up,TRUE,ig,0,o_pos,0,o_hw,0,o_i,NA,o_up,FALSE,why,NO_COG
[2026-09-19T17:36:05.935] Cog0  BM-TS,seq,1_142,tid,4,k,144,lt,FALSE,pos,52,hw,52,i,110,ph,2_309,d,10_202,e,38,st,SPIN_DN,flt,FALSE,up,TRUE,ig,0,o_pos,0,o_hw,0,o_i,NA,o_up,FALSE,why,NO_COG
[2026-09-19T17:36:05.938] Cog0  BM-TS,seq,1_143,tid,4,k,145,lt,FALSE,pos,52,hw,52,i,107,ph,2_177,d,10_146,e,52,st,SPIN_DN,flt,FALSE,up,TRUE,ig,0,o_pos,0,o_hw,0,o_i,NA,o_up,FALSE,why,NO_COG
[2026-09-19T17:36:05.939] Cog0  BM-TS,seq,1_144,tid,4,k,146,lt,FALSE,pos,52,hw,52,i,93,ph,2_264,d,10_116,e,62,st,SPIN_DN,flt,FALSE,up,TRUE,ig,0,o_pos,0,o_hw,0,o_i,NA,o_up,FALSE,why,NO_COG
[2026-09-19T17:36:05.942] Cog0  BM-TS,seq,1_145,tid,4,k,147,lt,FALSE,pos,52,hw,52,i,103,ph,2_439,d,10_076,e,75,st,SPIN_DN,flt,FALSE,up,TRUE,ig,0,o_pos,0,o_hw,0,o_i,NA,o_up,FALSE,why,NO_COG
[2026-09-19T17:36:05.943] Cog0  BM-TS,seq,1_146,tid,4,k,148,lt,FALSE,pos,53,hw,53,i,96,ph,2_607,d,9_992,e,45,st,SPIN_DN,flt,FALSE,up,TRUE,ig,0,o_pos,0,o_hw,0,o_i,NA,o_up,FALSE,why,NO_COG
[2026-09-19T17:36:05.945] Cog0  BM-TS,seq,1_147,tid,4,k,149,lt,FALSE,pos,53,hw,53,i,87,ph,2_599,d,9_952,e,58,st,SPIN_DN,flt,FALSE,up,TRUE,ig,0,o_pos,0,o_hw,0,o_i,NA,o_up,FALSE,why,NO_COG
[2026-09-19T17:36:05.948] Cog0  BM-TS,seq,1_148,tid,4,k,150,lt,FALSE,pos,53,hw,53,i,93,ph,2_444,d,9_912,e,71,st,SPIN_DN,flt,FALSE,up,TRUE,ig,0,o_pos,0,o_hw,0,o_i,NA,o_up,FALSE,why,NO_COG
[2026-09-19T17:36:05.950] Cog0  BM-TS,seq,1_149,tid,4,k,151,lt,FALSE,pos,54,hw,54,i,99,ph,2_301,d,9_825,e,41,st,SPIN_DN,flt,FALSE,up,TRUE,ig,0,o_pos,0,o_hw,0,o_i,NA,o_up,FALSE,why,NO_COG
[2026-09-19T17:36:05.951] Cog0  BM-TS,seq,1_150,tid,4,k,152,lt,FALSE,pos,54,hw,54,i,88,ph,2_159,d,9_774,e,51,st,SPIN_DN,flt,FALSE,up,TRUE,ig,0,o_pos,0,o_hw,0,o_i,NA,o_up,FALSE,why,NO_COG
[2026-09-19T17:36:05.953] Cog0  BM-TS,seq,1_151,tid,4,k,153,lt,FALSE,pos,54,hw,54,i,82,ph,2_288,d,9_734,e,64,st,SPIN_DN,flt,FALSE,up,TRUE,ig,0,o_pos,0,o_hw,0,o_i,NA,o_up,FALSE,why,NO_COG
[2026-09-19T17:36:05.955] Cog0  BM-TS,seq,1_152,tid,4,k,154,lt,FALSE,pos,54,hw,54,i,89,ph,2_458,d,9_694,e,77,st,SPIN_DN,flt,FALSE,up,TRUE,ig,0,o_pos,0,o_hw,0,o_i,NA,o_up,FALSE,why,NO_COG
[2026-09-19T17:36:05.957] Cog0  BM-TS,seq,1_153,tid,4,k,155,lt,FALSE,pos,55,hw,55,i,81,ph,2_611,d,9_603,e,47,st,SPIN_DN,flt,FALSE,up,TRUE,ig,0,o_pos,0,o_hw,0,o_i,NA,o_up,FALSE,why,NO_COG
[2026-09-19T17:36:05.959] Cog0  BM-TS,seq,1_154,tid,4,k,156,lt,FALSE,pos,55,hw,55,i,74,ph,2_562,d,9_567,e,60,st,SPIN_DN,flt,FALSE,up,TRUE,ig,0,o_pos,0,o_hw,0,o_i,NA,o_up,FALSE,why,NO_COG
[2026-09-19T17:36:05.961] Cog0  BM-TS,seq,1_155,tid,4,k,157,lt,FALSE,pos,55,hw,55,i,81,ph,2_450,d,9_531,e,72,st,SPIN_DN,flt,FALSE,up,TRUE,ig,0,o_pos,0,o_hw,0,o_i,NA,o_up,FALSE,why,NO_COG
[2026-09-19T17:36:05.963] Cog0  BM-TS,seq,1_156,tid,4,k,158,lt,FALSE,pos,56,hw,56,i,82,ph,2_297,d,9_447,e,39,st,SPIN_DN,flt,FALSE,up,TRUE,ig,0,o_pos,0,o_hw,0,o_i,NA,o_up,FALSE,why,NO_COG
[2026-09-19T17:36:05.965] Cog0  BM-TS,seq,1_157,tid,4,k,159,lt,FALSE,pos,56,hw,56,i,71,ph,2_167,d,9_408,e,52,st,SPIN_DN,flt,FALSE,up,TRUE,ig,0,o_pos,0,o_hw,0,o_i,NA,o_up,FALSE,why,NO_COG
[2026-09-19T17:36:05.967] Cog0  BM-TS,seq,1_158,tid,4,k,160,lt,FALSE,pos,56,hw,56,i,72,ph,2_299,d,9_372,e,64,st,SPIN_DN,flt,FALSE,up,TRUE,ig,0,o_pos,0,o_hw,0,o_i,NA,o_up,FALSE,why,NO_COG
[2026-09-19T17:36:05.969] Cog0  BM-TS,seq,1_159,tid,4,k,161,lt,FALSE,pos,57,hw,57,i,81,ph,2_447,d,9_329,e,34,st,SPIN_DN,flt,FALSE,up,TRUE,ig,0,o_pos,0,o_hw,0,o_i,NA,o_up,FALSE,why,NO_COG
[2026-09-19T17:36:05.971] Cog0  BM-TS,seq,1_160,tid,4,k,162,lt,FALSE,pos,57,hw,57,i,77,ph,2_612,d,9_234,e,46,st,SPIN_DN,flt,FALSE,up,TRUE,ig,0,o_pos,0,o_hw,0,o_i,NA,o_up,FALSE,why,NO_COG
[2026-09-19T17:36:05.973] Cog0  BM-TS,seq,1_161,tid,4,k,163,lt,FALSE,pos,57,hw,57,i,69,ph,2_614,d,9_207,e,56,st,SPIN_DN,flt,FALSE,up,TRUE,ig,0,o_pos,0,o_hw,0,o_i,NA,o_up,FALSE,why,NO_COG
[2026-09-19T17:36:05.975] Cog0  BM-TS,seq,1_162,tid,4,k,164,lt,FALSE,pos,57,hw,57,i,67,ph,2_481,d,9_171,e,68,st,SPIN_DN,flt,FALSE,up,TRUE,ig,0,o_pos,0,o_hw,0,o_i,NA,o_up,FALSE,why,NO_COG
[2026-09-19T17:36:05.977] Cog0  BM-TS,seq,1_163,tid,4,k,165,lt,FALSE,pos,58,hw,58,i,74,ph,2_333,d,9_106,e,38,st,SPIN_DN,flt,FALSE,up,TRUE,ig,0,o_pos,0,o_hw,0,o_i,NA,o_up,FALSE,why,NO_COG
[2026-09-19T17:36:05.979] Cog0  BM-TS,seq,1_164,tid,4,k,166,lt,FALSE,pos,58,hw,58,i,63,ph,2_208,d,9_040,e,50,st,SPIN_DN,flt,FALSE,up,TRUE,ig,0,o_pos,0,o_hw,0,o_i,NA,o_up,FALSE,why,NO_COG
[2026-09-19T17:36:05.981] Cog0  BM-TS,seq,1_165,tid,4,k,167,lt,FALSE,pos,58,hw,58,i,56,ph,2_290,d,9_004,e,62,st,SPIN_DN,flt,FALSE,up,TRUE,ig,0,o_pos,0,o_hw,0,o_i,NA,o_up,FALSE,why,NO_COG
[2026-09-19T17:36:05.983] Cog0  BM-TS,seq,1_166,tid,4,k,168,lt,FALSE,pos,58,hw,58,i,70,ph,2_425,d,8_968,e,74,st,SPIN_DN,flt,FALSE,up,TRUE,ig,0,o_pos,0,o_hw,0,o_i,NA,o_up,FALSE,why,NO_COG
[2026-09-19T17:36:05.985] Cog0  BM-TS,seq,1_167,tid,4,k,169,lt,FALSE,pos,59,hw,59,i,65,ph,2_542,d,8_874,e,41,st,SPIN_DN,flt,FALSE,up,TRUE,ig,0,o_pos,0,o_hw,0,o_i,NA,o_up,FALSE,why,NO_COG
[2026-09-19T17:36:05.987] Cog0  BM-TS,seq,1_168,tid,4,k,170,lt,FALSE,pos,59,hw,59,i,56,ph,2_634,d,8_838,e,53,st,SPIN_DN,flt,FALSE,up,TRUE,ig,0,o_pos,0,o_hw,0,o_i,NA,o_up,FALSE,why,NO_COG
[2026-09-19T17:36:05.989] Cog0  BM-TS,seq,1_169,tid,4,k,171,lt,FALSE,pos,59,hw,59,i,53,ph,2_519,d,8_802,e,65,st,SPIN_DN,flt,FALSE,up,TRUE,ig,0,o_pos,0,o_hw,0,o_i,NA,o_up,FALSE,why,NO_COG
[2026-09-19T17:36:05.991] Cog0  BM-TS,seq,1_170,tid,4,k,172,lt,FALSE,pos,59,hw,59,i,63,ph,2_371,d,8_766,e,77,st,SPIN_DN,flt,FALSE,up,TRUE,ig,0,o_pos,0,o_hw,0,o_i,NA,o_up,FALSE,why,NO_COG
[2026-09-19T17:36:05.993] Cog0  BM-TS,seq,1_171,tid,4,k,173,lt,FALSE,pos,60,hw,60,i,56,ph,2_228,d,8_678,e,46,st,SPIN_DN,flt,FALSE,up,TRUE,ig,0,o_pos,0,o_hw,0,o_i,NA,o_up,FALSE,why,NO_COG
[2026-09-19T17:36:05.995] Cog0  BM-TS,seq,1_172,tid,4,k,174,lt,FALSE,pos,60,hw,60,i,56,ph,2_245,d,8_642,e,58,st,SPIN_DN,flt,FALSE,up,TRUE,ig,0,o_pos,0,o_hw,0,o_i,NA,o_up,FALSE,why,NO_COG
[2026-09-19T17:36:05.997] Cog0  BM-TS,seq,1_173,tid,4,k,175,lt,FALSE,pos,60,hw,60,i,51,ph,2_327,d,8_615,e,67,st,SPIN_DN,flt,FALSE,up,TRUE,ig,0,o_pos,0,o_hw,0,o_i,NA,o_up,FALSE,why,NO_COG
[2026-09-19T17:36:05.999] Cog0  BM-TS,seq,1_174,tid,4,k,176,lt,FALSE,pos,61,hw,61,i,55,ph,2_465,d,8_572,e,36,st,SPIN_DN,flt,FALSE,up,TRUE,ig,0,o_pos,0,o_hw,0,o_i,NA,o_up,FALSE,why,NO_COG
[2026-09-19T17:36:06.001] Cog0  BM-TS,seq,1_175,tid,4,k,177,lt,FALSE,pos,61,hw,61,i,48,ph,2_596,d,8_509,e,48,st,SPIN_DN,flt,FALSE,up,TRUE,ig,0,o_pos,0,o_hw,0,o_i,NA,o_up,FALSE,why,NO_COG
[2026-09-19T17:36:06.003] Cog0  BM-TS,seq,1_176,tid,4,k,178,lt,FALSE,pos,61,hw,61,i,43,ph,2_553,d,8_473,e,59,st,SPIN_DN,flt,FALSE,up,TRUE,ig,0,o_pos,0,o_hw,0,o_i,NA,o_up,FALSE,why,NO_COG
[2026-09-19T17:36:06.005] Cog0  BM-TS,seq,1_177,tid,4,k,179,lt,FALSE,pos,61,hw,61,i,46,ph,2_431,d,8_437,e,71,st,SPIN_DN,flt,FALSE,up,TRUE,ig,0,o_pos,0,o_hw,0,o_i,NA,o_up,FALSE,why,NO_COG
[2026-09-19T17:36:06.007] Cog0  BM-TS,seq,1_178,tid,4,k,180,lt,FALSE,pos,62,hw,62,i,54,ph,2_324,d,8_379,e,40,st,SPIN_DN,flt,FALSE,up,TRUE,ig,0,o_pos,0,o_hw,0,o_i,NA,o_up,FALSE,why,NO_COG
[2026-09-19T17:36:06.009] Cog0  BM-TS,seq,1_179,tid,4,k,181,lt,FALSE,pos,62,hw,62,i,46,ph,2_222,d,8_331,e,49,st,SPIN_DN,flt,FALSE,up,TRUE,ig,0,o_pos,0,o_hw,0,o_i,NA,o_up,FALSE,why,NO_COG
[2026-09-19T17:36:06.011] Cog0  BM-TS,seq,1_180,tid,4,k,182,lt,FALSE,pos,62,hw,62,i,38,ph,2_271,d,8_295,e,60,st,SPIN_DN,flt,FALSE,up,TRUE,ig,0,o_pos,0,o_hw,0,o_i,NA,o_up,FALSE,why,NO_COG
[2026-09-19T17:36:06.013] Cog0  BM-TS,seq,1_181,tid,4,k,183,lt,FALSE,pos,62,hw,62,i,41,ph,2_385,d,8_259,e,72,st,SPIN_DN,flt,FALSE,up,TRUE,ig,0,o_pos,0,o_hw,0,o_i,NA,o_up,FALSE,why,NO_COG
[2026-09-19T17:36:06.015] Cog0  BM-TS,seq,1_182,tid,4,k,184,lt,FALSE,pos,63,hw,63,i,46,ph,2_533,d,8_193,e,41,st,SPIN_DN,flt,FALSE,up,TRUE,ig,0,o_pos,0,o_hw,0,o_i,NA,o_up,FALSE,why,NO_COG
[2026-09-19T17:36:06.017] Cog0  BM-TS,seq,1_183,tid,4,k,185,lt,FALSE,pos,63,hw,63,i,44,ph,2_626,d,8_143,e,52,st,SPIN_DN,flt,FALSE,up,TRUE,ig,0,o_pos,0,o_hw,0,o_i,NA,o_up,FALSE,why,NO_COG
[2026-09-19T17:36:06.019] Cog0  BM-TS,seq,1_184,tid,4,k,186,lt,FALSE,pos,63,hw,63,i,42,ph,2_550,d,8_107,e,63,st,SPIN_DN,flt,FALSE,up,TRUE,ig,0,o_pos,0,o_hw,0,o_i,NA,o_up,FALSE,why,NO_COG
[2026-09-19T17:36:06.021] Cog0  BM-TS,seq,1_185,tid,4,k,187,lt,FALSE,pos,63,hw,63,i,43,ph,2_438,d,8_080,e,72,st,SPIN_DN,flt,FALSE,up,TRUE,ig,0,o_pos,0,o_hw,0,o_i,NA,o_up,FALSE,why,NO_COG
[2026-09-19T17:36:06.023] Cog0  BM-TS,seq,1_186,tid,4,k,188,lt,FALSE,pos,64,hw,64,i,42,ph,2_308,d,8_007,e,40,st,SPIN_DN,flt,FALSE,up,TRUE,ig,0,o_pos,0,o_hw,0,o_i,NA,o_up,FALSE,why,NO_COG
[2026-09-19T17:36:06.025] Cog0  BM-TS,seq,1_187,tid,4,k,189,lt,FALSE,pos,64,hw,64,i,39,ph,2_227,d,7_964,e,52,st,SPIN_DN,flt,FALSE,up,TRUE,ig,0,o_pos,0,o_hw,0,o_i,NA,o_up,FALSE,why,NO_COG
[2026-09-19T17:36:06.027] Cog0  BM-TS,seq,1_188,tid,4,k,190,lt,FALSE,pos,64,hw,64,i,33,ph,2_309,d,7_928,e,63,st,SPIN_DN,flt,FALSE,up,TRUE,ig,0,o_pos,0,o_hw,0,o_i,NA,o_up,FALSE,why,NO_COG
[2026-09-19T17:36:06.029] Cog0  BM-TS,seq,1_189,tid,4,k,191,lt,FALSE,pos,64,hw,64,i,40,ph,2_415,d,7_892,e,74,st,SPIN_DN,flt,FALSE,up,TRUE,ig,0,o_pos,0,o_hw,0,o_i,NA,o_up,FALSE,why,NO_COG
[2026-09-19T17:36:06.031] Cog0  BM-TS,seq,1_190,tid,4,k,192,lt,FALSE,pos,65,hw,65,i,42,ph,2_505,d,7_834,e,40,st,SPIN_DN,flt,FALSE,up,TRUE,ig,0,o_pos,0,o_hw,0,o_i,NA,o_up,FALSE,why,NO_COG
[2026-09-19T17:36:06.033] Cog0  BM-TS,seq,1_191,tid,4,k,193,lt,FALSE,pos,65,hw,65,i,33,ph,2_611,d,7_798,e,51,st,SPIN_DN,flt,FALSE,up,TRUE,ig,0,o_pos,0,o_hw,0,o_i,NA,o_up,FALSE,why,NO_COG
[2026-09-19T17:36:06.035] Cog0  BM-TS,seq,1_192,tid,4,k,194,lt,FALSE,pos,65,hw,65,i,29,ph,2_524,d,7_762,e,62,st,SPIN_DN,flt,FALSE,up,TRUE,ig,0,o_pos,0,o_hw,0,o_i,NA,o_up,FALSE,why,NO_COG
[2026-09-19T17:36:06.037] Cog0  BM-TS,seq,1_193,tid,4,k,195,lt,FALSE,pos,65,hw,65,i,37,ph,2_429,d,7_726,e,72,st,SPIN_DN,flt,FALSE,up,TRUE,ig,0,o_pos,0,o_hw,0,o_i,NA,o_up,FALSE,why,NO_COG
[2026-09-19T17:36:06.039] Cog0  BM-TS,seq,1_194,tid,4,k,196,lt,FALSE,pos,66,hw,66,i,35,ph,2_305,d,7_648,e,41,st,SPIN_DN,flt,FALSE,up,TRUE,ig,0,o_pos,0,o_hw,0,o_i,NA,o_up,FALSE,why,NO_COG
[2026-09-19T17:36:06.041] Cog0  BM-TS,seq,1_195,tid,4,k,197,lt,FALSE,pos,66,hw,66,i,33,ph,2_215,d,7_596,e,52,st,SPIN_DN,flt,FALSE,up,TRUE,ig,0,o_pos,0,o_hw,0,o_i,NA,o_up,FALSE,why,NO_COG
[2026-09-19T17:36:06.043] Cog0  BM-TS,seq,1_196,tid,4,k,198,lt,FALSE,pos,66,hw,66,i,32,ph,2_274,d,7_569,e,60,st,SPIN_DN,flt,FALSE,up,TRUE,ig,0,o_pos,0,o_hw,0,o_i,NA,o_up,FALSE,why,NO_COG
[2026-09-19T17:36:06.045] Cog0  BM-TS,seq,1_197,tid,4,k,199,lt,FALSE,pos,66,hw,66,i,37,ph,2_374,d,7_533,e,70,st,SPIN_DN,flt,FALSE,up,TRUE,ig,0,o_pos,0,o_hw,0,o_i,NA,o_up,FALSE,why,NO_COG
[2026-09-19T17:36:06.047] Cog0  BM-TS,seq,1_198,tid,4,k,200,lt,FALSE,pos,67,hw,67,i,36,ph,2_495,d,7_488,e,38,st,SPIN_DN,flt,FALSE,up,TRUE,ig,0,o_pos,0,o_hw,0,o_i,NA,o_up,FALSE,why,NO_COG
[2026-09-19T17:36:06.049] Cog0  BM-TS,seq,1_199,tid,4,k,201,lt,FALSE,pos,67,hw,67,i,29,ph,2_582,d,7_421,e,49,st,SPIN_DN,flt,FALSE,up,TRUE,ig,0,o_pos,0,o_hw,0,o_i,NA,o_up,FALSE,why,NO_COG
[2026-09-19T17:36:06.051] Cog0  BM-TS,seq,1_200,tid,4,k,202,lt,FALSE,pos,67,hw,67,i,24,ph,2_534,d,7_385,e,60,st,SPIN_DN,flt,FALSE,up,TRUE,ig,0,o_pos,0,o_hw,0,o_i,NA,o_up,FALSE,why,NO_COG
[2026-09-19T17:36:06.052] Cog0  BM-TS,seq,1_201,tid,4,k,203,lt,FALSE,pos,67,hw,67,i,28,ph,2_463,d,7_349,e,70,st,SPIN_DN,flt,FALSE,up,TRUE,ig,0,o_pos,0,o_hw,0,o_i,NA,o_up,FALSE,why,NO_COG
[2026-09-19T17:36:06.055] Cog0  BM-TS,seq,1_202,tid,4,k,204,lt,FALSE,pos,67,hw,67,i,34,ph,2_357,d,7_322,e,78,st,SPIN_DN,flt,FALSE,up,TRUE,ig,0,o_pos,0,o_hw,0,o_i,NA,o_up,FALSE,why,NO_COG
[2026-09-19T17:36:06.057] Cog0  BM-TS,seq,1_203,tid,4,k,205,lt,FALSE,pos,68,hw,68,i,29,ph,2_268,d,7_245,e,46,st,SPIN_DN,flt,FALSE,up,TRUE,ig,0,o_pos,0,o_hw,0,o_i,NA,o_up,FALSE,why,NO_COG
[2026-09-19T17:36:06.058] Cog0  BM-TS,seq,1_204,tid,4,k,206,lt,FALSE,pos,68,hw,68,i,22,ph,2_262,d,7_209,e,56,st,SPIN_DN,flt,FALSE,up,TRUE,ig,0,o_pos,0,o_hw,0,o_i,NA,o_up,FALSE,why,NO_COG
[2026-09-19T17:36:06.061] Cog0  BM-TS,seq,1_205,tid,4,k,207,lt,FALSE,pos,68,hw,68,i,23,ph,2_350,d,7_173,e,67,st,SPIN_DN,flt,FALSE,up,TRUE,ig,0,o_pos,0,o_hw,0,o_i,NA,o_up,FALSE,why,NO_COG
[2026-09-19T17:36:06.062] Cog0  BM-TS,seq,1_206,tid,4,k,208,lt,FALSE,pos,68,hw,68,i,30,ph,2_450,d,7_137,e,77,st,SPIN_DN,flt,FALSE,up,TRUE,ig,0,o_pos,0,o_hw,0,o_i,NA,o_up,FALSE,why,NO_COG
[2026-09-19T17:36:06.064] Cog0  BM-TS,seq,1_207,tid,4,k,209,lt,FALSE,pos,69,hw,69,i,29,ph,2_528,d,7_059,e,45,st,SPIN_DN,flt,FALSE,up,TRUE,ig,0,o_pos,0,o_hw,0,o_i,NA,o_up,FALSE,why,NO_COG
[2026-09-19T17:36:06.067] Cog0  BM-TS,seq,1_208,tid,4,k,210,lt,FALSE,pos,69,hw,69,i,26,ph,2_599,d,7_032,e,52,st,SPIN_DN,flt,FALSE,up,TRUE,ig,0,o_pos,0,o_hw,0,o_i,NA,o_up,FALSE,why,NO_COG
[2026-09-19T17:36:06.068] Cog0  BM-TS,seq,1_209,tid,4,k,211,lt,FALSE,pos,69,hw,69,i,21,ph,2_508,d,6_996,e,63,st,SPIN_DN,flt,FALSE,up,TRUE,ig,0,o_pos,0,o_hw,0,o_i,NA,o_up,FALSE,why,NO_COG
[2026-09-19T17:36:06.070] Cog0  BM-TS,seq,1_210,tid,4,k,212,lt,FALSE,pos,69,hw,69,i,27,ph,2_431,d,6_960,e,73,st,SPIN_DN,flt,FALSE,up,TRUE,ig,0,o_pos,0,o_hw,0,o_i,NA,o_up,FALSE,why,NO_COG
[2026-09-19T17:36:06.073] Cog0  BM-TS,seq,1_211,tid,4,k,213,lt,FALSE,pos,70,hw,70,i,29,ph,2_333,d,6_912,e,40,st,SPIN_DN,flt,FALSE,up,TRUE,ig,0,o_pos,0,o_hw,0,o_i,NA,o_up,FALSE,why,NO_COG
[2026-09-19T17:36:06.074] Cog0  BM-TS,seq,1_212,tid,4,k,214,lt,FALSE,pos,70,hw,70,i,25,ph,2_259,d,6_861,e,50,st,SPIN_DN,flt,FALSE,up,TRUE,ig,0,o_pos,0,o_hw,0,o_i,NA,o_up,FALSE,why,NO_COG
[2026-09-19T17:36:06.077] Cog0  BM-TS,seq,1_213,tid,4,k,215,lt,FALSE,pos,70,hw,70,i,24,ph,2_291,d,6_834,e,58,st,SPIN_DN,flt,FALSE,up,TRUE,ig,0,o_pos,0,o_hw,0,o_i,NA,o_up,FALSE,why,NO_COG
[2026-09-19T17:36:06.078] Cog0  BM-TS,seq,1_214,tid,4,k,216,lt,FALSE,pos,70,hw,70,i,24,ph,2_376,d,6_798,e,68,st,SPIN_DN,flt,FALSE,up,TRUE,ig,0,o_pos,0,o_hw,0,o_i,NA,o_up,FALSE,why,NO_COG
[2026-09-19T17:36:06.080] Cog0  BM-TS,seq,1_215,tid,4,k,217,lt,FALSE,pos,70,hw,70,i,22,ph,2_458,d,6_762,e,78,st,SPIN_DN,flt,FALSE,up,TRUE,ig,0,o_pos,0,o_hw,0,o_i,NA,o_up,FALSE,why,NO_COG
[2026-09-19T17:36:06.083] Cog0  BM-TS,seq,1_216,tid,4,k,218,lt,FALSE,pos,71,hw,71,i,22,ph,2_542,d,6_724,e,45,st,SPIN_DN,flt,FALSE,up,TRUE,ig,0,o_pos,0,o_hw,0,o_i,NA,o_up,FALSE,why,NO_COG
[2026-09-19T17:36:06.084] Cog0  BM-TS,seq,1_217,tid,4,k,219,lt,FALSE,pos,71,hw,71,i,17,ph,2_560,d,6_688,e,55,st,SPIN_DN,flt,FALSE,up,TRUE,ig,0,o_pos,0,o_hw,0,o_i,NA,o_up,FALSE,why,NO_COG
[2026-09-19T17:36:06.086] Cog0  BM-TS,seq,1_218,tid,4,k,220,lt,FALSE,pos,71,hw,71,i,21,ph,2_499,d,6_652,e,65,st,SPIN_DN,flt,FALSE,up,TRUE,ig,0,o_pos,0,o_hw,0,o_i,NA,o_up,FALSE,why,NO_COG
[2026-09-19T17:36:06.088] Cog0  BM-TS,seq,1_219,tid,4,k,221,lt,FALSE,pos,71,hw,71,i,21,ph,2_428,d,6_625,e,72,st,SPIN_DN,flt,FALSE,up,TRUE,ig,0,o_pos,0,o_hw,0,o_i,NA,o_up,FALSE,why,NO_COG
[2026-09-19T17:36:06.090] Cog0  BM-TS,seq,1_220,tid,4,k,222,lt,FALSE,pos,72,hw,72,i,22,ph,2_342,d,6_587,e,39,st,SPIN_DN,flt,FALSE,up,TRUE,ig,0,o_pos,0,o_hw,0,o_i,NA,o_up,FALSE,why,NO_COG
[2026-09-19T17:36:06.092] Cog0  BM-TS,seq,1_221,tid,4,k,223,lt,FALSE,pos,72,hw,72,i,20,ph,2_273,d,6_524,e,49,st,SPIN_DN,flt,FALSE,up,TRUE,ig,0,o_pos,0,o_hw,0,o_i,NA,o_up,FALSE,why,NO_COG
[2026-09-19T17:36:06.094] Cog0  BM-TS,seq,1_222,tid,4,k,224,lt,FALSE,pos,72,hw,72,i,17,ph,2_285,d,6_488,e,58,st,SPIN_DN,flt,FALSE,up,TRUE,ig,0,o_pos,0,o_hw,0,o_i,NA,o_up,FALSE,why,NO_COG
[2026-09-19T17:36:06.096] Cog0  BM-TS,seq,1_223,tid,4,k,225,lt,FALSE,pos,72,hw,72,i,17,ph,2_349,d,6_452,e,68,st,SPIN_DN,flt,FALSE,up,TRUE,ig,0,o_pos,0,o_hw,0,o_i,NA,o_up,FALSE,why,NO_COG
[2026-09-19T17:36:06.098] Cog0  BM-TS,seq,1_224,tid,4,k,226,lt,FALSE,pos,72,hw,72,i,21,ph,2_416,d,6_416,e,77,st,SPIN_DN,flt,FALSE,up,TRUE,ig,0,o_pos,0,o_hw,0,o_i,NA,o_up,FALSE,why,NO_COG
[2026-09-19T17:36:06.100] Cog0  BM-TS,seq,1_225,tid,4,k,227,lt,FALSE,pos,73,hw,73,i,21,ph,2_499,d,6_467,e,42,st,SPIN_DN,flt,FALSE,up,TRUE,ig,0,o_pos,0,o_hw,0,o_i,NA,o_up,FALSE,why,NO_COG
[2026-09-19T17:36:06.102] Cog0  BM-TS,seq,1_226,tid,4,k,228,lt,FALSE,pos,73,hw,73,i,20,ph,2_573,d,6_431,e,51,st,SPIN_DN,flt,FALSE,up,TRUE,ig,0,o_pos,0,o_hw,0,o_i,NA,o_up,FALSE,why,NO_COG
[2026-09-19T17:36:06.104] Cog0  BM-TS,seq,1_227,tid,4,k,229,lt,FALSE,pos,73,hw,73,i,20,ph,2_509,d,6_395,e,61,st,SPIN_DN,flt,FALSE,up,TRUE,ig,0,o_pos,0,o_hw,0,o_i,NA,o_up,FALSE,why,NO_COG
[2026-09-19T17:36:06.106] Cog0  BM-TS,seq,1_228,tid,4,k,230,lt,FALSE,pos,73,hw,73,i,21,ph,2_443,d,6_359,e,70,st,SPIN_DN,flt,FALSE,up,TRUE,ig,0,o_pos,0,o_hw,0,o_i,NA,o_up,FALSE,why,NO_COG
[2026-09-19T17:36:06.108] Cog0  BM-TS,seq,1_229,tid,4,k,231,lt,FALSE,pos,73,hw,73,i,19,ph,2_363,d,6_323,e,79,st,SPIN_DN,flt,FALSE,up,TRUE,ig,0,o_pos,0,o_hw,0,o_i,NA,o_up,FALSE,why,NO_COG
[2026-09-19T17:36:06.110] Cog0  BM-TS,seq,1_230,tid,4,k,232,lt,FALSE,pos,74,hw,74,i,18,ph,2_305,d,6_264,e,46,st,SPIN_DN,flt,FALSE,up,TRUE,ig,0,o_pos,0,o_hw,0,o_i,NA,o_up,FALSE,why,NO_COG
[2026-09-19T17:36:06.112] Cog0  BM-TS,seq,1_231,tid,4,k,233,lt,FALSE,pos,74,hw,74,i,15,ph,2_265,d,6_237,e,53,st,SPIN_DN,flt,FALSE,up,TRUE,ig,0,o_pos,0,o_hw,0,o_i,NA,o_up,FALSE,why,NO_COG
[2026-09-19T17:36:06.114] Cog0  BM-TS,seq,1_232,tid,4,k,234,lt,FALSE,pos,74,hw,74,i,15,ph,2_329,d,6_201,e,62,st,SPIN_DN,flt,FALSE,up,TRUE,ig,0,o_pos,0,o_hw,0,o_i,NA,o_up,FALSE,why,NO_COG
[2026-09-19T17:36:06.116] Cog0  BM-TS,seq,1_233,tid,4,k,235,lt,FALSE,pos,74,hw,74,i,18,ph,2_396,d,6_165,e,71,st,SPIN_DN,flt,FALSE,up,TRUE,ig,0,o_pos,0,o_hw,0,o_i,NA,o_up,FALSE,why,NO_COG
[2026-09-19T17:36:06.118] Cog0  BM-TS,seq,1_234,tid,4,k,236,lt,FALSE,pos,74,hw,74,i,20,ph,2_482,d,6_129,e,80,st,SPIN_DN,flt,FALSE,up,TRUE,ig,0,o_pos,0,o_hw,0,o_i,NA,o_up,FALSE,why,NO_COG
[2026-09-19T17:36:06.120] Cog0  BM-TS,seq,1_235,tid,4,k,237,lt,FALSE,pos,75,hw,75,i,17,ph,2_532,d,6_145,e,46,st,SPIN_DN,flt,FALSE,up,TRUE,ig,0,o_pos,0,o_hw,0,o_i,NA,o_up,FALSE,why,NO_COG
[2026-09-19T17:36:06.122] Cog0  BM-TS,seq,1_236,tid,4,k,238,lt,FALSE,pos,75,hw,75,i,17,ph,2_561,d,6_118,e,53,st,SPIN_DN,flt,FALSE,up,TRUE,ig,0,o_pos,0,o_hw,0,o_i,NA,o_up,FALSE,why,NO_COG
[2026-09-19T17:36:06.124] Cog0  BM-TS,seq,1_237,tid,4,k,239,lt,FALSE,pos,75,hw,75,i,17,ph,2_507,d,6_082,e,62,st,SPIN_DN,flt,FALSE,up,TRUE,ig,0,o_pos,0,o_hw,0,o_i,NA,o_up,FALSE,why,NO_COG
[2026-09-19T17:36:06.126] Cog0  BM-TS,seq,1_238,tid,4,k,240,lt,FALSE,pos,75,hw,75,i,16,ph,2_440,d,6_046,e,71,st,SPIN_DN,flt,FALSE,up,TRUE,ig,0,o_pos,0,o_hw,0,o_i,NA,o_up,FALSE,why,NO_COG
[2026-09-19T17:36:06.128] Cog0  BM-TS,seq,1_239,tid,4,k,241,lt,FALSE,pos,75,hw,75,i,21,ph,2_383,d,6_010,e,80,st,SPIN_DN,flt,FALSE,up,TRUE,ig,0,o_pos,0,o_hw,0,o_i,NA,o_up,FALSE,why,NO_COG
[2026-09-19T17:36:06.130] Cog0  BM-TS,seq,1_240,tid,4,k,242,lt,FALSE,pos,76,hw,76,i,17,ph,2_301,d,6_052,e,46,st,SPIN_DN,flt,FALSE,up,TRUE,ig,0,o_pos,0,o_hw,0,o_i,NA,o_up,FALSE,why,NO_COG
[2026-09-19T17:36:06.132] Cog0  BM-TS,seq,1_241,tid,4,k,243,lt,FALSE,pos,76,hw,76,i,21,ph,2_292,d,6_016,e,55,st,SPIN_DN,flt,FALSE,up,TRUE,ig,0,o_pos,0,o_hw,0,o_i,NA,o_up,FALSE,why,NO_COG
[2026-09-19T17:36:06.134] Cog0  BM-TS,seq,1_242,tid,4,k,244,lt,FALSE,pos,76,hw,76,i,21,ph,2_329,d,5_989,e,61,st,SPIN_DN,flt,FALSE,up,TRUE,ig,0,o_pos,0,o_hw,0,o_i,NA,o_up,FALSE,why,NO_COG
[2026-09-19T17:36:06.136] Cog0  BM-TS,seq,1_243,tid,4,k,245,lt,FALSE,pos,76,hw,76,i,21,ph,2_390,d,5_953,e,70,st,SPIN_DN,flt,FALSE,up,TRUE,ig,0,o_pos,0,o_hw,0,o_i,NA,o_up,FALSE,why,NO_COG
[2026-09-19T17:36:06.138] Cog0  BM-TS,seq,1_244,tid,4,k,246,lt,FALSE,pos,76,hw,76,i,21,ph,2_460,d,5_917,e,79,st,SPIN_DN,flt,FALSE,up,TRUE,ig,0,o_pos,0,o_hw,0,o_i,NA,o_up,FALSE,why,NO_COG
[2026-09-19T17:36:06.140] Cog0  BM-TS,seq,1_245,tid,4,k,247,lt,FALSE,pos,77,hw,77,i,18,ph,2_519,d,5_897,e,44,st,SPIN_DN,flt,FALSE,up,TRUE,ig,0,o_pos,0,o_hw,0,o_i,NA,o_up,FALSE,why,NO_COG
[2026-09-19T17:36:06.142] Cog0  BM-TS,seq,1_246,tid,4,k,248,lt,FALSE,pos,77,hw,77,i,16,ph,2_562,d,5_861,e,53,st,SPIN_DN,flt,FALSE,up,TRUE,ig,0,o_pos,0,o_hw,0,o_i,NA,o_up,FALSE,why,NO_COG
[2026-09-19T17:36:06.144] Cog0  BM-TS,seq,1_247,tid,4,k,249,lt,FALSE,pos,77,hw,77,i,17,ph,2_522,d,5_825,e,61,st,SPIN_DN,flt,FALSE,up,TRUE,ig,0,o_pos,0,o_hw,0,o_i,NA,o_up,FALSE,why,NO_COG
[2026-09-19T17:36:06.146] Cog0  BM-TS,seq,1_248,tid,4,k,250,lt,FALSE,pos,77,hw,77,i,17,ph,2_461,d,5_798,e,68,st,SPIN_DN,flt,FALSE,up,TRUE,ig,0,o_pos,0,o_hw,0,o_i,NA,o_up,FALSE,why,NO_COG
[2026-09-19T17:36:06.148] Cog0  BM-TS,seq,1_249,tid,4,k,251,lt,FALSE,pos,77,hw,77,i,21,ph,2_400,d,5_762,e,76,st,SPIN_DN,flt,FALSE,up,TRUE,ig,0,o_pos,0,o_hw,0,o_i,NA,o_up,FALSE,why,NO_COG
[2026-09-19T17:36:06.150] Cog0  BM-TS,seq,1_250,tid,4,k,252,lt,FALSE,pos,78,hw,78,i,17,ph,2_332,d,5_703,e,42,st,SPIN_DN,flt,FALSE,up,TRUE,ig,0,o_pos,0,o_hw,0,o_i,NA,o_up,FALSE,why,NO_COG
[2026-09-19T17:36:06.152] Cog0  BM-TS,seq,1_251,tid,4,k,253,lt,FALSE,pos,78,hw,78,i,16,ph,2_274,d,5_667,e,50,st,SPIN_DN,flt,FALSE,up,TRUE,ig,0,o_pos,0,o_hw,0,o_i,NA,o_up,FALSE,why,NO_COG
[2026-09-19T17:36:06.154] Cog0  BM-TS,seq,1_252,tid,4,k,254,lt,FALSE,pos,78,hw,78,i,14,ph,2_295,d,5_631,e,58,st,SPIN_DN,flt,FALSE,up,TRUE,ig,0,o_pos,0,o_hw,0,o_i,NA,o_up,FALSE,why,NO_COG
[2026-09-19T17:36:06.156] Cog0  BM-TS,seq,1_253,tid,4,k,255,lt,FALSE,pos,78,hw,78,i,13,ph,2_339,d,5_595,e,67,st,SPIN_DN,flt,FALSE,up,TRUE,ig,0,o_pos,0,o_hw,0,o_i,NA,o_up,FALSE,why,NO_COG
[2026-09-19T17:36:06.158] Cog0  BM-TS,seq,1_254,tid,4,k,256,lt,FALSE,pos,78,hw,78,i,15,ph,2_391,d,5_568,e,73,st,SPIN_DN,flt,FALSE,up,TRUE,ig,0,o_pos,0,o_hw,0,o_i,NA,o_up,FALSE,why,NO_COG
[2026-09-19T17:36:06.160] Cog0  BM-TS,seq,1_255,tid,4,k,257,lt,FALSE,pos,78,hw,78,i,21,ph,2_463,d,5_532,e,81,st,SPIN_DN,flt,FALSE,up,TRUE,ig,0,o_pos,0,o_hw,0,o_i,NA,o_up,FALSE,why,NO_COG
[2026-09-19T17:36:06.162] Cog0  BM-TS,seq,1_256,tid,4,k,258,lt,FALSE,pos,79,hw,79,i,16,ph,2_509,d,5_527,e,46,st,SPIN_DN,flt,FALSE,up,TRUE,ig,0,o_pos,0,o_hw,0,o_i,NA,o_up,FALSE,why,NO_COG
[2026-09-19T17:36:06.164] Cog0  BM-TS,seq,1_257,tid,4,k,259,lt,FALSE,pos,79,hw,79,i,16,ph,2_540,d,5_491,e,54,st,SPIN_DN,flt,FALSE,up,TRUE,ig,0,o_pos,0,o_hw,0,o_i,NA,o_up,FALSE,why,NO_COG
[2026-09-19T17:36:06.166] Cog0  BM-TS,seq,1_258,tid,4,k,260,lt,FALSE,pos,79,hw,79,i,18,ph,2_492,d,5_455,e,62,st,SPIN_DN,flt,FALSE,up,TRUE,ig,0,o_pos,0,o_hw,0,o_i,NA,o_up,FALSE,why,NO_COG
[2026-09-19T17:36:06.168] Cog0  BM-TS,seq,1_259,tid,4,k,261,lt,FALSE,pos,79,hw,79,i,17,ph,2_451,d,5_428,e,68,st,SPIN_DN,flt,FALSE,up,TRUE,ig,0,o_pos,0,o_hw,0,o_i,NA,o_up,FALSE,why,NO_COG
[2026-09-19T17:36:06.170] Cog0  BM-TS,seq,1_260,tid,4,k,262,lt,FALSE,pos,79,hw,79,i,19,ph,2_382,d,5_392,e,76,st,SPIN_DN,flt,FALSE,up,TRUE,ig,0,o_pos,0,o_hw,0,o_i,NA,o_up,FALSE,why,NO_COG
[2026-09-19T17:36:06.172] Cog0  BM-TS,seq,1_261,tid,4,k,263,lt,FALSE,pos,80,hw,80,i,18,ph,2_345,d,5_342,e,41,st,SPIN_DN,flt,FALSE,up,TRUE,ig,0,o_pos,0,o_hw,0,o_i,NA,o_up,FALSE,why,NO_COG
[2026-09-19T17:36:06.174] Cog0  BM-TS,seq,1_262,tid,4,k,264,lt,FALSE,pos,80,hw,80,i,15,ph,2_282,d,5_299,e,49,st,SPIN_DN,flt,FALSE,up,TRUE,ig,0,o_pos,0,o_hw,0,o_i,NA,o_up,FALSE,why,NO_COG
[2026-09-19T17:36:06.175] Cog0  BM-TS,seq,1_263,tid,4,k,265,lt,FALSE,pos,80,hw,80,i,15,ph,2_301,d,5_263,e,57,st,SPIN_DN,flt,FALSE,up,TRUE,ig,0,o_pos,0,o_hw,0,o_i,NA,o_up,FALSE,why,NO_COG
[2026-09-19T17:36:06.178] Cog0  BM-TS,seq,1_264,tid,4,k,266,lt,FALSE,pos,80,hw,80,i,14,ph,2_351,d,5_227,e,64,st,SPIN_DN,flt,FALSE,up,TRUE,ig,0,o_pos,0,o_hw,0,o_i,NA,o_up,FALSE,why,NO_COG
[2026-09-19T17:36:06.180] Cog0  BM-TS,seq,1_265,tid,4,k,267,lt,FALSE,pos,80,hw,80,i,16,ph,2_393,d,5_200,e,70,st,SPIN_DN,flt,FALSE,up,TRUE,ig,0,o_pos,0,o_hw,0,o_i,NA,o_up,FALSE,why,NO_COG
[2026-09-19T17:36:06.182] Cog0  BM-TS,seq,1_266,tid,4,k,268,lt,FALSE,pos,80,hw,80,i,16,ph,2_444,d,5_164,e,78,st,SPIN_DN,flt,FALSE,up,TRUE,ig,0,o_pos,0,o_hw,0,o_i,NA,o_up,FALSE,why,NO_COG
[2026-09-19T17:36:06.184] Cog0  BM-TS,seq,1_267,tid,4,k,269,lt,FALSE,pos,81,hw,81,i,17,ph,2_503,d,5_116,e,43,st,SPIN_DN,flt,FALSE,up,TRUE,ig,0,o_pos,0,o_hw,0,o_i,NA,o_up,FALSE,why,NO_COG
[2026-09-19T17:36:06.185] Cog0  BM-TS,seq,1_268,tid,4,k,270,lt,FALSE,pos,81,hw,81,i,15,ph,2_545,d,5_080,e,50,st,SPIN_DN,flt,FALSE,up,TRUE,ig,0,o_pos,0,o_hw,0,o_i,NA,o_up,FALSE,why,NO_COG
[2026-09-19T17:36:06.187] Cog0  BM-TS,seq,1_269,tid,4,k,271,lt,FALSE,pos,81,hw,81,i,15,ph,2_511,d,5_044,e,58,st,SPIN_DN,flt,FALSE,up,TRUE,ig,0,o_pos,0,o_hw,0,o_i,NA,o_up,FALSE,why,NO_COG
[2026-09-19T17:36:06.190] Cog0  BM-TS,seq,1_270,tid,4,k,272,lt,FALSE,pos,81,hw,81,i,14,ph,2_485,d,5_008,e,65,st,SPIN_DN,flt,FALSE,up,TRUE,ig,0,o_pos,0,o_hw,0,o_i,NA,o_up,FALSE,why,NO_COG
[2026-09-19T17:36:06.191] Cog0  BM-TS,seq,1_271,tid,4,k,273,lt,FALSE,pos,81,hw,81,i,16,ph,2_434,d,4_981,e,71,st,SPIN_DN,flt,FALSE,up,TRUE,ig,0,o_pos,0,o_hw,0,o_i,NA,o_up,FALSE,why,NO_COG
[2026-09-19T17:36:06.194] Cog0  BM-TS,seq,1_272,tid,4,k,274,lt,FALSE,pos,81,hw,81,i,18,ph,2_400,d,4_945,e,78,st,SPIN_DN,flt,FALSE,up,TRUE,ig,0,o_pos,0,o_hw,0,o_i,NA,o_up,FALSE,why,NO_COG
[2026-09-19T17:36:06.196] Cog0  BM-TS,seq,1_273,tid,4,k,275,lt,FALSE,pos,82,hw,82,i,17,ph,2_342,d,4_968,e,43,st,SPIN_DN,flt,FALSE,up,TRUE,ig,0,o_pos,0,o_hw,0,o_i,NA,o_up,FALSE,why,NO_COG
[2026-09-19T17:36:06.197] Cog0  BM-TS,seq,1_274,tid,4,k,276,lt,FALSE,pos,82,hw,82,i,18,ph,2_304,d,4_932,e,50,st,SPIN_DN,flt,FALSE,up,TRUE,ig,0,o_pos,0,o_hw,0,o_i,NA,o_up,FALSE,why,NO_COG
[2026-09-19T17:36:06.199] Cog0  BM-TS,seq,1_275,tid,4,k,277,lt,FALSE,pos,82,hw,82,i,17,ph,2_322,d,4_896,e,57,st,SPIN_DN,flt,FALSE,up,TRUE,ig,0,o_pos,0,o_hw,0,o_i,NA,o_up,FALSE,why,NO_COG
[2026-09-19T17:36:06.201] Cog0  BM-TS,seq,1_276,tid,4,k,278,lt,FALSE,pos,82,hw,82,i,17,ph,2_350,d,4_860,e,64,st,SPIN_DN,flt,FALSE,up,TRUE,ig,0,o_pos,0,o_hw,0,o_i,NA,o_up,FALSE,why,NO_COG
[2026-09-19T17:36:06.203] Cog0  BM-TS,seq,1_277,tid,4,k,279,lt,FALSE,pos,82,hw,82,i,15,ph,2_382,d,4_833,e,69,st,SPIN_DN,flt,FALSE,up,TRUE,ig,0,o_pos,0,o_hw,0,o_i,NA,o_up,FALSE,why,NO_COG
[2026-09-19T17:36:06.206] Cog0  BM-TS,seq,1_278,tid,4,k,280,lt,FALSE,pos,82,hw,82,i,15,ph,2_435,d,4_797,e,76,st,SPIN_DN,flt,FALSE,up,TRUE,ig,0,o_pos,0,o_hw,0,o_i,NA,o_up,FALSE,why,NO_COG
[2026-09-19T17:36:06.207] Cog0  BM-TS,seq,1_279,tid,4,k,281,lt,FALSE,pos,83,hw,83,i,14,ph,2_476,d,4_818,e,41,st,SPIN_DN,flt,FALSE,up,TRUE,ig,0,o_pos,0,o_hw,0,o_i,NA,o_up,FALSE,why,NO_COG
[2026-09-19T17:36:06.209] Cog0  BM-TS,seq,1_280,tid,4,k,282,lt,FALSE,pos,83,hw,83,i,14,ph,2_515,d,4_772,e,48,st,SPIN_DN,flt,FALSE,up,TRUE,ig,0,o_pos,0,o_hw,0,o_i,NA,o_up,FALSE,why,NO_COG
[2026-09-19T17:36:06.211] Cog0  BM-TS,seq,1_281,tid,4,k,283,lt,FALSE,pos,83,hw,83,i,17,ph,2_526,d,4_736,e,55,st,SPIN_DN,flt,FALSE,up,TRUE,ig,0,o_pos,0,o_hw,0,o_i,NA,o_up,FALSE,why,NO_COG
[2026-09-19T17:36:06.213] Cog0  BM-TS,seq,1_282,tid,4,k,284,lt,FALSE,pos,83,hw,83,i,15,ph,2_493,d,4_709,e,60,st,SPIN_DN,flt,FALSE,up,TRUE,ig,0,o_pos,0,o_hw,0,o_i,NA,o_up,FALSE,why,NO_COG
[2026-09-19T17:36:06.215] Cog0  BM-TS,seq,1_283,tid,4,k,285,lt,FALSE,pos,83,hw,83,i,16,ph,2_460,d,4_673,e,67,st,SPIN_DN,flt,FALSE,up,TRUE,ig,0,o_pos,0,o_hw,0,o_i,NA,o_up,FALSE,why,NO_COG
[2026-09-19T17:36:06.217] Cog0  BM-TS,seq,1_284,tid,4,k,286,lt,FALSE,pos,83,hw,83,i,14,ph,2_414,d,4_637,e,73,st,SPIN_DN,flt,FALSE,up,TRUE,ig,0,o_pos,0,o_hw,0,o_i,NA,o_up,FALSE,why,NO_COG
[2026-09-19T17:36:06.219] Cog0  BM-TS,seq,1_285,tid,4,k,287,lt,FALSE,pos,83,hw,83,i,16,ph,2_375,d,4_601,e,80,st,SPIN_DN,flt,FALSE,up,TRUE,ig,0,o_pos,0,o_hw,0,o_i,NA,o_up,FALSE,why,NO_COG
[2026-09-19T17:36:06.221] Cog0  BM-TS,seq,1_286,tid,4,k,288,lt,FALSE,pos,84,hw,84,i,15,ph,2_340,d,4_529,e,44,st,SPIN_DN,flt,FALSE,up,TRUE,ig,0,o_pos,0,o_hw,0,o_i,NA,o_up,FALSE,why,NO_COG
[2026-09-19T17:36:06.223] Cog0  BM-TS,seq,1_287,tid,4,k,289,lt,FALSE,pos,84,hw,84,i,13,ph,2_304,d,4_493,e,51,st,SPIN_DN,flt,FALSE,up,TRUE,ig,0,o_pos,0,o_hw,0,o_i,NA,o_up,FALSE,why,NO_COG
[2026-09-19T17:36:06.225] Cog0  BM-TS,seq,1_288,tid,4,k,290,lt,FALSE,pos,84,hw,84,i,14,ph,2_306,d,4_466,e,56,st,SPIN_DN,flt,FALSE,up,TRUE,ig,0,o_pos,0,o_hw,0,o_i,NA,o_up,FALSE,why,NO_COG
[2026-09-19T17:36:06.227] Cog0  BM-TS,seq,1_289,tid,4,k,291,lt,FALSE,pos,84,hw,84,i,13,ph,2_350,d,4_430,e,62,st,SPIN_DN,flt,FALSE,up,TRUE,ig,0,o_pos,0,o_hw,0,o_i,NA,o_up,FALSE,why,NO_COG
[2026-09-19T17:36:06.229] Cog0  BM-TS,seq,1_290,tid,4,k,292,lt,FALSE,pos,84,hw,84,i,14,ph,2_384,d,4_394,e,69,st,SPIN_DN,flt,FALSE,up,TRUE,ig,0,o_pos,0,o_hw,0,o_i,NA,o_up,FALSE,why,NO_COG
[2026-09-19T17:36:06.231] Cog0  BM-TS,seq,1_291,tid,4,k,293,lt,FALSE,pos,84,hw,84,i,14,ph,2_424,d,4_358,e,75,st,SPIN_DN,flt,FALSE,up,TRUE,ig,0,o_pos,0,o_hw,0,o_i,NA,o_up,FALSE,why,NO_COG
[2026-09-19T17:36:06.233] Cog0  BM-TS,seq,1_292,tid,4,k,294,lt,FALSE,pos,84,hw,84,i,14,ph,2_455,d,4_343,e,82,st,SPIN_DN,flt,FALSE,up,TRUE,ig,0,o_pos,0,o_hw,0,o_i,NA,o_up,FALSE,why,NO_COG
[2026-09-19T17:36:06.235] Cog0  BM-TS,seq,1_293,tid,4,k,295,lt,FALSE,pos,85,hw,85,i,14,ph,2_486,d,4_316,e,46,st,SPIN_DN,flt,FALSE,up,TRUE,ig,0,o_pos,0,o_hw,0,o_i,NA,o_up,FALSE,why,NO_COG
[2026-09-19T17:36:06.237] Cog0  BM-TS,seq,1_294,tid,4,k,296,lt,FALSE,pos,85,hw,85,i,16,ph,2_522,d,4_289,e,50,st,SPIN_DN,flt,FALSE,up,TRUE,ig,0,o_pos,0,o_hw,0,o_i,NA,o_up,FALSE,why,NO_COG
[2026-09-19T17:36:06.239] Cog0  BM-TS,seq,1_295,tid,4,k,297,lt,FALSE,pos,85,hw,85,i,14,ph,2_487,d,4_253,e,57,st,SPIN_DN,flt,FALSE,up,TRUE,ig,0,o_pos,0,o_hw,0,o_i,NA,o_up,FALSE,why,NO_COG
[2026-09-19T17:36:06.241] Cog0  BM-TS,seq,1_296,tid,4,k,298,lt,FALSE,pos,85,hw,85,i,14,ph,2_467,d,4_217,e,63,st,SPIN_DN,flt,FALSE,up,TRUE,ig,0,o_pos,0,o_hw,0,o_i,NA,o_up,FALSE,why,NO_COG
[2026-09-19T17:36:06.243] Cog0  BM-TS,seq,1_297,tid,4,k,299,lt,FALSE,pos,85,hw,85,i,12,ph,2_431,d,4_181,e,69,st,SPIN_DN,flt,FALSE,up,TRUE,ig,0,o_pos,0,o_hw,0,o_i,NA,o_up,FALSE,why,NO_COG
[2026-09-19T17:36:06.245] Cog0  BM-TS,seq,1_298,tid,4,k,300,lt,FALSE,pos,85,hw,85,i,13,ph,2_404,d,4_145,e,75,st,SPIN_DN,flt,FALSE,up,TRUE,ig,0,o_pos,0,o_hw,0,o_i,NA,o_up,FALSE,why,NO_COG
[2026-09-19T17:36:06.247] Cog0  BM-TS,seq,1_299,tid,4,k,302,lt,FALSE,pos,86,hw,86,i,13,ph,2_342,d,4_165,e,43,st,SPIN_DN,flt,FALSE,up,TRUE,ig,0,o_pos,0,o_hw,0,o_i,NA,o_up,FALSE,why,NO_COG
[2026-09-19T17:36:06.250] Cog0  BM-TS,seq,1_300,tid,4,k,309,lt,FALSE,pos,87,hw,87,i,17,ph,2_469,d,3_950,e,40,st,SPIN_DN,flt,FALSE,up,TRUE,ig,0,o_pos,0,o_hw,0,o_i,NA,o_up,FALSE,why,NO_COG
[2026-09-19T17:36:06.253] Cog0  BM-TS,seq,1_301,tid,4,k,317,lt,FALSE,pos,88,hw,88,i,14,ph,2_373,d,3_724,e,40,st,SPIN_DN,flt,FALSE,up,TRUE,ig,0,o_pos,0,o_hw,0,o_i,NA,o_up,FALSE,why,NO_COG
[2026-09-19T17:36:06.254] Cog0  BM-TS,seq,1_302,tid,4,k,325,lt,FALSE,pos,88,hw,88,i,16,ph,2_446,d,3_438,e,79,st,SPIN_DN,flt,FALSE,up,TRUE,ig,0,o_pos,0,o_hw,0,o_i,NA,o_up,FALSE,why,NO_COG
[2026-09-19T17:36:06.257] Cog0  BM-TS,seq,1_303,tid,4,k,326,lt,FALSE,pos,89,hw,89,i,14,ph,2_461,d,3_442,e,41,st,SPIN_DN,flt,FALSE,up,TRUE,ig,0,o_pos,0,o_hw,0,o_i,NA,o_up,FALSE,why,NO_COG
[2026-09-19T17:36:06.260] Cog0  BM-TS,seq,1_304,tid,4,k,335,lt,FALSE,pos,90,hw,90,i,16,ph,2_387,d,3_079,e,40,st,SPIN_DN,flt,FALSE,up,TRUE,ig,0,o_pos,0,o_hw,0,o_i,NA,o_up,FALSE,why,NO_COG
[2026-09-19T17:36:06.262] Cog0  BM-TS,seq,1_305,tid,4,k,346,lt,FALSE,pos,91,hw,91,i,15,ph,2_456,d,2_901,e,42,st,SPIN_DN,flt,FALSE,up,TRUE,ig,0,o_pos,0,o_hw,0,o_i,NA,o_up,FALSE,why,NO_COG
[2026-09-19T17:36:06.265] Cog0  BM-TS,seq,1_306,tid,4,k,350,lt,FALSE,pos,91,hw,91,i,12,ph,2_463,d,2_766,e,57,st,SPIN_DN,flt,FALSE,up,TRUE,ig,0,o_pos,0,o_hw,0,o_i,NA,o_up,FALSE,why,NO_COG
[2026-09-19T17:36:06.267] Cog0  BM-TS,seq,1_307,tid,4,k,358,lt,FALSE,pos,92,hw,92,i,13,ph,2_371,d,2_579,e,43,st,SPIN_DN,flt,FALSE,up,TRUE,ig,0,o_pos,0,o_hw,0,o_i,NA,o_up,FALSE,why,NO_COG
[2026-09-19T17:36:06.269] Cog0  BM-TS,seq,1_308,tid,4,k,371,lt,FALSE,pos,93,hw,93,i,15,ph,2_437,d,2_085,e,39,st,SPIN_DN,flt,FALSE,up,TRUE,ig,0,o_pos,0,o_hw,0,o_i,NA,o_up,FALSE,why,NO_COG
[2026-09-19T17:36:06.272] Cog0  BM-TS,seq,1_309,tid,4,k,375,lt,FALSE,pos,93,hw,93,i,12,ph,2_451,d,1_873,e,50,st,SPIN_DN,flt,FALSE,up,TRUE,ig,0,o_pos,0,o_hw,0,o_i,NA,o_up,FALSE,why,NO_COG
[2026-09-19T17:36:06.275] Cog0  BM-TS,seq,1_310,tid,4,k,389,lt,FALSE,pos,94,hw,94,i,14,ph,2_390,d,1_654,e,39,st,SPIN_DN,flt,FALSE,up,TRUE,ig,0,o_pos,0,o_hw,0,o_i,NA,o_up,FALSE,why,NO_COG
[2026-09-19T17:36:06.278] Cog0  BM-TS,seq,1_311,tid,4,k,400,lt,FALSE,pos,94,hw,94,i,14,ph,2_390,d,1_600,e,58,st,SPIN_DN,flt,FALSE,up,TRUE,ig,0,o_pos,0,o_hw,0,o_i,NA,o_up,FALSE,why,NO_COG
[2026-09-19T17:36:06.280] Cog0  BM-TS,seq,1_312,tid,4,k,413,lt,FALSE,pos,95,hw,95,i,14,ph,2_422,d,1_600,e,32,st,SPIN_DN,flt,FALSE,up,TRUE,ig,0,o_pos,0,o_hw,0,o_i,NA,o_up,FALSE,why,NO_COG
[2026-09-19T17:36:06.283] Cog0  BM-TS,seq,1_313,tid,4,k,425,lt,FALSE,pos,95,hw,95,i,13,ph,2_436,d,1_600,e,40,st,SPIN_DN,flt,FALSE,up,TRUE,ig,0,o_pos,0,o_hw,0,o_i,NA,o_up,FALSE,why,NO_COG
[2026-09-19T17:36:06.286] Cog0  BM-TS,seq,1_314,tid,4,k,435,lt,FALSE,pos,95,hw,95,i,14,ph,2_437,d,1_600,e,41,st,STOPPED,flt,FALSE,up,TRUE,ig,0,o_pos,0,o_hw,0,o_i,NA,o_up,FALSE,why,NO_COG
[2026-09-19T17:36:06.288] Cog0  BM-TS,seq,1_315,tid,4,k,442,lt,FALSE,pos,96,hw,96,i,17,ph,2_444,d,1_600,e,-1,st,STOPPED,flt,FALSE,up,TRUE,ig,0,o_pos,0,o_hw,0,o_i,NA,o_up,FALSE,why,NO_COG
[2026-09-19T17:36:06.292] Cog0  BM-TS,seq,1_316,tid,4,k,450,lt,FALSE,pos,96,hw,96,i,21,ph,2_438,d,1_600,e,-1,st,STOPPED,flt,FALSE,up,TRUE,ig,0,o_pos,0,o_hw,0,o_i,NA,o_up,FALSE,why,NO_COG
[2026-09-19T17:36:06.295] Cog0  BM-TS,seq,1_317,tid,4,k,475,lt,FALSE,pos,96,hw,96,i,18,ph,2_420,d,1_600,e,-1,st,STOPPED,flt,FALSE,up,TRUE,ig,0,o_pos,0,o_hw,0,o_i,NA,o_up,FALSE,why,NO_COG
[2026-09-19T17:36:06.299] Cog0  BM-TS,seq,1_318,tid,4,k,500,lt,FALSE,pos,96,hw,96,i,18,ph,2_415,d,1_600,e,-1,st,STOPPED,flt,FALSE,up,TRUE,ig,0,o_pos,0,o_hw,0,o_i,NA,o_up,FALSE,why,NO_COG
[2026-09-19T17:36:06.302] Cog0  BM-TS,seq,1_319,tid,4,k,525,lt,FALSE,pos,96,hw,96,i,19,ph,2_430,d,1_600,e,-1,st,STOPPED,flt,FALSE,up,TRUE,ig,0,o_pos,0,o_hw,0,o_i,NA,o_up,FALSE,why,NO_COG
[2026-09-19T17:36:06.306] Cog0  BM-TS,seq,1_320,tid,4,k,550,lt,FALSE,pos,96,hw,96,i,17,ph,2_424,d,1_600,e,-1,st,STOPPED,flt,FALSE,up,TRUE,ig,0,o_pos,0,o_hw,0,o_i,NA,o_up,FALSE,why,NO_COG
[2026-09-19T17:36:06.309] Cog0  BM-TS,seq,1_321,tid,4,k,575,lt,FALSE,pos,96,hw,96,i,17,ph,2_420,d,1_600,e,-1,st,STOPPED,flt,FALSE,up,TRUE,ig,0,o_pos,0,o_hw,0,o_i,NA,o_up,FALSE,why,NO_COG
[2026-09-19T17:36:06.311] Cog0  BM-TS,seq,1_322,tid,4,k,594,lt,FALSE,pos,96,hw,96,i,18,ph,2_420,d,1_600,e,-1,st,STOPPED,flt,FALSE,up,TRUE,ig,0,o_pos,0,o_hw,0,o_i,NA,o_up,FALSE,why,NO_COG
[2026-09-19T17:36:06.328] Cog0  BM-TRACE-END,seq,1_323,tid,4,stored,595,emitted,325,ksum,55_037,mark_k,50,late,0,skipped,0,lost_head,0,dropped,0,end,REST,rest_k,442,ig_sum,0,o_ig_sum,0,hw_skip,0,stride,1,why,NONE
[2026-09-19T17:36:06.353] Cog3  INIT $0000_E90E $0003_8E67 load
[2026-09-19T17:36:06.368] Cog4  INIT $0000_0FA8 $0003_8A43 jump
[2026-09-19T17:36:08.441] Cog0  BM-START,seq,1_324,seg,BASELINE,motor,RIGHT,life,5,cog_ret,3,cog_ok,TRUE,board,REV_B,board_enum,22,ready,TRUE,ready_ms,0,off_neg,43,off_pos,317,missed,0,illegal,0,zero_x10,0,ph_x10,1_596,why,NONE
[2026-09-19T17:36:11.795] Cog0  BM-TRACE,seq,1_325,tid,5,seg,BASELINE,life,5,motor,RIGHT,cause,STOPCMD,incre,-73_500_000,off_neg,43,off_pos,317,req_mode,FLOAT,ramp_inc,22,period_us,2_000,decim,1,pre,50,why,NONE
[2026-09-19T17:36:11.874] Cog0  BM-TS,seq,1_326,tid,5,k,0,lt,FALSE,pos,0,hw,0,i,955,ph,2_514,d,18_556,e,-41,st,AT_SPEED,flt,FALSE,up,TRUE,ig,0,o_pos,0,o_hw,0,o_i,NA,o_up,FALSE,why,NO_COG
[2026-09-19T17:36:11.876] Cog0  BM-TS,seq,1_327,tid,5,k,1,lt,FALSE,pos,0,hw,0,i,934,ph,2_785,d,18_535,e,-54,st,AT_SPEED,flt,FALSE,up,TRUE,ig,0,o_pos,0,o_hw,0,o_i,NA,o_up,FALSE,why,NO_COG
[2026-09-19T17:36:11.878] Cog0  BM-TS,seq,1_328,tid,5,k,2,lt,FALSE,pos,-1,hw,-1,i,936,ph,2_389,d,18_599,e,-29,st,AT_SPEED,flt,FALSE,up,TRUE,ig,0,o_pos,0,o_hw,0,o_i,NA,o_up,FALSE,why,NO_COG
[2026-09-19T17:36:11.880] Cog0  BM-TS,seq,1_329,tid,5,k,3,lt,FALSE,pos,-1,hw,-1,i,890,ph,2_030,d,18_547,e,-47,st,AT_SPEED,flt,FALSE,up,TRUE,ig,0,o_pos,0,o_hw,0,o_i,NA,o_up,FALSE,why,NO_COG
[2026-09-19T17:36:11.882] Cog0  BM-TS,seq,1_330,tid,5,k,4,lt,FALSE,pos,-1,hw,-1,i,924,ph,2_164,d,18_578,e,-64,st,AT_SPEED,flt,FALSE,up,TRUE,ig,0,o_pos,0,o_hw,0,o_i,NA,o_up,FALSE,why,NO_COG
[2026-09-19T17:36:11.884] Cog0  BM-TS,seq,1_331,tid,5,k,5,lt,FALSE,pos,-2,hw,-2,i,936,ph,2_568,d,18_561,e,-39,st,AT_SPEED,flt,FALSE,up,TRUE,ig,0,o_pos,0,o_hw,0,o_i,NA,o_up,FALSE,why,NO_COG
[2026-09-19T17:36:11.886] Cog0  BM-TS,seq,1_332,tid,5,k,6,lt,FALSE,pos,-2,hw,-2,i,972,ph,2_817,d,18_543,e,-52,st,AT_SPEED,flt,FALSE,up,TRUE,ig,0,o_pos,0,o_hw,0,o_i,NA,o_up,FALSE,why,NO_COG
[2026-09-19T17:36:11.888] Cog0  BM-TS,seq,1_333,tid,5,k,7,lt,FALSE,pos,-3,hw,-3,i,972,ph,2_437,d,18_618,e,-27,st,AT_SPEED,flt,FALSE,up,TRUE,ig,0,o_pos,0,o_hw,0,o_i,NA,o_up,FALSE,why,NO_COG
[2026-09-19T17:36:11.890] Cog0  BM-TS,seq,1_334,tid,5,k,8,lt,FALSE,pos,-3,hw,-3,i,898,ph,2_091,d,18_546,e,-45,st,AT_SPEED,flt,FALSE,up,TRUE,ig,0,o_pos,0,o_hw,0,o_i,NA,o_up,FALSE,why,NO_COG
[2026-09-19T17:36:11.892] Cog0  BM-TS,seq,1_335,tid,5,k,9,lt,FALSE,pos,-3,hw,-3,i,911,ph,2_124,d,18_580,e,-62,st,AT_SPEED,flt,FALSE,up,TRUE,ig,0,o_pos,0,o_hw,0,o_i,NA,o_up,FALSE,why,NO_COG
[2026-09-19T17:36:11.894] Cog0  BM-TS,seq,1_336,tid,5,k,10,lt,FALSE,pos,-4,hw,-4,i,897,ph,2_522,d,18_582,e,-37,st,AT_SPEED,flt,FALSE,up,TRUE,ig,0,o_pos,0,o_hw,0,o_i,NA,o_up,FALSE,why,NO_COG
[2026-09-19T17:36:11.896] Cog0  BM-TS,seq,1_337,tid,5,k,11,lt,FALSE,pos,-4,hw,-4,i,954,ph,2_793,d,18_544,e,-55,st,AT_SPEED,flt,FALSE,up,TRUE,ig,0,o_pos,0,o_hw,0,o_i,NA,o_up,FALSE,why,NO_COG
[2026-09-19T17:36:11.898] Cog0  BM-TS,seq,1_338,tid,5,k,12,lt,FALSE,pos,-5,hw,-5,i,996,ph,2_488,d,18_609,e,-25,st,AT_SPEED,flt,FALSE,up,TRUE,ig,0,o_pos,0,o_hw,0,o_i,NA,o_up,FALSE,why,NO_COG
[2026-09-19T17:36:11.900] Cog0  BM-TS,seq,1_339,tid,5,k,13,lt,FALSE,pos,-5,hw,-5,i,913,ph,2_127,d,18_540,e,-43,st,AT_SPEED,flt,FALSE,up,TRUE,ig,0,o_pos,0,o_hw,0,o_i,NA,o_up,FALSE,why,NO_COG
[2026-09-19T17:36:11.902] Cog0  BM-TS,seq,1_340,tid,5,k,14,lt,FALSE,pos,-5,hw,-5,i,934,ph,2_084,d,18_554,e,-60,st,AT_SPEED,flt,FALSE,up,TRUE,ig,0,o_pos,0,o_hw,0,o_i,NA,o_up,FALSE,why,NO_COG
[2026-09-19T17:36:11.904] Cog0  BM-TS,seq,1_341,tid,5,k,15,lt,FALSE,pos,-6,hw,-6,i,922,ph,2_474,d,18_578,e,-35,st,AT_SPEED,flt,FALSE,up,TRUE,ig,0,o_pos,0,o_hw,0,o_i,NA,o_up,FALSE,why,NO_COG
[2026-09-19T17:36:11.906] Cog0  BM-TS,seq,1_342,tid,5,k,16,lt,FALSE,pos,-6,hw,-6,i,905,ph,2_814,d,18_543,e,-52,st,AT_SPEED,flt,FALSE,up,TRUE,ig,0,o_pos,0,o_hw,0,o_i,NA,o_up,FALSE,why,NO_COG
[2026-09-19T17:36:11.908] Cog0  BM-TS,seq,1_343,tid,5,k,17,lt,FALSE,pos,-6,hw,-6,i,980,ph,2_443,d,18_614,e,-70,st,AT_SPEED,flt,FALSE,up,TRUE,ig,0,o_pos,0,o_hw,0,o_i,NA,o_up,FALSE,why,NO_COG
[2026-09-19T17:36:11.910] Cog0  BM-TS,seq,1_344,tid,5,k,18,lt,FALSE,pos,-7,hw,-7,i,915,ph,2_165,d,18_543,e,-40,st,AT_SPEED,flt,FALSE,up,TRUE,ig,0,o_pos,0,o_hw,0,o_i,NA,o_up,FALSE,why,NO_COG
[2026-09-19T17:36:11.911] Cog0  BM-TS,seq,1_345,tid,5,k,19,lt,FALSE,pos,-7,hw,-7,i,935,ph,2_041,d,18_559,e,-58,st,AT_SPEED,flt,FALSE,up,TRUE,ig,0,o_pos,0,o_hw,0,o_i,NA,o_up,FALSE,why,NO_COG
[2026-09-19T17:36:11.914] Cog0  BM-TS,seq,1_346,tid,5,k,20,lt,FALSE,pos,-8,hw,-8,i,939,ph,2_435,d,18_592,e,-33,st,AT_SPEED,flt,FALSE,up,TRUE,ig,0,o_pos,0,o_hw,0,o_i,NA,o_up,FALSE,why,NO_COG
[2026-09-19T17:36:11.916] Cog0  BM-TS,seq,1_347,tid,5,k,21,lt,FALSE,pos,-8,hw,-8,i,898,ph,2_783,d,18_560,e,-50,st,AT_SPEED,flt,FALSE,up,TRUE,ig,0,o_pos,0,o_hw,0,o_i,NA,o_up,FALSE,why,NO_COG
[2026-09-19T17:36:11.918] Cog0  BM-TS,seq,1_348,tid,5,k,22,lt,FALSE,pos,-8,hw,-8,i,943,ph,2_516,d,18_611,e,-68,st,AT_SPEED,flt,FALSE,up,TRUE,ig,0,o_pos,0,o_hw,0,o_i,NA,o_up,FALSE,why,NO_COG
[2026-09-19T17:36:11.920] Cog0  BM-TS,seq,1_349,tid,5,k,23,lt,FALSE,pos,-9,hw,-9,i,960,ph,2_213,d,18_566,e,-43,st,AT_SPEED,flt,FALSE,up,TRUE,ig,0,o_pos,0,o_hw,0,o_i,NA,o_up,FALSE,why,NO_COG
[2026-09-19T17:36:11.922] Cog0  BM-TS,seq,1_350,tid,5,k,24,lt,FALSE,pos,-9,hw,-9,i,962,ph,2_006,d,18_566,e,-56,st,AT_SPEED,flt,FALSE,up,TRUE,ig,0,o_pos,0,o_hw,0,o_i,NA,o_up,FALSE,why,NO_COG
[2026-09-19T17:36:11.922] Cog0  BM-TS,seq,1_351,tid,5,k,25,lt,FALSE,pos,-10,hw,-10,i,941,ph,2_392,d,18_614,e,-31,st,AT_SPEED,flt,FALSE,up,TRUE,ig,0,o_pos,0,o_hw,0,o_i,NA,o_up,FALSE,why,NO_COG
[2026-09-19T17:36:11.926] Cog0  BM-TS,seq,1_352,tid,5,k,26,lt,FALSE,pos,-10,hw,-10,i,885,ph,2_750,d,18_562,e,-48,st,AT_SPEED,flt,FALSE,up,TRUE,ig,0,o_pos,0,o_hw,0,o_i,NA,o_up,FALSE,why,NO_COG
[2026-09-19T17:36:11.928] Cog0  BM-TS,seq,1_353,tid,5,k,27,lt,FALSE,pos,-10,hw,-10,i,918,ph,2_563,d,18_617,e,-66,st,AT_SPEED,flt,FALSE,up,TRUE,ig,0,o_pos,0,o_hw,0,o_i,NA,o_up,FALSE,why,NO_COG
[2026-09-19T17:36:11.930] Cog0  BM-TS,seq,1_354,tid,5,k,28,lt,FALSE,pos,-11,hw,-11,i,925,ph,2_159,d,18_579,e,-41,st,AT_SPEED,flt,FALSE,up,TRUE,ig,0,o_pos,0,o_hw,0,o_i,NA,o_up,FALSE,why,NO_COG
[2026-09-19T17:36:11.932] Cog0  BM-TS,seq,1_355,tid,5,k,29,lt,FALSE,pos,-11,hw,-11,i,981,ph,1_958,d,18_562,e,-58,st,AT_SPEED,flt,FALSE,up,TRUE,ig,0,o_pos,0,o_hw,0,o_i,NA,o_up,FALSE,why,NO_COG
[2026-09-19T17:36:11.934] Cog0  BM-TS,seq,1_356,tid,5,k,30,lt,FALSE,pos,-12,hw,-12,i,973,ph,2_349,d,18_628,e,-29,st,AT_SPEED,flt,FALSE,up,TRUE,ig,0,o_pos,0,o_hw,0,o_i,NA,o_up,FALSE,why,NO_COG
[2026-09-19T17:36:11.936] Cog0  BM-TS,seq,1_357,tid,5,k,31,lt,FALSE,pos,-12,hw,-12,i,920,ph,2_709,d,18_579,e,-46,st,AT_SPEED,flt,FALSE,up,TRUE,ig,0,o_pos,0,o_hw,0,o_i,NA,o_up,FALSE,why,NO_COG
[2026-09-19T17:36:11.938] Cog0  BM-TS,seq,1_358,tid,5,k,32,lt,FALSE,pos,-12,hw,-12,i,934,ph,2_602,d,18_614,e,-64,st,AT_SPEED,flt,FALSE,up,TRUE,ig,0,o_pos,0,o_hw,0,o_i,NA,o_up,FALSE,why,NO_COG
[2026-09-19T17:36:11.940] Cog0  BM-TS,seq,1_359,tid,5,k,33,lt,FALSE,pos,-13,hw,-13,i,910,ph,2_202,d,18_597,e,-39,st,AT_SPEED,flt,FALSE,up,TRUE,ig,0,o_pos,0,o_hw,0,o_i,NA,o_up,FALSE,why,NO_COG
[2026-09-19T17:36:11.942] Cog0  BM-TS,seq,1_360,tid,5,k,34,lt,FALSE,pos,-13,hw,-13,i,939,ph,1_999,d,18_582,e,-56,st,AT_SPEED,flt,FALSE,up,TRUE,ig,0,o_pos,0,o_hw,0,o_i,NA,o_up,FALSE,why,NO_COG
[2026-09-19T17:36:11.944] Cog0  BM-TS,seq,1_361,tid,5,k,35,lt,FALSE,pos,-14,hw,-14,i,984,ph,2_296,d,18_637,e,-27,st,AT_SPEED,flt,FALSE,up,TRUE,ig,0,o_pos,0,o_hw,0,o_i,NA,o_up,FALSE,why,NO_COG
[2026-09-19T17:36:11.946] Cog0  BM-TS,seq,1_362,tid,5,k,36,lt,FALSE,pos,-14,hw,-14,i,921,ph,2_658,d,18_568,e,-44,st,AT_SPEED,flt,FALSE,up,TRUE,ig,0,o_pos,0,o_hw,0,o_i,NA,o_up,FALSE,why,NO_COG
[2026-09-19T17:36:11.948] Cog0  BM-TS,seq,1_363,tid,5,k,37,lt,FALSE,pos,-14,hw,-14,i,943,ph,2_641,d,18_606,e,-62,st,AT_SPEED,flt,FALSE,up,TRUE,ig,0,o_pos,0,o_hw,0,o_i,NA,o_up,FALSE,why,NO_COG
[2026-09-19T17:36:11.950] Cog0  BM-TS,seq,1_364,tid,5,k,38,lt,FALSE,pos,-15,hw,-15,i,915,ph,2_252,d,18_592,e,-36,st,AT_SPEED,flt,FALSE,up,TRUE,ig,0,o_pos,0,o_hw,0,o_i,NA,o_up,FALSE,why,NO_COG
[2026-09-19T17:36:11.952] Cog0  BM-TS,seq,1_365,tid,5,k,39,lt,FALSE,pos,-15,hw,-15,i,912,ph,1_965,d,18_557,e,-54,st,AT_SPEED,flt,FALSE,up,TRUE,ig,0,o_pos,0,o_hw,0,o_i,NA,o_up,FALSE,why,NO_COG
[2026-09-19T17:36:11.954] Cog0  BM-TS,seq,1_366,tid,5,k,40,lt,FALSE,pos,-15,hw,-15,i,994,ph,2_356,d,18_632,e,-71,st,AT_SPEED,flt,FALSE,up,TRUE,ig,0,o_pos,0,o_hw,0,o_i,NA,o_up,FALSE,why,NO_COG
[2026-09-19T17:36:11.956] Cog0  BM-TS,seq,1_367,tid,5,k,41,lt,FALSE,pos,-16,hw,-16,i,929,ph,2_627,d,18_590,e,-42,st,AT_SPEED,flt,FALSE,up,TRUE,ig,0,o_pos,0,o_hw,0,o_i,NA,o_up,FALSE,why,NO_COG
[2026-09-19T17:36:11.958] Cog0  BM-TS,seq,1_368,tid,5,k,42,lt,FALSE,pos,-16,hw,-16,i,939,ph,2_690,d,18_608,e,-59,st,AT_SPEED,flt,FALSE,up,TRUE,ig,0,o_pos,0,o_hw,0,o_i,NA,o_up,FALSE,why,NO_COG
[2026-09-19T17:36:11.960] Cog0  BM-TS,seq,1_369,tid,5,k,43,lt,FALSE,pos,-17,hw,-17,i,935,ph,2_293,d,18_620,e,-34,st,AT_SPEED,flt,FALSE,up,TRUE,ig,0,o_pos,0,o_hw,0,o_i,NA,o_up,FALSE,why,NO_COG
[2026-09-19T17:36:11.963] Cog0  BM-TS,seq,1_370,tid,5,k,44,lt,FALSE,pos,-17,hw,-17,i,900,ph,1_943,d,18_588,e,-52,st,AT_SPEED,flt,FALSE,up,TRUE,ig,0,o_pos,0,o_hw,0,o_i,NA,o_up,FALSE,why,NO_COG
[2026-09-19T17:36:11.964] Cog0  BM-TS,seq,1_371,tid,5,k,45,lt,FALSE,pos,-17,hw,-17,i,953,ph,2_298,d,18_640,e,-69,st,AT_SPEED,flt,FALSE,up,TRUE,ig,0,o_pos,0,o_hw,0,o_i,NA,o_up,FALSE,why,NO_COG
[2026-09-19T17:36:11.966] Cog0  BM-TS,seq,1_372,tid,5,k,46,lt,FALSE,pos,-18,hw,-18,i,953,ph,2_579,d,18_570,e,-44,st,AT_SPEED,flt,FALSE,up,TRUE,ig,0,o_pos,0,o_hw,0,o_i,NA,o_up,FALSE,why,NO_COG
[2026-09-19T17:36:11.968] Cog0  BM-TS,seq,1_373,tid,5,k,47,lt,FALSE,pos,-18,hw,-18,i,969,ph,2_729,d,18_591,e,-57,st,AT_SPEED,flt,FALSE,up,TRUE,ig,0,o_pos,0,o_hw,0,o_i,NA,o_up,FALSE,why,NO_COG
[2026-09-19T17:36:11.970] Cog0  BM-TS,seq,1_374,tid,5,k,48,lt,FALSE,pos,-19,hw,-19,i,947,ph,2_334,d,18_638,e,-32,st,AT_SPEED,flt,FALSE,up,TRUE,ig,0,o_pos,0,o_hw,0,o_i,NA,o_up,FALSE,why,NO_COG
[2026-09-19T17:36:11.972] Cog0  BM-TS,seq,1_375,tid,5,k,49,lt,FALSE,pos,-19,hw,-19,i,906,ph,1_984,d,18_586,e,-50,st,AT_SPEED,flt,FALSE,up,TRUE,ig,0,o_pos,0,o_hw,0,o_i,NA,o_up,FALSE,why,NO_COG
[2026-09-19T17:36:11.975] Cog0  BM-TS,seq,1_376,tid,5,k,50,lt,FALSE,pos,-19,hw,-19,i,936,ph,2_242,d,18_641,e,-67,st,AT_SPEED,flt,FALSE,up,TRUE,ig,0,o_pos,0,o_hw,0,o_i,NA,o_up,FALSE,why,NO_COG
[2026-09-19T17:36:11.977] Cog0  BM-TS,seq,1_377,tid,5,k,51,lt,FALSE,pos,-20,hw,-20,i,912,ph,2_625,d,18_550,e,-42,st,SPIN_DN,flt,FALSE,up,TRUE,ig,0,o_pos,0,o_hw,0,o_i,NA,o_up,FALSE,why,NO_COG
[2026-09-19T17:36:11.978] Cog0  BM-TS,seq,1_378,tid,5,k,52,lt,FALSE,pos,-20,hw,-20,i,957,ph,2_773,d,18_498,e,-60,st,SPIN_DN,flt,FALSE,up,TRUE,ig,0,o_pos,0,o_hw,0,o_i,NA,o_up,FALSE,why,NO_COG
[2026-09-19T17:36:11.981] Cog0  BM-TS,seq,1_379,tid,5,k,53,lt,FALSE,pos,-21,hw,-21,i,944,ph,2_388,d,18_436,e,-30,st,SPIN_DN,flt,FALSE,up,TRUE,ig,0,o_pos,0,o_hw,0,o_i,NA,o_up,FALSE,why,NO_COG
[2026-09-19T17:36:11.983] Cog0  BM-TS,seq,1_380,tid,5,k,54,lt,FALSE,pos,-21,hw,-21,i,897,ph,2_035,d,18_337,e,-47,st,SPIN_DN,flt,FALSE,up,TRUE,ig,0,o_pos,0,o_hw,0,o_i,NA,o_up,FALSE,why,NO_COG
[2026-09-19T17:36:11.985] Cog0  BM-TS,seq,1_381,tid,5,k,55,lt,FALSE,pos,-21,hw,-21,i,895,ph,2_182,d,18_285,e,-65,st,SPIN_DN,flt,FALSE,up,TRUE,ig,0,o_pos,0,o_hw,0,o_i,NA,o_up,FALSE,why,NO_COG
[2026-09-19T17:36:11.987] Cog0  BM-TS,seq,1_382,tid,5,k,56,lt,FALSE,pos,-22,hw,-22,i,864,ph,2_567,d,18_177,e,-39,st,SPIN_DN,flt,FALSE,up,TRUE,ig,0,o_pos,0,o_hw,0,o_i,NA,o_up,FALSE,why,NO_COG
[2026-09-19T17:36:11.989] Cog0  BM-TS,seq,1_383,tid,5,k,57,lt,FALSE,pos,-22,hw,-22,i,902,ph,2_736,d,18_110,e,-56,st,SPIN_DN,flt,FALSE,up,TRUE,ig,0,o_pos,0,o_hw,0,o_i,NA,o_up,FALSE,why,NO_COG
[2026-09-19T17:36:11.991] Cog0  BM-TS,seq,1_384,tid,5,k,58,lt,FALSE,pos,-23,hw,-23,i,941,ph,2_456,d,18_067,e,-27,st,SPIN_DN,flt,FALSE,up,TRUE,ig,0,o_pos,0,o_hw,0,o_i,NA,o_up,FALSE,why,NO_COG
[2026-09-19T17:36:11.993] Cog0  BM-TS,seq,1_385,tid,5,k,59,lt,FALSE,pos,-23,hw,-23,i,860,ph,2_109,d,17_949,e,-44,st,SPIN_DN,flt,FALSE,up,TRUE,ig,0,o_pos,0,o_hw,0,o_i,NA,o_up,FALSE,why,NO_COG
[2026-09-19T17:36:11.995] Cog0  BM-TS,seq,1_386,tid,5,k,60,lt,FALSE,pos,-23,hw,-23,i,861,ph,2_107,d,17_897,e,-61,st,SPIN_DN,flt,FALSE,up,TRUE,ig,0,o_pos,0,o_hw,0,o_i,NA,o_up,FALSE,why,NO_COG
[2026-09-19T17:36:11.997] Cog0  BM-TS,seq,1_387,tid,5,k,61,lt,FALSE,pos,-24,hw,-24,i,830,ph,2_485,d,17_802,e,-35,st,SPIN_DN,flt,FALSE,up,TRUE,ig,0,o_pos,0,o_hw,0,o_i,NA,o_up,FALSE,why,NO_COG
[2026-09-19T17:36:11.999] Cog0  BM-TS,seq,1_388,tid,5,k,62,lt,FALSE,pos,-24,hw,-24,i,824,ph,2_794,d,17_716,e,-52,st,SPIN_DN,flt,FALSE,up,TRUE,ig,0,o_pos,0,o_hw,0,o_i,NA,o_up,FALSE,why,NO_COG
[2026-09-19T17:36:12.001] Cog0  BM-TS,seq,1_389,tid,5,k,63,lt,FALSE,pos,-24,hw,-24,i,889,ph,2_455,d,17_664,e,-69,st,SPIN_DN,flt,FALSE,up,TRUE,ig,0,o_pos,0,o_hw,0,o_i,NA,o_up,FALSE,why,NO_COG
[2026-09-19T17:36:12.003] Cog0  BM-TS,seq,1_390,tid,5,k,64,lt,FALSE,pos,-25,hw,-25,i,828,ph,2_197,d,17_550,e,-39,st,SPIN_DN,flt,FALSE,up,TRUE,ig,0,o_pos,0,o_hw,0,o_i,NA,o_up,FALSE,why,NO_COG
[2026-09-19T17:36:12.005] Cog0  BM-TS,seq,1_391,tid,5,k,65,lt,FALSE,pos,-25,hw,-25,i,823,ph,2_023,d,17_497,e,-56,st,SPIN_DN,flt,FALSE,up,TRUE,ig,0,o_pos,0,o_hw,0,o_i,NA,o_up,FALSE,why,NO_COG
[2026-09-19T17:36:12.007] Cog0  BM-TS,seq,1_392,tid,5,k,66,lt,FALSE,pos,-26,hw,-26,i,824,ph,2_371,d,17_437,e,-30,st,SPIN_DN,flt,FALSE,up,TRUE,ig,0,o_pos,0,o_hw,0,o_i,NA,o_up,FALSE,why,NO_COG
[2026-09-19T17:36:12.009] Cog0  BM-TS,seq,1_393,tid,5,k,67,lt,FALSE,pos,-26,hw,-26,i,772,ph,2_699,d,17_332,e,-47,st,SPIN_DN,flt,FALSE,up,TRUE,ig,0,o_pos,0,o_hw,0,o_i,NA,o_up,FALSE,why,NO_COG
[2026-09-19T17:36:12.011] Cog0  BM-TS,seq,1_394,tid,5,k,68,lt,FALSE,pos,-26,hw,-26,i,787,ph,2_592,d,17_280,e,-64,st,SPIN_DN,flt,FALSE,up,TRUE,ig,0,o_pos,0,o_hw,0,o_i,NA,o_up,FALSE,why,NO_COG
[2026-09-19T17:36:12.013] Cog0  BM-TS,seq,1_395,tid,5,k,69,lt,FALSE,pos,-27,hw,-27,i,818,ph,2_319,d,17_183,e,-38,st,SPIN_DN,flt,FALSE,up,TRUE,ig,0,o_pos,0,o_hw,0,o_i,NA,o_up,FALSE,why,NO_COG
[2026-09-19T17:36:12.015] Cog0  BM-TS,seq,1_396,tid,5,k,70,lt,FALSE,pos,-27,hw,-27,i,769,ph,2_007,d,17_123,e,-50,st,SPIN_DN,flt,FALSE,up,TRUE,ig,0,o_pos,0,o_hw,0,o_i,NA,o_up,FALSE,why,NO_COG
[2026-09-19T17:36:12.017] Cog0  BM-TS,seq,1_397,tid,5,k,71,lt,FALSE,pos,-27,hw,-27,i,782,ph,2_253,d,17_071,e,-67,st,SPIN_DN,flt,FALSE,up,TRUE,ig,0,o_pos,0,o_hw,0,o_i,NA,o_up,FALSE,why,NO_COG
[2026-09-19T17:36:12.019] Cog0  BM-TS,seq,1_398,tid,5,k,72,lt,FALSE,pos,-28,hw,-28,i,724,ph,2_584,d,16_948,e,-41,st,SPIN_DN,flt,FALSE,up,TRUE,ig,0,o_pos,0,o_hw,0,o_i,NA,o_up,FALSE,why,NO_COG
[2026-09-19T17:36:12.021] Cog0  BM-TS,seq,1_399,tid,5,k,73,lt,FALSE,pos,-28,hw,-28,i,718,ph,2_697,d,16_886,e,-57,st,SPIN_DN,flt,FALSE,up,TRUE,ig,0,o_pos,0,o_hw,0,o_i,NA,o_up,FALSE,why,NO_COG
[2026-09-19T17:36:12.023] Cog0  BM-TS,seq,1_400,tid,5,k,74,lt,FALSE,pos,-29,hw,-29,i,761,ph,2_367,d,16_828,e,-31,st,SPIN_DN,flt,FALSE,up,TRUE,ig,0,o_pos,0,o_hw,0,o_i,NA,o_up,FALSE,why,NO_COG
[2026-09-19T17:36:12.025] Cog0  BM-TS,seq,1_401,tid,5,k,75,lt,FALSE,pos,-29,hw,-29,i,745,ph,2_135,d,16_714,e,-47,st,SPIN_DN,flt,FALSE,up,TRUE,ig,0,o_pos,0,o_hw,0,o_i,NA,o_up,FALSE,why,NO_COG
[2026-09-19T17:36:12.027] Cog0  BM-TS,seq,1_402,tid,5,k,76,lt,FALSE,pos,-29,hw,-29,i,740,ph,2_097,d,16_675,e,-60,st,SPIN_DN,flt,FALSE,up,TRUE,ig,0,o_pos,0,o_hw,0,o_i,NA,o_up,FALSE,why,NO_COG
[2026-09-19T17:36:12.029] Cog0  BM-TS,seq,1_403,tid,5,k,77,lt,FALSE,pos,-30,hw,-30,i,714,ph,2_436,d,16_602,e,-33,st,SPIN_DN,flt,FALSE,up,TRUE,ig,0,o_pos,0,o_hw,0,o_i,NA,o_up,FALSE,why,NO_COG
[2026-09-19T17:36:12.031] Cog0  BM-TS,seq,1_404,tid,5,k,78,lt,FALSE,pos,-30,hw,-30,i,666,ph,2_728,d,16_499,e,-49,st,SPIN_DN,flt,FALSE,up,TRUE,ig,0,o_pos,0,o_hw,0,o_i,NA,o_up,FALSE,why,NO_COG
[2026-09-19T17:36:12.033] Cog0  BM-TS,seq,1_405,tid,5,k,79,lt,FALSE,pos,-30,hw,-30,i,674,ph,2_543,d,16_447,e,-66,st,SPIN_DN,flt,FALSE,up,TRUE,ig,0,o_pos,0,o_hw,0,o_i,NA,o_up,FALSE,why,NO_COG
[2026-09-19T17:36:12.035] Cog0  BM-TS,seq,1_406,tid,5,k,80,lt,FALSE,pos,-31,hw,-31,i,687,ph,2_214,d,16_342,e,-39,st,SPIN_DN,flt,FALSE,up,TRUE,ig,0,o_pos,0,o_hw,0,o_i,NA,o_up,FALSE,why,NO_COG
[2026-09-19T17:36:12.037] Cog0  BM-TS,seq,1_407,tid,5,k,81,lt,FALSE,pos,-31,hw,-31,i,686,ph,2_002,d,16_284,e,-51,st,SPIN_DN,flt,FALSE,up,TRUE,ig,0,o_pos,0,o_hw,0,o_i,NA,o_up,FALSE,why,NO_COG
[2026-09-19T17:36:12.039] Cog0  BM-TS,seq,1_408,tid,5,k,82,lt,FALSE,pos,-31,hw,-31,i,697,ph,2_279,d,16_232,e,-67,st,SPIN_DN,flt,FALSE,up,TRUE,ig,0,o_pos,0,o_hw,0,o_i,NA,o_up,FALSE,why,NO_COG
[2026-09-19T17:36:12.041] Cog0  BM-TS,seq,1_409,tid,5,k,83,lt,FALSE,pos,-32,hw,-32,i,648,ph,2_581,d,16_113,e,-41,st,SPIN_DN,flt,FALSE,up,TRUE,ig,0,o_pos,0,o_hw,0,o_i,NA,o_up,FALSE,why,NO_COG
[2026-09-19T17:36:12.043] Cog0  BM-TS,seq,1_410,tid,5,k,84,lt,FALSE,pos,-32,hw,-32,i,633,ph,2_700,d,16_057,e,-57,st,SPIN_DN,flt,FALSE,up,TRUE,ig,0,o_pos,0,o_hw,0,o_i,NA,o_up,FALSE,why,NO_COG
[2026-09-19T17:36:12.045] Cog0  BM-TS,seq,1_411,tid,5,k,85,lt,FALSE,pos,-33,hw,-33,i,652,ph,2_378,d,16_007,e,-30,st,SPIN_DN,flt,FALSE,up,TRUE,ig,0,o_pos,0,o_hw,0,o_i,NA,o_up,FALSE,why,NO_COG
[2026-09-19T17:36:12.047] Cog0  BM-TS,seq,1_412,tid,5,k,86,lt,FALSE,pos,-33,hw,-33,i,641,ph,2_101,d,15_899,e,-46,st,SPIN_DN,flt,FALSE,up,TRUE,ig,0,o_pos,0,o_hw,0,o_i,NA,o_up,FALSE,why,NO_COG
[2026-09-19T17:36:12.049] Cog0  BM-TS,seq,1_413,tid,5,k,87,lt,FALSE,pos,-33,hw,-33,i,637,ph,2_079,d,15_863,e,-58,st,SPIN_DN,flt,FALSE,up,TRUE,ig,0,o_pos,0,o_hw,0,o_i,NA,o_up,FALSE,why,NO_COG
[2026-09-19T17:36:12.051] Cog0  BM-TS,seq,1_414,tid,5,k,88,lt,FALSE,pos,-34,hw,-34,i,624,ph,2_393,d,15_793,e,-31,st,SPIN_DN,flt,FALSE,up,TRUE,ig,0,o_pos,0,o_hw,0,o_i,NA,o_up,FALSE,why,NO_COG
[2026-09-19T17:36:12.053] Cog0  BM-TS,seq,1_415,tid,5,k,89,lt,FALSE,pos,-34,hw,-34,i,584,ph,2_673,d,15_696,e,-47,st,SPIN_DN,flt,FALSE,up,TRUE,ig,0,o_pos,0,o_hw,0,o_i,NA,o_up,FALSE,why,NO_COG
[2026-09-19T17:36:12.055] Cog0  BM-TS,seq,1_416,tid,5,k,90,lt,FALSE,pos,-34,hw,-34,i,605,ph,2_589,d,15_648,e,-62,st,SPIN_DN,flt,FALSE,up,TRUE,ig,0,o_pos,0,o_hw,0,o_i,NA,o_up,FALSE,why,NO_COG
[2026-09-19T17:36:12.057] Cog0  BM-TS,seq,1_417,tid,5,k,91,lt,FALSE,pos,-35,hw,-35,i,613,ph,2_284,d,15_567,e,-35,st,SPIN_DN,flt,FALSE,up,TRUE,ig,0,o_pos,0,o_hw,0,o_i,NA,o_up,FALSE,why,NO_COG
[2026-09-19T17:36:12.059] Cog0  BM-TS,seq,1_418,tid,5,k,92,lt,FALSE,pos,-35,hw,-35,i,614,ph,2_075,d,15_480,e,-51,st,SPIN_DN,flt,FALSE,up,TRUE,ig,0,o_pos,0,o_hw,0,o_i,NA,o_up,FALSE,why,NO_COG
[2026-09-19T17:36:12.061] Cog0  BM-TS,seq,1_419,tid,5,k,93,lt,FALSE,pos,-35,hw,-35,i,609,ph,2_171,d,15_444,e,-63,st,SPIN_DN,flt,FALSE,up,TRUE,ig,0,o_pos,0,o_hw,0,o_i,NA,o_up,FALSE,why,NO_COG
[2026-09-19T17:36:12.064] Cog0  BM-TS,seq,1_420,tid,5,k,94,lt,FALSE,pos,-36,hw,-36,i,592,ph,2_478,d,15_360,e,-36,st,SPIN_DN,flt,FALSE,up,TRUE,ig,0,o_pos,0,o_hw,0,o_i,NA,o_up,FALSE,why,NO_COG
[2026-09-19T17:36:12.065] Cog0  BM-TS,seq,1_421,tid,5,k,95,lt,FALSE,pos,-36,hw,-36,i,552,ph,2_736,d,15_284,e,-51,st,SPIN_DN,flt,FALSE,up,TRUE,ig,0,o_pos,0,o_hw,0,o_i,NA,o_up,FALSE,why,NO_COG
[2026-09-19T17:36:12.068] Cog0  BM-TS,seq,1_422,tid,5,k,96,lt,FALSE,pos,-36,hw,-36,i,551,ph,2_519,d,15_236,e,-67,st,SPIN_DN,flt,FALSE,up,TRUE,ig,0,o_pos,0,o_hw,0,o_i,NA,o_up,FALSE,why,NO_COG
[2026-09-19T17:36:12.070] Cog0  BM-TS,seq,1_423,tid,5,k,97,lt,FALSE,pos,-37,hw,-37,i,552,ph,2_214,d,15_137,e,-39,st,SPIN_DN,flt,FALSE,up,TRUE,ig,0,o_pos,0,o_hw,0,o_i,NA,o_up,FALSE,why,NO_COG
[2026-09-19T17:36:12.071] Cog0  BM-TS,seq,1_424,tid,5,k,98,lt,FALSE,pos,-37,hw,-37,i,545,ph,2_031,d,15_071,e,-55,st,SPIN_DN,flt,FALSE,up,TRUE,ig,0,o_pos,0,o_hw,0,o_i,NA,o_up,FALSE,why,NO_COG
[2026-09-19T17:36:12.073] Cog0  BM-TS,seq,1_425,tid,5,k,99,lt,FALSE,pos,-37,hw,-37,i,564,ph,2_238,d,15_035,e,-66,st,SPIN_DN,flt,FALSE,up,TRUE,ig,0,o_pos,0,o_hw,0,o_i,NA,o_up,FALSE,why,NO_COG
[2026-09-19T17:36:12.076] Cog0  BM-TS,seq,1_426,tid,5,k,100,lt,FALSE,pos,-38,hw,-38,i,540,ph,2_522,d,14_928,e,-39,st,SPIN_DN,flt,FALSE,up,TRUE,ig,0,o_pos,0,o_hw,0,o_i,NA,o_up,FALSE,why,NO_COG
[2026-09-19T17:36:12.077] Cog0  BM-TS,seq,1_427,tid,5,k,101,lt,FALSE,pos,-38,hw,-38,i,510,ph,2_726,d,14_873,e,-54,st,SPIN_DN,flt,FALSE,up,TRUE,ig,0,o_pos,0,o_hw,0,o_i,NA,o_up,FALSE,why,NO_COG
[2026-09-19T17:36:12.080] Cog0  BM-TS,seq,1_428,tid,5,k,102,lt,FALSE,pos,-38,hw,-38,i,532,ph,2_456,d,14_825,e,-69,st,SPIN_DN,flt,FALSE,up,TRUE,ig,0,o_pos,0,o_hw,0,o_i,NA,o_up,FALSE,why,NO_COG
[2026-09-19T17:36:12.082] Cog0  BM-TS,seq,1_429,tid,5,k,103,lt,FALSE,pos,-39,hw,-39,i,523,ph,2_187,d,14_717,e,-42,st,SPIN_DN,flt,FALSE,up,TRUE,ig,0,o_pos,0,o_hw,0,o_i,NA,o_up,FALSE,why,NO_COG
[2026-09-19T17:36:12.082] Cog0  BM-TS,seq,1_430,tid,5,k,104,lt,FALSE,pos,-39,hw,-39,i,525,ph,2_031,d,14_681,e,-53,st,SPIN_DN,flt,FALSE,up,TRUE,ig,0,o_pos,0,o_hw,0,o_i,NA,o_up,FALSE,why,NO_COG
[2026-09-19T17:36:12.086] Cog0  BM-TS,seq,1_431,tid,5,k,105,lt,FALSE,pos,-39,hw,-39,i,525,ph,2_295,d,14_633,e,-68,st,SPIN_DN,flt,FALSE,up,TRUE,ig,0,o_pos,0,o_hw,0,o_i,NA,o_up,FALSE,why,NO_COG
[2026-09-19T17:36:12.088] Cog0  BM-TS,seq,1_432,tid,5,k,106,lt,FALSE,pos,-40,hw,-40,i,483,ph,2_553,d,14_528,e,-40,st,SPIN_DN,flt,FALSE,up,TRUE,ig,0,o_pos,0,o_hw,0,o_i,NA,o_up,FALSE,why,NO_COG
[2026-09-19T17:36:12.090] Cog0  BM-TS,seq,1_433,tid,5,k,107,lt,FALSE,pos,-40,hw,-40,i,458,ph,2_691,d,14_472,e,-55,st,SPIN_DN,flt,FALSE,up,TRUE,ig,0,o_pos,0,o_hw,0,o_i,NA,o_up,FALSE,why,NO_COG
[2026-09-19T17:36:12.092] Cog0  BM-TS,seq,1_434,tid,5,k,108,lt,FALSE,pos,-40,hw,-40,i,484,ph,2_427,d,14_424,e,-70,st,SPIN_DN,flt,FALSE,up,TRUE,ig,0,o_pos,0,o_hw,0,o_i,NA,o_up,FALSE,why,NO_COG
[2026-09-19T17:36:12.094] Cog0  BM-TS,seq,1_435,tid,5,k,109,lt,FALSE,pos,-41,hw,-41,i,497,ph,2_182,d,14_308,e,-42,st,SPIN_DN,flt,FALSE,up,TRUE,ig,0,o_pos,0,o_hw,0,o_i,NA,o_up,FALSE,why,NO_COG
[2026-09-19T17:36:12.096] Cog0  BM-TS,seq,1_436,tid,5,k,110,lt,FALSE,pos,-41,hw,-41,i,484,ph,2_041,d,14_272,e,-53,st,SPIN_DN,flt,FALSE,up,TRUE,ig,0,o_pos,0,o_hw,0,o_i,NA,o_up,FALSE,why,NO_COG
[2026-09-19T17:36:12.098] Cog0  BM-TS,seq,1_437,tid,5,k,111,lt,FALSE,pos,-41,hw,-41,i,489,ph,2_298,d,14_224,e,-68,st,SPIN_DN,flt,FALSE,up,TRUE,ig,0,o_pos,0,o_hw,0,o_i,NA,o_up,FALSE,why,NO_COG
[2026-09-19T17:36:12.100] Cog0  BM-TS,seq,1_438,tid,5,k,112,lt,FALSE,pos,-42,hw,-42,i,456,ph,2_533,d,14_113,e,-40,st,SPIN_DN,flt,FALSE,up,TRUE,ig,0,o_pos,0,o_hw,0,o_i,NA,o_up,FALSE,why,NO_COG
[2026-09-19T17:36:12.102] Cog0  BM-TS,seq,1_439,tid,5,k,113,lt,FALSE,pos,-42,hw,-42,i,439,ph,2_690,d,14_056,e,-55,st,SPIN_DN,flt,FALSE,up,TRUE,ig,0,o_pos,0,o_hw,0,o_i,NA,o_up,FALSE,why,NO_COG
[2026-09-19T17:36:12.104] Cog0  BM-TS,seq,1_440,tid,5,k,114,lt,FALSE,pos,-42,hw,-42,i,463,ph,2_436,d,14_008,e,-69,st,SPIN_DN,flt,FALSE,up,TRUE,ig,0,o_pos,0,o_hw,0,o_i,NA,o_up,FALSE,why,NO_COG
[2026-09-19T17:36:12.106] Cog0  BM-TS,seq,1_441,tid,5,k,115,lt,FALSE,pos,-43,hw,-43,i,462,ph,2_253,d,13_903,e,-41,st,SPIN_DN,flt,FALSE,up,TRUE,ig,0,o_pos,0,o_hw,0,o_i,NA,o_up,FALSE,why,NO_COG
[2026-09-19T17:36:12.108] Cog0  BM-TS,seq,1_442,tid,5,k,116,lt,FALSE,pos,-43,hw,-43,i,427,ph,2_046,d,13_846,e,-52,st,SPIN_DN,flt,FALSE,up,TRUE,ig,0,o_pos,0,o_hw,0,o_i,NA,o_up,FALSE,why,NO_COG
[2026-09-19T17:36:12.110] Cog0  BM-TS,seq,1_443,tid,5,k,117,lt,FALSE,pos,-43,hw,-43,i,434,ph,2_266,d,13_798,e,-67,st,SPIN_DN,flt,FALSE,up,TRUE,ig,0,o_pos,0,o_hw,0,o_i,NA,o_up,FALSE,why,NO_COG
[2026-09-19T17:36:12.112] Cog0  BM-TS,seq,1_444,tid,5,k,118,lt,FALSE,pos,-44,hw,-44,i,414,ph,2_506,d,13_687,e,-39,st,SPIN_DN,flt,FALSE,up,TRUE,ig,0,o_pos,0,o_hw,0,o_i,NA,o_up,FALSE,why,NO_COG
[2026-09-19T17:36:12.114] Cog0  BM-TS,seq,1_445,tid,5,k,119,lt,FALSE,pos,-44,hw,-44,i,401,ph,2_709,d,13_629,e,-53,st,SPIN_DN,flt,FALSE,up,TRUE,ig,0,o_pos,0,o_hw,0,o_i,NA,o_up,FALSE,why,NO_COG
[2026-09-19T17:36:12.116] Cog0  BM-TS,seq,1_446,tid,5,k,120,lt,FALSE,pos,-44,hw,-44,i,429,ph,2_489,d,13_581,e,-67,st,SPIN_DN,flt,FALSE,up,TRUE,ig,0,o_pos,0,o_hw,0,o_i,NA,o_up,FALSE,why,NO_COG
[2026-09-19T17:36:12.118] Cog0  BM-TS,seq,1_447,tid,5,k,121,lt,FALSE,pos,-45,hw,-45,i,433,ph,2_303,d,13_486,e,-39,st,SPIN_DN,flt,FALSE,up,TRUE,ig,0,o_pos,0,o_hw,0,o_i,NA,o_up,FALSE,why,NO_COG
[2026-09-19T17:36:12.120] Cog0  BM-TS,seq,1_448,tid,5,k,122,lt,FALSE,pos,-45,hw,-45,i,400,ph,2_092,d,13_428,e,-50,st,SPIN_DN,flt,FALSE,up,TRUE,ig,0,o_pos,0,o_hw,0,o_i,NA,o_up,FALSE,why,NO_COG
[2026-09-19T17:36:12.122] Cog0  BM-TS,seq,1_449,tid,5,k,123,lt,FALSE,pos,-45,hw,-45,i,395,ph,2_208,d,13_380,e,-64,st,SPIN_DN,flt,FALSE,up,TRUE,ig,0,o_pos,0,o_hw,0,o_i,NA,o_up,FALSE,why,NO_COG
[2026-09-19T17:36:12.124] Cog0  BM-TS,seq,1_450,tid,5,k,124,lt,FALSE,pos,-46,hw,-46,i,389,ph,2_460,d,13_310,e,-35,st,SPIN_DN,flt,FALSE,up,TRUE,ig,0,o_pos,0,o_hw,0,o_i,NA,o_up,FALSE,why,NO_COG
[2026-09-19T17:36:12.126] Cog0  BM-TS,seq,1_451,tid,5,k,125,lt,FALSE,pos,-46,hw,-46,i,361,ph,2_656,d,13_229,e,-49,st,SPIN_DN,flt,FALSE,up,TRUE,ig,0,o_pos,0,o_hw,0,o_i,NA,o_up,FALSE,why,NO_COG
[2026-09-19T17:36:12.129] Cog0  BM-TS,seq,1_452,tid,5,k,126,lt,FALSE,pos,-46,hw,-46,i,373,ph,2_550,d,13_181,e,-63,st,SPIN_DN,flt,FALSE,up,TRUE,ig,0,o_pos,0,o_hw,0,o_i,NA,o_up,FALSE,why,NO_COG
[2026-09-19T17:36:12.130] Cog0  BM-TS,seq,1_453,tid,5,k,127,lt,FALSE,pos,-47,hw,-47,i,393,ph,2_351,d,13_120,e,-31,st,SPIN_DN,flt,FALSE,up,TRUE,ig,0,o_pos,0,o_hw,0,o_i,NA,o_up,FALSE,why,NO_COG
[2026-09-19T17:36:12.133] Cog0  BM-TS,seq,1_454,tid,5,k,128,lt,FALSE,pos,-47,hw,-47,i,360,ph,2_152,d,13_028,e,-45,st,SPIN_DN,flt,FALSE,up,TRUE,ig,0,o_pos,0,o_hw,0,o_i,NA,o_up,FALSE,why,NO_COG
[2026-09-19T17:36:12.135] Cog0  BM-TS,seq,1_455,tid,5,k,129,lt,FALSE,pos,-47,hw,-47,i,345,ph,2_148,d,12_980,e,-59,st,SPIN_DN,flt,FALSE,up,TRUE,ig,0,o_pos,0,o_hw,0,o_i,NA,o_up,FALSE,why,NO_COG
[2026-09-19T17:36:12.137] Cog0  BM-TS,seq,1_456,tid,5,k,130,lt,FALSE,pos,-47,hw,-47,i,369,ph,2_392,d,12_932,e,-73,st,SPIN_DN,flt,FALSE,up,TRUE,ig,0,o_pos,0,o_hw,0,o_i,NA,o_up,FALSE,why,NO_COG
[2026-09-19T17:36:12.139] Cog0  BM-TS,seq,1_457,tid,5,k,131,lt,FALSE,pos,-48,hw,-48,i,349,ph,2_589,d,12_806,e,-44,st,SPIN_DN,flt,FALSE,up,TRUE,ig,0,o_pos,0,o_hw,0,o_i,NA,o_up,FALSE,why,NO_COG
[2026-09-19T17:36:12.141] Cog0  BM-TS,seq,1_458,tid,5,k,132,lt,FALSE,pos,-48,hw,-48,i,350,ph,2_616,d,12_758,e,-58,st,SPIN_DN,flt,FALSE,up,TRUE,ig,0,o_pos,0,o_hw,0,o_i,NA,o_up,FALSE,why,NO_COG
[2026-09-19T17:36:12.143] Cog0  BM-TS,seq,1_459,tid,5,k,133,lt,FALSE,pos,-48,hw,-48,i,366,ph,2_449,d,12_722,e,-68,st,SPIN_DN,flt,FALSE,up,TRUE,ig,0,o_pos,0,o_hw,0,o_i,NA,o_up,FALSE,why,NO_COG
[2026-09-19T17:36:12.145] Cog0  BM-TS,seq,1_460,tid,5,k,134,lt,FALSE,pos,-49,hw,-49,i,334,ph,2_233,d,12_616,e,-40,st,SPIN_DN,flt,FALSE,up,TRUE,ig,0,o_pos,0,o_hw,0,o_i,NA,o_up,FALSE,why,NO_COG
[2026-09-19T17:36:12.147] Cog0  BM-TS,seq,1_461,tid,5,k,135,lt,FALSE,pos,-49,hw,-49,i,316,ph,2_072,d,12_567,e,-53,st,SPIN_DN,flt,FALSE,up,TRUE,ig,0,o_pos,0,o_hw,0,o_i,NA,o_up,FALSE,why,NO_COG
[2026-09-19T17:36:12.149] Cog0  BM-TS,seq,1_462,tid,5,k,136,lt,FALSE,pos,-49,hw,-49,i,327,ph,2_274,d,12_523,e,-67,st,SPIN_DN,flt,FALSE,up,TRUE,ig,0,o_pos,0,o_hw,0,o_i,NA,o_up,FALSE,why,NO_COG
[2026-09-19T17:36:12.151] Cog0  BM-TS,seq,1_463,tid,5,k,137,lt,FALSE,pos,-50,hw,-50,i,321,ph,2_490,d,12_435,e,-38,st,SPIN_DN,flt,FALSE,up,TRUE,ig,0,o_pos,0,o_hw,0,o_i,NA,o_up,FALSE,why,NO_COG
[2026-09-19T17:36:12.153] Cog0  BM-TS,seq,1_464,tid,5,k,138,lt,FALSE,pos,-50,hw,-50,i,314,ph,2_629,d,12_352,e,-51,st,SPIN_DN,flt,FALSE,up,TRUE,ig,0,o_pos,0,o_hw,0,o_i,NA,o_up,FALSE,why,NO_COG
[2026-09-19T17:36:12.155] Cog0  BM-TS,seq,1_465,tid,5,k,139,lt,FALSE,pos,-50,hw,-50,i,305,ph,2_574,d,12_319,e,-61,st,SPIN_DN,flt,FALSE,up,TRUE,ig,0,o_pos,0,o_hw,0,o_i,NA,o_up,FALSE,why,NO_COG
[2026-09-19T17:36:12.157] Cog0  BM-TS,seq,1_466,tid,5,k,140,lt,FALSE,pos,-51,hw,-51,i,316,ph,2_345,d,12_259,e,-32,st,SPIN_DN,flt,FALSE,up,TRUE,ig,0,o_pos,0,o_hw,0,o_i,NA,o_up,FALSE,why,NO_COG
[2026-09-19T17:36:12.159] Cog0  BM-TS,seq,1_467,tid,5,k,141,lt,FALSE,pos,-51,hw,-51,i,297,ph,2_164,d,12_165,e,-46,st,SPIN_DN,flt,FALSE,up,TRUE,ig,0,o_pos,0,o_hw,0,o_i,NA,o_up,FALSE,why,NO_COG
[2026-09-19T17:36:12.161] Cog0  BM-TS,seq,1_468,tid,5,k,142,lt,FALSE,pos,-51,hw,-51,i,288,ph,2_167,d,12_121,e,-59,st,SPIN_DN,flt,FALSE,up,TRUE,ig,0,o_pos,0,o_hw,0,o_i,NA,o_up,FALSE,why,NO_COG
[2026-09-19T17:36:12.163] Cog0  BM-TS,seq,1_469,tid,5,k,143,lt,FALSE,pos,-51,hw,-51,i,308,ph,2_380,d,12_077,e,-72,st,SPIN_DN,flt,FALSE,up,TRUE,ig,0,o_pos,0,o_hw,0,o_i,NA,o_up,FALSE,why,NO_COG
[2026-09-19T17:36:12.165] Cog0  BM-TS,seq,1_470,tid,5,k,144,lt,FALSE,pos,-52,hw,-52,i,302,ph,2_512,d,11_970,e,-43,st,SPIN_DN,flt,FALSE,up,TRUE,ig,0,o_pos,0,o_hw,0,o_i,NA,o_up,FALSE,why,NO_COG
[2026-09-19T17:36:12.167] Cog0  BM-TS,seq,1_471,tid,5,k,145,lt,FALSE,pos,-52,hw,-52,i,279,ph,2_669,d,11_937,e,-53,st,SPIN_DN,flt,FALSE,up,TRUE,ig,0,o_pos,0,o_hw,0,o_i,NA,o_up,FALSE,why,NO_COG
[2026-09-19T17:36:12.169] Cog0  BM-TS,seq,1_472,tid,5,k,146,lt,FALSE,pos,-52,hw,-52,i,287,ph,2_500,d,11_893,e,-66,st,SPIN_DN,flt,FALSE,up,TRUE,ig,0,o_pos,0,o_hw,0,o_i,NA,o_up,FALSE,why,NO_COG
[2026-09-19T17:36:12.171] Cog0  BM-TS,seq,1_473,tid,5,k,147,lt,FALSE,pos,-53,hw,-53,i,281,ph,2_289,d,11_797,e,-36,st,SPIN_DN,flt,FALSE,up,TRUE,ig,0,o_pos,0,o_hw,0,o_i,NA,o_up,FALSE,why,NO_COG
[2026-09-19T17:36:12.173] Cog0  BM-TS,seq,1_474,tid,5,k,148,lt,FALSE,pos,-53,hw,-53,i,257,ph,2_122,d,11_720,e,-49,st,SPIN_DN,flt,FALSE,up,TRUE,ig,0,o_pos,0,o_hw,0,o_i,NA,o_up,FALSE,why,NO_COG
[2026-09-19T17:36:12.175] Cog0  BM-TS,seq,1_475,tid,5,k,149,lt,FALSE,pos,-53,hw,-53,i,257,ph,2_215,d,11_676,e,-62,st,SPIN_DN,flt,FALSE,up,TRUE,ig,0,o_pos,0,o_hw,0,o_i,NA,o_up,FALSE,why,NO_COG
[2026-09-19T17:36:12.177] Cog0  BM-TS,seq,1_476,tid,5,k,150,lt,FALSE,pos,-54,hw,-54,i,279,ph,2_377,d,11_637,e,-33,st,SPIN_DN,flt,FALSE,up,TRUE,ig,0,o_pos,0,o_hw,0,o_i,NA,o_up,FALSE,why,NO_COG
[2026-09-19T17:36:12.179] Cog0  BM-TS,seq,1_477,tid,5,k,151,lt,FALSE,pos,-54,hw,-54,i,257,ph,2_539,d,11_527,e,-42,st,SPIN_DN,flt,FALSE,up,TRUE,ig,0,o_pos,0,o_hw,0,o_i,NA,o_up,FALSE,why,NO_COG
[2026-09-19T17:36:12.181] Cog0  BM-TS,seq,1_478,tid,5,k,152,lt,FALSE,pos,-54,hw,-54,i,240,ph,2_628,d,11_483,e,-55,st,SPIN_DN,flt,FALSE,up,TRUE,ig,0,o_pos,0,o_hw,0,o_i,NA,o_up,FALSE,why,NO_COG
[2026-09-19T17:36:12.183] Cog0  BM-TS,seq,1_479,tid,5,k,153,lt,FALSE,pos,-54,hw,-54,i,258,ph,2_472,d,11_439,e,-68,st,SPIN_DN,flt,FALSE,up,TRUE,ig,0,o_pos,0,o_hw,0,o_i,NA,o_up,FALSE,why,NO_COG
[2026-09-19T17:36:12.185] Cog0  BM-TS,seq,1_480,tid,5,k,154,lt,FALSE,pos,-55,hw,-55,i,245,ph,2_263,d,11_354,e,-38,st,SPIN_DN,flt,FALSE,up,TRUE,ig,0,o_pos,0,o_hw,0,o_i,NA,o_up,FALSE,why,NO_COG
[2026-09-19T17:36:12.187] Cog0  BM-TS,seq,1_481,tid,5,k,155,lt,FALSE,pos,-55,hw,-55,i,240,ph,2_118,d,11_273,e,-51,st,SPIN_DN,flt,FALSE,up,TRUE,ig,0,o_pos,0,o_hw,0,o_i,NA,o_up,FALSE,why,NO_COG
[2026-09-19T17:36:12.190] Cog0  BM-TS,seq,1_482,tid,5,k,156,lt,FALSE,pos,-55,hw,-55,i,236,ph,2_192,d,11_240,e,-61,st,SPIN_DN,flt,FALSE,up,TRUE,ig,0,o_pos,0,o_hw,0,o_i,NA,o_up,FALSE,why,NO_COG
[2026-09-19T17:36:12.191] Cog0  BM-TS,seq,1_483,tid,5,k,157,lt,FALSE,pos,-56,hw,-56,i,248,ph,2_392,d,11_190,e,-31,st,SPIN_DN,flt,FALSE,up,TRUE,ig,0,o_pos,0,o_hw,0,o_i,NA,o_up,FALSE,why,NO_COG
[2026-09-19T17:36:12.194] Cog0  BM-TS,seq,1_484,tid,5,k,158,lt,FALSE,pos,-56,hw,-56,i,231,ph,2_552,d,11_076,e,-43,st,SPIN_DN,flt,FALSE,up,TRUE,ig,0,o_pos,0,o_hw,0,o_i,NA,o_up,FALSE,why,NO_COG
[2026-09-19T17:36:12.196] Cog0  BM-TS,seq,1_485,tid,5,k,159,lt,FALSE,pos,-56,hw,-56,i,207,ph,2_623,d,11_032,e,-56,st,SPIN_DN,flt,FALSE,up,TRUE,ig,0,o_pos,0,o_hw,0,o_i,NA,o_up,FALSE,why,NO_COG
[2026-09-19T17:36:12.198] Cog0  BM-TS,seq,1_486,tid,5,k,160,lt,FALSE,pos,-56,hw,-56,i,216,ph,2_471,d,10_988,e,-68,st,SPIN_DN,flt,FALSE,up,TRUE,ig,0,o_pos,0,o_hw,0,o_i,NA,o_up,FALSE,why,NO_COG
[2026-09-19T17:36:12.200] Cog0  BM-TS,seq,1_487,tid,5,k,161,lt,FALSE,pos,-57,hw,-57,i,227,ph,2_280,d,10_902,e,-38,st,SPIN_DN,flt,FALSE,up,TRUE,ig,0,o_pos,0,o_hw,0,o_i,NA,o_up,FALSE,why,NO_COG
[2026-09-19T17:36:12.202] Cog0  BM-TS,seq,1_488,tid,5,k,162,lt,FALSE,pos,-57,hw,-57,i,207,ph,2_172,d,10_827,e,-47,st,SPIN_DN,flt,FALSE,up,TRUE,ig,0,o_pos,0,o_hw,0,o_i,NA,o_up,FALSE,why,NO_COG
[2026-09-19T17:36:12.204] Cog0  BM-TS,seq,1_489,tid,5,k,163,lt,FALSE,pos,-57,hw,-57,i,195,ph,2_199,d,10_783,e,-60,st,SPIN_DN,flt,FALSE,up,TRUE,ig,0,o_pos,0,o_hw,0,o_i,NA,o_up,FALSE,why,NO_COG
[2026-09-19T17:36:12.206] Cog0  BM-TS,seq,1_490,tid,5,k,164,lt,FALSE,pos,-57,hw,-57,i,216,ph,2_373,d,10_739,e,-72,st,SPIN_DN,flt,FALSE,up,TRUE,ig,0,o_pos,0,o_hw,0,o_i,NA,o_up,FALSE,why,NO_COG
[2026-09-19T17:36:12.208] Cog0  BM-TS,seq,1_491,tid,5,k,165,lt,FALSE,pos,-58,hw,-58,i,203,ph,2_528,d,10_641,e,-42,st,SPIN_DN,flt,FALSE,up,TRUE,ig,0,o_pos,0,o_hw,0,o_i,NA,o_up,FALSE,why,NO_COG
[2026-09-19T17:36:12.208] Cog0  BM-TS,seq,1_492,tid,5,k,166,lt,FALSE,pos,-58,hw,-58,i,188,ph,2_634,d,10_597,e,-54,st,SPIN_DN,flt,FALSE,up,TRUE,ig,0,o_pos,0,o_hw,0,o_i,NA,o_up,FALSE,why,NO_COG
[2026-09-19T17:36:12.212] Cog0  BM-TS,seq,1_493,tid,5,k,167,lt,FALSE,pos,-58,hw,-58,i,200,ph,2_527,d,10_553,e,-66,st,SPIN_DN,flt,FALSE,up,TRUE,ig,0,o_pos,0,o_hw,0,o_i,NA,o_up,FALSE,why,NO_COG
[2026-09-19T17:36:12.214] Cog0  BM-TS,seq,1_494,tid,5,k,168,lt,FALSE,pos,-59,hw,-59,i,203,ph,2_335,d,10_500,e,-33,st,SPIN_DN,flt,FALSE,up,TRUE,ig,0,o_pos,0,o_hw,0,o_i,NA,o_up,FALSE,why,NO_COG
[2026-09-19T17:36:12.216] Cog0  BM-TS,seq,1_495,tid,5,k,169,lt,FALSE,pos,-59,hw,-59,i,186,ph,2_201,d,10_410,e,-45,st,SPIN_DN,flt,FALSE,up,TRUE,ig,0,o_pos,0,o_hw,0,o_i,NA,o_up,FALSE,why,NO_COG
[2026-09-19T17:36:12.218] Cog0  BM-TS,seq,1_496,tid,5,k,170,lt,FALSE,pos,-59,hw,-59,i,171,ph,2_171,d,10_366,e,-57,st,SPIN_DN,flt,FALSE,up,TRUE,ig,0,o_pos,0,o_hw,0,o_i,NA,o_up,FALSE,why,NO_COG
[2026-09-19T17:36:12.220] Cog0  BM-TS,seq,1_497,tid,5,k,171,lt,FALSE,pos,-59,hw,-59,i,186,ph,2_309,d,10_322,e,-69,st,SPIN_DN,flt,FALSE,up,TRUE,ig,0,o_pos,0,o_hw,0,o_i,NA,o_up,FALSE,why,NO_COG
[2026-09-19T17:36:12.222] Cog0  BM-TS,seq,1_498,tid,5,k,172,lt,FALSE,pos,-60,hw,-60,i,180,ph,2_484,d,10_242,e,-38,st,SPIN_DN,flt,FALSE,up,TRUE,ig,0,o_pos,0,o_hw,0,o_i,NA,o_up,FALSE,why,NO_COG
[2026-09-19T17:36:12.224] Cog0  BM-TS,seq,1_499,tid,5,k,173,lt,FALSE,pos,-60,hw,-60,i,167,ph,2_581,d,10_169,e,-47,st,SPIN_DN,flt,FALSE,up,TRUE,ig,0,o_pos,0,o_hw,0,o_i,NA,o_up,FALSE,why,NO_COG
[2026-09-19T17:36:12.226] Cog0  BM-TS,seq,1_500,tid,5,k,174,lt,FALSE,pos,-60,hw,-60,i,158,ph,2_565,d,10_125,e,-59,st,SPIN_DN,flt,FALSE,up,TRUE,ig,0,o_pos,0,o_hw,0,o_i,NA,o_up,FALSE,why,NO_COG
[2026-09-19T17:36:12.228] Cog0  BM-TS,seq,1_501,tid,5,k,175,lt,FALSE,pos,-60,hw,-60,i,172,ph,2_409,d,10_081,e,-71,st,SPIN_DN,flt,FALSE,up,TRUE,ig,0,o_pos,0,o_hw,0,o_i,NA,o_up,FALSE,why,NO_COG
[2026-09-19T17:36:12.230] Cog0  BM-TS,seq,1_502,tid,5,k,176,lt,FALSE,pos,-61,hw,-61,i,164,ph,2_260,d,9_986,e,-40,st,SPIN_DN,flt,FALSE,up,TRUE,ig,0,o_pos,0,o_hw,0,o_i,NA,o_up,FALSE,why,NO_COG
[2026-09-19T17:36:12.232] Cog0  BM-TS,seq,1_503,tid,5,k,177,lt,FALSE,pos,-61,hw,-61,i,153,ph,2_139,d,9_931,e,-52,st,SPIN_DN,flt,FALSE,up,TRUE,ig,0,o_pos,0,o_hw,0,o_i,NA,o_up,FALSE,why,NO_COG
[2026-09-19T17:36:12.234] Cog0  BM-TS,seq,1_504,tid,5,k,178,lt,FALSE,pos,-61,hw,-61,i,161,ph,2_249,d,9_887,e,-63,st,SPIN_DN,flt,FALSE,up,TRUE,ig,0,o_pos,0,o_hw,0,o_i,NA,o_up,FALSE,why,NO_COG
[2026-09-19T17:36:12.236] Cog0  BM-TS,seq,1_505,tid,5,k,179,lt,FALSE,pos,-61,hw,-61,i,171,ph,2_379,d,9_854,e,-72,st,SPIN_DN,flt,FALSE,up,TRUE,ig,0,o_pos,0,o_hw,0,o_i,NA,o_up,FALSE,why,NO_COG
[2026-09-19T17:36:12.238] Cog0  BM-TS,seq,1_506,tid,5,k,180,lt,FALSE,pos,-62,hw,-62,i,156,ph,2_506,d,9_743,e,-41,st,SPIN_DN,flt,FALSE,up,TRUE,ig,0,o_pos,0,o_hw,0,o_i,NA,o_up,FALSE,why,NO_COG
[2026-09-19T17:36:12.240] Cog0  BM-TS,seq,1_507,tid,5,k,181,lt,FALSE,pos,-62,hw,-62,i,139,ph,2_629,d,9_695,e,-53,st,SPIN_DN,flt,FALSE,up,TRUE,ig,0,o_pos,0,o_hw,0,o_i,NA,o_up,FALSE,why,NO_COG
[2026-09-19T17:36:12.242] Cog0  BM-TS,seq,1_508,tid,5,k,182,lt,FALSE,pos,-62,hw,-62,i,140,ph,2_505,d,9_651,e,-64,st,SPIN_DN,flt,FALSE,up,TRUE,ig,0,o_pos,0,o_hw,0,o_i,NA,o_up,FALSE,why,NO_COG
[2026-09-19T17:36:12.244] Cog0  BM-TS,seq,1_509,tid,5,k,183,lt,FALSE,pos,-63,hw,-63,i,154,ph,2_345,d,9_600,e,-33,st,SPIN_DN,flt,FALSE,up,TRUE,ig,0,o_pos,0,o_hw,0,o_i,NA,o_up,FALSE,why,NO_COG
[2026-09-19T17:36:12.246] Cog0  BM-TS,seq,1_510,tid,5,k,184,lt,FALSE,pos,-63,hw,-63,i,147,ph,2_262,d,9_500,e,-44,st,SPIN_DN,flt,FALSE,up,TRUE,ig,0,o_pos,0,o_hw,0,o_i,NA,o_up,FALSE,why,NO_COG
[2026-09-19T17:36:12.248] Cog0  BM-TS,seq,1_511,tid,5,k,185,lt,FALSE,pos,-63,hw,-63,i,127,ph,2_150,d,9_470,e,-53,st,SPIN_DN,flt,FALSE,up,TRUE,ig,0,o_pos,0,o_hw,0,o_i,NA,o_up,FALSE,why,NO_COG
[2026-09-19T17:36:12.250] Cog0  BM-TS,seq,1_512,tid,5,k,186,lt,FALSE,pos,-63,hw,-63,i,128,ph,2_257,d,9_430,e,-64,st,SPIN_DN,flt,FALSE,up,TRUE,ig,0,o_pos,0,o_hw,0,o_i,NA,o_up,FALSE,why,NO_COG
[2026-09-19T17:36:12.252] Cog0  BM-TS,seq,1_513,tid,5,k,187,lt,FALSE,pos,-64,hw,-64,i,137,ph,2_418,d,9_386,e,-33,st,SPIN_DN,flt,FALSE,up,TRUE,ig,0,o_pos,0,o_hw,0,o_i,NA,o_up,FALSE,why,NO_COG
[2026-09-19T17:36:12.255] Cog0  BM-TS,seq,1_514,tid,5,k,188,lt,FALSE,pos,-64,hw,-64,i,121,ph,2_533,d,9_271,e,-44,st,SPIN_DN,flt,FALSE,up,TRUE,ig,0,o_pos,0,o_hw,0,o_i,NA,o_up,FALSE,why,NO_COG
[2026-09-19T17:36:12.256] Cog0  BM-TS,seq,1_515,tid,5,k,189,lt,FALSE,pos,-64,hw,-64,i,116,ph,2_579,d,9_231,e,-55,st,SPIN_DN,flt,FALSE,up,TRUE,ig,0,o_pos,0,o_hw,0,o_i,NA,o_up,FALSE,why,NO_COG
[2026-09-19T17:36:12.258] Cog0  BM-TS,seq,1_516,tid,5,k,190,lt,FALSE,pos,-64,hw,-64,i,131,ph,2_508,d,9_191,e,-67,st,SPIN_DN,flt,FALSE,up,TRUE,ig,0,o_pos,0,o_hw,0,o_i,NA,o_up,FALSE,why,NO_COG
[2026-09-19T17:36:12.261] Cog0  BM-TS,seq,1_517,tid,5,k,191,lt,FALSE,pos,-64,hw,-64,i,134,ph,2_355,d,9_161,e,-75,st,SPIN_DN,flt,FALSE,up,TRUE,ig,0,o_pos,0,o_hw,0,o_i,NA,o_up,FALSE,why,NO_COG
[2026-09-19T17:36:12.262] Cog0  BM-TS,seq,1_518,tid,5,k,192,lt,FALSE,pos,-65,hw,-65,i,116,ph,2_244,d,9_056,e,-43,st,SPIN_DN,flt,FALSE,up,TRUE,ig,0,o_pos,0,o_hw,0,o_i,NA,o_up,FALSE,why,NO_COG
[2026-09-19T17:36:12.264] Cog0  BM-TS,seq,1_519,tid,5,k,193,lt,FALSE,pos,-65,hw,-65,i,104,ph,2_166,d,9_016,e,-54,st,SPIN_DN,flt,FALSE,up,TRUE,ig,0,o_pos,0,o_hw,0,o_i,NA,o_up,FALSE,why,NO_COG
[2026-09-19T17:36:12.267] Cog0  BM-TS,seq,1_520,tid,5,k,194,lt,FALSE,pos,-65,hw,-65,i,110,ph,2_278,d,8_976,e,-65,st,SPIN_DN,flt,FALSE,up,TRUE,ig,0,o_pos,0,o_hw,0,o_i,NA,o_up,FALSE,why,NO_COG
[2026-09-19T17:36:12.268] Cog0  BM-TS,seq,1_521,tid,5,k,195,lt,FALSE,pos,-65,hw,-65,i,122,ph,2_421,d,8_936,e,-76,st,SPIN_DN,flt,FALSE,up,TRUE,ig,0,o_pos,0,o_hw,0,o_i,NA,o_up,FALSE,why,NO_COG
[2026-09-19T17:36:12.271] Cog0  BM-TS,seq,1_522,tid,5,k,196,lt,FALSE,pos,-66,hw,-66,i,114,ph,2_508,d,8_841,e,-44,st,SPIN_DN,flt,FALSE,up,TRUE,ig,0,o_pos,0,o_hw,0,o_i,NA,o_up,FALSE,why,NO_COG
[2026-09-19T17:36:12.273] Cog0  BM-TS,seq,1_523,tid,5,k,197,lt,FALSE,pos,-66,hw,-66,i,99,ph,2_603,d,8_811,e,-53,st,SPIN_DN,flt,FALSE,up,TRUE,ig,0,o_pos,0,o_hw,0,o_i,NA,o_up,FALSE,why,NO_COG
[2026-09-19T17:36:12.274] Cog0  BM-TS,seq,1_524,tid,5,k,198,lt,FALSE,pos,-66,hw,-66,i,95,ph,2_504,d,8_771,e,-63,st,SPIN_DN,flt,FALSE,up,TRUE,ig,0,o_pos,0,o_hw,0,o_i,NA,o_up,FALSE,why,NO_COG
[2026-09-19T17:36:12.277] Cog0  BM-TS,seq,1_525,tid,5,k,199,lt,FALSE,pos,-66,hw,-66,i,105,ph,2_374,d,8_731,e,-74,st,SPIN_DN,flt,FALSE,up,TRUE,ig,0,o_pos,0,o_hw,0,o_i,NA,o_up,FALSE,why,NO_COG
[2026-09-19T17:36:12.279] Cog0  BM-TS,seq,1_526,tid,5,k,200,lt,FALSE,pos,-67,hw,-67,i,92,ph,2_253,d,8_636,e,-42,st,SPIN_DN,flt,FALSE,up,TRUE,ig,0,o_pos,0,o_hw,0,o_i,NA,o_up,FALSE,why,NO_COG
[2026-09-19T17:36:12.280] Cog0  BM-TS,seq,1_527,tid,5,k,201,lt,FALSE,pos,-67,hw,-67,i,92,ph,2_162,d,8_596,e,-53,st,SPIN_DN,flt,FALSE,up,TRUE,ig,0,o_pos,0,o_hw,0,o_i,NA,o_up,FALSE,why,NO_COG
[2026-09-19T17:36:12.283] Cog0  BM-TS,seq,1_528,tid,5,k,202,lt,FALSE,pos,-67,hw,-67,i,92,ph,2_236,d,8_566,e,-61,st,SPIN_DN,flt,FALSE,up,TRUE,ig,0,o_pos,0,o_hw,0,o_i,NA,o_up,FALSE,why,NO_COG
[2026-09-19T17:36:12.285] Cog0  BM-TS,seq,1_529,tid,5,k,203,lt,FALSE,pos,-67,hw,-67,i,105,ph,2_357,d,8_526,e,-71,st,SPIN_DN,flt,FALSE,up,TRUE,ig,0,o_pos,0,o_hw,0,o_i,NA,o_up,FALSE,why,NO_COG
[2026-09-19T17:36:12.287] Cog0  BM-TS,seq,1_530,tid,5,k,204,lt,FALSE,pos,-68,hw,-68,i,98,ph,2_476,d,8_449,e,-39,st,SPIN_DN,flt,FALSE,up,TRUE,ig,0,o_pos,0,o_hw,0,o_i,NA,o_up,FALSE,why,NO_COG
[2026-09-19T17:36:12.289] Cog0  BM-TS,seq,1_531,tid,5,k,205,lt,FALSE,pos,-68,hw,-68,i,85,ph,2_577,d,8_401,e,-50,st,SPIN_DN,flt,FALSE,up,TRUE,ig,0,o_pos,0,o_hw,0,o_i,NA,o_up,FALSE,why,NO_COG
[2026-09-19T17:36:12.291] Cog0  BM-TS,seq,1_532,tid,5,k,206,lt,FALSE,pos,-68,hw,-68,i,82,ph,2_528,d,8_361,e,-60,st,SPIN_DN,flt,FALSE,up,TRUE,ig,0,o_pos,0,o_hw,0,o_i,NA,o_up,FALSE,why,NO_COG
[2026-09-19T17:36:12.293] Cog0  BM-TS,seq,1_533,tid,5,k,207,lt,FALSE,pos,-68,hw,-68,i,96,ph,2_426,d,8_321,e,-70,st,SPIN_DN,flt,FALSE,up,TRUE,ig,0,o_pos,0,o_hw,0,o_i,NA,o_up,FALSE,why,NO_COG
[2026-09-19T17:36:12.295] Cog0  BM-TS,seq,1_534,tid,5,k,208,lt,FALSE,pos,-69,hw,-69,i,90,ph,2_317,d,8_265,e,-36,st,SPIN_DN,flt,FALSE,up,TRUE,ig,0,o_pos,0,o_hw,0,o_i,NA,o_up,FALSE,why,NO_COG
[2026-09-19T17:36:12.297] Cog0  BM-TS,seq,1_535,tid,5,k,209,lt,FALSE,pos,-69,hw,-69,i,80,ph,2_229,d,8_180,e,-46,st,SPIN_DN,flt,FALSE,up,TRUE,ig,0,o_pos,0,o_hw,0,o_i,NA,o_up,FALSE,why,NO_COG
[2026-09-19T17:36:12.299] Cog0  BM-TS,seq,1_536,tid,5,k,210,lt,FALSE,pos,-69,hw,-69,i,75,ph,2_208,d,8_140,e,-56,st,SPIN_DN,flt,FALSE,up,TRUE,ig,0,o_pos,0,o_hw,0,o_i,NA,o_up,FALSE,why,NO_COG
[2026-09-19T17:36:12.301] Cog0  BM-TS,seq,1_537,tid,5,k,211,lt,FALSE,pos,-69,hw,-69,i,79,ph,2_298,d,8_100,e,-66,st,SPIN_DN,flt,FALSE,up,TRUE,ig,0,o_pos,0,o_hw,0,o_i,NA,o_up,FALSE,why,NO_COG
[2026-09-19T17:36:12.303] Cog0  BM-TS,seq,1_538,tid,5,k,212,lt,FALSE,pos,-69,hw,-69,i,84,ph,2_413,d,8_060,e,-76,st,SPIN_DN,flt,FALSE,up,TRUE,ig,0,o_pos,0,o_hw,0,o_i,NA,o_up,FALSE,why,NO_COG
[2026-09-19T17:36:12.305] Cog0  BM-TS,seq,1_539,tid,5,k,213,lt,FALSE,pos,-70,hw,-70,i,77,ph,2_490,d,7_956,e,-44,st,SPIN_DN,flt,FALSE,up,TRUE,ig,0,o_pos,0,o_hw,0,o_i,NA,o_up,FALSE,why,NO_COG
[2026-09-19T17:36:12.307] Cog0  BM-TS,seq,1_540,tid,5,k,214,lt,FALSE,pos,-70,hw,-70,i,66,ph,2_578,d,7_926,e,-51,st,SPIN_DN,flt,FALSE,up,TRUE,ig,0,o_pos,0,o_hw,0,o_i,NA,o_up,FALSE,why,NO_COG
[2026-09-19T17:36:12.309] Cog0  BM-TS,seq,1_541,tid,5,k,215,lt,FALSE,pos,-70,hw,-70,i,66,ph,2_514,d,7_886,e,-61,st,SPIN_DN,flt,FALSE,up,TRUE,ig,0,o_pos,0,o_hw,0,o_i,NA,o_up,FALSE,why,NO_COG
[2026-09-19T17:36:12.311] Cog0  BM-TS,seq,1_542,tid,5,k,216,lt,FALSE,pos,-70,hw,-70,i,76,ph,2_410,d,7_846,e,-71,st,SPIN_DN,flt,FALSE,up,TRUE,ig,0,o_pos,0,o_hw,0,o_i,NA,o_up,FALSE,why,NO_COG
[2026-09-19T17:36:12.313] Cog0  BM-TS,seq,1_543,tid,5,k,217,lt,FALSE,pos,-71,hw,-71,i,69,ph,2_300,d,7_780,e,-39,st,SPIN_DN,flt,FALSE,up,TRUE,ig,0,o_pos,0,o_hw,0,o_i,NA,o_up,FALSE,why,NO_COG
[2026-09-19T17:36:12.315] Cog0  BM-TS,seq,1_544,tid,5,k,218,lt,FALSE,pos,-71,hw,-71,i,65,ph,2_223,d,7_704,e,-48,st,SPIN_DN,flt,FALSE,up,TRUE,ig,0,o_pos,0,o_hw,0,o_i,NA,o_up,FALSE,why,NO_COG
[2026-09-19T17:36:12.317] Cog0  BM-TS,seq,1_545,tid,5,k,219,lt,FALSE,pos,-71,hw,-71,i,64,ph,2_212,d,7_664,e,-58,st,SPIN_DN,flt,FALSE,up,TRUE,ig,0,o_pos,0,o_hw,0,o_i,NA,o_up,FALSE,why,NO_COG
[2026-09-19T17:36:12.319] Cog0  BM-TS,seq,1_546,tid,5,k,220,lt,FALSE,pos,-71,hw,-71,i,68,ph,2_288,d,7_634,e,-66,st,SPIN_DN,flt,FALSE,up,TRUE,ig,0,o_pos,0,o_hw,0,o_i,NA,o_up,FALSE,why,NO_COG
[2026-09-19T17:36:12.321] Cog0  BM-TS,seq,1_547,tid,5,k,221,lt,FALSE,pos,-71,hw,-71,i,68,ph,2_401,d,7_594,e,-75,st,SPIN_DN,flt,FALSE,up,TRUE,ig,0,o_pos,0,o_hw,0,o_i,NA,o_up,FALSE,why,NO_COG
[2026-09-19T17:36:12.323] Cog0  BM-TS,seq,1_548,tid,5,k,222,lt,FALSE,pos,-72,hw,-72,i,60,ph,2_492,d,7_509,e,-42,st,SPIN_DN,flt,FALSE,up,TRUE,ig,0,o_pos,0,o_hw,0,o_i,NA,o_up,FALSE,why,NO_COG
[2026-09-19T17:36:12.325] Cog0  BM-TS,seq,1_549,tid,5,k,223,lt,FALSE,pos,-72,hw,-72,i,51,ph,2_573,d,7_469,e,-52,st,SPIN_DN,flt,FALSE,up,TRUE,ig,0,o_pos,0,o_hw,0,o_i,NA,o_up,FALSE,why,NO_COG
[2026-09-19T17:36:12.327] Cog0  BM-TS,seq,1_550,tid,5,k,224,lt,FALSE,pos,-72,hw,-72,i,55,ph,2_501,d,7_429,e,-62,st,SPIN_DN,flt,FALSE,up,TRUE,ig,0,o_pos,0,o_hw,0,o_i,NA,o_up,FALSE,why,NO_COG
[2026-09-19T17:36:12.329] Cog0  BM-TS,seq,1_551,tid,5,k,225,lt,FALSE,pos,-72,hw,-72,i,64,ph,2_434,d,7_399,e,-69,st,SPIN_DN,flt,FALSE,up,TRUE,ig,0,o_pos,0,o_hw,0,o_i,NA,o_up,FALSE,why,NO_COG
[2026-09-19T17:36:12.331] Cog0  BM-TS,seq,1_552,tid,5,k,226,lt,FALSE,pos,-73,hw,-73,i,60,ph,2_324,d,7_339,e,-36,st,SPIN_DN,flt,FALSE,up,TRUE,ig,0,o_pos,0,o_hw,0,o_i,NA,o_up,FALSE,why,NO_COG
[2026-09-19T17:36:12.332] Cog0  BM-TS,seq,1_553,tid,5,k,227,lt,FALSE,pos,-73,hw,-73,i,48,ph,2_244,d,7_251,e,-45,st,SPIN_DN,flt,FALSE,up,TRUE,ig,0,o_pos,0,o_hw,0,o_i,NA,o_up,FALSE,why,NO_COG
[2026-09-19T17:36:12.335] Cog0  BM-TS,seq,1_554,tid,5,k,228,lt,FALSE,pos,-73,hw,-73,i,43,ph,2_212,d,7_211,e,-55,st,SPIN_DN,flt,FALSE,up,TRUE,ig,0,o_pos,0,o_hw,0,o_i,NA,o_up,FALSE,why,NO_COG
[2026-09-19T17:36:12.337] Cog0  BM-TS,seq,1_555,tid,5,k,229,lt,FALSE,pos,-73,hw,-73,i,47,ph,2_286,d,7_171,e,-64,st,SPIN_DN,flt,FALSE,up,TRUE,ig,0,o_pos,0,o_hw,0,o_i,NA,o_up,FALSE,why,NO_COG
[2026-09-19T17:36:12.339] Cog0  BM-TS,seq,1_556,tid,5,k,230,lt,FALSE,pos,-73,hw,-73,i,55,ph,2_362,d,7_131,e,-73,st,SPIN_DN,flt,FALSE,up,TRUE,ig,0,o_pos,0,o_hw,0,o_i,NA,o_up,FALSE,why,NO_COG
[2026-09-19T17:36:12.341] Cog0  BM-TS,seq,1_557,tid,5,k,231,lt,FALSE,pos,-74,hw,-74,i,50,ph,2_450,d,7_080,e,-38,st,SPIN_DN,flt,FALSE,up,TRUE,ig,0,o_pos,0,o_hw,0,o_i,NA,o_up,FALSE,why,NO_COG
[2026-09-19T17:36:12.343] Cog0  BM-TS,seq,1_558,tid,5,k,232,lt,FALSE,pos,-74,hw,-74,i,42,ph,2_522,d,7_017,e,-47,st,SPIN_DN,flt,FALSE,up,TRUE,ig,0,o_pos,0,o_hw,0,o_i,NA,o_up,FALSE,why,NO_COG
[2026-09-19T17:36:12.345] Cog0  BM-TS,seq,1_559,tid,5,k,233,lt,FALSE,pos,-74,hw,-74,i,43,ph,2_533,d,6_977,e,-56,st,SPIN_DN,flt,FALSE,up,TRUE,ig,0,o_pos,0,o_hw,0,o_i,NA,o_up,FALSE,why,NO_COG
[2026-09-19T17:36:12.347] Cog0  BM-TS,seq,1_560,tid,5,k,234,lt,FALSE,pos,-74,hw,-74,i,45,ph,2_456,d,6_937,e,-65,st,SPIN_DN,flt,FALSE,up,TRUE,ig,0,o_pos,0,o_hw,0,o_i,NA,o_up,FALSE,why,NO_COG
[2026-09-19T17:36:12.349] Cog0  BM-TS,seq,1_561,tid,5,k,235,lt,FALSE,pos,-74,hw,-74,i,51,ph,2_365,d,6_897,e,-74,st,SPIN_DN,flt,FALSE,up,TRUE,ig,0,o_pos,0,o_hw,0,o_i,NA,o_up,FALSE,why,NO_COG
[2026-09-19T17:36:12.351] Cog0  BM-TS,seq,1_562,tid,5,k,236,lt,FALSE,pos,-75,hw,-75,i,46,ph,2_306,d,6_833,e,-41,st,SPIN_DN,flt,FALSE,up,TRUE,ig,0,o_pos,0,o_hw,0,o_i,NA,o_up,FALSE,why,NO_COG
[2026-09-19T17:36:12.353] Cog0  BM-TS,seq,1_563,tid,5,k,237,lt,FALSE,pos,-75,hw,-75,i,40,ph,2_243,d,6_785,e,-47,st,SPIN_DN,flt,FALSE,up,TRUE,ig,0,o_pos,0,o_hw,0,o_i,NA,o_up,FALSE,why,NO_COG
[2026-09-19T17:36:12.355] Cog0  BM-TS,seq,1_564,tid,5,k,238,lt,FALSE,pos,-75,hw,-75,i,36,ph,2_239,d,6_749,e,-56,st,SPIN_DN,flt,FALSE,up,TRUE,ig,0,o_pos,0,o_hw,0,o_i,NA,o_up,FALSE,why,NO_COG
[2026-09-19T17:36:12.357] Cog0  BM-TS,seq,1_565,tid,5,k,239,lt,FALSE,pos,-75,hw,-75,i,38,ph,2_297,d,6_713,e,-65,st,SPIN_DN,flt,FALSE,up,TRUE,ig,0,o_pos,0,o_hw,0,o_i,NA,o_up,FALSE,why,NO_COG
[2026-09-19T17:36:12.359] Cog0  BM-TS,seq,1_566,tid,5,k,240,lt,FALSE,pos,-75,hw,-75,i,44,ph,2_379,d,6_677,e,-74,st,SPIN_DN,flt,FALSE,up,TRUE,ig,0,o_pos,0,o_hw,0,o_i,NA,o_up,FALSE,why,NO_COG
[2026-09-19T17:36:12.361] Cog0  BM-TS,seq,1_567,tid,5,k,241,lt,FALSE,pos,-76,hw,-76,i,38,ph,2_466,d,6_616,e,-40,st,SPIN_DN,flt,FALSE,up,TRUE,ig,0,o_pos,0,o_hw,0,o_i,NA,o_up,FALSE,why,NO_COG
[2026-09-19T17:36:12.363] Cog0  BM-TS,seq,1_568,tid,5,k,242,lt,FALSE,pos,-76,hw,-76,i,34,ph,2_511,d,6_562,e,-49,st,SPIN_DN,flt,FALSE,up,TRUE,ig,0,o_pos,0,o_hw,0,o_i,NA,o_up,FALSE,why,NO_COG
[2026-09-19T17:36:12.365] Cog0  BM-TS,seq,1_569,tid,5,k,243,lt,FALSE,pos,-76,hw,-76,i,34,ph,2_537,d,6_535,e,-56,st,SPIN_DN,flt,FALSE,up,TRUE,ig,0,o_pos,0,o_hw,0,o_i,NA,o_up,FALSE,why,NO_COG
[2026-09-19T17:36:12.367] Cog0  BM-TS,seq,1_570,tid,5,k,244,lt,FALSE,pos,-76,hw,-76,i,33,ph,2_469,d,6_499,e,-64,st,SPIN_DN,flt,FALSE,up,TRUE,ig,0,o_pos,0,o_hw,0,o_i,NA,o_up,FALSE,why,NO_COG
[2026-09-19T17:36:12.369] Cog0  BM-TS,seq,1_571,tid,5,k,245,lt,FALSE,pos,-76,hw,-76,i,35,ph,2_383,d,6_463,e,-73,st,SPIN_DN,flt,FALSE,up,TRUE,ig,0,o_pos,0,o_hw,0,o_i,NA,o_up,FALSE,why,NO_COG
[2026-09-19T17:36:12.371] Cog0  BM-TS,seq,1_572,tid,5,k,246,lt,FALSE,pos,-77,hw,-77,i,30,ph,2_314,d,6_413,e,-39,st,SPIN_DN,flt,FALSE,up,TRUE,ig,0,o_pos,0,o_hw,0,o_i,NA,o_up,FALSE,why,NO_COG
[2026-09-19T17:36:12.373] Cog0  BM-TS,seq,1_573,tid,5,k,247,lt,FALSE,pos,-77,hw,-77,i,27,ph,2_252,d,6_340,e,-48,st,SPIN_DN,flt,FALSE,up,TRUE,ig,0,o_pos,0,o_hw,0,o_i,NA,o_up,FALSE,why,NO_COG
[2026-09-19T17:36:12.375] Cog0  BM-TS,seq,1_574,tid,5,k,248,lt,FALSE,pos,-77,hw,-77,i,28,ph,2_226,d,6_313,e,-54,st,SPIN_DN,flt,FALSE,up,TRUE,ig,0,o_pos,0,o_hw,0,o_i,NA,o_up,FALSE,why,NO_COG
[2026-09-19T17:36:12.377] Cog0  BM-TS,seq,1_575,tid,5,k,249,lt,FALSE,pos,-77,hw,-77,i,29,ph,2_284,d,6_277,e,-62,st,SPIN_DN,flt,FALSE,up,TRUE,ig,0,o_pos,0,o_hw,0,o_i,NA,o_up,FALSE,why,NO_COG
[2026-09-19T17:36:12.379] Cog0  BM-TS,seq,1_576,tid,5,k,250,lt,FALSE,pos,-77,hw,-77,i,36,ph,2_351,d,6_241,e,-71,st,SPIN_DN,flt,FALSE,up,TRUE,ig,0,o_pos,0,o_hw,0,o_i,NA,o_up,FALSE,why,NO_COG
[2026-09-19T17:36:12.381] Cog0  BM-TS,seq,1_577,tid,5,k,251,lt,FALSE,pos,-77,hw,-77,i,31,ph,2_426,d,6_205,e,-79,st,SPIN_DN,flt,FALSE,up,TRUE,ig,0,o_pos,0,o_hw,0,o_i,NA,o_up,FALSE,why,NO_COG
[2026-09-19T17:36:12.383] Cog0  BM-TS,seq,1_578,tid,5,k,252,lt,FALSE,pos,-78,hw,-78,i,27,ph,2_492,d,6_138,e,-45,st,SPIN_DN,flt,FALSE,up,TRUE,ig,0,o_pos,0,o_hw,0,o_i,NA,o_up,FALSE,why,NO_COG
[2026-09-19T17:36:12.385] Cog0  BM-TS,seq,1_579,tid,5,k,253,lt,FALSE,pos,-78,hw,-78,i,28,ph,2_538,d,6_102,e,-53,st,SPIN_DN,flt,FALSE,up,TRUE,ig,0,o_pos,0,o_hw,0,o_i,NA,o_up,FALSE,why,NO_COG
[2026-09-19T17:36:12.387] Cog0  BM-TS,seq,1_580,tid,5,k,254,lt,FALSE,pos,-78,hw,-78,i,25,ph,2_494,d,6_075,e,-59,st,SPIN_DN,flt,FALSE,up,TRUE,ig,0,o_pos,0,o_hw,0,o_i,NA,o_up,FALSE,why,NO_COG
[2026-09-19T17:36:12.389] Cog0  BM-TS,seq,1_581,tid,5,k,255,lt,FALSE,pos,-78,hw,-78,i,26,ph,2_429,d,6_039,e,-68,st,SPIN_DN,flt,FALSE,up,TRUE,ig,0,o_pos,0,o_hw,0,o_i,NA,o_up,FALSE,why,NO_COG
[2026-09-19T17:36:12.391] Cog0  BM-TS,seq,1_582,tid,5,k,256,lt,FALSE,pos,-78,hw,-78,i,29,ph,2_373,d,6_003,e,-76,st,SPIN_DN,flt,FALSE,up,TRUE,ig,0,o_pos,0,o_hw,0,o_i,NA,o_up,FALSE,why,NO_COG
[2026-09-19T17:36:12.393] Cog0  BM-TS,seq,1_583,tid,5,k,257,lt,FALSE,pos,-79,hw,-79,i,23,ph,2_300,d,5_934,e,-41,st,SPIN_DN,flt,FALSE,up,TRUE,ig,0,o_pos,0,o_hw,0,o_i,NA,o_up,FALSE,why,NO_COG
[2026-09-19T17:36:12.395] Cog0  BM-TS,seq,1_584,tid,5,k,258,lt,FALSE,pos,-79,hw,-79,i,18,ph,2_243,d,5_885,e,-49,st,SPIN_DN,flt,FALSE,up,TRUE,ig,0,o_pos,0,o_hw,0,o_i,NA,o_up,FALSE,why,NO_COG
[2026-09-19T17:36:12.398] Cog0  BM-TS,seq,1_585,tid,5,k,259,lt,FALSE,pos,-79,hw,-79,i,23,ph,2_238,d,5_849,e,-57,st,SPIN_DN,flt,FALSE,up,TRUE,ig,0,o_pos,0,o_hw,0,o_i,NA,o_up,FALSE,why,NO_COG
[2026-09-19T17:36:12.399] Cog0  BM-TS,seq,1_586,tid,5,k,260,lt,FALSE,pos,-79,hw,-79,i,22,ph,2_299,d,5_822,e,-63,st,SPIN_DN,flt,FALSE,up,TRUE,ig,0,o_pos,0,o_hw,0,o_i,NA,o_up,FALSE,why,NO_COG
[2026-09-19T17:36:12.401] Cog0  BM-TS,seq,1_587,tid,5,k,261,lt,FALSE,pos,-79,hw,-79,i,24,ph,2_351,d,5_786,e,-71,st,SPIN_DN,flt,FALSE,up,TRUE,ig,0,o_pos,0,o_hw,0,o_i,NA,o_up,FALSE,why,NO_COG
[2026-09-19T17:36:12.403] Cog0  BM-TS,seq,1_588,tid,5,k,262,lt,FALSE,pos,-79,hw,-79,i,21,ph,2_417,d,5_750,e,-79,st,SPIN_DN,flt,FALSE,up,TRUE,ig,0,o_pos,0,o_hw,0,o_i,NA,o_up,FALSE,why,NO_COG
[2026-09-19T17:36:12.405] Cog0  BM-TS,seq,1_589,tid,5,k,263,lt,FALSE,pos,-80,hw,-80,i,18,ph,2_483,d,5_724,e,-44,st,SPIN_DN,flt,FALSE,up,TRUE,ig,0,o_pos,0,o_hw,0,o_i,NA,o_up,FALSE,why,NO_COG
[2026-09-19T17:36:12.407] Cog0  BM-TS,seq,1_590,tid,5,k,264,lt,FALSE,pos,-80,hw,-80,i,19,ph,2_530,d,5_688,e,-52,st,SPIN_DN,flt,FALSE,up,TRUE,ig,0,o_pos,0,o_hw,0,o_i,NA,o_up,FALSE,why,NO_COG
[2026-09-19T17:36:12.409] Cog0  BM-TS,seq,1_591,tid,5,k,265,lt,FALSE,pos,-80,hw,-80,i,18,ph,2_499,d,5_652,e,-60,st,SPIN_DN,flt,FALSE,up,TRUE,ig,0,o_pos,0,o_hw,0,o_i,NA,o_up,FALSE,why,NO_COG
[2026-09-19T17:36:12.411] Cog0  BM-TS,seq,1_592,tid,5,k,266,lt,FALSE,pos,-80,hw,-80,i,21,ph,2_448,d,5_625,e,-65,st,SPIN_DN,flt,FALSE,up,TRUE,ig,0,o_pos,0,o_hw,0,o_i,NA,o_up,FALSE,why,NO_COG
[2026-09-19T17:36:12.413] Cog0  BM-TS,seq,1_593,tid,5,k,267,lt,FALSE,pos,-80,hw,-80,i,25,ph,2_391,d,5_589,e,-73,st,SPIN_DN,flt,FALSE,up,TRUE,ig,0,o_pos,0,o_hw,0,o_i,NA,o_up,FALSE,why,NO_COG
[2026-09-19T17:36:12.415] Cog0  BM-TS,seq,1_594,tid,5,k,268,lt,FALSE,pos,-80,hw,-80,i,20,ph,2_327,d,5_553,e,-81,st,SPIN_DN,flt,FALSE,up,TRUE,ig,0,o_pos,0,o_hw,0,o_i,NA,o_up,FALSE,why,NO_COG
[2026-09-19T17:36:12.417] Cog0  BM-TS,seq,1_595,tid,5,k,269,lt,FALSE,pos,-81,hw,-81,i,18,ph,2_286,d,5_527,e,-45,st,SPIN_DN,flt,FALSE,up,TRUE,ig,0,o_pos,0,o_hw,0,o_i,NA,o_up,FALSE,why,NO_COG
[2026-09-19T17:36:12.419] Cog0  BM-TS,seq,1_596,tid,5,k,270,lt,FALSE,pos,-81,hw,-81,i,19,ph,2_242,d,5_491,e,-53,st,SPIN_DN,flt,FALSE,up,TRUE,ig,0,o_pos,0,o_hw,0,o_i,NA,o_up,FALSE,why,NO_COG
[2026-09-19T17:36:12.421] Cog0  BM-TS,seq,1_597,tid,5,k,271,lt,FALSE,pos,-81,hw,-81,i,21,ph,2_272,d,5_464,e,-59,st,SPIN_DN,flt,FALSE,up,TRUE,ig,0,o_pos,0,o_hw,0,o_i,NA,o_up,FALSE,why,NO_COG
[2026-09-19T17:36:12.423] Cog0  BM-TS,seq,1_598,tid,5,k,272,lt,FALSE,pos,-81,hw,-81,i,21,ph,2_323,d,5_428,e,-66,st,SPIN_DN,flt,FALSE,up,TRUE,ig,0,o_pos,0,o_hw,0,o_i,NA,o_up,FALSE,why,NO_COG
[2026-09-19T17:36:12.425] Cog0  BM-TS,seq,1_599,tid,5,k,273,lt,FALSE,pos,-81,hw,-81,i,20,ph,2_379,d,5_392,e,-73,st,SPIN_DN,flt,FALSE,up,TRUE,ig,0,o_pos,0,o_hw,0,o_i,NA,o_up,FALSE,why,NO_COG
[2026-09-19T17:36:12.427] Cog0  BM-TS,seq,1_600,tid,5,k,274,lt,FALSE,pos,-81,hw,-81,i,18,ph,2_434,d,5_356,e,-81,st,SPIN_DN,flt,FALSE,up,TRUE,ig,0,o_pos,0,o_hw,0,o_i,NA,o_up,FALSE,why,NO_COG
[2026-09-19T17:36:12.429] Cog0  BM-TS,seq,1_601,tid,5,k,275,lt,FALSE,pos,-82,hw,-82,i,15,ph,2_470,d,5_339,e,-45,st,SPIN_DN,flt,FALSE,up,TRUE,ig,0,o_pos,0,o_hw,0,o_i,NA,o_up,FALSE,why,NO_COG
[2026-09-19T17:36:12.431] Cog0  BM-TS,seq,1_602,tid,5,k,276,lt,FALSE,pos,-82,hw,-82,i,19,ph,2_523,d,5_303,e,-53,st,SPIN_DN,flt,FALSE,up,TRUE,ig,0,o_pos,0,o_hw,0,o_i,NA,o_up,FALSE,why,NO_COG
[2026-09-19T17:36:12.433] Cog0  BM-TS,seq,1_603,tid,5,k,277,lt,FALSE,pos,-82,hw,-82,i,17,ph,2_487,d,5_276,e,-58,st,SPIN_DN,flt,FALSE,up,TRUE,ig,0,o_pos,0,o_hw,0,o_i,NA,o_up,FALSE,why,NO_COG
[2026-09-19T17:36:12.435] Cog0  BM-TS,seq,1_604,tid,5,k,278,lt,FALSE,pos,-82,hw,-82,i,18,ph,2_452,d,5_240,e,-65,st,SPIN_DN,flt,FALSE,up,TRUE,ig,0,o_pos,0,o_hw,0,o_i,NA,o_up,FALSE,why,NO_COG
[2026-09-19T17:36:12.437] Cog0  BM-TS,seq,1_605,tid,5,k,279,lt,FALSE,pos,-82,hw,-82,i,21,ph,2_400,d,5_204,e,-72,st,SPIN_DN,flt,FALSE,up,TRUE,ig,0,o_pos,0,o_hw,0,o_i,NA,o_up,FALSE,why,NO_COG
[2026-09-19T17:36:12.439] Cog0  BM-TS,seq,1_606,tid,5,k,280,lt,FALSE,pos,-82,hw,-82,i,17,ph,2_348,d,5_168,e,-79,st,SPIN_DN,flt,FALSE,up,TRUE,ig,0,o_pos,0,o_hw,0,o_i,NA,o_up,FALSE,why,NO_COG
[2026-09-19T17:36:12.441] Cog0  BM-TS,seq,1_607,tid,5,k,281,lt,FALSE,pos,-83,hw,-83,i,15,ph,2_304,d,5_127,e,-44,st,SPIN_DN,flt,FALSE,up,TRUE,ig,0,o_pos,0,o_hw,0,o_i,NA,o_up,FALSE,why,NO_COG
[2026-09-19T17:36:12.443] Cog0  BM-TS,seq,1_608,tid,5,k,282,lt,FALSE,pos,-83,hw,-83,i,14,ph,2_271,d,5_091,e,-51,st,SPIN_DN,flt,FALSE,up,TRUE,ig,0,o_pos,0,o_hw,0,o_i,NA,o_up,FALSE,why,NO_COG
[2026-09-19T17:36:12.446] Cog0  BM-TS,seq,1_609,tid,5,k,283,lt,FALSE,pos,-83,hw,-83,i,16,ph,2_267,d,5_064,e,-56,st,SPIN_DN,flt,FALSE,up,TRUE,ig,0,o_pos,0,o_hw,0,o_i,NA,o_up,FALSE,why,NO_COG
[2026-09-19T17:36:12.447] Cog0  BM-TS,seq,1_610,tid,5,k,284,lt,FALSE,pos,-83,hw,-83,i,13,ph,2_307,d,5_028,e,-63,st,SPIN_DN,flt,FALSE,up,TRUE,ig,0,o_pos,0,o_hw,0,o_i,NA,o_up,FALSE,why,NO_COG
[2026-09-19T17:36:12.449] Cog0  BM-TS,seq,1_611,tid,5,k,285,lt,FALSE,pos,-83,hw,-83,i,14,ph,2_350,d,4_992,e,-69,st,SPIN_DN,flt,FALSE,up,TRUE,ig,0,o_pos,0,o_hw,0,o_i,NA,o_up,FALSE,why,NO_COG
[2026-09-19T17:36:12.452] Cog0  BM-TS,seq,1_612,tid,5,k,286,lt,FALSE,pos,-83,hw,-83,i,15,ph,2_397,d,4_956,e,-76,st,SPIN_DN,flt,FALSE,up,TRUE,ig,0,o_pos,0,o_hw,0,o_i,NA,o_up,FALSE,why,NO_COG
[2026-09-19T17:36:12.453] Cog0  BM-TS,seq,1_613,tid,5,k,287,lt,FALSE,pos,-84,hw,-84,i,14,ph,2_440,d,4_944,e,-40,st,SPIN_DN,flt,FALSE,up,TRUE,ig,0,o_pos,0,o_hw,0,o_i,NA,o_up,FALSE,why,NO_COG
[2026-09-19T17:36:12.456] Cog0  BM-TS,seq,1_614,tid,5,k,288,lt,FALSE,pos,-84,hw,-84,i,12,ph,2_476,d,4_890,e,-47,st,SPIN_DN,flt,FALSE,up,TRUE,ig,0,o_pos,0,o_hw,0,o_i,NA,o_up,FALSE,why,NO_COG
[2026-09-19T17:36:12.456] Cog0  BM-TS,seq,1_615,tid,5,k,289,lt,FALSE,pos,-84,hw,-84,i,12,ph,2_506,d,4_863,e,-52,st,SPIN_DN,flt,FALSE,up,TRUE,ig,0,o_pos,0,o_hw,0,o_i,NA,o_up,FALSE,why,NO_COG
[2026-09-19T17:36:12.459] Cog0  BM-TS,seq,1_616,tid,5,k,290,lt,FALSE,pos,-84,hw,-84,i,13,ph,2_481,d,4_827,e,-59,st,SPIN_DN,flt,FALSE,up,TRUE,ig,0,o_pos,0,o_hw,0,o_i,NA,o_up,FALSE,why,NO_COG
[2026-09-19T17:36:12.461] Cog0  BM-TS,seq,1_617,tid,5,k,291,lt,FALSE,pos,-84,hw,-84,i,12,ph,2_433,d,4_791,e,-65,st,SPIN_DN,flt,FALSE,up,TRUE,ig,0,o_pos,0,o_hw,0,o_i,NA,o_up,FALSE,why,NO_COG
[2026-09-19T17:36:12.463] Cog0  BM-TS,seq,1_618,tid,5,k,292,lt,FALSE,pos,-84,hw,-84,i,12,ph,2_399,d,4_755,e,-72,st,SPIN_DN,flt,FALSE,up,TRUE,ig,0,o_pos,0,o_hw,0,o_i,NA,o_up,FALSE,why,NO_COG
[2026-09-19T17:36:12.465] Cog0  BM-TS,seq,1_619,tid,5,k,293,lt,FALSE,pos,-84,hw,-84,i,14,ph,2_357,d,4_719,e,-78,st,SPIN_DN,flt,FALSE,up,TRUE,ig,0,o_pos,0,o_hw,0,o_i,NA,o_up,FALSE,why,NO_COG
[2026-09-19T17:36:12.468] Cog0  BM-TS,seq,1_620,tid,5,k,294,lt,FALSE,pos,-85,hw,-85,i,13,ph,2_318,d,4_722,e,-40,st,SPIN_DN,flt,FALSE,up,TRUE,ig,0,o_pos,0,o_hw,0,o_i,NA,o_up,FALSE,why,NO_COG
[2026-09-19T17:36:12.469] Cog0  BM-TS,seq,1_621,tid,5,k,295,lt,FALSE,pos,-85,hw,-85,i,12,ph,2_283,d,4_686,e,-47,st,SPIN_DN,flt,FALSE,up,TRUE,ig,0,o_pos,0,o_hw,0,o_i,NA,o_up,FALSE,why,NO_COG
[2026-09-19T17:36:12.472] Cog0  BM-TS,seq,1_622,tid,5,k,296,lt,FALSE,pos,-85,hw,-85,i,13,ph,2_258,d,4_650,e,-53,st,SPIN_DN,flt,FALSE,up,TRUE,ig,0,o_pos,0,o_hw,0,o_i,NA,o_up,FALSE,why,NO_COG
[2026-09-19T17:36:12.473] Cog0  BM-TS,seq,1_623,tid,5,k,297,lt,FALSE,pos,-85,hw,-85,i,12,ph,2_288,d,4_614,e,-59,st,SPIN_DN,flt,FALSE,up,TRUE,ig,0,o_pos,0,o_hw,0,o_i,NA,o_up,FALSE,why,NO_COG
[2026-09-19T17:36:12.475] Cog0  BM-TS,seq,1_624,tid,5,k,298,lt,FALSE,pos,-85,hw,-85,i,11,ph,2_321,d,4_578,e,-65,st,SPIN_DN,flt,FALSE,up,TRUE,ig,0,o_pos,0,o_hw,0,o_i,NA,o_up,FALSE,why,NO_COG
[2026-09-19T17:36:12.477] Cog0  BM-TS,seq,1_625,tid,5,k,299,lt,FALSE,pos,-85,hw,-85,i,13,ph,2_367,d,4_542,e,-72,st,SPIN_DN,flt,FALSE,up,TRUE,ig,0,o_pos,0,o_hw,0,o_i,NA,o_up,FALSE,why,NO_COG
[2026-09-19T17:36:12.480] Cog0  BM-TS,seq,1_626,tid,5,k,300,lt,FALSE,pos,-85,hw,-85,i,12,ph,2_386,d,4_515,e,-76,st,SPIN_DN,flt,FALSE,up,TRUE,ig,0,o_pos,0,o_hw,0,o_i,NA,o_up,FALSE,why,NO_COG
[2026-09-19T17:36:12.482] Cog0  BM-TS,seq,1_627,tid,5,k,302,lt,FALSE,pos,-86,hw,-86,i,12,ph,2_465,d,4_464,e,-46,st,SPIN_DN,flt,FALSE,up,TRUE,ig,0,o_pos,0,o_hw,0,o_i,NA,o_up,FALSE,why,NO_COG
[2026-09-19T17:36:12.485] Cog0  BM-TS,seq,1_628,tid,5,k,309,lt,FALSE,pos,-87,hw,-87,i,8,ph,2_311,d,4_159,e,-43,st,SPIN_DN,flt,FALSE,up,TRUE,ig,0,o_pos,0,o_hw,0,o_i,NA,o_up,FALSE,why,NO_COG
[2026-09-19T17:36:12.487] Cog0  BM-TS,seq,1_629,tid,5,k,317,lt,FALSE,pos,-88,hw,-88,i,12,ph,2_433,d,3_891,e,-41,st,SPIN_DN,flt,FALSE,up,TRUE,ig,0,o_pos,0,o_hw,0,o_i,NA,o_up,FALSE,why,NO_COG
[2026-09-19T17:36:12.489] Cog0  BM-TS,seq,1_630,tid,5,k,325,lt,FALSE,pos,-88,hw,-88,i,8,ph,2_346,d,3_649,e,-81,st,SPIN_DN,flt,FALSE,up,TRUE,ig,0,o_pos,0,o_hw,0,o_i,NA,o_up,FALSE,why,NO_COG
[2026-09-19T17:36:12.492] Cog0  BM-TS,seq,1_631,tid,5,k,326,lt,FALSE,pos,-89,hw,-89,i,5,ph,2_316,d,3_622,e,-44,st,SPIN_DN,flt,FALSE,up,TRUE,ig,0,o_pos,0,o_hw,0,o_i,NA,o_up,FALSE,why,NO_COG
[2026-09-19T17:36:12.494] Cog0  BM-TS,seq,1_632,tid,5,k,335,lt,FALSE,pos,-90,hw,-90,i,4,ph,2_429,d,3_365,e,-41,st,SPIN_DN,flt,FALSE,up,TRUE,ig,0,o_pos,0,o_hw,0,o_i,NA,o_up,FALSE,why,NO_COG
[2026-09-19T17:36:12.496] Cog0  BM-TS,seq,1_633,tid,5,k,345,lt,FALSE,pos,-91,hw,-91,i,5,ph,2_335,d,3_099,e,-40,st,SPIN_DN,flt,FALSE,up,TRUE,ig,0,o_pos,0,o_hw,0,o_i,NA,o_up,FALSE,why,NO_COG
[2026-09-19T17:36:12.499] Cog0  BM-TS,seq,1_634,tid,5,k,350,lt,FALSE,pos,-91,hw,-91,i,6,ph,2_322,d,2_886,e,-59,st,SPIN_DN,flt,FALSE,up,TRUE,ig,0,o_pos,0,o_hw,0,o_i,NA,o_up,FALSE,why,NO_COG
[2026-09-19T17:36:12.502] Cog0  BM-TS,seq,1_635,tid,5,k,357,lt,FALSE,pos,-92,hw,-92,i,5,ph,2_416,d,2_686,e,-41,st,SPIN_DN,flt,FALSE,up,TRUE,ig,0,o_pos,0,o_hw,0,o_i,NA,o_up,FALSE,why,NO_COG
[2026-09-19T17:36:12.504] Cog0  BM-TS,seq,1_636,tid,5,k,370,lt,FALSE,pos,-93,hw,-93,i,4,ph,2_365,d,2_249,e,-38,st,SPIN_DN,flt,FALSE,up,TRUE,ig,0,o_pos,0,o_hw,0,o_i,NA,o_up,FALSE,why,NO_COG
[2026-09-19T17:36:12.507] Cog0  BM-TS,seq,1_637,tid,5,k,375,lt,FALSE,pos,-93,hw,-93,i,4,ph,2_331,d,1_984,e,-51,st,SPIN_DN,flt,FALSE,up,TRUE,ig,0,o_pos,0,o_hw,0,o_i,NA,o_up,FALSE,why,NO_COG
[2026-09-19T17:36:12.510] Cog0  BM-TS,seq,1_638,tid,5,k,389,lt,FALSE,pos,-94,hw,-94,i,0,ph,2_400,d,1_730,e,-41,st,SPIN_DN,flt,FALSE,up,TRUE,ig,0,o_pos,0,o_hw,0,o_i,NA,o_up,FALSE,why,NO_COG
[2026-09-19T17:36:12.513] Cog0  BM-TS,seq,1_639,tid,5,k,400,lt,FALSE,pos,-94,hw,-94,i,3,ph,2_414,d,1_600,e,-60,st,SPIN_DN,flt,FALSE,up,TRUE,ig,0,o_pos,0,o_hw,0,o_i,NA,o_up,FALSE,why,NO_COG
[2026-09-19T17:36:12.515] Cog0  BM-TS,seq,1_640,tid,5,k,416,lt,FALSE,pos,-95,hw,-95,i,4,ph,2_369,d,1_600,e,-35,st,SPIN_DN,flt,FALSE,up,TRUE,ig,0,o_pos,0,o_hw,0,o_i,NA,o_up,FALSE,why,NO_COG
[2026-09-19T17:36:12.518] Cog0  BM-TS,seq,1_641,tid,5,k,425,lt,FALSE,pos,-95,hw,-95,i,3,ph,2_346,d,1_600,e,-41,st,SPIN_DN,flt,FALSE,up,TRUE,ig,0,o_pos,0,o_hw,0,o_i,NA,o_up,FALSE,why,NO_COG
[2026-09-19T17:36:12.521] Cog0  BM-TS,seq,1_642,tid,5,k,435,lt,FALSE,pos,-95,hw,-95,i,0,ph,74,d,1_600,e,-42,st,STOPPED,flt,FALSE,up,TRUE,ig,0,o_pos,0,o_hw,0,o_i,NA,o_up,FALSE,why,NO_COG
[2026-09-19T17:36:12.524] Cog0  BM-TS,seq,1_643,tid,5,k,450,lt,FALSE,pos,-95,hw,-95,i,-2,ph,160,d,1_600,e,-42,st,STOPPED,flt,FALSE,up,TRUE,ig,0,o_pos,0,o_hw,0,o_i,NA,o_up,FALSE,why,NO_COG
[2026-09-19T17:36:12.528] Cog0  BM-TS,seq,1_644,tid,5,k,475,lt,FALSE,pos,-95,hw,-95,i,-1,ph,155,d,1_600,e,-42,st,STOPPED,flt,FALSE,up,TRUE,ig,0,o_pos,0,o_hw,0,o_i,NA,o_up,FALSE,why,NO_COG
[2026-09-19T17:36:12.532] Cog0  BM-TS,seq,1_645,tid,5,k,500,lt,FALSE,pos,-95,hw,-95,i,-1,ph,158,d,1_600,e,-42,st,STOPPED,flt,FALSE,up,TRUE,ig,0,o_pos,0,o_hw,0,o_i,NA,o_up,FALSE,why,NO_COG
[2026-09-19T17:36:12.535] Cog0  BM-TS,seq,1_646,tid,5,k,525,lt,FALSE,pos,-95,hw,-95,i,-1,ph,167,d,1_600,e,-42,st,STOPPED,flt,FALSE,up,TRUE,ig,0,o_pos,0,o_hw,0,o_i,NA,o_up,FALSE,why,NO_COG
[2026-09-19T17:36:12.538] Cog0  BM-TS,seq,1_647,tid,5,k,550,lt,FALSE,pos,-95,hw,-95,i,0,ph,157,d,1_600,e,-42,st,STOPPED,flt,FALSE,up,TRUE,ig,0,o_pos,0,o_hw,0,o_i,NA,o_up,FALSE,why,NO_COG
[2026-09-19T17:36:12.540] Cog0  BM-TS,seq,1_648,tid,5,k,569,lt,FALSE,pos,-95,hw,-95,i,0,ph,166,d,1_600,e,-42,st,STOPPED,flt,FALSE,up,TRUE,ig,0,o_pos,0,o_hw,0,o_i,NA,o_up,FALSE,why,NO_COG
[2026-09-19T17:36:12.557] Cog0  BM-TRACE-END,seq,1_649,tid,5,stored,570,emitted,323,ksum,53_995,mark_k,50,late,0,skipped,0,lost_head,0,dropped,0,end,REST,rest_k,416,ig_sum,0,o_ig_sum,0,hw_skip,0,stride,1,why,NONE
[2026-09-19T17:36:15.959] Cog0  BM-TRACE,seq,1_650,tid,6,seg,BASELINE,life,5,motor,RIGHT,cause,STOPCMD,incre,-73_500_000,off_neg,43,off_pos,317,req_mode,BRAKE,ramp_inc,22,period_us,2_000,decim,1,pre,50,why,NONE
[2026-09-19T17:36:16.040] Cog0  BM-TS,seq,1_651,tid,6,k,0,lt,FALSE,pos,0,hw,0,i,904,ph,2_771,d,18_541,e,-55,st,AT_SPEED,flt,FALSE,up,TRUE,ig,0,o_pos,0,o_hw,0,o_i,NA,o_up,FALSE,why,NO_COG
[2026-09-19T17:36:16.043] Cog0  BM-TS,seq,1_652,tid,6,k,1,lt,FALSE,pos,-1,hw,-1,i,916,ph,2_371,d,18_595,e,-30,st,AT_SPEED,flt,FALSE,up,TRUE,ig,0,o_pos,0,o_hw,0,o_i,NA,o_up,FALSE,why,NO_COG
[2026-09-19T17:36:16.044] Cog0  BM-TS,seq,1_653,tid,6,k,2,lt,FALSE,pos,-1,hw,-1,i,884,ph,2_024,d,18_539,e,-48,st,AT_SPEED,flt,FALSE,up,TRUE,ig,0,o_pos,0,o_hw,0,o_i,NA,o_up,FALSE,why,NO_COG
[2026-09-19T17:36:16.046] Cog0  BM-TS,seq,1_654,tid,6,k,3,lt,FALSE,pos,-1,hw,-1,i,952,ph,2_187,d,18_566,e,-65,st,AT_SPEED,flt,FALSE,up,TRUE,ig,0,o_pos,0,o_hw,0,o_i,NA,o_up,FALSE,why,NO_COG
[2026-09-19T17:36:16.048] Cog0  BM-TS,seq,1_655,tid,6,k,4,lt,FALSE,pos,-2,hw,-2,i,969,ph,2_494,d,18_547,e,-40,st,AT_SPEED,flt,FALSE,up,TRUE,ig,0,o_pos,0,o_hw,0,o_i,NA,o_up,FALSE,why,NO_COG
[2026-09-19T17:36:16.050] Cog0  BM-TS,seq,1_656,tid,6,k,5,lt,FALSE,pos,-2,hw,-2,i,940,ph,2_805,d,18_525,e,-53,st,AT_SPEED,flt,FALSE,up,TRUE,ig,0,o_pos,0,o_hw,0,o_i,NA,o_up,FALSE,why,NO_COG
[2026-09-19T17:36:16.052] Cog0  BM-TS,seq,1_657,tid,6,k,6,lt,FALSE,pos,-3,hw,-3,i,944,ph,2_420,d,18_602,e,-28,st,AT_SPEED,flt,FALSE,up,TRUE,ig,0,o_pos,0,o_hw,0,o_i,NA,o_up,FALSE,why,NO_COG
[2026-09-19T17:36:16.054] Cog0  BM-TS,seq,1_658,tid,6,k,7,lt,FALSE,pos,-3,hw,-3,i,878,ph,2_065,d,18_526,e,-46,st,AT_SPEED,flt,FALSE,up,TRUE,ig,0,o_pos,0,o_hw,0,o_i,NA,o_up,FALSE,why,NO_COG
[2026-09-19T17:36:16.056] Cog0  BM-TS,seq,1_659,tid,6,k,8,lt,FALSE,pos,-3,hw,-3,i,909,ph,2_151,d,18_556,e,-63,st,AT_SPEED,flt,FALSE,up,TRUE,ig,0,o_pos,0,o_hw,0,o_i,NA,o_up,FALSE,why,NO_COG
[2026-09-19T17:36:16.058] Cog0  BM-TS,seq,1_660,tid,6,k,9,lt,FALSE,pos,-4,hw,-4,i,918,ph,2_543,d,18_548,e,-38,st,AT_SPEED,flt,FALSE,up,TRUE,ig,0,o_pos,0,o_hw,0,o_i,NA,o_up,FALSE,why,NO_COG
[2026-09-19T17:36:16.060] Cog0  BM-TS,seq,1_661,tid,6,k,10,lt,FALSE,pos,-4,hw,-4,i,943,ph,2_798,d,18_529,e,-51,st,AT_SPEED,flt,FALSE,up,TRUE,ig,0,o_pos,0,o_hw,0,o_i,NA,o_up,FALSE,why,NO_COG
[2026-09-19T17:36:16.062] Cog0  BM-TS,seq,1_662,tid,6,k,11,lt,FALSE,pos,-5,hw,-5,i,965,ph,2_467,d,18_588,e,-26,st,AT_SPEED,flt,FALSE,up,TRUE,ig,0,o_pos,0,o_hw,0,o_i,NA,o_up,FALSE,why,NO_COG
[2026-09-19T17:36:16.064] Cog0  BM-TS,seq,1_663,tid,6,k,12,lt,FALSE,pos,-5,hw,-5,i,892,ph,2_106,d,18_515,e,-43,st,AT_SPEED,flt,FALSE,up,TRUE,ig,0,o_pos,0,o_hw,0,o_i,NA,o_up,FALSE,why,NO_COG
[2026-09-19T17:36:16.066] Cog0  BM-TS,seq,1_664,tid,6,k,13,lt,FALSE,pos,-5,hw,-5,i,916,ph,2_101,d,18_548,e,-61,st,AT_SPEED,flt,FALSE,up,TRUE,ig,0,o_pos,0,o_hw,0,o_i,NA,o_up,FALSE,why,NO_COG
[2026-09-19T17:36:16.068] Cog0  BM-TS,seq,1_665,tid,6,k,14,lt,FALSE,pos,-6,hw,-6,i,920,ph,2_497,d,18_569,e,-36,st,AT_SPEED,flt,FALSE,up,TRUE,ig,0,o_pos,0,o_hw,0,o_i,NA,o_up,FALSE,why,NO_COG
[2026-09-19T17:36:16.070] Cog0  BM-TS,seq,1_666,tid,6,k,15,lt,FALSE,pos,-6,hw,-6,i,957,ph,2_761,d,18_530,e,-53,st,AT_SPEED,flt,FALSE,up,TRUE,ig,0,o_pos,0,o_hw,0,o_i,NA,o_up,FALSE,why,NO_COG
[2026-09-19T17:36:16.072] Cog0  BM-TS,seq,1_667,tid,6,k,16,lt,FALSE,pos,-6,hw,-6,i,959,ph,2_514,d,18_597,e,-67,st,AT_SPEED,flt,FALSE,up,TRUE,ig,0,o_pos,0,o_hw,0,o_i,NA,o_up,FALSE,why,NO_COG
[2026-09-19T17:36:16.074] Cog0  BM-TS,seq,1_668,tid,6,k,17,lt,FALSE,pos,-7,hw,-7,i,887,ph,2_143,d,18_533,e,-41,st,AT_SPEED,flt,FALSE,up,TRUE,ig,0,o_pos,0,o_hw,0,o_i,NA,o_up,FALSE,why,NO_COG
[2026-09-19T17:36:16.076] Cog0  BM-TS,seq,1_669,tid,6,k,18,lt,FALSE,pos,-7,hw,-7,i,911,ph,2_056,d,18_541,e,-59,st,AT_SPEED,flt,FALSE,up,TRUE,ig,0,o_pos,0,o_hw,0,o_i,NA,o_up,FALSE,why,NO_COG
[2026-09-19T17:36:16.078] Cog0  BM-TS,seq,1_670,tid,6,k,19,lt,FALSE,pos,-8,hw,-8,i,922,ph,2_453,d,18_567,e,-34,st,AT_SPEED,flt,FALSE,up,TRUE,ig,0,o_pos,0,o_hw,0,o_i,NA,o_up,FALSE,why,NO_COG
[2026-09-19T17:36:16.080] Cog0  BM-TS,seq,1_671,tid,6,k,20,lt,FALSE,pos,-8,hw,-8,i,915,ph,2_803,d,18_531,e,-51,st,AT_SPEED,flt,FALSE,up,TRUE,ig,0,o_pos,0,o_hw,0,o_i,NA,o_up,FALSE,why,NO_COG
[2026-09-19T17:36:16.082] Cog0  BM-TS,seq,1_672,tid,6,k,21,lt,FALSE,pos,-8,hw,-8,i,980,ph,2_578,d,18_578,e,-69,st,AT_SPEED,flt,FALSE,up,TRUE,ig,0,o_pos,0,o_hw,0,o_i,NA,o_up,FALSE,why,NO_COG
[2026-09-19T17:36:16.084] Cog0  BM-TS,seq,1_673,tid,6,k,22,lt,FALSE,pos,-9,hw,-9,i,926,ph,2_194,d,18_527,e,-39,st,AT_SPEED,flt,FALSE,up,TRUE,ig,0,o_pos,0,o_hw,0,o_i,NA,o_up,FALSE,why,NO_COG
[2026-09-19T17:36:16.086] Cog0  BM-TS,seq,1_674,tid,6,k,23,lt,FALSE,pos,-9,hw,-9,i,926,ph,2_020,d,18_541,e,-57,st,AT_SPEED,flt,FALSE,up,TRUE,ig,0,o_pos,0,o_hw,0,o_i,NA,o_up,FALSE,why,NO_COG
[2026-09-19T17:36:16.088] Cog0  BM-TS,seq,1_675,tid,6,k,24,lt,FALSE,pos,-10,hw,-10,i,915,ph,2_410,d,18_590,e,-32,st,AT_SPEED,flt,FALSE,up,TRUE,ig,0,o_pos,0,o_hw,0,o_i,NA,o_up,FALSE,why,NO_COG
[2026-09-19T17:36:16.090] Cog0  BM-TS,seq,1_676,tid,6,k,25,lt,FALSE,pos,-10,hw,-10,i,868,ph,2_761,d,18_534,e,-49,st,AT_SPEED,flt,FALSE,up,TRUE,ig,0,o_pos,0,o_hw,0,o_i,NA,o_up,FALSE,why,NO_COG
[2026-09-19T17:36:16.092] Cog0  BM-TS,seq,1_677,tid,6,k,26,lt,FALSE,pos,-10,hw,-10,i,940,ph,2_541,d,18_584,e,-67,st,AT_SPEED,flt,FALSE,up,TRUE,ig,0,o_pos,0,o_hw,0,o_i,NA,o_up,FALSE,why,NO_COG
[2026-09-19T17:36:16.094] Cog0  BM-TS,seq,1_678,tid,6,k,27,lt,FALSE,pos,-11,hw,-11,i,956,ph,2_230,d,18_552,e,-42,st,AT_SPEED,flt,FALSE,up,TRUE,ig,0,o_pos,0,o_hw,0,o_i,NA,o_up,FALSE,why,NO_COG
[2026-09-19T17:36:16.096] Cog0  BM-TS,seq,1_679,tid,6,k,28,lt,FALSE,pos,-11,hw,-11,i,941,ph,1_981,d,18_552,e,-55,st,AT_SPEED,flt,FALSE,up,TRUE,ig,0,o_pos,0,o_hw,0,o_i,NA,o_up,FALSE,why,NO_COG
[2026-09-19T17:36:16.098] Cog0  BM-TS,seq,1_680,tid,6,k,29,lt,FALSE,pos,-12,hw,-12,i,941,ph,2_369,d,18_608,e,-30,st,AT_SPEED,flt,FALSE,up,TRUE,ig,0,o_pos,0,o_hw,0,o_i,NA,o_up,FALSE,why,NO_COG
[2026-09-19T17:36:16.100] Cog0  BM-TS,seq,1_681,tid,6,k,30,lt,FALSE,pos,-12,hw,-12,i,890,ph,2_715,d,18_555,e,-47,st,AT_SPEED,flt,FALSE,up,TRUE,ig,0,o_pos,0,o_hw,0,o_i,NA,o_up,FALSE,why,NO_COG
[2026-09-19T17:36:16.102] Cog0  BM-TS,seq,1_682,tid,6,k,31,lt,FALSE,pos,-12,hw,-12,i,927,ph,2_574,d,18_585,e,-65,st,AT_SPEED,flt,FALSE,up,TRUE,ig,0,o_pos,0,o_hw,0,o_i,NA,o_up,FALSE,why,NO_COG
[2026-09-19T17:36:16.104] Cog0  BM-TS,seq,1_683,tid,6,k,32,lt,FALSE,pos,-13,hw,-13,i,934,ph,2_181,d,18_566,e,-39,st,AT_SPEED,flt,FALSE,up,TRUE,ig,0,o_pos,0,o_hw,0,o_i,NA,o_up,FALSE,why,NO_COG
[2026-09-19T17:36:16.106] Cog0  BM-TS,seq,1_684,tid,6,k,33,lt,FALSE,pos,-13,hw,-13,i,942,ph,1_937,d,18_547,e,-53,st,AT_SPEED,flt,FALSE,up,TRUE,ig,0,o_pos,0,o_hw,0,o_i,NA,o_up,FALSE,why,NO_COG
[2026-09-19T17:36:16.108] Cog0  BM-TS,seq,1_685,tid,6,k,34,lt,FALSE,pos,-14,hw,-14,i,951,ph,2_315,d,18_619,e,-27,st,AT_SPEED,flt,FALSE,up,TRUE,ig,0,o_pos,0,o_hw,0,o_i,NA,o_up,FALSE,why,NO_COG
[2026-09-19T17:36:16.109] Cog0  BM-TS,seq,1_686,tid,6,k,35,lt,FALSE,pos,-14,hw,-14,i,900,ph,2_686,d,18_546,e,-45,st,AT_SPEED,flt,FALSE,up,TRUE,ig,0,o_pos,0,o_hw,0,o_i,NA,o_up,FALSE,why,NO_COG
[2026-09-19T17:36:16.112] Cog0  BM-TS,seq,1_687,tid,6,k,36,lt,FALSE,pos,-14,hw,-14,i,923,ph,2_632,d,18_579,e,-63,st,AT_SPEED,flt,FALSE,up,TRUE,ig,0,o_pos,0,o_hw,0,o_i,NA,o_up,FALSE,why,NO_COG
[2026-09-19T17:36:16.115] Cog0  BM-TS,seq,1_688,tid,6,k,37,lt,FALSE,pos,-15,hw,-15,i,912,ph,2_232,d,18_565,e,-37,st,AT_SPEED,flt,FALSE,up,TRUE,ig,0,o_pos,0,o_hw,0,o_i,NA,o_up,FALSE,why,NO_COG
[2026-09-19T17:36:16.117] Cog0  BM-TS,seq,1_689,tid,6,k,38,lt,FALSE,pos,-15,hw,-15,i,969,ph,1_973,d,18_549,e,-55,st,AT_SPEED,flt,FALSE,up,TRUE,ig,0,o_pos,0,o_hw,0,o_i,NA,o_up,FALSE,why,NO_COG
[2026-09-19T17:36:16.118] Cog0  BM-TS,seq,1_690,tid,6,k,39,lt,FALSE,pos,-15,hw,-15,i,972,ph,2_280,d,18_616,e,-68,st,AT_SPEED,flt,FALSE,up,TRUE,ig,0,o_pos,0,o_hw,0,o_i,NA,o_up,FALSE,why,NO_COG
[2026-09-19T17:36:16.121] Cog0  BM-TS,seq,1_691,tid,6,k,40,lt,FALSE,pos,-16,hw,-16,i,901,ph,2_646,d,18_567,e,-43,st,AT_SPEED,flt,FALSE,up,TRUE,ig,0,o_pos,0,o_hw,0,o_i,NA,o_up,FALSE,why,NO_COG
[2026-09-19T17:36:16.123] Cog0  BM-TS,seq,1_692,tid,6,k,41,lt,FALSE,pos,-16,hw,-16,i,910,ph,2_673,d,18_580,e,-60,st,AT_SPEED,flt,FALSE,up,TRUE,ig,0,o_pos,0,o_hw,0,o_i,NA,o_up,FALSE,why,NO_COG
[2026-09-19T17:36:16.125] Cog0  BM-TS,seq,1_693,tid,6,k,42,lt,FALSE,pos,-17,hw,-17,i,917,ph,2_267,d,18_593,e,-35,st,AT_SPEED,flt,FALSE,up,TRUE,ig,0,o_pos,0,o_hw,0,o_i,NA,o_up,FALSE,why,NO_COG
[2026-09-19T17:36:16.127] Cog0  BM-TS,seq,1_694,tid,6,k,43,lt,FALSE,pos,-17,hw,-17,i,911,ph,1_937,d,18_557,e,-53,st,AT_SPEED,flt,FALSE,up,TRUE,ig,0,o_pos,0,o_hw,0,o_i,NA,o_up,FALSE,why,NO_COG
[2026-09-19T17:36:16.129] Cog0  BM-TS,seq,1_695,tid,6,k,44,lt,FALSE,pos,-17,hw,-17,i,995,ph,2_234,d,18_627,e,-70,st,AT_SPEED,flt,FALSE,up,TRUE,ig,0,o_pos,0,o_hw,0,o_i,NA,o_up,FALSE,why,NO_COG
[2026-09-19T17:36:16.130] Cog0  BM-TS,seq,1_696,tid,6,k,45,lt,FALSE,pos,-18,hw,-18,i,919,ph,2_596,d,18_554,e,-41,st,AT_SPEED,flt,FALSE,up,TRUE,ig,0,o_pos,0,o_hw,0,o_i,NA,o_up,FALSE,why,NO_COG
[2026-09-19T17:36:16.133] Cog0  BM-TS,seq,1_697,tid,6,k,46,lt,FALSE,pos,-18,hw,-18,i,936,ph,2_703,d,18_568,e,-58,st,AT_SPEED,flt,FALSE,up,TRUE,ig,0,o_pos,0,o_hw,0,o_i,NA,o_up,FALSE,why,NO_COG
[2026-09-19T17:36:16.135] Cog0  BM-TS,seq,1_698,tid,6,k,47,lt,FALSE,pos,-19,hw,-19,i,919,ph,2_309,d,18_609,e,-33,st,AT_SPEED,flt,FALSE,up,TRUE,ig,0,o_pos,0,o_hw,0,o_i,NA,o_up,FALSE,why,NO_COG
[2026-09-19T17:36:16.137] Cog0  BM-TS,seq,1_699,tid,6,k,48,lt,FALSE,pos,-19,hw,-19,i,897,ph,1_959,d,18_576,e,-51,st,AT_SPEED,flt,FALSE,up,TRUE,ig,0,o_pos,0,o_hw,0,o_i,NA,o_up,FALSE,why,NO_COG
[2026-09-19T17:36:16.139] Cog0  BM-TS,seq,1_700,tid,6,k,49,lt,FALSE,pos,-19,hw,-19,i,969,ph,2_261,d,18_626,e,-68,st,AT_SPEED,flt,FALSE,up,TRUE,ig,0,o_pos,0,o_hw,0,o_i,NA,o_up,FALSE,why,NO_COG
[2026-09-19T17:36:16.141] Cog0  BM-TS,seq,1_701,tid,6,k,50,lt,FALSE,pos,-20,hw,-20,i,951,ph,2_557,d,18_603,e,-43,st,AT_SPEED,flt,FALSE,up,TRUE,ig,0,o_pos,0,o_hw,0,o_i,NA,o_up,FALSE,why,NO_COG
[2026-09-19T17:36:16.143] Cog0  BM-TS,seq,1_702,tid,6,k,51,lt,FALSE,pos,-20,hw,-20,i,934,ph,2_754,d,18_577,e,-56,st,SPIN_DN,flt,FALSE,up,TRUE,ig,0,o_pos,0,o_hw,0,o_i,NA,o_up,FALSE,why,NO_COG
[2026-09-19T17:36:16.145] Cog0  BM-TS,seq,1_703,tid,6,k,52,lt,FALSE,pos,-21,hw,-21,i,924,ph,2_356,d,18_500,e,-31,st,SPIN_DN,flt,FALSE,up,TRUE,ig,0,o_pos,0,o_hw,0,o_i,NA,o_up,FALSE,why,NO_COG
[2026-09-19T17:36:16.147] Cog0  BM-TS,seq,1_704,tid,6,k,53,lt,FALSE,pos,-21,hw,-21,i,879,ph,2_013,d,18_397,e,-48,st,SPIN_DN,flt,FALSE,up,TRUE,ig,0,o_pos,0,o_hw,0,o_i,NA,o_up,FALSE,why,NO_COG
[2026-09-19T17:36:16.149] Cog0  BM-TS,seq,1_705,tid,6,k,54,lt,FALSE,pos,-21,hw,-21,i,897,ph,2_203,d,18_345,e,-66,st,SPIN_DN,flt,FALSE,up,TRUE,ig,0,o_pos,0,o_hw,0,o_i,NA,o_up,FALSE,why,NO_COG
[2026-09-19T17:36:16.151] Cog0  BM-TS,seq,1_706,tid,6,k,55,lt,FALSE,pos,-22,hw,-22,i,900,ph,2_594,d,18_235,e,-40,st,SPIN_DN,flt,FALSE,up,TRUE,ig,0,o_pos,0,o_hw,0,o_i,NA,o_up,FALSE,why,NO_COG
[2026-09-19T17:36:16.153] Cog0  BM-TS,seq,1_707,tid,6,k,56,lt,FALSE,pos,-22,hw,-22,i,918,ph,2_791,d,18_177,e,-53,st,SPIN_DN,flt,FALSE,up,TRUE,ig,0,o_pos,0,o_hw,0,o_i,NA,o_up,FALSE,why,NO_COG
[2026-09-19T17:36:16.155] Cog0  BM-TS,seq,1_708,tid,6,k,57,lt,FALSE,pos,-23,hw,-23,i,917,ph,2_423,d,18_118,e,-28,st,SPIN_DN,flt,FALSE,up,TRUE,ig,0,o_pos,0,o_hw,0,o_i,NA,o_up,FALSE,why,NO_COG
[2026-09-19T17:36:16.157] Cog0  BM-TS,seq,1_709,tid,6,k,58,lt,FALSE,pos,-23,hw,-23,i,847,ph,2_075,d,17_996,e,-45,st,SPIN_DN,flt,FALSE,up,TRUE,ig,0,o_pos,0,o_hw,0,o_i,NA,o_up,FALSE,why,NO_COG
[2026-09-19T17:36:16.159] Cog0  BM-TS,seq,1_710,tid,6,k,59,lt,FALSE,pos,-23,hw,-23,i,845,ph,2_138,d,17_944,e,-62,st,SPIN_DN,flt,FALSE,up,TRUE,ig,0,o_pos,0,o_hw,0,o_i,NA,o_up,FALSE,why,NO_COG
[2026-09-19T17:36:16.161] Cog0  BM-TS,seq,1_711,tid,6,k,60,lt,FALSE,pos,-24,hw,-24,i,828,ph,2_510,d,17_845,e,-37,st,SPIN_DN,flt,FALSE,up,TRUE,ig,0,o_pos,0,o_hw,0,o_i,NA,o_up,FALSE,why,NO_COG
[2026-09-19T17:36:16.163] Cog0  BM-TS,seq,1_712,tid,6,k,61,lt,FALSE,pos,-24,hw,-24,i,869,ph,2_776,d,17_755,e,-54,st,SPIN_DN,flt,FALSE,up,TRUE,ig,0,o_pos,0,o_hw,0,o_i,NA,o_up,FALSE,why,NO_COG
[2026-09-19T17:36:16.165] Cog0  BM-TS,seq,1_713,tid,6,k,62,lt,FALSE,pos,-24,hw,-24,i,878,ph,2_497,d,17_716,e,-67,st,SPIN_DN,flt,FALSE,up,TRUE,ig,0,o_pos,0,o_hw,0,o_i,NA,o_up,FALSE,why,NO_COG
[2026-09-19T17:36:16.167] Cog0  BM-TS,seq,1_714,tid,6,k,63,lt,FALSE,pos,-25,hw,-25,i,799,ph,2_160,d,17_584,e,-41,st,SPIN_DN,flt,FALSE,up,TRUE,ig,0,o_pos,0,o_hw,0,o_i,NA,o_up,FALSE,why,NO_COG
[2026-09-19T17:36:16.169] Cog0  BM-TS,seq,1_715,tid,6,k,64,lt,FALSE,pos,-25,hw,-25,i,809,ph,2_054,d,17_527,e,-58,st,SPIN_DN,flt,FALSE,up,TRUE,ig,0,o_pos,0,o_hw,0,o_i,NA,o_up,FALSE,why,NO_COG
[2026-09-19T17:36:16.171] Cog0  BM-TS,seq,1_716,tid,6,k,65,lt,FALSE,pos,-26,hw,-26,i,809,ph,2_414,d,17_462,e,-32,st,SPIN_DN,flt,FALSE,up,TRUE,ig,0,o_pos,0,o_hw,0,o_i,NA,o_up,FALSE,why,NO_COG
[2026-09-19T17:36:16.173] Cog0  BM-TS,seq,1_717,tid,6,k,66,lt,FALSE,pos,-26,hw,-26,i,774,ph,2_730,d,17_353,e,-49,st,SPIN_DN,flt,FALSE,up,TRUE,ig,0,o_pos,0,o_hw,0,o_i,NA,o_up,FALSE,why,NO_COG
[2026-09-19T17:36:16.175] Cog0  BM-TS,seq,1_718,tid,6,k,67,lt,FALSE,pos,-26,hw,-26,i,823,ph,2_628,d,17_301,e,-66,st,SPIN_DN,flt,FALSE,up,TRUE,ig,0,o_pos,0,o_hw,0,o_i,NA,o_up,FALSE,why,NO_COG
[2026-09-19T17:36:16.177] Cog0  BM-TS,seq,1_719,tid,6,k,68,lt,FALSE,pos,-27,hw,-27,i,791,ph,2_278,d,17_211,e,-36,st,SPIN_DN,flt,FALSE,up,TRUE,ig,0,o_pos,0,o_hw,0,o_i,NA,o_up,FALSE,why,NO_COG
[2026-09-19T17:36:16.179] Cog0  BM-TS,seq,1_720,tid,6,k,69,lt,FALSE,pos,-27,hw,-27,i,749,ph,1_979,d,17_135,e,-52,st,SPIN_DN,flt,FALSE,up,TRUE,ig,0,o_pos,0,o_hw,0,o_i,NA,o_up,FALSE,why,NO_COG
[2026-09-19T17:36:16.181] Cog0  BM-TS,seq,1_721,tid,6,k,70,lt,FALSE,pos,-27,hw,-27,i,763,ph,2_303,d,17_083,e,-69,st,SPIN_DN,flt,FALSE,up,TRUE,ig,0,o_pos,0,o_hw,0,o_i,NA,o_up,FALSE,why,NO_COG
[2026-09-19T17:36:16.183] Cog0  BM-TS,seq,1_722,tid,6,k,71,lt,FALSE,pos,-28,hw,-28,i,709,ph,2_625,d,16_961,e,-43,st,SPIN_DN,flt,FALSE,up,TRUE,ig,0,o_pos,0,o_hw,0,o_i,NA,o_up,FALSE,why,NO_COG
[2026-09-19T17:36:16.185] Cog0  BM-TS,seq,1_723,tid,6,k,72,lt,FALSE,pos,-28,hw,-28,i,740,ph,2_674,d,16_909,e,-59,st,SPIN_DN,flt,FALSE,up,TRUE,ig,0,o_pos,0,o_hw,0,o_i,NA,o_up,FALSE,why,NO_COG
[2026-09-19T17:36:16.187] Cog0  BM-TS,seq,1_724,tid,6,k,73,lt,FALSE,pos,-29,hw,-29,i,783,ph,2_401,d,16_843,e,-33,st,SPIN_DN,flt,FALSE,up,TRUE,ig,0,o_pos,0,o_hw,0,o_i,NA,o_up,FALSE,why,NO_COG
[2026-09-19T17:36:16.189] Cog0  BM-TS,seq,1_725,tid,6,k,74,lt,FALSE,pos,-29,hw,-29,i,727,ph,2_090,d,16_738,e,-46,st,SPIN_DN,flt,FALSE,up,TRUE,ig,0,o_pos,0,o_hw,0,o_i,NA,o_up,FALSE,why,NO_COG
[2026-09-19T17:36:16.192] Cog0  BM-TS,seq,1_726,tid,6,k,75,lt,FALSE,pos,-29,hw,-29,i,717,ph,2_149,d,16_686,e,-62,st,SPIN_DN,flt,FALSE,up,TRUE,ig,0,o_pos,0,o_hw,0,o_i,NA,o_up,FALSE,why,NO_COG
[2026-09-19T17:36:16.193] Cog0  BM-TS,seq,1_727,tid,6,k,76,lt,FALSE,pos,-30,hw,-30,i,692,ph,2_486,d,16_604,e,-36,st,SPIN_DN,flt,FALSE,up,TRUE,ig,0,o_pos,0,o_hw,0,o_i,NA,o_up,FALSE,why,NO_COG
[2026-09-19T17:36:16.195] Cog0  BM-TS,seq,1_728,tid,6,k,77,lt,FALSE,pos,-30,hw,-30,i,656,ph,2_764,d,16_519,e,-52,st,SPIN_DN,flt,FALSE,up,TRUE,ig,0,o_pos,0,o_hw,0,o_i,NA,o_up,FALSE,why,NO_COG
[2026-09-19T17:36:16.197] Cog0  BM-TS,seq,1_729,tid,6,k,78,lt,FALSE,pos,-30,hw,-30,i,696,ph,2_491,d,16_467,e,-68,st,SPIN_DN,flt,FALSE,up,TRUE,ig,0,o_pos,0,o_hw,0,o_i,NA,o_up,FALSE,why,NO_COG
[2026-09-19T17:36:16.200] Cog0  BM-TS,seq,1_730,tid,6,k,79,lt,FALSE,pos,-31,hw,-31,i,683,ph,2_233,d,16_364,e,-38,st,SPIN_DN,flt,FALSE,up,TRUE,ig,0,o_pos,0,o_hw,0,o_i,NA,o_up,FALSE,why,NO_COG
[2026-09-19T17:36:16.202] Cog0  BM-TS,seq,1_731,tid,6,k,80,lt,FALSE,pos,-31,hw,-31,i,663,ph,2_009,d,16_312,e,-54,st,SPIN_DN,flt,FALSE,up,TRUE,ig,0,o_pos,0,o_hw,0,o_i,NA,o_up,FALSE,why,NO_COG
[2026-09-19T17:36:16.203] Cog0  BM-TS,seq,1_732,tid,6,k,81,lt,FALSE,pos,-31,hw,-31,i,678,ph,2_327,d,16_260,e,-70,st,SPIN_DN,flt,FALSE,up,TRUE,ig,0,o_pos,0,o_hw,0,o_i,NA,o_up,FALSE,why,NO_COG
[2026-09-19T17:36:16.206] Cog0  BM-TS,seq,1_733,tid,6,k,82,lt,FALSE,pos,-32,hw,-32,i,632,ph,2_622,d,16_143,e,-44,st,SPIN_DN,flt,FALSE,up,TRUE,ig,0,o_pos,0,o_hw,0,o_i,NA,o_up,FALSE,why,NO_COG
[2026-09-19T17:36:16.207] Cog0  BM-TS,seq,1_734,tid,6,k,83,lt,FALSE,pos,-32,hw,-32,i,639,ph,2_657,d,16_095,e,-60,st,SPIN_DN,flt,FALSE,up,TRUE,ig,0,o_pos,0,o_hw,0,o_i,NA,o_up,FALSE,why,NO_COG
[2026-09-19T17:36:16.210] Cog0  BM-TS,seq,1_735,tid,6,k,84,lt,FALSE,pos,-33,hw,-33,i,681,ph,2_329,d,16_034,e,-33,st,SPIN_DN,flt,FALSE,up,TRUE,ig,0,o_pos,0,o_hw,0,o_i,NA,o_up,FALSE,why,NO_COG
[2026-09-19T17:36:16.212] Cog0  BM-TS,seq,1_736,tid,6,k,85,lt,FALSE,pos,-33,hw,-33,i,635,ph,2_121,d,15_934,e,-45,st,SPIN_DN,flt,FALSE,up,TRUE,ig,0,o_pos,0,o_hw,0,o_i,NA,o_up,FALSE,why,NO_COG
[2026-09-19T17:36:16.213] Cog0  BM-TS,seq,1_737,tid,6,k,86,lt,FALSE,pos,-33,hw,-33,i,624,ph,2_133,d,15_886,e,-61,st,SPIN_DN,flt,FALSE,up,TRUE,ig,0,o_pos,0,o_hw,0,o_i,NA,o_up,FALSE,why,NO_COG
[2026-09-19T17:36:16.216] Cog0  BM-TS,seq,1_738,tid,6,k,87,lt,FALSE,pos,-34,hw,-34,i,609,ph,2_456,d,15_803,e,-34,st,SPIN_DN,flt,FALSE,up,TRUE,ig,0,o_pos,0,o_hw,0,o_i,NA,o_up,FALSE,why,NO_COG
[2026-09-19T17:36:16.218] Cog0  BM-TS,seq,1_739,tid,6,k,88,lt,FALSE,pos,-34,hw,-34,i,573,ph,2_723,d,15_724,e,-50,st,SPIN_DN,flt,FALSE,up,TRUE,ig,0,o_pos,0,o_hw,0,o_i,NA,o_up,FALSE,why,NO_COG
[2026-09-19T17:36:16.219] Cog0  BM-TS,seq,1_740,tid,6,k,89,lt,FALSE,pos,-34,hw,-34,i,611,ph,2_541,d,15_676,e,-66,st,SPIN_DN,flt,FALSE,up,TRUE,ig,0,o_pos,0,o_hw,0,o_i,NA,o_up,FALSE,why,NO_COG
[2026-09-19T17:36:16.222] Cog0  BM-TS,seq,1_741,tid,6,k,90,lt,FALSE,pos,-35,hw,-35,i,638,ph,2_289,d,15_580,e,-39,st,SPIN_DN,flt,FALSE,up,TRUE,ig,0,o_pos,0,o_hw,0,o_i,NA,o_up,FALSE,why,NO_COG
[2026-09-19T17:36:16.224] Cog0  BM-TS,seq,1_742,tid,6,k,91,lt,FALSE,pos,-35,hw,-35,i,598,ph,2_039,d,15_523,e,-50,st,SPIN_DN,flt,FALSE,up,TRUE,ig,0,o_pos,0,o_hw,0,o_i,NA,o_up,FALSE,why,NO_COG
[2026-09-19T17:36:16.226] Cog0  BM-TS,seq,1_743,tid,6,k,92,lt,FALSE,pos,-35,hw,-35,i,600,ph,2_236,d,15_475,e,-66,st,SPIN_DN,flt,FALSE,up,TRUE,ig,0,o_pos,0,o_hw,0,o_i,NA,o_up,FALSE,why,NO_COG
[2026-09-19T17:36:16.228] Cog0  BM-TS,seq,1_744,tid,6,k,93,lt,FALSE,pos,-36,hw,-36,i,570,ph,2_541,d,15_376,e,-39,st,SPIN_DN,flt,FALSE,up,TRUE,ig,0,o_pos,0,o_hw,0,o_i,NA,o_up,FALSE,why,NO_COG
[2026-09-19T17:36:16.230] Cog0  BM-TS,seq,1_745,tid,6,k,94,lt,FALSE,pos,-36,hw,-36,i,537,ph,2_710,d,15_318,e,-55,st,SPIN_DN,flt,FALSE,up,TRUE,ig,0,o_pos,0,o_hw,0,o_i,NA,o_up,FALSE,why,NO_COG
[2026-09-19T17:36:16.232] Cog0  BM-TS,seq,1_746,tid,6,k,95,lt,FALSE,pos,-36,hw,-36,i,569,ph,2_434,d,15_270,e,-70,st,SPIN_DN,flt,FALSE,up,TRUE,ig,0,o_pos,0,o_hw,0,o_i,NA,o_up,FALSE,why,NO_COG
[2026-09-19T17:36:16.234] Cog0  BM-TS,seq,1_747,tid,6,k,96,lt,FALSE,pos,-37,hw,-37,i,560,ph,2_222,d,15_155,e,-43,st,SPIN_DN,flt,FALSE,up,TRUE,ig,0,o_pos,0,o_hw,0,o_i,NA,o_up,FALSE,why,NO_COG
[2026-09-19T17:36:16.236] Cog0  BM-TS,seq,1_748,tid,6,k,97,lt,FALSE,pos,-37,hw,-37,i,532,ph,2_044,d,15_119,e,-54,st,SPIN_DN,flt,FALSE,up,TRUE,ig,0,o_pos,0,o_hw,0,o_i,NA,o_up,FALSE,why,NO_COG
[2026-09-19T17:36:16.238] Cog0  BM-TS,seq,1_749,tid,6,k,98,lt,FALSE,pos,-37,hw,-37,i,560,ph,2_331,d,15_071,e,-70,st,SPIN_DN,flt,FALSE,up,TRUE,ig,0,o_pos,0,o_hw,0,o_i,NA,o_up,FALSE,why,NO_COG
[2026-09-19T17:36:16.240] Cog0  BM-TS,seq,1_750,tid,6,k,99,lt,FALSE,pos,-38,hw,-38,i,525,ph,2_589,d,14_958,e,-42,st,SPIN_DN,flt,FALSE,up,TRUE,ig,0,o_pos,0,o_hw,0,o_i,NA,o_up,FALSE,why,NO_COG
[2026-09-19T17:36:16.242] Cog0  BM-TS,seq,1_751,tid,6,k,100,lt,FALSE,pos,-38,hw,-38,i,509,ph,2_654,d,14_910,e,-58,st,SPIN_DN,flt,FALSE,up,TRUE,ig,0,o_pos,0,o_hw,0,o_i,NA,o_up,FALSE,why,NO_COG
[2026-09-19T17:36:16.244] Cog0  BM-TS,seq,1_752,tid,6,k,101,lt,FALSE,pos,-38,hw,-38,i,546,ph,2_380,d,14_862,e,-73,st,SPIN_DN,flt,FALSE,up,TRUE,ig,0,o_pos,0,o_hw,0,o_i,NA,o_up,FALSE,why,NO_COG
[2026-09-19T17:36:16.246] Cog0  BM-TS,seq,1_753,tid,6,k,102,lt,FALSE,pos,-39,hw,-39,i,524,ph,2_186,d,14_766,e,-42,st,SPIN_DN,flt,FALSE,up,TRUE,ig,0,o_pos,0,o_hw,0,o_i,NA,o_up,FALSE,why,NO_COG
[2026-09-19T17:36:16.248] Cog0  BM-TS,seq,1_754,tid,6,k,103,lt,FALSE,pos,-39,hw,-39,i,510,ph,2_096,d,14_718,e,-57,st,SPIN_DN,flt,FALSE,up,TRUE,ig,0,o_pos,0,o_hw,0,o_i,NA,o_up,FALSE,why,NO_COG
[2026-09-19T17:36:16.250] Cog0  BM-TS,seq,1_755,tid,6,k,104,lt,FALSE,pos,-39,hw,-39,i,510,ph,2_372,d,14_670,e,-72,st,SPIN_DN,flt,FALSE,up,TRUE,ig,0,o_pos,0,o_hw,0,o_i,NA,o_up,FALSE,why,NO_COG
[2026-09-19T17:36:16.252] Cog0  BM-TS,seq,1_756,tid,6,k,105,lt,FALSE,pos,-40,hw,-40,i,465,ph,2_610,d,14_556,e,-44,st,SPIN_DN,flt,FALSE,up,TRUE,ig,0,o_pos,0,o_hw,0,o_i,NA,o_up,FALSE,why,NO_COG
[2026-09-19T17:36:16.254] Cog0  BM-TS,seq,1_757,tid,6,k,106,lt,FALSE,pos,-40,hw,-40,i,460,ph,2_630,d,14_508,e,-59,st,SPIN_DN,flt,FALSE,up,TRUE,ig,0,o_pos,0,o_hw,0,o_i,NA,o_up,FALSE,why,NO_COG
[2026-09-19T17:36:16.256] Cog0  BM-TS,seq,1_758,tid,6,k,107,lt,FALSE,pos,-41,hw,-41,i,513,ph,2_353,d,14_455,e,-32,st,SPIN_DN,flt,FALSE,up,TRUE,ig,0,o_pos,0,o_hw,0,o_i,NA,o_up,FALSE,why,NO_COG
[2026-09-19T17:36:16.258] Cog0  BM-TS,seq,1_759,tid,6,k,108,lt,FALSE,pos,-41,hw,-41,i,489,ph,2_169,d,14_355,e,-43,st,SPIN_DN,flt,FALSE,up,TRUE,ig,0,o_pos,0,o_hw,0,o_i,NA,o_up,FALSE,why,NO_COG
[2026-09-19T17:36:16.260] Cog0  BM-TS,seq,1_760,tid,6,k,109,lt,FALSE,pos,-41,hw,-41,i,468,ph,2_107,d,14_307,e,-58,st,SPIN_DN,flt,FALSE,up,TRUE,ig,0,o_pos,0,o_hw,0,o_i,NA,o_up,FALSE,why,NO_COG
[2026-09-19T17:36:16.262] Cog0  BM-TS,seq,1_761,tid,6,k,110,lt,FALSE,pos,-42,hw,-42,i,476,ph,2_379,d,14_258,e,-30,st,SPIN_DN,flt,FALSE,up,TRUE,ig,0,o_pos,0,o_hw,0,o_i,NA,o_up,FALSE,why,NO_COG
[2026-09-19T17:36:16.264] Cog0  BM-TS,seq,1_762,tid,6,k,111,lt,FALSE,pos,-42,hw,-42,i,448,ph,2_614,d,14_135,e,-45,st,SPIN_DN,flt,FALSE,up,TRUE,ig,0,o_pos,0,o_hw,0,o_i,NA,o_up,FALSE,why,NO_COG
[2026-09-19T17:36:16.266] Cog0  BM-TS,seq,1_763,tid,6,k,112,lt,FALSE,pos,-42,hw,-42,i,444,ph,2_611,d,14_087,e,-59,st,SPIN_DN,flt,FALSE,up,TRUE,ig,0,o_pos,0,o_hw,0,o_i,NA,o_up,FALSE,why,NO_COG
[2026-09-19T17:36:16.268] Cog0  BM-TS,seq,1_764,tid,6,k,113,lt,FALSE,pos,-42,hw,-42,i,484,ph,2_419,d,14_039,e,-74,st,SPIN_DN,flt,FALSE,up,TRUE,ig,0,o_pos,0,o_hw,0,o_i,NA,o_up,FALSE,why,NO_COG
[2026-09-19T17:36:16.269] Cog0  BM-TS,seq,1_765,tid,6,k,114,lt,FALSE,pos,-43,hw,-43,i,444,ph,2_183,d,13_942,e,-42,st,SPIN_DN,flt,FALSE,up,TRUE,ig,0,o_pos,0,o_hw,0,o_i,NA,o_up,FALSE,why,NO_COG
[2026-09-19T17:36:16.272] Cog0  BM-TS,seq,1_766,tid,6,k,115,lt,FALSE,pos,-43,hw,-43,i,415,ph,2_096,d,13_894,e,-57,st,SPIN_DN,flt,FALSE,up,TRUE,ig,0,o_pos,0,o_hw,0,o_i,NA,o_up,FALSE,why,NO_COG
[2026-09-19T17:36:16.275] Cog0  BM-TS,seq,1_767,tid,6,k,116,lt,FALSE,pos,-44,hw,-44,i,433,ph,2_358,d,13_843,e,-29,st,SPIN_DN,flt,FALSE,up,TRUE,ig,0,o_pos,0,o_hw,0,o_i,NA,o_up,FALSE,why,NO_COG
[2026-09-19T17:36:16.277] Cog0  BM-TS,seq,1_768,tid,6,k,117,lt,FALSE,pos,-44,hw,-44,i,410,ph,2_594,d,13_719,e,-43,st,SPIN_DN,flt,FALSE,up,TRUE,ig,0,o_pos,0,o_hw,0,o_i,NA,o_up,FALSE,why,NO_COG
[2026-09-19T17:36:16.278] Cog0  BM-TS,seq,1_769,tid,6,k,118,lt,FALSE,pos,-44,hw,-44,i,411,ph,2_640,d,13_671,e,-58,st,SPIN_DN,flt,FALSE,up,TRUE,ig,0,o_pos,0,o_hw,0,o_i,NA,o_up,FALSE,why,NO_COG
[2026-09-19T17:36:16.280] Cog0  BM-TS,seq,1_770,tid,6,k,119,lt,FALSE,pos,-44,hw,-44,i,451,ph,2_452,d,13_623,e,-72,st,SPIN_DN,flt,FALSE,up,TRUE,ig,0,o_pos,0,o_hw,0,o_i,NA,o_up,FALSE,why,NO_COG
[2026-09-19T17:36:16.283] Cog0  BM-TS,seq,1_771,tid,6,k,120,lt,FALSE,pos,-45,hw,-45,i,415,ph,2_226,d,13_513,e,-40,st,SPIN_DN,flt,FALSE,up,TRUE,ig,0,o_pos,0,o_hw,0,o_i,NA,o_up,FALSE,why,NO_COG
[2026-09-19T17:36:16.285] Cog0  BM-TS,seq,1_772,tid,6,k,121,lt,FALSE,pos,-45,hw,-45,i,390,ph,2_080,d,13_462,e,-55,st,SPIN_DN,flt,FALSE,up,TRUE,ig,0,o_pos,0,o_hw,0,o_i,NA,o_up,FALSE,why,NO_COG
[2026-09-19T17:36:16.287] Cog0  BM-TS,seq,1_773,tid,6,k,122,lt,FALSE,pos,-45,hw,-45,i,399,ph,2_307,d,13_414,e,-69,st,SPIN_DN,flt,FALSE,up,TRUE,ig,0,o_pos,0,o_hw,0,o_i,NA,o_up,FALSE,why,NO_COG
[2026-09-19T17:36:16.289] Cog0  BM-TS,seq,1_774,tid,6,k,123,lt,FALSE,pos,-46,hw,-46,i,382,ph,2_545,d,13_316,e,-40,st,SPIN_DN,flt,FALSE,up,TRUE,ig,0,o_pos,0,o_hw,0,o_i,NA,o_up,FALSE,why,NO_COG
[2026-09-19T17:36:16.291] Cog0  BM-TS,seq,1_775,tid,6,k,124,lt,FALSE,pos,-46,hw,-46,i,371,ph,2_677,d,13_253,e,-55,st,SPIN_DN,flt,FALSE,up,TRUE,ig,0,o_pos,0,o_hw,0,o_i,NA,o_up,FALSE,why,NO_COG
[2026-09-19T17:36:16.293] Cog0  BM-TS,seq,1_776,tid,6,k,125,lt,FALSE,pos,-46,hw,-46,i,388,ph,2_520,d,13_217,e,-65,st,SPIN_DN,flt,FALSE,up,TRUE,ig,0,o_pos,0,o_hw,0,o_i,NA,o_up,FALSE,why,NO_COG
[2026-09-19T17:36:16.295] Cog0  BM-TS,seq,1_777,tid,6,k,126,lt,FALSE,pos,-47,hw,-47,i,375,ph,2_281,d,13_115,e,-37,st,SPIN_DN,flt,FALSE,up,TRUE,ig,0,o_pos,0,o_hw,0,o_i,NA,o_up,FALSE,why,NO_COG
[2026-09-19T17:36:16.297] Cog0  BM-TS,seq,1_778,tid,6,k,127,lt,FALSE,pos,-47,hw,-47,i,342,ph,2_086,d,13_041,e,-51,st,SPIN_DN,flt,FALSE,up,TRUE,ig,0,o_pos,0,o_hw,0,o_i,NA,o_up,FALSE,why,NO_COG
[2026-09-19T17:36:16.299] Cog0  BM-TS,seq,1_779,tid,6,k,128,lt,FALSE,pos,-47,hw,-47,i,351,ph,2_226,d,12_993,e,-65,st,SPIN_DN,flt,FALSE,up,TRUE,ig,0,o_pos,0,o_hw,0,o_i,NA,o_up,FALSE,why,NO_COG
[2026-09-19T17:36:16.301] Cog0  BM-TS,seq,1_780,tid,6,k,129,lt,FALSE,pos,-48,hw,-48,i,360,ph,2_470,d,12_916,e,-36,st,SPIN_DN,flt,FALSE,up,TRUE,ig,0,o_pos,0,o_hw,0,o_i,NA,o_up,FALSE,why,NO_COG
[2026-09-19T17:36:16.303] Cog0  BM-TS,seq,1_781,tid,6,k,130,lt,FALSE,pos,-48,hw,-48,i,358,ph,2_675,d,12_830,e,-50,st,SPIN_DN,flt,FALSE,up,TRUE,ig,0,o_pos,0,o_hw,0,o_i,NA,o_up,FALSE,why,NO_COG
[2026-09-19T17:36:16.305] Cog0  BM-TS,seq,1_782,tid,6,k,131,lt,FALSE,pos,-48,hw,-48,i,347,ph,2_579,d,12_794,e,-60,st,SPIN_DN,flt,FALSE,up,TRUE,ig,0,o_pos,0,o_hw,0,o_i,NA,o_up,FALSE,why,NO_COG
[2026-09-19T17:36:16.307] Cog0  BM-TS,seq,1_783,tid,6,k,132,lt,FALSE,pos,-49,hw,-49,i,350,ph,2_357,d,12_739,e,-31,st,SPIN_DN,flt,FALSE,up,TRUE,ig,0,o_pos,0,o_hw,0,o_i,NA,o_up,FALSE,why,NO_COG
[2026-09-19T17:36:16.309] Cog0  BM-TS,seq,1_784,tid,6,k,133,lt,FALSE,pos,-49,hw,-49,i,320,ph,2_160,d,12_646,e,-45,st,SPIN_DN,flt,FALSE,up,TRUE,ig,0,o_pos,0,o_hw,0,o_i,NA,o_up,FALSE,why,NO_COG
[2026-09-19T17:36:16.311] Cog0  BM-TS,seq,1_785,tid,6,k,134,lt,FALSE,pos,-49,hw,-49,i,312,ph,2_149,d,12_602,e,-59,st,SPIN_DN,flt,FALSE,up,TRUE,ig,0,o_pos,0,o_hw,0,o_i,NA,o_up,FALSE,why,NO_COG
[2026-09-19T17:36:16.313] Cog0  BM-TS,seq,1_786,tid,6,k,135,lt,FALSE,pos,-49,hw,-49,i,337,ph,2_382,d,12_558,e,-73,st,SPIN_DN,flt,FALSE,up,TRUE,ig,0,o_pos,0,o_hw,0,o_i,NA,o_up,FALSE,why,NO_COG
[2026-09-19T17:36:16.315] Cog0  BM-TS,seq,1_787,tid,6,k,136,lt,FALSE,pos,-50,hw,-50,i,328,ph,2_528,d,12_438,e,-44,st,SPIN_DN,flt,FALSE,up,TRUE,ig,0,o_pos,0,o_hw,0,o_i,NA,o_up,FALSE,why,NO_COG
[2026-09-19T17:36:16.317] Cog0  BM-TS,seq,1_788,tid,6,k,137,lt,FALSE,pos,-50,hw,-50,i,304,ph,2_668,d,12_405,e,-54,st,SPIN_DN,flt,FALSE,up,TRUE,ig,0,o_pos,0,o_hw,0,o_i,NA,o_up,FALSE,why,NO_COG
[2026-09-19T17:36:16.319] Cog0  BM-TS,seq,1_789,tid,6,k,138,lt,FALSE,pos,-50,hw,-50,i,313,ph,2_486,d,12_361,e,-67,st,SPIN_DN,flt,FALSE,up,TRUE,ig,0,o_pos,0,o_hw,0,o_i,NA,o_up,FALSE,why,NO_COG
[2026-09-19T17:36:16.321] Cog0  BM-TS,seq,1_790,tid,6,k,139,lt,FALSE,pos,-51,hw,-51,i,304,ph,2_261,d,12_267,e,-38,st,SPIN_DN,flt,FALSE,up,TRUE,ig,0,o_pos,0,o_hw,0,o_i,NA,o_up,FALSE,why,NO_COG
[2026-09-19T17:36:16.323] Cog0  BM-TS,seq,1_791,tid,6,k,140,lt,FALSE,pos,-51,hw,-51,i,290,ph,2_092,d,12_213,e,-52,st,SPIN_DN,flt,FALSE,up,TRUE,ig,0,o_pos,0,o_hw,0,o_i,NA,o_up,FALSE,why,NO_COG
[2026-09-19T17:36:16.325] Cog0  BM-TS,seq,1_792,tid,6,k,141,lt,FALSE,pos,-51,hw,-51,i,299,ph,2_241,d,12_169,e,-65,st,SPIN_DN,flt,FALSE,up,TRUE,ig,0,o_pos,0,o_hw,0,o_i,NA,o_up,FALSE,why,NO_COG
[2026-09-19T17:36:16.327] Cog0  BM-TS,seq,1_793,tid,6,k,142,lt,FALSE,pos,-52,hw,-52,i,313,ph,2_409,d,12_110,e,-36,st,SPIN_DN,flt,FALSE,up,TRUE,ig,0,o_pos,0,o_hw,0,o_i,NA,o_up,FALSE,why,NO_COG
[2026-09-19T17:36:16.329] Cog0  BM-TS,seq,1_794,tid,6,k,143,lt,FALSE,pos,-52,hw,-52,i,287,ph,2_593,d,12_033,e,-46,st,SPIN_DN,flt,FALSE,up,TRUE,ig,0,o_pos,0,o_hw,0,o_i,NA,o_up,FALSE,why,NO_COG
[2026-09-19T17:36:16.331] Cog0  BM-TS,seq,1_795,tid,6,k,144,lt,FALSE,pos,-52,hw,-52,i,276,ph,2_588,d,11_989,e,-59,st,SPIN_DN,flt,FALSE,up,TRUE,ig,0,o_pos,0,o_hw,0,o_i,NA,o_up,FALSE,why,NO_COG
[2026-09-19T17:36:16.334] Cog0  BM-TS,seq,1_796,tid,6,k,145,lt,FALSE,pos,-53,hw,-53,i,293,ph,2_389,d,11_940,e,-30,st,SPIN_DN,flt,FALSE,up,TRUE,ig,0,o_pos,0,o_hw,0,o_i,NA,o_up,FALSE,why,NO_COG
[2026-09-19T17:36:16.336] Cog0  BM-TS,seq,1_797,tid,6,k,146,lt,FALSE,pos,-53,hw,-53,i,274,ph,2_208,d,11_819,e,-43,st,SPIN_DN,flt,FALSE,up,TRUE,ig,0,o_pos,0,o_hw,0,o_i,NA,o_up,FALSE,why,NO_COG
[2026-09-19T17:36:16.337] Cog0  BM-TS,seq,1_798,tid,6,k,147,lt,FALSE,pos,-53,hw,-53,i,261,ph,2_130,d,11_775,e,-56,st,SPIN_DN,flt,FALSE,up,TRUE,ig,0,o_pos,0,o_hw,0,o_i,NA,o_up,FALSE,why,NO_COG
[2026-09-19T17:36:16.340] Cog0  BM-TS,seq,1_799,tid,6,k,148,lt,FALSE,pos,-53,hw,-53,i,275,ph,2_251,d,11_742,e,-66,st,SPIN_DN,flt,FALSE,up,TRUE,ig,0,o_pos,0,o_hw,0,o_i,NA,o_up,FALSE,why,NO_COG
[2026-09-19T17:36:16.342] Cog0  BM-TS,seq,1_800,tid,6,k,149,lt,FALSE,pos,-54,hw,-54,i,265,ph,2_463,d,11_651,e,-36,st,SPIN_DN,flt,FALSE,up,TRUE,ig,0,o_pos,0,o_hw,0,o_i,NA,o_up,FALSE,why,NO_COG
[2026-09-19T17:36:16.343] Cog0  BM-TS,seq,1_801,tid,6,k,150,lt,FALSE,pos,-54,hw,-54,i,248,ph,2_635,d,11_581,e,-49,st,SPIN_DN,flt,FALSE,up,TRUE,ig,0,o_pos,0,o_hw,0,o_i,NA,o_up,FALSE,why,NO_COG
[2026-09-19T17:36:16.346] Cog0  BM-TS,seq,1_802,tid,6,k,151,lt,FALSE,pos,-54,hw,-54,i,247,ph,2_552,d,11_537,e,-62,st,SPIN_DN,flt,FALSE,up,TRUE,ig,0,o_pos,0,o_hw,0,o_i,NA,o_up,FALSE,why,NO_COG
[2026-09-19T17:36:16.348] Cog0  BM-TS,seq,1_803,tid,6,k,152,lt,FALSE,pos,-54,hw,-54,i,259,ph,2_349,d,11_493,e,-75,st,SPIN_DN,flt,FALSE,up,TRUE,ig,0,o_pos,0,o_hw,0,o_i,NA,o_up,FALSE,why,NO_COG
[2026-09-19T17:36:16.350] Cog0  BM-TS,seq,1_804,tid,6,k,153,lt,FALSE,pos,-55,hw,-55,i,257,ph,2_190,d,11_389,e,-45,st,SPIN_DN,flt,FALSE,up,TRUE,ig,0,o_pos,0,o_hw,0,o_i,NA,o_up,FALSE,why,NO_COG
[2026-09-19T17:36:16.352] Cog0  BM-TS,seq,1_805,tid,6,k,154,lt,FALSE,pos,-55,hw,-55,i,237,ph,2_129,d,11_356,e,-55,st,SPIN_DN,flt,FALSE,up,TRUE,ig,0,o_pos,0,o_hw,0,o_i,NA,o_up,FALSE,why,NO_COG
[2026-09-19T17:36:16.354] Cog0  BM-TS,seq,1_806,tid,6,k,155,lt,FALSE,pos,-55,hw,-55,i,245,ph,2_276,d,11_312,e,-67,st,SPIN_DN,flt,FALSE,up,TRUE,ig,0,o_pos,0,o_hw,0,o_i,NA,o_up,FALSE,why,NO_COG
[2026-09-19T17:36:16.356] Cog0  BM-TS,seq,1_807,tid,6,k,156,lt,FALSE,pos,-56,hw,-56,i,240,ph,2_484,d,11_218,e,-38,st,SPIN_DN,flt,FALSE,up,TRUE,ig,0,o_pos,0,o_hw,0,o_i,NA,o_up,FALSE,why,NO_COG
[2026-09-19T17:36:16.358] Cog0  BM-TS,seq,1_808,tid,6,k,157,lt,FALSE,pos,-56,hw,-56,i,218,ph,2_632,d,11_143,e,-50,st,SPIN_DN,flt,FALSE,up,TRUE,ig,0,o_pos,0,o_hw,0,o_i,NA,o_up,FALSE,why,NO_COG
[2026-09-19T17:36:16.360] Cog0  BM-TS,seq,1_809,tid,6,k,158,lt,FALSE,pos,-56,hw,-56,i,211,ph,2_529,d,11_099,e,-63,st,SPIN_DN,flt,FALSE,up,TRUE,ig,0,o_pos,0,o_hw,0,o_i,NA,o_up,FALSE,why,NO_COG
[2026-09-19T17:36:16.362] Cog0  BM-TS,seq,1_810,tid,6,k,159,lt,FALSE,pos,-57,hw,-57,i,240,ph,2_383,d,11_052,e,-33,st,SPIN_DN,flt,FALSE,up,TRUE,ig,0,o_pos,0,o_hw,0,o_i,NA,o_up,FALSE,why,NO_COG
[2026-09-19T17:36:16.364] Cog0  BM-TS,seq,1_811,tid,6,k,160,lt,FALSE,pos,-57,hw,-57,i,222,ph,2_224,d,10_954,e,-42,st,SPIN_DN,flt,FALSE,up,TRUE,ig,0,o_pos,0,o_hw,0,o_i,NA,o_up,FALSE,why,NO_COG
[2026-09-19T17:36:16.366] Cog0  BM-TS,seq,1_812,tid,6,k,161,lt,FALSE,pos,-57,hw,-57,i,197,ph,2_129,d,10_910,e,-55,st,SPIN_DN,flt,FALSE,up,TRUE,ig,0,o_pos,0,o_hw,0,o_i,NA,o_up,FALSE,why,NO_COG
[2026-09-19T17:36:16.368] Cog0  BM-TS,seq,1_813,tid,6,k,162,lt,FALSE,pos,-57,hw,-57,i,210,ph,2_287,d,10_866,e,-67,st,SPIN_DN,flt,FALSE,up,TRUE,ig,0,o_pos,0,o_hw,0,o_i,NA,o_up,FALSE,why,NO_COG
[2026-09-19T17:36:16.370] Cog0  BM-TS,seq,1_814,tid,6,k,163,lt,FALSE,pos,-58,hw,-58,i,214,ph,2_470,d,10_794,e,-37,st,SPIN_DN,flt,FALSE,up,TRUE,ig,0,o_pos,0,o_hw,0,o_i,NA,o_up,FALSE,why,NO_COG
[2026-09-19T17:36:16.372] Cog0  BM-TS,seq,1_815,tid,6,k,164,lt,FALSE,pos,-58,hw,-58,i,201,ph,2_614,d,10_714,e,-49,st,SPIN_DN,flt,FALSE,up,TRUE,ig,0,o_pos,0,o_hw,0,o_i,NA,o_up,FALSE,why,NO_COG
[2026-09-19T17:36:16.374] Cog0  BM-TS,seq,1_816,tid,6,k,165,lt,FALSE,pos,-58,hw,-58,i,197,ph,2_578,d,10_670,e,-62,st,SPIN_DN,flt,FALSE,up,TRUE,ig,0,o_pos,0,o_hw,0,o_i,NA,o_up,FALSE,why,NO_COG
[2026-09-19T17:36:16.376] Cog0  BM-TS,seq,1_817,tid,6,k,166,lt,FALSE,pos,-58,hw,-58,i,213,ph,2_403,d,10_637,e,-71,st,SPIN_DN,flt,FALSE,up,TRUE,ig,0,o_pos,0,o_hw,0,o_i,NA,o_up,FALSE,why,NO_COG
[2026-09-19T17:36:16.378] Cog0  BM-TS,seq,1_818,tid,6,k,167,lt,FALSE,pos,-59,hw,-59,i,195,ph,2_248,d,10_521,e,-40,st,SPIN_DN,flt,FALSE,up,TRUE,ig,0,o_pos,0,o_hw,0,o_i,NA,o_up,FALSE,why,NO_COG
[2026-09-19T17:36:16.380] Cog0  BM-TS,seq,1_819,tid,6,k,168,lt,FALSE,pos,-59,hw,-59,i,176,ph,2_120,d,10_470,e,-52,st,SPIN_DN,flt,FALSE,up,TRUE,ig,0,o_pos,0,o_hw,0,o_i,NA,o_up,FALSE,why,NO_COG
[2026-09-19T17:36:16.382] Cog0  BM-TS,seq,1_820,tid,6,k,169,lt,FALSE,pos,-59,hw,-59,i,182,ph,2_261,d,10_426,e,-65,st,SPIN_DN,flt,FALSE,up,TRUE,ig,0,o_pos,0,o_hw,0,o_i,NA,o_up,FALSE,why,NO_COG
[2026-09-19T17:36:16.384] Cog0  BM-TS,seq,1_821,tid,6,k,170,lt,FALSE,pos,-60,hw,-60,i,195,ph,2_436,d,10_377,e,-34,st,SPIN_DN,flt,FALSE,up,TRUE,ig,0,o_pos,0,o_hw,0,o_i,NA,o_up,FALSE,why,NO_COG
[2026-09-19T17:36:16.386] Cog0  BM-TS,seq,1_822,tid,6,k,171,lt,FALSE,pos,-60,hw,-60,i,177,ph,2_537,d,10_281,e,-43,st,SPIN_DN,flt,FALSE,up,TRUE,ig,0,o_pos,0,o_hw,0,o_i,NA,o_up,FALSE,why,NO_COG
[2026-09-19T17:36:16.389] Cog0  BM-TS,seq,1_823,tid,6,k,172,lt,FALSE,pos,-60,hw,-60,i,158,ph,2_614,d,10_237,e,-55,st,SPIN_DN,flt,FALSE,up,TRUE,ig,0,o_pos,0,o_hw,0,o_i,NA,o_up,FALSE,why,NO_COG
[2026-09-19T17:36:16.390] Cog0  BM-TS,seq,1_824,tid,6,k,173,lt,FALSE,pos,-60,hw,-60,i,169,ph,2_473,d,10_193,e,-67,st,SPIN_DN,flt,FALSE,up,TRUE,ig,0,o_pos,0,o_hw,0,o_i,NA,o_up,FALSE,why,NO_COG
[2026-09-19T17:36:16.392] Cog0  BM-TS,seq,1_825,tid,6,k,174,lt,FALSE,pos,-61,hw,-61,i,169,ph,2_301,d,10_128,e,-36,st,SPIN_DN,flt,FALSE,up,TRUE,ig,0,o_pos,0,o_hw,0,o_i,NA,o_up,FALSE,why,NO_COG
[2026-09-19T17:36:16.394] Cog0  BM-TS,seq,1_826,tid,6,k,175,lt,FALSE,pos,-61,hw,-61,i,158,ph,2_163,d,10_050,e,-48,st,SPIN_DN,flt,FALSE,up,TRUE,ig,0,o_pos,0,o_hw,0,o_i,NA,o_up,FALSE,why,NO_COG
[2026-09-19T17:36:16.395] Cog0  BM-TS,seq,1_827,tid,6,k,176,lt,FALSE,pos,-61,hw,-61,i,165,ph,2_208,d,10_006,e,-60,st,SPIN_DN,flt,FALSE,up,TRUE,ig,0,o_pos,0,o_hw,0,o_i,NA,o_up,FALSE,why,NO_COG
[2026-09-19T17:36:16.398] Cog0  BM-TS,seq,1_828,tid,6,k,177,lt,FALSE,pos,-61,hw,-61,i,177,ph,2_318,d,9_973,e,-69,st,SPIN_DN,flt,FALSE,up,TRUE,ig,0,o_pos,0,o_hw,0,o_i,NA,o_up,FALSE,why,NO_COG
[2026-09-19T17:36:16.401] Cog0  BM-TS,seq,1_829,tid,6,k,178,lt,FALSE,pos,-62,hw,-62,i,165,ph,2_476,d,9_888,e,-38,st,SPIN_DN,flt,FALSE,up,TRUE,ig,0,o_pos,0,o_hw,0,o_i,NA,o_up,FALSE,why,NO_COG
[2026-09-19T17:36:16.403] Cog0  BM-TS,seq,1_830,tid,6,k,179,lt,FALSE,pos,-62,hw,-62,i,144,ph,2_595,d,9_817,e,-49,st,SPIN_DN,flt,FALSE,up,TRUE,ig,0,o_pos,0,o_hw,0,o_i,NA,o_up,FALSE,why,NO_COG
[2026-09-19T17:36:16.405] Cog0  BM-TS,seq,1_831,tid,6,k,180,lt,FALSE,pos,-62,hw,-62,i,141,ph,2_531,d,9_773,e,-61,st,SPIN_DN,flt,FALSE,up,TRUE,ig,0,o_pos,0,o_hw,0,o_i,NA,o_up,FALSE,why,NO_COG
[2026-09-19T17:36:16.407] Cog0  BM-TS,seq,1_832,tid,6,k,181,lt,FALSE,pos,-62,hw,-62,i,160,ph,2_383,d,9_729,e,-73,st,SPIN_DN,flt,FALSE,up,TRUE,ig,0,o_pos,0,o_hw,0,o_i,NA,o_up,FALSE,why,NO_COG
[2026-09-19T17:36:16.409] Cog0  BM-TS,seq,1_833,tid,6,k,182,lt,FALSE,pos,-63,hw,-63,i,154,ph,2_245,d,9_618,e,-42,st,SPIN_DN,flt,FALSE,up,TRUE,ig,0,o_pos,0,o_hw,0,o_i,NA,o_up,FALSE,why,NO_COG
[2026-09-19T17:36:16.411] Cog0  BM-TS,seq,1_834,tid,6,k,183,lt,FALSE,pos,-63,hw,-63,i,136,ph,2_165,d,9_588,e,-50,st,SPIN_DN,flt,FALSE,up,TRUE,ig,0,o_pos,0,o_hw,0,o_i,NA,o_up,FALSE,why,NO_COG
[2026-09-19T17:36:16.413] Cog0  BM-TS,seq,1_835,tid,6,k,184,lt,FALSE,pos,-63,hw,-63,i,127,ph,2_237,d,9_548,e,-62,st,SPIN_DN,flt,FALSE,up,TRUE,ig,0,o_pos,0,o_hw,0,o_i,NA,o_up,FALSE,why,NO_COG
[2026-09-19T17:36:16.415] Cog0  BM-TS,seq,1_836,tid,6,k,185,lt,FALSE,pos,-63,hw,-63,i,141,ph,2_376,d,9_508,e,-73,st,SPIN_DN,flt,FALSE,up,TRUE,ig,0,o_pos,0,o_hw,0,o_i,NA,o_up,FALSE,why,NO_COG
[2026-09-19T17:36:16.417] Cog0  BM-TS,seq,1_837,tid,6,k,186,lt,FALSE,pos,-64,hw,-64,i,130,ph,2_518,d,9_408,e,-42,st,SPIN_DN,flt,FALSE,up,TRUE,ig,0,o_pos,0,o_hw,0,o_i,NA,o_up,FALSE,why,NO_COG
[2026-09-19T17:36:16.419] Cog0  BM-TS,seq,1_838,tid,6,k,187,lt,FALSE,pos,-64,hw,-64,i,123,ph,2_617,d,9_368,e,-53,st,SPIN_DN,flt,FALSE,up,TRUE,ig,0,o_pos,0,o_hw,0,o_i,NA,o_up,FALSE,why,NO_COG
[2026-09-19T17:36:16.421] Cog0  BM-TS,seq,1_839,tid,6,k,188,lt,FALSE,pos,-64,hw,-64,i,135,ph,2_535,d,9_328,e,-64,st,SPIN_DN,flt,FALSE,up,TRUE,ig,0,o_pos,0,o_hw,0,o_i,NA,o_up,FALSE,why,NO_COG
[2026-09-19T17:36:16.423] Cog0  BM-TS,seq,1_840,tid,6,k,189,lt,FALSE,pos,-64,hw,-64,i,142,ph,2_379,d,9_298,e,-73,st,SPIN_DN,flt,FALSE,up,TRUE,ig,0,o_pos,0,o_hw,0,o_i,NA,o_up,FALSE,why,NO_COG
[2026-09-19T17:36:16.425] Cog0  BM-TS,seq,1_841,tid,6,k,190,lt,FALSE,pos,-65,hw,-65,i,125,ph,2_255,d,9_194,e,-41,st,SPIN_DN,flt,FALSE,up,TRUE,ig,0,o_pos,0,o_hw,0,o_i,NA,o_up,FALSE,why,NO_COG
[2026-09-19T17:36:16.427] Cog0  BM-TS,seq,1_842,tid,6,k,191,lt,FALSE,pos,-65,hw,-65,i,111,ph,2_153,d,9_147,e,-52,st,SPIN_DN,flt,FALSE,up,TRUE,ig,0,o_pos,0,o_hw,0,o_i,NA,o_up,FALSE,why,NO_COG
[2026-09-19T17:36:16.429] Cog0  BM-TS,seq,1_843,tid,6,k,192,lt,FALSE,pos,-65,hw,-65,i,110,ph,2_251,d,9_107,e,-63,st,SPIN_DN,flt,FALSE,up,TRUE,ig,0,o_pos,0,o_hw,0,o_i,NA,o_up,FALSE,why,NO_COG
[2026-09-19T17:36:16.431] Cog0  BM-TS,seq,1_844,tid,6,k,193,lt,FALSE,pos,-65,hw,-65,i,131,ph,2_404,d,9_067,e,-74,st,SPIN_DN,flt,FALSE,up,TRUE,ig,0,o_pos,0,o_hw,0,o_i,NA,o_up,FALSE,why,NO_COG
[2026-09-19T17:36:16.433] Cog0  BM-TS,seq,1_845,tid,6,k,194,lt,FALSE,pos,-66,hw,-66,i,120,ph,2_491,d,8_962,e,-43,st,SPIN_DN,flt,FALSE,up,TRUE,ig,0,o_pos,0,o_hw,0,o_i,NA,o_up,FALSE,why,NO_COG
[2026-09-19T17:36:16.435] Cog0  BM-TS,seq,1_846,tid,6,k,195,lt,FALSE,pos,-66,hw,-66,i,103,ph,2_589,d,8_932,e,-51,st,SPIN_DN,flt,FALSE,up,TRUE,ig,0,o_pos,0,o_hw,0,o_i,NA,o_up,FALSE,why,NO_COG
[2026-09-19T17:36:16.437] Cog0  BM-TS,seq,1_847,tid,6,k,196,lt,FALSE,pos,-66,hw,-66,i,100,ph,2_521,d,8_892,e,-62,st,SPIN_DN,flt,FALSE,up,TRUE,ig,0,o_pos,0,o_hw,0,o_i,NA,o_up,FALSE,why,NO_COG
[2026-09-19T17:36:16.439] Cog0  BM-TS,seq,1_848,tid,6,k,197,lt,FALSE,pos,-66,hw,-66,i,109,ph,2_392,d,8_852,e,-73,st,SPIN_DN,flt,FALSE,up,TRUE,ig,0,o_pos,0,o_hw,0,o_i,NA,o_up,FALSE,why,NO_COG
[2026-09-19T17:36:16.441] Cog0  BM-TS,seq,1_849,tid,6,k,198,lt,FALSE,pos,-67,hw,-67,i,101,ph,2_269,d,8_758,e,-41,st,SPIN_DN,flt,FALSE,up,TRUE,ig,0,o_pos,0,o_hw,0,o_i,NA,o_up,FALSE,why,NO_COG
[2026-09-19T17:36:16.443] Cog0  BM-TS,seq,1_850,tid,6,k,199,lt,FALSE,pos,-67,hw,-67,i,96,ph,2_163,d,8_703,e,-52,st,SPIN_DN,flt,FALSE,up,TRUE,ig,0,o_pos,0,o_hw,0,o_i,NA,o_up,FALSE,why,NO_COG
[2026-09-19T17:36:16.445] Cog0  BM-TS,seq,1_851,tid,6,k,200,lt,FALSE,pos,-67,hw,-67,i,95,ph,2_229,d,8_673,e,-60,st,SPIN_DN,flt,FALSE,up,TRUE,ig,0,o_pos,0,o_hw,0,o_i,NA,o_up,FALSE,why,NO_COG
[2026-09-19T17:36:16.447] Cog0  BM-TS,seq,1_852,tid,6,k,201,lt,FALSE,pos,-67,hw,-67,i,107,ph,2_343,d,8_633,e,-70,st,SPIN_DN,flt,FALSE,up,TRUE,ig,0,o_pos,0,o_hw,0,o_i,NA,o_up,FALSE,why,NO_COG
[2026-09-19T17:36:16.449] Cog0  BM-TS,seq,1_853,tid,6,k,202,lt,FALSE,pos,-68,hw,-68,i,100,ph,2_474,d,8_561,e,-38,st,SPIN_DN,flt,FALSE,up,TRUE,ig,0,o_pos,0,o_hw,0,o_i,NA,o_up,FALSE,why,NO_COG
[2026-09-19T17:36:16.451] Cog0  BM-TS,seq,1_854,tid,6,k,203,lt,FALSE,pos,-68,hw,-68,i,89,ph,2_563,d,8_491,e,-49,st,SPIN_DN,flt,FALSE,up,TRUE,ig,0,o_pos,0,o_hw,0,o_i,NA,o_up,FALSE,why,NO_COG
[2026-09-19T17:36:16.453] Cog0  BM-TS,seq,1_855,tid,6,k,204,lt,FALSE,pos,-68,hw,-68,i,84,ph,2_538,d,8_451,e,-59,st,SPIN_DN,flt,FALSE,up,TRUE,ig,0,o_pos,0,o_hw,0,o_i,NA,o_up,FALSE,why,NO_COG
[2026-09-19T17:36:16.455] Cog0  BM-TS,seq,1_856,tid,6,k,205,lt,FALSE,pos,-68,hw,-68,i,96,ph,2_461,d,8_411,e,-70,st,SPIN_DN,flt,FALSE,up,TRUE,ig,0,o_pos,0,o_hw,0,o_i,NA,o_up,FALSE,why,NO_COG
[2026-09-19T17:36:16.457] Cog0  BM-TS,seq,1_857,tid,6,k,206,lt,FALSE,pos,-69,hw,-69,i,96,ph,2_335,d,8_360,e,-35,st,SPIN_DN,flt,FALSE,up,TRUE,ig,0,o_pos,0,o_hw,0,o_i,NA,o_up,FALSE,why,NO_COG
[2026-09-19T17:36:16.459] Cog0  BM-TS,seq,1_858,tid,6,k,207,lt,FALSE,pos,-69,hw,-69,i,84,ph,2_234,d,8_275,e,-45,st,SPIN_DN,flt,FALSE,up,TRUE,ig,0,o_pos,0,o_hw,0,o_i,NA,o_up,FALSE,why,NO_COG
[2026-09-19T17:36:16.461] Cog0  BM-TS,seq,1_859,tid,6,k,208,lt,FALSE,pos,-69,hw,-69,i,77,ph,2_205,d,8_235,e,-56,st,SPIN_DN,flt,FALSE,up,TRUE,ig,0,o_pos,0,o_hw,0,o_i,NA,o_up,FALSE,why,NO_COG
[2026-09-19T17:36:16.463] Cog0  BM-TS,seq,1_860,tid,6,k,209,lt,FALSE,pos,-69,hw,-69,i,80,ph,2_284,d,8_195,e,-66,st,SPIN_DN,flt,FALSE,up,TRUE,ig,0,o_pos,0,o_hw,0,o_i,NA,o_up,FALSE,why,NO_COG
[2026-09-19T17:36:16.465] Cog0  BM-TS,seq,1_861,tid,6,k,210,lt,FALSE,pos,-69,hw,-69,i,86,ph,2_420,d,8_155,e,-76,st,SPIN_DN,flt,FALSE,up,TRUE,ig,0,o_pos,0,o_hw,0,o_i,NA,o_up,FALSE,why,NO_COG
[2026-09-19T17:36:16.467] Cog0  BM-TS,seq,1_862,tid,6,k,211,lt,FALSE,pos,-70,hw,-70,i,80,ph,2_495,d,8_050,e,-44,st,SPIN_DN,flt,FALSE,up,TRUE,ig,0,o_pos,0,o_hw,0,o_i,NA,o_up,FALSE,why,NO_COG
[2026-09-19T17:36:16.469] Cog0  BM-TS,seq,1_863,tid,6,k,212,lt,FALSE,pos,-70,hw,-70,i,68,ph,2_585,d,8_020,e,-52,st,SPIN_DN,flt,FALSE,up,TRUE,ig,0,o_pos,0,o_hw,0,o_i,NA,o_up,FALSE,why,NO_COG
[2026-09-19T17:36:16.471] Cog0  BM-TS,seq,1_864,tid,6,k,213,lt,FALSE,pos,-70,hw,-70,i,66,ph,2_503,d,7_980,e,-62,st,SPIN_DN,flt,FALSE,up,TRUE,ig,0,o_pos,0,o_hw,0,o_i,NA,o_up,FALSE,why,NO_COG
[2026-09-19T17:36:16.473] Cog0  BM-TS,seq,1_865,tid,6,k,214,lt,FALSE,pos,-70,hw,-70,i,77,ph,2_410,d,7_940,e,-72,st,SPIN_DN,flt,FALSE,up,TRUE,ig,0,o_pos,0,o_hw,0,o_i,NA,o_up,FALSE,why,NO_COG
[2026-09-19T17:36:16.475] Cog0  BM-TS,seq,1_866,tid,6,k,215,lt,FALSE,pos,-71,hw,-71,i,71,ph,2_295,d,7_872,e,-39,st,SPIN_DN,flt,FALSE,up,TRUE,ig,0,o_pos,0,o_hw,0,o_i,NA,o_up,FALSE,why,NO_COG
[2026-09-19T17:36:16.477] Cog0  BM-TS,seq,1_867,tid,6,k,216,lt,FALSE,pos,-71,hw,-71,i,67,ph,2_198,d,7_818,e,-49,st,SPIN_DN,flt,FALSE,up,TRUE,ig,0,o_pos,0,o_hw,0,o_i,NA,o_up,FALSE,why,NO_COG
[2026-09-19T17:36:16.479] Cog0  BM-TS,seq,1_868,tid,6,k,217,lt,FALSE,pos,-71,hw,-71,i,65,ph,2_203,d,7_788,e,-57,st,SPIN_DN,flt,FALSE,up,TRUE,ig,0,o_pos,0,o_hw,0,o_i,NA,o_up,FALSE,why,NO_COG
[2026-09-19T17:36:16.481] Cog0  BM-TS,seq,1_869,tid,6,k,218,lt,FALSE,pos,-71,hw,-71,i,70,ph,2_298,d,7_748,e,-66,st,SPIN_DN,flt,FALSE,up,TRUE,ig,0,o_pos,0,o_hw,0,o_i,NA,o_up,FALSE,why,NO_COG
[2026-09-19T17:36:16.483] Cog0  BM-TS,seq,1_870,tid,6,k,219,lt,FALSE,pos,-71,hw,-71,i,71,ph,2_420,d,7_708,e,-76,st,SPIN_DN,flt,FALSE,up,TRUE,ig,0,o_pos,0,o_hw,0,o_i,NA,o_up,FALSE,why,NO_COG
[2026-09-19T17:36:16.485] Cog0  BM-TS,seq,1_871,tid,6,k,220,lt,FALSE,pos,-72,hw,-72,i,60,ph,2_513,d,7_614,e,-43,st,SPIN_DN,flt,FALSE,up,TRUE,ig,0,o_pos,0,o_hw,0,o_i,NA,o_up,FALSE,why,NO_COG
[2026-09-19T17:36:16.487] Cog0  BM-TS,seq,1_872,tid,6,k,221,lt,FALSE,pos,-72,hw,-72,i,56,ph,2_577,d,7_574,e,-53,st,SPIN_DN,flt,FALSE,up,TRUE,ig,0,o_pos,0,o_hw,0,o_i,NA,o_up,FALSE,why,NO_COG
[2026-09-19T17:36:16.489] Cog0  BM-TS,seq,1_873,tid,6,k,222,lt,FALSE,pos,-72,hw,-72,i,60,ph,2_493,d,7_534,e,-63,st,SPIN_DN,flt,FALSE,up,TRUE,ig,0,o_pos,0,o_hw,0,o_i,NA,o_up,FALSE,why,NO_COG
[2026-09-19T17:36:16.491] Cog0  BM-TS,seq,1_874,tid,6,k,223,lt,FALSE,pos,-72,hw,-72,i,65,ph,2_421,d,7_504,e,-70,st,SPIN_DN,flt,FALSE,up,TRUE,ig,0,o_pos,0,o_hw,0,o_i,NA,o_up,FALSE,why,NO_COG
[2026-09-19T17:36:16.493] Cog0  BM-TS,seq,1_875,tid,6,k,224,lt,FALSE,pos,-73,hw,-73,i,62,ph,2_303,d,7_434,e,-37,st,SPIN_DN,flt,FALSE,up,TRUE,ig,0,o_pos,0,o_hw,0,o_i,NA,o_up,FALSE,why,NO_COG
[2026-09-19T17:36:16.495] Cog0  BM-TS,seq,1_876,tid,6,k,225,lt,FALSE,pos,-73,hw,-73,i,47,ph,2_231,d,7_368,e,-47,st,SPIN_DN,flt,FALSE,up,TRUE,ig,0,o_pos,0,o_hw,0,o_i,NA,o_up,FALSE,why,NO_COG
[2026-09-19T17:36:16.497] Cog0  BM-TS,seq,1_877,tid,6,k,226,lt,FALSE,pos,-73,hw,-73,i,45,ph,2_224,d,7_328,e,-56,st,SPIN_DN,flt,FALSE,up,TRUE,ig,0,o_pos,0,o_hw,0,o_i,NA,o_up,FALSE,why,NO_COG
[2026-09-19T17:36:16.499] Cog0  BM-TS,seq,1_878,tid,6,k,227,lt,FALSE,pos,-73,hw,-73,i,48,ph,2_298,d,7_288,e,-66,st,SPIN_DN,flt,FALSE,up,TRUE,ig,0,o_pos,0,o_hw,0,o_i,NA,o_up,FALSE,why,NO_COG
[2026-09-19T17:36:16.501] Cog0  BM-TS,seq,1_879,tid,6,k,228,lt,FALSE,pos,-73,hw,-73,i,57,ph,2_364,d,7_248,e,-75,st,SPIN_DN,flt,FALSE,up,TRUE,ig,0,o_pos,0,o_hw,0,o_i,NA,o_up,FALSE,why,NO_COG
[2026-09-19T17:36:16.503] Cog0  BM-TS,seq,1_880,tid,6,k,229,lt,FALSE,pos,-74,hw,-74,i,51,ph,2_471,d,7_177,e,-40,st,SPIN_DN,flt,FALSE,up,TRUE,ig,0,o_pos,0,o_hw,0,o_i,NA,o_up,FALSE,why,NO_COG
[2026-09-19T17:36:16.505] Cog0  BM-TS,seq,1_881,tid,6,k,230,lt,FALSE,pos,-74,hw,-74,i,44,ph,2_536,d,7_136,e,-49,st,SPIN_DN,flt,FALSE,up,TRUE,ig,0,o_pos,0,o_hw,0,o_i,NA,o_up,FALSE,why,NO_COG
[2026-09-19T17:36:16.507] Cog0  BM-TS,seq,1_882,tid,6,k,231,lt,FALSE,pos,-74,hw,-74,i,42,ph,2_513,d,7_096,e,-58,st,SPIN_DN,flt,FALSE,up,TRUE,ig,0,o_pos,0,o_hw,0,o_i,NA,o_up,FALSE,why,NO_COG
[2026-09-19T17:36:16.509] Cog0  BM-TS,seq,1_883,tid,6,k,232,lt,FALSE,pos,-74,hw,-74,i,55,ph,2_448,d,7_056,e,-67,st,SPIN_DN,flt,FALSE,up,TRUE,ig,0,o_pos,0,o_hw,0,o_i,NA,o_up,FALSE,why,NO_COG
[2026-09-19T17:36:16.511] Cog0  BM-TS,seq,1_884,tid,6,k,233,lt,FALSE,pos,-74,hw,-74,i,54,ph,2_346,d,7_016,e,-77,st,SPIN_DN,flt,FALSE,up,TRUE,ig,0,o_pos,0,o_hw,0,o_i,NA,o_up,FALSE,why,NO_COG
[2026-09-19T17:36:16.513] Cog0  BM-TS,seq,1_885,tid,6,k,234,lt,FALSE,pos,-75,hw,-75,i,47,ph,2_291,d,6_927,e,-43,st,SPIN_DN,flt,FALSE,up,TRUE,ig,0,o_pos,0,o_hw,0,o_i,NA,o_up,FALSE,why,NO_COG
[2026-09-19T17:36:16.515] Cog0  BM-TS,seq,1_886,tid,6,k,235,lt,FALSE,pos,-75,hw,-75,i,41,ph,2_218,d,6_897,e,-50,st,SPIN_DN,flt,FALSE,up,TRUE,ig,0,o_pos,0,o_hw,0,o_i,NA,o_up,FALSE,why,NO_COG
[2026-09-19T17:36:16.517] Cog0  BM-TS,seq,1_887,tid,6,k,236,lt,FALSE,pos,-75,hw,-75,i,37,ph,2_249,d,6_857,e,-59,st,SPIN_DN,flt,FALSE,up,TRUE,ig,0,o_pos,0,o_hw,0,o_i,NA,o_up,FALSE,why,NO_COG
[2026-09-19T17:36:16.519] Cog0  BM-TS,seq,1_888,tid,6,k,237,lt,FALSE,pos,-75,hw,-75,i,41,ph,2_322,d,6_817,e,-68,st,SPIN_DN,flt,FALSE,up,TRUE,ig,0,o_pos,0,o_hw,0,o_i,NA,o_up,FALSE,why,NO_COG
[2026-09-19T17:36:16.521] Cog0  BM-TS,seq,1_889,tid,6,k,238,lt,FALSE,pos,-75,hw,-75,i,44,ph,2_417,d,6_777,e,-77,st,SPIN_DN,flt,FALSE,up,TRUE,ig,0,o_pos,0,o_hw,0,o_i,NA,o_up,FALSE,why,NO_COG
[2026-09-19T17:36:16.524] Cog0  BM-TS,seq,1_890,tid,6,k,239,lt,FALSE,pos,-76,hw,-76,i,37,ph,2_493,d,6_688,e,-43,st,SPIN_DN,flt,FALSE,up,TRUE,ig,0,o_pos,0,o_hw,0,o_i,NA,o_up,FALSE,why,NO_COG
[2026-09-19T17:36:16.525] Cog0  BM-TS,seq,1_891,tid,6,k,240,lt,FALSE,pos,-76,hw,-76,i,35,ph,2_542,d,6_661,e,-50,st,SPIN_DN,flt,FALSE,up,TRUE,ig,0,o_pos,0,o_hw,0,o_i,NA,o_up,FALSE,why,NO_COG
[2026-09-19T17:36:16.527] Cog0  BM-TS,seq,1_892,tid,6,k,241,lt,FALSE,pos,-76,hw,-76,i,34,ph,2_504,d,6_625,e,-59,st,SPIN_DN,flt,FALSE,up,TRUE,ig,0,o_pos,0,o_hw,0,o_i,NA,o_up,FALSE,why,NO_COG
[2026-09-19T17:36:16.530] Cog0  BM-TS,seq,1_893,tid,6,k,242,lt,FALSE,pos,-76,hw,-76,i,37,ph,2_443,d,6_589,e,-68,st,SPIN_DN,flt,FALSE,up,TRUE,ig,0,o_pos,0,o_hw,0,o_i,NA,o_up,FALSE,why,NO_COG
[2026-09-19T17:36:16.531] Cog0  BM-TS,seq,1_894,tid,6,k,243,lt,FALSE,pos,-76,hw,-76,i,36,ph,2_362,d,6_553,e,-76,st,SPIN_DN,flt,FALSE,up,TRUE,ig,0,o_pos,0,o_hw,0,o_i,NA,o_up,FALSE,why,NO_COG
[2026-09-19T17:36:16.533] Cog0  BM-TS,seq,1_895,tid,6,k,244,lt,FALSE,pos,-77,hw,-77,i,30,ph,2_282,d,6_474,e,-42,st,SPIN_DN,flt,FALSE,up,TRUE,ig,0,o_pos,0,o_hw,0,o_i,NA,o_up,FALSE,why,NO_COG
[2026-09-19T17:36:16.536] Cog0  BM-TS,seq,1_896,tid,6,k,245,lt,FALSE,pos,-77,hw,-77,i,29,ph,2_218,d,6_438,e,-51,st,SPIN_DN,flt,FALSE,up,TRUE,ig,0,o_pos,0,o_hw,0,o_i,NA,o_up,FALSE,why,NO_COG
[2026-09-19T17:36:16.537] Cog0  BM-TS,seq,1_897,tid,6,k,246,lt,FALSE,pos,-77,hw,-77,i,30,ph,2_245,d,6_411,e,-58,st,SPIN_DN,flt,FALSE,up,TRUE,ig,0,o_pos,0,o_hw,0,o_i,NA,o_up,FALSE,why,NO_COG
[2026-09-19T17:36:16.540] Cog0  BM-TS,seq,1_898,tid,6,k,247,lt,FALSE,pos,-77,hw,-77,i,31,ph,2_309,d,6_375,e,-66,st,SPIN_DN,flt,FALSE,up,TRUE,ig,0,o_pos,0,o_hw,0,o_i,NA,o_up,FALSE,why,NO_COG
[2026-09-19T17:36:16.540] Cog0  BM-TS,seq,1_899,tid,6,k,248,lt,FALSE,pos,-77,hw,-77,i,36,ph,2_388,d,6_339,e,-75,st,SPIN_DN,flt,FALSE,up,TRUE,ig,0,o_pos,0,o_hw,0,o_i,NA,o_up,FALSE,why,NO_COG
[2026-09-19T17:36:16.543] Cog0  BM-TS,seq,1_900,tid,6,k,249,lt,FALSE,pos,-78,hw,-78,i,30,ph,2_462,d,6_285,e,-40,st,SPIN_DN,flt,FALSE,up,TRUE,ig,0,o_pos,0,o_hw,0,o_i,NA,o_up,FALSE,why,NO_COG
[2026-09-19T17:36:16.546] Cog0  BM-TS,seq,1_901,tid,6,k,250,lt,FALSE,pos,-78,hw,-78,i,25,ph,2_515,d,6_237,e,-49,st,SPIN_DN,flt,FALSE,up,TRUE,ig,0,o_pos,0,o_hw,0,o_i,NA,o_up,FALSE,why,NO_COG
[2026-09-19T17:36:16.547] Cog0  BM-TS,seq,1_902,tid,6,k,251,lt,FALSE,pos,-78,hw,-78,i,25,ph,2_504,d,6_201,e,-57,st,SPIN_DN,flt,FALSE,up,TRUE,ig,0,o_pos,0,o_hw,0,o_i,NA,o_up,FALSE,why,NO_COG
[2026-09-19T17:36:16.549] Cog0  BM-TS,seq,1_903,tid,6,k,252,lt,FALSE,pos,-78,hw,-78,i,25,ph,2_472,d,6_174,e,-64,st,SPIN_DN,flt,FALSE,up,TRUE,ig,0,o_pos,0,o_hw,0,o_i,NA,o_up,FALSE,why,NO_COG
[2026-09-19T17:36:16.552] Cog0  BM-TS,seq,1_904,tid,6,k,253,lt,FALSE,pos,-78,hw,-78,i,31,ph,2_400,d,6_138,e,-72,st,SPIN_DN,flt,FALSE,up,TRUE,ig,0,o_pos,0,o_hw,0,o_i,NA,o_up,FALSE,why,NO_COG
[2026-09-19T17:36:16.553] Cog0  BM-TS,seq,1_905,tid,6,k,254,lt,FALSE,pos,-78,hw,-78,i,25,ph,2_327,d,6_102,e,-80,st,SPIN_DN,flt,FALSE,up,TRUE,ig,0,o_pos,0,o_hw,0,o_i,NA,o_up,FALSE,why,NO_COG
[2026-09-19T17:36:16.556] Cog0  BM-TS,seq,1_906,tid,6,k,255,lt,FALSE,pos,-79,hw,-79,i,24,ph,2_273,d,6_035,e,-46,st,SPIN_DN,flt,FALSE,up,TRUE,ig,0,o_pos,0,o_hw,0,o_i,NA,o_up,FALSE,why,NO_COG
[2026-09-19T17:36:16.558] Cog0  BM-TS,seq,1_907,tid,6,k,256,lt,FALSE,pos,-79,hw,-79,i,21,ph,2_230,d,5_999,e,-54,st,SPIN_DN,flt,FALSE,up,TRUE,ig,0,o_pos,0,o_hw,0,o_i,NA,o_up,FALSE,why,NO_COG
[2026-09-19T17:36:16.560] Cog0  BM-TS,seq,1_908,tid,6,k,257,lt,FALSE,pos,-79,hw,-79,i,24,ph,2_272,d,5_963,e,-62,st,SPIN_DN,flt,FALSE,up,TRUE,ig,0,o_pos,0,o_hw,0,o_i,NA,o_up,FALSE,why,NO_COG
[2026-09-19T17:36:16.561] Cog0  BM-TS,seq,1_909,tid,6,k,258,lt,FALSE,pos,-79,hw,-79,i,28,ph,2_338,d,5_936,e,-68,st,SPIN_DN,flt,FALSE,up,TRUE,ig,0,o_pos,0,o_hw,0,o_i,NA,o_up,FALSE,why,NO_COG
[2026-09-19T17:36:16.564] Cog0  BM-TS,seq,1_910,tid,6,k,259,lt,FALSE,pos,-79,hw,-79,i,25,ph,2_393,d,5_900,e,-76,st,SPIN_DN,flt,FALSE,up,TRUE,ig,0,o_pos,0,o_hw,0,o_i,NA,o_up,FALSE,why,NO_COG
[2026-09-19T17:36:16.565] Cog0  BM-TS,seq,1_911,tid,6,k,260,lt,FALSE,pos,-80,hw,-80,i,21,ph,2_463,d,5_886,e,-41,st,SPIN_DN,flt,FALSE,up,TRUE,ig,0,o_pos,0,o_hw,0,o_i,NA,o_up,FALSE,why,NO_COG
[2026-09-19T17:36:16.568] Cog0  BM-TS,seq,1_912,tid,6,k,261,lt,FALSE,pos,-80,hw,-80,i,18,ph,2_514,d,5_840,e,-49,st,SPIN_DN,flt,FALSE,up,TRUE,ig,0,o_pos,0,o_hw,0,o_i,NA,o_up,FALSE,why,NO_COG
[2026-09-19T17:36:16.570] Cog0  BM-TS,seq,1_913,tid,6,k,262,lt,FALSE,pos,-80,hw,-80,i,18,ph,2_499,d,5_804,e,-57,st,SPIN_DN,flt,FALSE,up,TRUE,ig,0,o_pos,0,o_hw,0,o_i,NA,o_up,FALSE,why,NO_COG
[2026-09-19T17:36:16.571] Cog0  BM-TS,seq,1_914,tid,6,k,263,lt,FALSE,pos,-80,hw,-80,i,21,ph,2_465,d,5_768,e,-65,st,SPIN_DN,flt,FALSE,up,TRUE,ig,0,o_pos,0,o_hw,0,o_i,NA,o_up,FALSE,why,NO_COG
[2026-09-19T17:36:16.574] Cog0  BM-TS,seq,1_915,tid,6,k,264,lt,FALSE,pos,-80,hw,-80,i,25,ph,2_414,d,5_741,e,-71,st,SPIN_DN,flt,FALSE,up,TRUE,ig,0,o_pos,0,o_hw,0,o_i,NA,o_up,FALSE,why,NO_COG
[2026-09-19T17:36:16.576] Cog0  BM-TS,seq,1_916,tid,6,k,265,lt,FALSE,pos,-80,hw,-80,i,24,ph,2_345,d,5_705,e,-79,st,SPIN_DN,flt,FALSE,up,TRUE,ig,0,o_pos,0,o_hw,0,o_i,NA,o_up,FALSE,why,NO_COG
[2026-09-19T17:36:16.578] Cog0  BM-TS,seq,1_917,tid,6,k,266,lt,FALSE,pos,-81,hw,-81,i,20,ph,2_289,d,5_664,e,-44,st,SPIN_DN,flt,FALSE,up,TRUE,ig,0,o_pos,0,o_hw,0,o_i,NA,o_up,FALSE,why,NO_COG
[2026-09-19T17:36:16.580] Cog0  BM-TS,seq,1_918,tid,6,k,267,lt,FALSE,pos,-81,hw,-81,i,17,ph,2_244,d,5_628,e,-51,st,SPIN_DN,flt,FALSE,up,TRUE,ig,0,o_pos,0,o_hw,0,o_i,NA,o_up,FALSE,why,NO_COG
[2026-09-19T17:36:16.582] Cog0  BM-TS,seq,1_919,tid,6,k,268,lt,FALSE,pos,-81,hw,-81,i,20,ph,2_270,d,5_592,e,-59,st,SPIN_DN,flt,FALSE,up,TRUE,ig,0,o_pos,0,o_hw,0,o_i,NA,o_up,FALSE,why,NO_COG
[2026-09-19T17:36:16.584] Cog0  BM-TS,seq,1_920,tid,6,k,269,lt,FALSE,pos,-81,hw,-81,i,21,ph,2_314,d,5_565,e,-65,st,SPIN_DN,flt,FALSE,up,TRUE,ig,0,o_pos,0,o_hw,0,o_i,NA,o_up,FALSE,why,NO_COG
[2026-09-19T17:36:16.586] Cog0  BM-TS,seq,1_921,tid,6,k,270,lt,FALSE,pos,-81,hw,-81,i,21,ph,2_367,d,5_529,e,-72,st,SPIN_DN,flt,FALSE,up,TRUE,ig,0,o_pos,0,o_hw,0,o_i,NA,o_up,FALSE,why,NO_COG
[2026-09-19T17:36:16.588] Cog0  BM-TS,seq,1_922,tid,6,k,271,lt,FALSE,pos,-81,hw,-81,i,17,ph,2_428,d,5_493,e,-80,st,SPIN_DN,flt,FALSE,up,TRUE,ig,0,o_pos,0,o_hw,0,o_i,NA,o_up,FALSE,why,NO_COG
[2026-09-19T17:36:16.590] Cog0  BM-TS,seq,1_923,tid,6,k,272,lt,FALSE,pos,-82,hw,-82,i,16,ph,2_482,d,5_481,e,-44,st,SPIN_DN,flt,FALSE,up,TRUE,ig,0,o_pos,0,o_hw,0,o_i,NA,o_up,FALSE,why,NO_COG
[2026-09-19T17:36:16.592] Cog0  BM-TS,seq,1_924,tid,6,k,273,lt,FALSE,pos,-82,hw,-82,i,17,ph,2_512,d,5_445,e,-52,st,SPIN_DN,flt,FALSE,up,TRUE,ig,0,o_pos,0,o_hw,0,o_i,NA,o_up,FALSE,why,NO_COG
[2026-09-19T17:36:16.594] Cog0  BM-TS,seq,1_925,tid,6,k,274,lt,FALSE,pos,-82,hw,-82,i,18,ph,2_488,d,5_409,e,-59,st,SPIN_DN,flt,FALSE,up,TRUE,ig,0,o_pos,0,o_hw,0,o_i,NA,o_up,FALSE,why,NO_COG
[2026-09-19T17:36:16.596] Cog0  BM-TS,seq,1_926,tid,6,k,275,lt,FALSE,pos,-82,hw,-82,i,19,ph,2_449,d,5_382,e,-65,st,SPIN_DN,flt,FALSE,up,TRUE,ig,0,o_pos,0,o_hw,0,o_i,NA,o_up,FALSE,why,NO_COG
[2026-09-19T17:36:16.598] Cog0  BM-TS,seq,1_927,tid,6,k,276,lt,FALSE,pos,-82,hw,-82,i,20,ph,2_404,d,5_346,e,-72,st,SPIN_DN,flt,FALSE,up,TRUE,ig,0,o_pos,0,o_hw,0,o_i,NA,o_up,FALSE,why,NO_COG
[2026-09-19T17:36:16.600] Cog0  BM-TS,seq,1_928,tid,6,k,277,lt,FALSE,pos,-82,hw,-82,i,17,ph,2_347,d,5_310,e,-79,st,SPIN_DN,flt,FALSE,up,TRUE,ig,0,o_pos,0,o_hw,0,o_i,NA,o_up,FALSE,why,NO_COG
[2026-09-19T17:36:16.602] Cog0  BM-TS,seq,1_929,tid,6,k,278,lt,FALSE,pos,-83,hw,-83,i,13,ph,2_302,d,5_266,e,-44,st,SPIN_DN,flt,FALSE,up,TRUE,ig,0,o_pos,0,o_hw,0,o_i,NA,o_up,FALSE,why,NO_COG
[2026-09-19T17:36:16.604] Cog0  BM-TS,seq,1_930,tid,6,k,279,lt,FALSE,pos,-83,hw,-83,i,13,ph,2_258,d,5_230,e,-51,st,SPIN_DN,flt,FALSE,up,TRUE,ig,0,o_pos,0,o_hw,0,o_i,NA,o_up,FALSE,why,NO_COG
[2026-09-19T17:36:16.606] Cog0  BM-TS,seq,1_931,tid,6,k,280,lt,FALSE,pos,-83,hw,-83,i,16,ph,2_267,d,5_194,e,-58,st,SPIN_DN,flt,FALSE,up,TRUE,ig,0,o_pos,0,o_hw,0,o_i,NA,o_up,FALSE,why,NO_COG
[2026-09-19T17:36:16.608] Cog0  BM-TS,seq,1_932,tid,6,k,281,lt,FALSE,pos,-83,hw,-83,i,16,ph,2_307,d,5_167,e,-63,st,SPIN_DN,flt,FALSE,up,TRUE,ig,0,o_pos,0,o_hw,0,o_i,NA,o_up,FALSE,why,NO_COG
[2026-09-19T17:36:16.610] Cog0  BM-TS,seq,1_933,tid,6,k,282,lt,FALSE,pos,-83,hw,-83,i,16,ph,2_350,d,5_131,e,-70,st,SPIN_DN,flt,FALSE,up,TRUE,ig,0,o_pos,0,o_hw,0,o_i,NA,o_up,FALSE,why,NO_COG
[2026-09-19T17:36:16.612] Cog0  BM-TS,seq,1_934,tid,6,k,283,lt,FALSE,pos,-83,hw,-83,i,17,ph,2_408,d,5_095,e,-77,st,SPIN_DN,flt,FALSE,up,TRUE,ig,0,o_pos,0,o_hw,0,o_i,NA,o_up,FALSE,why,NO_COG
[2026-09-19T17:36:16.614] Cog0  BM-TS,seq,1_935,tid,6,k,284,lt,FALSE,pos,-84,hw,-84,i,13,ph,2_447,d,5_028,e,-41,st,SPIN_DN,flt,FALSE,up,TRUE,ig,0,o_pos,0,o_hw,0,o_i,NA,o_up,FALSE,why,NO_COG
[2026-09-19T17:36:16.616] Cog0  BM-TS,seq,1_936,tid,6,k,285,lt,FALSE,pos,-84,hw,-84,i,12,ph,2_496,d,4_978,e,-48,st,SPIN_DN,flt,FALSE,up,TRUE,ig,0,o_pos,0,o_hw,0,o_i,NA,o_up,FALSE,why,NO_COG
[2026-09-19T17:36:16.618] Cog0  BM-TS,seq,1_937,tid,6,k,286,lt,FALSE,pos,-84,hw,-84,i,14,ph,2_510,d,4_942,e,-55,st,SPIN_DN,flt,FALSE,up,TRUE,ig,0,o_pos,0,o_hw,0,o_i,NA,o_up,FALSE,why,NO_COG
[2026-09-19T17:36:16.620] Cog0  BM-TS,seq,1_938,tid,6,k,287,lt,FALSE,pos,-84,hw,-84,i,11,ph,2_472,d,4_915,e,-60,st,SPIN_DN,flt,FALSE,up,TRUE,ig,0,o_pos,0,o_hw,0,o_i,NA,o_up,FALSE,why,NO_COG
[2026-09-19T17:36:16.622] Cog0  BM-TS,seq,1_939,tid,6,k,288,lt,FALSE,pos,-84,hw,-84,i,14,ph,2_428,d,4_879,e,-66,st,SPIN_DN,flt,FALSE,up,TRUE,ig,0,o_pos,0,o_hw,0,o_i,NA,o_up,FALSE,why,NO_COG
[2026-09-19T17:36:16.624] Cog0  BM-TS,seq,1_940,tid,6,k,289,lt,FALSE,pos,-84,hw,-84,i,14,ph,2_395,d,4_843,e,-73,st,SPIN_DN,flt,FALSE,up,TRUE,ig,0,o_pos,0,o_hw,0,o_i,NA,o_up,FALSE,why,NO_COG
[2026-09-19T17:36:16.626] Cog0  BM-TS,seq,1_941,tid,6,k,290,lt,FALSE,pos,-84,hw,-84,i,14,ph,2_343,d,4_807,e,-80,st,SPIN_DN,flt,FALSE,up,TRUE,ig,0,o_pos,0,o_hw,0,o_i,NA,o_up,FALSE,why,NO_COG
[2026-09-19T17:36:16.628] Cog0  BM-TS,seq,1_942,tid,6,k,291,lt,FALSE,pos,-85,hw,-85,i,12,ph,2_303,d,4_789,e,-44,st,SPIN_DN,flt,FALSE,up,TRUE,ig,0,o_pos,0,o_hw,0,o_i,NA,o_up,FALSE,why,NO_COG
[2026-09-19T17:36:16.630] Cog0  BM-TS,seq,1_943,tid,6,k,292,lt,FALSE,pos,-85,hw,-85,i,12,ph,2_269,d,4_762,e,-49,st,SPIN_DN,flt,FALSE,up,TRUE,ig,0,o_pos,0,o_hw,0,o_i,NA,o_up,FALSE,why,NO_COG
[2026-09-19T17:36:16.632] Cog0  BM-TS,seq,1_944,tid,6,k,293,lt,FALSE,pos,-85,hw,-85,i,10,ph,2_272,d,4_726,e,-55,st,SPIN_DN,flt,FALSE,up,TRUE,ig,0,o_pos,0,o_hw,0,o_i,NA,o_up,FALSE,why,NO_COG
[2026-09-19T17:36:16.634] Cog0  BM-TS,seq,1_945,tid,6,k,294,lt,FALSE,pos,-85,hw,-85,i,11,ph,2_301,d,4_690,e,-61,st,SPIN_DN,flt,FALSE,up,TRUE,ig,0,o_pos,0,o_hw,0,o_i,NA,o_up,FALSE,why,NO_COG
[2026-09-19T17:36:16.636] Cog0  BM-TS,seq,1_946,tid,6,k,295,lt,FALSE,pos,-85,hw,-85,i,12,ph,2_340,d,4_654,e,-68,st,SPIN_DN,flt,FALSE,up,TRUE,ig,0,o_pos,0,o_hw,0,o_i,NA,o_up,FALSE,why,NO_COG
[2026-09-19T17:36:16.638] Cog0  BM-TS,seq,1_947,tid,6,k,296,lt,FALSE,pos,-85,hw,-85,i,12,ph,2_382,d,4_618,e,-74,st,SPIN_DN,flt,FALSE,up,TRUE,ig,0,o_pos,0,o_hw,0,o_i,NA,o_up,FALSE,why,NO_COG
[2026-09-19T17:36:16.640] Cog0  BM-TS,seq,1_948,tid,6,k,297,lt,FALSE,pos,-85,hw,-85,i,13,ph,2_422,d,4_582,e,-80,st,SPIN_DN,flt,FALSE,up,TRUE,ig,0,o_pos,0,o_hw,0,o_i,NA,o_up,FALSE,why,NO_COG
[2026-09-19T17:36:16.642] Cog0  BM-TS,seq,1_949,tid,6,k,298,lt,FALSE,pos,-86,hw,-86,i,12,ph,2_455,d,4_602,e,-42,st,SPIN_DN,flt,FALSE,up,TRUE,ig,0,o_pos,0,o_hw,0,o_i,NA,o_up,FALSE,why,NO_COG
[2026-09-19T17:36:16.644] Cog0  BM-TS,seq,1_950,tid,6,k,299,lt,FALSE,pos,-86,hw,-86,i,10,ph,2_481,d,4_566,e,-49,st,SPIN_DN,flt,FALSE,up,TRUE,ig,0,o_pos,0,o_hw,0,o_i,NA,o_up,FALSE,why,NO_COG
[2026-09-19T17:36:16.646] Cog0  BM-TS,seq,1_951,tid,6,k,300,lt,FALSE,pos,-86,hw,-86,i,12,ph,2_489,d,4_530,e,-55,st,SPIN_DN,flt,FALSE,up,TRUE,ig,0,o_pos,0,o_hw,0,o_i,NA,o_up,FALSE,why,NO_COG
[2026-09-19T17:36:16.649] Cog0  BM-TS,seq,1_952,tid,6,k,305,lt,FALSE,pos,-87,hw,-87,i,9,ph,2_324,d,4_318,e,-41,st,SPIN_DN,flt,FALSE,up,TRUE,ig,0,o_pos,0,o_hw,0,o_i,NA,o_up,FALSE,why,NO_COG
[2026-09-19T17:36:16.651] Cog0  BM-TS,seq,1_953,tid,6,k,313,lt,FALSE,pos,-88,hw,-88,i,10,ph,2_450,d,4_085,e,-42,st,SPIN_DN,flt,FALSE,up,TRUE,ig,0,o_pos,0,o_hw,0,o_i,NA,o_up,FALSE,why,NO_COG
[2026-09-19T17:36:16.653] Cog0  BM-TS,seq,1_954,tid,6,k,321,lt,FALSE,pos,-89,hw,-89,i,10,ph,2_336,d,3_902,e,-40,st,SPIN_DN,flt,FALSE,up,TRUE,ig,0,o_pos,0,o_hw,0,o_i,NA,o_up,FALSE,why,NO_COG
[2026-09-19T17:36:16.654] Cog0  BM-TS,seq,1_955,tid,6,k,325,lt,FALSE,pos,-89,hw,-89,i,8,ph,2_309,d,3_735,e,-60,st,SPIN_DN,flt,FALSE,up,TRUE,ig,0,o_pos,0,o_hw,0,o_i,NA,o_up,FALSE,why,NO_COG
[2026-09-19T17:36:16.658] Cog0  BM-TS,seq,1_956,tid,6,k,330,lt,FALSE,pos,-90,hw,-90,i,7,ph,2_440,d,3_617,e,-41,st,SPIN_DN,flt,FALSE,up,TRUE,ig,0,o_pos,0,o_hw,0,o_i,NA,o_up,FALSE,why,NO_COG
[2026-09-19T17:36:16.661] Cog0  BM-TS,seq,1_957,tid,6,k,340,lt,FALSE,pos,-91,hw,-91,i,4,ph,2_329,d,3_261,e,-41,st,SPIN_DN,flt,FALSE,up,TRUE,ig,0,o_pos,0,o_hw,0,o_i,NA,o_up,FALSE,why,NO_COG
[2026-09-19T17:36:16.663] Cog0  BM-TS,seq,1_958,tid,6,k,350,lt,FALSE,pos,-91,hw,-91,i,4,ph,2_409,d,2_911,e,-80,st,SPIN_DN,flt,FALSE,up,TRUE,ig,0,o_pos,0,o_hw,0,o_i,NA,o_up,FALSE,why,NO_COG
[2026-09-19T17:36:16.666] Cog0  BM-TS,seq,1_959,tid,6,k,351,lt,FALSE,pos,-92,hw,-92,i,5,ph,2_427,d,2_847,e,-41,st,SPIN_DN,flt,FALSE,up,TRUE,ig,0,o_pos,0,o_hw,0,o_i,NA,o_up,FALSE,why,NO_COG
[2026-09-19T17:36:16.669] Cog0  BM-TS,seq,1_960,tid,6,k,363,lt,FALSE,pos,-93,hw,-93,i,4,ph,2_350,d,2_423,e,-39,st,SPIN_DN,flt,FALSE,up,TRUE,ig,0,o_pos,0,o_hw,0,o_i,NA,o_up,FALSE,why,NO_COG
[2026-09-19T17:36:16.671] Cog0  BM-TS,seq,1_961,tid,6,k,375,lt,FALSE,pos,-93,hw,-93,i,2,ph,2_373,d,1_957,e,-73,st,SPIN_DN,flt,FALSE,up,TRUE,ig,0,o_pos,0,o_hw,0,o_i,NA,o_up,FALSE,why,NO_COG
[2026-09-19T17:36:16.674] Cog0  BM-TS,seq,1_962,tid,6,k,379,lt,FALSE,pos,-94,hw,-94,i,4,ph,2_415,d,2_049,e,-41,st,SPIN_DN,flt,FALSE,up,TRUE,ig,0,o_pos,0,o_hw,0,o_i,NA,o_up,FALSE,why,NO_COG
[2026-09-19T17:36:16.676] Cog0  BM-TS,seq,1_963,tid,6,k,400,lt,FALSE,pos,-94,hw,-94,i,3,ph,2_358,d,1_840,e,-82,st,SPIN_DN,flt,FALSE,up,TRUE,ig,0,o_pos,0,o_hw,0,o_i,NA,o_up,FALSE,why,NO_COG
[2026-09-19T17:36:16.680] Cog0  BM-TS,seq,1_964,tid,6,k,402,lt,FALSE,pos,-95,hw,-95,i,4,ph,2_355,d,2_097,e,-42,st,SPIN_DN,flt,FALSE,up,TRUE,ig,0,o_pos,0,o_hw,0,o_i,NA,o_up,FALSE,why,NO_COG
[2026-09-19T17:36:16.682] Cog0  BM-TS,seq,1_965,tid,6,k,425,lt,FALSE,pos,-95,hw,-95,i,4,ph,2_374,d,1_600,e,-63,st,SPIN_DN,flt,FALSE,up,TRUE,ig,0,o_pos,0,o_hw,0,o_i,NA,o_up,FALSE,why,NO_COG
[2026-09-19T17:36:16.684] Cog0  BM-TS,seq,1_966,tid,6,k,429,lt,FALSE,pos,-96,hw,-96,i,3,ph,2_379,d,1_600,e,-22,st,SPIN_DN,flt,FALSE,up,TRUE,ig,0,o_pos,0,o_hw,0,o_i,NA,o_up,FALSE,why,NO_COG
[2026-09-19T17:36:16.687] Cog0  BM-TS,seq,1_967,tid,6,k,435,lt,FALSE,pos,-96,hw,-96,i,4,ph,2_379,d,1_600,e,-23,st,STOPPED,flt,FALSE,up,TRUE,ig,0,o_pos,0,o_hw,0,o_i,NA,o_up,FALSE,why,NO_COG
[2026-09-19T17:36:16.691] Cog0  BM-TS,seq,1_968,tid,6,k,450,lt,FALSE,pos,-96,hw,-96,i,6,ph,2_384,d,1_600,e,-23,st,STOPPED,flt,FALSE,up,TRUE,ig,0,o_pos,0,o_hw,0,o_i,NA,o_up,FALSE,why,NO_COG
[2026-09-19T17:36:16.695] Cog0  BM-TS,seq,1_969,tid,6,k,475,lt,FALSE,pos,-96,hw,-96,i,5,ph,2_376,d,1_600,e,-23,st,STOPPED,flt,FALSE,up,TRUE,ig,0,o_pos,0,o_hw,0,o_i,NA,o_up,FALSE,why,NO_COG
[2026-09-19T17:36:16.698] Cog0  BM-TS,seq,1_970,tid,6,k,500,lt,FALSE,pos,-96,hw,-96,i,8,ph,2_380,d,1_600,e,-23,st,STOPPED,flt,FALSE,up,TRUE,ig,0,o_pos,0,o_hw,0,o_i,NA,o_up,FALSE,why,NO_COG
[2026-09-19T17:36:16.702] Cog0  BM-TS,seq,1_971,tid,6,k,525,lt,FALSE,pos,-96,hw,-96,i,9,ph,2_383,d,1_600,e,-23,st,STOPPED,flt,FALSE,up,TRUE,ig,0,o_pos,0,o_hw,0,o_i,NA,o_up,FALSE,why,NO_COG
[2026-09-19T17:36:16.705] Cog0  BM-TS,seq,1_972,tid,6,k,550,lt,FALSE,pos,-96,hw,-96,i,8,ph,2_383,d,1_600,e,-23,st,STOPPED,flt,FALSE,up,TRUE,ig,0,o_pos,0,o_hw,0,o_i,NA,o_up,FALSE,why,NO_COG
[2026-09-19T17:36:16.708] Cog0  BM-TS,seq,1_973,tid,6,k,575,lt,FALSE,pos,-96,hw,-96,i,7,ph,2_368,d,1_600,e,-23,st,STOPPED,flt,FALSE,up,TRUE,ig,0,o_pos,0,o_hw,0,o_i,NA,o_up,FALSE,why,NO_COG
[2026-09-19T17:36:16.710] Cog0  BM-TS,seq,1_974,tid,6,k,582,lt,FALSE,pos,-96,hw,-96,i,8,ph,2_378,d,1_600,e,-23,st,STOPPED,flt,FALSE,up,TRUE,ig,0,o_pos,0,o_hw,0,o_i,NA,o_up,FALSE,why,NO_COG
[2026-09-19T17:36:16.726] Cog0  BM-TRACE-END,seq,1_975,tid,6,stored,583,emitted,324,ksum,54_650,mark_k,50,late,0,skipped,0,lost_head,0,dropped,0,end,REST,rest_k,429,ig_sum,0,o_ig_sum,0,hw_skip,0,stride,1,why,NONE
[2026-09-19T17:36:16.751] Cog3  INIT $0000_E90E $0003_8E67 load
[2026-09-19T17:36:16.766] Cog4  INIT $0000_0FA8 $0003_8A43 jump
[2026-09-19T17:36:18.844] Cog0  BM-START,seq,1_976,seg,BASELINE,motor,RIGHT,life,6,cog_ret,3,cog_ok,TRUE,board,REV_B,board_enum,22,ready,TRUE,ready_ms,0,off_neg,43,off_pos,317,missed,0,illegal,0,zero_x10,-7,ph_x10,1_579,why,NONE
[2026-09-19T17:36:22.208] Cog0  BM-TRACE,seq,1_977,tid,7,seg,BASELINE,life,6,motor,RIGHT,cause,STOPCMD,incre,73_500_000,off_neg,43,off_pos,317,req_mode,FLOAT,ramp_inc,22,period_us,2_000,decim,1,pre,50,why,NONE
[2026-09-19T17:36:22.272] Cog0  BM-TS,seq,1_978,tid,7,k,0,lt,FALSE,pos,0,hw,0,i,521,ph,2_178,d,16_199,e,40,st,AT_SPEED,flt,FALSE,up,TRUE,ig,0,o_pos,0,o_hw,0,o_i,NA,o_up,FALSE,why,NO_COG
[2026-09-19T17:36:22.274] Cog0  BM-TS,seq,1_979,tid,7,k,1,lt,FALSE,pos,0,hw,0,i,477,ph,2_093,d,16_212,e,58,st,AT_SPEED,flt,FALSE,up,TRUE,ig,0,o_pos,0,o_hw,0,o_i,NA,o_up,FALSE,why,NO_COG
[2026-09-19T17:36:22.276] Cog0  BM-TS,seq,1_980,tid,7,k,2,lt,FALSE,pos,1,hw,1,i,504,ph,2_438,d,16_260,e,33,st,AT_SPEED,flt,FALSE,up,TRUE,ig,0,o_pos,0,o_hw,0,o_i,NA,o_up,FALSE,why,NO_COG
[2026-09-19T17:36:22.278] Cog0  BM-TS,seq,1_981,tid,7,k,3,lt,FALSE,pos,1,hw,1,i,480,ph,2_752,d,16_203,e,50,st,AT_SPEED,flt,FALSE,up,TRUE,ig,0,o_pos,0,o_hw,0,o_i,NA,o_up,FALSE,why,NO_COG
[2026-09-19T17:36:22.280] Cog0  BM-TS,seq,1_982,tid,7,k,4,lt,FALSE,pos,1,hw,1,i,502,ph,2_482,d,16_253,e,68,st,AT_SPEED,flt,FALSE,up,TRUE,ig,0,o_pos,0,o_hw,0,o_i,NA,o_up,FALSE,why,NO_COG
[2026-09-19T17:36:22.282] Cog0  BM-TS,seq,1_983,tid,7,k,5,lt,FALSE,pos,2,hw,2,i,520,ph,2_211,d,16_206,e,38,st,AT_SPEED,flt,FALSE,up,TRUE,ig,0,o_pos,0,o_hw,0,o_i,NA,o_up,FALSE,why,NO_COG
[2026-09-19T17:36:22.284] Cog0  BM-TS,seq,1_984,tid,7,k,6,lt,FALSE,pos,2,hw,2,i,483,ph,2_051,d,16_206,e,56,st,AT_SPEED,flt,FALSE,up,TRUE,ig,0,o_pos,0,o_hw,0,o_i,NA,o_up,FALSE,why,NO_COG
[2026-09-19T17:36:22.286] Cog0  BM-TS,seq,1_985,tid,7,k,7,lt,FALSE,pos,3,hw,3,i,510,ph,2_402,d,16_250,e,30,st,AT_SPEED,flt,FALSE,up,TRUE,ig,0,o_pos,0,o_hw,0,o_i,NA,o_up,FALSE,why,NO_COG
[2026-09-19T17:36:22.288] Cog0  BM-TS,seq,1_986,tid,7,k,8,lt,FALSE,pos,3,hw,3,i,479,ph,2_714,d,16_196,e,48,st,AT_SPEED,flt,FALSE,up,TRUE,ig,0,o_pos,0,o_hw,0,o_i,NA,o_up,FALSE,why,NO_COG
[2026-09-19T17:36:22.290] Cog0  BM-TS,seq,1_987,tid,7,k,9,lt,FALSE,pos,3,hw,3,i,479,ph,2_525,d,16_249,e,66,st,AT_SPEED,flt,FALSE,up,TRUE,ig,0,o_pos,0,o_hw,0,o_i,NA,o_up,FALSE,why,NO_COG
[2026-09-19T17:36:22.292] Cog0  BM-TS,seq,1_988,tid,7,k,10,lt,FALSE,pos,4,hw,4,i,543,ph,2_174,d,16_221,e,40,st,AT_SPEED,flt,FALSE,up,TRUE,ig,0,o_pos,0,o_hw,0,o_i,NA,o_up,FALSE,why,NO_COG
[2026-09-19T17:36:22.294] Cog0  BM-TS,seq,1_989,tid,7,k,11,lt,FALSE,pos,4,hw,4,i,500,ph,2_016,d,16_201,e,54,st,AT_SPEED,flt,FALSE,up,TRUE,ig,0,o_pos,0,o_hw,0,o_i,NA,o_up,FALSE,why,NO_COG
[2026-09-19T17:36:22.296] Cog0  BM-TS,seq,1_990,tid,7,k,12,lt,FALSE,pos,5,hw,5,i,514,ph,2_358,d,16_282,e,28,st,AT_SPEED,flt,FALSE,up,TRUE,ig,0,o_pos,0,o_hw,0,o_i,NA,o_up,FALSE,why,NO_COG
[2026-09-19T17:36:22.298] Cog0  BM-TS,seq,1_991,tid,7,k,13,lt,FALSE,pos,5,hw,5,i,491,ph,2_686,d,16_231,e,46,st,AT_SPEED,flt,FALSE,up,TRUE,ig,0,o_pos,0,o_hw,0,o_i,NA,o_up,FALSE,why,NO_COG
[2026-09-19T17:36:22.300] Cog0  BM-TS,seq,1_992,tid,7,k,14,lt,FALSE,pos,5,hw,5,i,466,ph,2_565,d,16_264,e,63,st,AT_SPEED,flt,FALSE,up,TRUE,ig,0,o_pos,0,o_hw,0,o_i,NA,o_up,FALSE,why,NO_COG
[2026-09-19T17:36:22.302] Cog0  BM-TS,seq,1_993,tid,7,k,15,lt,FALSE,pos,6,hw,6,i,512,ph,2_209,d,16_242,e,38,st,AT_SPEED,flt,FALSE,up,TRUE,ig,0,o_pos,0,o_hw,0,o_i,NA,o_up,FALSE,why,NO_COG
[2026-09-19T17:36:22.303] Cog0  BM-TS,seq,1_994,tid,7,k,16,lt,FALSE,pos,6,hw,6,i,509,ph,1_977,d,16_225,e,56,st,AT_SPEED,flt,FALSE,up,TRUE,ig,0,o_pos,0,o_hw,0,o_i,NA,o_up,FALSE,why,NO_COG
[2026-09-19T17:36:22.305] Cog0  BM-TS,seq,1_995,tid,7,k,17,lt,FALSE,pos,6,hw,6,i,525,ph,2_318,d,16_292,e,69,st,AT_SPEED,flt,FALSE,up,TRUE,ig,0,o_pos,0,o_hw,0,o_i,NA,o_up,FALSE,why,NO_COG
[2026-09-19T17:36:22.307] Cog0  BM-TS,seq,1_996,tid,7,k,18,lt,FALSE,pos,7,hw,7,i,509,ph,2_647,d,16_223,e,44,st,AT_SPEED,flt,FALSE,up,TRUE,ig,0,o_pos,0,o_hw,0,o_i,NA,o_up,FALSE,why,NO_COG
[2026-09-19T17:36:22.309] Cog0  BM-TS,seq,1_997,tid,7,k,19,lt,FALSE,pos,7,hw,7,i,479,ph,2_595,d,16_259,e,61,st,AT_SPEED,flt,FALSE,up,TRUE,ig,0,o_pos,0,o_hw,0,o_i,NA,o_up,FALSE,why,NO_COG
[2026-09-19T17:36:22.311] Cog0  BM-TS,seq,1_998,tid,7,k,20,lt,FALSE,pos,8,hw,8,i,504,ph,2_245,d,16_265,e,36,st,AT_SPEED,flt,FALSE,up,TRUE,ig,0,o_pos,0,o_hw,0,o_i,NA,o_up,FALSE,why,NO_COG
[2026-09-19T17:36:22.313] Cog0  BM-TS,seq,1_999,tid,7,k,21,lt,FALSE,pos,8,hw,8,i,490,ph,2_017,d,16_228,e,54,st,AT_SPEED,flt,FALSE,up,TRUE,ig,0,o_pos,0,o_hw,0,o_i,NA,o_up,FALSE,why,NO_COG
[2026-09-19T17:36:22.315] Cog0  BM-TS,seq,2_000,tid,7,k,22,lt,FALSE,pos,8,hw,8,i,522,ph,2_251,d,16_299,e,71,st,AT_SPEED,flt,FALSE,up,TRUE,ig,0,o_pos,0,o_hw,0,o_i,NA,o_up,FALSE,why,NO_COG
[2026-09-19T17:36:22.317] Cog0  BM-TS,seq,2_001,tid,7,k,23,lt,FALSE,pos,9,hw,9,i,515,ph,2_608,d,16_252,e,42,st,AT_SPEED,flt,FALSE,up,TRUE,ig,0,o_pos,0,o_hw,0,o_i,NA,o_up,FALSE,why,NO_COG
[2026-09-19T17:36:22.319] Cog0  BM-TS,seq,2_002,tid,7,k,24,lt,FALSE,pos,9,hw,9,i,476,ph,2_639,d,16_268,e,59,st,AT_SPEED,flt,FALSE,up,TRUE,ig,0,o_pos,0,o_hw,0,o_i,NA,o_up,FALSE,why,NO_COG
[2026-09-19T17:36:22.321] Cog0  BM-TS,seq,2_003,tid,7,k,25,lt,FALSE,pos,10,hw,10,i,515,ph,2_285,d,16_282,e,34,st,AT_SPEED,flt,FALSE,up,TRUE,ig,0,o_pos,0,o_hw,0,o_i,NA,o_up,FALSE,why,NO_COG
[2026-09-19T17:36:22.323] Cog0  BM-TS,seq,2_004,tid,7,k,26,lt,FALSE,pos,10,hw,10,i,482,ph,1_986,d,16_248,e,52,st,AT_SPEED,flt,FALSE,up,TRUE,ig,0,o_pos,0,o_hw,0,o_i,NA,o_up,FALSE,why,NO_COG
[2026-09-19T17:36:22.325] Cog0  BM-TS,seq,2_005,tid,7,k,27,lt,FALSE,pos,10,hw,10,i,513,ph,2_297,d,16_298,e,69,st,AT_SPEED,flt,FALSE,up,TRUE,ig,0,o_pos,0,o_hw,0,o_i,NA,o_up,FALSE,why,NO_COG
[2026-09-19T17:36:22.327] Cog0  BM-TS,seq,2_006,tid,7,k,28,lt,FALSE,pos,11,hw,11,i,537,ph,2_580,d,16_234,e,40,st,AT_SPEED,flt,FALSE,up,TRUE,ig,0,o_pos,0,o_hw,0,o_i,NA,o_up,FALSE,why,NO_COG
[2026-09-19T17:36:22.329] Cog0  BM-TS,seq,2_007,tid,7,k,29,lt,FALSE,pos,11,hw,11,i,495,ph,2_674,d,16_253,e,57,st,AT_SPEED,flt,FALSE,up,TRUE,ig,0,o_pos,0,o_hw,0,o_i,NA,o_up,FALSE,why,NO_COG
[2026-09-19T17:36:22.331] Cog0  BM-TS,seq,2_008,tid,7,k,30,lt,FALSE,pos,12,hw,12,i,512,ph,2_322,d,16_285,e,32,st,AT_SPEED,flt,FALSE,up,TRUE,ig,0,o_pos,0,o_hw,0,o_i,NA,o_up,FALSE,why,NO_COG
[2026-09-19T17:36:22.333] Cog0  BM-TS,seq,2_009,tid,7,k,31,lt,FALSE,pos,12,hw,12,i,475,ph,2_018,d,16_231,e,50,st,AT_SPEED,flt,FALSE,up,TRUE,ig,0,o_pos,0,o_hw,0,o_i,NA,o_up,FALSE,why,NO_COG
[2026-09-19T17:36:22.335] Cog0  BM-TS,seq,2_010,tid,7,k,32,lt,FALSE,pos,12,hw,12,i,481,ph,2_257,d,16_284,e,67,st,AT_SPEED,flt,FALSE,up,TRUE,ig,0,o_pos,0,o_hw,0,o_i,NA,o_up,FALSE,why,NO_COG
[2026-09-19T17:36:22.337] Cog0  BM-TS,seq,2_011,tid,7,k,33,lt,FALSE,pos,13,hw,13,i,538,ph,2_619,d,16_240,e,42,st,AT_SPEED,flt,FALSE,up,TRUE,ig,0,o_pos,0,o_hw,0,o_i,NA,o_up,FALSE,why,NO_COG
[2026-09-19T17:36:22.339] Cog0  BM-TS,seq,2_012,tid,7,k,34,lt,FALSE,pos,13,hw,13,i,506,ph,2_706,d,16_240,e,55,st,AT_SPEED,flt,FALSE,up,TRUE,ig,0,o_pos,0,o_hw,0,o_i,NA,o_up,FALSE,why,NO_COG
[2026-09-19T17:36:22.341] Cog0  BM-TS,seq,2_013,tid,7,k,35,lt,FALSE,pos,14,hw,14,i,525,ph,2_361,d,16_289,e,30,st,AT_SPEED,flt,FALSE,up,TRUE,ig,0,o_pos,0,o_hw,0,o_i,NA,o_up,FALSE,why,NO_COG
[2026-09-19T17:36:22.343] Cog0  BM-TS,seq,2_014,tid,7,k,36,lt,FALSE,pos,14,hw,14,i,495,ph,2_048,d,16_238,e,47,st,AT_SPEED,flt,FALSE,up,TRUE,ig,0,o_pos,0,o_hw,0,o_i,NA,o_up,FALSE,why,NO_COG
[2026-09-19T17:36:22.345] Cog0  BM-TS,seq,2_015,tid,7,k,37,lt,FALSE,pos,14,hw,14,i,482,ph,2_215,d,16_271,e,65,st,AT_SPEED,flt,FALSE,up,TRUE,ig,0,o_pos,0,o_hw,0,o_i,NA,o_up,FALSE,why,NO_COG
[2026-09-19T17:36:22.347] Cog0  BM-TS,seq,2_016,tid,7,k,38,lt,FALSE,pos,15,hw,15,i,516,ph,2_573,d,16_249,e,40,st,AT_SPEED,flt,FALSE,up,TRUE,ig,0,o_pos,0,o_hw,0,o_i,NA,o_up,FALSE,why,NO_COG
[2026-09-19T17:36:22.349] Cog0  BM-TS,seq,2_017,tid,7,k,39,lt,FALSE,pos,15,hw,15,i,504,ph,2_746,d,16_234,e,57,st,AT_SPEED,flt,FALSE,up,TRUE,ig,0,o_pos,0,o_hw,0,o_i,NA,o_up,FALSE,why,NO_COG
[2026-09-19T17:36:22.351] Cog0  BM-TS,seq,2_018,tid,7,k,40,lt,FALSE,pos,16,hw,16,i,521,ph,2_398,d,16_290,e,28,st,AT_SPEED,flt,FALSE,up,TRUE,ig,0,o_pos,0,o_hw,0,o_i,NA,o_up,FALSE,why,NO_COG
[2026-09-19T17:36:22.353] Cog0  BM-TS,seq,2_019,tid,7,k,41,lt,FALSE,pos,16,hw,16,i,500,ph,2_084,d,16_219,e,45,st,AT_SPEED,flt,FALSE,up,TRUE,ig,0,o_pos,0,o_hw,0,o_i,NA,o_up,FALSE,why,NO_COG
[2026-09-19T17:36:22.355] Cog0  BM-TS,seq,2_020,tid,7,k,42,lt,FALSE,pos,16,hw,16,i,480,ph,2_175,d,16_255,e,63,st,AT_SPEED,flt,FALSE,up,TRUE,ig,0,o_pos,0,o_hw,0,o_i,NA,o_up,FALSE,why,NO_COG
[2026-09-19T17:36:22.357] Cog0  BM-TS,seq,2_021,tid,7,k,43,lt,FALSE,pos,17,hw,17,i,499,ph,2_536,d,16_248,e,38,st,AT_SPEED,flt,FALSE,up,TRUE,ig,0,o_pos,0,o_hw,0,o_i,NA,o_up,FALSE,why,NO_COG
[2026-09-19T17:36:22.359] Cog0  BM-TS,seq,2_022,tid,7,k,44,lt,FALSE,pos,17,hw,17,i,490,ph,2_715,d,16_234,e,55,st,AT_SPEED,flt,FALSE,up,TRUE,ig,0,o_pos,0,o_hw,0,o_i,NA,o_up,FALSE,why,NO_COG
[2026-09-19T17:36:22.361] Cog0  BM-TS,seq,2_023,tid,7,k,45,lt,FALSE,pos,17,hw,17,i,543,ph,2_456,d,16_305,e,73,st,AT_SPEED,flt,FALSE,up,TRUE,ig,0,o_pos,0,o_hw,0,o_i,NA,o_up,FALSE,why,NO_COG
[2026-09-19T17:36:22.363] Cog0  BM-TS,seq,2_024,tid,7,k,46,lt,FALSE,pos,18,hw,18,i,521,ph,2_124,d,16_240,e,43,st,AT_SPEED,flt,FALSE,up,TRUE,ig,0,o_pos,0,o_hw,0,o_i,NA,o_up,FALSE,why,NO_COG
[2026-09-19T17:36:22.364] Cog0  BM-TS,seq,2_025,tid,7,k,47,lt,FALSE,pos,18,hw,18,i,474,ph,2_146,d,16_256,e,61,st,AT_SPEED,flt,FALSE,up,TRUE,ig,0,o_pos,0,o_hw,0,o_i,NA,o_up,FALSE,why,NO_COG
[2026-09-19T17:36:22.367] Cog0  BM-TS,seq,2_026,tid,7,k,48,lt,FALSE,pos,19,hw,19,i,497,ph,2_490,d,16_260,e,36,st,AT_SPEED,flt,FALSE,up,TRUE,ig,0,o_pos,0,o_hw,0,o_i,NA,o_up,FALSE,why,NO_COG
[2026-09-19T17:36:22.369] Cog0  BM-TS,seq,2_027,tid,7,k,49,lt,FALSE,pos,19,hw,19,i,470,ph,2_744,d,16_226,e,53,st,AT_SPEED,flt,FALSE,up,TRUE,ig,0,o_pos,0,o_hw,0,o_i,NA,o_up,FALSE,why,NO_COG
[2026-09-19T17:36:22.371] Cog0  BM-TS,seq,2_028,tid,7,k,50,lt,FALSE,pos,19,hw,19,i,508,ph,2_429,d,16_248,e,71,st,SPIN_DN,flt,FALSE,up,TRUE,ig,0,o_pos,0,o_hw,0,o_i,NA,o_up,FALSE,why,NO_COG
[2026-09-19T17:36:22.373] Cog0  BM-TS,seq,2_029,tid,7,k,51,lt,FALSE,pos,20,hw,20,i,524,ph,2_152,d,16_132,e,41,st,SPIN_DN,flt,FALSE,up,TRUE,ig,0,o_pos,0,o_hw,0,o_i,NA,o_up,FALSE,why,NO_COG
[2026-09-19T17:36:22.375] Cog0  BM-TS,seq,2_030,tid,7,k,52,lt,FALSE,pos,20,hw,20,i,488,ph,2_110,d,16_084,e,59,st,SPIN_DN,flt,FALSE,up,TRUE,ig,0,o_pos,0,o_hw,0,o_i,NA,o_up,FALSE,why,NO_COG
[2026-09-19T17:36:22.377] Cog0  BM-TS,seq,2_031,tid,7,k,53,lt,FALSE,pos,21,hw,21,i,502,ph,2_456,d,16_005,e,33,st,SPIN_DN,flt,FALSE,up,TRUE,ig,0,o_pos,0,o_hw,0,o_i,NA,o_up,FALSE,why,NO_COG
[2026-09-19T17:36:22.379] Cog0  BM-TS,seq,2_032,tid,7,k,54,lt,FALSE,pos,21,hw,21,i,454,ph,2_751,d,15_931,e,51,st,SPIN_DN,flt,FALSE,up,TRUE,ig,0,o_pos,0,o_hw,0,o_i,NA,o_up,FALSE,why,NO_COG
[2026-09-19T17:36:22.381] Cog0  BM-TS,seq,2_033,tid,7,k,55,lt,FALSE,pos,21,hw,21,i,456,ph,2_486,d,15_887,e,68,st,SPIN_DN,flt,FALSE,up,TRUE,ig,0,o_pos,0,o_hw,0,o_i,NA,o_up,FALSE,why,NO_COG
[2026-09-19T17:36:22.383] Cog0  BM-TS,seq,2_034,tid,7,k,56,lt,FALSE,pos,22,hw,22,i,488,ph,2_144,d,15_774,e,42,st,SPIN_DN,flt,FALSE,up,TRUE,ig,0,o_pos,0,o_hw,0,o_i,NA,o_up,FALSE,why,NO_COG
[2026-09-19T17:36:22.385] Cog0  BM-TS,seq,2_035,tid,7,k,57,lt,FALSE,pos,22,hw,22,i,452,ph,2_055,d,15_741,e,55,st,SPIN_DN,flt,FALSE,up,TRUE,ig,0,o_pos,0,o_hw,0,o_i,NA,o_up,FALSE,why,NO_COG
[2026-09-19T17:36:22.387] Cog0  BM-TS,seq,2_036,tid,7,k,58,lt,FALSE,pos,23,hw,23,i,471,ph,2_397,d,15_683,e,30,st,SPIN_DN,flt,FALSE,up,TRUE,ig,0,o_pos,0,o_hw,0,o_i,NA,o_up,FALSE,why,NO_COG
[2026-09-19T17:36:22.389] Cog0  BM-TS,seq,2_037,tid,7,k,59,lt,FALSE,pos,23,hw,23,i,439,ph,2_692,d,15_590,e,47,st,SPIN_DN,flt,FALSE,up,TRUE,ig,0,o_pos,0,o_hw,0,o_i,NA,o_up,FALSE,why,NO_COG
[2026-09-19T17:36:22.391] Cog0  BM-TS,seq,2_038,tid,7,k,60,lt,FALSE,pos,23,hw,23,i,428,ph,2_547,d,15_546,e,64,st,SPIN_DN,flt,FALSE,up,TRUE,ig,0,o_pos,0,o_hw,0,o_i,NA,o_up,FALSE,why,NO_COG
[2026-09-19T17:36:22.393] Cog0  BM-TS,seq,2_039,tid,7,k,61,lt,FALSE,pos,24,hw,24,i,454,ph,2_217,d,15_451,e,38,st,SPIN_DN,flt,FALSE,up,TRUE,ig,0,o_pos,0,o_hw,0,o_i,NA,o_up,FALSE,why,NO_COG
[2026-09-19T17:36:22.395] Cog0  BM-TS,seq,2_040,tid,7,k,62,lt,FALSE,pos,24,hw,24,i,451,ph,2_003,d,15_390,e,55,st,SPIN_DN,flt,FALSE,up,TRUE,ig,0,o_pos,0,o_hw,0,o_i,NA,o_up,FALSE,why,NO_COG
[2026-09-19T17:36:22.397] Cog0  BM-TS,seq,2_041,tid,7,k,63,lt,FALSE,pos,24,hw,24,i,444,ph,2_288,d,15_357,e,68,st,SPIN_DN,flt,FALSE,up,TRUE,ig,0,o_pos,0,o_hw,0,o_i,NA,o_up,FALSE,why,NO_COG
[2026-09-19T17:36:22.399] Cog0  BM-TS,seq,2_042,tid,7,k,64,lt,FALSE,pos,25,hw,25,i,437,ph,2_601,d,15_250,e,42,st,SPIN_DN,flt,FALSE,up,TRUE,ig,0,o_pos,0,o_hw,0,o_i,NA,o_up,FALSE,why,NO_COG
[2026-09-19T17:36:22.401] Cog0  BM-TS,seq,2_043,tid,7,k,65,lt,FALSE,pos,25,hw,25,i,386,ph,2_627,d,15_206,e,59,st,SPIN_DN,flt,FALSE,up,TRUE,ig,0,o_pos,0,o_hw,0,o_i,NA,o_up,FALSE,why,NO_COG
[2026-09-19T17:36:22.403] Cog0  BM-TS,seq,2_044,tid,7,k,66,lt,FALSE,pos,26,hw,26,i,414,ph,2_305,d,15_138,e,33,st,SPIN_DN,flt,FALSE,up,TRUE,ig,0,o_pos,0,o_hw,0,o_i,NA,o_up,FALSE,why,NO_COG
[2026-09-19T17:36:22.405] Cog0  BM-TS,seq,2_045,tid,7,k,67,lt,FALSE,pos,26,hw,26,i,405,ph,2_029,d,15_058,e,50,st,SPIN_DN,flt,FALSE,up,TRUE,ig,0,o_pos,0,o_hw,0,o_i,NA,o_up,FALSE,why,NO_COG
[2026-09-19T17:36:22.407] Cog0  BM-TS,seq,2_046,tid,7,k,68,lt,FALSE,pos,26,hw,26,i,427,ph,2_189,d,15_014,e,67,st,SPIN_DN,flt,FALSE,up,TRUE,ig,0,o_pos,0,o_hw,0,o_i,NA,o_up,FALSE,why,NO_COG
[2026-09-19T17:36:22.409] Cog0  BM-TS,seq,2_047,tid,7,k,69,lt,FALSE,pos,27,hw,27,i,426,ph,2_507,d,14_929,e,36,st,SPIN_DN,flt,FALSE,up,TRUE,ig,0,o_pos,0,o_hw,0,o_i,NA,o_up,FALSE,why,NO_COG
[2026-09-19T17:36:22.411] Cog0  BM-TS,seq,2_048,tid,7,k,70,lt,FALSE,pos,27,hw,27,i,379,ph,2_709,d,14_860,e,53,st,SPIN_DN,flt,FALSE,up,TRUE,ig,0,o_pos,0,o_hw,0,o_i,NA,o_up,FALSE,why,NO_COG
[2026-09-19T17:36:22.413] Cog0  BM-TS,seq,2_049,tid,7,k,71,lt,FALSE,pos,27,hw,27,i,378,ph,2_446,d,14_816,e,70,st,SPIN_DN,flt,FALSE,up,TRUE,ig,0,o_pos,0,o_hw,0,o_i,NA,o_up,FALSE,why,NO_COG
[2026-09-19T17:36:22.415] Cog0  BM-TS,seq,2_050,tid,7,k,72,lt,FALSE,pos,28,hw,28,i,380,ph,2_144,d,14_703,e,43,st,SPIN_DN,flt,FALSE,up,TRUE,ig,0,o_pos,0,o_hw,0,o_i,NA,o_up,FALSE,why,NO_COG
[2026-09-19T17:36:22.417] Cog0  BM-TS,seq,2_051,tid,7,k,73,lt,FALSE,pos,28,hw,28,i,362,ph,2_149,d,14_659,e,60,st,SPIN_DN,flt,FALSE,up,TRUE,ig,0,o_pos,0,o_hw,0,o_i,NA,o_up,FALSE,why,NO_COG
[2026-09-19T17:36:22.419] Cog0  BM-TS,seq,2_052,tid,7,k,74,lt,FALSE,pos,29,hw,29,i,387,ph,2_394,d,14_618,e,30,st,SPIN_DN,flt,FALSE,up,TRUE,ig,0,o_pos,0,o_hw,0,o_i,NA,o_up,FALSE,why,NO_COG
[2026-09-19T17:36:22.421] Cog0  BM-TS,seq,2_053,tid,7,k,75,lt,FALSE,pos,29,hw,29,i,363,ph,2_661,d,14_530,e,46,st,SPIN_DN,flt,FALSE,up,TRUE,ig,0,o_pos,0,o_hw,0,o_i,NA,o_up,FALSE,why,NO_COG
[2026-09-19T17:36:22.423] Cog0  BM-TS,seq,2_054,tid,7,k,76,lt,FALSE,pos,29,hw,29,i,337,ph,2_562,d,14_486,e,62,st,SPIN_DN,flt,FALSE,up,TRUE,ig,0,o_pos,0,o_hw,0,o_i,NA,o_up,FALSE,why,NO_COG
[2026-09-19T17:36:22.425] Cog0  BM-TS,seq,2_055,tid,7,k,77,lt,FALSE,pos,30,hw,30,i,358,ph,2_265,d,14_402,e,36,st,SPIN_DN,flt,FALSE,up,TRUE,ig,0,o_pos,0,o_hw,0,o_i,NA,o_up,FALSE,why,NO_COG
[2026-09-19T17:36:22.427] Cog0  BM-TS,seq,2_056,tid,7,k,78,lt,FALSE,pos,30,hw,30,i,335,ph,2_038,d,14_324,e,52,st,SPIN_DN,flt,FALSE,up,TRUE,ig,0,o_pos,0,o_hw,0,o_i,NA,o_up,FALSE,why,NO_COG
[2026-09-19T17:36:22.429] Cog0  BM-TS,seq,2_057,tid,7,k,79,lt,FALSE,pos,30,hw,30,i,353,ph,2_294,d,14_280,e,68,st,SPIN_DN,flt,FALSE,up,TRUE,ig,0,o_pos,0,o_hw,0,o_i,NA,o_up,FALSE,why,NO_COG
[2026-09-19T17:36:22.431] Cog0  BM-TS,seq,2_058,tid,7,k,80,lt,FALSE,pos,31,hw,31,i,361,ph,2_513,d,14_186,e,38,st,SPIN_DN,flt,FALSE,up,TRUE,ig,0,o_pos,0,o_hw,0,o_i,NA,o_up,FALSE,why,NO_COG
[2026-09-19T17:36:22.433] Cog0  BM-TS,seq,2_059,tid,7,k,81,lt,FALSE,pos,31,hw,31,i,324,ph,2_685,d,14_141,e,54,st,SPIN_DN,flt,FALSE,up,TRUE,ig,0,o_pos,0,o_hw,0,o_i,NA,o_up,FALSE,why,NO_COG
[2026-09-19T17:36:22.435] Cog0  BM-TS,seq,2_060,tid,7,k,82,lt,FALSE,pos,31,hw,31,i,322,ph,2_427,d,14_097,e,70,st,SPIN_DN,flt,FALSE,up,TRUE,ig,0,o_pos,0,o_hw,0,o_i,NA,o_up,FALSE,why,NO_COG
[2026-09-19T17:36:22.437] Cog0  BM-TS,seq,2_061,tid,7,k,83,lt,FALSE,pos,32,hw,32,i,312,ph,2_155,d,13_983,e,43,st,SPIN_DN,flt,FALSE,up,TRUE,ig,0,o_pos,0,o_hw,0,o_i,NA,o_up,FALSE,why,NO_COG
[2026-09-19T17:36:22.439] Cog0  BM-TS,seq,2_062,tid,7,k,84,lt,FALSE,pos,32,hw,32,i,298,ph,2_155,d,13_939,e,59,st,SPIN_DN,flt,FALSE,up,TRUE,ig,0,o_pos,0,o_hw,0,o_i,NA,o_up,FALSE,why,NO_COG
[2026-09-19T17:36:22.441] Cog0  BM-TS,seq,2_063,tid,7,k,85,lt,FALSE,pos,33,hw,33,i,344,ph,2_371,d,13_891,e,33,st,SPIN_DN,flt,FALSE,up,TRUE,ig,0,o_pos,0,o_hw,0,o_i,NA,o_up,FALSE,why,NO_COG
[2026-09-19T17:36:22.443] Cog0  BM-TS,seq,2_064,tid,7,k,86,lt,FALSE,pos,33,hw,33,i,323,ph,2_618,d,13_793,e,45,st,SPIN_DN,flt,FALSE,up,TRUE,ig,0,o_pos,0,o_hw,0,o_i,NA,o_up,FALSE,why,NO_COG
[2026-09-19T17:36:22.445] Cog0  BM-TS,seq,2_065,tid,7,k,87,lt,FALSE,pos,33,hw,33,i,294,ph,2_589,d,13_749,e,60,st,SPIN_DN,flt,FALSE,up,TRUE,ig,0,o_pos,0,o_hw,0,o_i,NA,o_up,FALSE,why,NO_COG
[2026-09-19T17:36:22.447] Cog0  BM-TS,seq,2_066,tid,7,k,88,lt,FALSE,pos,34,hw,34,i,301,ph,2_302,d,13_676,e,33,st,SPIN_DN,flt,FALSE,up,TRUE,ig,0,o_pos,0,o_hw,0,o_i,NA,o_up,FALSE,why,NO_COG
[2026-09-19T17:36:22.449] Cog0  BM-TS,seq,2_067,tid,7,k,89,lt,FALSE,pos,34,hw,34,i,285,ph,2_075,d,13_578,e,49,st,SPIN_DN,flt,FALSE,up,TRUE,ig,0,o_pos,0,o_hw,0,o_i,NA,o_up,FALSE,why,NO_COG
[2026-09-19T17:36:22.451] Cog0  BM-TS,seq,2_068,tid,7,k,90,lt,FALSE,pos,34,hw,34,i,278,ph,2_247,d,13_534,e,65,st,SPIN_DN,flt,FALSE,up,TRUE,ig,0,o_pos,0,o_hw,0,o_i,NA,o_up,FALSE,why,NO_COG
[2026-09-19T17:36:22.453] Cog0  BM-TS,seq,2_069,tid,7,k,91,lt,FALSE,pos,35,hw,35,i,307,ph,2_453,d,13_453,e,38,st,SPIN_DN,flt,FALSE,up,TRUE,ig,0,o_pos,0,o_hw,0,o_i,NA,o_up,FALSE,why,NO_COG
[2026-09-19T17:36:22.455] Cog0  BM-TS,seq,2_070,tid,7,k,92,lt,FALSE,pos,35,hw,35,i,279,ph,2_681,d,13_398,e,50,st,SPIN_DN,flt,FALSE,up,TRUE,ig,0,o_pos,0,o_hw,0,o_i,NA,o_up,FALSE,why,NO_COG
[2026-09-19T17:36:22.457] Cog0  BM-TS,seq,2_071,tid,7,k,93,lt,FALSE,pos,35,hw,35,i,258,ph,2_515,d,13_354,e,65,st,SPIN_DN,flt,FALSE,up,TRUE,ig,0,o_pos,0,o_hw,0,o_i,NA,o_up,FALSE,why,NO_COG
[2026-09-19T17:36:22.459] Cog0  BM-TS,seq,2_072,tid,7,k,94,lt,FALSE,pos,36,hw,36,i,267,ph,2_239,d,13_265,e,38,st,SPIN_DN,flt,FALSE,up,TRUE,ig,0,o_pos,0,o_hw,0,o_i,NA,o_up,FALSE,why,NO_COG
[2026-09-19T17:36:22.461] Cog0  BM-TS,seq,2_073,tid,7,k,95,lt,FALSE,pos,36,hw,36,i,251,ph,2_077,d,13_210,e,53,st,SPIN_DN,flt,FALSE,up,TRUE,ig,0,o_pos,0,o_hw,0,o_i,NA,o_up,FALSE,why,NO_COG
[2026-09-19T17:36:22.463] Cog0  BM-TS,seq,2_074,tid,7,k,96,lt,FALSE,pos,36,hw,36,i,266,ph,2_308,d,13_166,e,69,st,SPIN_DN,flt,FALSE,up,TRUE,ig,0,o_pos,0,o_hw,0,o_i,NA,o_up,FALSE,why,NO_COG
[2026-09-19T17:36:22.465] Cog0  BM-TS,seq,2_075,tid,7,k,97,lt,FALSE,pos,37,hw,37,i,279,ph,2_513,d,13_076,e,38,st,SPIN_DN,flt,FALSE,up,TRUE,ig,0,o_pos,0,o_hw,0,o_i,NA,o_up,FALSE,why,NO_COG
[2026-09-19T17:36:22.467] Cog0  BM-TS,seq,2_076,tid,7,k,98,lt,FALSE,pos,37,hw,37,i,252,ph,2_678,d,13_032,e,53,st,SPIN_DN,flt,FALSE,up,TRUE,ig,0,o_pos,0,o_hw,0,o_i,NA,o_up,FALSE,why,NO_COG
[2026-09-19T17:36:22.469] Cog0  BM-TS,seq,2_077,tid,7,k,99,lt,FALSE,pos,37,hw,37,i,247,ph,2_463,d,12_988,e,68,st,SPIN_DN,flt,FALSE,up,TRUE,ig,0,o_pos,0,o_hw,0,o_i,NA,o_up,FALSE,why,NO_COG
[2026-09-19T17:36:22.471] Cog0  BM-TS,seq,2_078,tid,7,k,100,lt,FALSE,pos,38,hw,38,i,246,ph,2_200,d,12_884,e,41,st,SPIN_DN,flt,FALSE,up,TRUE,ig,0,o_pos,0,o_hw,0,o_i,NA,o_up,FALSE,why,NO_COG
[2026-09-19T17:36:22.473] Cog0  BM-TS,seq,2_079,tid,7,k,101,lt,FALSE,pos,38,hw,38,i,229,ph,2_122,d,12_828,e,56,st,SPIN_DN,flt,FALSE,up,TRUE,ig,0,o_pos,0,o_hw,0,o_i,NA,o_up,FALSE,why,NO_COG
[2026-09-19T17:36:22.475] Cog0  BM-TS,seq,2_080,tid,7,k,102,lt,FALSE,pos,38,hw,38,i,245,ph,2_344,d,12_784,e,71,st,SPIN_DN,flt,FALSE,up,TRUE,ig,0,o_pos,0,o_hw,0,o_i,NA,o_up,FALSE,why,NO_COG
[2026-09-19T17:36:22.477] Cog0  BM-TS,seq,2_081,tid,7,k,103,lt,FALSE,pos,39,hw,39,i,247,ph,2_537,d,12_695,e,40,st,SPIN_DN,flt,FALSE,up,TRUE,ig,0,o_pos,0,o_hw,0,o_i,NA,o_up,FALSE,why,NO_COG
[2026-09-19T17:36:22.479] Cog0  BM-TS,seq,2_082,tid,7,k,104,lt,FALSE,pos,39,hw,39,i,216,ph,2_642,d,12_650,e,55,st,SPIN_DN,flt,FALSE,up,TRUE,ig,0,o_pos,0,o_hw,0,o_i,NA,o_up,FALSE,why,NO_COG
[2026-09-19T17:36:22.481] Cog0  BM-TS,seq,2_083,tid,7,k,105,lt,FALSE,pos,39,hw,39,i,217,ph,2_424,d,12_606,e,70,st,SPIN_DN,flt,FALSE,up,TRUE,ig,0,o_pos,0,o_hw,0,o_i,NA,o_up,FALSE,why,NO_COG
[2026-09-19T17:36:22.483] Cog0  BM-TS,seq,2_084,tid,7,k,106,lt,FALSE,pos,40,hw,40,i,225,ph,2_184,d,12_500,e,42,st,SPIN_DN,flt,FALSE,up,TRUE,ig,0,o_pos,0,o_hw,0,o_i,NA,o_up,FALSE,why,NO_COG
[2026-09-19T17:36:22.485] Cog0  BM-TS,seq,2_085,tid,7,k,107,lt,FALSE,pos,40,hw,40,i,210,ph,2_149,d,12_460,e,57,st,SPIN_DN,flt,FALSE,up,TRUE,ig,0,o_pos,0,o_hw,0,o_i,NA,o_up,FALSE,why,NO_COG
[2026-09-19T17:36:22.487] Cog0  BM-TS,seq,2_086,tid,7,k,108,lt,FALSE,pos,40,hw,40,i,228,ph,2_305,d,12_420,e,72,st,SPIN_DN,flt,FALSE,up,TRUE,ig,0,o_pos,0,o_hw,0,o_i,NA,o_up,FALSE,why,NO_COG
[2026-09-19T17:36:22.489] Cog0  BM-TS,seq,2_087,tid,7,k,109,lt,FALSE,pos,41,hw,41,i,226,ph,2_550,d,12_315,e,41,st,SPIN_DN,flt,FALSE,up,TRUE,ig,0,o_pos,0,o_hw,0,o_i,NA,o_up,FALSE,why,NO_COG
[2026-09-19T17:36:22.491] Cog0  BM-TS,seq,2_088,tid,7,k,110,lt,FALSE,pos,41,hw,41,i,198,ph,2_637,d,12_274,e,55,st,SPIN_DN,flt,FALSE,up,TRUE,ig,0,o_pos,0,o_hw,0,o_i,NA,o_up,FALSE,why,NO_COG
[2026-09-19T17:36:22.493] Cog0  BM-TS,seq,2_089,tid,7,k,111,lt,FALSE,pos,41,hw,41,i,200,ph,2_429,d,12_234,e,70,st,SPIN_DN,flt,FALSE,up,TRUE,ig,0,o_pos,0,o_hw,0,o_i,NA,o_up,FALSE,why,NO_COG
[2026-09-19T17:36:22.495] Cog0  BM-TS,seq,2_090,tid,7,k,112,lt,FALSE,pos,42,hw,42,i,195,ph,2_204,d,12_137,e,42,st,SPIN_DN,flt,FALSE,up,TRUE,ig,0,o_pos,0,o_hw,0,o_i,NA,o_up,FALSE,why,NO_COG
[2026-09-19T17:36:22.497] Cog0  BM-TS,seq,2_091,tid,7,k,113,lt,FALSE,pos,42,hw,42,i,183,ph,2_143,d,12_097,e,57,st,SPIN_DN,flt,FALSE,up,TRUE,ig,0,o_pos,0,o_hw,0,o_i,NA,o_up,FALSE,why,NO_COG
[2026-09-19T17:36:22.499] Cog0  BM-TS,seq,2_092,tid,7,k,114,lt,FALSE,pos,42,hw,42,i,200,ph,2_297,d,12_057,e,71,st,SPIN_DN,flt,FALSE,up,TRUE,ig,0,o_pos,0,o_hw,0,o_i,NA,o_up,FALSE,why,NO_COG
[2026-09-19T17:36:22.501] Cog0  BM-TS,seq,2_093,tid,7,k,115,lt,FALSE,pos,43,hw,43,i,202,ph,2_529,d,11_971,e,40,st,SPIN_DN,flt,FALSE,up,TRUE,ig,0,o_pos,0,o_hw,0,o_i,NA,o_up,FALSE,why,NO_COG
[2026-09-19T17:36:22.503] Cog0  BM-TS,seq,2_094,tid,7,k,116,lt,FALSE,pos,43,hw,43,i,184,ph,2_632,d,11_929,e,54,st,SPIN_DN,flt,FALSE,up,TRUE,ig,0,o_pos,0,o_hw,0,o_i,NA,o_up,FALSE,why,NO_COG
[2026-09-19T17:36:22.505] Cog0  BM-TS,seq,2_095,tid,7,k,117,lt,FALSE,pos,43,hw,43,i,177,ph,2_454,d,11_889,e,69,st,SPIN_DN,flt,FALSE,up,TRUE,ig,0,o_pos,0,o_hw,0,o_i,NA,o_up,FALSE,why,NO_COG
[2026-09-19T17:36:22.506] Cog0  BM-TS,seq,2_096,tid,7,k,118,lt,FALSE,pos,44,hw,44,i,181,ph,2_226,d,11_788,e,40,st,SPIN_DN,flt,FALSE,up,TRUE,ig,0,o_pos,0,o_hw,0,o_i,NA,o_up,FALSE,why,NO_COG
[2026-09-19T17:36:22.509] Cog0  BM-TS,seq,2_097,tid,7,k,119,lt,FALSE,pos,44,hw,44,i,176,ph,2_123,d,11_734,e,55,st,SPIN_DN,flt,FALSE,up,TRUE,ig,0,o_pos,0,o_hw,0,o_i,NA,o_up,FALSE,why,NO_COG
[2026-09-19T17:36:22.511] Cog0  BM-TS,seq,2_098,tid,7,k,120,lt,FALSE,pos,44,hw,44,i,175,ph,2_262,d,11_704,e,65,st,SPIN_DN,flt,FALSE,up,TRUE,ig,0,o_pos,0,o_hw,0,o_i,NA,o_up,FALSE,why,NO_COG
[2026-09-19T17:36:22.513] Cog0  BM-TS,seq,2_099,tid,7,k,121,lt,FALSE,pos,45,hw,45,i,182,ph,2_490,d,11_623,e,37,st,SPIN_DN,flt,FALSE,up,TRUE,ig,0,o_pos,0,o_hw,0,o_i,NA,o_up,FALSE,why,NO_COG
[2026-09-19T17:36:22.515] Cog0  BM-TS,seq,2_100,tid,7,k,122,lt,FALSE,pos,45,hw,45,i,161,ph,2_659,d,11_558,e,51,st,SPIN_DN,flt,FALSE,up,TRUE,ig,0,o_pos,0,o_hw,0,o_i,NA,o_up,FALSE,why,NO_COG
[2026-09-19T17:36:22.517] Cog0  BM-TS,seq,2_101,tid,7,k,123,lt,FALSE,pos,45,hw,45,i,142,ph,2_481,d,11_518,e,66,st,SPIN_DN,flt,FALSE,up,TRUE,ig,0,o_pos,0,o_hw,0,o_i,NA,o_up,FALSE,why,NO_COG
[2026-09-19T17:36:22.519] Cog0  BM-TS,seq,2_102,tid,7,k,124,lt,FALSE,pos,46,hw,46,i,156,ph,2_263,d,11_450,e,37,st,SPIN_DN,flt,FALSE,up,TRUE,ig,0,o_pos,0,o_hw,0,o_i,NA,o_up,FALSE,why,NO_COG
[2026-09-19T17:36:22.521] Cog0  BM-TS,seq,2_103,tid,7,k,125,lt,FALSE,pos,46,hw,46,i,164,ph,2_099,d,11_373,e,51,st,SPIN_DN,flt,FALSE,up,TRUE,ig,0,o_pos,0,o_hw,0,o_i,NA,o_up,FALSE,why,NO_COG
[2026-09-19T17:36:22.523] Cog0  BM-TS,seq,2_104,tid,7,k,126,lt,FALSE,pos,46,hw,46,i,151,ph,2_221,d,11_343,e,62,st,SPIN_DN,flt,FALSE,up,TRUE,ig,0,o_pos,0,o_hw,0,o_i,NA,o_up,FALSE,why,NO_COG
[2026-09-19T17:36:22.525] Cog0  BM-TS,seq,2_105,tid,7,k,127,lt,FALSE,pos,47,hw,47,i,162,ph,2_433,d,11_284,e,33,st,SPIN_DN,flt,FALSE,up,TRUE,ig,0,o_pos,0,o_hw,0,o_i,NA,o_up,FALSE,why,NO_COG
[2026-09-19T17:36:22.527] Cog0  BM-TS,seq,2_106,tid,7,k,128,lt,FALSE,pos,47,hw,47,i,150,ph,2_608,d,11_196,e,47,st,SPIN_DN,flt,FALSE,up,TRUE,ig,0,o_pos,0,o_hw,0,o_i,NA,o_up,FALSE,why,NO_COG
[2026-09-19T17:36:22.529] Cog0  BM-TS,seq,2_107,tid,7,k,129,lt,FALSE,pos,47,hw,47,i,133,ph,2_547,d,11_156,e,61,st,SPIN_DN,flt,FALSE,up,TRUE,ig,0,o_pos,0,o_hw,0,o_i,NA,o_up,FALSE,why,NO_COG
[2026-09-19T17:36:22.531] Cog0  BM-TS,seq,2_108,tid,7,k,130,lt,FALSE,pos,47,hw,47,i,148,ph,2_364,d,11_116,e,75,st,SPIN_DN,flt,FALSE,up,TRUE,ig,0,o_pos,0,o_hw,0,o_i,NA,o_up,FALSE,why,NO_COG
[2026-09-19T17:36:22.533] Cog0  BM-TS,seq,2_109,tid,7,k,131,lt,FALSE,pos,48,hw,48,i,153,ph,2_176,d,11_026,e,46,st,SPIN_DN,flt,FALSE,up,TRUE,ig,0,o_pos,0,o_hw,0,o_i,NA,o_up,FALSE,why,NO_COG
[2026-09-19T17:36:22.535] Cog0  BM-TS,seq,2_110,tid,7,k,132,lt,FALSE,pos,48,hw,48,i,134,ph,2_159,d,10_996,e,56,st,SPIN_DN,flt,FALSE,up,TRUE,ig,0,o_pos,0,o_hw,0,o_i,NA,o_up,FALSE,why,NO_COG
[2026-09-19T17:36:22.537] Cog0  BM-TS,seq,2_111,tid,7,k,133,lt,FALSE,pos,48,hw,48,i,131,ph,2_330,d,10_956,e,70,st,SPIN_DN,flt,FALSE,up,TRUE,ig,0,o_pos,0,o_hw,0,o_i,NA,o_up,FALSE,why,NO_COG
[2026-09-19T17:36:22.539] Cog0  BM-TS,seq,2_112,tid,7,k,134,lt,FALSE,pos,49,hw,49,i,128,ph,2_539,d,10_870,e,41,st,SPIN_DN,flt,FALSE,up,TRUE,ig,0,o_pos,0,o_hw,0,o_i,NA,o_up,FALSE,why,NO_COG
[2026-09-19T17:36:22.541] Cog0  BM-TS,seq,2_113,tid,7,k,135,lt,FALSE,pos,49,hw,49,i,118,ph,2_605,d,10_821,e,55,st,SPIN_DN,flt,FALSE,up,TRUE,ig,0,o_pos,0,o_hw,0,o_i,NA,o_up,FALSE,why,NO_COG
[2026-09-19T17:36:22.543] Cog0  BM-TS,seq,2_114,tid,7,k,136,lt,FALSE,pos,49,hw,49,i,119,ph,2_453,d,10_781,e,68,st,SPIN_DN,flt,FALSE,up,TRUE,ig,0,o_pos,0,o_hw,0,o_i,NA,o_up,FALSE,why,NO_COG
[2026-09-19T17:36:22.545] Cog0  BM-TS,seq,2_115,tid,7,k,137,lt,FALSE,pos,50,hw,50,i,138,ph,2_300,d,10_697,e,39,st,SPIN_DN,flt,FALSE,up,TRUE,ig,0,o_pos,0,o_hw,0,o_i,NA,o_up,FALSE,why,NO_COG
[2026-09-19T17:36:22.547] Cog0  BM-TS,seq,2_116,tid,7,k,138,lt,FALSE,pos,50,hw,50,i,130,ph,2_135,d,10_646,e,49,st,SPIN_DN,flt,FALSE,up,TRUE,ig,0,o_pos,0,o_hw,0,o_i,NA,o_up,FALSE,why,NO_COG
[2026-09-19T17:36:22.549] Cog0  BM-TS,seq,2_117,tid,7,k,139,lt,FALSE,pos,50,hw,50,i,116,ph,2_238,d,10_606,e,63,st,SPIN_DN,flt,FALSE,up,TRUE,ig,0,o_pos,0,o_hw,0,o_i,NA,o_up,FALSE,why,NO_COG
[2026-09-19T17:36:22.552] Cog0  BM-TS,seq,2_118,tid,7,k,140,lt,FALSE,pos,51,hw,51,i,124,ph,2_435,d,10_555,e,33,st,SPIN_DN,flt,FALSE,up,TRUE,ig,0,o_pos,0,o_hw,0,o_i,NA,o_up,FALSE,why,NO_COG
[2026-09-19T17:36:22.553] Cog0  BM-TS,seq,2_119,tid,7,k,141,lt,FALSE,pos,51,hw,51,i,111,ph,2_587,d,10_461,e,47,st,SPIN_DN,flt,FALSE,up,TRUE,ig,0,o_pos,0,o_hw,0,o_i,NA,o_up,FALSE,why,NO_COG
[2026-09-19T17:36:22.555] Cog0  BM-TS,seq,2_120,tid,7,k,142,lt,FALSE,pos,51,hw,51,i,108,ph,2_535,d,10_421,e,60,st,SPIN_DN,flt,FALSE,up,TRUE,ig,0,o_pos,0,o_hw,0,o_i,NA,o_up,FALSE,why,NO_COG
[2026-09-19T17:36:22.558] Cog0  BM-TS,seq,2_121,tid,7,k,143,lt,FALSE,pos,51,hw,51,i,116,ph,2_419,d,10_391,e,70,st,SPIN_DN,flt,FALSE,up,TRUE,ig,0,o_pos,0,o_hw,0,o_i,NA,o_up,FALSE,why,NO_COG
[2026-09-19T17:36:22.559] Cog0  BM-TS,seq,2_122,tid,7,k,144,lt,FALSE,pos,52,hw,52,i,111,ph,2_236,d,10_289,e,41,st,SPIN_DN,flt,FALSE,up,TRUE,ig,0,o_pos,0,o_hw,0,o_i,NA,o_up,FALSE,why,NO_COG
[2026-09-19T17:36:22.561] Cog0  BM-TS,seq,2_123,tid,7,k,145,lt,FALSE,pos,52,hw,52,i,97,ph,2_145,d,10_246,e,54,st,SPIN_DN,flt,FALSE,up,TRUE,ig,0,o_pos,0,o_hw,0,o_i,NA,o_up,FALSE,why,NO_COG
[2026-09-19T17:36:22.564] Cog0  BM-TS,seq,2_124,tid,7,k,146,lt,FALSE,pos,52,hw,52,i,87,ph,2_291,d,10_206,e,67,st,SPIN_DN,flt,FALSE,up,TRUE,ig,0,o_pos,0,o_hw,0,o_i,NA,o_up,FALSE,why,NO_COG
[2026-09-19T17:36:22.566] Cog0  BM-TS,seq,2_125,tid,7,k,147,lt,FALSE,pos,53,hw,53,i,99,ph,2_481,d,10_131,e,37,st,SPIN_DN,flt,FALSE,up,TRUE,ig,0,o_pos,0,o_hw,0,o_i,NA,o_up,FALSE,why,NO_COG
[2026-09-19T17:36:22.567] Cog0  BM-TS,seq,2_126,tid,7,k,148,lt,FALSE,pos,53,hw,53,i,105,ph,2_630,d,10_054,e,50,st,SPIN_DN,flt,FALSE,up,TRUE,ig,0,o_pos,0,o_hw,0,o_i,NA,o_up,FALSE,why,NO_COG
[2026-09-19T17:36:22.569] Cog0  BM-TS,seq,2_127,tid,7,k,149,lt,FALSE,pos,53,hw,53,i,95,ph,2_544,d,10_024,e,60,st,SPIN_DN,flt,FALSE,up,TRUE,ig,0,o_pos,0,o_hw,0,o_i,NA,o_up,FALSE,why,NO_COG
[2026-09-19T17:36:22.571] Cog0  BM-TS,seq,2_128,tid,7,k,150,lt,FALSE,pos,53,hw,53,i,99,ph,2_383,d,9_984,e,73,st,SPIN_DN,flt,FALSE,up,TRUE,ig,0,o_pos,0,o_hw,0,o_i,NA,o_up,FALSE,why,NO_COG
[2026-09-19T17:36:22.573] Cog0  BM-TS,seq,2_129,tid,7,k,151,lt,FALSE,pos,54,hw,54,i,90,ph,2_211,d,9_882,e,43,st,SPIN_DN,flt,FALSE,up,TRUE,ig,0,o_pos,0,o_hw,0,o_i,NA,o_up,FALSE,why,NO_COG
[2026-09-19T17:36:22.575] Cog0  BM-TS,seq,2_130,tid,7,k,152,lt,FALSE,pos,54,hw,54,i,81,ph,2_176,d,9_842,e,56,st,SPIN_DN,flt,FALSE,up,TRUE,ig,0,o_pos,0,o_hw,0,o_i,NA,o_up,FALSE,why,NO_COG
[2026-09-19T17:36:22.577] Cog0  BM-TS,seq,2_131,tid,7,k,153,lt,FALSE,pos,54,hw,54,i,77,ph,2_314,d,9_802,e,69,st,SPIN_DN,flt,FALSE,up,TRUE,ig,0,o_pos,0,o_hw,0,o_i,NA,o_up,FALSE,why,NO_COG
[2026-09-19T17:36:22.578] Cog0  BM-TS,seq,2_132,tid,7,k,154,lt,FALSE,pos,55,hw,55,i,93,ph,2_496,d,9_738,e,39,st,SPIN_DN,flt,FALSE,up,TRUE,ig,0,o_pos,0,o_hw,0,o_i,NA,o_up,FALSE,why,NO_COG
[2026-09-19T17:36:22.581] Cog0  BM-TS,seq,2_133,tid,7,k,155,lt,FALSE,pos,55,hw,55,i,85,ph,2_587,d,9_688,e,49,st,SPIN_DN,flt,FALSE,up,TRUE,ig,0,o_pos,0,o_hw,0,o_i,NA,o_up,FALSE,why,NO_COG
[2026-09-19T17:36:22.583] Cog0  BM-TS,seq,2_134,tid,7,k,156,lt,FALSE,pos,55,hw,55,i,70,ph,2_521,d,9_648,e,61,st,SPIN_DN,flt,FALSE,up,TRUE,ig,0,o_pos,0,o_hw,0,o_i,NA,o_up,FALSE,why,NO_COG
[2026-09-19T17:36:22.585] Cog0  BM-TS,seq,2_135,tid,7,k,157,lt,FALSE,pos,56,hw,56,i,75,ph,2_382,d,9_606,e,31,st,SPIN_DN,flt,FALSE,up,TRUE,ig,0,o_pos,0,o_hw,0,o_i,NA,o_up,FALSE,why,NO_COG
[2026-09-19T17:36:22.587] Cog0  BM-TS,seq,2_136,tid,7,k,158,lt,FALSE,pos,56,hw,56,i,73,ph,2_210,d,9_492,e,44,st,SPIN_DN,flt,FALSE,up,TRUE,ig,0,o_pos,0,o_hw,0,o_i,NA,o_up,FALSE,why,NO_COG
[2026-09-19T17:36:22.589] Cog0  BM-TS,seq,2_137,tid,7,k,159,lt,FALSE,pos,56,hw,56,i,72,ph,2_191,d,9_456,e,57,st,SPIN_DN,flt,FALSE,up,TRUE,ig,0,o_pos,0,o_hw,0,o_i,NA,o_up,FALSE,why,NO_COG
[2026-09-19T17:36:22.591] Cog0  BM-TS,seq,2_138,tid,7,k,160,lt,FALSE,pos,56,hw,56,i,76,ph,2_289,d,9_420,e,69,st,SPIN_DN,flt,FALSE,up,TRUE,ig,0,o_pos,0,o_hw,0,o_i,NA,o_up,FALSE,why,NO_COG
[2026-09-19T17:36:22.593] Cog0  BM-TS,seq,2_139,tid,7,k,161,lt,FALSE,pos,57,hw,57,i,83,ph,2_458,d,9_372,e,36,st,SPIN_DN,flt,FALSE,up,TRUE,ig,0,o_pos,0,o_hw,0,o_i,NA,o_up,FALSE,why,NO_COG
[2026-09-19T17:36:22.595] Cog0  BM-TS,seq,2_140,tid,7,k,162,lt,FALSE,pos,57,hw,57,i,73,ph,2_587,d,9_312,e,48,st,SPIN_DN,flt,FALSE,up,TRUE,ig,0,o_pos,0,o_hw,0,o_i,NA,o_up,FALSE,why,NO_COG
[2026-09-19T17:36:22.597] Cog0  BM-TS,seq,2_141,tid,7,k,163,lt,FALSE,pos,57,hw,57,i,60,ph,2_524,d,9_276,e,61,st,SPIN_DN,flt,FALSE,up,TRUE,ig,0,o_pos,0,o_hw,0,o_i,NA,o_up,FALSE,why,NO_COG
[2026-09-19T17:36:22.599] Cog0  BM-TS,seq,2_142,tid,7,k,164,lt,FALSE,pos,57,hw,57,i,63,ph,2_390,d,9_240,e,73,st,SPIN_DN,flt,FALSE,up,TRUE,ig,0,o_pos,0,o_hw,0,o_i,NA,o_up,FALSE,why,NO_COG
[2026-09-19T17:36:22.601] Cog0  BM-TS,seq,2_143,tid,7,k,165,lt,FALSE,pos,58,hw,58,i,68,ph,2_237,d,9_164,e,42,st,SPIN_DN,flt,FALSE,up,TRUE,ig,0,o_pos,0,o_hw,0,o_i,NA,o_up,FALSE,why,NO_COG
[2026-09-19T17:36:22.603] Cog0  BM-TS,seq,2_144,tid,7,k,166,lt,FALSE,pos,58,hw,58,i,66,ph,2_150,d,9_137,e,52,st,SPIN_DN,flt,FALSE,up,TRUE,ig,0,o_pos,0,o_hw,0,o_i,NA,o_up,FALSE,why,NO_COG
[2026-09-19T17:36:22.605] Cog0  BM-TS,seq,2_145,tid,7,k,167,lt,FALSE,pos,58,hw,58,i,55,ph,2_268,d,9_101,e,64,st,SPIN_DN,flt,FALSE,up,TRUE,ig,0,o_pos,0,o_hw,0,o_i,NA,o_up,FALSE,why,NO_COG
[2026-09-19T17:36:22.607] Cog0  BM-TS,seq,2_146,tid,7,k,168,lt,FALSE,pos,59,hw,59,i,60,ph,2_414,d,9_063,e,33,st,SPIN_DN,flt,FALSE,up,TRUE,ig,0,o_pos,0,o_hw,0,o_i,NA,o_up,FALSE,why,NO_COG
[2026-09-19T17:36:22.609] Cog0  BM-TS,seq,2_147,tid,7,k,169,lt,FALSE,pos,59,hw,59,i,51,ph,2_546,d,8_976,e,45,st,SPIN_DN,flt,FALSE,up,TRUE,ig,0,o_pos,0,o_hw,0,o_i,NA,o_up,FALSE,why,NO_COG
[2026-09-19T17:36:22.611] Cog0  BM-TS,seq,2_148,tid,7,k,170,lt,FALSE,pos,59,hw,59,i,47,ph,2_542,d,8_940,e,57,st,SPIN_DN,flt,FALSE,up,TRUE,ig,0,o_pos,0,o_hw,0,o_i,NA,o_up,FALSE,why,NO_COG
[2026-09-19T17:36:22.613] Cog0  BM-TS,seq,2_149,tid,7,k,171,lt,FALSE,pos,59,hw,59,i,54,ph,2_433,d,8_904,e,69,st,SPIN_DN,flt,FALSE,up,TRUE,ig,0,o_pos,0,o_hw,0,o_i,NA,o_up,FALSE,why,NO_COG
[2026-09-19T17:36:22.615] Cog0  BM-TS,seq,2_150,tid,7,k,172,lt,FALSE,pos,60,hw,60,i,63,ph,2_305,d,8_851,e,36,st,SPIN_DN,flt,FALSE,up,TRUE,ig,0,o_pos,0,o_hw,0,o_i,NA,o_up,FALSE,why,NO_COG
[2026-09-19T17:36:22.617] Cog0  BM-TS,seq,2_151,tid,7,k,173,lt,FALSE,pos,60,hw,60,i,55,ph,2_185,d,8_793,e,48,st,SPIN_DN,flt,FALSE,up,TRUE,ig,0,o_pos,0,o_hw,0,o_i,NA,o_up,FALSE,why,NO_COG
[2026-09-19T17:36:22.619] Cog0  BM-TS,seq,2_152,tid,7,k,174,lt,FALSE,pos,60,hw,60,i,50,ph,2_235,d,8_757,e,60,st,SPIN_DN,flt,FALSE,up,TRUE,ig,0,o_pos,0,o_hw,0,o_i,NA,o_up,FALSE,why,NO_COG
[2026-09-19T17:36:22.621] Cog0  BM-TS,seq,2_153,tid,7,k,175,lt,FALSE,pos,60,hw,60,i,50,ph,2_353,d,8_721,e,71,st,SPIN_DN,flt,FALSE,up,TRUE,ig,0,o_pos,0,o_hw,0,o_i,NA,o_up,FALSE,why,NO_COG
[2026-09-19T17:36:22.623] Cog0  BM-TS,seq,2_154,tid,7,k,176,lt,FALSE,pos,61,hw,61,i,51,ph,2_496,d,8_650,e,40,st,SPIN_DN,flt,FALSE,up,TRUE,ig,0,o_pos,0,o_hw,0,o_i,NA,o_up,FALSE,why,NO_COG
[2026-09-19T17:36:22.625] Cog0  BM-TS,seq,2_155,tid,7,k,177,lt,FALSE,pos,61,hw,61,i,51,ph,2_589,d,8_598,e,52,st,SPIN_DN,flt,FALSE,up,TRUE,ig,0,o_pos,0,o_hw,0,o_i,NA,o_up,FALSE,why,NO_COG
[2026-09-19T17:36:22.627] Cog0  BM-TS,seq,2_156,tid,7,k,178,lt,FALSE,pos,61,hw,61,i,43,ph,2_510,d,8_571,e,61,st,SPIN_DN,flt,FALSE,up,TRUE,ig,0,o_pos,0,o_hw,0,o_i,NA,o_up,FALSE,why,NO_COG
[2026-09-19T17:36:22.629] Cog0  BM-TS,seq,2_157,tid,7,k,179,lt,FALSE,pos,61,hw,61,i,47,ph,2_392,d,8_535,e,73,st,SPIN_DN,flt,FALSE,up,TRUE,ig,0,o_pos,0,o_hw,0,o_i,NA,o_up,FALSE,why,NO_COG
[2026-09-19T17:36:22.631] Cog0  BM-TS,seq,2_158,tid,7,k,180,lt,FALSE,pos,62,hw,62,i,46,ph,2_259,d,8_448,e,42,st,SPIN_DN,flt,FALSE,up,TRUE,ig,0,o_pos,0,o_hw,0,o_i,NA,o_up,FALSE,why,NO_COG
[2026-09-19T17:36:22.633] Cog0  BM-TS,seq,2_159,tid,7,k,181,lt,FALSE,pos,62,hw,62,i,38,ph,2_183,d,8_412,e,53,st,SPIN_DN,flt,FALSE,up,TRUE,ig,0,o_pos,0,o_hw,0,o_i,NA,o_up,FALSE,why,NO_COG
[2026-09-19T17:36:22.635] Cog0  BM-TS,seq,2_160,tid,7,k,182,lt,FALSE,pos,62,hw,62,i,34,ph,2_275,d,8_376,e,65,st,SPIN_DN,flt,FALSE,up,TRUE,ig,0,o_pos,0,o_hw,0,o_i,NA,o_up,FALSE,why,NO_COG
[2026-09-19T17:36:22.637] Cog0  BM-TS,seq,2_161,tid,7,k,183,lt,FALSE,pos,62,hw,62,i,47,ph,2_368,d,8_340,e,76,st,SPIN_DN,flt,FALSE,up,TRUE,ig,0,o_pos,0,o_hw,0,o_i,NA,o_up,FALSE,why,NO_COG
[2026-09-19T17:36:22.639] Cog0  BM-TS,seq,2_162,tid,7,k,184,lt,FALSE,pos,63,hw,63,i,46,ph,2_507,d,8_269,e,42,st,SPIN_DN,flt,FALSE,up,TRUE,ig,0,o_pos,0,o_hw,0,o_i,NA,o_up,FALSE,why,NO_COG
[2026-09-19T17:36:22.639] Cog0  BM-TS,seq,2_163,tid,7,k,185,lt,FALSE,pos,63,hw,63,i,40,ph,2_573,d,8_233,e,53,st,SPIN_DN,flt,FALSE,up,TRUE,ig,0,o_pos,0,o_hw,0,o_i,NA,o_up,FALSE,why,NO_COG
[2026-09-19T17:36:22.643] Cog0  BM-TS,seq,2_164,tid,7,k,186,lt,FALSE,pos,63,hw,63,i,37,ph,2_471,d,8_197,e,65,st,SPIN_DN,flt,FALSE,up,TRUE,ig,0,o_pos,0,o_hw,0,o_i,NA,o_up,FALSE,why,NO_COG
[2026-09-19T17:36:22.645] Cog0  BM-TS,seq,2_165,tid,7,k,187,lt,FALSE,pos,63,hw,63,i,42,ph,2_357,d,8_161,e,76,st,SPIN_DN,flt,FALSE,up,TRUE,ig,0,o_pos,0,o_hw,0,o_i,NA,o_up,FALSE,why,NO_COG
[2026-09-19T17:36:22.647] Cog0  BM-TS,seq,2_166,tid,7,k,188,lt,FALSE,pos,64,hw,64,i,38,ph,2_228,d,8_087,e,44,st,SPIN_DN,flt,FALSE,up,TRUE,ig,0,o_pos,0,o_hw,0,o_i,NA,o_up,FALSE,why,NO_COG
[2026-09-19T17:36:22.649] Cog0  BM-TS,seq,2_167,tid,7,k,189,lt,FALSE,pos,64,hw,64,i,35,ph,2_188,d,8_051,e,56,st,SPIN_DN,flt,FALSE,up,TRUE,ig,0,o_pos,0,o_hw,0,o_i,NA,o_up,FALSE,why,NO_COG
[2026-09-19T17:36:22.651] Cog0  BM-TS,seq,2_168,tid,7,k,190,lt,FALSE,pos,64,hw,64,i,30,ph,2_282,d,8_024,e,64,st,SPIN_DN,flt,FALSE,up,TRUE,ig,0,o_pos,0,o_hw,0,o_i,NA,o_up,FALSE,why,NO_COG
[2026-09-19T17:36:22.653] Cog0  BM-TS,seq,2_169,tid,7,k,191,lt,FALSE,pos,64,hw,64,i,38,ph,2_391,d,7_988,e,75,st,SPIN_DN,flt,FALSE,up,TRUE,ig,0,o_pos,0,o_hw,0,o_i,NA,o_up,FALSE,why,NO_COG
[2026-09-19T17:36:22.655] Cog0  BM-TS,seq,2_170,tid,7,k,192,lt,FALSE,pos,65,hw,65,i,33,ph,2_518,d,7_906,e,43,st,SPIN_DN,flt,FALSE,up,TRUE,ig,0,o_pos,0,o_hw,0,o_i,NA,o_up,FALSE,why,NO_COG
[2026-09-19T17:36:22.657] Cog0  BM-TS,seq,2_171,tid,7,k,193,lt,FALSE,pos,65,hw,65,i,28,ph,2_558,d,7_870,e,54,st,SPIN_DN,flt,FALSE,up,TRUE,ig,0,o_pos,0,o_hw,0,o_i,NA,o_up,FALSE,why,NO_COG
[2026-09-19T17:36:22.659] Cog0  BM-TS,seq,2_172,tid,7,k,194,lt,FALSE,pos,65,hw,65,i,25,ph,2_464,d,7_834,e,65,st,SPIN_DN,flt,FALSE,up,TRUE,ig,0,o_pos,0,o_hw,0,o_i,NA,o_up,FALSE,why,NO_COG
[2026-09-19T17:36:22.661] Cog0  BM-TS,seq,2_173,tid,7,k,195,lt,FALSE,pos,65,hw,65,i,32,ph,2_386,d,7_807,e,74,st,SPIN_DN,flt,FALSE,up,TRUE,ig,0,o_pos,0,o_hw,0,o_i,NA,o_up,FALSE,why,NO_COG
[2026-09-19T17:36:22.663] Cog0  BM-TS,seq,2_174,tid,7,k,196,lt,FALSE,pos,66,hw,66,i,30,ph,2_265,d,7_727,e,42,st,SPIN_DN,flt,FALSE,up,TRUE,ig,0,o_pos,0,o_hw,0,o_i,NA,o_up,FALSE,why,NO_COG
[2026-09-19T17:36:22.665] Cog0  BM-TS,seq,2_175,tid,7,k,197,lt,FALSE,pos,66,hw,66,i,26,ph,2_195,d,7_691,e,53,st,SPIN_DN,flt,FALSE,up,TRUE,ig,0,o_pos,0,o_hw,0,o_i,NA,o_up,FALSE,why,NO_COG
[2026-09-19T17:36:22.666] Cog0  BM-TS,seq,2_176,tid,7,k,198,lt,FALSE,pos,66,hw,66,i,25,ph,2_287,d,7_655,e,63,st,SPIN_DN,flt,FALSE,up,TRUE,ig,0,o_pos,0,o_hw,0,o_i,NA,o_up,FALSE,why,NO_COG
[2026-09-19T17:36:22.669] Cog0  BM-TS,seq,2_177,tid,7,k,199,lt,FALSE,pos,66,hw,66,i,28,ph,2_380,d,7_619,e,74,st,SPIN_DN,flt,FALSE,up,TRUE,ig,0,o_pos,0,o_hw,0,o_i,NA,o_up,FALSE,why,NO_COG
[2026-09-19T17:36:22.671] Cog0  BM-TS,seq,2_178,tid,7,k,200,lt,FALSE,pos,67,hw,67,i,32,ph,2_501,d,7_555,e,42,st,SPIN_DN,flt,FALSE,up,TRUE,ig,0,o_pos,0,o_hw,0,o_i,NA,o_up,FALSE,why,NO_COG
[2026-09-19T17:36:22.673] Cog0  BM-TS,seq,2_179,tid,7,k,201,lt,FALSE,pos,67,hw,67,i,25,ph,2_564,d,7_528,e,50,st,SPIN_DN,flt,FALSE,up,TRUE,ig,0,o_pos,0,o_hw,0,o_i,NA,o_up,FALSE,why,NO_COG
[2026-09-19T17:36:22.675] Cog0  BM-TS,seq,2_180,tid,7,k,202,lt,FALSE,pos,67,hw,67,i,22,ph,2_496,d,7_492,e,61,st,SPIN_DN,flt,FALSE,up,TRUE,ig,0,o_pos,0,o_hw,0,o_i,NA,o_up,FALSE,why,NO_COG
[2026-09-19T17:36:22.677] Cog0  BM-TS,seq,2_181,tid,7,k,203,lt,FALSE,pos,67,hw,67,i,21,ph,2_402,d,7_456,e,71,st,SPIN_DN,flt,FALSE,up,TRUE,ig,0,o_pos,0,o_hw,0,o_i,NA,o_up,FALSE,why,NO_COG
[2026-09-19T17:36:22.678] Cog0  BM-TS,seq,2_182,tid,7,k,204,lt,FALSE,pos,68,hw,68,i,25,ph,2_294,d,7_412,e,39,st,SPIN_DN,flt,FALSE,up,TRUE,ig,0,o_pos,0,o_hw,0,o_i,NA,o_up,FALSE,why,NO_COG
[2026-09-19T17:36:22.681] Cog0  BM-TS,seq,2_183,tid,7,k,205,lt,FALSE,pos,68,hw,68,i,21,ph,2_200,d,7_363,e,49,st,SPIN_DN,flt,FALSE,up,TRUE,ig,0,o_pos,0,o_hw,0,o_i,NA,o_up,FALSE,why,NO_COG
[2026-09-19T17:36:22.682] Cog0  BM-TS,seq,2_184,tid,7,k,206,lt,FALSE,pos,68,hw,68,i,23,ph,2_236,d,7_327,e,60,st,SPIN_DN,flt,FALSE,up,TRUE,ig,0,o_pos,0,o_hw,0,o_i,NA,o_up,FALSE,why,NO_COG
[2026-09-19T17:36:22.684] Cog0  BM-TS,seq,2_185,tid,7,k,207,lt,FALSE,pos,68,hw,68,i,22,ph,2_324,d,7_300,e,68,st,SPIN_DN,flt,FALSE,up,TRUE,ig,0,o_pos,0,o_hw,0,o_i,NA,o_up,FALSE,why,NO_COG
[2026-09-19T17:36:22.687] Cog0  BM-TS,seq,2_186,tid,7,k,208,lt,FALSE,pos,68,hw,68,i,25,ph,2_427,d,7_264,e,78,st,SPIN_DN,flt,FALSE,up,TRUE,ig,0,o_pos,0,o_hw,0,o_i,NA,o_up,FALSE,why,NO_COG
[2026-09-19T17:36:22.688] Cog0  BM-TS,seq,2_187,tid,7,k,209,lt,FALSE,pos,69,hw,69,i,17,ph,2_516,d,7_188,e,46,st,SPIN_DN,flt,FALSE,up,TRUE,ig,0,o_pos,0,o_hw,0,o_i,NA,o_up,FALSE,why,NO_COG
[2026-09-19T17:36:22.691] Cog0  BM-TS,seq,2_188,tid,7,k,210,lt,FALSE,pos,69,hw,69,i,13,ph,2_529,d,7_152,e,56,st,SPIN_DN,flt,FALSE,up,TRUE,ig,0,o_pos,0,o_hw,0,o_i,NA,o_up,FALSE,why,NO_COG
[2026-09-19T17:36:22.692] Cog0  BM-TS,seq,2_189,tid,7,k,211,lt,FALSE,pos,69,hw,69,i,16,ph,2_445,d,7_116,e,66,st,SPIN_DN,flt,FALSE,up,TRUE,ig,0,o_pos,0,o_hw,0,o_i,NA,o_up,FALSE,why,NO_COG
[2026-09-19T17:36:22.694] Cog0  BM-TS,seq,2_190,tid,7,k,212,lt,FALSE,pos,69,hw,69,i,21,ph,2_371,d,7_080,e,76,st,SPIN_DN,flt,FALSE,up,TRUE,ig,0,o_pos,0,o_hw,0,o_i,NA,o_up,FALSE,why,NO_COG
[2026-09-19T17:36:22.697] Cog0  BM-TS,seq,2_191,tid,7,k,213,lt,FALSE,pos,70,hw,70,i,21,ph,2_275,d,7_012,e,41,st,SPIN_DN,flt,FALSE,up,TRUE,ig,0,o_pos,0,o_hw,0,o_i,NA,o_up,FALSE,why,NO_COG
[2026-09-19T17:36:22.698] Cog0  BM-TS,seq,2_192,tid,7,k,214,lt,FALSE,pos,70,hw,70,i,18,ph,2_205,d,6_973,e,51,st,SPIN_DN,flt,FALSE,up,TRUE,ig,0,o_pos,0,o_hw,0,o_i,NA,o_up,FALSE,why,NO_COG
[2026-09-19T17:36:22.700] Cog0  BM-TS,seq,2_193,tid,7,k,215,lt,FALSE,pos,70,hw,70,i,15,ph,2_269,d,6_937,e,61,st,SPIN_DN,flt,FALSE,up,TRUE,ig,0,o_pos,0,o_hw,0,o_i,NA,o_up,FALSE,why,NO_COG
[2026-09-19T17:36:22.701] Cog0  BM-TS,seq,2_194,tid,7,k,216,lt,FALSE,pos,70,hw,70,i,15,ph,2_355,d,6_901,e,71,st,SPIN_DN,flt,FALSE,up,TRUE,ig,0,o_pos,0,o_hw,0,o_i,NA,o_up,FALSE,why,NO_COG
[2026-09-19T17:36:22.704] Cog0  BM-TS,seq,2_195,tid,7,k,217,lt,FALSE,pos,70,hw,70,i,19,ph,2_440,d,6_865,e,81,st,SPIN_DN,flt,FALSE,up,TRUE,ig,0,o_pos,0,o_hw,0,o_i,NA,o_up,FALSE,why,NO_COG
[2026-09-19T17:36:22.706] Cog0  BM-TS,seq,2_196,tid,7,k,218,lt,FALSE,pos,71,hw,71,i,16,ph,2_509,d,6_810,e,46,st,SPIN_DN,flt,FALSE,up,TRUE,ig,0,o_pos,0,o_hw,0,o_i,NA,o_up,FALSE,why,NO_COG
[2026-09-19T17:36:22.708] Cog0  BM-TS,seq,2_197,tid,7,k,219,lt,FALSE,pos,71,hw,71,i,15,ph,2_525,d,6_774,e,55,st,SPIN_DN,flt,FALSE,up,TRUE,ig,0,o_pos,0,o_hw,0,o_i,NA,o_up,FALSE,why,NO_COG
[2026-09-19T17:36:22.710] Cog0  BM-TS,seq,2_198,tid,7,k,220,lt,FALSE,pos,71,hw,71,i,12,ph,2_444,d,6_738,e,65,st,SPIN_DN,flt,FALSE,up,TRUE,ig,0,o_pos,0,o_hw,0,o_i,NA,o_up,FALSE,why,NO_COG
[2026-09-19T17:36:22.712] Cog0  BM-TS,seq,2_199,tid,7,k,221,lt,FALSE,pos,71,hw,71,i,12,ph,2_372,d,6_702,e,75,st,SPIN_DN,flt,FALSE,up,TRUE,ig,0,o_pos,0,o_hw,0,o_i,NA,o_up,FALSE,why,NO_COG
[2026-09-19T17:36:22.714] Cog0  BM-TS,seq,2_200,tid,7,k,222,lt,FALSE,pos,72,hw,72,i,14,ph,2_282,d,6_632,e,42,st,SPIN_DN,flt,FALSE,up,TRUE,ig,0,o_pos,0,o_hw,0,o_i,NA,o_up,FALSE,why,NO_COG
[2026-09-19T17:36:22.716] Cog0  BM-TS,seq,2_201,tid,7,k,223,lt,FALSE,pos,72,hw,72,i,9,ph,2_213,d,6_596,e,52,st,SPIN_DN,flt,FALSE,up,TRUE,ig,0,o_pos,0,o_hw,0,o_i,NA,o_up,FALSE,why,NO_COG
[2026-09-19T17:36:22.718] Cog0  BM-TS,seq,2_202,tid,7,k,224,lt,FALSE,pos,72,hw,72,i,7,ph,2_259,d,6_569,e,59,st,SPIN_DN,flt,FALSE,up,TRUE,ig,0,o_pos,0,o_hw,0,o_i,NA,o_up,FALSE,why,NO_COG
[2026-09-19T17:36:22.720] Cog0  BM-TS,seq,2_203,tid,7,k,225,lt,FALSE,pos,72,hw,72,i,9,ph,2_331,d,6_533,e,68,st,SPIN_DN,flt,FALSE,up,TRUE,ig,0,o_pos,0,o_hw,0,o_i,NA,o_up,FALSE,why,NO_COG
[2026-09-19T17:36:22.722] Cog0  BM-TS,seq,2_204,tid,7,k,226,lt,FALSE,pos,72,hw,72,i,13,ph,2_415,d,6_497,e,78,st,SPIN_DN,flt,FALSE,up,TRUE,ig,0,o_pos,0,o_hw,0,o_i,NA,o_up,FALSE,why,NO_COG
[2026-09-19T17:36:22.724] Cog0  BM-TS,seq,2_205,tid,7,k,227,lt,FALSE,pos,73,hw,73,i,12,ph,2_495,d,6_456,e,45,st,SPIN_DN,flt,FALSE,up,TRUE,ig,0,o_pos,0,o_hw,0,o_i,NA,o_up,FALSE,why,NO_COG
[2026-09-19T17:36:22.726] Cog0  BM-TS,seq,2_206,tid,7,k,228,lt,FALSE,pos,73,hw,73,i,12,ph,2_527,d,6_420,e,54,st,SPIN_DN,flt,FALSE,up,TRUE,ig,0,o_pos,0,o_hw,0,o_i,NA,o_up,FALSE,why,NO_COG
[2026-09-19T17:36:22.728] Cog0  BM-TS,seq,2_207,tid,7,k,229,lt,FALSE,pos,73,hw,73,i,12,ph,2_474,d,6_384,e,63,st,SPIN_DN,flt,FALSE,up,TRUE,ig,0,o_pos,0,o_hw,0,o_i,NA,o_up,FALSE,why,NO_COG
[2026-09-19T17:36:22.730] Cog0  BM-TS,seq,2_208,tid,7,k,230,lt,FALSE,pos,73,hw,73,i,13,ph,2_400,d,6_357,e,70,st,SPIN_DN,flt,FALSE,up,TRUE,ig,0,o_pos,0,o_hw,0,o_i,NA,o_up,FALSE,why,NO_COG
[2026-09-19T17:36:22.732] Cog0  BM-TS,seq,2_209,tid,7,k,231,lt,FALSE,pos,73,hw,73,i,13,ph,2_322,d,6_321,e,80,st,SPIN_DN,flt,FALSE,up,TRUE,ig,0,o_pos,0,o_hw,0,o_i,NA,o_up,FALSE,why,NO_COG
[2026-09-19T17:36:22.734] Cog0  BM-TS,seq,2_210,tid,7,k,232,lt,FALSE,pos,74,hw,74,i,11,ph,2_254,d,6_335,e,46,st,SPIN_DN,flt,FALSE,up,TRUE,ig,0,o_pos,0,o_hw,0,o_i,NA,o_up,FALSE,why,NO_COG
[2026-09-19T17:36:22.736] Cog0  BM-TS,seq,2_211,tid,7,k,233,lt,FALSE,pos,74,hw,74,i,11,ph,2_243,d,6_299,e,55,st,SPIN_DN,flt,FALSE,up,TRUE,ig,0,o_pos,0,o_hw,0,o_i,NA,o_up,FALSE,why,NO_COG
[2026-09-19T17:36:22.738] Cog0  BM-TS,seq,2_212,tid,7,k,234,lt,FALSE,pos,74,hw,74,i,9,ph,2_296,d,6_263,e,64,st,SPIN_DN,flt,FALSE,up,TRUE,ig,0,o_pos,0,o_hw,0,o_i,NA,o_up,FALSE,why,NO_COG
[2026-09-19T17:36:22.740] Cog0  BM-TS,seq,2_213,tid,7,k,235,lt,FALSE,pos,74,hw,74,i,11,ph,2_344,d,6_227,e,73,st,SPIN_DN,flt,FALSE,up,TRUE,ig,0,o_pos,0,o_hw,0,o_i,NA,o_up,FALSE,why,NO_COG
[2026-09-19T17:36:22.742] Cog0  BM-TS,seq,2_214,tid,7,k,236,lt,FALSE,pos,74,hw,74,i,11,ph,2_427,d,6_200,e,80,st,SPIN_DN,flt,FALSE,up,TRUE,ig,0,o_pos,0,o_hw,0,o_i,NA,o_up,FALSE,why,NO_COG
[2026-09-19T17:36:22.744] Cog0  BM-TS,seq,2_215,tid,7,k,237,lt,FALSE,pos,75,hw,75,i,10,ph,2_503,d,6_207,e,47,st,SPIN_DN,flt,FALSE,up,TRUE,ig,0,o_pos,0,o_hw,0,o_i,NA,o_up,FALSE,why,NO_COG
[2026-09-19T17:36:22.746] Cog0  BM-TS,seq,2_216,tid,7,k,238,lt,FALSE,pos,75,hw,75,i,8,ph,2_513,d,6_171,e,56,st,SPIN_DN,flt,FALSE,up,TRUE,ig,0,o_pos,0,o_hw,0,o_i,NA,o_up,FALSE,why,NO_COG
[2026-09-19T17:36:22.747] Cog0  BM-TS,seq,2_217,tid,7,k,239,lt,FALSE,pos,75,hw,75,i,8,ph,2_450,d,6_135,e,64,st,SPIN_DN,flt,FALSE,up,TRUE,ig,0,o_pos,0,o_hw,0,o_i,NA,o_up,FALSE,why,NO_COG
[2026-09-19T17:36:22.750] Cog0  BM-TS,seq,2_218,tid,7,k,240,lt,FALSE,pos,75,hw,75,i,8,ph,2_375,d,6_099,e,73,st,SPIN_DN,flt,FALSE,up,TRUE,ig,0,o_pos,0,o_hw,0,o_i,NA,o_up,FALSE,why,NO_COG
[2026-09-19T17:36:22.752] Cog0  BM-TS,seq,2_219,tid,7,k,241,lt,FALSE,pos,75,hw,75,i,8,ph,2_317,d,6_072,e,80,st,SPIN_DN,flt,FALSE,up,TRUE,ig,0,o_pos,0,o_hw,0,o_i,NA,o_up,FALSE,why,NO_COG
[2026-09-19T17:36:22.754] Cog0  BM-TS,seq,2_220,tid,7,k,242,lt,FALSE,pos,76,hw,76,i,10,ph,2_262,d,6_034,e,46,st,SPIN_DN,flt,FALSE,up,TRUE,ig,0,o_pos,0,o_hw,0,o_i,NA,o_up,FALSE,why,NO_COG
[2026-09-19T17:36:22.756] Cog0  BM-TS,seq,2_221,tid,7,k,243,lt,FALSE,pos,76,hw,76,i,9,ph,2_237,d,5_998,e,55,st,SPIN_DN,flt,FALSE,up,TRUE,ig,0,o_pos,0,o_hw,0,o_i,NA,o_up,FALSE,why,NO_COG
[2026-09-19T17:36:22.756] Cog0  BM-TS,seq,2_222,tid,7,k,244,lt,FALSE,pos,76,hw,76,i,9,ph,2_303,d,5_962,e,63,st,SPIN_DN,flt,FALSE,up,TRUE,ig,0,o_pos,0,o_hw,0,o_i,NA,o_up,FALSE,why,NO_COG
[2026-09-19T17:36:22.760] Cog0  BM-TS,seq,2_223,tid,7,k,245,lt,FALSE,pos,76,hw,76,i,10,ph,2_362,d,5_926,e,72,st,SPIN_DN,flt,FALSE,up,TRUE,ig,0,o_pos,0,o_hw,0,o_i,NA,o_up,FALSE,why,NO_COG
[2026-09-19T17:36:22.762] Cog0  BM-TS,seq,2_224,tid,7,k,246,lt,FALSE,pos,76,hw,76,i,9,ph,2_432,d,5_890,e,81,st,SPIN_DN,flt,FALSE,up,TRUE,ig,0,o_pos,0,o_hw,0,o_i,NA,o_up,FALSE,why,NO_COG
[2026-09-19T17:36:22.764] Cog0  BM-TS,seq,2_225,tid,7,k,247,lt,FALSE,pos,77,hw,77,i,9,ph,2_480,d,5_933,e,44,st,SPIN_DN,flt,FALSE,up,TRUE,ig,0,o_pos,0,o_hw,0,o_i,NA,o_up,FALSE,why,NO_COG
[2026-09-19T17:36:22.766] Cog0  BM-TS,seq,2_226,tid,7,k,248,lt,FALSE,pos,77,hw,77,i,12,ph,2_525,d,5_897,e,53,st,SPIN_DN,flt,FALSE,up,TRUE,ig,0,o_pos,0,o_hw,0,o_i,NA,o_up,FALSE,why,NO_COG
[2026-09-19T17:36:22.768] Cog0  BM-TS,seq,2_227,tid,7,k,249,lt,FALSE,pos,77,hw,77,i,9,ph,2_468,d,5_861,e,61,st,SPIN_DN,flt,FALSE,up,TRUE,ig,0,o_pos,0,o_hw,0,o_i,NA,o_up,FALSE,why,NO_COG
[2026-09-19T17:36:22.770] Cog0  BM-TS,seq,2_228,tid,7,k,250,lt,FALSE,pos,77,hw,77,i,8,ph,2_412,d,5_825,e,70,st,SPIN_DN,flt,FALSE,up,TRUE,ig,0,o_pos,0,o_hw,0,o_i,NA,o_up,FALSE,why,NO_COG
[2026-09-19T17:36:22.772] Cog0  BM-TS,seq,2_229,tid,7,k,251,lt,FALSE,pos,77,hw,77,i,8,ph,2_344,d,5_789,e,78,st,SPIN_DN,flt,FALSE,up,TRUE,ig,0,o_pos,0,o_hw,0,o_i,NA,o_up,FALSE,why,NO_COG
[2026-09-19T17:36:22.773] Cog0  BM-TS,seq,2_230,tid,7,k,252,lt,FALSE,pos,78,hw,78,i,8,ph,2_290,d,5_827,e,44,st,SPIN_DN,flt,FALSE,up,TRUE,ig,0,o_pos,0,o_hw,0,o_i,NA,o_up,FALSE,why,NO_COG
[2026-09-19T17:36:22.776] Cog0  BM-TS,seq,2_231,tid,7,k,253,lt,FALSE,pos,78,hw,78,i,10,ph,2_235,d,5_800,e,50,st,SPIN_DN,flt,FALSE,up,TRUE,ig,0,o_pos,0,o_hw,0,o_i,NA,o_up,FALSE,why,NO_COG
[2026-09-19T17:36:22.778] Cog0  BM-TS,seq,2_232,tid,7,k,254,lt,FALSE,pos,78,hw,78,i,8,ph,2_260,d,5_764,e,58,st,SPIN_DN,flt,FALSE,up,TRUE,ig,0,o_pos,0,o_hw,0,o_i,NA,o_up,FALSE,why,NO_COG
[2026-09-19T17:36:22.780] Cog0  BM-TS,seq,2_233,tid,7,k,255,lt,FALSE,pos,78,hw,78,i,7,ph,2_312,d,5_728,e,66,st,SPIN_DN,flt,FALSE,up,TRUE,ig,0,o_pos,0,o_hw,0,o_i,NA,o_up,FALSE,why,NO_COG
[2026-09-19T17:36:22.782] Cog0  BM-TS,seq,2_234,tid,7,k,256,lt,FALSE,pos,78,hw,78,i,8,ph,2_374,d,5_692,e,74,st,SPIN_DN,flt,FALSE,up,TRUE,ig,0,o_pos,0,o_hw,0,o_i,NA,o_up,FALSE,why,NO_COG
[2026-09-19T17:36:22.783] Cog0  BM-TS,seq,2_235,tid,7,k,257,lt,FALSE,pos,79,hw,79,i,7,ph,2_435,d,5_666,e,40,st,SPIN_DN,flt,FALSE,up,TRUE,ig,0,o_pos,0,o_hw,0,o_i,NA,o_up,FALSE,why,NO_COG
[2026-09-19T17:36:22.785] Cog0  BM-TS,seq,2_236,tid,7,k,258,lt,FALSE,pos,79,hw,79,i,10,ph,2_492,d,5_612,e,48,st,SPIN_DN,flt,FALSE,up,TRUE,ig,0,o_pos,0,o_hw,0,o_i,NA,o_up,FALSE,why,NO_COG
[2026-09-19T17:36:22.788] Cog0  BM-TS,seq,2_237,tid,7,k,259,lt,FALSE,pos,79,hw,79,i,7,ph,2_502,d,5_585,e,54,st,SPIN_DN,flt,FALSE,up,TRUE,ig,0,o_pos,0,o_hw,0,o_i,NA,o_up,FALSE,why,NO_COG
[2026-09-19T17:36:22.789] Cog0  BM-TS,seq,2_238,tid,7,k,260,lt,FALSE,pos,79,hw,79,i,8,ph,2_460,d,5_549,e,62,st,SPIN_DN,flt,FALSE,up,TRUE,ig,0,o_pos,0,o_hw,0,o_i,NA,o_up,FALSE,why,NO_COG
[2026-09-19T17:36:22.791] Cog0  BM-TS,seq,2_239,tid,7,k,261,lt,FALSE,pos,79,hw,79,i,8,ph,2_402,d,5_513,e,70,st,SPIN_DN,flt,FALSE,up,TRUE,ig,0,o_pos,0,o_hw,0,o_i,NA,o_up,FALSE,why,NO_COG
[2026-09-19T17:36:22.793] Cog0  BM-TS,seq,2_240,tid,7,k,262,lt,FALSE,pos,79,hw,79,i,10,ph,2_351,d,5_477,e,77,st,SPIN_DN,flt,FALSE,up,TRUE,ig,0,o_pos,0,o_hw,0,o_i,NA,o_up,FALSE,why,NO_COG
[2026-09-19T17:36:22.795] Cog0  BM-TS,seq,2_241,tid,7,k,263,lt,FALSE,pos,80,hw,80,i,8,ph,2_286,d,5_410,e,43,st,SPIN_DN,flt,FALSE,up,TRUE,ig,0,o_pos,0,o_hw,0,o_i,NA,o_up,FALSE,why,NO_COG
[2026-09-19T17:36:22.797] Cog0  BM-TS,seq,2_242,tid,7,k,264,lt,FALSE,pos,80,hw,80,i,8,ph,2_244,d,5_383,e,48,st,SPIN_DN,flt,FALSE,up,TRUE,ig,0,o_pos,0,o_hw,0,o_i,NA,o_up,FALSE,why,NO_COG
[2026-09-19T17:36:22.799] Cog0  BM-TS,seq,2_243,tid,7,k,265,lt,FALSE,pos,80,hw,80,i,9,ph,2_258,d,5_347,e,56,st,SPIN_DN,flt,FALSE,up,TRUE,ig,0,o_pos,0,o_hw,0,o_i,NA,o_up,FALSE,why,NO_COG
[2026-09-19T17:36:22.801] Cog0  BM-TS,seq,2_244,tid,7,k,266,lt,FALSE,pos,80,hw,80,i,8,ph,2_304,d,5_311,e,64,st,SPIN_DN,flt,FALSE,up,TRUE,ig,0,o_pos,0,o_hw,0,o_i,NA,o_up,FALSE,why,NO_COG
[2026-09-19T17:36:22.803] Cog0  BM-TS,seq,2_245,tid,7,k,267,lt,FALSE,pos,80,hw,80,i,9,ph,2_362,d,5_275,e,71,st,SPIN_DN,flt,FALSE,up,TRUE,ig,0,o_pos,0,o_hw,0,o_i,NA,o_up,FALSE,why,NO_COG
[2026-09-19T17:36:22.805] Cog0  BM-TS,seq,2_246,tid,7,k,268,lt,FALSE,pos,80,hw,80,i,7,ph,2_413,d,5_239,e,79,st,SPIN_DN,flt,FALSE,up,TRUE,ig,0,o_pos,0,o_hw,0,o_i,NA,o_up,FALSE,why,NO_COG
[2026-09-19T17:36:22.806] Cog0  BM-TS,seq,2_247,tid,7,k,269,lt,FALSE,pos,81,hw,81,i,8,ph,2_466,d,5_195,e,44,st,SPIN_DN,flt,FALSE,up,TRUE,ig,0,o_pos,0,o_hw,0,o_i,NA,o_up,FALSE,why,NO_COG
[2026-09-19T17:36:22.809] Cog0  BM-TS,seq,2_248,tid,7,k,270,lt,FALSE,pos,81,hw,81,i,6,ph,2_505,d,5_168,e,49,st,SPIN_DN,flt,FALSE,up,TRUE,ig,0,o_pos,0,o_hw,0,o_i,NA,o_up,FALSE,why,NO_COG
[2026-09-19T17:36:22.811] Cog0  BM-TS,seq,2_249,tid,7,k,271,lt,FALSE,pos,81,hw,81,i,8,ph,2_481,d,5_132,e,57,st,SPIN_DN,flt,FALSE,up,TRUE,ig,0,o_pos,0,o_hw,0,o_i,NA,o_up,FALSE,why,NO_COG
[2026-09-19T17:36:22.813] Cog0  BM-TS,seq,2_250,tid,7,k,272,lt,FALSE,pos,81,hw,81,i,6,ph,2_441,d,5_096,e,64,st,SPIN_DN,flt,FALSE,up,TRUE,ig,0,o_pos,0,o_hw,0,o_i,NA,o_up,FALSE,why,NO_COG
[2026-09-19T17:36:22.815] Cog0  BM-TS,seq,2_251,tid,7,k,273,lt,FALSE,pos,81,hw,81,i,7,ph,2_395,d,5_060,e,72,st,SPIN_DN,flt,FALSE,up,TRUE,ig,0,o_pos,0,o_hw,0,o_i,NA,o_up,FALSE,why,NO_COG
[2026-09-19T17:36:22.817] Cog0  BM-TS,seq,2_252,tid,7,k,274,lt,FALSE,pos,81,hw,81,i,8,ph,2_341,d,5_024,e,79,st,SPIN_DN,flt,FALSE,up,TRUE,ig,0,o_pos,0,o_hw,0,o_i,NA,o_up,FALSE,why,NO_COG
[2026-09-19T17:36:22.819] Cog0  BM-TS,seq,2_253,tid,7,k,275,lt,FALSE,pos,82,hw,82,i,6,ph,2_314,d,4_939,e,44,st,SPIN_DN,flt,FALSE,up,TRUE,ig,0,o_pos,0,o_hw,0,o_i,NA,o_up,FALSE,why,NO_COG
[2026-09-19T17:36:22.821] Cog0  BM-TS,seq,2_254,tid,7,k,276,lt,FALSE,pos,82,hw,82,i,4,ph,2_257,d,4_912,e,49,st,SPIN_DN,flt,FALSE,up,TRUE,ig,0,o_pos,0,o_hw,0,o_i,NA,o_up,FALSE,why,NO_COG
[2026-09-19T17:36:22.823] Cog0  BM-TS,seq,2_255,tid,7,k,277,lt,FALSE,pos,82,hw,82,i,5,ph,2_281,d,4_876,e,56,st,SPIN_DN,flt,FALSE,up,TRUE,ig,0,o_pos,0,o_hw,0,o_i,NA,o_up,FALSE,why,NO_COG
[2026-09-19T17:36:22.825] Cog0  BM-TS,seq,2_256,tid,7,k,278,lt,FALSE,pos,82,hw,82,i,5,ph,2_313,d,4_840,e,63,st,SPIN_DN,flt,FALSE,up,TRUE,ig,0,o_pos,0,o_hw,0,o_i,NA,o_up,FALSE,why,NO_COG
[2026-09-19T17:36:22.827] Cog0  BM-TS,seq,2_257,tid,7,k,279,lt,FALSE,pos,82,hw,82,i,4,ph,2_358,d,4_804,e,70,st,SPIN_DN,flt,FALSE,up,TRUE,ig,0,o_pos,0,o_hw,0,o_i,NA,o_up,FALSE,why,NO_COG
[2026-09-19T17:36:22.829] Cog0  BM-TS,seq,2_258,tid,7,k,280,lt,FALSE,pos,82,hw,82,i,4,ph,2_396,d,4_768,e,77,st,SPIN_DN,flt,FALSE,up,TRUE,ig,0,o_pos,0,o_hw,0,o_i,NA,o_up,FALSE,why,NO_COG
[2026-09-19T17:36:22.831] Cog0  BM-TS,seq,2_259,tid,7,k,281,lt,FALSE,pos,83,hw,83,i,7,ph,2_438,d,4_705,e,42,st,SPIN_DN,flt,FALSE,up,TRUE,ig,0,o_pos,0,o_hw,0,o_i,NA,o_up,FALSE,why,NO_COG
[2026-09-19T17:36:22.833] Cog0  BM-TS,seq,2_260,tid,7,k,282,lt,FALSE,pos,83,hw,83,i,5,ph,2_477,d,4_678,e,47,st,SPIN_DN,flt,FALSE,up,TRUE,ig,0,o_pos,0,o_hw,0,o_i,NA,o_up,FALSE,why,NO_COG
[2026-09-19T17:36:22.835] Cog0  BM-TS,seq,2_261,tid,7,k,283,lt,FALSE,pos,83,hw,83,i,5,ph,2_492,d,4_642,e,54,st,SPIN_DN,flt,FALSE,up,TRUE,ig,0,o_pos,0,o_hw,0,o_i,NA,o_up,FALSE,why,NO_COG
[2026-09-19T17:36:22.837] Cog0  BM-TS,seq,2_262,tid,7,k,284,lt,FALSE,pos,83,hw,83,i,6,ph,2_444,d,4_606,e,61,st,SPIN_DN,flt,FALSE,up,TRUE,ig,0,o_pos,0,o_hw,0,o_i,NA,o_up,FALSE,why,NO_COG
[2026-09-19T17:36:22.839] Cog0  BM-TS,seq,2_263,tid,7,k,285,lt,FALSE,pos,83,hw,83,i,5,ph,2_412,d,4_570,e,67,st,SPIN_DN,flt,FALSE,up,TRUE,ig,0,o_pos,0,o_hw,0,o_i,NA,o_up,FALSE,why,NO_COG
[2026-09-19T17:36:22.841] Cog0  BM-TS,seq,2_264,tid,7,k,286,lt,FALSE,pos,83,hw,83,i,6,ph,2_376,d,4_534,e,74,st,SPIN_DN,flt,FALSE,up,TRUE,ig,0,o_pos,0,o_hw,0,o_i,NA,o_up,FALSE,why,NO_COG
[2026-09-19T17:36:22.843] Cog0  BM-TS,seq,2_265,tid,7,k,287,lt,FALSE,pos,83,hw,83,i,5,ph,2_349,d,4_507,e,79,st,SPIN_DN,flt,FALSE,up,TRUE,ig,0,o_pos,0,o_hw,0,o_i,NA,o_up,FALSE,why,NO_COG
[2026-09-19T17:36:22.845] Cog0  BM-TS,seq,2_266,tid,7,k,288,lt,FALSE,pos,84,hw,84,i,4,ph,2_302,d,4_537,e,43,st,SPIN_DN,flt,FALSE,up,TRUE,ig,0,o_pos,0,o_hw,0,o_i,NA,o_up,FALSE,why,NO_COG
[2026-09-19T17:36:22.846] Cog0  BM-TS,seq,2_267,tid,7,k,289,lt,FALSE,pos,84,hw,84,i,6,ph,2_266,d,4_501,e,50,st,SPIN_DN,flt,FALSE,up,TRUE,ig,0,o_pos,0,o_hw,0,o_i,NA,o_up,FALSE,why,NO_COG
[2026-09-19T17:36:22.849] Cog0  BM-TS,seq,2_268,tid,7,k,290,lt,FALSE,pos,84,hw,84,i,4,ph,2_277,d,4_465,e,56,st,SPIN_DN,flt,FALSE,up,TRUE,ig,0,o_pos,0,o_hw,0,o_i,NA,o_up,FALSE,why,NO_COG
[2026-09-19T17:36:22.851] Cog0  BM-TS,seq,2_269,tid,7,k,291,lt,FALSE,pos,84,hw,84,i,4,ph,2_309,d,4_429,e,63,st,SPIN_DN,flt,FALSE,up,TRUE,ig,0,o_pos,0,o_hw,0,o_i,NA,o_up,FALSE,why,NO_COG
[2026-09-19T17:36:22.852] Cog0  BM-TS,seq,2_270,tid,7,k,292,lt,FALSE,pos,84,hw,84,i,8,ph,2_362,d,4_393,e,69,st,SPIN_DN,flt,FALSE,up,TRUE,ig,0,o_pos,0,o_hw,0,o_i,NA,o_up,FALSE,why,NO_COG
[2026-09-19T17:36:22.855] Cog0  BM-TS,seq,2_271,tid,7,k,293,lt,FALSE,pos,84,hw,84,i,5,ph,2_388,d,4_366,e,74,st,SPIN_DN,flt,FALSE,up,TRUE,ig,0,o_pos,0,o_hw,0,o_i,NA,o_up,FALSE,why,NO_COG
[2026-09-19T17:36:22.856] Cog0  BM-TS,seq,2_272,tid,7,k,294,lt,FALSE,pos,84,hw,84,i,5,ph,2_422,d,4_330,e,81,st,SPIN_DN,flt,FALSE,up,TRUE,ig,0,o_pos,0,o_hw,0,o_i,NA,o_up,FALSE,why,NO_COG
[2026-09-19T17:36:22.858] Cog0  BM-TS,seq,2_273,tid,7,k,295,lt,FALSE,pos,85,hw,85,i,4,ph,2_456,d,4_380,e,44,st,SPIN_DN,flt,FALSE,up,TRUE,ig,0,o_pos,0,o_hw,0,o_i,NA,o_up,FALSE,why,NO_COG
[2026-09-19T17:36:22.860] Cog0  BM-TS,seq,2_274,tid,7,k,296,lt,FALSE,pos,85,hw,85,i,5,ph,2_482,d,4_344,e,51,st,SPIN_DN,flt,FALSE,up,TRUE,ig,0,o_pos,0,o_hw,0,o_i,NA,o_up,FALSE,why,NO_COG
[2026-09-19T17:36:22.862] Cog0  BM-TS,seq,2_275,tid,7,k,297,lt,FALSE,pos,85,hw,85,i,5,ph,2_465,d,4_308,e,57,st,SPIN_DN,flt,FALSE,up,TRUE,ig,0,o_pos,0,o_hw,0,o_i,NA,o_up,FALSE,why,NO_COG
[2026-09-19T17:36:22.864] Cog0  BM-TS,seq,2_276,tid,7,k,298,lt,FALSE,pos,85,hw,85,i,4,ph,2_442,d,4_272,e,63,st,SPIN_DN,flt,FALSE,up,TRUE,ig,0,o_pos,0,o_hw,0,o_i,NA,o_up,FALSE,why,NO_COG
[2026-09-19T17:36:22.866] Cog0  BM-TS,seq,2_277,tid,7,k,299,lt,FALSE,pos,85,hw,85,i,4,ph,2_399,d,4_245,e,68,st,SPIN_DN,flt,FALSE,up,TRUE,ig,0,o_pos,0,o_hw,0,o_i,NA,o_up,FALSE,why,NO_COG
[2026-09-19T17:36:22.868] Cog0  BM-TS,seq,2_278,tid,7,k,300,lt,FALSE,pos,85,hw,85,i,5,ph,2_376,d,4_209,e,74,st,SPIN_DN,flt,FALSE,up,TRUE,ig,0,o_pos,0,o_hw,0,o_i,NA,o_up,FALSE,why,NO_COG
[2026-09-19T17:36:22.871] Cog0  BM-TS,seq,2_279,tid,7,k,302,lt,FALSE,pos,86,hw,86,i,5,ph,2_311,d,4_208,e,43,st,SPIN_DN,flt,FALSE,up,TRUE,ig,0,o_pos,0,o_hw,0,o_i,NA,o_up,FALSE,why,NO_COG
[2026-09-19T17:36:22.873] Cog0  BM-TS,seq,2_280,tid,7,k,310,lt,FALSE,pos,87,hw,87,i,8,ph,2_456,d,4_127,e,46,st,SPIN_DN,flt,FALSE,up,TRUE,ig,0,o_pos,0,o_hw,0,o_i,NA,o_up,FALSE,why,NO_COG
[2026-09-19T17:36:22.876] Cog0  BM-TS,seq,2_281,tid,7,k,318,lt,FALSE,pos,88,hw,88,i,7,ph,2_312,d,3_977,e,44,st,SPIN_DN,flt,FALSE,up,TRUE,ig,0,o_pos,0,o_hw,0,o_i,NA,o_up,FALSE,why,NO_COG
[2026-09-19T17:36:22.877] Cog0  BM-TS,seq,2_282,tid,7,k,325,lt,FALSE,pos,88,hw,88,i,4,ph,2_397,d,3_734,e,78,st,SPIN_DN,flt,FALSE,up,TRUE,ig,0,o_pos,0,o_hw,0,o_i,NA,o_up,FALSE,why,NO_COG
[2026-09-19T17:36:22.880] Cog0  BM-TS,seq,2_283,tid,7,k,326,lt,FALSE,pos,89,hw,89,i,4,ph,2_429,d,3_686,e,41,st,SPIN_DN,flt,FALSE,up,TRUE,ig,0,o_pos,0,o_hw,0,o_i,NA,o_up,FALSE,why,NO_COG
[2026-09-19T17:36:22.883] Cog0  BM-TS,seq,2_284,tid,7,k,335,lt,FALSE,pos,90,hw,90,i,4,ph,2_341,d,3_314,e,38,st,SPIN_DN,flt,FALSE,up,TRUE,ig,0,o_pos,0,o_hw,0,o_i,NA,o_up,FALSE,why,NO_COG
[2026-09-19T17:36:22.885] Cog0  BM-TS,seq,2_285,tid,7,k,345,lt,FALSE,pos,91,hw,91,i,1,ph,2_397,d,2_871,e,36,st,SPIN_DN,flt,FALSE,up,TRUE,ig,0,o_pos,0,o_hw,0,o_i,NA,o_up,FALSE,why,NO_COG
[2026-09-19T17:36:22.887] Cog0  BM-TS,seq,2_286,tid,7,k,350,lt,FALSE,pos,91,hw,91,i,1,ph,2_442,d,2_580,e,56,st,SPIN_DN,flt,FALSE,up,TRUE,ig,0,o_pos,0,o_hw,0,o_i,NA,o_up,FALSE,why,NO_COG
[2026-09-19T17:36:22.890] Cog0  BM-TS,seq,2_287,tid,7,k,357,lt,FALSE,pos,92,hw,92,i,2,ph,2_358,d,2_320,e,37,st,SPIN_DN,flt,FALSE,up,TRUE,ig,0,o_pos,0,o_hw,0,o_i,NA,o_up,FALSE,why,NO_COG
[2026-09-19T17:36:22.892] Cog0  BM-TS,seq,2_288,tid,7,k,373,lt,FALSE,pos,93,hw,93,i,4,ph,2_410,d,2_074,e,42,st,SPIN_DN,flt,FALSE,up,TRUE,ig,0,o_pos,0,o_hw,0,o_i,NA,o_up,FALSE,why,NO_COG
[2026-09-19T17:36:22.896] Cog0  BM-TS,seq,2_289,tid,7,k,375,lt,FALSE,pos,93,hw,93,i,2,ph,2_418,d,2_011,e,47,st,SPIN_DN,flt,FALSE,up,TRUE,ig,0,o_pos,0,o_hw,0,o_i,NA,o_up,FALSE,why,NO_COG
[2026-09-19T17:36:22.898] Cog0  BM-TS,seq,2_290,tid,7,k,394,lt,FALSE,pos,94,hw,94,i,8,ph,2_341,d,2_508,e,45,st,SPIN_DN,flt,FALSE,up,TRUE,ig,0,o_pos,0,o_hw,0,o_i,NA,o_up,FALSE,why,NO_COG
[2026-09-19T17:36:22.901] Cog0  BM-TS,seq,2_291,tid,7,k,400,lt,FALSE,pos,94,hw,94,i,4,ph,2_337,d,2_117,e,55,st,SPIN_DN,flt,FALSE,up,TRUE,ig,0,o_pos,0,o_hw,0,o_i,NA,o_up,FALSE,why,NO_COG
[2026-09-19T17:36:22.903] Cog0  BM-TS,seq,2_292,tid,7,k,413,lt,FALSE,pos,95,hw,95,i,3,ph,2_376,d,1_600,e,28,st,SPIN_DN,flt,FALSE,up,TRUE,ig,0,o_pos,0,o_hw,0,o_i,NA,o_up,FALSE,why,NO_COG
[2026-09-19T17:36:22.906] Cog0  BM-TS,seq,2_293,tid,7,k,425,lt,FALSE,pos,95,hw,95,i,3,ph,2_405,d,1_600,e,35,st,SPIN_DN,flt,FALSE,up,TRUE,ig,0,o_pos,0,o_hw,0,o_i,NA,o_up,FALSE,why,NO_COG
[2026-09-19T17:36:22.909] Cog0  BM-TS,seq,2_294,tid,7,k,434,lt,FALSE,pos,95,hw,95,i,-1,ph,81,d,1_600,e,37,st,STOPPED,flt,FALSE,up,TRUE,ig,0,o_pos,0,o_hw,0,o_i,NA,o_up,FALSE,why,NO_COG
[2026-09-19T17:36:22.913] Cog0  BM-TS,seq,2_295,tid,7,k,450,lt,FALSE,pos,95,hw,95,i,-1,ph,145,d,1_600,e,37,st,STOPPED,flt,FALSE,up,TRUE,ig,0,o_pos,0,o_hw,0,o_i,NA,o_up,FALSE,why,NO_COG
[2026-09-19T17:36:22.916] Cog0  BM-TS,seq,2_296,tid,7,k,475,lt,FALSE,pos,95,hw,95,i,-1,ph,158,d,1_600,e,37,st,STOPPED,flt,FALSE,up,TRUE,ig,0,o_pos,0,o_hw,0,o_i,NA,o_up,FALSE,why,NO_COG
[2026-09-19T17:36:22.920] Cog0  BM-TS,seq,2_297,tid,7,k,500,lt,FALSE,pos,95,hw,95,i,0,ph,162,d,1_600,e,37,st,STOPPED,flt,FALSE,up,TRUE,ig,0,o_pos,0,o_hw,0,o_i,NA,o_up,FALSE,why,NO_COG
[2026-09-19T17:36:22.924] Cog0  BM-TS,seq,2_298,tid,7,k,525,lt,FALSE,pos,95,hw,95,i,0,ph,153,d,1_600,e,37,st,STOPPED,flt,FALSE,up,TRUE,ig,0,o_pos,0,o_hw,0,o_i,NA,o_up,FALSE,why,NO_COG
[2026-09-19T17:36:22.926] Cog0  BM-TS,seq,2_299,tid,7,k,550,lt,FALSE,pos,95,hw,95,i,0,ph,156,d,1_600,e,37,st,STOPPED,flt,FALSE,up,TRUE,ig,0,o_pos,0,o_hw,0,o_i,NA,o_up,FALSE,why,NO_COG
[2026-09-19T17:36:22.928] Cog0  BM-TS,seq,2_300,tid,7,k,566,lt,FALSE,pos,95,hw,95,i,0,ph,161,d,1_600,e,37,st,STOPPED,flt,FALSE,up,TRUE,ig,0,o_pos,0,o_hw,0,o_i,NA,o_up,FALSE,why,NO_COG
[2026-09-19T17:36:22.945] Cog0  BM-TRACE-END,seq,2_301,tid,7,stored,567,emitted,323,ksum,53_998,mark_k,50,late,0,skipped,0,lost_head,0,dropped,0,end,REST,rest_k,413,ig_sum,0,o_ig_sum,0,hw_skip,0,stride,1,why,NONE
[2026-09-19T17:36:26.402] Cog0  BM-TRACE,seq,2_302,tid,8,seg,BASELINE,life,6,motor,RIGHT,cause,STOPCMD,incre,73_500_000,off_neg,43,off_pos,317,req_mode,BRAKE,ramp_inc,22,period_us,2_000,decim,1,pre,50,why,NONE
[2026-09-19T17:36:26.470] Cog0  BM-TS,seq,2_303,tid,8,k,0,lt,FALSE,pos,0,hw,0,i,534,ph,2_338,d,16_240,e,31,st,AT_SPEED,flt,FALSE,up,TRUE,ig,0,o_pos,0,o_hw,0,o_i,NA,o_up,FALSE,why,NO_COG
[2026-09-19T17:36:26.472] Cog0  BM-TS,seq,2_304,tid,8,k,1,lt,FALSE,pos,0,hw,0,i,486,ph,2_024,d,16_192,e,49,st,AT_SPEED,flt,FALSE,up,TRUE,ig,0,o_pos,0,o_hw,0,o_i,NA,o_up,FALSE,why,NO_COG
[2026-09-19T17:36:26.474] Cog0  BM-TS,seq,2_305,tid,8,k,2,lt,FALSE,pos,0,hw,0,i,480,ph,2_250,d,16_250,e,66,st,AT_SPEED,flt,FALSE,up,TRUE,ig,0,o_pos,0,o_hw,0,o_i,NA,o_up,FALSE,why,NO_COG
[2026-09-19T17:36:26.476] Cog0  BM-TS,seq,2_306,tid,8,k,3,lt,FALSE,pos,1,hw,1,i,499,ph,2_600,d,16_213,e,41,st,AT_SPEED,flt,FALSE,up,TRUE,ig,0,o_pos,0,o_hw,0,o_i,NA,o_up,FALSE,why,NO_COG
[2026-09-19T17:36:26.478] Cog0  BM-TS,seq,2_307,tid,8,k,4,lt,FALSE,pos,1,hw,1,i,492,ph,2_653,d,16_203,e,59,st,AT_SPEED,flt,FALSE,up,TRUE,ig,0,o_pos,0,o_hw,0,o_i,NA,o_up,FALSE,why,NO_COG
[2026-09-19T17:36:26.480] Cog0  BM-TS,seq,2_308,tid,8,k,5,lt,FALSE,pos,2,hw,2,i,532,ph,2_373,d,16_247,e,34,st,AT_SPEED,flt,FALSE,up,TRUE,ig,0,o_pos,0,o_hw,0,o_i,NA,o_up,FALSE,why,NO_COG
[2026-09-19T17:36:26.482] Cog0  BM-TS,seq,2_309,tid,8,k,6,lt,FALSE,pos,2,hw,2,i,493,ph,2_063,d,16_202,e,47,st,AT_SPEED,flt,FALSE,up,TRUE,ig,0,o_pos,0,o_hw,0,o_i,NA,o_up,FALSE,why,NO_COG
[2026-09-19T17:36:26.484] Cog0  BM-TS,seq,2_310,tid,8,k,7,lt,FALSE,pos,2,hw,2,i,483,ph,2_204,d,16_240,e,64,st,AT_SPEED,flt,FALSE,up,TRUE,ig,0,o_pos,0,o_hw,0,o_i,NA,o_up,FALSE,why,NO_COG
[2026-09-19T17:36:26.486] Cog0  BM-TS,seq,2_311,tid,8,k,8,lt,FALSE,pos,3,hw,3,i,497,ph,2_564,d,16_203,e,39,st,AT_SPEED,flt,FALSE,up,TRUE,ig,0,o_pos,0,o_hw,0,o_i,NA,o_up,FALSE,why,NO_COG
[2026-09-19T17:36:26.488] Cog0  BM-TS,seq,2_312,tid,8,k,9,lt,FALSE,pos,3,hw,3,i,471,ph,2_680,d,16_199,e,57,st,AT_SPEED,flt,FALSE,up,TRUE,ig,0,o_pos,0,o_hw,0,o_i,NA,o_up,FALSE,why,NO_COG
[2026-09-19T17:36:26.490] Cog0  BM-TS,seq,2_313,tid,8,k,10,lt,FALSE,pos,4,hw,4,i,522,ph,2_330,d,16_262,e,32,st,AT_SPEED,flt,FALSE,up,TRUE,ig,0,o_pos,0,o_hw,0,o_i,NA,o_up,FALSE,why,NO_COG
[2026-09-19T17:36:26.492] Cog0  BM-TS,seq,2_314,tid,8,k,11,lt,FALSE,pos,4,hw,4,i,521,ph,2_094,d,16_197,e,45,st,AT_SPEED,flt,FALSE,up,TRUE,ig,0,o_pos,0,o_hw,0,o_i,NA,o_up,FALSE,why,NO_COG
[2026-09-19T17:36:26.494] Cog0  BM-TS,seq,2_315,tid,8,k,12,lt,FALSE,pos,4,hw,4,i,487,ph,2_169,d,16_238,e,62,st,AT_SPEED,flt,FALSE,up,TRUE,ig,0,o_pos,0,o_hw,0,o_i,NA,o_up,FALSE,why,NO_COG
[2026-09-19T17:36:26.496] Cog0  BM-TS,seq,2_316,tid,8,k,13,lt,FALSE,pos,5,hw,5,i,508,ph,2_530,d,16_235,e,37,st,AT_SPEED,flt,FALSE,up,TRUE,ig,0,o_pos,0,o_hw,0,o_i,NA,o_up,FALSE,why,NO_COG
[2026-09-19T17:36:26.498] Cog0  BM-TS,seq,2_317,tid,8,k,14,lt,FALSE,pos,5,hw,5,i,462,ph,2_718,d,16_227,e,55,st,AT_SPEED,flt,FALSE,up,TRUE,ig,0,o_pos,0,o_hw,0,o_i,NA,o_up,FALSE,why,NO_COG
[2026-09-19T17:36:26.500] Cog0  BM-TS,seq,2_318,tid,8,k,15,lt,FALSE,pos,6,hw,6,i,498,ph,2_379,d,16_283,e,30,st,AT_SPEED,flt,FALSE,up,TRUE,ig,0,o_pos,0,o_hw,0,o_i,NA,o_up,FALSE,why,NO_COG
[2026-09-19T17:36:26.502] Cog0  BM-TS,seq,2_319,tid,8,k,16,lt,FALSE,pos,6,hw,6,i,532,ph,2_130,d,16_221,e,47,st,AT_SPEED,flt,FALSE,up,TRUE,ig,0,o_pos,0,o_hw,0,o_i,NA,o_up,FALSE,why,NO_COG
[2026-09-19T17:36:26.503] Cog0  BM-TS,seq,2_320,tid,8,k,17,lt,FALSE,pos,6,hw,6,i,501,ph,2_134,d,16_242,e,60,st,AT_SPEED,flt,FALSE,up,TRUE,ig,0,o_pos,0,o_hw,0,o_i,NA,o_up,FALSE,why,NO_COG
[2026-09-19T17:36:26.506] Cog0  BM-TS,seq,2_321,tid,8,k,18,lt,FALSE,pos,7,hw,7,i,524,ph,2_489,d,16_247,e,35,st,AT_SPEED,flt,FALSE,up,TRUE,ig,0,o_pos,0,o_hw,0,o_i,NA,o_up,FALSE,why,NO_COG
[2026-09-19T17:36:26.508] Cog0  BM-TS,seq,2_322,tid,8,k,19,lt,FALSE,pos,7,hw,7,i,477,ph,2_753,d,16_219,e,53,st,AT_SPEED,flt,FALSE,up,TRUE,ig,0,o_pos,0,o_hw,0,o_i,NA,o_up,FALSE,why,NO_COG
[2026-09-19T17:36:26.509] Cog0  BM-TS,seq,2_323,tid,8,k,20,lt,FALSE,pos,7,hw,7,i,490,ph,2_439,d,16_297,e,70,st,AT_SPEED,flt,FALSE,up,TRUE,ig,0,o_pos,0,o_hw,0,o_i,NA,o_up,FALSE,why,NO_COG
[2026-09-19T17:36:26.511] Cog0  BM-TS,seq,2_324,tid,8,k,21,lt,FALSE,pos,8,hw,8,i,500,ph,2_090,d,16_226,e,45,st,AT_SPEED,flt,FALSE,up,TRUE,ig,0,o_pos,0,o_hw,0,o_i,NA,o_up,FALSE,why,NO_COG
[2026-09-19T17:36:26.513] Cog0  BM-TS,seq,2_325,tid,8,k,22,lt,FALSE,pos,8,hw,8,i,508,ph,2_091,d,16_250,e,62,st,AT_SPEED,flt,FALSE,up,TRUE,ig,0,o_pos,0,o_hw,0,o_i,NA,o_up,FALSE,why,NO_COG
[2026-09-19T17:36:26.515] Cog0  BM-TS,seq,2_326,tid,8,k,23,lt,FALSE,pos,9,hw,9,i,531,ph,2_448,d,16_275,e,33,st,AT_SPEED,flt,FALSE,up,TRUE,ig,0,o_pos,0,o_hw,0,o_i,NA,o_up,FALSE,why,NO_COG
[2026-09-19T17:36:26.518] Cog0  BM-TS,seq,2_327,tid,8,k,24,lt,FALSE,pos,9,hw,9,i,488,ph,2_761,d,16_250,e,50,st,AT_SPEED,flt,FALSE,up,TRUE,ig,0,o_pos,0,o_hw,0,o_i,NA,o_up,FALSE,why,NO_COG
[2026-09-19T17:36:26.519] Cog0  BM-TS,seq,2_328,tid,8,k,25,lt,FALSE,pos,9,hw,9,i,485,ph,2_474,d,16_308,e,68,st,AT_SPEED,flt,FALSE,up,TRUE,ig,0,o_pos,0,o_hw,0,o_i,NA,o_up,FALSE,why,NO_COG
[2026-09-19T17:36:26.521] Cog0  BM-TS,seq,2_329,tid,8,k,26,lt,FALSE,pos,10,hw,10,i,502,ph,2_119,d,16_248,e,43,st,AT_SPEED,flt,FALSE,up,TRUE,ig,0,o_pos,0,o_hw,0,o_i,NA,o_up,FALSE,why,NO_COG
[2026-09-19T17:36:26.523] Cog0  BM-TS,seq,2_330,tid,8,k,27,lt,FALSE,pos,10,hw,10,i,488,ph,2_130,d,16_253,e,60,st,AT_SPEED,flt,FALSE,up,TRUE,ig,0,o_pos,0,o_hw,0,o_i,NA,o_up,FALSE,why,NO_COG
[2026-09-19T17:36:26.525] Cog0  BM-TS,seq,2_331,tid,8,k,28,lt,FALSE,pos,11,hw,11,i,547,ph,2_409,d,16_279,e,35,st,AT_SPEED,flt,FALSE,up,TRUE,ig,0,o_pos,0,o_hw,0,o_i,NA,o_up,FALSE,why,NO_COG
[2026-09-19T17:36:26.527] Cog0  BM-TS,seq,2_332,tid,8,k,29,lt,FALSE,pos,11,hw,11,i,506,ph,2_727,d,16_234,e,48,st,AT_SPEED,flt,FALSE,up,TRUE,ig,0,o_pos,0,o_hw,0,o_i,NA,o_up,FALSE,why,NO_COG
[2026-09-19T17:36:26.528] Cog0  BM-TS,seq,2_333,tid,8,k,30,lt,FALSE,pos,11,hw,11,i,499,ph,2_522,d,16_296,e,66,st,AT_SPEED,flt,FALSE,up,TRUE,ig,0,o_pos,0,o_hw,0,o_i,NA,o_up,FALSE,why,NO_COG
[2026-09-19T17:36:26.531] Cog0  BM-TS,seq,2_334,tid,8,k,31,lt,FALSE,pos,12,hw,12,i,494,ph,2_166,d,16_242,e,41,st,AT_SPEED,flt,FALSE,up,TRUE,ig,0,o_pos,0,o_hw,0,o_i,NA,o_up,FALSE,why,NO_COG
[2026-09-19T17:36:26.534] Cog0  BM-TS,seq,2_335,tid,8,k,32,lt,FALSE,pos,12,hw,12,i,463,ph,2_094,d,16_239,e,58,st,AT_SPEED,flt,FALSE,up,TRUE,ig,0,o_pos,0,o_hw,0,o_i,NA,o_up,FALSE,why,NO_COG
[2026-09-19T17:36:26.535] Cog0  BM-TS,seq,2_336,tid,8,k,33,lt,FALSE,pos,13,hw,13,i,526,ph,2_449,d,16_282,e,33,st,AT_SPEED,flt,FALSE,up,TRUE,ig,0,o_pos,0,o_hw,0,o_i,NA,o_up,FALSE,why,NO_COG
[2026-09-19T17:36:26.537] Cog0  BM-TS,seq,2_337,tid,8,k,34,lt,FALSE,pos,13,hw,13,i,519,ph,2_684,d,16_240,e,46,st,AT_SPEED,flt,FALSE,up,TRUE,ig,0,o_pos,0,o_hw,0,o_i,NA,o_up,FALSE,why,NO_COG
[2026-09-19T17:36:26.539] Cog0  BM-TS,seq,2_338,tid,8,k,35,lt,FALSE,pos,13,hw,13,i,502,ph,2_554,d,16_282,e,64,st,AT_SPEED,flt,FALSE,up,TRUE,ig,0,o_pos,0,o_hw,0,o_i,NA,o_up,FALSE,why,NO_COG
[2026-09-19T17:36:26.541] Cog0  BM-TS,seq,2_339,tid,8,k,36,lt,FALSE,pos,14,hw,14,i,508,ph,2_196,d,16_246,e,39,st,AT_SPEED,flt,FALSE,up,TRUE,ig,0,o_pos,0,o_hw,0,o_i,NA,o_up,FALSE,why,NO_COG
[2026-09-19T17:36:26.543] Cog0  BM-TS,seq,2_340,tid,8,k,37,lt,FALSE,pos,14,hw,14,i,474,ph,2_063,d,16_238,e,56,st,AT_SPEED,flt,FALSE,up,TRUE,ig,0,o_pos,0,o_hw,0,o_i,NA,o_up,FALSE,why,NO_COG
[2026-09-19T17:36:26.545] Cog0  BM-TS,seq,2_341,tid,8,k,38,lt,FALSE,pos,15,hw,15,i,511,ph,2_412,d,16_294,e,31,st,AT_SPEED,flt,FALSE,up,TRUE,ig,0,o_pos,0,o_hw,0,o_i,NA,o_up,FALSE,why,NO_COG
[2026-09-19T17:36:26.547] Cog0  BM-TS,seq,2_342,tid,8,k,39,lt,FALSE,pos,15,hw,15,i,527,ph,2_722,d,16_232,e,49,st,AT_SPEED,flt,FALSE,up,TRUE,ig,0,o_pos,0,o_hw,0,o_i,NA,o_up,FALSE,why,NO_COG
[2026-09-19T17:36:26.549] Cog0  BM-TS,seq,2_343,tid,8,k,40,lt,FALSE,pos,15,hw,15,i,497,ph,2_596,d,16_277,e,62,st,AT_SPEED,flt,FALSE,up,TRUE,ig,0,o_pos,0,o_hw,0,o_i,NA,o_up,FALSE,why,NO_COG
[2026-09-19T17:36:26.551] Cog0  BM-TS,seq,2_344,tid,8,k,41,lt,FALSE,pos,16,hw,16,i,520,ph,2_241,d,16_245,e,37,st,AT_SPEED,flt,FALSE,up,TRUE,ig,0,o_pos,0,o_hw,0,o_i,NA,o_up,FALSE,why,NO_COG
[2026-09-19T17:36:26.553] Cog0  BM-TS,seq,2_345,tid,8,k,42,lt,FALSE,pos,16,hw,16,i,474,ph,2_028,d,16_217,e,54,st,AT_SPEED,flt,FALSE,up,TRUE,ig,0,o_pos,0,o_hw,0,o_i,NA,o_up,FALSE,why,NO_COG
[2026-09-19T17:36:26.555] Cog0  BM-TS,seq,2_346,tid,8,k,43,lt,FALSE,pos,17,hw,17,i,499,ph,2_373,d,16_291,e,29,st,AT_SPEED,flt,FALSE,up,TRUE,ig,0,o_pos,0,o_hw,0,o_i,NA,o_up,FALSE,why,NO_COG
[2026-09-19T17:36:26.557] Cog0  BM-TS,seq,2_347,tid,8,k,44,lt,FALSE,pos,17,hw,17,i,495,ph,2_691,d,16_232,e,46,st,AT_SPEED,flt,FALSE,up,TRUE,ig,0,o_pos,0,o_hw,0,o_i,NA,o_up,FALSE,why,NO_COG
[2026-09-19T17:36:26.559] Cog0  BM-TS,seq,2_348,tid,8,k,45,lt,FALSE,pos,17,hw,17,i,525,ph,2_636,d,16_257,e,64,st,AT_SPEED,flt,FALSE,up,TRUE,ig,0,o_pos,0,o_hw,0,o_i,NA,o_up,FALSE,why,NO_COG
[2026-09-19T17:36:26.561] Cog0  BM-TS,seq,2_349,tid,8,k,46,lt,FALSE,pos,18,hw,18,i,540,ph,2_276,d,16_263,e,34,st,AT_SPEED,flt,FALSE,up,TRUE,ig,0,o_pos,0,o_hw,0,o_i,NA,o_up,FALSE,why,NO_COG
[2026-09-19T17:36:26.563] Cog0  BM-TS,seq,2_350,tid,8,k,47,lt,FALSE,pos,18,hw,18,i,487,ph,1_998,d,16_238,e,52,st,AT_SPEED,flt,FALSE,up,TRUE,ig,0,o_pos,0,o_hw,0,o_i,NA,o_up,FALSE,why,NO_COG
[2026-09-19T17:36:26.565] Cog0  BM-TS,seq,2_351,tid,8,k,48,lt,FALSE,pos,18,hw,18,i,481,ph,2_304,d,16_297,e,70,st,AT_SPEED,flt,FALSE,up,TRUE,ig,0,o_pos,0,o_hw,0,o_i,NA,o_up,FALSE,why,NO_COG
[2026-09-19T17:36:26.567] Cog0  BM-TS,seq,2_352,tid,8,k,49,lt,FALSE,pos,19,hw,19,i,489,ph,2_659,d,16_224,e,44,st,AT_SPEED,flt,FALSE,up,TRUE,ig,0,o_pos,0,o_hw,0,o_i,NA,o_up,FALSE,why,NO_COG
[2026-09-19T17:36:26.569] Cog0  BM-TS,seq,2_353,tid,8,k,50,lt,FALSE,pos,19,hw,19,i,480,ph,2_591,d,16_252,e,62,st,AT_SPEED,flt,FALSE,up,TRUE,ig,0,o_pos,0,o_hw,0,o_i,NA,o_up,FALSE,why,NO_COG
[2026-09-19T17:36:26.571] Cog0  BM-TS,seq,2_354,tid,8,k,51,lt,FALSE,pos,20,hw,20,i,542,ph,2_311,d,16_184,e,37,st,SPIN_DN,flt,FALSE,up,TRUE,ig,0,o_pos,0,o_hw,0,o_i,NA,o_up,FALSE,why,NO_COG
[2026-09-19T17:36:26.573] Cog0  BM-TS,seq,2_355,tid,8,k,52,lt,FALSE,pos,20,hw,20,i,495,ph,2_015,d,16_104,e,50,st,SPIN_DN,flt,FALSE,up,TRUE,ig,0,o_pos,0,o_hw,0,o_i,NA,o_up,FALSE,why,NO_COG
[2026-09-19T17:36:26.575] Cog0  BM-TS,seq,2_356,tid,8,k,53,lt,FALSE,pos,20,hw,20,i,490,ph,2_260,d,16_056,e,67,st,SPIN_DN,flt,FALSE,up,TRUE,ig,0,o_pos,0,o_hw,0,o_i,NA,o_up,FALSE,why,NO_COG
[2026-09-19T17:36:26.577] Cog0  BM-TS,seq,2_357,tid,8,k,54,lt,FALSE,pos,21,hw,21,i,479,ph,2_604,d,15_949,e,42,st,SPIN_DN,flt,FALSE,up,TRUE,ig,0,o_pos,0,o_hw,0,o_i,NA,o_up,FALSE,why,NO_COG
[2026-09-19T17:36:26.579] Cog0  BM-TS,seq,2_358,tid,8,k,55,lt,FALSE,pos,21,hw,21,i,445,ph,2_636,d,15_905,e,59,st,SPIN_DN,flt,FALSE,up,TRUE,ig,0,o_pos,0,o_hw,0,o_i,NA,o_up,FALSE,why,NO_COG
[2026-09-19T17:36:26.581] Cog0  BM-TS,seq,2_359,tid,8,k,56,lt,FALSE,pos,22,hw,22,i,486,ph,2_293,d,15_833,e,34,st,SPIN_DN,flt,FALSE,up,TRUE,ig,0,o_pos,0,o_hw,0,o_i,NA,o_up,FALSE,why,NO_COG
[2026-09-19T17:36:26.583] Cog0  BM-TS,seq,2_360,tid,8,k,57,lt,FALSE,pos,22,hw,22,i,466,ph,2_066,d,15_759,e,47,st,SPIN_DN,flt,FALSE,up,TRUE,ig,0,o_pos,0,o_hw,0,o_i,NA,o_up,FALSE,why,NO_COG
[2026-09-19T17:36:26.585] Cog0  BM-TS,seq,2_361,tid,8,k,58,lt,FALSE,pos,22,hw,22,i,452,ph,2_202,d,15_715,e,64,st,SPIN_DN,flt,FALSE,up,TRUE,ig,0,o_pos,0,o_hw,0,o_i,NA,o_up,FALSE,why,NO_COG
[2026-09-19T17:36:26.587] Cog0  BM-TS,seq,2_362,tid,8,k,59,lt,FALSE,pos,23,hw,23,i,452,ph,2_549,d,15_615,e,38,st,SPIN_DN,flt,FALSE,up,TRUE,ig,0,o_pos,0,o_hw,0,o_i,NA,o_up,FALSE,why,NO_COG
[2026-09-19T17:36:26.589] Cog0  BM-TS,seq,2_363,tid,8,k,60,lt,FALSE,pos,23,hw,23,i,422,ph,2_694,d,15_563,e,55,st,SPIN_DN,flt,FALSE,up,TRUE,ig,0,o_pos,0,o_hw,0,o_i,NA,o_up,FALSE,why,NO_COG
[2026-09-19T17:36:26.592] Cog0  BM-TS,seq,2_364,tid,8,k,61,lt,FALSE,pos,24,hw,24,i,451,ph,2_368,d,15_511,e,30,st,SPIN_DN,flt,FALSE,up,TRUE,ig,0,o_pos,0,o_hw,0,o_i,NA,o_up,FALSE,why,NO_COG
[2026-09-19T17:36:26.593] Cog0  BM-TS,seq,2_365,tid,8,k,62,lt,FALSE,pos,24,hw,24,i,465,ph,2_074,d,15_407,e,47,st,SPIN_DN,flt,FALSE,up,TRUE,ig,0,o_pos,0,o_hw,0,o_i,NA,o_up,FALSE,why,NO_COG
[2026-09-19T17:36:26.595] Cog0  BM-TS,seq,2_366,tid,8,k,63,lt,FALSE,pos,24,hw,24,i,433,ph,2_141,d,15_374,e,60,st,SPIN_DN,flt,FALSE,up,TRUE,ig,0,o_pos,0,o_hw,0,o_i,NA,o_up,FALSE,why,NO_COG
[2026-09-19T17:36:26.597] Cog0  BM-TS,seq,2_367,tid,8,k,64,lt,FALSE,pos,25,hw,25,i,450,ph,2_456,d,15_294,e,34,st,SPIN_DN,flt,FALSE,up,TRUE,ig,0,o_pos,0,o_hw,0,o_i,NA,o_up,FALSE,why,NO_COG
[2026-09-19T17:36:26.599] Cog0  BM-TS,seq,2_368,tid,8,k,65,lt,FALSE,pos,25,hw,25,i,404,ph,2_736,d,15_223,e,51,st,SPIN_DN,flt,FALSE,up,TRUE,ig,0,o_pos,0,o_hw,0,o_i,NA,o_up,FALSE,why,NO_COG
[2026-09-19T17:36:26.601] Cog0  BM-TS,seq,2_369,tid,8,k,66,lt,FALSE,pos,25,hw,25,i,389,ph,2_479,d,15_179,e,67,st,SPIN_DN,flt,FALSE,up,TRUE,ig,0,o_pos,0,o_hw,0,o_i,NA,o_up,FALSE,why,NO_COG
[2026-09-19T17:36:26.603] Cog0  BM-TS,seq,2_370,tid,8,k,67,lt,FALSE,pos,26,hw,26,i,413,ph,2_158,d,15_076,e,42,st,SPIN_DN,flt,FALSE,up,TRUE,ig,0,o_pos,0,o_hw,0,o_i,NA,o_up,FALSE,why,NO_COG
[2026-09-19T17:36:26.605] Cog0  BM-TS,seq,2_371,tid,8,k,68,lt,FALSE,pos,26,hw,26,i,418,ph,2_053,d,15_032,e,58,st,SPIN_DN,flt,FALSE,up,TRUE,ig,0,o_pos,0,o_hw,0,o_i,NA,o_up,FALSE,why,NO_COG
[2026-09-19T17:36:26.607] Cog0  BM-TS,seq,2_372,tid,8,k,69,lt,FALSE,pos,27,hw,27,i,433,ph,2_357,d,14_990,e,28,st,SPIN_DN,flt,FALSE,up,TRUE,ig,0,o_pos,0,o_hw,0,o_i,NA,o_up,FALSE,why,NO_COG
[2026-09-19T17:36:26.609] Cog0  BM-TS,seq,2_373,tid,8,k,70,lt,FALSE,pos,27,hw,27,i,404,ph,2_645,d,14_878,e,45,st,SPIN_DN,flt,FALSE,up,TRUE,ig,0,o_pos,0,o_hw,0,o_i,NA,o_up,FALSE,why,NO_COG
[2026-09-19T17:36:26.611] Cog0  BM-TS,seq,2_374,tid,8,k,71,lt,FALSE,pos,27,hw,27,i,367,ph,2_578,d,14_834,e,61,st,SPIN_DN,flt,FALSE,up,TRUE,ig,0,o_pos,0,o_hw,0,o_i,NA,o_up,FALSE,why,NO_COG
[2026-09-19T17:36:26.613] Cog0  BM-TS,seq,2_375,tid,8,k,72,lt,FALSE,pos,28,hw,28,i,383,ph,2_274,d,14_757,e,35,st,SPIN_DN,flt,FALSE,up,TRUE,ig,0,o_pos,0,o_hw,0,o_i,NA,o_up,FALSE,why,NO_COG
[2026-09-19T17:36:26.615] Cog0  BM-TS,seq,2_376,tid,8,k,73,lt,FALSE,pos,28,hw,28,i,373,ph,2_021,d,14_677,e,52,st,SPIN_DN,flt,FALSE,up,TRUE,ig,0,o_pos,0,o_hw,0,o_i,NA,o_up,FALSE,why,NO_COG
[2026-09-19T17:36:26.616] Cog0  BM-TS,seq,2_377,tid,8,k,74,lt,FALSE,pos,28,hw,28,i,373,ph,2_216,d,14_633,e,68,st,SPIN_DN,flt,FALSE,up,TRUE,ig,0,o_pos,0,o_hw,0,o_i,NA,o_up,FALSE,why,NO_COG
[2026-09-19T17:36:26.619] Cog0  BM-TS,seq,2_378,tid,8,k,75,lt,FALSE,pos,29,hw,29,i,375,ph,2_528,d,14_551,e,38,st,SPIN_DN,flt,FALSE,up,TRUE,ig,0,o_pos,0,o_hw,0,o_i,NA,o_up,FALSE,why,NO_COG
[2026-09-19T17:36:26.621] Cog0  BM-TS,seq,2_379,tid,8,k,76,lt,FALSE,pos,29,hw,29,i,341,ph,2_692,d,14_504,e,54,st,SPIN_DN,flt,FALSE,up,TRUE,ig,0,o_pos,0,o_hw,0,o_i,NA,o_up,FALSE,why,NO_COG
[2026-09-19T17:36:26.623] Cog0  BM-TS,seq,2_380,tid,8,k,77,lt,FALSE,pos,29,hw,29,i,351,ph,2_423,d,14_460,e,70,st,SPIN_DN,flt,FALSE,up,TRUE,ig,0,o_pos,0,o_hw,0,o_i,NA,o_up,FALSE,why,NO_COG
[2026-09-19T17:36:26.625] Cog0  BM-TS,seq,2_381,tid,8,k,78,lt,FALSE,pos,30,hw,30,i,353,ph,2_132,d,14_341,e,44,st,SPIN_DN,flt,FALSE,up,TRUE,ig,0,o_pos,0,o_hw,0,o_i,NA,o_up,FALSE,why,NO_COG
[2026-09-19T17:36:26.627] Cog0  BM-TS,seq,2_382,tid,8,k,79,lt,FALSE,pos,30,hw,30,i,340,ph,2_161,d,14_297,e,60,st,SPIN_DN,flt,FALSE,up,TRUE,ig,0,o_pos,0,o_hw,0,o_i,NA,o_up,FALSE,why,NO_COG
[2026-09-19T17:36:26.629] Cog0  BM-TS,seq,2_383,tid,8,k,80,lt,FALSE,pos,31,hw,31,i,367,ph,2_393,d,14_246,e,30,st,SPIN_DN,flt,FALSE,up,TRUE,ig,0,o_pos,0,o_hw,0,o_i,NA,o_up,FALSE,why,NO_COG
[2026-09-19T17:36:26.631] Cog0  BM-TS,seq,2_384,tid,8,k,81,lt,FALSE,pos,31,hw,31,i,340,ph,2_646,d,14_158,e,46,st,SPIN_DN,flt,FALSE,up,TRUE,ig,0,o_pos,0,o_hw,0,o_i,NA,o_up,FALSE,why,NO_COG
[2026-09-19T17:36:26.633] Cog0  BM-TS,seq,2_385,tid,8,k,82,lt,FALSE,pos,31,hw,31,i,314,ph,2_568,d,14_114,e,62,st,SPIN_DN,flt,FALSE,up,TRUE,ig,0,o_pos,0,o_hw,0,o_i,NA,o_up,FALSE,why,NO_COG
[2026-09-19T17:36:26.635] Cog0  BM-TS,seq,2_386,tid,8,k,83,lt,FALSE,pos,32,hw,32,i,321,ph,2_277,d,14_036,e,35,st,SPIN_DN,flt,FALSE,up,TRUE,ig,0,o_pos,0,o_hw,0,o_i,NA,o_up,FALSE,why,NO_COG
[2026-09-19T17:36:26.637] Cog0  BM-TS,seq,2_387,tid,8,k,84,lt,FALSE,pos,32,hw,32,i,301,ph,2_029,d,13_958,e,51,st,SPIN_DN,flt,FALSE,up,TRUE,ig,0,o_pos,0,o_hw,0,o_i,NA,o_up,FALSE,why,NO_COG
[2026-09-19T17:36:26.639] Cog0  BM-TS,seq,2_388,tid,8,k,85,lt,FALSE,pos,32,hw,32,i,323,ph,2_278,d,13_914,e,67,st,SPIN_DN,flt,FALSE,up,TRUE,ig,0,o_pos,0,o_hw,0,o_i,NA,o_up,FALSE,why,NO_COG
[2026-09-19T17:36:26.641] Cog0  BM-TS,seq,2_389,tid,8,k,86,lt,FALSE,pos,33,hw,33,i,331,ph,2_493,d,13_835,e,37,st,SPIN_DN,flt,FALSE,up,TRUE,ig,0,o_pos,0,o_hw,0,o_i,NA,o_up,FALSE,why,NO_COG
[2026-09-19T17:36:26.643] Cog0  BM-TS,seq,2_390,tid,8,k,87,lt,FALSE,pos,33,hw,33,i,301,ph,2_700,d,13_768,e,52,st,SPIN_DN,flt,FALSE,up,TRUE,ig,0,o_pos,0,o_hw,0,o_i,NA,o_up,FALSE,why,NO_COG
[2026-09-19T17:36:26.645] Cog0  BM-TS,seq,2_391,tid,8,k,88,lt,FALSE,pos,33,hw,33,i,297,ph,2_468,d,13_724,e,68,st,SPIN_DN,flt,FALSE,up,TRUE,ig,0,o_pos,0,o_hw,0,o_i,NA,o_up,FALSE,why,NO_COG
[2026-09-19T17:36:26.647] Cog0  BM-TS,seq,2_392,tid,8,k,89,lt,FALSE,pos,34,hw,34,i,299,ph,2_181,d,13_610,e,41,st,SPIN_DN,flt,FALSE,up,TRUE,ig,0,o_pos,0,o_hw,0,o_i,NA,o_up,FALSE,why,NO_COG
[2026-09-19T17:36:26.649] Cog0  BM-TS,seq,2_393,tid,8,k,90,lt,FALSE,pos,34,hw,34,i,278,ph,2_124,d,13_553,e,57,st,SPIN_DN,flt,FALSE,up,TRUE,ig,0,o_pos,0,o_hw,0,o_i,NA,o_up,FALSE,why,NO_COG
[2026-09-19T17:36:26.651] Cog0  BM-TS,seq,2_394,tid,8,k,91,lt,FALSE,pos,34,hw,34,i,305,ph,2_309,d,13_509,e,73,st,SPIN_DN,flt,FALSE,up,TRUE,ig,0,o_pos,0,o_hw,0,o_i,NA,o_up,FALSE,why,NO_COG
[2026-09-19T17:36:26.653] Cog0  BM-TS,seq,2_395,tid,8,k,92,lt,FALSE,pos,35,hw,35,i,300,ph,2_576,d,13_418,e,42,st,SPIN_DN,flt,FALSE,up,TRUE,ig,0,o_pos,0,o_hw,0,o_i,NA,o_up,FALSE,why,NO_COG
[2026-09-19T17:36:26.655] Cog0  BM-TS,seq,2_396,tid,8,k,93,lt,FALSE,pos,35,hw,35,i,258,ph,2_619,d,13_374,e,57,st,SPIN_DN,flt,FALSE,up,TRUE,ig,0,o_pos,0,o_hw,0,o_i,NA,o_up,FALSE,why,NO_COG
[2026-09-19T17:36:26.657] Cog0  BM-TS,seq,2_397,tid,8,k,94,lt,FALSE,pos,36,hw,36,i,273,ph,2_368,d,13_329,e,30,st,SPIN_DN,flt,FALSE,up,TRUE,ig,0,o_pos,0,o_hw,0,o_i,NA,o_up,FALSE,why,NO_COG
[2026-09-19T17:36:26.659] Cog0  BM-TS,seq,2_398,tid,8,k,95,lt,FALSE,pos,36,hw,36,i,263,ph,2_131,d,13_231,e,46,st,SPIN_DN,flt,FALSE,up,TRUE,ig,0,o_pos,0,o_hw,0,o_i,NA,o_up,FALSE,why,NO_COG
[2026-09-19T17:36:26.661] Cog0  BM-TS,seq,2_399,tid,8,k,96,lt,FALSE,pos,36,hw,36,i,249,ph,2_180,d,13_187,e,61,st,SPIN_DN,flt,FALSE,up,TRUE,ig,0,o_pos,0,o_hw,0,o_i,NA,o_up,FALSE,why,NO_COG
[2026-09-19T17:36:26.663] Cog0  BM-TS,seq,2_400,tid,8,k,97,lt,FALSE,pos,37,hw,37,i,290,ph,2_399,d,13_130,e,34,st,SPIN_DN,flt,FALSE,up,TRUE,ig,0,o_pos,0,o_hw,0,o_i,NA,o_up,FALSE,why,NO_COG
[2026-09-19T17:36:26.665] Cog0  BM-TS,seq,2_401,tid,8,k,98,lt,FALSE,pos,37,hw,37,i,269,ph,2_620,d,13_053,e,45,st,SPIN_DN,flt,FALSE,up,TRUE,ig,0,o_pos,0,o_hw,0,o_i,NA,o_up,FALSE,why,NO_COG
[2026-09-19T17:36:26.667] Cog0  BM-TS,seq,2_402,tid,8,k,99,lt,FALSE,pos,37,hw,37,i,241,ph,2_574,d,13_009,e,61,st,SPIN_DN,flt,FALSE,up,TRUE,ig,0,o_pos,0,o_hw,0,o_i,NA,o_up,FALSE,why,NO_COG
[2026-09-19T17:36:26.669] Cog0  BM-TS,seq,2_403,tid,8,k,100,lt,FALSE,pos,38,hw,38,i,251,ph,2_312,d,12_949,e,33,st,SPIN_DN,flt,FALSE,up,TRUE,ig,0,o_pos,0,o_hw,0,o_i,NA,o_up,FALSE,why,NO_COG
[2026-09-19T17:36:26.671] Cog0  BM-TS,seq,2_404,tid,8,k,101,lt,FALSE,pos,38,hw,38,i,239,ph,2_098,d,12_850,e,49,st,SPIN_DN,flt,FALSE,up,TRUE,ig,0,o_pos,0,o_hw,0,o_i,NA,o_up,FALSE,why,NO_COG
[2026-09-19T17:36:26.673] Cog0  BM-TS,seq,2_405,tid,8,k,102,lt,FALSE,pos,38,hw,38,i,232,ph,2_226,d,12_806,e,64,st,SPIN_DN,flt,FALSE,up,TRUE,ig,0,o_pos,0,o_hw,0,o_i,NA,o_up,FALSE,why,NO_COG
[2026-09-19T17:36:26.675] Cog0  BM-TS,seq,2_406,tid,8,k,103,lt,FALSE,pos,39,hw,39,i,249,ph,2_429,d,12_760,e,32,st,SPIN_DN,flt,FALSE,up,TRUE,ig,0,o_pos,0,o_hw,0,o_i,NA,o_up,FALSE,why,NO_COG
[2026-09-19T17:36:26.677] Cog0  BM-TS,seq,2_407,tid,8,k,104,lt,FALSE,pos,39,hw,39,i,231,ph,2_640,d,12_672,e,47,st,SPIN_DN,flt,FALSE,up,TRUE,ig,0,o_pos,0,o_hw,0,o_i,NA,o_up,FALSE,why,NO_COG
[2026-09-19T17:36:26.679] Cog0  BM-TS,seq,2_408,tid,8,k,105,lt,FALSE,pos,39,hw,39,i,209,ph,2_543,d,12_628,e,63,st,SPIN_DN,flt,FALSE,up,TRUE,ig,0,o_pos,0,o_hw,0,o_i,NA,o_up,FALSE,why,NO_COG
[2026-09-19T17:36:26.681] Cog0  BM-TS,seq,2_409,tid,8,k,106,lt,FALSE,pos,40,hw,40,i,222,ph,2_295,d,12_555,e,35,st,SPIN_DN,flt,FALSE,up,TRUE,ig,0,o_pos,0,o_hw,0,o_i,NA,o_up,FALSE,why,NO_COG
[2026-09-19T17:36:26.683] Cog0  BM-TS,seq,2_410,tid,8,k,107,lt,FALSE,pos,40,hw,40,i,217,ph,2_081,d,12_481,e,50,st,SPIN_DN,flt,FALSE,up,TRUE,ig,0,o_pos,0,o_hw,0,o_i,NA,o_up,FALSE,why,NO_COG
[2026-09-19T17:36:26.685] Cog0  BM-TS,seq,2_411,tid,8,k,108,lt,FALSE,pos,40,hw,40,i,218,ph,2_250,d,12_441,e,65,st,SPIN_DN,flt,FALSE,up,TRUE,ig,0,o_pos,0,o_hw,0,o_i,NA,o_up,FALSE,why,NO_COG
[2026-09-19T17:36:26.687] Cog0  BM-TS,seq,2_412,tid,8,k,109,lt,FALSE,pos,41,hw,41,i,224,ph,2_436,d,12_380,e,33,st,SPIN_DN,flt,FALSE,up,TRUE,ig,0,o_pos,0,o_hw,0,o_i,NA,o_up,FALSE,why,NO_COG
[2026-09-19T17:36:26.689] Cog0  BM-TS,seq,2_413,tid,8,k,110,lt,FALSE,pos,41,hw,41,i,210,ph,2_638,d,12_295,e,48,st,SPIN_DN,flt,FALSE,up,TRUE,ig,0,o_pos,0,o_hw,0,o_i,NA,o_up,FALSE,why,NO_COG
[2026-09-19T17:36:26.691] Cog0  BM-TS,seq,2_414,tid,8,k,111,lt,FALSE,pos,41,hw,41,i,189,ph,2_533,d,12_255,e,63,st,SPIN_DN,flt,FALSE,up,TRUE,ig,0,o_pos,0,o_hw,0,o_i,NA,o_up,FALSE,why,NO_COG
[2026-09-19T17:36:26.693] Cog0  BM-TS,seq,2_415,tid,8,k,112,lt,FALSE,pos,42,hw,42,i,201,ph,2_299,d,12_193,e,35,st,SPIN_DN,flt,FALSE,up,TRUE,ig,0,o_pos,0,o_hw,0,o_i,NA,o_up,FALSE,why,NO_COG
[2026-09-19T17:36:26.695] Cog0  BM-TS,seq,2_416,tid,8,k,113,lt,FALSE,pos,42,hw,42,i,191,ph,2_096,d,12_118,e,49,st,SPIN_DN,flt,FALSE,up,TRUE,ig,0,o_pos,0,o_hw,0,o_i,NA,o_up,FALSE,why,NO_COG
[2026-09-19T17:36:26.697] Cog0  BM-TS,seq,2_417,tid,8,k,114,lt,FALSE,pos,42,hw,42,i,191,ph,2_194,d,12_078,e,64,st,SPIN_DN,flt,FALSE,up,TRUE,ig,0,o_pos,0,o_hw,0,o_i,NA,o_up,FALSE,why,NO_COG
[2026-09-19T17:36:26.699] Cog0  BM-TS,seq,2_418,tid,8,k,115,lt,FALSE,pos,43,hw,43,i,204,ph,2_426,d,12_036,e,32,st,SPIN_DN,flt,FALSE,up,TRUE,ig,0,o_pos,0,o_hw,0,o_i,NA,o_up,FALSE,why,NO_COG
[2026-09-19T17:36:26.701] Cog0  BM-TS,seq,2_419,tid,8,k,116,lt,FALSE,pos,43,hw,43,i,193,ph,2_611,d,11_950,e,47,st,SPIN_DN,flt,FALSE,up,TRUE,ig,0,o_pos,0,o_hw,0,o_i,NA,o_up,FALSE,why,NO_COG
[2026-09-19T17:36:26.703] Cog0  BM-TS,seq,2_420,tid,8,k,117,lt,FALSE,pos,43,hw,43,i,172,ph,2_545,d,11_910,e,61,st,SPIN_DN,flt,FALSE,up,TRUE,ig,0,o_pos,0,o_hw,0,o_i,NA,o_up,FALSE,why,NO_COG
[2026-09-19T17:36:26.705] Cog0  BM-TS,seq,2_421,tid,8,k,118,lt,FALSE,pos,44,hw,44,i,182,ph,2_316,d,11_853,e,33,st,SPIN_DN,flt,FALSE,up,TRUE,ig,0,o_pos,0,o_hw,0,o_i,NA,o_up,FALSE,why,NO_COG
[2026-09-19T17:36:26.707] Cog0  BM-TS,seq,2_422,tid,8,k,119,lt,FALSE,pos,44,hw,44,i,183,ph,2_130,d,11_755,e,48,st,SPIN_DN,flt,FALSE,up,TRUE,ig,0,o_pos,0,o_hw,0,o_i,NA,o_up,FALSE,why,NO_COG
[2026-09-19T17:36:26.709] Cog0  BM-TS,seq,2_423,tid,8,k,120,lt,FALSE,pos,44,hw,44,i,176,ph,2_173,d,11_715,e,62,st,SPIN_DN,flt,FALSE,up,TRUE,ig,0,o_pos,0,o_hw,0,o_i,NA,o_up,FALSE,why,NO_COG
[2026-09-19T17:36:26.711] Cog0  BM-TS,seq,2_424,tid,8,k,121,lt,FALSE,pos,44,hw,44,i,185,ph,2_377,d,11_685,e,73,st,SPIN_DN,flt,FALSE,up,TRUE,ig,0,o_pos,0,o_hw,0,o_i,NA,o_up,FALSE,why,NO_COG
[2026-09-19T17:36:26.713] Cog0  BM-TS,seq,2_425,tid,8,k,122,lt,FALSE,pos,45,hw,45,i,173,ph,2_579,d,11_579,e,44,st,SPIN_DN,flt,FALSE,up,TRUE,ig,0,o_pos,0,o_hw,0,o_i,NA,o_up,FALSE,why,NO_COG
[2026-09-19T17:36:26.715] Cog0  BM-TS,seq,2_426,tid,8,k,123,lt,FALSE,pos,45,hw,45,i,147,ph,2_585,d,11_539,e,58,st,SPIN_DN,flt,FALSE,up,TRUE,ig,0,o_pos,0,o_hw,0,o_i,NA,o_up,FALSE,why,NO_COG
[2026-09-19T17:36:26.717] Cog0  BM-TS,seq,2_427,tid,8,k,124,lt,FALSE,pos,45,hw,45,i,153,ph,2_385,d,11_499,e,73,st,SPIN_DN,flt,FALSE,up,TRUE,ig,0,o_pos,0,o_hw,0,o_i,NA,o_up,FALSE,why,NO_COG
[2026-09-19T17:36:26.719] Cog0  BM-TS,seq,2_428,tid,8,k,125,lt,FALSE,pos,46,hw,46,i,164,ph,2_177,d,11_395,e,44,st,SPIN_DN,flt,FALSE,up,TRUE,ig,0,o_pos,0,o_hw,0,o_i,NA,o_up,FALSE,why,NO_COG
[2026-09-19T17:36:26.721] Cog0  BM-TS,seq,2_429,tid,8,k,126,lt,FALSE,pos,46,hw,46,i,158,ph,2_128,d,11_365,e,55,st,SPIN_DN,flt,FALSE,up,TRUE,ig,0,o_pos,0,o_hw,0,o_i,NA,o_up,FALSE,why,NO_COG
[2026-09-19T17:36:26.723] Cog0  BM-TS,seq,2_430,tid,8,k,127,lt,FALSE,pos,46,hw,46,i,155,ph,2_310,d,11_325,e,69,st,SPIN_DN,flt,FALSE,up,TRUE,ig,0,o_pos,0,o_hw,0,o_i,NA,o_up,FALSE,why,NO_COG
[2026-09-19T17:36:26.726] Cog0  BM-TS,seq,2_431,tid,8,k,128,lt,FALSE,pos,47,hw,47,i,153,ph,2_525,d,11_226,e,40,st,SPIN_DN,flt,FALSE,up,TRUE,ig,0,o_pos,0,o_hw,0,o_i,NA,o_up,FALSE,why,NO_COG
[2026-09-19T17:36:26.728] Cog0  BM-TS,seq,2_432,tid,8,k,129,lt,FALSE,pos,47,hw,47,i,141,ph,2_632,d,11_178,e,54,st,SPIN_DN,flt,FALSE,up,TRUE,ig,0,o_pos,0,o_hw,0,o_i,NA,o_up,FALSE,why,NO_COG
[2026-09-19T17:36:26.729] Cog0  BM-TS,seq,2_433,tid,8,k,130,lt,FALSE,pos,47,hw,47,i,134,ph,2_461,d,11_138,e,68,st,SPIN_DN,flt,FALSE,up,TRUE,ig,0,o_pos,0,o_hw,0,o_i,NA,o_up,FALSE,why,NO_COG
[2026-09-19T17:36:26.731] Cog0  BM-TS,seq,2_434,tid,8,k,131,lt,FALSE,pos,48,hw,48,i,153,ph,2_249,d,11_067,e,39,st,SPIN_DN,flt,FALSE,up,TRUE,ig,0,o_pos,0,o_hw,0,o_i,NA,o_up,FALSE,why,NO_COG
[2026-09-19T17:36:26.734] Cog0  BM-TS,seq,2_435,tid,8,k,132,lt,FALSE,pos,48,hw,48,i,143,ph,2_131,d,11_017,e,49,st,SPIN_DN,flt,FALSE,up,TRUE,ig,0,o_pos,0,o_hw,0,o_i,NA,o_up,FALSE,why,NO_COG
[2026-09-19T17:36:26.735] Cog0  BM-TS,seq,2_436,tid,8,k,133,lt,FALSE,pos,48,hw,48,i,125,ph,2_233,d,10_977,e,63,st,SPIN_DN,flt,FALSE,up,TRUE,ig,0,o_pos,0,o_hw,0,o_i,NA,o_up,FALSE,why,NO_COG
[2026-09-19T17:36:26.738] Cog0  BM-TS,seq,2_437,tid,8,k,134,lt,FALSE,pos,49,hw,49,i,133,ph,2_438,d,10_935,e,34,st,SPIN_DN,flt,FALSE,up,TRUE,ig,0,o_pos,0,o_hw,0,o_i,NA,o_up,FALSE,why,NO_COG
[2026-09-19T17:36:26.739] Cog0  BM-TS,seq,2_438,tid,8,k,135,lt,FALSE,pos,49,hw,49,i,124,ph,2_608,d,10_842,e,48,st,SPIN_DN,flt,FALSE,up,TRUE,ig,0,o_pos,0,o_hw,0,o_i,NA,o_up,FALSE,why,NO_COG
[2026-09-19T17:36:26.741] Cog0  BM-TS,seq,2_439,tid,8,k,136,lt,FALSE,pos,49,hw,49,i,116,ph,2_536,d,10_802,e,61,st,SPIN_DN,flt,FALSE,up,TRUE,ig,0,o_pos,0,o_hw,0,o_i,NA,o_up,FALSE,why,NO_COG
[2026-09-19T17:36:26.744] Cog0  BM-TS,seq,2_440,tid,8,k,137,lt,FALSE,pos,50,hw,50,i,136,ph,2_402,d,10_761,e,32,st,SPIN_DN,flt,FALSE,up,TRUE,ig,0,o_pos,0,o_hw,0,o_i,NA,o_up,FALSE,why,NO_COG
[2026-09-19T17:36:26.745] Cog0  BM-TS,seq,2_441,tid,8,k,138,lt,FALSE,pos,50,hw,50,i,133,ph,2_208,d,10_666,e,42,st,SPIN_DN,flt,FALSE,up,TRUE,ig,0,o_pos,0,o_hw,0,o_i,NA,o_up,FALSE,why,NO_COG
[2026-09-19T17:36:26.748] Cog0  BM-TS,seq,2_442,tid,8,k,139,lt,FALSE,pos,50,hw,50,i,123,ph,2_157,d,10_626,e,56,st,SPIN_DN,flt,FALSE,up,TRUE,ig,0,o_pos,0,o_hw,0,o_i,NA,o_up,FALSE,why,NO_COG
[2026-09-19T17:36:26.750] Cog0  BM-TS,seq,2_443,tid,8,k,140,lt,FALSE,pos,50,hw,50,i,117,ph,2_319,d,10_586,e,69,st,SPIN_DN,flt,FALSE,up,TRUE,ig,0,o_pos,0,o_hw,0,o_i,NA,o_up,FALSE,why,NO_COG
[2026-09-19T17:36:26.752] Cog0  BM-TS,seq,2_444,tid,8,k,141,lt,FALSE,pos,51,hw,51,i,116,ph,2_509,d,10_495,e,40,st,SPIN_DN,flt,FALSE,up,TRUE,ig,0,o_pos,0,o_hw,0,o_i,NA,o_up,FALSE,why,NO_COG
[2026-09-19T17:36:26.754] Cog0  BM-TS,seq,2_445,tid,8,k,142,lt,FALSE,pos,51,hw,51,i,114,ph,2_619,d,10_441,e,53,st,SPIN_DN,flt,FALSE,up,TRUE,ig,0,o_pos,0,o_hw,0,o_i,NA,o_up,FALSE,why,NO_COG
[2026-09-19T17:36:26.756] Cog0  BM-TS,seq,2_446,tid,8,k,143,lt,FALSE,pos,51,hw,51,i,111,ph,2_506,d,10_401,e,67,st,SPIN_DN,flt,FALSE,up,TRUE,ig,0,o_pos,0,o_hw,0,o_i,NA,o_up,FALSE,why,NO_COG
[2026-09-19T17:36:26.757] Cog0  BM-TS,seq,2_447,tid,8,k,144,lt,FALSE,pos,52,hw,52,i,118,ph,2_320,d,10_355,e,34,st,SPIN_DN,flt,FALSE,up,TRUE,ig,0,o_pos,0,o_hw,0,o_i,NA,o_up,FALSE,why,NO_COG
[2026-09-19T17:36:26.760] Cog0  BM-TS,seq,2_448,tid,8,k,145,lt,FALSE,pos,52,hw,52,i,103,ph,2_166,d,10_268,e,47,st,SPIN_DN,flt,FALSE,up,TRUE,ig,0,o_pos,0,o_hw,0,o_i,NA,o_up,FALSE,why,NO_COG
[2026-09-19T17:36:26.762] Cog0  BM-TS,seq,2_449,tid,8,k,146,lt,FALSE,pos,52,hw,52,i,89,ph,2_216,d,10_228,e,60,st,SPIN_DN,flt,FALSE,up,TRUE,ig,0,o_pos,0,o_hw,0,o_i,NA,o_up,FALSE,why,NO_COG
[2026-09-19T17:36:26.763] Cog0  BM-TS,seq,2_450,tid,8,k,147,lt,FALSE,pos,52,hw,52,i,97,ph,2_380,d,10_188,e,74,st,SPIN_DN,flt,FALSE,up,TRUE,ig,0,o_pos,0,o_hw,0,o_i,NA,o_up,FALSE,why,NO_COG
[2026-09-19T17:36:26.766] Cog0  BM-TS,seq,2_451,tid,8,k,148,lt,FALSE,pos,53,hw,53,i,102,ph,2_550,d,10_076,e,44,st,SPIN_DN,flt,FALSE,up,TRUE,ig,0,o_pos,0,o_hw,0,o_i,NA,o_up,FALSE,why,NO_COG
[2026-09-19T17:36:26.767] Cog0  BM-TS,seq,2_452,tid,8,k,149,lt,FALSE,pos,53,hw,53,i,100,ph,2_612,d,10_046,e,54,st,SPIN_DN,flt,FALSE,up,TRUE,ig,0,o_pos,0,o_hw,0,o_i,NA,o_up,FALSE,why,NO_COG
[2026-09-19T17:36:26.770] Cog0  BM-TS,seq,2_453,tid,8,k,150,lt,FALSE,pos,53,hw,53,i,94,ph,2_463,d,10_006,e,67,st,SPIN_DN,flt,FALSE,up,TRUE,ig,0,o_pos,0,o_hw,0,o_i,NA,o_up,FALSE,why,NO_COG
[2026-09-19T17:36:26.772] Cog0  BM-TS,seq,2_454,tid,8,k,151,lt,FALSE,pos,54,hw,54,i,96,ph,2_285,d,9_934,e,37,st,SPIN_DN,flt,FALSE,up,TRUE,ig,0,o_pos,0,o_hw,0,o_i,NA,o_up,FALSE,why,NO_COG
[2026-09-19T17:36:26.773] Cog0  BM-TS,seq,2_455,tid,8,k,152,lt,FALSE,pos,54,hw,54,i,87,ph,2_145,d,9_864,e,50,st,SPIN_DN,flt,FALSE,up,TRUE,ig,0,o_pos,0,o_hw,0,o_i,NA,o_up,FALSE,why,NO_COG
[2026-09-19T17:36:26.776] Cog0  BM-TS,seq,2_456,tid,8,k,153,lt,FALSE,pos,54,hw,54,i,78,ph,2_253,d,9_824,e,63,st,SPIN_DN,flt,FALSE,up,TRUE,ig,0,o_pos,0,o_hw,0,o_i,NA,o_up,FALSE,why,NO_COG
[2026-09-19T17:36:26.778] Cog0  BM-TS,seq,2_457,tid,8,k,154,lt,FALSE,pos,54,hw,54,i,92,ph,2_403,d,9_784,e,76,st,SPIN_DN,flt,FALSE,up,TRUE,ig,0,o_pos,0,o_hw,0,o_i,NA,o_up,FALSE,why,NO_COG
[2026-09-19T17:36:26.779] Cog0  BM-TS,seq,2_458,tid,8,k,155,lt,FALSE,pos,55,hw,55,i,90,ph,2_533,d,9_710,e,42,st,SPIN_DN,flt,FALSE,up,TRUE,ig,0,o_pos,0,o_hw,0,o_i,NA,o_up,FALSE,why,NO_COG
[2026-09-19T17:36:26.782] Cog0  BM-TS,seq,2_459,tid,8,k,156,lt,FALSE,pos,55,hw,55,i,80,ph,2_587,d,9_670,e,55,st,SPIN_DN,flt,FALSE,up,TRUE,ig,0,o_pos,0,o_hw,0,o_i,NA,o_up,FALSE,why,NO_COG
[2026-09-19T17:36:26.784] Cog0  BM-TS,seq,2_460,tid,8,k,157,lt,FALSE,pos,55,hw,55,i,65,ph,2_445,d,9_630,e,68,st,SPIN_DN,flt,FALSE,up,TRUE,ig,0,o_pos,0,o_hw,0,o_i,NA,o_up,FALSE,why,NO_COG
[2026-09-19T17:36:26.785] Cog0  BM-TS,seq,2_461,tid,8,k,158,lt,FALSE,pos,56,hw,56,i,76,ph,2_279,d,9_547,e,38,st,SPIN_DN,flt,FALSE,up,TRUE,ig,0,o_pos,0,o_hw,0,o_i,NA,o_up,FALSE,why,NO_COG
[2026-09-19T17:36:26.788] Cog0  BM-TS,seq,2_462,tid,8,k,159,lt,FALSE,pos,56,hw,56,i,73,ph,2_141,d,9_476,e,50,st,SPIN_DN,flt,FALSE,up,TRUE,ig,0,o_pos,0,o_hw,0,o_i,NA,o_up,FALSE,why,NO_COG
[2026-09-19T17:36:26.789] Cog0  BM-TS,seq,2_463,tid,8,k,160,lt,FALSE,pos,56,hw,56,i,73,ph,2_215,d,9_440,e,63,st,SPIN_DN,flt,FALSE,up,TRUE,ig,0,o_pos,0,o_hw,0,o_i,NA,o_up,FALSE,why,NO_COG
[2026-09-19T17:36:26.791] Cog0  BM-TS,seq,2_464,tid,8,k,161,lt,FALSE,pos,56,hw,56,i,79,ph,2_361,d,9_413,e,72,st,SPIN_DN,flt,FALSE,up,TRUE,ig,0,o_pos,0,o_hw,0,o_i,NA,o_up,FALSE,why,NO_COG
[2026-09-19T17:36:26.793] Cog0  BM-TS,seq,2_465,tid,8,k,162,lt,FALSE,pos,57,hw,57,i,77,ph,2_517,d,9_332,e,42,st,SPIN_DN,flt,FALSE,up,TRUE,ig,0,o_pos,0,o_hw,0,o_i,NA,o_up,FALSE,why,NO_COG
[2026-09-19T17:36:26.795] Cog0  BM-TS,seq,2_466,tid,8,k,163,lt,FALSE,pos,57,hw,57,i,67,ph,2_584,d,9_296,e,54,st,SPIN_DN,flt,FALSE,up,TRUE,ig,0,o_pos,0,o_hw,0,o_i,NA,o_up,FALSE,why,NO_COG
[2026-09-19T17:36:26.797] Cog0  BM-TS,seq,2_467,tid,8,k,164,lt,FALSE,pos,57,hw,57,i,59,ph,2_458,d,9_260,e,67,st,SPIN_DN,flt,FALSE,up,TRUE,ig,0,o_pos,0,o_hw,0,o_i,NA,o_up,FALSE,why,NO_COG
[2026-09-19T17:36:26.799] Cog0  BM-TS,seq,2_468,tid,8,k,165,lt,FALSE,pos,58,hw,58,i,71,ph,2_292,d,9_222,e,36,st,SPIN_DN,flt,FALSE,up,TRUE,ig,0,o_pos,0,o_hw,0,o_i,NA,o_up,FALSE,why,NO_COG
[2026-09-19T17:36:26.801] Cog0  BM-TS,seq,2_469,tid,8,k,166,lt,FALSE,pos,58,hw,58,i,68,ph,2_196,d,9_147,e,49,st,SPIN_DN,flt,FALSE,up,TRUE,ig,0,o_pos,0,o_hw,0,o_i,NA,o_up,FALSE,why,NO_COG
[2026-09-19T17:36:26.802] Cog0  BM-TS,seq,2_470,tid,8,k,167,lt,FALSE,pos,58,hw,58,i,60,ph,2_211,d,9_120,e,58,st,SPIN_DN,flt,FALSE,up,TRUE,ig,0,o_pos,0,o_hw,0,o_i,NA,o_up,FALSE,why,NO_COG
[2026-09-19T17:36:26.805] Cog0  BM-TS,seq,2_471,tid,8,k,168,lt,FALSE,pos,58,hw,58,i,54,ph,2_330,d,9_084,e,70,st,SPIN_DN,flt,FALSE,up,TRUE,ig,0,o_pos,0,o_hw,0,o_i,NA,o_up,FALSE,why,NO_COG
[2026-09-19T17:36:26.807] Cog0  BM-TS,seq,2_472,tid,8,k,169,lt,FALSE,pos,59,hw,59,i,59,ph,2_491,d,9_004,e,39,st,SPIN_DN,flt,FALSE,up,TRUE,ig,0,o_pos,0,o_hw,0,o_i,NA,o_up,FALSE,why,NO_COG
[2026-09-19T17:36:26.809] Cog0  BM-TS,seq,2_473,tid,8,k,170,lt,FALSE,pos,59,hw,59,i,51,ph,2_601,d,8_958,e,51,st,SPIN_DN,flt,FALSE,up,TRUE,ig,0,o_pos,0,o_hw,0,o_i,NA,o_up,FALSE,why,NO_COG
[2026-09-19T17:36:26.811] Cog0  BM-TS,seq,2_474,tid,8,k,171,lt,FALSE,pos,59,hw,59,i,51,ph,2_493,d,8_922,e,63,st,SPIN_DN,flt,FALSE,up,TRUE,ig,0,o_pos,0,o_hw,0,o_i,NA,o_up,FALSE,why,NO_COG
[2026-09-19T17:36:26.813] Cog0  BM-TS,seq,2_475,tid,8,k,172,lt,FALSE,pos,59,hw,59,i,61,ph,2_392,d,8_895,e,72,st,SPIN_DN,flt,FALSE,up,TRUE,ig,0,o_pos,0,o_hw,0,o_i,NA,o_up,FALSE,why,NO_COG
[2026-09-19T17:36:26.815] Cog0  BM-TS,seq,2_476,tid,8,k,173,lt,FALSE,pos,60,hw,60,i,59,ph,2_246,d,8_813,e,42,st,SPIN_DN,flt,FALSE,up,TRUE,ig,0,o_pos,0,o_hw,0,o_i,NA,o_up,FALSE,why,NO_COG
[2026-09-19T17:36:26.817] Cog0  BM-TS,seq,2_477,tid,8,k,174,lt,FALSE,pos,60,hw,60,i,54,ph,2_168,d,8_777,e,54,st,SPIN_DN,flt,FALSE,up,TRUE,ig,0,o_pos,0,o_hw,0,o_i,NA,o_up,FALSE,why,NO_COG
[2026-09-19T17:36:26.819] Cog0  BM-TS,seq,2_478,tid,8,k,175,lt,FALSE,pos,60,hw,60,i,44,ph,2_279,d,8_741,e,65,st,SPIN_DN,flt,FALSE,up,TRUE,ig,0,o_pos,0,o_hw,0,o_i,NA,o_up,FALSE,why,NO_COG
[2026-09-19T17:36:26.821] Cog0  BM-TS,seq,2_479,tid,8,k,176,lt,FALSE,pos,60,hw,60,i,55,ph,2_413,d,8_705,e,77,st,SPIN_DN,flt,FALSE,up,TRUE,ig,0,o_pos,0,o_hw,0,o_i,NA,o_up,FALSE,why,NO_COG
[2026-09-19T17:36:26.823] Cog0  BM-TS,seq,2_480,tid,8,k,177,lt,FALSE,pos,61,hw,61,i,50,ph,2_544,d,8_618,e,46,st,SPIN_DN,flt,FALSE,up,TRUE,ig,0,o_pos,0,o_hw,0,o_i,NA,o_up,FALSE,why,NO_COG
[2026-09-19T17:36:26.825] Cog0  BM-TS,seq,2_481,tid,8,k,178,lt,FALSE,pos,61,hw,61,i,48,ph,2_563,d,8_591,e,55,st,SPIN_DN,flt,FALSE,up,TRUE,ig,0,o_pos,0,o_hw,0,o_i,NA,o_up,FALSE,why,NO_COG
[2026-09-19T17:36:26.827] Cog0  BM-TS,seq,2_482,tid,8,k,179,lt,FALSE,pos,61,hw,61,i,44,ph,2_455,d,8_555,e,67,st,SPIN_DN,flt,FALSE,up,TRUE,ig,0,o_pos,0,o_hw,0,o_i,NA,o_up,FALSE,why,NO_COG
[2026-09-19T17:36:26.829] Cog0  BM-TS,seq,2_483,tid,8,k,180,lt,FALSE,pos,62,hw,62,i,49,ph,2_321,d,8_496,e,36,st,SPIN_DN,flt,FALSE,up,TRUE,ig,0,o_pos,0,o_hw,0,o_i,NA,o_up,FALSE,why,NO_COG
[2026-09-19T17:36:26.831] Cog0  BM-TS,seq,2_484,tid,8,k,181,lt,FALSE,pos,62,hw,62,i,40,ph,2_193,d,8_430,e,47,st,SPIN_DN,flt,FALSE,up,TRUE,ig,0,o_pos,0,o_hw,0,o_i,NA,o_up,FALSE,why,NO_COG
[2026-09-19T17:36:26.833] Cog0  BM-TS,seq,2_485,tid,8,k,182,lt,FALSE,pos,62,hw,62,i,37,ph,2_229,d,8_394,e,59,st,SPIN_DN,flt,FALSE,up,TRUE,ig,0,o_pos,0,o_hw,0,o_i,NA,o_up,FALSE,why,NO_COG
[2026-09-19T17:36:26.835] Cog0  BM-TS,seq,2_486,tid,8,k,183,lt,FALSE,pos,62,hw,62,i,41,ph,2_310,d,8_358,e,70,st,SPIN_DN,flt,FALSE,up,TRUE,ig,0,o_pos,0,o_hw,0,o_i,NA,o_up,FALSE,why,NO_COG
[2026-09-19T17:36:26.837] Cog0  BM-TS,seq,2_487,tid,8,k,184,lt,FALSE,pos,63,hw,63,i,49,ph,2_442,d,8_310,e,36,st,SPIN_DN,flt,FALSE,up,TRUE,ig,0,o_pos,0,o_hw,0,o_i,NA,o_up,FALSE,why,NO_COG
[2026-09-19T17:36:26.839] Cog0  BM-TS,seq,2_488,tid,8,k,185,lt,FALSE,pos,63,hw,63,i,41,ph,2_556,d,8_251,e,48,st,SPIN_DN,flt,FALSE,up,TRUE,ig,0,o_pos,0,o_hw,0,o_i,NA,o_up,FALSE,why,NO_COG
[2026-09-19T17:36:26.841] Cog0  BM-TS,seq,2_489,tid,8,k,186,lt,FALSE,pos,63,hw,63,i,38,ph,2_528,d,8_215,e,59,st,SPIN_DN,flt,FALSE,up,TRUE,ig,0,o_pos,0,o_hw,0,o_i,NA,o_up,FALSE,why,NO_COG
[2026-09-19T17:36:26.843] Cog0  BM-TS,seq,2_490,tid,8,k,187,lt,FALSE,pos,63,hw,63,i,36,ph,2_416,d,8_179,e,70,st,SPIN_DN,flt,FALSE,up,TRUE,ig,0,o_pos,0,o_hw,0,o_i,NA,o_up,FALSE,why,NO_COG
[2026-09-19T17:36:26.845] Cog0  BM-TS,seq,2_491,tid,8,k,188,lt,FALSE,pos,64,hw,64,i,42,ph,2_287,d,8_122,e,39,st,SPIN_DN,flt,FALSE,up,TRUE,ig,0,o_pos,0,o_hw,0,o_i,NA,o_up,FALSE,why,NO_COG
[2026-09-19T17:36:26.847] Cog0  BM-TS,seq,2_492,tid,8,k,189,lt,FALSE,pos,64,hw,64,i,36,ph,2_208,d,8_069,e,50,st,SPIN_DN,flt,FALSE,up,TRUE,ig,0,o_pos,0,o_hw,0,o_i,NA,o_up,FALSE,why,NO_COG
[2026-09-19T17:36:26.849] Cog0  BM-TS,seq,2_493,tid,8,k,190,lt,FALSE,pos,64,hw,64,i,31,ph,2_227,d,8_042,e,58,st,SPIN_DN,flt,FALSE,up,TRUE,ig,0,o_pos,0,o_hw,0,o_i,NA,o_up,FALSE,why,NO_COG
[2026-09-19T17:36:26.851] Cog0  BM-TS,seq,2_494,tid,8,k,191,lt,FALSE,pos,64,hw,64,i,30,ph,2_336,d,8_006,e,69,st,SPIN_DN,flt,FALSE,up,TRUE,ig,0,o_pos,0,o_hw,0,o_i,NA,o_up,FALSE,why,NO_COG
[2026-09-19T17:36:26.853] Cog0  BM-TS,seq,2_495,tid,8,k,192,lt,FALSE,pos,65,hw,65,i,37,ph,2_464,d,7_955,e,38,st,SPIN_DN,flt,FALSE,up,TRUE,ig,0,o_pos,0,o_hw,0,o_i,NA,o_up,FALSE,why,NO_COG
[2026-09-19T17:36:26.855] Cog0  BM-TS,seq,2_496,tid,8,k,193,lt,FALSE,pos,65,hw,65,i,31,ph,2_562,d,7_887,e,49,st,SPIN_DN,flt,FALSE,up,TRUE,ig,0,o_pos,0,o_hw,0,o_i,NA,o_up,FALSE,why,NO_COG
[2026-09-19T17:36:26.857] Cog0  BM-TS,seq,2_497,tid,8,k,194,lt,FALSE,pos,65,hw,65,i,30,ph,2_513,d,7_851,e,60,st,SPIN_DN,flt,FALSE,up,TRUE,ig,0,o_pos,0,o_hw,0,o_i,NA,o_up,FALSE,why,NO_COG
[2026-09-19T17:36:26.859] Cog0  BM-TS,seq,2_498,tid,8,k,195,lt,FALSE,pos,65,hw,65,i,27,ph,2_430,d,7_824,e,68,st,SPIN_DN,flt,FALSE,up,TRUE,ig,0,o_pos,0,o_hw,0,o_i,NA,o_up,FALSE,why,NO_COG
[2026-09-19T17:36:26.861] Cog0  BM-TS,seq,2_499,tid,8,k,196,lt,FALSE,pos,66,hw,66,i,34,ph,2_316,d,7_769,e,36,st,SPIN_DN,flt,FALSE,up,TRUE,ig,0,o_pos,0,o_hw,0,o_i,NA,o_up,FALSE,why,NO_COG
[2026-09-19T17:36:26.863] Cog0  BM-TS,seq,2_500,tid,8,k,197,lt,FALSE,pos,66,hw,66,i,26,ph,2_218,d,7_708,e,47,st,SPIN_DN,flt,FALSE,up,TRUE,ig,0,o_pos,0,o_hw,0,o_i,NA,o_up,FALSE,why,NO_COG
[2026-09-19T17:36:26.863] Cog0  BM-TS,seq,2_501,tid,8,k,198,lt,FALSE,pos,66,hw,66,i,25,ph,2_234,d,7_672,e,58,st,SPIN_DN,flt,FALSE,up,TRUE,ig,0,o_pos,0,o_hw,0,o_i,NA,o_up,FALSE,why,NO_COG
[2026-09-19T17:36:26.867] Cog0  BM-TS,seq,2_502,tid,8,k,199,lt,FALSE,pos,66,hw,66,i,29,ph,2_334,d,7_636,e,69,st,SPIN_DN,flt,FALSE,up,TRUE,ig,0,o_pos,0,o_hw,0,o_i,NA,o_up,FALSE,why,NO_COG
[2026-09-19T17:36:26.869] Cog0  BM-TS,seq,2_503,tid,8,k,200,lt,FALSE,pos,66,hw,66,i,34,ph,2_442,d,7_600,e,79,st,SPIN_DN,flt,FALSE,up,TRUE,ig,0,o_pos,0,o_hw,0,o_i,NA,o_up,FALSE,why,NO_COG
[2026-09-19T17:36:26.871] Cog0  BM-TS,seq,2_504,tid,8,k,201,lt,FALSE,pos,67,hw,67,i,30,ph,2_521,d,7_545,e,45,st,SPIN_DN,flt,FALSE,up,TRUE,ig,0,o_pos,0,o_hw,0,o_i,NA,o_up,FALSE,why,NO_COG
[2026-09-19T17:36:26.873] Cog0  BM-TS,seq,2_505,tid,8,k,202,lt,FALSE,pos,67,hw,67,i,25,ph,2_540,d,7_509,e,55,st,SPIN_DN,flt,FALSE,up,TRUE,ig,0,o_pos,0,o_hw,0,o_i,NA,o_up,FALSE,why,NO_COG
[2026-09-19T17:36:26.875] Cog0  BM-TS,seq,2_506,tid,8,k,203,lt,FALSE,pos,67,hw,67,i,21,ph,2_453,d,7_473,e,66,st,SPIN_DN,flt,FALSE,up,TRUE,ig,0,o_pos,0,o_hw,0,o_i,NA,o_up,FALSE,why,NO_COG
[2026-09-19T17:36:26.877] Cog0  BM-TS,seq,2_507,tid,8,k,204,lt,FALSE,pos,67,hw,67,i,25,ph,2_349,d,7_437,e,76,st,SPIN_DN,flt,FALSE,up,TRUE,ig,0,o_pos,0,o_hw,0,o_i,NA,o_up,FALSE,why,NO_COG
[2026-09-19T17:36:26.879] Cog0  BM-TS,seq,2_508,tid,8,k,205,lt,FALSE,pos,68,hw,68,i,23,ph,2_242,d,7_379,e,44,st,SPIN_DN,flt,FALSE,up,TRUE,ig,0,o_pos,0,o_hw,0,o_i,NA,o_up,FALSE,why,NO_COG
[2026-09-19T17:36:26.881] Cog0  BM-TS,seq,2_509,tid,8,k,206,lt,FALSE,pos,68,hw,68,i,22,ph,2_189,d,7_343,e,55,st,SPIN_DN,flt,FALSE,up,TRUE,ig,0,o_pos,0,o_hw,0,o_i,NA,o_up,FALSE,why,NO_COG
[2026-09-19T17:36:26.883] Cog0  BM-TS,seq,2_510,tid,8,k,207,lt,FALSE,pos,68,hw,68,i,21,ph,2_278,d,7_316,e,62,st,SPIN_DN,flt,FALSE,up,TRUE,ig,0,o_pos,0,o_hw,0,o_i,NA,o_up,FALSE,why,NO_COG
[2026-09-19T17:36:26.885] Cog0  BM-TS,seq,2_511,tid,8,k,208,lt,FALSE,pos,68,hw,68,i,23,ph,2_364,d,7_280,e,73,st,SPIN_DN,flt,FALSE,up,TRUE,ig,0,o_pos,0,o_hw,0,o_i,NA,o_up,FALSE,why,NO_COG
[2026-09-19T17:36:26.887] Cog0  BM-TS,seq,2_512,tid,8,k,209,lt,FALSE,pos,69,hw,69,i,21,ph,2_473,d,7_213,e,40,st,SPIN_DN,flt,FALSE,up,TRUE,ig,0,o_pos,0,o_hw,0,o_i,NA,o_up,FALSE,why,NO_COG
[2026-09-19T17:36:26.889] Cog0  BM-TS,seq,2_513,tid,8,k,210,lt,FALSE,pos,69,hw,69,i,16,ph,2_562,d,7_168,e,51,st,SPIN_DN,flt,FALSE,up,TRUE,ig,0,o_pos,0,o_hw,0,o_i,NA,o_up,FALSE,why,NO_COG
[2026-09-19T17:36:26.890] Cog0  BM-TS,seq,2_514,tid,8,k,211,lt,FALSE,pos,69,hw,69,i,15,ph,2_488,d,7_132,e,61,st,SPIN_DN,flt,FALSE,up,TRUE,ig,0,o_pos,0,o_hw,0,o_i,NA,o_up,FALSE,why,NO_COG
[2026-09-19T17:36:26.893] Cog0  BM-TS,seq,2_515,tid,8,k,212,lt,FALSE,pos,69,hw,69,i,18,ph,2_423,d,7_096,e,71,st,SPIN_DN,flt,FALSE,up,TRUE,ig,0,o_pos,0,o_hw,0,o_i,NA,o_up,FALSE,why,NO_COG
[2026-09-19T17:36:26.895] Cog0  BM-TS,seq,2_516,tid,8,k,213,lt,FALSE,pos,69,hw,69,i,23,ph,2_319,d,7_069,e,79,st,SPIN_DN,flt,FALSE,up,TRUE,ig,0,o_pos,0,o_hw,0,o_i,NA,o_up,FALSE,why,NO_COG
[2026-09-19T17:36:26.896] Cog0  BM-TS,seq,2_517,tid,8,k,214,lt,FALSE,pos,70,hw,70,i,20,ph,2_239,d,6_989,e,46,st,SPIN_DN,flt,FALSE,up,TRUE,ig,0,o_pos,0,o_hw,0,o_i,NA,o_up,FALSE,why,NO_COG
[2026-09-19T17:36:26.898] Cog0  BM-TS,seq,2_518,tid,8,k,215,lt,FALSE,pos,70,hw,70,i,17,ph,2_232,d,6_953,e,56,st,SPIN_DN,flt,FALSE,up,TRUE,ig,0,o_pos,0,o_hw,0,o_i,NA,o_up,FALSE,why,NO_COG
[2026-09-19T17:36:26.901] Cog0  BM-TS,seq,2_519,tid,8,k,216,lt,FALSE,pos,70,hw,70,i,15,ph,2_308,d,6_917,e,66,st,SPIN_DN,flt,FALSE,up,TRUE,ig,0,o_pos,0,o_hw,0,o_i,NA,o_up,FALSE,why,NO_COG
[2026-09-19T17:36:26.902] Cog0  BM-TS,seq,2_520,tid,8,k,217,lt,FALSE,pos,70,hw,70,i,18,ph,2_394,d,6_881,e,76,st,SPIN_DN,flt,FALSE,up,TRUE,ig,0,o_pos,0,o_hw,0,o_i,NA,o_up,FALSE,why,NO_COG
[2026-09-19T17:36:26.905] Cog0  BM-TS,seq,2_521,tid,8,k,218,lt,FALSE,pos,71,hw,71,i,18,ph,2_474,d,6_817,e,43,st,SPIN_DN,flt,FALSE,up,TRUE,ig,0,o_pos,0,o_hw,0,o_i,NA,o_up,FALSE,why,NO_COG
[2026-09-19T17:36:26.906] Cog0  BM-TS,seq,2_522,tid,8,k,219,lt,FALSE,pos,71,hw,71,i,12,ph,2_547,d,6_790,e,50,st,SPIN_DN,flt,FALSE,up,TRUE,ig,0,o_pos,0,o_hw,0,o_i,NA,o_up,FALSE,why,NO_COG
[2026-09-19T17:36:26.908] Cog0  BM-TS,seq,2_523,tid,8,k,220,lt,FALSE,pos,71,hw,71,i,12,ph,2_483,d,6_754,e,60,st,SPIN_DN,flt,FALSE,up,TRUE,ig,0,o_pos,0,o_hw,0,o_i,NA,o_up,FALSE,why,NO_COG
[2026-09-19T17:36:26.911] Cog0  BM-TS,seq,2_524,tid,8,k,221,lt,FALSE,pos,71,hw,71,i,14,ph,2_417,d,6_718,e,70,st,SPIN_DN,flt,FALSE,up,TRUE,ig,0,o_pos,0,o_hw,0,o_i,NA,o_up,FALSE,why,NO_COG
[2026-09-19T17:36:26.912] Cog0  BM-TS,seq,2_525,tid,8,k,222,lt,FALSE,pos,71,hw,71,i,14,ph,2_325,d,6_682,e,80,st,SPIN_DN,flt,FALSE,up,TRUE,ig,0,o_pos,0,o_hw,0,o_i,NA,o_up,FALSE,why,NO_COG
[2026-09-19T17:36:26.915] Cog0  BM-TS,seq,2_526,tid,8,k,223,lt,FALSE,pos,72,hw,72,i,12,ph,2_239,d,6_613,e,47,st,SPIN_DN,flt,FALSE,up,TRUE,ig,0,o_pos,0,o_hw,0,o_i,NA,o_up,FALSE,why,NO_COG
[2026-09-19T17:36:26.916] Cog0  BM-TS,seq,2_527,tid,8,k,224,lt,FALSE,pos,72,hw,72,i,9,ph,2_217,d,6_586,e,54,st,SPIN_DN,flt,FALSE,up,TRUE,ig,0,o_pos,0,o_hw,0,o_i,NA,o_up,FALSE,why,NO_COG
[2026-09-19T17:36:26.918] Cog0  BM-TS,seq,2_528,tid,8,k,225,lt,FALSE,pos,72,hw,72,i,8,ph,2_292,d,6_550,e,63,st,SPIN_DN,flt,FALSE,up,TRUE,ig,0,o_pos,0,o_hw,0,o_i,NA,o_up,FALSE,why,NO_COG
[2026-09-19T17:36:26.920] Cog0  BM-TS,seq,2_529,tid,8,k,226,lt,FALSE,pos,72,hw,72,i,11,ph,2_368,d,6_514,e,73,st,SPIN_DN,flt,FALSE,up,TRUE,ig,0,o_pos,0,o_hw,0,o_i,NA,o_up,FALSE,why,NO_COG
[2026-09-19T17:36:26.922] Cog0  BM-TS,seq,2_530,tid,8,k,227,lt,FALSE,pos,73,hw,73,i,13,ph,2_459,d,6_485,e,40,st,SPIN_DN,flt,FALSE,up,TRUE,ig,0,o_pos,0,o_hw,0,o_i,NA,o_up,FALSE,why,NO_COG
[2026-09-19T17:36:26.924] Cog0  BM-TS,seq,2_531,tid,8,k,228,lt,FALSE,pos,73,hw,73,i,12,ph,2_518,d,6_437,e,49,st,SPIN_DN,flt,FALSE,up,TRUE,ig,0,o_pos,0,o_hw,0,o_i,NA,o_up,FALSE,why,NO_COG
[2026-09-19T17:36:26.926] Cog0  BM-TS,seq,2_532,tid,8,k,229,lt,FALSE,pos,73,hw,73,i,13,ph,2_497,d,6_401,e,59,st,SPIN_DN,flt,FALSE,up,TRUE,ig,0,o_pos,0,o_hw,0,o_i,NA,o_up,FALSE,why,NO_COG
[2026-09-19T17:36:26.928] Cog0  BM-TS,seq,2_533,tid,8,k,230,lt,FALSE,pos,73,hw,73,i,10,ph,2_437,d,6_374,e,66,st,SPIN_DN,flt,FALSE,up,TRUE,ig,0,o_pos,0,o_hw,0,o_i,NA,o_up,FALSE,why,NO_COG
[2026-09-19T17:36:26.930] Cog0  BM-TS,seq,2_534,tid,8,k,231,lt,FALSE,pos,73,hw,73,i,12,ph,2_365,d,6_338,e,75,st,SPIN_DN,flt,FALSE,up,TRUE,ig,0,o_pos,0,o_hw,0,o_i,NA,o_up,FALSE,why,NO_COG
[2026-09-19T17:36:26.932] Cog0  BM-TS,seq,2_535,tid,8,k,232,lt,FALSE,pos,74,hw,74,i,10,ph,2_284,d,6_358,e,41,st,SPIN_DN,flt,FALSE,up,TRUE,ig,0,o_pos,0,o_hw,0,o_i,NA,o_up,FALSE,why,NO_COG
[2026-09-19T17:36:26.934] Cog0  BM-TS,seq,2_536,tid,8,k,233,lt,FALSE,pos,74,hw,74,i,10,ph,2_219,d,6_313,e,51,st,SPIN_DN,flt,FALSE,up,TRUE,ig,0,o_pos,0,o_hw,0,o_i,NA,o_up,FALSE,why,NO_COG
[2026-09-19T17:36:26.936] Cog0  BM-TS,seq,2_537,tid,8,k,234,lt,FALSE,pos,74,hw,74,i,10,ph,2_274,d,6_277,e,60,st,SPIN_DN,flt,FALSE,up,TRUE,ig,0,o_pos,0,o_hw,0,o_i,NA,o_up,FALSE,why,NO_COG
[2026-09-19T17:36:26.938] Cog0  BM-TS,seq,2_538,tid,8,k,235,lt,FALSE,pos,74,hw,74,i,12,ph,2_323,d,6_241,e,69,st,SPIN_DN,flt,FALSE,up,TRUE,ig,0,o_pos,0,o_hw,0,o_i,NA,o_up,FALSE,why,NO_COG
[2026-09-19T17:36:26.940] Cog0  BM-TS,seq,2_539,tid,8,k,236,lt,FALSE,pos,74,hw,74,i,12,ph,2_396,d,6_214,e,76,st,SPIN_DN,flt,FALSE,up,TRUE,ig,0,o_pos,0,o_hw,0,o_i,NA,o_up,FALSE,why,NO_COG
[2026-09-19T17:36:26.942] Cog0  BM-TS,seq,2_540,tid,8,k,237,lt,FALSE,pos,75,hw,75,i,10,ph,2_474,d,6_221,e,42,st,SPIN_DN,flt,FALSE,up,TRUE,ig,0,o_pos,0,o_hw,0,o_i,NA,o_up,FALSE,why,NO_COG
[2026-09-19T17:36:26.944] Cog0  BM-TS,seq,2_541,tid,8,k,238,lt,FALSE,pos,75,hw,75,i,8,ph,2_531,d,6_185,e,51,st,SPIN_DN,flt,FALSE,up,TRUE,ig,0,o_pos,0,o_hw,0,o_i,NA,o_up,FALSE,why,NO_COG
[2026-09-19T17:36:26.946] Cog0  BM-TS,seq,2_542,tid,8,k,239,lt,FALSE,pos,75,hw,75,i,8,ph,2_473,d,6_149,e,60,st,SPIN_DN,flt,FALSE,up,TRUE,ig,0,o_pos,0,o_hw,0,o_i,NA,o_up,FALSE,why,NO_COG
[2026-09-19T17:36:26.948] Cog0  BM-TS,seq,2_543,tid,8,k,240,lt,FALSE,pos,75,hw,75,i,8,ph,2_417,d,6_113,e,69,st,SPIN_DN,flt,FALSE,up,TRUE,ig,0,o_pos,0,o_hw,0,o_i,NA,o_up,FALSE,why,NO_COG
[2026-09-19T17:36:26.950] Cog0  BM-TS,seq,2_544,tid,8,k,241,lt,FALSE,pos,75,hw,75,i,8,ph,2_367,d,6_077,e,78,st,SPIN_DN,flt,FALSE,up,TRUE,ig,0,o_pos,0,o_hw,0,o_i,NA,o_up,FALSE,why,NO_COG
[2026-09-19T17:36:26.952] Cog0  BM-TS,seq,2_545,tid,8,k,242,lt,FALSE,pos,76,hw,76,i,7,ph,2_296,d,6_042,e,42,st,SPIN_DN,flt,FALSE,up,TRUE,ig,0,o_pos,0,o_hw,0,o_i,NA,o_up,FALSE,why,NO_COG
[2026-09-19T17:36:26.954] Cog0  BM-TS,seq,2_546,tid,8,k,243,lt,FALSE,pos,76,hw,76,i,7,ph,2_225,d,6_006,e,50,st,SPIN_DN,flt,FALSE,up,TRUE,ig,0,o_pos,0,o_hw,0,o_i,NA,o_up,FALSE,why,NO_COG
[2026-09-19T17:36:26.956] Cog0  BM-TS,seq,2_547,tid,8,k,244,lt,FALSE,pos,76,hw,76,i,8,ph,2_276,d,5_970,e,59,st,SPIN_DN,flt,FALSE,up,TRUE,ig,0,o_pos,0,o_hw,0,o_i,NA,o_up,FALSE,why,NO_COG
[2026-09-19T17:36:26.958] Cog0  BM-TS,seq,2_548,tid,8,k,245,lt,FALSE,pos,76,hw,76,i,8,ph,2_328,d,5_934,e,68,st,SPIN_DN,flt,FALSE,up,TRUE,ig,0,o_pos,0,o_hw,0,o_i,NA,o_up,FALSE,why,NO_COG
[2026-09-19T17:36:26.960] Cog0  BM-TS,seq,2_549,tid,8,k,246,lt,FALSE,pos,76,hw,76,i,9,ph,2_400,d,5_898,e,76,st,SPIN_DN,flt,FALSE,up,TRUE,ig,0,o_pos,0,o_hw,0,o_i,NA,o_up,FALSE,why,NO_COG
[2026-09-19T17:36:26.962] Cog0  BM-TS,seq,2_550,tid,8,k,247,lt,FALSE,pos,76,hw,76,i,9,ph,2_448,d,5_926,e,83,st,SPIN_DN,flt,FALSE,up,TRUE,ig,0,o_pos,0,o_hw,0,o_i,NA,o_up,FALSE,why,NO_COG
[2026-09-19T17:36:26.964] Cog0  BM-TS,seq,2_551,tid,8,k,248,lt,FALSE,pos,77,hw,77,i,8,ph,2_512,d,5_905,e,49,st,SPIN_DN,flt,FALSE,up,TRUE,ig,0,o_pos,0,o_hw,0,o_i,NA,o_up,FALSE,why,NO_COG
[2026-09-19T17:36:26.966] Cog0  BM-TS,seq,2_552,tid,8,k,249,lt,FALSE,pos,77,hw,77,i,8,ph,2_492,d,5_869,e,57,st,SPIN_DN,flt,FALSE,up,TRUE,ig,0,o_pos,0,o_hw,0,o_i,NA,o_up,FALSE,why,NO_COG
[2026-09-19T17:36:26.968] Cog0  BM-TS,seq,2_553,tid,8,k,250,lt,FALSE,pos,77,hw,77,i,8,ph,2_433,d,5_833,e,65,st,SPIN_DN,flt,FALSE,up,TRUE,ig,0,o_pos,0,o_hw,0,o_i,NA,o_up,FALSE,why,NO_COG
[2026-09-19T17:36:26.970] Cog0  BM-TS,seq,2_554,tid,8,k,251,lt,FALSE,pos,77,hw,77,i,8,ph,2_387,d,5_797,e,74,st,SPIN_DN,flt,FALSE,up,TRUE,ig,0,o_pos,0,o_hw,0,o_i,NA,o_up,FALSE,why,NO_COG
[2026-09-19T17:36:26.972] Cog0  BM-TS,seq,2_555,tid,8,k,252,lt,FALSE,pos,77,hw,77,i,6,ph,2_315,d,5_776,e,82,st,SPIN_DN,flt,FALSE,up,TRUE,ig,0,o_pos,0,o_hw,0,o_i,NA,o_up,FALSE,why,NO_COG
[2026-09-19T17:36:26.974] Cog0  BM-TS,seq,2_556,tid,8,k,253,lt,FALSE,pos,78,hw,78,i,8,ph,2_262,d,5_808,e,46,st,SPIN_DN,flt,FALSE,up,TRUE,ig,0,o_pos,0,o_hw,0,o_i,NA,o_up,FALSE,why,NO_COG
[2026-09-19T17:36:26.976] Cog0  BM-TS,seq,2_557,tid,8,k,254,lt,FALSE,pos,78,hw,78,i,8,ph,2_237,d,5_772,e,54,st,SPIN_DN,flt,FALSE,up,TRUE,ig,0,o_pos,0,o_hw,0,o_i,NA,o_up,FALSE,why,NO_COG
[2026-09-19T17:36:26.978] Cog0  BM-TS,seq,2_558,tid,8,k,255,lt,FALSE,pos,78,hw,78,i,8,ph,2_290,d,5_736,e,62,st,SPIN_DN,flt,FALSE,up,TRUE,ig,0,o_pos,0,o_hw,0,o_i,NA,o_up,FALSE,why,NO_COG
[2026-09-19T17:36:26.980] Cog0  BM-TS,seq,2_559,tid,8,k,256,lt,FALSE,pos,78,hw,78,i,10,ph,2_358,d,5_700,e,70,st,SPIN_DN,flt,FALSE,up,TRUE,ig,0,o_pos,0,o_hw,0,o_i,NA,o_up,FALSE,why,NO_COG
[2026-09-19T17:36:26.982] Cog0  BM-TS,seq,2_560,tid,8,k,257,lt,FALSE,pos,78,hw,78,i,7,ph,2_416,d,5_664,e,78,st,SPIN_DN,flt,FALSE,up,TRUE,ig,0,o_pos,0,o_hw,0,o_i,NA,o_up,FALSE,why,NO_COG
[2026-09-19T17:36:26.984] Cog0  BM-TS,seq,2_561,tid,8,k,258,lt,FALSE,pos,79,hw,79,i,7,ph,2_451,d,5_623,e,44,st,SPIN_DN,flt,FALSE,up,TRUE,ig,0,o_pos,0,o_hw,0,o_i,NA,o_up,FALSE,why,NO_COG
[2026-09-19T17:36:26.986] Cog0  BM-TS,seq,2_562,tid,8,k,259,lt,FALSE,pos,79,hw,79,i,6,ph,2_509,d,5_596,e,50,st,SPIN_DN,flt,FALSE,up,TRUE,ig,0,o_pos,0,o_hw,0,o_i,NA,o_up,FALSE,why,NO_COG
[2026-09-19T17:36:26.988] Cog0  BM-TS,seq,2_563,tid,8,k,260,lt,FALSE,pos,79,hw,79,i,6,ph,2_476,d,5_560,e,58,st,SPIN_DN,flt,FALSE,up,TRUE,ig,0,o_pos,0,o_hw,0,o_i,NA,o_up,FALSE,why,NO_COG
[2026-09-19T17:36:26.990] Cog0  BM-TS,seq,2_564,tid,8,k,261,lt,FALSE,pos,79,hw,79,i,9,ph,2_443,d,5_524,e,66,st,SPIN_DN,flt,FALSE,up,TRUE,ig,0,o_pos,0,o_hw,0,o_i,NA,o_up,FALSE,why,NO_COG
[2026-09-19T17:36:26.991] Cog0  BM-TS,seq,2_565,tid,8,k,262,lt,FALSE,pos,79,hw,79,i,8,ph,2_369,d,5_488,e,74,st,SPIN_DN,flt,FALSE,up,TRUE,ig,0,o_pos,0,o_hw,0,o_i,NA,o_up,FALSE,why,NO_COG
[2026-09-19T17:36:26.993] Cog0  BM-TS,seq,2_566,tid,8,k,263,lt,FALSE,pos,79,hw,79,i,8,ph,2_316,d,5_452,e,81,st,SPIN_DN,flt,FALSE,up,TRUE,ig,0,o_pos,0,o_hw,0,o_i,NA,o_up,FALSE,why,NO_COG
[2026-09-19T17:36:26.994] Cog0  BM-TS,seq,2_567,tid,8,k,264,lt,FALSE,pos,80,hw,80,i,9,ph,2_286,d,5_386,e,46,st,SPIN_DN,flt,FALSE,up,TRUE,ig,0,o_pos,0,o_hw,0,o_i,NA,o_up,FALSE,why,NO_COG
[2026-09-19T17:36:26.997] Cog0  BM-TS,seq,2_568,tid,8,k,265,lt,FALSE,pos,80,hw,80,i,8,ph,2_248,d,5_359,e,52,st,SPIN_DN,flt,FALSE,up,TRUE,ig,0,o_pos,0,o_hw,0,o_i,NA,o_up,FALSE,why,NO_COG
[2026-09-19T17:36:26.999] Cog0  BM-TS,seq,2_569,tid,8,k,266,lt,FALSE,pos,80,hw,80,i,9,ph,2_296,d,5_323,e,60,st,SPIN_DN,flt,FALSE,up,TRUE,ig,0,o_pos,0,o_hw,0,o_i,NA,o_up,FALSE,why,NO_COG
[2026-09-19T17:36:27.001] Cog0  BM-TS,seq,2_570,tid,8,k,267,lt,FALSE,pos,80,hw,80,i,7,ph,2_330,d,5_287,e,68,st,SPIN_DN,flt,FALSE,up,TRUE,ig,0,o_pos,0,o_hw,0,o_i,NA,o_up,FALSE,why,NO_COG
[2026-09-19T17:36:27.003] Cog0  BM-TS,seq,2_571,tid,8,k,268,lt,FALSE,pos,80,hw,80,i,6,ph,2_380,d,5_251,e,75,st,SPIN_DN,flt,FALSE,up,TRUE,ig,0,o_pos,0,o_hw,0,o_i,NA,o_up,FALSE,why,NO_COG
[2026-09-19T17:36:27.005] Cog0  BM-TS,seq,2_572,tid,8,k,269,lt,FALSE,pos,80,hw,80,i,6,ph,2_431,d,5_232,e,83,st,SPIN_DN,flt,FALSE,up,TRUE,ig,0,o_pos,0,o_hw,0,o_i,NA,o_up,FALSE,why,NO_COG
[2026-09-19T17:36:27.007] Cog0  BM-TS,seq,2_573,tid,8,k,270,lt,FALSE,pos,81,hw,81,i,5,ph,2_483,d,5_186,e,46,st,SPIN_DN,flt,FALSE,up,TRUE,ig,0,o_pos,0,o_hw,0,o_i,NA,o_up,FALSE,why,NO_COG
[2026-09-19T17:36:27.009] Cog0  BM-TS,seq,2_574,tid,8,k,271,lt,FALSE,pos,81,hw,81,i,7,ph,2_501,d,5_150,e,53,st,SPIN_DN,flt,FALSE,up,TRUE,ig,0,o_pos,0,o_hw,0,o_i,NA,o_up,FALSE,why,NO_COG
[2026-09-19T17:36:27.011] Cog0  BM-TS,seq,2_575,tid,8,k,272,lt,FALSE,pos,81,hw,81,i,6,ph,2_462,d,5_114,e,61,st,SPIN_DN,flt,FALSE,up,TRUE,ig,0,o_pos,0,o_hw,0,o_i,NA,o_up,FALSE,why,NO_COG
[2026-09-19T17:36:27.013] Cog0  BM-TS,seq,2_576,tid,8,k,273,lt,FALSE,pos,81,hw,81,i,6,ph,2_420,d,5_078,e,68,st,SPIN_DN,flt,FALSE,up,TRUE,ig,0,o_pos,0,o_hw,0,o_i,NA,o_up,FALSE,why,NO_COG
[2026-09-19T17:36:27.015] Cog0  BM-TS,seq,2_577,tid,8,k,274,lt,FALSE,pos,81,hw,81,i,5,ph,2_360,d,5_042,e,75,st,SPIN_DN,flt,FALSE,up,TRUE,ig,0,o_pos,0,o_hw,0,o_i,NA,o_up,FALSE,why,NO_COG
[2026-09-19T17:36:27.017] Cog0  BM-TS,seq,2_578,tid,8,k,275,lt,FALSE,pos,82,hw,82,i,7,ph,2_316,d,4_976,e,40,st,SPIN_DN,flt,FALSE,up,TRUE,ig,0,o_pos,0,o_hw,0,o_i,NA,o_up,FALSE,why,NO_COG
[2026-09-19T17:36:27.019] Cog0  BM-TS,seq,2_579,tid,8,k,276,lt,FALSE,pos,82,hw,82,i,3,ph,2_284,d,4_929,e,45,st,SPIN_DN,flt,FALSE,up,TRUE,ig,0,o_pos,0,o_hw,0,o_i,NA,o_up,FALSE,why,NO_COG
[2026-09-19T17:36:27.021] Cog0  BM-TS,seq,2_580,tid,8,k,277,lt,FALSE,pos,82,hw,82,i,3,ph,2_254,d,4_893,e,53,st,SPIN_DN,flt,FALSE,up,TRUE,ig,0,o_pos,0,o_hw,0,o_i,NA,o_up,FALSE,why,NO_COG
[2026-09-19T17:36:27.023] Cog0  BM-TS,seq,2_581,tid,8,k,278,lt,FALSE,pos,82,hw,82,i,4,ph,2_301,d,4_857,e,60,st,SPIN_DN,flt,FALSE,up,TRUE,ig,0,o_pos,0,o_hw,0,o_i,NA,o_up,FALSE,why,NO_COG
[2026-09-19T17:36:27.025] Cog0  BM-TS,seq,2_582,tid,8,k,279,lt,FALSE,pos,82,hw,82,i,4,ph,2_322,d,4_821,e,67,st,SPIN_DN,flt,FALSE,up,TRUE,ig,0,o_pos,0,o_hw,0,o_i,NA,o_up,FALSE,why,NO_COG
[2026-09-19T17:36:27.027] Cog0  BM-TS,seq,2_583,tid,8,k,280,lt,FALSE,pos,82,hw,82,i,5,ph,2_378,d,4_785,e,74,st,SPIN_DN,flt,FALSE,up,TRUE,ig,0,o_pos,0,o_hw,0,o_i,NA,o_up,FALSE,why,NO_COG
[2026-09-19T17:36:27.029] Cog0  BM-TS,seq,2_584,tid,8,k,281,lt,FALSE,pos,82,hw,82,i,7,ph,2_417,d,4_749,e,81,st,SPIN_DN,flt,FALSE,up,TRUE,ig,0,o_pos,0,o_hw,0,o_i,NA,o_up,FALSE,why,NO_COG
[2026-09-19T17:36:27.031] Cog0  BM-TS,seq,2_585,tid,8,k,282,lt,FALSE,pos,83,hw,83,i,5,ph,2_456,d,4_696,e,43,st,SPIN_DN,flt,FALSE,up,TRUE,ig,0,o_pos,0,o_hw,0,o_i,NA,o_up,FALSE,why,NO_COG
[2026-09-19T17:36:27.033] Cog0  BM-TS,seq,2_586,tid,8,k,283,lt,FALSE,pos,83,hw,83,i,4,ph,2_489,d,4_660,e,50,st,SPIN_DN,flt,FALSE,up,TRUE,ig,0,o_pos,0,o_hw,0,o_i,NA,o_up,FALSE,why,NO_COG
[2026-09-19T17:36:27.035] Cog0  BM-TS,seq,2_587,tid,8,k,284,lt,FALSE,pos,83,hw,83,i,6,ph,2_477,d,4_624,e,57,st,SPIN_DN,flt,FALSE,up,TRUE,ig,0,o_pos,0,o_hw,0,o_i,NA,o_up,FALSE,why,NO_COG
[2026-09-19T17:36:27.037] Cog0  BM-TS,seq,2_588,tid,8,k,285,lt,FALSE,pos,83,hw,83,i,6,ph,2_432,d,4_588,e,64,st,SPIN_DN,flt,FALSE,up,TRUE,ig,0,o_pos,0,o_hw,0,o_i,NA,o_up,FALSE,why,NO_COG
[2026-09-19T17:36:27.039] Cog0  BM-TS,seq,2_589,tid,8,k,286,lt,FALSE,pos,83,hw,83,i,4,ph,2_397,d,4_552,e,71,st,SPIN_DN,flt,FALSE,up,TRUE,ig,0,o_pos,0,o_hw,0,o_i,NA,o_up,FALSE,why,NO_COG
[2026-09-19T17:36:27.041] Cog0  BM-TS,seq,2_590,tid,8,k,287,lt,FALSE,pos,83,hw,83,i,4,ph,2_357,d,4_516,e,78,st,SPIN_DN,flt,FALSE,up,TRUE,ig,0,o_pos,0,o_hw,0,o_i,NA,o_up,FALSE,why,NO_COG
[2026-09-19T17:36:27.043] Cog0  BM-TS,seq,2_591,tid,8,k,288,lt,FALSE,pos,83,hw,83,i,3,ph,2_328,d,4_538,e,83,st,SPIN_DN,flt,FALSE,up,TRUE,ig,0,o_pos,0,o_hw,0,o_i,NA,o_up,FALSE,why,NO_COG
[2026-09-19T17:36:27.045] Cog0  BM-TS,seq,2_592,tid,8,k,289,lt,FALSE,pos,84,hw,84,i,3,ph,2_286,d,4_525,e,47,st,SPIN_DN,flt,FALSE,up,TRUE,ig,0,o_pos,0,o_hw,0,o_i,NA,o_up,FALSE,why,NO_COG
[2026-09-19T17:36:27.047] Cog0  BM-TS,seq,2_593,tid,8,k,290,lt,FALSE,pos,84,hw,84,i,4,ph,2_268,d,4_489,e,53,st,SPIN_DN,flt,FALSE,up,TRUE,ig,0,o_pos,0,o_hw,0,o_i,NA,o_up,FALSE,why,NO_COG
[2026-09-19T17:36:27.049] Cog0  BM-TS,seq,2_594,tid,8,k,291,lt,FALSE,pos,84,hw,84,i,6,ph,2_298,d,4_453,e,60,st,SPIN_DN,flt,FALSE,up,TRUE,ig,0,o_pos,0,o_hw,0,o_i,NA,o_up,FALSE,why,NO_COG
[2026-09-19T17:36:27.051] Cog0  BM-TS,seq,2_595,tid,8,k,292,lt,FALSE,pos,84,hw,84,i,4,ph,2_339,d,4_417,e,66,st,SPIN_DN,flt,FALSE,up,TRUE,ig,0,o_pos,0,o_hw,0,o_i,NA,o_up,FALSE,why,NO_COG
[2026-09-19T17:36:27.053] Cog0  BM-TS,seq,2_596,tid,8,k,293,lt,FALSE,pos,84,hw,84,i,3,ph,2_364,d,4_390,e,71,st,SPIN_DN,flt,FALSE,up,TRUE,ig,0,o_pos,0,o_hw,0,o_i,NA,o_up,FALSE,why,NO_COG
[2026-09-19T17:36:27.054] Cog0  BM-TS,seq,2_597,tid,8,k,294,lt,FALSE,pos,84,hw,84,i,4,ph,2_406,d,4_354,e,77,st,SPIN_DN,flt,FALSE,up,TRUE,ig,0,o_pos,0,o_hw,0,o_i,NA,o_up,FALSE,why,NO_COG
[2026-09-19T17:36:27.057] Cog0  BM-TS,seq,2_598,tid,8,k,295,lt,FALSE,pos,84,hw,84,i,4,ph,2_437,d,4_412,e,84,st,SPIN_DN,flt,FALSE,up,TRUE,ig,0,o_pos,0,o_hw,0,o_i,NA,o_up,FALSE,why,NO_COG
[2026-09-19T17:36:27.059] Cog0  BM-TS,seq,2_599,tid,8,k,296,lt,FALSE,pos,85,hw,85,i,4,ph,2_472,d,4_371,e,47,st,SPIN_DN,flt,FALSE,up,TRUE,ig,0,o_pos,0,o_hw,0,o_i,NA,o_up,FALSE,why,NO_COG
[2026-09-19T17:36:27.060] Cog0  BM-TS,seq,2_600,tid,8,k,297,lt,FALSE,pos,85,hw,85,i,3,ph,2_469,d,4_335,e,54,st,SPIN_DN,flt,FALSE,up,TRUE,ig,0,o_pos,0,o_hw,0,o_i,NA,o_up,FALSE,why,NO_COG
[2026-09-19T17:36:27.062] Cog0  BM-TS,seq,2_601,tid,8,k,298,lt,FALSE,pos,85,hw,85,i,4,ph,2_452,d,4_299,e,60,st,SPIN_DN,flt,FALSE,up,TRUE,ig,0,o_pos,0,o_hw,0,o_i,NA,o_up,FALSE,why,NO_COG
[2026-09-19T17:36:27.064] Cog0  BM-TS,seq,2_602,tid,8,k,299,lt,FALSE,pos,85,hw,85,i,3,ph,2_416,d,4_272,e,65,st,SPIN_DN,flt,FALSE,up,TRUE,ig,0,o_pos,0,o_hw,0,o_i,NA,o_up,FALSE,why,NO_COG
[2026-09-19T17:36:27.066] Cog0  BM-TS,seq,2_603,tid,8,k,300,lt,FALSE,pos,85,hw,85,i,4,ph,2_395,d,4_236,e,71,st,SPIN_DN,flt,FALSE,up,TRUE,ig,0,o_pos,0,o_hw,0,o_i,NA,o_up,FALSE,why,NO_COG
[2026-09-19T17:36:27.069] Cog0  BM-TS,seq,2_604,tid,8,k,303,lt,FALSE,pos,86,hw,86,i,4,ph,2_299,d,4_202,e,46,st,SPIN_DN,flt,FALSE,up,TRUE,ig,0,o_pos,0,o_hw,0,o_i,NA,o_up,FALSE,why,NO_COG
[2026-09-19T17:36:27.071] Cog0  BM-TS,seq,2_605,tid,8,k,311,lt,FALSE,pos,87,hw,87,i,4,ph,2_464,d,4_124,e,47,st,SPIN_DN,flt,FALSE,up,TRUE,ig,0,o_pos,0,o_hw,0,o_i,NA,o_up,FALSE,why,NO_COG
[2026-09-19T17:36:27.074] Cog0  BM-TS,seq,2_606,tid,8,k,318,lt,FALSE,pos,88,hw,88,i,3,ph,2_316,d,3_997,e,41,st,SPIN_DN,flt,FALSE,up,TRUE,ig,0,o_pos,0,o_hw,0,o_i,NA,o_up,FALSE,why,NO_COG
[2026-09-19T17:36:27.076] Cog0  BM-TS,seq,2_607,tid,8,k,325,lt,FALSE,pos,88,hw,88,i,4,ph,2_386,d,3_746,e,76,st,SPIN_DN,flt,FALSE,up,TRUE,ig,0,o_pos,0,o_hw,0,o_i,NA,o_up,FALSE,why,NO_COG
[2026-09-19T17:36:27.078] Cog0  BM-TS,seq,2_608,tid,8,k,327,lt,FALSE,pos,89,hw,89,i,3,ph,2_437,d,3_637,e,43,st,SPIN_DN,flt,FALSE,up,TRUE,ig,0,o_pos,0,o_hw,0,o_i,NA,o_up,FALSE,why,NO_COG
[2026-09-19T17:36:27.081] Cog0  BM-TS,seq,2_609,tid,8,k,336,lt,FALSE,pos,90,hw,90,i,3,ph,2_334,d,3_247,e,40,st,SPIN_DN,flt,FALSE,up,TRUE,ig,0,o_pos,0,o_hw,0,o_i,NA,o_up,FALSE,why,NO_COG
[2026-09-19T17:36:27.083] Cog0  BM-TS,seq,2_610,tid,8,k,346,lt,FALSE,pos,91,hw,91,i,0,ph,2_414,d,2_808,e,38,st,SPIN_DN,flt,FALSE,up,TRUE,ig,0,o_pos,0,o_hw,0,o_i,NA,o_up,FALSE,why,NO_COG
[2026-09-19T17:36:27.086] Cog0  BM-TS,seq,2_611,tid,8,k,350,lt,FALSE,pos,91,hw,91,i,3,ph,2_448,d,2_593,e,54,st,SPIN_DN,flt,FALSE,up,TRUE,ig,0,o_pos,0,o_hw,0,o_i,NA,o_up,FALSE,why,NO_COG
[2026-09-19T17:36:27.088] Cog0  BM-TS,seq,2_612,tid,8,k,358,lt,FALSE,pos,92,hw,92,i,2,ph,2_353,d,2_271,e,38,st,SPIN_DN,flt,FALSE,up,TRUE,ig,0,o_pos,0,o_hw,0,o_i,NA,o_up,FALSE,why,NO_COG
[2026-09-19T17:36:27.091] Cog0  BM-TS,seq,2_613,tid,8,k,374,lt,FALSE,pos,93,hw,93,i,2,ph,2_409,d,2_104,e,43,st,SPIN_DN,flt,FALSE,up,TRUE,ig,0,o_pos,0,o_hw,0,o_i,NA,o_up,FALSE,why,NO_COG
[2026-09-19T17:36:27.094] Cog0  BM-TS,seq,2_614,tid,8,k,375,lt,FALSE,pos,93,hw,93,i,1,ph,2_413,d,2_064,e,46,st,SPIN_DN,flt,FALSE,up,TRUE,ig,0,o_pos,0,o_hw,0,o_i,NA,o_up,FALSE,why,NO_COG
[2026-09-19T17:36:27.096] Cog0  BM-TS,seq,2_615,tid,8,k,395,lt,FALSE,pos,94,hw,94,i,7,ph,2_338,d,2_480,e,46,st,SPIN_DN,flt,FALSE,up,TRUE,ig,0,o_pos,0,o_hw,0,o_i,NA,o_up,FALSE,why,NO_COG
[2026-09-19T17:36:27.099] Cog0  BM-TS,seq,2_616,tid,8,k,400,lt,FALSE,pos,94,hw,94,i,2,ph,2_338,d,2_157,e,54,st,SPIN_DN,flt,FALSE,up,TRUE,ig,0,o_pos,0,o_hw,0,o_i,NA,o_up,FALSE,why,NO_COG
[2026-09-19T17:36:27.102] Cog0  BM-TS,seq,2_617,tid,8,k,414,lt,FALSE,pos,95,hw,95,i,3,ph,2_374,d,1_600,e,28,st,SPIN_DN,flt,FALSE,up,TRUE,ig,0,o_pos,0,o_hw,0,o_i,NA,o_up,FALSE,why,NO_COG
[2026-09-19T17:36:27.104] Cog0  BM-TS,seq,2_618,tid,8,k,425,lt,FALSE,pos,95,hw,95,i,2,ph,2_398,d,1_600,e,35,st,SPIN_DN,flt,FALSE,up,TRUE,ig,0,o_pos,0,o_hw,0,o_i,NA,o_up,FALSE,why,NO_COG
[2026-09-19T17:36:27.107] Cog0  BM-TS,seq,2_619,tid,8,k,435,lt,FALSE,pos,95,hw,95,i,5,ph,2_403,d,1_600,e,37,st,STOPPED,flt,FALSE,up,TRUE,ig,0,o_pos,0,o_hw,0,o_i,NA,o_up,FALSE,why,NO_COG
[2026-09-19T17:36:27.109] Cog0  BM-TS,seq,2_620,tid,8,k,448,lt,FALSE,pos,96,hw,96,i,8,ph,2_392,d,1_600,e,-6,st,STOPPED,flt,FALSE,up,TRUE,ig,0,o_pos,0,o_hw,0,o_i,NA,o_up,FALSE,why,NO_COG
[2026-09-19T17:36:27.113] Cog0  BM-TS,seq,2_621,tid,8,k,450,lt,FALSE,pos,96,hw,96,i,7,ph,2_394,d,1_600,e,-6,st,STOPPED,flt,FALSE,up,TRUE,ig,0,o_pos,0,o_hw,0,o_i,NA,o_up,FALSE,why,NO_COG
[2026-09-19T17:36:27.116] Cog0  BM-TS,seq,2_622,tid,8,k,475,lt,FALSE,pos,96,hw,96,i,8,ph,2_378,d,1_600,e,-6,st,STOPPED,flt,FALSE,up,TRUE,ig,0,o_pos,0,o_hw,0,o_i,NA,o_up,FALSE,why,NO_COG
[2026-09-19T17:36:27.120] Cog0  BM-TS,seq,2_623,tid,8,k,500,lt,FALSE,pos,96,hw,96,i,8,ph,2_388,d,1_600,e,-6,st,STOPPED,flt,FALSE,up,TRUE,ig,0,o_pos,0,o_hw,0,o_i,NA,o_up,FALSE,why,NO_COG
[2026-09-19T17:36:27.124] Cog0  BM-TS,seq,2_624,tid,8,k,525,lt,FALSE,pos,96,hw,96,i,8,ph,2_381,d,1_600,e,-6,st,STOPPED,flt,FALSE,up,TRUE,ig,0,o_pos,0,o_hw,0,o_i,NA,o_up,FALSE,why,NO_COG
[2026-09-19T17:36:27.127] Cog0  BM-TS,seq,2_625,tid,8,k,550,lt,FALSE,pos,96,hw,96,i,8,ph,2_384,d,1_600,e,-6,st,STOPPED,flt,FALSE,up,TRUE,ig,0,o_pos,0,o_hw,0,o_i,NA,o_up,FALSE,why,NO_COG
[2026-09-19T17:36:27.131] Cog0  BM-TS,seq,2_626,tid,8,k,575,lt,FALSE,pos,96,hw,96,i,7,ph,2_380,d,1_600,e,-6,st,STOPPED,flt,FALSE,up,TRUE,ig,0,o_pos,0,o_hw,0,o_i,NA,o_up,FALSE,why,NO_COG
[2026-09-19T17:36:27.133] Cog0  BM-TS,seq,2_627,tid,8,k,600,lt,FALSE,pos,96,hw,96,i,9,ph,2_382,d,1_600,e,-6,st,STOPPED,flt,FALSE,up,TRUE,ig,0,o_pos,0,o_hw,0,o_i,NA,o_up,FALSE,why,NO_COG
[2026-09-19T17:36:27.135] Cog0  BM-TS,seq,2_628,tid,8,k,602,lt,FALSE,pos,96,hw,96,i,10,ph,2_386,d,1_600,e,-6,st,STOPPED,flt,FALSE,up,TRUE,ig,0,o_pos,0,o_hw,0,o_i,NA,o_up,FALSE,why,NO_COG
[2026-09-19T17:36:27.151] Cog0  BM-TRACE-END,seq,2_629,tid,8,stored,603,emitted,326,ksum,55_667,mark_k,50,late,0,skipped,0,lost_head,0,dropped,0,end,REST,rest_k,448,ig_sum,0,o_ig_sum,0,hw_skip,0,stride,1,why,NONE
[2026-09-19T17:36:27.170] Cog0  BM-SEG,seq,2_630,seg,BASELINE,event,END,attended,FALSE,items,8,faults,0,unrecov,0,ms,41_736,why,NONE
[2026-09-19T17:36:27.180] Cog0  BM-SEG,seq,2_631,seg,POSTFLT,event,BEGIN,attended,FALSE,items,0,faults,0,unrecov,0,ms,0,why,NONE
[2026-09-19T17:36:27.196] Cog3  INIT $0000_E90E $0003_868F load
[2026-09-19T17:36:27.196] Cog4  INIT $0000_0FA8 $0003_826B jump
[2026-09-19T17:36:29.273] Cog0  BM-START,seq,2_632,seg,POSTFLT,motor,LEFT,life,7,cog_ret,3,cog_ok,TRUE,board,REV_B,board_enum,22,ready,TRUE,ready_ms,0,off_neg,43,off_pos,317,missed,0,illegal,0,zero_x10,85,ph_x10,1_654,why,NONE
[2026-09-19T17:36:32.430] Cog0  BM-OFFREST,seq,2_633,motor,LEFT,want_neg,43,want_pos,317,off_neg,43,off_pos,317,ok,TRUE,why,NONE
[2026-09-19T17:36:32.447] Cog0  BM-TRACE,seq,2_634,tid,9,seg,POSTFLT,life,7,motor,LEFT,cause,FAULT,incre,-73_500_000,off_neg,43,off_pos,317,req_mode,FLOAT,ramp_inc,22,period_us,2_000,decim,1,pre,50,why,NONE
[2026-09-19T17:36:32.491] Cog0  BM-TS,seq,2_635,tid,9,k,0,lt,FALSE,pos,0,hw,0,i,931,ph,2_439,d,18_738,e,-33,st,AT_SPEED,flt,FALSE,up,TRUE,ig,0,o_pos,0,o_hw,0,o_i,NA,o_up,FALSE,why,NO_COG
[2026-09-19T17:36:32.494] Cog0  BM-TS,seq,2_636,tid,9,k,1,lt,FALSE,pos,0,hw,0,i,902,ph,2_807,d,18_705,e,-51,st,AT_SPEED,flt,FALSE,up,TRUE,ig,0,o_pos,0,o_hw,0,o_i,NA,o_up,FALSE,why,NO_COG
[2026-09-19T17:36:32.495] Cog0  BM-TS,seq,2_637,tid,9,k,2,lt,FALSE,pos,0,hw,0,i,936,ph,2_514,d,18_756,e,-68,st,AT_SPEED,flt,FALSE,up,TRUE,ig,0,o_pos,0,o_hw,0,o_i,NA,o_up,FALSE,why,NO_COG
[2026-09-19T17:36:32.498] Cog0  BM-TS,seq,2_638,tid,9,k,3,lt,FALSE,pos,-1,hw,-1,i,948,ph,2_214,d,18_703,e,-43,st,AT_SPEED,flt,FALSE,up,TRUE,ig,0,o_pos,0,o_hw,0,o_i,NA,o_up,FALSE,why,NO_COG
[2026-09-19T17:36:32.500] Cog0  BM-TS,seq,2_639,tid,9,k,4,lt,FALSE,pos,-1,hw,-1,i,951,ph,2_020,d,18_703,e,-56,st,AT_SPEED,flt,FALSE,up,TRUE,ig,0,o_pos,0,o_hw,0,o_i,NA,o_up,FALSE,why,NO_COG
[2026-09-19T17:36:32.501] Cog0  BM-TS,seq,2_640,tid,9,k,5,lt,FALSE,pos,-2,hw,-2,i,944,ph,2_406,d,18_754,e,-31,st,AT_SPEED,flt,FALSE,up,TRUE,ig,0,o_pos,0,o_hw,0,o_i,NA,o_up,FALSE,why,NO_COG
[2026-09-19T17:36:32.503] Cog0  BM-TS,seq,2_641,tid,9,k,6,lt,FALSE,pos,-2,hw,-2,i,910,ph,2_764,d,18_701,e,-49,st,AT_SPEED,flt,FALSE,up,TRUE,ig,0,o_pos,0,o_hw,0,o_i,NA,o_up,FALSE,why,NO_COG
[2026-09-19T17:36:32.505] Cog0  BM-TS,seq,2_642,tid,9,k,7,lt,FALSE,pos,-2,hw,-2,i,918,ph,2_555,d,18_755,e,-66,st,AT_SPEED,flt,FALSE,up,TRUE,ig,0,o_pos,0,o_hw,0,o_i,NA,o_up,FALSE,why,NO_COG
[2026-09-19T17:36:32.507] Cog0  BM-TS,seq,2_643,tid,9,k,8,lt,FALSE,pos,-3,hw,-3,i,939,ph,2_142,d,18_724,e,-41,st,AT_SPEED,flt,FALSE,up,TRUE,ig,0,o_pos,0,o_hw,0,o_i,NA,o_up,FALSE,why,NO_COG
[2026-09-19T17:36:32.509] Cog0  BM-TS,seq,2_644,tid,9,k,9,lt,FALSE,pos,-3,hw,-3,i,977,ph,1_945,d,18_705,e,-54,st,AT_SPEED,flt,FALSE,up,TRUE,ig,0,o_pos,0,o_hw,0,o_i,NA,o_up,FALSE,why,NO_COG
[2026-09-19T17:36:32.512] Cog0  BM-TS,seq,2_645,tid,9,k,10,lt,FALSE,pos,-4,hw,-4,i,954,ph,2_330,d,18_758,e,-29,st,AT_SPEED,flt,FALSE,up,TRUE,ig,0,o_pos,0,o_hw,0,o_i,NA,o_up,FALSE,why,NO_COG
[2026-09-19T17:36:32.513] Cog0  BM-TS,seq,2_646,tid,9,k,11,lt,FALSE,pos,-4,hw,-4,i,900,ph,2_693,d,18_708,e,-47,st,AT_SPEED,flt,FALSE,up,TRUE,ig,0,o_pos,0,o_hw,0,o_i,NA,o_up,FALSE,why,NO_COG
[2026-09-19T17:36:32.515] Cog0  BM-TS,seq,2_647,tid,9,k,12,lt,FALSE,pos,-4,hw,-4,i,917,ph,2_572,d,18_742,e,-64,st,AT_SPEED,flt,FALSE,up,TRUE,ig,0,o_pos,0,o_hw,0,o_i,NA,o_up,FALSE,why,NO_COG
[2026-09-19T17:36:32.516] Cog0  BM-TS,seq,2_648,tid,9,k,13,lt,FALSE,pos,-5,hw,-5,i,921,ph,2_175,d,18_727,e,-39,st,AT_SPEED,flt,FALSE,up,TRUE,ig,0,o_pos,0,o_hw,0,o_i,NA,o_up,FALSE,why,NO_COG
[2026-09-19T17:36:32.519] Cog0  BM-TS,seq,2_649,tid,9,k,14,lt,FALSE,pos,-5,hw,-5,i,975,ph,1_983,d,18_711,e,-56,st,AT_SPEED,flt,FALSE,up,TRUE,ig,0,o_pos,0,o_hw,0,o_i,NA,o_up,FALSE,why,NO_COG
[2026-09-19T17:36:32.521] Cog0  BM-TS,seq,2_650,tid,9,k,15,lt,FALSE,pos,-6,hw,-6,i,975,ph,2_289,d,18_773,e,-27,st,AT_SPEED,flt,FALSE,up,TRUE,ig,0,o_pos,0,o_hw,0,o_i,NA,o_up,FALSE,why,NO_COG
[2026-09-19T17:36:32.523] Cog0  BM-TS,seq,2_651,tid,9,k,16,lt,FALSE,pos,-6,hw,-6,i,912,ph,2_680,d,18_703,e,-44,st,AT_SPEED,flt,FALSE,up,TRUE,ig,0,o_pos,0,o_hw,0,o_i,NA,o_up,FALSE,why,NO_COG
[2026-09-19T17:36:32.525] Cog0  BM-TS,seq,2_652,tid,9,k,17,lt,FALSE,pos,-6,hw,-6,i,934,ph,2_650,d,18_740,e,-62,st,AT_SPEED,flt,FALSE,up,TRUE,ig,0,o_pos,0,o_hw,0,o_i,NA,o_up,FALSE,why,NO_COG
[2026-09-19T17:36:32.527] Cog0  BM-TS,seq,2_653,tid,9,k,18,lt,FALSE,pos,-7,hw,-7,i,913,ph,2_251,d,18_728,e,-37,st,AT_SPEED,flt,FALSE,up,TRUE,ig,0,o_pos,0,o_hw,0,o_i,NA,o_up,FALSE,why,NO_COG
[2026-09-19T17:36:32.529] Cog0  BM-TS,seq,2_654,tid,9,k,19,lt,FALSE,pos,-7,hw,-7,i,899,ph,1_981,d,18_692,e,-54,st,AT_SPEED,flt,FALSE,up,TRUE,ig,0,o_pos,0,o_hw,0,o_i,NA,o_up,FALSE,why,NO_COG
[2026-09-19T17:36:32.531] Cog0  BM-TS,seq,2_655,tid,9,k,20,lt,FALSE,pos,-7,hw,-7,i,997,ph,2_267,d,18_765,e,-72,st,AT_SPEED,flt,FALSE,up,TRUE,ig,0,o_pos,0,o_hw,0,o_i,NA,o_up,FALSE,why,NO_COG
[2026-09-19T17:36:32.533] Cog0  BM-TS,seq,2_656,tid,9,k,21,lt,FALSE,pos,-8,hw,-8,i,933,ph,2_638,d,18_713,e,-42,st,AT_SPEED,flt,FALSE,up,TRUE,ig,0,o_pos,0,o_hw,0,o_i,NA,o_up,FALSE,why,NO_COG
[2026-09-19T17:36:32.535] Cog0  BM-TS,seq,2_657,tid,9,k,22,lt,FALSE,pos,-8,hw,-8,i,939,ph,2_683,d,18_730,e,-60,st,AT_SPEED,flt,FALSE,up,TRUE,ig,0,o_pos,0,o_hw,0,o_i,NA,o_up,FALSE,why,NO_COG
[2026-09-19T17:36:32.537] Cog0  BM-TS,seq,2_658,tid,9,k,23,lt,FALSE,pos,-9,hw,-9,i,922,ph,2_274,d,18_746,e,-35,st,AT_SPEED,flt,FALSE,up,TRUE,ig,0,o_pos,0,o_hw,0,o_i,NA,o_up,FALSE,why,NO_COG
[2026-09-19T17:36:32.539] Cog0  BM-TS,seq,2_659,tid,9,k,24,lt,FALSE,pos,-9,hw,-9,i,909,ph,1_915,d,18_713,e,-52,st,AT_SPEED,flt,FALSE,up,TRUE,ig,0,o_pos,0,o_hw,0,o_i,NA,o_up,FALSE,why,NO_COG
[2026-09-19T17:36:32.541] Cog0  BM-TS,seq,2_660,tid,9,k,25,lt,FALSE,pos,-9,hw,-9,i,962,ph,2_283,d,18_787,e,-70,st,AT_SPEED,flt,FALSE,up,TRUE,ig,0,o_pos,0,o_hw,0,o_i,NA,o_up,FALSE,why,NO_COG
[2026-09-19T17:36:32.543] Cog0  BM-TS,seq,2_661,tid,9,k,26,lt,FALSE,pos,-10,hw,-10,i,947,ph,2_551,d,18_710,e,-45,st,AT_SPEED,flt,FALSE,up,TRUE,ig,0,o_pos,0,o_hw,0,o_i,NA,o_up,FALSE,why,NO_COG
[2026-09-19T17:36:32.545] Cog0  BM-TS,seq,2_662,tid,9,k,27,lt,FALSE,pos,-10,hw,-10,i,949,ph,2_696,d,18_730,e,-58,st,AT_SPEED,flt,FALSE,up,TRUE,ig,0,o_pos,0,o_hw,0,o_i,NA,o_up,FALSE,why,NO_COG
[2026-09-19T17:36:32.548] Cog0  BM-TS,seq,2_663,tid,9,k,28,lt,FALSE,pos,-11,hw,-11,i,937,ph,2_301,d,18_764,e,-33,st,AT_SPEED,flt,FALSE,up,TRUE,ig,0,o_pos,0,o_hw,0,o_i,NA,o_up,FALSE,why,NO_COG
[2026-09-19T17:36:32.549] Cog0  BM-TS,seq,2_664,tid,9,k,29,lt,FALSE,pos,-11,hw,-11,i,916,ph,1_949,d,18_711,e,-50,st,AT_SPEED,flt,FALSE,up,TRUE,ig,0,o_pos,0,o_hw,0,o_i,NA,o_up,FALSE,why,NO_COG
[2026-09-19T17:36:32.551] Cog0  BM-TS,seq,2_665,tid,9,k,30,lt,FALSE,pos,-11,hw,-11,i,927,ph,2_231,d,18_765,e,-68,st,AT_SPEED,flt,FALSE,up,TRUE,ig,0,o_pos,0,o_hw,0,o_i,NA,o_up,FALSE,why,NO_COG
[2026-09-19T17:36:32.554] Cog0  BM-TS,seq,2_666,tid,9,k,31,lt,FALSE,pos,-12,hw,-12,i,932,ph,2_645,d,18_732,e,-43,st,AT_SPEED,flt,FALSE,up,TRUE,ig,0,o_pos,0,o_hw,0,o_i,NA,o_up,FALSE,why,NO_COG
[2026-09-19T17:36:32.555] Cog0  BM-TS,seq,2_667,tid,9,k,32,lt,FALSE,pos,-12,hw,-12,i,975,ph,2_760,d,18_732,e,-56,st,AT_SPEED,flt,FALSE,up,TRUE,ig,0,o_pos,0,o_hw,0,o_i,NA,o_up,FALSE,why,NO_COG
[2026-09-19T17:36:32.557] Cog0  BM-TS,seq,2_668,tid,9,k,33,lt,FALSE,pos,-13,hw,-13,i,961,ph,2_387,d,18_768,e,-31,st,AT_SPEED,flt,FALSE,up,TRUE,ig,0,o_pos,0,o_hw,0,o_i,NA,o_up,FALSE,why,NO_COG
[2026-09-19T17:36:32.560] Cog0  BM-TS,seq,2_669,tid,9,k,34,lt,FALSE,pos,-13,hw,-13,i,910,ph,2_027,d,18_718,e,-48,st,AT_SPEED,flt,FALSE,up,TRUE,ig,0,o_pos,0,o_hw,0,o_i,NA,o_up,FALSE,why,NO_COG
[2026-09-19T17:36:32.561] Cog0  BM-TS,seq,2_670,tid,9,k,35,lt,FALSE,pos,-13,hw,-13,i,921,ph,2_199,d,18_775,e,-66,st,AT_SPEED,flt,FALSE,up,TRUE,ig,0,o_pos,0,o_hw,0,o_i,NA,o_up,FALSE,why,NO_COG
[2026-09-19T17:36:32.563] Cog0  BM-TS,seq,2_671,tid,9,k,36,lt,FALSE,pos,-14,hw,-14,i,907,ph,2_604,d,18_743,e,-40,st,AT_SPEED,flt,FALSE,up,TRUE,ig,0,o_pos,0,o_hw,0,o_i,NA,o_up,FALSE,why,NO_COG
[2026-09-19T17:36:32.566] Cog0  BM-TS,seq,2_672,tid,9,k,37,lt,FALSE,pos,-14,hw,-14,i,980,ph,2_719,d,18_730,e,-58,st,AT_SPEED,flt,FALSE,up,TRUE,ig,0,o_pos,0,o_hw,0,o_i,NA,o_up,FALSE,why,NO_COG
[2026-09-19T17:36:32.567] Cog0  BM-TS,seq,2_673,tid,9,k,38,lt,FALSE,pos,-15,hw,-15,i,981,ph,2_406,d,18_804,e,-28,st,AT_SPEED,flt,FALSE,up,TRUE,ig,0,o_pos,0,o_hw,0,o_i,NA,o_up,FALSE,why,NO_COG
[2026-09-19T17:36:32.570] Cog0  BM-TS,seq,2_674,tid,9,k,39,lt,FALSE,pos,-15,hw,-15,i,924,ph,2_032,d,18_757,e,-46,st,AT_SPEED,flt,FALSE,up,TRUE,ig,0,o_pos,0,o_hw,0,o_i,NA,o_up,FALSE,why,NO_COG
[2026-09-19T17:36:32.572] Cog0  BM-TS,seq,2_675,tid,9,k,40,lt,FALSE,pos,-15,hw,-15,i,932,ph,2_125,d,18_794,e,-63,st,AT_SPEED,flt,FALSE,up,TRUE,ig,0,o_pos,0,o_hw,0,o_i,NA,o_up,FALSE,why,NO_COG
[2026-09-19T17:36:32.574] Cog0  BM-TS,seq,2_676,tid,9,k,41,lt,FALSE,pos,-16,hw,-16,i,910,ph,2_523,d,18_779,e,-38,st,AT_SPEED,flt,FALSE,up,TRUE,ig,0,o_pos,0,o_hw,0,o_i,NA,o_up,FALSE,why,NO_COG
[2026-09-19T17:36:32.576] Cog0  BM-TS,seq,2_677,tid,9,k,42,lt,FALSE,pos,-16,hw,-16,i,928,ph,2_741,d,18_766,e,-56,st,AT_SPEED,flt,FALSE,up,TRUE,ig,0,o_pos,0,o_hw,0,o_i,NA,o_up,FALSE,why,NO_COG
[2026-09-19T17:36:32.578] Cog0  BM-TS,seq,2_678,tid,9,k,43,lt,FALSE,pos,-16,hw,-16,i,1_014,ph,2_418,d,18_839,e,-73,st,AT_SPEED,flt,FALSE,up,TRUE,ig,0,o_pos,0,o_hw,0,o_i,NA,o_up,FALSE,why,NO_COG
[2026-09-19T17:36:32.580] Cog0  BM-TS,seq,2_679,tid,9,k,44,lt,FALSE,pos,-17,hw,-17,i,946,ph,2_071,d,18_778,e,-44,st,AT_SPEED,flt,FALSE,up,TRUE,ig,0,o_pos,0,o_hw,0,o_i,NA,o_up,FALSE,why,NO_COG
[2026-09-19T17:36:32.582] Cog0  BM-TS,seq,2_680,tid,9,k,45,lt,FALSE,pos,-17,hw,-17,i,944,ph,2_088,d,18_818,e,-61,st,AT_SPEED,flt,FALSE,up,TRUE,ig,0,o_pos,0,o_hw,0,o_i,NA,o_up,FALSE,why,NO_COG
[2026-09-19T17:36:32.584] Cog0  BM-TS,seq,2_681,tid,9,k,46,lt,FALSE,pos,-18,hw,-18,i,933,ph,2_510,d,18_818,e,-36,st,AT_SPEED,flt,FALSE,up,TRUE,ig,0,o_pos,0,o_hw,0,o_i,NA,o_up,FALSE,why,NO_COG
[2026-09-19T17:36:32.586] Cog0  BM-TS,seq,2_682,tid,9,k,47,lt,FALSE,pos,-18,hw,-18,i,919,ph,2_808,d,18_785,e,-54,st,AT_SPEED,flt,FALSE,up,TRUE,ig,0,o_pos,0,o_hw,0,o_i,NA,o_up,FALSE,why,NO_COG
[2026-09-19T17:36:32.588] Cog0  BM-TS,seq,2_683,tid,9,k,48,lt,FALSE,pos,-18,hw,-18,i,974,ph,2_421,d,18_864,e,-71,st,AT_SPEED,flt,FALSE,up,TRUE,ig,0,o_pos,0,o_hw,0,o_i,NA,o_up,FALSE,why,NO_COG
[2026-09-19T17:36:32.590] Cog0  BM-TS,seq,2_684,tid,9,k,49,lt,FALSE,pos,-19,hw,-19,i,958,ph,2_150,d,18_800,e,-46,st,AT_SPEED,flt,FALSE,up,TRUE,ig,0,o_pos,0,o_hw,0,o_i,NA,o_up,FALSE,why,NO_COG
[2026-09-19T17:36:32.592] Cog0  BM-TS,seq,2_685,tid,9,k,50,lt,FALSE,pos,-19,hw,-19,i,10,ph,1_013,d,1_600,e,-125,st,FAULTED,flt,TRUE,up,TRUE,ig,0,o_pos,0,o_hw,0,o_i,NA,o_up,FALSE,why,NO_COG
[2026-09-19T17:36:32.594] Cog0  BM-TS,seq,2_686,tid,9,k,51,lt,FALSE,pos,-20,hw,-20,i,10,ph,998,d,1_600,e,-87,st,FAULTED,flt,TRUE,up,TRUE,ig,0,o_pos,0,o_hw,0,o_i,NA,o_up,FALSE,why,NO_COG
[2026-09-19T17:36:32.596] Cog0  BM-TS,seq,2_687,tid,9,k,52,lt,FALSE,pos,-20,hw,-20,i,9,ph,838,d,1_600,e,-100,st,FAULTED,flt,TRUE,up,TRUE,ig,0,o_pos,0,o_hw,0,o_i,NA,o_up,FALSE,why,NO_COG
[2026-09-19T17:36:32.598] Cog0  BM-TS,seq,2_688,tid,9,k,53,lt,FALSE,pos,-20,hw,-20,i,10,ph,541,d,1_600,e,-100,st,FAULTED,flt,TRUE,up,TRUE,ig,0,o_pos,0,o_hw,0,o_i,NA,o_up,FALSE,why,NO_COG
[2026-09-19T17:36:32.600] Cog0  BM-TS,seq,2_689,tid,9,k,54,lt,FALSE,pos,-21,hw,-21,i,10,ph,792,d,1_600,e,-70,st,FAULTED,flt,TRUE,up,TRUE,ig,0,o_pos,0,o_hw,0,o_i,NA,o_up,FALSE,why,NO_COG
[2026-09-19T17:36:32.602] Cog0  BM-TS,seq,2_690,tid,9,k,55,lt,FALSE,pos,-21,hw,-21,i,9,ph,959,d,1_600,e,-84,st,FAULTED,flt,TRUE,up,TRUE,ig,0,o_pos,0,o_hw,0,o_i,NA,o_up,FALSE,why,NO_COG
[2026-09-19T17:36:32.604] Cog0  BM-TS,seq,2_691,tid,9,k,56,lt,FALSE,pos,-22,hw,-22,i,9,ph,984,d,1_600,e,-58,st,FAULTED,flt,TRUE,up,TRUE,ig,0,o_pos,0,o_hw,0,o_i,NA,o_up,FALSE,why,NO_COG
[2026-09-19T17:36:32.606] Cog0  BM-TS,seq,2_692,tid,9,k,57,lt,FALSE,pos,-22,hw,-22,i,9,ph,866,d,1_600,e,-76,st,FAULTED,flt,TRUE,up,TRUE,ig,0,o_pos,0,o_hw,0,o_i,NA,o_up,FALSE,why,NO_COG
[2026-09-19T17:36:32.606] Cog0  BM-TS,seq,2_693,tid,9,k,58,lt,FALSE,pos,-22,hw,-22,i,10,ph,666,d,1_600,e,-94,st,FAULTED,flt,TRUE,up,TRUE,ig,0,o_pos,0,o_hw,0,o_i,NA,o_up,FALSE,why,NO_COG
[2026-09-19T17:36:32.610] Cog0  BM-TS,seq,2_694,tid,9,k,59,lt,FALSE,pos,-23,hw,-23,i,9,ph,721,d,1_600,e,-68,st,FAULTED,flt,TRUE,up,TRUE,ig,0,o_pos,0,o_hw,0,o_i,NA,o_up,FALSE,why,NO_COG
[2026-09-19T17:36:32.612] Cog0  BM-TS,seq,2_695,tid,9,k,60,lt,FALSE,pos,-23,hw,-23,i,10,ph,910,d,1_600,e,-86,st,FAULTED,flt,TRUE,up,TRUE,ig,0,o_pos,0,o_hw,0,o_i,NA,o_up,FALSE,why,NO_COG
[2026-09-19T17:36:32.614] Cog0  BM-TS,seq,2_696,tid,9,k,61,lt,FALSE,pos,-23,hw,-23,i,8,ph,980,d,1_600,e,-99,st,FAULTED,flt,TRUE,up,TRUE,ig,0,o_pos,0,o_hw,0,o_i,NA,o_up,FALSE,why,NO_COG
[2026-09-19T17:36:32.616] Cog0  BM-TS,seq,2_697,tid,9,k,62,lt,FALSE,pos,-24,hw,-24,i,8,ph,922,d,1_600,e,-74,st,FAULTED,flt,TRUE,up,TRUE,ig,0,o_pos,0,o_hw,0,o_i,NA,o_up,FALSE,why,NO_COG
[2026-09-19T17:36:32.617] Cog0  BM-TS,seq,2_698,tid,9,k,63,lt,FALSE,pos,-24,hw,-24,i,9,ph,720,d,1_600,e,-91,st,FAULTED,flt,TRUE,up,TRUE,ig,0,o_pos,0,o_hw,0,o_i,NA,o_up,FALSE,why,NO_COG
[2026-09-19T17:36:32.620] Cog0  BM-TS,seq,2_699,tid,9,k,64,lt,FALSE,pos,-25,hw,-25,i,8,ph,611,d,1_600,e,-62,st,FAULTED,flt,TRUE,up,TRUE,ig,0,o_pos,0,o_hw,0,o_i,NA,o_up,FALSE,why,NO_COG
[2026-09-19T17:36:32.622] Cog0  BM-TS,seq,2_700,tid,9,k,65,lt,FALSE,pos,-25,hw,-25,i,8,ph,861,d,1_600,e,-79,st,FAULTED,flt,TRUE,up,TRUE,ig,0,o_pos,0,o_hw,0,o_i,NA,o_up,FALSE,why,NO_COG
[2026-09-19T17:36:32.623] Cog0  BM-TS,seq,2_701,tid,9,k,66,lt,FALSE,pos,-25,hw,-25,i,8,ph,954,d,1_600,e,-97,st,FAULTED,flt,TRUE,up,TRUE,ig,0,o_pos,0,o_hw,0,o_i,NA,o_up,FALSE,why,NO_COG
[2026-09-19T17:36:32.626] Cog0  BM-TS,seq,2_702,tid,9,k,67,lt,FALSE,pos,-26,hw,-26,i,9,ph,930,d,1_600,e,-63,st,FAULTED,flt,TRUE,up,TRUE,ig,0,o_pos,0,o_hw,0,o_i,NA,o_up,FALSE,why,NO_COG
[2026-09-19T17:36:32.627] Cog0  BM-TS,seq,2_703,tid,9,k,68,lt,FALSE,pos,-26,hw,-26,i,8,ph,792,d,1_600,e,-81,st,FAULTED,flt,TRUE,up,TRUE,ig,0,o_pos,0,o_hw,0,o_i,NA,o_up,FALSE,why,NO_COG
[2026-09-19T17:36:32.629] Cog0  BM-TS,seq,2_704,tid,9,k,69,lt,FALSE,pos,-26,hw,-26,i,8,ph,617,d,1_600,e,-98,st,FAULTED,flt,TRUE,up,TRUE,ig,0,o_pos,0,o_hw,0,o_i,NA,o_up,FALSE,why,NO_COG
[2026-09-19T17:36:32.631] Cog0  BM-TS,seq,2_705,tid,9,k,70,lt,FALSE,pos,-27,hw,-27,i,8,ph,673,d,1_600,e,-69,st,FAULTED,flt,TRUE,up,TRUE,ig,0,o_pos,0,o_hw,0,o_i,NA,o_up,FALSE,why,NO_COG
[2026-09-19T17:36:32.633] Cog0  BM-TS,seq,2_706,tid,9,k,71,lt,FALSE,pos,-27,hw,-27,i,8,ph,865,d,1_600,e,-86,st,FAULTED,flt,TRUE,up,TRUE,ig,0,o_pos,0,o_hw,0,o_i,NA,o_up,FALSE,why,NO_COG
[2026-09-19T17:36:32.635] Cog0  BM-TS,seq,2_707,tid,9,k,72,lt,FALSE,pos,-27,hw,-27,i,10,ph,927,d,1_600,e,-104,st,FAULTED,flt,TRUE,up,TRUE,ig,0,o_pos,0,o_hw,0,o_i,NA,o_up,FALSE,why,NO_COG
[2026-09-19T17:36:32.637] Cog0  BM-TS,seq,2_708,tid,9,k,73,lt,FALSE,pos,-28,hw,-28,i,8,ph,858,d,1_600,e,-74,st,FAULTED,flt,TRUE,up,TRUE,ig,0,o_pos,0,o_hw,0,o_i,NA,o_up,FALSE,why,NO_COG
[2026-09-19T17:36:32.639] Cog0  BM-TS,seq,2_709,tid,9,k,74,lt,FALSE,pos,-28,hw,-28,i,9,ph,684,d,1_600,e,-92,st,FAULTED,flt,TRUE,up,TRUE,ig,0,o_pos,0,o_hw,0,o_i,NA,o_up,FALSE,why,NO_COG
[2026-09-19T17:36:32.641] Cog0  BM-TS,seq,2_710,tid,9,k,75,lt,FALSE,pos,-28,hw,-28,i,8,ph,568,d,1_600,e,-100,st,FAULTED,flt,TRUE,up,TRUE,ig,0,o_pos,0,o_hw,0,o_i,NA,o_up,FALSE,why,NO_COG
[2026-09-19T17:36:32.643] Cog0  BM-TS,seq,2_711,tid,9,k,76,lt,FALSE,pos,-29,hw,-29,i,10,ph,733,d,1_600,e,-71,st,FAULTED,flt,TRUE,up,TRUE,ig,0,o_pos,0,o_hw,0,o_i,NA,o_up,FALSE,why,NO_COG
[2026-09-19T17:36:32.645] Cog0  BM-TS,seq,2_712,tid,9,k,77,lt,FALSE,pos,-29,hw,-29,i,9,ph,871,d,1_600,e,-88,st,FAULTED,flt,TRUE,up,TRUE,ig,0,o_pos,0,o_hw,0,o_i,NA,o_up,FALSE,why,NO_COG
[2026-09-19T17:36:32.647] Cog0  BM-TS,seq,2_713,tid,9,k,78,lt,FALSE,pos,-29,hw,-29,i,9,ph,897,d,1_600,e,-102,st,FAULTED,flt,TRUE,up,TRUE,ig,0,o_pos,0,o_hw,0,o_i,NA,o_up,FALSE,why,NO_COG
[2026-09-19T17:36:32.649] Cog0  BM-TS,seq,2_714,tid,9,k,79,lt,FALSE,pos,-30,hw,-30,i,8,ph,828,d,1_600,e,-72,st,FAULTED,flt,TRUE,up,TRUE,ig,0,o_pos,0,o_hw,0,o_i,NA,o_up,FALSE,why,NO_COG
[2026-09-19T17:36:32.651] Cog0  BM-TS,seq,2_715,tid,9,k,80,lt,FALSE,pos,-30,hw,-30,i,10,ph,670,d,1_600,e,-90,st,FAULTED,flt,TRUE,up,TRUE,ig,0,o_pos,0,o_hw,0,o_i,NA,o_up,FALSE,why,NO_COG
[2026-09-19T17:36:32.653] Cog0  BM-TS,seq,2_716,tid,9,k,81,lt,FALSE,pos,-31,hw,-31,i,8,ph,549,d,1_600,e,-64,st,FAULTED,flt,TRUE,up,TRUE,ig,0,o_pos,0,o_hw,0,o_i,NA,o_up,FALSE,why,NO_COG
[2026-09-19T17:36:32.655] Cog0  BM-TS,seq,2_717,tid,9,k,82,lt,FALSE,pos,-31,hw,-31,i,10,ph,764,d,1_600,e,-82,st,FAULTED,flt,TRUE,up,TRUE,ig,0,o_pos,0,o_hw,0,o_i,NA,o_up,FALSE,why,NO_COG
[2026-09-19T17:36:32.657] Cog0  BM-TS,seq,2_718,tid,9,k,83,lt,FALSE,pos,-31,hw,-31,i,10,ph,865,d,1_600,e,-99,st,FAULTED,flt,TRUE,up,TRUE,ig,0,o_pos,0,o_hw,0,o_i,NA,o_up,FALSE,why,NO_COG
[2026-09-19T17:36:32.659] Cog0  BM-TS,seq,2_719,tid,9,k,84,lt,FALSE,pos,-32,hw,-32,i,9,ph,869,d,1_600,e,-61,st,FAULTED,flt,TRUE,up,TRUE,ig,0,o_pos,0,o_hw,0,o_i,NA,o_up,FALSE,why,NO_COG
[2026-09-19T17:36:32.661] Cog0  BM-TS,seq,2_720,tid,9,k,85,lt,FALSE,pos,-32,hw,-32,i,9,ph,792,d,1_600,e,-79,st,FAULTED,flt,TRUE,up,TRUE,ig,0,o_pos,0,o_hw,0,o_i,NA,o_up,FALSE,why,NO_COG
[2026-09-19T17:36:32.663] Cog0  BM-TS,seq,2_721,tid,9,k,86,lt,FALSE,pos,-32,hw,-32,i,9,ph,625,d,1_600,e,-96,st,FAULTED,flt,TRUE,up,TRUE,ig,0,o_pos,0,o_hw,0,o_i,NA,o_up,FALSE,why,NO_COG
[2026-09-19T17:36:32.665] Cog0  BM-TS,seq,2_722,tid,9,k,87,lt,FALSE,pos,-33,hw,-33,i,9,ph,514,d,1_600,e,-62,st,FAULTED,flt,TRUE,up,TRUE,ig,0,o_pos,0,o_hw,0,o_i,NA,o_up,FALSE,why,NO_COG
[2026-09-19T17:36:32.667] Cog0  BM-TS,seq,2_723,tid,9,k,88,lt,FALSE,pos,-33,hw,-33,i,9,ph,705,d,1_600,e,-80,st,FAULTED,flt,TRUE,up,TRUE,ig,0,o_pos,0,o_hw,0,o_i,NA,o_up,FALSE,why,NO_COG
[2026-09-19T17:36:32.669] Cog0  BM-TS,seq,2_724,tid,9,k,89,lt,FALSE,pos,-33,hw,-33,i,9,ph,817,d,1_600,e,-97,st,FAULTED,flt,TRUE,up,TRUE,ig,0,o_pos,0,o_hw,0,o_i,NA,o_up,FALSE,why,NO_COG
[2026-09-19T17:36:32.671] Cog0  BM-TS,seq,2_725,tid,9,k,90,lt,FALSE,pos,-34,hw,-34,i,8,ph,840,d,1_600,e,-59,st,FAULTED,flt,TRUE,up,TRUE,ig,0,o_pos,0,o_hw,0,o_i,NA,o_up,FALSE,why,NO_COG
[2026-09-19T17:36:32.673] Cog0  BM-TS,seq,2_726,tid,9,k,91,lt,FALSE,pos,-34,hw,-34,i,8,ph,780,d,1_600,e,-77,st,FAULTED,flt,TRUE,up,TRUE,ig,0,o_pos,0,o_hw,0,o_i,NA,o_up,FALSE,why,NO_COG
[2026-09-19T17:36:32.675] Cog0  BM-TS,seq,2_727,tid,9,k,92,lt,FALSE,pos,-34,hw,-34,i,11,ph,637,d,1_600,e,-94,st,FAULTED,flt,TRUE,up,TRUE,ig,0,o_pos,0,o_hw,0,o_i,NA,o_up,FALSE,why,NO_COG
[2026-09-19T17:36:32.677] Cog0  BM-TS,seq,2_728,tid,9,k,93,lt,FALSE,pos,-34,hw,-34,i,9,ph,511,d,1_600,e,-103,st,FAULTED,flt,TRUE,up,TRUE,ig,0,o_pos,0,o_hw,0,o_i,NA,o_up,FALSE,why,NO_COG
[2026-09-19T17:36:32.679] Cog0  BM-TS,seq,2_729,tid,9,k,94,lt,FALSE,pos,-35,hw,-35,i,9,ph,654,d,1_600,e,-78,st,FAULTED,flt,TRUE,up,TRUE,ig,0,o_pos,0,o_hw,0,o_i,NA,o_up,FALSE,why,NO_COG
[2026-09-19T17:36:32.681] Cog0  BM-TS,seq,2_730,tid,9,k,95,lt,FALSE,pos,-35,hw,-35,i,8,ph,776,d,1_600,e,-95,st,FAULTED,flt,TRUE,up,TRUE,ig,0,o_pos,0,o_hw,0,o_i,NA,o_up,FALSE,why,NO_COG
[2026-09-19T17:36:32.683] Cog0  BM-TS,seq,2_731,tid,9,k,96,lt,FALSE,pos,-35,hw,-35,i,9,ph,812,d,1_600,e,-100,st,FAULTED,flt,TRUE,up,TRUE,ig,0,o_pos,0,o_hw,0,o_i,NA,o_up,FALSE,why,NO_COG
[2026-09-19T17:36:32.685] Cog0  BM-TS,seq,2_732,tid,9,k,97,lt,FALSE,pos,-36,hw,-36,i,9,ph,789,d,1_600,e,-66,st,FAULTED,flt,TRUE,up,TRUE,ig,0,o_pos,0,o_hw,0,o_i,NA,o_up,FALSE,why,NO_COG
[2026-09-19T17:36:32.687] Cog0  BM-TS,seq,2_733,tid,9,k,98,lt,FALSE,pos,-36,hw,-36,i,10,ph,689,d,1_600,e,-83,st,FAULTED,flt,TRUE,up,TRUE,ig,0,o_pos,0,o_hw,0,o_i,NA,o_up,FALSE,why,NO_COG
[2026-09-19T17:36:32.689] Cog0  BM-TS,seq,2_734,tid,9,k,99,lt,FALSE,pos,-36,hw,-36,i,9,ph,560,d,1_600,e,-101,st,FAULTED,flt,TRUE,up,TRUE,ig,0,o_pos,0,o_hw,0,o_i,NA,o_up,FALSE,why,NO_COG
[2026-09-19T17:36:32.691] Cog0  BM-TS,seq,2_735,tid,9,k,100,lt,FALSE,pos,-37,hw,-37,i,8,ph,569,d,1_600,e,-67,st,FAULTED,flt,TRUE,up,TRUE,ig,0,o_pos,0,o_hw,0,o_i,NA,o_up,FALSE,why,NO_COG
[2026-09-19T17:36:32.693] Cog0  BM-TS,seq,2_736,tid,9,k,101,lt,FALSE,pos,-37,hw,-37,i,9,ph,727,d,1_600,e,-80,st,FAULTED,flt,TRUE,up,TRUE,ig,0,o_pos,0,o_hw,0,o_i,NA,o_up,FALSE,why,NO_COG
[2026-09-19T17:36:32.695] Cog0  BM-TS,seq,2_737,tid,9,k,102,lt,FALSE,pos,-37,hw,-37,i,11,ph,797,d,1_600,e,-98,st,FAULTED,flt,TRUE,up,TRUE,ig,0,o_pos,0,o_hw,0,o_i,NA,o_up,FALSE,why,NO_COG
[2026-09-19T17:36:32.697] Cog0  BM-TS,seq,2_738,tid,9,k,103,lt,FALSE,pos,-38,hw,-38,i,8,ph,784,d,1_600,e,-59,st,FAULTED,flt,TRUE,up,TRUE,ig,0,o_pos,0,o_hw,0,o_i,NA,o_up,FALSE,why,NO_COG
[2026-09-19T17:36:32.699] Cog0  BM-TS,seq,2_739,tid,9,k,104,lt,FALSE,pos,-38,hw,-38,i,9,ph,711,d,1_600,e,-77,st,FAULTED,flt,TRUE,up,TRUE,ig,0,o_pos,0,o_hw,0,o_i,NA,o_up,FALSE,why,NO_COG
[2026-09-19T17:36:32.701] Cog0  BM-TS,seq,2_740,tid,9,k,105,lt,FALSE,pos,-38,hw,-38,i,10,ph,591,d,1_600,e,-94,st,FAULTED,flt,TRUE,up,TRUE,ig,0,o_pos,0,o_hw,0,o_i,NA,o_up,FALSE,why,NO_COG
[2026-09-19T17:36:32.703] Cog0  BM-TS,seq,2_741,tid,9,k,106,lt,FALSE,pos,-38,hw,-38,i,8,ph,450,d,1_600,e,-103,st,FAULTED,flt,TRUE,up,TRUE,ig,0,o_pos,0,o_hw,0,o_i,NA,o_up,FALSE,why,NO_COG
[2026-09-19T17:36:32.705] Cog0  BM-TS,seq,2_742,tid,9,k,107,lt,FALSE,pos,-39,hw,-39,i,9,ph,572,d,1_600,e,-69,st,FAULTED,flt,TRUE,up,TRUE,ig,0,o_pos,0,o_hw,0,o_i,NA,o_up,FALSE,why,NO_COG
[2026-09-19T17:36:32.707] Cog0  BM-TS,seq,2_743,tid,9,k,108,lt,FALSE,pos,-39,hw,-39,i,9,ph,714,d,1_600,e,-87,st,FAULTED,flt,TRUE,up,TRUE,ig,0,o_pos,0,o_hw,0,o_i,NA,o_up,FALSE,why,NO_COG
[2026-09-19T17:36:32.709] Cog0  BM-TS,seq,2_744,tid,9,k,109,lt,FALSE,pos,-39,hw,-39,i,8,ph,758,d,1_600,e,-100,st,FAULTED,flt,TRUE,up,TRUE,ig,0,o_pos,0,o_hw,0,o_i,NA,o_up,FALSE,why,NO_COG
[2026-09-19T17:36:32.711] Cog0  BM-TS,seq,2_745,tid,9,k,110,lt,FALSE,pos,-40,hw,-40,i,10,ph,736,d,1_600,e,-62,st,FAULTED,flt,TRUE,up,TRUE,ig,0,o_pos,0,o_hw,0,o_i,NA,o_up,FALSE,why,NO_COG
[2026-09-19T17:36:32.713] Cog0  BM-TS,seq,2_746,tid,9,k,111,lt,FALSE,pos,-40,hw,-40,i,10,ph,659,d,1_600,e,-79,st,FAULTED,flt,TRUE,up,TRUE,ig,0,o_pos,0,o_hw,0,o_i,NA,o_up,FALSE,why,NO_COG
[2026-09-19T17:36:32.715] Cog0  BM-TS,seq,2_747,tid,9,k,112,lt,FALSE,pos,-40,hw,-40,i,9,ph,557,d,1_600,e,-97,st,FAULTED,flt,TRUE,up,TRUE,ig,0,o_pos,0,o_hw,0,o_i,NA,o_up,FALSE,why,NO_COG
[2026-09-19T17:36:32.717] Cog0  BM-TS,seq,2_748,tid,9,k,113,lt,FALSE,pos,-41,hw,-41,i,8,ph,427,d,1_600,e,-58,st,FAULTED,flt,TRUE,up,TRUE,ig,0,o_pos,0,o_hw,0,o_i,NA,o_up,FALSE,why,NO_COG
[2026-09-19T17:36:32.719] Cog0  BM-TS,seq,2_749,tid,9,k,114,lt,FALSE,pos,-41,hw,-41,i,8,ph,571,d,1_600,e,-76,st,FAULTED,flt,TRUE,up,TRUE,ig,0,o_pos,0,o_hw,0,o_i,NA,o_up,FALSE,why,NO_COG
[2026-09-19T17:36:32.721] Cog0  BM-TS,seq,2_750,tid,9,k,115,lt,FALSE,pos,-41,hw,-41,i,8,ph,688,d,1_600,e,-93,st,FAULTED,flt,TRUE,up,TRUE,ig,0,o_pos,0,o_hw,0,o_i,NA,o_up,FALSE,why,NO_COG
[2026-09-19T17:36:32.723] Cog0  BM-TS,seq,2_751,tid,9,k,116,lt,FALSE,pos,-41,hw,-41,i,10,ph,738,d,1_600,e,-102,st,FAULTED,flt,TRUE,up,TRUE,ig,0,o_pos,0,o_hw,0,o_i,NA,o_up,FALSE,why,NO_COG
[2026-09-19T17:36:32.725] Cog0  BM-TS,seq,2_752,tid,9,k,117,lt,FALSE,pos,-42,hw,-42,i,8,ph,724,d,1_600,e,-68,st,FAULTED,flt,TRUE,up,TRUE,ig,0,o_pos,0,o_hw,0,o_i,NA,o_up,FALSE,why,NO_COG
[2026-09-19T17:36:32.727] Cog0  BM-TS,seq,2_753,tid,9,k,118,lt,FALSE,pos,-42,hw,-42,i,8,ph,665,d,1_600,e,-86,st,FAULTED,flt,TRUE,up,TRUE,ig,0,o_pos,0,o_hw,0,o_i,NA,o_up,FALSE,why,NO_COG
[2026-09-19T17:36:32.729] Cog0  BM-TS,seq,2_754,tid,9,k,119,lt,FALSE,pos,-42,hw,-42,i,9,ph,567,d,1_600,e,-99,st,FAULTED,flt,TRUE,up,TRUE,ig,0,o_pos,0,o_hw,0,o_i,NA,o_up,FALSE,why,NO_COG
[2026-09-19T17:36:32.731] Cog0  BM-TS,seq,2_755,tid,9,k,120,lt,FALSE,pos,-42,hw,-42,i,8,ph,441,d,1_600,e,-103,st,FAULTED,flt,TRUE,up,TRUE,ig,0,o_pos,0,o_hw,0,o_i,NA,o_up,FALSE,why,NO_COG
[2026-09-19T17:36:32.733] Cog0  BM-TS,seq,2_756,tid,9,k,121,lt,FALSE,pos,-43,hw,-43,i,10,ph,548,d,1_600,e,-74,st,FAULTED,flt,TRUE,up,TRUE,ig,0,o_pos,0,o_hw,0,o_i,NA,o_up,FALSE,why,NO_COG
[2026-09-19T17:36:32.734] Cog0  BM-TS,seq,2_757,tid,9,k,122,lt,FALSE,pos,-43,hw,-43,i,9,ph,649,d,1_600,e,-91,st,FAULTED,flt,TRUE,up,TRUE,ig,0,o_pos,0,o_hw,0,o_i,NA,o_up,FALSE,why,NO_COG
[2026-09-19T17:36:32.737] Cog0  BM-TS,seq,2_758,tid,9,k,123,lt,FALSE,pos,-43,hw,-43,i,11,ph,700,d,1_600,e,-100,st,FAULTED,flt,TRUE,up,TRUE,ig,0,o_pos,0,o_hw,0,o_i,NA,o_up,FALSE,why,NO_COG
[2026-09-19T17:36:32.739] Cog0  BM-TS,seq,2_759,tid,9,k,124,lt,FALSE,pos,-44,hw,-44,i,9,ph,703,d,1_600,e,-62,st,FAULTED,flt,TRUE,up,TRUE,ig,0,o_pos,0,o_hw,0,o_i,NA,o_up,FALSE,why,NO_COG
[2026-09-19T17:36:32.741] Cog0  BM-TS,seq,2_760,tid,9,k,125,lt,FALSE,pos,-44,hw,-44,i,9,ph,667,d,1_600,e,-75,st,FAULTED,flt,TRUE,up,TRUE,ig,0,o_pos,0,o_hw,0,o_i,NA,o_up,FALSE,why,NO_COG
[2026-09-19T17:36:32.743] Cog0  BM-TS,seq,2_761,tid,9,k,126,lt,FALSE,pos,-44,hw,-44,i,9,ph,582,d,1_600,e,-92,st,FAULTED,flt,TRUE,up,TRUE,ig,0,o_pos,0,o_hw,0,o_i,NA,o_up,FALSE,why,NO_COG
[2026-09-19T17:36:32.744] Cog0  BM-TS,seq,2_762,tid,9,k,127,lt,FALSE,pos,-44,hw,-44,i,8,ph,462,d,1_600,e,-101,st,FAULTED,flt,TRUE,up,TRUE,ig,0,o_pos,0,o_hw,0,o_i,NA,o_up,FALSE,why,NO_COG
[2026-09-19T17:36:32.747] Cog0  BM-TS,seq,2_763,tid,9,k,128,lt,FALSE,pos,-45,hw,-45,i,8,ph,426,d,1_600,e,-63,st,FAULTED,flt,TRUE,up,TRUE,ig,0,o_pos,0,o_hw,0,o_i,NA,o_up,FALSE,why,NO_COG
[2026-09-19T17:36:32.749] Cog0  BM-TS,seq,2_764,tid,9,k,129,lt,FALSE,pos,-45,hw,-45,i,8,ph,552,d,1_600,e,-80,st,FAULTED,flt,TRUE,up,TRUE,ig,0,o_pos,0,o_hw,0,o_i,NA,o_up,FALSE,why,NO_COG
[2026-09-19T17:36:32.750] Cog0  BM-TS,seq,2_765,tid,9,k,130,lt,FALSE,pos,-45,hw,-45,i,9,ph,633,d,1_600,e,-94,st,FAULTED,flt,TRUE,up,TRUE,ig,0,o_pos,0,o_hw,0,o_i,NA,o_up,FALSE,why,NO_COG
[2026-09-19T17:36:32.753] Cog0  BM-TS,seq,2_766,tid,9,k,131,lt,FALSE,pos,-45,hw,-45,i,8,ph,653,d,1_600,e,-102,st,FAULTED,flt,TRUE,up,TRUE,ig,0,o_pos,0,o_hw,0,o_i,NA,o_up,FALSE,why,NO_COG
[2026-09-19T17:36:32.754] Cog0  BM-TS,seq,2_767,tid,9,k,132,lt,FALSE,pos,-46,hw,-46,i,10,ph,646,d,1_600,e,-68,st,FAULTED,flt,TRUE,up,TRUE,ig,0,o_pos,0,o_hw,0,o_i,NA,o_up,FALSE,why,NO_COG
[2026-09-19T17:36:32.757] Cog0  BM-TS,seq,2_768,tid,9,k,133,lt,FALSE,pos,-46,hw,-46,i,9,ph,597,d,1_600,e,-86,st,FAULTED,flt,TRUE,up,TRUE,ig,0,o_pos,0,o_hw,0,o_i,NA,o_up,FALSE,why,NO_COG
[2026-09-19T17:36:32.759] Cog0  BM-TS,seq,2_769,tid,9,k,134,lt,FALSE,pos,-46,hw,-46,i,8,ph,515,d,1_600,e,-103,st,FAULTED,flt,TRUE,up,TRUE,ig,0,o_pos,0,o_hw,0,o_i,NA,o_up,FALSE,why,NO_COG
[2026-09-19T17:36:32.760] Cog0  BM-TS,seq,2_770,tid,9,k,135,lt,FALSE,pos,-46,hw,-46,i,8,ph,402,d,1_600,e,-103,st,FAULTED,flt,TRUE,up,TRUE,ig,0,o_pos,0,o_hw,0,o_i,NA,o_up,FALSE,why,NO_COG
[2026-09-19T17:36:32.763] Cog0  BM-TS,seq,2_771,tid,9,k,136,lt,FALSE,pos,-47,hw,-47,i,9,ph,426,d,1_600,e,-65,st,FAULTED,flt,TRUE,up,TRUE,ig,0,o_pos,0,o_hw,0,o_i,NA,o_up,FALSE,why,NO_COG
[2026-09-19T17:36:32.764] Cog0  BM-TS,seq,2_772,tid,9,k,137,lt,FALSE,pos,-47,hw,-47,i,8,ph,544,d,1_600,e,-83,st,FAULTED,flt,TRUE,up,TRUE,ig,0,o_pos,0,o_hw,0,o_i,NA,o_up,FALSE,why,NO_COG
[2026-09-19T17:36:32.767] Cog0  BM-TS,seq,2_773,tid,9,k,138,lt,FALSE,pos,-47,hw,-47,i,9,ph,618,d,1_600,e,-100,st,FAULTED,flt,TRUE,up,TRUE,ig,0,o_pos,0,o_hw,0,o_i,NA,o_up,FALSE,why,NO_COG
[2026-09-19T17:36:32.769] Cog0  BM-TS,seq,2_774,tid,9,k,139,lt,FALSE,pos,-47,hw,-47,i,9,ph,642,d,1_600,e,-100,st,FAULTED,flt,TRUE,up,TRUE,ig,0,o_pos,0,o_hw,0,o_i,NA,o_up,FALSE,why,NO_COG
[2026-09-19T17:36:32.771] Cog0  BM-TS,seq,2_775,tid,9,k,140,lt,FALSE,pos,-48,hw,-48,i,9,ph,631,d,1_600,e,-66,st,FAULTED,flt,TRUE,up,TRUE,ig,0,o_pos,0,o_hw,0,o_i,NA,o_up,FALSE,why,NO_COG
[2026-09-19T17:36:32.773] Cog0  BM-TS,seq,2_776,tid,9,k,141,lt,FALSE,pos,-48,hw,-48,i,8,ph,587,d,1_600,e,-84,st,FAULTED,flt,TRUE,up,TRUE,ig,0,o_pos,0,o_hw,0,o_i,NA,o_up,FALSE,why,NO_COG
[2026-09-19T17:36:32.773] Cog0  BM-TS,seq,2_777,tid,9,k,142,lt,FALSE,pos,-48,hw,-48,i,8,ph,516,d,1_600,e,-97,st,FAULTED,flt,TRUE,up,TRUE,ig,0,o_pos,0,o_hw,0,o_i,NA,o_up,FALSE,why,NO_COG
[2026-09-19T17:36:32.776] Cog0  BM-TS,seq,2_778,tid,9,k,143,lt,FALSE,pos,-48,hw,-48,i,9,ph,419,d,1_600,e,-101,st,FAULTED,flt,TRUE,up,TRUE,ig,0,o_pos,0,o_hw,0,o_i,NA,o_up,FALSE,why,NO_COG
[2026-09-19T17:36:32.779] Cog0  BM-TS,seq,2_779,tid,9,k,144,lt,FALSE,pos,-49,hw,-49,i,8,ph,376,d,1_600,e,-63,st,FAULTED,flt,TRUE,up,TRUE,ig,0,o_pos,0,o_hw,0,o_i,NA,o_up,FALSE,why,NO_COG
[2026-09-19T17:36:32.780] Cog0  BM-TS,seq,2_780,tid,9,k,145,lt,FALSE,pos,-49,hw,-49,i,7,ph,480,d,1_600,e,-81,st,FAULTED,flt,TRUE,up,TRUE,ig,0,o_pos,0,o_hw,0,o_i,NA,o_up,FALSE,why,NO_COG
[2026-09-19T17:36:32.782] Cog0  BM-TS,seq,2_781,tid,9,k,146,lt,FALSE,pos,-49,hw,-49,i,9,ph,564,d,1_600,e,-98,st,FAULTED,flt,TRUE,up,TRUE,ig,0,o_pos,0,o_hw,0,o_i,NA,o_up,FALSE,why,NO_COG
[2026-09-19T17:36:32.785] Cog0  BM-TS,seq,2_782,tid,9,k,147,lt,FALSE,pos,-49,hw,-49,i,8,ph,600,d,1_600,e,-102,st,FAULTED,flt,TRUE,up,TRUE,ig,0,o_pos,0,o_hw,0,o_i,NA,o_up,FALSE,why,NO_COG
[2026-09-19T17:36:32.786] Cog0  BM-TS,seq,2_783,tid,9,k,148,lt,FALSE,pos,-49,hw,-49,i,8,ph,606,d,1_600,e,-102,st,FAULTED,flt,TRUE,up,TRUE,ig,0,o_pos,0,o_hw,0,o_i,NA,o_up,FALSE,why,NO_COG
[2026-09-19T17:36:32.789] Cog0  BM-TS,seq,2_784,tid,9,k,149,lt,FALSE,pos,-50,hw,-50,i,7,ph,575,d,1_600,e,-73,st,FAULTED,flt,TRUE,up,TRUE,ig,0,o_pos,0,o_hw,0,o_i,NA,o_up,FALSE,why,NO_COG
[2026-09-19T17:36:32.790] Cog0  BM-TS,seq,2_785,tid,9,k,150,lt,FALSE,pos,-50,hw,-50,i,10,ph,533,d,1_600,e,-90,st,FAULTED,flt,TRUE,up,TRUE,ig,0,o_pos,0,o_hw,0,o_i,NA,o_up,FALSE,why,NO_COG
[2026-09-19T17:36:32.792] Cog0  BM-TS,seq,2_786,tid,9,k,151,lt,FALSE,pos,-50,hw,-50,i,8,ph,448,d,1_600,e,-104,st,FAULTED,flt,TRUE,up,TRUE,ig,0,o_pos,0,o_hw,0,o_i,NA,o_up,FALSE,why,NO_COG
[2026-09-19T17:36:32.795] Cog0  BM-TS,seq,2_787,tid,9,k,152,lt,FALSE,pos,-50,hw,-50,i,9,ph,353,d,1_600,e,-104,st,FAULTED,flt,TRUE,up,TRUE,ig,0,o_pos,0,o_hw,0,o_i,NA,o_up,FALSE,why,NO_COG
[2026-09-19T17:36:32.796] Cog0  BM-TS,seq,2_788,tid,9,k,153,lt,FALSE,pos,-51,hw,-51,i,10,ph,371,d,1_600,e,-70,st,FAULTED,flt,TRUE,up,TRUE,ig,0,o_pos,0,o_hw,0,o_i,NA,o_up,FALSE,why,NO_COG
[2026-09-19T17:36:32.799] Cog0  BM-TS,seq,2_789,tid,9,k,154,lt,FALSE,pos,-51,hw,-51,i,8,ph,459,d,1_600,e,-87,st,FAULTED,flt,TRUE,up,TRUE,ig,0,o_pos,0,o_hw,0,o_i,NA,o_up,FALSE,why,NO_COG
[2026-09-19T17:36:32.800] Cog0  BM-TS,seq,2_790,tid,9,k,155,lt,FALSE,pos,-51,hw,-51,i,10,ph,523,d,1_600,e,-100,st,FAULTED,flt,TRUE,up,TRUE,ig,0,o_pos,0,o_hw,0,o_i,NA,o_up,FALSE,why,NO_COG
[2026-09-19T17:36:32.802] Cog0  BM-TS,seq,2_791,tid,9,k,156,lt,FALSE,pos,-51,hw,-51,i,9,ph,550,d,1_600,e,-100,st,FAULTED,flt,TRUE,up,TRUE,ig,0,o_pos,0,o_hw,0,o_i,NA,o_up,FALSE,why,NO_COG
[2026-09-19T17:36:32.805] Cog0  BM-TS,seq,2_792,tid,9,k,157,lt,FALSE,pos,-51,hw,-51,i,8,ph,548,d,1_600,e,-100,st,FAULTED,flt,TRUE,up,TRUE,ig,0,o_pos,0,o_hw,0,o_i,NA,o_up,FALSE,why,NO_COG
[2026-09-19T17:36:32.806] Cog0  BM-TS,seq,2_793,tid,9,k,158,lt,FALSE,pos,-52,hw,-52,i,8,ph,529,d,1_600,e,-75,st,FAULTED,flt,TRUE,up,TRUE,ig,0,o_pos,0,o_hw,0,o_i,NA,o_up,FALSE,why,NO_COG
[2026-09-19T17:36:32.808] Cog0  BM-TS,seq,2_794,tid,9,k,159,lt,FALSE,pos,-52,hw,-52,i,9,ph,498,d,1_600,e,-88,st,FAULTED,flt,TRUE,up,TRUE,ig,0,o_pos,0,o_hw,0,o_i,NA,o_up,FALSE,why,NO_COG
[2026-09-19T17:36:32.810] Cog0  BM-TS,seq,2_795,tid,9,k,160,lt,FALSE,pos,-52,hw,-52,i,9,ph,433,d,1_600,e,-102,st,FAULTED,flt,TRUE,up,TRUE,ig,0,o_pos,0,o_hw,0,o_i,NA,o_up,FALSE,why,NO_COG
[2026-09-19T17:36:32.812] Cog0  BM-TS,seq,2_796,tid,9,k,161,lt,FALSE,pos,-52,hw,-52,i,9,ph,349,d,1_600,e,-102,st,FAULTED,flt,TRUE,up,TRUE,ig,0,o_pos,0,o_hw,0,o_i,NA,o_up,FALSE,why,NO_COG
[2026-09-19T17:36:32.815] Cog0  BM-TS,seq,2_797,tid,9,k,162,lt,FALSE,pos,-53,hw,-53,i,8,ph,322,d,1_600,e,-63,st,FAULTED,flt,TRUE,up,TRUE,ig,0,o_pos,0,o_hw,0,o_i,NA,o_up,FALSE,why,NO_COG
[2026-09-19T17:36:32.816] Cog0  BM-TS,seq,2_798,tid,9,k,163,lt,FALSE,pos,-53,hw,-53,i,10,ph,414,d,1_600,e,-81,st,FAULTED,flt,TRUE,up,TRUE,ig,0,o_pos,0,o_hw,0,o_i,NA,o_up,FALSE,why,NO_COG
[2026-09-19T17:36:32.819] Cog0  BM-TS,seq,2_799,tid,9,k,164,lt,FALSE,pos,-53,hw,-53,i,10,ph,475,d,1_600,e,-98,st,FAULTED,flt,TRUE,up,TRUE,ig,0,o_pos,0,o_hw,0,o_i,NA,o_up,FALSE,why,NO_COG
[2026-09-19T17:36:32.820] Cog0  BM-TS,seq,2_800,tid,9,k,165,lt,FALSE,pos,-53,hw,-53,i,9,ph,513,d,1_600,e,-103,st,FAULTED,flt,TRUE,up,TRUE,ig,0,o_pos,0,o_hw,0,o_i,NA,o_up,FALSE,why,NO_COG
[2026-09-19T17:36:32.822] Cog0  BM-TS,seq,2_801,tid,9,k,166,lt,FALSE,pos,-53,hw,-53,i,10,ph,525,d,1_600,e,-103,st,FAULTED,flt,TRUE,up,TRUE,ig,0,o_pos,0,o_hw,0,o_i,NA,o_up,FALSE,why,NO_COG
[2026-09-19T17:36:32.825] Cog0  BM-TS,seq,2_802,tid,9,k,167,lt,FALSE,pos,-54,hw,-54,i,9,ph,520,d,1_600,e,-64,st,FAULTED,flt,TRUE,up,TRUE,ig,0,o_pos,0,o_hw,0,o_i,NA,o_up,FALSE,why,NO_COG
[2026-09-19T17:36:32.826] Cog0  BM-TS,seq,2_803,tid,9,k,168,lt,FALSE,pos,-54,hw,-54,i,11,ph,510,d,1_600,e,-82,st,FAULTED,flt,TRUE,up,TRUE,ig,0,o_pos,0,o_hw,0,o_i,NA,o_up,FALSE,why,NO_COG
[2026-09-19T17:36:32.828] Cog0  BM-TS,seq,2_804,tid,9,k,169,lt,FALSE,pos,-54,hw,-54,i,9,ph,467,d,1_600,e,-99,st,FAULTED,flt,TRUE,up,TRUE,ig,0,o_pos,0,o_hw,0,o_i,NA,o_up,FALSE,why,NO_COG
[2026-09-19T17:36:32.831] Cog0  BM-TS,seq,2_805,tid,9,k,170,lt,FALSE,pos,-54,hw,-54,i,11,ph,408,d,1_600,e,-104,st,FAULTED,flt,TRUE,up,TRUE,ig,0,o_pos,0,o_hw,0,o_i,NA,o_up,FALSE,why,NO_COG
[2026-09-19T17:36:32.832] Cog0  BM-TS,seq,2_806,tid,9,k,171,lt,FALSE,pos,-54,hw,-54,i,8,ph,337,d,1_600,e,-104,st,FAULTED,flt,TRUE,up,TRUE,ig,0,o_pos,0,o_hw,0,o_i,NA,o_up,FALSE,why,NO_COG
[2026-09-19T17:36:32.834] Cog0  BM-TS,seq,2_807,tid,9,k,172,lt,FALSE,pos,-55,hw,-55,i,8,ph,308,d,1_600,e,-66,st,FAULTED,flt,TRUE,up,TRUE,ig,0,o_pos,0,o_hw,0,o_i,NA,o_up,FALSE,why,NO_COG
[2026-09-19T17:36:32.836] Cog0  BM-TS,seq,2_808,tid,9,k,173,lt,FALSE,pos,-55,hw,-55,i,10,ph,381,d,1_600,e,-83,st,FAULTED,flt,TRUE,up,TRUE,ig,0,o_pos,0,o_hw,0,o_i,NA,o_up,FALSE,why,NO_COG
[2026-09-19T17:36:32.838] Cog0  BM-TS,seq,2_809,tid,9,k,174,lt,FALSE,pos,-55,hw,-55,i,8,ph,431,d,1_600,e,-101,st,FAULTED,flt,TRUE,up,TRUE,ig,0,o_pos,0,o_hw,0,o_i,NA,o_up,FALSE,why,NO_COG
[2026-09-19T17:36:32.841] Cog0  BM-TS,seq,2_810,tid,9,k,175,lt,FALSE,pos,-55,hw,-55,i,10,ph,464,d,1_600,e,-101,st,FAULTED,flt,TRUE,up,TRUE,ig,0,o_pos,0,o_hw,0,o_i,NA,o_up,FALSE,why,NO_COG
[2026-09-19T17:36:32.842] Cog0  BM-TS,seq,2_811,tid,9,k,176,lt,FALSE,pos,-55,hw,-55,i,10,ph,487,d,1_600,e,-101,st,FAULTED,flt,TRUE,up,TRUE,ig,0,o_pos,0,o_hw,0,o_i,NA,o_up,FALSE,why,NO_COG
[2026-09-19T17:36:32.845] Cog0  BM-TS,seq,2_812,tid,9,k,177,lt,FALSE,pos,-55,hw,-55,i,10,ph,490,d,1_600,e,-101,st,FAULTED,flt,TRUE,up,TRUE,ig,0,o_pos,0,o_hw,0,o_i,NA,o_up,FALSE,why,NO_COG
[2026-09-19T17:36:32.846] Cog0  BM-TS,seq,2_813,tid,9,k,178,lt,FALSE,pos,-56,hw,-56,i,8,ph,477,d,1_600,e,-71,st,FAULTED,flt,TRUE,up,TRUE,ig,0,o_pos,0,o_hw,0,o_i,NA,o_up,FALSE,why,NO_COG
[2026-09-19T17:36:32.848] Cog0  BM-TS,seq,2_814,tid,9,k,179,lt,FALSE,pos,-56,hw,-56,i,11,ph,451,d,1_600,e,-89,st,FAULTED,flt,TRUE,up,TRUE,ig,0,o_pos,0,o_hw,0,o_i,NA,o_up,FALSE,why,NO_COG
[2026-09-19T17:36:32.850] Cog0  BM-TS,seq,2_815,tid,9,k,180,lt,FALSE,pos,-56,hw,-56,i,8,ph,395,d,1_600,e,-102,st,FAULTED,flt,TRUE,up,TRUE,ig,0,o_pos,0,o_hw,0,o_i,NA,o_up,FALSE,why,NO_COG
[2026-09-19T17:36:32.852] Cog0  BM-TS,seq,2_816,tid,9,k,181,lt,FALSE,pos,-56,hw,-56,i,9,ph,344,d,1_600,e,-102,st,FAULTED,flt,TRUE,up,TRUE,ig,0,o_pos,0,o_hw,0,o_i,NA,o_up,FALSE,why,NO_COG
[2026-09-19T17:36:32.854] Cog0  BM-TS,seq,2_817,tid,9,k,182,lt,FALSE,pos,-56,hw,-56,i,8,ph,280,d,1_600,e,-102,st,FAULTED,flt,TRUE,up,TRUE,ig,0,o_pos,0,o_hw,0,o_i,NA,o_up,FALSE,why,NO_COG
[2026-09-19T17:36:32.857] Cog0  BM-TS,seq,2_818,tid,9,k,183,lt,FALSE,pos,-57,hw,-57,i,7,ph,274,d,1_600,e,-63,st,FAULTED,flt,TRUE,up,TRUE,ig,0,o_pos,0,o_hw,0,o_i,NA,o_up,FALSE,why,NO_COG
[2026-09-19T17:36:32.858] Cog0  BM-TS,seq,2_819,tid,9,k,184,lt,FALSE,pos,-57,hw,-57,i,9,ph,335,d,1_600,e,-81,st,FAULTED,flt,TRUE,up,TRUE,ig,0,o_pos,0,o_hw,0,o_i,NA,o_up,FALSE,why,NO_COG
[2026-09-19T17:36:32.860] Cog0  BM-TS,seq,2_820,tid,9,k,185,lt,FALSE,pos,-57,hw,-57,i,8,ph,385,d,1_600,e,-98,st,FAULTED,flt,TRUE,up,TRUE,ig,0,o_pos,0,o_hw,0,o_i,NA,o_up,FALSE,why,NO_COG
[2026-09-19T17:36:32.862] Cog0  BM-TS,seq,2_821,tid,9,k,186,lt,FALSE,pos,-57,hw,-57,i,9,ph,421,d,1_600,e,-103,st,FAULTED,flt,TRUE,up,TRUE,ig,0,o_pos,0,o_hw,0,o_i,NA,o_up,FALSE,why,NO_COG
[2026-09-19T17:36:32.864] Cog0  BM-TS,seq,2_822,tid,9,k,187,lt,FALSE,pos,-57,hw,-57,i,10,ph,439,d,1_600,e,-103,st,FAULTED,flt,TRUE,up,TRUE,ig,0,o_pos,0,o_hw,0,o_i,NA,o_up,FALSE,why,NO_COG
[2026-09-19T17:36:32.867] Cog0  BM-TS,seq,2_823,tid,9,k,188,lt,FALSE,pos,-57,hw,-57,i,9,ph,436,d,1_600,e,-103,st,FAULTED,flt,TRUE,up,TRUE,ig,0,o_pos,0,o_hw,0,o_i,NA,o_up,FALSE,why,NO_COG
[2026-09-19T17:36:32.868] Cog0  BM-TS,seq,2_824,tid,9,k,189,lt,FALSE,pos,-58,hw,-58,i,8,ph,428,d,1_600,e,-65,st,FAULTED,flt,TRUE,up,TRUE,ig,0,o_pos,0,o_hw,0,o_i,NA,o_up,FALSE,why,NO_COG
[2026-09-19T17:36:32.870] Cog0  BM-TS,seq,2_825,tid,9,k,190,lt,FALSE,pos,-58,hw,-58,i,8,ph,410,d,1_600,e,-82,st,FAULTED,flt,TRUE,up,TRUE,ig,0,o_pos,0,o_hw,0,o_i,NA,o_up,FALSE,why,NO_COG
[2026-09-19T17:36:32.872] Cog0  BM-TS,seq,2_826,tid,9,k,191,lt,FALSE,pos,-58,hw,-58,i,8,ph,373,d,1_600,e,-100,st,FAULTED,flt,TRUE,up,TRUE,ig,0,o_pos,0,o_hw,0,o_i,NA,o_up,FALSE,why,NO_COG
[2026-09-19T17:36:32.874] Cog0  BM-TS,seq,2_827,tid,9,k,192,lt,FALSE,pos,-58,hw,-58,i,10,ph,337,d,1_600,e,-100,st,FAULTED,flt,TRUE,up,TRUE,ig,0,o_pos,0,o_hw,0,o_i,NA,o_up,FALSE,why,NO_COG
[2026-09-19T17:36:32.877] Cog0  BM-TS,seq,2_828,tid,9,k,193,lt,FALSE,pos,-58,hw,-58,i,9,ph,299,d,1_600,e,-100,st,FAULTED,flt,TRUE,up,TRUE,ig,0,o_pos,0,o_hw,0,o_i,NA,o_up,FALSE,why,NO_COG
[2026-09-19T17:36:32.878] Cog0  BM-TS,seq,2_829,tid,9,k,194,lt,FALSE,pos,-58,hw,-58,i,8,ph,255,d,1_600,e,-100,st,FAULTED,flt,TRUE,up,TRUE,ig,0,o_pos,0,o_hw,0,o_i,NA,o_up,FALSE,why,NO_COG
[2026-09-19T17:36:32.881] Cog0  BM-TS,seq,2_830,tid,9,k,195,lt,FALSE,pos,-59,hw,-59,i,11,ph,253,d,1_600,e,-66,st,FAULTED,flt,TRUE,up,TRUE,ig,0,o_pos,0,o_hw,0,o_i,NA,o_up,FALSE,why,NO_COG
[2026-09-19T17:36:32.882] Cog0  BM-TS,seq,2_831,tid,9,k,196,lt,FALSE,pos,-59,hw,-59,i,10,ph,302,d,1_600,e,-83,st,FAULTED,flt,TRUE,up,TRUE,ig,0,o_pos,0,o_hw,0,o_i,NA,o_up,FALSE,why,NO_COG
[2026-09-19T17:36:32.884] Cog0  BM-TS,seq,2_832,tid,9,k,197,lt,FALSE,pos,-59,hw,-59,i,9,ph,341,d,1_600,e,-101,st,FAULTED,flt,TRUE,up,TRUE,ig,0,o_pos,0,o_hw,0,o_i,NA,o_up,FALSE,why,NO_COG
[2026-09-19T17:36:32.887] Cog0  BM-TS,seq,2_833,tid,9,k,198,lt,FALSE,pos,-59,hw,-59,i,10,ph,367,d,1_600,e,-101,st,FAULTED,flt,TRUE,up,TRUE,ig,0,o_pos,0,o_hw,0,o_i,NA,o_up,FALSE,why,NO_COG
[2026-09-19T17:36:32.888] Cog0  BM-TS,seq,2_834,tid,9,k,199,lt,FALSE,pos,-59,hw,-59,i,9,ph,377,d,1_600,e,-101,st,FAULTED,flt,TRUE,up,TRUE,ig,0,o_pos,0,o_hw,0,o_i,NA,o_up,FALSE,why,NO_COG
[2026-09-19T17:36:32.890] Cog0  BM-TS,seq,2_835,tid,9,k,200,lt,FALSE,pos,-59,hw,-59,i,11,ph,385,d,1_600,e,-101,st,FAULTED,flt,TRUE,up,TRUE,ig,0,o_pos,0,o_hw,0,o_i,NA,o_up,FALSE,why,NO_COG
[2026-09-19T17:36:32.892] Cog0  BM-TS,seq,2_836,tid,9,k,201,lt,FALSE,pos,-59,hw,-59,i,8,ph,379,d,1_600,e,-101,st,FAULTED,flt,TRUE,up,TRUE,ig,0,o_pos,0,o_hw,0,o_i,NA,o_up,FALSE,why,NO_COG
[2026-09-19T17:36:32.894] Cog0  BM-TS,seq,2_837,tid,9,k,202,lt,FALSE,pos,-60,hw,-60,i,8,ph,378,d,1_600,e,-71,st,FAULTED,flt,TRUE,up,TRUE,ig,0,o_pos,0,o_hw,0,o_i,NA,o_up,FALSE,why,NO_COG
[2026-09-19T17:36:32.897] Cog0  BM-TS,seq,2_838,tid,9,k,203,lt,FALSE,pos,-60,hw,-60,i,9,ph,381,d,1_600,e,-89,st,FAULTED,flt,TRUE,up,TRUE,ig,0,o_pos,0,o_hw,0,o_i,NA,o_up,FALSE,why,NO_COG
[2026-09-19T17:36:32.898] Cog0  BM-TS,seq,2_839,tid,9,k,204,lt,FALSE,pos,-60,hw,-60,i,8,ph,359,d,1_600,e,-102,st,FAULTED,flt,TRUE,up,TRUE,ig,0,o_pos,0,o_hw,0,o_i,NA,o_up,FALSE,why,NO_COG
[2026-09-19T17:36:32.900] Cog0  BM-TS,seq,2_840,tid,9,k,205,lt,FALSE,pos,-60,hw,-60,i,8,ph,333,d,1_600,e,-102,st,FAULTED,flt,TRUE,up,TRUE,ig,0,o_pos,0,o_hw,0,o_i,NA,o_up,FALSE,why,NO_COG
[2026-09-19T17:36:32.903] Cog0  BM-TS,seq,2_841,tid,9,k,206,lt,FALSE,pos,-60,hw,-60,i,8,ph,285,d,1_600,e,-102,st,FAULTED,flt,TRUE,up,TRUE,ig,0,o_pos,0,o_hw,0,o_i,NA,o_up,FALSE,why,NO_COG
[2026-09-19T17:36:32.904] Cog0  BM-TS,seq,2_842,tid,9,k,207,lt,FALSE,pos,-60,hw,-60,i,10,ph,249,d,1_600,e,-102,st,FAULTED,flt,TRUE,up,TRUE,ig,0,o_pos,0,o_hw,0,o_i,NA,o_up,FALSE,why,NO_COG
[2026-09-19T17:36:32.906] Cog0  BM-TS,seq,2_843,tid,9,k,208,lt,FALSE,pos,-60,hw,-60,i,8,ph,209,d,1_600,e,-102,st,FAULTED,flt,TRUE,up,TRUE,ig,0,o_pos,0,o_hw,0,o_i,NA,o_up,FALSE,why,NO_COG
[2026-09-19T17:36:32.908] Cog0  BM-TS,seq,2_844,tid,9,k,209,lt,FALSE,pos,-61,hw,-61,i,8,ph,238,d,1_600,e,-77,st,FAULTED,flt,TRUE,up,TRUE,ig,0,o_pos,0,o_hw,0,o_i,NA,o_up,FALSE,why,NO_COG
[2026-09-19T17:36:32.910] Cog0  BM-TS,seq,2_845,tid,9,k,210,lt,FALSE,pos,-61,hw,-61,i,8,ph,267,d,1_600,e,-94,st,FAULTED,flt,TRUE,up,TRUE,ig,0,o_pos,0,o_hw,0,o_i,NA,o_up,FALSE,why,NO_COG
[2026-09-19T17:36:32.912] Cog0  BM-TS,seq,2_846,tid,9,k,211,lt,FALSE,pos,-61,hw,-61,i,9,ph,303,d,1_600,e,-103,st,FAULTED,flt,TRUE,up,TRUE,ig,0,o_pos,0,o_hw,0,o_i,NA,o_up,FALSE,why,NO_COG
[2026-09-19T17:36:32.914] Cog0  BM-TS,seq,2_847,tid,9,k,212,lt,FALSE,pos,-61,hw,-61,i,8,ph,321,d,1_600,e,-103,st,FAULTED,flt,TRUE,up,TRUE,ig,0,o_pos,0,o_hw,0,o_i,NA,o_up,FALSE,why,NO_COG
[2026-09-19T17:36:32.916] Cog0  BM-TS,seq,2_848,tid,9,k,213,lt,FALSE,pos,-61,hw,-61,i,8,ph,338,d,1_600,e,-103,st,FAULTED,flt,TRUE,up,TRUE,ig,0,o_pos,0,o_hw,0,o_i,NA,o_up,FALSE,why,NO_COG
[2026-09-19T17:36:32.918] Cog0  BM-TS,seq,2_849,tid,9,k,214,lt,FALSE,pos,-61,hw,-61,i,8,ph,342,d,1_600,e,-103,st,FAULTED,flt,TRUE,up,TRUE,ig,0,o_pos,0,o_hw,0,o_i,NA,o_up,FALSE,why,NO_COG
[2026-09-19T17:36:32.920] Cog0  BM-TS,seq,2_850,tid,9,k,215,lt,FALSE,pos,-61,hw,-61,i,8,ph,340,d,1_600,e,-103,st,FAULTED,flt,TRUE,up,TRUE,ig,0,o_pos,0,o_hw,0,o_i,NA,o_up,FALSE,why,NO_COG
[2026-09-19T17:36:32.922] Cog0  BM-TS,seq,2_851,tid,9,k,216,lt,FALSE,pos,-62,hw,-62,i,9,ph,334,d,1_600,e,-69,st,FAULTED,flt,TRUE,up,TRUE,ig,0,o_pos,0,o_hw,0,o_i,NA,o_up,FALSE,why,NO_COG
[2026-09-19T17:36:32.924] Cog0  BM-TS,seq,2_852,tid,9,k,217,lt,FALSE,pos,-62,hw,-62,i,8,ph,324,d,1_600,e,-82,st,FAULTED,flt,TRUE,up,TRUE,ig,0,o_pos,0,o_hw,0,o_i,NA,o_up,FALSE,why,NO_COG
[2026-09-19T17:36:32.927] Cog0  BM-TS,seq,2_853,tid,9,k,218,lt,FALSE,pos,-62,hw,-62,i,8,ph,305,d,1_600,e,-100,st,FAULTED,flt,TRUE,up,TRUE,ig,0,o_pos,0,o_hw,0,o_i,NA,o_up,FALSE,why,NO_COG
[2026-09-19T17:36:32.927] Cog0  BM-TS,seq,2_854,tid,9,k,219,lt,FALSE,pos,-62,hw,-62,i,8,ph,298,d,1_600,e,-100,st,FAULTED,flt,TRUE,up,TRUE,ig,0,o_pos,0,o_hw,0,o_i,NA,o_up,FALSE,why,NO_COG
[2026-09-19T17:36:32.930] Cog0  BM-TS,seq,2_855,tid,9,k,220,lt,FALSE,pos,-62,hw,-62,i,8,ph,281,d,1_600,e,-100,st,FAULTED,flt,TRUE,up,TRUE,ig,0,o_pos,0,o_hw,0,o_i,NA,o_up,FALSE,why,NO_COG
[2026-09-19T17:36:32.933] Cog0  BM-TS,seq,2_856,tid,9,k,221,lt,FALSE,pos,-62,hw,-62,i,8,ph,241,d,1_600,e,-100,st,FAULTED,flt,TRUE,up,TRUE,ig,0,o_pos,0,o_hw,0,o_i,NA,o_up,FALSE,why,NO_COG
[2026-09-19T17:36:32.934] Cog0  BM-TS,seq,2_857,tid,9,k,222,lt,FALSE,pos,-62,hw,-62,i,10,ph,231,d,1_600,e,-100,st,FAULTED,flt,TRUE,up,TRUE,ig,0,o_pos,0,o_hw,0,o_i,NA,o_up,FALSE,why,NO_COG
[2026-09-19T17:36:32.936] Cog0  BM-TS,seq,2_858,tid,9,k,223,lt,FALSE,pos,-62,hw,-62,i,9,ph,221,d,1_600,e,-100,st,FAULTED,flt,TRUE,up,TRUE,ig,0,o_pos,0,o_hw,0,o_i,NA,o_up,FALSE,why,NO_COG
[2026-09-19T17:36:32.938] Cog0  BM-TS,seq,2_859,tid,9,k,224,lt,FALSE,pos,-62,hw,-62,i,8,ph,209,d,1_600,e,-100,st,FAULTED,flt,TRUE,up,TRUE,ig,0,o_pos,0,o_hw,0,o_i,NA,o_up,FALSE,why,NO_COG
[2026-09-19T17:36:32.940] Cog0  BM-TS,seq,2_860,tid,9,k,225,lt,FALSE,pos,-63,hw,-63,i,8,ph,188,d,1_600,e,-70,st,FAULTED,flt,TRUE,up,TRUE,ig,0,o_pos,0,o_hw,0,o_i,NA,o_up,FALSE,why,NO_COG
[2026-09-19T17:36:32.942] Cog0  BM-TS,seq,2_861,tid,9,k,226,lt,FALSE,pos,-63,hw,-63,i,10,ph,207,d,1_600,e,-88,st,FAULTED,flt,TRUE,up,TRUE,ig,0,o_pos,0,o_hw,0,o_i,NA,o_up,FALSE,why,NO_COG
[2026-09-19T17:36:32.944] Cog0  BM-TS,seq,2_862,tid,9,k,227,lt,FALSE,pos,-63,hw,-63,i,8,ph,225,d,1_600,e,-101,st,FAULTED,flt,TRUE,up,TRUE,ig,0,o_pos,0,o_hw,0,o_i,NA,o_up,FALSE,why,NO_COG
[2026-09-19T17:36:32.946] Cog0  BM-TS,seq,2_863,tid,9,k,228,lt,FALSE,pos,-63,hw,-63,i,8,ph,242,d,1_600,e,-101,st,FAULTED,flt,TRUE,up,TRUE,ig,0,o_pos,0,o_hw,0,o_i,NA,o_up,FALSE,why,NO_COG
[2026-09-19T17:36:32.948] Cog0  BM-TS,seq,2_864,tid,9,k,229,lt,FALSE,pos,-63,hw,-63,i,8,ph,256,d,1_600,e,-101,st,FAULTED,flt,TRUE,up,TRUE,ig,0,o_pos,0,o_hw,0,o_i,NA,o_up,FALSE,why,NO_COG
[2026-09-19T17:36:32.950] Cog0  BM-TS,seq,2_865,tid,9,k,230,lt,FALSE,pos,-63,hw,-63,i,9,ph,267,d,1_600,e,-101,st,FAULTED,flt,TRUE,up,TRUE,ig,0,o_pos,0,o_hw,0,o_i,NA,o_up,FALSE,why,NO_COG
[2026-09-19T17:36:32.952] Cog0  BM-TS,seq,2_866,tid,9,k,231,lt,FALSE,pos,-63,hw,-63,i,10,ph,270,d,1_600,e,-101,st,FAULTED,flt,TRUE,up,TRUE,ig,0,o_pos,0,o_hw,0,o_i,NA,o_up,FALSE,why,NO_COG
[2026-09-19T17:36:32.954] Cog0  BM-TS,seq,2_867,tid,9,k,232,lt,FALSE,pos,-63,hw,-63,i,8,ph,271,d,1_600,e,-101,st,FAULTED,flt,TRUE,up,TRUE,ig,0,o_pos,0,o_hw,0,o_i,NA,o_up,FALSE,why,NO_COG
[2026-09-19T17:36:32.956] Cog0  BM-TS,seq,2_868,tid,9,k,233,lt,FALSE,pos,-63,hw,-63,i,8,ph,260,d,1_600,e,-101,st,FAULTED,flt,TRUE,up,TRUE,ig,0,o_pos,0,o_hw,0,o_i,NA,o_up,FALSE,why,NO_COG
[2026-09-19T17:36:32.959] Cog0  BM-TS,seq,2_869,tid,9,k,234,lt,FALSE,pos,-64,hw,-64,i,8,ph,256,d,1_600,e,-67,st,FAULTED,flt,TRUE,up,TRUE,ig,0,o_pos,0,o_hw,0,o_i,NA,o_up,FALSE,why,NO_COG
[2026-09-19T17:36:32.960] Cog0  BM-TS,seq,2_870,tid,9,k,235,lt,FALSE,pos,-64,hw,-64,i,8,ph,252,d,1_600,e,-85,st,FAULTED,flt,TRUE,up,TRUE,ig,0,o_pos,0,o_hw,0,o_i,NA,o_up,FALSE,why,NO_COG
[2026-09-19T17:36:32.962] Cog0  BM-TS,seq,2_871,tid,9,k,236,lt,FALSE,pos,-64,hw,-64,i,9,ph,246,d,1_600,e,-102,st,FAULTED,flt,TRUE,up,TRUE,ig,0,o_pos,0,o_hw,0,o_i,NA,o_up,FALSE,why,NO_COG
[2026-09-19T17:36:32.965] Cog0  BM-TS,seq,2_872,tid,9,k,237,lt,FALSE,pos,-64,hw,-64,i,8,ph,238,d,1_600,e,-102,st,FAULTED,flt,TRUE,up,TRUE,ig,0,o_pos,0,o_hw,0,o_i,NA,o_up,FALSE,why,NO_COG
[2026-09-19T17:36:32.966] Cog0  BM-TS,seq,2_873,tid,9,k,238,lt,FALSE,pos,-64,hw,-64,i,9,ph,236,d,1_600,e,-102,st,FAULTED,flt,TRUE,up,TRUE,ig,0,o_pos,0,o_hw,0,o_i,NA,o_up,FALSE,why,NO_COG
[2026-09-19T17:36:32.968] Cog0  BM-TS,seq,2_874,tid,9,k,239,lt,FALSE,pos,-64,hw,-64,i,8,ph,217,d,1_600,e,-102,st,FAULTED,flt,TRUE,up,TRUE,ig,0,o_pos,0,o_hw,0,o_i,NA,o_up,FALSE,why,NO_COG
[2026-09-19T17:36:32.970] Cog0  BM-TS,seq,2_875,tid,9,k,240,lt,FALSE,pos,-64,hw,-64,i,8,ph,208,d,1_600,e,-102,st,FAULTED,flt,TRUE,up,TRUE,ig,0,o_pos,0,o_hw,0,o_i,NA,o_up,FALSE,why,NO_COG
[2026-09-19T17:36:32.972] Cog0  BM-TS,seq,2_876,tid,9,k,241,lt,FALSE,pos,-64,hw,-64,i,9,ph,198,d,1_600,e,-102,st,FAULTED,flt,TRUE,up,TRUE,ig,0,o_pos,0,o_hw,0,o_i,NA,o_up,FALSE,why,NO_COG
[2026-09-19T17:36:32.974] Cog0  BM-TS,seq,2_877,tid,9,k,242,lt,FALSE,pos,-64,hw,-64,i,10,ph,191,d,1_600,e,-102,st,FAULTED,flt,TRUE,up,TRUE,ig,0,o_pos,0,o_hw,0,o_i,NA,o_up,FALSE,why,NO_COG
[2026-09-19T17:36:32.976] Cog0  BM-TS,seq,2_878,tid,9,k,243,lt,FALSE,pos,-64,hw,-64,i,9,ph,184,d,1_600,e,-102,st,FAULTED,flt,TRUE,up,TRUE,ig,0,o_pos,0,o_hw,0,o_i,NA,o_up,FALSE,why,NO_COG
[2026-09-19T17:36:32.978] Cog0  BM-TS,seq,2_879,tid,9,k,244,lt,FALSE,pos,-65,hw,-65,i,8,ph,178,d,1_600,e,-64,st,FAULTED,flt,TRUE,up,TRUE,ig,0,o_pos,0,o_hw,0,o_i,NA,o_up,FALSE,why,NO_COG
[2026-09-19T17:36:32.980] Cog0  BM-TS,seq,2_880,tid,9,k,245,lt,FALSE,pos,-65,hw,-65,i,9,ph,181,d,1_600,e,-77,st,FAULTED,flt,TRUE,up,TRUE,ig,0,o_pos,0,o_hw,0,o_i,NA,o_up,FALSE,why,NO_COG
[2026-09-19T17:36:32.982] Cog0  BM-TS,seq,2_881,tid,9,k,246,lt,FALSE,pos,-65,hw,-65,i,9,ph,172,d,1_600,e,-94,st,FAULTED,flt,TRUE,up,TRUE,ig,0,o_pos,0,o_hw,0,o_i,NA,o_up,FALSE,why,NO_COG
[2026-09-19T17:36:32.984] Cog0  BM-TS,seq,2_882,tid,9,k,247,lt,FALSE,pos,-65,hw,-65,i,10,ph,175,d,1_600,e,-103,st,FAULTED,flt,TRUE,up,TRUE,ig,0,o_pos,0,o_hw,0,o_i,NA,o_up,FALSE,why,NO_COG
[2026-09-19T17:36:32.986] Cog0  BM-TS,seq,2_883,tid,9,k,248,lt,FALSE,pos,-65,hw,-65,i,9,ph,177,d,1_600,e,-103,st,FAULTED,flt,TRUE,up,TRUE,ig,0,o_pos,0,o_hw,0,o_i,NA,o_up,FALSE,why,NO_COG
[2026-09-19T17:36:32.988] Cog0  BM-TS,seq,2_884,tid,9,k,249,lt,FALSE,pos,-65,hw,-65,i,9,ph,185,d,1_600,e,-103,st,FAULTED,flt,TRUE,up,TRUE,ig,0,o_pos,0,o_hw,0,o_i,NA,o_up,FALSE,why,NO_COG
[2026-09-19T17:36:32.990] Cog0  BM-TS,seq,2_885,tid,9,k,250,lt,FALSE,pos,-65,hw,-65,i,10,ph,189,d,1_600,e,-103,st,FAULTED,flt,TRUE,up,TRUE,ig,0,o_pos,0,o_hw,0,o_i,NA,o_up,FALSE,why,NO_COG
[2026-09-19T17:36:32.992] Cog0  BM-TS,seq,2_886,tid,9,k,251,lt,FALSE,pos,-65,hw,-65,i,8,ph,190,d,1_600,e,-103,st,FAULTED,flt,TRUE,up,TRUE,ig,0,o_pos,0,o_hw,0,o_i,NA,o_up,FALSE,why,NO_COG
[2026-09-19T17:36:32.994] Cog0  BM-TS,seq,2_887,tid,9,k,252,lt,FALSE,pos,-65,hw,-65,i,9,ph,198,d,1_600,e,-103,st,FAULTED,flt,TRUE,up,TRUE,ig,0,o_pos,0,o_hw,0,o_i,NA,o_up,FALSE,why,NO_COG
[2026-09-19T17:36:32.996] Cog0  BM-TS,seq,2_888,tid,9,k,253,lt,FALSE,pos,-65,hw,-65,i,8,ph,198,d,1_600,e,-103,st,FAULTED,flt,TRUE,up,TRUE,ig,0,o_pos,0,o_hw,0,o_i,NA,o_up,FALSE,why,NO_COG
[2026-09-19T17:36:32.998] Cog0  BM-TS,seq,2_889,tid,9,k,254,lt,FALSE,pos,-65,hw,-65,i,11,ph,184,d,1_600,e,-103,st,FAULTED,flt,TRUE,up,TRUE,ig,0,o_pos,0,o_hw,0,o_i,NA,o_up,FALSE,why,NO_COG
[2026-09-19T17:36:33.001] Cog0  BM-TS,seq,2_890,tid,9,k,255,lt,FALSE,pos,-65,hw,-65,i,8,ph,182,d,1_600,e,-103,st,FAULTED,flt,TRUE,up,TRUE,ig,0,o_pos,0,o_hw,0,o_i,NA,o_up,FALSE,why,NO_COG
[2026-09-19T17:36:33.002] Cog0  BM-TS,seq,2_891,tid,9,k,256,lt,FALSE,pos,-65,hw,-65,i,8,ph,184,d,1_600,e,-103,st,FAULTED,flt,TRUE,up,TRUE,ig,0,o_pos,0,o_hw,0,o_i,NA,o_up,FALSE,why,NO_COG
[2026-09-19T17:36:33.004] Cog0  BM-TS,seq,2_892,tid,9,k,257,lt,FALSE,pos,-65,hw,-65,i,10,ph,182,d,1_600,e,-103,st,FAULTED,flt,TRUE,up,TRUE,ig,0,o_pos,0,o_hw,0,o_i,NA,o_up,FALSE,why,NO_COG
[2026-09-19T17:36:33.006] Cog0  BM-TS,seq,2_893,tid,9,k,258,lt,FALSE,pos,-66,hw,-66,i,10,ph,183,d,1_600,e,-65,st,FAULTED,flt,TRUE,up,TRUE,ig,0,o_pos,0,o_hw,0,o_i,NA,o_up,FALSE,why,NO_COG
[2026-09-19T17:36:33.008] Cog0  BM-TS,seq,2_894,tid,9,k,259,lt,FALSE,pos,-66,hw,-66,i,8,ph,179,d,1_600,e,-82,st,FAULTED,flt,TRUE,up,TRUE,ig,0,o_pos,0,o_hw,0,o_i,NA,o_up,FALSE,why,NO_COG
[2026-09-19T17:36:33.010] Cog0  BM-TS,seq,2_895,tid,9,k,260,lt,FALSE,pos,-66,hw,-66,i,8,ph,177,d,1_600,e,-100,st,FAULTED,flt,TRUE,up,TRUE,ig,0,o_pos,0,o_hw,0,o_i,NA,o_up,FALSE,why,NO_COG
[2026-09-19T17:36:33.012] Cog0  BM-TS,seq,2_896,tid,9,k,261,lt,FALSE,pos,-66,hw,-66,i,8,ph,177,d,1_600,e,-100,st,FAULTED,flt,TRUE,up,TRUE,ig,0,o_pos,0,o_hw,0,o_i,NA,o_up,FALSE,why,NO_COG
[2026-09-19T17:36:33.015] Cog0  BM-TS,seq,2_897,tid,9,k,262,lt,FALSE,pos,-66,hw,-66,i,8,ph,173,d,1_600,e,-100,st,FAULTED,flt,TRUE,up,TRUE,ig,0,o_pos,0,o_hw,0,o_i,NA,o_up,FALSE,why,NO_COG
[2026-09-19T17:36:33.016] Cog0  BM-TS,seq,2_898,tid,9,k,263,lt,FALSE,pos,-66,hw,-66,i,9,ph,174,d,1_600,e,-100,st,FAULTED,flt,TRUE,up,TRUE,ig,0,o_pos,0,o_hw,0,o_i,NA,o_up,FALSE,why,NO_COG
[2026-09-19T17:36:33.018] Cog0  BM-TS,seq,2_899,tid,9,k,264,lt,FALSE,pos,-66,hw,-66,i,9,ph,175,d,1_600,e,-100,st,FAULTED,flt,TRUE,up,TRUE,ig,0,o_pos,0,o_hw,0,o_i,NA,o_up,FALSE,why,NO_COG
[2026-09-19T17:36:33.021] Cog0  BM-TS,seq,2_900,tid,9,k,265,lt,FALSE,pos,-66,hw,-66,i,9,ph,176,d,1_600,e,-100,st,FAULTED,flt,TRUE,up,TRUE,ig,0,o_pos,0,o_hw,0,o_i,NA,o_up,FALSE,why,NO_COG
[2026-09-19T17:36:33.022] Cog0  BM-TS,seq,2_901,tid,9,k,266,lt,FALSE,pos,-66,hw,-66,i,8,ph,174,d,1_600,e,-100,st,FAULTED,flt,TRUE,up,TRUE,ig,0,o_pos,0,o_hw,0,o_i,NA,o_up,FALSE,why,NO_COG
[2026-09-19T17:36:33.024] Cog0  BM-TS,seq,2_902,tid,9,k,267,lt,FALSE,pos,-66,hw,-66,i,10,ph,180,d,1_600,e,-100,st,FAULTED,flt,TRUE,up,TRUE,ig,0,o_pos,0,o_hw,0,o_i,NA,o_up,FALSE,why,NO_COG
[2026-09-19T17:36:33.027] Cog0  BM-TS,seq,2_903,tid,9,k,268,lt,FALSE,pos,-66,hw,-66,i,10,ph,178,d,1_600,e,-100,st,FAULTED,flt,TRUE,up,TRUE,ig,0,o_pos,0,o_hw,0,o_i,NA,o_up,FALSE,why,NO_COG
[2026-09-19T17:36:33.028] Cog0  BM-TS,seq,2_904,tid,9,k,269,lt,FALSE,pos,-66,hw,-66,i,8,ph,172,d,1_600,e,-100,st,FAULTED,flt,TRUE,up,TRUE,ig,0,o_pos,0,o_hw,0,o_i,NA,o_up,FALSE,why,NO_COG
[2026-09-19T17:36:33.030] Cog0  BM-TS,seq,2_905,tid,9,k,270,lt,FALSE,pos,-66,hw,-66,i,8,ph,160,d,1_600,e,-100,st,FAULTED,flt,TRUE,up,TRUE,ig,0,o_pos,0,o_hw,0,o_i,NA,o_up,FALSE,why,NO_COG
[2026-09-19T17:36:33.032] Cog0  BM-TS,seq,2_906,tid,9,k,271,lt,FALSE,pos,-66,hw,-66,i,10,ph,167,d,1_600,e,-100,st,FAULTED,flt,TRUE,up,TRUE,ig,0,o_pos,0,o_hw,0,o_i,NA,o_up,FALSE,why,NO_COG
[2026-09-19T17:36:33.034] Cog0  BM-TS,seq,2_907,tid,9,k,272,lt,FALSE,pos,-66,hw,-66,i,8,ph,163,d,1_600,e,-100,st,FAULTED,flt,TRUE,up,TRUE,ig,0,o_pos,0,o_hw,0,o_i,NA,o_up,FALSE,why,NO_COG
[2026-09-19T17:36:33.037] Cog0  BM-TS,seq,2_908,tid,9,k,273,lt,FALSE,pos,-66,hw,-66,i,10,ph,166,d,1_600,e,-100,st,FAULTED,flt,TRUE,up,TRUE,ig,0,o_pos,0,o_hw,0,o_i,NA,o_up,FALSE,why,NO_COG
[2026-09-19T17:36:33.038] Cog0  BM-TS,seq,2_909,tid,9,k,274,lt,FALSE,pos,-66,hw,-66,i,9,ph,168,d,1_600,e,-100,st,FAULTED,flt,TRUE,up,TRUE,ig,0,o_pos,0,o_hw,0,o_i,NA,o_up,FALSE,why,NO_COG
[2026-09-19T17:36:33.040] Cog0  BM-TS,seq,2_910,tid,9,k,275,lt,FALSE,pos,-66,hw,-66,i,8,ph,167,d,1_600,e,-100,st,FAULTED,flt,TRUE,up,TRUE,ig,0,o_pos,0,o_hw,0,o_i,NA,o_up,FALSE,why,NO_COG
[2026-09-19T17:36:33.041] Cog0  BM-TS,seq,2_911,tid,9,k,276,lt,FALSE,pos,-66,hw,-66,i,8,ph,170,d,1_600,e,-100,st,FAULTED,flt,TRUE,up,TRUE,ig,0,o_pos,0,o_hw,0,o_i,NA,o_up,FALSE,why,NO_COG
[2026-09-19T17:36:33.044] Cog0  BM-TS,seq,2_912,tid,9,k,277,lt,FALSE,pos,-66,hw,-66,i,9,ph,166,d,1_600,e,-100,st,FAULTED,flt,TRUE,up,TRUE,ig,0,o_pos,0,o_hw,0,o_i,NA,o_up,FALSE,why,NO_COG
[2026-09-19T17:36:33.046] Cog0  BM-TS,seq,2_913,tid,9,k,278,lt,FALSE,pos,-67,hw,-67,i,9,ph,168,d,1_600,e,-62,st,FAULTED,flt,TRUE,up,TRUE,ig,0,o_pos,0,o_hw,0,o_i,NA,o_up,FALSE,why,NO_COG
[2026-09-19T17:36:33.048] Cog0  BM-TS,seq,2_914,tid,9,k,279,lt,FALSE,pos,-67,hw,-67,i,8,ph,167,d,1_600,e,-79,st,FAULTED,flt,TRUE,up,TRUE,ig,0,o_pos,0,o_hw,0,o_i,NA,o_up,FALSE,why,NO_COG
[2026-09-19T17:36:33.050] Cog0  BM-TS,seq,2_915,tid,9,k,280,lt,FALSE,pos,-67,hw,-67,i,9,ph,172,d,1_600,e,-92,st,FAULTED,flt,TRUE,up,TRUE,ig,0,o_pos,0,o_hw,0,o_i,NA,o_up,FALSE,why,NO_COG
[2026-09-19T17:36:33.052] Cog0  BM-TS,seq,2_916,tid,9,k,281,lt,FALSE,pos,-67,hw,-67,i,8,ph,174,d,1_600,e,-101,st,FAULTED,flt,TRUE,up,TRUE,ig,0,o_pos,0,o_hw,0,o_i,NA,o_up,FALSE,why,NO_COG
[2026-09-19T17:36:33.054] Cog0  BM-TS,seq,2_917,tid,9,k,282,lt,FALSE,pos,-67,hw,-67,i,8,ph,169,d,1_600,e,-101,st,FAULTED,flt,TRUE,up,TRUE,ig,0,o_pos,0,o_hw,0,o_i,NA,o_up,FALSE,why,NO_COG
[2026-09-19T17:36:33.056] Cog0  BM-TS,seq,2_918,tid,9,k,283,lt,FALSE,pos,-67,hw,-67,i,9,ph,172,d,1_600,e,-101,st,FAULTED,flt,TRUE,up,TRUE,ig,0,o_pos,0,o_hw,0,o_i,NA,o_up,FALSE,why,NO_COG
[2026-09-19T17:36:33.058] Cog0  BM-TS,seq,2_919,tid,9,k,284,lt,FALSE,pos,-67,hw,-67,i,10,ph,176,d,1_600,e,-101,st,FAULTED,flt,TRUE,up,TRUE,ig,0,o_pos,0,o_hw,0,o_i,NA,o_up,FALSE,why,NO_COG
[2026-09-19T17:36:33.060] Cog0  BM-TS,seq,2_920,tid,9,k,285,lt,FALSE,pos,-67,hw,-67,i,9,ph,172,d,1_600,e,-101,st,FAULTED,flt,TRUE,up,TRUE,ig,0,o_pos,0,o_hw,0,o_i,NA,o_up,FALSE,why,NO_COG
[2026-09-19T17:36:33.063] Cog0  BM-TS,seq,2_921,tid,9,k,286,lt,FALSE,pos,-67,hw,-67,i,8,ph,173,d,1_600,e,-101,st,FAULTED,flt,TRUE,up,TRUE,ig,0,o_pos,0,o_hw,0,o_i,NA,o_up,FALSE,why,NO_COG
[2026-09-19T17:36:33.064] Cog0  BM-TS,seq,2_922,tid,9,k,287,lt,FALSE,pos,-67,hw,-67,i,11,ph,161,d,1_600,e,-101,st,FAULTED,flt,TRUE,up,TRUE,ig,0,o_pos,0,o_hw,0,o_i,NA,o_up,FALSE,why,NO_COG
[2026-09-19T17:36:33.066] Cog0  BM-TS,seq,2_923,tid,9,k,288,lt,FALSE,pos,-67,hw,-67,i,8,ph,160,d,1_600,e,-101,st,FAULTED,flt,TRUE,up,TRUE,ig,0,o_pos,0,o_hw,0,o_i,NA,o_up,FALSE,why,NO_COG
[2026-09-19T17:36:33.068] Cog0  BM-TS,seq,2_924,tid,9,k,289,lt,FALSE,pos,-67,hw,-67,i,8,ph,162,d,1_600,e,-101,st,FAULTED,flt,TRUE,up,TRUE,ig,0,o_pos,0,o_hw,0,o_i,NA,o_up,FALSE,why,NO_COG
[2026-09-19T17:36:33.070] Cog0  BM-TS,seq,2_925,tid,9,k,290,lt,FALSE,pos,-67,hw,-67,i,8,ph,160,d,1_600,e,-101,st,FAULTED,flt,TRUE,up,TRUE,ig,0,o_pos,0,o_hw,0,o_i,NA,o_up,FALSE,why,NO_COG
[2026-09-19T17:36:33.073] Cog0  BM-TS,seq,2_926,tid,9,k,291,lt,FALSE,pos,-67,hw,-67,i,8,ph,162,d,1_600,e,-101,st,FAULTED,flt,TRUE,up,TRUE,ig,0,o_pos,0,o_hw,0,o_i,NA,o_up,FALSE,why,NO_COG
[2026-09-19T17:36:33.074] Cog0  BM-TS,seq,2_927,tid,9,k,292,lt,FALSE,pos,-67,hw,-67,i,8,ph,160,d,1_600,e,-101,st,FAULTED,flt,TRUE,up,TRUE,ig,0,o_pos,0,o_hw,0,o_i,NA,o_up,FALSE,why,NO_COG
[2026-09-19T17:36:33.076] Cog0  BM-TS,seq,2_928,tid,9,k,293,lt,FALSE,pos,-67,hw,-67,i,8,ph,161,d,1_600,e,-101,st,FAULTED,flt,TRUE,up,TRUE,ig,0,o_pos,0,o_hw,0,o_i,NA,o_up,FALSE,why,NO_COG
[2026-09-19T17:36:33.079] Cog0  BM-TS,seq,2_929,tid,9,k,294,lt,FALSE,pos,-67,hw,-67,i,8,ph,165,d,1_600,e,-101,st,FAULTED,flt,TRUE,up,TRUE,ig,0,o_pos,0,o_hw,0,o_i,NA,o_up,FALSE,why,NO_COG
[2026-09-19T17:36:33.080] Cog0  BM-TS,seq,2_930,tid,9,k,295,lt,FALSE,pos,-67,hw,-67,i,8,ph,168,d,1_600,e,-101,st,FAULTED,flt,TRUE,up,TRUE,ig,0,o_pos,0,o_hw,0,o_i,NA,o_up,FALSE,why,NO_COG
[2026-09-19T17:36:33.082] Cog0  BM-TS,seq,2_931,tid,9,k,296,lt,FALSE,pos,-67,hw,-67,i,8,ph,166,d,1_600,e,-101,st,FAULTED,flt,TRUE,up,TRUE,ig,0,o_pos,0,o_hw,0,o_i,NA,o_up,FALSE,why,NO_COG
[2026-09-19T17:36:33.084] Cog0  BM-TS,seq,2_932,tid,9,k,297,lt,FALSE,pos,-67,hw,-67,i,9,ph,168,d,1_600,e,-101,st,FAULTED,flt,TRUE,up,TRUE,ig,0,o_pos,0,o_hw,0,o_i,NA,o_up,FALSE,why,NO_COG
[2026-09-19T17:36:33.086] Cog0  BM-TS,seq,2_933,tid,9,k,298,lt,FALSE,pos,-67,hw,-67,i,11,ph,169,d,1_600,e,-101,st,FAULTED,flt,TRUE,up,TRUE,ig,0,o_pos,0,o_hw,0,o_i,NA,o_up,FALSE,why,NO_COG
[2026-09-19T17:36:33.088] Cog0  BM-TS,seq,2_934,tid,9,k,299,lt,FALSE,pos,-67,hw,-67,i,8,ph,166,d,1_600,e,-101,st,FAULTED,flt,TRUE,up,TRUE,ig,0,o_pos,0,o_hw,0,o_i,NA,o_up,FALSE,why,NO_COG
[2026-09-19T17:36:33.092] Cog0  BM-TS,seq,2_935,tid,9,k,300,lt,FALSE,pos,-67,hw,-67,i,9,ph,168,d,1_600,e,-101,st,FAULTED,flt,TRUE,up,TRUE,ig,0,o_pos,0,o_hw,0,o_i,NA,o_up,FALSE,why,NO_COG
[2026-09-19T17:36:33.096] Cog0  BM-TS,seq,2_936,tid,9,k,325,lt,FALSE,pos,-67,hw,-67,i,9,ph,161,d,1_600,e,-101,st,FAULTED,flt,TRUE,up,TRUE,ig,0,o_pos,0,o_hw,0,o_i,NA,o_up,FALSE,why,NO_COG
[2026-09-19T17:36:33.099] Cog0  BM-TS,seq,2_937,tid,9,k,350,lt,FALSE,pos,-67,hw,-67,i,9,ph,172,d,1_600,e,-101,st,FAULTED,flt,TRUE,up,TRUE,ig,0,o_pos,0,o_hw,0,o_i,NA,o_up,FALSE,why,NO_COG
[2026-09-19T17:36:33.103] Cog0  BM-TS,seq,2_938,tid,9,k,375,lt,FALSE,pos,-67,hw,-67,i,9,ph,169,d,1_600,e,-101,st,FAULTED,flt,TRUE,up,TRUE,ig,0,o_pos,0,o_hw,0,o_i,NA,o_up,FALSE,why,NO_COG
[2026-09-19T17:36:33.107] Cog0  BM-TS,seq,2_939,tid,9,k,400,lt,FALSE,pos,-67,hw,-67,i,8,ph,160,d,1_600,e,-101,st,FAULTED,flt,TRUE,up,TRUE,ig,0,o_pos,0,o_hw,0,o_i,NA,o_up,FALSE,why,NO_COG
[2026-09-19T17:36:33.109] Cog0  BM-TS,seq,2_940,tid,9,k,425,lt,FALSE,pos,-67,hw,-67,i,8,ph,167,d,1_600,e,-101,st,FAULTED,flt,TRUE,up,TRUE,ig,0,o_pos,0,o_hw,0,o_i,NA,o_up,FALSE,why,NO_COG
[2026-09-19T17:36:33.111] Cog0  BM-TS,seq,2_941,tid,9,k,430,lt,FALSE,pos,-67,hw,-67,i,9,ph,158,d,1_600,e,-101,st,FAULTED,flt,TRUE,up,TRUE,ig,0,o_pos,0,o_hw,0,o_i,NA,o_up,FALSE,why,NO_COG
[2026-09-19T17:36:33.127] Cog0  BM-TRACE-END,seq,2_942,tid,9,stored,431,emitted,307,ksum,47_455,mark_k,50,late,0,skipped,0,lost_head,0,dropped,0,end,REST,rest_k,278,ig_sum,0,o_ig_sum,0,hw_skip,0,stride,1,why,NONE
[2026-09-19T17:36:33.175] Cog0  BM-RECOVER,seq,2_943,seg,POSTFLT,tid,9,motor,LEFT,incre,-73_500_000,off_neg,43,off_pos,317,step,RESET,cleared,TRUE,ms,31,st,STOPPED,flt,FALSE,why,NONE
[2026-09-19T17:36:40.607] Cog0  BM-ABORT,seq,2_944,seg,POSTFLT,tid,10,motor,LEFT,incre,-73_500_000,reason,ABS_CURRENT,value,3_435,scope,TRIAL,why,NONE
[2026-09-19T17:36:40.608] Cog0  BM-OFFREST,seq,2_945,motor,LEFT,want_neg,43,want_pos,317,off_neg,43,off_pos,317,ok,TRUE,why,NONE
[2026-09-19T17:36:40.617] Cog0  BM-TRACE,seq,2_946,tid,10,seg,POSTFLT,life,7,motor,LEFT,cause,FAULT,incre,-73_500_000,off_neg,43,off_pos,317,req_mode,BRAKE,ramp_inc,22,period_us,2_000,decim,1,pre,50,why,NONE
[2026-09-19T17:36:40.619] Cog0  BM-TS,seq,2_947,tid,10,k,0,lt,FALSE,pos,0,hw,0,i,913,ph,2_819,d,18_721,e,-52,st,AT_SPEED,flt,FALSE,up,TRUE,ig,0,o_pos,0,o_hw,0,o_i,NA,o_up,FALSE,why,NO_COG
[2026-09-19T17:36:40.621] Cog0  BM-TS,seq,2_948,tid,10,k,1,lt,FALSE,pos,-1,hw,-1,i,939,ph,2_476,d,18_775,e,-27,st,AT_SPEED,flt,FALSE,up,TRUE,ig,0,o_pos,0,o_hw,0,o_i,NA,o_up,FALSE,why,NO_COG
[2026-09-19T17:36:40.623] Cog0  BM-TS,seq,2_949,tid,10,k,2,lt,FALSE,pos,-1,hw,-1,i,894,ph,2_108,d,18_693,e,-44,st,AT_SPEED,flt,FALSE,up,TRUE,ig,0,o_pos,0,o_hw,0,o_i,NA,o_up,FALSE,why,NO_COG
[2026-09-19T17:36:40.625] Cog0  BM-TS,seq,2_950,tid,10,k,3,lt,FALSE,pos,-1,hw,-1,i,981,ph,2_034,d,18_718,e,-62,st,AT_SPEED,flt,FALSE,up,TRUE,ig,0,o_pos,0,o_hw,0,o_i,NA,o_up,FALSE,why,NO_COG
[2026-09-19T17:36:40.627] Cog0  BM-TS,seq,2_951,tid,10,k,4,lt,FALSE,pos,-2,hw,-2,i,970,ph,2_428,d,18_738,e,-32,st,AT_SPEED,flt,FALSE,up,TRUE,ig,0,o_pos,0,o_hw,0,o_i,NA,o_up,FALSE,why,NO_COG
[2026-09-19T17:36:40.629] Cog0  BM-TS,seq,2_952,tid,10,k,5,lt,FALSE,pos,-2,hw,-2,i,925,ph,2_780,d,18_690,e,-50,st,AT_SPEED,flt,FALSE,up,TRUE,ig,0,o_pos,0,o_hw,0,o_i,NA,o_up,FALSE,why,NO_COG
[2026-09-19T17:36:40.631] Cog0  BM-TS,seq,2_953,tid,10,k,6,lt,FALSE,pos,-2,hw,-2,i,915,ph,2_502,d,18_749,e,-67,st,AT_SPEED,flt,FALSE,up,TRUE,ig,0,o_pos,0,o_hw,0,o_i,NA,o_up,FALSE,why,NO_COG
[2026-09-19T17:36:40.633] Cog0  BM-TS,seq,2_954,tid,10,k,7,lt,FALSE,pos,-3,hw,-3,i,883,ph,2_116,d,18_714,e,-42,st,AT_SPEED,flt,FALSE,up,TRUE,ig,0,o_pos,0,o_hw,0,o_i,NA,o_up,FALSE,why,NO_COG
[2026-09-19T17:36:40.635] Cog0  BM-TS,seq,2_955,tid,10,k,8,lt,FALSE,pos,-3,hw,-3,i,948,ph,2_044,d,18_719,e,-59,st,AT_SPEED,flt,FALSE,up,TRUE,ig,0,o_pos,0,o_hw,0,o_i,NA,o_up,FALSE,why,NO_COG
[2026-09-19T17:36:40.637] Cog0  BM-TS,seq,2_956,tid,10,k,9,lt,FALSE,pos,-4,hw,-4,i,986,ph,2_355,d,18_745,e,-34,st,AT_SPEED,flt,FALSE,up,TRUE,ig,0,o_pos,0,o_hw,0,o_i,NA,o_up,FALSE,why,NO_COG
[2026-09-19T17:36:40.639] Cog0  BM-TS,seq,2_957,tid,10,k,10,lt,FALSE,pos,-4,hw,-4,i,929,ph,2_710,d,18_700,e,-47,st,AT_SPEED,flt,FALSE,up,TRUE,ig,0,o_pos,0,o_hw,0,o_i,NA,o_up,FALSE,why,NO_COG
[2026-09-19T17:36:40.641] Cog0  BM-TS,seq,2_958,tid,10,k,11,lt,FALSE,pos,-4,hw,-4,i,933,ph,2_547,d,18_739,e,-65,st,AT_SPEED,flt,FALSE,up,TRUE,ig,0,o_pos,0,o_hw,0,o_i,NA,o_up,FALSE,why,NO_COG
[2026-09-19T17:36:40.643] Cog0  BM-TS,seq,2_959,tid,10,k,12,lt,FALSE,pos,-5,hw,-5,i,907,ph,2_152,d,18_695,e,-40,st,AT_SPEED,flt,FALSE,up,TRUE,ig,0,o_pos,0,o_hw,0,o_i,NA,o_up,FALSE,why,NO_COG
[2026-09-19T17:36:40.645] Cog0  BM-TS,seq,2_960,tid,10,k,13,lt,FALSE,pos,-5,hw,-5,i,920,ph,2_009,d,18_692,e,-57,st,AT_SPEED,flt,FALSE,up,TRUE,ig,0,o_pos,0,o_hw,0,o_i,NA,o_up,FALSE,why,NO_COG
[2026-09-19T17:36:40.647] Cog0  BM-TS,seq,2_961,tid,10,k,14,lt,FALSE,pos,-6,hw,-6,i,952,ph,2_422,d,18_753,e,-32,st,AT_SPEED,flt,FALSE,up,TRUE,ig,0,o_pos,0,o_hw,0,o_i,NA,o_up,FALSE,why,NO_COG
[2026-09-19T17:36:40.649] Cog0  BM-TS,seq,2_962,tid,10,k,15,lt,FALSE,pos,-6,hw,-6,i,932,ph,2_691,d,18_688,e,-45,st,AT_SPEED,flt,FALSE,up,TRUE,ig,0,o_pos,0,o_hw,0,o_i,NA,o_up,FALSE,why,NO_COG
[2026-09-19T17:36:40.651] Cog0  BM-TS,seq,2_963,tid,10,k,16,lt,FALSE,pos,-6,hw,-6,i,945,ph,2_629,d,18_730,e,-63,st,AT_SPEED,flt,FALSE,up,TRUE,ig,0,o_pos,0,o_hw,0,o_i,NA,o_up,FALSE,why,NO_COG
[2026-09-19T17:36:40.653] Cog0  BM-TS,seq,2_964,tid,10,k,17,lt,FALSE,pos,-7,hw,-7,i,912,ph,2_236,d,18_684,e,-38,st,AT_SPEED,flt,FALSE,up,TRUE,ig,0,o_pos,0,o_hw,0,o_i,NA,o_up,FALSE,why,NO_COG
[2026-09-19T17:36:40.655] Cog0  BM-TS,seq,2_965,tid,10,k,18,lt,FALSE,pos,-7,hw,-7,i,894,ph,1_995,d,18_676,e,-55,st,AT_SPEED,flt,FALSE,up,TRUE,ig,0,o_pos,0,o_hw,0,o_i,NA,o_up,FALSE,why,NO_COG
[2026-09-19T17:36:40.657] Cog0  BM-TS,seq,2_966,tid,10,k,19,lt,FALSE,pos,-8,hw,-8,i,933,ph,2_395,d,18_747,e,-30,st,AT_SPEED,flt,FALSE,up,TRUE,ig,0,o_pos,0,o_hw,0,o_i,NA,o_up,FALSE,why,NO_COG
[2026-09-19T17:36:40.659] Cog0  BM-TS,seq,2_967,tid,10,k,20,lt,FALSE,pos,-8,hw,-8,i,938,ph,2_732,d,18_685,e,-48,st,AT_SPEED,flt,FALSE,up,TRUE,ig,0,o_pos,0,o_hw,0,o_i,NA,o_up,FALSE,why,NO_COG
[2026-09-19T17:36:40.661] Cog0  BM-TS,seq,2_968,tid,10,k,21,lt,FALSE,pos,-8,hw,-8,i,958,ph,2_661,d,18_707,e,-61,st,AT_SPEED,flt,FALSE,up,TRUE,ig,0,o_pos,0,o_hw,0,o_i,NA,o_up,FALSE,why,NO_COG
[2026-09-19T17:36:40.663] Cog0  BM-TS,seq,2_969,tid,10,k,22,lt,FALSE,pos,-9,hw,-9,i,929,ph,2_258,d,18_691,e,-36,st,AT_SPEED,flt,FALSE,up,TRUE,ig,0,o_pos,0,o_hw,0,o_i,NA,o_up,FALSE,why,NO_COG
[2026-09-19T17:36:40.665] Cog0  BM-TS,seq,2_970,tid,10,k,23,lt,FALSE,pos,-9,hw,-9,i,894,ph,1_924,d,18_663,e,-53,st,AT_SPEED,flt,FALSE,up,TRUE,ig,0,o_pos,0,o_hw,0,o_i,NA,o_up,FALSE,why,NO_COG
[2026-09-19T17:36:40.667] Cog0  BM-TS,seq,2_971,tid,10,k,24,lt,FALSE,pos,-10,hw,-10,i,927,ph,2_313,d,18_743,e,-28,st,AT_SPEED,flt,FALSE,up,TRUE,ig,0,o_pos,0,o_hw,0,o_i,NA,o_up,FALSE,why,NO_COG
[2026-09-19T17:36:40.669] Cog0  BM-TS,seq,2_972,tid,10,k,25,lt,FALSE,pos,-10,hw,-10,i,890,ph,2_672,d,18_661,e,-46,st,AT_SPEED,flt,FALSE,up,TRUE,ig,0,o_pos,0,o_hw,0,o_i,NA,o_up,FALSE,why,NO_COG
[2026-09-19T17:36:40.671] Cog0  BM-TS,seq,2_973,tid,10,k,26,lt,FALSE,pos,-10,hw,-10,i,968,ph,2_677,d,18_686,e,-63,st,AT_SPEED,flt,FALSE,up,TRUE,ig,0,o_pos,0,o_hw,0,o_i,NA,o_up,FALSE,why,NO_COG
[2026-09-19T17:36:40.673] Cog0  BM-TS,seq,2_974,tid,10,k,27,lt,FALSE,pos,-11,hw,-11,i,952,ph,2_275,d,18_701,e,-34,st,AT_SPEED,flt,FALSE,up,TRUE,ig,0,o_pos,0,o_hw,0,o_i,NA,o_up,FALSE,why,NO_COG
[2026-09-19T17:36:40.676] Cog0  BM-TS,seq,2_975,tid,10,k,28,lt,FALSE,pos,-11,hw,-11,i,926,ph,1_941,d,18_676,e,-51,st,AT_SPEED,flt,FALSE,up,TRUE,ig,0,o_pos,0,o_hw,0,o_i,NA,o_up,FALSE,why,NO_COG
[2026-09-19T17:36:40.677] Cog0  BM-TS,seq,2_976,tid,10,k,29,lt,FALSE,pos,-11,hw,-11,i,934,ph,2_278,d,18_735,e,-69,st,AT_SPEED,flt,FALSE,up,TRUE,ig,0,o_pos,0,o_hw,0,o_i,NA,o_up,FALSE,why,NO_COG
[2026-09-19T17:36:40.680] Cog0  BM-TS,seq,2_977,tid,10,k,30,lt,FALSE,pos,-12,hw,-12,i,881,ph,2_653,d,18_668,e,-43,st,AT_SPEED,flt,FALSE,up,TRUE,ig,0,o_pos,0,o_hw,0,o_i,NA,o_up,FALSE,why,NO_COG
[2026-09-19T17:36:40.682] Cog0  BM-TS,seq,2_978,tid,10,k,31,lt,FALSE,pos,-12,hw,-12,i,932,ph,2_670,d,18_696,e,-61,st,AT_SPEED,flt,FALSE,up,TRUE,ig,0,o_pos,0,o_hw,0,o_i,NA,o_up,FALSE,why,NO_COG
[2026-09-19T17:36:40.684] Cog0  BM-TS,seq,2_979,tid,10,k,32,lt,FALSE,pos,-13,hw,-13,i,962,ph,2_362,d,18_720,e,-36,st,AT_SPEED,flt,FALSE,up,TRUE,ig,0,o_pos,0,o_hw,0,o_i,NA,o_up,FALSE,why,NO_COG
[2026-09-19T17:36:40.686] Cog0  BM-TS,seq,2_980,tid,10,k,33,lt,FALSE,pos,-13,hw,-13,i,925,ph,2_003,d,18_675,e,-49,st,AT_SPEED,flt,FALSE,up,TRUE,ig,0,o_pos,0,o_hw,0,o_i,NA,o_up,FALSE,why,NO_COG
[2026-09-19T17:36:40.688] Cog0  BM-TS,seq,2_981,tid,10,k,34,lt,FALSE,pos,-13,hw,-13,i,935,ph,2_234,d,18_737,e,-67,st,AT_SPEED,flt,FALSE,up,TRUE,ig,0,o_pos,0,o_hw,0,o_i,NA,o_up,FALSE,why,NO_COG
[2026-09-19T17:36:40.690] Cog0  BM-TS,seq,2_982,tid,10,k,35,lt,FALSE,pos,-14,hw,-14,i,897,ph,2_618,d,18_705,e,-41,st,AT_SPEED,flt,FALSE,up,TRUE,ig,0,o_pos,0,o_hw,0,o_i,NA,o_up,FALSE,why,NO_COG
[2026-09-19T17:36:40.692] Cog0  BM-TS,seq,2_983,tid,10,k,36,lt,FALSE,pos,-14,hw,-14,i,915,ph,2_689,d,18_702,e,-59,st,AT_SPEED,flt,FALSE,up,TRUE,ig,0,o_pos,0,o_hw,0,o_i,NA,o_up,FALSE,why,NO_COG
[2026-09-19T17:36:40.694] Cog0  BM-TS,seq,2_984,tid,10,k,37,lt,FALSE,pos,-15,hw,-15,i,938,ph,2_293,d,18_739,e,-34,st,AT_SPEED,flt,FALSE,up,TRUE,ig,0,o_pos,0,o_hw,0,o_i,NA,o_up,FALSE,why,NO_COG
[2026-09-19T17:36:40.696] Cog0  BM-TS,seq,2_985,tid,10,k,38,lt,FALSE,pos,-15,hw,-15,i,954,ph,2_012,d,18_697,e,-47,st,AT_SPEED,flt,FALSE,up,TRUE,ig,0,o_pos,0,o_hw,0,o_i,NA,o_up,FALSE,why,NO_COG
[2026-09-19T17:36:40.698] Cog0  BM-TS,seq,2_986,tid,10,k,39,lt,FALSE,pos,-15,hw,-15,i,942,ph,2_138,d,18_739,e,-64,st,AT_SPEED,flt,FALSE,up,TRUE,ig,0,o_pos,0,o_hw,0,o_i,NA,o_up,FALSE,why,NO_COG
[2026-09-19T17:36:40.700] Cog0  BM-TS,seq,2_987,tid,10,k,40,lt,FALSE,pos,-16,hw,-16,i,900,ph,2_548,d,18_689,e,-39,st,AT_SPEED,flt,FALSE,up,TRUE,ig,0,o_pos,0,o_hw,0,o_i,NA,o_up,FALSE,why,NO_COG
[2026-09-19T17:36:40.702] Cog0  BM-TS,seq,2_988,tid,10,k,41,lt,FALSE,pos,-16,hw,-16,i,902,ph,2_719,d,18_692,e,-57,st,AT_SPEED,flt,FALSE,up,TRUE,ig,0,o_pos,0,o_hw,0,o_i,NA,o_up,FALSE,why,NO_COG
[2026-09-19T17:36:40.704] Cog0  BM-TS,seq,2_989,tid,10,k,42,lt,FALSE,pos,-17,hw,-17,i,931,ph,2_322,d,18_751,e,-32,st,AT_SPEED,flt,FALSE,up,TRUE,ig,0,o_pos,0,o_hw,0,o_i,NA,o_up,FALSE,why,NO_COG
[2026-09-19T17:36:40.706] Cog0  BM-TS,seq,2_990,tid,10,k,43,lt,FALSE,pos,-17,hw,-17,i,952,ph,1_969,d,18_690,e,-49,st,AT_SPEED,flt,FALSE,up,TRUE,ig,0,o_pos,0,o_hw,0,o_i,NA,o_up,FALSE,why,NO_COG
[2026-09-19T17:36:40.708] Cog0  BM-TS,seq,2_991,tid,10,k,44,lt,FALSE,pos,-17,hw,-17,i,957,ph,2_106,d,18_735,e,-62,st,AT_SPEED,flt,FALSE,up,TRUE,ig,0,o_pos,0,o_hw,0,o_i,NA,o_up,FALSE,why,NO_COG
[2026-09-19T17:36:40.710] Cog0  BM-TS,seq,2_992,tid,10,k,45,lt,FALSE,pos,-18,hw,-18,i,935,ph,2_532,d,18_727,e,-37,st,AT_SPEED,flt,FALSE,up,TRUE,ig,0,o_pos,0,o_hw,0,o_i,NA,o_up,FALSE,why,NO_COG
[2026-09-19T17:36:40.712] Cog0  BM-TS,seq,2_993,tid,10,k,46,lt,FALSE,pos,-18,hw,-18,i,920,ph,2_794,d,18_723,e,-55,st,AT_SPEED,flt,FALSE,up,TRUE,ig,0,o_pos,0,o_hw,0,o_i,NA,o_up,FALSE,why,NO_COG
[2026-09-19T17:36:40.714] Cog0  BM-TS,seq,2_994,tid,10,k,47,lt,FALSE,pos,-19,hw,-19,i,937,ph,2_401,d,18_771,e,-30,st,AT_SPEED,flt,FALSE,up,TRUE,ig,0,o_pos,0,o_hw,0,o_i,NA,o_up,FALSE,why,NO_COG
[2026-09-19T17:36:40.716] Cog0  BM-TS,seq,2_995,tid,10,k,48,lt,FALSE,pos,-19,hw,-19,i,889,ph,2_035,d,18_713,e,-47,st,AT_SPEED,flt,FALSE,up,TRUE,ig,0,o_pos,0,o_hw,0,o_i,NA,o_up,FALSE,why,NO_COG
[2026-09-19T17:36:40.718] Cog0  BM-TS,seq,2_996,tid,10,k,49,lt,FALSE,pos,-19,hw,-19,i,969,ph,2_085,d,18_738,e,-65,st,AT_SPEED,flt,FALSE,up,TRUE,ig,0,o_pos,0,o_hw,0,o_i,NA,o_up,FALSE,why,NO_COG
[2026-09-19T17:36:40.720] Cog0  BM-TS,seq,2_997,tid,10,k,50,lt,FALSE,pos,-20,hw,-20,i,1_117,ph,2_398,d,18_939,e,-122,st,AT_SPEED,flt,FALSE,up,TRUE,ig,0,o_pos,0,o_hw,0,o_i,NA,o_up,FALSE,why,NO_COG
[2026-09-19T17:36:40.722] Cog0  BM-TS,seq,2_998,tid,10,k,51,lt,FALSE,pos,-20,hw,-20,i,1_753,ph,2_363,d,19_374,e,-122,st,AT_SPEED,flt,FALSE,up,TRUE,ig,0,o_pos,0,o_hw,0,o_i,NA,o_up,FALSE,why,NO_COG
[2026-09-19T17:36:40.724] Cog0  BM-TS,seq,2_999,tid,10,k,52,lt,FALSE,pos,-20,hw,-20,i,2_374,ph,2_333,d,19_814,e,-122,st,AT_SPEED,flt,FALSE,up,TRUE,ig,0,o_pos,0,o_hw,0,o_i,NA,o_up,FALSE,why,NO_COG
[2026-09-19T17:36:40.727] Cog0  BM-TS,seq,3_000,tid,10,k,53,lt,FALSE,pos,-21,hw,-21,i,2_642,ph,2_415,d,20_190,e,-84,st,AT_SPEED,flt,FALSE,up,TRUE,ig,0,o_pos,0,o_hw,0,o_i,NA,o_up,FALSE,why,NO_COG
[2026-09-19T17:36:40.728] Cog0  BM-TS,seq,3_001,tid,10,k,54,lt,FALSE,pos,-21,hw,-21,i,2_400,ph,2_749,d,20_443,e,-102,st,AT_SPEED,flt,FALSE,up,TRUE,ig,0,o_pos,0,o_hw,0,o_i,NA,o_up,FALSE,why,NO_COG
[2026-09-19T17:36:40.730] Cog0  BM-TS,seq,3_002,tid,10,k,55,lt,FALSE,pos,-21,hw,-21,i,2_629,ph,2_739,d,20_795,e,-102,st,AT_SPEED,flt,FALSE,up,TRUE,ig,0,o_pos,0,o_hw,0,o_i,NA,o_up,FALSE,why,NO_COG
[2026-09-19T17:36:40.733] Cog0  BM-TS,seq,3_003,tid,10,k,56,lt,FALSE,pos,-21,hw,-21,i,2_887,ph,2_733,d,21_147,e,-102,st,AT_SPEED,flt,FALSE,up,TRUE,ig,0,o_pos,0,o_hw,0,o_i,NA,o_up,FALSE,why,NO_COG
[2026-09-19T17:36:40.735] Cog0  BM-TS,seq,3_004,tid,10,k,57,lt,FALSE,pos,-21,hw,-21,i,3_091,ph,2_727,d,21_499,e,-102,st,AT_SPEED,flt,FALSE,up,TRUE,ig,0,o_pos,0,o_hw,0,o_i,NA,o_up,FALSE,why,NO_COG
[2026-09-19T17:36:40.737] Cog0  BM-TS,seq,3_005,tid,10,k,58,lt,FALSE,pos,-21,hw,-21,i,3_210,ph,2_744,d,21_851,e,-102,st,AT_SPEED,flt,FALSE,up,TRUE,ig,0,o_pos,0,o_hw,0,o_i,NA,o_up,FALSE,why,NO_COG
[2026-09-19T17:36:40.739] Cog0  BM-TS,seq,3_006,tid,10,k,59,lt,FALSE,pos,-21,hw,-21,i,3_282,ph,2_748,d,22_203,e,-102,st,AT_SPEED,flt,FALSE,up,TRUE,ig,0,o_pos,0,o_hw,0,o_i,NA,o_up,FALSE,why,NO_COG
[2026-09-19T17:36:40.741] Cog0  BM-TS,seq,3_007,tid,10,k,60,lt,FALSE,pos,-21,hw,-21,i,3_352,ph,2_750,d,22_555,e,-102,st,AT_SPEED,flt,FALSE,up,TRUE,ig,0,o_pos,0,o_hw,0,o_i,NA,o_up,FALSE,why,NO_COG
[2026-09-19T17:36:40.743] Cog0  BM-TS,seq,3_008,tid,10,k,61,lt,FALSE,pos,-21,hw,-21,i,3_435,ph,2_738,d,22_907,e,-102,st,AT_SPEED,flt,FALSE,up,TRUE,ig,0,o_pos,0,o_hw,0,o_i,NA,o_up,FALSE,why,NO_COG
[2026-09-19T17:36:40.745] Cog0  BM-TS,seq,3_009,tid,10,k,62,lt,FALSE,pos,629,hw,-21,i,NA,ph,NA,d,NA,e,NA,st,UNKNOWN,flt,FALSE,up,FALSE,ig,0,o_pos,0,o_hw,0,o_i,NA,o_up,FALSE,why,NO_COG
[2026-09-19T17:36:40.759] Cog0  BM-TRACE-END,seq,3_010,tid,10,stored,63,emitted,63,ksum,1_953,mark_k,50,late,0,skipped,0,lost_head,0,dropped,0,end,ABORT,rest_k,NA,ig_sum,0,o_ig_sum,0,hw_skip,0,stride,1,why,NOT_REACHED
[2026-09-19T17:36:40.761] Cog0  BM-TRACE,seq,3_011,tid,11,seg,POSTFLT,life,7,motor,LEFT,cause,ESTOP,incre,-73_500_000,off_neg,43,off_pos,317,req_mode,FLOAT,ramp_inc,22,period_us,2_000,decim,1,pre,50,why,NONE
[2026-09-19T17:36:40.763] Cog0  BM-TRACE-END,seq,3_012,tid,11,stored,0,emitted,0,ksum,0,mark_k,NA,late,NA,skipped,NA,lost_head,0,dropped,0,end,ABORT,rest_k,NA,ig_sum,0,o_ig_sum,0,hw_skip,0,stride,1,why,NO_COG
[2026-09-19T17:36:40.765] Cog0  BM-TRACE,seq,3_013,tid,12,seg,POSTFLT,life,7,motor,LEFT,cause,ESTOP,incre,-73_500_000,off_neg,43,off_pos,317,req_mode,BRAKE,ramp_inc,22,period_us,2_000,decim,1,pre,50,why,NONE
[2026-09-19T17:36:40.767] Cog0  BM-TRACE-END,seq,3_014,tid,12,stored,0,emitted,0,ksum,0,mark_k,NA,late,NA,skipped,NA,lost_head,0,dropped,0,end,ABORT,rest_k,NA,ig_sum,0,o_ig_sum,0,hw_skip,0,stride,1,why,NO_COG
[2026-09-19T17:36:40.769] Cog0  BM-TRACE,seq,3_015,tid,13,seg,POSTFLT,life,7,motor,LEFT,cause,ESTOP,incre,73_500_000,off_neg,43,off_pos,317,req_mode,FLOAT,ramp_inc,22,period_us,2_000,decim,1,pre,50,why,NONE
[2026-09-19T17:36:40.771] Cog0  BM-TRACE-END,seq,3_016,tid,13,stored,0,emitted,0,ksum,0,mark_k,NA,late,NA,skipped,NA,lost_head,0,dropped,0,end,ABORT,rest_k,NA,ig_sum,0,o_ig_sum,0,hw_skip,0,stride,1,why,NO_COG
[2026-09-19T17:36:40.773] Cog0  BM-TRACE,seq,3_017,tid,14,seg,POSTFLT,life,7,motor,LEFT,cause,ESTOP,incre,73_500_000,off_neg,43,off_pos,317,req_mode,BRAKE,ramp_inc,22,period_us,2_000,decim,1,pre,50,why,NONE
[2026-09-19T17:36:40.790] Cog0  BM-TRACE-END,seq,3_018,tid,14,stored,0,emitted,0,ksum,0,mark_k,NA,late,NA,skipped,NA,lost_head,0,dropped,0,end,ABORT,rest_k,NA,ig_sum,0,o_ig_sum,0,hw_skip,0,stride,1,why,NO_COG
[2026-09-19T17:36:40.791] Cog3  INIT $0000_E90E $0003_8E67 load
[2026-09-19T17:36:40.806] Cog4  INIT $0000_0FA8 $0003_8A43 jump
[2026-09-19T17:36:42.884] Cog0  BM-START,seq,3_019,seg,POSTFLT,motor,RIGHT,life,8,cog_ret,3,cog_ok,TRUE,board,REV_B,board_enum,22,ready,TRUE,ready_ms,0,off_neg,43,off_pos,317,missed,0,illegal,0,zero_x10,0,ph_x10,1_574,why,NONE
[2026-09-19T17:36:46.000] Cog0  BM-OFFREST,seq,3_020,motor,RIGHT,want_neg,43,want_pos,317,off_neg,43,off_pos,317,ok,TRUE,why,NONE
[2026-09-19T17:36:46.016] Cog0  BM-TRACE,seq,3_021,tid,15,seg,POSTFLT,life,8,motor,RIGHT,cause,FAULT,incre,-73_500_000,off_neg,43,off_pos,317,req_mode,FLOAT,ramp_inc,22,period_us,2_000,decim,1,pre,50,why,NONE
[2026-09-19T17:36:46.059] Cog0  BM-TS,seq,3_022,tid,15,k,0,lt,FALSE,pos,0,hw,0,i,981,ph,2_446,d,18_630,e,-33,st,AT_SPEED,flt,FALSE,up,TRUE,ig,0,o_pos,0,o_hw,0,o_i,NA,o_up,FALSE,why,NO_COG
[2026-09-19T17:36:46.061] Cog0  BM-TS,seq,3_023,tid,15,k,1,lt,FALSE,pos,0,hw,0,i,930,ph,2_707,d,18_587,e,-46,st,AT_SPEED,flt,FALSE,up,TRUE,ig,0,o_pos,0,o_hw,0,o_i,NA,o_up,FALSE,why,NO_COG
[2026-09-19T17:36:46.063] Cog0  BM-TS,seq,3_024,tid,15,k,2,lt,FALSE,pos,0,hw,0,i,934,ph,2_592,d,18_627,e,-64,st,AT_SPEED,flt,FALSE,up,TRUE,ig,0,o_pos,0,o_hw,0,o_i,NA,o_up,FALSE,why,NO_COG
[2026-09-19T17:36:46.065] Cog0  BM-TS,seq,3_025,tid,15,k,3,lt,FALSE,pos,-1,hw,-1,i,907,ph,2_188,d,18_596,e,-39,st,AT_SPEED,flt,FALSE,up,TRUE,ig,0,o_pos,0,o_hw,0,o_i,NA,o_up,FALSE,why,NO_COG
[2026-09-19T17:36:46.067] Cog0  BM-TS,seq,3_026,tid,15,k,4,lt,FALSE,pos,-1,hw,-1,i,906,ph,1_998,d,18_587,e,-56,st,AT_SPEED,flt,FALSE,up,TRUE,ig,0,o_pos,0,o_hw,0,o_i,NA,o_up,FALSE,why,NO_COG
[2026-09-19T17:36:46.069] Cog0  BM-TS,seq,3_027,tid,15,k,5,lt,FALSE,pos,-2,hw,-2,i,948,ph,2_396,d,18_632,e,-31,st,AT_SPEED,flt,FALSE,up,TRUE,ig,0,o_pos,0,o_hw,0,o_i,NA,o_up,FALSE,why,NO_COG
[2026-09-19T17:36:46.071] Cog0  BM-TS,seq,3_028,tid,15,k,6,lt,FALSE,pos,-2,hw,-2,i,943,ph,2_666,d,18_569,e,-49,st,AT_SPEED,flt,FALSE,up,TRUE,ig,0,o_pos,0,o_hw,0,o_i,NA,o_up,FALSE,why,NO_COG
[2026-09-19T17:36:46.073] Cog0  BM-TS,seq,3_029,tid,15,k,7,lt,FALSE,pos,-2,hw,-2,i,961,ph,2_638,d,18_612,e,-62,st,AT_SPEED,flt,FALSE,up,TRUE,ig,0,o_pos,0,o_hw,0,o_i,NA,o_up,FALSE,why,NO_COG
[2026-09-19T17:36:46.075] Cog0  BM-TS,seq,3_030,tid,15,k,8,lt,FALSE,pos,-3,hw,-3,i,924,ph,2_239,d,18_614,e,-37,st,AT_SPEED,flt,FALSE,up,TRUE,ig,0,o_pos,0,o_hw,0,o_i,NA,o_up,FALSE,why,NO_COG
[2026-09-19T17:36:46.077] Cog0  BM-TS,seq,3_031,tid,15,k,9,lt,FALSE,pos,-3,hw,-3,i,908,ph,1_962,d,18_585,e,-54,st,AT_SPEED,flt,FALSE,up,TRUE,ig,0,o_pos,0,o_hw,0,o_i,NA,o_up,FALSE,why,NO_COG
[2026-09-19T17:36:46.079] Cog0  BM-TS,seq,3_032,tid,15,k,10,lt,FALSE,pos,-3,hw,-3,i,939,ph,2_345,d,18_670,e,-72,st,AT_SPEED,flt,FALSE,up,TRUE,ig,0,o_pos,0,o_hw,0,o_i,NA,o_up,FALSE,why,NO_COG
[2026-09-19T17:36:46.081] Cog0  BM-TS,seq,3_033,tid,15,k,11,lt,FALSE,pos,-4,hw,-4,i,910,ph,2_713,d,18_627,e,-47,st,AT_SPEED,flt,FALSE,up,TRUE,ig,0,o_pos,0,o_hw,0,o_i,NA,o_up,FALSE,why,NO_COG
[2026-09-19T17:36:46.083] Cog0  BM-TS,seq,3_034,tid,15,k,12,lt,FALSE,pos,-4,hw,-4,i,967,ph,2_680,d,18_650,e,-60,st,AT_SPEED,flt,FALSE,up,TRUE,ig,0,o_pos,0,o_hw,0,o_i,NA,o_up,FALSE,why,NO_COG
[2026-09-19T17:36:46.085] Cog0  BM-TS,seq,3_035,tid,15,k,13,lt,FALSE,pos,-5,hw,-5,i,949,ph,2_281,d,18_643,e,-35,st,AT_SPEED,flt,FALSE,up,TRUE,ig,0,o_pos,0,o_hw,0,o_i,NA,o_up,FALSE,why,NO_COG
[2026-09-19T17:36:46.087] Cog0  BM-TS,seq,3_036,tid,15,k,14,lt,FALSE,pos,-5,hw,-5,i,927,ph,1_945,d,18_617,e,-52,st,AT_SPEED,flt,FALSE,up,TRUE,ig,0,o_pos,0,o_hw,0,o_i,NA,o_up,FALSE,why,NO_COG
[2026-09-19T17:36:46.089] Cog0  BM-TS,seq,3_037,tid,15,k,15,lt,FALSE,pos,-5,hw,-5,i,939,ph,2_306,d,18_674,e,-70,st,AT_SPEED,flt,FALSE,up,TRUE,ig,0,o_pos,0,o_hw,0,o_i,NA,o_up,FALSE,why,NO_COG
[2026-09-19T17:36:46.091] Cog0  BM-TS,seq,3_038,tid,15,k,16,lt,FALSE,pos,-6,hw,-6,i,889,ph,2_670,d,18_601,e,-44,st,AT_SPEED,flt,FALSE,up,TRUE,ig,0,o_pos,0,o_hw,0,o_i,NA,o_up,FALSE,why,NO_COG
[2026-09-19T17:36:46.093] Cog0  BM-TS,seq,3_039,tid,15,k,17,lt,FALSE,pos,-6,hw,-6,i,990,ph,2_636,d,18_627,e,-62,st,AT_SPEED,flt,FALSE,up,TRUE,ig,0,o_pos,0,o_hw,0,o_i,NA,o_up,FALSE,why,NO_COG
[2026-09-19T17:36:46.095] Cog0  BM-TS,seq,3_040,tid,15,k,18,lt,FALSE,pos,-7,hw,-7,i,988,ph,2_329,d,18_663,e,-32,st,AT_SPEED,flt,FALSE,up,TRUE,ig,0,o_pos,0,o_hw,0,o_i,NA,o_up,FALSE,why,NO_COG
[2026-09-19T17:36:46.097] Cog0  BM-TS,seq,3_041,tid,15,k,19,lt,FALSE,pos,-7,hw,-7,i,931,ph,1_983,d,18_617,e,-50,st,AT_SPEED,flt,FALSE,up,TRUE,ig,0,o_pos,0,o_hw,0,o_i,NA,o_up,FALSE,why,NO_COG
[2026-09-19T17:36:46.099] Cog0  BM-TS,seq,3_042,tid,15,k,20,lt,FALSE,pos,-7,hw,-7,i,936,ph,2_253,d,18_677,e,-67,st,AT_SPEED,flt,FALSE,up,TRUE,ig,0,o_pos,0,o_hw,0,o_i,NA,o_up,FALSE,why,NO_COG
[2026-09-19T17:36:46.101] Cog0  BM-TS,seq,3_043,tid,15,k,21,lt,FALSE,pos,-8,hw,-8,i,882,ph,2_623,d,18_620,e,-42,st,AT_SPEED,flt,FALSE,up,TRUE,ig,0,o_pos,0,o_hw,0,o_i,NA,o_up,FALSE,why,NO_COG
[2026-09-19T17:36:46.103] Cog0  BM-TS,seq,3_044,tid,15,k,22,lt,FALSE,pos,-8,hw,-8,i,952,ph,2_675,d,18_626,e,-60,st,AT_SPEED,flt,FALSE,up,TRUE,ig,0,o_pos,0,o_hw,0,o_i,NA,o_up,FALSE,why,NO_COG
[2026-09-19T17:36:46.104] Cog0  BM-TS,seq,3_045,tid,15,k,23,lt,FALSE,pos,-9,hw,-9,i,982,ph,2_278,d,18_651,e,-35,st,AT_SPEED,flt,FALSE,up,TRUE,ig,0,o_pos,0,o_hw,0,o_i,NA,o_up,FALSE,why,NO_COG
[2026-09-19T17:36:46.107] Cog0  BM-TS,seq,3_046,tid,15,k,24,lt,FALSE,pos,-9,hw,-9,i,940,ph,2_008,d,18_608,e,-48,st,AT_SPEED,flt,FALSE,up,TRUE,ig,0,o_pos,0,o_hw,0,o_i,NA,o_up,FALSE,why,NO_COG
[2026-09-19T17:36:46.109] Cog0  BM-TS,seq,3_047,tid,15,k,25,lt,FALSE,pos,-9,hw,-9,i,960,ph,2_190,d,18_671,e,-65,st,AT_SPEED,flt,FALSE,up,TRUE,ig,0,o_pos,0,o_hw,0,o_i,NA,o_up,FALSE,why,NO_COG
[2026-09-19T17:36:46.111] Cog0  BM-TS,seq,3_048,tid,15,k,26,lt,FALSE,pos,-10,hw,-10,i,915,ph,2_580,d,18_640,e,-40,st,AT_SPEED,flt,FALSE,up,TRUE,ig,0,o_pos,0,o_hw,0,o_i,NA,o_up,FALSE,why,NO_COG
[2026-09-19T17:36:46.113] Cog0  BM-TS,seq,3_049,tid,15,k,27,lt,FALSE,pos,-10,hw,-10,i,918,ph,2_712,d,18_640,e,-58,st,AT_SPEED,flt,FALSE,up,TRUE,ig,0,o_pos,0,o_hw,0,o_i,NA,o_up,FALSE,why,NO_COG
[2026-09-19T17:36:46.115] Cog0  BM-TS,seq,3_050,tid,15,k,28,lt,FALSE,pos,-11,hw,-11,i,943,ph,2_323,d,18_692,e,-33,st,AT_SPEED,flt,FALSE,up,TRUE,ig,0,o_pos,0,o_hw,0,o_i,NA,o_up,FALSE,why,NO_COG
[2026-09-19T17:36:46.117] Cog0  BM-TS,seq,3_051,tid,15,k,29,lt,FALSE,pos,-11,hw,-11,i,959,ph,2_058,d,18_629,e,-50,st,AT_SPEED,flt,FALSE,up,TRUE,ig,0,o_pos,0,o_hw,0,o_i,NA,o_up,FALSE,why,NO_COG
[2026-09-19T17:36:46.119] Cog0  BM-TS,seq,3_052,tid,15,k,30,lt,FALSE,pos,-11,hw,-11,i,972,ph,2_143,d,18_672,e,-63,st,AT_SPEED,flt,FALSE,up,TRUE,ig,0,o_pos,0,o_hw,0,o_i,NA,o_up,FALSE,why,NO_COG
[2026-09-19T17:36:46.121] Cog0  BM-TS,seq,3_053,tid,15,k,31,lt,FALSE,pos,-12,hw,-12,i,927,ph,2_550,d,18_635,e,-38,st,AT_SPEED,flt,FALSE,up,TRUE,ig,0,o_pos,0,o_hw,0,o_i,NA,o_up,FALSE,why,NO_COG
[2026-09-19T17:36:46.123] Cog0  BM-TS,seq,3_054,tid,15,k,32,lt,FALSE,pos,-12,hw,-12,i,920,ph,2_756,d,18_629,e,-56,st,AT_SPEED,flt,FALSE,up,TRUE,ig,0,o_pos,0,o_hw,0,o_i,NA,o_up,FALSE,why,NO_COG
[2026-09-19T17:36:46.125] Cog0  BM-TS,seq,3_055,tid,15,k,33,lt,FALSE,pos,-13,hw,-13,i,946,ph,2_363,d,18_685,e,-31,st,AT_SPEED,flt,FALSE,up,TRUE,ig,0,o_pos,0,o_hw,0,o_i,NA,o_up,FALSE,why,NO_COG
[2026-09-19T17:36:46.127] Cog0  BM-TS,seq,3_056,tid,15,k,34,lt,FALSE,pos,-13,hw,-13,i,933,ph,2_010,d,18_625,e,-48,st,AT_SPEED,flt,FALSE,up,TRUE,ig,0,o_pos,0,o_hw,0,o_i,NA,o_up,FALSE,why,NO_COG
[2026-09-19T17:36:46.129] Cog0  BM-TS,seq,3_057,tid,15,k,35,lt,FALSE,pos,-13,hw,-13,i,996,ph,2_098,d,18_672,e,-66,st,AT_SPEED,flt,FALSE,up,TRUE,ig,0,o_pos,0,o_hw,0,o_i,NA,o_up,FALSE,why,NO_COG
[2026-09-19T17:36:46.131] Cog0  BM-TS,seq,3_058,tid,15,k,36,lt,FALSE,pos,-14,hw,-14,i,951,ph,2_499,d,18_674,e,-36,st,AT_SPEED,flt,FALSE,up,TRUE,ig,0,o_pos,0,o_hw,0,o_i,NA,o_up,FALSE,why,NO_COG
[2026-09-19T17:36:46.133] Cog0  BM-TS,seq,3_059,tid,15,k,37,lt,FALSE,pos,-14,hw,-14,i,928,ph,2_798,d,18_648,e,-54,st,AT_SPEED,flt,FALSE,up,TRUE,ig,0,o_pos,0,o_hw,0,o_i,NA,o_up,FALSE,why,NO_COG
[2026-09-19T17:36:46.135] Cog0  BM-TS,seq,3_060,tid,15,k,38,lt,FALSE,pos,-15,hw,-15,i,939,ph,2_403,d,18_723,e,-28,st,AT_SPEED,flt,FALSE,up,TRUE,ig,0,o_pos,0,o_hw,0,o_i,NA,o_up,FALSE,why,NO_COG
[2026-09-19T17:36:46.137] Cog0  BM-TS,seq,3_061,tid,15,k,39,lt,FALSE,pos,-15,hw,-15,i,903,ph,2_046,d,18_666,e,-46,st,AT_SPEED,flt,FALSE,up,TRUE,ig,0,o_pos,0,o_hw,0,o_i,NA,o_up,FALSE,why,NO_COG
[2026-09-19T17:36:46.138] Cog0  BM-TS,seq,3_062,tid,15,k,40,lt,FALSE,pos,-15,hw,-15,i,975,ph,2_144,d,18_693,e,-63,st,AT_SPEED,flt,FALSE,up,TRUE,ig,0,o_pos,0,o_hw,0,o_i,NA,o_up,FALSE,why,NO_COG
[2026-09-19T17:36:46.141] Cog0  BM-TS,seq,3_063,tid,15,k,41,lt,FALSE,pos,-16,hw,-16,i,992,ph,2_455,d,18_704,e,-34,st,AT_SPEED,flt,FALSE,up,TRUE,ig,0,o_pos,0,o_hw,0,o_i,NA,o_up,FALSE,why,NO_COG
[2026-09-19T17:36:46.143] Cog0  BM-TS,seq,3_064,tid,15,k,42,lt,FALSE,pos,-16,hw,-16,i,968,ph,2_805,d,18_681,e,-51,st,AT_SPEED,flt,FALSE,up,TRUE,ig,0,o_pos,0,o_hw,0,o_i,NA,o_up,FALSE,why,NO_COG
[2026-09-19T17:36:46.146] Cog0  BM-TS,seq,3_065,tid,15,k,43,lt,FALSE,pos,-16,hw,-16,i,969,ph,2_460,d,18_742,e,-69,st,AT_SPEED,flt,FALSE,up,TRUE,ig,0,o_pos,0,o_hw,0,o_i,NA,o_up,FALSE,why,NO_COG
[2026-09-19T17:36:46.147] Cog0  BM-TS,seq,3_066,tid,15,k,44,lt,FALSE,pos,-17,hw,-17,i,901,ph,2_089,d,18_675,e,-44,st,AT_SPEED,flt,FALSE,up,TRUE,ig,0,o_pos,0,o_hw,0,o_i,NA,o_up,FALSE,why,NO_COG
[2026-09-19T17:36:46.150] Cog0  BM-TS,seq,3_067,tid,15,k,45,lt,FALSE,pos,-17,hw,-17,i,939,ph,2_105,d,18_705,e,-61,st,AT_SPEED,flt,FALSE,up,TRUE,ig,0,o_pos,0,o_hw,0,o_i,NA,o_up,FALSE,why,NO_COG
[2026-09-19T17:36:46.152] Cog0  BM-TS,seq,3_068,tid,15,k,46,lt,FALSE,pos,-18,hw,-18,i,973,ph,2_506,d,18_715,e,-36,st,AT_SPEED,flt,FALSE,up,TRUE,ig,0,o_pos,0,o_hw,0,o_i,NA,o_up,FALSE,why,NO_COG
[2026-09-19T17:36:46.153] Cog0  BM-TS,seq,3_069,tid,15,k,47,lt,FALSE,pos,-18,hw,-18,i,962,ph,2_768,d,18_672,e,-49,st,AT_SPEED,flt,FALSE,up,TRUE,ig,0,o_pos,0,o_hw,0,o_i,NA,o_up,FALSE,why,NO_COG
[2026-09-19T17:36:46.156] Cog0  BM-TS,seq,3_070,tid,15,k,48,lt,FALSE,pos,-18,hw,-18,i,988,ph,2_504,d,18_736,e,-67,st,AT_SPEED,flt,FALSE,up,TRUE,ig,0,o_pos,0,o_hw,0,o_i,NA,o_up,FALSE,why,NO_COG
[2026-09-19T17:36:46.158] Cog0  BM-TS,seq,3_071,tid,15,k,49,lt,FALSE,pos,-19,hw,-19,i,915,ph,2_131,d,18_687,e,-42,st,AT_SPEED,flt,FALSE,up,TRUE,ig,0,o_pos,0,o_hw,0,o_i,NA,o_up,FALSE,why,NO_COG
[2026-09-19T17:36:46.158] Cog0  BM-TS,seq,3_072,tid,15,k,50,lt,FALSE,pos,-19,hw,-19,i,0,ph,969,d,1_600,e,-125,st,FAULTED,flt,TRUE,up,TRUE,ig,0,o_pos,0,o_hw,0,o_i,NA,o_up,FALSE,why,NO_COG
[2026-09-19T17:36:46.162] Cog0  BM-TS,seq,3_073,tid,15,k,51,lt,FALSE,pos,-20,hw,-20,i,-1,ph,981,d,1_600,e,-87,st,FAULTED,flt,TRUE,up,TRUE,ig,0,o_pos,0,o_hw,0,o_i,NA,o_up,FALSE,why,NO_COG
[2026-09-19T17:36:46.164] Cog0  BM-TS,seq,3_074,tid,15,k,52,lt,FALSE,pos,-20,hw,-20,i,1,ph,865,d,1_600,e,-100,st,FAULTED,flt,TRUE,up,TRUE,ig,0,o_pos,0,o_hw,0,o_i,NA,o_up,FALSE,why,NO_COG
[2026-09-19T17:36:46.166] Cog0  BM-TS,seq,3_075,tid,15,k,53,lt,FALSE,pos,-20,hw,-20,i,1,ph,571,d,1_600,e,-100,st,FAULTED,flt,TRUE,up,TRUE,ig,0,o_pos,0,o_hw,0,o_i,NA,o_up,FALSE,why,NO_COG
[2026-09-19T17:36:46.168] Cog0  BM-TS,seq,3_076,tid,15,k,54,lt,FALSE,pos,-21,hw,-21,i,0,ph,756,d,1_600,e,-66,st,FAULTED,flt,TRUE,up,TRUE,ig,0,o_pos,0,o_hw,0,o_i,NA,o_up,FALSE,why,NO_COG
[2026-09-19T17:36:46.170] Cog0  BM-TS,seq,3_077,tid,15,k,55,lt,FALSE,pos,-21,hw,-21,i,-1,ph,949,d,1_600,e,-84,st,FAULTED,flt,TRUE,up,TRUE,ig,0,o_pos,0,o_hw,0,o_i,NA,o_up,FALSE,why,NO_COG
[2026-09-19T17:36:46.172] Cog0  BM-TS,seq,3_078,tid,15,k,56,lt,FALSE,pos,-22,hw,-22,i,0,ph,981,d,1_600,e,-58,st,FAULTED,flt,TRUE,up,TRUE,ig,0,o_pos,0,o_hw,0,o_i,NA,o_up,FALSE,why,NO_COG
[2026-09-19T17:36:46.174] Cog0  BM-TS,seq,3_079,tid,15,k,57,lt,FALSE,pos,-22,hw,-22,i,-1,ph,890,d,1_600,e,-76,st,FAULTED,flt,TRUE,up,TRUE,ig,0,o_pos,0,o_hw,0,o_i,NA,o_up,FALSE,why,NO_COG
[2026-09-19T17:36:46.175] Cog0  BM-TS,seq,3_080,tid,15,k,58,lt,FALSE,pos,-22,hw,-22,i,0,ph,668,d,1_600,e,-94,st,FAULTED,flt,TRUE,up,TRUE,ig,0,o_pos,0,o_hw,0,o_i,NA,o_up,FALSE,why,NO_COG
[2026-09-19T17:36:46.178] Cog0  BM-TS,seq,3_081,tid,15,k,59,lt,FALSE,pos,-23,hw,-23,i,-1,ph,661,d,1_600,e,-64,st,FAULTED,flt,TRUE,up,TRUE,ig,0,o_pos,0,o_hw,0,o_i,NA,o_up,FALSE,why,NO_COG
[2026-09-19T17:36:46.180] Cog0  BM-TS,seq,3_082,tid,15,k,60,lt,FALSE,pos,-23,hw,-23,i,-1,ph,883,d,1_600,e,-82,st,FAULTED,flt,TRUE,up,TRUE,ig,0,o_pos,0,o_hw,0,o_i,NA,o_up,FALSE,why,NO_COG
[2026-09-19T17:36:46.182] Cog0  BM-TS,seq,3_083,tid,15,k,61,lt,FALSE,pos,-23,hw,-23,i,0,ph,957,d,1_600,e,-99,st,FAULTED,flt,TRUE,up,TRUE,ig,0,o_pos,0,o_hw,0,o_i,NA,o_up,FALSE,why,NO_COG
[2026-09-19T17:36:46.184] Cog0  BM-TS,seq,3_084,tid,15,k,62,lt,FALSE,pos,-24,hw,-24,i,-2,ph,922,d,1_600,e,-70,st,FAULTED,flt,TRUE,up,TRUE,ig,0,o_pos,0,o_hw,0,o_i,NA,o_up,FALSE,why,NO_COG
[2026-09-19T17:36:46.185] Cog0  BM-TS,seq,3_085,tid,15,k,63,lt,FALSE,pos,-24,hw,-24,i,-1,ph,739,d,1_600,e,-87,st,FAULTED,flt,TRUE,up,TRUE,ig,0,o_pos,0,o_hw,0,o_i,NA,o_up,FALSE,why,NO_COG
[2026-09-19T17:36:46.188] Cog0  BM-TS,seq,3_086,tid,15,k,64,lt,FALSE,pos,-24,hw,-24,i,0,ph,610,d,1_600,e,-100,st,FAULTED,flt,TRUE,up,TRUE,ig,0,o_pos,0,o_hw,0,o_i,NA,o_up,FALSE,why,NO_COG
[2026-09-19T17:36:46.190] Cog0  BM-TS,seq,3_087,tid,15,k,65,lt,FALSE,pos,-25,hw,-25,i,0,ph,778,d,1_600,e,-71,st,FAULTED,flt,TRUE,up,TRUE,ig,0,o_pos,0,o_hw,0,o_i,NA,o_up,FALSE,why,NO_COG
[2026-09-19T17:36:46.192] Cog0  BM-TS,seq,3_088,tid,15,k,66,lt,FALSE,pos,-25,hw,-25,i,0,ph,900,d,1_600,e,-88,st,FAULTED,flt,TRUE,up,TRUE,ig,0,o_pos,0,o_hw,0,o_i,NA,o_up,FALSE,why,NO_COG
[2026-09-19T17:36:46.194] Cog0  BM-TS,seq,3_089,tid,15,k,67,lt,FALSE,pos,-26,hw,-26,i,0,ph,925,d,1_600,e,-63,st,FAULTED,flt,TRUE,up,TRUE,ig,0,o_pos,0,o_hw,0,o_i,NA,o_up,FALSE,why,NO_COG
[2026-09-19T17:36:46.195] Cog0  BM-TS,seq,3_090,tid,15,k,68,lt,FALSE,pos,-26,hw,-26,i,0,ph,821,d,1_600,e,-81,st,FAULTED,flt,TRUE,up,TRUE,ig,0,o_pos,0,o_hw,0,o_i,NA,o_up,FALSE,why,NO_COG
[2026-09-19T17:36:46.198] Cog0  BM-TS,seq,3_091,tid,15,k,69,lt,FALSE,pos,-26,hw,-26,i,-2,ph,633,d,1_600,e,-98,st,FAULTED,flt,TRUE,up,TRUE,ig,0,o_pos,0,o_hw,0,o_i,NA,o_up,FALSE,why,NO_COG
[2026-09-19T17:36:46.200] Cog0  BM-TS,seq,3_092,tid,15,k,70,lt,FALSE,pos,-27,hw,-27,i,-1,ph,613,d,1_600,e,-64,st,FAULTED,flt,TRUE,up,TRUE,ig,0,o_pos,0,o_hw,0,o_i,NA,o_up,FALSE,why,NO_COG
[2026-09-19T17:36:46.201] Cog0  BM-TS,seq,3_093,tid,15,k,71,lt,FALSE,pos,-27,hw,-27,i,-1,ph,812,d,1_600,e,-82,st,FAULTED,flt,TRUE,up,TRUE,ig,0,o_pos,0,o_hw,0,o_i,NA,o_up,FALSE,why,NO_COG
[2026-09-19T17:36:46.204] Cog0  BM-TS,seq,3_094,tid,15,k,72,lt,FALSE,pos,-27,hw,-27,i,0,ph,898,d,1_600,e,-99,st,FAULTED,flt,TRUE,up,TRUE,ig,0,o_pos,0,o_hw,0,o_i,NA,o_up,FALSE,why,NO_COG
[2026-09-19T17:36:46.205] Cog0  BM-TS,seq,3_095,tid,15,k,73,lt,FALSE,pos,-28,hw,-28,i,0,ph,886,d,1_600,e,-70,st,FAULTED,flt,TRUE,up,TRUE,ig,0,o_pos,0,o_hw,0,o_i,NA,o_up,FALSE,why,NO_COG
[2026-09-19T17:36:46.208] Cog0  BM-TS,seq,3_096,tid,15,k,74,lt,FALSE,pos,-28,hw,-28,i,0,ph,757,d,1_600,e,-87,st,FAULTED,flt,TRUE,up,TRUE,ig,0,o_pos,0,o_hw,0,o_i,NA,o_up,FALSE,why,NO_COG
[2026-09-19T17:36:46.210] Cog0  BM-TS,seq,3_097,tid,15,k,75,lt,FALSE,pos,-28,hw,-28,i,0,ph,573,d,1_600,e,-100,st,FAULTED,flt,TRUE,up,TRUE,ig,0,o_pos,0,o_hw,0,o_i,NA,o_up,FALSE,why,NO_COG
[2026-09-19T17:36:46.211] Cog0  BM-TS,seq,3_098,tid,15,k,76,lt,FALSE,pos,-29,hw,-29,i,0,ph,647,d,1_600,e,-66,st,FAULTED,flt,TRUE,up,TRUE,ig,0,o_pos,0,o_hw,0,o_i,NA,o_up,FALSE,why,NO_COG
[2026-09-19T17:36:46.214] Cog0  BM-TS,seq,3_099,tid,15,k,77,lt,FALSE,pos,-29,hw,-29,i,0,ph,812,d,1_600,e,-84,st,FAULTED,flt,TRUE,up,TRUE,ig,0,o_pos,0,o_hw,0,o_i,NA,o_up,FALSE,why,NO_COG
[2026-09-19T17:36:46.215] Cog0  BM-TS,seq,3_100,tid,15,k,78,lt,FALSE,pos,-29,hw,-29,i,0,ph,872,d,1_600,e,-102,st,FAULTED,flt,TRUE,up,TRUE,ig,0,o_pos,0,o_hw,0,o_i,NA,o_up,FALSE,why,NO_COG
[2026-09-19T17:36:46.217] Cog0  BM-TS,seq,3_101,tid,15,k,79,lt,FALSE,pos,-30,hw,-30,i,0,ph,840,d,1_600,e,-68,st,FAULTED,flt,TRUE,up,TRUE,ig,0,o_pos,0,o_hw,0,o_i,NA,o_up,FALSE,why,NO_COG
[2026-09-19T17:36:46.220] Cog0  BM-TS,seq,3_102,tid,15,k,80,lt,FALSE,pos,-30,hw,-30,i,1,ph,718,d,1_600,e,-85,st,FAULTED,flt,TRUE,up,TRUE,ig,0,o_pos,0,o_hw,0,o_i,NA,o_up,FALSE,why,NO_COG
[2026-09-19T17:36:46.221] Cog0  BM-TS,seq,3_103,tid,15,k,81,lt,FALSE,pos,-30,hw,-30,i,0,ph,574,d,1_600,e,-103,st,FAULTED,flt,TRUE,up,TRUE,ig,0,o_pos,0,o_hw,0,o_i,NA,o_up,FALSE,why,NO_COG
[2026-09-19T17:36:46.224] Cog0  BM-TS,seq,3_104,tid,15,k,82,lt,FALSE,pos,-31,hw,-31,i,0,ph,633,d,1_600,e,-69,st,FAULTED,flt,TRUE,up,TRUE,ig,0,o_pos,0,o_hw,0,o_i,NA,o_up,FALSE,why,NO_COG
[2026-09-19T17:36:46.225] Cog0  BM-TS,seq,3_105,tid,15,k,83,lt,FALSE,pos,-31,hw,-31,i,0,ph,788,d,1_600,e,-86,st,FAULTED,flt,TRUE,up,TRUE,ig,0,o_pos,0,o_hw,0,o_i,NA,o_up,FALSE,why,NO_COG
[2026-09-19T17:36:46.227] Cog0  BM-TS,seq,3_106,tid,15,k,84,lt,FALSE,pos,-31,hw,-31,i,-1,ph,837,d,1_600,e,-104,st,FAULTED,flt,TRUE,up,TRUE,ig,0,o_pos,0,o_hw,0,o_i,NA,o_up,FALSE,why,NO_COG
[2026-09-19T17:36:46.230] Cog0  BM-TS,seq,3_107,tid,15,k,85,lt,FALSE,pos,-32,hw,-32,i,-1,ph,803,d,1_600,e,-70,st,FAULTED,flt,TRUE,up,TRUE,ig,0,o_pos,0,o_hw,0,o_i,NA,o_up,FALSE,why,NO_COG
[2026-09-19T17:36:46.231] Cog0  BM-TS,seq,3_108,tid,15,k,86,lt,FALSE,pos,-32,hw,-32,i,-1,ph,704,d,1_600,e,-87,st,FAULTED,flt,TRUE,up,TRUE,ig,0,o_pos,0,o_hw,0,o_i,NA,o_up,FALSE,why,NO_COG
[2026-09-19T17:36:46.234] Cog0  BM-TS,seq,3_109,tid,15,k,87,lt,FALSE,pos,-32,hw,-32,i,0,ph,557,d,1_600,e,-101,st,FAULTED,flt,TRUE,up,TRUE,ig,0,o_pos,0,o_hw,0,o_i,NA,o_up,FALSE,why,NO_COG
[2026-09-19T17:36:46.236] Cog0  BM-TS,seq,3_110,tid,15,k,88,lt,FALSE,pos,-33,hw,-33,i,0,ph,579,d,1_600,e,-62,st,FAULTED,flt,TRUE,up,TRUE,ig,0,o_pos,0,o_hw,0,o_i,NA,o_up,FALSE,why,NO_COG
[2026-09-19T17:36:46.237] Cog0  BM-TS,seq,3_111,tid,15,k,89,lt,FALSE,pos,-33,hw,-33,i,0,ph,743,d,1_600,e,-80,st,FAULTED,flt,TRUE,up,TRUE,ig,0,o_pos,0,o_hw,0,o_i,NA,o_up,FALSE,why,NO_COG
[2026-09-19T17:36:46.239] Cog0  BM-TS,seq,3_112,tid,15,k,90,lt,FALSE,pos,-33,hw,-33,i,0,ph,810,d,1_600,e,-97,st,FAULTED,flt,TRUE,up,TRUE,ig,0,o_pos,0,o_hw,0,o_i,NA,o_up,FALSE,why,NO_COG
[2026-09-19T17:36:46.241] Cog0  BM-TS,seq,3_113,tid,15,k,91,lt,FALSE,pos,-34,hw,-34,i,0,ph,807,d,1_600,e,-68,st,FAULTED,flt,TRUE,up,TRUE,ig,0,o_pos,0,o_hw,0,o_i,NA,o_up,FALSE,why,NO_COG
[2026-09-19T17:36:46.243] Cog0  BM-TS,seq,3_114,tid,15,k,92,lt,FALSE,pos,-34,hw,-34,i,-1,ph,732,d,1_600,e,-85,st,FAULTED,flt,TRUE,up,TRUE,ig,0,o_pos,0,o_hw,0,o_i,NA,o_up,FALSE,why,NO_COG
[2026-09-19T17:36:46.245] Cog0  BM-TS,seq,3_115,tid,15,k,93,lt,FALSE,pos,-34,hw,-34,i,0,ph,579,d,1_600,e,-98,st,FAULTED,flt,TRUE,up,TRUE,ig,0,o_pos,0,o_hw,0,o_i,NA,o_up,FALSE,why,NO_COG
[2026-09-19T17:36:46.247] Cog0  BM-TS,seq,3_116,tid,15,k,94,lt,FALSE,pos,-35,hw,-35,i,0,ph,477,d,1_600,e,-60,st,FAULTED,flt,TRUE,up,TRUE,ig,0,o_pos,0,o_hw,0,o_i,NA,o_up,FALSE,why,NO_COG
[2026-09-19T17:36:46.249] Cog0  BM-TS,seq,3_117,tid,15,k,95,lt,FALSE,pos,-35,hw,-35,i,-1,ph,650,d,1_600,e,-78,st,FAULTED,flt,TRUE,up,TRUE,ig,0,o_pos,0,o_hw,0,o_i,NA,o_up,FALSE,why,NO_COG
[2026-09-19T17:36:46.251] Cog0  BM-TS,seq,3_118,tid,15,k,96,lt,FALSE,pos,-35,hw,-35,i,-1,ph,744,d,1_600,e,-95,st,FAULTED,flt,TRUE,up,TRUE,ig,0,o_pos,0,o_hw,0,o_i,NA,o_up,FALSE,why,NO_COG
[2026-09-19T17:36:46.253] Cog0  BM-TS,seq,3_119,tid,15,k,97,lt,FALSE,pos,-35,hw,-35,i,0,ph,781,d,1_600,e,-100,st,FAULTED,flt,TRUE,up,TRUE,ig,0,o_pos,0,o_hw,0,o_i,NA,o_up,FALSE,why,NO_COG
[2026-09-19T17:36:46.256] Cog0  BM-TS,seq,3_120,tid,15,k,98,lt,FALSE,pos,-36,hw,-36,i,0,ph,744,d,1_600,e,-70,st,FAULTED,flt,TRUE,up,TRUE,ig,0,o_pos,0,o_hw,0,o_i,NA,o_up,FALSE,why,NO_COG
[2026-09-19T17:36:46.257] Cog0  BM-TS,seq,3_121,tid,15,k,99,lt,FALSE,pos,-36,hw,-36,i,-2,ph,634,d,1_600,e,-83,st,FAULTED,flt,TRUE,up,TRUE,ig,0,o_pos,0,o_hw,0,o_i,NA,o_up,FALSE,why,NO_COG
[2026-09-19T17:36:46.259] Cog0  BM-TS,seq,3_122,tid,15,k,100,lt,FALSE,pos,-36,hw,-36,i,0,ph,517,d,1_600,e,-101,st,FAULTED,flt,TRUE,up,TRUE,ig,0,o_pos,0,o_hw,0,o_i,NA,o_up,FALSE,why,NO_COG
[2026-09-19T17:36:46.261] Cog0  BM-TS,seq,3_123,tid,15,k,101,lt,FALSE,pos,-37,hw,-37,i,-1,ph,530,d,1_600,e,-71,st,FAULTED,flt,TRUE,up,TRUE,ig,0,o_pos,0,o_hw,0,o_i,NA,o_up,FALSE,why,NO_COG
[2026-09-19T17:36:46.263] Cog0  BM-TS,seq,3_124,tid,15,k,102,lt,FALSE,pos,-37,hw,-37,i,0,ph,672,d,1_600,e,-89,st,FAULTED,flt,TRUE,up,TRUE,ig,0,o_pos,0,o_hw,0,o_i,NA,o_up,FALSE,why,NO_COG
[2026-09-19T17:36:46.266] Cog0  BM-TS,seq,3_125,tid,15,k,103,lt,FALSE,pos,-37,hw,-37,i,0,ph,740,d,1_600,e,-102,st,FAULTED,flt,TRUE,up,TRUE,ig,0,o_pos,0,o_hw,0,o_i,NA,o_up,FALSE,why,NO_COG
[2026-09-19T17:36:46.267] Cog0  BM-TS,seq,3_126,tid,15,k,104,lt,FALSE,pos,-38,hw,-38,i,0,ph,741,d,1_600,e,-64,st,FAULTED,flt,TRUE,up,TRUE,ig,0,o_pos,0,o_hw,0,o_i,NA,o_up,FALSE,why,NO_COG
[2026-09-19T17:36:46.269] Cog0  BM-TS,seq,3_127,tid,15,k,105,lt,FALSE,pos,-38,hw,-38,i,0,ph,696,d,1_600,e,-77,st,FAULTED,flt,TRUE,up,TRUE,ig,0,o_pos,0,o_hw,0,o_i,NA,o_up,FALSE,why,NO_COG
[2026-09-19T17:36:46.270] Cog0  BM-TS,seq,3_128,tid,15,k,106,lt,FALSE,pos,-38,hw,-38,i,0,ph,582,d,1_600,e,-94,st,FAULTED,flt,TRUE,up,TRUE,ig,0,o_pos,0,o_hw,0,o_i,NA,o_up,FALSE,why,NO_COG
[2026-09-19T17:36:46.274] Cog0  BM-TS,seq,3_129,tid,15,k,107,lt,FALSE,pos,-38,hw,-38,i,-1,ph,461,d,1_600,e,-103,st,FAULTED,flt,TRUE,up,TRUE,ig,0,o_pos,0,o_hw,0,o_i,NA,o_up,FALSE,why,NO_COG
[2026-09-19T17:36:46.275] Cog0  BM-TS,seq,3_130,tid,15,k,108,lt,FALSE,pos,-39,hw,-39,i,0,ph,509,d,1_600,e,-69,st,FAULTED,flt,TRUE,up,TRUE,ig,0,o_pos,0,o_hw,0,o_i,NA,o_up,FALSE,why,NO_COG
[2026-09-19T17:36:46.277] Cog0  BM-TS,seq,3_131,tid,15,k,109,lt,FALSE,pos,-39,hw,-39,i,1,ph,640,d,1_600,e,-87,st,FAULTED,flt,TRUE,up,TRUE,ig,0,o_pos,0,o_hw,0,o_i,NA,o_up,FALSE,why,NO_COG
[2026-09-19T17:36:46.279] Cog0  BM-TS,seq,3_132,tid,15,k,110,lt,FALSE,pos,-39,hw,-39,i,0,ph,700,d,1_600,e,-100,st,FAULTED,flt,TRUE,up,TRUE,ig,0,o_pos,0,o_hw,0,o_i,NA,o_up,FALSE,why,NO_COG
[2026-09-19T17:36:46.281] Cog0  BM-TS,seq,3_133,tid,15,k,111,lt,FALSE,pos,-40,hw,-40,i,-1,ph,714,d,1_600,e,-57,st,FAULTED,flt,TRUE,up,TRUE,ig,0,o_pos,0,o_hw,0,o_i,NA,o_up,FALSE,why,NO_COG
[2026-09-19T17:36:46.283] Cog0  BM-TS,seq,3_134,tid,15,k,112,lt,FALSE,pos,-40,hw,-40,i,0,ph,682,d,1_600,e,-75,st,FAULTED,flt,TRUE,up,TRUE,ig,0,o_pos,0,o_hw,0,o_i,NA,o_up,FALSE,why,NO_COG
[2026-09-19T17:36:46.286] Cog0  BM-TS,seq,3_135,tid,15,k,113,lt,FALSE,pos,-40,hw,-40,i,0,ph,590,d,1_600,e,-92,st,FAULTED,flt,TRUE,up,TRUE,ig,0,o_pos,0,o_hw,0,o_i,NA,o_up,FALSE,why,NO_COG
[2026-09-19T17:36:46.286] Cog0  BM-TS,seq,3_136,tid,15,k,114,lt,FALSE,pos,-40,hw,-40,i,-1,ph,476,d,1_600,e,-101,st,FAULTED,flt,TRUE,up,TRUE,ig,0,o_pos,0,o_hw,0,o_i,NA,o_up,FALSE,why,NO_COG
[2026-09-19T17:36:46.289] Cog0  BM-TS,seq,3_137,tid,15,k,115,lt,FALSE,pos,-41,hw,-41,i,0,ph,448,d,1_600,e,-67,st,FAULTED,flt,TRUE,up,TRUE,ig,0,o_pos,0,o_hw,0,o_i,NA,o_up,FALSE,why,NO_COG
[2026-09-19T17:36:46.292] Cog0  BM-TS,seq,3_138,tid,15,k,116,lt,FALSE,pos,-41,hw,-41,i,0,ph,578,d,1_600,e,-80,st,FAULTED,flt,TRUE,up,TRUE,ig,0,o_pos,0,o_hw,0,o_i,NA,o_up,FALSE,why,NO_COG
[2026-09-19T17:36:46.293] Cog0  BM-TS,seq,3_139,tid,15,k,117,lt,FALSE,pos,-41,hw,-41,i,0,ph,650,d,1_600,e,-98,st,FAULTED,flt,TRUE,up,TRUE,ig,0,o_pos,0,o_hw,0,o_i,NA,o_up,FALSE,why,NO_COG
[2026-09-19T17:36:46.295] Cog0  BM-TS,seq,3_140,tid,15,k,118,lt,FALSE,pos,-41,hw,-41,i,0,ph,672,d,1_600,e,-102,st,FAULTED,flt,TRUE,up,TRUE,ig,0,o_pos,0,o_hw,0,o_i,NA,o_up,FALSE,why,NO_COG
[2026-09-19T17:36:46.298] Cog0  BM-TS,seq,3_141,tid,15,k,119,lt,FALSE,pos,-42,hw,-42,i,0,ph,651,d,1_600,e,-68,st,FAULTED,flt,TRUE,up,TRUE,ig,0,o_pos,0,o_hw,0,o_i,NA,o_up,FALSE,why,NO_COG
[2026-09-19T17:36:46.299] Cog0  BM-TS,seq,3_142,tid,15,k,120,lt,FALSE,pos,-42,hw,-42,i,0,ph,601,d,1_600,e,-86,st,FAULTED,flt,TRUE,up,TRUE,ig,0,o_pos,0,o_hw,0,o_i,NA,o_up,FALSE,why,NO_COG
[2026-09-19T17:36:46.301] Cog0  BM-TS,seq,3_143,tid,15,k,121,lt,FALSE,pos,-42,hw,-42,i,0,ph,520,d,1_600,e,-103,st,FAULTED,flt,TRUE,up,TRUE,ig,0,o_pos,0,o_hw,0,o_i,NA,o_up,FALSE,why,NO_COG
[2026-09-19T17:36:46.303] Cog0  BM-TS,seq,3_144,tid,15,k,122,lt,FALSE,pos,-42,hw,-42,i,0,ph,405,d,1_600,e,-103,st,FAULTED,flt,TRUE,up,TRUE,ig,0,o_pos,0,o_hw,0,o_i,NA,o_up,FALSE,why,NO_COG
[2026-09-19T17:36:46.306] Cog0  BM-TS,seq,3_145,tid,15,k,123,lt,FALSE,pos,-43,hw,-43,i,0,ph,470,d,1_600,e,-74,st,FAULTED,flt,TRUE,up,TRUE,ig,0,o_pos,0,o_hw,0,o_i,NA,o_up,FALSE,why,NO_COG
[2026-09-19T17:36:46.308] Cog0  BM-TS,seq,3_146,tid,15,k,124,lt,FALSE,pos,-43,hw,-43,i,0,ph,573,d,1_600,e,-91,st,FAULTED,flt,TRUE,up,TRUE,ig,0,o_pos,0,o_hw,0,o_i,NA,o_up,FALSE,why,NO_COG
[2026-09-19T17:36:46.309] Cog0  BM-TS,seq,3_147,tid,15,k,125,lt,FALSE,pos,-43,hw,-43,i,0,ph,626,d,1_600,e,-100,st,FAULTED,flt,TRUE,up,TRUE,ig,0,o_pos,0,o_hw,0,o_i,NA,o_up,FALSE,why,NO_COG
[2026-09-19T17:36:46.312] Cog0  BM-TS,seq,3_148,tid,15,k,126,lt,FALSE,pos,-43,hw,-43,i,0,ph,641,d,1_600,e,-100,st,FAULTED,flt,TRUE,up,TRUE,ig,0,o_pos,0,o_hw,0,o_i,NA,o_up,FALSE,why,NO_COG
[2026-09-19T17:36:46.314] Cog0  BM-TS,seq,3_149,tid,15,k,127,lt,FALSE,pos,-44,hw,-44,i,0,ph,624,d,1_600,e,-70,st,FAULTED,flt,TRUE,up,TRUE,ig,0,o_pos,0,o_hw,0,o_i,NA,o_up,FALSE,why,NO_COG
[2026-09-19T17:36:46.315] Cog0  BM-TS,seq,3_150,tid,15,k,128,lt,FALSE,pos,-44,hw,-44,i,0,ph,578,d,1_600,e,-84,st,FAULTED,flt,TRUE,up,TRUE,ig,0,o_pos,0,o_hw,0,o_i,NA,o_up,FALSE,why,NO_COG
[2026-09-19T17:36:46.318] Cog0  BM-TS,seq,3_151,tid,15,k,129,lt,FALSE,pos,-44,hw,-44,i,0,ph,486,d,1_600,e,-101,st,FAULTED,flt,TRUE,up,TRUE,ig,0,o_pos,0,o_hw,0,o_i,NA,o_up,FALSE,why,NO_COG
[2026-09-19T17:36:46.319] Cog0  BM-TS,seq,3_152,tid,15,k,130,lt,FALSE,pos,-44,hw,-44,i,0,ph,378,d,1_600,e,-101,st,FAULTED,flt,TRUE,up,TRUE,ig,0,o_pos,0,o_hw,0,o_i,NA,o_up,FALSE,why,NO_COG
[2026-09-19T17:36:46.322] Cog0  BM-TS,seq,3_153,tid,15,k,131,lt,FALSE,pos,-45,hw,-45,i,0,ph,416,d,1_600,e,-67,st,FAULTED,flt,TRUE,up,TRUE,ig,0,o_pos,0,o_hw,0,o_i,NA,o_up,FALSE,why,NO_COG
[2026-09-19T17:36:46.324] Cog0  BM-TS,seq,3_154,tid,15,k,132,lt,FALSE,pos,-45,hw,-45,i,0,ph,509,d,1_600,e,-85,st,FAULTED,flt,TRUE,up,TRUE,ig,0,o_pos,0,o_hw,0,o_i,NA,o_up,FALSE,why,NO_COG
[2026-09-19T17:36:46.325] Cog0  BM-TS,seq,3_155,tid,15,k,133,lt,FALSE,pos,-45,hw,-45,i,-1,ph,563,d,1_600,e,-98,st,FAULTED,flt,TRUE,up,TRUE,ig,0,o_pos,0,o_hw,0,o_i,NA,o_up,FALSE,why,NO_COG
[2026-09-19T17:36:46.328] Cog0  BM-TS,seq,3_156,tid,15,k,134,lt,FALSE,pos,-45,hw,-45,i,-2,ph,598,d,1_600,e,-102,st,FAULTED,flt,TRUE,up,TRUE,ig,0,o_pos,0,o_hw,0,o_i,NA,o_up,FALSE,why,NO_COG
[2026-09-19T17:36:46.330] Cog0  BM-TS,seq,3_157,tid,15,k,135,lt,FALSE,pos,-46,hw,-46,i,0,ph,596,d,1_600,e,-64,st,FAULTED,flt,TRUE,up,TRUE,ig,0,o_pos,0,o_hw,0,o_i,NA,o_up,FALSE,why,NO_COG
[2026-09-19T17:36:46.332] Cog0  BM-TS,seq,3_158,tid,15,k,136,lt,FALSE,pos,-46,hw,-46,i,-1,ph,556,d,1_600,e,-82,st,FAULTED,flt,TRUE,up,TRUE,ig,0,o_pos,0,o_hw,0,o_i,NA,o_up,FALSE,why,NO_COG
[2026-09-19T17:36:46.334] Cog0  BM-TS,seq,3_159,tid,15,k,137,lt,FALSE,pos,-46,hw,-46,i,-1,ph,498,d,1_600,e,-99,st,FAULTED,flt,TRUE,up,TRUE,ig,0,o_pos,0,o_hw,0,o_i,NA,o_up,FALSE,why,NO_COG
[2026-09-19T17:36:46.335] Cog0  BM-TS,seq,3_160,tid,15,k,138,lt,FALSE,pos,-46,hw,-46,i,-1,ph,399,d,1_600,e,-103,st,FAULTED,flt,TRUE,up,TRUE,ig,0,o_pos,0,o_hw,0,o_i,NA,o_up,FALSE,why,NO_COG
[2026-09-19T17:36:46.338] Cog0  BM-TS,seq,3_161,tid,15,k,139,lt,FALSE,pos,-47,hw,-47,i,0,ph,332,d,1_600,e,-61,st,FAULTED,flt,TRUE,up,TRUE,ig,0,o_pos,0,o_hw,0,o_i,NA,o_up,FALSE,why,NO_COG
[2026-09-19T17:36:46.340] Cog0  BM-TS,seq,3_162,tid,15,k,140,lt,FALSE,pos,-47,hw,-47,i,0,ph,422,d,1_600,e,-78,st,FAULTED,flt,TRUE,up,TRUE,ig,0,o_pos,0,o_hw,0,o_i,NA,o_up,FALSE,why,NO_COG
[2026-09-19T17:36:46.342] Cog0  BM-TS,seq,3_163,tid,15,k,141,lt,FALSE,pos,-47,hw,-47,i,1,ph,504,d,1_600,e,-96,st,FAULTED,flt,TRUE,up,TRUE,ig,0,o_pos,0,o_hw,0,o_i,NA,o_up,FALSE,why,NO_COG
[2026-09-19T17:36:46.344] Cog0  BM-TS,seq,3_164,tid,15,k,142,lt,FALSE,pos,-47,hw,-47,i,0,ph,549,d,1_600,e,-100,st,FAULTED,flt,TRUE,up,TRUE,ig,0,o_pos,0,o_hw,0,o_i,NA,o_up,FALSE,why,NO_COG
[2026-09-19T17:36:46.346] Cog0  BM-TS,seq,3_165,tid,15,k,143,lt,FALSE,pos,-47,hw,-47,i,0,ph,566,d,1_600,e,-100,st,FAULTED,flt,TRUE,up,TRUE,ig,0,o_pos,0,o_hw,0,o_i,NA,o_up,FALSE,why,NO_COG
[2026-09-19T17:36:46.348] Cog0  BM-TS,seq,3_166,tid,15,k,144,lt,FALSE,pos,-48,hw,-48,i,0,ph,552,d,1_600,e,-71,st,FAULTED,flt,TRUE,up,TRUE,ig,0,o_pos,0,o_hw,0,o_i,NA,o_up,FALSE,why,NO_COG
[2026-09-19T17:36:46.350] Cog0  BM-TS,seq,3_167,tid,15,k,145,lt,FALSE,pos,-48,hw,-48,i,-1,ph,514,d,1_600,e,-84,st,FAULTED,flt,TRUE,up,TRUE,ig,0,o_pos,0,o_hw,0,o_i,NA,o_up,FALSE,why,NO_COG
[2026-09-19T17:36:46.351] Cog0  BM-TS,seq,3_168,tid,15,k,146,lt,FALSE,pos,-48,hw,-48,i,-1,ph,459,d,1_600,e,-101,st,FAULTED,flt,TRUE,up,TRUE,ig,0,o_pos,0,o_hw,0,o_i,NA,o_up,FALSE,why,NO_COG
[2026-09-19T17:36:46.354] Cog0  BM-TS,seq,3_169,tid,15,k,147,lt,FALSE,pos,-48,hw,-48,i,0,ph,378,d,1_600,e,-101,st,FAULTED,flt,TRUE,up,TRUE,ig,0,o_pos,0,o_hw,0,o_i,NA,o_up,FALSE,why,NO_COG
[2026-09-19T17:36:46.356] Cog0  BM-TS,seq,3_170,tid,15,k,148,lt,FALSE,pos,-48,hw,-48,i,0,ph,315,d,1_600,e,-101,st,FAULTED,flt,TRUE,up,TRUE,ig,0,o_pos,0,o_hw,0,o_i,NA,o_up,FALSE,why,NO_COG
[2026-09-19T17:36:46.358] Cog0  BM-TS,seq,3_171,tid,15,k,149,lt,FALSE,pos,-49,hw,-49,i,-1,ph,359,d,1_600,e,-72,st,FAULTED,flt,TRUE,up,TRUE,ig,0,o_pos,0,o_hw,0,o_i,NA,o_up,FALSE,why,NO_COG
[2026-09-19T17:36:46.360] Cog0  BM-TS,seq,3_172,tid,15,k,150,lt,FALSE,pos,-49,hw,-49,i,0,ph,438,d,1_600,e,-89,st,FAULTED,flt,TRUE,up,TRUE,ig,0,o_pos,0,o_hw,0,o_i,NA,o_up,FALSE,why,NO_COG
[2026-09-19T17:36:46.362] Cog0  BM-TS,seq,3_173,tid,15,k,151,lt,FALSE,pos,-49,hw,-49,i,0,ph,481,d,1_600,e,-102,st,FAULTED,flt,TRUE,up,TRUE,ig,0,o_pos,0,o_hw,0,o_i,NA,o_up,FALSE,why,NO_COG
[2026-09-19T17:36:46.364] Cog0  BM-TS,seq,3_174,tid,15,k,152,lt,FALSE,pos,-49,hw,-49,i,-1,ph,504,d,1_600,e,-102,st,FAULTED,flt,TRUE,up,TRUE,ig,0,o_pos,0,o_hw,0,o_i,NA,o_up,FALSE,why,NO_COG
[2026-09-19T17:36:46.366] Cog0  BM-TS,seq,3_175,tid,15,k,153,lt,FALSE,pos,-49,hw,-49,i,0,ph,509,d,1_600,e,-102,st,FAULTED,flt,TRUE,up,TRUE,ig,0,o_pos,0,o_hw,0,o_i,NA,o_up,FALSE,why,NO_COG
[2026-09-19T17:36:46.368] Cog0  BM-TS,seq,3_176,tid,15,k,154,lt,FALSE,pos,-50,hw,-50,i,1,ph,492,d,1_600,e,-73,st,FAULTED,flt,TRUE,up,TRUE,ig,0,o_pos,0,o_hw,0,o_i,NA,o_up,FALSE,why,NO_COG
[2026-09-19T17:36:46.370] Cog0  BM-TS,seq,3_177,tid,15,k,155,lt,FALSE,pos,-50,hw,-50,i,-1,ph,467,d,1_600,e,-90,st,FAULTED,flt,TRUE,up,TRUE,ig,0,o_pos,0,o_hw,0,o_i,NA,o_up,FALSE,why,NO_COG
[2026-09-19T17:36:46.372] Cog0  BM-TS,seq,3_178,tid,15,k,156,lt,FALSE,pos,-50,hw,-50,i,0,ph,428,d,1_600,e,-104,st,FAULTED,flt,TRUE,up,TRUE,ig,0,o_pos,0,o_hw,0,o_i,NA,o_up,FALSE,why,NO_COG
[2026-09-19T17:36:46.374] Cog0  BM-TS,seq,3_179,tid,15,k,157,lt,FALSE,pos,-50,hw,-50,i,0,ph,360,d,1_600,e,-104,st,FAULTED,flt,TRUE,up,TRUE,ig,0,o_pos,0,o_hw,0,o_i,NA,o_up,FALSE,why,NO_COG
[2026-09-19T17:36:46.376] Cog0  BM-TS,seq,3_180,tid,15,k,158,lt,FALSE,pos,-50,hw,-50,i,-1,ph,284,d,1_600,e,-104,st,FAULTED,flt,TRUE,up,TRUE,ig,0,o_pos,0,o_hw,0,o_i,NA,o_up,FALSE,why,NO_COG
[2026-09-19T17:36:46.378] Cog0  BM-TS,seq,3_181,tid,15,k,159,lt,FALSE,pos,-51,hw,-51,i,-1,ph,312,d,1_600,e,-70,st,FAULTED,flt,TRUE,up,TRUE,ig,0,o_pos,0,o_hw,0,o_i,NA,o_up,FALSE,why,NO_COG
[2026-09-19T17:36:46.380] Cog0  BM-TS,seq,3_182,tid,15,k,160,lt,FALSE,pos,-51,hw,-51,i,0,ph,373,d,1_600,e,-87,st,FAULTED,flt,TRUE,up,TRUE,ig,0,o_pos,0,o_hw,0,o_i,NA,o_up,FALSE,why,NO_COG
[2026-09-19T17:36:46.382] Cog0  BM-TS,seq,3_183,tid,15,k,161,lt,FALSE,pos,-51,hw,-51,i,-3,ph,414,d,1_600,e,-100,st,FAULTED,flt,TRUE,up,TRUE,ig,0,o_pos,0,o_hw,0,o_i,NA,o_up,FALSE,why,NO_COG
[2026-09-19T17:36:46.384] Cog0  BM-TS,seq,3_184,tid,15,k,162,lt,FALSE,pos,-51,hw,-51,i,1,ph,446,d,1_600,e,-100,st,FAULTED,flt,TRUE,up,TRUE,ig,0,o_pos,0,o_hw,0,o_i,NA,o_up,FALSE,why,NO_COG
[2026-09-19T17:36:46.386] Cog0  BM-TS,seq,3_185,tid,15,k,163,lt,FALSE,pos,-51,hw,-51,i,0,ph,453,d,1_600,e,-100,st,FAULTED,flt,TRUE,up,TRUE,ig,0,o_pos,0,o_hw,0,o_i,NA,o_up,FALSE,why,NO_COG
[2026-09-19T17:36:46.388] Cog0  BM-TS,seq,3_186,tid,15,k,164,lt,FALSE,pos,-52,hw,-52,i,0,ph,448,d,1_600,e,-58,st,FAULTED,flt,TRUE,up,TRUE,ig,0,o_pos,0,o_hw,0,o_i,NA,o_up,FALSE,why,NO_COG
[2026-09-19T17:36:46.390] Cog0  BM-TS,seq,3_187,tid,15,k,165,lt,FALSE,pos,-52,hw,-52,i,-1,ph,442,d,1_600,e,-75,st,FAULTED,flt,TRUE,up,TRUE,ig,0,o_pos,0,o_hw,0,o_i,NA,o_up,FALSE,why,NO_COG
[2026-09-19T17:36:46.392] Cog0  BM-TS,seq,3_188,tid,15,k,166,lt,FALSE,pos,-52,hw,-52,i,-1,ph,415,d,1_600,e,-93,st,FAULTED,flt,TRUE,up,TRUE,ig,0,o_pos,0,o_hw,0,o_i,NA,o_up,FALSE,why,NO_COG
[2026-09-19T17:36:46.394] Cog0  BM-TS,seq,3_189,tid,15,k,167,lt,FALSE,pos,-52,hw,-52,i,0,ph,379,d,1_600,e,-102,st,FAULTED,flt,TRUE,up,TRUE,ig,0,o_pos,0,o_hw,0,o_i,NA,o_up,FALSE,why,NO_COG
[2026-09-19T17:36:46.396] Cog0  BM-TS,seq,3_190,tid,15,k,168,lt,FALSE,pos,-52,hw,-52,i,0,ph,323,d,1_600,e,-102,st,FAULTED,flt,TRUE,up,TRUE,ig,0,o_pos,0,o_hw,0,o_i,NA,o_up,FALSE,why,NO_COG
[2026-09-19T17:36:46.398] Cog0  BM-TS,seq,3_191,tid,15,k,169,lt,FALSE,pos,-52,hw,-52,i,0,ph,257,d,1_600,e,-102,st,FAULTED,flt,TRUE,up,TRUE,ig,0,o_pos,0,o_hw,0,o_i,NA,o_up,FALSE,why,NO_COG
[2026-09-19T17:36:46.400] Cog0  BM-TS,seq,3_192,tid,15,k,170,lt,FALSE,pos,-53,hw,-53,i,0,ph,258,d,1_600,e,-68,st,FAULTED,flt,TRUE,up,TRUE,ig,0,o_pos,0,o_hw,0,o_i,NA,o_up,FALSE,why,NO_COG
[2026-09-19T17:36:46.402] Cog0  BM-TS,seq,3_193,tid,15,k,171,lt,FALSE,pos,-53,hw,-53,i,0,ph,313,d,1_600,e,-85,st,FAULTED,flt,TRUE,up,TRUE,ig,0,o_pos,0,o_hw,0,o_i,NA,o_up,FALSE,why,NO_COG
[2026-09-19T17:36:46.404] Cog0  BM-TS,seq,3_194,tid,15,k,172,lt,FALSE,pos,-53,hw,-53,i,-1,ph,353,d,1_600,e,-103,st,FAULTED,flt,TRUE,up,TRUE,ig,0,o_pos,0,o_hw,0,o_i,NA,o_up,FALSE,why,NO_COG
[2026-09-19T17:36:46.406] Cog0  BM-TS,seq,3_195,tid,15,k,173,lt,FALSE,pos,-53,hw,-53,i,-2,ph,383,d,1_600,e,-103,st,FAULTED,flt,TRUE,up,TRUE,ig,0,o_pos,0,o_hw,0,o_i,NA,o_up,FALSE,why,NO_COG
[2026-09-19T17:36:46.409] Cog0  BM-TS,seq,3_196,tid,15,k,174,lt,FALSE,pos,-53,hw,-53,i,0,ph,405,d,1_600,e,-103,st,FAULTED,flt,TRUE,up,TRUE,ig,0,o_pos,0,o_hw,0,o_i,NA,o_up,FALSE,why,NO_COG
[2026-09-19T17:36:46.410] Cog0  BM-TS,seq,3_197,tid,15,k,175,lt,FALSE,pos,-53,hw,-53,i,0,ph,412,d,1_600,e,-103,st,FAULTED,flt,TRUE,up,TRUE,ig,0,o_pos,0,o_hw,0,o_i,NA,o_up,FALSE,why,NO_COG
[2026-09-19T17:36:46.412] Cog0  BM-TS,seq,3_198,tid,15,k,176,lt,FALSE,pos,-54,hw,-54,i,0,ph,410,d,1_600,e,-64,st,FAULTED,flt,TRUE,up,TRUE,ig,0,o_pos,0,o_hw,0,o_i,NA,o_up,FALSE,why,NO_COG
[2026-09-19T17:36:46.414] Cog0  BM-TS,seq,3_199,tid,15,k,177,lt,FALSE,pos,-54,hw,-54,i,0,ph,400,d,1_600,e,-82,st,FAULTED,flt,TRUE,up,TRUE,ig,0,o_pos,0,o_hw,0,o_i,NA,o_up,FALSE,why,NO_COG
[2026-09-19T17:36:46.416] Cog0  BM-TS,seq,3_200,tid,15,k,178,lt,FALSE,pos,-54,hw,-54,i,0,ph,376,d,1_600,e,-99,st,FAULTED,flt,TRUE,up,TRUE,ig,0,o_pos,0,o_hw,0,o_i,NA,o_up,FALSE,why,NO_COG
[2026-09-19T17:36:46.418] Cog0  BM-TS,seq,3_201,tid,15,k,179,lt,FALSE,pos,-54,hw,-54,i,0,ph,344,d,1_600,e,-104,st,FAULTED,flt,TRUE,up,TRUE,ig,0,o_pos,0,o_hw,0,o_i,NA,o_up,FALSE,why,NO_COG
[2026-09-19T17:36:46.420] Cog0  BM-TS,seq,3_202,tid,15,k,180,lt,FALSE,pos,-54,hw,-54,i,0,ph,304,d,1_600,e,-104,st,FAULTED,flt,TRUE,up,TRUE,ig,0,o_pos,0,o_hw,0,o_i,NA,o_up,FALSE,why,NO_COG
[2026-09-19T17:36:46.422] Cog0  BM-TS,seq,3_203,tid,15,k,181,lt,FALSE,pos,-54,hw,-54,i,-1,ph,255,d,1_600,e,-104,st,FAULTED,flt,TRUE,up,TRUE,ig,0,o_pos,0,o_hw,0,o_i,NA,o_up,FALSE,why,NO_COG
[2026-09-19T17:36:46.424] Cog0  BM-TS,seq,3_204,tid,15,k,182,lt,FALSE,pos,-54,hw,-54,i,0,ph,216,d,1_600,e,-104,st,FAULTED,flt,TRUE,up,TRUE,ig,0,o_pos,0,o_hw,0,o_i,NA,o_up,FALSE,why,NO_COG
[2026-09-19T17:36:46.426] Cog0  BM-TS,seq,3_205,tid,15,k,183,lt,FALSE,pos,-55,hw,-55,i,-1,ph,226,d,1_600,e,-70,st,FAULTED,flt,TRUE,up,TRUE,ig,0,o_pos,0,o_hw,0,o_i,NA,o_up,FALSE,why,NO_COG
[2026-09-19T17:36:46.428] Cog0  BM-TS,seq,3_206,tid,15,k,184,lt,FALSE,pos,-55,hw,-55,i,0,ph,262,d,1_600,e,-87,st,FAULTED,flt,TRUE,up,TRUE,ig,0,o_pos,0,o_hw,0,o_i,NA,o_up,FALSE,why,NO_COG
[2026-09-19T17:36:46.430] Cog0  BM-TS,seq,3_207,tid,15,k,185,lt,FALSE,pos,-55,hw,-55,i,-1,ph,292,d,1_600,e,-101,st,FAULTED,flt,TRUE,up,TRUE,ig,0,o_pos,0,o_hw,0,o_i,NA,o_up,FALSE,why,NO_COG
[2026-09-19T17:36:46.432] Cog0  BM-TS,seq,3_208,tid,15,k,186,lt,FALSE,pos,-55,hw,-55,i,0,ph,317,d,1_600,e,-101,st,FAULTED,flt,TRUE,up,TRUE,ig,0,o_pos,0,o_hw,0,o_i,NA,o_up,FALSE,why,NO_COG
[2026-09-19T17:36:46.434] Cog0  BM-TS,seq,3_209,tid,15,k,187,lt,FALSE,pos,-55,hw,-55,i,0,ph,333,d,1_600,e,-101,st,FAULTED,flt,TRUE,up,TRUE,ig,0,o_pos,0,o_hw,0,o_i,NA,o_up,FALSE,why,NO_COG
[2026-09-19T17:36:46.436] Cog0  BM-TS,seq,3_210,tid,15,k,188,lt,FALSE,pos,-55,hw,-55,i,0,ph,338,d,1_600,e,-101,st,FAULTED,flt,TRUE,up,TRUE,ig,0,o_pos,0,o_hw,0,o_i,NA,o_up,FALSE,why,NO_COG
[2026-09-19T17:36:46.438] Cog0  BM-TS,seq,3_211,tid,15,k,189,lt,FALSE,pos,-55,hw,-55,i,0,ph,339,d,1_600,e,-101,st,FAULTED,flt,TRUE,up,TRUE,ig,0,o_pos,0,o_hw,0,o_i,NA,o_up,FALSE,why,NO_COG
[2026-09-19T17:36:46.440] Cog0  BM-TS,seq,3_212,tid,15,k,190,lt,FALSE,pos,-56,hw,-56,i,-2,ph,338,d,1_600,e,-62,st,FAULTED,flt,TRUE,up,TRUE,ig,0,o_pos,0,o_hw,0,o_i,NA,o_up,FALSE,why,NO_COG
[2026-09-19T17:36:46.442] Cog0  BM-TS,seq,3_213,tid,15,k,191,lt,FALSE,pos,-56,hw,-56,i,-2,ph,327,d,1_600,e,-75,st,FAULTED,flt,TRUE,up,TRUE,ig,0,o_pos,0,o_hw,0,o_i,NA,o_up,FALSE,why,NO_COG
[2026-09-19T17:36:46.444] Cog0  BM-TS,seq,3_214,tid,15,k,192,lt,FALSE,pos,-56,hw,-56,i,0,ph,322,d,1_600,e,-93,st,FAULTED,flt,TRUE,up,TRUE,ig,0,o_pos,0,o_hw,0,o_i,NA,o_up,FALSE,why,NO_COG
[2026-09-19T17:36:46.446] Cog0  BM-TS,seq,3_215,tid,15,k,193,lt,FALSE,pos,-56,hw,-56,i,0,ph,305,d,1_600,e,-102,st,FAULTED,flt,TRUE,up,TRUE,ig,0,o_pos,0,o_hw,0,o_i,NA,o_up,FALSE,why,NO_COG
[2026-09-19T17:36:46.448] Cog0  BM-TS,seq,3_216,tid,15,k,194,lt,FALSE,pos,-56,hw,-56,i,0,ph,290,d,1_600,e,-102,st,FAULTED,flt,TRUE,up,TRUE,ig,0,o_pos,0,o_hw,0,o_i,NA,o_up,FALSE,why,NO_COG
[2026-09-19T17:36:46.450] Cog0  BM-TS,seq,3_217,tid,15,k,195,lt,FALSE,pos,-56,hw,-56,i,-1,ph,256,d,1_600,e,-102,st,FAULTED,flt,TRUE,up,TRUE,ig,0,o_pos,0,o_hw,0,o_i,NA,o_up,FALSE,why,NO_COG
[2026-09-19T17:36:46.452] Cog0  BM-TS,seq,3_218,tid,15,k,196,lt,FALSE,pos,-56,hw,-56,i,0,ph,225,d,1_600,e,-102,st,FAULTED,flt,TRUE,up,TRUE,ig,0,o_pos,0,o_hw,0,o_i,NA,o_up,FALSE,why,NO_COG
[2026-09-19T17:36:46.454] Cog0  BM-TS,seq,3_219,tid,15,k,197,lt,FALSE,pos,-56,hw,-56,i,0,ph,215,d,1_600,e,-102,st,FAULTED,flt,TRUE,up,TRUE,ig,0,o_pos,0,o_hw,0,o_i,NA,o_up,FALSE,why,NO_COG
[2026-09-19T17:36:46.456] Cog0  BM-TS,seq,3_220,tid,15,k,198,lt,FALSE,pos,-57,hw,-57,i,-1,ph,200,d,1_600,e,-68,st,FAULTED,flt,TRUE,up,TRUE,ig,0,o_pos,0,o_hw,0,o_i,NA,o_up,FALSE,why,NO_COG
[2026-09-19T17:36:46.458] Cog0  BM-TS,seq,3_221,tid,15,k,199,lt,FALSE,pos,-57,hw,-57,i,0,ph,203,d,1_600,e,-85,st,FAULTED,flt,TRUE,up,TRUE,ig,0,o_pos,0,o_hw,0,o_i,NA,o_up,FALSE,why,NO_COG
[2026-09-19T17:36:46.460] Cog0  BM-TS,seq,3_222,tid,15,k,200,lt,FALSE,pos,-57,hw,-57,i,-2,ph,221,d,1_600,e,-103,st,FAULTED,flt,TRUE,up,TRUE,ig,0,o_pos,0,o_hw,0,o_i,NA,o_up,FALSE,why,NO_COG
[2026-09-19T17:36:46.462] Cog0  BM-TS,seq,3_223,tid,15,k,201,lt,FALSE,pos,-57,hw,-57,i,0,ph,243,d,1_600,e,-103,st,FAULTED,flt,TRUE,up,TRUE,ig,0,o_pos,0,o_hw,0,o_i,NA,o_up,FALSE,why,NO_COG
[2026-09-19T17:36:46.464] Cog0  BM-TS,seq,3_224,tid,15,k,202,lt,FALSE,pos,-57,hw,-57,i,0,ph,258,d,1_600,e,-103,st,FAULTED,flt,TRUE,up,TRUE,ig,0,o_pos,0,o_hw,0,o_i,NA,o_up,FALSE,why,NO_COG
[2026-09-19T17:36:46.466] Cog0  BM-TS,seq,3_225,tid,15,k,203,lt,FALSE,pos,-57,hw,-57,i,-1,ph,270,d,1_600,e,-103,st,FAULTED,flt,TRUE,up,TRUE,ig,0,o_pos,0,o_hw,0,o_i,NA,o_up,FALSE,why,NO_COG
[2026-09-19T17:36:46.468] Cog0  BM-TS,seq,3_226,tid,15,k,204,lt,FALSE,pos,-57,hw,-57,i,0,ph,283,d,1_600,e,-103,st,FAULTED,flt,TRUE,up,TRUE,ig,0,o_pos,0,o_hw,0,o_i,NA,o_up,FALSE,why,NO_COG
[2026-09-19T17:36:46.469] Cog0  BM-TS,seq,3_227,tid,15,k,205,lt,FALSE,pos,-57,hw,-57,i,0,ph,274,d,1_600,e,-103,st,FAULTED,flt,TRUE,up,TRUE,ig,0,o_pos,0,o_hw,0,o_i,NA,o_up,FALSE,why,NO_COG
[2026-09-19T17:36:46.472] Cog0  BM-TS,seq,3_228,tid,15,k,206,lt,FALSE,pos,-57,hw,-57,i,-3,ph,267,d,1_600,e,-103,st,FAULTED,flt,TRUE,up,TRUE,ig,0,o_pos,0,o_hw,0,o_i,NA,o_up,FALSE,why,NO_COG
[2026-09-19T17:36:46.474] Cog0  BM-TS,seq,3_229,tid,15,k,207,lt,FALSE,pos,-58,hw,-58,i,0,ph,258,d,1_600,e,-69,st,FAULTED,flt,TRUE,up,TRUE,ig,0,o_pos,0,o_hw,0,o_i,NA,o_up,FALSE,why,NO_COG
[2026-09-19T17:36:46.476] Cog0  BM-TS,seq,3_230,tid,15,k,208,lt,FALSE,pos,-58,hw,-58,i,-2,ph,252,d,1_600,e,-82,st,FAULTED,flt,TRUE,up,TRUE,ig,0,o_pos,0,o_hw,0,o_i,NA,o_up,FALSE,why,NO_COG
[2026-09-19T17:36:46.478] Cog0  BM-TS,seq,3_231,tid,15,k,209,lt,FALSE,pos,-58,hw,-58,i,-1,ph,243,d,1_600,e,-100,st,FAULTED,flt,TRUE,up,TRUE,ig,0,o_pos,0,o_hw,0,o_i,NA,o_up,FALSE,why,NO_COG
[2026-09-19T17:36:46.480] Cog0  BM-TS,seq,3_232,tid,15,k,210,lt,FALSE,pos,-58,hw,-58,i,0,ph,238,d,1_600,e,-100,st,FAULTED,flt,TRUE,up,TRUE,ig,0,o_pos,0,o_hw,0,o_i,NA,o_up,FALSE,why,NO_COG
[2026-09-19T17:36:46.482] Cog0  BM-TS,seq,3_233,tid,15,k,211,lt,FALSE,pos,-58,hw,-58,i,0,ph,232,d,1_600,e,-100,st,FAULTED,flt,TRUE,up,TRUE,ig,0,o_pos,0,o_hw,0,o_i,NA,o_up,FALSE,why,NO_COG
[2026-09-19T17:36:46.484] Cog0  BM-TS,seq,3_234,tid,15,k,212,lt,FALSE,pos,-58,hw,-58,i,0,ph,220,d,1_600,e,-100,st,FAULTED,flt,TRUE,up,TRUE,ig,0,o_pos,0,o_hw,0,o_i,NA,o_up,FALSE,why,NO_COG
[2026-09-19T17:36:46.486] Cog0  BM-TS,seq,3_235,tid,15,k,213,lt,FALSE,pos,-58,hw,-58,i,-1,ph,205,d,1_600,e,-100,st,FAULTED,flt,TRUE,up,TRUE,ig,0,o_pos,0,o_hw,0,o_i,NA,o_up,FALSE,why,NO_COG
[2026-09-19T17:36:46.488] Cog0  BM-TS,seq,3_236,tid,15,k,214,lt,FALSE,pos,-58,hw,-58,i,-1,ph,196,d,1_600,e,-100,st,FAULTED,flt,TRUE,up,TRUE,ig,0,o_pos,0,o_hw,0,o_i,NA,o_up,FALSE,why,NO_COG
[2026-09-19T17:36:46.491] Cog0  BM-TS,seq,3_237,tid,15,k,215,lt,FALSE,pos,-58,hw,-58,i,0,ph,187,d,1_600,e,-100,st,FAULTED,flt,TRUE,up,TRUE,ig,0,o_pos,0,o_hw,0,o_i,NA,o_up,FALSE,why,NO_COG
[2026-09-19T17:36:46.492] Cog0  BM-TS,seq,3_238,tid,15,k,216,lt,FALSE,pos,-58,hw,-58,i,0,ph,184,d,1_600,e,-100,st,FAULTED,flt,TRUE,up,TRUE,ig,0,o_pos,0,o_hw,0,o_i,NA,o_up,FALSE,why,NO_COG
[2026-09-19T17:36:46.494] Cog0  BM-TS,seq,3_239,tid,15,k,217,lt,FALSE,pos,-58,hw,-58,i,-1,ph,179,d,1_600,e,-100,st,FAULTED,flt,TRUE,up,TRUE,ig,0,o_pos,0,o_hw,0,o_i,NA,o_up,FALSE,why,NO_COG
[2026-09-19T17:36:46.496] Cog0  BM-TS,seq,3_240,tid,15,k,218,lt,FALSE,pos,-59,hw,-59,i,0,ph,177,d,1_600,e,-61,st,FAULTED,flt,TRUE,up,TRUE,ig,0,o_pos,0,o_hw,0,o_i,NA,o_up,FALSE,why,NO_COG
[2026-09-19T17:36:46.498] Cog0  BM-TS,seq,3_241,tid,15,k,219,lt,FALSE,pos,-59,hw,-59,i,0,ph,175,d,1_600,e,-79,st,FAULTED,flt,TRUE,up,TRUE,ig,0,o_pos,0,o_hw,0,o_i,NA,o_up,FALSE,why,NO_COG
[2026-09-19T17:36:46.500] Cog0  BM-TS,seq,3_242,tid,15,k,220,lt,FALSE,pos,-59,hw,-59,i,-1,ph,173,d,1_600,e,-92,st,FAULTED,flt,TRUE,up,TRUE,ig,0,o_pos,0,o_hw,0,o_i,NA,o_up,FALSE,why,NO_COG
[2026-09-19T17:36:46.503] Cog0  BM-TS,seq,3_243,tid,15,k,221,lt,FALSE,pos,-59,hw,-59,i,0,ph,175,d,1_600,e,-101,st,FAULTED,flt,TRUE,up,TRUE,ig,0,o_pos,0,o_hw,0,o_i,NA,o_up,FALSE,why,NO_COG
[2026-09-19T17:36:46.504] Cog0  BM-TS,seq,3_244,tid,15,k,222,lt,FALSE,pos,-59,hw,-59,i,-1,ph,175,d,1_600,e,-101,st,FAULTED,flt,TRUE,up,TRUE,ig,0,o_pos,0,o_hw,0,o_i,NA,o_up,FALSE,why,NO_COG
[2026-09-19T17:36:46.507] Cog0  BM-TS,seq,3_245,tid,15,k,223,lt,FALSE,pos,-59,hw,-59,i,0,ph,169,d,1_600,e,-101,st,FAULTED,flt,TRUE,up,TRUE,ig,0,o_pos,0,o_hw,0,o_i,NA,o_up,FALSE,why,NO_COG
[2026-09-19T17:36:46.509] Cog0  BM-TS,seq,3_246,tid,15,k,224,lt,FALSE,pos,-59,hw,-59,i,-2,ph,175,d,1_600,e,-101,st,FAULTED,flt,TRUE,up,TRUE,ig,0,o_pos,0,o_hw,0,o_i,NA,o_up,FALSE,why,NO_COG
[2026-09-19T17:36:46.511] Cog0  BM-TS,seq,3_247,tid,15,k,225,lt,FALSE,pos,-59,hw,-59,i,-1,ph,178,d,1_600,e,-101,st,FAULTED,flt,TRUE,up,TRUE,ig,0,o_pos,0,o_hw,0,o_i,NA,o_up,FALSE,why,NO_COG
[2026-09-19T17:36:46.513] Cog0  BM-TS,seq,3_248,tid,15,k,226,lt,FALSE,pos,-59,hw,-59,i,-2,ph,178,d,1_600,e,-101,st,FAULTED,flt,TRUE,up,TRUE,ig,0,o_pos,0,o_hw,0,o_i,NA,o_up,FALSE,why,NO_COG
[2026-09-19T17:36:46.515] Cog0  BM-TS,seq,3_249,tid,15,k,227,lt,FALSE,pos,-59,hw,-59,i,-1,ph,178,d,1_600,e,-101,st,FAULTED,flt,TRUE,up,TRUE,ig,0,o_pos,0,o_hw,0,o_i,NA,o_up,FALSE,why,NO_COG
[2026-09-19T17:36:46.517] Cog0  BM-TS,seq,3_250,tid,15,k,228,lt,FALSE,pos,-59,hw,-59,i,-1,ph,179,d,1_600,e,-101,st,FAULTED,flt,TRUE,up,TRUE,ig,0,o_pos,0,o_hw,0,o_i,NA,o_up,FALSE,why,NO_COG
[2026-09-19T17:36:46.519] Cog0  BM-TS,seq,3_251,tid,15,k,229,lt,FALSE,pos,-59,hw,-59,i,-1,ph,180,d,1_600,e,-101,st,FAULTED,flt,TRUE,up,TRUE,ig,0,o_pos,0,o_hw,0,o_i,NA,o_up,FALSE,why,NO_COG
[2026-09-19T17:36:46.521] Cog0  BM-TS,seq,3_252,tid,15,k,230,lt,FALSE,pos,-59,hw,-59,i,-2,ph,180,d,1_600,e,-101,st,FAULTED,flt,TRUE,up,TRUE,ig,0,o_pos,0,o_hw,0,o_i,NA,o_up,FALSE,why,NO_COG
[2026-09-19T17:36:46.523] Cog0  BM-TS,seq,3_253,tid,15,k,231,lt,FALSE,pos,-59,hw,-59,i,0,ph,179,d,1_600,e,-101,st,FAULTED,flt,TRUE,up,TRUE,ig,0,o_pos,0,o_hw,0,o_i,NA,o_up,FALSE,why,NO_COG
[2026-09-19T17:36:46.525] Cog0  BM-TS,seq,3_254,tid,15,k,232,lt,FALSE,pos,-60,hw,-60,i,0,ph,180,d,1_600,e,-67,st,FAULTED,flt,TRUE,up,TRUE,ig,0,o_pos,0,o_hw,0,o_i,NA,o_up,FALSE,why,NO_COG
[2026-09-19T17:36:46.527] Cog0  BM-TS,seq,3_255,tid,15,k,233,lt,FALSE,pos,-60,hw,-60,i,-1,ph,181,d,1_600,e,-84,st,FAULTED,flt,TRUE,up,TRUE,ig,0,o_pos,0,o_hw,0,o_i,NA,o_up,FALSE,why,NO_COG
[2026-09-19T17:36:46.529] Cog0  BM-TS,seq,3_256,tid,15,k,234,lt,FALSE,pos,-60,hw,-60,i,0,ph,164,d,1_600,e,-102,st,FAULTED,flt,TRUE,up,TRUE,ig,0,o_pos,0,o_hw,0,o_i,NA,o_up,FALSE,why,NO_COG
[2026-09-19T17:36:46.531] Cog0  BM-TS,seq,3_257,tid,15,k,235,lt,FALSE,pos,-60,hw,-60,i,-1,ph,161,d,1_600,e,-102,st,FAULTED,flt,TRUE,up,TRUE,ig,0,o_pos,0,o_hw,0,o_i,NA,o_up,FALSE,why,NO_COG
[2026-09-19T17:36:46.533] Cog0  BM-TS,seq,3_258,tid,15,k,236,lt,FALSE,pos,-60,hw,-60,i,-1,ph,162,d,1_600,e,-102,st,FAULTED,flt,TRUE,up,TRUE,ig,0,o_pos,0,o_hw,0,o_i,NA,o_up,FALSE,why,NO_COG
[2026-09-19T17:36:46.535] Cog0  BM-TS,seq,3_259,tid,15,k,237,lt,FALSE,pos,-60,hw,-60,i,-1,ph,163,d,1_600,e,-102,st,FAULTED,flt,TRUE,up,TRUE,ig,0,o_pos,0,o_hw,0,o_i,NA,o_up,FALSE,why,NO_COG
[2026-09-19T17:36:46.537] Cog0  BM-TS,seq,3_260,tid,15,k,238,lt,FALSE,pos,-60,hw,-60,i,0,ph,164,d,1_600,e,-102,st,FAULTED,flt,TRUE,up,TRUE,ig,0,o_pos,0,o_hw,0,o_i,NA,o_up,FALSE,why,NO_COG
[2026-09-19T17:36:46.539] Cog0  BM-TS,seq,3_261,tid,15,k,239,lt,FALSE,pos,-60,hw,-60,i,-2,ph,161,d,1_600,e,-102,st,FAULTED,flt,TRUE,up,TRUE,ig,0,o_pos,0,o_hw,0,o_i,NA,o_up,FALSE,why,NO_COG
[2026-09-19T17:36:46.541] Cog0  BM-TS,seq,3_262,tid,15,k,240,lt,FALSE,pos,-60,hw,-60,i,1,ph,164,d,1_600,e,-102,st,FAULTED,flt,TRUE,up,TRUE,ig,0,o_pos,0,o_hw,0,o_i,NA,o_up,FALSE,why,NO_COG
[2026-09-19T17:36:46.543] Cog0  BM-TS,seq,3_263,tid,15,k,241,lt,FALSE,pos,-60,hw,-60,i,1,ph,163,d,1_600,e,-102,st,FAULTED,flt,TRUE,up,TRUE,ig,0,o_pos,0,o_hw,0,o_i,NA,o_up,FALSE,why,NO_COG
[2026-09-19T17:36:46.545] Cog0  BM-TS,seq,3_264,tid,15,k,242,lt,FALSE,pos,-60,hw,-60,i,0,ph,165,d,1_600,e,-102,st,FAULTED,flt,TRUE,up,TRUE,ig,0,o_pos,0,o_hw,0,o_i,NA,o_up,FALSE,why,NO_COG
[2026-09-19T17:36:46.547] Cog0  BM-TS,seq,3_265,tid,15,k,243,lt,FALSE,pos,-60,hw,-60,i,0,ph,164,d,1_600,e,-102,st,FAULTED,flt,TRUE,up,TRUE,ig,0,o_pos,0,o_hw,0,o_i,NA,o_up,FALSE,why,NO_COG
[2026-09-19T17:36:46.549] Cog0  BM-TS,seq,3_266,tid,15,k,244,lt,FALSE,pos,-60,hw,-60,i,0,ph,166,d,1_600,e,-102,st,FAULTED,flt,TRUE,up,TRUE,ig,0,o_pos,0,o_hw,0,o_i,NA,o_up,FALSE,why,NO_COG
[2026-09-19T17:36:46.551] Cog0  BM-TS,seq,3_267,tid,15,k,245,lt,FALSE,pos,-60,hw,-60,i,0,ph,168,d,1_600,e,-102,st,FAULTED,flt,TRUE,up,TRUE,ig,0,o_pos,0,o_hw,0,o_i,NA,o_up,FALSE,why,NO_COG
[2026-09-19T17:36:46.551] Cog0  BM-TS,seq,3_268,tid,15,k,246,lt,FALSE,pos,-60,hw,-60,i,0,ph,153,d,1_600,e,-102,st,FAULTED,flt,TRUE,up,TRUE,ig,0,o_pos,0,o_hw,0,o_i,NA,o_up,FALSE,why,NO_COG
[2026-09-19T17:36:46.555] Cog0  BM-TS,seq,3_269,tid,15,k,247,lt,FALSE,pos,-60,hw,-60,i,0,ph,156,d,1_600,e,-102,st,FAULTED,flt,TRUE,up,TRUE,ig,0,o_pos,0,o_hw,0,o_i,NA,o_up,FALSE,why,NO_COG
[2026-09-19T17:36:46.557] Cog0  BM-TS,seq,3_270,tid,15,k,248,lt,FALSE,pos,-60,hw,-60,i,-1,ph,152,d,1_600,e,-102,st,FAULTED,flt,TRUE,up,TRUE,ig,0,o_pos,0,o_hw,0,o_i,NA,o_up,FALSE,why,NO_COG
[2026-09-19T17:36:46.559] Cog0  BM-TS,seq,3_271,tid,15,k,249,lt,FALSE,pos,-60,hw,-60,i,-1,ph,156,d,1_600,e,-102,st,FAULTED,flt,TRUE,up,TRUE,ig,0,o_pos,0,o_hw,0,o_i,NA,o_up,FALSE,why,NO_COG
[2026-09-19T17:36:46.561] Cog0  BM-TS,seq,3_272,tid,15,k,250,lt,FALSE,pos,-60,hw,-60,i,-2,ph,154,d,1_600,e,-102,st,FAULTED,flt,TRUE,up,TRUE,ig,0,o_pos,0,o_hw,0,o_i,NA,o_up,FALSE,why,NO_COG
[2026-09-19T17:36:46.563] Cog0  BM-TS,seq,3_273,tid,15,k,251,lt,FALSE,pos,-60,hw,-60,i,0,ph,159,d,1_600,e,-102,st,FAULTED,flt,TRUE,up,TRUE,ig,0,o_pos,0,o_hw,0,o_i,NA,o_up,FALSE,why,NO_COG
[2026-09-19T17:36:46.565] Cog0  BM-TS,seq,3_274,tid,15,k,252,lt,FALSE,pos,-60,hw,-60,i,-2,ph,159,d,1_600,e,-102,st,FAULTED,flt,TRUE,up,TRUE,ig,0,o_pos,0,o_hw,0,o_i,NA,o_up,FALSE,why,NO_COG
[2026-09-19T17:36:46.567] Cog0  BM-TS,seq,3_275,tid,15,k,253,lt,FALSE,pos,-60,hw,-60,i,0,ph,160,d,1_600,e,-102,st,FAULTED,flt,TRUE,up,TRUE,ig,0,o_pos,0,o_hw,0,o_i,NA,o_up,FALSE,why,NO_COG
[2026-09-19T17:36:46.569] Cog0  BM-TS,seq,3_276,tid,15,k,254,lt,FALSE,pos,-60,hw,-60,i,-1,ph,162,d,1_600,e,-102,st,FAULTED,flt,TRUE,up,TRUE,ig,0,o_pos,0,o_hw,0,o_i,NA,o_up,FALSE,why,NO_COG
[2026-09-19T17:36:46.571] Cog0  BM-TS,seq,3_277,tid,15,k,255,lt,FALSE,pos,-60,hw,-60,i,0,ph,165,d,1_600,e,-102,st,FAULTED,flt,TRUE,up,TRUE,ig,0,o_pos,0,o_hw,0,o_i,NA,o_up,FALSE,why,NO_COG
[2026-09-19T17:36:46.573] Cog0  BM-TS,seq,3_278,tid,15,k,256,lt,FALSE,pos,-60,hw,-60,i,-1,ph,162,d,1_600,e,-102,st,FAULTED,flt,TRUE,up,TRUE,ig,0,o_pos,0,o_hw,0,o_i,NA,o_up,FALSE,why,NO_COG
[2026-09-19T17:36:46.575] Cog0  BM-TS,seq,3_279,tid,15,k,257,lt,FALSE,pos,-61,hw,-61,i,-1,ph,147,d,1_600,e,-68,st,FAULTED,flt,TRUE,up,TRUE,ig,0,o_pos,0,o_hw,0,o_i,NA,o_up,FALSE,why,NO_COG
[2026-09-19T17:36:46.577] Cog0  BM-TS,seq,3_280,tid,15,k,258,lt,FALSE,pos,-61,hw,-61,i,-1,ph,153,d,1_600,e,-86,st,FAULTED,flt,TRUE,up,TRUE,ig,0,o_pos,0,o_hw,0,o_i,NA,o_up,FALSE,why,NO_COG
[2026-09-19T17:36:46.579] Cog0  BM-TS,seq,3_281,tid,15,k,259,lt,FALSE,pos,-61,hw,-61,i,-1,ph,154,d,1_600,e,-103,st,FAULTED,flt,TRUE,up,TRUE,ig,0,o_pos,0,o_hw,0,o_i,NA,o_up,FALSE,why,NO_COG
[2026-09-19T17:36:46.581] Cog0  BM-TS,seq,3_282,tid,15,k,260,lt,FALSE,pos,-61,hw,-61,i,0,ph,152,d,1_600,e,-103,st,FAULTED,flt,TRUE,up,TRUE,ig,0,o_pos,0,o_hw,0,o_i,NA,o_up,FALSE,why,NO_COG
[2026-09-19T17:36:46.583] Cog0  BM-TS,seq,3_283,tid,15,k,261,lt,FALSE,pos,-61,hw,-61,i,0,ph,159,d,1_600,e,-103,st,FAULTED,flt,TRUE,up,TRUE,ig,0,o_pos,0,o_hw,0,o_i,NA,o_up,FALSE,why,NO_COG
[2026-09-19T17:36:46.585] Cog0  BM-TS,seq,3_284,tid,15,k,262,lt,FALSE,pos,-61,hw,-61,i,0,ph,158,d,1_600,e,-103,st,FAULTED,flt,TRUE,up,TRUE,ig,0,o_pos,0,o_hw,0,o_i,NA,o_up,FALSE,why,NO_COG
[2026-09-19T17:36:46.587] Cog0  BM-TS,seq,3_285,tid,15,k,263,lt,FALSE,pos,-61,hw,-61,i,-1,ph,157,d,1_600,e,-103,st,FAULTED,flt,TRUE,up,TRUE,ig,0,o_pos,0,o_hw,0,o_i,NA,o_up,FALSE,why,NO_COG
[2026-09-19T17:36:46.589] Cog0  BM-TS,seq,3_286,tid,15,k,264,lt,FALSE,pos,-61,hw,-61,i,0,ph,162,d,1_600,e,-103,st,FAULTED,flt,TRUE,up,TRUE,ig,0,o_pos,0,o_hw,0,o_i,NA,o_up,FALSE,why,NO_COG
[2026-09-19T17:36:46.591] Cog0  BM-TS,seq,3_287,tid,15,k,265,lt,FALSE,pos,-61,hw,-61,i,0,ph,162,d,1_600,e,-103,st,FAULTED,flt,TRUE,up,TRUE,ig,0,o_pos,0,o_hw,0,o_i,NA,o_up,FALSE,why,NO_COG
[2026-09-19T17:36:46.593] Cog0  BM-TS,seq,3_288,tid,15,k,266,lt,FALSE,pos,-61,hw,-61,i,-1,ph,163,d,1_600,e,-103,st,FAULTED,flt,TRUE,up,TRUE,ig,0,o_pos,0,o_hw,0,o_i,NA,o_up,FALSE,why,NO_COG
[2026-09-19T17:36:46.595] Cog0  BM-TS,seq,3_289,tid,15,k,267,lt,FALSE,pos,-61,hw,-61,i,0,ph,151,d,1_600,e,-103,st,FAULTED,flt,TRUE,up,TRUE,ig,0,o_pos,0,o_hw,0,o_i,NA,o_up,FALSE,why,NO_COG
[2026-09-19T17:36:46.597] Cog0  BM-TS,seq,3_290,tid,15,k,268,lt,FALSE,pos,-61,hw,-61,i,0,ph,152,d,1_600,e,-103,st,FAULTED,flt,TRUE,up,TRUE,ig,0,o_pos,0,o_hw,0,o_i,NA,o_up,FALSE,why,NO_COG
[2026-09-19T17:36:46.599] Cog0  BM-TS,seq,3_291,tid,15,k,269,lt,FALSE,pos,-61,hw,-61,i,-1,ph,152,d,1_600,e,-103,st,FAULTED,flt,TRUE,up,TRUE,ig,0,o_pos,0,o_hw,0,o_i,NA,o_up,FALSE,why,NO_COG
[2026-09-19T17:36:46.601] Cog0  BM-TS,seq,3_292,tid,15,k,270,lt,FALSE,pos,-61,hw,-61,i,0,ph,160,d,1_600,e,-103,st,FAULTED,flt,TRUE,up,TRUE,ig,0,o_pos,0,o_hw,0,o_i,NA,o_up,FALSE,why,NO_COG
[2026-09-19T17:36:46.603] Cog0  BM-TS,seq,3_293,tid,15,k,271,lt,FALSE,pos,-61,hw,-61,i,0,ph,157,d,1_600,e,-103,st,FAULTED,flt,TRUE,up,TRUE,ig,0,o_pos,0,o_hw,0,o_i,NA,o_up,FALSE,why,NO_COG
[2026-09-19T17:36:46.605] Cog0  BM-TS,seq,3_294,tid,15,k,272,lt,FALSE,pos,-61,hw,-61,i,1,ph,159,d,1_600,e,-103,st,FAULTED,flt,TRUE,up,TRUE,ig,0,o_pos,0,o_hw,0,o_i,NA,o_up,FALSE,why,NO_COG
[2026-09-19T17:36:46.607] Cog0  BM-TS,seq,3_295,tid,15,k,273,lt,FALSE,pos,-61,hw,-61,i,0,ph,162,d,1_600,e,-103,st,FAULTED,flt,TRUE,up,TRUE,ig,0,o_pos,0,o_hw,0,o_i,NA,o_up,FALSE,why,NO_COG
[2026-09-19T17:36:46.609] Cog0  BM-TS,seq,3_296,tid,15,k,274,lt,FALSE,pos,-61,hw,-61,i,0,ph,160,d,1_600,e,-103,st,FAULTED,flt,TRUE,up,TRUE,ig,0,o_pos,0,o_hw,0,o_i,NA,o_up,FALSE,why,NO_COG
[2026-09-19T17:36:46.611] Cog0  BM-TS,seq,3_297,tid,15,k,275,lt,FALSE,pos,-61,hw,-61,i,-3,ph,158,d,1_600,e,-103,st,FAULTED,flt,TRUE,up,TRUE,ig,0,o_pos,0,o_hw,0,o_i,NA,o_up,FALSE,why,NO_COG
[2026-09-19T17:36:46.614] Cog0  BM-TS,seq,3_298,tid,15,k,276,lt,FALSE,pos,-61,hw,-61,i,-1,ph,164,d,1_600,e,-103,st,FAULTED,flt,TRUE,up,TRUE,ig,0,o_pos,0,o_hw,0,o_i,NA,o_up,FALSE,why,NO_COG
[2026-09-19T17:36:46.615] Cog0  BM-TS,seq,3_299,tid,15,k,277,lt,FALSE,pos,-61,hw,-61,i,-1,ph,164,d,1_600,e,-103,st,FAULTED,flt,TRUE,up,TRUE,ig,0,o_pos,0,o_hw,0,o_i,NA,o_up,FALSE,why,NO_COG
[2026-09-19T17:36:46.617] Cog0  BM-TS,seq,3_300,tid,15,k,278,lt,FALSE,pos,-61,hw,-61,i,-1,ph,164,d,1_600,e,-103,st,FAULTED,flt,TRUE,up,TRUE,ig,0,o_pos,0,o_hw,0,o_i,NA,o_up,FALSE,why,NO_COG
[2026-09-19T17:36:46.619] Cog0  BM-TS,seq,3_301,tid,15,k,279,lt,FALSE,pos,-61,hw,-61,i,0,ph,151,d,1_600,e,-103,st,FAULTED,flt,TRUE,up,TRUE,ig,0,o_pos,0,o_hw,0,o_i,NA,o_up,FALSE,why,NO_COG
[2026-09-19T17:36:46.621] Cog0  BM-TS,seq,3_302,tid,15,k,280,lt,FALSE,pos,-61,hw,-61,i,-1,ph,155,d,1_600,e,-103,st,FAULTED,flt,TRUE,up,TRUE,ig,0,o_pos,0,o_hw,0,o_i,NA,o_up,FALSE,why,NO_COG
[2026-09-19T17:36:46.623] Cog0  BM-TS,seq,3_303,tid,15,k,281,lt,FALSE,pos,-61,hw,-61,i,-3,ph,152,d,1_600,e,-103,st,FAULTED,flt,TRUE,up,TRUE,ig,0,o_pos,0,o_hw,0,o_i,NA,o_up,FALSE,why,NO_COG
[2026-09-19T17:36:46.625] Cog0  BM-TS,seq,3_304,tid,15,k,282,lt,FALSE,pos,-61,hw,-61,i,-3,ph,155,d,1_600,e,-103,st,FAULTED,flt,TRUE,up,TRUE,ig,0,o_pos,0,o_hw,0,o_i,NA,o_up,FALSE,why,NO_COG
[2026-09-19T17:36:46.627] Cog0  BM-TS,seq,3_305,tid,15,k,283,lt,FALSE,pos,-61,hw,-61,i,0,ph,158,d,1_600,e,-103,st,FAULTED,flt,TRUE,up,TRUE,ig,0,o_pos,0,o_hw,0,o_i,NA,o_up,FALSE,why,NO_COG
[2026-09-19T17:36:46.630] Cog0  BM-TS,seq,3_306,tid,15,k,284,lt,FALSE,pos,-61,hw,-61,i,0,ph,158,d,1_600,e,-103,st,FAULTED,flt,TRUE,up,TRUE,ig,0,o_pos,0,o_hw,0,o_i,NA,o_up,FALSE,why,NO_COG
[2026-09-19T17:36:46.631] Cog0  BM-TS,seq,3_307,tid,15,k,285,lt,FALSE,pos,-61,hw,-61,i,0,ph,159,d,1_600,e,-103,st,FAULTED,flt,TRUE,up,TRUE,ig,0,o_pos,0,o_hw,0,o_i,NA,o_up,FALSE,why,NO_COG
[2026-09-19T17:36:46.634] Cog0  BM-TS,seq,3_308,tid,15,k,286,lt,FALSE,pos,-61,hw,-61,i,0,ph,158,d,1_600,e,-103,st,FAULTED,flt,TRUE,up,TRUE,ig,0,o_pos,0,o_hw,0,o_i,NA,o_up,FALSE,why,NO_COG
[2026-09-19T17:36:46.636] Cog0  BM-TS,seq,3_309,tid,15,k,287,lt,FALSE,pos,-61,hw,-61,i,0,ph,159,d,1_600,e,-103,st,FAULTED,flt,TRUE,up,TRUE,ig,0,o_pos,0,o_hw,0,o_i,NA,o_up,FALSE,why,NO_COG
[2026-09-19T17:36:46.638] Cog0  BM-TS,seq,3_310,tid,15,k,288,lt,FALSE,pos,-61,hw,-61,i,0,ph,163,d,1_600,e,-103,st,FAULTED,flt,TRUE,up,TRUE,ig,0,o_pos,0,o_hw,0,o_i,NA,o_up,FALSE,why,NO_COG
[2026-09-19T17:36:46.640] Cog0  BM-TS,seq,3_311,tid,15,k,289,lt,FALSE,pos,-61,hw,-61,i,-2,ph,166,d,1_600,e,-103,st,FAULTED,flt,TRUE,up,TRUE,ig,0,o_pos,0,o_hw,0,o_i,NA,o_up,FALSE,why,NO_COG
[2026-09-19T17:36:46.641] Cog0  BM-TS,seq,3_312,tid,15,k,290,lt,FALSE,pos,-61,hw,-61,i,0,ph,151,d,1_600,e,-103,st,FAULTED,flt,TRUE,up,TRUE,ig,0,o_pos,0,o_hw,0,o_i,NA,o_up,FALSE,why,NO_COG
[2026-09-19T17:36:46.644] Cog0  BM-TS,seq,3_313,tid,15,k,291,lt,FALSE,pos,-61,hw,-61,i,0,ph,156,d,1_600,e,-103,st,FAULTED,flt,TRUE,up,TRUE,ig,0,o_pos,0,o_hw,0,o_i,NA,o_up,FALSE,why,NO_COG
[2026-09-19T17:36:46.646] Cog0  BM-TS,seq,3_314,tid,15,k,292,lt,FALSE,pos,-61,hw,-61,i,-1,ph,154,d,1_600,e,-103,st,FAULTED,flt,TRUE,up,TRUE,ig,0,o_pos,0,o_hw,0,o_i,NA,o_up,FALSE,why,NO_COG
[2026-09-19T17:36:46.647] Cog0  BM-TS,seq,3_315,tid,15,k,293,lt,FALSE,pos,-61,hw,-61,i,0,ph,154,d,1_600,e,-103,st,FAULTED,flt,TRUE,up,TRUE,ig,0,o_pos,0,o_hw,0,o_i,NA,o_up,FALSE,why,NO_COG
[2026-09-19T17:36:46.650] Cog0  BM-TS,seq,3_316,tid,15,k,294,lt,FALSE,pos,-61,hw,-61,i,-1,ph,155,d,1_600,e,-103,st,FAULTED,flt,TRUE,up,TRUE,ig,0,o_pos,0,o_hw,0,o_i,NA,o_up,FALSE,why,NO_COG
[2026-09-19T17:36:46.652] Cog0  BM-TS,seq,3_317,tid,15,k,295,lt,FALSE,pos,-61,hw,-61,i,0,ph,156,d,1_600,e,-103,st,FAULTED,flt,TRUE,up,TRUE,ig,0,o_pos,0,o_hw,0,o_i,NA,o_up,FALSE,why,NO_COG
[2026-09-19T17:36:46.654] Cog0  BM-TS,seq,3_318,tid,15,k,296,lt,FALSE,pos,-61,hw,-61,i,-2,ph,158,d,1_600,e,-103,st,FAULTED,flt,TRUE,up,TRUE,ig,0,o_pos,0,o_hw,0,o_i,NA,o_up,FALSE,why,NO_COG
[2026-09-19T17:36:46.656] Cog0  BM-TS,seq,3_319,tid,15,k,297,lt,FALSE,pos,-61,hw,-61,i,0,ph,163,d,1_600,e,-103,st,FAULTED,flt,TRUE,up,TRUE,ig,0,o_pos,0,o_hw,0,o_i,NA,o_up,FALSE,why,NO_COG
[2026-09-19T17:36:46.658] Cog0  BM-TS,seq,3_320,tid,15,k,298,lt,FALSE,pos,-61,hw,-61,i,-1,ph,161,d,1_600,e,-103,st,FAULTED,flt,TRUE,up,TRUE,ig,0,o_pos,0,o_hw,0,o_i,NA,o_up,FALSE,why,NO_COG
[2026-09-19T17:36:46.660] Cog0  BM-TS,seq,3_321,tid,15,k,299,lt,FALSE,pos,-61,hw,-61,i,-1,ph,162,d,1_600,e,-103,st,FAULTED,flt,TRUE,up,TRUE,ig,0,o_pos,0,o_hw,0,o_i,NA,o_up,FALSE,why,NO_COG
[2026-09-19T17:36:46.664] Cog0  BM-TS,seq,3_322,tid,15,k,300,lt,FALSE,pos,-61,hw,-61,i,-2,ph,151,d,1_600,e,-103,st,FAULTED,flt,TRUE,up,TRUE,ig,0,o_pos,0,o_hw,0,o_i,NA,o_up,FALSE,why,NO_COG
[2026-09-19T17:36:46.664] Cog0  BM-TS,seq,3_323,tid,15,k,325,lt,FALSE,pos,-61,hw,-61,i,-1,ph,155,d,1_600,e,-103,st,FAULTED,flt,TRUE,up,TRUE,ig,0,o_pos,0,o_hw,0,o_i,NA,o_up,FALSE,why,NO_COG
[2026-09-19T17:36:46.671] Cog0  BM-TS,seq,3_324,tid,15,k,350,lt,FALSE,pos,-61,hw,-61,i,-1,ph,161,d,1_600,e,-103,st,FAULTED,flt,TRUE,up,TRUE,ig,0,o_pos,0,o_hw,0,o_i,NA,o_up,FALSE,why,NO_COG
[2026-09-19T17:36:46.675] Cog0  BM-TS,seq,3_325,tid,15,k,375,lt,FALSE,pos,-61,hw,-61,i,1,ph,164,d,1_600,e,-103,st,FAULTED,flt,TRUE,up,TRUE,ig,0,o_pos,0,o_hw,0,o_i,NA,o_up,FALSE,why,NO_COG
[2026-09-19T17:36:46.677] Cog0  BM-TS,seq,3_326,tid,15,k,400,lt,FALSE,pos,-61,hw,-61,i,0,ph,153,d,1_600,e,-103,st,FAULTED,flt,TRUE,up,TRUE,ig,0,o_pos,0,o_hw,0,o_i,NA,o_up,FALSE,why,NO_COG
[2026-09-19T17:36:46.679] Cog0  BM-TS,seq,3_327,tid,15,k,410,lt,FALSE,pos,-61,hw,-61,i,-1,ph,154,d,1_600,e,-103,st,FAULTED,flt,TRUE,up,TRUE,ig,0,o_pos,0,o_hw,0,o_i,NA,o_up,FALSE,why,NO_COG
[2026-09-19T17:36:46.696] Cog0  BM-TRACE-END,seq,3_328,tid,15,stored,411,emitted,306,ksum,47_010,mark_k,50,late,0,skipped,0,lost_head,0,dropped,0,end,REST,rest_k,257,ig_sum,0,o_ig_sum,0,hw_skip,0,stride,1,why,NONE
[2026-09-19T17:36:46.743] Cog0  BM-RECOVER,seq,3_329,seg,POSTFLT,tid,15,motor,RIGHT,incre,-73_500_000,off_neg,43,off_pos,317,step,RESET,cleared,TRUE,ms,31,st,STOPPED,flt,FALSE,why,NONE
[2026-09-19T17:36:54.195] Cog0  BM-ABORT,seq,3_330,seg,POSTFLT,tid,16,motor,RIGHT,incre,-73_500_000,reason,ABS_CURRENT,value,3_771,scope,TRIAL,why,NONE
[2026-09-19T17:36:54.196] Cog0  BM-OFFREST,seq,3_331,motor,RIGHT,want_neg,43,want_pos,317,off_neg,43,off_pos,317,ok,TRUE,why,NONE
[2026-09-19T17:36:54.207] Cog0  BM-TRACE,seq,3_332,tid,16,seg,POSTFLT,life,8,motor,RIGHT,cause,FAULT,incre,-73_500_000,off_neg,43,off_pos,317,req_mode,BRAKE,ramp_inc,22,period_us,2_000,decim,1,pre,50,why,NONE
[2026-09-19T17:36:54.209] Cog0  BM-TS,seq,3_333,tid,16,k,0,lt,FALSE,pos,0,hw,0,i,902,ph,2_725,d,18_541,e,-47,st,AT_SPEED,flt,FALSE,up,TRUE,ig,0,o_pos,0,o_hw,0,o_i,NA,o_up,FALSE,why,NO_COG
[2026-09-19T17:36:54.211] Cog0  BM-TS,seq,3_334,tid,16,k,1,lt,FALSE,pos,0,hw,0,i,925,ph,2_577,d,18_578,e,-65,st,AT_SPEED,flt,FALSE,up,TRUE,ig,0,o_pos,0,o_hw,0,o_i,NA,o_up,FALSE,why,NO_COG
[2026-09-19T17:36:54.213] Cog0  BM-TS,seq,3_335,tid,16,k,2,lt,FALSE,pos,-1,hw,-1,i,894,ph,2_177,d,18_545,e,-40,st,AT_SPEED,flt,FALSE,up,TRUE,ig,0,o_pos,0,o_hw,0,o_i,NA,o_up,FALSE,why,NO_COG
[2026-09-19T17:36:54.215] Cog0  BM-TS,seq,3_336,tid,16,k,3,lt,FALSE,pos,-1,hw,-1,i,917,ph,2_020,d,18_539,e,-57,st,AT_SPEED,flt,FALSE,up,TRUE,ig,0,o_pos,0,o_hw,0,o_i,NA,o_up,FALSE,why,NO_COG
[2026-09-19T17:36:54.216] Cog0  BM-TS,seq,3_337,tid,16,k,4,lt,FALSE,pos,-2,hw,-2,i,975,ph,2_418,d,18_602,e,-32,st,AT_SPEED,flt,FALSE,up,TRUE,ig,0,o_pos,0,o_hw,0,o_i,NA,o_up,FALSE,why,NO_COG
[2026-09-19T17:36:54.219] Cog0  BM-TS,seq,3_338,tid,16,k,5,lt,FALSE,pos,-2,hw,-2,i,923,ph,2_682,d,18_536,e,-45,st,AT_SPEED,flt,FALSE,up,TRUE,ig,0,o_pos,0,o_hw,0,o_i,NA,o_up,FALSE,why,NO_COG
[2026-09-19T17:36:54.221] Cog0  BM-TS,seq,3_339,tid,16,k,6,lt,FALSE,pos,-2,hw,-2,i,923,ph,2_618,d,18_576,e,-63,st,AT_SPEED,flt,FALSE,up,TRUE,ig,0,o_pos,0,o_hw,0,o_i,NA,o_up,FALSE,why,NO_COG
[2026-09-19T17:36:54.222] Cog0  BM-TS,seq,3_340,tid,16,k,7,lt,FALSE,pos,-3,hw,-3,i,901,ph,2_217,d,18_563,e,-38,st,AT_SPEED,flt,FALSE,up,TRUE,ig,0,o_pos,0,o_hw,0,o_i,NA,o_up,FALSE,why,NO_COG
[2026-09-19T17:36:54.224] Cog0  BM-TS,seq,3_341,tid,16,k,8,lt,FALSE,pos,-3,hw,-3,i,896,ph,1_979,d,18_554,e,-55,st,AT_SPEED,flt,FALSE,up,TRUE,ig,0,o_pos,0,o_hw,0,o_i,NA,o_up,FALSE,why,NO_COG
[2026-09-19T17:36:54.227] Cog0  BM-TS,seq,3_342,tid,16,k,9,lt,FALSE,pos,-4,hw,-4,i,948,ph,2_370,d,18_617,e,-30,st,AT_SPEED,flt,FALSE,up,TRUE,ig,0,o_pos,0,o_hw,0,o_i,NA,o_up,FALSE,why,NO_COG
[2026-09-19T17:36:54.229] Cog0  BM-TS,seq,3_343,tid,16,k,10,lt,FALSE,pos,-4,hw,-4,i,952,ph,2_647,d,18_554,e,-47,st,AT_SPEED,flt,FALSE,up,TRUE,ig,0,o_pos,0,o_hw,0,o_i,NA,o_up,FALSE,why,NO_COG
[2026-09-19T17:36:54.231] Cog0  BM-TS,seq,3_344,tid,16,k,11,lt,FALSE,pos,-4,hw,-4,i,964,ph,2_659,d,18_575,e,-61,st,AT_SPEED,flt,FALSE,up,TRUE,ig,0,o_pos,0,o_hw,0,o_i,NA,o_up,FALSE,why,NO_COG
[2026-09-19T17:36:54.233] Cog0  BM-TS,seq,3_345,tid,16,k,12,lt,FALSE,pos,-5,hw,-5,i,928,ph,2_260,d,18_567,e,-35,st,AT_SPEED,flt,FALSE,up,TRUE,ig,0,o_pos,0,o_hw,0,o_i,NA,o_up,FALSE,why,NO_COG
[2026-09-19T17:36:54.235] Cog0  BM-TS,seq,3_346,tid,16,k,13,lt,FALSE,pos,-5,hw,-5,i,892,ph,1_938,d,18_538,e,-53,st,AT_SPEED,flt,FALSE,up,TRUE,ig,0,o_pos,0,o_hw,0,o_i,NA,o_up,FALSE,why,NO_COG
[2026-09-19T17:36:54.237] Cog0  BM-TS,seq,3_347,tid,16,k,14,lt,FALSE,pos,-6,hw,-5,i,911,ph,2_327,d,18_622,e,-28,st,AT_SPEED,flt,FALSE,up,TRUE,ig,0,o_pos,0,o_hw,0,o_i,NA,o_up,FALSE,why,NO_COG
[2026-09-19T17:36:54.239] Cog0  BM-TS,seq,3_348,tid,16,k,15,lt,FALSE,pos,-6,hw,-6,i,885,ph,2_688,d,18_539,e,-45,st,AT_SPEED,flt,FALSE,up,TRUE,ig,0,o_pos,0,o_hw,0,o_i,NA,o_up,FALSE,why,NO_COG
[2026-09-19T17:36:54.239] Cog0  BM-TS,seq,3_349,tid,16,k,16,lt,FALSE,pos,-6,hw,-6,i,976,ph,2_702,d,18_563,e,-63,st,AT_SPEED,flt,FALSE,up,TRUE,ig,0,o_pos,0,o_hw,0,o_i,NA,o_up,FALSE,why,NO_COG
[2026-09-19T17:36:54.243] Cog0  BM-TS,seq,3_350,tid,16,k,17,lt,FALSE,pos,-7,hw,-7,i,952,ph,2_306,d,18_565,e,-33,st,AT_SPEED,flt,FALSE,up,TRUE,ig,0,o_pos,0,o_hw,0,o_i,NA,o_up,FALSE,why,NO_COG
[2026-09-19T17:36:54.245] Cog0  BM-TS,seq,3_351,tid,16,k,18,lt,FALSE,pos,-7,hw,-7,i,916,ph,1_958,d,18_539,e,-51,st,AT_SPEED,flt,FALSE,up,TRUE,ig,0,o_pos,0,o_hw,0,o_i,NA,o_up,FALSE,why,NO_COG
[2026-09-19T17:36:54.247] Cog0  BM-TS,seq,3_352,tid,16,k,19,lt,FALSE,pos,-7,hw,-7,i,931,ph,2_279,d,18_597,e,-68,st,AT_SPEED,flt,FALSE,up,TRUE,ig,0,o_pos,0,o_hw,0,o_i,NA,o_up,FALSE,why,NO_COG
[2026-09-19T17:36:54.249] Cog0  BM-TS,seq,3_353,tid,16,k,20,lt,FALSE,pos,-8,hw,-8,i,882,ph,2_643,d,18_548,e,-43,st,AT_SPEED,flt,FALSE,up,TRUE,ig,0,o_pos,0,o_hw,0,o_i,NA,o_up,FALSE,why,NO_COG
[2026-09-19T17:36:54.251] Cog0  BM-TS,seq,3_354,tid,16,k,21,lt,FALSE,pos,-8,hw,-8,i,942,ph,2_662,d,18_552,e,-61,st,AT_SPEED,flt,FALSE,up,TRUE,ig,0,o_pos,0,o_hw,0,o_i,NA,o_up,FALSE,why,NO_COG
[2026-09-19T17:36:54.253] Cog0  BM-TS,seq,3_355,tid,16,k,22,lt,FALSE,pos,-9,hw,-9,i,956,ph,2_348,d,18_574,e,-31,st,AT_SPEED,flt,FALSE,up,TRUE,ig,0,o_pos,0,o_hw,0,o_i,NA,o_up,FALSE,why,NO_COG
[2026-09-19T17:36:54.255] Cog0  BM-TS,seq,3_356,tid,16,k,23,lt,FALSE,pos,-9,hw,-9,i,894,ph,2_000,d,18_528,e,-49,st,AT_SPEED,flt,FALSE,up,TRUE,ig,0,o_pos,0,o_hw,0,o_i,NA,o_up,FALSE,why,NO_COG
[2026-09-19T17:36:54.257] Cog0  BM-TS,seq,3_357,tid,16,k,24,lt,FALSE,pos,-9,hw,-9,i,937,ph,2_222,d,18_589,e,-66,st,AT_SPEED,flt,FALSE,up,TRUE,ig,0,o_pos,0,o_hw,0,o_i,NA,o_up,FALSE,why,NO_COG
[2026-09-19T17:36:54.259] Cog0  BM-TS,seq,3_358,tid,16,k,25,lt,FALSE,pos,-10,hw,-10,i,884,ph,2_602,d,18_538,e,-41,st,AT_SPEED,flt,FALSE,up,TRUE,ig,0,o_pos,0,o_hw,0,o_i,NA,o_up,FALSE,why,NO_COG
[2026-09-19T17:36:54.261] Cog0  BM-TS,seq,3_359,tid,16,k,26,lt,FALSE,pos,-10,hw,-10,i,919,ph,2_704,d,18_533,e,-59,st,AT_SPEED,flt,FALSE,up,TRUE,ig,0,o_pos,0,o_hw,0,o_i,NA,o_up,FALSE,why,NO_COG
[2026-09-19T17:36:54.263] Cog0  BM-TS,seq,3_360,tid,16,k,27,lt,FALSE,pos,-11,hw,-11,i,973,ph,2_310,d,18_581,e,-34,st,AT_SPEED,flt,FALSE,up,TRUE,ig,0,o_pos,0,o_hw,0,o_i,NA,o_up,FALSE,why,NO_COG
[2026-09-19T17:36:54.265] Cog0  BM-TS,seq,3_361,tid,16,k,28,lt,FALSE,pos,-11,hw,-11,i,939,ph,2_043,d,18_538,e,-47,st,AT_SPEED,flt,FALSE,up,TRUE,ig,0,o_pos,0,o_hw,0,o_i,NA,o_up,FALSE,why,NO_COG
[2026-09-19T17:36:54.267] Cog0  BM-TS,seq,3_362,tid,16,k,29,lt,FALSE,pos,-11,hw,-11,i,939,ph,2_162,d,18_579,e,-64,st,AT_SPEED,flt,FALSE,up,TRUE,ig,0,o_pos,0,o_hw,0,o_i,NA,o_up,FALSE,why,NO_COG
[2026-09-19T17:36:54.269] Cog0  BM-TS,seq,3_363,tid,16,k,30,lt,FALSE,pos,-12,hw,-12,i,882,ph,2_561,d,18_547,e,-39,st,AT_SPEED,flt,FALSE,up,TRUE,ig,0,o_pos,0,o_hw,0,o_i,NA,o_up,FALSE,why,NO_COG
[2026-09-19T17:36:54.271] Cog0  BM-TS,seq,3_364,tid,16,k,31,lt,FALSE,pos,-12,hw,-12,i,879,ph,2_741,d,18_548,e,-57,st,AT_SPEED,flt,FALSE,up,TRUE,ig,0,o_pos,0,o_hw,0,o_i,NA,o_up,FALSE,why,NO_COG
[2026-09-19T17:36:54.273] Cog0  BM-TS,seq,3_365,tid,16,k,32,lt,FALSE,pos,-13,hw,-13,i,937,ph,2_353,d,18_604,e,-31,st,AT_SPEED,flt,FALSE,up,TRUE,ig,0,o_pos,0,o_hw,0,o_i,NA,o_up,FALSE,why,NO_COG
[2026-09-19T17:36:54.275] Cog0  BM-TS,seq,3_366,tid,16,k,33,lt,FALSE,pos,-13,hw,-13,i,958,ph,2_083,d,18_541,e,-49,st,AT_SPEED,flt,FALSE,up,TRUE,ig,0,o_pos,0,o_hw,0,o_i,NA,o_up,FALSE,why,NO_COG
[2026-09-19T17:36:54.277] Cog0  BM-TS,seq,3_367,tid,16,k,34,lt,FALSE,pos,-13,hw,-13,i,957,ph,2_115,d,18_585,e,-62,st,AT_SPEED,flt,FALSE,up,TRUE,ig,0,o_pos,0,o_hw,0,o_i,NA,o_up,FALSE,why,NO_COG
[2026-09-19T17:36:54.279] Cog0  BM-TS,seq,3_368,tid,16,k,35,lt,FALSE,pos,-14,hw,-14,i,927,ph,2_520,d,18_571,e,-37,st,AT_SPEED,flt,FALSE,up,TRUE,ig,0,o_pos,0,o_hw,0,o_i,NA,o_up,FALSE,why,NO_COG
[2026-09-19T17:36:54.281] Cog0  BM-TS,seq,3_369,tid,16,k,36,lt,FALSE,pos,-14,hw,-14,i,910,ph,2_775,d,18_542,e,-55,st,AT_SPEED,flt,FALSE,up,TRUE,ig,0,o_pos,0,o_hw,0,o_i,NA,o_up,FALSE,why,NO_COG
[2026-09-19T17:36:54.283] Cog0  BM-TS,seq,3_370,tid,16,k,37,lt,FALSE,pos,-15,hw,-15,i,924,ph,2_390,d,18_611,e,-29,st,AT_SPEED,flt,FALSE,up,TRUE,ig,0,o_pos,0,o_hw,0,o_i,NA,o_up,FALSE,why,NO_COG
[2026-09-19T17:36:54.285] Cog0  BM-TS,seq,3_371,tid,16,k,38,lt,FALSE,pos,-15,hw,-15,i,890,ph,2_027,d,18_551,e,-47,st,AT_SPEED,flt,FALSE,up,TRUE,ig,0,o_pos,0,o_hw,0,o_i,NA,o_up,FALSE,why,NO_COG
[2026-09-19T17:36:54.287] Cog0  BM-TS,seq,3_372,tid,16,k,39,lt,FALSE,pos,-15,hw,-15,i,965,ph,2_080,d,18_575,e,-64,st,AT_SPEED,flt,FALSE,up,TRUE,ig,0,o_pos,0,o_hw,0,o_i,NA,o_up,FALSE,why,NO_COG
[2026-09-19T17:36:54.289] Cog0  BM-TS,seq,3_373,tid,16,k,40,lt,FALSE,pos,-16,hw,-16,i,936,ph,2_475,d,18_567,e,-35,st,AT_SPEED,flt,FALSE,up,TRUE,ig,0,o_pos,0,o_hw,0,o_i,NA,o_up,FALSE,why,NO_COG
[2026-09-19T17:36:54.291] Cog0  BM-TS,seq,3_374,tid,16,k,41,lt,FALSE,pos,-16,hw,-16,i,919,ph,2_821,d,18_541,e,-52,st,AT_SPEED,flt,FALSE,up,TRUE,ig,0,o_pos,0,o_hw,0,o_i,NA,o_up,FALSE,why,NO_COG
[2026-09-19T17:36:54.293] Cog0  BM-TS,seq,3_375,tid,16,k,42,lt,FALSE,pos,-17,hw,-17,i,930,ph,2_437,d,18_614,e,-27,st,AT_SPEED,flt,FALSE,up,TRUE,ig,0,o_pos,0,o_hw,0,o_i,NA,o_up,FALSE,why,NO_COG
[2026-09-19T17:36:54.295] Cog0  BM-TS,seq,3_376,tid,16,k,43,lt,FALSE,pos,-17,hw,-17,i,880,ph,2_078,d,18_534,e,-45,st,AT_SPEED,flt,FALSE,up,TRUE,ig,0,o_pos,0,o_hw,0,o_i,NA,o_up,FALSE,why,NO_COG
[2026-09-19T17:36:54.297] Cog0  BM-TS,seq,3_377,tid,16,k,44,lt,FALSE,pos,-17,hw,-17,i,952,ph,2_126,d,18_561,e,-62,st,AT_SPEED,flt,FALSE,up,TRUE,ig,0,o_pos,0,o_hw,0,o_i,NA,o_up,FALSE,why,NO_COG
[2026-09-19T17:36:54.300] Cog0  BM-TS,seq,3_378,tid,16,k,45,lt,FALSE,pos,-18,hw,-18,i,962,ph,2_432,d,18_596,e,-33,st,AT_SPEED,flt,FALSE,up,TRUE,ig,0,o_pos,0,o_hw,0,o_i,NA,o_up,FALSE,why,NO_COG
[2026-09-19T17:36:54.302] Cog0  BM-TS,seq,3_379,tid,16,k,46,lt,FALSE,pos,-18,hw,-18,i,914,ph,2_782,d,18_573,e,-50,st,AT_SPEED,flt,FALSE,up,TRUE,ig,0,o_pos,0,o_hw,0,o_i,NA,o_up,FALSE,why,NO_COG
[2026-09-19T17:36:54.303] Cog0  BM-TS,seq,3_380,tid,16,k,47,lt,FALSE,pos,-18,hw,-18,i,939,ph,2_480,d,18_634,e,-68,st,AT_SPEED,flt,FALSE,up,TRUE,ig,0,o_pos,0,o_hw,0,o_i,NA,o_up,FALSE,why,NO_COG
[2026-09-19T17:36:54.306] Cog0  BM-TS,seq,3_381,tid,16,k,48,lt,FALSE,pos,-19,hw,-19,i,880,ph,2_115,d,18_579,e,-43,st,AT_SPEED,flt,FALSE,up,TRUE,ig,0,o_pos,0,o_hw,0,o_i,NA,o_up,FALSE,why,NO_COG
[2026-09-19T17:36:54.308] Cog0  BM-TS,seq,3_382,tid,16,k,49,lt,FALSE,pos,-19,hw,-19,i,924,ph,2_077,d,18_586,e,-60,st,AT_SPEED,flt,FALSE,up,TRUE,ig,0,o_pos,0,o_hw,0,o_i,NA,o_up,FALSE,why,NO_COG
[2026-09-19T17:36:54.310] Cog0  BM-TS,seq,3_383,tid,16,k,50,lt,FALSE,pos,-20,hw,-20,i,1_156,ph,2_289,d,18_808,e,-117,st,AT_SPEED,flt,FALSE,up,TRUE,ig,0,o_pos,0,o_hw,0,o_i,NA,o_up,FALSE,why,NO_COG
[2026-09-19T17:36:54.312] Cog0  BM-TS,seq,3_384,tid,16,k,51,lt,FALSE,pos,-20,hw,-20,i,1_774,ph,2_290,d,19_248,e,-117,st,AT_SPEED,flt,FALSE,up,TRUE,ig,0,o_pos,0,o_hw,0,o_i,NA,o_up,FALSE,why,NO_COG
[2026-09-19T17:36:54.314] Cog0  BM-TS,seq,3_385,tid,16,k,52,lt,FALSE,pos,-20,hw,-20,i,2_436,ph,2_286,d,19_688,e,-117,st,AT_SPEED,flt,FALSE,up,TRUE,ig,0,o_pos,0,o_hw,0,o_i,NA,o_up,FALSE,why,NO_COG
[2026-09-19T17:36:54.316] Cog0  BM-TS,seq,3_386,tid,16,k,53,lt,FALSE,pos,-20,hw,-20,i,2_799,ph,2_294,d,20_128,e,-117,st,AT_SPEED,flt,FALSE,up,TRUE,ig,0,o_pos,0,o_hw,0,o_i,NA,o_up,FALSE,why,NO_COG
[2026-09-19T17:36:54.318] Cog0  BM-TS,seq,3_387,tid,16,k,54,lt,FALSE,pos,-21,hw,-21,i,2_841,ph,2_476,d,20_466,e,-83,st,AT_SPEED,flt,FALSE,up,TRUE,ig,0,o_pos,0,o_hw,0,o_i,NA,o_up,FALSE,why,NO_COG
[2026-09-19T17:36:54.320] Cog0  BM-TS,seq,3_388,tid,16,k,55,lt,FALSE,pos,-21,hw,-21,i,2_587,ph,2_801,d,20_723,e,-101,st,AT_SPEED,flt,FALSE,up,TRUE,ig,0,o_pos,0,o_hw,0,o_i,NA,o_up,FALSE,why,NO_COG
[2026-09-19T17:36:54.322] Cog0  BM-TS,seq,3_389,tid,16,k,56,lt,FALSE,pos,-21,hw,-21,i,2_815,ph,2_809,d,21_075,e,-101,st,AT_SPEED,flt,FALSE,up,TRUE,ig,0,o_pos,0,o_hw,0,o_i,NA,o_up,FALSE,why,NO_COG
[2026-09-19T17:36:54.324] Cog0  BM-TS,seq,3_390,tid,16,k,57,lt,FALSE,pos,-21,hw,-21,i,3_071,ph,2_791,d,21_427,e,-101,st,AT_SPEED,flt,FALSE,up,TRUE,ig,0,o_pos,0,o_hw,0,o_i,NA,o_up,FALSE,why,NO_COG
[2026-09-19T17:36:54.326] Cog0  BM-TS,seq,3_391,tid,16,k,58,lt,FALSE,pos,-21,hw,-21,i,52,ph,-88,d,21_779,e,-101,st,AT_SPEED,flt,FALSE,up,TRUE,ig,0,o_pos,0,o_hw,0,o_i,NA,o_up,FALSE,why,NO_COG
[2026-09-19T17:36:54.328] Cog0  BM-TS,seq,3_392,tid,16,k,59,lt,FALSE,pos,-21,hw,-21,i,32,ph,-82,d,22_131,e,-101,st,AT_SPEED,flt,FALSE,up,TRUE,ig,0,o_pos,0,o_hw,0,o_i,NA,o_up,FALSE,why,NO_COG
[2026-09-19T17:36:54.330] Cog0  BM-TS,seq,3_393,tid,16,k,60,lt,FALSE,pos,-21,hw,-21,i,1_567,ph,2_857,d,22_483,e,-101,st,AT_SPEED,flt,FALSE,up,TRUE,ig,0,o_pos,0,o_hw,0,o_i,NA,o_up,FALSE,why,NO_COG
[2026-09-19T17:36:54.332] Cog0  BM-TS,seq,3_394,tid,16,k,61,lt,FALSE,pos,-21,hw,-21,i,3_404,ph,2_827,d,22_835,e,-101,st,AT_SPEED,flt,FALSE,up,TRUE,ig,0,o_pos,0,o_hw,0,o_i,NA,o_up,FALSE,why,NO_COG
[2026-09-19T17:36:54.334] Cog0  BM-TS,seq,3_395,tid,16,k,62,lt,FALSE,pos,-21,hw,-21,i,3_667,ph,2_842,d,23_187,e,-101,st,AT_SPEED,flt,FALSE,up,TRUE,ig,0,o_pos,0,o_hw,0,o_i,NA,o_up,FALSE,why,NO_COG
[2026-09-19T17:36:54.336] Cog0  BM-TS,seq,3_396,tid,16,k,63,lt,FALSE,pos,-21,hw,-21,i,3_715,ph,2_842,d,23_539,e,-101,st,AT_SPEED,flt,FALSE,up,TRUE,ig,0,o_pos,0,o_hw,0,o_i,NA,o_up,FALSE,why,NO_COG
[2026-09-19T17:36:54.339] Cog0  BM-TS,seq,3_397,tid,16,k,64,lt,FALSE,pos,-21,hw,-21,i,3_742,ph,2_841,d,23_891,e,-101,st,AT_SPEED,flt,FALSE,up,TRUE,ig,0,o_pos,0,o_hw,0,o_i,NA,o_up,FALSE,why,NO_COG
[2026-09-19T17:36:54.341] Cog0  BM-TS,seq,3_398,tid,16,k,65,lt,FALSE,pos,-21,hw,-21,i,3_767,ph,2_854,d,24_243,e,-101,st,AT_SPEED,flt,FALSE,up,TRUE,ig,0,o_pos,0,o_hw,0,o_i,NA,o_up,FALSE,why,NO_COG
[2026-09-19T17:36:54.342] Cog0  BM-TS,seq,3_399,tid,16,k,66,lt,FALSE,pos,-21,hw,-21,i,3_772,ph,2_849,d,24_264,e,-101,st,AT_SPEED,flt,FALSE,up,TRUE,ig,0,o_pos,0,o_hw,0,o_i,NA,o_up,FALSE,why,NO_COG
[2026-09-19T17:36:54.345] Cog0  BM-TS,seq,3_400,tid,16,k,67,lt,FALSE,pos,-21,hw,-21,i,3_771,ph,2_849,d,24_264,e,-101,st,AT_SPEED,flt,FALSE,up,TRUE,ig,0,o_pos,0,o_hw,0,o_i,NA,o_up,FALSE,why,NO_COG
[2026-09-19T17:36:54.347] Cog0  BM-TS,seq,3_401,tid,16,k,68,lt,FALSE,pos,-21,hw,-21,i,3_771,ph,2_850,d,24_264,e,-101,st,AT_SPEED,flt,FALSE,up,TRUE,ig,0,o_pos,0,o_hw,0,o_i,NA,o_up,FALSE,why,NO_COG
[2026-09-19T17:36:54.349] Cog0  BM-TS,seq,3_402,tid,16,k,69,lt,FALSE,pos,-21,hw,-21,i,3_772,ph,2_853,d,24_264,e,-101,st,AT_SPEED,flt,FALSE,up,TRUE,ig,0,o_pos,0,o_hw,0,o_i,NA,o_up,FALSE,why,NO_COG
[2026-09-19T17:36:54.351] Cog0  BM-TS,seq,3_403,tid,16,k,70,lt,FALSE,pos,-21,hw,-21,i,3_772,ph,2_850,d,24_264,e,-101,st,AT_SPEED,flt,FALSE,up,TRUE,ig,0,o_pos,0,o_hw,0,o_i,NA,o_up,FALSE,why,NO_COG
[2026-09-19T17:36:54.353] Cog0  BM-TS,seq,3_404,tid,16,k,71,lt,FALSE,pos,-21,hw,-21,i,3_771,ph,2_847,d,24_264,e,-101,st,AT_SPEED,flt,FALSE,up,TRUE,ig,0,o_pos,0,o_hw,0,o_i,NA,o_up,FALSE,why,NO_COG
[2026-09-19T17:36:54.355] Cog0  BM-TS,seq,3_405,tid,16,k,72,lt,FALSE,pos,623,hw,-21,i,NA,ph,NA,d,NA,e,NA,st,UNKNOWN,flt,FALSE,up,FALSE,ig,0,o_pos,0,o_hw,0,o_i,NA,o_up,FALSE,why,NO_COG
[2026-09-19T17:36:54.369] Cog0  BM-TRACE-END,seq,3_406,tid,16,stored,73,emitted,73,ksum,2_628,mark_k,50,late,0,skipped,0,lost_head,0,dropped,0,end,ABORT,rest_k,NA,ig_sum,0,o_ig_sum,0,hw_skip,0,stride,1,why,NOT_REACHED
[2026-09-19T17:36:54.371] Cog0  BM-TRACE,seq,3_407,tid,17,seg,POSTFLT,life,8,motor,RIGHT,cause,ESTOP,incre,-73_500_000,off_neg,43,off_pos,317,req_mode,FLOAT,ramp_inc,22,period_us,2_000,decim,1,pre,50,why,NONE
[2026-09-19T17:36:54.373] Cog0  BM-TRACE-END,seq,3_408,tid,17,stored,0,emitted,0,ksum,0,mark_k,NA,late,NA,skipped,NA,lost_head,0,dropped,0,end,ABORT,rest_k,NA,ig_sum,0,o_ig_sum,0,hw_skip,0,stride,1,why,NO_COG
[2026-09-19T17:36:54.375] Cog0  BM-TRACE,seq,3_409,tid,18,seg,POSTFLT,life,8,motor,RIGHT,cause,ESTOP,incre,-73_500_000,off_neg,43,off_pos,317,req_mode,BRAKE,ramp_inc,22,period_us,2_000,decim,1,pre,50,why,NONE
[2026-09-19T17:36:54.377] Cog0  BM-TRACE-END,seq,3_410,tid,18,stored,0,emitted,0,ksum,0,mark_k,NA,late,NA,skipped,NA,lost_head,0,dropped,0,end,ABORT,rest_k,NA,ig_sum,0,o_ig_sum,0,hw_skip,0,stride,1,why,NO_COG
[2026-09-19T17:36:54.379] Cog0  BM-TRACE,seq,3_411,tid,19,seg,POSTFLT,life,8,motor,RIGHT,cause,ESTOP,incre,73_500_000,off_neg,43,off_pos,317,req_mode,FLOAT,ramp_inc,22,period_us,2_000,decim,1,pre,50,why,NONE
[2026-09-19T17:36:54.381] Cog0  BM-TRACE-END,seq,3_412,tid,19,stored,0,emitted,0,ksum,0,mark_k,NA,late,NA,skipped,NA,lost_head,0,dropped,0,end,ABORT,rest_k,NA,ig_sum,0,o_ig_sum,0,hw_skip,0,stride,1,why,NO_COG
[2026-09-19T17:36:54.383] Cog0  BM-TRACE,seq,3_413,tid,20,seg,POSTFLT,life,8,motor,RIGHT,cause,ESTOP,incre,73_500_000,off_neg,43,off_pos,317,req_mode,BRAKE,ramp_inc,22,period_us,2_000,decim,1,pre,50,why,NONE
[2026-09-19T17:36:54.392] Cog0  BM-TRACE-END,seq,3_414,tid,20,stored,0,emitted,0,ksum,0,mark_k,NA,late,NA,skipped,NA,lost_head,0,dropped,0,end,ABORT,rest_k,NA,ig_sum,0,o_ig_sum,0,hw_skip,0,stride,1,why,NO_COG
[2026-09-19T17:36:54.402] Cog0  BM-SEG,seq,3_415,seg,POSTFLT,event,END,attended,FALSE,items,12,faults,2,unrecov,0,ms,27_222,why,NONE
[2026-09-19T17:36:54.405] Cog0  BM-INST,seq,3_416,event,STOP,cog,2,state,EXITED,ack_ms,7,samples,24_127,late,0,skipped,0,max_late_us,0,clamps,0,why,NONE
[2026-09-19T17:36:54.407] Cog0  BM-LAG,seq,3_417,motor,LEFT,part,C,max_err,122,samples,11_709,lo,0,hi,124,hold,100,fault,125,sat,127,why,NONE
[2026-09-19T17:36:54.408] Cog0  BM-LAG,seq,3_418,motor,RIGHT,part,C,max_err,117,samples,11_674,lo,0,hi,124,hold,100,fault,125,sat,127,why,NONE
[2026-09-19T17:36:54.410] Cog0  SIGNOFF,sf,1,bin,DUAL,cell,R14-DUAL-NOSTALL-C,task,3508,motor,NONE,crit,ENDED_BY_COG0,measured,TRUE,lo,TRUE,hi,TRUE,units,BOOL,n,1,verdict,PASS
[2026-09-19T17:36:54.411] Cog0  SIGNOFF,sf,1,bin,DUAL,cell,R14-DUAL-DBGMASK-C,task,3508,motor,NONE,crit,QUIET_MASKS,measured,TRUE,lo,TRUE,hi,TRUE,units,BOOL,n,1,verdict,PASS
[2026-09-19T17:36:54.413] Cog0  SIGNOFF,sf,1,bin,DUAL,cell,R14-DUAL-TRACES-C,task,3508,motor,NONE,crit,TRACE_DATA_LOST,measured,0,lo,0,hi,0,units,COUNT,n,12,verdict,PASS
[2026-09-19T17:36:54.415] Cog0  SIGNOFF,sf,1,bin,DUAL,cell,R14-DUAL-RSTPROV-C,task,3508,motor,LEFT,crit,RESET_UNCLEARED,measured,0,lo,0,hi,0,units,COUNT,n,1,verdict,PASS
[2026-09-19T17:36:54.416] Cog0  SIGNOFF,sf,1,bin,DUAL,cell,R14-DUAL-OFFREST-C,task,3508,motor,LEFT,crit,OFFSETS_RESTORED,measured,TRUE,lo,TRUE,hi,TRUE,units,BOOL,n,1,verdict,PASS
[2026-09-19T17:36:54.418] Cog0  SIGNOFF,sf,1,bin,DUAL,cell,R16-DUAL-STPDECEL-C,task,3508,motor,LEFT,crit,STOP_TICKS_IN_BAND,measured,76,lo,60,hi,95,units,COUNT,n,1,verdict,PASS
[2026-09-19T17:36:54.419] Cog0  SIGNOFF,sf,1,bin,DUAL,cell,R17-DUAL-IDLEMOVE-C,task,3508,motor,LEFT,crit,IDLE_WHEEL_TICKS,measured,0,lo,0,hi,2,units,COUNT,n,6,verdict,PASS
[2026-09-19T17:36:54.421] Cog0  SIGNOFF,sf,1,bin,DUAL,cell,R17-DUAL-FLTSTOP-C,task,3508,motor,LEFT,crit,FLOAT_COASTS_MORE,measured,NA,lo,TRUE,hi,TRUE,units,BOOL,n,0,verdict,NOMEAS
[2026-09-19T17:36:54.423] Cog0  SIGNOFF,sf,1,bin,DUAL,cell,R14-DUAL-RSTPROV-C,task,3508,motor,RIGHT,crit,RESET_UNCLEARED,measured,0,lo,0,hi,0,units,COUNT,n,1,verdict,PASS
[2026-09-19T17:36:54.424] Cog0  SIGNOFF,sf,1,bin,DUAL,cell,R14-DUAL-OFFREST-C,task,3508,motor,RIGHT,crit,OFFSETS_RESTORED,measured,TRUE,lo,TRUE,hi,TRUE,units,BOOL,n,1,verdict,PASS
[2026-09-19T17:36:54.426] Cog0  SIGNOFF,sf,1,bin,DUAL,cell,R16-DUAL-STPDECEL-C,task,3508,motor,RIGHT,crit,STOP_TICKS_IN_BAND,measured,76,lo,60,hi,95,units,COUNT,n,1,verdict,PASS
[2026-09-19T17:36:54.427] Cog0  SIGNOFF,sf,1,bin,DUAL,cell,R17-DUAL-IDLEMOVE-C,task,3508,motor,RIGHT,crit,IDLE_WHEEL_TICKS,measured,0,lo,0,hi,2,units,COUNT,n,6,verdict,PASS
[2026-09-19T17:36:54.429] Cog0  SIGNOFF,sf,1,bin,DUAL,cell,R17-DUAL-FLTSTOP-C,task,3508,motor,RIGHT,crit,FLOAT_COASTS_MORE,measured,NA,lo,TRUE,hi,TRUE,units,BOOL,n,0,verdict,NOMEAS
[2026-09-19T17:36:54.431] Cog0  SIGNOFF,sf,1,bin,DUAL,cell,R16-DUAL-LAGBND-C,task,3508,motor,LEFT,crit,MAX_ABS_ERR,measured,122,lo,0,hi,124,units,COUNT,n,11_709,verdict,PASS
[2026-09-19T17:36:54.433] Cog0  SIGNOFF,sf,1,bin,DUAL,cell,R16-DUAL-LAGBND-C,task,3508,motor,RIGHT,crit,MAX_ABS_ERR,measured,117,lo,0,hi,124,units,COUNT,n,11_674,verdict,PASS
[2026-09-19T17:36:54.433] Cog0  BM-TRAP,seq,3_419,code,0,returned,TRUE
[2026-09-19T17:36:54.433] Cog0  BM-END,seq,3_420,exit,COMPLETE,part,C,segs,3,last_seg,POSTFLT,records,3_420,trap_code,0,unrecov,0,why,NONE
[2026-09-19T17:36:54.434] Cog0  DEBUG_END_SESSION

=== Debug Logger Session Ended at 2026-09-19T17:36:54.437 ===
