=== Debug Logger Session Started at 2026-09-15T13:55:28.015 ===
PNut-Term-TS: v1.0.8
Program: debug
=====================================

[2026-09-15T13:55:27.913] [SYSTEM] BAUD_RATE_SET 2000000 baud (preferences/default)

=== Session ended - Download Started at 2026-09-15T13:55:28.140 ===
=== Debug Logger Session Started at 2026-09-15T13:55:28.144 ===
PNut-Term-TS: v1.0.8
Program: debug
=====================================

[2026-09-15T13:55:28.141] [SYSTEM] [DOWNLOAD TO RAM] File: test_bench_dual.bin | Size: 54593 bytes | Modified: 2026-09-15T19:55:27.127Z
[2026-09-15T13:55:28.144] [SYSTEM] Download Session Started
[2026-09-15T13:55:29.604] [SYSTEM] [DOWNLOAD SUCCESS] test_bench_dual.bin successfully downloaded to RAM
[2026-09-15T13:55:29.620] Cog0  INIT $0000_0000 $0000_0000 load
[2026-09-15T13:55:29.620] Cog0  INIT $0000_0FA8 $0003_3814 jump
[2026-09-15T13:55:29.620] Cog1  INIT $0000_0FA8 $0003_2280 jump
[2026-09-15T13:55:29.621] Cog0  BM-WDSTART,seq,1,started,TRUE,cog,1
[2026-09-15T13:55:29.621] Cog0  BM-BANNER,seq,2,src_rev,6,fmt,1,part,B,cfg_id,BENCH,frame,MOTOR,clkfreq,270_000_000,left_base,32,right_base,16,voltage_enum,6,det_mode,30,motor_type,0,quiet,TRUE,mdbg,3,sdbg,3
[2026-09-15T13:55:29.622] Cog0  BM-BUILD,seq,3,sf,1,inst_hz,500,inst_ticks,540_000,ring,4_096,slongs,9,waitms_max,7_953,wd_stall_ms,4_000,abs_abort_mV,1_500,ladder_max,165_000_000,rwire_mohm,20,pack_mV,18_500,fault_cool_ms,5_000
[2026-09-15T13:55:29.623] Cog0  SIGNOFF-DECL,sf,1,bin,DUAL,cell,R14-DUAL-NOSTALL-B,task,3508
[2026-09-15T13:55:29.624] Cog0  SIGNOFF-DECL,sf,1,bin,DUAL,cell,R14-DUAL-DBGMASK-B,task,3508
[2026-09-15T13:55:29.625] Cog0  SIGNOFF-DECL,sf,1,bin,DUAL,cell,R14-DUAL-TRACES-B,task,3508
[2026-09-15T13:55:29.625] Cog0  SIGNOFF-DECL,sf,1,bin,DUAL,cell,R14-DUAL-RSTPROV-B,task,3508
[2026-09-15T13:55:29.626] Cog0  SIGNOFF-DECL,sf,1,bin,DUAL,cell,R14-DUAL-RAMPREST-B,task,3508
[2026-09-15T13:55:29.627] Cog0  BM-PLAN,seq,4,seg,PREFLT,order,1,attended,FALSE,part,B,finds,NONE,est_s,5,est_kb,2
[2026-09-15T13:55:29.628] Cog0  BM-PLAN,seq,5,seg,FAULTB,order,2,attended,FALSE,part,B,finds,C-5_Z_S-1,est_s,420,est_kb,1_960
[2026-09-15T13:55:29.629] Cog0  BM-PLAN,seq,6,seg,OVERSHT,order,3,attended,FALSE,part,B,finds,C-3,est_s,120,est_kb,400
[2026-09-15T13:55:29.629] Cog0  * PANIC PROCEDURE IS PHYSICAL BATTERY DISCONNECT ONLY -- emergencyCutoff() self-cancels in about 250 ms (finding S-4)
[2026-09-15T13:55:29.635] Cog2  INIT $0000_0FA8 $0003_03D0 jump
[2026-09-15T13:55:29.636] Cog0  BM-INST,seq,7,event,START,cog,2,state,IDLE,ack_ms,6,samples,0,late,0,skipped,0,max_late_us,0,clamps,0,why,NONE
[2026-09-15T13:55:29.653] Cog0  BM-SEG,seq,8,seg,PREFLT,event,BEGIN,attended,FALSE,items,0,faults,0,unrecov,0,ms,0,why,NONE
[2026-09-15T13:55:29.653] Cog3  INIT $0000_A582 $0003_26F7 load
[2026-09-15T13:55:30.729] Cog0  BM-START,seq,9,seg,PREFLT,motor,LEFT,life,1,cog_ret,3,cog_ok,TRUE,board,REV_B,board_enum,22,ready,TRUE,ready_ms,5,off_neg,43,off_pos,317,missed,0,illegal,0,zero_x10,80,ph_x10,183,why,NONE
[2026-09-15T13:55:31.630] Cog0  BM-PREFLT,seq,10,motor,LEFT,incre,18_375_000,ticks,18,hw_ticks,18,moved,TRUE,why,NONE
[2026-09-15T13:55:31.645] Cog3  INIT $0000_A582 $0003_2A1F load
[2026-09-15T13:55:32.721] Cog0  BM-START,seq,11,seg,PREFLT,motor,RIGHT,life,2,cog_ret,3,cog_ok,TRUE,board,REV_B,board_enum,22,ready,TRUE,ready_ms,5,off_neg,43,off_pos,317,missed,0,illegal,0,zero_x10,2,ph_x10,131,why,NONE
[2026-09-15T13:55:33.621] Cog0  BM-PREFLT,seq,12,motor,RIGHT,incre,18_375_000,ticks,18,hw_ticks,18,moved,TRUE,why,NONE
[2026-09-15T13:55:33.622] Cog0  BM-SEG,seq,13,seg,PREFLT,event,END,attended,FALSE,items,2,faults,0,unrecov,0,ms,3_984,why,NONE
[2026-09-15T13:55:33.624] Cog0  BM-SEG,seq,14,seg,FAULTB,event,BEGIN,attended,FALSE,items,0,faults,0,unrecov,0,ms,0,why,NONE
[2026-09-15T13:55:33.640] Cog3  INIT $0000_A582 $0003_26F7 load
[2026-09-15T13:55:34.714] Cog0  BM-START,seq,15,seg,FAULTB,motor,LEFT,life,3,cog_ret,3,cog_ok,TRUE,board,REV_B,board_enum,22,ready,TRUE,ready_ms,5,off_neg,43,off_pos,317,missed,0,illegal,0,zero_x10,81,ph_x10,179,why,NONE
[2026-09-15T13:55:36.843] Cog0  BM-RAMPREST,seq,16,motor,LEFT,min,1_500,max,200_000,inc,22,down,50_000,ok,TRUE,why,NONE
[2026-09-15T13:55:36.858] Cog0  BM-TRACE,seq,17,tid,1,seg,FAULTB,life,3,motor,LEFT,cause,RAMP,incre,-110_250_000,off_neg,43,off_pos,317,req_mode,FLOAT,ramp_inc,22,period_us,2_000,decim,1,pre,50,why,NONE
[2026-09-15T13:55:37.122] Cog0  BM-TS,seq,18,tid,1,k,0,lt,FALSE,pos,0,hw,0,i,8,ph,16,d,1_600,e,-13,st,STOPPED,flt,FALSE,up,TRUE,ig,0,o_pos,0,o_hw,0,o_i,NA,o_up,FALSE,why,NO_COG
[2026-09-15T13:55:37.124] Cog0  BM-TS,seq,19,tid,1,k,1,lt,FALSE,pos,0,hw,0,i,8,ph,17,d,1_600,e,-13,st,STOPPED,flt,FALSE,up,TRUE,ig,0,o_pos,0,o_hw,0,o_i,NA,o_up,FALSE,why,NO_COG
[2026-09-15T13:55:37.126] Cog0  BM-TS,seq,20,tid,1,k,2,lt,FALSE,pos,0,hw,0,i,8,ph,17,d,1_600,e,-13,st,STOPPED,flt,FALSE,up,TRUE,ig,0,o_pos,0,o_hw,0,o_i,NA,o_up,FALSE,why,NO_COG
[2026-09-15T13:55:37.127] Cog0  BM-TS,seq,21,tid,1,k,3,lt,FALSE,pos,0,hw,0,i,9,ph,15,d,1_600,e,-13,st,STOPPED,flt,FALSE,up,TRUE,ig,0,o_pos,0,o_hw,0,o_i,NA,o_up,FALSE,why,NO_COG
[2026-09-15T13:55:37.129] Cog0  BM-TS,seq,22,tid,1,k,4,lt,FALSE,pos,0,hw,0,i,10,ph,2_451,d,1_600,e,-1,st,SPIN_UP,flt,FALSE,up,TRUE,ig,0,o_pos,0,o_hw,0,o_i,NA,o_up,FALSE,why,NO_COG
[2026-09-15T13:55:37.131] Cog0  BM-TS,seq,23,tid,1,k,5,lt,FALSE,pos,0,hw,0,i,15,ph,2_453,d,1_600,e,-1,st,SPIN_UP,flt,FALSE,up,TRUE,ig,0,o_pos,0,o_hw,0,o_i,NA,o_up,FALSE,why,NO_COG
[2026-09-15T13:55:37.133] Cog0  BM-TS,seq,24,tid,1,k,6,lt,FALSE,pos,0,hw,0,i,15,ph,2_433,d,1_600,e,-1,st,SPIN_UP,flt,FALSE,up,TRUE,ig,0,o_pos,0,o_hw,0,o_i,NA,o_up,FALSE,why,NO_COG
[2026-09-15T13:55:37.135] Cog0  BM-TS,seq,25,tid,1,k,7,lt,FALSE,pos,0,hw,0,i,17,ph,2_438,d,1_600,e,-1,st,SPIN_UP,flt,FALSE,up,TRUE,ig,0,o_pos,0,o_hw,0,o_i,NA,o_up,FALSE,why,NO_COG
[2026-09-15T13:55:37.137] Cog0  BM-TS,seq,26,tid,1,k,8,lt,FALSE,pos,0,hw,0,i,17,ph,2_442,d,1_600,e,-1,st,SPIN_UP,flt,FALSE,up,TRUE,ig,0,o_pos,0,o_hw,0,o_i,NA,o_up,FALSE,why,NO_COG
[2026-09-15T13:55:37.138] Cog0  BM-TS,seq,27,tid,1,k,9,lt,FALSE,pos,0,hw,0,i,16,ph,2_439,d,1_600,e,-1,st,SPIN_UP,flt,FALSE,up,TRUE,ig,0,o_pos,0,o_hw,0,o_i,NA,o_up,FALSE,why,NO_COG
[2026-09-15T13:55:37.140] Cog0  BM-TS,seq,28,tid,1,k,10,lt,FALSE,pos,0,hw,0,i,17,ph,2_441,d,1_600,e,-1,st,SPIN_UP,flt,FALSE,up,TRUE,ig,0,o_pos,0,o_hw,0,o_i,NA,o_up,FALSE,why,NO_COG
[2026-09-15T13:55:37.142] Cog0  BM-TS,seq,29,tid,1,k,11,lt,FALSE,pos,0,hw,0,i,17,ph,2_432,d,1_600,e,-1,st,SPIN_UP,flt,FALSE,up,TRUE,ig,0,o_pos,0,o_hw,0,o_i,NA,o_up,FALSE,why,NO_COG
[2026-09-15T13:55:37.144] Cog0  BM-TS,seq,30,tid,1,k,12,lt,FALSE,pos,0,hw,0,i,17,ph,2_439,d,1_600,e,-1,st,SPIN_UP,flt,FALSE,up,TRUE,ig,0,o_pos,0,o_hw,0,o_i,NA,o_up,FALSE,why,NO_COG
[2026-09-15T13:55:37.146] Cog0  BM-TS,seq,31,tid,1,k,13,lt,FALSE,pos,0,hw,0,i,15,ph,2_437,d,1_600,e,-1,st,SPIN_UP,flt,FALSE,up,TRUE,ig,0,o_pos,0,o_hw,0,o_i,NA,o_up,FALSE,why,NO_COG
[2026-09-15T13:55:37.148] Cog0  BM-TS,seq,32,tid,1,k,14,lt,FALSE,pos,0,hw,0,i,16,ph,2_439,d,1_600,e,-1,st,SPIN_UP,flt,FALSE,up,TRUE,ig,0,o_pos,0,o_hw,0,o_i,NA,o_up,FALSE,why,NO_COG
[2026-09-15T13:55:37.150] Cog0  BM-TS,seq,33,tid,1,k,15,lt,FALSE,pos,0,hw,0,i,17,ph,2_441,d,1_600,e,-1,st,SPIN_UP,flt,FALSE,up,TRUE,ig,0,o_pos,0,o_hw,0,o_i,NA,o_up,FALSE,why,NO_COG
[2026-09-15T13:55:37.152] Cog0  BM-TS,seq,34,tid,1,k,16,lt,FALSE,pos,0,hw,0,i,15,ph,2_428,d,1_600,e,-1,st,SPIN_UP,flt,FALSE,up,TRUE,ig,0,o_pos,0,o_hw,0,o_i,NA,o_up,FALSE,why,NO_COG
[2026-09-15T13:55:37.154] Cog0  BM-TS,seq,35,tid,1,k,17,lt,FALSE,pos,0,hw,0,i,15,ph,2_433,d,1_600,e,-1,st,SPIN_UP,flt,FALSE,up,TRUE,ig,0,o_pos,0,o_hw,0,o_i,NA,o_up,FALSE,why,NO_COG
[2026-09-15T13:55:37.156] Cog0  BM-TS,seq,36,tid,1,k,18,lt,FALSE,pos,0,hw,0,i,15,ph,2_438,d,1_600,e,-1,st,SPIN_UP,flt,FALSE,up,TRUE,ig,0,o_pos,0,o_hw,0,o_i,NA,o_up,FALSE,why,NO_COG
[2026-09-15T13:55:37.157] Cog0  BM-TS,seq,37,tid,1,k,19,lt,FALSE,pos,0,hw,0,i,17,ph,2_441,d,1_600,e,-1,st,SPIN_UP,flt,FALSE,up,TRUE,ig,0,o_pos,0,o_hw,0,o_i,NA,o_up,FALSE,why,NO_COG
[2026-09-15T13:55:37.159] Cog0  BM-TS,seq,38,tid,1,k,20,lt,FALSE,pos,0,hw,0,i,14,ph,2_438,d,1_600,e,-1,st,SPIN_UP,flt,FALSE,up,TRUE,ig,0,o_pos,0,o_hw,0,o_i,NA,o_up,FALSE,why,NO_COG
[2026-09-15T13:55:37.160] Cog0  BM-TS,seq,39,tid,1,k,21,lt,FALSE,pos,0,hw,0,i,16,ph,2_440,d,1_600,e,-1,st,SPIN_UP,flt,FALSE,up,TRUE,ig,0,o_pos,0,o_hw,0,o_i,NA,o_up,FALSE,why,NO_COG
[2026-09-15T13:55:37.163] Cog0  BM-TS,seq,40,tid,1,k,22,lt,FALSE,pos,0,hw,0,i,18,ph,2_442,d,1_600,e,-1,st,SPIN_UP,flt,FALSE,up,TRUE,ig,0,o_pos,0,o_hw,0,o_i,NA,o_up,FALSE,why,NO_COG
[2026-09-15T13:55:37.165] Cog0  BM-TS,seq,41,tid,1,k,23,lt,FALSE,pos,0,hw,0,i,15,ph,2_436,d,1_600,e,-1,st,SPIN_UP,flt,FALSE,up,TRUE,ig,0,o_pos,0,o_hw,0,o_i,NA,o_up,FALSE,why,NO_COG
[2026-09-15T13:55:37.167] Cog0  BM-TS,seq,42,tid,1,k,24,lt,FALSE,pos,0,hw,0,i,17,ph,2_430,d,1_600,e,-1,st,SPIN_UP,flt,FALSE,up,TRUE,ig,0,o_pos,0,o_hw,0,o_i,NA,o_up,FALSE,why,NO_COG
[2026-09-15T13:55:37.169] Cog0  BM-TS,seq,43,tid,1,k,25,lt,FALSE,pos,0,hw,0,i,14,ph,2_430,d,1_600,e,-1,st,SPIN_UP,flt,FALSE,up,TRUE,ig,0,o_pos,0,o_hw,0,o_i,NA,o_up,FALSE,why,NO_COG
[2026-09-15T13:55:37.170] Cog0  BM-TS,seq,44,tid,1,k,26,lt,FALSE,pos,0,hw,0,i,15,ph,2_431,d,1_600,e,-1,st,SPIN_UP,flt,FALSE,up,TRUE,ig,0,o_pos,0,o_hw,0,o_i,NA,o_up,FALSE,why,NO_COG
[2026-09-15T13:55:37.173] Cog0  BM-TS,seq,45,tid,1,k,27,lt,FALSE,pos,0,hw,0,i,17,ph,2_430,d,1_600,e,-1,st,SPIN_UP,flt,FALSE,up,TRUE,ig,0,o_pos,0,o_hw,0,o_i,NA,o_up,FALSE,why,NO_COG
[2026-09-15T13:55:37.174] Cog0  BM-TS,seq,46,tid,1,k,28,lt,FALSE,pos,0,hw,0,i,16,ph,2_446,d,1_600,e,-1,st,SPIN_UP,flt,FALSE,up,TRUE,ig,0,o_pos,0,o_hw,0,o_i,NA,o_up,FALSE,why,NO_COG
[2026-09-15T13:55:37.176] Cog0  BM-TS,seq,47,tid,1,k,29,lt,FALSE,pos,0,hw,0,i,15,ph,2_444,d,1_600,e,-1,st,SPIN_UP,flt,FALSE,up,TRUE,ig,0,o_pos,0,o_hw,0,o_i,NA,o_up,FALSE,why,NO_COG
[2026-09-15T13:55:37.178] Cog0  BM-TS,seq,48,tid,1,k,30,lt,FALSE,pos,0,hw,0,i,16,ph,2_442,d,1_600,e,-1,st,SPIN_UP,flt,FALSE,up,TRUE,ig,0,o_pos,0,o_hw,0,o_i,NA,o_up,FALSE,why,NO_COG
[2026-09-15T13:55:37.180] Cog0  BM-TS,seq,49,tid,1,k,31,lt,FALSE,pos,0,hw,0,i,16,ph,2_442,d,1_600,e,-1,st,SPIN_UP,flt,FALSE,up,TRUE,ig,0,o_pos,0,o_hw,0,o_i,NA,o_up,FALSE,why,NO_COG
[2026-09-15T13:55:37.182] Cog0  BM-TS,seq,50,tid,1,k,32,lt,FALSE,pos,0,hw,0,i,13,ph,2_431,d,1_600,e,-1,st,SPIN_UP,flt,FALSE,up,TRUE,ig,0,o_pos,0,o_hw,0,o_i,NA,o_up,FALSE,why,NO_COG
[2026-09-15T13:55:37.184] Cog0  BM-TS,seq,51,tid,1,k,33,lt,FALSE,pos,0,hw,0,i,15,ph,2_431,d,1_600,e,-1,st,SPIN_UP,flt,FALSE,up,TRUE,ig,0,o_pos,0,o_hw,0,o_i,NA,o_up,FALSE,why,NO_COG
[2026-09-15T13:55:37.185] Cog0  BM-TS,seq,52,tid,1,k,34,lt,FALSE,pos,0,hw,0,i,17,ph,2_445,d,1_600,e,-1,st,SPIN_UP,flt,FALSE,up,TRUE,ig,0,o_pos,0,o_hw,0,o_i,NA,o_up,FALSE,why,NO_COG
[2026-09-15T13:55:37.188] Cog0  BM-TS,seq,53,tid,1,k,35,lt,FALSE,pos,0,hw,0,i,18,ph,2_446,d,1_600,e,-2,st,SPIN_UP,flt,FALSE,up,TRUE,ig,0,o_pos,0,o_hw,0,o_i,NA,o_up,FALSE,why,NO_COG
[2026-09-15T13:55:37.189] Cog0  BM-TS,seq,54,tid,1,k,36,lt,FALSE,pos,0,hw,0,i,16,ph,2_452,d,1_600,e,-2,st,SPIN_UP,flt,FALSE,up,TRUE,ig,0,o_pos,0,o_hw,0,o_i,NA,o_up,FALSE,why,NO_COG
[2026-09-15T13:55:37.191] Cog0  BM-TS,seq,55,tid,1,k,37,lt,FALSE,pos,0,hw,0,i,15,ph,2_434,d,1_600,e,-2,st,SPIN_UP,flt,FALSE,up,TRUE,ig,0,o_pos,0,o_hw,0,o_i,NA,o_up,FALSE,why,NO_COG
[2026-09-15T13:55:37.193] Cog0  BM-TS,seq,56,tid,1,k,38,lt,FALSE,pos,0,hw,0,i,16,ph,2_444,d,1_600,e,-2,st,SPIN_UP,flt,FALSE,up,TRUE,ig,0,o_pos,0,o_hw,0,o_i,NA,o_up,FALSE,why,NO_COG
[2026-09-15T13:55:37.195] Cog0  BM-TS,seq,57,tid,1,k,39,lt,FALSE,pos,0,hw,0,i,17,ph,2_442,d,1_600,e,-2,st,SPIN_UP,flt,FALSE,up,TRUE,ig,0,o_pos,0,o_hw,0,o_i,NA,o_up,FALSE,why,NO_COG
[2026-09-15T13:55:37.197] Cog0  BM-TS,seq,58,tid,1,k,40,lt,FALSE,pos,0,hw,0,i,17,ph,2_444,d,1_600,e,-2,st,SPIN_UP,flt,FALSE,up,TRUE,ig,0,o_pos,0,o_hw,0,o_i,NA,o_up,FALSE,why,NO_COG
[2026-09-15T13:55:37.199] Cog0  BM-TS,seq,59,tid,1,k,41,lt,FALSE,pos,0,hw,0,i,16,ph,2_442,d,1_600,e,-2,st,SPIN_UP,flt,FALSE,up,TRUE,ig,0,o_pos,0,o_hw,0,o_i,NA,o_up,FALSE,why,NO_COG
[2026-09-15T13:55:37.201] Cog0  BM-TS,seq,60,tid,1,k,42,lt,FALSE,pos,0,hw,0,i,14,ph,2_435,d,1_600,e,-2,st,SPIN_UP,flt,FALSE,up,TRUE,ig,0,o_pos,0,o_hw,0,o_i,NA,o_up,FALSE,why,NO_COG
[2026-09-15T13:55:37.203] Cog0  BM-TS,seq,61,tid,1,k,43,lt,FALSE,pos,0,hw,0,i,15,ph,2_434,d,1_600,e,-2,st,SPIN_UP,flt,FALSE,up,TRUE,ig,0,o_pos,0,o_hw,0,o_i,NA,o_up,FALSE,why,NO_COG
[2026-09-15T13:55:37.204] Cog0  BM-TS,seq,62,tid,1,k,44,lt,FALSE,pos,0,hw,0,i,16,ph,2_439,d,1_600,e,-2,st,SPIN_UP,flt,FALSE,up,TRUE,ig,0,o_pos,0,o_hw,0,o_i,NA,o_up,FALSE,why,NO_COG
[2026-09-15T13:55:37.206] Cog0  BM-TS,seq,63,tid,1,k,45,lt,FALSE,pos,0,hw,0,i,15,ph,2_443,d,1_600,e,-2,st,SPIN_UP,flt,FALSE,up,TRUE,ig,0,o_pos,0,o_hw,0,o_i,NA,o_up,FALSE,why,NO_COG
[2026-09-15T13:55:37.208] Cog0  BM-TS,seq,64,tid,1,k,46,lt,FALSE,pos,0,hw,0,i,17,ph,2_446,d,1_600,e,-3,st,SPIN_UP,flt,FALSE,up,TRUE,ig,0,o_pos,0,o_hw,0,o_i,NA,o_up,FALSE,why,NO_COG
[2026-09-15T13:55:37.210] Cog0  BM-TS,seq,65,tid,1,k,47,lt,FALSE,pos,0,hw,0,i,17,ph,2_441,d,1_600,e,-3,st,SPIN_UP,flt,FALSE,up,TRUE,ig,0,o_pos,0,o_hw,0,o_i,NA,o_up,FALSE,why,NO_COG
[2026-09-15T13:55:37.212] Cog0  BM-TS,seq,66,tid,1,k,48,lt,FALSE,pos,0,hw,0,i,17,ph,2_447,d,1_600,e,-3,st,SPIN_UP,flt,FALSE,up,TRUE,ig,0,o_pos,0,o_hw,0,o_i,NA,o_up,FALSE,why,NO_COG
[2026-09-15T13:55:37.214] Cog0  BM-TS,seq,67,tid,1,k,49,lt,FALSE,pos,0,hw,0,i,18,ph,2_448,d,1_600,e,-3,st,SPIN_UP,flt,FALSE,up,TRUE,ig,0,o_pos,0,o_hw,0,o_i,NA,o_up,FALSE,why,NO_COG
[2026-09-15T13:55:37.216] Cog0  BM-TS,seq,68,tid,1,k,50,lt,FALSE,pos,0,hw,0,i,16,ph,2_443,d,1_600,e,-3,st,SPIN_UP,flt,FALSE,up,TRUE,ig,0,o_pos,0,o_hw,0,o_i,NA,o_up,FALSE,why,NO_COG
[2026-09-15T13:55:37.218] Cog0  BM-TS,seq,69,tid,1,k,51,lt,FALSE,pos,0,hw,0,i,14,ph,2_450,d,1_600,e,-3,st,SPIN_UP,flt,FALSE,up,TRUE,ig,0,o_pos,0,o_hw,0,o_i,NA,o_up,FALSE,why,NO_COG
[2026-09-15T13:55:37.218] Cog0  BM-TS,seq,70,tid,1,k,52,lt,FALSE,pos,0,hw,0,i,16,ph,2_445,d,1_600,e,-3,st,SPIN_UP,flt,FALSE,up,TRUE,ig,0,o_pos,0,o_hw,0,o_i,NA,o_up,FALSE,why,NO_COG
[2026-09-15T13:55:37.221] Cog0  BM-TS,seq,71,tid,1,k,53,lt,FALSE,pos,0,hw,0,i,15,ph,2_443,d,1_600,e,-4,st,SPIN_UP,flt,FALSE,up,TRUE,ig,0,o_pos,0,o_hw,0,o_i,NA,o_up,FALSE,why,NO_COG
[2026-09-15T13:55:37.223] Cog0  BM-TS,seq,72,tid,1,k,54,lt,FALSE,pos,0,hw,0,i,16,ph,2_441,d,1_600,e,-4,st,SPIN_UP,flt,FALSE,up,TRUE,ig,0,o_pos,0,o_hw,0,o_i,NA,o_up,FALSE,why,NO_COG
[2026-09-15T13:55:37.225] Cog0  BM-TS,seq,73,tid,1,k,55,lt,FALSE,pos,0,hw,0,i,16,ph,2_447,d,1_600,e,-4,st,SPIN_UP,flt,FALSE,up,TRUE,ig,0,o_pos,0,o_hw,0,o_i,NA,o_up,FALSE,why,NO_COG
[2026-09-15T13:55:37.227] Cog0  BM-TS,seq,74,tid,1,k,56,lt,FALSE,pos,0,hw,0,i,18,ph,2_455,d,1_600,e,-4,st,SPIN_UP,flt,FALSE,up,TRUE,ig,0,o_pos,0,o_hw,0,o_i,NA,o_up,FALSE,why,NO_COG
[2026-09-15T13:55:37.229] Cog0  BM-TS,seq,75,tid,1,k,57,lt,FALSE,pos,0,hw,0,i,19,ph,2_455,d,1_600,e,-4,st,SPIN_UP,flt,FALSE,up,TRUE,ig,0,o_pos,0,o_hw,0,o_i,NA,o_up,FALSE,why,NO_COG
[2026-09-15T13:55:37.231] Cog0  BM-TS,seq,76,tid,1,k,58,lt,FALSE,pos,0,hw,0,i,16,ph,2_444,d,1_600,e,-4,st,SPIN_UP,flt,FALSE,up,TRUE,ig,0,o_pos,0,o_hw,0,o_i,NA,o_up,FALSE,why,NO_COG
[2026-09-15T13:55:37.233] Cog0  BM-TS,seq,77,tid,1,k,59,lt,FALSE,pos,0,hw,0,i,18,ph,2_456,d,1_600,e,-5,st,SPIN_UP,flt,FALSE,up,TRUE,ig,0,o_pos,0,o_hw,0,o_i,NA,o_up,FALSE,why,NO_COG
[2026-09-15T13:55:37.235] Cog0  BM-TS,seq,78,tid,1,k,60,lt,FALSE,pos,0,hw,0,i,17,ph,2_449,d,1_600,e,-5,st,SPIN_UP,flt,FALSE,up,TRUE,ig,0,o_pos,0,o_hw,0,o_i,NA,o_up,FALSE,why,NO_COG
[2026-09-15T13:55:37.236] Cog0  BM-TS,seq,79,tid,1,k,61,lt,FALSE,pos,0,hw,0,i,16,ph,2_449,d,1_600,e,-5,st,SPIN_UP,flt,FALSE,up,TRUE,ig,0,o_pos,0,o_hw,0,o_i,NA,o_up,FALSE,why,NO_COG
[2026-09-15T13:55:37.238] Cog0  BM-TS,seq,80,tid,1,k,62,lt,FALSE,pos,0,hw,0,i,19,ph,2_454,d,1_600,e,-5,st,SPIN_UP,flt,FALSE,up,TRUE,ig,0,o_pos,0,o_hw,0,o_i,NA,o_up,FALSE,why,NO_COG
[2026-09-15T13:55:37.240] Cog0  BM-TS,seq,81,tid,1,k,63,lt,FALSE,pos,0,hw,0,i,18,ph,2_452,d,1_600,e,-5,st,SPIN_UP,flt,FALSE,up,TRUE,ig,0,o_pos,0,o_hw,0,o_i,NA,o_up,FALSE,why,NO_COG
[2026-09-15T13:55:37.242] Cog0  BM-TS,seq,82,tid,1,k,64,lt,FALSE,pos,0,hw,0,i,17,ph,2_457,d,1_600,e,-6,st,SPIN_UP,flt,FALSE,up,TRUE,ig,0,o_pos,0,o_hw,0,o_i,NA,o_up,FALSE,why,NO_COG
[2026-09-15T13:55:37.244] Cog0  BM-TS,seq,83,tid,1,k,65,lt,FALSE,pos,0,hw,0,i,18,ph,2_459,d,1_600,e,-6,st,SPIN_UP,flt,FALSE,up,TRUE,ig,0,o_pos,0,o_hw,0,o_i,NA,o_up,FALSE,why,NO_COG
[2026-09-15T13:55:37.246] Cog0  BM-TS,seq,84,tid,1,k,66,lt,FALSE,pos,0,hw,0,i,17,ph,2_453,d,1_600,e,-6,st,SPIN_UP,flt,FALSE,up,TRUE,ig,0,o_pos,0,o_hw,0,o_i,NA,o_up,FALSE,why,NO_COG
[2026-09-15T13:55:37.248] Cog0  BM-TS,seq,85,tid,1,k,67,lt,FALSE,pos,0,hw,0,i,19,ph,2_458,d,1_600,e,-6,st,SPIN_UP,flt,FALSE,up,TRUE,ig,0,o_pos,0,o_hw,0,o_i,NA,o_up,FALSE,why,NO_COG
[2026-09-15T13:55:37.250] Cog0  BM-TS,seq,86,tid,1,k,68,lt,FALSE,pos,0,hw,0,i,17,ph,2_442,d,1_600,e,-6,st,SPIN_UP,flt,FALSE,up,TRUE,ig,0,o_pos,0,o_hw,0,o_i,NA,o_up,FALSE,why,NO_COG
[2026-09-15T13:55:37.251] Cog0  BM-TS,seq,87,tid,1,k,69,lt,FALSE,pos,0,hw,0,i,17,ph,2_449,d,1_600,e,-7,st,SPIN_UP,flt,FALSE,up,TRUE,ig,0,o_pos,0,o_hw,0,o_i,NA,o_up,FALSE,why,NO_COG
[2026-09-15T13:55:37.253] Cog0  BM-TS,seq,88,tid,1,k,70,lt,FALSE,pos,0,hw,0,i,19,ph,2_456,d,1_600,e,-7,st,SPIN_UP,flt,FALSE,up,TRUE,ig,0,o_pos,0,o_hw,0,o_i,NA,o_up,FALSE,why,NO_COG
[2026-09-15T13:55:37.255] Cog0  BM-TS,seq,89,tid,1,k,71,lt,FALSE,pos,0,hw,0,i,17,ph,2_455,d,1_600,e,-7,st,SPIN_UP,flt,FALSE,up,TRUE,ig,0,o_pos,0,o_hw,0,o_i,NA,o_up,FALSE,why,NO_COG
[2026-09-15T13:55:37.257] Cog0  BM-TS,seq,90,tid,1,k,72,lt,FALSE,pos,0,hw,0,i,16,ph,2_443,d,1_600,e,-7,st,SPIN_UP,flt,FALSE,up,TRUE,ig,0,o_pos,0,o_hw,0,o_i,NA,o_up,FALSE,why,NO_COG
[2026-09-15T13:55:37.259] Cog0  BM-TS,seq,91,tid,1,k,73,lt,FALSE,pos,0,hw,0,i,17,ph,2_454,d,1_600,e,-8,st,SPIN_UP,flt,FALSE,up,TRUE,ig,0,o_pos,0,o_hw,0,o_i,NA,o_up,FALSE,why,NO_COG
[2026-09-15T13:55:37.261] Cog0  BM-TS,seq,92,tid,1,k,74,lt,FALSE,pos,0,hw,0,i,17,ph,2_452,d,1_600,e,-8,st,SPIN_UP,flt,FALSE,up,TRUE,ig,0,o_pos,0,o_hw,0,o_i,NA,o_up,FALSE,why,NO_COG
[2026-09-15T13:55:37.263] Cog0  BM-TS,seq,93,tid,1,k,75,lt,FALSE,pos,0,hw,0,i,18,ph,2_462,d,1_600,e,-8,st,SPIN_UP,flt,FALSE,up,TRUE,ig,0,o_pos,0,o_hw,0,o_i,NA,o_up,FALSE,why,NO_COG
[2026-09-15T13:55:37.265] Cog0  BM-TS,seq,94,tid,1,k,76,lt,FALSE,pos,0,hw,0,i,16,ph,2_455,d,1_600,e,-9,st,SPIN_UP,flt,FALSE,up,TRUE,ig,0,o_pos,0,o_hw,0,o_i,NA,o_up,FALSE,why,NO_COG
[2026-09-15T13:55:37.266] Cog0  BM-TS,seq,95,tid,1,k,77,lt,FALSE,pos,0,hw,0,i,16,ph,2_441,d,1_600,e,-9,st,SPIN_UP,flt,FALSE,up,TRUE,ig,0,o_pos,0,o_hw,0,o_i,NA,o_up,FALSE,why,NO_COG
[2026-09-15T13:55:37.268] Cog0  BM-TS,seq,96,tid,1,k,78,lt,FALSE,pos,0,hw,0,i,17,ph,2_455,d,1_600,e,-9,st,SPIN_UP,flt,FALSE,up,TRUE,ig,0,o_pos,0,o_hw,0,o_i,NA,o_up,FALSE,why,NO_COG
[2026-09-15T13:55:37.270] Cog0  BM-TS,seq,97,tid,1,k,79,lt,FALSE,pos,0,hw,0,i,18,ph,2_458,d,1_600,e,-9,st,SPIN_UP,flt,FALSE,up,TRUE,ig,0,o_pos,0,o_hw,0,o_i,NA,o_up,FALSE,why,NO_COG
[2026-09-15T13:55:37.272] Cog0  BM-TS,seq,98,tid,1,k,80,lt,FALSE,pos,0,hw,0,i,18,ph,2_462,d,1_600,e,-10,st,SPIN_UP,flt,FALSE,up,TRUE,ig,0,o_pos,0,o_hw,0,o_i,NA,o_up,FALSE,why,NO_COG
[2026-09-15T13:55:37.273] Cog0  BM-TS,seq,99,tid,1,k,81,lt,FALSE,pos,0,hw,0,i,15,ph,2_458,d,1_600,e,-10,st,SPIN_UP,flt,FALSE,up,TRUE,ig,0,o_pos,0,o_hw,0,o_i,NA,o_up,FALSE,why,NO_COG
[2026-09-15T13:55:37.276] Cog0  BM-TS,seq,100,tid,1,k,82,lt,FALSE,pos,0,hw,0,i,16,ph,2_455,d,1_600,e,-10,st,SPIN_UP,flt,FALSE,up,TRUE,ig,0,o_pos,0,o_hw,0,o_i,NA,o_up,FALSE,why,NO_COG
[2026-09-15T13:55:37.278] Cog0  BM-TS,seq,101,tid,1,k,83,lt,FALSE,pos,0,hw,0,i,16,ph,2_454,d,1_600,e,-11,st,SPIN_UP,flt,FALSE,up,TRUE,ig,0,o_pos,0,o_hw,0,o_i,NA,o_up,FALSE,why,NO_COG
[2026-09-15T13:55:37.280] Cog0  BM-TS,seq,102,tid,1,k,84,lt,FALSE,pos,0,hw,0,i,17,ph,2_453,d,1_600,e,-11,st,SPIN_UP,flt,FALSE,up,TRUE,ig,0,o_pos,0,o_hw,0,o_i,NA,o_up,FALSE,why,NO_COG
[2026-09-15T13:55:37.282] Cog0  BM-TS,seq,103,tid,1,k,85,lt,FALSE,pos,0,hw,0,i,15,ph,2_445,d,1_600,e,-11,st,SPIN_UP,flt,FALSE,up,TRUE,ig,0,o_pos,0,o_hw,0,o_i,NA,o_up,FALSE,why,NO_COG
[2026-09-15T13:55:37.284] Cog0  BM-TS,seq,104,tid,1,k,86,lt,FALSE,pos,0,hw,0,i,17,ph,2_453,d,1_600,e,-12,st,SPIN_UP,flt,FALSE,up,TRUE,ig,0,o_pos,0,o_hw,0,o_i,NA,o_up,FALSE,why,NO_COG
[2026-09-15T13:55:37.286] Cog0  BM-TS,seq,105,tid,1,k,87,lt,FALSE,pos,0,hw,0,i,17,ph,2_448,d,1_600,e,-12,st,SPIN_UP,flt,FALSE,up,TRUE,ig,0,o_pos,0,o_hw,0,o_i,NA,o_up,FALSE,why,NO_COG
[2026-09-15T13:55:37.287] Cog0  BM-TS,seq,106,tid,1,k,88,lt,FALSE,pos,0,hw,0,i,17,ph,2_451,d,1_600,e,-12,st,SPIN_UP,flt,FALSE,up,TRUE,ig,0,o_pos,0,o_hw,0,o_i,NA,o_up,FALSE,why,NO_COG
[2026-09-15T13:55:37.289] Cog0  BM-TS,seq,107,tid,1,k,89,lt,FALSE,pos,0,hw,0,i,15,ph,2_452,d,1_600,e,-13,st,SPIN_UP,flt,FALSE,up,TRUE,ig,0,o_pos,0,o_hw,0,o_i,NA,o_up,FALSE,why,NO_COG
[2026-09-15T13:55:37.291] Cog0  BM-TS,seq,108,tid,1,k,90,lt,FALSE,pos,0,hw,0,i,14,ph,2_437,d,1_600,e,-13,st,SPIN_UP,flt,FALSE,up,TRUE,ig,0,o_pos,0,o_hw,0,o_i,NA,o_up,FALSE,why,NO_COG
[2026-09-15T13:55:37.293] Cog0  BM-TS,seq,109,tid,1,k,91,lt,FALSE,pos,0,hw,0,i,17,ph,2_449,d,1_600,e,-14,st,SPIN_UP,flt,FALSE,up,TRUE,ig,0,o_pos,0,o_hw,0,o_i,NA,o_up,FALSE,why,NO_COG
[2026-09-15T13:55:37.295] Cog0  BM-TS,seq,110,tid,1,k,92,lt,FALSE,pos,0,hw,0,i,17,ph,2_451,d,1_600,e,-14,st,SPIN_UP,flt,FALSE,up,TRUE,ig,0,o_pos,0,o_hw,0,o_i,NA,o_up,FALSE,why,NO_COG
[2026-09-15T13:55:37.297] Cog0  BM-TS,seq,111,tid,1,k,93,lt,FALSE,pos,0,hw,0,i,17,ph,2_447,d,1_600,e,-14,st,SPIN_UP,flt,FALSE,up,TRUE,ig,0,o_pos,0,o_hw,0,o_i,NA,o_up,FALSE,why,NO_COG
[2026-09-15T13:55:37.299] Cog0  BM-TS,seq,112,tid,1,k,94,lt,FALSE,pos,0,hw,0,i,15,ph,2_445,d,1_600,e,-15,st,SPIN_UP,flt,FALSE,up,TRUE,ig,0,o_pos,0,o_hw,0,o_i,NA,o_up,FALSE,why,NO_COG
[2026-09-15T13:55:37.301] Cog0  BM-TS,seq,113,tid,1,k,95,lt,FALSE,pos,0,hw,0,i,15,ph,2_446,d,1_600,e,-15,st,SPIN_UP,flt,FALSE,up,TRUE,ig,0,o_pos,0,o_hw,0,o_i,NA,o_up,FALSE,why,NO_COG
[2026-09-15T13:55:37.303] Cog0  BM-TS,seq,114,tid,1,k,96,lt,FALSE,pos,0,hw,0,i,15,ph,2_448,d,1_600,e,-16,st,SPIN_UP,flt,FALSE,up,TRUE,ig,0,o_pos,0,o_hw,0,o_i,NA,o_up,FALSE,why,NO_COG
[2026-09-15T13:55:37.304] Cog0  BM-TS,seq,115,tid,1,k,97,lt,FALSE,pos,0,hw,0,i,19,ph,2_454,d,1_600,e,-16,st,SPIN_UP,flt,FALSE,up,TRUE,ig,0,o_pos,0,o_hw,0,o_i,NA,o_up,FALSE,why,NO_COG
[2026-09-15T13:55:37.307] Cog0  BM-TS,seq,116,tid,1,k,98,lt,FALSE,pos,0,hw,0,i,17,ph,2_447,d,1_600,e,-17,st,SPIN_UP,flt,FALSE,up,TRUE,ig,0,o_pos,0,o_hw,0,o_i,NA,o_up,FALSE,why,NO_COG
[2026-09-15T13:55:37.308] Cog0  BM-TS,seq,117,tid,1,k,99,lt,FALSE,pos,0,hw,0,i,17,ph,2_452,d,1_600,e,-17,st,SPIN_UP,flt,FALSE,up,TRUE,ig,0,o_pos,0,o_hw,0,o_i,NA,o_up,FALSE,why,NO_COG
[2026-09-15T13:55:37.310] Cog0  BM-TS,seq,118,tid,1,k,100,lt,FALSE,pos,0,hw,0,i,13,ph,2_433,d,1_600,e,-17,st,SPIN_UP,flt,FALSE,up,TRUE,ig,0,o_pos,0,o_hw,0,o_i,NA,o_up,FALSE,why,NO_COG
[2026-09-15T13:55:37.311] Cog0  BM-TS,seq,119,tid,1,k,101,lt,FALSE,pos,0,hw,0,i,17,ph,2_439,d,1_600,e,-18,st,SPIN_UP,flt,FALSE,up,TRUE,ig,0,o_pos,0,o_hw,0,o_i,NA,o_up,FALSE,why,NO_COG
[2026-09-15T13:55:37.314] Cog0  BM-TS,seq,120,tid,1,k,102,lt,FALSE,pos,0,hw,0,i,17,ph,2_433,d,1_600,e,-18,st,SPIN_UP,flt,FALSE,up,TRUE,ig,0,o_pos,0,o_hw,0,o_i,NA,o_up,FALSE,why,NO_COG
[2026-09-15T13:55:37.319] Cog0  BM-TS,seq,121,tid,1,k,103,lt,FALSE,pos,0,hw,0,i,17,ph,2_446,d,1_600,e,-19,st,SPIN_UP,flt,FALSE,up,TRUE,ig,0,o_pos,0,o_hw,0,o_i,NA,o_up,FALSE,why,NO_COG
[2026-09-15T13:55:37.324] Cog0  BM-TS,seq,122,tid,1,k,150,lt,FALSE,pos,-1,hw,-1,i,16,ph,2_410,d,1_600,e,-10,st,SPIN_UP,flt,FALSE,up,TRUE,ig,0,o_pos,0,o_hw,0,o_i,NA,o_up,FALSE,why,NO_COG
[2026-09-15T13:55:37.326] Cog0  BM-TS,seq,123,tid,1,k,194,lt,FALSE,pos,-2,hw,-2,i,17,ph,2_441,d,2_001,e,-23,st,SPIN_UP,flt,FALSE,up,TRUE,ig,0,o_pos,0,o_hw,0,o_i,NA,o_up,FALSE,why,NO_COG
[2026-09-15T13:55:37.330] Cog0  BM-TS,seq,124,tid,1,k,200,lt,FALSE,pos,-2,hw,-2,i,14,ph,2_415,d,1_600,e,-33,st,SPIN_UP,flt,FALSE,up,TRUE,ig,0,o_pos,0,o_hw,0,o_i,NA,o_up,FALSE,why,NO_COG
[2026-09-15T13:55:37.333] Cog0  BM-TS,seq,125,tid,1,k,224,lt,FALSE,pos,-3,hw,-3,i,18,ph,2_453,d,2_511,e,-35,st,SPIN_UP,flt,FALSE,up,TRUE,ig,0,o_pos,0,o_hw,0,o_i,NA,o_up,FALSE,why,NO_COG
[2026-09-15T13:55:37.335] Cog0  BM-TS,seq,126,tid,1,k,242,lt,FALSE,pos,-4,hw,-4,i,19,ph,2_400,d,2_631,e,-32,st,SPIN_UP,flt,FALSE,up,TRUE,ig,0,o_pos,0,o_hw,0,o_i,NA,o_up,FALSE,why,NO_COG
[2026-09-15T13:55:37.338] Cog0  BM-TS,seq,127,tid,1,k,250,lt,FALSE,pos,-4,hw,-4,i,17,ph,2_365,d,2_307,e,-52,st,SPIN_UP,flt,FALSE,up,TRUE,ig,0,o_pos,0,o_hw,0,o_i,NA,o_up,FALSE,why,NO_COG
[2026-09-15T13:55:37.341] Cog0  BM-TS,seq,128,tid,1,k,258,lt,FALSE,pos,-5,hw,-5,i,23,ph,2_453,d,2_828,e,-31,st,SPIN_UP,flt,FALSE,up,TRUE,ig,0,o_pos,0,o_hw,0,o_i,NA,o_up,FALSE,why,NO_COG
[2026-09-15T13:55:37.343] Cog0  BM-TS,seq,129,tid,1,k,274,lt,FALSE,pos,-6,hw,-6,i,21,ph,2_409,d,2_929,e,-34,st,SPIN_UP,flt,FALSE,up,TRUE,ig,0,o_pos,0,o_hw,0,o_i,NA,o_up,FALSE,why,NO_COG
[2026-09-15T13:55:37.346] Cog0  BM-TS,seq,130,tid,1,k,288,lt,FALSE,pos,-7,hw,-7,i,23,ph,2_457,d,3_241,e,-35,st,SPIN_UP,flt,FALSE,up,TRUE,ig,0,o_pos,0,o_hw,0,o_i,NA,o_up,FALSE,why,NO_COG
[2026-09-15T13:55:37.349] Cog0  BM-TS,seq,131,tid,1,k,300,lt,FALSE,pos,-8,hw,-8,i,29,ph,2_393,d,3_643,e,-34,st,SPIN_UP,flt,FALSE,up,TRUE,ig,0,o_pos,0,o_hw,0,o_i,NA,o_up,FALSE,why,NO_COG
[2026-09-15T13:55:37.351] Cog0  BM-TS,seq,132,tid,1,k,310,lt,FALSE,pos,-9,hw,-9,i,33,ph,2_426,d,3_852,e,-30,st,SPIN_UP,flt,FALSE,up,TRUE,ig,0,o_pos,0,o_hw,0,o_i,NA,o_up,FALSE,why,NO_COG
[2026-09-15T13:55:37.354] Cog0  BM-TS,seq,133,tid,1,k,322,lt,FALSE,pos,-10,hw,-10,i,35,ph,2_398,d,3_836,e,-34,st,SPIN_UP,flt,FALSE,up,TRUE,ig,0,o_pos,0,o_hw,0,o_i,NA,o_up,FALSE,why,NO_COG
[2026-09-15T13:55:37.356] Cog0  BM-TS,seq,134,tid,1,k,332,lt,FALSE,pos,-11,hw,-11,i,36,ph,2_456,d,4_030,e,-35,st,SPIN_UP,flt,FALSE,up,TRUE,ig,0,o_pos,0,o_hw,0,o_i,NA,o_up,FALSE,why,NO_COG
[2026-09-15T13:55:37.359] Cog0  BM-TS,seq,135,tid,1,k,342,lt,FALSE,pos,-12,hw,-12,i,33,ph,2_383,d,4_124,e,-37,st,SPIN_UP,flt,FALSE,up,TRUE,ig,0,o_pos,0,o_hw,0,o_i,NA,o_up,FALSE,why,NO_COG
[2026-09-15T13:55:37.361] Cog0  BM-TS,seq,136,tid,1,k,350,lt,FALSE,pos,-12,hw,-12,i,38,ph,2_457,d,4_467,e,-75,st,SPIN_UP,flt,FALSE,up,TRUE,ig,0,o_pos,0,o_hw,0,o_i,NA,o_up,FALSE,why,NO_COG
[2026-09-15T13:55:37.363] Cog0  BM-TS,seq,137,tid,1,k,352,lt,FALSE,pos,-13,hw,-13,i,38,ph,2_509,d,4_385,e,-42,st,SPIN_UP,flt,FALSE,up,TRUE,ig,0,o_pos,0,o_hw,0,o_i,NA,o_up,FALSE,why,NO_COG
[2026-09-15T13:55:37.366] Cog0  BM-TS,seq,138,tid,1,k,360,lt,FALSE,pos,-14,hw,-14,i,42,ph,2_356,d,4_615,e,-40,st,SPIN_UP,flt,FALSE,up,TRUE,ig,0,o_pos,0,o_hw,0,o_i,NA,o_up,FALSE,why,NO_COG
[2026-09-15T13:55:37.368] Cog0  BM-TS,seq,139,tid,1,k,368,lt,FALSE,pos,-15,hw,-15,i,45,ph,2_483,d,4_804,e,-39,st,SPIN_UP,flt,FALSE,up,TRUE,ig,0,o_pos,0,o_hw,0,o_i,NA,o_up,FALSE,why,NO_COG
[2026-09-15T13:55:37.371] Cog0  BM-TS,seq,140,tid,1,k,376,lt,FALSE,pos,-16,hw,-16,i,51,ph,2_374,d,5_001,e,-40,st,SPIN_UP,flt,FALSE,up,TRUE,ig,0,o_pos,0,o_hw,0,o_i,NA,o_up,FALSE,why,NO_COG
[2026-09-15T13:55:37.373] Cog0  BM-TS,seq,141,tid,1,k,384,lt,FALSE,pos,-17,hw,-17,i,51,ph,2_522,d,5_165,e,-43,st,SPIN_UP,flt,FALSE,up,TRUE,ig,0,o_pos,0,o_hw,0,o_i,NA,o_up,FALSE,why,NO_COG
[2026-09-15T13:55:37.375] Cog0  BM-TS,seq,142,tid,1,k,390,lt,FALSE,pos,-18,hw,-18,i,57,ph,2_393,d,5_450,e,-36,st,SPIN_UP,flt,FALSE,up,TRUE,ig,0,o_pos,0,o_hw,0,o_i,NA,o_up,FALSE,why,NO_COG
[2026-09-15T13:55:37.377] Cog0  BM-TS,seq,143,tid,1,k,398,lt,FALSE,pos,-19,hw,-19,i,63,ph,2_520,d,5_584,e,-41,st,SPIN_UP,flt,FALSE,up,TRUE,ig,0,o_pos,0,o_hw,0,o_i,NA,o_up,FALSE,why,NO_COG
[2026-09-15T13:55:37.380] Cog0  BM-TS,seq,144,tid,1,k,400,lt,FALSE,pos,-19,hw,-19,i,58,ph,2_563,d,5_580,e,-54,st,SPIN_UP,flt,FALSE,up,TRUE,ig,0,o_pos,0,o_hw,0,o_i,NA,o_up,FALSE,why,NO_COG
[2026-09-15T13:55:37.382] Cog0  BM-TS,seq,145,tid,1,k,404,lt,FALSE,pos,-20,hw,-20,i,68,ph,2_379,d,5_817,e,-36,st,SPIN_UP,flt,FALSE,up,TRUE,ig,0,o_pos,0,o_hw,0,o_i,NA,o_up,FALSE,why,NO_COG
[2026-09-15T13:55:37.384] Cog0  BM-TS,seq,146,tid,1,k,410,lt,FALSE,pos,-21,hw,-21,i,70,ph,2_456,d,5_986,e,-33,st,SPIN_UP,flt,FALSE,up,TRUE,ig,0,o_pos,0,o_hw,0,o_i,NA,o_up,FALSE,why,NO_COG
[2026-09-15T13:55:37.387] Cog0  BM-TS,seq,147,tid,1,k,418,lt,FALSE,pos,-22,hw,-22,i,71,ph,2_315,d,6_063,e,-44,st,SPIN_UP,flt,FALSE,up,TRUE,ig,0,o_pos,0,o_hw,0,o_i,NA,o_up,FALSE,why,NO_COG
[2026-09-15T13:55:37.389] Cog0  BM-TS,seq,148,tid,1,k,424,lt,FALSE,pos,-23,hw,-23,i,75,ph,2_540,d,6_284,e,-44,st,SPIN_UP,flt,FALSE,up,TRUE,ig,0,o_pos,0,o_hw,0,o_i,NA,o_up,FALSE,why,NO_COG
[2026-09-15T13:55:37.391] Cog0  BM-TS,seq,149,tid,1,k,430,lt,FALSE,pos,-24,hw,-24,i,72,ph,2_316,d,6_416,e,-44,st,SPIN_UP,flt,FALSE,up,TRUE,ig,0,o_pos,0,o_hw,0,o_i,NA,o_up,FALSE,why,NO_COG
[2026-09-15T13:55:37.394] Cog0  BM-TS,seq,150,tid,1,k,436,lt,FALSE,pos,-25,hw,-25,i,80,ph,2_547,d,6_589,e,-45,st,SPIN_UP,flt,FALSE,up,TRUE,ig,0,o_pos,0,o_hw,0,o_i,NA,o_up,FALSE,why,NO_COG
[2026-09-15T13:55:37.396] Cog0  BM-TS,seq,151,tid,1,k,442,lt,FALSE,pos,-26,hw,-26,i,88,ph,2_273,d,6_793,e,-48,st,SPIN_UP,flt,FALSE,up,TRUE,ig,0,o_pos,0,o_hw,0,o_i,NA,o_up,FALSE,why,NO_COG
[2026-09-15T13:55:37.398] Cog0  BM-TS,seq,152,tid,1,k,446,lt,FALSE,pos,-27,hw,-27,i,92,ph,2_475,d,6_988,e,-35,st,SPIN_UP,flt,FALSE,up,TRUE,ig,0,o_pos,0,o_hw,0,o_i,NA,o_up,FALSE,why,NO_COG
[2026-09-15T13:55:37.400] Cog0  BM-TS,seq,153,tid,1,k,450,lt,FALSE,pos,-27,hw,-27,i,92,ph,2_502,d,7_017,e,-66,st,SPIN_UP,flt,FALSE,up,TRUE,ig,0,o_pos,0,o_hw,0,o_i,NA,o_up,FALSE,why,NO_COG
[2026-09-15T13:55:37.402] Cog0  BM-TS,seq,154,tid,1,k,452,lt,FALSE,pos,-28,hw,-28,i,88,ph,2_331,d,7_078,e,-40,st,SPIN_UP,flt,FALSE,up,TRUE,ig,0,o_pos,0,o_hw,0,o_i,NA,o_up,FALSE,why,NO_COG
[2026-09-15T13:55:37.404] Cog0  BM-TS,seq,155,tid,1,k,458,lt,FALSE,pos,-29,hw,-29,i,97,ph,2_571,d,7_266,e,-46,st,SPIN_UP,flt,FALSE,up,TRUE,ig,0,o_pos,0,o_hw,0,o_i,NA,o_up,FALSE,why,NO_COG
[2026-09-15T13:55:37.406] Cog0  BM-TS,seq,156,tid,1,k,462,lt,FALSE,pos,-30,hw,-30,i,101,ph,2_382,d,7_450,e,-35,st,SPIN_UP,flt,FALSE,up,TRUE,ig,0,o_pos,0,o_hw,0,o_i,NA,o_up,FALSE,why,NO_COG
[2026-09-15T13:55:37.409] Cog0  BM-TS,seq,157,tid,1,k,468,lt,FALSE,pos,-31,hw,-31,i,97,ph,2_555,d,7_562,e,-43,st,SPIN_UP,flt,FALSE,up,TRUE,ig,0,o_pos,0,o_hw,0,o_i,NA,o_up,FALSE,why,NO_COG
[2026-09-15T13:55:37.411] Cog0  BM-TS,seq,158,tid,1,k,472,lt,FALSE,pos,-32,hw,-32,i,115,ph,2_386,d,7_804,e,-34,st,SPIN_UP,flt,FALSE,up,TRUE,ig,0,o_pos,0,o_hw,0,o_i,NA,o_up,FALSE,why,NO_COG
[2026-09-15T13:55:37.413] Cog0  BM-TS,seq,159,tid,1,k,478,lt,FALSE,pos,-33,hw,-33,i,113,ph,2_547,d,7_927,e,-44,st,SPIN_UP,flt,FALSE,up,TRUE,ig,0,o_pos,0,o_hw,0,o_i,NA,o_up,FALSE,why,NO_COG
[2026-09-15T13:55:37.416] Cog0  BM-TS,seq,160,tid,1,k,482,lt,FALSE,pos,-34,hw,-34,i,118,ph,2_331,d,8_159,e,-39,st,SPIN_UP,flt,FALSE,up,TRUE,ig,0,o_pos,0,o_hw,0,o_i,NA,o_up,FALSE,why,NO_COG
[2026-09-15T13:55:37.418] Cog0  BM-TS,seq,161,tid,1,k,488,lt,FALSE,pos,-35,hw,-35,i,124,ph,2_635,d,8_283,e,-51,st,SPIN_UP,flt,FALSE,up,TRUE,ig,0,o_pos,0,o_hw,0,o_i,NA,o_up,FALSE,why,NO_COG
[2026-09-15T13:55:37.420] Cog0  BM-TS,seq,162,tid,1,k,492,lt,FALSE,pos,-36,hw,-36,i,124,ph,2_281,d,8_422,e,-45,st,SPIN_UP,flt,FALSE,up,TRUE,ig,0,o_pos,0,o_hw,0,o_i,NA,o_up,FALSE,why,NO_COG
[2026-09-15T13:55:37.422] Cog0  BM-TS,seq,163,tid,1,k,496,lt,FALSE,pos,-37,hw,-37,i,138,ph,2_532,d,8_626,e,-40,st,SPIN_UP,flt,FALSE,up,TRUE,ig,0,o_pos,0,o_hw,0,o_i,NA,o_up,FALSE,why,NO_COG
[2026-09-15T13:55:37.424] Cog0  BM-TS,seq,164,tid,1,k,500,lt,FALSE,pos,-38,hw,-38,i,143,ph,2_332,d,8_805,e,-37,st,SPIN_UP,flt,FALSE,up,TRUE,ig,0,o_pos,0,o_hw,0,o_i,NA,o_up,FALSE,why,NO_COG
[2026-09-15T13:55:37.427] Cog0  BM-TS,seq,165,tid,1,k,506,lt,FALSE,pos,-39,hw,-39,i,147,ph,2_629,d,8_902,e,-53,st,SPIN_UP,flt,FALSE,up,TRUE,ig,0,o_pos,0,o_hw,0,o_i,NA,o_up,FALSE,why,NO_COG
[2026-09-15T13:55:37.429] Cog0  BM-TS,seq,166,tid,1,k,510,lt,FALSE,pos,-40,hw,-40,i,143,ph,2_207,d,9_034,e,-50,st,SPIN_UP,flt,FALSE,up,TRUE,ig,0,o_pos,0,o_hw,0,o_i,NA,o_up,FALSE,why,NO_COG
[2026-09-15T13:55:37.431] Cog0  BM-TS,seq,167,tid,1,k,514,lt,FALSE,pos,-41,hw,-41,i,145,ph,2_615,d,9_196,e,-47,st,SPIN_UP,flt,FALSE,up,TRUE,ig,0,o_pos,0,o_hw,0,o_i,NA,o_up,FALSE,why,NO_COG
[2026-09-15T13:55:37.433] Cog0  BM-TS,seq,168,tid,1,k,518,lt,FALSE,pos,-42,hw,-42,i,161,ph,2_270,d,9_337,e,-45,st,SPIN_UP,flt,FALSE,up,TRUE,ig,0,o_pos,0,o_hw,0,o_i,NA,o_up,FALSE,why,NO_COG
[2026-09-15T13:55:37.435] Cog0  BM-TS,seq,169,tid,1,k,522,lt,FALSE,pos,-43,hw,-43,i,158,ph,2_613,d,9_487,e,-46,st,SPIN_UP,flt,FALSE,up,TRUE,ig,0,o_pos,0,o_hw,0,o_i,NA,o_up,FALSE,why,NO_COG
[2026-09-15T13:55:37.437] Cog0  BM-TS,seq,170,tid,1,k,526,lt,FALSE,pos,-44,hw,-44,i,166,ph,2_238,d,9_697,e,-45,st,SPIN_UP,flt,FALSE,up,TRUE,ig,0,o_pos,0,o_hw,0,o_i,NA,o_up,FALSE,why,NO_COG
[2026-09-15T13:55:37.440] Cog0  BM-TS,seq,171,tid,1,k,530,lt,FALSE,pos,-45,hw,-45,i,177,ph,2_584,d,9_825,e,-44,st,SPIN_UP,flt,FALSE,up,TRUE,ig,0,o_pos,0,o_hw,0,o_i,NA,o_up,FALSE,why,NO_COG
[2026-09-15T13:55:37.442] Cog0  BM-TS,seq,172,tid,1,k,534,lt,FALSE,pos,-46,hw,-46,i,180,ph,2_213,d,9_980,e,-48,st,SPIN_UP,flt,FALSE,up,TRUE,ig,0,o_pos,0,o_hw,0,o_i,NA,o_up,FALSE,why,NO_COG
[2026-09-15T13:55:37.444] Cog0  BM-TS,seq,173,tid,1,k,538,lt,FALSE,pos,-47,hw,-47,i,182,ph,2_642,d,10_155,e,-48,st,SPIN_UP,flt,FALSE,up,TRUE,ig,0,o_pos,0,o_hw,0,o_i,NA,o_up,FALSE,why,NO_COG
[2026-09-15T13:55:37.446] Cog0  BM-TS,seq,174,tid,1,k,542,lt,FALSE,pos,-48,hw,-48,i,187,ph,2_199,d,10_263,e,-50,st,SPIN_UP,flt,FALSE,up,TRUE,ig,0,o_pos,0,o_hw,0,o_i,NA,o_up,FALSE,why,NO_COG
[2026-09-15T13:55:37.448] Cog0  BM-TS,seq,175,tid,1,k,546,lt,FALSE,pos,-49,hw,-49,i,195,ph,2_660,d,10_402,e,-55,st,SPIN_UP,flt,FALSE,up,TRUE,ig,0,o_pos,0,o_hw,0,o_i,NA,o_up,FALSE,why,NO_COG
[2026-09-15T13:55:37.450] Cog0  BM-TS,seq,176,tid,1,k,548,lt,FALSE,pos,-50,hw,-50,i,207,ph,2_372,d,10_566,e,-33,st,SPIN_UP,flt,FALSE,up,TRUE,ig,0,o_pos,0,o_hw,0,o_i,NA,o_up,FALSE,why,NO_COG
[2026-09-15T13:55:37.452] Cog0  BM-TS,seq,177,tid,1,k,550,lt,FALSE,pos,-50,hw,-50,i,187,ph,2_206,d,10_525,e,-58,st,SPIN_UP,flt,FALSE,up,TRUE,ig,0,o_pos,0,o_hw,0,o_i,NA,o_up,FALSE,why,NO_COG
[2026-09-15T13:55:37.455] Cog0  BM-TS,seq,178,tid,1,k,552,lt,FALSE,pos,-51,hw,-51,i,216,ph,2_509,d,10_655,e,-40,st,SPIN_UP,flt,FALSE,up,TRUE,ig,0,o_pos,0,o_hw,0,o_i,NA,o_up,FALSE,why,NO_COG
[2026-09-15T13:55:37.457] Cog0  BM-TS,seq,179,tid,1,k,556,lt,FALSE,pos,-52,hw,-52,i,205,ph,2_248,d,10_762,e,-43,st,SPIN_UP,flt,FALSE,up,TRUE,ig,0,o_pos,0,o_hw,0,o_i,NA,o_up,FALSE,why,NO_COG
[2026-09-15T13:55:37.459] Cog0  BM-TS,seq,180,tid,1,k,560,lt,FALSE,pos,-53,hw,-53,i,205,ph,2_653,d,10_895,e,-48,st,SPIN_UP,flt,FALSE,up,TRUE,ig,0,o_pos,0,o_hw,0,o_i,NA,o_up,FALSE,why,NO_COG
[2026-09-15T13:55:37.461] Cog0  BM-TS,seq,181,tid,1,k,564,lt,FALSE,pos,-54,hw,-54,i,209,ph,2_148,d,11_056,e,-53,st,SPIN_UP,flt,FALSE,up,TRUE,ig,0,o_pos,0,o_hw,0,o_i,NA,o_up,FALSE,why,NO_COG
[2026-09-15T13:55:37.463] Cog0  BM-TS,seq,182,tid,1,k,566,lt,FALSE,pos,-55,hw,-55,i,218,ph,2_510,d,11_249,e,-36,st,SPIN_UP,flt,FALSE,up,TRUE,ig,0,o_pos,0,o_hw,0,o_i,NA,o_up,FALSE,why,NO_COG
[2026-09-15T13:55:37.465] Cog0  BM-TS,seq,183,tid,1,k,570,lt,FALSE,pos,-56,hw,-56,i,235,ph,2_254,d,11_383,e,-42,st,SPIN_UP,flt,FALSE,up,TRUE,ig,0,o_pos,0,o_hw,0,o_i,NA,o_up,FALSE,why,NO_COG
[2026-09-15T13:55:37.468] Cog0  BM-TS,seq,184,tid,1,k,574,lt,FALSE,pos,-57,hw,-57,i,228,ph,2_694,d,11_545,e,-52,st,SPIN_UP,flt,FALSE,up,TRUE,ig,0,o_pos,0,o_hw,0,o_i,NA,o_up,FALSE,why,NO_COG
[2026-09-15T13:55:37.470] Cog0  BM-TS,seq,185,tid,1,k,576,lt,FALSE,pos,-58,hw,-58,i,247,ph,2_363,d,11_710,e,-33,st,SPIN_UP,flt,FALSE,up,TRUE,ig,0,o_pos,0,o_hw,0,o_i,NA,o_up,FALSE,why,NO_COG
[2026-09-15T13:55:37.472] Cog0  BM-TS,seq,186,tid,1,k,580,lt,FALSE,pos,-59,hw,-59,i,248,ph,2_621,d,11_773,e,-44,st,SPIN_UP,flt,FALSE,up,TRUE,ig,0,o_pos,0,o_hw,0,o_i,NA,o_up,FALSE,why,NO_COG
[2026-09-15T13:55:37.474] Cog0  BM-TS,seq,187,tid,1,k,584,lt,FALSE,pos,-60,hw,-60,i,239,ph,2_135,d,11_902,e,-52,st,SPIN_UP,flt,FALSE,up,TRUE,ig,0,o_pos,0,o_hw,0,o_i,NA,o_up,FALSE,why,NO_COG
[2026-09-15T13:55:37.476] Cog0  BM-TS,seq,188,tid,1,k,586,lt,FALSE,pos,-61,hw,-61,i,262,ph,2_528,d,12_055,e,-37,st,SPIN_UP,flt,FALSE,up,TRUE,ig,0,o_pos,0,o_hw,0,o_i,NA,o_up,FALSE,why,NO_COG
[2026-09-15T13:55:37.478] Cog0  BM-TS,seq,189,tid,1,k,590,lt,FALSE,pos,-62,hw,-62,i,252,ph,2_176,d,12_157,e,-46,st,SPIN_UP,flt,FALSE,up,TRUE,ig,0,o_pos,0,o_hw,0,o_i,NA,o_up,FALSE,why,NO_COG
[2026-09-15T13:55:37.480] Cog0  BM-TS,seq,190,tid,1,k,594,lt,FALSE,pos,-63,hw,-63,i,252,ph,2_666,d,12_325,e,-57,st,SPIN_UP,flt,FALSE,up,TRUE,ig,0,o_pos,0,o_hw,0,o_i,NA,o_up,FALSE,why,NO_COG
[2026-09-15T13:55:37.482] Cog0  BM-TS,seq,191,tid,1,k,596,lt,FALSE,pos,-64,hw,-64,i,269,ph,2_230,d,12_457,e,-42,st,SPIN_UP,flt,FALSE,up,TRUE,ig,0,o_pos,0,o_hw,0,o_i,NA,o_up,FALSE,why,NO_COG
[2026-09-15T13:55:37.485] Cog0  BM-TS,seq,192,tid,1,k,600,lt,FALSE,pos,-65,hw,-65,i,268,ph,2_738,d,12_625,e,-54,st,SPIN_UP,flt,FALSE,up,TRUE,ig,0,o_pos,0,o_hw,0,o_i,NA,o_up,FALSE,why,NO_COG
[2026-09-15T13:55:37.485] Cog0  BM-TS,seq,193,tid,1,k,602,lt,FALSE,pos,-66,hw,-66,i,274,ph,2_276,d,12_783,e,-40,st,SPIN_UP,flt,FALSE,up,TRUE,ig,0,o_pos,0,o_hw,0,o_i,NA,o_up,FALSE,why,NO_COG
[2026-09-15T13:55:37.489] Cog0  BM-TS,seq,194,tid,1,k,606,lt,FALSE,pos,-67,hw,-67,i,280,ph,2_746,d,12_877,e,-52,st,SPIN_UP,flt,FALSE,up,TRUE,ig,0,o_pos,0,o_hw,0,o_i,NA,o_up,FALSE,why,NO_COG
[2026-09-15T13:55:37.491] Cog0  BM-TS,seq,195,tid,1,k,608,lt,FALSE,pos,-68,hw,-68,i,282,ph,2_271,d,13_007,e,-39,st,SPIN_UP,flt,FALSE,up,TRUE,ig,0,o_pos,0,o_hw,0,o_i,NA,o_up,FALSE,why,NO_COG
[2026-09-15T13:55:37.493] Cog0  BM-TS,seq,196,tid,1,k,612,lt,FALSE,pos,-69,hw,-69,i,278,ph,2_720,d,13_094,e,-53,st,SPIN_UP,flt,FALSE,up,TRUE,ig,0,o_pos,0,o_hw,0,o_i,NA,o_up,FALSE,why,NO_COG
[2026-09-15T13:55:37.495] Cog0  BM-TS,seq,197,tid,1,k,614,lt,FALSE,pos,-70,hw,-70,i,297,ph,2_255,d,13_219,e,-40,st,SPIN_UP,flt,FALSE,up,TRUE,ig,0,o_pos,0,o_hw,0,o_i,NA,o_up,FALSE,why,NO_COG
[2026-09-15T13:55:37.497] Cog0  BM-TS,seq,198,tid,1,k,618,lt,FALSE,pos,-71,hw,-71,i,276,ph,2_740,d,13_310,e,-54,st,SPIN_UP,flt,FALSE,up,TRUE,ig,0,o_pos,0,o_hw,0,o_i,NA,o_up,FALSE,why,NO_COG
[2026-09-15T13:55:37.499] Cog0  BM-TS,seq,199,tid,1,k,620,lt,FALSE,pos,-72,hw,-72,i,302,ph,2_232,d,13_432,e,-43,st,SPIN_UP,flt,FALSE,up,TRUE,ig,0,o_pos,0,o_hw,0,o_i,NA,o_up,FALSE,why,NO_COG
[2026-09-15T13:55:37.501] Cog0  BM-TS,seq,200,tid,1,k,624,lt,FALSE,pos,-73,hw,-73,i,286,ph,2_693,d,13_573,e,-58,st,SPIN_UP,flt,FALSE,up,TRUE,ig,0,o_pos,0,o_hw,0,o_i,NA,o_up,FALSE,why,NO_COG
[2026-09-15T13:55:37.504] Cog0  BM-TS,seq,201,tid,1,k,626,lt,FALSE,pos,-74,hw,-74,i,316,ph,2_154,d,13_682,e,-47,st,SPIN_UP,flt,FALSE,up,TRUE,ig,0,o_pos,0,o_hw,0,o_i,NA,o_up,FALSE,why,NO_COG
[2026-09-15T13:55:37.506] Cog0  BM-TS,seq,202,tid,1,k,630,lt,FALSE,pos,-75,hw,-75,i,293,ph,2_588,d,13_842,e,-63,st,SPIN_UP,flt,FALSE,up,TRUE,ig,0,o_pos,0,o_hw,0,o_i,NA,o_up,FALSE,why,NO_COG
[2026-09-15T13:55:37.508] Cog0  BM-TS,seq,203,tid,1,k,632,lt,FALSE,pos,-76,hw,-76,i,316,ph,2_061,d,13_907,e,-53,st,SPIN_UP,flt,FALSE,up,TRUE,ig,0,o_pos,0,o_hw,0,o_i,NA,o_up,FALSE,why,NO_COG
[2026-09-15T13:55:37.510] Cog0  BM-TS,seq,204,tid,1,k,634,lt,FALSE,pos,-77,hw,-77,i,329,ph,2_547,d,14_048,e,-38,st,SPIN_UP,flt,FALSE,up,TRUE,ig,0,o_pos,0,o_hw,0,o_i,NA,o_up,FALSE,why,NO_COG
[2026-09-15T13:55:37.512] Cog0  BM-TS,seq,205,tid,1,k,638,lt,FALSE,pos,-78,hw,-78,i,325,ph,2_204,d,14_142,e,-60,st,SPIN_UP,flt,FALSE,up,TRUE,ig,0,o_pos,0,o_hw,0,o_i,NA,o_up,FALSE,why,NO_COG
[2026-09-15T13:55:37.514] Cog0  BM-TS,seq,206,tid,1,k,640,lt,FALSE,pos,-79,hw,-79,i,336,ph,2_697,d,14_247,e,-46,st,SPIN_UP,flt,FALSE,up,TRUE,ig,0,o_pos,0,o_hw,0,o_i,NA,o_up,FALSE,why,NO_COG
[2026-09-15T13:55:37.516] Cog0  BM-TS,seq,207,tid,1,k,642,lt,FALSE,pos,-80,hw,-80,i,329,ph,2_306,d,14_401,e,-37,st,SPIN_UP,flt,FALSE,up,TRUE,ig,0,o_pos,0,o_hw,0,o_i,NA,o_up,FALSE,why,NO_COG
[2026-09-15T13:55:37.518] Cog0  BM-TS,seq,208,tid,1,k,646,lt,FALSE,pos,-81,hw,-81,i,312,ph,2_705,d,14_475,e,-56,st,SPIN_UP,flt,FALSE,up,TRUE,ig,0,o_pos,0,o_hw,0,o_i,NA,o_up,FALSE,why,NO_COG
[2026-09-15T13:55:37.520] Cog0  BM-TS,seq,209,tid,1,k,648,lt,FALSE,pos,-82,hw,-82,i,333,ph,2_127,d,14_568,e,-47,st,SPIN_UP,flt,FALSE,up,TRUE,ig,0,o_pos,0,o_hw,0,o_i,NA,o_up,FALSE,why,NO_COG
[2026-09-15T13:55:37.523] Cog0  BM-TS,seq,210,tid,1,k,650,lt,FALSE,pos,-83,hw,-83,i,364,ph,2_476,d,14_716,e,-38,st,SPIN_UP,flt,FALSE,up,TRUE,ig,0,o_pos,0,o_hw,0,o_i,NA,o_up,FALSE,why,NO_COG
[2026-09-15T13:55:37.525] Cog0  BM-TS,seq,211,tid,1,k,654,lt,FALSE,pos,-84,hw,-84,i,313,ph,2_177,d,14_825,e,-59,st,SPIN_UP,flt,FALSE,up,TRUE,ig,0,o_pos,0,o_hw,0,o_i,NA,o_up,FALSE,why,NO_COG
[2026-09-15T13:55:37.527] Cog0  BM-TS,seq,212,tid,1,k,656,lt,FALSE,pos,-85,hw,-85,i,370,ph,2_703,d,14_952,e,-51,st,SPIN_UP,flt,FALSE,up,TRUE,ig,0,o_pos,0,o_hw,0,o_i,NA,o_up,FALSE,why,NO_COG
[2026-09-15T13:55:37.529] Cog0  BM-TS,seq,213,tid,1,k,658,lt,FALSE,pos,-86,hw,-86,i,354,ph,2_267,d,15_067,e,-39,st,SPIN_UP,flt,FALSE,up,TRUE,ig,0,o_pos,0,o_hw,0,o_i,NA,o_up,FALSE,why,NO_COG
[2026-09-15T13:55:37.531] Cog0  BM-TS,seq,214,tid,1,k,662,lt,FALSE,pos,-87,hw,-87,i,349,ph,2_622,d,15_210,e,-61,st,SPIN_UP,flt,FALSE,up,TRUE,ig,0,o_pos,0,o_hw,0,o_i,NA,o_up,FALSE,why,NO_COG
[2026-09-15T13:55:37.533] Cog0  BM-TS,seq,215,tid,1,k,664,lt,FALSE,pos,-88,hw,-88,i,344,ph,2_054,d,15_290,e,-54,st,SPIN_UP,flt,FALSE,up,TRUE,ig,0,o_pos,0,o_hw,0,o_i,NA,o_up,FALSE,why,NO_COG
[2026-09-15T13:55:37.535] Cog0  BM-TS,seq,216,tid,1,k,666,lt,FALSE,pos,-89,hw,-89,i,359,ph,2_700,d,15_419,e,-46,st,SPIN_UP,flt,FALSE,up,TRUE,ig,0,o_pos,0,o_hw,0,o_i,NA,o_up,FALSE,why,NO_COG
[2026-09-15T13:55:37.537] Cog0  BM-TS,seq,217,tid,1,k,668,lt,FALSE,pos,-90,hw,-90,i,389,ph,2_340,d,15_545,e,-35,st,SPIN_UP,flt,FALSE,up,TRUE,ig,0,o_pos,0,o_hw,0,o_i,NA,o_up,FALSE,why,NO_COG
[2026-09-15T13:55:37.539] Cog0  BM-TS,seq,218,tid,1,k,672,lt,FALSE,pos,-91,hw,-91,i,354,ph,2_602,d,15_676,e,-64,st,SPIN_UP,flt,FALSE,up,TRUE,ig,0,o_pos,0,o_hw,0,o_i,NA,o_up,FALSE,why,NO_COG
[2026-09-15T13:55:37.541] Cog0  BM-TS,seq,219,tid,1,k,674,lt,FALSE,pos,-92,hw,-92,i,372,ph,2_018,d,15_741,e,-53,st,SPIN_UP,flt,FALSE,up,TRUE,ig,0,o_pos,0,o_hw,0,o_i,NA,o_up,FALSE,why,NO_COG
[2026-09-15T13:55:37.543] Cog0  BM-TS,seq,220,tid,1,k,676,lt,FALSE,pos,-93,hw,-93,i,372,ph,2_699,d,15_873,e,-47,st,SPIN_UP,flt,FALSE,up,TRUE,ig,0,o_pos,0,o_hw,0,o_i,NA,o_up,FALSE,why,NO_COG
[2026-09-15T13:55:37.546] Cog0  BM-TS,seq,221,tid,1,k,678,lt,FALSE,pos,-94,hw,-94,i,394,ph,2_209,d,15_981,e,-41,st,SPIN_UP,flt,FALSE,up,TRUE,ig,0,o_pos,0,o_hw,0,o_i,NA,o_up,FALSE,why,NO_COG
[2026-09-15T13:55:37.548] Cog0  BM-TS,seq,222,tid,1,k,682,lt,FALSE,pos,-95,hw,-95,i,360,ph,2_561,d,16_137,e,-67,st,SPIN_UP,flt,FALSE,up,TRUE,ig,0,o_pos,0,o_hw,0,o_i,NA,o_up,FALSE,why,NO_COG
[2026-09-15T13:55:37.549] Cog0  BM-TS,seq,223,tid,1,k,684,lt,FALSE,pos,-96,hw,-96,i,397,ph,2_202,d,16_214,e,-62,st,SPIN_UP,flt,FALSE,up,TRUE,ig,0,o_pos,0,o_hw,0,o_i,NA,o_up,FALSE,why,NO_COG
[2026-09-15T13:55:37.552] Cog0  BM-TS,seq,224,tid,1,k,686,lt,FALSE,pos,-97,hw,-97,i,397,ph,2_826,d,16_326,e,-52,st,SPIN_UP,flt,FALSE,up,TRUE,ig,0,o_pos,0,o_hw,0,o_i,NA,o_up,FALSE,why,NO_COG
[2026-09-15T13:55:37.554] Cog0  BM-TS,seq,225,tid,1,k,688,lt,FALSE,pos,-98,hw,-98,i,389,ph,2_087,d,16_479,e,-47,st,SPIN_UP,flt,FALSE,up,TRUE,ig,0,o_pos,0,o_hw,0,o_i,NA,o_up,FALSE,why,NO_COG
[2026-09-15T13:55:37.556] Cog0  BM-TS,seq,226,tid,1,k,690,lt,FALSE,pos,-99,hw,-99,i,442,ph,2_631,d,16_608,e,-43,st,SPIN_UP,flt,FALSE,up,TRUE,ig,0,o_pos,0,o_hw,0,o_i,NA,o_up,FALSE,why,NO_COG
[2026-09-15T13:55:37.558] Cog0  BM-TS,seq,227,tid,1,k,694,lt,FALSE,pos,-100,hw,-100,i,398,ph,2_354,d,16_836,e,-72,st,SPIN_UP,flt,FALSE,up,TRUE,ig,0,o_pos,0,o_hw,0,o_i,NA,o_up,FALSE,why,NO_COG
[2026-09-15T13:55:37.560] Cog0  BM-TS,seq,228,tid,1,k,696,lt,FALSE,pos,-101,hw,-101,i,436,ph,2_660,d,16_925,e,-68,st,SPIN_UP,flt,FALSE,up,TRUE,ig,0,o_pos,0,o_hw,0,o_i,NA,o_up,FALSE,why,NO_COG
[2026-09-15T13:55:37.562] Cog0  BM-TS,seq,229,tid,1,k,698,lt,FALSE,pos,-102,hw,-102,i,401,ph,2_130,d,16_990,e,-59,st,SPIN_UP,flt,FALSE,up,TRUE,ig,0,o_pos,0,o_hw,0,o_i,NA,o_up,FALSE,why,NO_COG
[2026-09-15T13:55:37.564] Cog0  BM-TS,seq,230,tid,1,k,700,lt,FALSE,pos,-103,hw,-103,i,406,ph,2_783,d,17_094,e,-55,st,SPIN_UP,flt,FALSE,up,TRUE,ig,0,o_pos,0,o_hw,0,o_i,NA,o_up,FALSE,why,NO_COG
[2026-09-15T13:55:37.566] Cog0  BM-TS,seq,231,tid,1,k,702,lt,FALSE,pos,-104,hw,-104,i,466,ph,2_069,d,17_198,e,-52,st,SPIN_UP,flt,FALSE,up,TRUE,ig,0,o_pos,0,o_hw,0,o_i,NA,o_up,FALSE,why,NO_COG
[2026-09-15T13:55:37.568] Cog0  BM-TS,seq,232,tid,1,k,704,lt,FALSE,pos,-105,hw,-105,i,450,ph,2_657,d,17_327,e,-44,st,SPIN_UP,flt,FALSE,up,TRUE,ig,0,o_pos,0,o_hw,0,o_i,NA,o_up,FALSE,why,NO_COG
[2026-09-15T13:55:37.571] Cog0  BM-TS,seq,233,tid,1,k,706,lt,FALSE,pos,-106,hw,-106,i,443,ph,2_189,d,17_456,e,-41,st,SPIN_UP,flt,FALSE,up,TRUE,ig,0,o_pos,0,o_hw,0,o_i,NA,o_up,FALSE,why,NO_COG
[2026-09-15T13:55:37.573] Cog0  BM-TS,seq,234,tid,1,k,710,lt,FALSE,pos,-107,hw,-107,i,441,ph,2_450,d,17_659,e,-73,st,SPIN_UP,flt,FALSE,up,TRUE,ig,0,o_pos,0,o_hw,0,o_i,NA,o_up,FALSE,why,NO_COG
[2026-09-15T13:55:37.575] Cog0  BM-TS,seq,235,tid,1,k,712,lt,FALSE,pos,-108,hw,-108,i,440,ph,2_354,d,17_734,e,-71,st,SPIN_UP,flt,FALSE,up,TRUE,ig,0,o_pos,0,o_hw,0,o_i,NA,o_up,FALSE,why,NO_COG
[2026-09-15T13:55:37.577] Cog0  BM-TS,seq,236,tid,1,k,714,lt,FALSE,pos,-109,hw,-109,i,474,ph,2_633,d,17_859,e,-63,st,SPIN_UP,flt,FALSE,up,TRUE,ig,0,o_pos,0,o_hw,0,o_i,NA,o_up,FALSE,why,NO_COG
[2026-09-15T13:55:37.579] Cog0  BM-TS,seq,237,tid,1,k,716,lt,FALSE,pos,-110,hw,-110,i,445,ph,2_129,d,17_934,e,-62,st,SPIN_UP,flt,FALSE,up,TRUE,ig,0,o_pos,0,o_hw,0,o_i,NA,o_up,FALSE,why,NO_COG
[2026-09-15T13:55:37.581] Cog0  BM-TS,seq,238,tid,1,k,718,lt,FALSE,pos,-111,hw,-111,i,436,ph,2_686,d,18_020,e,-60,st,SPIN_UP,flt,FALSE,up,TRUE,ig,0,o_pos,0,o_hw,0,o_i,NA,o_up,FALSE,why,NO_COG
[2026-09-15T13:55:37.583] Cog0  BM-TS,seq,239,tid,1,k,720,lt,FALSE,pos,-112,hw,-112,i,485,ph,1_966,d,18_124,e,-53,st,SPIN_UP,flt,FALSE,up,TRUE,ig,0,o_pos,0,o_hw,0,o_i,NA,o_up,FALSE,why,NO_COG
[2026-09-15T13:55:37.585] Cog0  BM-TS,seq,240,tid,1,k,722,lt,FALSE,pos,-113,hw,-113,i,462,ph,2_855,d,18_258,e,-52,st,SPIN_UP,flt,FALSE,up,TRUE,ig,0,o_pos,0,o_hw,0,o_i,NA,o_up,FALSE,why,NO_COG
[2026-09-15T13:55:37.588] Cog0  BM-TS,seq,241,tid,1,k,724,lt,FALSE,pos,-114,hw,-114,i,485,ph,2_002,d,18_357,e,-51,st,SPIN_UP,flt,FALSE,up,TRUE,ig,0,o_pos,0,o_hw,0,o_i,NA,o_up,FALSE,why,NO_COG
[2026-09-15T13:55:37.589] Cog0  BM-TS,seq,242,tid,1,k,726,lt,FALSE,pos,-115,hw,-115,i,521,ph,2_738,d,18_469,e,-45,st,SPIN_UP,flt,FALSE,up,TRUE,ig,0,o_pos,0,o_hw,0,o_i,NA,o_up,FALSE,why,NO_COG
[2026-09-15T13:55:37.592] Cog0  BM-TS,seq,243,tid,1,k,728,lt,FALSE,pos,-116,hw,-116,i,491,ph,2_100,d,18_584,e,-45,st,SPIN_UP,flt,FALSE,up,TRUE,ig,0,o_pos,0,o_hw,0,o_i,NA,o_up,FALSE,why,NO_COG
[2026-09-15T13:55:37.594] Cog0  BM-TS,seq,244,tid,1,k,730,lt,FALSE,pos,-117,hw,-117,i,530,ph,2_690,d,18_687,e,-44,st,SPIN_UP,flt,FALSE,up,TRUE,ig,0,o_pos,0,o_hw,0,o_i,NA,o_up,FALSE,why,NO_COG
[2026-09-15T13:55:37.594] Cog0  BM-TS,seq,245,tid,1,k,732,lt,FALSE,pos,-118,hw,-118,i,518,ph,2_209,d,18_806,e,-39,st,SPIN_UP,flt,FALSE,up,TRUE,ig,0,o_pos,0,o_hw,0,o_i,NA,o_up,FALSE,why,NO_COG
[2026-09-15T13:55:37.598] Cog0  BM-TS,seq,246,tid,1,k,734,lt,FALSE,pos,-119,hw,-119,i,502,ph,2_604,d,18_941,e,-39,st,SPIN_UP,flt,FALSE,up,TRUE,ig,0,o_pos,0,o_hw,0,o_i,NA,o_up,FALSE,why,NO_COG
[2026-09-15T13:55:37.600] Cog0  BM-TS,seq,247,tid,1,k,736,lt,FALSE,pos,-120,hw,-120,i,563,ph,2_225,d,19_049,e,-40,st,SPIN_UP,flt,FALSE,up,TRUE,ig,0,o_pos,0,o_hw,0,o_i,NA,o_up,FALSE,why,NO_COG
[2026-09-15T13:55:37.602] Cog0  BM-TS,seq,248,tid,1,k,740,lt,FALSE,pos,-121,hw,-121,i,506,ph,2_284,d,19_250,e,-78,st,SPIN_UP,flt,FALSE,up,TRUE,ig,0,o_pos,0,o_hw,0,o_i,NA,o_up,FALSE,why,NO_COG
[2026-09-15T13:55:37.604] Cog0  BM-TS,seq,249,tid,1,k,742,lt,FALSE,pos,-122,hw,-122,i,578,ph,2_404,d,19_354,e,-79,st,SPIN_UP,flt,FALSE,up,TRUE,ig,0,o_pos,0,o_hw,0,o_i,NA,o_up,FALSE,why,NO_COG
[2026-09-15T13:55:37.606] Cog0  BM-TS,seq,250,tid,1,k,744,lt,FALSE,pos,-123,hw,-123,i,538,ph,2_342,d,19_466,e,-75,st,SPIN_UP,flt,FALSE,up,TRUE,ig,0,o_pos,0,o_hw,0,o_i,NA,o_up,FALSE,why,NO_COG
[2026-09-15T13:55:37.608] Cog0  BM-TS,seq,251,tid,1,k,746,lt,FALSE,pos,-124,hw,-124,i,509,ph,2_486,d,19_604,e,-77,st,SPIN_UP,flt,FALSE,up,TRUE,ig,0,o_pos,0,o_hw,0,o_i,NA,o_up,FALSE,why,NO_COG
[2026-09-15T13:55:37.610] Cog0  BM-TS,seq,252,tid,1,k,748,lt,FALSE,pos,-125,hw,-125,i,595,ph,2_430,d,19_706,e,-78,st,SPIN_UP,flt,FALSE,up,TRUE,ig,0,o_pos,0,o_hw,0,o_i,NA,o_up,FALSE,why,NO_COG
[2026-09-15T13:55:37.612] Cog0  BM-TS,seq,253,tid,1,k,750,lt,FALSE,pos,-126,hw,-126,i,551,ph,2_460,d,19_801,e,-75,st,SPIN_UP,flt,FALSE,up,TRUE,ig,0,o_pos,0,o_hw,0,o_i,NA,o_up,FALSE,why,NO_COG
[2026-09-15T13:55:37.615] Cog0  BM-TS,seq,254,tid,1,k,752,lt,FALSE,pos,-127,hw,-127,i,527,ph,2_310,d,19_942,e,-77,st,SPIN_UP,flt,FALSE,up,TRUE,ig,0,o_pos,0,o_hw,0,o_i,NA,o_up,FALSE,why,NO_COG
[2026-09-15T13:55:37.616] Cog0  BM-TS,seq,255,tid,1,k,754,lt,FALSE,pos,-128,hw,-128,i,610,ph,2_401,d,20_052,e,-74,st,SPIN_UP,flt,FALSE,up,TRUE,ig,0,o_pos,0,o_hw,0,o_i,NA,o_up,FALSE,why,NO_COG
[2026-09-15T13:55:37.619] Cog0  BM-TS,seq,256,tid,1,k,756,lt,FALSE,pos,-129,hw,-129,i,568,ph,2_293,d,20_187,e,-77,st,SPIN_UP,flt,FALSE,up,TRUE,ig,0,o_pos,0,o_hw,0,o_i,NA,o_up,FALSE,why,NO_COG
[2026-09-15T13:55:37.621] Cog0  BM-TS,seq,257,tid,1,k,758,lt,FALSE,pos,-130,hw,-130,i,556,ph,2_568,d,20_303,e,-80,st,SPIN_UP,flt,FALSE,up,TRUE,ig,0,o_pos,0,o_hw,0,o_i,NA,o_up,FALSE,why,NO_COG
[2026-09-15T13:55:37.623] Cog0  BM-TS,seq,258,tid,1,k,760,lt,FALSE,pos,-132,hw,-132,i,626,ph,2_327,d,20_429,e,-34,st,SPIN_UP,flt,FALSE,up,TRUE,ig,0,o_pos,0,o_hw,0,o_i,NA,o_up,FALSE,why,NO_COG
[2026-09-15T13:55:37.625] Cog0  BM-TS,seq,259,tid,1,k,762,lt,FALSE,pos,-133,hw,-133,i,584,ph,2_601,d,20_536,e,-38,st,SPIN_UP,flt,FALSE,up,TRUE,ig,0,o_pos,0,o_hw,0,o_i,NA,o_up,FALSE,why,NO_COG
[2026-09-15T13:55:37.627] Cog0  BM-TS,seq,260,tid,1,k,764,lt,FALSE,pos,-134,hw,-134,i,590,ph,2_132,d,20_662,e,-42,st,SPIN_UP,flt,FALSE,up,TRUE,ig,0,o_pos,0,o_hw,0,o_i,NA,o_up,FALSE,why,NO_COG
[2026-09-15T13:55:37.629] Cog0  BM-TS,seq,261,tid,1,k,766,lt,FALSE,pos,-135,hw,-135,i,641,ph,2_598,d,20_779,e,-40,st,SPIN_UP,flt,FALSE,up,TRUE,ig,0,o_pos,0,o_hw,0,o_i,NA,o_up,FALSE,why,NO_COG
[2026-09-15T13:55:37.631] Cog0  BM-TS,seq,262,tid,1,k,768,lt,FALSE,pos,-136,hw,-136,i,603,ph,2_064,d,20_905,e,-44,st,SPIN_UP,flt,FALSE,up,TRUE,ig,0,o_pos,0,o_hw,0,o_i,NA,o_up,FALSE,why,NO_COG
[2026-09-15T13:55:37.633] Cog0  BM-TS,seq,263,tid,1,k,770,lt,FALSE,pos,-137,hw,-137,i,628,ph,2_841,d,21_031,e,-48,st,SPIN_UP,flt,FALSE,up,TRUE,ig,0,o_pos,0,o_hw,0,o_i,NA,o_up,FALSE,why,NO_COG
[2026-09-15T13:55:37.635] Cog0  BM-TS,seq,264,tid,1,k,772,lt,FALSE,pos,-138,hw,-138,i,636,ph,2_023,d,21_122,e,-47,st,SPIN_UP,flt,FALSE,up,TRUE,ig,0,o_pos,0,o_hw,0,o_i,NA,o_up,FALSE,why,NO_COG
[2026-09-15T13:55:37.637] Cog0  BM-TS,seq,265,tid,1,k,774,lt,FALSE,pos,-139,hw,-139,i,598,ph,2_919,d,21_240,e,-52,st,SPIN_UP,flt,FALSE,up,TRUE,ig,0,o_pos,0,o_hw,0,o_i,NA,o_up,FALSE,why,NO_COG
[2026-09-15T13:55:37.639] Cog0  BM-TS,seq,266,tid,1,k,776,lt,FALSE,pos,-140,hw,-140,i,645,ph,1_964,d,21_342,e,-57,st,SPIN_UP,flt,FALSE,up,TRUE,ig,0,o_pos,0,o_hw,0,o_i,NA,o_up,FALSE,why,NO_COG
[2026-09-15T13:55:37.642] Cog0  BM-TS,seq,267,tid,1,k,778,lt,FALSE,pos,-141,hw,-141,i,621,ph,2_818,d,21_445,e,-56,st,SPIN_UP,flt,FALSE,up,TRUE,ig,0,o_pos,0,o_hw,0,o_i,NA,o_up,FALSE,why,NO_COG
[2026-09-15T13:55:37.643] Cog0  BM-TS,seq,268,tid,1,k,780,lt,FALSE,pos,-142,hw,-142,i,597,ph,2_102,d,21_555,e,-62,st,SPIN_UP,flt,FALSE,up,TRUE,ig,0,o_pos,0,o_hw,0,o_i,NA,o_up,FALSE,why,NO_COG
[2026-09-15T13:55:37.646] Cog0  BM-TS,seq,269,tid,1,k,782,lt,FALSE,pos,-143,hw,-143,i,691,ph,2_588,d,21_675,e,-68,st,SPIN_UP,flt,FALSE,up,TRUE,ig,0,o_pos,0,o_hw,0,o_i,NA,o_up,FALSE,why,NO_COG
[2026-09-15T13:55:37.648] Cog0  BM-TS,seq,270,tid,1,k,784,lt,FALSE,pos,-144,hw,-144,i,621,ph,2_253,d,21_804,e,-68,st,SPIN_UP,flt,FALSE,up,TRUE,ig,0,o_pos,0,o_hw,0,o_i,NA,o_up,FALSE,why,NO_COG
[2026-09-15T13:55:37.650] Cog0  BM-TS,seq,271,tid,1,k,786,lt,FALSE,pos,-145,hw,-145,i,616,ph,2_405,d,21_943,e,-74,st,SPIN_UP,flt,FALSE,up,TRUE,ig,0,o_pos,0,o_hw,0,o_i,NA,o_up,FALSE,why,NO_COG
[2026-09-15T13:55:37.652] Cog0  BM-TS,seq,272,tid,1,k,788,lt,FALSE,pos,-146,hw,-146,i,745,ph,2_411,d,22_081,e,-81,st,SPIN_UP,flt,FALSE,up,TRUE,ig,0,o_pos,0,o_hw,0,o_i,NA,o_up,FALSE,why,NO_COG
[2026-09-15T13:55:37.654] Cog0  BM-TS,seq,273,tid,1,k,790,lt,FALSE,pos,-148,hw,-148,i,675,ph,2_164,d,22_200,e,-39,st,SPIN_UP,flt,FALSE,up,TRUE,ig,0,o_pos,0,o_hw,0,o_i,NA,o_up,FALSE,why,NO_COG
[2026-09-15T13:55:37.656] Cog0  BM-TS,seq,274,tid,1,k,792,lt,FALSE,pos,-149,hw,-149,i,651,ph,2_795,d,22_295,e,-46,st,SPIN_UP,flt,FALSE,up,TRUE,ig,0,o_pos,0,o_hw,0,o_i,NA,o_up,FALSE,why,NO_COG
[2026-09-15T13:55:37.658] Cog0  BM-TS,seq,275,tid,1,k,794,lt,FALSE,pos,-150,hw,-150,i,745,ph,2_006,d,22_398,e,-53,st,SPIN_UP,flt,FALSE,up,TRUE,ig,0,o_pos,0,o_hw,0,o_i,NA,o_up,FALSE,why,NO_COG
[2026-09-15T13:55:37.660] Cog0  BM-TS,seq,276,tid,1,k,796,lt,FALSE,pos,-151,hw,-151,i,654,ph,2_907,d,22_518,e,-54,st,SPIN_UP,flt,FALSE,up,TRUE,ig,0,o_pos,0,o_hw,0,o_i,NA,o_up,FALSE,why,NO_COG
[2026-09-15T13:55:37.662] Cog0  BM-TS,seq,277,tid,1,k,798,lt,FALSE,pos,-152,hw,-152,i,641,ph,2_070,d,22_637,e,-62,st,SPIN_UP,flt,FALSE,up,TRUE,ig,0,o_pos,0,o_hw,0,o_i,NA,o_up,FALSE,why,NO_COG
[2026-09-15T13:55:37.664] Cog0  BM-TS,seq,278,tid,1,k,800,lt,FALSE,pos,-153,hw,-153,i,731,ph,2_638,d,22_765,e,-64,st,SPIN_UP,flt,FALSE,up,TRUE,ig,0,o_pos,0,o_hw,0,o_i,NA,o_up,FALSE,why,NO_COG
[2026-09-15T13:55:37.666] Cog0  BM-TS,seq,279,tid,1,k,802,lt,FALSE,pos,-154,hw,-154,i,658,ph,2_339,d,22_887,e,-72,st,SPIN_UP,flt,FALSE,up,TRUE,ig,0,o_pos,0,o_hw,0,o_i,NA,o_up,FALSE,why,NO_COG
[2026-09-15T13:55:37.669] Cog0  BM-TS,seq,280,tid,1,k,804,lt,FALSE,pos,-155,hw,-155,i,692,ph,2_213,d,23_046,e,-81,st,SPIN_UP,flt,FALSE,up,TRUE,ig,0,o_pos,0,o_hw,0,o_i,NA,o_up,FALSE,why,NO_COG
[2026-09-15T13:55:37.670] Cog0  BM-TS,seq,281,tid,1,k,806,lt,FALSE,pos,-157,hw,-157,i,782,ph,2_671,d,23_135,e,-40,st,SPIN_UP,flt,FALSE,up,TRUE,ig,0,o_pos,0,o_hw,0,o_i,NA,o_up,FALSE,why,NO_COG
[2026-09-15T13:55:37.673] Cog0  BM-TS,seq,282,tid,1,k,808,lt,FALSE,pos,-158,hw,-158,i,687,ph,1_890,d,23_242,e,-50,st,SPIN_UP,flt,FALSE,up,TRUE,ig,0,o_pos,0,o_hw,0,o_i,NA,o_up,FALSE,why,NO_COG
[2026-09-15T13:55:37.675] Cog0  BM-TS,seq,283,tid,1,k,810,lt,FALSE,pos,-159,hw,-159,i,684,ph,2_774,d,23_329,e,-59,st,SPIN_UP,flt,FALSE,up,TRUE,ig,0,o_pos,0,o_hw,0,o_i,NA,o_up,FALSE,why,NO_COG
[2026-09-15T13:55:37.677] Cog0  BM-TS,seq,284,tid,1,k,812,lt,FALSE,pos,-160,hw,-160,i,753,ph,2_057,d,23_461,e,-62,st,SPIN_UP,flt,FALSE,up,TRUE,ig,0,o_pos,0,o_hw,0,o_i,NA,o_up,FALSE,why,NO_COG
[2026-09-15T13:55:37.679] Cog0  BM-TS,seq,285,tid,1,k,814,lt,FALSE,pos,-161,hw,-161,i,940,ph,2_649,d,23_583,e,-65,st,AT_SPEED,flt,FALSE,up,TRUE,ig,0,o_pos,0,o_hw,0,o_i,NA,o_up,FALSE,why,NO_COG
[2026-09-15T13:55:37.681] Cog0  BM-TS,seq,286,tid,1,k,816,lt,FALSE,pos,-162,hw,-162,i,911,ph,2_443,d,23_657,e,-75,st,AT_SPEED,flt,FALSE,up,TRUE,ig,0,o_pos,0,o_hw,0,o_i,NA,o_up,FALSE,why,NO_COG
[2026-09-15T13:55:37.683] Cog0  BM-TS,seq,287,tid,1,k,818,lt,FALSE,pos,-164,hw,-164,i,894,ph,2_235,d,23_742,e,-36,st,AT_SPEED,flt,FALSE,up,TRUE,ig,0,o_pos,0,o_hw,0,o_i,NA,o_up,FALSE,why,NO_COG
[2026-09-15T13:55:37.685] Cog0  BM-TS,seq,288,tid,1,k,820,lt,FALSE,pos,-165,hw,-165,i,763,ph,2_776,d,23_817,e,-46,st,AT_SPEED,flt,FALSE,up,TRUE,ig,0,o_pos,0,o_hw,0,o_i,NA,o_up,FALSE,why,NO_COG
[2026-09-15T13:55:37.687] Cog0  BM-TS,seq,289,tid,1,k,822,lt,FALSE,pos,-166,hw,-166,i,843,ph,1_880,d,23_916,e,-56,st,AT_SPEED,flt,FALSE,up,TRUE,ig,0,o_pos,0,o_hw,0,o_i,NA,o_up,FALSE,why,NO_COG
[2026-09-15T13:55:37.690] Cog0  BM-TS,seq,290,tid,1,k,824,lt,FALSE,pos,-167,hw,-167,i,843,ph,2_820,d,24_019,e,-59,st,AT_SPEED,flt,FALSE,up,TRUE,ig,0,o_pos,0,o_hw,0,o_i,NA,o_up,FALSE,why,NO_COG
[2026-09-15T13:55:37.692] Cog0  BM-TS,seq,291,tid,1,k,826,lt,FALSE,pos,-168,hw,-168,i,782,ph,2_263,d,24_151,e,-69,st,AT_SPEED,flt,FALSE,up,TRUE,ig,0,o_pos,0,o_hw,0,o_i,NA,o_up,FALSE,why,NO_COG
[2026-09-15T13:55:37.694] Cog0  BM-TS,seq,292,tid,1,k,828,lt,FALSE,pos,-169,hw,-169,i,882,ph,2_237,d,24_264,e,-79,st,AT_SPEED,flt,FALSE,up,TRUE,ig,0,o_pos,0,o_hw,0,o_i,NA,o_up,FALSE,why,NO_COG
[2026-09-15T13:55:37.696] Cog0  BM-TS,seq,293,tid,1,k,830,lt,FALSE,pos,-171,hw,-171,i,836,ph,2_606,d,24_246,e,-39,st,AT_SPEED,flt,FALSE,up,TRUE,ig,0,o_pos,0,o_hw,0,o_i,NA,o_up,FALSE,why,NO_COG
[2026-09-15T13:55:37.698] Cog0  BM-TS,seq,294,tid,1,k,832,lt,FALSE,pos,-172,hw,-172,i,780,ph,1_871,d,24_248,e,-49,st,AT_SPEED,flt,FALSE,up,TRUE,ig,0,o_pos,0,o_hw,0,o_i,NA,o_up,FALSE,why,NO_COG
[2026-09-15T13:55:37.700] Cog0  BM-TS,seq,295,tid,1,k,834,lt,FALSE,pos,-173,hw,-173,i,902,ph,2_936,d,24_240,e,-59,st,AT_SPEED,flt,FALSE,up,TRUE,ig,0,o_pos,0,o_hw,0,o_i,NA,o_up,FALSE,why,NO_COG
[2026-09-15T13:55:37.702] Cog0  BM-TS,seq,296,tid,1,k,836,lt,FALSE,pos,-174,hw,-174,i,818,ph,2_090,d,24_263,e,-62,st,AT_SPEED,flt,FALSE,up,TRUE,ig,0,o_pos,0,o_hw,0,o_i,NA,o_up,FALSE,why,NO_COG
[2026-09-15T13:55:37.704] Cog0  BM-TS,seq,297,tid,1,k,838,lt,FALSE,pos,-175,hw,-175,i,825,ph,2_442,d,24_264,e,-72,st,AT_SPEED,flt,FALSE,up,TRUE,ig,0,o_pos,0,o_hw,0,o_i,NA,o_up,FALSE,why,NO_COG
[2026-09-15T13:55:37.707] Cog0  BM-TS,seq,298,tid,1,k,840,lt,FALSE,pos,-177,hw,-177,i,1_005,ph,2_435,d,24_258,e,-40,st,AT_SPEED,flt,FALSE,up,TRUE,ig,0,o_pos,0,o_hw,0,o_i,NA,o_up,FALSE,why,NO_COG
[2026-09-15T13:55:37.708] Cog0  BM-TS,seq,299,tid,1,k,842,lt,FALSE,pos,-178,hw,-178,i,867,ph,2_021,d,24_251,e,-43,st,AT_SPEED,flt,FALSE,up,TRUE,ig,0,o_pos,0,o_hw,0,o_i,NA,o_up,FALSE,why,NO_COG
[2026-09-15T13:55:37.711] Cog0  BM-TS,seq,300,tid,1,k,844,lt,FALSE,pos,-179,hw,-179,i,803,ph,2_972,d,24_237,e,-53,st,AT_SPEED,flt,FALSE,up,TRUE,ig,0,o_pos,0,o_hw,0,o_i,NA,o_up,FALSE,why,NO_COG
[2026-09-15T13:55:37.713] Cog0  BM-TS,seq,301,tid,1,k,846,lt,FALSE,pos,-180,hw,-180,i,917,ph,1_922,d,24_250,e,-63,st,AT_SPEED,flt,FALSE,up,TRUE,ig,0,o_pos,0,o_hw,0,o_i,NA,o_up,FALSE,why,NO_COG
[2026-09-15T13:55:37.715] Cog0  BM-TS,seq,302,tid,1,k,848,lt,FALSE,pos,-181,hw,-181,i,818,ph,2_615,d,24_264,e,-66,st,AT_SPEED,flt,FALSE,up,TRUE,ig,0,o_pos,0,o_hw,0,o_i,NA,o_up,FALSE,why,NO_COG
[2026-09-15T13:55:37.717] Cog0  BM-TS,seq,303,tid,1,k,850,lt,FALSE,pos,-182,hw,-182,i,819,ph,2_423,d,24_264,e,-76,st,AT_SPEED,flt,FALSE,up,TRUE,ig,0,o_pos,0,o_hw,0,o_i,NA,o_up,FALSE,why,NO_COG
[2026-09-15T13:55:37.719] Cog0  BM-TS,seq,304,tid,1,k,852,lt,FALSE,pos,-184,hw,-184,i,936,ph,2_182,d,24_248,e,-37,st,AT_SPEED,flt,FALSE,up,TRUE,ig,0,o_pos,0,o_hw,0,o_i,NA,o_up,FALSE,why,NO_COG
[2026-09-15T13:55:37.721] Cog0  BM-TS,seq,305,tid,1,k,854,lt,FALSE,pos,-185,hw,-185,i,830,ph,2_846,d,24_237,e,-47,st,AT_SPEED,flt,FALSE,up,TRUE,ig,0,o_pos,0,o_hw,0,o_i,NA,o_up,FALSE,why,NO_COG
[2026-09-15T13:55:37.723] Cog0  BM-TS,seq,306,tid,1,k,856,lt,FALSE,pos,-186,hw,-186,i,802,ph,1_937,d,24_244,e,-56,st,AT_SPEED,flt,FALSE,up,TRUE,ig,0,o_pos,0,o_hw,0,o_i,NA,o_up,FALSE,why,NO_COG
[2026-09-15T13:55:37.725] Cog0  BM-TS,seq,307,tid,1,k,858,lt,FALSE,pos,-187,hw,-187,i,895,ph,2_791,d,24_257,e,-60,st,AT_SPEED,flt,FALSE,up,TRUE,ig,0,o_pos,0,o_hw,0,o_i,NA,o_up,FALSE,why,NO_COG
[2026-09-15T13:55:37.727] Cog0  BM-TS,seq,308,tid,1,k,860,lt,FALSE,pos,-188,hw,-188,i,841,ph,2_238,d,24_264,e,-70,st,AT_SPEED,flt,FALSE,up,TRUE,ig,0,o_pos,0,o_hw,0,o_i,NA,o_up,FALSE,why,NO_COG
[2026-09-15T13:55:37.729] Cog0  BM-TS,seq,309,tid,1,k,862,lt,FALSE,pos,-189,hw,-189,i,874,ph,2_189,d,24_264,e,-80,st,AT_SPEED,flt,FALSE,up,TRUE,ig,0,o_pos,0,o_hw,0,o_i,NA,o_up,FALSE,why,NO_COG
[2026-09-15T13:55:37.731] Cog0  BM-TS,seq,310,tid,1,k,864,lt,FALSE,pos,-191,hw,-191,i,898,ph,2_663,d,24_238,e,-40,st,AT_SPEED,flt,FALSE,up,TRUE,ig,0,o_pos,0,o_hw,0,o_i,NA,o_up,FALSE,why,NO_COG
[2026-09-15T13:55:37.734] Cog0  BM-TS,seq,311,tid,1,k,866,lt,FALSE,pos,-192,hw,-192,i,794,ph,1_884,d,24_243,e,-50,st,AT_SPEED,flt,FALSE,up,TRUE,ig,0,o_pos,0,o_hw,0,o_i,NA,o_up,FALSE,why,NO_COG
[2026-09-15T13:55:37.736] Cog0  BM-TS,seq,312,tid,1,k,868,lt,FALSE,pos,-193,hw,-193,i,843,ph,2_796,d,24_245,e,-60,st,AT_SPEED,flt,FALSE,up,TRUE,ig,0,o_pos,0,o_hw,0,o_i,NA,o_up,FALSE,why,NO_COG
[2026-09-15T13:55:37.738] Cog0  BM-TS,seq,313,tid,1,k,870,lt,FALSE,pos,-194,hw,-194,i,853,ph,2_072,d,24_264,e,-63,st,AT_SPEED,flt,FALSE,up,TRUE,ig,0,o_pos,0,o_hw,0,o_i,NA,o_up,FALSE,why,NO_COG
[2026-09-15T13:55:37.740] Cog0  BM-TS,seq,314,tid,1,k,872,lt,FALSE,pos,-195,hw,-195,i,808,ph,2_391,d,24_264,e,-73,st,AT_SPEED,flt,FALSE,up,TRUE,ig,0,o_pos,0,o_hw,0,o_i,NA,o_up,FALSE,why,NO_COG
[2026-09-15T13:55:37.742] Cog0  BM-TS,seq,315,tid,1,k,874,lt,FALSE,pos,-197,hw,-197,i,916,ph,2_676,d,24_253,e,-41,st,AT_SPEED,flt,FALSE,up,TRUE,ig,0,o_pos,0,o_hw,0,o_i,NA,o_up,FALSE,why,NO_COG
[2026-09-15T13:55:37.744] Cog0  BM-TS,seq,316,tid,1,k,876,lt,FALSE,pos,-198,hw,-198,i,864,ph,2_046,d,24_246,e,-44,st,AT_SPEED,flt,FALSE,up,TRUE,ig,0,o_pos,0,o_hw,0,o_i,NA,o_up,FALSE,why,NO_COG
[2026-09-15T13:55:37.746] Cog0  BM-TS,seq,317,tid,1,k,878,lt,FALSE,pos,-199,hw,-199,i,800,ph,2_956,d,24_240,e,-54,st,AT_SPEED,flt,FALSE,up,TRUE,ig,0,o_pos,0,o_hw,0,o_i,NA,o_up,FALSE,why,NO_COG
[2026-09-15T13:55:37.748] Cog0  BM-TS,seq,318,tid,1,k,880,lt,FALSE,pos,-200,hw,-200,i,927,ph,2_080,d,24_264,e,-64,st,AT_SPEED,flt,FALSE,up,TRUE,ig,0,o_pos,0,o_hw,0,o_i,NA,o_up,FALSE,why,NO_COG
[2026-09-15T13:55:37.750] Cog0  BM-TS,seq,319,tid,1,k,882,lt,FALSE,pos,-201,hw,-201,i,855,ph,2_564,d,24_264,e,-67,st,AT_SPEED,flt,FALSE,up,TRUE,ig,0,o_pos,0,o_hw,0,o_i,NA,o_up,FALSE,why,NO_COG
[2026-09-15T13:55:37.752] Cog0  BM-TS,seq,320,tid,1,k,884,lt,FALSE,pos,-202,hw,-202,i,820,ph,2_507,d,24_264,e,-77,st,AT_SPEED,flt,FALSE,up,TRUE,ig,0,o_pos,0,o_hw,0,o_i,NA,o_up,FALSE,why,NO_COG
[2026-09-15T13:55:37.755] Cog0  BM-TS,seq,321,tid,1,k,886,lt,FALSE,pos,-204,hw,-204,i,942,ph,2_040,d,24_243,e,-44,st,AT_SPEED,flt,FALSE,up,TRUE,ig,0,o_pos,0,o_hw,0,o_i,NA,o_up,FALSE,why,NO_COG
[2026-09-15T13:55:37.757] Cog0  BM-TS,seq,322,tid,1,k,888,lt,FALSE,pos,-205,hw,-205,i,867,ph,2_873,d,24_237,e,-48,st,AT_SPEED,flt,FALSE,up,TRUE,ig,0,o_pos,0,o_hw,0,o_i,NA,o_up,FALSE,why,NO_COG
[2026-09-15T13:55:37.759] Cog0  BM-TS,seq,323,tid,1,k,890,lt,FALSE,pos,-206,hw,-206,i,800,ph,1_918,d,24_257,e,-57,st,AT_SPEED,flt,FALSE,up,TRUE,ig,0,o_pos,0,o_hw,0,o_i,NA,o_up,FALSE,why,NO_COG
[2026-09-15T13:55:37.761] Cog0  BM-TS,seq,324,tid,1,k,892,lt,FALSE,pos,-207,hw,-207,i,915,ph,2_731,d,24_255,e,-67,st,AT_SPEED,flt,FALSE,up,TRUE,ig,0,o_pos,0,o_hw,0,o_i,NA,o_up,FALSE,why,NO_COG
[2026-09-15T13:55:37.763] Cog0  BM-TS,seq,325,tid,1,k,894,lt,FALSE,pos,-208,hw,-208,i,855,ph,2_291,d,24_264,e,-71,st,AT_SPEED,flt,FALSE,up,TRUE,ig,0,o_pos,0,o_hw,0,o_i,NA,o_up,FALSE,why,NO_COG
[2026-09-15T13:55:37.765] Cog0  BM-TS,seq,326,tid,1,k,896,lt,FALSE,pos,-210,hw,-210,i,834,ph,2_206,d,24_257,e,-38,st,AT_SPEED,flt,FALSE,up,TRUE,ig,0,o_pos,0,o_hw,0,o_i,NA,o_up,FALSE,why,NO_COG
[2026-09-15T13:55:37.767] Cog0  BM-TS,seq,327,tid,1,k,898,lt,FALSE,pos,-211,hw,-211,i,940,ph,2_705,d,24_235,e,-48,st,AT_SPEED,flt,FALSE,up,TRUE,ig,0,o_pos,0,o_hw,0,o_i,NA,o_up,FALSE,why,NO_COG
[2026-09-15T13:55:37.769] Cog0  BM-TS,seq,328,tid,1,k,900,lt,FALSE,pos,-212,hw,-212,i,826,ph,1_835,d,24_246,e,-51,st,AT_SPEED,flt,FALSE,up,TRUE,ig,0,o_pos,0,o_hw,0,o_i,NA,o_up,FALSE,why,NO_COG
[2026-09-15T13:55:37.772] Cog0  BM-TS,seq,329,tid,1,k,902,lt,FALSE,pos,-213,hw,-213,i,796,ph,2_735,d,24_242,e,-61,st,AT_SPEED,flt,FALSE,up,TRUE,ig,0,o_pos,0,o_hw,0,o_i,NA,o_up,FALSE,why,NO_COG
[2026-09-15T13:55:37.773] Cog0  BM-TS,seq,330,tid,1,k,904,lt,FALSE,pos,-214,hw,-214,i,902,ph,2_106,d,24_264,e,-64,st,AT_SPEED,flt,FALSE,up,TRUE,ig,0,o_pos,0,o_hw,0,o_i,NA,o_up,FALSE,why,NO_COG
[2026-09-15T13:55:37.776] Cog0  BM-TS,seq,331,tid,1,k,906,lt,FALSE,pos,-215,hw,-215,i,851,ph,2_389,d,24_264,e,-74,st,AT_SPEED,flt,FALSE,up,TRUE,ig,0,o_pos,0,o_hw,0,o_i,NA,o_up,FALSE,why,NO_COG
[2026-09-15T13:55:37.778] Cog0  BM-TS,seq,332,tid,1,k,908,lt,FALSE,pos,-217,hw,-217,i,851,ph,2_725,d,24_263,e,-42,st,AT_SPEED,flt,FALSE,up,TRUE,ig,0,o_pos,0,o_hw,0,o_i,NA,o_up,FALSE,why,NO_COG
[2026-09-15T13:55:37.780] Cog0  BM-TS,seq,333,tid,1,k,910,lt,FALSE,pos,-218,hw,-218,i,889,ph,1_984,d,24_244,e,-45,st,AT_SPEED,flt,FALSE,up,TRUE,ig,0,o_pos,0,o_hw,0,o_i,NA,o_up,FALSE,why,NO_COG
[2026-09-15T13:55:37.782] Cog0  BM-TS,seq,334,tid,1,k,912,lt,FALSE,pos,-219,hw,-219,i,806,ph,2_886,d,24_257,e,-55,st,AT_SPEED,flt,FALSE,up,TRUE,ig,0,o_pos,0,o_hw,0,o_i,NA,o_up,FALSE,why,NO_COG
[2026-09-15T13:55:37.784] Cog0  BM-TS,seq,335,tid,1,k,914,lt,FALSE,pos,-220,hw,-220,i,838,ph,2_126,d,24_264,e,-65,st,AT_SPEED,flt,FALSE,up,TRUE,ig,0,o_pos,0,o_hw,0,o_i,NA,o_up,FALSE,why,NO_COG
[2026-09-15T13:55:37.786] Cog0  BM-TS,seq,336,tid,1,k,916,lt,FALSE,pos,-221,hw,-221,i,903,ph,2_577,d,24_264,e,-68,st,AT_SPEED,flt,FALSE,up,TRUE,ig,0,o_pos,0,o_hw,0,o_i,NA,o_up,FALSE,why,NO_COG
[2026-09-15T13:55:37.788] Cog0  BM-TS,seq,337,tid,1,k,918,lt,FALSE,pos,-222,hw,-222,i,834,ph,2_536,d,24_264,e,-78,st,AT_SPEED,flt,FALSE,up,TRUE,ig,0,o_pos,0,o_hw,0,o_i,NA,o_up,FALSE,why,NO_COG
[2026-09-15T13:55:37.790] Cog0  BM-TS,seq,338,tid,1,k,920,lt,FALSE,pos,-224,hw,-224,i,863,ph,1_982,d,24_248,e,-45,st,AT_SPEED,flt,FALSE,up,TRUE,ig,0,o_pos,0,o_hw,0,o_i,NA,o_up,FALSE,why,NO_COG
[2026-09-15T13:55:37.792] Cog0  BM-TS,seq,339,tid,1,k,922,lt,FALSE,pos,-225,hw,-225,i,872,ph,2_849,d,24_254,e,-48,st,AT_SPEED,flt,FALSE,up,TRUE,ig,0,o_pos,0,o_hw,0,o_i,NA,o_up,FALSE,why,NO_COG
[2026-09-15T13:55:37.795] Cog0  BM-TS,seq,340,tid,1,k,924,lt,FALSE,pos,-226,hw,-226,i,821,ph,1_952,d,24_259,e,-58,st,AT_SPEED,flt,FALSE,up,TRUE,ig,0,o_pos,0,o_hw,0,o_i,NA,o_up,FALSE,why,NO_COG
[2026-09-15T13:55:37.797] Cog0  BM-TS,seq,341,tid,1,k,926,lt,FALSE,pos,-227,hw,-227,i,892,ph,2_575,d,24_264,e,-68,st,AT_SPEED,flt,FALSE,up,TRUE,ig,0,o_pos,0,o_hw,0,o_i,NA,o_up,FALSE,why,NO_COG
[2026-09-15T13:55:37.799] Cog0  BM-TS,seq,342,tid,1,k,928,lt,FALSE,pos,-228,hw,-228,i,882,ph,2_340,d,24_264,e,-72,st,AT_SPEED,flt,FALSE,up,TRUE,ig,0,o_pos,0,o_hw,0,o_i,NA,o_up,FALSE,why,NO_COG
[2026-09-15T13:55:37.801] Cog0  BM-TS,seq,343,tid,1,k,930,lt,FALSE,pos,-230,hw,-230,i,826,ph,2_145,d,24_253,e,-39,st,AT_SPEED,flt,FALSE,up,TRUE,ig,0,o_pos,0,o_hw,0,o_i,NA,o_up,FALSE,why,NO_COG
[2026-09-15T13:55:37.803] Cog0  BM-TS,seq,344,tid,1,k,932,lt,FALSE,pos,-231,hw,-231,i,919,ph,2_859,d,24_253,e,-49,st,AT_SPEED,flt,FALSE,up,TRUE,ig,0,o_pos,0,o_hw,0,o_i,NA,o_up,FALSE,why,NO_COG
[2026-09-15T13:55:37.805] Cog0  BM-TS,seq,345,tid,1,k,934,lt,FALSE,pos,-232,hw,-232,i,849,ph,1_803,d,24_243,e,-52,st,AT_SPEED,flt,FALSE,up,TRUE,ig,0,o_pos,0,o_hw,0,o_i,NA,o_up,FALSE,why,NO_COG
[2026-09-15T13:55:37.807] Cog0  BM-TS,seq,346,tid,1,k,936,lt,FALSE,pos,-233,hw,-233,i,802,ph,2_752,d,24_264,e,-62,st,AT_SPEED,flt,FALSE,up,TRUE,ig,0,o_pos,0,o_hw,0,o_i,NA,o_up,FALSE,why,NO_COG
[2026-09-15T13:55:37.809] Cog0  BM-TS,seq,347,tid,1,k,938,lt,FALSE,pos,-234,hw,-234,i,922,ph,2_169,d,24_264,e,-72,st,AT_SPEED,flt,FALSE,up,TRUE,ig,0,o_pos,0,o_hw,0,o_i,NA,o_up,FALSE,why,NO_COG
[2026-09-15T13:55:37.811] Cog0  BM-TS,seq,348,tid,1,k,940,lt,FALSE,pos,-235,hw,-235,i,864,ph,2_320,d,24_264,e,-75,st,AT_SPEED,flt,FALSE,up,TRUE,ig,0,o_pos,0,o_hw,0,o_i,NA,o_up,FALSE,why,NO_COG
[2026-09-15T13:55:37.813] Cog0  BM-TS,seq,349,tid,1,k,942,lt,FALSE,pos,-237,hw,-237,i,836,ph,2_698,d,24_256,e,-42,st,AT_SPEED,flt,FALSE,up,TRUE,ig,0,o_pos,0,o_hw,0,o_i,NA,o_up,FALSE,why,NO_COG
[2026-09-15T13:55:37.816] Cog0  BM-TS,seq,350,tid,1,k,944,lt,FALSE,pos,-238,hw,-238,i,925,ph,1_947,d,24_240,e,-52,st,AT_SPEED,flt,FALSE,up,TRUE,ig,0,o_pos,0,o_hw,0,o_i,NA,o_up,FALSE,why,NO_COG
[2026-09-15T13:55:37.818] Cog0  BM-TS,seq,351,tid,1,k,946,lt,FALSE,pos,-239,hw,-239,i,832,ph,2_905,d,24_254,e,-56,st,AT_SPEED,flt,FALSE,up,TRUE,ig,0,o_pos,0,o_hw,0,o_i,NA,o_up,FALSE,why,NO_COG
[2026-09-15T13:55:37.820] Cog0  BM-TS,seq,352,tid,1,k,948,lt,FALSE,pos,-240,hw,-240,i,803,ph,2_182,d,24_264,e,-66,st,AT_SPEED,flt,FALSE,up,TRUE,ig,0,o_pos,0,o_hw,0,o_i,NA,o_up,FALSE,why,NO_COG
[2026-09-15T13:55:37.822] Cog0  BM-TS,seq,353,tid,1,k,950,lt,FALSE,pos,-241,hw,-241,i,928,ph,2_530,d,24_264,e,-76,st,AT_SPEED,flt,FALSE,up,TRUE,ig,0,o_pos,0,o_hw,0,o_i,NA,o_up,FALSE,why,NO_COG
[2026-09-15T13:55:37.824] Cog0  BM-TS,seq,354,tid,1,k,952,lt,FALSE,pos,-243,hw,-243,i,867,ph,2_529,d,24_259,e,-36,st,AT_SPEED,flt,FALSE,up,TRUE,ig,0,o_pos,0,o_hw,0,o_i,NA,o_up,FALSE,why,NO_COG
[2026-09-15T13:55:37.826] Cog0  BM-TS,seq,355,tid,1,k,954,lt,FALSE,pos,-244,hw,-244,i,808,ph,1_944,d,24_240,e,-46,st,AT_SPEED,flt,FALSE,up,TRUE,ig,0,o_pos,0,o_hw,0,o_i,NA,o_up,FALSE,why,NO_COG
[2026-09-15T13:55:37.828] Cog0  BM-TS,seq,356,tid,1,k,956,lt,FALSE,pos,-245,hw,-245,i,906,ph,2_900,d,24_255,e,-56,st,AT_SPEED,flt,FALSE,up,TRUE,ig,0,o_pos,0,o_hw,0,o_i,NA,o_up,FALSE,why,NO_COG
[2026-09-15T13:55:37.830] Cog0  BM-TS,seq,357,tid,1,k,958,lt,FALSE,pos,-246,hw,-246,i,829,ph,2_008,d,24_258,e,-59,st,AT_SPEED,flt,FALSE,up,TRUE,ig,0,o_pos,0,o_hw,0,o_i,NA,o_up,FALSE,why,NO_COG
[2026-09-15T13:55:37.832] Cog0  BM-TS,seq,358,tid,1,k,960,lt,FALSE,pos,-247,hw,-247,i,804,ph,2_537,d,24_264,e,-69,st,AT_SPEED,flt,FALSE,up,TRUE,ig,0,o_pos,0,o_hw,0,o_i,NA,o_up,FALSE,why,NO_COG
[2026-09-15T13:55:37.834] Cog0  BM-TS,seq,359,tid,1,k,962,lt,FALSE,pos,-248,hw,-248,i,943,ph,2_344,d,24_264,e,-73,st,AT_SPEED,flt,FALSE,up,TRUE,ig,0,o_pos,0,o_hw,0,o_i,NA,o_up,FALSE,why,NO_COG
[2026-09-15T13:55:37.837] Cog0  BM-TS,seq,360,tid,1,k,964,lt,FALSE,pos,-250,hw,-250,i,860,ph,2_101,d,24_246,e,-40,st,AT_SPEED,flt,FALSE,up,TRUE,ig,0,o_pos,0,o_hw,0,o_i,NA,o_up,FALSE,why,NO_COG
[2026-09-15T13:55:37.839] Cog0  BM-TS,seq,361,tid,1,k,966,lt,FALSE,pos,-251,hw,-251,i,809,ph,2_931,d,24_249,e,-50,st,AT_SPEED,flt,FALSE,up,TRUE,ig,0,o_pos,0,o_hw,0,o_i,NA,o_up,FALSE,why,NO_COG
[2026-09-15T13:55:37.841] Cog0  BM-TS,seq,362,tid,1,k,968,lt,FALSE,pos,-252,hw,-252,i,881,ph,1_846,d,24_238,e,-53,st,AT_SPEED,flt,FALSE,up,TRUE,ig,0,o_pos,0,o_hw,0,o_i,NA,o_up,FALSE,why,NO_COG
[2026-09-15T13:55:37.843] Cog0  BM-TS,seq,363,tid,1,k,970,lt,FALSE,pos,-253,hw,-253,i,826,ph,2_710,d,24_264,e,-63,st,AT_SPEED,flt,FALSE,up,TRUE,ig,0,o_pos,0,o_hw,0,o_i,NA,o_up,FALSE,why,NO_COG
[2026-09-15T13:55:37.845] Cog0  BM-TS,seq,364,tid,1,k,972,lt,FALSE,pos,-254,hw,-254,i,825,ph,2_329,d,24_264,e,-73,st,AT_SPEED,flt,FALSE,up,TRUE,ig,0,o_pos,0,o_hw,0,o_i,NA,o_up,FALSE,why,NO_COG
[2026-09-15T13:55:37.847] Cog0  BM-TS,seq,365,tid,1,k,974,lt,FALSE,pos,-256,hw,-256,i,917,ph,2_267,d,24_260,e,-34,st,AT_SPEED,flt,FALSE,up,TRUE,ig,0,o_pos,0,o_hw,0,o_i,NA,o_up,FALSE,why,NO_COG
[2026-09-15T13:55:37.849] Cog0  BM-TS,seq,366,tid,1,k,976,lt,FALSE,pos,-257,hw,-257,i,832,ph,2_761,d,24_249,e,-43,st,AT_SPEED,flt,FALSE,up,TRUE,ig,0,o_pos,0,o_hw,0,o_i,NA,o_up,FALSE,why,NO_COG
[2026-09-15T13:55:37.851] Cog0  BM-TS,seq,367,tid,1,k,978,lt,FALSE,pos,-258,hw,-258,i,836,ph,1_867,d,24_234,e,-53,st,AT_SPEED,flt,FALSE,up,TRUE,ig,0,o_pos,0,o_hw,0,o_i,NA,o_up,FALSE,why,NO_COG
[2026-09-15T13:55:37.853] Cog0  BM-TS,seq,368,tid,1,k,980,lt,FALSE,pos,-259,hw,-259,i,876,ph,2_879,d,24_264,e,-57,st,AT_SPEED,flt,FALSE,up,TRUE,ig,0,o_pos,0,o_hw,0,o_i,NA,o_up,FALSE,why,NO_COG
[2026-09-15T13:55:37.855] Cog0  BM-TS,seq,369,tid,1,k,982,lt,FALSE,pos,-260,hw,-260,i,817,ph,2_154,d,24_264,e,-67,st,AT_SPEED,flt,FALSE,up,TRUE,ig,0,o_pos,0,o_hw,0,o_i,NA,o_up,FALSE,why,NO_COG
[2026-09-15T13:55:37.858] Cog0  BM-TS,seq,370,tid,1,k,984,lt,FALSE,pos,-261,hw,-261,i,887,ph,2_298,d,24_264,e,-76,st,AT_SPEED,flt,FALSE,up,TRUE,ig,0,o_pos,0,o_hw,0,o_i,NA,o_up,FALSE,why,NO_COG
[2026-09-15T13:55:37.859] Cog0  BM-TS,seq,371,tid,1,k,986,lt,FALSE,pos,-263,hw,-263,i,889,ph,2_581,d,24_251,e,-37,st,AT_SPEED,flt,FALSE,up,TRUE,ig,0,o_pos,0,o_hw,0,o_i,NA,o_up,FALSE,why,NO_COG
[2026-09-15T13:55:37.862] Cog0  BM-TS,seq,372,tid,1,k,988,lt,FALSE,pos,-264,hw,-264,i,809,ph,1_966,d,24_234,e,-47,st,AT_SPEED,flt,FALSE,up,TRUE,ig,0,o_pos,0,o_hw,0,o_i,NA,o_up,FALSE,why,NO_COG
[2026-09-15T13:55:37.864] Cog0  BM-TS,seq,373,tid,1,k,990,lt,FALSE,pos,-265,hw,-265,i,915,ph,2_873,d,24_251,e,-57,st,AT_SPEED,flt,FALSE,up,TRUE,ig,0,o_pos,0,o_hw,0,o_i,NA,o_up,FALSE,why,NO_COG
[2026-09-15T13:55:37.866] Cog0  BM-TS,seq,374,tid,1,k,992,lt,FALSE,pos,-266,hw,-266,i,857,ph,1_982,d,24_251,e,-60,st,AT_SPEED,flt,FALSE,up,TRUE,ig,0,o_pos,0,o_hw,0,o_i,NA,o_up,FALSE,why,NO_COG
[2026-09-15T13:55:37.868] Cog0  BM-TS,seq,375,tid,1,k,994,lt,FALSE,pos,-267,hw,-267,i,792,ph,2_473,d,24_264,e,-70,st,AT_SPEED,flt,FALSE,up,TRUE,ig,0,o_pos,0,o_hw,0,o_i,NA,o_up,FALSE,why,NO_COG
[2026-09-15T13:55:37.870] Cog0  BM-TS,seq,376,tid,1,k,996,lt,FALSE,pos,-268,hw,-268,i,962,ph,2_396,d,24_264,e,-80,st,AT_SPEED,flt,FALSE,up,TRUE,ig,0,o_pos,0,o_hw,0,o_i,NA,o_up,FALSE,why,NO_COG
[2026-09-15T13:55:37.872] Cog0  BM-TS,seq,377,tid,1,k,998,lt,FALSE,pos,-270,hw,-270,i,875,ph,2_134,d,24_239,e,-41,st,AT_SPEED,flt,FALSE,up,TRUE,ig,0,o_pos,0,o_hw,0,o_i,NA,o_up,FALSE,why,NO_COG
[2026-09-15T13:55:37.874] Cog0  BM-TS,seq,378,tid,1,k,1_000,lt,FALSE,pos,-271,hw,-271,i,792,ph,2_954,d,24_246,e,-51,st,AT_SPEED,flt,FALSE,up,TRUE,ig,0,o_pos,0,o_hw,0,o_i,NA,o_up,FALSE,why,NO_COG
[2026-09-15T13:55:37.876] Cog0  BM-TS,seq,379,tid,1,k,1_002,lt,FALSE,pos,-272,hw,-272,i,901,ph,1_823,d,24_231,e,-61,st,AT_SPEED,flt,FALSE,up,TRUE,ig,0,o_pos,0,o_hw,0,o_i,NA,o_up,FALSE,why,NO_COG
[2026-09-15T13:55:37.879] Cog0  BM-TS,seq,380,tid,1,k,1_004,lt,FALSE,pos,-273,hw,-273,i,834,ph,2_646,d,24_264,e,-64,st,AT_SPEED,flt,FALSE,up,TRUE,ig,0,o_pos,0,o_hw,0,o_i,NA,o_up,FALSE,why,NO_COG
[2026-09-15T13:55:37.881] Cog0  BM-TS,seq,381,tid,1,k,1_006,lt,FALSE,pos,-274,hw,-274,i,795,ph,2_375,d,24_264,e,-74,st,AT_SPEED,flt,FALSE,up,TRUE,ig,0,o_pos,0,o_hw,0,o_i,NA,o_up,FALSE,why,NO_COG
[2026-09-15T13:55:37.883] Cog0  BM-TS,seq,382,tid,1,k,1_008,lt,FALSE,pos,-276,hw,-276,i,945,ph,2_287,d,24_253,e,-34,st,AT_SPEED,flt,FALSE,up,TRUE,ig,0,o_pos,0,o_hw,0,o_i,NA,o_up,FALSE,why,NO_COG
[2026-09-15T13:55:37.885] Cog0  BM-TS,seq,383,tid,1,k,1_010,lt,FALSE,pos,-277,hw,-277,i,847,ph,2_785,d,24_245,e,-44,st,AT_SPEED,flt,FALSE,up,TRUE,ig,0,o_pos,0,o_hw,0,o_i,NA,o_up,FALSE,why,NO_COG
[2026-09-15T13:55:37.887] Cog0  BM-TS,seq,384,tid,1,k,1_012,lt,FALSE,pos,-278,hw,-278,i,801,ph,1_838,d,24_236,e,-54,st,AT_SPEED,flt,FALSE,up,TRUE,ig,0,o_pos,0,o_hw,0,o_i,NA,o_up,FALSE,why,NO_COG
[2026-09-15T13:55:37.889] Cog0  BM-TS,seq,385,tid,1,k,1_014,lt,FALSE,pos,-279,hw,-279,i,892,ph,2_818,d,24_263,e,-58,st,AT_SPEED,flt,FALSE,up,TRUE,ig,0,o_pos,0,o_hw,0,o_i,NA,o_up,FALSE,why,NO_COG
[2026-09-15T13:55:37.891] Cog0  BM-TS,seq,386,tid,1,k,1_016,lt,FALSE,pos,-280,hw,-280,i,829,ph,2_194,d,24_264,e,-68,st,AT_SPEED,flt,FALSE,up,TRUE,ig,0,o_pos,0,o_hw,0,o_i,NA,o_up,FALSE,why,NO_COG
[2026-09-15T13:55:37.894] Cog0  BM-TS,seq,387,tid,1,k,1_018,lt,FALSE,pos,-281,hw,-281,i,851,ph,2_296,d,24_264,e,-77,st,AT_SPEED,flt,FALSE,up,TRUE,ig,0,o_pos,0,o_hw,0,o_i,NA,o_up,FALSE,why,NO_COG
[2026-09-15T13:55:37.896] Cog0  BM-TS,seq,388,tid,1,k,1_020,lt,FALSE,pos,-283,hw,-283,i,921,ph,2_625,d,24_250,e,-38,st,AT_SPEED,flt,FALSE,up,TRUE,ig,0,o_pos,0,o_hw,0,o_i,NA,o_up,FALSE,why,NO_COG
[2026-09-15T13:55:37.898] Cog0  BM-TS,seq,389,tid,1,k,1_022,lt,FALSE,pos,-284,hw,-284,i,813,ph,1_901,d,24_231,e,-48,st,AT_SPEED,flt,FALSE,up,TRUE,ig,0,o_pos,0,o_hw,0,o_i,NA,o_up,FALSE,why,NO_COG
[2026-09-15T13:55:37.900] Cog0  BM-TS,seq,390,tid,1,k,1_024,lt,FALSE,pos,-285,hw,-285,i,839,ph,2_818,d,24_248,e,-58,st,AT_SPEED,flt,FALSE,up,TRUE,ig,0,o_pos,0,o_hw,0,o_i,NA,o_up,FALSE,why,NO_COG
[2026-09-15T13:55:37.902] Cog0  BM-TS,seq,391,tid,1,k,1_026,lt,FALSE,pos,-286,hw,-286,i,891,ph,2_024,d,24_264,e,-61,st,AT_SPEED,flt,FALSE,up,TRUE,ig,0,o_pos,0,o_hw,0,o_i,NA,o_up,FALSE,why,NO_COG
[2026-09-15T13:55:37.904] Cog0  BM-TS,seq,392,tid,1,k,1_028,lt,FALSE,pos,-287,hw,-287,i,809,ph,2_502,d,24_264,e,-71,st,AT_SPEED,flt,FALSE,up,TRUE,ig,0,o_pos,0,o_hw,0,o_i,NA,o_up,FALSE,why,NO_COG
[2026-09-15T13:55:37.906] Cog0  BM-TS,seq,393,tid,1,k,1_030,lt,FALSE,pos,-288,hw,-288,i,910,ph,2_644,d,24_264,e,-81,st,AT_SPEED,flt,FALSE,up,TRUE,ig,0,o_pos,0,o_hw,0,o_i,NA,o_up,FALSE,why,NO_COG
[2026-09-15T13:55:37.908] Cog0  BM-TS,seq,394,tid,1,k,1_032,lt,FALSE,pos,-290,hw,-290,i,894,ph,2_069,d,24_254,e,-42,st,AT_SPEED,flt,FALSE,up,TRUE,ig,0,o_pos,0,o_hw,0,o_i,NA,o_up,FALSE,why,NO_COG
[2026-09-15T13:55:37.910] Cog0  BM-TS,seq,395,tid,1,k,1_034,lt,FALSE,pos,-291,hw,-291,i,781,ph,2_930,d,24_240,e,-52,st,AT_SPEED,flt,FALSE,up,TRUE,ig,0,o_pos,0,o_hw,0,o_i,NA,o_up,FALSE,why,NO_COG
[2026-09-15T13:55:37.913] Cog0  BM-TS,seq,396,tid,1,k,1_036,lt,FALSE,pos,-292,hw,-292,i,872,ph,2_031,d,24_259,e,-62,st,AT_SPEED,flt,FALSE,up,TRUE,ig,0,o_pos,0,o_hw,0,o_i,NA,o_up,FALSE,why,NO_COG
[2026-09-15T13:55:37.915] Cog0  BM-TS,seq,397,tid,1,k,1_038,lt,FALSE,pos,-293,hw,-293,i,873,ph,2_675,d,24_264,e,-65,st,AT_SPEED,flt,FALSE,up,TRUE,ig,0,o_pos,0,o_hw,0,o_i,NA,o_up,FALSE,why,NO_COG
[2026-09-15T13:55:37.917] Cog0  BM-TS,seq,398,tid,1,k,1_040,lt,FALSE,pos,-294,hw,-294,i,797,ph,2_438,d,24_264,e,-75,st,AT_SPEED,flt,FALSE,up,TRUE,ig,0,o_pos,0,o_hw,0,o_i,NA,o_up,FALSE,why,NO_COG
[2026-09-15T13:55:37.919] Cog0  BM-TS,seq,399,tid,1,k,1_042,lt,FALSE,pos,-296,hw,-296,i,941,ph,2_061,d,24_255,e,-42,st,AT_SPEED,flt,FALSE,up,TRUE,ig,0,o_pos,0,o_hw,0,o_i,NA,o_up,FALSE,why,NO_COG
[2026-09-15T13:55:37.921] Cog0  BM-TS,seq,400,tid,1,k,1_044,lt,FALSE,pos,-297,hw,-297,i,863,ph,2_772,d,24_240,e,-45,st,AT_SPEED,flt,FALSE,up,TRUE,ig,0,o_pos,0,o_hw,0,o_i,NA,o_up,FALSE,why,NO_COG
[2026-09-15T13:55:37.923] Cog0  BM-TS,seq,401,tid,1,k,1_046,lt,FALSE,pos,-298,hw,-298,i,791,ph,1_863,d,24_254,e,-55,st,AT_SPEED,flt,FALSE,up,TRUE,ig,0,o_pos,0,o_hw,0,o_i,NA,o_up,FALSE,why,NO_COG
[2026-09-15T13:55:37.925] Cog0  BM-TS,seq,402,tid,1,k,1_048,lt,FALSE,pos,-299,hw,-299,i,941,ph,2_831,d,24_264,e,-65,st,AT_SPEED,flt,FALSE,up,TRUE,ig,0,o_pos,0,o_hw,0,o_i,NA,o_up,FALSE,why,NO_COG
[2026-09-15T13:55:37.927] Cog0  BM-TS,seq,403,tid,1,k,1_050,lt,FALSE,pos,-300,hw,-300,i,851,ph,2_258,d,24_264,e,-68,st,AT_SPEED,flt,FALSE,up,TRUE,ig,0,o_pos,0,o_hw,0,o_i,NA,o_up,FALSE,why,NO_COG
[2026-09-15T13:55:37.930] Cog0  BM-TS,seq,404,tid,1,k,1_052,lt,FALSE,pos,-301,hw,-301,i,819,ph,2_240,d,24_264,e,-78,st,AT_SPEED,flt,FALSE,up,TRUE,ig,0,o_pos,0,o_hw,0,o_i,NA,o_up,FALSE,why,NO_COG
[2026-09-15T13:55:37.932] Cog0  BM-TS,seq,405,tid,1,k,1_054,lt,FALSE,pos,-303,hw,-303,i,961,ph,2_601,d,24_242,e,-46,st,AT_SPEED,flt,FALSE,up,TRUE,ig,0,o_pos,0,o_hw,0,o_i,NA,o_up,FALSE,why,NO_COG
[2026-09-15T13:55:37.934] Cog0  BM-TS,seq,406,tid,1,k,1_056,lt,FALSE,pos,-304,hw,-304,i,845,ph,1_874,d,24_258,e,-49,st,AT_SPEED,flt,FALSE,up,TRUE,ig,0,o_pos,0,o_hw,0,o_i,NA,o_up,FALSE,why,NO_COG
[2026-09-15T13:55:37.936] Cog0  BM-TS,seq,407,tid,1,k,1_058,lt,FALSE,pos,-305,hw,-305,i,803,ph,2_831,d,24_251,e,-59,st,AT_SPEED,flt,FALSE,up,TRUE,ig,0,o_pos,0,o_hw,0,o_i,NA,o_up,FALSE,why,NO_COG
[2026-09-15T13:55:37.938] Cog0  BM-TS,seq,408,tid,1,k,1_060,lt,FALSE,pos,-306,hw,-306,i,919,ph,2_082,d,24_264,e,-62,st,AT_SPEED,flt,FALSE,up,TRUE,ig,0,o_pos,0,o_hw,0,o_i,NA,o_up,FALSE,why,NO_COG
[2026-09-15T13:55:37.940] Cog0  BM-TS,seq,409,tid,1,k,1_062,lt,FALSE,pos,-307,hw,-307,i,817,ph,2_444,d,24_264,e,-72,st,AT_SPEED,flt,FALSE,up,TRUE,ig,0,o_pos,0,o_hw,0,o_i,NA,o_up,FALSE,why,NO_COG
[2026-09-15T13:55:37.942] Cog0  BM-TS,seq,410,tid,1,k,1_064,lt,FALSE,pos,-309,hw,-309,i,838,ph,2_611,d,24_257,e,-39,st,AT_SPEED,flt,FALSE,up,TRUE,ig,0,o_pos,0,o_hw,0,o_i,NA,o_up,FALSE,why,NO_COG
[2026-09-15T13:55:37.944] Cog0  BM-TS,seq,411,tid,1,k,1_066,lt,FALSE,pos,-310,hw,-310,i,928,ph,2_033,d,24_251,e,-43,st,AT_SPEED,flt,FALSE,up,TRUE,ig,0,o_pos,0,o_hw,0,o_i,NA,o_up,FALSE,why,NO_COG
[2026-09-15T13:55:37.946] Cog0  BM-TS,seq,412,tid,1,k,1_067,lt,FALSE,pos,-310,hw,-310,i,861,ph,2_235,d,24_264,e,-69,st,AT_SPEED,flt,FALSE,up,TRUE,ig,0,o_pos,0,o_hw,0,o_i,NA,o_up,FALSE,why,NO_COG
[2026-09-15T13:55:37.963] Cog0  BM-TRACE-END,seq,413,tid,1,stored,1_068,emitted,395,ksum,223_289,mark_k,4,late,0,skipped,0,lost_head,0,dropped,0,end,FROZEN,rest_k,NA,ig_sum,0,o_ig_sum,0,hw_skip,0,stride,2,why,NOT_REACHED
[2026-09-15T13:55:38.229] Cog0  BM-ABORT,seq,414,seg,FAULTB,tid,1,motor,LEFT,incre,0,reason,ABS_CURRENT,value,1_506,scope,TRIAL,why,NONE
[2026-09-15T13:55:48.221] Cog0  BM-FBTRIAL,seq,415,tid,1,motor,LEFT,trial,1,ramp_inc,22,incre,-110_250_000,off_neg,43,off_pos,317,result,OK,t_ms,1_625,i_pk,1_005,duty_pk,24_264,duty_max,24_264,dsat,FALSE,rst,NONE,rst_ms,0,why,NONE
[2026-09-15T13:55:48.223] Cog0  BM-TRACE,seq,416,tid,2,seg,FAULTB,life,3,motor,LEFT,cause,RAMP,incre,-110_250_000,off_neg,43,off_pos,317,req_mode,FLOAT,ramp_inc,22,period_us,2_000,decim,1,pre,50,why,NONE
[2026-09-15T13:55:48.225] Cog0  BM-TRACE-END,seq,417,tid,2,stored,0,emitted,0,ksum,0,mark_k,NA,late,NA,skipped,NA,lost_head,0,dropped,0,end,ABORT,rest_k,NA,ig_sum,0,o_ig_sum,0,hw_skip,0,stride,1,why,NO_COG
[2026-09-15T13:55:48.228] Cog0  BM-FBTRIAL,seq,418,tid,2,motor,LEFT,trial,2,ramp_inc,100,incre,-110_250_000,off_neg,43,off_pos,317,result,SKIPPED,t_ms,NA,i_pk,0,duty_pk,0,duty_max,24_264,dsat,FALSE,rst,NONE,rst_ms,0,why,NO_COG
[2026-09-15T13:55:48.229] Cog0  BM-TRACE,seq,419,tid,3,seg,FAULTB,life,3,motor,LEFT,cause,RAMP,incre,-110_250_000,off_neg,43,off_pos,317,req_mode,FLOAT,ramp_inc,22,period_us,2_000,decim,1,pre,50,why,NONE
[2026-09-15T13:55:48.232] Cog0  BM-TRACE-END,seq,420,tid,3,stored,0,emitted,0,ksum,0,mark_k,NA,late,NA,skipped,NA,lost_head,0,dropped,0,end,ABORT,rest_k,NA,ig_sum,0,o_ig_sum,0,hw_skip,0,stride,1,why,NO_COG
[2026-09-15T13:55:48.234] Cog0  BM-FBTRIAL,seq,421,tid,3,motor,LEFT,trial,3,ramp_inc,500,incre,-110_250_000,off_neg,43,off_pos,317,result,SKIPPED,t_ms,NA,i_pk,0,duty_pk,0,duty_max,24_264,dsat,FALSE,rst,NONE,rst_ms,0,why,NO_COG
[2026-09-15T13:55:48.236] Cog0  BM-TRACE,seq,422,tid,4,seg,FAULTB,life,3,motor,LEFT,cause,RAMP,incre,-110_250_000,off_neg,43,off_pos,317,req_mode,FLOAT,ramp_inc,22,period_us,2_000,decim,1,pre,50,why,NONE
[2026-09-15T13:55:48.238] Cog0  BM-TRACE-END,seq,423,tid,4,stored,0,emitted,0,ksum,0,mark_k,NA,late,NA,skipped,NA,lost_head,0,dropped,0,end,ABORT,rest_k,NA,ig_sum,0,o_ig_sum,0,hw_skip,0,stride,1,why,NO_COG
[2026-09-15T13:55:48.240] Cog0  BM-FBTRIAL,seq,424,tid,4,motor,LEFT,trial,4,ramp_inc,2_000,incre,-110_250_000,off_neg,43,off_pos,317,result,SKIPPED,t_ms,NA,i_pk,0,duty_pk,0,duty_max,24_264,dsat,FALSE,rst,NONE,rst_ms,0,why,NO_COG
[2026-09-15T13:55:48.242] Cog0  BM-TRACE,seq,425,tid,5,seg,FAULTB,life,3,motor,LEFT,cause,RAMP,incre,-110_250_000,off_neg,43,off_pos,317,req_mode,FLOAT,ramp_inc,22,period_us,2_000,decim,1,pre,50,why,NONE
[2026-09-15T13:55:48.244] Cog0  BM-TRACE-END,seq,426,tid,5,stored,0,emitted,0,ksum,0,mark_k,NA,late,NA,skipped,NA,lost_head,0,dropped,0,end,ABORT,rest_k,NA,ig_sum,0,o_ig_sum,0,hw_skip,0,stride,1,why,NO_COG
[2026-09-15T13:55:48.252] Cog0  BM-FBTRIAL,seq,427,tid,5,motor,LEFT,trial,5,ramp_inc,10_000,incre,-110_250_000,off_neg,43,off_pos,317,result,SKIPPED,t_ms,NA,i_pk,0,duty_pk,0,duty_max,24_264,dsat,FALSE,rst,NONE,rst_ms,0,why,NO_COG
[2026-09-15T13:55:48.267] Cog3  INIT $0000_A582 $0003_26F7 load
[2026-09-15T13:55:49.343] Cog0  BM-START,seq,428,seg,FAULTB,motor,LEFT,life,4,cog_ret,3,cog_ok,TRUE,board,REV_B,board_enum,22,ready,TRUE,ready_ms,5,off_neg,43,off_pos,317,missed,0,illegal,0,zero_x10,84,ph_x10,186,why,NONE
[2026-09-15T13:55:51.470] Cog0  BM-RAMPREST,seq,429,motor,LEFT,min,1_500,max,200_000,inc,22,down,50_000,ok,TRUE,why,NONE
[2026-09-15T13:55:51.487] Cog0  BM-TRACE,seq,430,tid,6,seg,FAULTB,life,4,motor,LEFT,cause,RAMP,incre,110_250_000,off_neg,43,off_pos,317,req_mode,FLOAT,ramp_inc,22,period_us,2_000,decim,1,pre,50,why,NONE
[2026-09-15T13:55:51.750] Cog0  BM-TS,seq,431,tid,6,k,0,lt,FALSE,pos,0,hw,0,i,8,ph,19,d,24_264,e,115,st,STOPPED,flt,FALSE,up,TRUE,ig,0,o_pos,0,o_hw,0,o_i,NA,o_up,FALSE,why,NO_COG
[2026-09-15T13:55:51.751] Cog0  BM-TS,seq,432,tid,6,k,1,lt,FALSE,pos,0,hw,0,i,9,ph,19,d,24_264,e,115,st,STOPPED,flt,FALSE,up,TRUE,ig,0,o_pos,0,o_hw,0,o_i,NA,o_up,FALSE,why,NO_COG
[2026-09-15T13:55:51.753] Cog0  BM-TS,seq,433,tid,6,k,2,lt,FALSE,pos,0,hw,0,i,8,ph,16,d,24_264,e,115,st,STOPPED,flt,FALSE,up,TRUE,ig,0,o_pos,0,o_hw,0,o_i,NA,o_up,FALSE,why,NO_COG
[2026-09-15T13:55:51.755] Cog0  BM-TS,seq,434,tid,6,k,3,lt,FALSE,pos,0,hw,0,i,7,ph,15,d,24_264,e,115,st,STOPPED,flt,FALSE,up,TRUE,ig,0,o_pos,0,o_hw,0,o_i,NA,o_up,FALSE,why,NO_COG
[2026-09-15T13:55:51.757] Cog0  BM-TS,seq,435,tid,6,k,4,lt,FALSE,pos,0,hw,0,i,11,ph,2_408,d,1_600,e,0,st,SPIN_UP,flt,FALSE,up,TRUE,ig,0,o_pos,0,o_hw,0,o_i,NA,o_up,FALSE,why,NO_COG
[2026-09-15T13:55:51.759] Cog0  BM-TS,seq,436,tid,6,k,5,lt,FALSE,pos,0,hw,0,i,14,ph,2_422,d,1_600,e,0,st,SPIN_UP,flt,FALSE,up,TRUE,ig,0,o_pos,0,o_hw,0,o_i,NA,o_up,FALSE,why,NO_COG
[2026-09-15T13:55:51.761] Cog0  BM-TS,seq,437,tid,6,k,6,lt,FALSE,pos,0,hw,0,i,18,ph,2_422,d,1_600,e,0,st,SPIN_UP,flt,FALSE,up,TRUE,ig,0,o_pos,0,o_hw,0,o_i,NA,o_up,FALSE,why,NO_COG
[2026-09-15T13:55:51.762] Cog0  BM-TS,seq,438,tid,6,k,7,lt,FALSE,pos,0,hw,0,i,16,ph,2_418,d,1_600,e,0,st,SPIN_UP,flt,FALSE,up,TRUE,ig,0,o_pos,0,o_hw,0,o_i,NA,o_up,FALSE,why,NO_COG
[2026-09-15T13:55:51.764] Cog0  BM-TS,seq,439,tid,6,k,8,lt,FALSE,pos,0,hw,0,i,17,ph,2_415,d,1_600,e,0,st,SPIN_UP,flt,FALSE,up,TRUE,ig,0,o_pos,0,o_hw,0,o_i,NA,o_up,FALSE,why,NO_COG
[2026-09-15T13:55:51.766] Cog0  BM-TS,seq,440,tid,6,k,9,lt,FALSE,pos,0,hw,0,i,15,ph,2_420,d,1_600,e,0,st,SPIN_UP,flt,FALSE,up,TRUE,ig,0,o_pos,0,o_hw,0,o_i,NA,o_up,FALSE,why,NO_COG
[2026-09-15T13:55:51.768] Cog0  BM-TS,seq,441,tid,6,k,10,lt,FALSE,pos,0,hw,0,i,18,ph,2_425,d,1_600,e,0,st,SPIN_UP,flt,FALSE,up,TRUE,ig,0,o_pos,0,o_hw,0,o_i,NA,o_up,FALSE,why,NO_COG
[2026-09-15T13:55:51.770] Cog0  BM-TS,seq,442,tid,6,k,11,lt,FALSE,pos,0,hw,0,i,17,ph,2_415,d,1_600,e,0,st,SPIN_UP,flt,FALSE,up,TRUE,ig,0,o_pos,0,o_hw,0,o_i,NA,o_up,FALSE,why,NO_COG
[2026-09-15T13:55:51.772] Cog0  BM-TS,seq,443,tid,6,k,12,lt,FALSE,pos,0,hw,0,i,16,ph,2_421,d,1_600,e,0,st,SPIN_UP,flt,FALSE,up,TRUE,ig,0,o_pos,0,o_hw,0,o_i,NA,o_up,FALSE,why,NO_COG
[2026-09-15T13:55:51.773] Cog0  BM-TS,seq,444,tid,6,k,13,lt,FALSE,pos,0,hw,0,i,19,ph,2_427,d,1_600,e,0,st,SPIN_UP,flt,FALSE,up,TRUE,ig,0,o_pos,0,o_hw,0,o_i,NA,o_up,FALSE,why,NO_COG
[2026-09-15T13:55:51.776] Cog0  BM-TS,seq,445,tid,6,k,14,lt,FALSE,pos,0,hw,0,i,14,ph,2_409,d,1_600,e,0,st,SPIN_UP,flt,FALSE,up,TRUE,ig,0,o_pos,0,o_hw,0,o_i,NA,o_up,FALSE,why,NO_COG
[2026-09-15T13:55:51.778] Cog0  BM-TS,seq,446,tid,6,k,15,lt,FALSE,pos,0,hw,0,i,17,ph,2_421,d,1_600,e,0,st,SPIN_UP,flt,FALSE,up,TRUE,ig,0,o_pos,0,o_hw,0,o_i,NA,o_up,FALSE,why,NO_COG
[2026-09-15T13:55:51.780] Cog0  BM-TS,seq,447,tid,6,k,16,lt,FALSE,pos,0,hw,0,i,15,ph,2_424,d,1_600,e,0,st,SPIN_UP,flt,FALSE,up,TRUE,ig,0,o_pos,0,o_hw,0,o_i,NA,o_up,FALSE,why,NO_COG
[2026-09-15T13:55:51.782] Cog0  BM-TS,seq,448,tid,6,k,17,lt,FALSE,pos,0,hw,0,i,17,ph,2_415,d,1_600,e,0,st,SPIN_UP,flt,FALSE,up,TRUE,ig,0,o_pos,0,o_hw,0,o_i,NA,o_up,FALSE,why,NO_COG
[2026-09-15T13:55:51.783] Cog0  BM-TS,seq,449,tid,6,k,18,lt,FALSE,pos,0,hw,0,i,16,ph,2_417,d,1_600,e,0,st,SPIN_UP,flt,FALSE,up,TRUE,ig,0,o_pos,0,o_hw,0,o_i,NA,o_up,FALSE,why,NO_COG
[2026-09-15T13:55:51.785] Cog0  BM-TS,seq,450,tid,6,k,19,lt,FALSE,pos,0,hw,0,i,17,ph,2_420,d,1_600,e,0,st,SPIN_UP,flt,FALSE,up,TRUE,ig,0,o_pos,0,o_hw,0,o_i,NA,o_up,FALSE,why,NO_COG
[2026-09-15T13:55:51.787] Cog0  BM-TS,seq,451,tid,6,k,20,lt,FALSE,pos,0,hw,0,i,17,ph,2_416,d,1_600,e,0,st,SPIN_UP,flt,FALSE,up,TRUE,ig,0,o_pos,0,o_hw,0,o_i,NA,o_up,FALSE,why,NO_COG
[2026-09-15T13:55:51.789] Cog0  BM-TS,seq,452,tid,6,k,21,lt,FALSE,pos,0,hw,0,i,17,ph,2_417,d,1_600,e,0,st,SPIN_UP,flt,FALSE,up,TRUE,ig,0,o_pos,0,o_hw,0,o_i,NA,o_up,FALSE,why,NO_COG
[2026-09-15T13:55:51.791] Cog0  BM-TS,seq,453,tid,6,k,22,lt,FALSE,pos,0,hw,0,i,17,ph,2_414,d,1_600,e,0,st,SPIN_UP,flt,FALSE,up,TRUE,ig,0,o_pos,0,o_hw,0,o_i,NA,o_up,FALSE,why,NO_COG
[2026-09-15T13:55:51.793] Cog0  BM-TS,seq,454,tid,6,k,23,lt,FALSE,pos,0,hw,0,i,18,ph,2_426,d,1_600,e,0,st,SPIN_UP,flt,FALSE,up,TRUE,ig,0,o_pos,0,o_hw,0,o_i,NA,o_up,FALSE,why,NO_COG
[2026-09-15T13:55:51.795] Cog0  BM-TS,seq,455,tid,6,k,24,lt,FALSE,pos,0,hw,0,i,17,ph,2_422,d,1_600,e,0,st,SPIN_UP,flt,FALSE,up,TRUE,ig,0,o_pos,0,o_hw,0,o_i,NA,o_up,FALSE,why,NO_COG
[2026-09-15T13:55:51.797] Cog0  BM-TS,seq,456,tid,6,k,25,lt,FALSE,pos,0,hw,0,i,17,ph,2_413,d,1_600,e,0,st,SPIN_UP,flt,FALSE,up,TRUE,ig,0,o_pos,0,o_hw,0,o_i,NA,o_up,FALSE,why,NO_COG
[2026-09-15T13:55:51.798] Cog0  BM-TS,seq,457,tid,6,k,26,lt,FALSE,pos,0,hw,0,i,18,ph,2_425,d,1_600,e,0,st,SPIN_UP,flt,FALSE,up,TRUE,ig,0,o_pos,0,o_hw,0,o_i,NA,o_up,FALSE,why,NO_COG
[2026-09-15T13:55:51.800] Cog0  BM-TS,seq,458,tid,6,k,27,lt,FALSE,pos,0,hw,0,i,18,ph,2_424,d,1_600,e,0,st,SPIN_UP,flt,FALSE,up,TRUE,ig,0,o_pos,0,o_hw,0,o_i,NA,o_up,FALSE,why,NO_COG
[2026-09-15T13:55:51.802] Cog0  BM-TS,seq,459,tid,6,k,28,lt,FALSE,pos,0,hw,0,i,18,ph,2_413,d,1_600,e,0,st,SPIN_UP,flt,FALSE,up,TRUE,ig,0,o_pos,0,o_hw,0,o_i,NA,o_up,FALSE,why,NO_COG
[2026-09-15T13:55:51.804] Cog0  BM-TS,seq,460,tid,6,k,29,lt,FALSE,pos,0,hw,0,i,17,ph,2_422,d,1_600,e,0,st,SPIN_UP,flt,FALSE,up,TRUE,ig,0,o_pos,0,o_hw,0,o_i,NA,o_up,FALSE,why,NO_COG
[2026-09-15T13:55:51.806] Cog0  BM-TS,seq,461,tid,6,k,30,lt,FALSE,pos,0,hw,0,i,18,ph,2_423,d,1_600,e,0,st,SPIN_UP,flt,FALSE,up,TRUE,ig,0,o_pos,0,o_hw,0,o_i,NA,o_up,FALSE,why,NO_COG
[2026-09-15T13:55:51.808] Cog0  BM-TS,seq,462,tid,6,k,31,lt,FALSE,pos,0,hw,0,i,17,ph,2_414,d,1_600,e,0,st,SPIN_UP,flt,FALSE,up,TRUE,ig,0,o_pos,0,o_hw,0,o_i,NA,o_up,FALSE,why,NO_COG
[2026-09-15T13:55:51.810] Cog0  BM-TS,seq,463,tid,6,k,32,lt,FALSE,pos,0,hw,0,i,17,ph,2_421,d,1_600,e,0,st,SPIN_UP,flt,FALSE,up,TRUE,ig,0,o_pos,0,o_hw,0,o_i,NA,o_up,FALSE,why,NO_COG
[2026-09-15T13:55:51.812] Cog0  BM-TS,seq,464,tid,6,k,33,lt,FALSE,pos,0,hw,0,i,17,ph,2_411,d,1_600,e,0,st,SPIN_UP,flt,FALSE,up,TRUE,ig,0,o_pos,0,o_hw,0,o_i,NA,o_up,FALSE,why,NO_COG
[2026-09-15T13:55:51.813] Cog0  BM-TS,seq,465,tid,6,k,34,lt,FALSE,pos,0,hw,0,i,16,ph,2_419,d,1_600,e,0,st,SPIN_UP,flt,FALSE,up,TRUE,ig,0,o_pos,0,o_hw,0,o_i,NA,o_up,FALSE,why,NO_COG
[2026-09-15T13:55:51.815] Cog0  BM-TS,seq,466,tid,6,k,35,lt,FALSE,pos,0,hw,0,i,18,ph,2_420,d,1_600,e,1,st,SPIN_UP,flt,FALSE,up,TRUE,ig,0,o_pos,0,o_hw,0,o_i,NA,o_up,FALSE,why,NO_COG
[2026-09-15T13:55:51.817] Cog0  BM-TS,seq,467,tid,6,k,36,lt,FALSE,pos,0,hw,0,i,17,ph,2_415,d,1_600,e,1,st,SPIN_UP,flt,FALSE,up,TRUE,ig,0,o_pos,0,o_hw,0,o_i,NA,o_up,FALSE,why,NO_COG
[2026-09-15T13:55:51.819] Cog0  BM-TS,seq,468,tid,6,k,37,lt,FALSE,pos,0,hw,0,i,18,ph,2_424,d,1_600,e,1,st,SPIN_UP,flt,FALSE,up,TRUE,ig,0,o_pos,0,o_hw,0,o_i,NA,o_up,FALSE,why,NO_COG
[2026-09-15T13:55:51.821] Cog0  BM-TS,seq,469,tid,6,k,38,lt,FALSE,pos,0,hw,0,i,17,ph,2_423,d,1_600,e,1,st,SPIN_UP,flt,FALSE,up,TRUE,ig,0,o_pos,0,o_hw,0,o_i,NA,o_up,FALSE,why,NO_COG
[2026-09-15T13:55:51.823] Cog0  BM-TS,seq,470,tid,6,k,39,lt,FALSE,pos,0,hw,0,i,16,ph,2_413,d,1_600,e,1,st,SPIN_UP,flt,FALSE,up,TRUE,ig,0,o_pos,0,o_hw,0,o_i,NA,o_up,FALSE,why,NO_COG
[2026-09-15T13:55:51.825] Cog0  BM-TS,seq,471,tid,6,k,40,lt,FALSE,pos,0,hw,0,i,18,ph,2_425,d,1_600,e,1,st,SPIN_UP,flt,FALSE,up,TRUE,ig,0,o_pos,0,o_hw,0,o_i,NA,o_up,FALSE,why,NO_COG
[2026-09-15T13:55:51.827] Cog0  BM-TS,seq,472,tid,6,k,41,lt,FALSE,pos,0,hw,0,i,18,ph,2_427,d,1_600,e,1,st,SPIN_UP,flt,FALSE,up,TRUE,ig,0,o_pos,0,o_hw,0,o_i,NA,o_up,FALSE,why,NO_COG
[2026-09-15T13:55:51.828] Cog0  BM-TS,seq,473,tid,6,k,42,lt,FALSE,pos,0,hw,0,i,16,ph,2_415,d,1_600,e,1,st,SPIN_UP,flt,FALSE,up,TRUE,ig,0,o_pos,0,o_hw,0,o_i,NA,o_up,FALSE,why,NO_COG
[2026-09-15T13:55:51.830] Cog0  BM-TS,seq,474,tid,6,k,43,lt,FALSE,pos,0,hw,0,i,17,ph,2_417,d,1_600,e,1,st,SPIN_UP,flt,FALSE,up,TRUE,ig,0,o_pos,0,o_hw,0,o_i,NA,o_up,FALSE,why,NO_COG
[2026-09-15T13:55:51.831] Cog0  BM-TS,seq,475,tid,6,k,44,lt,FALSE,pos,0,hw,0,i,16,ph,2_419,d,1_600,e,1,st,SPIN_UP,flt,FALSE,up,TRUE,ig,0,o_pos,0,o_hw,0,o_i,NA,o_up,FALSE,why,NO_COG
[2026-09-15T13:55:51.834] Cog0  BM-TS,seq,476,tid,6,k,45,lt,FALSE,pos,0,hw,0,i,15,ph,2_417,d,1_600,e,1,st,SPIN_UP,flt,FALSE,up,TRUE,ig,0,o_pos,0,o_hw,0,o_i,NA,o_up,FALSE,why,NO_COG
[2026-09-15T13:55:51.836] Cog0  BM-TS,seq,477,tid,6,k,46,lt,FALSE,pos,0,hw,0,i,17,ph,2_415,d,1_600,e,2,st,SPIN_UP,flt,FALSE,up,TRUE,ig,0,o_pos,0,o_hw,0,o_i,NA,o_up,FALSE,why,NO_COG
[2026-09-15T13:55:51.838] Cog0  BM-TS,seq,478,tid,6,k,47,lt,FALSE,pos,0,hw,0,i,17,ph,2_416,d,1_600,e,2,st,SPIN_UP,flt,FALSE,up,TRUE,ig,0,o_pos,0,o_hw,0,o_i,NA,o_up,FALSE,why,NO_COG
[2026-09-15T13:55:51.840] Cog0  BM-TS,seq,479,tid,6,k,48,lt,FALSE,pos,0,hw,0,i,16,ph,2_422,d,1_600,e,2,st,SPIN_UP,flt,FALSE,up,TRUE,ig,0,o_pos,0,o_hw,0,o_i,NA,o_up,FALSE,why,NO_COG
[2026-09-15T13:55:51.842] Cog0  BM-TS,seq,480,tid,6,k,49,lt,FALSE,pos,0,hw,0,i,17,ph,2_419,d,1_600,e,2,st,SPIN_UP,flt,FALSE,up,TRUE,ig,0,o_pos,0,o_hw,0,o_i,NA,o_up,FALSE,why,NO_COG
[2026-09-15T13:55:51.844] Cog0  BM-TS,seq,481,tid,6,k,50,lt,FALSE,pos,0,hw,0,i,16,ph,2_408,d,1_600,e,2,st,SPIN_UP,flt,FALSE,up,TRUE,ig,0,o_pos,0,o_hw,0,o_i,NA,o_up,FALSE,why,NO_COG
[2026-09-15T13:55:51.846] Cog0  BM-TS,seq,482,tid,6,k,51,lt,FALSE,pos,0,hw,0,i,15,ph,2_416,d,1_600,e,2,st,SPIN_UP,flt,FALSE,up,TRUE,ig,0,o_pos,0,o_hw,0,o_i,NA,o_up,FALSE,why,NO_COG
[2026-09-15T13:55:51.848] Cog0  BM-TS,seq,483,tid,6,k,52,lt,FALSE,pos,0,hw,0,i,17,ph,2_422,d,1_600,e,2,st,SPIN_UP,flt,FALSE,up,TRUE,ig,0,o_pos,0,o_hw,0,o_i,NA,o_up,FALSE,why,NO_COG
[2026-09-15T13:55:51.849] Cog0  BM-TS,seq,484,tid,6,k,53,lt,FALSE,pos,0,hw,0,i,16,ph,2_411,d,1_600,e,3,st,SPIN_UP,flt,FALSE,up,TRUE,ig,0,o_pos,0,o_hw,0,o_i,NA,o_up,FALSE,why,NO_COG
[2026-09-15T13:55:51.851] Cog0  BM-TS,seq,485,tid,6,k,54,lt,FALSE,pos,0,hw,0,i,17,ph,2_416,d,1_600,e,3,st,SPIN_UP,flt,FALSE,up,TRUE,ig,0,o_pos,0,o_hw,0,o_i,NA,o_up,FALSE,why,NO_COG
[2026-09-15T13:55:51.853] Cog0  BM-TS,seq,486,tid,6,k,55,lt,FALSE,pos,0,hw,0,i,17,ph,2_421,d,1_600,e,3,st,SPIN_UP,flt,FALSE,up,TRUE,ig,0,o_pos,0,o_hw,0,o_i,NA,o_up,FALSE,why,NO_COG
[2026-09-15T13:55:51.855] Cog0  BM-TS,seq,487,tid,6,k,56,lt,FALSE,pos,0,hw,0,i,19,ph,2_418,d,1_600,e,3,st,SPIN_UP,flt,FALSE,up,TRUE,ig,0,o_pos,0,o_hw,0,o_i,NA,o_up,FALSE,why,NO_COG
[2026-09-15T13:55:51.857] Cog0  BM-TS,seq,488,tid,6,k,57,lt,FALSE,pos,0,hw,0,i,16,ph,2_416,d,1_600,e,3,st,SPIN_UP,flt,FALSE,up,TRUE,ig,0,o_pos,0,o_hw,0,o_i,NA,o_up,FALSE,why,NO_COG
[2026-09-15T13:55:51.859] Cog0  BM-TS,seq,489,tid,6,k,58,lt,FALSE,pos,0,hw,0,i,17,ph,2_418,d,1_600,e,3,st,SPIN_UP,flt,FALSE,up,TRUE,ig,0,o_pos,0,o_hw,0,o_i,NA,o_up,FALSE,why,NO_COG
[2026-09-15T13:55:51.861] Cog0  BM-TS,seq,490,tid,6,k,59,lt,FALSE,pos,0,hw,0,i,19,ph,2_420,d,1_600,e,4,st,SPIN_UP,flt,FALSE,up,TRUE,ig,0,o_pos,0,o_hw,0,o_i,NA,o_up,FALSE,why,NO_COG
[2026-09-15T13:55:51.863] Cog0  BM-TS,seq,491,tid,6,k,60,lt,FALSE,pos,0,hw,0,i,16,ph,2_412,d,1_600,e,4,st,SPIN_UP,flt,FALSE,up,TRUE,ig,0,o_pos,0,o_hw,0,o_i,NA,o_up,FALSE,why,NO_COG
[2026-09-15T13:55:51.864] Cog0  BM-TS,seq,492,tid,6,k,61,lt,FALSE,pos,0,hw,0,i,16,ph,2_408,d,1_600,e,4,st,SPIN_UP,flt,FALSE,up,TRUE,ig,0,o_pos,0,o_hw,0,o_i,NA,o_up,FALSE,why,NO_COG
[2026-09-15T13:55:51.866] Cog0  BM-TS,seq,493,tid,6,k,62,lt,FALSE,pos,0,hw,0,i,17,ph,2_416,d,1_600,e,4,st,SPIN_UP,flt,FALSE,up,TRUE,ig,0,o_pos,0,o_hw,0,o_i,NA,o_up,FALSE,why,NO_COG
[2026-09-15T13:55:51.868] Cog0  BM-TS,seq,494,tid,6,k,63,lt,FALSE,pos,0,hw,0,i,17,ph,2_413,d,1_600,e,4,st,SPIN_UP,flt,FALSE,up,TRUE,ig,0,o_pos,0,o_hw,0,o_i,NA,o_up,FALSE,why,NO_COG
[2026-09-15T13:55:51.870] Cog0  BM-TS,seq,495,tid,6,k,64,lt,FALSE,pos,0,hw,0,i,17,ph,2_404,d,1_600,e,5,st,SPIN_UP,flt,FALSE,up,TRUE,ig,0,o_pos,0,o_hw,0,o_i,NA,o_up,FALSE,why,NO_COG
[2026-09-15T13:55:51.872] Cog0  BM-TS,seq,496,tid,6,k,65,lt,FALSE,pos,0,hw,0,i,18,ph,2_420,d,1_600,e,5,st,SPIN_UP,flt,FALSE,up,TRUE,ig,0,o_pos,0,o_hw,0,o_i,NA,o_up,FALSE,why,NO_COG
[2026-09-15T13:55:51.874] Cog0  BM-TS,seq,497,tid,6,k,66,lt,FALSE,pos,0,hw,0,i,19,ph,2_424,d,1_600,e,5,st,SPIN_UP,flt,FALSE,up,TRUE,ig,0,o_pos,0,o_hw,0,o_i,NA,o_up,FALSE,why,NO_COG
[2026-09-15T13:55:51.876] Cog0  BM-TS,seq,498,tid,6,k,67,lt,FALSE,pos,0,hw,0,i,16,ph,2_409,d,1_600,e,5,st,SPIN_UP,flt,FALSE,up,TRUE,ig,0,o_pos,0,o_hw,0,o_i,NA,o_up,FALSE,why,NO_COG
[2026-09-15T13:55:51.878] Cog0  BM-TS,seq,499,tid,6,k,68,lt,FALSE,pos,0,hw,0,i,16,ph,2_412,d,1_600,e,5,st,SPIN_UP,flt,FALSE,up,TRUE,ig,0,o_pos,0,o_hw,0,o_i,NA,o_up,FALSE,why,NO_COG
[2026-09-15T13:55:51.879] Cog0  BM-TS,seq,500,tid,6,k,69,lt,FALSE,pos,0,hw,0,i,15,ph,2_412,d,1_600,e,6,st,SPIN_UP,flt,FALSE,up,TRUE,ig,0,o_pos,0,o_hw,0,o_i,NA,o_up,FALSE,why,NO_COG
[2026-09-15T13:55:51.881] Cog0  BM-TS,seq,501,tid,6,k,70,lt,FALSE,pos,0,hw,0,i,17,ph,2_413,d,1_600,e,6,st,SPIN_UP,flt,FALSE,up,TRUE,ig,0,o_pos,0,o_hw,0,o_i,NA,o_up,FALSE,why,NO_COG
[2026-09-15T13:55:51.883] Cog0  BM-TS,seq,502,tid,6,k,71,lt,FALSE,pos,0,hw,0,i,18,ph,2_412,d,1_600,e,6,st,SPIN_UP,flt,FALSE,up,TRUE,ig,0,o_pos,0,o_hw,0,o_i,NA,o_up,FALSE,why,NO_COG
[2026-09-15T13:55:51.885] Cog0  BM-TS,seq,503,tid,6,k,72,lt,FALSE,pos,0,hw,0,i,14,ph,2_401,d,1_600,e,6,st,SPIN_UP,flt,FALSE,up,TRUE,ig,0,o_pos,0,o_hw,0,o_i,NA,o_up,FALSE,why,NO_COG
[2026-09-15T13:55:51.887] Cog0  BM-TS,seq,504,tid,6,k,73,lt,FALSE,pos,0,hw,0,i,17,ph,2_411,d,1_600,e,7,st,SPIN_UP,flt,FALSE,up,TRUE,ig,0,o_pos,0,o_hw,0,o_i,NA,o_up,FALSE,why,NO_COG
[2026-09-15T13:55:51.889] Cog0  BM-TS,seq,505,tid,6,k,74,lt,FALSE,pos,0,hw,0,i,17,ph,2_411,d,1_600,e,7,st,SPIN_UP,flt,FALSE,up,TRUE,ig,0,o_pos,0,o_hw,0,o_i,NA,o_up,FALSE,why,NO_COG
[2026-09-15T13:55:51.890] Cog0  BM-TS,seq,506,tid,6,k,75,lt,FALSE,pos,0,hw,0,i,17,ph,2_403,d,1_600,e,7,st,SPIN_UP,flt,FALSE,up,TRUE,ig,0,o_pos,0,o_hw,0,o_i,NA,o_up,FALSE,why,NO_COG
[2026-09-15T13:55:51.893] Cog0  BM-TS,seq,507,tid,6,k,76,lt,FALSE,pos,0,hw,0,i,16,ph,2_408,d,1_600,e,8,st,SPIN_UP,flt,FALSE,up,TRUE,ig,0,o_pos,0,o_hw,0,o_i,NA,o_up,FALSE,why,NO_COG
[2026-09-15T13:55:51.895] Cog0  BM-TS,seq,508,tid,6,k,77,lt,FALSE,pos,0,hw,0,i,18,ph,2_408,d,1_600,e,8,st,SPIN_UP,flt,FALSE,up,TRUE,ig,0,o_pos,0,o_hw,0,o_i,NA,o_up,FALSE,why,NO_COG
[2026-09-15T13:55:51.897] Cog0  BM-TS,seq,509,tid,6,k,78,lt,FALSE,pos,0,hw,0,i,15,ph,2_414,d,1_600,e,8,st,SPIN_UP,flt,FALSE,up,TRUE,ig,0,o_pos,0,o_hw,0,o_i,NA,o_up,FALSE,why,NO_COG
[2026-09-15T13:55:51.899] Cog0  BM-TS,seq,510,tid,6,k,79,lt,FALSE,pos,0,hw,0,i,15,ph,2_398,d,1_600,e,8,st,SPIN_UP,flt,FALSE,up,TRUE,ig,0,o_pos,0,o_hw,0,o_i,NA,o_up,FALSE,why,NO_COG
[2026-09-15T13:55:51.900] Cog0  BM-TS,seq,511,tid,6,k,80,lt,FALSE,pos,0,hw,0,i,14,ph,2_410,d,1_600,e,9,st,SPIN_UP,flt,FALSE,up,TRUE,ig,0,o_pos,0,o_hw,0,o_i,NA,o_up,FALSE,why,NO_COG
[2026-09-15T13:55:51.902] Cog0  BM-TS,seq,512,tid,6,k,81,lt,FALSE,pos,0,hw,0,i,17,ph,2_414,d,1_600,e,9,st,SPIN_UP,flt,FALSE,up,TRUE,ig,0,o_pos,0,o_hw,0,o_i,NA,o_up,FALSE,why,NO_COG
[2026-09-15T13:55:51.904] Cog0  BM-TS,seq,513,tid,6,k,82,lt,FALSE,pos,0,hw,0,i,15,ph,2_397,d,1_600,e,9,st,SPIN_UP,flt,FALSE,up,TRUE,ig,0,o_pos,0,o_hw,0,o_i,NA,o_up,FALSE,why,NO_COG
[2026-09-15T13:55:51.906] Cog0  BM-TS,seq,514,tid,6,k,83,lt,FALSE,pos,0,hw,0,i,16,ph,2_409,d,1_600,e,10,st,SPIN_UP,flt,FALSE,up,TRUE,ig,0,o_pos,0,o_hw,0,o_i,NA,o_up,FALSE,why,NO_COG
[2026-09-15T13:55:51.908] Cog0  BM-TS,seq,515,tid,6,k,84,lt,FALSE,pos,0,hw,0,i,15,ph,2_412,d,1_600,e,10,st,SPIN_UP,flt,FALSE,up,TRUE,ig,0,o_pos,0,o_hw,0,o_i,NA,o_up,FALSE,why,NO_COG
[2026-09-15T13:55:51.910] Cog0  BM-TS,seq,516,tid,6,k,85,lt,FALSE,pos,0,hw,0,i,17,ph,2_406,d,1_600,e,10,st,SPIN_UP,flt,FALSE,up,TRUE,ig,0,o_pos,0,o_hw,0,o_i,NA,o_up,FALSE,why,NO_COG
[2026-09-15T13:55:51.912] Cog0  BM-TS,seq,517,tid,6,k,86,lt,FALSE,pos,0,hw,0,i,17,ph,2_410,d,1_600,e,11,st,SPIN_UP,flt,FALSE,up,TRUE,ig,0,o_pos,0,o_hw,0,o_i,NA,o_up,FALSE,why,NO_COG
[2026-09-15T13:55:51.914] Cog0  BM-TS,seq,518,tid,6,k,87,lt,FALSE,pos,0,hw,0,i,17,ph,2_414,d,1_600,e,11,st,SPIN_UP,flt,FALSE,up,TRUE,ig,0,o_pos,0,o_hw,0,o_i,NA,o_up,FALSE,why,NO_COG
[2026-09-15T13:55:51.915] Cog0  BM-TS,seq,519,tid,6,k,88,lt,FALSE,pos,0,hw,0,i,17,ph,2_411,d,1_600,e,12,st,SPIN_UP,flt,FALSE,up,TRUE,ig,0,o_pos,0,o_hw,0,o_i,NA,o_up,FALSE,why,NO_COG
[2026-09-15T13:55:51.917] Cog0  BM-TS,seq,520,tid,6,k,89,lt,FALSE,pos,0,hw,0,i,16,ph,2_413,d,1_600,e,12,st,SPIN_UP,flt,FALSE,up,TRUE,ig,0,o_pos,0,o_hw,0,o_i,NA,o_up,FALSE,why,NO_COG
[2026-09-15T13:55:51.919] Cog0  BM-TS,seq,521,tid,6,k,90,lt,FALSE,pos,0,hw,0,i,16,ph,2_416,d,1_600,e,12,st,SPIN_UP,flt,FALSE,up,TRUE,ig,0,o_pos,0,o_hw,0,o_i,NA,o_up,FALSE,why,NO_COG
[2026-09-15T13:55:51.921] Cog0  BM-TS,seq,522,tid,6,k,91,lt,FALSE,pos,0,hw,0,i,16,ph,2_416,d,1_600,e,13,st,SPIN_UP,flt,FALSE,up,TRUE,ig,0,o_pos,0,o_hw,0,o_i,NA,o_up,FALSE,why,NO_COG
[2026-09-15T13:55:51.923] Cog0  BM-TS,seq,523,tid,6,k,92,lt,FALSE,pos,0,hw,0,i,18,ph,2_421,d,1_600,e,13,st,SPIN_UP,flt,FALSE,up,TRUE,ig,0,o_pos,0,o_hw,0,o_i,NA,o_up,FALSE,why,NO_COG
[2026-09-15T13:55:51.925] Cog0  BM-TS,seq,524,tid,6,k,93,lt,FALSE,pos,0,hw,0,i,16,ph,2_410,d,1_600,e,13,st,SPIN_UP,flt,FALSE,up,TRUE,ig,0,o_pos,0,o_hw,0,o_i,NA,o_up,FALSE,why,NO_COG
[2026-09-15T13:55:51.926] Cog0  BM-TS,seq,525,tid,6,k,94,lt,FALSE,pos,0,hw,0,i,17,ph,2_417,d,1_600,e,14,st,SPIN_UP,flt,FALSE,up,TRUE,ig,0,o_pos,0,o_hw,0,o_i,NA,o_up,FALSE,why,NO_COG
[2026-09-15T13:55:51.929] Cog0  BM-TS,seq,526,tid,6,k,95,lt,FALSE,pos,0,hw,0,i,18,ph,2_418,d,1_600,e,14,st,SPIN_UP,flt,FALSE,up,TRUE,ig,0,o_pos,0,o_hw,0,o_i,NA,o_up,FALSE,why,NO_COG
[2026-09-15T13:55:51.931] Cog0  BM-TS,seq,527,tid,6,k,96,lt,FALSE,pos,0,hw,0,i,15,ph,2_406,d,1_600,e,15,st,SPIN_UP,flt,FALSE,up,TRUE,ig,0,o_pos,0,o_hw,0,o_i,NA,o_up,FALSE,why,NO_COG
[2026-09-15T13:55:51.933] Cog0  BM-TS,seq,528,tid,6,k,97,lt,FALSE,pos,0,hw,0,i,16,ph,2_420,d,1_600,e,15,st,SPIN_UP,flt,FALSE,up,TRUE,ig,0,o_pos,0,o_hw,0,o_i,NA,o_up,FALSE,why,NO_COG
[2026-09-15T13:55:51.935] Cog0  BM-TS,seq,529,tid,6,k,98,lt,FALSE,pos,0,hw,0,i,17,ph,2_419,d,1_600,e,16,st,SPIN_UP,flt,FALSE,up,TRUE,ig,0,o_pos,0,o_hw,0,o_i,NA,o_up,FALSE,why,NO_COG
[2026-09-15T13:55:51.936] Cog0  BM-TS,seq,530,tid,6,k,99,lt,FALSE,pos,0,hw,0,i,15,ph,2_404,d,1_600,e,16,st,SPIN_UP,flt,FALSE,up,TRUE,ig,0,o_pos,0,o_hw,0,o_i,NA,o_up,FALSE,why,NO_COG
[2026-09-15T13:55:51.938] Cog0  BM-TS,seq,531,tid,6,k,100,lt,FALSE,pos,0,hw,0,i,16,ph,2_420,d,1_600,e,17,st,SPIN_UP,flt,FALSE,up,TRUE,ig,0,o_pos,0,o_hw,0,o_i,NA,o_up,FALSE,why,NO_COG
[2026-09-15T13:55:51.940] Cog0  BM-TS,seq,532,tid,6,k,101,lt,FALSE,pos,0,hw,0,i,18,ph,2_432,d,1_600,e,17,st,SPIN_UP,flt,FALSE,up,TRUE,ig,0,o_pos,0,o_hw,0,o_i,NA,o_up,FALSE,why,NO_COG
[2026-09-15T13:55:51.942] Cog0  BM-TS,seq,533,tid,6,k,102,lt,FALSE,pos,0,hw,0,i,15,ph,2_417,d,1_600,e,17,st,SPIN_UP,flt,FALSE,up,TRUE,ig,0,o_pos,0,o_hw,0,o_i,NA,o_up,FALSE,why,NO_COG
[2026-09-15T13:55:51.946] Cog0  BM-TS,seq,534,tid,6,k,103,lt,FALSE,pos,0,hw,0,i,16,ph,2_422,d,1_600,e,18,st,SPIN_UP,flt,FALSE,up,TRUE,ig,0,o_pos,0,o_hw,0,o_i,NA,o_up,FALSE,why,NO_COG
[2026-09-15T13:55:51.949] Cog0  BM-TS,seq,535,tid,6,k,142,lt,FALSE,pos,1,hw,1,i,16,ph,2_454,d,1_600,e,2,st,SPIN_UP,flt,FALSE,up,TRUE,ig,0,o_pos,0,o_hw,0,o_i,NA,o_up,FALSE,why,NO_COG
[2026-09-15T13:55:51.954] Cog0  BM-TS,seq,536,tid,6,k,150,lt,FALSE,pos,1,hw,1,i,17,ph,2_464,d,1_600,e,9,st,SPIN_UP,flt,FALSE,up,TRUE,ig,0,o_pos,0,o_hw,0,o_i,NA,o_up,FALSE,why,NO_COG
[2026-09-15T13:55:51.956] Cog0  BM-TS,seq,537,tid,6,k,192,lt,FALSE,pos,2,hw,2,i,12,ph,2_422,d,1_638,e,19,st,SPIN_UP,flt,FALSE,up,TRUE,ig,0,o_pos,0,o_hw,0,o_i,NA,o_up,FALSE,why,NO_COG
[2026-09-15T13:55:51.959] Cog0  BM-TS,seq,538,tid,6,k,200,lt,FALSE,pos,2,hw,2,i,12,ph,2_454,d,1_600,e,32,st,SPIN_UP,flt,FALSE,up,TRUE,ig,0,o_pos,0,o_hw,0,o_i,NA,o_up,FALSE,why,NO_COG
[2026-09-15T13:55:51.963] Cog0  BM-TS,seq,539,tid,6,k,220,lt,FALSE,pos,3,hw,3,i,14,ph,2_429,d,1_997,e,26,st,SPIN_UP,flt,FALSE,up,TRUE,ig,0,o_pos,0,o_hw,0,o_i,NA,o_up,FALSE,why,NO_COG
[2026-09-15T13:55:51.965] Cog0  BM-TS,seq,540,tid,6,k,244,lt,FALSE,pos,4,hw,4,i,21,ph,2_459,d,2_698,e,37,st,SPIN_UP,flt,FALSE,up,TRUE,ig,0,o_pos,0,o_hw,0,o_i,NA,o_up,FALSE,why,NO_COG
[2026-09-15T13:55:51.967] Cog0  BM-TS,seq,541,tid,6,k,250,lt,FALSE,pos,4,hw,4,i,15,ph,2_487,d,2_517,e,52,st,SPIN_UP,flt,FALSE,up,TRUE,ig,0,o_pos,0,o_hw,0,o_i,NA,o_up,FALSE,why,NO_COG
[2026-09-15T13:55:51.970] Cog0  BM-TS,seq,542,tid,6,k,260,lt,FALSE,pos,5,hw,5,i,20,ph,2_394,d,3_257,e,36,st,SPIN_UP,flt,FALSE,up,TRUE,ig,0,o_pos,0,o_hw,0,o_i,NA,o_up,FALSE,why,NO_COG
[2026-09-15T13:55:51.973] Cog0  BM-TS,seq,543,tid,6,k,272,lt,FALSE,pos,6,hw,6,i,26,ph,2_423,d,3_240,e,27,st,SPIN_UP,flt,FALSE,up,TRUE,ig,0,o_pos,0,o_hw,0,o_i,NA,o_up,FALSE,why,NO_COG
[2026-09-15T13:55:51.976] Cog0  BM-TS,seq,544,tid,6,k,286,lt,FALSE,pos,7,hw,7,i,25,ph,2_434,d,2_895,e,28,st,SPIN_UP,flt,FALSE,up,TRUE,ig,0,o_pos,0,o_hw,0,o_i,NA,o_up,FALSE,why,NO_COG
[2026-09-15T13:55:51.978] Cog0  BM-TS,seq,545,tid,6,k,300,lt,FALSE,pos,8,hw,8,i,20,ph,2_458,d,2_970,e,34,st,SPIN_UP,flt,FALSE,up,TRUE,ig,0,o_pos,0,o_hw,0,o_i,NA,o_up,FALSE,why,NO_COG
[2026-09-15T13:55:51.981] Cog0  BM-TS,seq,546,tid,6,k,312,lt,FALSE,pos,9,hw,9,i,21,ph,2_391,d,3_357,e,37,st,SPIN_UP,flt,FALSE,up,TRUE,ig,0,o_pos,0,o_hw,0,o_i,NA,o_up,FALSE,why,NO_COG
[2026-09-15T13:55:51.983] Cog0  BM-TS,seq,547,tid,6,k,324,lt,FALSE,pos,10,hw,10,i,21,ph,2_498,d,3_790,e,43,st,SPIN_UP,flt,FALSE,up,TRUE,ig,0,o_pos,0,o_hw,0,o_i,NA,o_up,FALSE,why,NO_COG
[2026-09-15T13:55:51.986] Cog0  BM-TS,seq,548,tid,6,k,332,lt,FALSE,pos,11,hw,11,i,26,ph,2_400,d,4_115,e,34,st,SPIN_UP,flt,FALSE,up,TRUE,ig,0,o_pos,0,o_hw,0,o_i,NA,o_up,FALSE,why,NO_COG
[2026-09-15T13:55:51.988] Cog0  BM-TS,seq,549,tid,6,k,340,lt,FALSE,pos,12,hw,12,i,32,ph,2_416,d,4_222,e,27,st,SPIN_UP,flt,FALSE,up,TRUE,ig,0,o_pos,0,o_hw,0,o_i,NA,o_up,FALSE,why,NO_COG
[2026-09-15T13:55:51.991] Cog0  BM-TS,seq,550,tid,6,k,350,lt,FALSE,pos,13,hw,13,i,32,ph,2_415,d,4_124,e,32,st,SPIN_UP,flt,FALSE,up,TRUE,ig,0,o_pos,0,o_hw,0,o_i,NA,o_up,FALSE,why,NO_COG
[2026-09-15T13:55:51.993] Cog0  BM-TS,seq,551,tid,6,k,358,lt,FALSE,pos,14,hw,14,i,30,ph,2_445,d,4_171,e,29,st,SPIN_UP,flt,FALSE,up,TRUE,ig,0,o_pos,0,o_hw,0,o_i,NA,o_up,FALSE,why,NO_COG
[2026-09-15T13:55:51.996] Cog0  BM-TS,seq,552,tid,6,k,368,lt,FALSE,pos,15,hw,15,i,25,ph,2_373,d,4_196,e,38,st,SPIN_UP,flt,FALSE,up,TRUE,ig,0,o_pos,0,o_hw,0,o_i,NA,o_up,FALSE,why,NO_COG
[2026-09-15T13:55:51.998] Cog0  BM-TS,seq,553,tid,6,k,376,lt,FALSE,pos,16,hw,16,i,27,ph,2_493,d,4_536,e,40,st,SPIN_UP,flt,FALSE,up,TRUE,ig,0,o_pos,0,o_hw,0,o_i,NA,o_up,FALSE,why,NO_COG
[2026-09-15T13:55:52.000] Cog0  BM-TS,seq,554,tid,6,k,384,lt,FALSE,pos,17,hw,17,i,30,ph,2_348,d,4_853,e,42,st,SPIN_UP,flt,FALSE,up,TRUE,ig,0,o_pos,0,o_hw,0,o_i,NA,o_up,FALSE,why,NO_COG
[2026-09-15T13:55:52.003] Cog0  BM-TS,seq,555,tid,6,k,390,lt,FALSE,pos,18,hw,18,i,34,ph,2_476,d,5_206,e,35,st,SPIN_UP,flt,FALSE,up,TRUE,ig,0,o_pos,0,o_hw,0,o_i,NA,o_up,FALSE,why,NO_COG
[2026-09-15T13:55:52.005] Cog0  BM-TS,seq,556,tid,6,k,398,lt,FALSE,pos,19,hw,19,i,36,ph,2_348,d,5_248,e,42,st,SPIN_UP,flt,FALSE,up,TRUE,ig,0,o_pos,0,o_hw,0,o_i,NA,o_up,FALSE,why,NO_COG
[2026-09-15T13:55:52.007] Cog0  BM-TS,seq,557,tid,6,k,400,lt,FALSE,pos,19,hw,19,i,40,ph,2_303,d,5_248,e,53,st,SPIN_UP,flt,FALSE,up,TRUE,ig,0,o_pos,0,o_hw,0,o_i,NA,o_up,FALSE,why,NO_COG
[2026-09-15T13:55:52.009] Cog0  BM-TS,seq,558,tid,6,k,404,lt,FALSE,pos,20,hw,20,i,41,ph,2_493,d,5_403,e,37,st,SPIN_UP,flt,FALSE,up,TRUE,ig,0,o_pos,0,o_hw,0,o_i,NA,o_up,FALSE,why,NO_COG
[2026-09-15T13:55:52.011] Cog0  BM-TS,seq,559,tid,6,k,410,lt,FALSE,pos,21,hw,21,i,43,ph,2_393,d,5_447,e,33,st,SPIN_UP,flt,FALSE,up,TRUE,ig,0,o_pos,0,o_hw,0,o_i,NA,o_up,FALSE,why,NO_COG
[2026-09-15T13:55:52.014] Cog0  BM-TS,seq,560,tid,6,k,418,lt,FALSE,pos,22,hw,22,i,41,ph,2_524,d,5_464,e,43,st,SPIN_UP,flt,FALSE,up,TRUE,ig,0,o_pos,0,o_hw,0,o_i,NA,o_up,FALSE,why,NO_COG
[2026-09-15T13:55:52.016] Cog0  BM-TS,seq,561,tid,6,k,424,lt,FALSE,pos,23,hw,23,i,41,ph,2_324,d,5_618,e,43,st,SPIN_UP,flt,FALSE,up,TRUE,ig,0,o_pos,0,o_hw,0,o_i,NA,o_up,FALSE,why,NO_COG
[2026-09-15T13:55:52.018] Cog0  BM-TS,seq,562,tid,6,k,430,lt,FALSE,pos,24,hw,24,i,40,ph,2_541,d,5_719,e,43,st,SPIN_UP,flt,FALSE,up,TRUE,ig,0,o_pos,0,o_hw,0,o_i,NA,o_up,FALSE,why,NO_COG
[2026-09-15T13:55:52.021] Cog0  BM-TS,seq,563,tid,6,k,436,lt,FALSE,pos,25,hw,25,i,42,ph,2_335,d,5_923,e,44,st,SPIN_UP,flt,FALSE,up,TRUE,ig,0,o_pos,0,o_hw,0,o_i,NA,o_up,FALSE,why,NO_COG
[2026-09-15T13:55:52.023] Cog0  BM-TS,seq,564,tid,6,k,442,lt,FALSE,pos,26,hw,26,i,41,ph,2_567,d,6_118,e,47,st,SPIN_UP,flt,FALSE,up,TRUE,ig,0,o_pos,0,o_hw,0,o_i,NA,o_up,FALSE,why,NO_COG
[2026-09-15T13:55:52.025] Cog0  BM-TS,seq,565,tid,6,k,446,lt,FALSE,pos,27,hw,27,i,45,ph,2_373,d,6_390,e,36,st,SPIN_UP,flt,FALSE,up,TRUE,ig,0,o_pos,0,o_hw,0,o_i,NA,o_up,FALSE,why,NO_COG
[2026-09-15T13:55:52.027] Cog0  BM-TS,seq,566,tid,6,k,450,lt,FALSE,pos,27,hw,27,i,47,ph,2_369,d,6_444,e,67,st,SPIN_UP,flt,FALSE,up,TRUE,ig,0,o_pos,0,o_hw,0,o_i,NA,o_up,FALSE,why,NO_COG
[2026-09-15T13:55:52.029] Cog0  BM-TS,seq,567,tid,6,k,452,lt,FALSE,pos,28,hw,28,i,53,ph,2_513,d,6_558,e,39,st,SPIN_UP,flt,FALSE,up,TRUE,ig,0,o_pos,0,o_hw,0,o_i,NA,o_up,FALSE,why,NO_COG
[2026-09-15T13:55:52.031] Cog0  BM-TS,seq,568,tid,6,k,458,lt,FALSE,pos,29,hw,29,i,50,ph,2_301,d,6_657,e,45,st,SPIN_UP,flt,FALSE,up,TRUE,ig,0,o_pos,0,o_hw,0,o_i,NA,o_up,FALSE,why,NO_COG
[2026-09-15T13:55:52.034] Cog0  BM-TS,seq,569,tid,6,k,462,lt,FALSE,pos,30,hw,30,i,58,ph,2_504,d,6_842,e,36,st,SPIN_UP,flt,FALSE,up,TRUE,ig,0,o_pos,0,o_hw,0,o_i,NA,o_up,FALSE,why,NO_COG
[2026-09-15T13:55:52.036] Cog0  BM-TS,seq,570,tid,6,k,468,lt,FALSE,pos,31,hw,31,i,57,ph,2_306,d,6_932,e,44,st,SPIN_UP,flt,FALSE,up,TRUE,ig,0,o_pos,0,o_hw,0,o_i,NA,o_up,FALSE,why,NO_COG
[2026-09-15T13:55:52.038] Cog0  BM-TS,seq,571,tid,6,k,472,lt,FALSE,pos,32,hw,32,i,64,ph,2_501,d,7_121,e,35,st,SPIN_UP,flt,FALSE,up,TRUE,ig,0,o_pos,0,o_hw,0,o_i,NA,o_up,FALSE,why,NO_COG
[2026-09-15T13:55:52.040] Cog0  BM-TS,seq,572,tid,6,k,478,lt,FALSE,pos,33,hw,33,i,58,ph,2_281,d,7_160,e,46,st,SPIN_UP,flt,FALSE,up,TRUE,ig,0,o_pos,0,o_hw,0,o_i,NA,o_up,FALSE,why,NO_COG
[2026-09-15T13:55:52.043] Cog0  BM-TS,seq,573,tid,6,k,482,lt,FALSE,pos,34,hw,34,i,64,ph,2_500,d,7_377,e,38,st,SPIN_UP,flt,FALSE,up,TRUE,ig,0,o_pos,0,o_hw,0,o_i,NA,o_up,FALSE,why,NO_COG
[2026-09-15T13:55:52.044] Cog0  BM-TS,seq,574,tid,6,k,488,lt,FALSE,pos,35,hw,35,i,66,ph,2_244,d,7_493,e,50,st,SPIN_UP,flt,FALSE,up,TRUE,ig,0,o_pos,0,o_hw,0,o_i,NA,o_up,FALSE,why,NO_COG
[2026-09-15T13:55:52.047] Cog0  BM-TS,seq,575,tid,6,k,492,lt,FALSE,pos,36,hw,36,i,67,ph,2_572,d,7_630,e,47,st,SPIN_UP,flt,FALSE,up,TRUE,ig,0,o_pos,0,o_hw,0,o_i,NA,o_up,FALSE,why,NO_COG
[2026-09-15T13:55:52.049] Cog0  BM-TS,seq,576,tid,6,k,496,lt,FALSE,pos,37,hw,37,i,69,ph,2_327,d,7_802,e,41,st,SPIN_UP,flt,FALSE,up,TRUE,ig,0,o_pos,0,o_hw,0,o_i,NA,o_up,FALSE,why,NO_COG
[2026-09-15T13:55:52.051] Cog0  BM-TS,seq,577,tid,6,k,500,lt,FALSE,pos,38,hw,38,i,77,ph,2_501,d,7_977,e,36,st,SPIN_UP,flt,FALSE,up,TRUE,ig,0,o_pos,0,o_hw,0,o_i,NA,o_up,FALSE,why,NO_COG
[2026-09-15T13:55:52.053] Cog0  BM-TS,seq,578,tid,6,k,504,lt,FALSE,pos,39,hw,39,i,81,ph,2_397,d,8_095,e,32,st,SPIN_UP,flt,FALSE,up,TRUE,ig,0,o_pos,0,o_hw,0,o_i,NA,o_up,FALSE,why,NO_COG
[2026-09-15T13:55:52.055] Cog0  BM-TS,seq,579,tid,6,k,510,lt,FALSE,pos,40,hw,40,i,75,ph,2_611,d,8_164,e,49,st,SPIN_UP,flt,FALSE,up,TRUE,ig,0,o_pos,0,o_hw,0,o_i,NA,o_up,FALSE,why,NO_COG
[2026-09-15T13:55:52.058] Cog0  BM-TS,seq,580,tid,6,k,514,lt,FALSE,pos,41,hw,41,i,77,ph,2_228,d,8_304,e,49,st,SPIN_UP,flt,FALSE,up,TRUE,ig,0,o_pos,0,o_hw,0,o_i,NA,o_up,FALSE,why,NO_COG
[2026-09-15T13:55:52.060] Cog0  BM-TS,seq,581,tid,6,k,518,lt,FALSE,pos,42,hw,42,i,80,ph,2_617,d,8_414,e,47,st,SPIN_UP,flt,FALSE,up,TRUE,ig,0,o_pos,0,o_hw,0,o_i,NA,o_up,FALSE,why,NO_COG
[2026-09-15T13:55:52.062] Cog0  BM-TS,seq,582,tid,6,k,522,lt,FALSE,pos,43,hw,43,i,86,ph,2_280,d,8_576,e,45,st,SPIN_UP,flt,FALSE,up,TRUE,ig,0,o_pos,0,o_hw,0,o_i,NA,o_up,FALSE,why,NO_COG
[2026-09-15T13:55:52.064] Cog0  BM-TS,seq,583,tid,6,k,526,lt,FALSE,pos,44,hw,44,i,88,ph,2_614,d,8_705,e,47,st,SPIN_UP,flt,FALSE,up,TRUE,ig,0,o_pos,0,o_hw,0,o_i,NA,o_up,FALSE,why,NO_COG
[2026-09-15T13:55:52.066] Cog0  BM-TS,seq,584,tid,6,k,530,lt,FALSE,pos,45,hw,45,i,88,ph,2_246,d,8_813,e,46,st,SPIN_UP,flt,FALSE,up,TRUE,ig,0,o_pos,0,o_hw,0,o_i,NA,o_up,FALSE,why,NO_COG
[2026-09-15T13:55:52.068] Cog0  BM-TS,seq,585,tid,6,k,534,lt,FALSE,pos,46,hw,46,i,87,ph,2_601,d,8_996,e,47,st,SPIN_UP,flt,FALSE,up,TRUE,ig,0,o_pos,0,o_hw,0,o_i,NA,o_up,FALSE,why,NO_COG
[2026-09-15T13:55:52.070] Cog0  BM-TS,seq,586,tid,6,k,538,lt,FALSE,pos,47,hw,47,i,94,ph,2_222,d,9_142,e,50,st,SPIN_UP,flt,FALSE,up,TRUE,ig,0,o_pos,0,o_hw,0,o_i,NA,o_up,FALSE,why,NO_COG
[2026-09-15T13:55:52.073] Cog0  BM-TS,seq,587,tid,6,k,542,lt,FALSE,pos,48,hw,48,i,97,ph,2_667,d,9_269,e,52,st,SPIN_UP,flt,FALSE,up,TRUE,ig,0,o_pos,0,o_hw,0,o_i,NA,o_up,FALSE,why,NO_COG
[2026-09-15T13:55:52.074] Cog0  BM-TS,seq,588,tid,6,k,546,lt,FALSE,pos,49,hw,49,i,99,ph,2_217,d,9_430,e,54,st,SPIN_UP,flt,FALSE,up,TRUE,ig,0,o_pos,0,o_hw,0,o_i,NA,o_up,FALSE,why,NO_COG
[2026-09-15T13:55:52.077] Cog0  BM-TS,seq,589,tid,6,k,548,lt,FALSE,pos,50,hw,50,i,108,ph,2_509,d,9_600,e,35,st,SPIN_UP,flt,FALSE,up,TRUE,ig,0,o_pos,0,o_hw,0,o_i,NA,o_up,FALSE,why,NO_COG
[2026-09-15T13:55:52.078] Cog0  BM-TS,seq,590,tid,6,k,550,lt,FALSE,pos,50,hw,50,i,99,ph,2_620,d,9_583,e,57,st,SPIN_UP,flt,FALSE,up,TRUE,ig,0,o_pos,0,o_hw,0,o_i,NA,o_up,FALSE,why,NO_COG
[2026-09-15T13:55:52.081] Cog0  BM-TS,seq,591,tid,6,k,552,lt,FALSE,pos,51,hw,51,i,107,ph,2_318,d,9_707,e,39,st,SPIN_UP,flt,FALSE,up,TRUE,ig,0,o_pos,0,o_hw,0,o_i,NA,o_up,FALSE,why,NO_COG
[2026-09-15T13:55:52.083] Cog0  BM-TS,seq,592,tid,6,k,556,lt,FALSE,pos,52,hw,52,i,117,ph,2_578,d,9_856,e,42,st,SPIN_UP,flt,FALSE,up,TRUE,ig,0,o_pos,0,o_hw,0,o_i,NA,o_up,FALSE,why,NO_COG
[2026-09-15T13:55:52.085] Cog0  BM-TS,seq,593,tid,6,k,560,lt,FALSE,pos,53,hw,53,i,113,ph,2_188,d,9_951,e,50,st,SPIN_UP,flt,FALSE,up,TRUE,ig,0,o_pos,0,o_hw,0,o_i,NA,o_up,FALSE,why,NO_COG
[2026-09-15T13:55:52.087] Cog0  BM-TS,seq,594,tid,6,k,564,lt,FALSE,pos,54,hw,54,i,108,ph,2_655,d,10_065,e,55,st,SPIN_UP,flt,FALSE,up,TRUE,ig,0,o_pos,0,o_hw,0,o_i,NA,o_up,FALSE,why,NO_COG
[2026-09-15T13:55:52.089] Cog0  BM-TS,seq,595,tid,6,k,566,lt,FALSE,pos,55,hw,55,i,129,ph,2_317,d,10_234,e,38,st,SPIN_UP,flt,FALSE,up,TRUE,ig,0,o_pos,0,o_hw,0,o_i,NA,o_up,FALSE,why,NO_COG
[2026-09-15T13:55:52.091] Cog0  BM-TS,seq,596,tid,6,k,570,lt,FALSE,pos,56,hw,56,i,121,ph,2_619,d,10_323,e,44,st,SPIN_UP,flt,FALSE,up,TRUE,ig,0,o_pos,0,o_hw,0,o_i,NA,o_up,FALSE,why,NO_COG
[2026-09-15T13:55:52.094] Cog0  BM-TS,seq,597,tid,6,k,574,lt,FALSE,pos,57,hw,57,i,121,ph,2_160,d,10_427,e,51,st,SPIN_UP,flt,FALSE,up,TRUE,ig,0,o_pos,0,o_hw,0,o_i,NA,o_up,FALSE,why,NO_COG
[2026-09-15T13:55:52.095] Cog0  BM-TS,seq,598,tid,6,k,576,lt,FALSE,pos,58,hw,58,i,123,ph,2_494,d,10_619,e,35,st,SPIN_UP,flt,FALSE,up,TRUE,ig,0,o_pos,0,o_hw,0,o_i,NA,o_up,FALSE,why,NO_COG
[2026-09-15T13:55:52.098] Cog0  BM-TS,seq,599,tid,6,k,580,lt,FALSE,pos,59,hw,59,i,129,ph,2_246,d,10_718,e,43,st,SPIN_UP,flt,FALSE,up,TRUE,ig,0,o_pos,0,o_hw,0,o_i,NA,o_up,FALSE,why,NO_COG
[2026-09-15T13:55:52.100] Cog0  BM-TS,seq,600,tid,6,k,584,lt,FALSE,pos,60,hw,60,i,134,ph,2_694,d,10_790,e,55,st,SPIN_UP,flt,FALSE,up,TRUE,ig,0,o_pos,0,o_hw,0,o_i,NA,o_up,FALSE,why,NO_COG
[2026-09-15T13:55:52.102] Cog0  BM-TS,seq,601,tid,6,k,586,lt,FALSE,pos,61,hw,61,i,135,ph,2_348,d,10_949,e,36,st,SPIN_UP,flt,FALSE,up,TRUE,ig,0,o_pos,0,o_hw,0,o_i,NA,o_up,FALSE,why,NO_COG
[2026-09-15T13:55:52.104] Cog0  BM-TS,seq,602,tid,6,k,590,lt,FALSE,pos,62,hw,62,i,145,ph,2_643,d,11_078,e,45,st,SPIN_UP,flt,FALSE,up,TRUE,ig,0,o_pos,0,o_hw,0,o_i,NA,o_up,FALSE,why,NO_COG
[2026-09-15T13:55:52.106] Cog0  BM-TS,seq,603,tid,6,k,594,lt,FALSE,pos,63,hw,63,i,128,ph,2_233,d,11_160,e,59,st,SPIN_UP,flt,FALSE,up,TRUE,ig,0,o_pos,0,o_hw,0,o_i,NA,o_up,FALSE,why,NO_COG
[2026-09-15T13:55:52.108] Cog0  BM-TS,seq,604,tid,6,k,596,lt,FALSE,pos,64,hw,64,i,148,ph,2_584,d,11_256,e,41,st,SPIN_UP,flt,FALSE,up,TRUE,ig,0,o_pos,0,o_hw,0,o_i,NA,o_up,FALSE,why,NO_COG
[2026-09-15T13:55:52.110] Cog0  BM-TS,seq,605,tid,6,k,600,lt,FALSE,pos,65,hw,65,i,135,ph,2_197,d,11_362,e,56,st,SPIN_UP,flt,FALSE,up,TRUE,ig,0,o_pos,0,o_hw,0,o_i,NA,o_up,FALSE,why,NO_COG
[2026-09-15T13:55:52.112] Cog0  BM-TS,seq,606,tid,6,k,602,lt,FALSE,pos,66,hw,66,i,154,ph,2_566,d,11_505,e,39,st,SPIN_UP,flt,FALSE,up,TRUE,ig,0,o_pos,0,o_hw,0,o_i,NA,o_up,FALSE,why,NO_COG
[2026-09-15T13:55:52.115] Cog0  BM-TS,seq,607,tid,6,k,606,lt,FALSE,pos,67,hw,67,i,145,ph,2_185,d,11_642,e,55,st,SPIN_UP,flt,FALSE,up,TRUE,ig,0,o_pos,0,o_hw,0,o_i,NA,o_up,FALSE,why,NO_COG
[2026-09-15T13:55:52.116] Cog0  BM-TS,seq,608,tid,6,k,608,lt,FALSE,pos,68,hw,68,i,158,ph,2_555,d,11_763,e,38,st,SPIN_UP,flt,FALSE,up,TRUE,ig,0,o_pos,0,o_hw,0,o_i,NA,o_up,FALSE,why,NO_COG
[2026-09-15T13:55:52.119] Cog0  BM-TS,seq,609,tid,6,k,612,lt,FALSE,pos,69,hw,69,i,154,ph,2_158,d,11_893,e,55,st,SPIN_UP,flt,FALSE,up,TRUE,ig,0,o_pos,0,o_hw,0,o_i,NA,o_up,FALSE,why,NO_COG
[2026-09-15T13:55:52.121] Cog0  BM-TS,seq,610,tid,6,k,614,lt,FALSE,pos,70,hw,70,i,162,ph,2_558,d,12_012,e,39,st,SPIN_UP,flt,FALSE,up,TRUE,ig,0,o_pos,0,o_hw,0,o_i,NA,o_up,FALSE,why,NO_COG
[2026-09-15T13:55:52.123] Cog0  BM-TS,seq,611,tid,6,k,618,lt,FALSE,pos,71,hw,71,i,160,ph,2_188,d,12_128,e,57,st,SPIN_UP,flt,FALSE,up,TRUE,ig,0,o_pos,0,o_hw,0,o_i,NA,o_up,FALSE,why,NO_COG
[2026-09-15T13:55:52.125] Cog0  BM-TS,seq,612,tid,6,k,620,lt,FALSE,pos,72,hw,72,i,174,ph,2_608,d,12_259,e,42,st,SPIN_UP,flt,FALSE,up,TRUE,ig,0,o_pos,0,o_hw,0,o_i,NA,o_up,FALSE,why,NO_COG
[2026-09-15T13:55:52.127] Cog0  BM-TS,seq,613,tid,6,k,624,lt,FALSE,pos,73,hw,73,i,167,ph,2_197,d,12_371,e,61,st,SPIN_UP,flt,FALSE,up,TRUE,ig,0,o_pos,0,o_hw,0,o_i,NA,o_up,FALSE,why,NO_COG
[2026-09-15T13:55:52.129] Cog0  BM-TS,seq,614,tid,6,k,626,lt,FALSE,pos,74,hw,74,i,171,ph,2_676,d,12_471,e,46,st,SPIN_UP,flt,FALSE,up,TRUE,ig,0,o_pos,0,o_hw,0,o_i,NA,o_up,FALSE,why,NO_COG
[2026-09-15T13:55:52.131] Cog0  BM-TS,seq,615,tid,6,k,628,lt,FALSE,pos,75,hw,75,i,171,ph,2_339,d,12_614,e,35,st,SPIN_UP,flt,FALSE,up,TRUE,ig,0,o_pos,0,o_hw,0,o_i,NA,o_up,FALSE,why,NO_COG
[2026-09-15T13:55:52.133] Cog0  BM-TS,seq,616,tid,6,k,632,lt,FALSE,pos,76,hw,76,i,170,ph,2_729,d,12_673,e,52,st,SPIN_UP,flt,FALSE,up,TRUE,ig,0,o_pos,0,o_hw,0,o_i,NA,o_up,FALSE,why,NO_COG
[2026-09-15T13:55:52.135] Cog0  BM-TS,seq,617,tid,6,k,634,lt,FALSE,pos,77,hw,77,i,171,ph,2_239,d,12_784,e,41,st,SPIN_UP,flt,FALSE,up,TRUE,ig,0,o_pos,0,o_hw,0,o_i,NA,o_up,FALSE,why,NO_COG
[2026-09-15T13:55:52.138] Cog0  BM-TS,seq,618,tid,6,k,638,lt,FALSE,pos,78,hw,78,i,165,ph,2_650,d,12_898,e,59,st,SPIN_UP,flt,FALSE,up,TRUE,ig,0,o_pos,0,o_hw,0,o_i,NA,o_up,FALSE,why,NO_COG
[2026-09-15T13:55:52.139] Cog0  BM-TS,seq,619,tid,6,k,640,lt,FALSE,pos,79,hw,79,i,171,ph,2_132,d,12_986,e,49,st,SPIN_UP,flt,FALSE,up,TRUE,ig,0,o_pos,0,o_hw,0,o_i,NA,o_up,FALSE,why,NO_COG
[2026-09-15T13:55:52.142] Cog0  BM-TS,seq,620,tid,6,k,642,lt,FALSE,pos,80,hw,80,i,192,ph,2_521,d,13_119,e,36,st,SPIN_UP,flt,FALSE,up,TRUE,ig,0,o_pos,0,o_hw,0,o_i,NA,o_up,FALSE,why,NO_COG
[2026-09-15T13:55:52.144] Cog0  BM-TS,seq,621,tid,6,k,646,lt,FALSE,pos,81,hw,81,i,168,ph,2_192,d,13_201,e,59,st,SPIN_UP,flt,FALSE,up,TRUE,ig,0,o_pos,0,o_hw,0,o_i,NA,o_up,FALSE,why,NO_COG
[2026-09-15T13:55:52.146] Cog0  BM-TS,seq,622,tid,6,k,648,lt,FALSE,pos,82,hw,82,i,190,ph,2_665,d,13_303,e,46,st,SPIN_UP,flt,FALSE,up,TRUE,ig,0,o_pos,0,o_hw,0,o_i,NA,o_up,FALSE,why,NO_COG
[2026-09-15T13:55:52.148] Cog0  BM-TS,seq,623,tid,6,k,650,lt,FALSE,pos,83,hw,83,i,183,ph,2_290,d,13_414,e,37,st,SPIN_UP,flt,FALSE,up,TRUE,ig,0,o_pos,0,o_hw,0,o_i,NA,o_up,FALSE,why,NO_COG
[2026-09-15T13:55:52.150] Cog0  BM-TS,seq,624,tid,6,k,654,lt,FALSE,pos,84,hw,84,i,176,ph,2_680,d,13_508,e,58,st,SPIN_UP,flt,FALSE,up,TRUE,ig,0,o_pos,0,o_hw,0,o_i,NA,o_up,FALSE,why,NO_COG
[2026-09-15T13:55:52.152] Cog0  BM-TS,seq,625,tid,6,k,656,lt,FALSE,pos,85,hw,85,i,184,ph,2_116,d,13_597,e,50,st,SPIN_UP,flt,FALSE,up,TRUE,ig,0,o_pos,0,o_hw,0,o_i,NA,o_up,FALSE,why,NO_COG
[2026-09-15T13:55:52.154] Cog0  BM-TS,seq,626,tid,6,k,658,lt,FALSE,pos,86,hw,86,i,190,ph,2_637,d,13_714,e,42,st,SPIN_UP,flt,FALSE,up,TRUE,ig,0,o_pos,0,o_hw,0,o_i,NA,o_up,FALSE,why,NO_COG
[2026-09-15T13:55:52.156] Cog0  BM-TS,seq,627,tid,6,k,662,lt,FALSE,pos,87,hw,87,i,167,ph,2_266,d,13_860,e,65,st,SPIN_UP,flt,FALSE,up,TRUE,ig,0,o_pos,0,o_hw,0,o_i,NA,o_up,FALSE,why,NO_COG
[2026-09-15T13:55:52.158] Cog0  BM-TS,seq,628,tid,6,k,664,lt,FALSE,pos,88,hw,88,i,199,ph,2_679,d,13_943,e,57,st,SPIN_UP,flt,FALSE,up,TRUE,ig,0,o_pos,0,o_hw,0,o_i,NA,o_up,FALSE,why,NO_COG
[2026-09-15T13:55:52.160] Cog0  BM-TS,seq,629,tid,6,k,666,lt,FALSE,pos,89,hw,89,i,198,ph,2_143,d,14_034,e,45,st,SPIN_UP,flt,FALSE,up,TRUE,ig,0,o_pos,0,o_hw,0,o_i,NA,o_up,FALSE,why,NO_COG
[2026-09-15T13:55:52.162] Cog0  BM-TS,seq,630,tid,6,k,668,lt,FALSE,pos,90,hw,90,i,192,ph,2_586,d,14_163,e,38,st,SPIN_UP,flt,FALSE,up,TRUE,ig,0,o_pos,0,o_hw,0,o_i,NA,o_up,FALSE,why,NO_COG
[2026-09-15T13:55:52.165] Cog0  BM-TS,seq,631,tid,6,k,672,lt,FALSE,pos,91,hw,91,i,190,ph,2_263,d,14_258,e,63,st,SPIN_UP,flt,FALSE,up,TRUE,ig,0,o_pos,0,o_hw,0,o_i,NA,o_up,FALSE,why,NO_COG
[2026-09-15T13:55:52.166] Cog0  BM-TS,seq,632,tid,6,k,674,lt,FALSE,pos,92,hw,92,i,180,ph,2_716,d,14_323,e,57,st,SPIN_UP,flt,FALSE,up,TRUE,ig,0,o_pos,0,o_hw,0,o_i,NA,o_up,FALSE,why,NO_COG
[2026-09-15T13:55:52.168] Cog0  BM-TS,seq,633,tid,6,k,676,lt,FALSE,pos,93,hw,93,i,218,ph,2_136,d,14_387,e,50,st,SPIN_UP,flt,FALSE,up,TRUE,ig,0,o_pos,0,o_hw,0,o_i,NA,o_up,FALSE,why,NO_COG
[2026-09-15T13:55:52.171] Cog0  BM-TS,seq,634,tid,6,k,678,lt,FALSE,pos,94,hw,94,i,205,ph,2_589,d,14_474,e,40,st,SPIN_UP,flt,FALSE,up,TRUE,ig,0,o_pos,0,o_hw,0,o_i,NA,o_up,FALSE,why,NO_COG
[2026-09-15T13:55:52.173] Cog0  BM-TS,seq,635,tid,6,k,682,lt,FALSE,pos,95,hw,95,i,196,ph,2_299,d,14_653,e,71,st,SPIN_UP,flt,FALSE,up,TRUE,ig,0,o_pos,0,o_hw,0,o_i,NA,o_up,FALSE,why,NO_COG
[2026-09-15T13:55:52.175] Cog0  BM-TS,seq,636,tid,6,k,684,lt,FALSE,pos,96,hw,96,i,190,ph,2_653,d,14_721,e,61,st,SPIN_UP,flt,FALSE,up,TRUE,ig,0,o_pos,0,o_hw,0,o_i,NA,o_up,FALSE,why,NO_COG
[2026-09-15T13:55:52.177] Cog0  BM-TS,seq,637,tid,6,k,686,lt,FALSE,pos,97,hw,97,i,196,ph,2_144,d,14_809,e,56,st,SPIN_UP,flt,FALSE,up,TRUE,ig,0,o_pos,0,o_hw,0,o_i,NA,o_up,FALSE,why,NO_COG
[2026-09-15T13:55:52.179] Cog0  BM-TS,seq,638,tid,6,k,688,lt,FALSE,pos,98,hw,98,i,225,ph,2_714,d,14_922,e,46,st,SPIN_UP,flt,FALSE,up,TRUE,ig,0,o_pos,0,o_hw,0,o_i,NA,o_up,FALSE,why,NO_COG
[2026-09-15T13:55:52.181] Cog0  BM-TS,seq,639,tid,6,k,690,lt,FALSE,pos,99,hw,99,i,205,ph,2_204,d,15_017,e,42,st,SPIN_UP,flt,FALSE,up,TRUE,ig,0,o_pos,0,o_hw,0,o_i,NA,o_up,FALSE,why,NO_COG
[2026-09-15T13:55:52.183] Cog0  BM-TS,seq,640,tid,6,k,694,lt,FALSE,pos,100,hw,100,i,213,ph,2_446,d,15_220,e,71,st,SPIN_UP,flt,FALSE,up,TRUE,ig,0,o_pos,0,o_hw,0,o_i,NA,o_up,FALSE,why,NO_COG
[2026-09-15T13:55:52.185] Cog0  BM-TS,seq,641,tid,6,k,696,lt,FALSE,pos,101,hw,101,i,192,ph,2_288,d,15_284,e,67,st,SPIN_UP,flt,FALSE,up,TRUE,ig,0,o_pos,0,o_hw,0,o_i,NA,o_up,FALSE,why,NO_COG
[2026-09-15T13:55:52.187] Cog0  BM-TS,seq,642,tid,6,k,698,lt,FALSE,pos,102,hw,102,i,200,ph,2_631,d,15_358,e,63,st,SPIN_UP,flt,FALSE,up,TRUE,ig,0,o_pos,0,o_hw,0,o_i,NA,o_up,FALSE,why,NO_COG
[2026-09-15T13:55:52.189] Cog0  BM-TS,seq,643,tid,6,k,700,lt,FALSE,pos,103,hw,103,i,222,ph,2_089,d,15_440,e,54,st,SPIN_UP,flt,FALSE,up,TRUE,ig,0,o_pos,0,o_hw,0,o_i,NA,o_up,FALSE,why,NO_COG
[2026-09-15T13:55:52.191] Cog0  BM-TS,seq,644,tid,6,k,702,lt,FALSE,pos,104,hw,104,i,209,ph,2_811,d,15_509,e,51,st,SPIN_UP,flt,FALSE,up,TRUE,ig,0,o_pos,0,o_hw,0,o_i,NA,o_up,FALSE,why,NO_COG
[2026-09-15T13:55:52.193] Cog0  BM-TS,seq,645,tid,6,k,704,lt,FALSE,pos,105,hw,105,i,224,ph,2_084,d,15_592,e,48,st,SPIN_UP,flt,FALSE,up,TRUE,ig,0,o_pos,0,o_hw,0,o_i,NA,o_up,FALSE,why,NO_COG
[2026-09-15T13:55:52.195] Cog0  BM-TS,seq,646,tid,6,k,706,lt,FALSE,pos,106,hw,106,i,231,ph,2_598,d,15_712,e,40,st,SPIN_UP,flt,FALSE,up,TRUE,ig,0,o_pos,0,o_hw,0,o_i,NA,o_up,FALSE,why,NO_COG
[2026-09-15T13:55:52.198] Cog0  BM-TS,seq,647,tid,6,k,708,lt,FALSE,pos,107,hw,107,i,218,ph,2_268,d,15_824,e,37,st,SPIN_UP,flt,FALSE,up,TRUE,ig,0,o_pos,0,o_hw,0,o_i,NA,o_up,FALSE,why,NO_COG
[2026-09-15T13:55:52.199] Cog0  BM-TS,seq,648,tid,6,k,712,lt,FALSE,pos,108,hw,108,i,218,ph,2_502,d,16_001,e,70,st,SPIN_UP,flt,FALSE,up,TRUE,ig,0,o_pos,0,o_hw,0,o_i,NA,o_up,FALSE,why,NO_COG
[2026-09-15T13:55:52.202] Cog0  BM-TS,seq,649,tid,6,k,714,lt,FALSE,pos,109,hw,109,i,208,ph,2_333,d,16_094,e,68,st,SPIN_UP,flt,FALSE,up,TRUE,ig,0,o_pos,0,o_hw,0,o_i,NA,o_up,FALSE,why,NO_COG
[2026-09-15T13:55:52.204] Cog0  BM-TS,seq,650,tid,6,k,716,lt,FALSE,pos,110,hw,110,i,232,ph,2_574,d,16_177,e,66,st,SPIN_UP,flt,FALSE,up,TRUE,ig,0,o_pos,0,o_hw,0,o_i,NA,o_up,FALSE,why,NO_COG
[2026-09-15T13:55:52.206] Cog0  BM-TS,seq,651,tid,6,k,718,lt,FALSE,pos,111,hw,111,i,231,ph,2_128,d,16_254,e,59,st,SPIN_UP,flt,FALSE,up,TRUE,ig,0,o_pos,0,o_hw,0,o_i,NA,o_up,FALSE,why,NO_COG
[2026-09-15T13:55:52.208] Cog0  BM-TS,seq,652,tid,6,k,720,lt,FALSE,pos,112,hw,112,i,218,ph,2_706,d,16_359,e,58,st,SPIN_UP,flt,FALSE,up,TRUE,ig,0,o_pos,0,o_hw,0,o_i,NA,o_up,FALSE,why,NO_COG
[2026-09-15T13:55:52.210] Cog0  BM-TS,seq,653,tid,6,k,722,lt,FALSE,pos,113,hw,113,i,263,ph,2_013,d,16_442,e,56,st,SPIN_UP,flt,FALSE,up,TRUE,ig,0,o_pos,0,o_hw,0,o_i,NA,o_up,FALSE,why,NO_COG
[2026-09-15T13:55:52.212] Cog0  BM-TS,seq,654,tid,6,k,724,lt,FALSE,pos,114,hw,114,i,240,ph,2_817,d,16_509,e,50,st,SPIN_UP,flt,FALSE,up,TRUE,ig,0,o_pos,0,o_hw,0,o_i,NA,o_up,FALSE,why,NO_COG
[2026-09-15T13:55:52.214] Cog0  BM-TS,seq,655,tid,6,k,726,lt,FALSE,pos,115,hw,115,i,235,ph,2_058,d,16_615,e,49,st,SPIN_UP,flt,FALSE,up,TRUE,ig,0,o_pos,0,o_hw,0,o_i,NA,o_up,FALSE,why,NO_COG
[2026-09-15T13:55:52.216] Cog0  BM-TS,seq,656,tid,6,k,728,lt,FALSE,pos,116,hw,116,i,268,ph,2_706,d,16_701,e,49,st,SPIN_UP,flt,FALSE,up,TRUE,ig,0,o_pos,0,o_hw,0,o_i,NA,o_up,FALSE,why,NO_COG
[2026-09-15T13:55:52.218] Cog0  BM-TS,seq,657,tid,6,k,730,lt,FALSE,pos,117,hw,117,i,240,ph,2_136,d,16_790,e,43,st,SPIN_UP,flt,FALSE,up,TRUE,ig,0,o_pos,0,o_hw,0,o_i,NA,o_up,FALSE,why,NO_COG
[2026-09-15T13:55:52.220] Cog0  BM-TS,seq,658,tid,6,k,732,lt,FALSE,pos,118,hw,118,i,239,ph,2_683,d,16_900,e,43,st,SPIN_UP,flt,FALSE,up,TRUE,ig,0,o_pos,0,o_hw,0,o_i,NA,o_up,FALSE,why,NO_COG
[2026-09-15T13:55:52.222] Cog0  BM-TS,seq,659,tid,6,k,734,lt,FALSE,pos,119,hw,119,i,269,ph,2_226,d,16_989,e,38,st,SPIN_UP,flt,FALSE,up,TRUE,ig,0,o_pos,0,o_hw,0,o_i,NA,o_up,FALSE,why,NO_COG
[2026-09-15T13:55:52.224] Cog0  BM-TS,seq,660,tid,6,k,736,lt,FALSE,pos,120,hw,120,i,242,ph,2_610,d,17_089,e,39,st,SPIN_UP,flt,FALSE,up,TRUE,ig,0,o_pos,0,o_hw,0,o_i,NA,o_up,FALSE,why,NO_COG
[2026-09-15T13:55:52.226] Cog0  BM-TS,seq,661,tid,6,k,738,lt,FALSE,pos,121,hw,121,i,240,ph,2_242,d,17_218,e,39,st,SPIN_UP,flt,FALSE,up,TRUE,ig,0,o_pos,0,o_hw,0,o_i,NA,o_up,FALSE,why,NO_COG
[2026-09-15T13:55:52.228] Cog0  BM-TS,seq,662,tid,6,k,740,lt,FALSE,pos,122,hw,122,i,282,ph,2_541,d,17_323,e,35,st,SPIN_UP,flt,FALSE,up,TRUE,ig,0,o_pos,0,o_hw,0,o_i,NA,o_up,FALSE,why,NO_COG
[2026-09-15T13:55:52.230] Cog0  BM-TS,seq,663,tid,6,k,742,lt,FALSE,pos,123,hw,123,i,245,ph,2_294,d,17_404,e,36,st,SPIN_UP,flt,FALSE,up,TRUE,ig,0,o_pos,0,o_hw,0,o_i,NA,o_up,FALSE,why,NO_COG
[2026-09-15T13:55:52.233] Cog0  BM-TS,seq,664,tid,6,k,746,lt,FALSE,pos,124,hw,124,i,282,ph,2_335,d,17_611,e,76,st,SPIN_UP,flt,FALSE,up,TRUE,ig,0,o_pos,0,o_hw,0,o_i,NA,o_up,FALSE,why,NO_COG
[2026-09-15T13:55:52.234] Cog0  BM-TS,seq,665,tid,6,k,748,lt,FALSE,pos,125,hw,125,i,242,ph,2_516,d,17_704,e,77,st,SPIN_UP,flt,FALSE,up,TRUE,ig,0,o_pos,0,o_hw,0,o_i,NA,o_up,FALSE,why,NO_COG
[2026-09-15T13:55:52.237] Cog0  BM-TS,seq,666,tid,6,k,750,lt,FALSE,pos,126,hw,126,i,258,ph,2_313,d,17_799,e,80,st,SPIN_UP,flt,FALSE,up,TRUE,ig,0,o_pos,0,o_hw,0,o_i,NA,o_up,FALSE,why,NO_COG
[2026-09-15T13:55:52.239] Cog0  BM-TS,seq,667,tid,6,k,752,lt,FALSE,pos,127,hw,127,i,279,ph,2_516,d,17_934,e,76,st,SPIN_UP,flt,FALSE,up,TRUE,ig,0,o_pos,0,o_hw,0,o_i,NA,o_up,FALSE,why,NO_COG
[2026-09-15T13:55:52.241] Cog0  BM-TS,seq,668,tid,6,k,754,lt,FALSE,pos,129,hw,129,i,255,ph,2_286,d,18_018,e,36,st,SPIN_UP,flt,FALSE,up,TRUE,ig,0,o_pos,0,o_hw,0,o_i,NA,o_up,FALSE,why,NO_COG
[2026-09-15T13:55:52.243] Cog0  BM-TS,seq,669,tid,6,k,756,lt,FALSE,pos,130,hw,130,i,286,ph,2_591,d,18_124,e,39,st,SPIN_UP,flt,FALSE,up,TRUE,ig,0,o_pos,0,o_hw,0,o_i,NA,o_up,FALSE,why,NO_COG
[2026-09-15T13:55:52.245] Cog0  BM-TS,seq,670,tid,6,k,758,lt,FALSE,pos,131,hw,131,i,282,ph,2_262,d,18_217,e,36,st,SPIN_UP,flt,FALSE,up,TRUE,ig,0,o_pos,0,o_hw,0,o_i,NA,o_up,FALSE,why,NO_COG
[2026-09-15T13:55:52.247] Cog0  BM-TS,seq,671,tid,6,k,760,lt,FALSE,pos,132,hw,132,i,268,ph,2_635,d,18_308,e,39,st,SPIN_UP,flt,FALSE,up,TRUE,ig,0,o_pos,0,o_hw,0,o_i,NA,o_up,FALSE,why,NO_COG
[2026-09-15T13:55:52.249] Cog0  BM-TS,seq,672,tid,6,k,762,lt,FALSE,pos,133,hw,133,i,313,ph,2_160,d,18_421,e,43,st,SPIN_UP,flt,FALSE,up,TRUE,ig,0,o_pos,0,o_hw,0,o_i,NA,o_up,FALSE,why,NO_COG
[2026-09-15T13:55:52.251] Cog0  BM-TS,seq,673,tid,6,k,764,lt,FALSE,pos,134,hw,134,i,290,ph,2_678,d,18_529,e,41,st,SPIN_UP,flt,FALSE,up,TRUE,ig,0,o_pos,0,o_hw,0,o_i,NA,o_up,FALSE,why,NO_COG
[2026-09-15T13:55:52.253] Cog0  BM-TS,seq,674,tid,6,k,766,lt,FALSE,pos,135,hw,135,i,282,ph,2_090,d,18_610,e,45,st,SPIN_UP,flt,FALSE,up,TRUE,ig,0,o_pos,0,o_hw,0,o_i,NA,o_up,FALSE,why,NO_COG
[2026-09-15T13:55:52.255] Cog0  BM-TS,seq,675,tid,6,k,768,lt,FALSE,pos,136,hw,136,i,329,ph,2_690,d,18_730,e,49,st,SPIN_UP,flt,FALSE,up,TRUE,ig,0,o_pos,0,o_hw,0,o_i,NA,o_up,FALSE,why,NO_COG
[2026-09-15T13:55:52.257] Cog0  BM-TS,seq,676,tid,6,k,770,lt,FALSE,pos,137,hw,137,i,300,ph,2_029,d,18_821,e,47,st,SPIN_UP,flt,FALSE,up,TRUE,ig,0,o_pos,0,o_hw,0,o_i,NA,o_up,FALSE,why,NO_COG
[2026-09-15T13:55:52.259] Cog0  BM-TS,seq,677,tid,6,k,772,lt,FALSE,pos,138,hw,138,i,294,ph,2_893,d,18_924,e,52,st,SPIN_UP,flt,FALSE,up,TRUE,ig,0,o_pos,0,o_hw,0,o_i,NA,o_up,FALSE,why,NO_COG
[2026-09-15T13:55:52.261] Cog0  BM-TS,seq,678,tid,6,k,774,lt,FALSE,pos,139,hw,139,i,334,ph,1_969,d,19_038,e,57,st,SPIN_UP,flt,FALSE,up,TRUE,ig,0,o_pos,0,o_hw,0,o_i,NA,o_up,FALSE,why,NO_COG
[2026-09-15T13:55:52.263] Cog0  BM-TS,seq,679,tid,6,k,776,lt,FALSE,pos,140,hw,140,i,294,ph,2_816,d,19_138,e,56,st,SPIN_UP,flt,FALSE,up,TRUE,ig,0,o_pos,0,o_hw,0,o_i,NA,o_up,FALSE,why,NO_COG
[2026-09-15T13:55:52.265] Cog0  BM-TS,seq,680,tid,6,k,778,lt,FALSE,pos,141,hw,141,i,286,ph,2_130,d,19_239,e,61,st,SPIN_UP,flt,FALSE,up,TRUE,ig,0,o_pos,0,o_hw,0,o_i,NA,o_up,FALSE,why,NO_COG
[2026-09-15T13:55:52.268] Cog0  BM-TS,seq,681,tid,6,k,780,lt,FALSE,pos,142,hw,142,i,325,ph,2_668,d,19_371,e,61,st,SPIN_UP,flt,FALSE,up,TRUE,ig,0,o_pos,0,o_hw,0,o_i,NA,o_up,FALSE,why,NO_COG
[2026-09-15T13:55:52.269] Cog0  BM-TS,seq,682,tid,6,k,782,lt,FALSE,pos,143,hw,143,i,274,ph,2_263,d,19_488,e,67,st,SPIN_UP,flt,FALSE,up,TRUE,ig,0,o_pos,0,o_hw,0,o_i,NA,o_up,FALSE,why,NO_COG
[2026-09-15T13:55:52.272] Cog0  BM-TS,seq,683,tid,6,k,784,lt,FALSE,pos,144,hw,144,i,286,ph,2_447,d,19_615,e,73,st,SPIN_UP,flt,FALSE,up,TRUE,ig,0,o_pos,0,o_hw,0,o_i,NA,o_up,FALSE,why,NO_COG
[2026-09-15T13:55:52.273] Cog0  BM-TS,seq,684,tid,6,k,786,lt,FALSE,pos,145,hw,145,i,333,ph,2_428,d,19_759,e,73,st,SPIN_UP,flt,FALSE,up,TRUE,ig,0,o_pos,0,o_hw,0,o_i,NA,o_up,FALSE,why,NO_COG
[2026-09-15T13:55:52.276] Cog0  BM-TS,seq,685,tid,6,k,788,lt,FALSE,pos,147,hw,147,i,315,ph,2_237,d,19_891,e,37,st,SPIN_UP,flt,FALSE,up,TRUE,ig,0,o_pos,0,o_hw,0,o_i,NA,o_up,FALSE,why,NO_COG
[2026-09-15T13:55:52.278] Cog0  BM-TS,seq,686,tid,6,k,790,lt,FALSE,pos,148,hw,148,i,323,ph,2_731,d,19_981,e,44,st,SPIN_UP,flt,FALSE,up,TRUE,ig,0,o_pos,0,o_hw,0,o_i,NA,o_up,FALSE,why,NO_COG
[2026-09-15T13:55:52.280] Cog0  BM-TS,seq,687,tid,6,k,792,lt,FALSE,pos,149,hw,149,i,371,ph,2_046,d,20_071,e,45,st,SPIN_UP,flt,FALSE,up,TRUE,ig,0,o_pos,0,o_hw,0,o_i,NA,o_up,FALSE,why,NO_COG
[2026-09-15T13:55:52.282] Cog0  BM-TS,seq,688,tid,6,k,794,lt,FALSE,pos,150,hw,150,i,327,ph,2_916,d,20_154,e,52,st,SPIN_UP,flt,FALSE,up,TRUE,ig,0,o_pos,0,o_hw,0,o_i,NA,o_up,FALSE,why,NO_COG
[2026-09-15T13:55:52.284] Cog0  BM-TS,seq,689,tid,6,k,796,lt,FALSE,pos,151,hw,151,i,334,ph,2_121,d,20_266,e,60,st,SPIN_UP,flt,FALSE,up,TRUE,ig,0,o_pos,0,o_hw,0,o_i,NA,o_up,FALSE,why,NO_COG
[2026-09-15T13:55:52.286] Cog0  BM-TS,seq,690,tid,6,k,798,lt,FALSE,pos,152,hw,152,i,342,ph,2_716,d,20_400,e,61,st,SPIN_UP,flt,FALSE,up,TRUE,ig,0,o_pos,0,o_hw,0,o_i,NA,o_up,FALSE,why,NO_COG
[2026-09-15T13:55:52.288] Cog0  BM-TS,seq,691,tid,6,k,800,lt,FALSE,pos,153,hw,153,i,300,ph,2_301,d,20_525,e,69,st,SPIN_UP,flt,FALSE,up,TRUE,ig,0,o_pos,0,o_hw,0,o_i,NA,o_up,FALSE,why,NO_COG
[2026-09-15T13:55:52.290] Cog0  BM-TS,seq,692,tid,6,k,802,lt,FALSE,pos,154,hw,154,i,365,ph,2_287,d,20_668,e,78,st,SPIN_UP,flt,FALSE,up,TRUE,ig,0,o_pos,0,o_hw,0,o_i,NA,o_up,FALSE,why,NO_COG
[2026-09-15T13:55:52.292] Cog0  BM-TS,seq,693,tid,6,k,804,lt,FALSE,pos,156,hw,156,i,365,ph,2_607,d,20_776,e,37,st,SPIN_UP,flt,FALSE,up,TRUE,ig,0,o_pos,0,o_hw,0,o_i,NA,o_up,FALSE,why,NO_COG
[2026-09-15T13:55:52.294] Cog0  BM-TS,seq,694,tid,6,k,806,lt,FALSE,pos,157,hw,157,i,344,ph,2_043,d,20_851,e,46,st,SPIN_UP,flt,FALSE,up,TRUE,ig,0,o_pos,0,o_hw,0,o_i,NA,o_up,FALSE,why,NO_COG
[2026-09-15T13:55:52.296] Cog0  BM-TS,seq,695,tid,6,k,808,lt,FALSE,pos,158,hw,158,i,393,ph,2_868,d,20_968,e,55,st,SPIN_UP,flt,FALSE,up,TRUE,ig,0,o_pos,0,o_hw,0,o_i,NA,o_up,FALSE,why,NO_COG
[2026-09-15T13:55:52.298] Cog0  BM-TS,seq,696,tid,6,k,810,lt,FALSE,pos,159,hw,159,i,365,ph,2_021,d,21_077,e,58,st,SPIN_UP,flt,FALSE,up,TRUE,ig,0,o_pos,0,o_hw,0,o_i,NA,o_up,FALSE,why,NO_COG
[2026-09-15T13:55:52.300] Cog0  BM-TS,seq,697,tid,6,k,812,lt,FALSE,pos,160,hw,160,i,324,ph,2_545,d,21_197,e,67,st,SPIN_UP,flt,FALSE,up,TRUE,ig,0,o_pos,0,o_hw,0,o_i,NA,o_up,FALSE,why,NO_COG
[2026-09-15T13:55:52.303] Cog0  BM-TS,seq,698,tid,6,k,814,lt,FALSE,pos,161,hw,161,i,590,ph,2_176,d,21_324,e,71,st,AT_SPEED,flt,FALSE,up,TRUE,ig,0,o_pos,0,o_hw,0,o_i,NA,o_up,FALSE,why,NO_COG
[2026-09-15T13:55:52.304] Cog0  BM-TS,seq,699,tid,6,k,816,lt,FALSE,pos,163,hw,163,i,487,ph,2_416,d,21_375,e,31,st,AT_SPEED,flt,FALSE,up,TRUE,ig,0,o_pos,0,o_hw,0,o_i,NA,o_up,FALSE,why,NO_COG
[2026-09-15T13:55:52.307] Cog0  BM-TS,seq,700,tid,6,k,818,lt,FALSE,pos,164,hw,164,i,432,ph,2_726,d,21_433,e,41,st,AT_SPEED,flt,FALSE,up,TRUE,ig,0,o_pos,0,o_hw,0,o_i,NA,o_up,FALSE,why,NO_COG
[2026-09-15T13:55:52.309] Cog0  BM-TS,seq,701,tid,6,k,820,lt,FALSE,pos,165,hw,165,i,482,ph,1_881,d,21_490,e,51,st,AT_SPEED,flt,FALSE,up,TRUE,ig,0,o_pos,0,o_hw,0,o_i,NA,o_up,FALSE,why,NO_COG
[2026-09-15T13:55:52.311] Cog0  BM-TS,seq,702,tid,6,k,822,lt,FALSE,pos,166,hw,166,i,436,ph,2_846,d,21_575,e,55,st,AT_SPEED,flt,FALSE,up,TRUE,ig,0,o_pos,0,o_hw,0,o_i,NA,o_up,FALSE,why,NO_COG
[2026-09-15T13:55:52.313] Cog0  BM-TS,seq,703,tid,6,k,824,lt,FALSE,pos,167,hw,167,i,397,ph,2_182,d,21_688,e,64,st,AT_SPEED,flt,FALSE,up,TRUE,ig,0,o_pos,0,o_hw,0,o_i,NA,o_up,FALSE,why,NO_COG
[2026-09-15T13:55:52.313] Cog0  BM-TS,seq,704,tid,6,k,826,lt,FALSE,pos,168,hw,168,i,480,ph,2_577,d,21_804,e,74,st,AT_SPEED,flt,FALSE,up,TRUE,ig,0,o_pos,0,o_hw,0,o_i,NA,o_up,FALSE,why,NO_COG
[2026-09-15T13:55:52.317] Cog0  BM-TS,seq,705,tid,6,k,828,lt,FALSE,pos,169,hw,169,i,436,ph,2_571,d,21_976,e,78,st,AT_SPEED,flt,FALSE,up,TRUE,ig,0,o_pos,0,o_hw,0,o_i,NA,o_up,FALSE,why,NO_COG
[2026-09-15T13:55:52.319] Cog0  BM-TS,seq,706,tid,6,k,830,lt,FALSE,pos,171,hw,171,i,420,ph,2_010,d,22_050,e,45,st,AT_SPEED,flt,FALSE,up,TRUE,ig,0,o_pos,0,o_hw,0,o_i,NA,o_up,FALSE,why,NO_COG
[2026-09-15T13:55:52.321] Cog0  BM-TS,seq,707,tid,6,k,832,lt,FALSE,pos,172,hw,172,i,519,ph,2_856,d,22_146,e,55,st,AT_SPEED,flt,FALSE,up,TRUE,ig,0,o_pos,0,o_hw,0,o_i,NA,o_up,FALSE,why,NO_COG
[2026-09-15T13:55:52.323] Cog0  BM-TS,seq,708,tid,6,k,834,lt,FALSE,pos,173,hw,173,i,435,ph,2_011,d,22_209,e,58,st,AT_SPEED,flt,FALSE,up,TRUE,ig,0,o_pos,0,o_hw,0,o_i,NA,o_up,FALSE,why,NO_COG
[2026-09-15T13:55:52.325] Cog0  BM-TS,seq,709,tid,6,k,836,lt,FALSE,pos,174,hw,174,i,453,ph,2_570,d,22_308,e,68,st,AT_SPEED,flt,FALSE,up,TRUE,ig,0,o_pos,0,o_hw,0,o_i,NA,o_up,FALSE,why,NO_COG
[2026-09-15T13:55:52.327] Cog0  BM-TS,seq,710,tid,6,k,838,lt,FALSE,pos,175,hw,175,i,550,ph,2_389,d,22_416,e,71,st,AT_SPEED,flt,FALSE,up,TRUE,ig,0,o_pos,0,o_hw,0,o_i,NA,o_up,FALSE,why,NO_COG
[2026-09-15T13:55:52.329] Cog0  BM-TS,seq,711,tid,6,k,840,lt,FALSE,pos,177,hw,177,i,543,ph,2_161,d,22_451,e,39,st,AT_SPEED,flt,FALSE,up,TRUE,ig,0,o_pos,0,o_hw,0,o_i,NA,o_up,FALSE,why,NO_COG
[2026-09-15T13:55:52.332] Cog0  BM-TS,seq,712,tid,6,k,842,lt,FALSE,pos,178,hw,178,i,548,ph,2_867,d,22_533,e,49,st,AT_SPEED,flt,FALSE,up,TRUE,ig,0,o_pos,0,o_hw,0,o_i,NA,o_up,FALSE,why,NO_COG
[2026-09-15T13:55:52.333] Cog0  BM-TS,seq,713,tid,6,k,844,lt,FALSE,pos,179,hw,179,i,592,ph,1_848,d,22_578,e,52,st,AT_SPEED,flt,FALSE,up,TRUE,ig,0,o_pos,0,o_hw,0,o_i,NA,o_up,FALSE,why,NO_COG
[2026-09-15T13:55:52.336] Cog0  BM-TS,seq,714,tid,6,k,846,lt,FALSE,pos,180,hw,180,i,527,ph,2_726,d,22_675,e,62,st,AT_SPEED,flt,FALSE,up,TRUE,ig,0,o_pos,0,o_hw,0,o_i,NA,o_up,FALSE,why,NO_COG
[2026-09-15T13:55:52.338] Cog0  BM-TS,seq,715,tid,6,k,848,lt,FALSE,pos,181,hw,181,i,571,ph,2_395,d,22_754,e,72,st,AT_SPEED,flt,FALSE,up,TRUE,ig,0,o_pos,0,o_hw,0,o_i,NA,o_up,FALSE,why,NO_COG
[2026-09-15T13:55:52.340] Cog0  BM-TS,seq,716,tid,6,k,850,lt,FALSE,pos,183,hw,183,i,619,ph,2_321,d,22_822,e,32,st,AT_SPEED,flt,FALSE,up,TRUE,ig,0,o_pos,0,o_hw,0,o_i,NA,o_up,FALSE,why,NO_COG
[2026-09-15T13:55:52.342] Cog0  BM-TS,seq,717,tid,6,k,852,lt,FALSE,pos,184,hw,184,i,564,ph,2_718,d,22_861,e,42,st,AT_SPEED,flt,FALSE,up,TRUE,ig,0,o_pos,0,o_hw,0,o_i,NA,o_up,FALSE,why,NO_COG
[2026-09-15T13:55:52.344] Cog0  BM-TS,seq,718,tid,6,k,854,lt,FALSE,pos,185,hw,185,i,592,ph,1_858,d,22_900,e,52,st,AT_SPEED,flt,FALSE,up,TRUE,ig,0,o_pos,0,o_hw,0,o_i,NA,o_up,FALSE,why,NO_COG
[2026-09-15T13:55:52.346] Cog0  BM-TS,seq,719,tid,6,k,856,lt,FALSE,pos,186,hw,186,i,626,ph,2_875,d,22_966,e,55,st,AT_SPEED,flt,FALSE,up,TRUE,ig,0,o_pos,0,o_hw,0,o_i,NA,o_up,FALSE,why,NO_COG
[2026-09-15T13:55:52.348] Cog0  BM-TS,seq,720,tid,6,k,858,lt,FALSE,pos,187,hw,187,i,574,ph,2_218,d,23_041,e,65,st,AT_SPEED,flt,FALSE,up,TRUE,ig,0,o_pos,0,o_hw,0,o_i,NA,o_up,FALSE,why,NO_COG
[2026-09-15T13:55:52.350] Cog0  BM-TS,seq,721,tid,6,k,860,lt,FALSE,pos,188,hw,188,i,627,ph,2_340,d,23_136,e,75,st,AT_SPEED,flt,FALSE,up,TRUE,ig,0,o_pos,0,o_hw,0,o_i,NA,o_up,FALSE,why,NO_COG
[2026-09-15T13:55:52.352] Cog0  BM-TS,seq,722,tid,6,k,862,lt,FALSE,pos,190,hw,190,i,692,ph,2_548,d,23_188,e,36,st,AT_SPEED,flt,FALSE,up,TRUE,ig,0,o_pos,0,o_hw,0,o_i,NA,o_up,FALSE,why,NO_COG
[2026-09-15T13:55:52.354] Cog0  BM-TS,seq,723,tid,6,k,864,lt,FALSE,pos,191,hw,191,i,643,ph,1_956,d,23_200,e,46,st,AT_SPEED,flt,FALSE,up,TRUE,ig,0,o_pos,0,o_hw,0,o_i,NA,o_up,FALSE,why,NO_COG
[2026-09-15T13:55:52.356] Cog0  BM-TS,seq,724,tid,6,k,866,lt,FALSE,pos,192,hw,192,i,685,ph,2_881,d,23_251,e,56,st,AT_SPEED,flt,FALSE,up,TRUE,ig,0,o_pos,0,o_hw,0,o_i,NA,o_up,FALSE,why,NO_COG
[2026-09-15T13:55:52.358] Cog0  BM-TS,seq,725,tid,6,k,868,lt,FALSE,pos,193,hw,193,i,670,ph,2_052,d,23_300,e,59,st,AT_SPEED,flt,FALSE,up,TRUE,ig,0,o_pos,0,o_hw,0,o_i,NA,o_up,FALSE,why,NO_COG
[2026-09-15T13:55:52.361] Cog0  BM-TS,seq,726,tid,6,k,870,lt,FALSE,pos,194,hw,194,i,629,ph,2_510,d,23_357,e,69,st,AT_SPEED,flt,FALSE,up,TRUE,ig,0,o_pos,0,o_hw,0,o_i,NA,o_up,FALSE,why,NO_COG
[2026-09-15T13:55:52.363] Cog0  BM-TS,seq,727,tid,6,k,872,lt,FALSE,pos,196,hw,196,i,753,ph,2_550,d,23_421,e,36,st,AT_SPEED,flt,FALSE,up,TRUE,ig,0,o_pos,0,o_hw,0,o_i,NA,o_up,FALSE,why,NO_COG
[2026-09-15T13:55:52.365] Cog0  BM-TS,seq,728,tid,6,k,874,lt,FALSE,pos,197,hw,197,i,736,ph,2_107,d,23_427,e,40,st,AT_SPEED,flt,FALSE,up,TRUE,ig,0,o_pos,0,o_hw,0,o_i,NA,o_up,FALSE,why,NO_COG
[2026-09-15T13:55:52.367] Cog0  BM-TS,seq,729,tid,6,k,876,lt,FALSE,pos,198,hw,198,i,676,ph,2_945,d,23_479,e,49,st,AT_SPEED,flt,FALSE,up,TRUE,ig,0,o_pos,0,o_hw,0,o_i,NA,o_up,FALSE,why,NO_COG
[2026-09-15T13:55:52.369] Cog0  BM-TS,seq,730,tid,6,k,878,lt,FALSE,pos,199,hw,199,i,770,ph,1_882,d,23_499,e,59,st,AT_SPEED,flt,FALSE,up,TRUE,ig,0,o_pos,0,o_hw,0,o_i,NA,o_up,FALSE,why,NO_COG
[2026-09-15T13:55:52.371] Cog0  BM-TS,seq,731,tid,6,k,880,lt,FALSE,pos,200,hw,200,i,691,ph,2_691,d,23_571,e,63,st,AT_SPEED,flt,FALSE,up,TRUE,ig,0,o_pos,0,o_hw,0,o_i,NA,o_up,FALSE,why,NO_COG
[2026-09-15T13:55:52.373] Cog0  BM-TS,seq,732,tid,6,k,882,lt,FALSE,pos,201,hw,201,i,693,ph,2_364,d,23_618,e,73,st,AT_SPEED,flt,FALSE,up,TRUE,ig,0,o_pos,0,o_hw,0,o_i,NA,o_up,FALSE,why,NO_COG
[2026-09-15T13:55:52.375] Cog0  BM-TS,seq,733,tid,6,k,884,lt,FALSE,pos,203,hw,203,i,833,ph,2_261,d,23_645,e,40,st,AT_SPEED,flt,FALSE,up,TRUE,ig,0,o_pos,0,o_hw,0,o_i,NA,o_up,FALSE,why,NO_COG
[2026-09-15T13:55:52.377] Cog0  BM-TS,seq,734,tid,6,k,886,lt,FALSE,pos,204,hw,204,i,734,ph,2_777,d,23_653,e,43,st,AT_SPEED,flt,FALSE,up,TRUE,ig,0,o_pos,0,o_hw,0,o_i,NA,o_up,FALSE,why,NO_COG
[2026-09-15T13:55:52.379] Cog0  BM-TS,seq,735,tid,6,k,888,lt,FALSE,pos,205,hw,205,i,695,ph,1_898,d,23_668,e,53,st,AT_SPEED,flt,FALSE,up,TRUE,ig,0,o_pos,0,o_hw,0,o_i,NA,o_up,FALSE,why,NO_COG
[2026-09-15T13:55:52.381] Cog0  BM-TS,seq,736,tid,6,k,890,lt,FALSE,pos,206,hw,206,i,780,ph,2_854,d,23_713,e,56,st,AT_SPEED,flt,FALSE,up,TRUE,ig,0,o_pos,0,o_hw,0,o_i,NA,o_up,FALSE,why,NO_COG
[2026-09-15T13:55:52.383] Cog0  BM-TS,seq,737,tid,6,k,892,lt,FALSE,pos,207,hw,207,i,717,ph,2_184,d,23_760,e,66,st,AT_SPEED,flt,FALSE,up,TRUE,ig,0,o_pos,0,o_hw,0,o_i,NA,o_up,FALSE,why,NO_COG
[2026-09-15T13:55:52.385] Cog0  BM-TS,seq,738,tid,6,k,894,lt,FALSE,pos,209,hw,209,i,752,ph,2_276,d,23_841,e,34,st,AT_SPEED,flt,FALSE,up,TRUE,ig,0,o_pos,0,o_hw,0,o_i,NA,o_up,FALSE,why,NO_COG
[2026-09-15T13:55:52.388] Cog0  BM-TS,seq,739,tid,6,k,896,lt,FALSE,pos,210,hw,210,i,854,ph,2_605,d,23_845,e,37,st,AT_SPEED,flt,FALSE,up,TRUE,ig,0,o_pos,0,o_hw,0,o_i,NA,o_up,FALSE,why,NO_COG
[2026-09-15T13:55:52.390] Cog0  BM-TS,seq,740,tid,6,k,898,lt,FALSE,pos,211,hw,211,i,760,ph,1_961,d,23_885,e,47,st,AT_SPEED,flt,FALSE,up,TRUE,ig,0,o_pos,0,o_hw,0,o_i,NA,o_up,FALSE,why,NO_COG
[2026-09-15T13:55:52.392] Cog0  BM-TS,seq,741,tid,6,k,900,lt,FALSE,pos,212,hw,212,i,748,ph,2_843,d,23_930,e,57,st,AT_SPEED,flt,FALSE,up,TRUE,ig,0,o_pos,0,o_hw,0,o_i,NA,o_up,FALSE,why,NO_COG
[2026-09-15T13:55:52.394] Cog0  BM-TS,seq,742,tid,6,k,902,lt,FALSE,pos,213,hw,213,i,821,ph,2_013,d,23_968,e,60,st,AT_SPEED,flt,FALSE,up,TRUE,ig,0,o_pos,0,o_hw,0,o_i,NA,o_up,FALSE,why,NO_COG
[2026-09-15T13:55:52.396] Cog0  BM-TS,seq,743,tid,6,k,904,lt,FALSE,pos,214,hw,214,i,787,ph,2_460,d,24_057,e,70,st,AT_SPEED,flt,FALSE,up,TRUE,ig,0,o_pos,0,o_hw,0,o_i,NA,o_up,FALSE,why,NO_COG
[2026-09-15T13:55:52.398] Cog0  BM-TS,seq,744,tid,6,k,906,lt,FALSE,pos,216,hw,216,i,837,ph,2_622,d,24_072,e,37,st,AT_SPEED,flt,FALSE,up,TRUE,ig,0,o_pos,0,o_hw,0,o_i,NA,o_up,FALSE,why,NO_COG
[2026-09-15T13:55:52.400] Cog0  BM-TS,seq,745,tid,6,k,908,lt,FALSE,pos,217,hw,217,i,859,ph,2_104,d,24_092,e,41,st,AT_SPEED,flt,FALSE,up,TRUE,ig,0,o_pos,0,o_hw,0,o_i,NA,o_up,FALSE,why,NO_COG
[2026-09-15T13:55:52.402] Cog0  BM-TS,seq,746,tid,6,k,910,lt,FALSE,pos,218,hw,218,i,778,ph,2_968,d,24_128,e,50,st,AT_SPEED,flt,FALSE,up,TRUE,ig,0,o_pos,0,o_hw,0,o_i,NA,o_up,FALSE,why,NO_COG
[2026-09-15T13:55:52.404] Cog0  BM-TS,seq,747,tid,6,k,912,lt,FALSE,pos,219,hw,219,i,842,ph,2_021,d,24_149,e,60,st,AT_SPEED,flt,FALSE,up,TRUE,ig,0,o_pos,0,o_hw,0,o_i,NA,o_up,FALSE,why,NO_COG
[2026-09-15T13:55:52.406] Cog0  BM-TS,seq,748,tid,6,k,914,lt,FALSE,pos,220,hw,220,i,844,ph,2_622,d,24_223,e,64,st,AT_SPEED,flt,FALSE,up,TRUE,ig,0,o_pos,0,o_hw,0,o_i,NA,o_up,FALSE,why,NO_COG
[2026-09-15T13:55:52.408] Cog0  BM-TS,seq,749,tid,6,k,916,lt,FALSE,pos,222,hw,222,i,810,ph,2_413,d,24_262,e,31,st,AT_SPEED,flt,FALSE,up,TRUE,ig,0,o_pos,0,o_hw,0,o_i,NA,o_up,FALSE,why,NO_COG
[2026-09-15T13:55:52.410] Cog0  BM-TS,seq,750,tid,6,k,918,lt,FALSE,pos,223,hw,223,i,940,ph,2_105,d,24_239,e,41,st,AT_SPEED,flt,FALSE,up,TRUE,ig,0,o_pos,0,o_hw,0,o_i,NA,o_up,FALSE,why,NO_COG
[2026-09-15T13:55:52.413] Cog0  BM-TS,seq,751,tid,6,k,920,lt,FALSE,pos,224,hw,224,i,850,ph,2_806,d,24_230,e,44,st,AT_SPEED,flt,FALSE,up,TRUE,ig,0,o_pos,0,o_hw,0,o_i,NA,o_up,FALSE,why,NO_COG
[2026-09-15T13:55:52.414] Cog0  BM-TS,seq,752,tid,6,k,922,lt,FALSE,pos,225,hw,225,i,781,ph,1_863,d,24_213,e,54,st,AT_SPEED,flt,FALSE,up,TRUE,ig,0,o_pos,0,o_hw,0,o_i,NA,o_up,FALSE,why,NO_COG
[2026-09-15T13:55:52.417] Cog0  BM-TS,seq,753,tid,6,k,924,lt,FALSE,pos,226,hw,226,i,926,ph,2_781,d,24_260,e,64,st,AT_SPEED,flt,FALSE,up,TRUE,ig,0,o_pos,0,o_hw,0,o_i,NA,o_up,FALSE,why,NO_COG
[2026-09-15T13:55:52.419] Cog0  BM-TS,seq,754,tid,6,k,926,lt,FALSE,pos,227,hw,227,i,836,ph,2_226,d,24_257,e,67,st,AT_SPEED,flt,FALSE,up,TRUE,ig,0,o_pos,0,o_hw,0,o_i,NA,o_up,FALSE,why,NO_COG
[2026-09-15T13:55:52.421] Cog0  BM-TS,seq,755,tid,6,k,928,lt,FALSE,pos,229,hw,229,i,826,ph,2_283,d,24_257,e,35,st,AT_SPEED,flt,FALSE,up,TRUE,ig,0,o_pos,0,o_hw,0,o_i,NA,o_up,FALSE,why,NO_COG
[2026-09-15T13:55:52.423] Cog0  BM-TS,seq,756,tid,6,k,930,lt,FALSE,pos,230,hw,230,i,958,ph,2_637,d,24_226,e,44,st,AT_SPEED,flt,FALSE,up,TRUE,ig,0,o_pos,0,o_hw,0,o_i,NA,o_up,FALSE,why,NO_COG
[2026-09-15T13:55:52.425] Cog0  BM-TS,seq,757,tid,6,k,932,lt,FALSE,pos,231,hw,231,i,833,ph,1_881,d,24_217,e,48,st,AT_SPEED,flt,FALSE,up,TRUE,ig,0,o_pos,0,o_hw,0,o_i,NA,o_up,FALSE,why,NO_COG
[2026-09-15T13:55:52.427] Cog0  BM-TS,seq,758,tid,6,k,934,lt,FALSE,pos,232,hw,232,i,793,ph,2_797,d,24_241,e,58,st,AT_SPEED,flt,FALSE,up,TRUE,ig,0,o_pos,0,o_hw,0,o_i,NA,o_up,FALSE,why,NO_COG
[2026-09-15T13:55:52.429] Cog0  BM-TS,seq,759,tid,6,k,936,lt,FALSE,pos,233,hw,233,i,899,ph,2_046,d,24_241,e,68,st,AT_SPEED,flt,FALSE,up,TRUE,ig,0,o_pos,0,o_hw,0,o_i,NA,o_up,FALSE,why,NO_COG
[2026-09-15T13:55:52.431] Cog0  BM-TS,seq,760,tid,6,k,938,lt,FALSE,pos,234,hw,234,i,838,ph,2_474,d,24_264,e,71,st,AT_SPEED,flt,FALSE,up,TRUE,ig,0,o_pos,0,o_hw,0,o_i,NA,o_up,FALSE,why,NO_COG
[2026-09-15T13:55:52.433] Cog0  BM-TS,seq,761,tid,6,k,940,lt,FALSE,pos,236,hw,236,i,840,ph,2_661,d,24_247,e,38,st,AT_SPEED,flt,FALSE,up,TRUE,ig,0,o_pos,0,o_hw,0,o_i,NA,o_up,FALSE,why,NO_COG
[2026-09-15T13:55:52.435] Cog0  BM-TS,seq,762,tid,6,k,942,lt,FALSE,pos,237,hw,237,i,911,ph,2_040,d,24_215,e,41,st,AT_SPEED,flt,FALSE,up,TRUE,ig,0,o_pos,0,o_hw,0,o_i,NA,o_up,FALSE,why,NO_COG
[2026-09-15T13:55:52.437] Cog0  BM-TS,seq,763,tid,6,k,944,lt,FALSE,pos,238,hw,238,i,813,ph,2_948,d,24_229,e,51,st,AT_SPEED,flt,FALSE,up,TRUE,ig,0,o_pos,0,o_hw,0,o_i,NA,o_up,FALSE,why,NO_COG
[2026-09-15T13:55:52.439] Cog0  BM-TS,seq,764,tid,6,k,946,lt,FALSE,pos,239,hw,239,i,784,ph,2_061,d,24_248,e,61,st,AT_SPEED,flt,FALSE,up,TRUE,ig,0,o_pos,0,o_hw,0,o_i,NA,o_up,FALSE,why,NO_COG
[2026-09-15T13:55:52.442] Cog0  BM-TS,seq,765,tid,6,k,948,lt,FALSE,pos,240,hw,240,i,894,ph,2_645,d,24_264,e,65,st,AT_SPEED,flt,FALSE,up,TRUE,ig,0,o_pos,0,o_hw,0,o_i,NA,o_up,FALSE,why,NO_COG
[2026-09-15T13:55:52.442] Cog0  BM-TS,seq,766,tid,6,k,950,lt,FALSE,pos,242,hw,242,i,868,ph,2_486,d,24_260,e,32,st,AT_SPEED,flt,FALSE,up,TRUE,ig,0,o_pos,0,o_hw,0,o_i,NA,o_up,FALSE,why,NO_COG
[2026-09-15T13:55:52.445] Cog0  BM-TS,seq,767,tid,6,k,952,lt,FALSE,pos,243,hw,243,i,837,ph,2_047,d,24_236,e,42,st,AT_SPEED,flt,FALSE,up,TRUE,ig,0,o_pos,0,o_hw,0,o_i,NA,o_up,FALSE,why,NO_COG
[2026-09-15T13:55:52.448] Cog0  BM-TS,seq,768,tid,6,k,954,lt,FALSE,pos,244,hw,244,i,886,ph,2_792,d,24_228,e,45,st,AT_SPEED,flt,FALSE,up,TRUE,ig,0,o_pos,0,o_hw,0,o_i,NA,o_up,FALSE,why,NO_COG
[2026-09-15T13:55:52.450] Cog0  BM-TS,seq,769,tid,6,k,956,lt,FALSE,pos,245,hw,245,i,793,ph,1_884,d,24_237,e,55,st,AT_SPEED,flt,FALSE,up,TRUE,ig,0,o_pos,0,o_hw,0,o_i,NA,o_up,FALSE,why,NO_COG
[2026-09-15T13:55:52.452] Cog0  BM-TS,seq,770,tid,6,k,958,lt,FALSE,pos,246,hw,246,i,821,ph,2_653,d,24_258,e,65,st,AT_SPEED,flt,FALSE,up,TRUE,ig,0,o_pos,0,o_hw,0,o_i,NA,o_up,FALSE,why,NO_COG
[2026-09-15T13:55:52.454] Cog0  BM-TS,seq,771,tid,6,k,960,lt,FALSE,pos,247,hw,247,i,902,ph,2_276,d,24_264,e,68,st,AT_SPEED,flt,FALSE,up,TRUE,ig,0,o_pos,0,o_hw,0,o_i,NA,o_up,FALSE,why,NO_COG
[2026-09-15T13:55:52.456] Cog0  BM-TS,seq,772,tid,6,k,962,lt,FALSE,pos,249,hw,249,i,841,ph,2_217,d,24_247,e,35,st,AT_SPEED,flt,FALSE,up,TRUE,ig,0,o_pos,0,o_hw,0,o_i,NA,o_up,FALSE,why,NO_COG
[2026-09-15T13:55:52.458] Cog0  BM-TS,seq,773,tid,6,k,964,lt,FALSE,pos,250,hw,250,i,841,ph,2_803,d,24_227,e,45,st,AT_SPEED,flt,FALSE,up,TRUE,ig,0,o_pos,0,o_hw,0,o_i,NA,o_up,FALSE,why,NO_COG
[2026-09-15T13:55:52.460] Cog0  BM-TS,seq,774,tid,6,k,966,lt,FALSE,pos,251,hw,251,i,877,ph,1_855,d,24_236,e,49,st,AT_SPEED,flt,FALSE,up,TRUE,ig,0,o_pos,0,o_hw,0,o_i,NA,o_up,FALSE,why,NO_COG
[2026-09-15T13:55:52.462] Cog0  BM-TS,seq,775,tid,6,k,968,lt,FALSE,pos,252,hw,252,i,803,ph,2_820,d,24_239,e,59,st,AT_SPEED,flt,FALSE,up,TRUE,ig,0,o_pos,0,o_hw,0,o_i,NA,o_up,FALSE,why,NO_COG
[2026-09-15T13:55:52.464] Cog0  BM-TS,seq,776,tid,6,k,970,lt,FALSE,pos,253,hw,253,i,855,ph,2_295,d,24_261,e,69,st,AT_SPEED,flt,FALSE,up,TRUE,ig,0,o_pos,0,o_hw,0,o_i,NA,o_up,FALSE,why,NO_COG
[2026-09-15T13:55:52.466] Cog0  BM-TS,seq,777,tid,6,k,972,lt,FALSE,pos,255,hw,255,i,902,ph,2_410,d,24_261,e,29,st,AT_SPEED,flt,FALSE,up,TRUE,ig,0,o_pos,0,o_hw,0,o_i,NA,o_up,FALSE,why,NO_COG
[2026-09-15T13:55:52.468] Cog0  BM-TS,seq,778,tid,6,k,974,lt,FALSE,pos,256,hw,256,i,832,ph,2_635,d,24_234,e,39,st,AT_SPEED,flt,FALSE,up,TRUE,ig,0,o_pos,0,o_hw,0,o_i,NA,o_up,FALSE,why,NO_COG
[2026-09-15T13:55:52.470] Cog0  BM-TS,seq,779,tid,6,k,976,lt,FALSE,pos,257,hw,257,i,869,ph,1_852,d,24_235,e,49,st,AT_SPEED,flt,FALSE,up,TRUE,ig,0,o_pos,0,o_hw,0,o_i,NA,o_up,FALSE,why,NO_COG
[2026-09-15T13:55:52.473] Cog0  BM-TS,seq,780,tid,6,k,978,lt,FALSE,pos,258,hw,258,i,861,ph,2_960,d,24_223,e,52,st,AT_SPEED,flt,FALSE,up,TRUE,ig,0,o_pos,0,o_hw,0,o_i,NA,o_up,FALSE,why,NO_COG
[2026-09-15T13:55:52.475] Cog0  BM-TS,seq,781,tid,6,k,980,lt,FALSE,pos,259,hw,259,i,796,ph,2_116,d,24_247,e,62,st,AT_SPEED,flt,FALSE,up,TRUE,ig,0,o_pos,0,o_hw,0,o_i,NA,o_up,FALSE,why,NO_COG
[2026-09-15T13:55:52.477] Cog0  BM-TS,seq,782,tid,6,k,982,lt,FALSE,pos,260,hw,260,i,904,ph,2_415,d,24_264,e,72,st,AT_SPEED,flt,FALSE,up,TRUE,ig,0,o_pos,0,o_hw,0,o_i,NA,o_up,FALSE,why,NO_COG
[2026-09-15T13:55:52.479] Cog0  BM-TS,seq,783,tid,6,k,984,lt,FALSE,pos,262,hw,262,i,899,ph,2_460,d,24_247,e,33,st,AT_SPEED,flt,FALSE,up,TRUE,ig,0,o_pos,0,o_hw,0,o_i,NA,o_up,FALSE,why,NO_COG
[2026-09-15T13:55:52.481] Cog0  BM-TS,seq,784,tid,6,k,986,lt,FALSE,pos,263,hw,263,i,819,ph,2_009,d,24_230,e,43,st,AT_SPEED,flt,FALSE,up,TRUE,ig,0,o_pos,0,o_hw,0,o_i,NA,o_up,FALSE,why,NO_COG
[2026-09-15T13:55:52.483] Cog0  BM-TS,seq,785,tid,6,k,988,lt,FALSE,pos,264,hw,264,i,906,ph,2_963,d,24_221,e,53,st,AT_SPEED,flt,FALSE,up,TRUE,ig,0,o_pos,0,o_hw,0,o_i,NA,o_up,FALSE,why,NO_COG
[2026-09-15T13:55:52.485] Cog0  BM-TS,seq,786,tid,6,k,990,lt,FALSE,pos,265,hw,265,i,828,ph,1_955,d,24_234,e,56,st,AT_SPEED,flt,FALSE,up,TRUE,ig,0,o_pos,0,o_hw,0,o_i,NA,o_up,FALSE,why,NO_COG
[2026-09-15T13:55:52.487] Cog0  BM-TS,seq,787,tid,6,k,992,lt,FALSE,pos,266,hw,266,i,786,ph,2_603,d,24_252,e,66,st,AT_SPEED,flt,FALSE,up,TRUE,ig,0,o_pos,0,o_hw,0,o_i,NA,o_up,FALSE,why,NO_COG
[2026-09-15T13:55:52.489] Cog0  BM-TS,seq,788,tid,6,k,994,lt,FALSE,pos,267,hw,267,i,922,ph,2_242,d,24_264,e,76,st,AT_SPEED,flt,FALSE,up,TRUE,ig,0,o_pos,0,o_hw,0,o_i,NA,o_up,FALSE,why,NO_COG
[2026-09-15T13:55:52.491] Cog0  BM-TS,seq,789,tid,6,k,996,lt,FALSE,pos,269,hw,269,i,879,ph,2_169,d,24_238,e,36,st,AT_SPEED,flt,FALSE,up,TRUE,ig,0,o_pos,0,o_hw,0,o_i,NA,o_up,FALSE,why,NO_COG
[2026-09-15T13:55:52.493] Cog0  BM-TS,seq,790,tid,6,k,998,lt,FALSE,pos,270,hw,270,i,816,ph,2_866,d,24_221,e,46,st,AT_SPEED,flt,FALSE,up,TRUE,ig,0,o_pos,0,o_hw,0,o_i,NA,o_up,FALSE,why,NO_COG
[2026-09-15T13:55:52.495] Cog0  BM-TS,seq,791,tid,6,k,1_000,lt,FALSE,pos,271,hw,271,i,908,ph,1_875,d,24_228,e,56,st,AT_SPEED,flt,FALSE,up,TRUE,ig,0,o_pos,0,o_hw,0,o_i,NA,o_up,FALSE,why,NO_COG
[2026-09-15T13:55:52.498] Cog0  BM-TS,seq,792,tid,6,k,1_002,lt,FALSE,pos,272,hw,272,i,800,ph,2_764,d,24_232,e,60,st,AT_SPEED,flt,FALSE,up,TRUE,ig,0,o_pos,0,o_hw,0,o_i,NA,o_up,FALSE,why,NO_COG
[2026-09-15T13:55:52.499] Cog0  BM-TS,seq,793,tid,6,k,1_004,lt,FALSE,pos,273,hw,273,i,810,ph,2_269,d,24_257,e,69,st,AT_SPEED,flt,FALSE,up,TRUE,ig,0,o_pos,0,o_hw,0,o_i,NA,o_up,FALSE,why,NO_COG
[2026-09-15T13:55:52.502] Cog0  BM-TS,seq,794,tid,6,k,1_006,lt,FALSE,pos,275,hw,275,i,960,ph,2_337,d,24_252,e,37,st,AT_SPEED,flt,FALSE,up,TRUE,ig,0,o_pos,0,o_hw,0,o_i,NA,o_up,FALSE,why,NO_COG
[2026-09-15T13:55:52.504] Cog0  BM-TS,seq,795,tid,6,k,1_008,lt,FALSE,pos,276,hw,276,i,858,ph,2_696,d,24_224,e,40,st,AT_SPEED,flt,FALSE,up,TRUE,ig,0,o_pos,0,o_hw,0,o_i,NA,o_up,FALSE,why,NO_COG
[2026-09-15T13:55:52.506] Cog0  BM-TS,seq,796,tid,6,k,1_010,lt,FALSE,pos,277,hw,277,i,785,ph,1_875,d,24_232,e,50,st,AT_SPEED,flt,FALSE,up,TRUE,ig,0,o_pos,0,o_hw,0,o_i,NA,o_up,FALSE,why,NO_COG
[2026-09-15T13:55:52.508] Cog0  BM-TS,seq,797,tid,6,k,1_012,lt,FALSE,pos,278,hw,278,i,882,ph,2_933,d,24_221,e,53,st,AT_SPEED,flt,FALSE,up,TRUE,ig,0,o_pos,0,o_hw,0,o_i,NA,o_up,FALSE,why,NO_COG
[2026-09-15T13:55:52.510] Cog0  BM-TS,seq,798,tid,6,k,1_014,lt,FALSE,pos,279,hw,279,i,817,ph,2_096,d,24_264,e,63,st,AT_SPEED,flt,FALSE,up,TRUE,ig,0,o_pos,0,o_hw,0,o_i,NA,o_up,FALSE,why,NO_COG
[2026-09-15T13:55:52.512] Cog0  BM-TS,seq,799,tid,6,k,1_016,lt,FALSE,pos,281,hw,280,i,828,ph,2_361,d,24_264,e,73,st,AT_SPEED,flt,FALSE,up,TRUE,ig,0,o_pos,0,o_hw,0,o_i,NA,o_up,FALSE,why,NO_COG
[2026-09-15T13:55:52.514] Cog0  BM-TS,seq,800,tid,6,k,1_018,lt,FALSE,pos,282,hw,282,i,937,ph,2_504,d,24_238,e,34,st,AT_SPEED,flt,FALSE,up,TRUE,ig,0,o_pos,0,o_hw,0,o_i,NA,o_up,FALSE,why,NO_COG
[2026-09-15T13:55:52.516] Cog0  BM-TS,seq,801,tid,6,k,1_020,lt,FALSE,pos,283,hw,283,i,822,ph,2_030,d,24_230,e,44,st,AT_SPEED,flt,FALSE,up,TRUE,ig,0,o_pos,0,o_hw,0,o_i,NA,o_up,FALSE,why,NO_COG
[2026-09-15T13:55:52.519] Cog0  BM-TS,seq,802,tid,6,k,1_022,lt,FALSE,pos,284,hw,284,i,804,ph,2_938,d,24_212,e,54,st,AT_SPEED,flt,FALSE,up,TRUE,ig,0,o_pos,0,o_hw,0,o_i,NA,o_up,FALSE,why,NO_COG
[2026-09-15T13:55:52.520] Cog0  BM-TS,seq,803,tid,6,k,1_024,lt,FALSE,pos,285,hw,285,i,864,ph,1_926,d,24_248,e,57,st,AT_SPEED,flt,FALSE,up,TRUE,ig,0,o_pos,0,o_hw,0,o_i,NA,o_up,FALSE,why,NO_COG
[2026-09-15T13:55:52.523] Cog0  BM-TS,seq,804,tid,6,k,1_026,lt,FALSE,pos,286,hw,286,i,807,ph,2_545,d,24_254,e,67,st,AT_SPEED,flt,FALSE,up,TRUE,ig,0,o_pos,0,o_hw,0,o_i,NA,o_up,FALSE,why,NO_COG
[2026-09-15T13:55:52.525] Cog0  BM-TS,seq,805,tid,6,k,1_028,lt,FALSE,pos,288,hw,288,i,869,ph,2_521,d,24_259,e,34,st,AT_SPEED,flt,FALSE,up,TRUE,ig,0,o_pos,0,o_hw,0,o_i,NA,o_up,FALSE,why,NO_COG
[2026-09-15T13:55:52.527] Cog0  BM-TS,seq,806,tid,6,k,1_030,lt,FALSE,pos,289,hw,289,i,895,ph,2_190,d,24_231,e,37,st,AT_SPEED,flt,FALSE,up,TRUE,ig,0,o_pos,0,o_hw,0,o_i,NA,o_up,FALSE,why,NO_COG
[2026-09-15T13:55:52.529] Cog0  BM-TS,seq,807,tid,6,k,1_032,lt,FALSE,pos,290,hw,290,i,806,ph,2_891,d,24_218,e,47,st,AT_SPEED,flt,FALSE,up,TRUE,ig,0,o_pos,0,o_hw,0,o_i,NA,o_up,FALSE,why,NO_COG
[2026-09-15T13:55:52.531] Cog0  BM-TS,seq,808,tid,6,k,1_034,lt,FALSE,pos,291,hw,291,i,915,ph,1_934,d,24_225,e,57,st,AT_SPEED,flt,FALSE,up,TRUE,ig,0,o_pos,0,o_hw,0,o_i,NA,o_up,FALSE,why,NO_COG
[2026-09-15T13:55:52.533] Cog0  BM-TS,seq,809,tid,6,k,1_036,lt,FALSE,pos,292,hw,292,i,847,ph,2_712,d,24_236,e,61,st,AT_SPEED,flt,FALSE,up,TRUE,ig,0,o_pos,0,o_hw,0,o_i,NA,o_up,FALSE,why,NO_COG
[2026-09-15T13:55:52.535] Cog0  BM-TS,seq,810,tid,6,k,1_038,lt,FALSE,pos,293,hw,293,i,795,ph,2_321,d,24_264,e,70,st,AT_SPEED,flt,FALSE,up,TRUE,ig,0,o_pos,0,o_hw,0,o_i,NA,o_up,FALSE,why,NO_COG
[2026-09-15T13:55:52.537] Cog0  BM-TS,seq,811,tid,6,k,1_040,lt,FALSE,pos,295,hw,295,i,952,ph,2_188,d,24_248,e,38,st,AT_SPEED,flt,FALSE,up,TRUE,ig,0,o_pos,0,o_hw,0,o_i,NA,o_up,FALSE,why,NO_COG
[2026-09-15T13:55:52.540] Cog0  BM-TS,seq,812,tid,6,k,1_042,lt,FALSE,pos,296,hw,296,i,875,ph,2_723,d,24_220,e,41,st,AT_SPEED,flt,FALSE,up,TRUE,ig,0,o_pos,0,o_hw,0,o_i,NA,o_up,FALSE,why,NO_COG
[2026-09-15T13:55:52.542] Cog0  BM-TS,seq,813,tid,6,k,1_044,lt,FALSE,pos,297,hw,297,i,782,ph,1_803,d,24_226,e,51,st,AT_SPEED,flt,FALSE,up,TRUE,ig,0,o_pos,0,o_hw,0,o_i,NA,o_up,FALSE,why,NO_COG
[2026-09-15T13:55:52.544] Cog0  BM-TS,seq,814,tid,6,k,1_046,lt,FALSE,pos,298,hw,298,i,918,ph,2_868,d,24_221,e,61,st,AT_SPEED,flt,FALSE,up,TRUE,ig,0,o_pos,0,o_hw,0,o_i,NA,o_up,FALSE,why,NO_COG
[2026-09-15T13:55:52.546] Cog0  BM-TS,seq,815,tid,6,k,1_048,lt,FALSE,pos,299,hw,299,i,840,ph,2_135,d,24_264,e,64,st,AT_SPEED,flt,FALSE,up,TRUE,ig,0,o_pos,0,o_hw,0,o_i,NA,o_up,FALSE,why,NO_COG
[2026-09-15T13:55:52.548] Cog0  BM-TS,seq,816,tid,6,k,1_050,lt,FALSE,pos,300,hw,300,i,795,ph,2_386,d,24_264,e,74,st,AT_SPEED,flt,FALSE,up,TRUE,ig,0,o_pos,0,o_hw,0,o_i,NA,o_up,FALSE,why,NO_COG
[2026-09-15T13:55:52.550] Cog0  BM-TS,seq,817,tid,6,k,1_052,lt,FALSE,pos,302,hw,302,i,966,ph,2_556,d,24_237,e,41,st,AT_SPEED,flt,FALSE,up,TRUE,ig,0,o_pos,0,o_hw,0,o_i,NA,o_up,FALSE,why,NO_COG
[2026-09-15T13:55:52.552] Cog0  BM-TS,seq,818,tid,6,k,1_054,lt,FALSE,pos,303,hw,303,i,838,ph,1_961,d,24_225,e,45,st,AT_SPEED,flt,FALSE,up,TRUE,ig,0,o_pos,0,o_hw,0,o_i,NA,o_up,FALSE,why,NO_COG
[2026-09-15T13:55:52.554] Cog0  BM-TS,seq,819,tid,6,k,1_056,lt,FALSE,pos,304,hw,304,i,782,ph,2_880,d,24_219,e,55,st,AT_SPEED,flt,FALSE,up,TRUE,ig,0,o_pos,0,o_hw,0,o_i,NA,o_up,FALSE,why,NO_COG
[2026-09-15T13:55:52.556] Cog0  BM-TS,seq,820,tid,6,k,1_058,lt,FALSE,pos,305,hw,305,i,887,ph,1_958,d,24_247,e,58,st,AT_SPEED,flt,FALSE,up,TRUE,ig,0,o_pos,0,o_hw,0,o_i,NA,o_up,FALSE,why,NO_COG
[2026-09-15T13:55:52.558] Cog0  BM-TS,seq,821,tid,6,k,1_060,lt,FALSE,pos,306,hw,306,i,817,ph,2_566,d,24_251,e,68,st,AT_SPEED,flt,FALSE,up,TRUE,ig,0,o_pos,0,o_hw,0,o_i,NA,o_up,FALSE,why,NO_COG
[2026-09-15T13:55:52.561] Cog0  BM-TS,seq,822,tid,6,k,1_062,lt,FALSE,pos,308,hw,308,i,852,ph,2_563,d,24_254,e,35,st,AT_SPEED,flt,FALSE,up,TRUE,ig,0,o_pos,0,o_hw,0,o_i,NA,o_up,FALSE,why,NO_COG
[2026-09-15T13:55:52.562] Cog0  BM-TS,seq,823,tid,6,k,1_064,lt,FALSE,pos,309,hw,309,i,924,ph,2_133,d,24_223,e,38,st,AT_SPEED,flt,FALSE,up,TRUE,ig,0,o_pos,0,o_hw,0,o_i,NA,o_up,FALSE,why,NO_COG
[2026-09-15T13:55:52.564] Cog0  BM-TS,seq,824,tid,6,k,1_066,lt,FALSE,pos,310,hw,310,i,809,ph,2_867,d,24_237,e,48,st,AT_SPEED,flt,FALSE,up,TRUE,ig,0,o_pos,0,o_hw,0,o_i,NA,o_up,FALSE,why,NO_COG
[2026-09-15T13:55:52.567] Cog0  BM-TS,seq,825,tid,6,k,1_067,lt,FALSE,pos,311,hw,311,i,809,ph,2_308,d,24_262,e,32,st,AT_SPEED,flt,FALSE,up,TRUE,ig,0,o_pos,0,o_hw,0,o_i,NA,o_up,FALSE,why,NO_COG
[2026-09-15T13:55:52.583] Cog0  BM-TRACE-END,seq,826,tid,6,stored,1_068,emitted,395,ksum,223_061,mark_k,4,late,0,skipped,0,lost_head,0,dropped,0,end,FROZEN,rest_k,NA,ig_sum,0,o_ig_sum,0,hw_skip,0,stride,2,why,NOT_REACHED
[2026-09-15T13:56:03.790] Cog0  BM-FBTRIAL,seq,827,tid,6,motor,LEFT,trial,1,ramp_inc,22,incre,110_250_000,off_neg,43,off_pos,317,result,OK,t_ms,1_624,i_pk,971,duty_pk,24_264,duty_max,24_264,dsat,FALSE,rst,NONE,rst_ms,0,why,NONE
[2026-09-15T13:56:05.068] Cog0  BM-RAMPREST,seq,828,motor,LEFT,min,1_500,max,200_000,inc,22,down,50_000,ok,TRUE,why,NONE
[2026-09-15T13:56:05.084] Cog0  BM-TRACE,seq,829,tid,7,seg,FAULTB,life,4,motor,LEFT,cause,RAMP,incre,110_250_000,off_neg,43,off_pos,317,req_mode,FLOAT,ramp_inc,100,period_us,2_000,decim,1,pre,50,why,NONE
[2026-09-15T13:56:05.194] Cog0  BM-TS,seq,830,tid,7,k,0,lt,FALSE,pos,0,hw,0,i,9,ph,20,d,1_600,e,36,st,STOPPED,flt,FALSE,up,TRUE,ig,0,o_pos,0,o_hw,0,o_i,NA,o_up,FALSE,why,NO_COG
[2026-09-15T13:56:05.196] Cog0  BM-TS,seq,831,tid,7,k,1,lt,FALSE,pos,0,hw,0,i,8,ph,19,d,1_600,e,36,st,STOPPED,flt,FALSE,up,TRUE,ig,0,o_pos,0,o_hw,0,o_i,NA,o_up,FALSE,why,NO_COG
[2026-09-15T13:56:05.198] Cog0  BM-TS,seq,832,tid,7,k,2,lt,FALSE,pos,0,hw,0,i,9,ph,19,d,1_600,e,36,st,STOPPED,flt,FALSE,up,TRUE,ig,0,o_pos,0,o_hw,0,o_i,NA,o_up,FALSE,why,NO_COG
[2026-09-15T13:56:05.199] Cog0  BM-TS,seq,833,tid,7,k,3,lt,FALSE,pos,0,hw,0,i,10,ph,22,d,1_600,e,36,st,STOPPED,flt,FALSE,up,TRUE,ig,0,o_pos,0,o_hw,0,o_i,NA,o_up,FALSE,why,NO_COG
[2026-09-15T13:56:05.202] Cog0  BM-TS,seq,834,tid,7,k,4,lt,FALSE,pos,0,hw,0,i,15,ph,2_453,d,1_600,e,0,st,SPIN_UP,flt,FALSE,up,TRUE,ig,0,o_pos,0,o_hw,0,o_i,NA,o_up,FALSE,why,NO_COG
[2026-09-15T13:56:05.203] Cog0  BM-TS,seq,835,tid,7,k,5,lt,FALSE,pos,0,hw,0,i,15,ph,2_437,d,1_600,e,0,st,SPIN_UP,flt,FALSE,up,TRUE,ig,0,o_pos,0,o_hw,0,o_i,NA,o_up,FALSE,why,NO_COG
[2026-09-15T13:56:05.205] Cog0  BM-TS,seq,836,tid,7,k,6,lt,FALSE,pos,0,hw,0,i,17,ph,2_447,d,1_600,e,0,st,SPIN_UP,flt,FALSE,up,TRUE,ig,0,o_pos,0,o_hw,0,o_i,NA,o_up,FALSE,why,NO_COG
[2026-09-15T13:56:05.207] Cog0  BM-TS,seq,837,tid,7,k,7,lt,FALSE,pos,0,hw,0,i,17,ph,2_444,d,1_600,e,0,st,SPIN_UP,flt,FALSE,up,TRUE,ig,0,o_pos,0,o_hw,0,o_i,NA,o_up,FALSE,why,NO_COG
[2026-09-15T13:56:05.209] Cog0  BM-TS,seq,838,tid,7,k,8,lt,FALSE,pos,0,hw,0,i,15,ph,2_440,d,1_600,e,0,st,SPIN_UP,flt,FALSE,up,TRUE,ig,0,o_pos,0,o_hw,0,o_i,NA,o_up,FALSE,why,NO_COG
[2026-09-15T13:56:05.211] Cog0  BM-TS,seq,839,tid,7,k,9,lt,FALSE,pos,0,hw,0,i,16,ph,2_439,d,1_600,e,0,st,SPIN_UP,flt,FALSE,up,TRUE,ig,0,o_pos,0,o_hw,0,o_i,NA,o_up,FALSE,why,NO_COG
[2026-09-15T13:56:05.213] Cog0  BM-TS,seq,840,tid,7,k,10,lt,FALSE,pos,0,hw,0,i,16,ph,2_439,d,1_600,e,0,st,SPIN_UP,flt,FALSE,up,TRUE,ig,0,o_pos,0,o_hw,0,o_i,NA,o_up,FALSE,why,NO_COG
[2026-09-15T13:56:05.214] Cog0  BM-TS,seq,841,tid,7,k,11,lt,FALSE,pos,0,hw,0,i,16,ph,2_439,d,1_600,e,0,st,SPIN_UP,flt,FALSE,up,TRUE,ig,0,o_pos,0,o_hw,0,o_i,NA,o_up,FALSE,why,NO_COG
[2026-09-15T13:56:05.216] Cog0  BM-TS,seq,842,tid,7,k,12,lt,FALSE,pos,0,hw,0,i,17,ph,2_443,d,1_600,e,0,st,SPIN_UP,flt,FALSE,up,TRUE,ig,0,o_pos,0,o_hw,0,o_i,NA,o_up,FALSE,why,NO_COG
[2026-09-15T13:56:05.218] Cog0  BM-TS,seq,843,tid,7,k,13,lt,FALSE,pos,0,hw,0,i,13,ph,2_432,d,1_600,e,0,st,SPIN_UP,flt,FALSE,up,TRUE,ig,0,o_pos,0,o_hw,0,o_i,NA,o_up,FALSE,why,NO_COG
[2026-09-15T13:56:05.220] Cog0  BM-TS,seq,844,tid,7,k,14,lt,FALSE,pos,0,hw,0,i,17,ph,2_441,d,1_600,e,0,st,SPIN_UP,flt,FALSE,up,TRUE,ig,0,o_pos,0,o_hw,0,o_i,NA,o_up,FALSE,why,NO_COG
[2026-09-15T13:56:05.222] Cog0  BM-TS,seq,845,tid,7,k,15,lt,FALSE,pos,0,hw,0,i,15,ph,2_438,d,1_600,e,0,st,SPIN_UP,flt,FALSE,up,TRUE,ig,0,o_pos,0,o_hw,0,o_i,NA,o_up,FALSE,why,NO_COG
[2026-09-15T13:56:05.224] Cog0  BM-TS,seq,846,tid,7,k,16,lt,FALSE,pos,0,hw,0,i,14,ph,2_446,d,1_600,e,0,st,SPIN_UP,flt,FALSE,up,TRUE,ig,0,o_pos,0,o_hw,0,o_i,NA,o_up,FALSE,why,NO_COG
[2026-09-15T13:56:05.226] Cog0  BM-TS,seq,847,tid,7,k,17,lt,FALSE,pos,0,hw,0,i,14,ph,2_426,d,1_600,e,0,st,SPIN_UP,flt,FALSE,up,TRUE,ig,0,o_pos,0,o_hw,0,o_i,NA,o_up,FALSE,why,NO_COG
[2026-09-15T13:56:05.228] Cog0  BM-TS,seq,848,tid,7,k,18,lt,FALSE,pos,0,hw,0,i,15,ph,2_440,d,1_600,e,0,st,SPIN_UP,flt,FALSE,up,TRUE,ig,0,o_pos,0,o_hw,0,o_i,NA,o_up,FALSE,why,NO_COG
[2026-09-15T13:56:05.229] Cog0  BM-TS,seq,849,tid,7,k,19,lt,FALSE,pos,0,hw,0,i,16,ph,2_440,d,1_600,e,0,st,SPIN_UP,flt,FALSE,up,TRUE,ig,0,o_pos,0,o_hw,0,o_i,NA,o_up,FALSE,why,NO_COG
[2026-09-15T13:56:05.232] Cog0  BM-TS,seq,850,tid,7,k,20,lt,FALSE,pos,0,hw,0,i,17,ph,2_441,d,1_600,e,0,st,SPIN_UP,flt,FALSE,up,TRUE,ig,0,o_pos,0,o_hw,0,o_i,NA,o_up,FALSE,why,NO_COG
[2026-09-15T13:56:05.234] Cog0  BM-TS,seq,851,tid,7,k,21,lt,FALSE,pos,0,hw,0,i,17,ph,2_450,d,1_600,e,0,st,SPIN_UP,flt,FALSE,up,TRUE,ig,0,o_pos,0,o_hw,0,o_i,NA,o_up,FALSE,why,NO_COG
[2026-09-15T13:56:05.235] Cog0  BM-TS,seq,852,tid,7,k,22,lt,FALSE,pos,0,hw,0,i,20,ph,2_451,d,1_600,e,0,st,SPIN_UP,flt,FALSE,up,TRUE,ig,0,o_pos,0,o_hw,0,o_i,NA,o_up,FALSE,why,NO_COG
[2026-09-15T13:56:05.237] Cog0  BM-TS,seq,853,tid,7,k,23,lt,FALSE,pos,0,hw,0,i,17,ph,2_445,d,1_600,e,0,st,SPIN_UP,flt,FALSE,up,TRUE,ig,0,o_pos,0,o_hw,0,o_i,NA,o_up,FALSE,why,NO_COG
[2026-09-15T13:56:05.239] Cog0  BM-TS,seq,854,tid,7,k,24,lt,FALSE,pos,0,hw,0,i,17,ph,2_434,d,1_600,e,0,st,SPIN_UP,flt,FALSE,up,TRUE,ig,0,o_pos,0,o_hw,0,o_i,NA,o_up,FALSE,why,NO_COG
[2026-09-15T13:56:05.241] Cog0  BM-TS,seq,855,tid,7,k,25,lt,FALSE,pos,0,hw,0,i,16,ph,2_435,d,1_600,e,0,st,SPIN_UP,flt,FALSE,up,TRUE,ig,0,o_pos,0,o_hw,0,o_i,NA,o_up,FALSE,why,NO_COG
[2026-09-15T13:56:05.243] Cog0  BM-TS,seq,856,tid,7,k,26,lt,FALSE,pos,0,hw,0,i,15,ph,2_435,d,1_600,e,0,st,SPIN_UP,flt,FALSE,up,TRUE,ig,0,o_pos,0,o_hw,0,o_i,NA,o_up,FALSE,why,NO_COG
[2026-09-15T13:56:05.245] Cog0  BM-TS,seq,857,tid,7,k,27,lt,FALSE,pos,0,hw,0,i,17,ph,2_441,d,1_600,e,1,st,SPIN_UP,flt,FALSE,up,TRUE,ig,0,o_pos,0,o_hw,0,o_i,NA,o_up,FALSE,why,NO_COG
[2026-09-15T13:56:05.247] Cog0  BM-TS,seq,858,tid,7,k,28,lt,FALSE,pos,0,hw,0,i,17,ph,2_436,d,1_600,e,1,st,SPIN_UP,flt,FALSE,up,TRUE,ig,0,o_pos,0,o_hw,0,o_i,NA,o_up,FALSE,why,NO_COG
[2026-09-15T13:56:05.249] Cog0  BM-TS,seq,859,tid,7,k,29,lt,FALSE,pos,0,hw,0,i,18,ph,2_443,d,1_600,e,1,st,SPIN_UP,flt,FALSE,up,TRUE,ig,0,o_pos,0,o_hw,0,o_i,NA,o_up,FALSE,why,NO_COG
[2026-09-15T13:56:05.250] Cog0  BM-TS,seq,860,tid,7,k,30,lt,FALSE,pos,0,hw,0,i,20,ph,2_455,d,1_600,e,1,st,SPIN_UP,flt,FALSE,up,TRUE,ig,0,o_pos,0,o_hw,0,o_i,NA,o_up,FALSE,why,NO_COG
[2026-09-15T13:56:05.253] Cog0  BM-TS,seq,861,tid,7,k,31,lt,FALSE,pos,0,hw,0,i,18,ph,2_447,d,1_600,e,1,st,SPIN_UP,flt,FALSE,up,TRUE,ig,0,o_pos,0,o_hw,0,o_i,NA,o_up,FALSE,why,NO_COG
[2026-09-15T13:56:05.254] Cog0  BM-TS,seq,862,tid,7,k,32,lt,FALSE,pos,0,hw,0,i,18,ph,2_433,d,1_600,e,1,st,SPIN_UP,flt,FALSE,up,TRUE,ig,0,o_pos,0,o_hw,0,o_i,NA,o_up,FALSE,why,NO_COG
[2026-09-15T13:56:05.256] Cog0  BM-TS,seq,863,tid,7,k,33,lt,FALSE,pos,0,hw,0,i,17,ph,2_436,d,1_600,e,2,st,SPIN_UP,flt,FALSE,up,TRUE,ig,0,o_pos,0,o_hw,0,o_i,NA,o_up,FALSE,why,NO_COG
[2026-09-15T13:56:05.258] Cog0  BM-TS,seq,864,tid,7,k,34,lt,FALSE,pos,0,hw,0,i,17,ph,2_444,d,1_600,e,2,st,SPIN_UP,flt,FALSE,up,TRUE,ig,0,o_pos,0,o_hw,0,o_i,NA,o_up,FALSE,why,NO_COG
[2026-09-15T13:56:05.260] Cog0  BM-TS,seq,865,tid,7,k,35,lt,FALSE,pos,0,hw,0,i,16,ph,2_442,d,1_600,e,2,st,SPIN_UP,flt,FALSE,up,TRUE,ig,0,o_pos,0,o_hw,0,o_i,NA,o_up,FALSE,why,NO_COG
[2026-09-15T13:56:05.262] Cog0  BM-TS,seq,866,tid,7,k,36,lt,FALSE,pos,0,hw,0,i,19,ph,2_447,d,1_600,e,2,st,SPIN_UP,flt,FALSE,up,TRUE,ig,0,o_pos,0,o_hw,0,o_i,NA,o_up,FALSE,why,NO_COG
[2026-09-15T13:56:05.264] Cog0  BM-TS,seq,867,tid,7,k,37,lt,FALSE,pos,0,hw,0,i,19,ph,2_450,d,1_600,e,2,st,SPIN_UP,flt,FALSE,up,TRUE,ig,0,o_pos,0,o_hw,0,o_i,NA,o_up,FALSE,why,NO_COG
[2026-09-15T13:56:05.265] Cog0  BM-TS,seq,868,tid,7,k,38,lt,FALSE,pos,0,hw,0,i,17,ph,2_449,d,1_600,e,3,st,SPIN_UP,flt,FALSE,up,TRUE,ig,0,o_pos,0,o_hw,0,o_i,NA,o_up,FALSE,why,NO_COG
[2026-09-15T13:56:05.267] Cog0  BM-TS,seq,869,tid,7,k,39,lt,FALSE,pos,0,hw,0,i,18,ph,2_443,d,1_600,e,3,st,SPIN_UP,flt,FALSE,up,TRUE,ig,0,o_pos,0,o_hw,0,o_i,NA,o_up,FALSE,why,NO_COG
[2026-09-15T13:56:05.269] Cog0  BM-TS,seq,870,tid,7,k,40,lt,FALSE,pos,0,hw,0,i,18,ph,2_450,d,1_600,e,3,st,SPIN_UP,flt,FALSE,up,TRUE,ig,0,o_pos,0,o_hw,0,o_i,NA,o_up,FALSE,why,NO_COG
[2026-09-15T13:56:05.271] Cog0  BM-TS,seq,871,tid,7,k,41,lt,FALSE,pos,0,hw,0,i,17,ph,2_443,d,1_600,e,3,st,SPIN_UP,flt,FALSE,up,TRUE,ig,0,o_pos,0,o_hw,0,o_i,NA,o_up,FALSE,why,NO_COG
[2026-09-15T13:56:05.273] Cog0  BM-TS,seq,872,tid,7,k,42,lt,FALSE,pos,0,hw,0,i,21,ph,2_458,d,1_600,e,4,st,SPIN_UP,flt,FALSE,up,TRUE,ig,0,o_pos,0,o_hw,0,o_i,NA,o_up,FALSE,why,NO_COG
[2026-09-15T13:56:05.275] Cog0  BM-TS,seq,873,tid,7,k,43,lt,FALSE,pos,0,hw,0,i,18,ph,2_456,d,1_600,e,4,st,SPIN_UP,flt,FALSE,up,TRUE,ig,0,o_pos,0,o_hw,0,o_i,NA,o_up,FALSE,why,NO_COG
[2026-09-15T13:56:05.277] Cog0  BM-TS,seq,874,tid,7,k,44,lt,FALSE,pos,0,hw,0,i,16,ph,2_452,d,1_600,e,4,st,SPIN_UP,flt,FALSE,up,TRUE,ig,0,o_pos,0,o_hw,0,o_i,NA,o_up,FALSE,why,NO_COG
[2026-09-15T13:56:05.279] Cog0  BM-TS,seq,875,tid,7,k,45,lt,FALSE,pos,0,hw,0,i,16,ph,2_450,d,1_600,e,5,st,SPIN_UP,flt,FALSE,up,TRUE,ig,0,o_pos,0,o_hw,0,o_i,NA,o_up,FALSE,why,NO_COG
[2026-09-15T13:56:05.281] Cog0  BM-TS,seq,876,tid,7,k,46,lt,FALSE,pos,0,hw,0,i,18,ph,2_453,d,1_600,e,5,st,SPIN_UP,flt,FALSE,up,TRUE,ig,0,o_pos,0,o_hw,0,o_i,NA,o_up,FALSE,why,NO_COG
[2026-09-15T13:56:05.283] Cog0  BM-TS,seq,877,tid,7,k,47,lt,FALSE,pos,0,hw,0,i,17,ph,2_450,d,1_600,e,5,st,SPIN_UP,flt,FALSE,up,TRUE,ig,0,o_pos,0,o_hw,0,o_i,NA,o_up,FALSE,why,NO_COG
[2026-09-15T13:56:05.284] Cog0  BM-TS,seq,878,tid,7,k,48,lt,FALSE,pos,0,hw,0,i,17,ph,2_456,d,1_600,e,6,st,SPIN_UP,flt,FALSE,up,TRUE,ig,0,o_pos,0,o_hw,0,o_i,NA,o_up,FALSE,why,NO_COG
[2026-09-15T13:56:05.286] Cog0  BM-TS,seq,879,tid,7,k,49,lt,FALSE,pos,0,hw,0,i,16,ph,2_446,d,1_600,e,6,st,SPIN_UP,flt,FALSE,up,TRUE,ig,0,o_pos,0,o_hw,0,o_i,NA,o_up,FALSE,why,NO_COG
[2026-09-15T13:56:05.288] Cog0  BM-TS,seq,880,tid,7,k,50,lt,FALSE,pos,0,hw,0,i,15,ph,2_453,d,1_600,e,7,st,SPIN_UP,flt,FALSE,up,TRUE,ig,0,o_pos,0,o_hw,0,o_i,NA,o_up,FALSE,why,NO_COG
[2026-09-15T13:56:05.290] Cog0  BM-TS,seq,881,tid,7,k,51,lt,FALSE,pos,0,hw,0,i,15,ph,2_452,d,1_600,e,7,st,SPIN_UP,flt,FALSE,up,TRUE,ig,0,o_pos,0,o_hw,0,o_i,NA,o_up,FALSE,why,NO_COG
[2026-09-15T13:56:05.292] Cog0  BM-TS,seq,882,tid,7,k,52,lt,FALSE,pos,0,hw,0,i,19,ph,2_454,d,1_600,e,7,st,SPIN_UP,flt,FALSE,up,TRUE,ig,0,o_pos,0,o_hw,0,o_i,NA,o_up,FALSE,why,NO_COG
[2026-09-15T13:56:05.294] Cog0  BM-TS,seq,883,tid,7,k,53,lt,FALSE,pos,0,hw,0,i,17,ph,2_451,d,1_600,e,8,st,SPIN_UP,flt,FALSE,up,TRUE,ig,0,o_pos,0,o_hw,0,o_i,NA,o_up,FALSE,why,NO_COG
[2026-09-15T13:56:05.296] Cog0  BM-TS,seq,884,tid,7,k,54,lt,FALSE,pos,0,hw,0,i,18,ph,2_454,d,1_600,e,8,st,SPIN_UP,flt,FALSE,up,TRUE,ig,0,o_pos,0,o_hw,0,o_i,NA,o_up,FALSE,why,NO_COG
[2026-09-15T13:56:05.298] Cog0  BM-TS,seq,885,tid,7,k,55,lt,FALSE,pos,0,hw,0,i,17,ph,2_458,d,1_600,e,9,st,SPIN_UP,flt,FALSE,up,TRUE,ig,0,o_pos,0,o_hw,0,o_i,NA,o_up,FALSE,why,NO_COG
[2026-09-15T13:56:05.300] Cog0  BM-TS,seq,886,tid,7,k,56,lt,FALSE,pos,0,hw,0,i,18,ph,2_452,d,1_600,e,9,st,SPIN_UP,flt,FALSE,up,TRUE,ig,0,o_pos,0,o_hw,0,o_i,NA,o_up,FALSE,why,NO_COG
[2026-09-15T13:56:05.301] Cog0  BM-TS,seq,887,tid,7,k,57,lt,FALSE,pos,0,hw,0,i,16,ph,2_453,d,1_600,e,10,st,SPIN_UP,flt,FALSE,up,TRUE,ig,0,o_pos,0,o_hw,0,o_i,NA,o_up,FALSE,why,NO_COG
[2026-09-15T13:56:05.303] Cog0  BM-TS,seq,888,tid,7,k,58,lt,FALSE,pos,0,hw,0,i,16,ph,2_451,d,1_600,e,11,st,SPIN_UP,flt,FALSE,up,TRUE,ig,0,o_pos,0,o_hw,0,o_i,NA,o_up,FALSE,why,NO_COG
[2026-09-15T13:56:05.305] Cog0  BM-TS,seq,889,tid,7,k,59,lt,FALSE,pos,0,hw,0,i,16,ph,2_448,d,1_600,e,11,st,SPIN_UP,flt,FALSE,up,TRUE,ig,0,o_pos,0,o_hw,0,o_i,NA,o_up,FALSE,why,NO_COG
[2026-09-15T13:56:05.307] Cog0  BM-TS,seq,890,tid,7,k,60,lt,FALSE,pos,0,hw,0,i,18,ph,2_448,d,1_600,e,12,st,SPIN_UP,flt,FALSE,up,TRUE,ig,0,o_pos,0,o_hw,0,o_i,NA,o_up,FALSE,why,NO_COG
[2026-09-15T13:56:05.309] Cog0  BM-TS,seq,891,tid,7,k,61,lt,FALSE,pos,0,hw,0,i,18,ph,2_449,d,1_600,e,12,st,SPIN_UP,flt,FALSE,up,TRUE,ig,0,o_pos,0,o_hw,0,o_i,NA,o_up,FALSE,why,NO_COG
[2026-09-15T13:56:05.311] Cog0  BM-TS,seq,892,tid,7,k,62,lt,FALSE,pos,0,hw,0,i,19,ph,2_457,d,1_600,e,13,st,SPIN_UP,flt,FALSE,up,TRUE,ig,0,o_pos,0,o_hw,0,o_i,NA,o_up,FALSE,why,NO_COG
[2026-09-15T13:56:05.313] Cog0  BM-TS,seq,893,tid,7,k,63,lt,FALSE,pos,0,hw,0,i,17,ph,2_436,d,1_600,e,14,st,SPIN_UP,flt,FALSE,up,TRUE,ig,0,o_pos,0,o_hw,0,o_i,NA,o_up,FALSE,why,NO_COG
[2026-09-15T13:56:05.315] Cog0  BM-TS,seq,894,tid,7,k,64,lt,FALSE,pos,0,hw,0,i,16,ph,2_436,d,1_600,e,14,st,SPIN_UP,flt,FALSE,up,TRUE,ig,0,o_pos,0,o_hw,0,o_i,NA,o_up,FALSE,why,NO_COG
[2026-09-15T13:56:05.317] Cog0  BM-TS,seq,895,tid,7,k,65,lt,FALSE,pos,0,hw,0,i,17,ph,2_443,d,1_600,e,15,st,SPIN_UP,flt,FALSE,up,TRUE,ig,0,o_pos,0,o_hw,0,o_i,NA,o_up,FALSE,why,NO_COG
[2026-09-15T13:56:05.319] Cog0  BM-TS,seq,896,tid,7,k,66,lt,FALSE,pos,0,hw,0,i,17,ph,2_439,d,1_600,e,16,st,SPIN_UP,flt,FALSE,up,TRUE,ig,0,o_pos,0,o_hw,0,o_i,NA,o_up,FALSE,why,NO_COG
[2026-09-15T13:56:05.320] Cog0  BM-TS,seq,897,tid,7,k,67,lt,FALSE,pos,0,hw,0,i,19,ph,2_451,d,1_600,e,16,st,SPIN_UP,flt,FALSE,up,TRUE,ig,0,o_pos,0,o_hw,0,o_i,NA,o_up,FALSE,why,NO_COG
[2026-09-15T13:56:05.322] Cog0  BM-TS,seq,898,tid,7,k,68,lt,FALSE,pos,0,hw,0,i,15,ph,2_428,d,1_600,e,17,st,SPIN_UP,flt,FALSE,up,TRUE,ig,0,o_pos,0,o_hw,0,o_i,NA,o_up,FALSE,why,NO_COG
[2026-09-15T13:56:05.323] Cog0  BM-TS,seq,899,tid,7,k,69,lt,FALSE,pos,0,hw,0,i,16,ph,2_436,d,1_600,e,18,st,SPIN_UP,flt,FALSE,up,TRUE,ig,0,o_pos,0,o_hw,0,o_i,NA,o_up,FALSE,why,NO_COG
[2026-09-15T13:56:05.326] Cog0  BM-TS,seq,900,tid,7,k,70,lt,FALSE,pos,0,hw,0,i,17,ph,2_438,d,1_600,e,19,st,SPIN_UP,flt,FALSE,up,TRUE,ig,0,o_pos,0,o_hw,0,o_i,NA,o_up,FALSE,why,NO_COG
[2026-09-15T13:56:05.328] Cog0  BM-TS,seq,901,tid,7,k,71,lt,FALSE,pos,0,hw,0,i,16,ph,2_437,d,1_600,e,20,st,SPIN_UP,flt,FALSE,up,TRUE,ig,0,o_pos,0,o_hw,0,o_i,NA,o_up,FALSE,why,NO_COG
[2026-09-15T13:56:05.330] Cog0  BM-TS,seq,902,tid,7,k,72,lt,FALSE,pos,0,hw,0,i,17,ph,2_437,d,1_600,e,20,st,SPIN_UP,flt,FALSE,up,TRUE,ig,0,o_pos,0,o_hw,0,o_i,NA,o_up,FALSE,why,NO_COG
[2026-09-15T13:56:05.332] Cog0  BM-TS,seq,903,tid,7,k,73,lt,FALSE,pos,0,hw,0,i,16,ph,2_425,d,1_600,e,21,st,SPIN_UP,flt,FALSE,up,TRUE,ig,0,o_pos,0,o_hw,0,o_i,NA,o_up,FALSE,why,NO_COG
[2026-09-15T13:56:05.334] Cog0  BM-TS,seq,904,tid,7,k,74,lt,FALSE,pos,0,hw,0,i,17,ph,2_429,d,1_600,e,22,st,SPIN_UP,flt,FALSE,up,TRUE,ig,0,o_pos,0,o_hw,0,o_i,NA,o_up,FALSE,why,NO_COG
[2026-09-15T13:56:05.336] Cog0  BM-TS,seq,905,tid,7,k,75,lt,FALSE,pos,0,hw,0,i,17,ph,2_433,d,1_600,e,23,st,SPIN_UP,flt,FALSE,up,TRUE,ig,0,o_pos,0,o_hw,0,o_i,NA,o_up,FALSE,why,NO_COG
[2026-09-15T13:56:05.337] Cog0  BM-TS,seq,906,tid,7,k,76,lt,FALSE,pos,0,hw,0,i,16,ph,2_426,d,1_600,e,24,st,SPIN_UP,flt,FALSE,up,TRUE,ig,0,o_pos,0,o_hw,0,o_i,NA,o_up,FALSE,why,NO_COG
[2026-09-15T13:56:05.340] Cog0  BM-TS,seq,907,tid,7,k,77,lt,FALSE,pos,0,hw,0,i,17,ph,2_424,d,1_600,e,25,st,SPIN_UP,flt,FALSE,up,TRUE,ig,0,o_pos,0,o_hw,0,o_i,NA,o_up,FALSE,why,NO_COG
[2026-09-15T13:56:05.341] Cog0  BM-TS,seq,908,tid,7,k,78,lt,FALSE,pos,0,hw,0,i,16,ph,2_435,d,1_600,e,26,st,SPIN_UP,flt,FALSE,up,TRUE,ig,0,o_pos,0,o_hw,0,o_i,NA,o_up,FALSE,why,NO_COG
[2026-09-15T13:56:05.343] Cog0  BM-TS,seq,909,tid,7,k,79,lt,FALSE,pos,0,hw,0,i,17,ph,2_418,d,1_600,e,27,st,SPIN_UP,flt,FALSE,up,TRUE,ig,0,o_pos,0,o_hw,0,o_i,NA,o_up,FALSE,why,NO_COG
[2026-09-15T13:56:05.345] Cog0  BM-TS,seq,910,tid,7,k,80,lt,FALSE,pos,0,hw,0,i,17,ph,2_417,d,1_600,e,28,st,SPIN_UP,flt,FALSE,up,TRUE,ig,0,o_pos,0,o_hw,0,o_i,NA,o_up,FALSE,why,NO_COG
[2026-09-15T13:56:05.347] Cog0  BM-TS,seq,911,tid,7,k,81,lt,FALSE,pos,0,hw,0,i,15,ph,2_412,d,1_600,e,29,st,SPIN_UP,flt,FALSE,up,TRUE,ig,0,o_pos,0,o_hw,0,o_i,NA,o_up,FALSE,why,NO_COG
[2026-09-15T13:56:05.349] Cog0  BM-TS,seq,912,tid,7,k,82,lt,FALSE,pos,0,hw,0,i,17,ph,2_423,d,1_600,e,31,st,SPIN_UP,flt,FALSE,up,TRUE,ig,0,o_pos,0,o_hw,0,o_i,NA,o_up,FALSE,why,NO_COG
[2026-09-15T13:56:05.351] Cog0  BM-TS,seq,913,tid,7,k,83,lt,FALSE,pos,0,hw,0,i,17,ph,2_416,d,1_600,e,32,st,SPIN_UP,flt,FALSE,up,TRUE,ig,0,o_pos,0,o_hw,0,o_i,NA,o_up,FALSE,why,NO_COG
[2026-09-15T13:56:05.353] Cog0  BM-TS,seq,914,tid,7,k,84,lt,FALSE,pos,0,hw,0,i,17,ph,2_422,d,1_600,e,33,st,SPIN_UP,flt,FALSE,up,TRUE,ig,0,o_pos,0,o_hw,0,o_i,NA,o_up,FALSE,why,NO_COG
[2026-09-15T13:56:05.355] Cog0  BM-TS,seq,915,tid,7,k,85,lt,FALSE,pos,0,hw,0,i,17,ph,2_418,d,1_600,e,34,st,SPIN_UP,flt,FALSE,up,TRUE,ig,0,o_pos,0,o_hw,0,o_i,NA,o_up,FALSE,why,NO_COG
[2026-09-15T13:56:05.357] Cog0  BM-TS,seq,916,tid,7,k,86,lt,FALSE,pos,0,hw,0,i,15,ph,2_415,d,1_600,e,35,st,SPIN_UP,flt,FALSE,up,TRUE,ig,0,o_pos,0,o_hw,0,o_i,NA,o_up,FALSE,why,NO_COG
[2026-09-15T13:56:05.358] Cog0  BM-TS,seq,917,tid,7,k,87,lt,FALSE,pos,0,hw,0,i,15,ph,2_400,d,1_600,e,37,st,SPIN_UP,flt,FALSE,up,TRUE,ig,0,o_pos,0,o_hw,0,o_i,NA,o_up,FALSE,why,NO_COG
[2026-09-15T13:56:05.361] Cog0  BM-TS,seq,918,tid,7,k,88,lt,FALSE,pos,0,hw,0,i,17,ph,2_413,d,1_600,e,38,st,SPIN_UP,flt,FALSE,up,TRUE,ig,0,o_pos,0,o_hw,0,o_i,NA,o_up,FALSE,why,NO_COG
[2026-09-15T13:56:05.362] Cog0  BM-TS,seq,919,tid,7,k,89,lt,FALSE,pos,0,hw,0,i,15,ph,2_409,d,1_600,e,39,st,SPIN_UP,flt,FALSE,up,TRUE,ig,0,o_pos,0,o_hw,0,o_i,NA,o_up,FALSE,why,NO_COG
[2026-09-15T13:56:05.364] Cog0  BM-TS,seq,920,tid,7,k,90,lt,FALSE,pos,0,hw,0,i,17,ph,2_411,d,1_600,e,40,st,SPIN_UP,flt,FALSE,up,TRUE,ig,0,o_pos,0,o_hw,0,o_i,NA,o_up,FALSE,why,NO_COG
[2026-09-15T13:56:05.366] Cog0  BM-TS,seq,921,tid,7,k,91,lt,FALSE,pos,0,hw,0,i,17,ph,2_411,d,1_600,e,42,st,SPIN_UP,flt,FALSE,up,TRUE,ig,0,o_pos,0,o_hw,0,o_i,NA,o_up,FALSE,why,NO_COG
[2026-09-15T13:56:05.368] Cog0  BM-TS,seq,922,tid,7,k,92,lt,FALSE,pos,0,hw,0,i,17,ph,2_412,d,1_600,e,43,st,SPIN_UP,flt,FALSE,up,TRUE,ig,0,o_pos,0,o_hw,0,o_i,NA,o_up,FALSE,why,NO_COG
[2026-09-15T13:56:05.370] Cog0  BM-TS,seq,923,tid,7,k,93,lt,FALSE,pos,0,hw,0,i,15,ph,2_400,d,1_600,e,45,st,SPIN_UP,flt,FALSE,up,TRUE,ig,0,o_pos,0,o_hw,0,o_i,NA,o_up,FALSE,why,NO_COG
[2026-09-15T13:56:05.372] Cog0  BM-TS,seq,924,tid,7,k,94,lt,FALSE,pos,0,hw,0,i,13,ph,2_390,d,1_600,e,46,st,SPIN_UP,flt,FALSE,up,TRUE,ig,0,o_pos,0,o_hw,0,o_i,NA,o_up,FALSE,why,NO_COG
[2026-09-15T13:56:05.374] Cog0  BM-TS,seq,925,tid,7,k,95,lt,FALSE,pos,0,hw,0,i,15,ph,2_406,d,1_600,e,48,st,SPIN_UP,flt,FALSE,up,TRUE,ig,0,o_pos,0,o_hw,0,o_i,NA,o_up,FALSE,why,NO_COG
[2026-09-15T13:56:05.376] Cog0  BM-TS,seq,926,tid,7,k,96,lt,FALSE,pos,0,hw,0,i,15,ph,2_400,d,1_600,e,49,st,SPIN_UP,flt,FALSE,up,TRUE,ig,0,o_pos,0,o_hw,0,o_i,NA,o_up,FALSE,why,NO_COG
[2026-09-15T13:56:05.377] Cog0  BM-TS,seq,927,tid,7,k,97,lt,FALSE,pos,0,hw,0,i,14,ph,2_398,d,1_600,e,51,st,SPIN_UP,flt,FALSE,up,TRUE,ig,0,o_pos,0,o_hw,0,o_i,NA,o_up,FALSE,why,NO_COG
[2026-09-15T13:56:05.379] Cog0  BM-TS,seq,928,tid,7,k,98,lt,FALSE,pos,0,hw,0,i,17,ph,2_402,d,1_600,e,52,st,SPIN_UP,flt,FALSE,up,TRUE,ig,0,o_pos,0,o_hw,0,o_i,NA,o_up,FALSE,why,NO_COG
[2026-09-15T13:56:05.381] Cog0  BM-TS,seq,929,tid,7,k,99,lt,FALSE,pos,0,hw,0,i,16,ph,2_408,d,1_600,e,54,st,SPIN_UP,flt,FALSE,up,TRUE,ig,0,o_pos,0,o_hw,0,o_i,NA,o_up,FALSE,why,NO_COG
[2026-09-15T13:56:05.383] Cog0  BM-TS,seq,930,tid,7,k,100,lt,FALSE,pos,0,hw,0,i,13,ph,2_411,d,1_600,e,56,st,SPIN_UP,flt,FALSE,up,TRUE,ig,0,o_pos,0,o_hw,0,o_i,NA,o_up,FALSE,why,NO_COG
[2026-09-15T13:56:05.385] Cog0  BM-TS,seq,931,tid,7,k,101,lt,FALSE,pos,1,hw,1,i,16,ph,2_418,d,1_607,e,15,st,SPIN_UP,flt,FALSE,up,TRUE,ig,0,o_pos,0,o_hw,0,o_i,NA,o_up,FALSE,why,NO_COG
[2026-09-15T13:56:05.387] Cog0  BM-TS,seq,932,tid,7,k,102,lt,FALSE,pos,1,hw,1,i,14,ph,2_413,d,1_600,e,16,st,SPIN_UP,flt,FALSE,up,TRUE,ig,0,o_pos,0,o_hw,0,o_i,NA,o_up,FALSE,why,NO_COG
[2026-09-15T13:56:05.391] Cog0  BM-TS,seq,933,tid,7,k,103,lt,FALSE,pos,1,hw,1,i,13,ph,2_416,d,1_600,e,18,st,SPIN_UP,flt,FALSE,up,TRUE,ig,0,o_pos,0,o_hw,0,o_i,NA,o_up,FALSE,why,NO_COG
[2026-09-15T13:56:05.393] Cog0  BM-TS,seq,934,tid,7,k,125,lt,FALSE,pos,1,hw,1,i,11,ph,2_434,d,1_939,e,66,st,SPIN_UP,flt,FALSE,up,TRUE,ig,0,o_pos,0,o_hw,0,o_i,NA,o_up,FALSE,why,NO_COG
[2026-09-15T13:56:05.396] Cog0  BM-TS,seq,935,tid,7,k,131,lt,FALSE,pos,2,hw,2,i,20,ph,2_401,d,2_714,e,40,st,SPIN_UP,flt,FALSE,up,TRUE,ig,0,o_pos,0,o_hw,0,o_i,NA,o_up,FALSE,why,NO_COG
[2026-09-15T13:56:05.398] Cog0  BM-TS,seq,936,tid,7,k,145,lt,FALSE,pos,3,hw,3,i,24,ph,2_493,d,3_655,e,43,st,SPIN_UP,flt,FALSE,up,TRUE,ig,0,o_pos,0,o_hw,0,o_i,NA,o_up,FALSE,why,NO_COG
[2026-09-15T13:56:05.400] Cog0  BM-TS,seq,937,tid,7,k,150,lt,FALSE,pos,3,hw,3,i,19,ph,2_481,d,3_757,e,61,st,SPIN_UP,flt,FALSE,up,TRUE,ig,0,o_pos,0,o_hw,0,o_i,NA,o_up,FALSE,why,NO_COG
[2026-09-15T13:56:05.402] Cog0  BM-TS,seq,938,tid,7,k,155,lt,FALSE,pos,4,hw,4,i,27,ph,2_386,d,4_228,e,38,st,SPIN_UP,flt,FALSE,up,TRUE,ig,0,o_pos,0,o_hw,0,o_i,NA,o_up,FALSE,why,NO_COG
[2026-09-15T13:56:05.405] Cog0  BM-TS,seq,939,tid,7,k,163,lt,FALSE,pos,5,hw,5,i,32,ph,2_428,d,4_352,e,29,st,SPIN_UP,flt,FALSE,up,TRUE,ig,0,o_pos,0,o_hw,0,o_i,NA,o_up,FALSE,why,NO_COG
[2026-09-15T13:56:05.405] Cog0  BM-TS,seq,940,tid,7,k,172,lt,FALSE,pos,6,hw,6,i,34,ph,2_421,d,4_218,e,29,st,SPIN_UP,flt,FALSE,up,TRUE,ig,0,o_pos,0,o_hw,0,o_i,NA,o_up,FALSE,why,NO_COG
[2026-09-15T13:56:05.409] Cog0  BM-TS,seq,941,tid,7,k,175,lt,FALSE,pos,6,hw,6,i,30,ph,2_351,d,4_002,e,45,st,SPIN_UP,flt,FALSE,up,TRUE,ig,0,o_pos,0,o_hw,0,o_i,NA,o_up,FALSE,why,NO_COG
[2026-09-15T13:56:05.412] Cog0  BM-TS,seq,942,tid,7,k,181,lt,FALSE,pos,7,hw,7,i,31,ph,2_455,d,4_241,e,34,st,SPIN_UP,flt,FALSE,up,TRUE,ig,0,o_pos,0,o_hw,0,o_i,NA,o_up,FALSE,why,NO_COG
[2026-09-15T13:56:05.414] Cog0  BM-TS,seq,943,tid,7,k,189,lt,FALSE,pos,8,hw,8,i,26,ph,2_375,d,4_541,e,36,st,SPIN_UP,flt,FALSE,up,TRUE,ig,0,o_pos,0,o_hw,0,o_i,NA,o_up,FALSE,why,NO_COG
[2026-09-15T13:56:05.416] Cog0  BM-TS,seq,944,tid,7,k,197,lt,FALSE,pos,9,hw,9,i,28,ph,2_525,d,5_009,e,44,st,SPIN_UP,flt,FALSE,up,TRUE,ig,0,o_pos,0,o_hw,0,o_i,NA,o_up,FALSE,why,NO_COG
[2026-09-15T13:56:05.418] Cog0  BM-TS,seq,945,tid,7,k,200,lt,FALSE,pos,9,hw,9,i,25,ph,2_474,d,5_095,e,63,st,SPIN_UP,flt,FALSE,up,TRUE,ig,0,o_pos,0,o_hw,0,o_i,NA,o_up,FALSE,why,NO_COG
[2026-09-15T13:56:05.420] Cog0  BM-TS,seq,946,tid,7,k,204,lt,FALSE,pos,10,hw,10,i,31,ph,2_325,d,5_566,e,49,st,SPIN_UP,flt,FALSE,up,TRUE,ig,0,o_pos,0,o_hw,0,o_i,NA,o_up,FALSE,why,NO_COG
[2026-09-15T13:56:05.422] Cog0  BM-TS,seq,947,tid,7,k,210,lt,FALSE,pos,11,hw,11,i,35,ph,2_573,d,6_138,e,48,st,SPIN_UP,flt,FALSE,up,TRUE,ig,0,o_pos,0,o_hw,0,o_i,NA,o_up,FALSE,why,NO_COG
[2026-09-15T13:56:05.425] Cog0  BM-TS,seq,948,tid,7,k,215,lt,FALSE,pos,12,hw,12,i,36,ph,2_301,d,6_510,e,45,st,SPIN_UP,flt,FALSE,up,TRUE,ig,0,o_pos,0,o_hw,0,o_i,NA,o_up,FALSE,why,NO_COG
[2026-09-15T13:56:05.427] Cog0  BM-TS,seq,949,tid,7,k,220,lt,FALSE,pos,13,hw,13,i,40,ph,2_530,d,6_851,e,42,st,SPIN_UP,flt,FALSE,up,TRUE,ig,0,o_pos,0,o_hw,0,o_i,NA,o_up,FALSE,why,NO_COG
[2026-09-15T13:56:05.429] Cog0  BM-TS,seq,950,tid,7,k,225,lt,FALSE,pos,14,hw,14,i,47,ph,2_321,d,7_077,e,40,st,SPIN_UP,flt,FALSE,up,TRUE,ig,0,o_pos,0,o_hw,0,o_i,NA,o_up,FALSE,why,NO_COG
[2026-09-15T13:56:05.432] Cog0  BM-TS,seq,951,tid,7,k,229,lt,FALSE,pos,15,hw,15,i,60,ph,2_449,d,7_240,e,31,st,SPIN_UP,flt,FALSE,up,TRUE,ig,0,o_pos,0,o_hw,0,o_i,NA,o_up,FALSE,why,NO_COG
[2026-09-15T13:56:05.433] Cog0  BM-TS,seq,952,tid,7,k,234,lt,FALSE,pos,16,hw,16,i,67,ph,2_389,d,7_352,e,33,st,SPIN_UP,flt,FALSE,up,TRUE,ig,0,o_pos,0,o_hw,0,o_i,NA,o_up,FALSE,why,NO_COG
[2026-09-15T13:56:05.436] Cog0  BM-TS,seq,953,tid,7,k,239,lt,FALSE,pos,17,hw,17,i,63,ph,2_514,d,7_467,e,37,st,SPIN_UP,flt,FALSE,up,TRUE,ig,0,o_pos,0,o_hw,0,o_i,NA,o_up,FALSE,why,NO_COG
[2026-09-15T13:56:05.438] Cog0  BM-TS,seq,954,tid,7,k,244,lt,FALSE,pos,18,hw,18,i,59,ph,2_295,d,7_643,e,46,st,SPIN_UP,flt,FALSE,up,TRUE,ig,0,o_pos,0,o_hw,0,o_i,NA,o_up,FALSE,why,NO_COG
[2026-09-15T13:56:05.440] Cog0  BM-TS,seq,955,tid,7,k,248,lt,FALSE,pos,19,hw,19,i,55,ph,2_547,d,7_913,e,43,st,SPIN_UP,flt,FALSE,up,TRUE,ig,0,o_pos,0,o_hw,0,o_i,NA,o_up,FALSE,why,NO_COG
[2026-09-15T13:56:05.442] Cog0  BM-TS,seq,956,tid,7,k,250,lt,FALSE,pos,19,hw,19,i,59,ph,2_546,d,7_960,e,64,st,SPIN_UP,flt,FALSE,up,TRUE,ig,0,o_pos,0,o_hw,0,o_i,NA,o_up,FALSE,why,NO_COG
[2026-09-15T13:56:05.444] Cog0  BM-TS,seq,957,tid,7,k,252,lt,FALSE,pos,20,hw,20,i,55,ph,2_306,d,8_157,e,41,st,SPIN_UP,flt,FALSE,up,TRUE,ig,0,o_pos,0,o_hw,0,o_i,NA,o_up,FALSE,why,NO_COG
[2026-09-15T13:56:05.446] Cog0  BM-TS,seq,958,tid,7,k,256,lt,FALSE,pos,21,hw,21,i,53,ph,2_557,d,8_432,e,41,st,SPIN_UP,flt,FALSE,up,TRUE,ig,0,o_pos,0,o_hw,0,o_i,NA,o_up,FALSE,why,NO_COG
[2026-09-15T13:56:05.448] Cog0  BM-TS,seq,959,tid,7,k,260,lt,FALSE,pos,22,hw,22,i,51,ph,2_274,d,8_735,e,45,st,SPIN_UP,flt,FALSE,up,TRUE,ig,0,o_pos,0,o_hw,0,o_i,NA,o_up,FALSE,why,NO_COG
[2026-09-15T13:56:05.451] Cog0  BM-TS,seq,960,tid,7,k,264,lt,FALSE,pos,23,hw,23,i,57,ph,2_632,d,9_002,e,47,st,SPIN_UP,flt,FALSE,up,TRUE,ig,0,o_pos,0,o_hw,0,o_i,NA,o_up,FALSE,why,NO_COG
[2026-09-15T13:56:05.453] Cog0  BM-TS,seq,961,tid,7,k,267,lt,FALSE,pos,24,hw,24,i,62,ph,2_326,d,9_242,e,42,st,SPIN_UP,flt,FALSE,up,TRUE,ig,0,o_pos,0,o_hw,0,o_i,NA,o_up,FALSE,why,NO_COG
[2026-09-15T13:56:05.455] Cog0  BM-TS,seq,962,tid,7,k,271,lt,FALSE,pos,25,hw,25,i,59,ph,2_617,d,9_505,e,46,st,SPIN_UP,flt,FALSE,up,TRUE,ig,0,o_pos,0,o_hw,0,o_i,NA,o_up,FALSE,why,NO_COG
[2026-09-15T13:56:05.457] Cog0  BM-TS,seq,963,tid,7,k,274,lt,FALSE,pos,26,hw,26,i,71,ph,2_299,d,9_715,e,40,st,SPIN_UP,flt,FALSE,up,TRUE,ig,0,o_pos,0,o_hw,0,o_i,NA,o_up,FALSE,why,NO_COG
[2026-09-15T13:56:05.459] Cog0  BM-TS,seq,964,tid,7,k,275,lt,FALSE,pos,26,hw,26,i,64,ph,2_190,d,9_712,e,53,st,SPIN_UP,flt,FALSE,up,TRUE,ig,0,o_pos,0,o_hw,0,o_i,NA,o_up,FALSE,why,NO_COG
[2026-09-15T13:56:05.461] Cog0  BM-TS,seq,965,tid,7,k,278,lt,FALSE,pos,27,hw,27,i,69,ph,2_677,d,9_907,e,50,st,SPIN_UP,flt,FALSE,up,TRUE,ig,0,o_pos,0,o_hw,0,o_i,NA,o_up,FALSE,why,NO_COG
[2026-09-15T13:56:05.463] Cog0  BM-TS,seq,966,tid,7,k,281,lt,FALSE,pos,28,hw,28,i,73,ph,2_251,d,10_174,e,45,st,SPIN_UP,flt,FALSE,up,TRUE,ig,0,o_pos,0,o_hw,0,o_i,NA,o_up,FALSE,why,NO_COG
[2026-09-15T13:56:05.465] Cog0  BM-TS,seq,967,tid,7,k,284,lt,FALSE,pos,29,hw,29,i,73,ph,2_628,d,10_378,e,44,st,SPIN_UP,flt,FALSE,up,TRUE,ig,0,o_pos,0,o_hw,0,o_i,NA,o_up,FALSE,why,NO_COG
[2026-09-15T13:56:05.467] Cog0  BM-TS,seq,968,tid,7,k,287,lt,FALSE,pos,30,hw,30,i,75,ph,2_279,d,10_566,e,41,st,SPIN_UP,flt,FALSE,up,TRUE,ig,0,o_pos,0,o_hw,0,o_i,NA,o_up,FALSE,why,NO_COG
[2026-09-15T13:56:05.469] Cog0  BM-TS,seq,969,tid,7,k,290,lt,FALSE,pos,31,hw,31,i,79,ph,2_581,d,10_776,e,42,st,SPIN_UP,flt,FALSE,up,TRUE,ig,0,o_pos,0,o_hw,0,o_i,NA,o_up,FALSE,why,NO_COG
[2026-09-15T13:56:05.471] Cog0  BM-TS,seq,970,tid,7,k,293,lt,FALSE,pos,32,hw,32,i,72,ph,2_276,d,11_022,e,40,st,SPIN_UP,flt,FALSE,up,TRUE,ig,0,o_pos,0,o_hw,0,o_i,NA,o_up,FALSE,why,NO_COG
[2026-09-15T13:56:05.473] Cog0  BM-TS,seq,971,tid,7,k,296,lt,FALSE,pos,33,hw,33,i,88,ph,2_576,d,11_224,e,43,st,SPIN_UP,flt,FALSE,up,TRUE,ig,0,o_pos,0,o_hw,0,o_i,NA,o_up,FALSE,why,NO_COG
[2026-09-15T13:56:05.475] Cog0  BM-TS,seq,972,tid,7,k,299,lt,FALSE,pos,34,hw,34,i,78,ph,2_244,d,11_439,e,43,st,SPIN_UP,flt,FALSE,up,TRUE,ig,0,o_pos,0,o_hw,0,o_i,NA,o_up,FALSE,why,NO_COG
[2026-09-15T13:56:05.477] Cog0  BM-TS,seq,973,tid,7,k,300,lt,FALSE,pos,34,hw,34,i,75,ph,2_247,d,11_447,e,59,st,SPIN_UP,flt,FALSE,up,TRUE,ig,0,o_pos,0,o_hw,0,o_i,NA,o_up,FALSE,why,NO_COG
[2026-09-15T13:56:05.479] Cog0  BM-TS,seq,974,tid,7,k,302,lt,FALSE,pos,35,hw,35,i,88,ph,2_640,d,11_668,e,48,st,SPIN_UP,flt,FALSE,up,TRUE,ig,0,o_pos,0,o_hw,0,o_i,NA,o_up,FALSE,why,NO_COG
[2026-09-15T13:56:05.482] Cog0  BM-TS,seq,975,tid,7,k,305,lt,FALSE,pos,36,hw,36,i,84,ph,2_145,d,11_866,e,50,st,SPIN_UP,flt,FALSE,up,TRUE,ig,0,o_pos,0,o_hw,0,o_i,NA,o_up,FALSE,why,NO_COG
[2026-09-15T13:56:05.483] Cog0  BM-TS,seq,976,tid,7,k,308,lt,FALSE,pos,37,hw,37,i,92,ph,2_711,d,12_102,e,52,st,SPIN_UP,flt,FALSE,up,TRUE,ig,0,o_pos,0,o_hw,0,o_i,NA,o_up,FALSE,why,NO_COG
[2026-09-15T13:56:05.486] Cog0  BM-TS,seq,977,tid,7,k,310,lt,FALSE,pos,38,hw,38,i,88,ph,2_227,d,12_306,e,43,st,SPIN_UP,flt,FALSE,up,TRUE,ig,0,o_pos,0,o_hw,0,o_i,NA,o_up,FALSE,why,NO_COG
[2026-09-15T13:56:05.488] Cog0  BM-TS,seq,978,tid,7,k,313,lt,FALSE,pos,39,hw,39,i,96,ph,2_757,d,12_504,e,51,st,SPIN_UP,flt,FALSE,up,TRUE,ig,0,o_pos,0,o_hw,0,o_i,NA,o_up,FALSE,why,NO_COG
[2026-09-15T13:56:05.490] Cog0  BM-TS,seq,979,tid,7,k,316,lt,FALSE,pos,40,hw,40,i,91,ph,2_189,d,12_720,e,56,st,SPIN_UP,flt,FALSE,up,TRUE,ig,0,o_pos,0,o_hw,0,o_i,NA,o_up,FALSE,why,NO_COG
[2026-09-15T13:56:05.492] Cog0  BM-TS,seq,980,tid,7,k,318,lt,FALSE,pos,41,hw,41,i,89,ph,2_732,d,12_891,e,49,st,SPIN_UP,flt,FALSE,up,TRUE,ig,0,o_pos,0,o_hw,0,o_i,NA,o_up,FALSE,why,NO_COG
[2026-09-15T13:56:05.494] Cog0  BM-TS,seq,981,tid,7,k,321,lt,FALSE,pos,42,hw,42,i,93,ph,2_142,d,13_113,e,55,st,SPIN_UP,flt,FALSE,up,TRUE,ig,0,o_pos,0,o_hw,0,o_i,NA,o_up,FALSE,why,NO_COG
[2026-09-15T13:56:05.496] Cog0  BM-TS,seq,982,tid,7,k,323,lt,FALSE,pos,43,hw,43,i,94,ph,2_715,d,13_320,e,49,st,SPIN_UP,flt,FALSE,up,TRUE,ig,0,o_pos,0,o_hw,0,o_i,NA,o_up,FALSE,why,NO_COG
[2026-09-15T13:56:05.498] Cog0  BM-TS,seq,983,tid,7,k,325,lt,FALSE,pos,44,hw,44,i,109,ph,2_270,d,13_524,e,43,st,SPIN_UP,flt,FALSE,up,TRUE,ig,0,o_pos,0,o_hw,0,o_i,NA,o_up,FALSE,why,NO_COG
[2026-09-15T13:56:05.500] Cog0  BM-TS,seq,984,tid,7,k,328,lt,FALSE,pos,45,hw,45,i,98,ph,2_774,d,13_743,e,52,st,SPIN_UP,flt,FALSE,up,TRUE,ig,0,o_pos,0,o_hw,0,o_i,NA,o_up,FALSE,why,NO_COG
[2026-09-15T13:56:05.502] Cog0  BM-TS,seq,985,tid,7,k,330,lt,FALSE,pos,46,hw,46,i,113,ph,2_154,d,13_948,e,47,st,SPIN_UP,flt,FALSE,up,TRUE,ig,0,o_pos,0,o_hw,0,o_i,NA,o_up,FALSE,why,NO_COG
[2026-09-15T13:56:05.504] Cog0  BM-TS,seq,986,tid,7,k,333,lt,FALSE,pos,47,hw,47,i,106,ph,2_702,d,14_197,e,57,st,SPIN_UP,flt,FALSE,up,TRUE,ig,0,o_pos,0,o_hw,0,o_i,NA,o_up,FALSE,why,NO_COG
[2026-09-15T13:56:05.506] Cog0  BM-TS,seq,987,tid,7,k,335,lt,FALSE,pos,48,hw,48,i,104,ph,2_079,d,14_380,e,54,st,SPIN_UP,flt,FALSE,up,TRUE,ig,0,o_pos,0,o_hw,0,o_i,NA,o_up,FALSE,why,NO_COG
[2026-09-15T13:56:05.508] Cog0  BM-TS,seq,988,tid,7,k,337,lt,FALSE,pos,49,hw,49,i,124,ph,2_690,d,14_566,e,46,st,SPIN_UP,flt,FALSE,up,TRUE,ig,0,o_pos,0,o_hw,0,o_i,NA,o_up,FALSE,why,NO_COG
[2026-09-15T13:56:05.510] Cog0  BM-TS,seq,989,tid,7,k,339,lt,FALSE,pos,50,hw,50,i,106,ph,2_175,d,14_745,e,43,st,SPIN_UP,flt,FALSE,up,TRUE,ig,0,o_pos,0,o_hw,0,o_i,NA,o_up,FALSE,why,NO_COG
[2026-09-15T13:56:05.512] Cog0  BM-TS,seq,990,tid,7,k,342,lt,FALSE,pos,51,hw,51,i,124,ph,2_742,d,14_909,e,61,st,SPIN_UP,flt,FALSE,up,TRUE,ig,0,o_pos,0,o_hw,0,o_i,NA,o_up,FALSE,why,NO_COG
[2026-09-15T13:56:05.513] Cog0  BM-TS,seq,991,tid,7,k,344,lt,FALSE,pos,52,hw,52,i,119,ph,2_109,d,15_088,e,54,st,SPIN_UP,flt,FALSE,up,TRUE,ig,0,o_pos,0,o_hw,0,o_i,NA,o_up,FALSE,why,NO_COG
[2026-09-15T13:56:05.517] Cog0  BM-TS,seq,992,tid,7,k,346,lt,FALSE,pos,53,hw,53,i,110,ph,2_777,d,15_270,e,53,st,SPIN_UP,flt,FALSE,up,TRUE,ig,0,o_pos,0,o_hw,0,o_i,NA,o_up,FALSE,why,NO_COG
[2026-09-15T13:56:05.518] Cog0  BM-TS,seq,993,tid,7,k,348,lt,FALSE,pos,54,hw,54,i,126,ph,2_088,d,15_443,e,53,st,SPIN_UP,flt,FALSE,up,TRUE,ig,0,o_pos,0,o_hw,0,o_i,NA,o_up,FALSE,why,NO_COG
[2026-09-15T13:56:05.520] Cog0  BM-TS,seq,994,tid,7,k,350,lt,FALSE,pos,55,hw,55,i,121,ph,2_738,d,15_634,e,48,st,SPIN_UP,flt,FALSE,up,TRUE,ig,0,o_pos,0,o_hw,0,o_i,NA,o_up,FALSE,why,NO_COG
[2026-09-15T13:56:05.523] Cog0  BM-TS,seq,995,tid,7,k,352,lt,FALSE,pos,56,hw,56,i,121,ph,2_083,d,15_816,e,48,st,SPIN_UP,flt,FALSE,up,TRUE,ig,0,o_pos,0,o_hw,0,o_i,NA,o_up,FALSE,why,NO_COG
[2026-09-15T13:56:05.525] Cog0  BM-TS,seq,996,tid,7,k,354,lt,FALSE,pos,57,hw,57,i,128,ph,2_692,d,15_998,e,44,st,SPIN_UP,flt,FALSE,up,TRUE,ig,0,o_pos,0,o_hw,0,o_i,NA,o_up,FALSE,why,NO_COG
[2026-09-15T13:56:05.527] Cog0  BM-TS,seq,997,tid,7,k,356,lt,FALSE,pos,58,hw,58,i,118,ph,2_146,d,16_182,e,45,st,SPIN_UP,flt,FALSE,up,TRUE,ig,0,o_pos,0,o_hw,0,o_i,NA,o_up,FALSE,why,NO_COG
[2026-09-15T13:56:05.529] Cog0  BM-TS,seq,998,tid,7,k,358,lt,FALSE,pos,59,hw,59,i,124,ph,2_762,d,16_339,e,47,st,SPIN_UP,flt,FALSE,up,TRUE,ig,0,o_pos,0,o_hw,0,o_i,NA,o_up,FALSE,why,NO_COG
[2026-09-15T13:56:05.531] Cog0  BM-TS,seq,999,tid,7,k,360,lt,FALSE,pos,60,hw,60,i,131,ph,2_142,d,16_521,e,44,st,SPIN_UP,flt,FALSE,up,TRUE,ig,0,o_pos,0,o_hw,0,o_i,NA,o_up,FALSE,why,NO_COG
[2026-09-15T13:56:05.533] Cog0  BM-TS,seq,1_000,tid,7,k,362,lt,FALSE,pos,61,hw,61,i,121,ph,2_736,d,16_693,e,47,st,SPIN_UP,flt,FALSE,up,TRUE,ig,0,o_pos,0,o_hw,0,o_i,NA,o_up,FALSE,why,NO_COG
[2026-09-15T13:56:05.535] Cog0  BM-TS,seq,1_001,tid,7,k,364,lt,FALSE,pos,62,hw,62,i,125,ph,2_023,d,16_863,e,50,st,SPIN_UP,flt,FALSE,up,TRUE,ig,0,o_pos,0,o_hw,0,o_i,NA,o_up,FALSE,why,NO_COG
[2026-09-15T13:56:05.537] Cog0  BM-TS,seq,1_002,tid,7,k,366,lt,FALSE,pos,63,hw,63,i,140,ph,2_812,d,17_040,e,48,st,SPIN_UP,flt,FALSE,up,TRUE,ig,0,o_pos,0,o_hw,0,o_i,NA,o_up,FALSE,why,NO_COG
[2026-09-15T13:56:05.539] Cog0  BM-TS,seq,1_003,tid,7,k,368,lt,FALSE,pos,64,hw,64,i,124,ph,2_044,d,17_194,e,53,st,SPIN_UP,flt,FALSE,up,TRUE,ig,0,o_pos,0,o_hw,0,o_i,NA,o_up,FALSE,why,NO_COG
[2026-09-15T13:56:05.541] Cog0  BM-TS,seq,1_004,tid,7,k,370,lt,FALSE,pos,65,hw,65,i,132,ph,2_758,d,17_377,e,58,st,SPIN_UP,flt,FALSE,up,TRUE,ig,0,o_pos,0,o_hw,0,o_i,NA,o_up,FALSE,why,NO_COG
[2026-09-15T13:56:05.543] Cog0  BM-TS,seq,1_005,tid,7,k,372,lt,FALSE,pos,66,hw,66,i,142,ph,2_079,d,17_553,e,57,st,SPIN_UP,flt,FALSE,up,TRUE,ig,0,o_pos,0,o_hw,0,o_i,NA,o_up,FALSE,why,NO_COG
[2026-09-15T13:56:05.545] Cog0  BM-TS,seq,1_006,tid,7,k,374,lt,FALSE,pos,67,hw,67,i,124,ph,2_611,d,17_732,e,63,st,SPIN_UP,flt,FALSE,up,TRUE,ig,0,o_pos,0,o_hw,0,o_i,NA,o_up,FALSE,why,NO_COG
[2026-09-15T13:56:05.547] Cog0  BM-TS,seq,1_007,tid,7,k,375,lt,FALSE,pos,68,hw,68,i,121,ph,2_089,d,17_864,e,45,st,SPIN_UP,flt,FALSE,up,TRUE,ig,0,o_pos,0,o_hw,0,o_i,NA,o_up,FALSE,why,NO_COG
[2026-09-15T13:56:05.549] Cog0  BM-TS,seq,1_008,tid,7,k,377,lt,FALSE,pos,69,hw,69,i,147,ph,2_773,d,18_022,e,46,st,SPIN_UP,flt,FALSE,up,TRUE,ig,0,o_pos,0,o_hw,0,o_i,NA,o_up,FALSE,why,NO_COG
[2026-09-15T13:56:05.551] Cog0  BM-TS,seq,1_009,tid,7,k,379,lt,FALSE,pos,70,hw,70,i,137,ph,2_028,d,18_197,e,53,st,SPIN_UP,flt,FALSE,up,TRUE,ig,0,o_pos,0,o_hw,0,o_i,NA,o_up,FALSE,why,NO_COG
[2026-09-15T13:56:05.552] Cog0  BM-TS,seq,1_010,tid,7,k,381,lt,FALSE,pos,71,hw,71,i,128,ph,2_689,d,18_387,e,61,st,SPIN_UP,flt,FALSE,up,TRUE,ig,0,o_pos,0,o_hw,0,o_i,NA,o_up,FALSE,why,NO_COG
[2026-09-15T13:56:05.555] Cog0  BM-TS,seq,1_011,tid,7,k,383,lt,FALSE,pos,72,hw,72,i,149,ph,2_167,d,18_561,e,63,st,SPIN_UP,flt,FALSE,up,TRUE,ig,0,o_pos,0,o_hw,0,o_i,NA,o_up,FALSE,why,NO_COG
[2026-09-15T13:56:05.557] Cog0  BM-TS,seq,1_012,tid,7,k,384,lt,FALSE,pos,73,hw,73,i,151,ph,2_764,d,18_668,e,46,st,SPIN_UP,flt,FALSE,up,TRUE,ig,0,o_pos,0,o_hw,0,o_i,NA,o_up,FALSE,why,NO_COG
[2026-09-15T13:56:05.559] Cog0  BM-TS,seq,1_013,tid,7,k,386,lt,FALSE,pos,74,hw,74,i,128,ph,2_024,d,18_833,e,55,st,SPIN_UP,flt,FALSE,up,TRUE,ig,0,o_pos,0,o_hw,0,o_i,NA,o_up,FALSE,why,NO_COG
[2026-09-15T13:56:05.561] Cog0  BM-TS,seq,1_014,tid,7,k,388,lt,FALSE,pos,75,hw,75,i,159,ph,2_768,d,19_002,e,58,st,AT_SPEED,flt,FALSE,up,TRUE,ig,0,o_pos,0,o_hw,0,o_i,NA,o_up,FALSE,why,NO_COG
[2026-09-15T13:56:05.563] Cog0  BM-TS,seq,1_015,tid,7,k,389,lt,FALSE,pos,76,hw,76,i,228,ph,2_324,d,19_119,e,35,st,AT_SPEED,flt,FALSE,up,TRUE,ig,0,o_pos,0,o_hw,0,o_i,NA,o_up,FALSE,why,NO_COG
[2026-09-15T13:56:05.565] Cog0  BM-TS,seq,1_016,tid,7,k,391,lt,FALSE,pos,77,hw,77,i,167,ph,2_786,d,19_207,e,45,st,AT_SPEED,flt,FALSE,up,TRUE,ig,0,o_pos,0,o_hw,0,o_i,NA,o_up,FALSE,why,NO_COG
[2026-09-15T13:56:05.567] Cog0  BM-TS,seq,1_017,tid,7,k,393,lt,FALSE,pos,78,hw,78,i,171,ph,1_999,d,19_348,e,55,st,AT_SPEED,flt,FALSE,up,TRUE,ig,0,o_pos,0,o_hw,0,o_i,NA,o_up,FALSE,why,NO_COG
[2026-09-15T13:56:05.570] Cog0  BM-TS,seq,1_018,tid,7,k,395,lt,FALSE,pos,79,hw,79,i,188,ph,2_738,d,19_491,e,59,st,AT_SPEED,flt,FALSE,up,TRUE,ig,0,o_pos,0,o_hw,0,o_i,NA,o_up,FALSE,why,NO_COG
[2026-09-15T13:56:05.571] Cog0  BM-TS,seq,1_019,tid,7,k,396,lt,FALSE,pos,80,hw,80,i,178,ph,2_118,d,19_618,e,42,st,AT_SPEED,flt,FALSE,up,TRUE,ig,0,o_pos,0,o_hw,0,o_i,NA,o_up,FALSE,why,NO_COG
[2026-09-15T13:56:05.574] Cog0  BM-TS,seq,1_020,tid,7,k,398,lt,FALSE,pos,81,hw,81,i,187,ph,2_912,d,19_738,e,52,st,AT_SPEED,flt,FALSE,up,TRUE,ig,0,o_pos,0,o_hw,0,o_i,NA,o_up,FALSE,why,NO_COG
[2026-09-15T13:56:05.576] Cog0  BM-TS,seq,1_021,tid,7,k,400,lt,FALSE,pos,82,hw,82,i,253,ph,2_039,d,19_882,e,55,st,AT_SPEED,flt,FALSE,up,TRUE,ig,0,o_pos,0,o_hw,0,o_i,NA,o_up,FALSE,why,NO_COG
[2026-09-15T13:56:05.578] Cog0  BM-TS,seq,1_022,tid,7,k,401,lt,FALSE,pos,83,hw,83,i,239,ph,2_665,d,19_997,e,39,st,AT_SPEED,flt,FALSE,up,TRUE,ig,0,o_pos,0,o_hw,0,o_i,NA,o_up,FALSE,why,NO_COG
[2026-09-15T13:56:05.580] Cog0  BM-TS,seq,1_023,tid,7,k,403,lt,FALSE,pos,84,hw,84,i,195,ph,1_965,d,20_128,e,49,st,AT_SPEED,flt,FALSE,up,TRUE,ig,0,o_pos,0,o_hw,0,o_i,NA,o_up,FALSE,why,NO_COG
[2026-09-15T13:56:05.582] Cog0  BM-TS,seq,1_024,tid,7,k,405,lt,FALSE,pos,85,hw,85,i,248,ph,2_739,d,20_224,e,59,st,AT_SPEED,flt,FALSE,up,TRUE,ig,0,o_pos,0,o_hw,0,o_i,NA,o_up,FALSE,why,NO_COG
[2026-09-15T13:56:05.584] Cog0  BM-TS,seq,1_025,tid,7,k,406,lt,FALSE,pos,86,hw,86,i,255,ph,2_246,d,20_354,e,36,st,AT_SPEED,flt,FALSE,up,TRUE,ig,0,o_pos,0,o_hw,0,o_i,NA,o_up,FALSE,why,NO_COG
[2026-09-15T13:56:05.586] Cog0  BM-TS,seq,1_026,tid,7,k,408,lt,FALSE,pos,87,hw,87,i,226,ph,2_818,d,20_441,e,46,st,AT_SPEED,flt,FALSE,up,TRUE,ig,0,o_pos,0,o_hw,0,o_i,NA,o_up,FALSE,why,NO_COG
[2026-09-15T13:56:05.588] Cog0  BM-TS,seq,1_027,tid,7,k,410,lt,FALSE,pos,88,hw,88,i,237,ph,2_027,d,20_564,e,56,st,AT_SPEED,flt,FALSE,up,TRUE,ig,0,o_pos,0,o_hw,0,o_i,NA,o_up,FALSE,why,NO_COG
[2026-09-15T13:56:05.590] Cog0  BM-TS,seq,1_028,tid,7,k,412,lt,FALSE,pos,89,hw,89,i,292,ph,2_768,d,20_670,e,59,st,AT_SPEED,flt,FALSE,up,TRUE,ig,0,o_pos,0,o_hw,0,o_i,NA,o_up,FALSE,why,NO_COG
[2026-09-15T13:56:05.592] Cog0  BM-TS,seq,1_029,tid,7,k,413,lt,FALSE,pos,90,hw,90,i,290,ph,2_092,d,20_753,e,43,st,AT_SPEED,flt,FALSE,up,TRUE,ig,0,o_pos,0,o_hw,0,o_i,NA,o_up,FALSE,why,NO_COG
[2026-09-15T13:56:05.594] Cog0  BM-TS,seq,1_030,tid,7,k,415,lt,FALSE,pos,91,hw,91,i,286,ph,2_892,d,20_834,e,53,st,AT_SPEED,flt,FALSE,up,TRUE,ig,0,o_pos,0,o_hw,0,o_i,NA,o_up,FALSE,why,NO_COG
[2026-09-15T13:56:05.596] Cog0  BM-TS,seq,1_031,tid,7,k,416,lt,FALSE,pos,92,hw,92,i,290,ph,2_270,d,20_935,e,36,st,AT_SPEED,flt,FALSE,up,TRUE,ig,0,o_pos,0,o_hw,0,o_i,NA,o_up,FALSE,why,NO_COG
[2026-09-15T13:56:05.598] Cog0  BM-TS,seq,1_032,tid,7,k,418,lt,FALSE,pos,93,hw,93,i,356,ph,2_663,d,20_974,e,39,st,AT_SPEED,flt,FALSE,up,TRUE,ig,0,o_pos,0,o_hw,0,o_i,NA,o_up,FALSE,why,NO_COG
[2026-09-15T13:56:05.601] Cog0  BM-TS,seq,1_033,tid,7,k,420,lt,FALSE,pos,94,hw,94,i,328,ph,1_976,d,21_074,e,49,st,AT_SPEED,flt,FALSE,up,TRUE,ig,0,o_pos,0,o_hw,0,o_i,NA,o_up,FALSE,why,NO_COG
[2026-09-15T13:56:05.602] Cog0  BM-TS,seq,1_034,tid,7,k,422,lt,FALSE,pos,95,hw,95,i,341,ph,2_765,d,21_127,e,59,st,AT_SPEED,flt,FALSE,up,TRUE,ig,0,o_pos,0,o_hw,0,o_i,NA,o_up,FALSE,why,NO_COG
[2026-09-15T13:56:05.604] Cog0  BM-TS,seq,1_035,tid,7,k,423,lt,FALSE,pos,96,hw,96,i,404,ph,2_229,d,21_218,e,43,st,AT_SPEED,flt,FALSE,up,TRUE,ig,0,o_pos,0,o_hw,0,o_i,NA,o_up,FALSE,why,NO_COG
[2026-09-15T13:56:05.607] Cog0  BM-TS,seq,1_036,tid,7,k,425,lt,FALSE,pos,97,hw,97,i,365,ph,2_797,d,21_287,e,46,st,AT_SPEED,flt,FALSE,up,TRUE,ig,0,o_pos,0,o_hw,0,o_i,NA,o_up,FALSE,why,NO_COG
[2026-09-15T13:56:05.608] Cog0  BM-TS,seq,1_037,tid,7,k,427,lt,FALSE,pos,98,hw,98,i,348,ph,1_990,d,21_383,e,56,st,AT_SPEED,flt,FALSE,up,TRUE,ig,0,o_pos,0,o_hw,0,o_i,NA,o_up,FALSE,why,NO_COG
[2026-09-15T13:56:05.611] Cog0  BM-TS,seq,1_038,tid,7,k,428,lt,FALSE,pos,99,hw,99,i,370,ph,2_675,d,21_465,e,40,st,AT_SPEED,flt,FALSE,up,TRUE,ig,0,o_pos,0,o_hw,0,o_i,NA,o_up,FALSE,why,NO_COG
[2026-09-15T13:56:05.613] Cog0  BM-TS,seq,1_039,tid,7,k,430,lt,FALSE,pos,100,hw,100,i,415,ph,2_095,d,21_543,e,43,st,AT_SPEED,flt,FALSE,up,TRUE,ig,0,o_pos,0,o_hw,0,o_i,NA,o_up,FALSE,why,NO_COG
[2026-09-15T13:56:05.615] Cog0  BM-TS,seq,1_040,tid,7,k,432,lt,FALSE,pos,101,hw,101,i,373,ph,2_917,d,21_607,e,53,st,AT_SPEED,flt,FALSE,up,TRUE,ig,0,o_pos,0,o_hw,0,o_i,NA,o_up,FALSE,why,NO_COG
[2026-09-15T13:56:05.617] Cog0  BM-TS,seq,1_041,tid,7,k,433,lt,FALSE,pos,102,hw,102,i,363,ph,2_244,d,21_696,e,37,st,AT_SPEED,flt,FALSE,up,TRUE,ig,0,o_pos,0,o_hw,0,o_i,NA,o_up,FALSE,why,NO_COG
[2026-09-15T13:56:05.619] Cog0  BM-TS,seq,1_042,tid,7,k,435,lt,FALSE,pos,103,hw,103,i,476,ph,2_646,d,21_739,e,47,st,AT_SPEED,flt,FALSE,up,TRUE,ig,0,o_pos,0,o_hw,0,o_i,NA,o_up,FALSE,why,NO_COG
[2026-09-15T13:56:05.621] Cog0  BM-TS,seq,1_043,tid,7,k,437,lt,FALSE,pos,104,hw,104,i,427,ph,1_895,d,21_817,e,50,st,AT_SPEED,flt,FALSE,up,TRUE,ig,0,o_pos,0,o_hw,0,o_i,NA,o_up,FALSE,why,NO_COG
[2026-09-15T13:56:05.623] Cog0  BM-TS,seq,1_044,tid,7,k,438,lt,FALSE,pos,105,hw,105,i,389,ph,2_496,d,21_878,e,33,st,AT_SPEED,flt,FALSE,up,TRUE,ig,0,o_pos,0,o_hw,0,o_i,NA,o_up,FALSE,why,NO_COG
[2026-09-15T13:56:05.625] Cog0  BM-TS,seq,1_045,tid,7,k,440,lt,FALSE,pos,106,hw,106,i,480,ph,2_090,d,21_922,e,43,st,AT_SPEED,flt,FALSE,up,TRUE,ig,0,o_pos,0,o_hw,0,o_i,NA,o_up,FALSE,why,NO_COG
[2026-09-15T13:56:05.627] Cog0  BM-TS,seq,1_046,tid,7,k,442,lt,FALSE,pos,107,hw,107,i,485,ph,2_851,d,21_984,e,47,st,AT_SPEED,flt,FALSE,up,TRUE,ig,0,o_pos,0,o_hw,0,o_i,NA,o_up,FALSE,why,NO_COG
[2026-09-15T13:56:05.629] Cog0  BM-TS,seq,1_047,tid,7,k,444,lt,FALSE,pos,108,hw,108,i,432,ph,1_977,d,22_064,e,57,st,AT_SPEED,flt,FALSE,up,TRUE,ig,0,o_pos,0,o_hw,0,o_i,NA,o_up,FALSE,why,NO_COG
[2026-09-15T13:56:05.631] Cog0  BM-TS,seq,1_048,tid,7,k,445,lt,FALSE,pos,109,hw,109,i,469,ph,2_660,d,22_140,e,40,st,AT_SPEED,flt,FALSE,up,TRUE,ig,0,o_pos,0,o_hw,0,o_i,NA,o_up,FALSE,why,NO_COG
[2026-09-15T13:56:05.634] Cog0  BM-TS,seq,1_049,tid,7,k,447,lt,FALSE,pos,110,hw,110,i,545,ph,2_034,d,22_188,e,44,st,AT_SPEED,flt,FALSE,up,TRUE,ig,0,o_pos,0,o_hw,0,o_i,NA,o_up,FALSE,why,NO_COG
[2026-09-15T13:56:05.635] Cog0  BM-TS,seq,1_050,tid,7,k,449,lt,FALSE,pos,111,hw,111,i,479,ph,2_923,d,22_250,e,53,st,AT_SPEED,flt,FALSE,up,TRUE,ig,0,o_pos,0,o_hw,0,o_i,NA,o_up,FALSE,why,NO_COG
[2026-09-15T13:56:05.638] Cog0  BM-TS,seq,1_051,tid,7,k,450,lt,FALSE,pos,112,hw,112,i,473,ph,2_234,d,22_346,e,37,st,AT_SPEED,flt,FALSE,up,TRUE,ig,0,o_pos,0,o_hw,0,o_i,NA,o_up,FALSE,why,NO_COG
[2026-09-15T13:56:05.640] Cog0  BM-TS,seq,1_052,tid,7,k,452,lt,FALSE,pos,113,hw,113,i,594,ph,2_865,d,22_390,e,47,st,AT_SPEED,flt,FALSE,up,TRUE,ig,0,o_pos,0,o_hw,0,o_i,NA,o_up,FALSE,why,NO_COG
[2026-09-15T13:56:05.642] Cog0  BM-TS,seq,1_053,tid,7,k,454,lt,FALSE,pos,114,hw,114,i,534,ph,1_872,d,22_450,e,50,st,AT_SPEED,flt,FALSE,up,TRUE,ig,0,o_pos,0,o_hw,0,o_i,NA,o_up,FALSE,why,NO_COG
[2026-09-15T13:56:05.644] Cog0  BM-TS,seq,1_054,tid,7,k,456,lt,FALSE,pos,115,hw,115,i,489,ph,2_709,d,22_528,e,60,st,AT_SPEED,flt,FALSE,up,TRUE,ig,0,o_pos,0,o_hw,0,o_i,NA,o_up,FALSE,why,NO_COG
[2026-09-15T13:56:05.646] Cog0  BM-TS,seq,1_055,tid,7,k,457,lt,FALSE,pos,116,hw,116,i,564,ph,2_017,d,22_575,e,44,st,AT_SPEED,flt,FALSE,up,TRUE,ig,0,o_pos,0,o_hw,0,o_i,NA,o_up,FALSE,why,NO_COG
[2026-09-15T13:56:05.648] Cog0  BM-TS,seq,1_056,tid,7,k,459,lt,FALSE,pos,117,hw,117,i,594,ph,2_864,d,22_619,e,47,st,AT_SPEED,flt,FALSE,up,TRUE,ig,0,o_pos,0,o_hw,0,o_i,NA,o_up,FALSE,why,NO_COG
[2026-09-15T13:56:05.650] Cog0  BM-TS,seq,1_057,tid,7,k,461,lt,FALSE,pos,118,hw,118,i,527,ph,2_009,d,22_701,e,57,st,AT_SPEED,flt,FALSE,up,TRUE,ig,0,o_pos,0,o_hw,0,o_i,NA,o_up,FALSE,why,NO_COG
[2026-09-15T13:56:05.652] Cog0  BM-TS,seq,1_058,tid,7,k,462,lt,FALSE,pos,119,hw,119,i,568,ph,2_716,d,22_752,e,41,st,AT_SPEED,flt,FALSE,up,TRUE,ig,0,o_pos,0,o_hw,0,o_i,NA,o_up,FALSE,why,NO_COG
[2026-09-15T13:56:05.654] Cog0  BM-TS,seq,1_059,tid,7,k,464,lt,FALSE,pos,120,hw,120,i,654,ph,2_004,d,22_786,e,51,st,AT_SPEED,flt,FALSE,up,TRUE,ig,0,o_pos,0,o_hw,0,o_i,NA,o_up,FALSE,why,NO_COG
[2026-09-15T13:56:05.656] Cog0  BM-TS,seq,1_060,tid,7,k,466,lt,FALSE,pos,121,hw,121,i,576,ph,2_874,d,22_833,e,54,st,AT_SPEED,flt,FALSE,up,TRUE,ig,0,o_pos,0,o_hw,0,o_i,NA,o_up,FALSE,why,NO_COG
[2026-09-15T13:56:05.658] Cog0  BM-TS,seq,1_061,tid,7,k,467,lt,FALSE,pos,122,hw,122,i,591,ph,2_177,d,22_901,e,38,st,AT_SPEED,flt,FALSE,up,TRUE,ig,0,o_pos,0,o_hw,0,o_i,NA,o_up,FALSE,why,NO_COG
[2026-09-15T13:56:05.661] Cog0  BM-TS,seq,1_062,tid,7,k,469,lt,FALSE,pos,123,hw,123,i,626,ph,2_886,d,22_925,e,47,st,AT_SPEED,flt,FALSE,up,TRUE,ig,0,o_pos,0,o_hw,0,o_i,NA,o_up,FALSE,why,NO_COG
[2026-09-15T13:56:05.662] Cog0  BM-TS,seq,1_063,tid,7,k,471,lt,FALSE,pos,124,hw,124,i,632,ph,1_880,d,22_982,e,51,st,AT_SPEED,flt,FALSE,up,TRUE,ig,0,o_pos,0,o_hw,0,o_i,NA,o_up,FALSE,why,NO_COG
[2026-09-15T13:56:05.665] Cog0  BM-TS,seq,1_064,tid,7,k,472,lt,FALSE,pos,125,hw,125,i,630,ph,2_557,d,23_079,e,34,st,AT_SPEED,flt,FALSE,up,TRUE,ig,0,o_pos,0,o_hw,0,o_i,NA,o_up,FALSE,why,NO_COG
[2026-09-15T13:56:05.667] Cog0  BM-TS,seq,1_065,tid,7,k,474,lt,FALSE,pos,126,hw,126,i,626,ph,2_001,d,23_088,e,44,st,AT_SPEED,flt,FALSE,up,TRUE,ig,0,o_pos,0,o_hw,0,o_i,NA,o_up,FALSE,why,NO_COG
[2026-09-15T13:56:05.669] Cog0  BM-TS,seq,1_066,tid,7,k,475,lt,FALSE,pos,126,hw,126,i,682,ph,2_306,d,23_140,e,71,st,AT_SPEED,flt,FALSE,up,TRUE,ig,0,o_pos,0,o_hw,0,o_i,NA,o_up,FALSE,why,NO_COG
[2026-09-15T13:56:05.671] Cog0  BM-TS,seq,1_067,tid,7,k,476,lt,FALSE,pos,127,hw,127,i,697,ph,2_843,d,23_167,e,48,st,AT_SPEED,flt,FALSE,up,TRUE,ig,0,o_pos,0,o_hw,0,o_i,NA,o_up,FALSE,why,NO_COG
[2026-09-15T13:56:05.673] Cog0  BM-TS,seq,1_068,tid,7,k,477,lt,FALSE,pos,128,hw,128,i,679,ph,2_330,d,23_245,e,31,st,AT_SPEED,flt,FALSE,up,TRUE,ig,0,o_pos,0,o_hw,0,o_i,NA,o_up,FALSE,why,NO_COG
[2026-09-15T13:56:05.675] Cog0  BM-TS,seq,1_069,tid,7,k,479,lt,FALSE,pos,129,hw,129,i,655,ph,2_716,d,23_285,e,41,st,AT_SPEED,flt,FALSE,up,TRUE,ig,0,o_pos,0,o_hw,0,o_i,NA,o_up,FALSE,why,NO_COG
[2026-09-15T13:56:05.677] Cog0  BM-TS,seq,1_070,tid,7,k,481,lt,FALSE,pos,130,hw,130,i,730,ph,1_861,d,23_333,e,51,st,AT_SPEED,flt,FALSE,up,TRUE,ig,0,o_pos,0,o_hw,0,o_i,NA,o_up,FALSE,why,NO_COG
[2026-09-15T13:56:05.679] Cog0  BM-TS,seq,1_071,tid,7,k,483,lt,FALSE,pos,131,hw,131,i,667,ph,2_896,d,23_385,e,54,st,AT_SPEED,flt,FALSE,up,TRUE,ig,0,o_pos,0,o_hw,0,o_i,NA,o_up,FALSE,why,NO_COG
[2026-09-15T13:56:05.681] Cog0  BM-TS,seq,1_072,tid,7,k,484,lt,FALSE,pos,132,hw,132,i,677,ph,2_158,d,23_436,e,38,st,AT_SPEED,flt,FALSE,up,TRUE,ig,0,o_pos,0,o_hw,0,o_i,NA,o_up,FALSE,why,NO_COG
[2026-09-15T13:56:05.683] Cog0  BM-TS,seq,1_073,tid,7,k,486,lt,FALSE,pos,133,hw,133,i,695,ph,2_862,d,23_494,e,48,st,AT_SPEED,flt,FALSE,up,TRUE,ig,0,o_pos,0,o_hw,0,o_i,NA,o_up,FALSE,why,NO_COG
[2026-09-15T13:56:05.685] Cog0  BM-TS,seq,1_074,tid,7,k,488,lt,FALSE,pos,134,hw,134,i,727,ph,1_815,d,23_533,e,51,st,AT_SPEED,flt,FALSE,up,TRUE,ig,0,o_pos,0,o_hw,0,o_i,NA,o_up,FALSE,why,NO_COG
[2026-09-15T13:56:05.688] Cog0  BM-TS,seq,1_075,tid,7,k,489,lt,FALSE,pos,135,hw,135,i,730,ph,2_547,d,23_614,e,35,st,AT_SPEED,flt,FALSE,up,TRUE,ig,0,o_pos,0,o_hw,0,o_i,NA,o_up,FALSE,why,NO_COG
[2026-09-15T13:56:05.689] Cog0  BM-TS,seq,1_076,tid,7,k,491,lt,FALSE,pos,136,hw,136,i,706,ph,2_019,d,23_627,e,45,st,AT_SPEED,flt,FALSE,up,TRUE,ig,0,o_pos,0,o_hw,0,o_i,NA,o_up,FALSE,why,NO_COG
[2026-09-15T13:56:05.692] Cog0  BM-TS,seq,1_077,tid,7,k,493,lt,FALSE,pos,137,hw,137,i,792,ph,2_903,d,23_711,e,55,st,AT_SPEED,flt,FALSE,up,TRUE,ig,0,o_pos,0,o_hw,0,o_i,NA,o_up,FALSE,why,NO_COG
[2026-09-15T13:56:05.694] Cog0  BM-TS,seq,1_078,tid,7,k,494,lt,FALSE,pos,138,hw,138,i,789,ph,2_322,d,23_770,e,32,st,AT_SPEED,flt,FALSE,up,TRUE,ig,0,o_pos,0,o_hw,0,o_i,NA,o_up,FALSE,why,NO_COG
[2026-09-15T13:56:05.696] Cog0  BM-TS,seq,1_079,tid,7,k,496,lt,FALSE,pos,139,hw,139,i,747,ph,2_702,d,23_819,e,42,st,AT_SPEED,flt,FALSE,up,TRUE,ig,0,o_pos,0,o_hw,0,o_i,NA,o_up,FALSE,why,NO_COG
[2026-09-15T13:56:05.698] Cog0  BM-TS,seq,1_080,tid,7,k,498,lt,FALSE,pos,140,hw,140,i,784,ph,1_796,d,23_855,e,52,st,AT_SPEED,flt,FALSE,up,TRUE,ig,0,o_pos,0,o_hw,0,o_i,NA,o_up,FALSE,why,NO_COG
[2026-09-15T13:56:05.700] Cog0  BM-TS,seq,1_081,tid,7,k,499,lt,FALSE,pos,141,hw,141,i,843,ph,2_338,d,23_935,e,29,st,AT_SPEED,flt,FALSE,up,TRUE,ig,0,o_pos,0,o_hw,0,o_i,NA,o_up,FALSE,why,NO_COG
[2026-09-15T13:56:05.702] Cog0  BM-TS,seq,1_082,tid,7,k,500,lt,FALSE,pos,141,hw,141,i,768,ph,2_911,d,23_912,e,55,st,AT_SPEED,flt,FALSE,up,TRUE,ig,0,o_pos,0,o_hw,0,o_i,NA,o_up,FALSE,why,NO_COG
[2026-09-15T13:56:05.704] Cog0  BM-TS,seq,1_083,tid,7,k,501,lt,FALSE,pos,142,hw,142,i,783,ph,2_173,d,23_953,e,39,st,AT_SPEED,flt,FALSE,up,TRUE,ig,0,o_pos,0,o_hw,0,o_i,NA,o_up,FALSE,why,NO_COG
[2026-09-15T13:56:05.706] Cog0  BM-TS,seq,1_084,tid,7,k,503,lt,FALSE,pos,143,hw,143,i,773,ph,2_929,d,24_017,e,48,st,AT_SPEED,flt,FALSE,up,TRUE,ig,0,o_pos,0,o_hw,0,o_i,NA,o_up,FALSE,why,NO_COG
[2026-09-15T13:56:05.708] Cog0  BM-TS,seq,1_085,tid,7,k,505,lt,FALSE,pos,144,hw,144,i,836,ph,1_801,d,24_038,e,52,st,AT_SPEED,flt,FALSE,up,TRUE,ig,0,o_pos,0,o_hw,0,o_i,NA,o_up,FALSE,why,NO_COG
[2026-09-15T13:56:05.710] Cog0  BM-TS,seq,1_086,tid,7,k,506,lt,FALSE,pos,145,hw,145,i,834,ph,2_533,d,24_109,e,35,st,AT_SPEED,flt,FALSE,up,TRUE,ig,0,o_pos,0,o_hw,0,o_i,NA,o_up,FALSE,why,NO_COG
[2026-09-15T13:56:05.712] Cog0  BM-TS,seq,1_087,tid,7,k,508,lt,FALSE,pos,146,hw,146,i,793,ph,1_945,d,24_128,e,45,st,AT_SPEED,flt,FALSE,up,TRUE,ig,0,o_pos,0,o_hw,0,o_i,NA,o_up,FALSE,why,NO_COG
[2026-09-15T13:56:05.714] Cog0  BM-TS,seq,1_088,tid,7,k,510,lt,FALSE,pos,147,hw,147,i,894,ph,2_913,d,24_197,e,55,st,AT_SPEED,flt,FALSE,up,TRUE,ig,0,o_pos,0,o_hw,0,o_i,NA,o_up,FALSE,why,NO_COG
[2026-09-15T13:56:05.716] Cog0  BM-TS,seq,1_089,tid,7,k,511,lt,FALSE,pos,148,hw,148,i,898,ph,2_327,d,24_249,e,32,st,AT_SPEED,flt,FALSE,up,TRUE,ig,0,o_pos,0,o_hw,0,o_i,NA,o_up,FALSE,why,NO_COG
[2026-09-15T13:56:05.719] Cog0  BM-TS,seq,1_090,tid,7,k,513,lt,FALSE,pos,149,hw,149,i,836,ph,2_759,d,24_237,e,42,st,AT_SPEED,flt,FALSE,up,TRUE,ig,0,o_pos,0,o_hw,0,o_i,NA,o_up,FALSE,why,NO_COG
[2026-09-15T13:56:05.721] Cog0  BM-TS,seq,1_091,tid,7,k,515,lt,FALSE,pos,150,hw,150,i,830,ph,1_807,d,24_225,e,52,st,AT_SPEED,flt,FALSE,up,TRUE,ig,0,o_pos,0,o_hw,0,o_i,NA,o_up,FALSE,why,NO_COG
[2026-09-15T13:56:05.723] Cog0  BM-TS,seq,1_092,tid,7,k,516,lt,FALSE,pos,151,hw,151,i,941,ph,2_346,d,24_260,e,36,st,AT_SPEED,flt,FALSE,up,TRUE,ig,0,o_pos,0,o_hw,0,o_i,NA,o_up,FALSE,why,NO_COG
[2026-09-15T13:56:05.725] Cog0  BM-TS,seq,1_093,tid,7,k,518,lt,FALSE,pos,152,hw,152,i,862,ph,2_103,d,24_230,e,39,st,AT_SPEED,flt,FALSE,up,TRUE,ig,0,o_pos,0,o_hw,0,o_i,NA,o_up,FALSE,why,NO_COG
[2026-09-15T13:56:05.727] Cog0  BM-TS,seq,1_094,tid,7,k,520,lt,FALSE,pos,153,hw,153,i,799,ph,2_920,d,24_237,e,49,st,AT_SPEED,flt,FALSE,up,TRUE,ig,0,o_pos,0,o_hw,0,o_i,NA,o_up,FALSE,why,NO_COG
[2026-09-15T13:56:05.727] Cog0  BM-TS,seq,1_095,tid,7,k,521,lt,FALSE,pos,154,hw,154,i,873,ph,2_358,d,24_263,e,33,st,AT_SPEED,flt,FALSE,up,TRUE,ig,0,o_pos,0,o_hw,0,o_i,NA,o_up,FALSE,why,NO_COG
[2026-09-15T13:56:05.731] Cog0  BM-TS,seq,1_096,tid,7,k,523,lt,FALSE,pos,155,hw,155,i,891,ph,2_587,d,24_239,e,36,st,AT_SPEED,flt,FALSE,up,TRUE,ig,0,o_pos,0,o_hw,0,o_i,NA,o_up,FALSE,why,NO_COG
[2026-09-15T13:56:05.733] Cog0  BM-TS,seq,1_097,tid,7,k,525,lt,FALSE,pos,156,hw,156,i,819,ph,1_936,d,24_224,e,46,st,AT_SPEED,flt,FALSE,up,TRUE,ig,0,o_pos,0,o_hw,0,o_i,NA,o_up,FALSE,why,NO_COG
[2026-09-15T13:56:05.735] Cog0  BM-TS,seq,1_098,tid,7,k,527,lt,FALSE,pos,157,hw,157,i,889,ph,2_837,d,24_235,e,56,st,AT_SPEED,flt,FALSE,up,TRUE,ig,0,o_pos,0,o_hw,0,o_i,NA,o_up,FALSE,why,NO_COG
[2026-09-15T13:56:05.737] Cog0  BM-TS,seq,1_099,tid,7,k,528,lt,FALSE,pos,158,hw,158,i,936,ph,2_266,d,24_247,e,33,st,AT_SPEED,flt,FALSE,up,TRUE,ig,0,o_pos,0,o_hw,0,o_i,NA,o_up,FALSE,why,NO_COG
[2026-09-15T13:56:05.739] Cog0  BM-TS,seq,1_100,tid,7,k,530,lt,FALSE,pos,159,hw,159,i,834,ph,2_749,d,24_234,e,43,st,AT_SPEED,flt,FALSE,up,TRUE,ig,0,o_pos,0,o_hw,0,o_i,NA,o_up,FALSE,why,NO_COG
[2026-09-15T13:56:05.741] Cog0  BM-TS,seq,1_101,tid,7,k,532,lt,FALSE,pos,160,hw,160,i,801,ph,1_868,d,24_224,e,53,st,AT_SPEED,flt,FALSE,up,TRUE,ig,0,o_pos,0,o_hw,0,o_i,NA,o_up,FALSE,why,NO_COG
[2026-09-15T13:56:05.743] Cog0  BM-TS,seq,1_102,tid,7,k,533,lt,FALSE,pos,161,hw,161,i,970,ph,2_413,d,24_256,e,36,st,AT_SPEED,flt,FALSE,up,TRUE,ig,0,o_pos,0,o_hw,0,o_i,NA,o_up,FALSE,why,NO_COG
[2026-09-15T13:56:05.745] Cog0  BM-TS,seq,1_103,tid,7,k,535,lt,FALSE,pos,162,hw,162,i,858,ph,2_093,d,24_227,e,39,st,AT_SPEED,flt,FALSE,up,TRUE,ig,0,o_pos,0,o_hw,0,o_i,NA,o_up,FALSE,why,NO_COG
[2026-09-15T13:56:05.748] Cog0  BM-TS,seq,1_104,tid,7,k,537,lt,FALSE,pos,163,hw,163,i,785,ph,2_904,d,24_231,e,49,st,AT_SPEED,flt,FALSE,up,TRUE,ig,0,o_pos,0,o_hw,0,o_i,NA,o_up,FALSE,why,NO_COG
[2026-09-15T13:56:05.749] Cog0  BM-TS,seq,1_105,tid,7,k,538,lt,FALSE,pos,164,hw,164,i,863,ph,2_300,d,24_258,e,33,st,AT_SPEED,flt,FALSE,up,TRUE,ig,0,o_pos,0,o_hw,0,o_i,NA,o_up,FALSE,why,NO_COG
[2026-09-15T13:56:05.752] Cog0  BM-TS,seq,1_106,tid,7,k,540,lt,FALSE,pos,165,hw,165,i,893,ph,2_580,d,24_235,e,36,st,AT_SPEED,flt,FALSE,up,TRUE,ig,0,o_pos,0,o_hw,0,o_i,NA,o_up,FALSE,why,NO_COG
[2026-09-15T13:56:05.754] Cog0  BM-TS,seq,1_107,tid,7,k,542,lt,FALSE,pos,166,hw,166,i,809,ph,1_959,d,24_222,e,46,st,AT_SPEED,flt,FALSE,up,TRUE,ig,0,o_pos,0,o_hw,0,o_i,NA,o_up,FALSE,why,NO_COG
[2026-09-15T13:56:05.756] Cog0  BM-TS,seq,1_108,tid,7,k,544,lt,FALSE,pos,167,hw,167,i,847,ph,2_871,d,24_231,e,56,st,AT_SPEED,flt,FALSE,up,TRUE,ig,0,o_pos,0,o_hw,0,o_i,NA,o_up,FALSE,why,NO_COG
[2026-09-15T13:56:05.758] Cog0  BM-TS,seq,1_109,tid,7,k,545,lt,FALSE,pos,168,hw,168,i,941,ph,2_275,d,24_244,e,33,st,AT_SPEED,flt,FALSE,up,TRUE,ig,0,o_pos,0,o_hw,0,o_i,NA,o_up,FALSE,why,NO_COG
[2026-09-15T13:56:05.760] Cog0  BM-TS,seq,1_110,tid,7,k,547,lt,FALSE,pos,169,hw,169,i,830,ph,2_728,d,24_236,e,43,st,AT_SPEED,flt,FALSE,up,TRUE,ig,0,o_pos,0,o_hw,0,o_i,NA,o_up,FALSE,why,NO_COG
[2026-09-15T13:56:05.762] Cog0  BM-TS,seq,1_111,tid,7,k,549,lt,FALSE,pos,170,hw,170,i,782,ph,1_827,d,24_220,e,53,st,AT_SPEED,flt,FALSE,up,TRUE,ig,0,o_pos,0,o_hw,0,o_i,NA,o_up,FALSE,why,NO_COG
[2026-09-15T13:56:05.764] Cog0  BM-TS,seq,1_112,tid,7,k,550,lt,FALSE,pos,171,hw,171,i,945,ph,2_594,d,24_252,e,37,st,AT_SPEED,flt,FALSE,up,TRUE,ig,0,o_pos,0,o_hw,0,o_i,NA,o_up,FALSE,why,NO_COG
[2026-09-15T13:56:05.766] Cog0  BM-TS,seq,1_113,tid,7,k,552,lt,FALSE,pos,172,hw,172,i,864,ph,2_125,d,24_222,e,40,st,AT_SPEED,flt,FALSE,up,TRUE,ig,0,o_pos,0,o_hw,0,o_i,NA,o_up,FALSE,why,NO_COG
[2026-09-15T13:56:05.769] Cog0  BM-TS,seq,1_114,tid,7,k,554,lt,FALSE,pos,173,hw,173,i,784,ph,2_963,d,24_228,e,50,st,AT_SPEED,flt,FALSE,up,TRUE,ig,0,o_pos,0,o_hw,0,o_i,NA,o_up,FALSE,why,NO_COG
[2026-09-15T13:56:05.770] Cog0  BM-TS,seq,1_115,tid,7,k,555,lt,FALSE,pos,174,hw,174,i,830,ph,2_292,d,24_255,e,33,st,AT_SPEED,flt,FALSE,up,TRUE,ig,0,o_pos,0,o_hw,0,o_i,NA,o_up,FALSE,why,NO_COG
[2026-09-15T13:56:05.773] Cog0  BM-TS,seq,1_116,tid,7,k,557,lt,FALSE,pos,175,hw,175,i,898,ph,2_570,d,24_229,e,37,st,AT_SPEED,flt,FALSE,up,TRUE,ig,0,o_pos,0,o_hw,0,o_i,NA,o_up,FALSE,why,NO_COG
[2026-09-15T13:56:05.775] Cog0  BM-TS,seq,1_117,tid,7,k,559,lt,FALSE,pos,176,hw,176,i,820,ph,1_910,d,24_218,e,47,st,AT_SPEED,flt,FALSE,up,TRUE,ig,0,o_pos,0,o_hw,0,o_i,NA,o_up,FALSE,why,NO_COG
[2026-09-15T13:56:05.777] Cog0  BM-TS,seq,1_118,tid,7,k,561,lt,FALSE,pos,177,hw,177,i,827,ph,2_870,d,24_233,e,57,st,AT_SPEED,flt,FALSE,up,TRUE,ig,0,o_pos,0,o_hw,0,o_i,NA,o_up,FALSE,why,NO_COG
[2026-09-15T13:56:05.779] Cog0  BM-TS,seq,1_119,tid,7,k,562,lt,FALSE,pos,178,hw,178,i,942,ph,2_277,d,24_242,e,40,st,AT_SPEED,flt,FALSE,up,TRUE,ig,0,o_pos,0,o_hw,0,o_i,NA,o_up,FALSE,why,NO_COG
[2026-09-15T13:56:05.781] Cog0  BM-TS,seq,1_120,tid,7,k,564,lt,FALSE,pos,179,hw,179,i,846,ph,2_793,d,24_232,e,44,st,AT_SPEED,flt,FALSE,up,TRUE,ig,0,o_pos,0,o_hw,0,o_i,NA,o_up,FALSE,why,NO_COG
[2026-09-15T13:56:05.783] Cog0  BM-TS,seq,1_121,tid,7,k,566,lt,FALSE,pos,180,hw,180,i,783,ph,1_840,d,24_217,e,53,st,AT_SPEED,flt,FALSE,up,TRUE,ig,0,o_pos,0,o_hw,0,o_i,NA,o_up,FALSE,why,NO_COG
[2026-09-15T13:56:05.785] Cog0  BM-TS,seq,1_122,tid,7,k,567,lt,FALSE,pos,181,hw,181,i,902,ph,2_578,d,24_252,e,37,st,AT_SPEED,flt,FALSE,up,TRUE,ig,0,o_pos,0,o_hw,0,o_i,NA,o_up,FALSE,why,NO_COG
[2026-09-15T13:56:05.787] Cog0  BM-TS,seq,1_123,tid,7,k,569,lt,FALSE,pos,182,hw,182,i,881,ph,2_062,d,24_216,e,40,st,AT_SPEED,flt,FALSE,up,TRUE,ig,0,o_pos,0,o_hw,0,o_i,NA,o_up,FALSE,why,NO_COG
[2026-09-15T13:56:05.789] Cog0  BM-TS,seq,1_124,tid,7,k,571,lt,FALSE,pos,183,hw,183,i,787,ph,2_963,d,24_225,e,50,st,AT_SPEED,flt,FALSE,up,TRUE,ig,0,o_pos,0,o_hw,0,o_i,NA,o_up,FALSE,why,NO_COG
[2026-09-15T13:56:05.791] Cog0  BM-TS,seq,1_125,tid,7,k,572,lt,FALSE,pos,184,hw,184,i,820,ph,2_288,d,24_258,e,34,st,AT_SPEED,flt,FALSE,up,TRUE,ig,0,o_pos,0,o_hw,0,o_i,NA,o_up,FALSE,why,NO_COG
[2026-09-15T13:56:05.793] Cog0  BM-TS,seq,1_126,tid,7,k,574,lt,FALSE,pos,185,hw,185,i,918,ph,2_624,d,24_225,e,37,st,AT_SPEED,flt,FALSE,up,TRUE,ig,0,o_pos,0,o_hw,0,o_i,NA,o_up,FALSE,why,NO_COG
[2026-09-15T13:56:05.795] Cog0  BM-TS,seq,1_127,tid,7,k,575,lt,FALSE,pos,185,hw,185,i,847,ph,2_656,d,24_264,e,64,st,AT_SPEED,flt,FALSE,up,TRUE,ig,0,o_pos,0,o_hw,0,o_i,NA,o_up,FALSE,why,NO_COG
[2026-09-15T13:56:05.797] Cog0  BM-TS,seq,1_128,tid,7,k,576,lt,FALSE,pos,186,hw,186,i,816,ph,1_904,d,24_217,e,47,st,AT_SPEED,flt,FALSE,up,TRUE,ig,0,o_pos,0,o_hw,0,o_i,NA,o_up,FALSE,why,NO_COG
[2026-09-15T13:56:05.799] Cog0  BM-TS,seq,1_129,tid,7,k,578,lt,FALSE,pos,187,hw,187,i,785,ph,2_813,d,24_238,e,57,st,AT_SPEED,flt,FALSE,up,TRUE,ig,0,o_pos,0,o_hw,0,o_i,NA,o_up,FALSE,why,NO_COG
[2026-09-15T13:56:05.802] Cog0  BM-TS,seq,1_130,tid,7,k,579,lt,FALSE,pos,188,hw,188,i,943,ph,2_054,d,24_237,e,41,st,AT_SPEED,flt,FALSE,up,TRUE,ig,0,o_pos,0,o_hw,0,o_i,NA,o_up,FALSE,why,NO_COG
[2026-09-15T13:56:05.803] Cog0  BM-TS,seq,1_131,tid,7,k,581,lt,FALSE,pos,189,hw,189,i,858,ph,2_792,d,24_229,e,44,st,AT_SPEED,flt,FALSE,up,TRUE,ig,0,o_pos,0,o_hw,0,o_i,NA,o_up,FALSE,why,NO_COG
[2026-09-15T13:56:05.806] Cog0  BM-TS,seq,1_132,tid,7,k,583,lt,FALSE,pos,190,hw,190,i,763,ph,1_896,d,24_217,e,54,st,AT_SPEED,flt,FALSE,up,TRUE,ig,0,o_pos,0,o_hw,0,o_i,NA,o_up,FALSE,why,NO_COG
[2026-09-15T13:56:05.808] Cog0  BM-TS,seq,1_133,tid,7,k,584,lt,FALSE,pos,191,hw,191,i,842,ph,2_637,d,24_246,e,38,st,AT_SPEED,flt,FALSE,up,TRUE,ig,0,o_pos,0,o_hw,0,o_i,NA,o_up,FALSE,why,NO_COG
[2026-09-15T13:56:05.810] Cog0  BM-TS,seq,1_134,tid,7,k,586,lt,FALSE,pos,192,hw,192,i,898,ph,2_056,d,24_211,e,41,st,AT_SPEED,flt,FALSE,up,TRUE,ig,0,o_pos,0,o_hw,0,o_i,NA,o_up,FALSE,why,NO_COG
[2026-09-15T13:56:05.812] Cog0  BM-TS,seq,1_135,tid,7,k,588,lt,FALSE,pos,193,hw,193,i,792,ph,2_921,d,24_229,e,51,st,AT_SPEED,flt,FALSE,up,TRUE,ig,0,o_pos,0,o_hw,0,o_i,NA,o_up,FALSE,why,NO_COG
[2026-09-15T13:56:05.814] Cog0  BM-TS,seq,1_136,tid,7,k,589,lt,FALSE,pos,194,hw,194,i,830,ph,2_228,d,24_251,e,34,st,AT_SPEED,flt,FALSE,up,TRUE,ig,0,o_pos,0,o_hw,0,o_i,NA,o_up,FALSE,why,NO_COG
[2026-09-15T13:56:05.816] Cog0  BM-TS,seq,1_137,tid,7,k,591,lt,FALSE,pos,195,hw,195,i,945,ph,2_612,d,24_220,e,44,st,AT_SPEED,flt,FALSE,up,TRUE,ig,0,o_pos,0,o_hw,0,o_i,NA,o_up,FALSE,why,NO_COG
[2026-09-15T13:56:05.818] Cog0  BM-TS,seq,1_138,tid,7,k,593,lt,FALSE,pos,196,hw,196,i,835,ph,1_931,d,24_217,e,48,st,AT_SPEED,flt,FALSE,up,TRUE,ig,0,o_pos,0,o_hw,0,o_i,NA,o_up,FALSE,why,NO_COG
[2026-09-15T13:56:05.820] Cog0  BM-TS,seq,1_139,tid,7,k,594,lt,FALSE,pos,197,hw,197,i,827,ph,2_455,d,24_259,e,31,st,AT_SPEED,flt,FALSE,up,TRUE,ig,0,o_pos,0,o_hw,0,o_i,NA,o_up,FALSE,why,NO_COG
[2026-09-15T13:56:05.822] Cog0  BM-TS,seq,1_140,tid,7,k,596,lt,FALSE,pos,198,hw,198,i,846,ph,2_063,d,24_231,e,41,st,AT_SPEED,flt,FALSE,up,TRUE,ig,0,o_pos,0,o_hw,0,o_i,NA,o_up,FALSE,why,NO_COG
[2026-09-15T13:56:05.824] Cog0  BM-TS,seq,1_141,tid,7,k,598,lt,FALSE,pos,199,hw,199,i,884,ph,2_775,d,24_230,e,45,st,AT_SPEED,flt,FALSE,up,TRUE,ig,0,o_pos,0,o_hw,0,o_i,NA,o_up,FALSE,why,NO_COG
[2026-09-15T13:56:05.826] Cog0  BM-TS,seq,1_142,tid,7,k,600,lt,FALSE,pos,200,hw,200,i,781,ph,1_875,d,24_213,e,54,st,AT_SPEED,flt,FALSE,up,TRUE,ig,0,o_pos,0,o_hw,0,o_i,NA,o_up,FALSE,why,NO_COG
[2026-09-15T13:56:05.829] Cog0  BM-TS,seq,1_143,tid,7,k,601,lt,FALSE,pos,201,hw,201,i,827,ph,2_627,d,24_241,e,38,st,AT_SPEED,flt,FALSE,up,TRUE,ig,0,o_pos,0,o_hw,0,o_i,NA,o_up,FALSE,why,NO_COG
[2026-09-15T13:56:05.831] Cog0  BM-TS,seq,1_144,tid,7,k,603,lt,FALSE,pos,202,hw,202,i,917,ph,2_079,d,24_219,e,48,st,AT_SPEED,flt,FALSE,up,TRUE,ig,0,o_pos,0,o_hw,0,o_i,NA,o_up,FALSE,why,NO_COG
[2026-09-15T13:56:05.833] Cog0  BM-TS,seq,1_145,tid,7,k,605,lt,FALSE,pos,203,hw,203,i,809,ph,2_982,d,24_226,e,51,st,AT_SPEED,flt,FALSE,up,TRUE,ig,0,o_pos,0,o_hw,0,o_i,NA,o_up,FALSE,why,NO_COG
[2026-09-15T13:56:05.835] Cog0  BM-TS,seq,1_146,tid,7,k,606,lt,FALSE,pos,204,hw,204,i,827,ph,2_231,d,24_246,e,35,st,AT_SPEED,flt,FALSE,up,TRUE,ig,0,o_pos,0,o_hw,0,o_i,NA,o_up,FALSE,why,NO_COG
[2026-09-15T13:56:05.837] Cog0  BM-TS,seq,1_147,tid,7,k,608,lt,FALSE,pos,205,hw,205,i,881,ph,2_789,d,24_230,e,45,st,AT_SPEED,flt,FALSE,up,TRUE,ig,0,o_pos,0,o_hw,0,o_i,NA,o_up,FALSE,why,NO_COG
[2026-09-15T13:56:05.839] Cog0  BM-TS,seq,1_148,tid,7,k,610,lt,FALSE,pos,206,hw,206,i,850,ph,1_867,d,24_235,e,48,st,AT_SPEED,flt,FALSE,up,TRUE,ig,0,o_pos,0,o_hw,0,o_i,NA,o_up,FALSE,why,NO_COG
[2026-09-15T13:56:05.841] Cog0  BM-TS,seq,1_149,tid,7,k,611,lt,FALSE,pos,207,hw,207,i,841,ph,2_458,d,24_255,e,32,st,AT_SPEED,flt,FALSE,up,TRUE,ig,0,o_pos,0,o_hw,0,o_i,NA,o_up,FALSE,why,NO_COG
[2026-09-15T13:56:05.843] Cog0  BM-TS,seq,1_150,tid,7,k,613,lt,FALSE,pos,208,hw,208,i,824,ph,2_072,d,24_241,e,42,st,AT_SPEED,flt,FALSE,up,TRUE,ig,0,o_pos,0,o_hw,0,o_i,NA,o_up,FALSE,why,NO_COG
[2026-09-15T13:56:05.845] Cog0  BM-TS,seq,1_151,tid,7,k,615,lt,FALSE,pos,209,hw,209,i,897,ph,2_825,d,24_227,e,45,st,AT_SPEED,flt,FALSE,up,TRUE,ig,0,o_pos,0,o_hw,0,o_i,NA,o_up,FALSE,why,NO_COG
[2026-09-15T13:56:05.847] Cog0  BM-TS,seq,1_152,tid,7,k,616,lt,FALSE,pos,210,hw,210,i,853,ph,2_434,d,24_261,e,29,st,AT_SPEED,flt,FALSE,up,TRUE,ig,0,o_pos,0,o_hw,0,o_i,NA,o_up,FALSE,why,NO_COG
[2026-09-15T13:56:05.849] Cog0  BM-TS,seq,1_153,tid,7,k,618,lt,FALSE,pos,211,hw,211,i,831,ph,2_616,d,24_239,e,39,st,AT_SPEED,flt,FALSE,up,TRUE,ig,0,o_pos,0,o_hw,0,o_i,NA,o_up,FALSE,why,NO_COG
[2026-09-15T13:56:05.851] Cog0  BM-TS,seq,1_154,tid,7,k,620,lt,FALSE,pos,212,hw,212,i,935,ph,2_029,d,24_237,e,48,st,AT_SPEED,flt,FALSE,up,TRUE,ig,0,o_pos,0,o_hw,0,o_i,NA,o_up,FALSE,why,NO_COG
[2026-09-15T13:56:05.853] Cog0  BM-TS,seq,1_155,tid,7,k,622,lt,FALSE,pos,213,hw,213,i,822,ph,2_971,d,24_223,e,52,st,AT_SPEED,flt,FALSE,up,TRUE,ig,0,o_pos,0,o_hw,0,o_i,NA,o_up,FALSE,why,NO_COG
[2026-09-15T13:56:05.856] Cog0  BM-TS,seq,1_156,tid,7,k,623,lt,FALSE,pos,214,hw,214,i,825,ph,2_241,d,24_248,e,35,st,AT_SPEED,flt,FALSE,up,TRUE,ig,0,o_pos,0,o_hw,0,o_i,NA,o_up,FALSE,why,NO_COG
[2026-09-15T13:56:05.856] Cog0  BM-TS,seq,1_157,tid,7,k,625,lt,FALSE,pos,215,hw,215,i,859,ph,2_844,d,24_227,e,45,st,AT_SPEED,flt,FALSE,up,TRUE,ig,0,o_pos,0,o_hw,0,o_i,NA,o_up,FALSE,why,NO_COG
[2026-09-15T13:56:05.860] Cog0  BM-TS,seq,1_158,tid,7,k,627,lt,FALSE,pos,216,hw,216,i,859,ph,1_860,d,24_233,e,49,st,AT_SPEED,flt,FALSE,up,TRUE,ig,0,o_pos,0,o_hw,0,o_i,NA,o_up,FALSE,why,NO_COG
[2026-09-15T13:56:05.862] Cog0  BM-TS,seq,1_159,tid,7,k,628,lt,FALSE,pos,217,hw,217,i,845,ph,2_439,d,24_261,e,32,st,AT_SPEED,flt,FALSE,up,TRUE,ig,0,o_pos,0,o_hw,0,o_i,NA,o_up,FALSE,why,NO_COG
[2026-09-15T13:56:05.864] Cog0  BM-TS,seq,1_160,tid,7,k,630,lt,FALSE,pos,218,hw,218,i,823,ph,2_025,d,24_236,e,42,st,AT_SPEED,flt,FALSE,up,TRUE,ig,0,o_pos,0,o_hw,0,o_i,NA,o_up,FALSE,why,NO_COG
[2026-09-15T13:56:05.866] Cog0  BM-TS,seq,1_161,tid,7,k,632,lt,FALSE,pos,219,hw,219,i,909,ph,2_826,d,24_224,e,45,st,AT_SPEED,flt,FALSE,up,TRUE,ig,0,o_pos,0,o_hw,0,o_i,NA,o_up,FALSE,why,NO_COG
[2026-09-15T13:56:05.868] Cog0  BM-TS,seq,1_162,tid,7,k,634,lt,FALSE,pos,220,hw,220,i,803,ph,1_925,d,24_240,e,55,st,AT_SPEED,flt,FALSE,up,TRUE,ig,0,o_pos,0,o_hw,0,o_i,NA,o_up,FALSE,why,NO_COG
[2026-09-15T13:56:05.870] Cog0  BM-TS,seq,1_163,tid,7,k,635,lt,FALSE,pos,221,hw,221,i,842,ph,2_677,d,24_234,e,39,st,AT_SPEED,flt,FALSE,up,TRUE,ig,0,o_pos,0,o_hw,0,o_i,NA,o_up,FALSE,why,NO_COG
[2026-09-15T13:56:05.872] Cog0  BM-TS,seq,1_164,tid,7,k,637,lt,FALSE,pos,222,hw,222,i,907,ph,1_844,d,24_236,e,49,st,AT_SPEED,flt,FALSE,up,TRUE,ig,0,o_pos,0,o_hw,0,o_i,NA,o_up,FALSE,why,NO_COG
[2026-09-15T13:56:05.874] Cog0  BM-TS,seq,1_165,tid,7,k,639,lt,FALSE,pos,223,hw,223,i,829,ph,2_927,d,24_229,e,52,st,AT_SPEED,flt,FALSE,up,TRUE,ig,0,o_pos,0,o_hw,0,o_i,NA,o_up,FALSE,why,NO_COG
[2026-09-15T13:56:05.877] Cog0  BM-TS,seq,1_166,tid,7,k,640,lt,FALSE,pos,224,hw,224,i,849,ph,2_181,d,24_243,e,36,st,AT_SPEED,flt,FALSE,up,TRUE,ig,0,o_pos,0,o_hw,0,o_i,NA,o_up,FALSE,why,NO_COG
[2026-09-15T13:56:05.878] Cog0  BM-TS,seq,1_167,tid,7,k,642,lt,FALSE,pos,225,hw,225,i,837,ph,2_852,d,24_224,e,46,st,AT_SPEED,flt,FALSE,up,TRUE,ig,0,o_pos,0,o_hw,0,o_i,NA,o_up,FALSE,why,NO_COG
[2026-09-15T13:56:05.895] Cog0  BM-TRACE-END,seq,1_168,tid,7,stored,643,emitted,338,ksum,107_761,mark_k,4,late,0,skipped,0,lost_head,0,dropped,0,end,FROZEN,rest_k,NA,ig_sum,0,o_ig_sum,0,hw_skip,0,stride,1,why,NOT_REACHED
[2026-09-15T13:56:17.084] Cog0  BM-FBTRIAL,seq,1_169,tid,7,motor,LEFT,trial,2,ramp_inc,100,incre,110_250_000,off_neg,43,off_pos,317,result,OK,t_ms,775,i_pk,970,duty_pk,24_264,duty_max,24_264,dsat,FALSE,rst,NONE,rst_ms,0,why,NONE
[2026-09-15T13:56:17.272] Cog0  BM-RAMPREST,seq,1_170,motor,LEFT,min,1_500,max,200_000,inc,22,down,50_000,ok,TRUE,why,NONE
[2026-09-15T13:56:17.286] Cog0  BM-TRACE,seq,1_171,tid,8,seg,FAULTB,life,4,motor,LEFT,cause,RAMP,incre,110_250_000,off_neg,43,off_pos,317,req_mode,FLOAT,ramp_inc,500,period_us,2_000,decim,1,pre,50,why,NONE
[2026-09-15T13:56:17.286] Cog0  BM-TS,seq,1_172,tid,8,k,0,lt,FALSE,pos,0,hw,0,i,10,ph,23,d,1_600,e,30,st,STOPPED,flt,FALSE,up,TRUE,ig,0,o_pos,0,o_hw,0,o_i,NA,o_up,FALSE,why,NO_COG
[2026-09-15T13:56:17.289] Cog0  BM-TS,seq,1_173,tid,8,k,1,lt,FALSE,pos,0,hw,0,i,11,ph,22,d,1_600,e,30,st,STOPPED,flt,FALSE,up,TRUE,ig,0,o_pos,0,o_hw,0,o_i,NA,o_up,FALSE,why,NO_COG
[2026-09-15T13:56:17.290] Cog0  BM-TS,seq,1_174,tid,8,k,2,lt,FALSE,pos,0,hw,0,i,11,ph,21,d,1_600,e,30,st,STOPPED,flt,FALSE,up,TRUE,ig,0,o_pos,0,o_hw,0,o_i,NA,o_up,FALSE,why,NO_COG
[2026-09-15T13:56:17.293] Cog0  BM-TS,seq,1_175,tid,8,k,3,lt,FALSE,pos,0,hw,0,i,11,ph,20,d,1_600,e,30,st,STOPPED,flt,FALSE,up,TRUE,ig,0,o_pos,0,o_hw,0,o_i,NA,o_up,FALSE,why,NO_COG
[2026-09-15T13:56:17.295] Cog0  BM-TS,seq,1_176,tid,8,k,4,lt,FALSE,pos,0,hw,0,i,16,ph,2_436,d,1_600,e,0,st,SPIN_UP,flt,FALSE,up,TRUE,ig,0,o_pos,0,o_hw,0,o_i,NA,o_up,FALSE,why,NO_COG
[2026-09-15T13:56:17.297] Cog0  BM-TS,seq,1_177,tid,8,k,5,lt,FALSE,pos,0,hw,0,i,16,ph,2_429,d,1_600,e,0,st,SPIN_UP,flt,FALSE,up,TRUE,ig,0,o_pos,0,o_hw,0,o_i,NA,o_up,FALSE,why,NO_COG
[2026-09-15T13:56:17.299] Cog0  BM-TS,seq,1_178,tid,8,k,6,lt,FALSE,pos,0,hw,0,i,17,ph,2_427,d,1_600,e,0,st,SPIN_UP,flt,FALSE,up,TRUE,ig,0,o_pos,0,o_hw,0,o_i,NA,o_up,FALSE,why,NO_COG
[2026-09-15T13:56:17.300] Cog0  BM-TS,seq,1_179,tid,8,k,7,lt,FALSE,pos,0,hw,0,i,17,ph,2_434,d,1_600,e,0,st,SPIN_UP,flt,FALSE,up,TRUE,ig,0,o_pos,0,o_hw,0,o_i,NA,o_up,FALSE,why,NO_COG
[2026-09-15T13:56:17.303] Cog0  BM-TS,seq,1_180,tid,8,k,8,lt,FALSE,pos,0,hw,0,i,17,ph,2_442,d,1_600,e,0,st,SPIN_UP,flt,FALSE,up,TRUE,ig,0,o_pos,0,o_hw,0,o_i,NA,o_up,FALSE,why,NO_COG
[2026-09-15T13:56:17.304] Cog0  BM-TS,seq,1_181,tid,8,k,9,lt,FALSE,pos,0,hw,0,i,17,ph,2_438,d,1_600,e,0,st,SPIN_UP,flt,FALSE,up,TRUE,ig,0,o_pos,0,o_hw,0,o_i,NA,o_up,FALSE,why,NO_COG
[2026-09-15T13:56:17.306] Cog0  BM-TS,seq,1_182,tid,8,k,10,lt,FALSE,pos,0,hw,0,i,17,ph,2_435,d,1_600,e,0,st,SPIN_UP,flt,FALSE,up,TRUE,ig,0,o_pos,0,o_hw,0,o_i,NA,o_up,FALSE,why,NO_COG
[2026-09-15T13:56:17.308] Cog0  BM-TS,seq,1_183,tid,8,k,11,lt,FALSE,pos,0,hw,0,i,19,ph,2_435,d,1_600,e,0,st,SPIN_UP,flt,FALSE,up,TRUE,ig,0,o_pos,0,o_hw,0,o_i,NA,o_up,FALSE,why,NO_COG
[2026-09-15T13:56:17.310] Cog0  BM-TS,seq,1_184,tid,8,k,12,lt,FALSE,pos,0,hw,0,i,17,ph,2_437,d,1_600,e,0,st,SPIN_UP,flt,FALSE,up,TRUE,ig,0,o_pos,0,o_hw,0,o_i,NA,o_up,FALSE,why,NO_COG
[2026-09-15T13:56:17.312] Cog0  BM-TS,seq,1_185,tid,8,k,13,lt,FALSE,pos,0,hw,0,i,20,ph,2_434,d,1_600,e,0,st,SPIN_UP,flt,FALSE,up,TRUE,ig,0,o_pos,0,o_hw,0,o_i,NA,o_up,FALSE,why,NO_COG
[2026-09-15T13:56:17.314] Cog0  BM-TS,seq,1_186,tid,8,k,14,lt,FALSE,pos,0,hw,0,i,18,ph,2_444,d,1_600,e,0,st,SPIN_UP,flt,FALSE,up,TRUE,ig,0,o_pos,0,o_hw,0,o_i,NA,o_up,FALSE,why,NO_COG
[2026-09-15T13:56:17.316] Cog0  BM-TS,seq,1_187,tid,8,k,15,lt,FALSE,pos,0,hw,0,i,17,ph,2_442,d,1_600,e,0,st,SPIN_UP,flt,FALSE,up,TRUE,ig,0,o_pos,0,o_hw,0,o_i,NA,o_up,FALSE,why,NO_COG
[2026-09-15T13:56:17.318] Cog0  BM-TS,seq,1_188,tid,8,k,16,lt,FALSE,pos,0,hw,0,i,16,ph,2_441,d,1_600,e,0,st,SPIN_UP,flt,FALSE,up,TRUE,ig,0,o_pos,0,o_hw,0,o_i,NA,o_up,FALSE,why,NO_COG
[2026-09-15T13:56:17.320] Cog0  BM-TS,seq,1_189,tid,8,k,17,lt,FALSE,pos,0,hw,0,i,17,ph,2_438,d,1_600,e,0,st,SPIN_UP,flt,FALSE,up,TRUE,ig,0,o_pos,0,o_hw,0,o_i,NA,o_up,FALSE,why,NO_COG
[2026-09-15T13:56:17.321] Cog0  BM-TS,seq,1_190,tid,8,k,18,lt,FALSE,pos,0,hw,0,i,17,ph,2_447,d,1_600,e,1,st,SPIN_UP,flt,FALSE,up,TRUE,ig,0,o_pos,0,o_hw,0,o_i,NA,o_up,FALSE,why,NO_COG
[2026-09-15T13:56:17.324] Cog0  BM-TS,seq,1_191,tid,8,k,19,lt,FALSE,pos,0,hw,0,i,17,ph,2_450,d,1_600,e,1,st,SPIN_UP,flt,FALSE,up,TRUE,ig,0,o_pos,0,o_hw,0,o_i,NA,o_up,FALSE,why,NO_COG
[2026-09-15T13:56:17.325] Cog0  BM-TS,seq,1_192,tid,8,k,20,lt,FALSE,pos,0,hw,0,i,18,ph,2_437,d,1_600,e,1,st,SPIN_UP,flt,FALSE,up,TRUE,ig,0,o_pos,0,o_hw,0,o_i,NA,o_up,FALSE,why,NO_COG
[2026-09-15T13:56:17.327] Cog0  BM-TS,seq,1_193,tid,8,k,21,lt,FALSE,pos,0,hw,0,i,18,ph,2_443,d,1_600,e,1,st,SPIN_UP,flt,FALSE,up,TRUE,ig,0,o_pos,0,o_hw,0,o_i,NA,o_up,FALSE,why,NO_COG
[2026-09-15T13:56:17.329] Cog0  BM-TS,seq,1_194,tid,8,k,22,lt,FALSE,pos,0,hw,0,i,17,ph,2_444,d,1_600,e,2,st,SPIN_UP,flt,FALSE,up,TRUE,ig,0,o_pos,0,o_hw,0,o_i,NA,o_up,FALSE,why,NO_COG
[2026-09-15T13:56:17.331] Cog0  BM-TS,seq,1_195,tid,8,k,23,lt,FALSE,pos,0,hw,0,i,16,ph,2_445,d,1_600,e,2,st,SPIN_UP,flt,FALSE,up,TRUE,ig,0,o_pos,0,o_hw,0,o_i,NA,o_up,FALSE,why,NO_COG
[2026-09-15T13:56:17.333] Cog0  BM-TS,seq,1_196,tid,8,k,24,lt,FALSE,pos,0,hw,0,i,18,ph,2_445,d,1_600,e,2,st,SPIN_UP,flt,FALSE,up,TRUE,ig,0,o_pos,0,o_hw,0,o_i,NA,o_up,FALSE,why,NO_COG
[2026-09-15T13:56:17.335] Cog0  BM-TS,seq,1_197,tid,8,k,25,lt,FALSE,pos,0,hw,0,i,17,ph,2_455,d,1_600,e,3,st,SPIN_UP,flt,FALSE,up,TRUE,ig,0,o_pos,0,o_hw,0,o_i,NA,o_up,FALSE,why,NO_COG
[2026-09-15T13:56:17.337] Cog0  BM-TS,seq,1_198,tid,8,k,26,lt,FALSE,pos,0,hw,0,i,17,ph,2_434,d,1_600,e,3,st,SPIN_UP,flt,FALSE,up,TRUE,ig,0,o_pos,0,o_hw,0,o_i,NA,o_up,FALSE,why,NO_COG
[2026-09-15T13:56:17.339] Cog0  BM-TS,seq,1_199,tid,8,k,27,lt,FALSE,pos,0,hw,0,i,17,ph,2_444,d,1_600,e,3,st,SPIN_UP,flt,FALSE,up,TRUE,ig,0,o_pos,0,o_hw,0,o_i,NA,o_up,FALSE,why,NO_COG
[2026-09-15T13:56:17.341] Cog0  BM-TS,seq,1_200,tid,8,k,28,lt,FALSE,pos,0,hw,0,i,21,ph,2_455,d,1_600,e,4,st,SPIN_UP,flt,FALSE,up,TRUE,ig,0,o_pos,0,o_hw,0,o_i,NA,o_up,FALSE,why,NO_COG
[2026-09-15T13:56:17.342] Cog0  BM-TS,seq,1_201,tid,8,k,29,lt,FALSE,pos,0,hw,0,i,18,ph,2_453,d,1_600,e,5,st,SPIN_UP,flt,FALSE,up,TRUE,ig,0,o_pos,0,o_hw,0,o_i,NA,o_up,FALSE,why,NO_COG
[2026-09-15T13:56:17.345] Cog0  BM-TS,seq,1_202,tid,8,k,30,lt,FALSE,pos,0,hw,0,i,17,ph,2_451,d,1_600,e,5,st,SPIN_UP,flt,FALSE,up,TRUE,ig,0,o_pos,0,o_hw,0,o_i,NA,o_up,FALSE,why,NO_COG
[2026-09-15T13:56:17.346] Cog0  BM-TS,seq,1_203,tid,8,k,31,lt,FALSE,pos,0,hw,0,i,17,ph,2_451,d,1_600,e,6,st,SPIN_UP,flt,FALSE,up,TRUE,ig,0,o_pos,0,o_hw,0,o_i,NA,o_up,FALSE,why,NO_COG
[2026-09-15T13:56:17.348] Cog0  BM-TS,seq,1_204,tid,8,k,32,lt,FALSE,pos,0,hw,0,i,18,ph,2_454,d,1_600,e,7,st,SPIN_UP,flt,FALSE,up,TRUE,ig,0,o_pos,0,o_hw,0,o_i,NA,o_up,FALSE,why,NO_COG
[2026-09-15T13:56:17.350] Cog0  BM-TS,seq,1_205,tid,8,k,33,lt,FALSE,pos,0,hw,0,i,16,ph,2_442,d,1_600,e,7,st,SPIN_UP,flt,FALSE,up,TRUE,ig,0,o_pos,0,o_hw,0,o_i,NA,o_up,FALSE,why,NO_COG
[2026-09-15T13:56:17.352] Cog0  BM-TS,seq,1_206,tid,8,k,34,lt,FALSE,pos,0,hw,0,i,16,ph,2_451,d,1_600,e,8,st,SPIN_UP,flt,FALSE,up,TRUE,ig,0,o_pos,0,o_hw,0,o_i,NA,o_up,FALSE,why,NO_COG
[2026-09-15T13:56:17.354] Cog0  BM-TS,seq,1_207,tid,8,k,35,lt,FALSE,pos,0,hw,0,i,17,ph,2_453,d,1_600,e,9,st,SPIN_UP,flt,FALSE,up,TRUE,ig,0,o_pos,0,o_hw,0,o_i,NA,o_up,FALSE,why,NO_COG
[2026-09-15T13:56:17.356] Cog0  BM-TS,seq,1_208,tid,8,k,36,lt,FALSE,pos,0,hw,0,i,17,ph,2_450,d,1_600,e,10,st,SPIN_UP,flt,FALSE,up,TRUE,ig,0,o_pos,0,o_hw,0,o_i,NA,o_up,FALSE,why,NO_COG
[2026-09-15T13:56:17.358] Cog0  BM-TS,seq,1_209,tid,8,k,37,lt,FALSE,pos,0,hw,0,i,17,ph,2_447,d,1_600,e,11,st,SPIN_UP,flt,FALSE,up,TRUE,ig,0,o_pos,0,o_hw,0,o_i,NA,o_up,FALSE,why,NO_COG
[2026-09-15T13:56:17.360] Cog0  BM-TS,seq,1_210,tid,8,k,38,lt,FALSE,pos,0,hw,0,i,17,ph,2_444,d,1_600,e,12,st,SPIN_UP,flt,FALSE,up,TRUE,ig,0,o_pos,0,o_hw,0,o_i,NA,o_up,FALSE,why,NO_COG
[2026-09-15T13:56:17.362] Cog0  BM-TS,seq,1_211,tid,8,k,39,lt,FALSE,pos,0,hw,0,i,19,ph,2_451,d,1_600,e,13,st,SPIN_UP,flt,FALSE,up,TRUE,ig,0,o_pos,0,o_hw,0,o_i,NA,o_up,FALSE,why,NO_COG
[2026-09-15T13:56:17.364] Cog0  BM-TS,seq,1_212,tid,8,k,40,lt,FALSE,pos,0,hw,0,i,17,ph,2_437,d,1_600,e,14,st,SPIN_UP,flt,FALSE,up,TRUE,ig,0,o_pos,0,o_hw,0,o_i,NA,o_up,FALSE,why,NO_COG
[2026-09-15T13:56:17.366] Cog0  BM-TS,seq,1_213,tid,8,k,41,lt,FALSE,pos,0,hw,0,i,17,ph,2_444,d,1_600,e,15,st,SPIN_UP,flt,FALSE,up,TRUE,ig,0,o_pos,0,o_hw,0,o_i,NA,o_up,FALSE,why,NO_COG
[2026-09-15T13:56:17.367] Cog0  BM-TS,seq,1_214,tid,8,k,42,lt,FALSE,pos,0,hw,0,i,18,ph,2_446,d,1_600,e,17,st,SPIN_UP,flt,FALSE,up,TRUE,ig,0,o_pos,0,o_hw,0,o_i,NA,o_up,FALSE,why,NO_COG
[2026-09-15T13:56:17.369] Cog0  BM-TS,seq,1_215,tid,8,k,43,lt,FALSE,pos,0,hw,0,i,18,ph,2_442,d,1_600,e,18,st,SPIN_UP,flt,FALSE,up,TRUE,ig,0,o_pos,0,o_hw,0,o_i,NA,o_up,FALSE,why,NO_COG
[2026-09-15T13:56:17.371] Cog0  BM-TS,seq,1_216,tid,8,k,44,lt,FALSE,pos,0,hw,0,i,18,ph,2_440,d,1_600,e,19,st,SPIN_UP,flt,FALSE,up,TRUE,ig,0,o_pos,0,o_hw,0,o_i,NA,o_up,FALSE,why,NO_COG
[2026-09-15T13:56:17.373] Cog0  BM-TS,seq,1_217,tid,8,k,45,lt,FALSE,pos,0,hw,0,i,18,ph,2_442,d,1_600,e,21,st,SPIN_UP,flt,FALSE,up,TRUE,ig,0,o_pos,0,o_hw,0,o_i,NA,o_up,FALSE,why,NO_COG
[2026-09-15T13:56:17.375] Cog0  BM-TS,seq,1_218,tid,8,k,46,lt,FALSE,pos,0,hw,0,i,16,ph,2_420,d,1_600,e,22,st,SPIN_UP,flt,FALSE,up,TRUE,ig,0,o_pos,0,o_hw,0,o_i,NA,o_up,FALSE,why,NO_COG
[2026-09-15T13:56:17.377] Cog0  BM-TS,seq,1_219,tid,8,k,47,lt,FALSE,pos,0,hw,0,i,17,ph,2_419,d,1_600,e,24,st,SPIN_UP,flt,FALSE,up,TRUE,ig,0,o_pos,0,o_hw,0,o_i,NA,o_up,FALSE,why,NO_COG
[2026-09-15T13:56:17.379] Cog0  BM-TS,seq,1_220,tid,8,k,48,lt,FALSE,pos,0,hw,0,i,19,ph,2_431,d,1_600,e,26,st,SPIN_UP,flt,FALSE,up,TRUE,ig,0,o_pos,0,o_hw,0,o_i,NA,o_up,FALSE,why,NO_COG
[2026-09-15T13:56:17.381] Cog0  BM-TS,seq,1_221,tid,8,k,49,lt,FALSE,pos,0,hw,0,i,17,ph,2_427,d,1_600,e,27,st,SPIN_UP,flt,FALSE,up,TRUE,ig,0,o_pos,0,o_hw,0,o_i,NA,o_up,FALSE,why,NO_COG
[2026-09-15T13:56:17.383] Cog0  BM-TS,seq,1_222,tid,8,k,50,lt,FALSE,pos,0,hw,0,i,19,ph,2_425,d,1_600,e,29,st,SPIN_UP,flt,FALSE,up,TRUE,ig,0,o_pos,0,o_hw,0,o_i,NA,o_up,FALSE,why,NO_COG
[2026-09-15T13:56:17.385] Cog0  BM-TS,seq,1_223,tid,8,k,51,lt,FALSE,pos,0,hw,0,i,19,ph,2_422,d,1_600,e,31,st,SPIN_UP,flt,FALSE,up,TRUE,ig,0,o_pos,0,o_hw,0,o_i,NA,o_up,FALSE,why,NO_COG
[2026-09-15T13:56:17.387] Cog0  BM-TS,seq,1_224,tid,8,k,52,lt,FALSE,pos,0,hw,0,i,17,ph,2_419,d,1_600,e,33,st,SPIN_UP,flt,FALSE,up,TRUE,ig,0,o_pos,0,o_hw,0,o_i,NA,o_up,FALSE,why,NO_COG
[2026-09-15T13:56:17.389] Cog0  BM-TS,seq,1_225,tid,8,k,53,lt,FALSE,pos,0,hw,0,i,18,ph,2_419,d,1_600,e,35,st,SPIN_UP,flt,FALSE,up,TRUE,ig,0,o_pos,0,o_hw,0,o_i,NA,o_up,FALSE,why,NO_COG
[2026-09-15T13:56:17.390] Cog0  BM-TS,seq,1_226,tid,8,k,54,lt,FALSE,pos,0,hw,0,i,16,ph,2_404,d,1_600,e,37,st,SPIN_UP,flt,FALSE,up,TRUE,ig,0,o_pos,0,o_hw,0,o_i,NA,o_up,FALSE,why,NO_COG
[2026-09-15T13:56:17.393] Cog0  BM-TS,seq,1_227,tid,8,k,55,lt,FALSE,pos,0,hw,0,i,16,ph,2_401,d,1_600,e,40,st,SPIN_UP,flt,FALSE,up,TRUE,ig,0,o_pos,0,o_hw,0,o_i,NA,o_up,FALSE,why,NO_COG
[2026-09-15T13:56:17.394] Cog0  BM-TS,seq,1_228,tid,8,k,56,lt,FALSE,pos,0,hw,0,i,17,ph,2_402,d,1_600,e,42,st,SPIN_UP,flt,FALSE,up,TRUE,ig,0,o_pos,0,o_hw,0,o_i,NA,o_up,FALSE,why,NO_COG
[2026-09-15T13:56:17.396] Cog0  BM-TS,seq,1_229,tid,8,k,57,lt,FALSE,pos,0,hw,0,i,16,ph,2_405,d,1_600,e,44,st,SPIN_UP,flt,FALSE,up,TRUE,ig,0,o_pos,0,o_hw,0,o_i,NA,o_up,FALSE,why,NO_COG
[2026-09-15T13:56:17.398] Cog0  BM-TS,seq,1_230,tid,8,k,58,lt,FALSE,pos,0,hw,0,i,16,ph,2_402,d,1_600,e,47,st,SPIN_UP,flt,FALSE,up,TRUE,ig,0,o_pos,0,o_hw,0,o_i,NA,o_up,FALSE,why,NO_COG
[2026-09-15T13:56:17.400] Cog0  BM-TS,seq,1_231,tid,8,k,59,lt,FALSE,pos,0,hw,0,i,17,ph,2_409,d,1_600,e,50,st,SPIN_UP,flt,FALSE,up,TRUE,ig,0,o_pos,0,o_hw,0,o_i,NA,o_up,FALSE,why,NO_COG
[2026-09-15T13:56:17.402] Cog0  BM-TS,seq,1_232,tid,8,k,60,lt,FALSE,pos,0,hw,0,i,15,ph,2_403,d,1_600,e,52,st,SPIN_UP,flt,FALSE,up,TRUE,ig,0,o_pos,0,o_hw,0,o_i,NA,o_up,FALSE,why,NO_COG
[2026-09-15T13:56:17.404] Cog0  BM-TS,seq,1_233,tid,8,k,61,lt,FALSE,pos,0,hw,0,i,15,ph,2_409,d,1_600,e,55,st,SPIN_UP,flt,FALSE,up,TRUE,ig,0,o_pos,0,o_hw,0,o_i,NA,o_up,FALSE,why,NO_COG
[2026-09-15T13:56:17.406] Cog0  BM-TS,seq,1_234,tid,8,k,62,lt,FALSE,pos,0,hw,0,i,13,ph,2_408,d,1_642,e,58,st,SPIN_UP,flt,FALSE,up,TRUE,ig,0,o_pos,0,o_hw,0,o_i,NA,o_up,FALSE,why,NO_COG
[2026-09-15T13:56:17.408] Cog0  BM-TS,seq,1_235,tid,8,k,63,lt,FALSE,pos,0,hw,0,i,14,ph,2_422,d,1_730,e,61,st,SPIN_UP,flt,FALSE,up,TRUE,ig,0,o_pos,0,o_hw,0,o_i,NA,o_up,FALSE,why,NO_COG
[2026-09-15T13:56:17.410] Cog0  BM-TS,seq,1_236,tid,8,k,64,lt,FALSE,pos,0,hw,0,i,16,ph,2_432,d,1_818,e,64,st,SPIN_UP,flt,FALSE,up,TRUE,ig,0,o_pos,0,o_hw,0,o_i,NA,o_up,FALSE,why,NO_COG
[2026-09-15T13:56:17.412] Cog0  BM-TS,seq,1_237,tid,8,k,65,lt,FALSE,pos,0,hw,0,i,15,ph,2_438,d,1_906,e,67,st,SPIN_UP,flt,FALSE,up,TRUE,ig,0,o_pos,0,o_hw,0,o_i,NA,o_up,FALSE,why,NO_COG
[2026-09-15T13:56:17.414] Cog0  BM-TS,seq,1_238,tid,8,k,66,lt,FALSE,pos,1,hw,1,i,15,ph,2_437,d,1_828,e,28,st,SPIN_UP,flt,FALSE,up,TRUE,ig,0,o_pos,0,o_hw,0,o_i,NA,o_up,FALSE,why,NO_COG
[2026-09-15T13:56:17.416] Cog0  BM-TS,seq,1_239,tid,8,k,67,lt,FALSE,pos,1,hw,1,i,17,ph,2_453,d,1_740,e,31,st,SPIN_UP,flt,FALSE,up,TRUE,ig,0,o_pos,0,o_hw,0,o_i,NA,o_up,FALSE,why,NO_COG
[2026-09-15T13:56:17.417] Cog0  BM-TS,seq,1_240,tid,8,k,68,lt,FALSE,pos,1,hw,1,i,14,ph,2_446,d,1_652,e,34,st,SPIN_UP,flt,FALSE,up,TRUE,ig,0,o_pos,0,o_hw,0,o_i,NA,o_up,FALSE,why,NO_COG
[2026-09-15T13:56:17.419] Cog0  BM-TS,seq,1_241,tid,8,k,69,lt,FALSE,pos,1,hw,1,i,13,ph,2_451,d,1_600,e,38,st,SPIN_UP,flt,FALSE,up,TRUE,ig,0,o_pos,0,o_hw,0,o_i,NA,o_up,FALSE,why,NO_COG
[2026-09-15T13:56:17.421] Cog0  BM-TS,seq,1_242,tid,8,k,70,lt,FALSE,pos,1,hw,1,i,15,ph,2_469,d,1_600,e,42,st,SPIN_UP,flt,FALSE,up,TRUE,ig,0,o_pos,0,o_hw,0,o_i,NA,o_up,FALSE,why,NO_COG
[2026-09-15T13:56:17.423] Cog0  BM-TS,seq,1_243,tid,8,k,71,lt,FALSE,pos,1,hw,1,i,12,ph,2_451,d,1_600,e,46,st,SPIN_UP,flt,FALSE,up,TRUE,ig,0,o_pos,0,o_hw,0,o_i,NA,o_up,FALSE,why,NO_COG
[2026-09-15T13:56:17.425] Cog0  BM-TS,seq,1_244,tid,8,k,72,lt,FALSE,pos,1,hw,1,i,14,ph,2_472,d,1_600,e,50,st,SPIN_UP,flt,FALSE,up,TRUE,ig,0,o_pos,0,o_hw,0,o_i,NA,o_up,FALSE,why,NO_COG
[2026-09-15T13:56:17.427] Cog0  BM-TS,seq,1_245,tid,8,k,73,lt,FALSE,pos,1,hw,1,i,14,ph,2_467,d,1_600,e,53,st,SPIN_UP,flt,FALSE,up,TRUE,ig,0,o_pos,0,o_hw,0,o_i,NA,o_up,FALSE,why,NO_COG
[2026-09-15T13:56:17.429] Cog0  BM-TS,seq,1_246,tid,8,k,74,lt,FALSE,pos,1,hw,1,i,14,ph,2_450,d,1_640,e,58,st,SPIN_UP,flt,FALSE,up,TRUE,ig,0,o_pos,0,o_hw,0,o_i,NA,o_up,FALSE,why,NO_COG
[2026-09-15T13:56:17.431] Cog0  BM-TS,seq,1_247,tid,8,k,75,lt,FALSE,pos,1,hw,1,i,13,ph,2_454,d,1_728,e,62,st,SPIN_UP,flt,FALSE,up,TRUE,ig,0,o_pos,0,o_hw,0,o_i,NA,o_up,FALSE,why,NO_COG
[2026-09-15T13:56:17.433] Cog0  BM-TS,seq,1_248,tid,8,k,76,lt,FALSE,pos,1,hw,1,i,14,ph,2_446,d,1_816,e,67,st,SPIN_UP,flt,FALSE,up,TRUE,ig,0,o_pos,0,o_hw,0,o_i,NA,o_up,FALSE,why,NO_COG
[2026-09-15T13:56:17.435] Cog0  BM-TS,seq,1_249,tid,8,k,77,lt,FALSE,pos,1,hw,1,i,16,ph,2_442,d,1_932,e,72,st,SPIN_UP,flt,FALSE,up,TRUE,ig,0,o_pos,0,o_hw,0,o_i,NA,o_up,FALSE,why,NO_COG
[2026-09-15T13:56:17.437] Cog0  BM-TS,seq,1_250,tid,8,k,78,lt,FALSE,pos,1,hw,1,i,17,ph,2_429,d,2_108,e,77,st,SPIN_UP,flt,FALSE,up,TRUE,ig,0,o_pos,0,o_hw,0,o_i,NA,o_up,FALSE,why,NO_COG
[2026-09-15T13:56:17.439] Cog0  BM-TS,seq,1_251,tid,8,k,79,lt,FALSE,pos,1,hw,1,i,16,ph,2_421,d,2_284,e,80,st,SPIN_UP,flt,FALSE,up,TRUE,ig,0,o_pos,0,o_hw,0,o_i,NA,o_up,FALSE,why,NO_COG
[2026-09-15T13:56:17.441] Cog0  BM-TS,seq,1_252,tid,8,k,80,lt,FALSE,pos,1,hw,1,i,21,ph,2_420,d,2_476,e,86,st,SPIN_UP,flt,FALSE,up,TRUE,ig,0,o_pos,0,o_hw,0,o_i,NA,o_up,FALSE,why,NO_COG
[2026-09-15T13:56:17.442] Cog0  BM-TS,seq,1_253,tid,8,k,81,lt,FALSE,pos,1,hw,1,i,21,ph,2_381,d,2_740,e,91,st,SPIN_UP,flt,FALSE,up,TRUE,ig,0,o_pos,0,o_hw,0,o_i,NA,o_up,FALSE,why,NO_COG
[2026-09-15T13:56:17.444] Cog0  BM-TS,seq,1_254,tid,8,k,82,lt,FALSE,pos,1,hw,1,i,25,ph,2_373,d,3_004,e,96,st,SPIN_UP,flt,FALSE,up,TRUE,ig,0,o_pos,0,o_hw,0,o_i,NA,o_up,FALSE,why,NO_COG
[2026-09-15T13:56:17.446] Cog0  BM-TS,seq,1_255,tid,8,k,83,lt,FALSE,pos,1,hw,1,i,33,ph,2_380,d,3_318,e,102,st,SPIN_UP,flt,FALSE,up,TRUE,ig,0,o_pos,0,o_hw,0,o_i,NA,o_up,FALSE,why,NO_COG
[2026-09-15T13:56:17.448] Cog0  BM-TS,seq,1_256,tid,8,k,84,lt,FALSE,pos,1,hw,1,i,40,ph,2_380,d,3_670,e,106,st,SPIN_UP,flt,FALSE,up,TRUE,ig,0,o_pos,0,o_hw,0,o_i,NA,o_up,FALSE,why,NO_COG
[2026-09-15T13:56:17.450] Cog0  BM-TS,seq,1_257,tid,8,k,85,lt,FALSE,pos,1,hw,1,i,52,ph,2_405,d,4_022,e,112,st,SPIN_UP,flt,FALSE,up,TRUE,ig,0,o_pos,0,o_hw,0,o_i,NA,o_up,FALSE,why,NO_COG
[2026-09-15T13:56:17.452] Cog0  BM-TS,seq,1_258,tid,8,k,86,lt,FALSE,pos,1,hw,1,i,63,ph,2_426,d,4_458,e,118,st,SPIN_UP,flt,FALSE,up,TRUE,ig,0,o_pos,0,o_hw,0,o_i,NA,o_up,FALSE,why,NO_COG
[2026-09-15T13:56:17.454] Cog0  BM-TS,seq,1_259,tid,8,k,87,lt,FALSE,pos,1,hw,1,i,81,ph,2_471,d,4_898,e,124,st,SPIN_UP,flt,FALSE,up,TRUE,ig,0,o_pos,0,o_hw,0,o_i,NA,o_up,FALSE,why,NO_COG
[2026-09-15T13:56:17.456] Cog0  BM-TS,seq,1_260,tid,8,k,88,lt,FALSE,pos,2,hw,2,i,98,ph,2_505,d,5_157,e,88,st,SPIN_UP,flt,FALSE,up,TRUE,ig,0,o_pos,0,o_hw,0,o_i,NA,o_up,FALSE,why,NO_COG
[2026-09-15T13:56:17.458] Cog0  BM-TS,seq,1_261,tid,8,k,89,lt,FALSE,pos,2,hw,2,i,115,ph,2_542,d,5_421,e,94,st,SPIN_UP,flt,FALSE,up,TRUE,ig,0,o_pos,0,o_hw,0,o_i,NA,o_up,FALSE,why,NO_COG
[2026-09-15T13:56:17.460] Cog0  BM-TS,seq,1_262,tid,8,k,90,lt,FALSE,pos,2,hw,2,i,136,ph,2_547,d,5_707,e,99,st,SPIN_UP,flt,FALSE,up,TRUE,ig,0,o_pos,0,o_hw,0,o_i,NA,o_up,FALSE,why,NO_COG
[2026-09-15T13:56:17.462] Cog0  BM-TS,seq,1_263,tid,8,k,91,lt,FALSE,pos,2,hw,2,i,161,ph,2_502,d,6_059,e,106,st,SPIN_UP,flt,FALSE,up,TRUE,ig,0,o_pos,0,o_hw,0,o_i,NA,o_up,FALSE,why,NO_COG
[2026-09-15T13:56:17.464] Cog0  BM-TS,seq,1_264,tid,8,k,92,lt,FALSE,pos,2,hw,2,i,188,ph,2_465,d,6_411,e,113,st,SPIN_UP,flt,FALSE,up,TRUE,ig,0,o_pos,0,o_hw,0,o_i,NA,o_up,FALSE,why,NO_COG
[2026-09-15T13:56:17.466] Cog0  BM-TS,seq,1_265,tid,8,k,93,lt,FALSE,pos,2,hw,2,i,219,ph,2_409,d,6_842,e,120,st,SPIN_UP,flt,FALSE,up,TRUE,ig,0,o_pos,0,o_hw,0,o_i,NA,o_up,FALSE,why,NO_COG
[2026-09-15T13:56:17.468] Cog0  BM-TS,seq,1_266,tid,8,k,94,lt,FALSE,pos,2,hw,2,i,12,ph,24,d,7_282,e,127,st,FAULTED,flt,TRUE,up,TRUE,ig,0,o_pos,0,o_hw,0,o_i,NA,o_up,FALSE,why,NO_COG
[2026-09-15T13:56:17.469] Cog0  BM-TS,seq,1_267,tid,8,k,95,lt,FALSE,pos,2,hw,2,i,12,ph,20,d,7_722,e,-122,st,FAULTED,flt,TRUE,up,TRUE,ig,0,o_pos,0,o_hw,0,o_i,NA,o_up,FALSE,why,NO_COG
[2026-09-15T13:56:17.472] Cog0  BM-TS,seq,1_268,tid,8,k,96,lt,FALSE,pos,2,hw,2,i,11,ph,20,d,8_162,e,-116,st,FAULTED,flt,TRUE,up,TRUE,ig,0,o_pos,0,o_hw,0,o_i,NA,o_up,FALSE,why,NO_COG
[2026-09-15T13:56:17.474] Cog0  BM-TS,seq,1_269,tid,8,k,97,lt,FALSE,pos,2,hw,2,i,10,ph,18,d,8_539,e,-109,st,FAULTED,flt,TRUE,up,TRUE,ig,0,o_pos,0,o_hw,0,o_i,NA,o_up,FALSE,why,NO_COG
[2026-09-15T13:56:17.489] Cog0  BM-TRACE-END,seq,1_270,tid,8,stored,98,emitted,98,ksum,4_753,mark_k,4,late,0,skipped,0,lost_head,0,dropped,0,end,FAULT,rest_k,NA,ig_sum,0,o_ig_sum,0,hw_skip,0,stride,1,why,NOT_REACHED
[2026-09-15T13:56:17.526] Cog0  BM-RECOVER,seq,1_271,seg,FAULTB,tid,8,motor,LEFT,incre,110_250_000,off_neg,43,off_pos,317,step,RESET,cleared,TRUE,ms,30,st,STOPPED,flt,FALSE,why,NONE
[2026-09-15T13:56:27.537] Cog0  BM-FBTRIAL,seq,1_272,tid,8,motor,LEFT,trial,3,ramp_inc,500,incre,110_250_000,off_neg,43,off_pos,317,result,FAULT,t_ms,186,i_pk,219,duty_pk,8_539,duty_max,24_264,dsat,FALSE,rst,RESET,rst_ms,31,why,NONE
[2026-09-15T13:56:27.654] Cog0  BM-RAMPREST,seq,1_273,motor,LEFT,min,1_500,max,200_000,inc,22,down,50_000,ok,TRUE,why,NONE
[2026-09-15T13:56:27.664] Cog0  BM-TRACE,seq,1_274,tid,9,seg,FAULTB,life,4,motor,LEFT,cause,RAMP,incre,110_250_000,off_neg,43,off_pos,317,req_mode,FLOAT,ramp_inc,2_000,period_us,2_000,decim,1,pre,50,why,NONE
[2026-09-15T13:56:27.666] Cog0  BM-TS,seq,1_275,tid,9,k,0,lt,FALSE,pos,0,hw,0,i,10,ph,20,d,1_600,e,12,st,STOPPED,flt,FALSE,up,TRUE,ig,0,o_pos,0,o_hw,0,o_i,NA,o_up,FALSE,why,NO_COG
[2026-09-15T13:56:27.667] Cog0  BM-TS,seq,1_276,tid,9,k,1,lt,FALSE,pos,0,hw,0,i,10,ph,19,d,1_600,e,12,st,STOPPED,flt,FALSE,up,TRUE,ig,0,o_pos,0,o_hw,0,o_i,NA,o_up,FALSE,why,NO_COG
[2026-09-15T13:56:27.670] Cog0  BM-TS,seq,1_277,tid,9,k,2,lt,FALSE,pos,0,hw,0,i,10,ph,26,d,1_600,e,12,st,STOPPED,flt,FALSE,up,TRUE,ig,0,o_pos,0,o_hw,0,o_i,NA,o_up,FALSE,why,NO_COG
[2026-09-15T13:56:27.671] Cog0  BM-TS,seq,1_278,tid,9,k,3,lt,FALSE,pos,0,hw,0,i,9,ph,22,d,1_600,e,12,st,STOPPED,flt,FALSE,up,TRUE,ig,0,o_pos,0,o_hw,0,o_i,NA,o_up,FALSE,why,NO_COG
[2026-09-15T13:56:27.673] Cog0  BM-TS,seq,1_279,tid,9,k,4,lt,FALSE,pos,0,hw,0,i,10,ph,2_407,d,1_600,e,0,st,SPIN_UP,flt,FALSE,up,TRUE,ig,0,o_pos,0,o_hw,0,o_i,NA,o_up,FALSE,why,NO_COG
[2026-09-15T13:56:27.675] Cog0  BM-TS,seq,1_280,tid,9,k,5,lt,FALSE,pos,0,hw,0,i,15,ph,2_421,d,1_600,e,0,st,SPIN_UP,flt,FALSE,up,TRUE,ig,0,o_pos,0,o_hw,0,o_i,NA,o_up,FALSE,why,NO_COG
[2026-09-15T13:56:27.677] Cog0  BM-TS,seq,1_281,tid,9,k,6,lt,FALSE,pos,0,hw,0,i,17,ph,2_422,d,1_600,e,0,st,SPIN_UP,flt,FALSE,up,TRUE,ig,0,o_pos,0,o_hw,0,o_i,NA,o_up,FALSE,why,NO_COG
[2026-09-15T13:56:27.679] Cog0  BM-TS,seq,1_282,tid,9,k,7,lt,FALSE,pos,0,hw,0,i,19,ph,2_427,d,1_600,e,0,st,SPIN_UP,flt,FALSE,up,TRUE,ig,0,o_pos,0,o_hw,0,o_i,NA,o_up,FALSE,why,NO_COG
[2026-09-15T13:56:27.681] Cog0  BM-TS,seq,1_283,tid,9,k,8,lt,FALSE,pos,0,hw,0,i,17,ph,2_416,d,1_600,e,0,st,SPIN_UP,flt,FALSE,up,TRUE,ig,0,o_pos,0,o_hw,0,o_i,NA,o_up,FALSE,why,NO_COG
[2026-09-15T13:56:27.683] Cog0  BM-TS,seq,1_284,tid,9,k,9,lt,FALSE,pos,0,hw,0,i,17,ph,2_425,d,1_600,e,0,st,SPIN_UP,flt,FALSE,up,TRUE,ig,0,o_pos,0,o_hw,0,o_i,NA,o_up,FALSE,why,NO_COG
[2026-09-15T13:56:27.685] Cog0  BM-TS,seq,1_285,tid,9,k,10,lt,FALSE,pos,0,hw,0,i,20,ph,2_421,d,1_600,e,0,st,SPIN_UP,flt,FALSE,up,TRUE,ig,0,o_pos,0,o_hw,0,o_i,NA,o_up,FALSE,why,NO_COG
[2026-09-15T13:56:27.686] Cog0  BM-TS,seq,1_286,tid,9,k,11,lt,FALSE,pos,0,hw,0,i,21,ph,2_428,d,1_600,e,0,st,SPIN_UP,flt,FALSE,up,TRUE,ig,0,o_pos,0,o_hw,0,o_i,NA,o_up,FALSE,why,NO_COG
[2026-09-15T13:56:27.688] Cog0  BM-TS,seq,1_287,tid,9,k,12,lt,FALSE,pos,0,hw,0,i,17,ph,2_419,d,1_600,e,0,st,SPIN_UP,flt,FALSE,up,TRUE,ig,0,o_pos,0,o_hw,0,o_i,NA,o_up,FALSE,why,NO_COG
[2026-09-15T13:56:27.690] Cog0  BM-TS,seq,1_288,tid,9,k,13,lt,FALSE,pos,0,hw,0,i,19,ph,2_421,d,1_600,e,0,st,SPIN_UP,flt,FALSE,up,TRUE,ig,0,o_pos,0,o_hw,0,o_i,NA,o_up,FALSE,why,NO_COG
[2026-09-15T13:56:27.692] Cog0  BM-TS,seq,1_289,tid,9,k,14,lt,FALSE,pos,0,hw,0,i,17,ph,2_427,d,1_600,e,1,st,SPIN_UP,flt,FALSE,up,TRUE,ig,0,o_pos,0,o_hw,0,o_i,NA,o_up,FALSE,why,NO_COG
[2026-09-15T13:56:27.693] Cog0  BM-TS,seq,1_290,tid,9,k,15,lt,FALSE,pos,0,hw,0,i,18,ph,2_418,d,1_600,e,1,st,SPIN_UP,flt,FALSE,up,TRUE,ig,0,o_pos,0,o_hw,0,o_i,NA,o_up,FALSE,why,NO_COG
[2026-09-15T13:56:27.696] Cog0  BM-TS,seq,1_291,tid,9,k,16,lt,FALSE,pos,0,hw,0,i,17,ph,2_421,d,1_600,e,2,st,SPIN_UP,flt,FALSE,up,TRUE,ig,0,o_pos,0,o_hw,0,o_i,NA,o_up,FALSE,why,NO_COG
[2026-09-15T13:56:27.698] Cog0  BM-TS,seq,1_292,tid,9,k,17,lt,FALSE,pos,0,hw,0,i,19,ph,2_420,d,1_600,e,2,st,SPIN_UP,flt,FALSE,up,TRUE,ig,0,o_pos,0,o_hw,0,o_i,NA,o_up,FALSE,why,NO_COG
[2026-09-15T13:56:27.700] Cog0  BM-TS,seq,1_293,tid,9,k,18,lt,FALSE,pos,0,hw,0,i,17,ph,2_419,d,1_600,e,3,st,SPIN_UP,flt,FALSE,up,TRUE,ig,0,o_pos,0,o_hw,0,o_i,NA,o_up,FALSE,why,NO_COG
[2026-09-15T13:56:27.702] Cog0  BM-TS,seq,1_294,tid,9,k,19,lt,FALSE,pos,0,hw,0,i,18,ph,2_412,d,1_600,e,4,st,SPIN_UP,flt,FALSE,up,TRUE,ig,0,o_pos,0,o_hw,0,o_i,NA,o_up,FALSE,why,NO_COG
[2026-09-15T13:56:27.704] Cog0  BM-TS,seq,1_295,tid,9,k,20,lt,FALSE,pos,0,hw,0,i,17,ph,2_417,d,1_600,e,4,st,SPIN_UP,flt,FALSE,up,TRUE,ig,0,o_pos,0,o_hw,0,o_i,NA,o_up,FALSE,why,NO_COG
[2026-09-15T13:56:27.706] Cog0  BM-TS,seq,1_296,tid,9,k,21,lt,FALSE,pos,0,hw,0,i,18,ph,2_413,d,1_600,e,5,st,SPIN_UP,flt,FALSE,up,TRUE,ig,0,o_pos,0,o_hw,0,o_i,NA,o_up,FALSE,why,NO_COG
[2026-09-15T13:56:27.707] Cog0  BM-TS,seq,1_297,tid,9,k,22,lt,FALSE,pos,0,hw,0,i,19,ph,2_422,d,1_600,e,7,st,SPIN_UP,flt,FALSE,up,TRUE,ig,0,o_pos,0,o_hw,0,o_i,NA,o_up,FALSE,why,NO_COG
[2026-09-15T13:56:27.709] Cog0  BM-TS,seq,1_298,tid,9,k,23,lt,FALSE,pos,0,hw,0,i,17,ph,2_407,d,1_600,e,7,st,SPIN_UP,flt,FALSE,up,TRUE,ig,0,o_pos,0,o_hw,0,o_i,NA,o_up,FALSE,why,NO_COG
[2026-09-15T13:56:27.711] Cog0  BM-TS,seq,1_299,tid,9,k,24,lt,FALSE,pos,0,hw,0,i,15,ph,2_409,d,1_600,e,9,st,SPIN_UP,flt,FALSE,up,TRUE,ig,0,o_pos,0,o_hw,0,o_i,NA,o_up,FALSE,why,NO_COG
[2026-09-15T13:56:27.713] Cog0  BM-TS,seq,1_300,tid,9,k,25,lt,FALSE,pos,0,hw,0,i,17,ph,2_408,d,1_600,e,10,st,SPIN_UP,flt,FALSE,up,TRUE,ig,0,o_pos,0,o_hw,0,o_i,NA,o_up,FALSE,why,NO_COG
[2026-09-15T13:56:27.715] Cog0  BM-TS,seq,1_301,tid,9,k,26,lt,FALSE,pos,0,hw,0,i,17,ph,2_415,d,1_600,e,12,st,SPIN_UP,flt,FALSE,up,TRUE,ig,0,o_pos,0,o_hw,0,o_i,NA,o_up,FALSE,why,NO_COG
[2026-09-15T13:56:27.717] Cog0  BM-TS,seq,1_302,tid,9,k,27,lt,FALSE,pos,0,hw,0,i,16,ph,2_413,d,1_600,e,14,st,SPIN_UP,flt,FALSE,up,TRUE,ig,0,o_pos,0,o_hw,0,o_i,NA,o_up,FALSE,why,NO_COG
[2026-09-15T13:56:27.719] Cog0  BM-TS,seq,1_303,tid,9,k,28,lt,FALSE,pos,0,hw,0,i,16,ph,2_419,d,1_600,e,16,st,SPIN_UP,flt,FALSE,up,TRUE,ig,0,o_pos,0,o_hw,0,o_i,NA,o_up,FALSE,why,NO_COG
[2026-09-15T13:56:27.721] Cog0  BM-TS,seq,1_304,tid,9,k,29,lt,FALSE,pos,0,hw,0,i,15,ph,2_426,d,1_600,e,17,st,SPIN_UP,flt,FALSE,up,TRUE,ig,0,o_pos,0,o_hw,0,o_i,NA,o_up,FALSE,why,NO_COG
[2026-09-15T13:56:27.723] Cog0  BM-TS,seq,1_305,tid,9,k,30,lt,FALSE,pos,0,hw,0,i,15,ph,2_421,d,1_600,e,20,st,SPIN_UP,flt,FALSE,up,TRUE,ig,0,o_pos,0,o_hw,0,o_i,NA,o_up,FALSE,why,NO_COG
[2026-09-15T13:56:27.725] Cog0  BM-TS,seq,1_306,tid,9,k,31,lt,FALSE,pos,0,hw,0,i,15,ph,2_429,d,1_600,e,22,st,SPIN_UP,flt,FALSE,up,TRUE,ig,0,o_pos,0,o_hw,0,o_i,NA,o_up,FALSE,why,NO_COG
[2026-09-15T13:56:27.727] Cog0  BM-TS,seq,1_307,tid,9,k,32,lt,FALSE,pos,0,hw,0,i,14,ph,2_432,d,1_600,e,25,st,SPIN_UP,flt,FALSE,up,TRUE,ig,0,o_pos,0,o_hw,0,o_i,NA,o_up,FALSE,why,NO_COG
[2026-09-15T13:56:27.729] Cog0  BM-TS,seq,1_308,tid,9,k,33,lt,FALSE,pos,0,hw,0,i,18,ph,2_454,d,1_600,e,28,st,SPIN_UP,flt,FALSE,up,TRUE,ig,0,o_pos,0,o_hw,0,o_i,NA,o_up,FALSE,why,NO_COG
[2026-09-15T13:56:27.730] Cog0  BM-TS,seq,1_309,tid,9,k,34,lt,FALSE,pos,0,hw,0,i,17,ph,2_437,d,1_600,e,30,st,SPIN_UP,flt,FALSE,up,TRUE,ig,0,o_pos,0,o_hw,0,o_i,NA,o_up,FALSE,why,NO_COG
[2026-09-15T13:56:27.733] Cog0  BM-TS,seq,1_310,tid,9,k,35,lt,FALSE,pos,0,hw,0,i,17,ph,2_452,d,1_600,e,33,st,SPIN_UP,flt,FALSE,up,TRUE,ig,0,o_pos,0,o_hw,0,o_i,NA,o_up,FALSE,why,NO_COG
[2026-09-15T13:56:27.734] Cog0  BM-TS,seq,1_311,tid,9,k,36,lt,FALSE,pos,0,hw,0,i,16,ph,2_455,d,1_600,e,37,st,SPIN_UP,flt,FALSE,up,TRUE,ig,0,o_pos,0,o_hw,0,o_i,NA,o_up,FALSE,why,NO_COG
[2026-09-15T13:56:27.736] Cog0  BM-TS,seq,1_312,tid,9,k,37,lt,FALSE,pos,0,hw,0,i,15,ph,2_462,d,1_600,e,40,st,SPIN_UP,flt,FALSE,up,TRUE,ig,0,o_pos,0,o_hw,0,o_i,NA,o_up,FALSE,why,NO_COG
[2026-09-15T13:56:27.738] Cog0  BM-TS,seq,1_313,tid,9,k,38,lt,FALSE,pos,0,hw,0,i,14,ph,2_458,d,1_600,e,44,st,SPIN_UP,flt,FALSE,up,TRUE,ig,0,o_pos,0,o_hw,0,o_i,NA,o_up,FALSE,why,NO_COG
[2026-09-15T13:56:27.740] Cog0  BM-TS,seq,1_314,tid,9,k,39,lt,FALSE,pos,0,hw,0,i,13,ph,2_468,d,1_600,e,48,st,SPIN_UP,flt,FALSE,up,TRUE,ig,0,o_pos,0,o_hw,0,o_i,NA,o_up,FALSE,why,NO_COG
[2026-09-15T13:56:27.742] Cog0  BM-TS,seq,1_315,tid,9,k,40,lt,FALSE,pos,0,hw,0,i,15,ph,2_476,d,1_600,e,51,st,SPIN_UP,flt,FALSE,up,TRUE,ig,0,o_pos,0,o_hw,0,o_i,NA,o_up,FALSE,why,NO_COG
[2026-09-15T13:56:27.744] Cog0  BM-TS,seq,1_316,tid,9,k,41,lt,FALSE,pos,0,hw,0,i,14,ph,2_466,d,1_600,e,56,st,SPIN_UP,flt,FALSE,up,TRUE,ig,0,o_pos,0,o_hw,0,o_i,NA,o_up,FALSE,why,NO_COG
[2026-09-15T13:56:27.746] Cog0  BM-TS,seq,1_317,tid,9,k,42,lt,FALSE,pos,0,hw,0,i,13,ph,2_441,d,1_683,e,60,st,SPIN_UP,flt,FALSE,up,TRUE,ig,0,o_pos,0,o_hw,0,o_i,NA,o_up,FALSE,why,NO_COG
[2026-09-15T13:56:27.748] Cog0  BM-TS,seq,1_318,tid,9,k,43,lt,FALSE,pos,0,hw,0,i,13,ph,2_445,d,1_771,e,65,st,SPIN_UP,flt,FALSE,up,TRUE,ig,0,o_pos,0,o_hw,0,o_i,NA,o_up,FALSE,why,NO_COG
[2026-09-15T13:56:27.750] Cog0  BM-TS,seq,1_319,tid,9,k,44,lt,FALSE,pos,0,hw,0,i,15,ph,2_441,d,1_859,e,70,st,SPIN_UP,flt,FALSE,up,TRUE,ig,0,o_pos,0,o_hw,0,o_i,NA,o_up,FALSE,why,NO_COG
[2026-09-15T13:56:27.752] Cog0  BM-TS,seq,1_320,tid,9,k,45,lt,FALSE,pos,0,hw,0,i,15,ph,2_436,d,2_018,e,75,st,SPIN_UP,flt,FALSE,up,TRUE,ig,0,o_pos,0,o_hw,0,o_i,NA,o_up,FALSE,why,NO_COG
[2026-09-15T13:56:27.754] Cog0  BM-TS,seq,1_321,tid,9,k,46,lt,FALSE,pos,0,hw,0,i,15,ph,2_408,d,2_194,e,79,st,SPIN_UP,flt,FALSE,up,TRUE,ig,0,o_pos,0,o_hw,0,o_i,NA,o_up,FALSE,why,NO_COG
[2026-09-15T13:56:27.755] Cog0  BM-TS,seq,1_322,tid,9,k,47,lt,FALSE,pos,0,hw,0,i,16,ph,2_407,d,2_370,e,84,st,SPIN_UP,flt,FALSE,up,TRUE,ig,0,o_pos,0,o_hw,0,o_i,NA,o_up,FALSE,why,NO_COG
[2026-09-15T13:56:27.757] Cog0  BM-TS,seq,1_323,tid,9,k,48,lt,FALSE,pos,0,hw,0,i,17,ph,2_392,d,2_628,e,90,st,SPIN_UP,flt,FALSE,up,TRUE,ig,0,o_pos,0,o_hw,0,o_i,NA,o_up,FALSE,why,NO_COG
[2026-09-15T13:56:27.760] Cog0  BM-TS,seq,1_324,tid,9,k,49,lt,FALSE,pos,0,hw,0,i,20,ph,2_383,d,2_892,e,96,st,SPIN_UP,flt,FALSE,up,TRUE,ig,0,o_pos,0,o_hw,0,o_i,NA,o_up,FALSE,why,NO_COG
[2026-09-15T13:56:27.761] Cog0  BM-TS,seq,1_325,tid,9,k,50,lt,FALSE,pos,0,hw,0,i,27,ph,2_382,d,3_207,e,102,st,SPIN_UP,flt,FALSE,up,TRUE,ig,0,o_pos,0,o_hw,0,o_i,NA,o_up,FALSE,why,NO_COG
[2026-09-15T13:56:27.763] Cog0  BM-TS,seq,1_326,tid,9,k,51,lt,FALSE,pos,0,hw,0,i,33,ph,2_392,d,3_559,e,108,st,SPIN_UP,flt,FALSE,up,TRUE,ig,0,o_pos,0,o_hw,0,o_i,NA,o_up,FALSE,why,NO_COG
[2026-09-15T13:56:27.765] Cog0  BM-TS,seq,1_327,tid,9,k,52,lt,FALSE,pos,1,hw,1,i,37,ph,2_405,d,3_680,e,70,st,SPIN_UP,flt,FALSE,up,TRUE,ig,0,o_pos,0,o_hw,0,o_i,NA,o_up,FALSE,why,NO_COG
[2026-09-15T13:56:27.767] Cog0  BM-TS,seq,1_328,tid,9,k,53,lt,FALSE,pos,1,hw,1,i,39,ph,2_428,d,3_853,e,77,st,SPIN_UP,flt,FALSE,up,TRUE,ig,0,o_pos,0,o_hw,0,o_i,NA,o_up,FALSE,why,NO_COG
[2026-09-15T13:56:27.769] Cog0  BM-TS,seq,1_329,tid,9,k,54,lt,FALSE,pos,1,hw,1,i,44,ph,2_468,d,4_029,e,83,st,SPIN_UP,flt,FALSE,up,TRUE,ig,0,o_pos,0,o_hw,0,o_i,NA,o_up,FALSE,why,NO_COG
[2026-09-15T13:56:27.771] Cog0  BM-TS,seq,1_330,tid,9,k,55,lt,FALSE,pos,1,hw,1,i,54,ph,2_504,d,4_282,e,90,st,SPIN_UP,flt,FALSE,up,TRUE,ig,0,o_pos,0,o_hw,0,o_i,NA,o_up,FALSE,why,NO_COG
[2026-09-15T13:56:27.773] Cog0  BM-TS,seq,1_331,tid,9,k,56,lt,FALSE,pos,1,hw,1,i,66,ph,2_525,d,4_546,e,97,st,SPIN_UP,flt,FALSE,up,TRUE,ig,0,o_pos,0,o_hw,0,o_i,NA,o_up,FALSE,why,NO_COG
[2026-09-15T13:56:27.775] Cog0  BM-TS,seq,1_332,tid,9,k,57,lt,FALSE,pos,1,hw,1,i,81,ph,2_504,d,4_879,e,103,st,SPIN_UP,flt,FALSE,up,TRUE,ig,0,o_pos,0,o_hw,0,o_i,NA,o_up,FALSE,why,NO_COG
[2026-09-15T13:56:27.777] Cog0  BM-TS,seq,1_333,tid,9,k,58,lt,FALSE,pos,1,hw,1,i,100,ph,2_473,d,5_231,e,110,st,SPIN_UP,flt,FALSE,up,TRUE,ig,0,o_pos,0,o_hw,0,o_i,NA,o_up,FALSE,why,NO_COG
[2026-09-15T13:56:27.779] Cog0  BM-TS,seq,1_334,tid,9,k,59,lt,FALSE,pos,1,hw,1,i,123,ph,2_432,d,5_644,e,118,st,SPIN_UP,flt,FALSE,up,TRUE,ig,0,o_pos,0,o_hw,0,o_i,NA,o_up,FALSE,why,NO_COG
[2026-09-15T13:56:27.781] Cog0  BM-TS,seq,1_335,tid,9,k,60,lt,FALSE,pos,1,hw,1,i,32,ph,21,d,6_084,e,126,st,FAULTED,flt,TRUE,up,TRUE,ig,0,o_pos,0,o_hw,0,o_i,NA,o_up,FALSE,why,NO_COG
[2026-09-15T13:56:27.782] Cog0  BM-TS,seq,1_336,tid,9,k,61,lt,FALSE,pos,1,hw,1,i,9,ph,21,d,6_547,e,-123,st,FAULTED,flt,TRUE,up,TRUE,ig,0,o_pos,0,o_hw,0,o_i,NA,o_up,FALSE,why,NO_COG
[2026-09-15T13:56:27.785] Cog0  BM-TS,seq,1_337,tid,9,k,62,lt,FALSE,pos,1,hw,1,i,10,ph,18,d,6_987,e,-115,st,FAULTED,flt,TRUE,up,TRUE,ig,0,o_pos,0,o_hw,0,o_i,NA,o_up,FALSE,why,NO_COG
[2026-09-15T13:56:27.800] Cog0  BM-TRACE-END,seq,1_338,tid,9,stored,63,emitted,63,ksum,1_953,mark_k,4,late,0,skipped,0,lost_head,0,dropped,0,end,FAULT,rest_k,NA,ig_sum,0,o_ig_sum,0,hw_skip,0,stride,1,why,NOT_REACHED
[2026-09-15T13:56:27.835] Cog0  BM-RECOVER,seq,1_339,seg,FAULTB,tid,9,motor,LEFT,incre,110_250_000,off_neg,43,off_pos,317,step,RESET,cleared,TRUE,ms,30,st,STOPPED,flt,FALSE,why,NONE
[2026-09-15T13:56:37.846] Cog0  BM-FBTRIAL,seq,1_340,tid,9,motor,LEFT,trial,4,ramp_inc,2_000,incre,110_250_000,off_neg,43,off_pos,317,result,FAULT,t_ms,115,i_pk,123,duty_pk,6_987,duty_max,24_264,dsat,FALSE,rst,RESET,rst_ms,32,why,NONE
[2026-09-15T13:56:37.944] Cog0  BM-RAMPREST,seq,1_341,motor,LEFT,min,1_500,max,200_000,inc,22,down,50_000,ok,TRUE,why,NONE
[2026-09-15T13:56:37.952] Cog0  BM-TRACE,seq,1_342,tid,10,seg,FAULTB,life,4,motor,LEFT,cause,RAMP,incre,110_250_000,off_neg,43,off_pos,317,req_mode,FLOAT,ramp_inc,10_000,period_us,2_000,decim,1,pre,50,why,NONE
[2026-09-15T13:56:37.954] Cog0  BM-TS,seq,1_343,tid,10,k,0,lt,FALSE,pos,0,hw,0,i,12,ph,20,d,16_126,e,-55,st,STOPPED,flt,FALSE,up,TRUE,ig,0,o_pos,0,o_hw,0,o_i,NA,o_up,FALSE,why,NO_COG
[2026-09-15T13:56:37.956] Cog0  BM-TS,seq,1_344,tid,10,k,1,lt,FALSE,pos,0,hw,0,i,11,ph,21,d,16_126,e,-55,st,STOPPED,flt,FALSE,up,TRUE,ig,0,o_pos,0,o_hw,0,o_i,NA,o_up,FALSE,why,NO_COG
[2026-09-15T13:56:37.958] Cog0  BM-TS,seq,1_345,tid,10,k,2,lt,FALSE,pos,0,hw,0,i,10,ph,23,d,16_126,e,-55,st,STOPPED,flt,FALSE,up,TRUE,ig,0,o_pos,0,o_hw,0,o_i,NA,o_up,FALSE,why,NO_COG
[2026-09-15T13:56:37.960] Cog0  BM-TS,seq,1_346,tid,10,k,3,lt,FALSE,pos,0,hw,0,i,8,ph,22,d,16_126,e,-55,st,STOPPED,flt,FALSE,up,TRUE,ig,0,o_pos,0,o_hw,0,o_i,NA,o_up,FALSE,why,NO_COG
[2026-09-15T13:56:37.962] Cog0  BM-TS,seq,1_347,tid,10,k,4,lt,FALSE,pos,0,hw,0,i,11,ph,2_414,d,1_600,e,0,st,SPIN_UP,flt,FALSE,up,TRUE,ig,0,o_pos,0,o_hw,0,o_i,NA,o_up,FALSE,why,NO_COG
[2026-09-15T13:56:37.963] Cog0  BM-TS,seq,1_348,tid,10,k,5,lt,FALSE,pos,0,hw,0,i,17,ph,2_419,d,1_600,e,0,st,SPIN_UP,flt,FALSE,up,TRUE,ig,0,o_pos,0,o_hw,0,o_i,NA,o_up,FALSE,why,NO_COG
[2026-09-15T13:56:37.965] Cog0  BM-TS,seq,1_349,tid,10,k,6,lt,FALSE,pos,0,hw,0,i,20,ph,2_423,d,1_600,e,0,st,SPIN_UP,flt,FALSE,up,TRUE,ig,0,o_pos,0,o_hw,0,o_i,NA,o_up,FALSE,why,NO_COG
[2026-09-15T13:56:37.967] Cog0  BM-TS,seq,1_350,tid,10,k,7,lt,FALSE,pos,0,hw,0,i,17,ph,2_415,d,1_600,e,0,st,SPIN_UP,flt,FALSE,up,TRUE,ig,0,o_pos,0,o_hw,0,o_i,NA,o_up,FALSE,why,NO_COG
[2026-09-15T13:56:37.969] Cog0  BM-TS,seq,1_351,tid,10,k,8,lt,FALSE,pos,0,hw,0,i,19,ph,2_428,d,1_600,e,0,st,SPIN_UP,flt,FALSE,up,TRUE,ig,0,o_pos,0,o_hw,0,o_i,NA,o_up,FALSE,why,NO_COG
[2026-09-15T13:56:37.971] Cog0  BM-TS,seq,1_352,tid,10,k,9,lt,FALSE,pos,0,hw,0,i,18,ph,2_426,d,1_600,e,0,st,SPIN_UP,flt,FALSE,up,TRUE,ig,0,o_pos,0,o_hw,0,o_i,NA,o_up,FALSE,why,NO_COG
[2026-09-15T13:56:37.973] Cog0  BM-TS,seq,1_353,tid,10,k,10,lt,FALSE,pos,0,hw,0,i,17,ph,2_411,d,1_600,e,1,st,SPIN_UP,flt,FALSE,up,TRUE,ig,0,o_pos,0,o_hw,0,o_i,NA,o_up,FALSE,why,NO_COG
[2026-09-15T13:56:37.975] Cog0  BM-TS,seq,1_354,tid,10,k,11,lt,FALSE,pos,0,hw,0,i,17,ph,2_418,d,1_600,e,2,st,SPIN_UP,flt,FALSE,up,TRUE,ig,0,o_pos,0,o_hw,0,o_i,NA,o_up,FALSE,why,NO_COG
[2026-09-15T13:56:37.977] Cog0  BM-TS,seq,1_355,tid,10,k,12,lt,FALSE,pos,0,hw,0,i,17,ph,2_419,d,1_600,e,3,st,SPIN_UP,flt,FALSE,up,TRUE,ig,0,o_pos,0,o_hw,0,o_i,NA,o_up,FALSE,why,NO_COG
[2026-09-15T13:56:37.979] Cog0  BM-TS,seq,1_356,tid,10,k,13,lt,FALSE,pos,0,hw,0,i,18,ph,2_405,d,1_600,e,4,st,SPIN_UP,flt,FALSE,up,TRUE,ig,0,o_pos,0,o_hw,0,o_i,NA,o_up,FALSE,why,NO_COG
[2026-09-15T13:56:37.981] Cog0  BM-TS,seq,1_357,tid,10,k,14,lt,FALSE,pos,0,hw,0,i,18,ph,2_414,d,1_600,e,5,st,SPIN_UP,flt,FALSE,up,TRUE,ig,0,o_pos,0,o_hw,0,o_i,NA,o_up,FALSE,why,NO_COG
[2026-09-15T13:56:37.983] Cog0  BM-TS,seq,1_358,tid,10,k,15,lt,FALSE,pos,0,hw,0,i,18,ph,2_413,d,1_600,e,6,st,SPIN_UP,flt,FALSE,up,TRUE,ig,0,o_pos,0,o_hw,0,o_i,NA,o_up,FALSE,why,NO_COG
[2026-09-15T13:56:37.984] Cog0  BM-TS,seq,1_359,tid,10,k,16,lt,FALSE,pos,0,hw,0,i,18,ph,2_410,d,1_600,e,8,st,SPIN_UP,flt,FALSE,up,TRUE,ig,0,o_pos,0,o_hw,0,o_i,NA,o_up,FALSE,why,NO_COG
[2026-09-15T13:56:37.987] Cog0  BM-TS,seq,1_360,tid,10,k,17,lt,FALSE,pos,0,hw,0,i,18,ph,2_408,d,1_600,e,10,st,SPIN_UP,flt,FALSE,up,TRUE,ig,0,o_pos,0,o_hw,0,o_i,NA,o_up,FALSE,why,NO_COG
[2026-09-15T13:56:37.989] Cog0  BM-TS,seq,1_361,tid,10,k,18,lt,FALSE,pos,0,hw,0,i,19,ph,2_420,d,1_600,e,12,st,SPIN_UP,flt,FALSE,up,TRUE,ig,0,o_pos,0,o_hw,0,o_i,NA,o_up,FALSE,why,NO_COG
[2026-09-15T13:56:37.990] Cog0  BM-TS,seq,1_362,tid,10,k,19,lt,FALSE,pos,0,hw,0,i,18,ph,2_425,d,1_600,e,14,st,SPIN_UP,flt,FALSE,up,TRUE,ig,0,o_pos,0,o_hw,0,o_i,NA,o_up,FALSE,why,NO_COG
[2026-09-15T13:56:37.993] Cog0  BM-TS,seq,1_363,tid,10,k,20,lt,FALSE,pos,0,hw,0,i,17,ph,2_413,d,1_600,e,17,st,SPIN_UP,flt,FALSE,up,TRUE,ig,0,o_pos,0,o_hw,0,o_i,NA,o_up,FALSE,why,NO_COG
[2026-09-15T13:56:37.994] Cog0  BM-TS,seq,1_364,tid,10,k,21,lt,FALSE,pos,0,hw,0,i,17,ph,2_426,d,1_600,e,18,st,SPIN_UP,flt,FALSE,up,TRUE,ig,0,o_pos,0,o_hw,0,o_i,NA,o_up,FALSE,why,NO_COG
[2026-09-15T13:56:37.996] Cog0  BM-TS,seq,1_365,tid,10,k,22,lt,FALSE,pos,0,hw,0,i,17,ph,2_433,d,1_600,e,21,st,SPIN_UP,flt,FALSE,up,TRUE,ig,0,o_pos,0,o_hw,0,o_i,NA,o_up,FALSE,why,NO_COG
[2026-09-15T13:56:37.998] Cog0  BM-TS,seq,1_366,tid,10,k,23,lt,FALSE,pos,0,hw,0,i,17,ph,2_433,d,1_600,e,24,st,SPIN_UP,flt,FALSE,up,TRUE,ig,0,o_pos,0,o_hw,0,o_i,NA,o_up,FALSE,why,NO_COG
[2026-09-15T13:56:38.000] Cog0  BM-TS,seq,1_367,tid,10,k,24,lt,FALSE,pos,0,hw,0,i,17,ph,2_439,d,1_600,e,27,st,SPIN_UP,flt,FALSE,up,TRUE,ig,0,o_pos,0,o_hw,0,o_i,NA,o_up,FALSE,why,NO_COG
[2026-09-15T13:56:38.002] Cog0  BM-TS,seq,1_368,tid,10,k,25,lt,FALSE,pos,0,hw,0,i,16,ph,2_442,d,1_600,e,31,st,SPIN_UP,flt,FALSE,up,TRUE,ig,0,o_pos,0,o_hw,0,o_i,NA,o_up,FALSE,why,NO_COG
[2026-09-15T13:56:38.004] Cog0  BM-TS,seq,1_369,tid,10,k,26,lt,FALSE,pos,0,hw,0,i,17,ph,2_451,d,1_600,e,34,st,SPIN_UP,flt,FALSE,up,TRUE,ig,0,o_pos,0,o_hw,0,o_i,NA,o_up,FALSE,why,NO_COG
[2026-09-15T13:56:38.006] Cog0  BM-TS,seq,1_370,tid,10,k,27,lt,FALSE,pos,0,hw,0,i,15,ph,2_447,d,1_600,e,37,st,SPIN_UP,flt,FALSE,up,TRUE,ig,0,o_pos,0,o_hw,0,o_i,NA,o_up,FALSE,why,NO_COG
[2026-09-15T13:56:38.008] Cog0  BM-TS,seq,1_371,tid,10,k,28,lt,FALSE,pos,0,hw,0,i,14,ph,2_460,d,1_600,e,41,st,SPIN_UP,flt,FALSE,up,TRUE,ig,0,o_pos,0,o_hw,0,o_i,NA,o_up,FALSE,why,NO_COG
[2026-09-15T13:56:38.010] Cog0  BM-TS,seq,1_372,tid,10,k,29,lt,FALSE,pos,0,hw,0,i,16,ph,2_463,d,1_600,e,45,st,SPIN_UP,flt,FALSE,up,TRUE,ig,0,o_pos,0,o_hw,0,o_i,NA,o_up,FALSE,why,NO_COG
[2026-09-15T13:56:38.012] Cog0  BM-TS,seq,1_373,tid,10,k,30,lt,FALSE,pos,0,hw,0,i,13,ph,2_458,d,1_600,e,49,st,SPIN_UP,flt,FALSE,up,TRUE,ig,0,o_pos,0,o_hw,0,o_i,NA,o_up,FALSE,why,NO_COG
[2026-09-15T13:56:38.014] Cog0  BM-TS,seq,1_374,tid,10,k,31,lt,FALSE,pos,0,hw,0,i,13,ph,2_463,d,1_600,e,54,st,SPIN_UP,flt,FALSE,up,TRUE,ig,0,o_pos,0,o_hw,0,o_i,NA,o_up,FALSE,why,NO_COG
[2026-09-15T13:56:38.016] Cog0  BM-TS,seq,1_375,tid,10,k,32,lt,FALSE,pos,0,hw,0,i,14,ph,2_454,d,1_623,e,57,st,SPIN_UP,flt,FALSE,up,TRUE,ig,0,o_pos,0,o_hw,0,o_i,NA,o_up,FALSE,why,NO_COG
[2026-09-15T13:56:38.017] Cog0  BM-TS,seq,1_376,tid,10,k,33,lt,FALSE,pos,0,hw,0,i,13,ph,2_451,d,1_711,e,62,st,SPIN_UP,flt,FALSE,up,TRUE,ig,0,o_pos,0,o_hw,0,o_i,NA,o_up,FALSE,why,NO_COG
[2026-09-15T13:56:38.019] Cog0  BM-TS,seq,1_377,tid,10,k,34,lt,FALSE,pos,0,hw,0,i,14,ph,2_434,d,1_799,e,67,st,SPIN_UP,flt,FALSE,up,TRUE,ig,0,o_pos,0,o_hw,0,o_i,NA,o_up,FALSE,why,NO_COG
[2026-09-15T13:56:38.022] Cog0  BM-TS,seq,1_378,tid,10,k,35,lt,FALSE,pos,0,hw,0,i,13,ph,2_437,d,1_921,e,72,st,SPIN_UP,flt,FALSE,up,TRUE,ig,0,o_pos,0,o_hw,0,o_i,NA,o_up,FALSE,why,NO_COG
[2026-09-15T13:56:38.023] Cog0  BM-TS,seq,1_379,tid,10,k,36,lt,FALSE,pos,0,hw,0,i,16,ph,2_426,d,2_097,e,77,st,SPIN_UP,flt,FALSE,up,TRUE,ig,0,o_pos,0,o_hw,0,o_i,NA,o_up,FALSE,why,NO_COG
[2026-09-15T13:56:38.025] Cog0  BM-TS,seq,1_380,tid,10,k,37,lt,FALSE,pos,0,hw,0,i,17,ph,2_404,d,2_273,e,83,st,SPIN_UP,flt,FALSE,up,TRUE,ig,0,o_pos,0,o_hw,0,o_i,NA,o_up,FALSE,why,NO_COG
[2026-09-15T13:56:38.027] Cog0  BM-TS,seq,1_381,tid,10,k,38,lt,FALSE,pos,0,hw,0,i,21,ph,2_407,d,2_494,e,87,st,SPIN_UP,flt,FALSE,up,TRUE,ig,0,o_pos,0,o_hw,0,o_i,NA,o_up,FALSE,why,NO_COG
[2026-09-15T13:56:38.029] Cog0  BM-TS,seq,1_382,tid,10,k,39,lt,FALSE,pos,0,hw,0,i,21,ph,2_377,d,2_758,e,93,st,SPIN_UP,flt,FALSE,up,TRUE,ig,0,o_pos,0,o_hw,0,o_i,NA,o_up,FALSE,why,NO_COG
[2026-09-15T13:56:38.031] Cog0  BM-TS,seq,1_383,tid,10,k,40,lt,FALSE,pos,0,hw,0,i,28,ph,2_377,d,3_036,e,99,st,SPIN_UP,flt,FALSE,up,TRUE,ig,0,o_pos,0,o_hw,0,o_i,NA,o_up,FALSE,why,NO_COG
[2026-09-15T13:56:38.033] Cog0  BM-TS,seq,1_384,tid,10,k,41,lt,FALSE,pos,0,hw,0,i,34,ph,2_383,d,3_388,e,105,st,SPIN_UP,flt,FALSE,up,TRUE,ig,0,o_pos,0,o_hw,0,o_i,NA,o_up,FALSE,why,NO_COG
[2026-09-15T13:56:38.035] Cog0  BM-TS,seq,1_385,tid,10,k,42,lt,FALSE,pos,0,hw,0,i,43,ph,2_403,d,3_740,e,112,st,SPIN_UP,flt,FALSE,up,TRUE,ig,0,o_pos,0,o_hw,0,o_i,NA,o_up,FALSE,why,NO_COG
[2026-09-15T13:56:38.037] Cog0  BM-TS,seq,1_386,tid,10,k,43,lt,FALSE,pos,0,hw,0,i,54,ph,2_431,d,4_140,e,118,st,SPIN_UP,flt,FALSE,up,TRUE,ig,0,o_pos,0,o_hw,0,o_i,NA,o_up,FALSE,why,NO_COG
[2026-09-15T13:56:38.039] Cog0  BM-TS,seq,1_387,tid,10,k,44,lt,FALSE,pos,1,hw,1,i,65,ph,2_464,d,4_412,e,81,st,SPIN_UP,flt,FALSE,up,TRUE,ig,0,o_pos,0,o_hw,0,o_i,NA,o_up,FALSE,why,NO_COG
[2026-09-15T13:56:38.041] Cog0  BM-TS,seq,1_388,tid,10,k,45,lt,FALSE,pos,1,hw,1,i,77,ph,2_495,d,4_628,e,88,st,SPIN_UP,flt,FALSE,up,TRUE,ig,0,o_pos,0,o_hw,0,o_i,NA,o_up,FALSE,why,NO_COG
[2026-09-15T13:56:38.043] Cog0  BM-TS,seq,1_389,tid,10,k,46,lt,FALSE,pos,1,hw,1,i,93,ph,2_537,d,4_892,e,95,st,SPIN_UP,flt,FALSE,up,TRUE,ig,0,o_pos,0,o_hw,0,o_i,NA,o_up,FALSE,why,NO_COG
[2026-09-15T13:56:38.045] Cog0  BM-TS,seq,1_390,tid,10,k,47,lt,FALSE,pos,1,hw,1,i,112,ph,2_512,d,5_211,e,102,st,SPIN_UP,flt,FALSE,up,TRUE,ig,0,o_pos,0,o_hw,0,o_i,NA,o_up,FALSE,why,NO_COG
[2026-09-15T13:56:38.047] Cog0  BM-TS,seq,1_391,tid,10,k,48,lt,FALSE,pos,1,hw,1,i,136,ph,2_482,d,5_563,e,110,st,SPIN_UP,flt,FALSE,up,TRUE,ig,0,o_pos,0,o_hw,0,o_i,NA,o_up,FALSE,why,NO_COG
[2026-09-15T13:56:38.049] Cog0  BM-TS,seq,1_392,tid,10,k,49,lt,FALSE,pos,1,hw,1,i,162,ph,2_444,d,5_962,e,118,st,SPIN_UP,flt,FALSE,up,TRUE,ig,0,o_pos,0,o_hw,0,o_i,NA,o_up,FALSE,why,NO_COG
[2026-09-15T13:56:38.050] Cog0  BM-TS,seq,1_393,tid,10,k,50,lt,FALSE,pos,1,hw,1,i,200,ph,2_395,d,6_402,e,124,st,SPIN_UP,flt,FALSE,up,TRUE,ig,0,o_pos,0,o_hw,0,o_i,NA,o_up,FALSE,why,NO_COG
[2026-09-15T13:56:38.053] Cog0  BM-TS,seq,1_394,tid,10,k,51,lt,FALSE,pos,1,hw,1,i,12,ph,27,d,6_865,e,-124,st,FAULTED,flt,TRUE,up,TRUE,ig,0,o_pos,0,o_hw,0,o_i,NA,o_up,FALSE,why,NO_COG
[2026-09-15T13:56:38.053] Cog0  BM-TS,seq,1_395,tid,10,k,52,lt,FALSE,pos,1,hw,1,i,12,ph,24,d,7_305,e,-116,st,FAULTED,flt,TRUE,up,TRUE,ig,0,o_pos,0,o_hw,0,o_i,NA,o_up,FALSE,why,NO_COG
[2026-09-15T13:56:38.071] Cog0  BM-TRACE-END,seq,1_396,tid,10,stored,53,emitted,53,ksum,1_378,mark_k,4,late,0,skipped,0,lost_head,0,dropped,0,end,FAULT,rest_k,NA,ig_sum,0,o_ig_sum,0,hw_skip,0,stride,1,why,NOT_REACHED
[2026-09-15T13:56:38.105] Cog0  BM-RECOVER,seq,1_397,seg,FAULTB,tid,10,motor,LEFT,incre,110_250_000,off_neg,43,off_pos,317,step,RESET,cleared,TRUE,ms,30,st,STOPPED,flt,FALSE,why,NONE
[2026-09-15T13:56:48.112] Cog0  BM-FBTRIAL,seq,1_398,tid,10,motor,LEFT,trial,5,ramp_inc,10_000,incre,110_250_000,off_neg,43,off_pos,317,result,FAULT,t_ms,96,i_pk,200,duty_pk,16_126,duty_max,24_264,dsat,FALSE,rst,RESET,rst_ms,32,why,NONE
[2026-09-15T13:56:48.128] Cog3  INIT $0000_A582 $0003_2A1F load
[2026-09-15T13:56:49.202] Cog0  BM-START,seq,1_399,seg,FAULTB,motor,RIGHT,life,5,cog_ret,3,cog_ok,TRUE,board,REV_B,board_enum,22,ready,TRUE,ready_ms,5,off_neg,43,off_pos,317,missed,0,illegal,0,zero_x10,8,ph_x10,141,why,NONE
[2026-09-15T13:56:51.331] Cog0  BM-RAMPREST,seq,1_400,motor,RIGHT,min,1_500,max,200_000,inc,22,down,50_000,ok,TRUE,why,NONE
[2026-09-15T13:56:51.348] Cog0  BM-TRACE,seq,1_401,tid,11,seg,FAULTB,life,5,motor,RIGHT,cause,RAMP,incre,-110_250_000,off_neg,43,off_pos,317,req_mode,FLOAT,ramp_inc,22,period_us,2_000,decim,1,pre,50,why,NONE
[2026-09-15T13:56:51.611] Cog0  BM-TS,seq,1_402,tid,11,k,0,lt,FALSE,pos,0,hw,0,i,0,ph,15,d,1_600,e,30,st,STOPPED,flt,FALSE,up,TRUE,ig,0,o_pos,0,o_hw,0,o_i,NA,o_up,FALSE,why,NO_COG
[2026-09-15T13:56:51.613] Cog0  BM-TS,seq,1_403,tid,11,k,1,lt,FALSE,pos,0,hw,0,i,-1,ph,15,d,1_600,e,30,st,STOPPED,flt,FALSE,up,TRUE,ig,0,o_pos,0,o_hw,0,o_i,NA,o_up,FALSE,why,NO_COG
[2026-09-15T13:56:51.614] Cog0  BM-TS,seq,1_404,tid,11,k,2,lt,FALSE,pos,0,hw,0,i,0,ph,17,d,1_600,e,30,st,STOPPED,flt,FALSE,up,TRUE,ig,0,o_pos,0,o_hw,0,o_i,NA,o_up,FALSE,why,NO_COG
[2026-09-15T13:56:51.616] Cog0  BM-TS,seq,1_405,tid,11,k,3,lt,FALSE,pos,0,hw,0,i,0,ph,22,d,1_600,e,30,st,STOPPED,flt,FALSE,up,TRUE,ig,0,o_pos,0,o_hw,0,o_i,NA,o_up,FALSE,why,NO_COG
[2026-09-15T13:56:51.618] Cog0  BM-TS,seq,1_406,tid,11,k,4,lt,FALSE,pos,0,hw,0,i,-1,ph,14,d,1_600,e,30,st,STOPPED,flt,FALSE,up,TRUE,ig,0,o_pos,0,o_hw,0,o_i,NA,o_up,FALSE,why,NO_COG
[2026-09-15T13:56:51.620] Cog0  BM-TS,seq,1_407,tid,11,k,5,lt,FALSE,pos,0,hw,0,i,7,ph,2_388,d,1_600,e,-1,st,SPIN_UP,flt,FALSE,up,TRUE,ig,0,o_pos,0,o_hw,0,o_i,NA,o_up,FALSE,why,NO_COG
[2026-09-15T13:56:51.622] Cog0  BM-TS,seq,1_408,tid,11,k,6,lt,FALSE,pos,0,hw,0,i,8,ph,2_384,d,1_600,e,-1,st,SPIN_UP,flt,FALSE,up,TRUE,ig,0,o_pos,0,o_hw,0,o_i,NA,o_up,FALSE,why,NO_COG
[2026-09-15T13:56:51.624] Cog0  BM-TS,seq,1_409,tid,11,k,7,lt,FALSE,pos,0,hw,0,i,7,ph,2_395,d,1_600,e,-1,st,SPIN_UP,flt,FALSE,up,TRUE,ig,0,o_pos,0,o_hw,0,o_i,NA,o_up,FALSE,why,NO_COG
[2026-09-15T13:56:51.626] Cog0  BM-TS,seq,1_410,tid,11,k,8,lt,FALSE,pos,0,hw,0,i,8,ph,2_390,d,1_600,e,-1,st,SPIN_UP,flt,FALSE,up,TRUE,ig,0,o_pos,0,o_hw,0,o_i,NA,o_up,FALSE,why,NO_COG
[2026-09-15T13:56:51.628] Cog0  BM-TS,seq,1_411,tid,11,k,9,lt,FALSE,pos,0,hw,0,i,10,ph,2_396,d,1_600,e,-1,st,SPIN_UP,flt,FALSE,up,TRUE,ig,0,o_pos,0,o_hw,0,o_i,NA,o_up,FALSE,why,NO_COG
[2026-09-15T13:56:51.629] Cog0  BM-TS,seq,1_412,tid,11,k,10,lt,FALSE,pos,0,hw,0,i,8,ph,2_390,d,1_600,e,-1,st,SPIN_UP,flt,FALSE,up,TRUE,ig,0,o_pos,0,o_hw,0,o_i,NA,o_up,FALSE,why,NO_COG
[2026-09-15T13:56:51.632] Cog0  BM-TS,seq,1_413,tid,11,k,11,lt,FALSE,pos,0,hw,0,i,8,ph,2_382,d,1_600,e,-1,st,SPIN_UP,flt,FALSE,up,TRUE,ig,0,o_pos,0,o_hw,0,o_i,NA,o_up,FALSE,why,NO_COG
[2026-09-15T13:56:51.633] Cog0  BM-TS,seq,1_414,tid,11,k,12,lt,FALSE,pos,0,hw,0,i,8,ph,2_392,d,1_600,e,-1,st,SPIN_UP,flt,FALSE,up,TRUE,ig,0,o_pos,0,o_hw,0,o_i,NA,o_up,FALSE,why,NO_COG
[2026-09-15T13:56:51.635] Cog0  BM-TS,seq,1_415,tid,11,k,13,lt,FALSE,pos,0,hw,0,i,8,ph,2_397,d,1_600,e,-1,st,SPIN_UP,flt,FALSE,up,TRUE,ig,0,o_pos,0,o_hw,0,o_i,NA,o_up,FALSE,why,NO_COG
[2026-09-15T13:56:51.637] Cog0  BM-TS,seq,1_416,tid,11,k,14,lt,FALSE,pos,0,hw,0,i,8,ph,2_396,d,1_600,e,-1,st,SPIN_UP,flt,FALSE,up,TRUE,ig,0,o_pos,0,o_hw,0,o_i,NA,o_up,FALSE,why,NO_COG
[2026-09-15T13:56:51.639] Cog0  BM-TS,seq,1_417,tid,11,k,15,lt,FALSE,pos,0,hw,0,i,9,ph,2_394,d,1_600,e,-1,st,SPIN_UP,flt,FALSE,up,TRUE,ig,0,o_pos,0,o_hw,0,o_i,NA,o_up,FALSE,why,NO_COG
[2026-09-15T13:56:51.641] Cog0  BM-TS,seq,1_418,tid,11,k,16,lt,FALSE,pos,0,hw,0,i,8,ph,2_386,d,1_600,e,-1,st,SPIN_UP,flt,FALSE,up,TRUE,ig,0,o_pos,0,o_hw,0,o_i,NA,o_up,FALSE,why,NO_COG
[2026-09-15T13:56:51.643] Cog0  BM-TS,seq,1_419,tid,11,k,17,lt,FALSE,pos,0,hw,0,i,8,ph,2_384,d,1_600,e,-1,st,SPIN_UP,flt,FALSE,up,TRUE,ig,0,o_pos,0,o_hw,0,o_i,NA,o_up,FALSE,why,NO_COG
[2026-09-15T13:56:51.645] Cog0  BM-TS,seq,1_420,tid,11,k,18,lt,FALSE,pos,0,hw,0,i,9,ph,2_392,d,1_600,e,-1,st,SPIN_UP,flt,FALSE,up,TRUE,ig,0,o_pos,0,o_hw,0,o_i,NA,o_up,FALSE,why,NO_COG
[2026-09-15T13:56:51.647] Cog0  BM-TS,seq,1_421,tid,11,k,19,lt,FALSE,pos,0,hw,0,i,9,ph,2_393,d,1_600,e,-1,st,SPIN_UP,flt,FALSE,up,TRUE,ig,0,o_pos,0,o_hw,0,o_i,NA,o_up,FALSE,why,NO_COG
[2026-09-15T13:56:51.649] Cog0  BM-TS,seq,1_422,tid,11,k,20,lt,FALSE,pos,0,hw,0,i,9,ph,2_393,d,1_600,e,-1,st,SPIN_UP,flt,FALSE,up,TRUE,ig,0,o_pos,0,o_hw,0,o_i,NA,o_up,FALSE,why,NO_COG
[2026-09-15T13:56:51.651] Cog0  BM-TS,seq,1_423,tid,11,k,21,lt,FALSE,pos,0,hw,0,i,7,ph,2_389,d,1_600,e,-1,st,SPIN_UP,flt,FALSE,up,TRUE,ig,0,o_pos,0,o_hw,0,o_i,NA,o_up,FALSE,why,NO_COG
[2026-09-15T13:56:51.652] Cog0  BM-TS,seq,1_424,tid,11,k,22,lt,FALSE,pos,0,hw,0,i,7,ph,2_386,d,1_600,e,-1,st,SPIN_UP,flt,FALSE,up,TRUE,ig,0,o_pos,0,o_hw,0,o_i,NA,o_up,FALSE,why,NO_COG
[2026-09-15T13:56:51.655] Cog0  BM-TS,seq,1_425,tid,11,k,23,lt,FALSE,pos,0,hw,0,i,7,ph,2_384,d,1_600,e,-1,st,SPIN_UP,flt,FALSE,up,TRUE,ig,0,o_pos,0,o_hw,0,o_i,NA,o_up,FALSE,why,NO_COG
[2026-09-15T13:56:51.656] Cog0  BM-TS,seq,1_426,tid,11,k,24,lt,FALSE,pos,0,hw,0,i,8,ph,2_392,d,1_600,e,-1,st,SPIN_UP,flt,FALSE,up,TRUE,ig,0,o_pos,0,o_hw,0,o_i,NA,o_up,FALSE,why,NO_COG
[2026-09-15T13:56:51.658] Cog0  BM-TS,seq,1_427,tid,11,k,25,lt,FALSE,pos,0,hw,0,i,9,ph,2_388,d,1_600,e,-1,st,SPIN_UP,flt,FALSE,up,TRUE,ig,0,o_pos,0,o_hw,0,o_i,NA,o_up,FALSE,why,NO_COG
[2026-09-15T13:56:51.660] Cog0  BM-TS,seq,1_428,tid,11,k,26,lt,FALSE,pos,0,hw,0,i,10,ph,2_397,d,1_600,e,-1,st,SPIN_UP,flt,FALSE,up,TRUE,ig,0,o_pos,0,o_hw,0,o_i,NA,o_up,FALSE,why,NO_COG
[2026-09-15T13:56:51.662] Cog0  BM-TS,seq,1_429,tid,11,k,27,lt,FALSE,pos,0,hw,0,i,8,ph,2_388,d,1_600,e,-1,st,SPIN_UP,flt,FALSE,up,TRUE,ig,0,o_pos,0,o_hw,0,o_i,NA,o_up,FALSE,why,NO_COG
[2026-09-15T13:56:51.664] Cog0  BM-TS,seq,1_430,tid,11,k,28,lt,FALSE,pos,0,hw,0,i,8,ph,2_381,d,1_600,e,-1,st,SPIN_UP,flt,FALSE,up,TRUE,ig,0,o_pos,0,o_hw,0,o_i,NA,o_up,FALSE,why,NO_COG
[2026-09-15T13:56:51.666] Cog0  BM-TS,seq,1_431,tid,11,k,29,lt,FALSE,pos,0,hw,0,i,8,ph,2_391,d,1_600,e,-1,st,SPIN_UP,flt,FALSE,up,TRUE,ig,0,o_pos,0,o_hw,0,o_i,NA,o_up,FALSE,why,NO_COG
[2026-09-15T13:56:51.668] Cog0  BM-TS,seq,1_432,tid,11,k,30,lt,FALSE,pos,0,hw,0,i,8,ph,2_398,d,1_600,e,-1,st,SPIN_UP,flt,FALSE,up,TRUE,ig,0,o_pos,0,o_hw,0,o_i,NA,o_up,FALSE,why,NO_COG
[2026-09-15T13:56:51.670] Cog0  BM-TS,seq,1_433,tid,11,k,31,lt,FALSE,pos,0,hw,0,i,11,ph,2_394,d,1_600,e,-1,st,SPIN_UP,flt,FALSE,up,TRUE,ig,0,o_pos,0,o_hw,0,o_i,NA,o_up,FALSE,why,NO_COG
[2026-09-15T13:56:51.672] Cog0  BM-TS,seq,1_434,tid,11,k,32,lt,FALSE,pos,0,hw,0,i,8,ph,2_391,d,1_600,e,-1,st,SPIN_UP,flt,FALSE,up,TRUE,ig,0,o_pos,0,o_hw,0,o_i,NA,o_up,FALSE,why,NO_COG
[2026-09-15T13:56:51.674] Cog0  BM-TS,seq,1_435,tid,11,k,33,lt,FALSE,pos,0,hw,0,i,8,ph,2_388,d,1_600,e,-1,st,SPIN_UP,flt,FALSE,up,TRUE,ig,0,o_pos,0,o_hw,0,o_i,NA,o_up,FALSE,why,NO_COG
[2026-09-15T13:56:51.676] Cog0  BM-TS,seq,1_436,tid,11,k,34,lt,FALSE,pos,0,hw,0,i,9,ph,2_387,d,1_600,e,-1,st,SPIN_UP,flt,FALSE,up,TRUE,ig,0,o_pos,0,o_hw,0,o_i,NA,o_up,FALSE,why,NO_COG
[2026-09-15T13:56:51.676] Cog0  BM-TS,seq,1_437,tid,11,k,35,lt,FALSE,pos,0,hw,0,i,9,ph,2_390,d,1_600,e,-2,st,SPIN_UP,flt,FALSE,up,TRUE,ig,0,o_pos,0,o_hw,0,o_i,NA,o_up,FALSE,why,NO_COG
[2026-09-15T13:56:51.679] Cog0  BM-TS,seq,1_438,tid,11,k,36,lt,FALSE,pos,0,hw,0,i,8,ph,2_387,d,1_600,e,-2,st,SPIN_UP,flt,FALSE,up,TRUE,ig,0,o_pos,0,o_hw,0,o_i,NA,o_up,FALSE,why,NO_COG
[2026-09-15T13:56:51.681] Cog0  BM-TS,seq,1_439,tid,11,k,37,lt,FALSE,pos,0,hw,0,i,7,ph,2_386,d,1_600,e,-2,st,SPIN_UP,flt,FALSE,up,TRUE,ig,0,o_pos,0,o_hw,0,o_i,NA,o_up,FALSE,why,NO_COG
[2026-09-15T13:56:51.683] Cog0  BM-TS,seq,1_440,tid,11,k,38,lt,FALSE,pos,0,hw,0,i,8,ph,2_388,d,1_600,e,-2,st,SPIN_UP,flt,FALSE,up,TRUE,ig,0,o_pos,0,o_hw,0,o_i,NA,o_up,FALSE,why,NO_COG
[2026-09-15T13:56:51.685] Cog0  BM-TS,seq,1_441,tid,11,k,39,lt,FALSE,pos,0,hw,0,i,8,ph,2_388,d,1_600,e,-2,st,SPIN_UP,flt,FALSE,up,TRUE,ig,0,o_pos,0,o_hw,0,o_i,NA,o_up,FALSE,why,NO_COG
[2026-09-15T13:56:51.687] Cog0  BM-TS,seq,1_442,tid,11,k,40,lt,FALSE,pos,0,hw,0,i,9,ph,2_389,d,1_600,e,-2,st,SPIN_UP,flt,FALSE,up,TRUE,ig,0,o_pos,0,o_hw,0,o_i,NA,o_up,FALSE,why,NO_COG
[2026-09-15T13:56:51.689] Cog0  BM-TS,seq,1_443,tid,11,k,41,lt,FALSE,pos,0,hw,0,i,8,ph,2_392,d,1_600,e,-2,st,SPIN_UP,flt,FALSE,up,TRUE,ig,0,o_pos,0,o_hw,0,o_i,NA,o_up,FALSE,why,NO_COG
[2026-09-15T13:56:51.691] Cog0  BM-TS,seq,1_444,tid,11,k,42,lt,FALSE,pos,0,hw,0,i,8,ph,2_379,d,1_600,e,-2,st,SPIN_UP,flt,FALSE,up,TRUE,ig,0,o_pos,0,o_hw,0,o_i,NA,o_up,FALSE,why,NO_COG
[2026-09-15T13:56:51.693] Cog0  BM-TS,seq,1_445,tid,11,k,43,lt,FALSE,pos,0,hw,0,i,10,ph,2_386,d,1_600,e,-2,st,SPIN_UP,flt,FALSE,up,TRUE,ig,0,o_pos,0,o_hw,0,o_i,NA,o_up,FALSE,why,NO_COG
[2026-09-15T13:56:51.695] Cog0  BM-TS,seq,1_446,tid,11,k,44,lt,FALSE,pos,0,hw,0,i,8,ph,2_393,d,1_600,e,-2,st,SPIN_UP,flt,FALSE,up,TRUE,ig,0,o_pos,0,o_hw,0,o_i,NA,o_up,FALSE,why,NO_COG
[2026-09-15T13:56:51.697] Cog0  BM-TS,seq,1_447,tid,11,k,45,lt,FALSE,pos,0,hw,0,i,8,ph,2_387,d,1_600,e,-2,st,SPIN_UP,flt,FALSE,up,TRUE,ig,0,o_pos,0,o_hw,0,o_i,NA,o_up,FALSE,why,NO_COG
[2026-09-15T13:56:51.699] Cog0  BM-TS,seq,1_448,tid,11,k,46,lt,FALSE,pos,0,hw,0,i,8,ph,2_388,d,1_600,e,-3,st,SPIN_UP,flt,FALSE,up,TRUE,ig,0,o_pos,0,o_hw,0,o_i,NA,o_up,FALSE,why,NO_COG
[2026-09-15T13:56:51.700] Cog0  BM-TS,seq,1_449,tid,11,k,47,lt,FALSE,pos,0,hw,0,i,8,ph,2_384,d,1_600,e,-3,st,SPIN_UP,flt,FALSE,up,TRUE,ig,0,o_pos,0,o_hw,0,o_i,NA,o_up,FALSE,why,NO_COG
[2026-09-15T13:56:51.702] Cog0  BM-TS,seq,1_450,tid,11,k,48,lt,FALSE,pos,0,hw,0,i,8,ph,2_377,d,1_600,e,-3,st,SPIN_UP,flt,FALSE,up,TRUE,ig,0,o_pos,0,o_hw,0,o_i,NA,o_up,FALSE,why,NO_COG
[2026-09-15T13:56:51.704] Cog0  BM-TS,seq,1_451,tid,11,k,49,lt,FALSE,pos,0,hw,0,i,9,ph,2_386,d,1_600,e,-3,st,SPIN_UP,flt,FALSE,up,TRUE,ig,0,o_pos,0,o_hw,0,o_i,NA,o_up,FALSE,why,NO_COG
[2026-09-15T13:56:51.706] Cog0  BM-TS,seq,1_452,tid,11,k,50,lt,FALSE,pos,0,hw,0,i,8,ph,2_387,d,1_600,e,-3,st,SPIN_UP,flt,FALSE,up,TRUE,ig,0,o_pos,0,o_hw,0,o_i,NA,o_up,FALSE,why,NO_COG
[2026-09-15T13:56:51.708] Cog0  BM-TS,seq,1_453,tid,11,k,51,lt,FALSE,pos,0,hw,0,i,11,ph,2_390,d,1_600,e,-3,st,SPIN_UP,flt,FALSE,up,TRUE,ig,0,o_pos,0,o_hw,0,o_i,NA,o_up,FALSE,why,NO_COG
[2026-09-15T13:56:51.710] Cog0  BM-TS,seq,1_454,tid,11,k,52,lt,FALSE,pos,0,hw,0,i,8,ph,2_388,d,1_600,e,-3,st,SPIN_UP,flt,FALSE,up,TRUE,ig,0,o_pos,0,o_hw,0,o_i,NA,o_up,FALSE,why,NO_COG
[2026-09-15T13:56:51.712] Cog0  BM-TS,seq,1_455,tid,11,k,53,lt,FALSE,pos,0,hw,0,i,8,ph,2_376,d,1_600,e,-4,st,SPIN_UP,flt,FALSE,up,TRUE,ig,0,o_pos,0,o_hw,0,o_i,NA,o_up,FALSE,why,NO_COG
[2026-09-15T13:56:51.714] Cog0  BM-TS,seq,1_456,tid,11,k,54,lt,FALSE,pos,0,hw,0,i,8,ph,2_382,d,1_600,e,-4,st,SPIN_UP,flt,FALSE,up,TRUE,ig,0,o_pos,0,o_hw,0,o_i,NA,o_up,FALSE,why,NO_COG
[2026-09-15T13:56:51.716] Cog0  BM-TS,seq,1_457,tid,11,k,55,lt,FALSE,pos,0,hw,0,i,8,ph,2_389,d,1_600,e,-4,st,SPIN_UP,flt,FALSE,up,TRUE,ig,0,o_pos,0,o_hw,0,o_i,NA,o_up,FALSE,why,NO_COG
[2026-09-15T13:56:51.718] Cog0  BM-TS,seq,1_458,tid,11,k,56,lt,FALSE,pos,0,hw,0,i,9,ph,2_387,d,1_600,e,-4,st,SPIN_UP,flt,FALSE,up,TRUE,ig,0,o_pos,0,o_hw,0,o_i,NA,o_up,FALSE,why,NO_COG
[2026-09-15T13:56:51.720] Cog0  BM-TS,seq,1_459,tid,11,k,57,lt,FALSE,pos,0,hw,0,i,8,ph,2_383,d,1_600,e,-4,st,SPIN_UP,flt,FALSE,up,TRUE,ig,0,o_pos,0,o_hw,0,o_i,NA,o_up,FALSE,why,NO_COG
[2026-09-15T13:56:51.722] Cog0  BM-TS,seq,1_460,tid,11,k,58,lt,FALSE,pos,0,hw,0,i,10,ph,2_384,d,1_600,e,-4,st,SPIN_UP,flt,FALSE,up,TRUE,ig,0,o_pos,0,o_hw,0,o_i,NA,o_up,FALSE,why,NO_COG
[2026-09-15T13:56:51.724] Cog0  BM-TS,seq,1_461,tid,11,k,59,lt,FALSE,pos,0,hw,0,i,8,ph,2_376,d,1_600,e,-5,st,SPIN_UP,flt,FALSE,up,TRUE,ig,0,o_pos,0,o_hw,0,o_i,NA,o_up,FALSE,why,NO_COG
[2026-09-15T13:56:51.726] Cog0  BM-TS,seq,1_462,tid,11,k,60,lt,FALSE,pos,0,hw,0,i,8,ph,2_386,d,1_600,e,-5,st,SPIN_UP,flt,FALSE,up,TRUE,ig,0,o_pos,0,o_hw,0,o_i,NA,o_up,FALSE,why,NO_COG
[2026-09-15T13:56:51.727] Cog0  BM-TS,seq,1_463,tid,11,k,61,lt,FALSE,pos,0,hw,0,i,8,ph,2_391,d,1_600,e,-5,st,SPIN_UP,flt,FALSE,up,TRUE,ig,0,o_pos,0,o_hw,0,o_i,NA,o_up,FALSE,why,NO_COG
[2026-09-15T13:56:51.729] Cog0  BM-TS,seq,1_464,tid,11,k,62,lt,FALSE,pos,0,hw,0,i,8,ph,2_385,d,1_600,e,-5,st,SPIN_UP,flt,FALSE,up,TRUE,ig,0,o_pos,0,o_hw,0,o_i,NA,o_up,FALSE,why,NO_COG
[2026-09-15T13:56:51.731] Cog0  BM-TS,seq,1_465,tid,11,k,63,lt,FALSE,pos,0,hw,0,i,8,ph,2_386,d,1_600,e,-5,st,SPIN_UP,flt,FALSE,up,TRUE,ig,0,o_pos,0,o_hw,0,o_i,NA,o_up,FALSE,why,NO_COG
[2026-09-15T13:56:51.733] Cog0  BM-TS,seq,1_466,tid,11,k,64,lt,FALSE,pos,0,hw,0,i,10,ph,2_380,d,1_600,e,-6,st,SPIN_UP,flt,FALSE,up,TRUE,ig,0,o_pos,0,o_hw,0,o_i,NA,o_up,FALSE,why,NO_COG
[2026-09-15T13:56:51.734] Cog0  BM-TS,seq,1_467,tid,11,k,65,lt,FALSE,pos,0,hw,0,i,8,ph,2_375,d,1_600,e,-6,st,SPIN_UP,flt,FALSE,up,TRUE,ig,0,o_pos,0,o_hw,0,o_i,NA,o_up,FALSE,why,NO_COG
[2026-09-15T13:56:51.737] Cog0  BM-TS,seq,1_468,tid,11,k,66,lt,FALSE,pos,0,hw,0,i,8,ph,2_389,d,1_600,e,-6,st,SPIN_UP,flt,FALSE,up,TRUE,ig,0,o_pos,0,o_hw,0,o_i,NA,o_up,FALSE,why,NO_COG
[2026-09-15T13:56:51.739] Cog0  BM-TS,seq,1_469,tid,11,k,67,lt,FALSE,pos,0,hw,0,i,8,ph,2_385,d,1_600,e,-6,st,SPIN_UP,flt,FALSE,up,TRUE,ig,0,o_pos,0,o_hw,0,o_i,NA,o_up,FALSE,why,NO_COG
[2026-09-15T13:56:51.741] Cog0  BM-TS,seq,1_470,tid,11,k,68,lt,FALSE,pos,0,hw,0,i,8,ph,2_386,d,1_600,e,-6,st,SPIN_UP,flt,FALSE,up,TRUE,ig,0,o_pos,0,o_hw,0,o_i,NA,o_up,FALSE,why,NO_COG
[2026-09-15T13:56:51.743] Cog0  BM-TS,seq,1_471,tid,11,k,69,lt,FALSE,pos,0,hw,0,i,8,ph,2_384,d,1_600,e,-7,st,SPIN_UP,flt,FALSE,up,TRUE,ig,0,o_pos,0,o_hw,0,o_i,NA,o_up,FALSE,why,NO_COG
[2026-09-15T13:56:51.745] Cog0  BM-TS,seq,1_472,tid,11,k,70,lt,FALSE,pos,0,hw,0,i,8,ph,2_375,d,1_600,e,-7,st,SPIN_UP,flt,FALSE,up,TRUE,ig,0,o_pos,0,o_hw,0,o_i,NA,o_up,FALSE,why,NO_COG
[2026-09-15T13:56:51.747] Cog0  BM-TS,seq,1_473,tid,11,k,71,lt,FALSE,pos,0,hw,0,i,9,ph,2_377,d,1_600,e,-7,st,SPIN_UP,flt,FALSE,up,TRUE,ig,0,o_pos,0,o_hw,0,o_i,NA,o_up,FALSE,why,NO_COG
[2026-09-15T13:56:51.748] Cog0  BM-TS,seq,1_474,tid,11,k,72,lt,FALSE,pos,0,hw,0,i,8,ph,2_385,d,1_600,e,-7,st,SPIN_UP,flt,FALSE,up,TRUE,ig,0,o_pos,0,o_hw,0,o_i,NA,o_up,FALSE,why,NO_COG
[2026-09-15T13:56:51.750] Cog0  BM-TS,seq,1_475,tid,11,k,73,lt,FALSE,pos,0,hw,0,i,10,ph,2_383,d,1_600,e,-8,st,SPIN_UP,flt,FALSE,up,TRUE,ig,0,o_pos,0,o_hw,0,o_i,NA,o_up,FALSE,why,NO_COG
[2026-09-15T13:56:51.752] Cog0  BM-TS,seq,1_476,tid,11,k,74,lt,FALSE,pos,0,hw,0,i,7,ph,2_379,d,1_600,e,-8,st,SPIN_UP,flt,FALSE,up,TRUE,ig,0,o_pos,0,o_hw,0,o_i,NA,o_up,FALSE,why,NO_COG
[2026-09-15T13:56:51.754] Cog0  BM-TS,seq,1_477,tid,11,k,75,lt,FALSE,pos,0,hw,0,i,8,ph,2_380,d,1_600,e,-8,st,SPIN_UP,flt,FALSE,up,TRUE,ig,0,o_pos,0,o_hw,0,o_i,NA,o_up,FALSE,why,NO_COG
[2026-09-15T13:56:51.756] Cog0  BM-TS,seq,1_478,tid,11,k,76,lt,FALSE,pos,0,hw,0,i,7,ph,2_372,d,1_600,e,-9,st,SPIN_UP,flt,FALSE,up,TRUE,ig,0,o_pos,0,o_hw,0,o_i,NA,o_up,FALSE,why,NO_COG
[2026-09-15T13:56:51.758] Cog0  BM-TS,seq,1_479,tid,11,k,77,lt,FALSE,pos,0,hw,0,i,8,ph,2_379,d,1_600,e,-9,st,SPIN_UP,flt,FALSE,up,TRUE,ig,0,o_pos,0,o_hw,0,o_i,NA,o_up,FALSE,why,NO_COG
[2026-09-15T13:56:51.760] Cog0  BM-TS,seq,1_480,tid,11,k,78,lt,FALSE,pos,0,hw,0,i,9,ph,2_384,d,1_600,e,-9,st,SPIN_UP,flt,FALSE,up,TRUE,ig,0,o_pos,0,o_hw,0,o_i,NA,o_up,FALSE,why,NO_COG
[2026-09-15T13:56:51.762] Cog0  BM-TS,seq,1_481,tid,11,k,79,lt,FALSE,pos,0,hw,0,i,8,ph,2_382,d,1_600,e,-9,st,SPIN_UP,flt,FALSE,up,TRUE,ig,0,o_pos,0,o_hw,0,o_i,NA,o_up,FALSE,why,NO_COG
[2026-09-15T13:56:51.764] Cog0  BM-TS,seq,1_482,tid,11,k,80,lt,FALSE,pos,0,hw,0,i,8,ph,2_378,d,1_600,e,-10,st,SPIN_UP,flt,FALSE,up,TRUE,ig,0,o_pos,0,o_hw,0,o_i,NA,o_up,FALSE,why,NO_COG
[2026-09-15T13:56:51.766] Cog0  BM-TS,seq,1_483,tid,11,k,81,lt,FALSE,pos,0,hw,0,i,8,ph,2_372,d,1_600,e,-10,st,SPIN_UP,flt,FALSE,up,TRUE,ig,0,o_pos,0,o_hw,0,o_i,NA,o_up,FALSE,why,NO_COG
[2026-09-15T13:56:51.768] Cog0  BM-TS,seq,1_484,tid,11,k,82,lt,FALSE,pos,0,hw,0,i,6,ph,2_374,d,1_600,e,-10,st,SPIN_UP,flt,FALSE,up,TRUE,ig,0,o_pos,0,o_hw,0,o_i,NA,o_up,FALSE,why,NO_COG
[2026-09-15T13:56:51.770] Cog0  BM-TS,seq,1_485,tid,11,k,83,lt,FALSE,pos,0,hw,0,i,10,ph,2_382,d,1_600,e,-11,st,SPIN_UP,flt,FALSE,up,TRUE,ig,0,o_pos,0,o_hw,0,o_i,NA,o_up,FALSE,why,NO_COG
[2026-09-15T13:56:51.771] Cog0  BM-TS,seq,1_486,tid,11,k,84,lt,FALSE,pos,0,hw,0,i,9,ph,2_380,d,1_600,e,-11,st,SPIN_UP,flt,FALSE,up,TRUE,ig,0,o_pos,0,o_hw,0,o_i,NA,o_up,FALSE,why,NO_COG
[2026-09-15T13:56:51.773] Cog0  BM-TS,seq,1_487,tid,11,k,85,lt,FALSE,pos,0,hw,0,i,9,ph,2_378,d,1_600,e,-11,st,SPIN_UP,flt,FALSE,up,TRUE,ig,0,o_pos,0,o_hw,0,o_i,NA,o_up,FALSE,why,NO_COG
[2026-09-15T13:56:51.774] Cog0  BM-TS,seq,1_488,tid,11,k,86,lt,FALSE,pos,0,hw,0,i,9,ph,2_382,d,1_600,e,-12,st,SPIN_UP,flt,FALSE,up,TRUE,ig,0,o_pos,0,o_hw,0,o_i,NA,o_up,FALSE,why,NO_COG
[2026-09-15T13:56:51.777] Cog0  BM-TS,seq,1_489,tid,11,k,87,lt,FALSE,pos,0,hw,0,i,6,ph,2_370,d,1_600,e,-12,st,SPIN_UP,flt,FALSE,up,TRUE,ig,0,o_pos,0,o_hw,0,o_i,NA,o_up,FALSE,why,NO_COG
[2026-09-15T13:56:51.779] Cog0  BM-TS,seq,1_490,tid,11,k,88,lt,FALSE,pos,0,hw,0,i,8,ph,2_381,d,1_600,e,-12,st,SPIN_UP,flt,FALSE,up,TRUE,ig,0,o_pos,0,o_hw,0,o_i,NA,o_up,FALSE,why,NO_COG
[2026-09-15T13:56:51.781] Cog0  BM-TS,seq,1_491,tid,11,k,89,lt,FALSE,pos,0,hw,0,i,8,ph,2_382,d,1_600,e,-13,st,SPIN_UP,flt,FALSE,up,TRUE,ig,0,o_pos,0,o_hw,0,o_i,NA,o_up,FALSE,why,NO_COG
[2026-09-15T13:56:51.783] Cog0  BM-TS,seq,1_492,tid,11,k,90,lt,FALSE,pos,0,hw,0,i,8,ph,2_384,d,1_600,e,-13,st,SPIN_UP,flt,FALSE,up,TRUE,ig,0,o_pos,0,o_hw,0,o_i,NA,o_up,FALSE,why,NO_COG
[2026-09-15T13:56:51.785] Cog0  BM-TS,seq,1_493,tid,11,k,91,lt,FALSE,pos,0,hw,0,i,10,ph,2_386,d,1_600,e,-14,st,SPIN_UP,flt,FALSE,up,TRUE,ig,0,o_pos,0,o_hw,0,o_i,NA,o_up,FALSE,why,NO_COG
[2026-09-15T13:56:51.787] Cog0  BM-TS,seq,1_494,tid,11,k,92,lt,FALSE,pos,0,hw,0,i,9,ph,2_377,d,1_600,e,-14,st,SPIN_UP,flt,FALSE,up,TRUE,ig,0,o_pos,0,o_hw,0,o_i,NA,o_up,FALSE,why,NO_COG
[2026-09-15T13:56:51.789] Cog0  BM-TS,seq,1_495,tid,11,k,93,lt,FALSE,pos,0,hw,0,i,8,ph,2_380,d,1_600,e,-14,st,SPIN_UP,flt,FALSE,up,TRUE,ig,0,o_pos,0,o_hw,0,o_i,NA,o_up,FALSE,why,NO_COG
[2026-09-15T13:56:51.791] Cog0  BM-TS,seq,1_496,tid,11,k,94,lt,FALSE,pos,0,hw,0,i,8,ph,2_393,d,1_600,e,-15,st,SPIN_UP,flt,FALSE,up,TRUE,ig,0,o_pos,0,o_hw,0,o_i,NA,o_up,FALSE,why,NO_COG
[2026-09-15T13:56:51.793] Cog0  BM-TS,seq,1_497,tid,11,k,95,lt,FALSE,pos,0,hw,0,i,10,ph,2_384,d,1_600,e,-15,st,SPIN_UP,flt,FALSE,up,TRUE,ig,0,o_pos,0,o_hw,0,o_i,NA,o_up,FALSE,why,NO_COG
[2026-09-15T13:56:51.795] Cog0  BM-TS,seq,1_498,tid,11,k,96,lt,FALSE,pos,0,hw,0,i,8,ph,2_388,d,1_600,e,-16,st,SPIN_UP,flt,FALSE,up,TRUE,ig,0,o_pos,0,o_hw,0,o_i,NA,o_up,FALSE,why,NO_COG
[2026-09-15T13:56:51.797] Cog0  BM-TS,seq,1_499,tid,11,k,97,lt,FALSE,pos,0,hw,0,i,9,ph,2_386,d,1_600,e,-16,st,SPIN_UP,flt,FALSE,up,TRUE,ig,0,o_pos,0,o_hw,0,o_i,NA,o_up,FALSE,why,NO_COG
[2026-09-15T13:56:51.797] Cog0  BM-TS,seq,1_500,tid,11,k,98,lt,FALSE,pos,0,hw,0,i,8,ph,2_381,d,1_600,e,-17,st,SPIN_UP,flt,FALSE,up,TRUE,ig,0,o_pos,0,o_hw,0,o_i,NA,o_up,FALSE,why,NO_COG
[2026-09-15T13:56:51.800] Cog0  BM-TS,seq,1_501,tid,11,k,99,lt,FALSE,pos,0,hw,0,i,8,ph,2_392,d,1_600,e,-17,st,SPIN_UP,flt,FALSE,up,TRUE,ig,0,o_pos,0,o_hw,0,o_i,NA,o_up,FALSE,why,NO_COG
[2026-09-15T13:56:51.802] Cog0  BM-TS,seq,1_502,tid,11,k,100,lt,FALSE,pos,0,hw,0,i,8,ph,2_387,d,1_600,e,-17,st,SPIN_UP,flt,FALSE,up,TRUE,ig,0,o_pos,0,o_hw,0,o_i,NA,o_up,FALSE,why,NO_COG
[2026-09-15T13:56:51.804] Cog0  BM-TS,seq,1_503,tid,11,k,101,lt,FALSE,pos,0,hw,0,i,8,ph,2_390,d,1_600,e,-18,st,SPIN_UP,flt,FALSE,up,TRUE,ig,0,o_pos,0,o_hw,0,o_i,NA,o_up,FALSE,why,NO_COG
[2026-09-15T13:56:51.806] Cog0  BM-TS,seq,1_504,tid,11,k,102,lt,FALSE,pos,0,hw,0,i,7,ph,2_389,d,1_600,e,-18,st,SPIN_UP,flt,FALSE,up,TRUE,ig,0,o_pos,0,o_hw,0,o_i,NA,o_up,FALSE,why,NO_COG
[2026-09-15T13:56:51.808] Cog0  BM-TS,seq,1_505,tid,11,k,103,lt,FALSE,pos,0,hw,0,i,8,ph,2_382,d,1_600,e,-19,st,SPIN_UP,flt,FALSE,up,TRUE,ig,0,o_pos,0,o_hw,0,o_i,NA,o_up,FALSE,why,NO_COG
[2026-09-15T13:56:51.813] Cog0  BM-TS,seq,1_506,tid,11,k,104,lt,FALSE,pos,0,hw,0,i,7,ph,2_394,d,1_600,e,-19,st,SPIN_UP,flt,FALSE,up,TRUE,ig,0,o_pos,0,o_hw,0,o_i,NA,o_up,FALSE,why,NO_COG
[2026-09-15T13:56:51.815] Cog0  BM-TS,seq,1_507,tid,11,k,150,lt,FALSE,pos,0,hw,0,i,8,ph,2_427,d,1_600,e,-53,st,SPIN_UP,flt,FALSE,up,TRUE,ig,0,o_pos,0,o_hw,0,o_i,NA,o_up,FALSE,why,NO_COG
[2026-09-15T13:56:51.820] Cog0  BM-TS,seq,1_508,tid,11,k,152,lt,FALSE,pos,-1,hw,-1,i,8,ph,2_418,d,1_600,e,-12,st,SPIN_UP,flt,FALSE,up,TRUE,ig,0,o_pos,0,o_hw,0,o_i,NA,o_up,FALSE,why,NO_COG
[2026-09-15T13:56:51.822] Cog0  BM-TS,seq,1_509,tid,11,k,198,lt,FALSE,pos,-2,hw,-2,i,12,ph,2_414,d,2_173,e,-29,st,SPIN_UP,flt,FALSE,up,TRUE,ig,0,o_pos,0,o_hw,0,o_i,NA,o_up,FALSE,why,NO_COG
[2026-09-15T13:56:51.826] Cog0  BM-TS,seq,1_510,tid,11,k,200,lt,FALSE,pos,-2,hw,-2,i,8,ph,2_417,d,1_997,e,-33,st,SPIN_UP,flt,FALSE,up,TRUE,ig,0,o_pos,0,o_hw,0,o_i,NA,o_up,FALSE,why,NO_COG
[2026-09-15T13:56:51.829] Cog0  BM-TS,seq,1_511,tid,11,k,222,lt,FALSE,pos,-3,hw,-3,i,12,ph,2_392,d,2_442,e,-30,st,SPIN_UP,flt,FALSE,up,TRUE,ig,0,o_pos,0,o_hw,0,o_i,NA,o_up,FALSE,why,NO_COG
[2026-09-15T13:56:51.831] Cog0  BM-TS,seq,1_512,tid,11,k,244,lt,FALSE,pos,-4,hw,-4,i,15,ph,2_430,d,2_843,e,-37,st,SPIN_UP,flt,FALSE,up,TRUE,ig,0,o_pos,0,o_hw,0,o_i,NA,o_up,FALSE,why,NO_COG
[2026-09-15T13:56:51.832] Cog0  BM-TS,seq,1_513,tid,11,k,250,lt,FALSE,pos,-4,hw,-4,i,12,ph,2_472,d,2_682,e,-52,st,SPIN_UP,flt,FALSE,up,TRUE,ig,0,o_pos,0,o_hw,0,o_i,NA,o_up,FALSE,why,NO_COG
[2026-09-15T13:56:51.837] Cog0  BM-TS,seq,1_514,tid,11,k,258,lt,FALSE,pos,-5,hw,-5,i,19,ph,2_385,d,3_204,e,-30,st,SPIN_UP,flt,FALSE,up,TRUE,ig,0,o_pos,0,o_hw,0,o_i,NA,o_up,FALSE,why,NO_COG
[2026-09-15T13:56:51.840] Cog0  BM-TS,seq,1_515,tid,11,k,272,lt,FALSE,pos,-6,hw,-6,i,20,ph,2_401,d,3_093,e,-28,st,SPIN_UP,flt,FALSE,up,TRUE,ig,0,o_pos,0,o_hw,0,o_i,NA,o_up,FALSE,why,NO_COG
[2026-09-15T13:56:51.842] Cog0  BM-TS,seq,1_516,tid,11,k,288,lt,FALSE,pos,-7,hw,-7,i,18,ph,2_370,d,3_097,e,-35,st,SPIN_UP,flt,FALSE,up,TRUE,ig,0,o_pos,0,o_hw,0,o_i,NA,o_up,FALSE,why,NO_COG
[2026-09-15T13:56:51.844] Cog0  BM-TS,seq,1_517,tid,11,k,300,lt,FALSE,pos,-7,hw,-7,i,20,ph,2_429,d,3_623,e,-77,st,SPIN_UP,flt,FALSE,up,TRUE,ig,0,o_pos,0,o_hw,0,o_i,NA,o_up,FALSE,why,NO_COG
[2026-09-15T13:56:51.847] Cog0  BM-TS,seq,1_518,tid,11,k,302,lt,FALSE,pos,-8,hw,-8,i,20,ph,2_452,d,3_552,e,-41,st,SPIN_UP,flt,FALSE,up,TRUE,ig,0,o_pos,0,o_hw,0,o_i,NA,o_up,FALSE,why,NO_COG
[2026-09-15T13:56:51.849] Cog0  BM-TS,seq,1_519,tid,11,k,312,lt,FALSE,pos,-9,hw,-9,i,23,ph,2_358,d,3_848,e,-37,st,SPIN_UP,flt,FALSE,up,TRUE,ig,0,o_pos,0,o_hw,0,o_i,NA,o_up,FALSE,why,NO_COG
[2026-09-15T13:56:51.852] Cog0  BM-TS,seq,1_520,tid,11,k,322,lt,FALSE,pos,-10,hw,-10,i,31,ph,2_431,d,4_031,e,-34,st,SPIN_UP,flt,FALSE,up,TRUE,ig,0,o_pos,0,o_hw,0,o_i,NA,o_up,FALSE,why,NO_COG
[2026-09-15T13:56:51.855] Cog0  BM-TS,seq,1_521,tid,11,k,332,lt,FALSE,pos,-11,hw,-11,i,36,ph,2_371,d,4_217,e,-34,st,SPIN_UP,flt,FALSE,up,TRUE,ig,0,o_pos,0,o_hw,0,o_i,NA,o_up,FALSE,why,NO_COG
[2026-09-15T13:56:51.857] Cog0  BM-TS,seq,1_522,tid,11,k,342,lt,FALSE,pos,-12,hw,-12,i,33,ph,2_433,d,4_278,e,-36,st,SPIN_UP,flt,FALSE,up,TRUE,ig,0,o_pos,0,o_hw,0,o_i,NA,o_up,FALSE,why,NO_COG
[2026-09-15T13:56:51.860] Cog0  BM-TS,seq,1_523,tid,11,k,350,lt,FALSE,pos,-13,hw,-13,i,38,ph,2_389,d,4_537,e,-31,st,SPIN_UP,flt,FALSE,up,TRUE,ig,0,o_pos,0,o_hw,0,o_i,NA,o_up,FALSE,why,NO_COG
[2026-09-15T13:56:51.862] Cog0  BM-TS,seq,1_524,tid,11,k,360,lt,FALSE,pos,-14,hw,-14,i,38,ph,2_457,d,4_676,e,-38,st,SPIN_UP,flt,FALSE,up,TRUE,ig,0,o_pos,0,o_hw,0,o_i,NA,o_up,FALSE,why,NO_COG
[2026-09-15T13:56:51.865] Cog0  BM-TS,seq,1_525,tid,11,k,368,lt,FALSE,pos,-15,hw,-15,i,37,ph,2_342,d,4_784,e,-38,st,SPIN_UP,flt,FALSE,up,TRUE,ig,0,o_pos,0,o_hw,0,o_i,NA,o_up,FALSE,why,NO_COG
[2026-09-15T13:56:51.867] Cog0  BM-TS,seq,1_526,tid,11,k,376,lt,FALSE,pos,-16,hw,-16,i,42,ph,2_461,d,4_915,e,-40,st,SPIN_UP,flt,FALSE,up,TRUE,ig,0,o_pos,0,o_hw,0,o_i,NA,o_up,FALSE,why,NO_COG
[2026-09-15T13:56:51.870] Cog0  BM-TS,seq,1_527,tid,11,k,384,lt,FALSE,pos,-17,hw,-17,i,42,ph,2_317,d,5_134,e,-42,st,SPIN_UP,flt,FALSE,up,TRUE,ig,0,o_pos,0,o_hw,0,o_i,NA,o_up,FALSE,why,NO_COG
[2026-09-15T13:56:51.872] Cog0  BM-TS,seq,1_528,tid,11,k,390,lt,FALSE,pos,-18,hw,-18,i,47,ph,2_428,d,5_444,e,-34,st,SPIN_UP,flt,FALSE,up,TRUE,ig,0,o_pos,0,o_hw,0,o_i,NA,o_up,FALSE,why,NO_COG
[2026-09-15T13:56:51.874] Cog0  BM-TS,seq,1_529,tid,11,k,398,lt,FALSE,pos,-19,hw,-19,i,49,ph,2_310,d,5_522,e,-41,st,SPIN_UP,flt,FALSE,up,TRUE,ig,0,o_pos,0,o_hw,0,o_i,NA,o_up,FALSE,why,NO_COG
[2026-09-15T13:56:51.876] Cog0  BM-TS,seq,1_530,tid,11,k,400,lt,FALSE,pos,-19,hw,-19,i,48,ph,2_259,d,5_504,e,-52,st,SPIN_UP,flt,FALSE,up,TRUE,ig,0,o_pos,0,o_hw,0,o_i,NA,o_up,FALSE,why,NO_COG
[2026-09-15T13:56:51.877] Cog0  BM-TS,seq,1_531,tid,11,k,404,lt,FALSE,pos,-20,hw,-20,i,58,ph,2_453,d,5_820,e,-36,st,SPIN_UP,flt,FALSE,up,TRUE,ig,0,o_pos,0,o_hw,0,o_i,NA,o_up,FALSE,why,NO_COG
[2026-09-15T13:56:51.881] Cog0  BM-TS,seq,1_532,tid,11,k,410,lt,FALSE,pos,-21,hw,-21,i,61,ph,2_377,d,6_004,e,-33,st,SPIN_UP,flt,FALSE,up,TRUE,ig,0,o_pos,0,o_hw,0,o_i,NA,o_up,FALSE,why,NO_COG
[2026-09-15T13:56:51.883] Cog0  BM-TS,seq,1_533,tid,11,k,418,lt,FALSE,pos,-22,hw,-22,i,58,ph,2_494,d,6_047,e,-43,st,SPIN_UP,flt,FALSE,up,TRUE,ig,0,o_pos,0,o_hw,0,o_i,NA,o_up,FALSE,why,NO_COG
[2026-09-15T13:56:51.886] Cog0  BM-TS,seq,1_534,tid,11,k,424,lt,FALSE,pos,-23,hw,-23,i,68,ph,2_307,d,6_259,e,-42,st,SPIN_UP,flt,FALSE,up,TRUE,ig,0,o_pos,0,o_hw,0,o_i,NA,o_up,FALSE,why,NO_COG
[2026-09-15T13:56:51.888] Cog0  BM-TS,seq,1_535,tid,11,k,430,lt,FALSE,pos,-24,hw,-24,i,72,ph,2_503,d,6_439,e,-42,st,SPIN_UP,flt,FALSE,up,TRUE,ig,0,o_pos,0,o_hw,0,o_i,NA,o_up,FALSE,why,NO_COG
[2026-09-15T13:56:51.890] Cog0  BM-TS,seq,1_536,tid,11,k,436,lt,FALSE,pos,-25,hw,-25,i,70,ph,2_299,d,6_516,e,-43,st,SPIN_UP,flt,FALSE,up,TRUE,ig,0,o_pos,0,o_hw,0,o_i,NA,o_up,FALSE,why,NO_COG
[2026-09-15T13:56:51.893] Cog0  BM-TS,seq,1_537,tid,11,k,442,lt,FALSE,pos,-26,hw,-26,i,73,ph,2_529,d,6_687,e,-46,st,SPIN_UP,flt,FALSE,up,TRUE,ig,0,o_pos,0,o_hw,0,o_i,NA,o_up,FALSE,why,NO_COG
[2026-09-15T13:56:51.895] Cog0  BM-TS,seq,1_538,tid,11,k,446,lt,FALSE,pos,-27,hw,-27,i,79,ph,2_368,d,6_940,e,-33,st,SPIN_UP,flt,FALSE,up,TRUE,ig,0,o_pos,0,o_hw,0,o_i,NA,o_up,FALSE,why,NO_COG
[2026-09-15T13:56:51.897] Cog0  BM-TS,seq,1_539,tid,11,k,450,lt,FALSE,pos,-27,hw,-27,i,79,ph,2_323,d,6_943,e,-66,st,SPIN_UP,flt,FALSE,up,TRUE,ig,0,o_pos,0,o_hw,0,o_i,NA,o_up,FALSE,why,NO_COG
[2026-09-15T13:56:51.899] Cog0  BM-TS,seq,1_540,tid,11,k,452,lt,FALSE,pos,-28,hw,-28,i,81,ph,2_465,d,7_033,e,-38,st,SPIN_UP,flt,FALSE,up,TRUE,ig,0,o_pos,0,o_hw,0,o_i,NA,o_up,FALSE,why,NO_COG
[2026-09-15T13:56:51.901] Cog0  BM-TS,seq,1_541,tid,11,k,458,lt,FALSE,pos,-29,hw,-29,i,80,ph,2_280,d,7_184,e,-44,st,SPIN_UP,flt,FALSE,up,TRUE,ig,0,o_pos,0,o_hw,0,o_i,NA,o_up,FALSE,why,NO_COG
[2026-09-15T13:56:51.904] Cog0  BM-TS,seq,1_542,tid,11,k,462,lt,FALSE,pos,-30,hw,-30,i,93,ph,2_449,d,7_439,e,-35,st,SPIN_UP,flt,FALSE,up,TRUE,ig,0,o_pos,0,o_hw,0,o_i,NA,o_up,FALSE,why,NO_COG
[2026-09-15T13:56:51.906] Cog0  BM-TS,seq,1_543,tid,11,k,468,lt,FALSE,pos,-31,hw,-31,i,94,ph,2_297,d,7_498,e,-43,st,SPIN_UP,flt,FALSE,up,TRUE,ig,0,o_pos,0,o_hw,0,o_i,NA,o_up,FALSE,why,NO_COG
[2026-09-15T13:56:51.908] Cog0  BM-TS,seq,1_544,tid,11,k,472,lt,FALSE,pos,-32,hw,-32,i,95,ph,2_449,d,7_751,e,-34,st,SPIN_UP,flt,FALSE,up,TRUE,ig,0,o_pos,0,o_hw,0,o_i,NA,o_up,FALSE,why,NO_COG
[2026-09-15T13:56:51.910] Cog0  BM-TS,seq,1_545,tid,11,k,478,lt,FALSE,pos,-33,hw,-33,i,99,ph,2_258,d,7_866,e,-44,st,SPIN_UP,flt,FALSE,up,TRUE,ig,0,o_pos,0,o_hw,0,o_i,NA,o_up,FALSE,why,NO_COG
[2026-09-15T13:56:51.913] Cog0  BM-TS,seq,1_546,tid,11,k,482,lt,FALSE,pos,-34,hw,-34,i,107,ph,2_468,d,8_070,e,-37,st,SPIN_UP,flt,FALSE,up,TRUE,ig,0,o_pos,0,o_hw,0,o_i,NA,o_up,FALSE,why,NO_COG
[2026-09-15T13:56:51.915] Cog0  BM-TS,seq,1_547,tid,11,k,488,lt,FALSE,pos,-35,hw,-35,i,101,ph,2_215,d,8_132,e,-49,st,SPIN_UP,flt,FALSE,up,TRUE,ig,0,o_pos,0,o_hw,0,o_i,NA,o_up,FALSE,why,NO_COG
[2026-09-15T13:56:51.917] Cog0  BM-TS,seq,1_548,tid,11,k,492,lt,FALSE,pos,-36,hw,-36,i,111,ph,2_523,d,8_286,e,-43,st,SPIN_UP,flt,FALSE,up,TRUE,ig,0,o_pos,0,o_hw,0,o_i,NA,o_up,FALSE,why,NO_COG
[2026-09-15T13:56:51.919] Cog0  BM-TS,seq,1_549,tid,11,k,496,lt,FALSE,pos,-37,hw,-37,i,116,ph,2_295,d,8_465,e,-40,st,SPIN_UP,flt,FALSE,up,TRUE,ig,0,o_pos,0,o_hw,0,o_i,NA,o_up,FALSE,why,NO_COG
[2026-09-15T13:56:51.922] Cog0  BM-TS,seq,1_550,tid,11,k,500,lt,FALSE,pos,-38,hw,-38,i,124,ph,2_455,d,8_656,e,-35,st,SPIN_UP,flt,FALSE,up,TRUE,ig,0,o_pos,0,o_hw,0,o_i,NA,o_up,FALSE,why,NO_COG
[2026-09-15T13:56:51.924] Cog0  BM-TS,seq,1_551,tid,11,k,506,lt,FALSE,pos,-39,hw,-39,i,115,ph,2_194,d,8_730,e,-51,st,SPIN_UP,flt,FALSE,up,TRUE,ig,0,o_pos,0,o_hw,0,o_i,NA,o_up,FALSE,why,NO_COG
[2026-09-15T13:56:51.926] Cog0  BM-TS,seq,1_552,tid,11,k,510,lt,FALSE,pos,-40,hw,-40,i,128,ph,2_580,d,8_895,e,-47,st,SPIN_UP,flt,FALSE,up,TRUE,ig,0,o_pos,0,o_hw,0,o_i,NA,o_up,FALSE,why,NO_COG
[2026-09-15T13:56:51.928] Cog0  BM-TS,seq,1_553,tid,11,k,514,lt,FALSE,pos,-41,hw,-41,i,133,ph,2_240,d,9_045,e,-47,st,SPIN_UP,flt,FALSE,up,TRUE,ig,0,o_pos,0,o_hw,0,o_i,NA,o_up,FALSE,why,NO_COG
[2026-09-15T13:56:51.930] Cog0  BM-TS,seq,1_554,tid,11,k,518,lt,FALSE,pos,-42,hw,-42,i,132,ph,2_562,d,9_228,e,-45,st,SPIN_UP,flt,FALSE,up,TRUE,ig,0,o_pos,0,o_hw,0,o_i,NA,o_up,FALSE,why,NO_COG
[2026-09-15T13:56:51.933] Cog0  BM-TS,seq,1_555,tid,11,k,522,lt,FALSE,pos,-43,hw,-43,i,147,ph,2_259,d,9_366,e,-43,st,SPIN_UP,flt,FALSE,up,TRUE,ig,0,o_pos,0,o_hw,0,o_i,NA,o_up,FALSE,why,NO_COG
[2026-09-15T13:56:51.935] Cog0  BM-TS,seq,1_556,tid,11,k,526,lt,FALSE,pos,-44,hw,-44,i,157,ph,2_540,d,9_546,e,-42,st,SPIN_UP,flt,FALSE,up,TRUE,ig,0,o_pos,0,o_hw,0,o_i,NA,o_up,FALSE,why,NO_COG
[2026-09-15T13:56:51.937] Cog0  BM-TS,seq,1_557,tid,11,k,530,lt,FALSE,pos,-45,hw,-45,i,154,ph,2_241,d,9_689,e,-44,st,SPIN_UP,flt,FALSE,up,TRUE,ig,0,o_pos,0,o_hw,0,o_i,NA,o_up,FALSE,why,NO_COG
[2026-09-15T13:56:51.939] Cog0  BM-TS,seq,1_558,tid,11,k,534,lt,FALSE,pos,-46,hw,-46,i,154,ph,2_560,d,9_817,e,-45,st,SPIN_UP,flt,FALSE,up,TRUE,ig,0,o_pos,0,o_hw,0,o_i,NA,o_up,FALSE,why,NO_COG
[2026-09-15T13:56:51.942] Cog0  BM-TS,seq,1_559,tid,11,k,538,lt,FALSE,pos,-47,hw,-47,i,167,ph,2_223,d,9_965,e,-45,st,SPIN_UP,flt,FALSE,up,TRUE,ig,0,o_pos,0,o_hw,0,o_i,NA,o_up,FALSE,why,NO_COG
[2026-09-15T13:56:51.944] Cog0  BM-TS,seq,1_560,tid,11,k,542,lt,FALSE,pos,-48,hw,-48,i,170,ph,2_627,d,10_133,e,-50,st,SPIN_UP,flt,FALSE,up,TRUE,ig,0,o_pos,0,o_hw,0,o_i,NA,o_up,FALSE,why,NO_COG
[2026-09-15T13:56:51.946] Cog0  BM-TS,seq,1_561,tid,11,k,546,lt,FALSE,pos,-49,hw,-49,i,160,ph,2_143,d,10_263,e,-52,st,SPIN_UP,flt,FALSE,up,TRUE,ig,0,o_pos,0,o_hw,0,o_i,NA,o_up,FALSE,why,NO_COG
[2026-09-15T13:56:51.948] Cog0  BM-TS,seq,1_562,tid,11,k,550,lt,FALSE,pos,-50,hw,-50,i,174,ph,2_642,d,10_403,e,-55,st,SPIN_UP,flt,FALSE,up,TRUE,ig,0,o_pos,0,o_hw,0,o_i,NA,o_up,FALSE,why,NO_COG
[2026-09-15T13:56:51.950] Cog0  BM-TS,seq,1_563,tid,11,k,552,lt,FALSE,pos,-51,hw,-51,i,191,ph,2_310,d,10_587,e,-37,st,SPIN_UP,flt,FALSE,up,TRUE,ig,0,o_pos,0,o_hw,0,o_i,NA,o_up,FALSE,why,NO_COG
[2026-09-15T13:56:51.952] Cog0  BM-TS,seq,1_564,tid,11,k,556,lt,FALSE,pos,-52,hw,-52,i,193,ph,2_525,d,10_694,e,-40,st,SPIN_UP,flt,FALSE,up,TRUE,ig,0,o_pos,0,o_hw,0,o_i,NA,o_up,FALSE,why,NO_COG
[2026-09-15T13:56:51.955] Cog0  BM-TS,seq,1_565,tid,11,k,560,lt,FALSE,pos,-53,hw,-53,i,202,ph,2_213,d,10_813,e,-48,st,SPIN_UP,flt,FALSE,up,TRUE,ig,0,o_pos,0,o_hw,0,o_i,NA,o_up,FALSE,why,NO_COG
[2026-09-15T13:56:51.957] Cog0  BM-TS,seq,1_566,tid,11,k,564,lt,FALSE,pos,-54,hw,-54,i,186,ph,2_667,d,10_953,e,-53,st,SPIN_UP,flt,FALSE,up,TRUE,ig,0,o_pos,0,o_hw,0,o_i,NA,o_up,FALSE,why,NO_COG
[2026-09-15T13:56:51.959] Cog0  BM-TS,seq,1_567,tid,11,k,566,lt,FALSE,pos,-55,hw,-55,i,226,ph,2_363,d,11_129,e,-36,st,SPIN_UP,flt,FALSE,up,TRUE,ig,0,o_pos,0,o_hw,0,o_i,NA,o_up,FALSE,why,NO_COG
[2026-09-15T13:56:51.961] Cog0  BM-TS,seq,1_568,tid,11,k,570,lt,FALSE,pos,-56,hw,-56,i,202,ph,2_553,d,11_223,e,-42,st,SPIN_UP,flt,FALSE,up,TRUE,ig,0,o_pos,0,o_hw,0,o_i,NA,o_up,FALSE,why,NO_COG
[2026-09-15T13:56:51.964] Cog0  BM-TS,seq,1_569,tid,11,k,574,lt,FALSE,pos,-57,hw,-57,i,209,ph,2_159,d,11_358,e,-49,st,SPIN_UP,flt,FALSE,up,TRUE,ig,0,o_pos,0,o_hw,0,o_i,NA,o_up,FALSE,why,NO_COG
[2026-09-15T13:56:51.964] Cog0  BM-TS,seq,1_570,tid,11,k,578,lt,FALSE,pos,-58,hw,-58,i,212,ph,2_643,d,11_520,e,-56,st,SPIN_UP,flt,FALSE,up,TRUE,ig,0,o_pos,0,o_hw,0,o_i,NA,o_up,FALSE,why,NO_COG
[2026-09-15T13:56:51.968] Cog0  BM-TS,seq,1_571,tid,11,k,580,lt,FALSE,pos,-59,hw,-59,i,218,ph,2_248,d,11_642,e,-40,st,SPIN_UP,flt,FALSE,up,TRUE,ig,0,o_pos,0,o_hw,0,o_i,NA,o_up,FALSE,why,NO_COG
[2026-09-15T13:56:51.970] Cog0  BM-TS,seq,1_572,tid,11,k,584,lt,FALSE,pos,-60,hw,-60,i,236,ph,2_649,d,11_787,e,-49,st,SPIN_UP,flt,FALSE,up,TRUE,ig,0,o_pos,0,o_hw,0,o_i,NA,o_up,FALSE,why,NO_COG
[2026-09-15T13:56:51.972] Cog0  BM-TS,seq,1_573,tid,11,k,588,lt,FALSE,pos,-61,hw,-61,i,227,ph,2_215,d,11_938,e,-61,st,SPIN_UP,flt,FALSE,up,TRUE,ig,0,o_pos,0,o_hw,0,o_i,NA,o_up,FALSE,why,NO_COG
[2026-09-15T13:56:51.974] Cog0  BM-TS,seq,1_574,tid,11,k,590,lt,FALSE,pos,-62,hw,-62,i,244,ph,2_584,d,12_060,e,-43,st,SPIN_UP,flt,FALSE,up,TRUE,ig,0,o_pos,0,o_hw,0,o_i,NA,o_up,FALSE,why,NO_COG
[2026-09-15T13:56:51.976] Cog0  BM-TS,seq,1_575,tid,11,k,594,lt,FALSE,pos,-63,hw,-63,i,244,ph,2_149,d,12_205,e,-57,st,SPIN_UP,flt,FALSE,up,TRUE,ig,0,o_pos,0,o_hw,0,o_i,NA,o_up,FALSE,why,NO_COG
[2026-09-15T13:56:51.979] Cog0  BM-TS,seq,1_576,tid,11,k,596,lt,FALSE,pos,-64,hw,-64,i,265,ph,2_518,d,12_360,e,-39,st,SPIN_UP,flt,FALSE,up,TRUE,ig,0,o_pos,0,o_hw,0,o_i,NA,o_up,FALSE,why,NO_COG
[2026-09-15T13:56:51.981] Cog0  BM-TS,seq,1_577,tid,11,k,600,lt,FALSE,pos,-65,hw,-65,i,261,ph,2_105,d,12_507,e,-54,st,SPIN_UP,flt,FALSE,up,TRUE,ig,0,o_pos,0,o_hw,0,o_i,NA,o_up,FALSE,why,NO_COG
[2026-09-15T13:56:51.983] Cog0  BM-TS,seq,1_578,tid,11,k,602,lt,FALSE,pos,-66,hw,-66,i,270,ph,2_489,d,12_660,e,-36,st,SPIN_UP,flt,FALSE,up,TRUE,ig,0,o_pos,0,o_hw,0,o_i,NA,o_up,FALSE,why,NO_COG
[2026-09-15T13:56:51.985] Cog0  BM-TS,seq,1_579,tid,11,k,606,lt,FALSE,pos,-67,hw,-67,i,280,ph,2_130,d,12_729,e,-52,st,SPIN_UP,flt,FALSE,up,TRUE,ig,0,o_pos,0,o_hw,0,o_i,NA,o_up,FALSE,why,NO_COG
[2026-09-15T13:56:51.987] Cog0  BM-TS,seq,1_580,tid,11,k,608,lt,FALSE,pos,-68,hw,-68,i,280,ph,2_478,d,12_908,e,-35,st,SPIN_UP,flt,FALSE,up,TRUE,ig,0,o_pos,0,o_hw,0,o_i,NA,o_up,FALSE,why,NO_COG
[2026-09-15T13:56:51.989] Cog0  BM-TS,seq,1_581,tid,11,k,612,lt,FALSE,pos,-69,hw,-69,i,281,ph,2_125,d,12_997,e,-53,st,SPIN_UP,flt,FALSE,up,TRUE,ig,0,o_pos,0,o_hw,0,o_i,NA,o_up,FALSE,why,NO_COG
[2026-09-15T13:56:51.991] Cog0  BM-TS,seq,1_582,tid,11,k,614,lt,FALSE,pos,-70,hw,-70,i,293,ph,2_500,d,13_138,e,-36,st,SPIN_UP,flt,FALSE,up,TRUE,ig,0,o_pos,0,o_hw,0,o_i,NA,o_up,FALSE,why,NO_COG
[2026-09-15T13:56:51.994] Cog0  BM-TS,seq,1_583,tid,11,k,618,lt,FALSE,pos,-71,hw,-71,i,289,ph,2_094,d,13_231,e,-51,st,SPIN_UP,flt,FALSE,up,TRUE,ig,0,o_pos,0,o_hw,0,o_i,NA,o_up,FALSE,why,NO_COG
[2026-09-15T13:56:51.996] Cog0  BM-TS,seq,1_584,tid,11,k,620,lt,FALSE,pos,-72,hw,-72,i,295,ph,2_536,d,13_399,e,-39,st,SPIN_UP,flt,FALSE,up,TRUE,ig,0,o_pos,0,o_hw,0,o_i,NA,o_up,FALSE,why,NO_COG
[2026-09-15T13:56:51.998] Cog0  BM-TS,seq,1_585,tid,11,k,624,lt,FALSE,pos,-73,hw,-73,i,302,ph,2_091,d,13_508,e,-54,st,SPIN_UP,flt,FALSE,up,TRUE,ig,0,o_pos,0,o_hw,0,o_i,NA,o_up,FALSE,why,NO_COG
[2026-09-15T13:56:52.000] Cog0  BM-TS,seq,1_586,tid,11,k,626,lt,FALSE,pos,-74,hw,-74,i,307,ph,2_604,d,13_633,e,-43,st,SPIN_UP,flt,FALSE,up,TRUE,ig,0,o_pos,0,o_hw,0,o_i,NA,o_up,FALSE,why,NO_COG
[2026-09-15T13:56:52.002] Cog0  BM-TS,seq,1_587,tid,11,k,630,lt,FALSE,pos,-75,hw,-75,i,297,ph,2_159,d,13_780,e,-59,st,SPIN_UP,flt,FALSE,up,TRUE,ig,0,o_pos,0,o_hw,0,o_i,NA,o_up,FALSE,why,NO_COG
[2026-09-15T13:56:52.004] Cog0  BM-TS,seq,1_588,tid,11,k,632,lt,FALSE,pos,-76,hw,-76,i,294,ph,2_690,d,13_867,e,-49,st,SPIN_UP,flt,FALSE,up,TRUE,ig,0,o_pos,0,o_hw,0,o_i,NA,o_up,FALSE,why,NO_COG
[2026-09-15T13:56:52.007] Cog0  BM-TS,seq,1_589,tid,11,k,634,lt,FALSE,pos,-77,hw,-77,i,319,ph,2_270,d,14_015,e,-38,st,SPIN_UP,flt,FALSE,up,TRUE,ig,0,o_pos,0,o_hw,0,o_i,NA,o_up,FALSE,why,NO_COG
[2026-09-15T13:56:52.009] Cog0  BM-TS,seq,1_590,tid,11,k,638,lt,FALSE,pos,-78,hw,-78,i,296,ph,2_691,d,14_138,e,-56,st,SPIN_UP,flt,FALSE,up,TRUE,ig,0,o_pos,0,o_hw,0,o_i,NA,o_up,FALSE,why,NO_COG
[2026-09-15T13:56:52.011] Cog0  BM-TS,seq,1_591,tid,11,k,640,lt,FALSE,pos,-79,hw,-79,i,328,ph,2_138,d,14_255,e,-46,st,SPIN_UP,flt,FALSE,up,TRUE,ig,0,o_pos,0,o_hw,0,o_i,NA,o_up,FALSE,why,NO_COG
[2026-09-15T13:56:52.013] Cog0  BM-TS,seq,1_592,tid,11,k,644,lt,FALSE,pos,-80,hw,-80,i,312,ph,2_558,d,14_431,e,-65,st,SPIN_UP,flt,FALSE,up,TRUE,ig,0,o_pos,0,o_hw,0,o_i,NA,o_up,FALSE,why,NO_COG
[2026-09-15T13:56:52.015] Cog0  BM-TS,seq,1_593,tid,11,k,646,lt,FALSE,pos,-81,hw,-81,i,334,ph,2_103,d,14_504,e,-56,st,SPIN_UP,flt,FALSE,up,TRUE,ig,0,o_pos,0,o_hw,0,o_i,NA,o_up,FALSE,why,NO_COG
[2026-09-15T13:56:52.017] Cog0  BM-TS,seq,1_594,tid,11,k,648,lt,FALSE,pos,-82,hw,-82,i,351,ph,2_613,d,14_651,e,-43,st,SPIN_UP,flt,FALSE,up,TRUE,ig,0,o_pos,0,o_hw,0,o_i,NA,o_up,FALSE,why,NO_COG
[2026-09-15T13:56:52.019] Cog0  BM-TS,seq,1_595,tid,11,k,650,lt,FALSE,pos,-82,hw,-82,i,341,ph,2_325,d,14_788,e,-77,st,SPIN_UP,flt,FALSE,up,TRUE,ig,0,o_pos,0,o_hw,0,o_i,NA,o_up,FALSE,why,NO_COG
[2026-09-15T13:56:52.021] Cog0  BM-TS,seq,1_596,tid,11,k,652,lt,FALSE,pos,-83,hw,-83,i,356,ph,2_282,d,14_820,e,-68,st,SPIN_UP,flt,FALSE,up,TRUE,ig,0,o_pos,0,o_hw,0,o_i,NA,o_up,FALSE,why,NO_COG
[2026-09-15T13:56:52.024] Cog0  BM-TS,seq,1_597,tid,11,k,654,lt,FALSE,pos,-84,hw,-84,i,346,ph,2_730,d,14_912,e,-55,st,SPIN_UP,flt,FALSE,up,TRUE,ig,0,o_pos,0,o_hw,0,o_i,NA,o_up,FALSE,why,NO_COG
[2026-09-15T13:56:52.025] Cog0  BM-TS,seq,1_598,tid,11,k,656,lt,FALSE,pos,-85,hw,-85,i,356,ph,2_121,d,15_047,e,-47,st,SPIN_UP,flt,FALSE,up,TRUE,ig,0,o_pos,0,o_hw,0,o_i,NA,o_up,FALSE,why,NO_COG
[2026-09-15T13:56:52.028] Cog0  BM-TS,seq,1_599,tid,11,k,658,lt,FALSE,pos,-86,hw,-86,i,395,ph,2_477,d,15_182,e,-39,st,SPIN_UP,flt,FALSE,up,TRUE,ig,0,o_pos,0,o_hw,0,o_i,NA,o_up,FALSE,why,NO_COG
[2026-09-15T13:56:52.030] Cog0  BM-TS,seq,1_600,tid,11,k,662,lt,FALSE,pos,-87,hw,-87,i,347,ph,2_160,d,15_298,e,-61,st,SPIN_UP,flt,FALSE,up,TRUE,ig,0,o_pos,0,o_hw,0,o_i,NA,o_up,FALSE,why,NO_COG
[2026-09-15T13:56:52.030] Cog0  BM-TS,seq,1_601,tid,11,k,664,lt,FALSE,pos,-88,hw,-88,i,394,ph,2_727,d,15_403,e,-54,st,SPIN_UP,flt,FALSE,up,TRUE,ig,0,o_pos,0,o_hw,0,o_i,NA,o_up,FALSE,why,NO_COG
[2026-09-15T13:56:52.034] Cog0  BM-TS,seq,1_602,tid,11,k,666,lt,FALSE,pos,-89,hw,-89,i,382,ph,2_181,d,15_541,e,-42,st,SPIN_UP,flt,FALSE,up,TRUE,ig,0,o_pos,0,o_hw,0,o_i,NA,o_up,FALSE,why,NO_COG
[2026-09-15T13:56:52.036] Cog0  BM-TS,seq,1_603,tid,11,k,670,lt,FALSE,pos,-90,hw,-90,i,407,ph,2_553,d,15_724,e,-66,st,SPIN_UP,flt,FALSE,up,TRUE,ig,0,o_pos,0,o_hw,0,o_i,NA,o_up,FALSE,why,NO_COG
[2026-09-15T13:56:52.038] Cog0  BM-TS,seq,1_604,tid,11,k,672,lt,FALSE,pos,-91,hw,-91,i,380,ph,2_130,d,15_800,e,-60,st,SPIN_UP,flt,FALSE,up,TRUE,ig,0,o_pos,0,o_hw,0,o_i,NA,o_up,FALSE,why,NO_COG
[2026-09-15T13:56:52.040] Cog0  BM-TS,seq,1_605,tid,11,k,674,lt,FALSE,pos,-92,hw,-92,i,375,ph,2_780,d,15_923,e,-53,st,SPIN_UP,flt,FALSE,up,TRUE,ig,0,o_pos,0,o_hw,0,o_i,NA,o_up,FALSE,why,NO_COG
[2026-09-15T13:56:52.042] Cog0  BM-TS,seq,1_606,tid,11,k,676,lt,FALSE,pos,-93,hw,-93,i,437,ph,2_173,d,16_058,e,-42,st,SPIN_UP,flt,FALSE,up,TRUE,ig,0,o_pos,0,o_hw,0,o_i,NA,o_up,FALSE,why,NO_COG
[2026-09-15T13:56:52.045] Cog0  BM-TS,seq,1_607,tid,11,k,678,lt,FALSE,pos,-94,hw,-94,i,419,ph,2_511,d,16_192,e,-36,st,SPIN_UP,flt,FALSE,up,TRUE,ig,0,o_pos,0,o_hw,0,o_i,NA,o_up,FALSE,why,NO_COG
[2026-09-15T13:56:52.047] Cog0  BM-TS,seq,1_608,tid,11,k,682,lt,FALSE,pos,-95,hw,-95,i,413,ph,2_187,d,16_324,e,-63,st,SPIN_UP,flt,FALSE,up,TRUE,ig,0,o_pos,0,o_hw,0,o_i,NA,o_up,FALSE,why,NO_COG
[2026-09-15T13:56:52.049] Cog0  BM-TS,seq,1_609,tid,11,k,684,lt,FALSE,pos,-96,hw,-96,i,394,ph,2_718,d,16_401,e,-57,st,SPIN_UP,flt,FALSE,up,TRUE,ig,0,o_pos,0,o_hw,0,o_i,NA,o_up,FALSE,why,NO_COG
[2026-09-15T13:56:52.051] Cog0  BM-TS,seq,1_610,tid,11,k,686,lt,FALSE,pos,-97,hw,-97,i,424,ph,1_995,d,16_517,e,-52,st,SPIN_UP,flt,FALSE,up,TRUE,ig,0,o_pos,0,o_hw,0,o_i,NA,o_up,FALSE,why,NO_COG
[2026-09-15T13:56:52.053] Cog0  BM-TS,seq,1_611,tid,11,k,688,lt,FALSE,pos,-98,hw,-98,i,457,ph,2_633,d,16_679,e,-43,st,SPIN_UP,flt,FALSE,up,TRUE,ig,0,o_pos,0,o_hw,0,o_i,NA,o_up,FALSE,why,NO_COG
[2026-09-15T13:56:52.055] Cog0  BM-TS,seq,1_612,tid,11,k,690,lt,FALSE,pos,-99,hw,-99,i,442,ph,2_252,d,16_813,e,-38,st,SPIN_UP,flt,FALSE,up,TRUE,ig,0,o_pos,0,o_hw,0,o_i,NA,o_up,FALSE,why,NO_COG
[2026-09-15T13:56:52.057] Cog0  BM-TS,seq,1_613,tid,11,k,694,lt,FALSE,pos,-100,hw,-100,i,459,ph,2_544,d,17_008,e,-67,st,SPIN_UP,flt,FALSE,up,TRUE,ig,0,o_pos,0,o_hw,0,o_i,NA,o_up,FALSE,why,NO_COG
[2026-09-15T13:56:52.060] Cog0  BM-TS,seq,1_614,tid,11,k,696,lt,FALSE,pos,-101,hw,-101,i,427,ph,2_164,d,17_118,e,-63,st,SPIN_UP,flt,FALSE,up,TRUE,ig,0,o_pos,0,o_hw,0,o_i,NA,o_up,FALSE,why,NO_COG
[2026-09-15T13:56:52.062] Cog0  BM-TS,seq,1_615,tid,11,k,698,lt,FALSE,pos,-102,hw,-102,i,474,ph,2_701,d,17_195,e,-59,st,SPIN_UP,flt,FALSE,up,TRUE,ig,0,o_pos,0,o_hw,0,o_i,NA,o_up,FALSE,why,NO_COG
[2026-09-15T13:56:52.064] Cog0  BM-TS,seq,1_616,tid,11,k,700,lt,FALSE,pos,-103,hw,-103,i,471,ph,2_017,d,17_291,e,-50,st,SPIN_UP,flt,FALSE,up,TRUE,ig,0,o_pos,0,o_hw,0,o_i,NA,o_up,FALSE,why,NO_COG
[2026-09-15T13:56:52.066] Cog0  BM-TS,seq,1_617,tid,11,k,702,lt,FALSE,pos,-104,hw,-104,i,462,ph,2_725,d,17_407,e,-47,st,SPIN_UP,flt,FALSE,up,TRUE,ig,0,o_pos,0,o_hw,0,o_i,NA,o_up,FALSE,why,NO_COG
[2026-09-15T13:56:52.068] Cog0  BM-TS,seq,1_618,tid,11,k,704,lt,FALSE,pos,-105,hw,-105,i,534,ph,2_231,d,17_503,e,-44,st,SPIN_UP,flt,FALSE,up,TRUE,ig,0,o_pos,0,o_hw,0,o_i,NA,o_up,FALSE,why,NO_COG
[2026-09-15T13:56:52.069] Cog0  BM-TS,seq,1_619,tid,11,k,706,lt,FALSE,pos,-106,hw,-106,i,493,ph,2_512,d,17_619,e,-36,st,SPIN_UP,flt,FALSE,up,TRUE,ig,0,o_pos,0,o_hw,0,o_i,NA,o_up,FALSE,why,NO_COG
[2026-09-15T13:56:52.072] Cog0  BM-TS,seq,1_620,tid,11,k,710,lt,FALSE,pos,-107,hw,-107,i,515,ph,2_259,d,17_782,e,-73,st,SPIN_UP,flt,FALSE,up,TRUE,ig,0,o_pos,0,o_hw,0,o_i,NA,o_up,FALSE,why,NO_COG
[2026-09-15T13:56:52.074] Cog0  BM-TS,seq,1_621,tid,11,k,712,lt,FALSE,pos,-108,hw,-108,i,458,ph,2_579,d,17_843,e,-66,st,SPIN_UP,flt,FALSE,up,TRUE,ig,0,o_pos,0,o_hw,0,o_i,NA,o_up,FALSE,why,NO_COG
[2026-09-15T13:56:52.077] Cog0  BM-TS,seq,1_622,tid,11,k,714,lt,FALSE,pos,-109,hw,-109,i,455,ph,2_180,d,17_938,e,-63,st,SPIN_UP,flt,FALSE,up,TRUE,ig,0,o_pos,0,o_hw,0,o_i,NA,o_up,FALSE,why,NO_COG
[2026-09-15T13:56:52.079] Cog0  BM-TS,seq,1_623,tid,11,k,716,lt,FALSE,pos,-110,hw,-110,i,499,ph,2_766,d,18_015,e,-56,st,SPIN_UP,flt,FALSE,up,TRUE,ig,0,o_pos,0,o_hw,0,o_i,NA,o_up,FALSE,why,NO_COG
[2026-09-15T13:56:52.081] Cog0  BM-TS,seq,1_624,tid,11,k,718,lt,FALSE,pos,-111,hw,-111,i,472,ph,1_995,d,18_100,e,-55,st,SPIN_UP,flt,FALSE,up,TRUE,ig,0,o_pos,0,o_hw,0,o_i,NA,o_up,FALSE,why,NO_COG
[2026-09-15T13:56:52.083] Cog0  BM-TS,seq,1_625,tid,11,k,720,lt,FALSE,pos,-112,hw,-112,i,463,ph,2_823,d,18_195,e,-53,st,SPIN_UP,flt,FALSE,up,TRUE,ig,0,o_pos,0,o_hw,0,o_i,NA,o_up,FALSE,why,NO_COG
[2026-09-15T13:56:52.085] Cog0  BM-TS,seq,1_626,tid,11,k,722,lt,FALSE,pos,-113,hw,-113,i,524,ph,2_053,d,18_317,e,-47,st,SPIN_UP,flt,FALSE,up,TRUE,ig,0,o_pos,0,o_hw,0,o_i,NA,o_up,FALSE,why,NO_COG
[2026-09-15T13:56:52.087] Cog0  BM-TS,seq,1_627,tid,11,k,724,lt,FALSE,pos,-114,hw,-114,i,514,ph,2_728,d,18_428,e,-46,st,SPIN_UP,flt,FALSE,up,TRUE,ig,0,o_pos,0,o_hw,0,o_i,NA,o_up,FALSE,why,NO_COG
[2026-09-15T13:56:52.089] Cog0  BM-TS,seq,1_628,tid,11,k,726,lt,FALSE,pos,-115,hw,-115,i,509,ph,2_091,d,18_495,e,-45,st,SPIN_UP,flt,FALSE,up,TRUE,ig,0,o_pos,0,o_hw,0,o_i,NA,o_up,FALSE,why,NO_COG
[2026-09-15T13:56:52.091] Cog0  BM-TS,seq,1_629,tid,11,k,728,lt,FALSE,pos,-116,hw,-116,i,532,ph,2_598,d,18_591,e,-39,st,SPIN_UP,flt,FALSE,up,TRUE,ig,0,o_pos,0,o_hw,0,o_i,NA,o_up,FALSE,why,NO_COG
[2026-09-15T13:56:52.093] Cog0  BM-TS,seq,1_630,tid,11,k,730,lt,FALSE,pos,-117,hw,-117,i,519,ph,2_212,d,18_711,e,-39,st,SPIN_UP,flt,FALSE,up,TRUE,ig,0,o_pos,0,o_hw,0,o_i,NA,o_up,FALSE,why,NO_COG
[2026-09-15T13:56:52.096] Cog0  BM-TS,seq,1_631,tid,11,k,732,lt,FALSE,pos,-118,hw,-118,i,531,ph,2_586,d,18_822,e,-39,st,SPIN_UP,flt,FALSE,up,TRUE,ig,0,o_pos,0,o_hw,0,o_i,NA,o_up,FALSE,why,NO_COG
[2026-09-15T13:56:52.098] Cog0  BM-TS,seq,1_632,tid,11,k,736,lt,FALSE,pos,-119,hw,-119,i,526,ph,2_479,d,19_026,e,-77,st,SPIN_UP,flt,FALSE,up,TRUE,ig,0,o_pos,0,o_hw,0,o_i,NA,o_up,FALSE,why,NO_COG
[2026-09-15T13:56:52.100] Cog0  BM-TS,seq,1_633,tid,11,k,738,lt,FALSE,pos,-120,hw,-120,i,556,ph,2_308,d,19_119,e,-77,st,SPIN_UP,flt,FALSE,up,TRUE,ig,0,o_pos,0,o_hw,0,o_i,NA,o_up,FALSE,why,NO_COG
[2026-09-15T13:56:52.102] Cog0  BM-TS,seq,1_634,tid,11,k,740,lt,FALSE,pos,-121,hw,-121,i,539,ph,2_371,d,19_185,e,-73,st,SPIN_UP,flt,FALSE,up,TRUE,ig,0,o_pos,0,o_hw,0,o_i,NA,o_up,FALSE,why,NO_COG
[2026-09-15T13:56:52.104] Cog0  BM-TS,seq,1_635,tid,11,k,742,lt,FALSE,pos,-122,hw,-122,i,498,ph,2_398,d,19_280,e,-74,st,SPIN_UP,flt,FALSE,up,TRUE,ig,0,o_pos,0,o_hw,0,o_i,NA,o_up,FALSE,why,NO_COG
[2026-09-15T13:56:52.106] Cog0  BM-TS,seq,1_636,tid,11,k,744,lt,FALSE,pos,-123,hw,-123,i,577,ph,2_417,d,19_389,e,-75,st,SPIN_UP,flt,FALSE,up,TRUE,ig,0,o_pos,0,o_hw,0,o_i,NA,o_up,FALSE,why,NO_COG
[2026-09-15T13:56:52.108] Cog0  BM-TS,seq,1_637,tid,11,k,746,lt,FALSE,pos,-124,hw,-124,i,549,ph,2_463,d,19_506,e,-71,st,SPIN_UP,flt,FALSE,up,TRUE,ig,0,o_pos,0,o_hw,0,o_i,NA,o_up,FALSE,why,NO_COG
[2026-09-15T13:56:52.111] Cog0  BM-TS,seq,1_638,tid,11,k,748,lt,FALSE,pos,-125,hw,-125,i,503,ph,2_360,d,19_575,e,-73,st,SPIN_UP,flt,FALSE,up,TRUE,ig,0,o_pos,0,o_hw,0,o_i,NA,o_up,FALSE,why,NO_COG
[2026-09-15T13:56:52.113] Cog0  BM-TS,seq,1_639,tid,11,k,750,lt,FALSE,pos,-126,hw,-126,i,601,ph,2_517,d,19_667,e,-75,st,SPIN_UP,flt,FALSE,up,TRUE,ig,0,o_pos,0,o_hw,0,o_i,NA,o_up,FALSE,why,NO_COG
[2026-09-15T13:56:52.115] Cog0  BM-TS,seq,1_640,tid,11,k,752,lt,FALSE,pos,-127,hw,-127,i,544,ph,2_340,d,19_781,e,-72,st,SPIN_UP,flt,FALSE,up,TRUE,ig,0,o_pos,0,o_hw,0,o_i,NA,o_up,FALSE,why,NO_COG
[2026-09-15T13:56:52.117] Cog0  BM-TS,seq,1_641,tid,11,k,754,lt,FALSE,pos,-128,hw,-128,i,509,ph,2_405,d,19_885,e,-74,st,SPIN_UP,flt,FALSE,up,TRUE,ig,0,o_pos,0,o_hw,0,o_i,NA,o_up,FALSE,why,NO_COG
[2026-09-15T13:56:52.119] Cog0  BM-TS,seq,1_642,tid,11,k,756,lt,FALSE,pos,-129,hw,-129,i,610,ph,2_330,d,20_005,e,-77,st,SPIN_UP,flt,FALSE,up,TRUE,ig,0,o_pos,0,o_hw,0,o_i,NA,o_up,FALSE,why,NO_COG
[2026-09-15T13:56:52.121] Cog0  BM-TS,seq,1_643,tid,11,k,758,lt,FALSE,pos,-130,hw,-130,i,565,ph,2_390,d,20_124,e,-74,st,SPIN_UP,flt,FALSE,up,TRUE,ig,0,o_pos,0,o_hw,0,o_i,NA,o_up,FALSE,why,NO_COG
[2026-09-15T13:56:52.123] Cog0  BM-TS,seq,1_644,tid,11,k,760,lt,FALSE,pos,-131,hw,-131,i,553,ph,2_500,d,20_238,e,-77,st,SPIN_UP,flt,FALSE,up,TRUE,ig,0,o_pos,0,o_hw,0,o_i,NA,o_up,FALSE,why,NO_COG
[2026-09-15T13:56:52.125] Cog0  BM-TS,seq,1_645,tid,11,k,762,lt,FALSE,pos,-132,hw,-132,i,618,ph,2_359,d,20_357,e,-75,st,SPIN_UP,flt,FALSE,up,TRUE,ig,0,o_pos,0,o_hw,0,o_i,NA,o_up,FALSE,why,NO_COG
[2026-09-15T13:56:52.128] Cog0  BM-TS,seq,1_646,tid,11,k,764,lt,FALSE,pos,-133,hw,-133,i,581,ph,2_531,d,20_474,e,-78,st,SPIN_UP,flt,FALSE,up,TRUE,ig,0,o_pos,0,o_hw,0,o_i,NA,o_up,FALSE,why,NO_COG
[2026-09-15T13:56:52.129] Cog0  BM-TS,seq,1_647,tid,11,k,766,lt,FALSE,pos,-135,hw,-135,i,581,ph,2_175,d,20_599,e,-40,st,SPIN_UP,flt,FALSE,up,TRUE,ig,0,o_pos,0,o_hw,0,o_i,NA,o_up,FALSE,why,NO_COG
[2026-09-15T13:56:52.132] Cog0  BM-TS,seq,1_648,tid,11,k,768,lt,FALSE,pos,-136,hw,-136,i,636,ph,2_581,d,20_691,e,-38,st,SPIN_UP,flt,FALSE,up,TRUE,ig,0,o_pos,0,o_hw,0,o_i,NA,o_up,FALSE,why,NO_COG
[2026-09-15T13:56:52.134] Cog0  BM-TS,seq,1_649,tid,11,k,770,lt,FALSE,pos,-137,hw,-137,i,591,ph,2_107,d,20_802,e,-42,st,SPIN_UP,flt,FALSE,up,TRUE,ig,0,o_pos,0,o_hw,0,o_i,NA,o_up,FALSE,why,NO_COG
[2026-09-15T13:56:52.134] Cog0  BM-TS,seq,1_650,tid,11,k,772,lt,FALSE,pos,-138,hw,-138,i,600,ph,2_779,d,20_914,e,-47,st,SPIN_UP,flt,FALSE,up,TRUE,ig,0,o_pos,0,o_hw,0,o_i,NA,o_up,FALSE,why,NO_COG
[2026-09-15T13:56:52.138] Cog0  BM-TS,seq,1_651,tid,11,k,774,lt,FALSE,pos,-139,hw,-139,i,644,ph,2_038,d,21_020,e,-46,st,SPIN_UP,flt,FALSE,up,TRUE,ig,0,o_pos,0,o_hw,0,o_i,NA,o_up,FALSE,why,NO_COG
[2026-09-15T13:56:52.140] Cog0  BM-TS,seq,1_652,tid,11,k,776,lt,FALSE,pos,-140,hw,-140,i,588,ph,2_882,d,21_124,e,-51,st,SPIN_UP,flt,FALSE,up,TRUE,ig,0,o_pos,0,o_hw,0,o_i,NA,o_up,FALSE,why,NO_COG
[2026-09-15T13:56:52.142] Cog0  BM-TS,seq,1_653,tid,11,k,778,lt,FALSE,pos,-141,hw,-141,i,593,ph,1_968,d,21_240,e,-56,st,SPIN_UP,flt,FALSE,up,TRUE,ig,0,o_pos,0,o_hw,0,o_i,NA,o_up,FALSE,why,NO_COG
[2026-09-15T13:56:52.144] Cog0  BM-TS,seq,1_654,tid,11,k,780,lt,FALSE,pos,-142,hw,-142,i,622,ph,2_838,d,21_339,e,-56,st,SPIN_UP,flt,FALSE,up,TRUE,ig,0,o_pos,0,o_hw,0,o_i,NA,o_up,FALSE,why,NO_COG
[2026-09-15T13:56:52.146] Cog0  BM-TS,seq,1_655,tid,11,k,782,lt,FALSE,pos,-143,hw,-143,i,583,ph,2_080,d,21_453,e,-62,st,SPIN_UP,flt,FALSE,up,TRUE,ig,0,o_pos,0,o_hw,0,o_i,NA,o_up,FALSE,why,NO_COG
[2026-09-15T13:56:52.149] Cog0  BM-TS,seq,1_656,tid,11,k,784,lt,FALSE,pos,-144,hw,-144,i,648,ph,2_566,d,21_570,e,-68,st,SPIN_UP,flt,FALSE,up,TRUE,ig,0,o_pos,0,o_hw,0,o_i,NA,o_up,FALSE,why,NO_COG
[2026-09-15T13:56:52.151] Cog0  BM-TS,seq,1_657,tid,11,k,786,lt,FALSE,pos,-145,hw,-145,i,631,ph,2_244,d,21_684,e,-68,st,SPIN_UP,flt,FALSE,up,TRUE,ig,0,o_pos,0,o_hw,0,o_i,NA,o_up,FALSE,why,NO_COG
[2026-09-15T13:56:52.153] Cog0  BM-TS,seq,1_658,tid,11,k,788,lt,FALSE,pos,-146,hw,-146,i,620,ph,2_393,d,21_803,e,-74,st,SPIN_UP,flt,FALSE,up,TRUE,ig,0,o_pos,0,o_hw,0,o_i,NA,o_up,FALSE,why,NO_COG
[2026-09-15T13:56:52.155] Cog0  BM-TS,seq,1_659,tid,11,k,790,lt,FALSE,pos,-147,hw,-147,i,712,ph,2_607,d,21_943,e,-81,st,SPIN_UP,flt,FALSE,up,TRUE,ig,0,o_pos,0,o_hw,0,o_i,NA,o_up,FALSE,why,NO_COG
[2026-09-15T13:56:52.157] Cog0  BM-TS,seq,1_660,tid,11,k,792,lt,FALSE,pos,-149,hw,-149,i,678,ph,2_168,d,22_046,e,-39,st,SPIN_UP,flt,FALSE,up,TRUE,ig,0,o_pos,0,o_hw,0,o_i,NA,o_up,FALSE,why,NO_COG
[2026-09-15T13:56:52.159] Cog0  BM-TS,seq,1_661,tid,11,k,794,lt,FALSE,pos,-150,hw,-150,i,654,ph,2_801,d,22_154,e,-47,st,SPIN_UP,flt,FALSE,up,TRUE,ig,0,o_pos,0,o_hw,0,o_i,NA,o_up,FALSE,why,NO_COG
[2026-09-15T13:56:52.161] Cog0  BM-TS,seq,1_662,tid,11,k,796,lt,FALSE,pos,-151,hw,-151,i,716,ph,1_911,d,22_280,e,-54,st,SPIN_UP,flt,FALSE,up,TRUE,ig,0,o_pos,0,o_hw,0,o_i,NA,o_up,FALSE,why,NO_COG
[2026-09-15T13:56:52.163] Cog0  BM-TS,seq,1_663,tid,11,k,798,lt,FALSE,pos,-152,hw,-152,i,640,ph,2_858,d,22_391,e,-56,st,SPIN_UP,flt,FALSE,up,TRUE,ig,0,o_pos,0,o_hw,0,o_i,NA,o_up,FALSE,why,NO_COG
[2026-09-15T13:56:52.165] Cog0  BM-TS,seq,1_664,tid,11,k,800,lt,FALSE,pos,-153,hw,-153,i,630,ph,2_125,d,22_510,e,-64,st,SPIN_UP,flt,FALSE,up,TRUE,ig,0,o_pos,0,o_hw,0,o_i,NA,o_up,FALSE,why,NO_COG
[2026-09-15T13:56:52.168] Cog0  BM-TS,seq,1_665,tid,11,k,802,lt,FALSE,pos,-154,hw,-154,i,739,ph,2_608,d,22_621,e,-72,st,SPIN_UP,flt,FALSE,up,TRUE,ig,0,o_pos,0,o_hw,0,o_i,NA,o_up,FALSE,why,NO_COG
[2026-09-15T13:56:52.170] Cog0  BM-TS,seq,1_666,tid,11,k,804,lt,FALSE,pos,-155,hw,-155,i,670,ph,2_409,d,22_771,e,-74,st,SPIN_UP,flt,FALSE,up,TRUE,ig,0,o_pos,0,o_hw,0,o_i,NA,o_up,FALSE,why,NO_COG
[2026-09-15T13:56:52.172] Cog0  BM-TS,seq,1_667,tid,11,k,806,lt,FALSE,pos,-157,hw,-157,i,676,ph,2_138,d,22_886,e,-40,st,SPIN_UP,flt,FALSE,up,TRUE,ig,0,o_pos,0,o_hw,0,o_i,NA,o_up,FALSE,why,NO_COG
[2026-09-15T13:56:52.174] Cog0  BM-TS,seq,1_668,tid,11,k,808,lt,FALSE,pos,-158,hw,-158,i,760,ph,2_726,d,22_995,e,-50,st,SPIN_UP,flt,FALSE,up,TRUE,ig,0,o_pos,0,o_hw,0,o_i,NA,o_up,FALSE,why,NO_COG
[2026-09-15T13:56:52.176] Cog0  BM-TS,seq,1_669,tid,11,k,810,lt,FALSE,pos,-159,hw,-159,i,678,ph,1_843,d,23_079,e,-52,st,SPIN_UP,flt,FALSE,up,TRUE,ig,0,o_pos,0,o_hw,0,o_i,NA,o_up,FALSE,why,NO_COG
[2026-09-15T13:56:52.178] Cog0  BM-TS,seq,1_670,tid,11,k,812,lt,FALSE,pos,-160,hw,-160,i,653,ph,2_721,d,23_204,e,-62,st,SPIN_UP,flt,FALSE,up,TRUE,ig,0,o_pos,0,o_hw,0,o_i,NA,o_up,FALSE,why,NO_COG
[2026-09-15T13:56:52.180] Cog0  BM-TS,seq,1_671,tid,11,k,814,lt,FALSE,pos,-161,hw,-161,i,753,ph,2_153,d,23_338,e,-65,st,SPIN_UP,flt,FALSE,up,TRUE,ig,0,o_pos,0,o_hw,0,o_i,NA,o_up,FALSE,why,NO_COG
[2026-09-15T13:56:52.182] Cog0  BM-TS,seq,1_672,tid,11,k,816,lt,FALSE,pos,-162,hw,-162,i,879,ph,2_556,d,23_428,e,-68,st,AT_SPEED,flt,FALSE,up,TRUE,ig,0,o_pos,0,o_hw,0,o_i,NA,o_up,FALSE,why,NO_COG
[2026-09-15T13:56:52.185] Cog0  BM-TS,seq,1_673,tid,11,k,818,lt,FALSE,pos,-163,hw,-163,i,836,ph,2_538,d,23_535,e,-78,st,AT_SPEED,flt,FALSE,up,TRUE,ig,0,o_pos,0,o_hw,0,o_i,NA,o_up,FALSE,why,NO_COG
[2026-09-15T13:56:52.187] Cog0  BM-TS,seq,1_674,tid,11,k,820,lt,FALSE,pos,-165,hw,-165,i,862,ph,2_159,d,23_613,e,-39,st,AT_SPEED,flt,FALSE,up,TRUE,ig,0,o_pos,0,o_hw,0,o_i,NA,o_up,FALSE,why,NO_COG
[2026-09-15T13:56:52.189] Cog0  BM-TS,seq,1_675,tid,11,k,822,lt,FALSE,pos,-166,hw,-166,i,772,ph,2_881,d,23_717,e,-49,st,AT_SPEED,flt,FALSE,up,TRUE,ig,0,o_pos,0,o_hw,0,o_i,NA,o_up,FALSE,why,NO_COG
[2026-09-15T13:56:52.191] Cog0  BM-TS,seq,1_676,tid,11,k,824,lt,FALSE,pos,-167,hw,-167,i,795,ph,1_981,d,23_801,e,-59,st,AT_SPEED,flt,FALSE,up,TRUE,ig,0,o_pos,0,o_hw,0,o_i,NA,o_up,FALSE,why,NO_COG
[2026-09-15T13:56:52.193] Cog0  BM-TS,seq,1_677,tid,11,k,826,lt,FALSE,pos,-168,hw,-168,i,829,ph,2_714,d,23_960,e,-62,st,AT_SPEED,flt,FALSE,up,TRUE,ig,0,o_pos,0,o_hw,0,o_i,NA,o_up,FALSE,why,NO_COG
[2026-09-15T13:56:52.195] Cog0  BM-TS,seq,1_678,tid,11,k,828,lt,FALSE,pos,-169,hw,-169,i,791,ph,2_344,d,24_098,e,-72,st,AT_SPEED,flt,FALSE,up,TRUE,ig,0,o_pos,0,o_hw,0,o_i,NA,o_up,FALSE,why,NO_COG
[2026-09-15T13:56:52.197] Cog0  BM-TS,seq,1_679,tid,11,k,830,lt,FALSE,pos,-170,hw,-170,i,861,ph,2_151,d,24_245,e,-82,st,AT_SPEED,flt,FALSE,up,TRUE,ig,0,o_pos,0,o_hw,0,o_i,NA,o_up,FALSE,why,NO_COG
[2026-09-15T13:56:52.199] Cog0  BM-TS,seq,1_680,tid,11,k,832,lt,FALSE,pos,-172,hw,-172,i,879,ph,2_734,d,24_258,e,-43,st,AT_SPEED,flt,FALSE,up,TRUE,ig,0,o_pos,0,o_hw,0,o_i,NA,o_up,FALSE,why,NO_COG
[2026-09-15T13:56:52.202] Cog0  BM-TS,seq,1_681,tid,11,k,834,lt,FALSE,pos,-173,hw,-173,i,808,ph,1_820,d,24_238,e,-53,st,AT_SPEED,flt,FALSE,up,TRUE,ig,0,o_pos,0,o_hw,0,o_i,NA,o_up,FALSE,why,NO_COG
[2026-09-15T13:56:52.204] Cog0  BM-TS,seq,1_682,tid,11,k,836,lt,FALSE,pos,-174,hw,-174,i,912,ph,2_728,d,24_255,e,-62,st,AT_SPEED,flt,FALSE,up,TRUE,ig,0,o_pos,0,o_hw,0,o_i,NA,o_up,FALSE,why,NO_COG
[2026-09-15T13:56:52.206] Cog0  BM-TS,seq,1_683,tid,11,k,838,lt,FALSE,pos,-175,hw,-175,i,913,ph,2_170,d,24_264,e,-66,st,AT_SPEED,flt,FALSE,up,TRUE,ig,0,o_pos,0,o_hw,0,o_i,NA,o_up,FALSE,why,NO_COG
[2026-09-15T13:56:52.208] Cog0  BM-TS,seq,1_684,tid,11,k,840,lt,FALSE,pos,-176,hw,-176,i,896,ph,2_328,d,24_264,e,-76,st,AT_SPEED,flt,FALSE,up,TRUE,ig,0,o_pos,0,o_hw,0,o_i,NA,o_up,FALSE,why,NO_COG
[2026-09-15T13:56:52.210] Cog0  BM-TS,seq,1_685,tid,11,k,842,lt,FALSE,pos,-178,hw,-178,i,1_008,ph,2_741,d,24_253,e,-43,st,AT_SPEED,flt,FALSE,up,TRUE,ig,0,o_pos,0,o_hw,0,o_i,NA,o_up,FALSE,why,NO_COG
[2026-09-15T13:56:52.212] Cog0  BM-TS,seq,1_686,tid,11,k,844,lt,FALSE,pos,-179,hw,-179,i,892,ph,1_965,d,24_237,e,-46,st,AT_SPEED,flt,FALSE,up,TRUE,ig,0,o_pos,0,o_hw,0,o_i,NA,o_up,FALSE,why,NO_COG
[2026-09-15T13:56:52.214] Cog0  BM-TS,seq,1_687,tid,11,k,846,lt,FALSE,pos,-180,hw,-180,i,847,ph,2_887,d,24_251,e,-56,st,AT_SPEED,flt,FALSE,up,TRUE,ig,0,o_pos,0,o_hw,0,o_i,NA,o_up,FALSE,why,NO_COG
[2026-09-15T13:56:52.216] Cog0  BM-TS,seq,1_688,tid,11,k,848,lt,FALSE,pos,-181,hw,-181,i,987,ph,2_002,d,24_264,e,-66,st,AT_SPEED,flt,FALSE,up,TRUE,ig,0,o_pos,0,o_hw,0,o_i,NA,o_up,FALSE,why,NO_COG
[2026-09-15T13:56:52.219] Cog0  BM-TS,seq,1_689,tid,11,k,850,lt,FALSE,pos,-182,hw,-182,i,882,ph,2_528,d,24_264,e,-69,st,AT_SPEED,flt,FALSE,up,TRUE,ig,0,o_pos,0,o_hw,0,o_i,NA,o_up,FALSE,why,NO_COG
[2026-09-15T13:56:52.221] Cog0  BM-TS,seq,1_690,tid,11,k,852,lt,FALSE,pos,-183,hw,-183,i,871,ph,2_566,d,24_264,e,-79,st,AT_SPEED,flt,FALSE,up,TRUE,ig,0,o_pos,0,o_hw,0,o_i,NA,o_up,FALSE,why,NO_COG
[2026-09-15T13:56:52.223] Cog0  BM-TS,seq,1_691,tid,11,k,854,lt,FALSE,pos,-185,hw,-185,i,965,ph,2_127,d,24_242,e,-47,st,AT_SPEED,flt,FALSE,up,TRUE,ig,0,o_pos,0,o_hw,0,o_i,NA,o_up,FALSE,why,NO_COG
[2026-09-15T13:56:52.225] Cog0  BM-TS,seq,1_692,tid,11,k,856,lt,FALSE,pos,-186,hw,-186,i,854,ph,2_921,d,24_246,e,-50,st,AT_SPEED,flt,FALSE,up,TRUE,ig,0,o_pos,0,o_hw,0,o_i,NA,o_up,FALSE,why,NO_COG
[2026-09-15T13:56:52.227] Cog0  BM-TS,seq,1_693,tid,11,k,858,lt,FALSE,pos,-187,hw,-187,i,827,ph,2_005,d,24_245,e,-60,st,AT_SPEED,flt,FALSE,up,TRUE,ig,0,o_pos,0,o_hw,0,o_i,NA,o_up,FALSE,why,NO_COG
[2026-09-15T13:56:52.229] Cog0  BM-TS,seq,1_694,tid,11,k,860,lt,FALSE,pos,-188,hw,-188,i,922,ph,2_702,d,24_264,e,-63,st,AT_SPEED,flt,FALSE,up,TRUE,ig,0,o_pos,0,o_hw,0,o_i,NA,o_up,FALSE,why,NO_COG
[2026-09-15T13:56:52.231] Cog0  BM-TS,seq,1_695,tid,11,k,862,lt,FALSE,pos,-189,hw,-189,i,890,ph,2_370,d,24_264,e,-73,st,AT_SPEED,flt,FALSE,up,TRUE,ig,0,o_pos,0,o_hw,0,o_i,NA,o_up,FALSE,why,NO_COG
[2026-09-15T13:56:52.234] Cog0  BM-TS,seq,1_696,tid,11,k,864,lt,FALSE,pos,-191,hw,-191,i,877,ph,2_117,d,24_254,e,-40,st,AT_SPEED,flt,FALSE,up,TRUE,ig,0,o_pos,0,o_hw,0,o_i,NA,o_up,FALSE,why,NO_COG
[2026-09-15T13:56:52.236] Cog0  BM-TS,seq,1_697,tid,11,k,866,lt,FALSE,pos,-192,hw,-192,i,938,ph,2_753,d,24_244,e,-44,st,AT_SPEED,flt,FALSE,up,TRUE,ig,0,o_pos,0,o_hw,0,o_i,NA,o_up,FALSE,why,NO_COG
[2026-09-15T13:56:52.238] Cog0  BM-TS,seq,1_698,tid,11,k,868,lt,FALSE,pos,-193,hw,-193,i,854,ph,1_849,d,24_235,e,-54,st,AT_SPEED,flt,FALSE,up,TRUE,ig,0,o_pos,0,o_hw,0,o_i,NA,o_up,FALSE,why,NO_COG
[2026-09-15T13:56:52.240] Cog0  BM-TS,seq,1_699,tid,11,k,870,lt,FALSE,pos,-194,hw,-194,i,861,ph,2_696,d,24_264,e,-63,st,AT_SPEED,flt,FALSE,up,TRUE,ig,0,o_pos,0,o_hw,0,o_i,NA,o_up,FALSE,why,NO_COG
[2026-09-15T13:56:52.242] Cog0  BM-TS,seq,1_700,tid,11,k,872,lt,FALSE,pos,-195,hw,-195,i,939,ph,2_184,d,24_264,e,-67,st,AT_SPEED,flt,FALSE,up,TRUE,ig,0,o_pos,0,o_hw,0,o_i,NA,o_up,FALSE,why,NO_COG
[2026-09-15T13:56:52.244] Cog0  BM-TS,seq,1_701,tid,11,k,874,lt,FALSE,pos,-196,hw,-196,i,891,ph,2_294,d,24_264,e,-77,st,AT_SPEED,flt,FALSE,up,TRUE,ig,0,o_pos,0,o_hw,0,o_i,NA,o_up,FALSE,why,NO_COG
[2026-09-15T13:56:52.246] Cog0  BM-TS,seq,1_702,tid,11,k,876,lt,FALSE,pos,-198,hw,-198,i,914,ph,2_770,d,24_244,e,-44,st,AT_SPEED,flt,FALSE,up,TRUE,ig,0,o_pos,0,o_hw,0,o_i,NA,o_up,FALSE,why,NO_COG
[2026-09-15T13:56:52.248] Cog0  BM-TS,seq,1_703,tid,11,k,878,lt,FALSE,pos,-199,hw,-199,i,898,ph,1_945,d,24_232,e,-47,st,AT_SPEED,flt,FALSE,up,TRUE,ig,0,o_pos,0,o_hw,0,o_i,NA,o_up,FALSE,why,NO_COG
[2026-09-15T13:56:52.251] Cog0  BM-TS,seq,1_704,tid,11,k,880,lt,FALSE,pos,-200,hw,-200,i,817,ph,2_858,d,24_261,e,-57,st,AT_SPEED,flt,FALSE,up,TRUE,ig,0,o_pos,0,o_hw,0,o_i,NA,o_up,FALSE,why,NO_COG
[2026-09-15T13:56:52.253] Cog0  BM-TS,seq,1_705,tid,11,k,882,lt,FALSE,pos,-201,hw,-201,i,915,ph,2_202,d,24_257,e,-67,st,AT_SPEED,flt,FALSE,up,TRUE,ig,0,o_pos,0,o_hw,0,o_i,NA,o_up,FALSE,why,NO_COG
[2026-09-15T13:56:52.255] Cog0  BM-TS,seq,1_706,tid,11,k,884,lt,FALSE,pos,-202,hw,-202,i,901,ph,2_497,d,24_264,e,-70,st,AT_SPEED,flt,FALSE,up,TRUE,ig,0,o_pos,0,o_hw,0,o_i,NA,o_up,FALSE,why,NO_COG
[2026-09-15T13:56:52.257] Cog0  BM-TS,seq,1_707,tid,11,k,886,lt,FALSE,pos,-204,hw,-204,i,884,ph,2_594,d,24_257,e,-38,st,AT_SPEED,flt,FALSE,up,TRUE,ig,0,o_pos,0,o_hw,0,o_i,NA,o_up,FALSE,why,NO_COG
[2026-09-15T13:56:52.259] Cog0  BM-TS,seq,1_708,tid,11,k,888,lt,FALSE,pos,-205,hw,-205,i,965,ph,1_947,d,24_225,e,-48,st,AT_SPEED,flt,FALSE,up,TRUE,ig,0,o_pos,0,o_hw,0,o_i,NA,o_up,FALSE,why,NO_COG
[2026-09-15T13:56:52.261] Cog0  BM-TS,seq,1_709,tid,11,k,890,lt,FALSE,pos,-206,hw,-206,i,861,ph,2_938,d,24_241,e,-51,st,AT_SPEED,flt,FALSE,up,TRUE,ig,0,o_pos,0,o_hw,0,o_i,NA,o_up,FALSE,why,NO_COG
[2026-09-15T13:56:52.264] Cog0  BM-TS,seq,1_710,tid,11,k,892,lt,FALSE,pos,-207,hw,-207,i,837,ph,2_029,d,24_242,e,-61,st,AT_SPEED,flt,FALSE,up,TRUE,ig,0,o_pos,0,o_hw,0,o_i,NA,o_up,FALSE,why,NO_COG
[2026-09-15T13:56:52.265] Cog0  BM-TS,seq,1_711,tid,11,k,894,lt,FALSE,pos,-208,hw,-208,i,967,ph,2_668,d,24_264,e,-71,st,AT_SPEED,flt,FALSE,up,TRUE,ig,0,o_pos,0,o_hw,0,o_i,NA,o_up,FALSE,why,NO_COG
[2026-09-15T13:56:52.268] Cog0  BM-TS,seq,1_712,tid,11,k,896,lt,FALSE,pos,-209,hw,-209,i,930,ph,2_419,d,24_264,e,-74,st,AT_SPEED,flt,FALSE,up,TRUE,ig,0,o_pos,0,o_hw,0,o_i,NA,o_up,FALSE,why,NO_COG
[2026-09-15T13:56:52.270] Cog0  BM-TS,seq,1_713,tid,11,k,898,lt,FALSE,pos,-211,hw,-211,i,859,ph,2_100,d,24_242,e,-41,st,AT_SPEED,flt,FALSE,up,TRUE,ig,0,o_pos,0,o_hw,0,o_i,NA,o_up,FALSE,why,NO_COG
[2026-09-15T13:56:52.272] Cog0  BM-TS,seq,1_714,tid,11,k,900,lt,FALSE,pos,-212,hw,-212,i,930,ph,2_780,d,24_243,e,-51,st,AT_SPEED,flt,FALSE,up,TRUE,ig,0,o_pos,0,o_hw,0,o_i,NA,o_up,FALSE,why,NO_COG
[2026-09-15T13:56:52.274] Cog0  BM-TS,seq,1_715,tid,11,k,902,lt,FALSE,pos,-213,hw,-213,i,879,ph,1_867,d,24_232,e,-54,st,AT_SPEED,flt,FALSE,up,TRUE,ig,0,o_pos,0,o_hw,0,o_i,NA,o_up,FALSE,why,NO_COG
[2026-09-15T13:56:52.276] Cog0  BM-TS,seq,1_716,tid,11,k,904,lt,FALSE,pos,-214,hw,-214,i,846,ph,2_657,d,24_264,e,-64,st,AT_SPEED,flt,FALSE,up,TRUE,ig,0,o_pos,0,o_hw,0,o_i,NA,o_up,FALSE,why,NO_COG
[2026-09-15T13:56:52.278] Cog0  BM-TS,seq,1_717,tid,11,k,906,lt,FALSE,pos,-215,hw,-215,i,950,ph,2_215,d,24_264,e,-68,st,AT_SPEED,flt,FALSE,up,TRUE,ig,0,o_pos,0,o_hw,0,o_i,NA,o_up,FALSE,why,NO_COG
[2026-09-15T13:56:52.281] Cog0  BM-TS,seq,1_718,tid,11,k,908,lt,FALSE,pos,-217,hw,-217,i,899,ph,2_271,d,24_261,e,-35,st,AT_SPEED,flt,FALSE,up,TRUE,ig,0,o_pos,0,o_hw,0,o_i,NA,o_up,FALSE,why,NO_COG
[2026-09-15T13:56:52.281] Cog0  BM-TS,seq,1_719,tid,11,k,910,lt,FALSE,pos,-218,hw,-218,i,853,ph,2_795,d,24_240,e,-45,st,AT_SPEED,flt,FALSE,up,TRUE,ig,0,o_pos,0,o_hw,0,o_i,NA,o_up,FALSE,why,NO_COG
[2026-09-15T13:56:52.285] Cog0  BM-TS,seq,1_720,tid,11,k,912,lt,FALSE,pos,-219,hw,-219,i,933,ph,1_915,d,24_251,e,-48,st,AT_SPEED,flt,FALSE,up,TRUE,ig,0,o_pos,0,o_hw,0,o_i,NA,o_up,FALSE,why,NO_COG
[2026-09-15T13:56:52.287] Cog0  BM-TS,seq,1_721,tid,11,k,914,lt,FALSE,pos,-220,hw,-220,i,850,ph,2_829,d,24_256,e,-58,st,AT_SPEED,flt,FALSE,up,TRUE,ig,0,o_pos,0,o_hw,0,o_i,NA,o_up,FALSE,why,NO_COG
[2026-09-15T13:56:52.289] Cog0  BM-TS,seq,1_722,tid,11,k,916,lt,FALSE,pos,-221,hw,-221,i,863,ph,2_226,d,24_264,e,-68,st,AT_SPEED,flt,FALSE,up,TRUE,ig,0,o_pos,0,o_hw,0,o_i,NA,o_up,FALSE,why,NO_COG
[2026-09-15T13:56:52.291] Cog0  BM-TS,seq,1_723,tid,11,k,918,lt,FALSE,pos,-222,hw,-222,i,935,ph,2_474,d,24_264,e,-71,st,AT_SPEED,flt,FALSE,up,TRUE,ig,0,o_pos,0,o_hw,0,o_i,NA,o_up,FALSE,why,NO_COG
[2026-09-15T13:56:52.293] Cog0  BM-TS,seq,1_724,tid,11,k,920,lt,FALSE,pos,-224,hw,-224,i,884,ph,2_621,d,24_252,e,-39,st,AT_SPEED,flt,FALSE,up,TRUE,ig,0,o_pos,0,o_hw,0,o_i,NA,o_up,FALSE,why,NO_COG
[2026-09-15T13:56:52.295] Cog0  BM-TS,seq,1_725,tid,11,k,922,lt,FALSE,pos,-225,hw,-225,i,901,ph,1_907,d,24_253,e,-48,st,AT_SPEED,flt,FALSE,up,TRUE,ig,0,o_pos,0,o_hw,0,o_i,NA,o_up,FALSE,why,NO_COG
[2026-09-15T13:56:52.298] Cog0  BM-TS,seq,1_726,tid,11,k,924,lt,FALSE,pos,-226,hw,-226,i,899,ph,2_958,d,24_240,e,-52,st,AT_SPEED,flt,FALSE,up,TRUE,ig,0,o_pos,0,o_hw,0,o_i,NA,o_up,FALSE,why,NO_COG
[2026-09-15T13:56:52.300] Cog0  BM-TS,seq,1_727,tid,11,k,926,lt,FALSE,pos,-227,hw,-227,i,831,ph,2_053,d,24_264,e,-62,st,AT_SPEED,flt,FALSE,up,TRUE,ig,0,o_pos,0,o_hw,0,o_i,NA,o_up,FALSE,why,NO_COG
[2026-09-15T13:56:52.302] Cog0  BM-TS,seq,1_728,tid,11,k,928,lt,FALSE,pos,-228,hw,-228,i,914,ph,2_477,d,24_264,e,-72,st,AT_SPEED,flt,FALSE,up,TRUE,ig,0,o_pos,0,o_hw,0,o_i,NA,o_up,FALSE,why,NO_COG
[2026-09-15T13:56:52.304] Cog0  BM-TS,seq,1_729,tid,11,k,930,lt,FALSE,pos,-229,hw,-229,i,945,ph,2_459,d,24_264,e,-75,st,AT_SPEED,flt,FALSE,up,TRUE,ig,0,o_pos,0,o_hw,0,o_i,NA,o_up,FALSE,why,NO_COG
[2026-09-15T13:56:52.306] Cog0  BM-TS,seq,1_730,tid,11,k,932,lt,FALSE,pos,-231,hw,-231,i,866,ph,2_074,d,24_254,e,-42,st,AT_SPEED,flt,FALSE,up,TRUE,ig,0,o_pos,0,o_hw,0,o_i,NA,o_up,FALSE,why,NO_COG
[2026-09-15T13:56:52.308] Cog0  BM-TS,seq,1_731,tid,11,k,934,lt,FALSE,pos,-232,hw,-232,i,932,ph,2_971,d,24_241,e,-52,st,AT_SPEED,flt,FALSE,up,TRUE,ig,0,o_pos,0,o_hw,0,o_i,NA,o_up,FALSE,why,NO_COG
[2026-09-15T13:56:52.310] Cog0  BM-TS,seq,1_732,tid,11,k,936,lt,FALSE,pos,-233,hw,-233,i,882,ph,1_893,d,24_252,e,-55,st,AT_SPEED,flt,FALSE,up,TRUE,ig,0,o_pos,0,o_hw,0,o_i,NA,o_up,FALSE,why,NO_COG
[2026-09-15T13:56:52.312] Cog0  BM-TS,seq,1_733,tid,11,k,938,lt,FALSE,pos,-234,hw,-234,i,849,ph,2_645,d,24_264,e,-65,st,AT_SPEED,flt,FALSE,up,TRUE,ig,0,o_pos,0,o_hw,0,o_i,NA,o_up,FALSE,why,NO_COG
[2026-09-15T13:56:52.315] Cog0  BM-TS,seq,1_734,tid,11,k,940,lt,FALSE,pos,-235,hw,-235,i,981,ph,2_249,d,24_264,e,-75,st,AT_SPEED,flt,FALSE,up,TRUE,ig,0,o_pos,0,o_hw,0,o_i,NA,o_up,FALSE,why,NO_COG
[2026-09-15T13:56:52.317] Cog0  BM-TS,seq,1_735,tid,11,k,942,lt,FALSE,pos,-237,hw,-237,i,938,ph,2_243,d,24_255,e,-36,st,AT_SPEED,flt,FALSE,up,TRUE,ig,0,o_pos,0,o_hw,0,o_i,NA,o_up,FALSE,why,NO_COG
[2026-09-15T13:56:52.319] Cog0  BM-TS,seq,1_736,tid,11,k,944,lt,FALSE,pos,-238,hw,-238,i,848,ph,2_813,d,24_242,e,-46,st,AT_SPEED,flt,FALSE,up,TRUE,ig,0,o_pos,0,o_hw,0,o_i,NA,o_up,FALSE,why,NO_COG
[2026-09-15T13:56:52.321] Cog0  BM-TS,seq,1_737,tid,11,k,946,lt,FALSE,pos,-239,hw,-239,i,940,ph,1_893,d,24_249,e,-56,st,AT_SPEED,flt,FALSE,up,TRUE,ig,0,o_pos,0,o_hw,0,o_i,NA,o_up,FALSE,why,NO_COG
[2026-09-15T13:56:52.323] Cog0  BM-TS,seq,1_738,tid,11,k,948,lt,FALSE,pos,-240,hw,-240,i,884,ph,2_807,d,24_256,e,-59,st,AT_SPEED,flt,FALSE,up,TRUE,ig,0,o_pos,0,o_hw,0,o_i,NA,o_up,FALSE,why,NO_COG
[2026-09-15T13:56:52.325] Cog0  BM-TS,seq,1_739,tid,11,k,950,lt,FALSE,pos,-241,hw,-241,i,851,ph,2_257,d,24_264,e,-69,st,AT_SPEED,flt,FALSE,up,TRUE,ig,0,o_pos,0,o_hw,0,o_i,NA,o_up,FALSE,why,NO_COG
[2026-09-15T13:56:52.327] Cog0  BM-TS,seq,1_740,tid,11,k,952,lt,FALSE,pos,-242,hw,-242,i,971,ph,2_417,d,24_264,e,-72,st,AT_SPEED,flt,FALSE,up,TRUE,ig,0,o_pos,0,o_hw,0,o_i,NA,o_up,FALSE,why,NO_COG
[2026-09-15T13:56:52.330] Cog0  BM-TS,seq,1_741,tid,11,k,954,lt,FALSE,pos,-244,hw,-244,i,910,ph,2_637,d,24_246,e,-40,st,AT_SPEED,flt,FALSE,up,TRUE,ig,0,o_pos,0,o_hw,0,o_i,NA,o_up,FALSE,why,NO_COG
[2026-09-15T13:56:52.332] Cog0  BM-TS,seq,1_742,tid,11,k,956,lt,FALSE,pos,-245,hw,-245,i,822,ph,1_880,d,24_250,e,-49,st,AT_SPEED,flt,FALSE,up,TRUE,ig,0,o_pos,0,o_hw,0,o_i,NA,o_up,FALSE,why,NO_COG
[2026-09-15T13:56:52.334] Cog0  BM-TS,seq,1_743,tid,11,k,958,lt,FALSE,pos,-246,hw,-246,i,943,ph,2_966,d,24_237,e,-53,st,AT_SPEED,flt,FALSE,up,TRUE,ig,0,o_pos,0,o_hw,0,o_i,NA,o_up,FALSE,why,NO_COG
[2026-09-15T13:56:52.336] Cog0  BM-TS,seq,1_744,tid,11,k,960,lt,FALSE,pos,-247,hw,-247,i,851,ph,2_082,d,24_261,e,-63,st,AT_SPEED,flt,FALSE,up,TRUE,ig,0,o_pos,0,o_hw,0,o_i,NA,o_up,FALSE,why,NO_COG
[2026-09-15T13:56:52.338] Cog0  BM-TS,seq,1_745,tid,11,k,962,lt,FALSE,pos,-248,hw,-248,i,849,ph,2_438,d,24_264,e,-73,st,AT_SPEED,flt,FALSE,up,TRUE,ig,0,o_pos,0,o_hw,0,o_i,NA,o_up,FALSE,why,NO_COG
[2026-09-15T13:56:52.340] Cog0  BM-TS,seq,1_746,tid,11,k,964,lt,FALSE,pos,-250,hw,-250,i,989,ph,2_475,d,24_260,e,-33,st,AT_SPEED,flt,FALSE,up,TRUE,ig,0,o_pos,0,o_hw,0,o_i,NA,o_up,FALSE,why,NO_COG
[2026-09-15T13:56:52.342] Cog0  BM-TS,seq,1_747,tid,11,k,966,lt,FALSE,pos,-251,hw,-251,i,857,ph,2_045,d,24_250,e,-43,st,AT_SPEED,flt,FALSE,up,TRUE,ig,0,o_pos,0,o_hw,0,o_i,NA,o_up,FALSE,why,NO_COG
[2026-09-15T13:56:52.344] Cog0  BM-TS,seq,1_748,tid,11,k,968,lt,FALSE,pos,-252,hw,-252,i,853,ph,2_969,d,24_243,e,-53,st,AT_SPEED,flt,FALSE,up,TRUE,ig,0,o_pos,0,o_hw,0,o_i,NA,o_up,FALSE,why,NO_COG
[2026-09-15T13:56:52.347] Cog0  BM-TS,seq,1_749,tid,11,k,970,lt,FALSE,pos,-253,hw,-253,i,930,ph,1_912,d,24_247,e,-56,st,AT_SPEED,flt,FALSE,up,TRUE,ig,0,o_pos,0,o_hw,0,o_i,NA,o_up,FALSE,why,NO_COG
[2026-09-15T13:56:52.349] Cog0  BM-TS,seq,1_750,tid,11,k,972,lt,FALSE,pos,-254,hw,-254,i,847,ph,2_613,d,24_264,e,-66,st,AT_SPEED,flt,FALSE,up,TRUE,ig,0,o_pos,0,o_hw,0,o_i,NA,o_up,FALSE,why,NO_COG
[2026-09-15T13:56:52.351] Cog0  BM-TS,seq,1_751,tid,11,k,974,lt,FALSE,pos,-255,hw,-255,i,929,ph,2_456,d,24_264,e,-76,st,AT_SPEED,flt,FALSE,up,TRUE,ig,0,o_pos,0,o_hw,0,o_i,NA,o_up,FALSE,why,NO_COG
[2026-09-15T13:56:52.353] Cog0  BM-TS,seq,1_752,tid,11,k,976,lt,FALSE,pos,-257,hw,-257,i,942,ph,2_209,d,24_250,e,-37,st,AT_SPEED,flt,FALSE,up,TRUE,ig,0,o_pos,0,o_hw,0,o_i,NA,o_up,FALSE,why,NO_COG
[2026-09-15T13:56:52.355] Cog0  BM-TS,seq,1_753,tid,11,k,978,lt,FALSE,pos,-258,hw,-258,i,862,ph,2_842,d,24_242,e,-47,st,AT_SPEED,flt,FALSE,up,TRUE,ig,0,o_pos,0,o_hw,0,o_i,NA,o_up,FALSE,why,NO_COG
[2026-09-15T13:56:52.357] Cog0  BM-TS,seq,1_754,tid,11,k,980,lt,FALSE,pos,-259,hw,-259,i,892,ph,1_931,d,24_251,e,-57,st,AT_SPEED,flt,FALSE,up,TRUE,ig,0,o_pos,0,o_hw,0,o_i,NA,o_up,FALSE,why,NO_COG
[2026-09-15T13:56:52.359] Cog0  BM-TS,seq,1_755,tid,11,k,982,lt,FALSE,pos,-260,hw,-260,i,879,ph,2_782,d,24_253,e,-60,st,AT_SPEED,flt,FALSE,up,TRUE,ig,0,o_pos,0,o_hw,0,o_i,NA,o_up,FALSE,why,NO_COG
[2026-09-15T13:56:52.362] Cog0  BM-TS,seq,1_756,tid,11,k,984,lt,FALSE,pos,-261,hw,-261,i,846,ph,2_276,d,24_264,e,-70,st,AT_SPEED,flt,FALSE,up,TRUE,ig,0,o_pos,0,o_hw,0,o_i,NA,o_up,FALSE,why,NO_COG
[2026-09-15T13:56:52.364] Cog0  BM-TS,seq,1_757,tid,11,k,986,lt,FALSE,pos,-262,hw,-262,i,1_001,ph,2_383,d,24_264,e,-80,st,AT_SPEED,flt,FALSE,up,TRUE,ig,0,o_pos,0,o_hw,0,o_i,NA,o_up,FALSE,why,NO_COG
[2026-09-15T13:56:52.366] Cog0  BM-TS,seq,1_758,tid,11,k,988,lt,FALSE,pos,-264,hw,-264,i,943,ph,2_681,d,24_243,e,-40,st,AT_SPEED,flt,FALSE,up,TRUE,ig,0,o_pos,0,o_hw,0,o_i,NA,o_up,FALSE,why,NO_COG
[2026-09-15T13:56:52.368] Cog0  BM-TS,seq,1_759,tid,11,k,990,lt,FALSE,pos,-265,hw,-265,i,819,ph,1_863,d,24_249,e,-50,st,AT_SPEED,flt,FALSE,up,TRUE,ig,0,o_pos,0,o_hw,0,o_i,NA,o_up,FALSE,why,NO_COG
[2026-09-15T13:56:52.370] Cog0  BM-TS,seq,1_760,tid,11,k,992,lt,FALSE,pos,-266,hw,-266,i,949,ph,2_932,d,24_236,e,-60,st,AT_SPEED,flt,FALSE,up,TRUE,ig,0,o_pos,0,o_hw,0,o_i,NA,o_up,FALSE,why,NO_COG
[2026-09-15T13:56:52.372] Cog0  BM-TS,seq,1_761,tid,11,k,994,lt,FALSE,pos,-267,hw,-267,i,886,ph,2_102,d,24_264,e,-64,st,AT_SPEED,flt,FALSE,up,TRUE,ig,0,o_pos,0,o_hw,0,o_i,NA,o_up,FALSE,why,NO_COG
[2026-09-15T13:56:52.374] Cog0  BM-TS,seq,1_762,tid,11,k,996,lt,FALSE,pos,-268,hw,-268,i,834,ph,2_410,d,24_264,e,-74,st,AT_SPEED,flt,FALSE,up,TRUE,ig,0,o_pos,0,o_hw,0,o_i,NA,o_up,FALSE,why,NO_COG
[2026-09-15T13:56:52.377] Cog0  BM-TS,seq,1_763,tid,11,k,998,lt,FALSE,pos,-270,hw,-270,i,1_020,ph,2_499,d,24_258,e,-41,st,AT_SPEED,flt,FALSE,up,TRUE,ig,0,o_pos,0,o_hw,0,o_i,NA,o_up,FALSE,why,NO_COG
[2026-09-15T13:56:52.379] Cog0  BM-TS,seq,1_764,tid,11,k,1_000,lt,FALSE,pos,-271,hw,-271,i,869,ph,2_025,d,24_248,e,-44,st,AT_SPEED,flt,FALSE,up,TRUE,ig,0,o_pos,0,o_hw,0,o_i,NA,o_up,FALSE,why,NO_COG
[2026-09-15T13:56:52.379] Cog0  BM-TS,seq,1_765,tid,11,k,1_002,lt,FALSE,pos,-272,hw,-272,i,801,ph,2_939,d,24_240,e,-54,st,AT_SPEED,flt,FALSE,up,TRUE,ig,0,o_pos,0,o_hw,0,o_i,NA,o_up,FALSE,why,NO_COG
[2026-09-15T13:56:52.383] Cog0  BM-TS,seq,1_766,tid,11,k,1_004,lt,FALSE,pos,-273,hw,-273,i,967,ph,1_939,d,24_264,e,-57,st,AT_SPEED,flt,FALSE,up,TRUE,ig,0,o_pos,0,o_hw,0,o_i,NA,o_up,FALSE,why,NO_COG
[2026-09-15T13:56:52.385] Cog0  BM-TS,seq,1_767,tid,11,k,1_006,lt,FALSE,pos,-274,hw,-274,i,881,ph,2_583,d,24_264,e,-67,st,AT_SPEED,flt,FALSE,up,TRUE,ig,0,o_pos,0,o_hw,0,o_i,NA,o_up,FALSE,why,NO_COG
[2026-09-15T13:56:52.387] Cog0  BM-TS,seq,1_768,tid,11,k,1_008,lt,FALSE,pos,-275,hw,-275,i,863,ph,2_497,d,24_264,e,-77,st,AT_SPEED,flt,FALSE,up,TRUE,ig,0,o_pos,0,o_hw,0,o_i,NA,o_up,FALSE,why,NO_COG
[2026-09-15T13:56:52.390] Cog0  BM-TS,seq,1_769,tid,11,k,1_010,lt,FALSE,pos,-277,hw,-277,i,964,ph,2_191,d,24_246,e,-38,st,AT_SPEED,flt,FALSE,up,TRUE,ig,0,o_pos,0,o_hw,0,o_i,NA,o_up,FALSE,why,NO_COG
[2026-09-15T13:56:52.391] Cog0  BM-TS,seq,1_770,tid,11,k,1_012,lt,FALSE,pos,-278,hw,-278,i,845,ph,2_860,d,24_239,e,-48,st,AT_SPEED,flt,FALSE,up,TRUE,ig,0,o_pos,0,o_hw,0,o_i,NA,o_up,FALSE,why,NO_COG
[2026-09-15T13:56:52.394] Cog0  BM-TS,seq,1_771,tid,11,k,1_014,lt,FALSE,pos,-279,hw,-279,i,846,ph,1_939,d,24_247,e,-58,st,AT_SPEED,flt,FALSE,up,TRUE,ig,0,o_pos,0,o_hw,0,o_i,NA,o_up,FALSE,why,NO_COG
[2026-09-15T13:56:52.396] Cog0  BM-TS,seq,1_772,tid,11,k,1_016,lt,FALSE,pos,-280,hw,-280,i,939,ph,2_762,d,24_255,e,-61,st,AT_SPEED,flt,FALSE,up,TRUE,ig,0,o_pos,0,o_hw,0,o_i,NA,o_up,FALSE,why,NO_COG
[2026-09-15T13:56:52.398] Cog0  BM-TS,seq,1_773,tid,11,k,1_018,lt,FALSE,pos,-281,hw,-281,i,855,ph,2_306,d,24_264,e,-71,st,AT_SPEED,flt,FALSE,up,TRUE,ig,0,o_pos,0,o_hw,0,o_i,NA,o_up,FALSE,why,NO_COG
[2026-09-15T13:56:52.400] Cog0  BM-TS,seq,1_774,tid,11,k,1_020,lt,FALSE,pos,-283,hw,-283,i,906,ph,2_177,d,24_262,e,-38,st,AT_SPEED,flt,FALSE,up,TRUE,ig,0,o_pos,0,o_hw,0,o_i,NA,o_up,FALSE,why,NO_COG
[2026-09-15T13:56:52.402] Cog0  BM-TS,seq,1_775,tid,11,k,1_022,lt,FALSE,pos,-284,hw,-284,i,939,ph,2_709,d,24_238,e,-41,st,AT_SPEED,flt,FALSE,up,TRUE,ig,0,o_pos,0,o_hw,0,o_i,NA,o_up,FALSE,why,NO_COG
[2026-09-15T13:56:52.404] Cog0  BM-TS,seq,1_776,tid,11,k,1_024,lt,FALSE,pos,-285,hw,-285,i,823,ph,1_840,d,24_236,e,-51,st,AT_SPEED,flt,FALSE,up,TRUE,ig,0,o_pos,0,o_hw,0,o_i,NA,o_up,FALSE,why,NO_COG
[2026-09-15T13:56:52.407] Cog0  BM-TS,seq,1_777,tid,11,k,1_026,lt,FALSE,pos,-286,hw,-286,i,914,ph,2_749,d,24_255,e,-61,st,AT_SPEED,flt,FALSE,up,TRUE,ig,0,o_pos,0,o_hw,0,o_i,NA,o_up,FALSE,why,NO_COG
[2026-09-15T13:56:52.409] Cog0  BM-TS,seq,1_778,tid,11,k,1_028,lt,FALSE,pos,-287,hw,-287,i,909,ph,2_134,d,24_264,e,-65,st,AT_SPEED,flt,FALSE,up,TRUE,ig,0,o_pos,0,o_hw,0,o_i,NA,o_up,FALSE,why,NO_COG
[2026-09-15T13:56:52.411] Cog0  BM-TS,seq,1_779,tid,11,k,1_030,lt,FALSE,pos,-288,hw,-288,i,829,ph,2_387,d,24_264,e,-74,st,AT_SPEED,flt,FALSE,up,TRUE,ig,0,o_pos,0,o_hw,0,o_i,NA,o_up,FALSE,why,NO_COG
[2026-09-15T13:56:52.413] Cog0  BM-TS,seq,1_780,tid,11,k,1_032,lt,FALSE,pos,-290,hw,-290,i,998,ph,2_716,d,24_256,e,-42,st,AT_SPEED,flt,FALSE,up,TRUE,ig,0,o_pos,0,o_hw,0,o_i,NA,o_up,FALSE,why,NO_COG
[2026-09-15T13:56:52.415] Cog0  BM-TS,seq,1_781,tid,11,k,1_034,lt,FALSE,pos,-291,hw,-291,i,896,ph,1_998,d,24_238,e,-45,st,AT_SPEED,flt,FALSE,up,TRUE,ig,0,o_pos,0,o_hw,0,o_i,NA,o_up,FALSE,why,NO_COG
[2026-09-15T13:56:52.418] Cog0  BM-TS,seq,1_782,tid,11,k,1_036,lt,FALSE,pos,-292,hw,-292,i,804,ph,2_910,d,24_252,e,-55,st,AT_SPEED,flt,FALSE,up,TRUE,ig,0,o_pos,0,o_hw,0,o_i,NA,o_up,FALSE,why,NO_COG
[2026-09-15T13:56:52.420] Cog0  BM-TS,seq,1_783,tid,11,k,1_038,lt,FALSE,pos,-293,hw,-293,i,975,ph,1_959,d,24_264,e,-65,st,AT_SPEED,flt,FALSE,up,TRUE,ig,0,o_pos,0,o_hw,0,o_i,NA,o_up,FALSE,why,NO_COG
[2026-09-15T13:56:52.422] Cog0  BM-TS,seq,1_784,tid,11,k,1_040,lt,FALSE,pos,-294,hw,-294,i,901,ph,2_563,d,24_264,e,-68,st,AT_SPEED,flt,FALSE,up,TRUE,ig,0,o_pos,0,o_hw,0,o_i,NA,o_up,FALSE,why,NO_COG
[2026-09-15T13:56:52.424] Cog0  BM-TS,seq,1_785,tid,11,k,1_042,lt,FALSE,pos,-295,hw,-295,i,848,ph,2_539,d,24_264,e,-78,st,AT_SPEED,flt,FALSE,up,TRUE,ig,0,o_pos,0,o_hw,0,o_i,NA,o_up,FALSE,why,NO_COG
[2026-09-15T13:56:52.426] Cog0  BM-TS,seq,1_786,tid,11,k,1_044,lt,FALSE,pos,-297,hw,-297,i,999,ph,2_166,d,24_241,e,-45,st,AT_SPEED,flt,FALSE,up,TRUE,ig,0,o_pos,0,o_hw,0,o_i,NA,o_up,FALSE,why,NO_COG
[2026-09-15T13:56:52.428] Cog0  BM-TS,seq,1_787,tid,11,k,1_046,lt,FALSE,pos,-298,hw,-298,i,859,ph,2_885,d,24_249,e,-49,st,AT_SPEED,flt,FALSE,up,TRUE,ig,0,o_pos,0,o_hw,0,o_i,NA,o_up,FALSE,why,NO_COG
[2026-09-15T13:56:52.431] Cog0  BM-TS,seq,1_788,tid,11,k,1_048,lt,FALSE,pos,-299,hw,-299,i,812,ph,1_971,d,24_247,e,-59,st,AT_SPEED,flt,FALSE,up,TRUE,ig,0,o_pos,0,o_hw,0,o_i,NA,o_up,FALSE,why,NO_COG
[2026-09-15T13:56:52.432] Cog0  BM-TS,seq,1_789,tid,11,k,1_050,lt,FALSE,pos,-300,hw,-300,i,966,ph,2_734,d,24_264,e,-62,st,AT_SPEED,flt,FALSE,up,TRUE,ig,0,o_pos,0,o_hw,0,o_i,NA,o_up,FALSE,why,NO_COG
[2026-09-15T13:56:52.435] Cog0  BM-TS,seq,1_790,tid,11,k,1_052,lt,FALSE,pos,-301,hw,-301,i,863,ph,2_333,d,24_264,e,-72,st,AT_SPEED,flt,FALSE,up,TRUE,ig,0,o_pos,0,o_hw,0,o_i,NA,o_up,FALSE,why,NO_COG
[2026-09-15T13:56:52.437] Cog0  BM-TS,seq,1_791,tid,11,k,1_054,lt,FALSE,pos,-303,hw,-303,i,888,ph,2_157,d,24_256,e,-39,st,AT_SPEED,flt,FALSE,up,TRUE,ig,0,o_pos,0,o_hw,0,o_i,NA,o_up,FALSE,why,NO_COG
[2026-09-15T13:56:52.439] Cog0  BM-TS,seq,1_792,tid,11,k,1_056,lt,FALSE,pos,-304,hw,-304,i,956,ph,2_722,d,24_252,e,-42,st,AT_SPEED,flt,FALSE,up,TRUE,ig,0,o_pos,0,o_hw,0,o_i,NA,o_up,FALSE,why,NO_COG
[2026-09-15T13:56:52.441] Cog0  BM-TS,seq,1_793,tid,11,k,1_058,lt,FALSE,pos,-305,hw,-305,i,813,ph,1_813,d,24_233,e,-52,st,AT_SPEED,flt,FALSE,up,TRUE,ig,0,o_pos,0,o_hw,0,o_i,NA,o_up,FALSE,why,NO_COG
[2026-09-15T13:56:52.443] Cog0  BM-TS,seq,1_794,tid,11,k,1_060,lt,FALSE,pos,-306,hw,-306,i,868,ph,2_720,d,24_256,e,-62,st,AT_SPEED,flt,FALSE,up,TRUE,ig,0,o_pos,0,o_hw,0,o_i,NA,o_up,FALSE,why,NO_COG
[2026-09-15T13:56:52.445] Cog0  BM-TS,seq,1_795,tid,11,k,1_062,lt,FALSE,pos,-307,hw,-307,i,937,ph,2_159,d,24_264,e,-66,st,AT_SPEED,flt,FALSE,up,TRUE,ig,0,o_pos,0,o_hw,0,o_i,NA,o_up,FALSE,why,NO_COG
[2026-09-15T13:56:52.448] Cog0  BM-TS,seq,1_796,tid,11,k,1_064,lt,FALSE,pos,-308,hw,-308,i,862,ph,2_335,d,24_264,e,-75,st,AT_SPEED,flt,FALSE,up,TRUE,ig,0,o_pos,0,o_hw,0,o_i,NA,o_up,FALSE,why,NO_COG
[2026-09-15T13:56:52.450] Cog0  BM-TS,seq,1_797,tid,11,k,1_066,lt,FALSE,pos,-310,hw,-310,i,926,ph,2_734,d,24_251,e,-43,st,AT_SPEED,flt,FALSE,up,TRUE,ig,0,o_pos,0,o_hw,0,o_i,NA,o_up,FALSE,why,NO_COG
[2026-09-15T13:56:52.452] Cog0  BM-TS,seq,1_798,tid,11,k,1_068,lt,FALSE,pos,-311,hw,-311,i,893,ph,1_973,d,24_236,e,-46,st,AT_SPEED,flt,FALSE,up,TRUE,ig,0,o_pos,0,o_hw,0,o_i,NA,o_up,FALSE,why,NO_COG
[2026-09-15T13:56:52.468] Cog0  BM-TRACE-END,seq,1_799,tid,11,stored,1_069,emitted,397,ksum,223_616,mark_k,5,late,0,skipped,0,lost_head,0,dropped,0,end,FROZEN,rest_k,NA,ig_sum,0,o_ig_sum,0,hw_skip,0,stride,2,why,NOT_REACHED
[2026-09-15T13:56:52.704] Cog0  BM-ABORT,seq,1_800,seg,FAULTB,tid,11,motor,RIGHT,incre,0,reason,ABS_CURRENT,value,1_552,scope,TRIAL,why,NONE
[2026-09-15T13:57:02.697] Cog0  BM-FBTRIAL,seq,1_801,tid,11,motor,RIGHT,trial,1,ramp_inc,22,incre,-110_250_000,off_neg,43,off_pos,317,result,OK,t_ms,1_624,i_pk,1_023,duty_pk,24_264,duty_max,24_264,dsat,FALSE,rst,NONE,rst_ms,0,why,NONE
[2026-09-15T13:57:02.699] Cog0  BM-TRACE,seq,1_802,tid,12,seg,FAULTB,life,5,motor,RIGHT,cause,RAMP,incre,-110_250_000,off_neg,43,off_pos,317,req_mode,FLOAT,ramp_inc,22,period_us,2_000,decim,1,pre,50,why,NONE
[2026-09-15T13:57:02.701] Cog0  BM-TRACE-END,seq,1_803,tid,12,stored,0,emitted,0,ksum,0,mark_k,NA,late,NA,skipped,NA,lost_head,0,dropped,0,end,ABORT,rest_k,NA,ig_sum,0,o_ig_sum,0,hw_skip,0,stride,1,why,NO_COG
[2026-09-15T13:57:02.703] Cog0  BM-FBTRIAL,seq,1_804,tid,12,motor,RIGHT,trial,2,ramp_inc,100,incre,-110_250_000,off_neg,43,off_pos,317,result,SKIPPED,t_ms,NA,i_pk,0,duty_pk,0,duty_max,24_264,dsat,FALSE,rst,NONE,rst_ms,0,why,NO_COG
[2026-09-15T13:57:02.705] Cog0  BM-TRACE,seq,1_805,tid,13,seg,FAULTB,life,5,motor,RIGHT,cause,RAMP,incre,-110_250_000,off_neg,43,off_pos,317,req_mode,FLOAT,ramp_inc,22,period_us,2_000,decim,1,pre,50,why,NONE
[2026-09-15T13:57:02.707] Cog0  BM-TRACE-END,seq,1_806,tid,13,stored,0,emitted,0,ksum,0,mark_k,NA,late,NA,skipped,NA,lost_head,0,dropped,0,end,ABORT,rest_k,NA,ig_sum,0,o_ig_sum,0,hw_skip,0,stride,1,why,NO_COG
[2026-09-15T13:57:02.709] Cog0  BM-FBTRIAL,seq,1_807,tid,13,motor,RIGHT,trial,3,ramp_inc,500,incre,-110_250_000,off_neg,43,off_pos,317,result,SKIPPED,t_ms,NA,i_pk,0,duty_pk,0,duty_max,24_264,dsat,FALSE,rst,NONE,rst_ms,0,why,NO_COG
[2026-09-15T13:57:02.711] Cog0  BM-TRACE,seq,1_808,tid,14,seg,FAULTB,life,5,motor,RIGHT,cause,RAMP,incre,-110_250_000,off_neg,43,off_pos,317,req_mode,FLOAT,ramp_inc,22,period_us,2_000,decim,1,pre,50,why,NONE
[2026-09-15T13:57:02.714] Cog0  BM-TRACE-END,seq,1_809,tid,14,stored,0,emitted,0,ksum,0,mark_k,NA,late,NA,skipped,NA,lost_head,0,dropped,0,end,ABORT,rest_k,NA,ig_sum,0,o_ig_sum,0,hw_skip,0,stride,1,why,NO_COG
[2026-09-15T13:57:02.716] Cog0  BM-FBTRIAL,seq,1_810,tid,14,motor,RIGHT,trial,4,ramp_inc,2_000,incre,-110_250_000,off_neg,43,off_pos,317,result,SKIPPED,t_ms,NA,i_pk,0,duty_pk,0,duty_max,24_264,dsat,FALSE,rst,NONE,rst_ms,0,why,NO_COG
[2026-09-15T13:57:02.718] Cog0  BM-TRACE,seq,1_811,tid,15,seg,FAULTB,life,5,motor,RIGHT,cause,RAMP,incre,-110_250_000,off_neg,43,off_pos,317,req_mode,FLOAT,ramp_inc,22,period_us,2_000,decim,1,pre,50,why,NONE
[2026-09-15T13:57:02.720] Cog0  BM-TRACE-END,seq,1_812,tid,15,stored,0,emitted,0,ksum,0,mark_k,NA,late,NA,skipped,NA,lost_head,0,dropped,0,end,ABORT,rest_k,NA,ig_sum,0,o_ig_sum,0,hw_skip,0,stride,1,why,NO_COG
[2026-09-15T13:57:02.728] Cog0  BM-FBTRIAL,seq,1_813,tid,15,motor,RIGHT,trial,5,ramp_inc,10_000,incre,-110_250_000,off_neg,43,off_pos,317,result,SKIPPED,t_ms,NA,i_pk,0,duty_pk,0,duty_max,24_264,dsat,FALSE,rst,NONE,rst_ms,0,why,NO_COG
[2026-09-15T13:57:02.743] Cog3  INIT $0000_A582 $0003_2A1F load
[2026-09-15T13:57:03.819] Cog0  BM-START,seq,1_814,seg,FAULTB,motor,RIGHT,life,6,cog_ret,3,cog_ok,TRUE,board,REV_B,board_enum,22,ready,TRUE,ready_ms,5,off_neg,43,off_pos,317,missed,0,illegal,0,zero_x10,0,ph_x10,138,why,NONE
[2026-09-15T13:57:05.946] Cog0  BM-RAMPREST,seq,1_815,motor,RIGHT,min,1_500,max,200_000,inc,22,down,50_000,ok,TRUE,why,NONE
[2026-09-15T13:57:05.963] Cog0  BM-TRACE,seq,1_816,tid,16,seg,FAULTB,life,6,motor,RIGHT,cause,RAMP,incre,110_250_000,off_neg,43,off_pos,317,req_mode,FLOAT,ramp_inc,22,period_us,2_000,decim,1,pre,50,why,NONE
[2026-09-15T13:57:06.226] Cog0  BM-TS,seq,1_817,tid,16,k,0,lt,FALSE,pos,0,hw,0,i,0,ph,15,d,1_600,e,30,st,STOPPED,flt,FALSE,up,TRUE,ig,0,o_pos,0,o_hw,0,o_i,NA,o_up,FALSE,why,NO_COG
[2026-09-15T13:57:06.226] Cog0  BM-TS,seq,1_818,tid,16,k,1,lt,FALSE,pos,0,hw,0,i,0,ph,13,d,1_600,e,30,st,STOPPED,flt,FALSE,up,TRUE,ig,0,o_pos,0,o_hw,0,o_i,NA,o_up,FALSE,why,NO_COG
[2026-09-15T13:57:06.230] Cog0  BM-TS,seq,1_819,tid,16,k,2,lt,FALSE,pos,0,hw,0,i,0,ph,16,d,1_600,e,30,st,STOPPED,flt,FALSE,up,TRUE,ig,0,o_pos,0,o_hw,0,o_i,NA,o_up,FALSE,why,NO_COG
[2026-09-15T13:57:06.230] Cog0  BM-TS,seq,1_820,tid,16,k,3,lt,FALSE,pos,0,hw,0,i,0,ph,12,d,1_600,e,30,st,STOPPED,flt,FALSE,up,TRUE,ig,0,o_pos,0,o_hw,0,o_i,NA,o_up,FALSE,why,NO_COG
[2026-09-15T13:57:06.233] Cog0  BM-TS,seq,1_821,tid,16,k,4,lt,FALSE,pos,0,hw,0,i,2,ph,2_373,d,1_600,e,0,st,SPIN_UP,flt,FALSE,up,TRUE,ig,0,o_pos,0,o_hw,0,o_i,NA,o_up,FALSE,why,NO_COG
[2026-09-15T13:57:06.236] Cog0  BM-TS,seq,1_822,tid,16,k,5,lt,FALSE,pos,0,hw,0,i,6,ph,2_376,d,1_600,e,0,st,SPIN_UP,flt,FALSE,up,TRUE,ig,0,o_pos,0,o_hw,0,o_i,NA,o_up,FALSE,why,NO_COG
[2026-09-15T13:57:06.237] Cog0  BM-TS,seq,1_823,tid,16,k,6,lt,FALSE,pos,0,hw,0,i,8,ph,2_388,d,1_600,e,0,st,SPIN_UP,flt,FALSE,up,TRUE,ig,0,o_pos,0,o_hw,0,o_i,NA,o_up,FALSE,why,NO_COG
[2026-09-15T13:57:06.239] Cog0  BM-TS,seq,1_824,tid,16,k,7,lt,FALSE,pos,0,hw,0,i,8,ph,2_387,d,1_600,e,0,st,SPIN_UP,flt,FALSE,up,TRUE,ig,0,o_pos,0,o_hw,0,o_i,NA,o_up,FALSE,why,NO_COG
[2026-09-15T13:57:06.241] Cog0  BM-TS,seq,1_825,tid,16,k,8,lt,FALSE,pos,0,hw,0,i,8,ph,2_388,d,1_600,e,0,st,SPIN_UP,flt,FALSE,up,TRUE,ig,0,o_pos,0,o_hw,0,o_i,NA,o_up,FALSE,why,NO_COG
[2026-09-15T13:57:06.243] Cog0  BM-TS,seq,1_826,tid,16,k,9,lt,FALSE,pos,0,hw,0,i,8,ph,2_388,d,1_600,e,0,st,SPIN_UP,flt,FALSE,up,TRUE,ig,0,o_pos,0,o_hw,0,o_i,NA,o_up,FALSE,why,NO_COG
[2026-09-15T13:57:06.245] Cog0  BM-TS,seq,1_827,tid,16,k,10,lt,FALSE,pos,0,hw,0,i,7,ph,2_379,d,1_600,e,0,st,SPIN_UP,flt,FALSE,up,TRUE,ig,0,o_pos,0,o_hw,0,o_i,NA,o_up,FALSE,why,NO_COG
[2026-09-15T13:57:06.247] Cog0  BM-TS,seq,1_828,tid,16,k,11,lt,FALSE,pos,0,hw,0,i,7,ph,2_386,d,1_600,e,0,st,SPIN_UP,flt,FALSE,up,TRUE,ig,0,o_pos,0,o_hw,0,o_i,NA,o_up,FALSE,why,NO_COG
[2026-09-15T13:57:06.249] Cog0  BM-TS,seq,1_829,tid,16,k,12,lt,FALSE,pos,0,hw,0,i,8,ph,2_389,d,1_600,e,0,st,SPIN_UP,flt,FALSE,up,TRUE,ig,0,o_pos,0,o_hw,0,o_i,NA,o_up,FALSE,why,NO_COG
[2026-09-15T13:57:06.251] Cog0  BM-TS,seq,1_830,tid,16,k,13,lt,FALSE,pos,0,hw,0,i,8,ph,2_387,d,1_600,e,0,st,SPIN_UP,flt,FALSE,up,TRUE,ig,0,o_pos,0,o_hw,0,o_i,NA,o_up,FALSE,why,NO_COG
[2026-09-15T13:57:06.252] Cog0  BM-TS,seq,1_831,tid,16,k,14,lt,FALSE,pos,0,hw,0,i,9,ph,2_388,d,1_600,e,0,st,SPIN_UP,flt,FALSE,up,TRUE,ig,0,o_pos,0,o_hw,0,o_i,NA,o_up,FALSE,why,NO_COG
[2026-09-15T13:57:06.254] Cog0  BM-TS,seq,1_832,tid,16,k,15,lt,FALSE,pos,0,hw,0,i,10,ph,2_385,d,1_600,e,0,st,SPIN_UP,flt,FALSE,up,TRUE,ig,0,o_pos,0,o_hw,0,o_i,NA,o_up,FALSE,why,NO_COG
[2026-09-15T13:57:06.256] Cog0  BM-TS,seq,1_833,tid,16,k,16,lt,FALSE,pos,0,hw,0,i,9,ph,2_380,d,1_600,e,0,st,SPIN_UP,flt,FALSE,up,TRUE,ig,0,o_pos,0,o_hw,0,o_i,NA,o_up,FALSE,why,NO_COG
[2026-09-15T13:57:06.258] Cog0  BM-TS,seq,1_834,tid,16,k,17,lt,FALSE,pos,0,hw,0,i,10,ph,2_391,d,1_600,e,0,st,SPIN_UP,flt,FALSE,up,TRUE,ig,0,o_pos,0,o_hw,0,o_i,NA,o_up,FALSE,why,NO_COG
[2026-09-15T13:57:06.260] Cog0  BM-TS,seq,1_835,tid,16,k,18,lt,FALSE,pos,0,hw,0,i,10,ph,2_385,d,1_600,e,0,st,SPIN_UP,flt,FALSE,up,TRUE,ig,0,o_pos,0,o_hw,0,o_i,NA,o_up,FALSE,why,NO_COG
[2026-09-15T13:57:06.262] Cog0  BM-TS,seq,1_836,tid,16,k,19,lt,FALSE,pos,0,hw,0,i,9,ph,2_390,d,1_600,e,0,st,SPIN_UP,flt,FALSE,up,TRUE,ig,0,o_pos,0,o_hw,0,o_i,NA,o_up,FALSE,why,NO_COG
[2026-09-15T13:57:06.264] Cog0  BM-TS,seq,1_837,tid,16,k,20,lt,FALSE,pos,0,hw,0,i,8,ph,2_386,d,1_600,e,0,st,SPIN_UP,flt,FALSE,up,TRUE,ig,0,o_pos,0,o_hw,0,o_i,NA,o_up,FALSE,why,NO_COG
[2026-09-15T13:57:06.266] Cog0  BM-TS,seq,1_838,tid,16,k,21,lt,FALSE,pos,0,hw,0,i,9,ph,2_378,d,1_600,e,0,st,SPIN_UP,flt,FALSE,up,TRUE,ig,0,o_pos,0,o_hw,0,o_i,NA,o_up,FALSE,why,NO_COG
[2026-09-15T13:57:06.268] Cog0  BM-TS,seq,1_839,tid,16,k,22,lt,FALSE,pos,0,hw,0,i,8,ph,2_389,d,1_600,e,0,st,SPIN_UP,flt,FALSE,up,TRUE,ig,0,o_pos,0,o_hw,0,o_i,NA,o_up,FALSE,why,NO_COG
[2026-09-15T13:57:06.270] Cog0  BM-TS,seq,1_840,tid,16,k,23,lt,FALSE,pos,0,hw,0,i,9,ph,2_385,d,1_600,e,0,st,SPIN_UP,flt,FALSE,up,TRUE,ig,0,o_pos,0,o_hw,0,o_i,NA,o_up,FALSE,why,NO_COG
[2026-09-15T13:57:06.272] Cog0  BM-TS,seq,1_841,tid,16,k,24,lt,FALSE,pos,0,hw,0,i,9,ph,2_388,d,1_600,e,0,st,SPIN_UP,flt,FALSE,up,TRUE,ig,0,o_pos,0,o_hw,0,o_i,NA,o_up,FALSE,why,NO_COG
[2026-09-15T13:57:06.274] Cog0  BM-TS,seq,1_842,tid,16,k,25,lt,FALSE,pos,0,hw,0,i,9,ph,2_386,d,1_600,e,0,st,SPIN_UP,flt,FALSE,up,TRUE,ig,0,o_pos,0,o_hw,0,o_i,NA,o_up,FALSE,why,NO_COG
[2026-09-15T13:57:06.275] Cog0  BM-TS,seq,1_843,tid,16,k,26,lt,FALSE,pos,0,hw,0,i,8,ph,2_377,d,1_600,e,0,st,SPIN_UP,flt,FALSE,up,TRUE,ig,0,o_pos,0,o_hw,0,o_i,NA,o_up,FALSE,why,NO_COG
[2026-09-15T13:57:06.277] Cog0  BM-TS,seq,1_844,tid,16,k,27,lt,FALSE,pos,0,hw,0,i,8,ph,2_389,d,1_600,e,0,st,SPIN_UP,flt,FALSE,up,TRUE,ig,0,o_pos,0,o_hw,0,o_i,NA,o_up,FALSE,why,NO_COG
[2026-09-15T13:57:06.279] Cog0  BM-TS,seq,1_845,tid,16,k,28,lt,FALSE,pos,0,hw,0,i,8,ph,2_383,d,1_600,e,0,st,SPIN_UP,flt,FALSE,up,TRUE,ig,0,o_pos,0,o_hw,0,o_i,NA,o_up,FALSE,why,NO_COG
[2026-09-15T13:57:06.281] Cog0  BM-TS,seq,1_846,tid,16,k,29,lt,FALSE,pos,0,hw,0,i,8,ph,2_388,d,1_600,e,0,st,SPIN_UP,flt,FALSE,up,TRUE,ig,0,o_pos,0,o_hw,0,o_i,NA,o_up,FALSE,why,NO_COG
[2026-09-15T13:57:06.283] Cog0  BM-TS,seq,1_847,tid,16,k,30,lt,FALSE,pos,0,hw,0,i,9,ph,2_387,d,1_600,e,0,st,SPIN_UP,flt,FALSE,up,TRUE,ig,0,o_pos,0,o_hw,0,o_i,NA,o_up,FALSE,why,NO_COG
[2026-09-15T13:57:06.285] Cog0  BM-TS,seq,1_848,tid,16,k,31,lt,FALSE,pos,0,hw,0,i,7,ph,2_378,d,1_600,e,0,st,SPIN_UP,flt,FALSE,up,TRUE,ig,0,o_pos,0,o_hw,0,o_i,NA,o_up,FALSE,why,NO_COG
[2026-09-15T13:57:06.287] Cog0  BM-TS,seq,1_849,tid,16,k,32,lt,FALSE,pos,0,hw,0,i,8,ph,2_385,d,1_600,e,0,st,SPIN_UP,flt,FALSE,up,TRUE,ig,0,o_pos,0,o_hw,0,o_i,NA,o_up,FALSE,why,NO_COG
[2026-09-15T13:57:06.289] Cog0  BM-TS,seq,1_850,tid,16,k,33,lt,FALSE,pos,0,hw,0,i,9,ph,2_388,d,1_600,e,0,st,SPIN_UP,flt,FALSE,up,TRUE,ig,0,o_pos,0,o_hw,0,o_i,NA,o_up,FALSE,why,NO_COG
[2026-09-15T13:57:06.290] Cog0  BM-TS,seq,1_851,tid,16,k,34,lt,FALSE,pos,0,hw,0,i,8,ph,2_387,d,1_600,e,0,st,SPIN_UP,flt,FALSE,up,TRUE,ig,0,o_pos,0,o_hw,0,o_i,NA,o_up,FALSE,why,NO_COG
[2026-09-15T13:57:06.292] Cog0  BM-TS,seq,1_852,tid,16,k,35,lt,FALSE,pos,0,hw,0,i,8,ph,2_385,d,1_600,e,1,st,SPIN_UP,flt,FALSE,up,TRUE,ig,0,o_pos,0,o_hw,0,o_i,NA,o_up,FALSE,why,NO_COG
[2026-09-15T13:57:06.295] Cog0  BM-TS,seq,1_853,tid,16,k,36,lt,FALSE,pos,0,hw,0,i,8,ph,2_381,d,1_600,e,1,st,SPIN_UP,flt,FALSE,up,TRUE,ig,0,o_pos,0,o_hw,0,o_i,NA,o_up,FALSE,why,NO_COG
[2026-09-15T13:57:06.296] Cog0  BM-TS,seq,1_854,tid,16,k,37,lt,FALSE,pos,0,hw,0,i,8,ph,2_380,d,1_600,e,1,st,SPIN_UP,flt,FALSE,up,TRUE,ig,0,o_pos,0,o_hw,0,o_i,NA,o_up,FALSE,why,NO_COG
[2026-09-15T13:57:06.299] Cog0  BM-TS,seq,1_855,tid,16,k,38,lt,FALSE,pos,0,hw,0,i,10,ph,2_390,d,1_600,e,1,st,SPIN_UP,flt,FALSE,up,TRUE,ig,0,o_pos,0,o_hw,0,o_i,NA,o_up,FALSE,why,NO_COG
[2026-09-15T13:57:06.300] Cog0  BM-TS,seq,1_856,tid,16,k,39,lt,FALSE,pos,0,hw,0,i,8,ph,2_383,d,1_600,e,1,st,SPIN_UP,flt,FALSE,up,TRUE,ig,0,o_pos,0,o_hw,0,o_i,NA,o_up,FALSE,why,NO_COG
[2026-09-15T13:57:06.302] Cog0  BM-TS,seq,1_857,tid,16,k,40,lt,FALSE,pos,0,hw,0,i,8,ph,2_388,d,1_600,e,1,st,SPIN_UP,flt,FALSE,up,TRUE,ig,0,o_pos,0,o_hw,0,o_i,NA,o_up,FALSE,why,NO_COG
[2026-09-15T13:57:06.304] Cog0  BM-TS,seq,1_858,tid,16,k,41,lt,FALSE,pos,0,hw,0,i,7,ph,2_381,d,1_600,e,1,st,SPIN_UP,flt,FALSE,up,TRUE,ig,0,o_pos,0,o_hw,0,o_i,NA,o_up,FALSE,why,NO_COG
[2026-09-15T13:57:06.306] Cog0  BM-TS,seq,1_859,tid,16,k,42,lt,FALSE,pos,0,hw,0,i,9,ph,2_381,d,1_600,e,1,st,SPIN_UP,flt,FALSE,up,TRUE,ig,0,o_pos,0,o_hw,0,o_i,NA,o_up,FALSE,why,NO_COG
[2026-09-15T13:57:06.308] Cog0  BM-TS,seq,1_860,tid,16,k,43,lt,FALSE,pos,0,hw,0,i,7,ph,2_385,d,1_600,e,1,st,SPIN_UP,flt,FALSE,up,TRUE,ig,0,o_pos,0,o_hw,0,o_i,NA,o_up,FALSE,why,NO_COG
[2026-09-15T13:57:06.310] Cog0  BM-TS,seq,1_861,tid,16,k,44,lt,FALSE,pos,0,hw,0,i,8,ph,2_386,d,1_600,e,1,st,SPIN_UP,flt,FALSE,up,TRUE,ig,0,o_pos,0,o_hw,0,o_i,NA,o_up,FALSE,why,NO_COG
[2026-09-15T13:57:06.310] Cog0  BM-TS,seq,1_862,tid,16,k,45,lt,FALSE,pos,0,hw,0,i,8,ph,2_385,d,1_600,e,1,st,SPIN_UP,flt,FALSE,up,TRUE,ig,0,o_pos,0,o_hw,0,o_i,NA,o_up,FALSE,why,NO_COG
[2026-09-15T13:57:06.313] Cog0  BM-TS,seq,1_863,tid,16,k,46,lt,FALSE,pos,0,hw,0,i,8,ph,2_386,d,1_600,e,2,st,SPIN_UP,flt,FALSE,up,TRUE,ig,0,o_pos,0,o_hw,0,o_i,NA,o_up,FALSE,why,NO_COG
[2026-09-15T13:57:06.316] Cog0  BM-TS,seq,1_864,tid,16,k,47,lt,FALSE,pos,0,hw,0,i,7,ph,2_378,d,1_600,e,2,st,SPIN_UP,flt,FALSE,up,TRUE,ig,0,o_pos,0,o_hw,0,o_i,NA,o_up,FALSE,why,NO_COG
[2026-09-15T13:57:06.317] Cog0  BM-TS,seq,1_865,tid,16,k,48,lt,FALSE,pos,0,hw,0,i,8,ph,2_384,d,1_600,e,2,st,SPIN_UP,flt,FALSE,up,TRUE,ig,0,o_pos,0,o_hw,0,o_i,NA,o_up,FALSE,why,NO_COG
[2026-09-15T13:57:06.319] Cog0  BM-TS,seq,1_866,tid,16,k,49,lt,FALSE,pos,0,hw,0,i,9,ph,2_383,d,1_600,e,2,st,SPIN_UP,flt,FALSE,up,TRUE,ig,0,o_pos,0,o_hw,0,o_i,NA,o_up,FALSE,why,NO_COG
[2026-09-15T13:57:06.321] Cog0  BM-TS,seq,1_867,tid,16,k,50,lt,FALSE,pos,0,hw,0,i,8,ph,2_378,d,1_600,e,2,st,SPIN_UP,flt,FALSE,up,TRUE,ig,0,o_pos,0,o_hw,0,o_i,NA,o_up,FALSE,why,NO_COG
[2026-09-15T13:57:06.323] Cog0  BM-TS,seq,1_868,tid,16,k,51,lt,FALSE,pos,0,hw,0,i,9,ph,2_385,d,1_600,e,2,st,SPIN_UP,flt,FALSE,up,TRUE,ig,0,o_pos,0,o_hw,0,o_i,NA,o_up,FALSE,why,NO_COG
[2026-09-15T13:57:06.325] Cog0  BM-TS,seq,1_869,tid,16,k,52,lt,FALSE,pos,0,hw,0,i,8,ph,2_383,d,1_600,e,2,st,SPIN_UP,flt,FALSE,up,TRUE,ig,0,o_pos,0,o_hw,0,o_i,NA,o_up,FALSE,why,NO_COG
[2026-09-15T13:57:06.327] Cog0  BM-TS,seq,1_870,tid,16,k,53,lt,FALSE,pos,0,hw,0,i,10,ph,2_378,d,1_600,e,3,st,SPIN_UP,flt,FALSE,up,TRUE,ig,0,o_pos,0,o_hw,0,o_i,NA,o_up,FALSE,why,NO_COG
[2026-09-15T13:57:06.329] Cog0  BM-TS,seq,1_871,tid,16,k,54,lt,FALSE,pos,0,hw,0,i,9,ph,2_380,d,1_600,e,3,st,SPIN_UP,flt,FALSE,up,TRUE,ig,0,o_pos,0,o_hw,0,o_i,NA,o_up,FALSE,why,NO_COG
[2026-09-15T13:57:06.331] Cog0  BM-TS,seq,1_872,tid,16,k,55,lt,FALSE,pos,0,hw,0,i,8,ph,2_376,d,1_600,e,3,st,SPIN_UP,flt,FALSE,up,TRUE,ig,0,o_pos,0,o_hw,0,o_i,NA,o_up,FALSE,why,NO_COG
[2026-09-15T13:57:06.333] Cog0  BM-TS,seq,1_873,tid,16,k,56,lt,FALSE,pos,0,hw,0,i,9,ph,2_385,d,1_600,e,3,st,SPIN_UP,flt,FALSE,up,TRUE,ig,0,o_pos,0,o_hw,0,o_i,NA,o_up,FALSE,why,NO_COG
[2026-09-15T13:57:06.334] Cog0  BM-TS,seq,1_874,tid,16,k,57,lt,FALSE,pos,0,hw,0,i,8,ph,2_383,d,1_600,e,3,st,SPIN_UP,flt,FALSE,up,TRUE,ig,0,o_pos,0,o_hw,0,o_i,NA,o_up,FALSE,why,NO_COG
[2026-09-15T13:57:06.337] Cog0  BM-TS,seq,1_875,tid,16,k,58,lt,FALSE,pos,0,hw,0,i,8,ph,2_380,d,1_600,e,3,st,SPIN_UP,flt,FALSE,up,TRUE,ig,0,o_pos,0,o_hw,0,o_i,NA,o_up,FALSE,why,NO_COG
[2026-09-15T13:57:06.338] Cog0  BM-TS,seq,1_876,tid,16,k,59,lt,FALSE,pos,0,hw,0,i,8,ph,2_381,d,1_600,e,4,st,SPIN_UP,flt,FALSE,up,TRUE,ig,0,o_pos,0,o_hw,0,o_i,NA,o_up,FALSE,why,NO_COG
[2026-09-15T13:57:06.340] Cog0  BM-TS,seq,1_877,tid,16,k,60,lt,FALSE,pos,0,hw,0,i,8,ph,2_374,d,1_600,e,4,st,SPIN_UP,flt,FALSE,up,TRUE,ig,0,o_pos,0,o_hw,0,o_i,NA,o_up,FALSE,why,NO_COG
[2026-09-15T13:57:06.342] Cog0  BM-TS,seq,1_878,tid,16,k,61,lt,FALSE,pos,0,hw,0,i,6,ph,2_374,d,1_600,e,4,st,SPIN_UP,flt,FALSE,up,TRUE,ig,0,o_pos,0,o_hw,0,o_i,NA,o_up,FALSE,why,NO_COG
[2026-09-15T13:57:06.344] Cog0  BM-TS,seq,1_879,tid,16,k,62,lt,FALSE,pos,0,hw,0,i,8,ph,2_383,d,1_600,e,4,st,SPIN_UP,flt,FALSE,up,TRUE,ig,0,o_pos,0,o_hw,0,o_i,NA,o_up,FALSE,why,NO_COG
[2026-09-15T13:57:06.346] Cog0  BM-TS,seq,1_880,tid,16,k,63,lt,FALSE,pos,0,hw,0,i,9,ph,2_384,d,1_600,e,4,st,SPIN_UP,flt,FALSE,up,TRUE,ig,0,o_pos,0,o_hw,0,o_i,NA,o_up,FALSE,why,NO_COG
[2026-09-15T13:57:06.348] Cog0  BM-TS,seq,1_881,tid,16,k,64,lt,FALSE,pos,0,hw,0,i,6,ph,2_384,d,1_600,e,5,st,SPIN_UP,flt,FALSE,up,TRUE,ig,0,o_pos,0,o_hw,0,o_i,NA,o_up,FALSE,why,NO_COG
[2026-09-15T13:57:06.350] Cog0  BM-TS,seq,1_882,tid,16,k,65,lt,FALSE,pos,0,hw,0,i,6,ph,2_376,d,1_600,e,5,st,SPIN_UP,flt,FALSE,up,TRUE,ig,0,o_pos,0,o_hw,0,o_i,NA,o_up,FALSE,why,NO_COG
[2026-09-15T13:57:06.352] Cog0  BM-TS,seq,1_883,tid,16,k,66,lt,FALSE,pos,0,hw,0,i,8,ph,2_371,d,1_600,e,5,st,SPIN_UP,flt,FALSE,up,TRUE,ig,0,o_pos,0,o_hw,0,o_i,NA,o_up,FALSE,why,NO_COG
[2026-09-15T13:57:06.354] Cog0  BM-TS,seq,1_884,tid,16,k,67,lt,FALSE,pos,0,hw,0,i,8,ph,2_381,d,1_600,e,5,st,SPIN_UP,flt,FALSE,up,TRUE,ig,0,o_pos,0,o_hw,0,o_i,NA,o_up,FALSE,why,NO_COG
[2026-09-15T13:57:06.355] Cog0  BM-TS,seq,1_885,tid,16,k,68,lt,FALSE,pos,0,hw,0,i,8,ph,2_376,d,1_600,e,5,st,SPIN_UP,flt,FALSE,up,TRUE,ig,0,o_pos,0,o_hw,0,o_i,NA,o_up,FALSE,why,NO_COG
[2026-09-15T13:57:06.357] Cog0  BM-TS,seq,1_886,tid,16,k,69,lt,FALSE,pos,0,hw,0,i,8,ph,2_383,d,1_600,e,6,st,SPIN_UP,flt,FALSE,up,TRUE,ig,0,o_pos,0,o_hw,0,o_i,NA,o_up,FALSE,why,NO_COG
[2026-09-15T13:57:06.359] Cog0  BM-TS,seq,1_887,tid,16,k,70,lt,FALSE,pos,0,hw,0,i,9,ph,2_379,d,1_600,e,6,st,SPIN_UP,flt,FALSE,up,TRUE,ig,0,o_pos,0,o_hw,0,o_i,NA,o_up,FALSE,why,NO_COG
[2026-09-15T13:57:06.361] Cog0  BM-TS,seq,1_888,tid,16,k,71,lt,FALSE,pos,0,hw,0,i,8,ph,2_371,d,1_600,e,6,st,SPIN_UP,flt,FALSE,up,TRUE,ig,0,o_pos,0,o_hw,0,o_i,NA,o_up,FALSE,why,NO_COG
[2026-09-15T13:57:06.363] Cog0  BM-TS,seq,1_889,tid,16,k,72,lt,FALSE,pos,0,hw,0,i,8,ph,2_379,d,1_600,e,6,st,SPIN_UP,flt,FALSE,up,TRUE,ig,0,o_pos,0,o_hw,0,o_i,NA,o_up,FALSE,why,NO_COG
[2026-09-15T13:57:06.365] Cog0  BM-TS,seq,1_890,tid,16,k,73,lt,FALSE,pos,0,hw,0,i,8,ph,2_386,d,1_600,e,7,st,SPIN_UP,flt,FALSE,up,TRUE,ig,0,o_pos,0,o_hw,0,o_i,NA,o_up,FALSE,why,NO_COG
[2026-09-15T13:57:06.367] Cog0  BM-TS,seq,1_891,tid,16,k,74,lt,FALSE,pos,0,hw,0,i,8,ph,2_374,d,1_600,e,7,st,SPIN_UP,flt,FALSE,up,TRUE,ig,0,o_pos,0,o_hw,0,o_i,NA,o_up,FALSE,why,NO_COG
[2026-09-15T13:57:06.369] Cog0  BM-TS,seq,1_892,tid,16,k,75,lt,FALSE,pos,0,hw,0,i,8,ph,2_378,d,1_600,e,7,st,SPIN_UP,flt,FALSE,up,TRUE,ig,0,o_pos,0,o_hw,0,o_i,NA,o_up,FALSE,why,NO_COG
[2026-09-15T13:57:06.371] Cog0  BM-TS,seq,1_893,tid,16,k,76,lt,FALSE,pos,0,hw,0,i,8,ph,2_369,d,1_600,e,8,st,SPIN_UP,flt,FALSE,up,TRUE,ig,0,o_pos,0,o_hw,0,o_i,NA,o_up,FALSE,why,NO_COG
[2026-09-15T13:57:06.373] Cog0  BM-TS,seq,1_894,tid,16,k,77,lt,FALSE,pos,0,hw,0,i,7,ph,2_368,d,1_600,e,8,st,SPIN_UP,flt,FALSE,up,TRUE,ig,0,o_pos,0,o_hw,0,o_i,NA,o_up,FALSE,why,NO_COG
[2026-09-15T13:57:06.375] Cog0  BM-TS,seq,1_895,tid,16,k,78,lt,FALSE,pos,0,hw,0,i,8,ph,2_380,d,1_600,e,8,st,SPIN_UP,flt,FALSE,up,TRUE,ig,0,o_pos,0,o_hw,0,o_i,NA,o_up,FALSE,why,NO_COG
[2026-09-15T13:57:06.376] Cog0  BM-TS,seq,1_896,tid,16,k,79,lt,FALSE,pos,0,hw,0,i,7,ph,2_373,d,1_600,e,8,st,SPIN_UP,flt,FALSE,up,TRUE,ig,0,o_pos,0,o_hw,0,o_i,NA,o_up,FALSE,why,NO_COG
[2026-09-15T13:57:06.378] Cog0  BM-TS,seq,1_897,tid,16,k,80,lt,FALSE,pos,0,hw,0,i,6,ph,2_371,d,1_600,e,9,st,SPIN_UP,flt,FALSE,up,TRUE,ig,0,o_pos,0,o_hw,0,o_i,NA,o_up,FALSE,why,NO_COG
[2026-09-15T13:57:06.380] Cog0  BM-TS,seq,1_898,tid,16,k,81,lt,FALSE,pos,0,hw,0,i,8,ph,2_373,d,1_600,e,9,st,SPIN_UP,flt,FALSE,up,TRUE,ig,0,o_pos,0,o_hw,0,o_i,NA,o_up,FALSE,why,NO_COG
[2026-09-15T13:57:06.382] Cog0  BM-TS,seq,1_899,tid,16,k,82,lt,FALSE,pos,0,hw,0,i,7,ph,2_363,d,1_600,e,9,st,SPIN_UP,flt,FALSE,up,TRUE,ig,0,o_pos,0,o_hw,0,o_i,NA,o_up,FALSE,why,NO_COG
[2026-09-15T13:57:06.384] Cog0  BM-TS,seq,1_900,tid,16,k,83,lt,FALSE,pos,0,hw,0,i,8,ph,2_378,d,1_600,e,10,st,SPIN_UP,flt,FALSE,up,TRUE,ig,0,o_pos,0,o_hw,0,o_i,NA,o_up,FALSE,why,NO_COG
[2026-09-15T13:57:06.386] Cog0  BM-TS,seq,1_901,tid,16,k,84,lt,FALSE,pos,0,hw,0,i,9,ph,2_374,d,1_600,e,10,st,SPIN_UP,flt,FALSE,up,TRUE,ig,0,o_pos,0,o_hw,0,o_i,NA,o_up,FALSE,why,NO_COG
[2026-09-15T13:57:06.387] Cog0  BM-TS,seq,1_902,tid,16,k,85,lt,FALSE,pos,0,hw,0,i,8,ph,2_376,d,1_600,e,10,st,SPIN_UP,flt,FALSE,up,TRUE,ig,0,o_pos,0,o_hw,0,o_i,NA,o_up,FALSE,why,NO_COG
[2026-09-15T13:57:06.390] Cog0  BM-TS,seq,1_903,tid,16,k,86,lt,FALSE,pos,0,hw,0,i,9,ph,2_376,d,1_600,e,11,st,SPIN_UP,flt,FALSE,up,TRUE,ig,0,o_pos,0,o_hw,0,o_i,NA,o_up,FALSE,why,NO_COG
[2026-09-15T13:57:06.392] Cog0  BM-TS,seq,1_904,tid,16,k,87,lt,FALSE,pos,0,hw,0,i,7,ph,2_367,d,1_600,e,11,st,SPIN_UP,flt,FALSE,up,TRUE,ig,0,o_pos,0,o_hw,0,o_i,NA,o_up,FALSE,why,NO_COG
[2026-09-15T13:57:06.394] Cog0  BM-TS,seq,1_905,tid,16,k,88,lt,FALSE,pos,0,hw,0,i,6,ph,2_381,d,1_600,e,11,st,SPIN_UP,flt,FALSE,up,TRUE,ig,0,o_pos,0,o_hw,0,o_i,NA,o_up,FALSE,why,NO_COG
[2026-09-15T13:57:06.396] Cog0  BM-TS,seq,1_906,tid,16,k,89,lt,FALSE,pos,0,hw,0,i,8,ph,2_378,d,1_600,e,12,st,SPIN_UP,flt,FALSE,up,TRUE,ig,0,o_pos,0,o_hw,0,o_i,NA,o_up,FALSE,why,NO_COG
[2026-09-15T13:57:06.397] Cog0  BM-TS,seq,1_907,tid,16,k,90,lt,FALSE,pos,0,hw,0,i,8,ph,2_379,d,1_600,e,12,st,SPIN_UP,flt,FALSE,up,TRUE,ig,0,o_pos,0,o_hw,0,o_i,NA,o_up,FALSE,why,NO_COG
[2026-09-15T13:57:06.399] Cog0  BM-TS,seq,1_908,tid,16,k,91,lt,FALSE,pos,0,hw,0,i,8,ph,2_380,d,1_600,e,13,st,SPIN_UP,flt,FALSE,up,TRUE,ig,0,o_pos,0,o_hw,0,o_i,NA,o_up,FALSE,why,NO_COG
[2026-09-15T13:57:06.401] Cog0  BM-TS,seq,1_909,tid,16,k,92,lt,FALSE,pos,0,hw,0,i,8,ph,2_375,d,1_600,e,13,st,SPIN_UP,flt,FALSE,up,TRUE,ig,0,o_pos,0,o_hw,0,o_i,NA,o_up,FALSE,why,NO_COG
[2026-09-15T13:57:06.403] Cog0  BM-TS,seq,1_910,tid,16,k,93,lt,FALSE,pos,0,hw,0,i,7,ph,2_380,d,1_600,e,13,st,SPIN_UP,flt,FALSE,up,TRUE,ig,0,o_pos,0,o_hw,0,o_i,NA,o_up,FALSE,why,NO_COG
[2026-09-15T13:57:06.405] Cog0  BM-TS,seq,1_911,tid,16,k,94,lt,FALSE,pos,0,hw,0,i,8,ph,2_387,d,1_600,e,14,st,SPIN_UP,flt,FALSE,up,TRUE,ig,0,o_pos,0,o_hw,0,o_i,NA,o_up,FALSE,why,NO_COG
[2026-09-15T13:57:06.407] Cog0  BM-TS,seq,1_912,tid,16,k,95,lt,FALSE,pos,0,hw,0,i,8,ph,2_386,d,1_600,e,14,st,SPIN_UP,flt,FALSE,up,TRUE,ig,0,o_pos,0,o_hw,0,o_i,NA,o_up,FALSE,why,NO_COG
[2026-09-15T13:57:06.409] Cog0  BM-TS,seq,1_913,tid,16,k,96,lt,FALSE,pos,0,hw,0,i,6,ph,2_387,d,1_600,e,15,st,SPIN_UP,flt,FALSE,up,TRUE,ig,0,o_pos,0,o_hw,0,o_i,NA,o_up,FALSE,why,NO_COG
[2026-09-15T13:57:06.411] Cog0  BM-TS,seq,1_914,tid,16,k,97,lt,FALSE,pos,0,hw,0,i,6,ph,2_377,d,1_600,e,15,st,SPIN_UP,flt,FALSE,up,TRUE,ig,0,o_pos,0,o_hw,0,o_i,NA,o_up,FALSE,why,NO_COG
[2026-09-15T13:57:06.413] Cog0  BM-TS,seq,1_915,tid,16,k,98,lt,FALSE,pos,0,hw,0,i,6,ph,2_376,d,1_600,e,16,st,SPIN_UP,flt,FALSE,up,TRUE,ig,0,o_pos,0,o_hw,0,o_i,NA,o_up,FALSE,why,NO_COG
[2026-09-15T13:57:06.415] Cog0  BM-TS,seq,1_916,tid,16,k,99,lt,FALSE,pos,0,hw,0,i,6,ph,2_384,d,1_600,e,16,st,SPIN_UP,flt,FALSE,up,TRUE,ig,0,o_pos,0,o_hw,0,o_i,NA,o_up,FALSE,why,NO_COG
[2026-09-15T13:57:06.417] Cog0  BM-TS,seq,1_917,tid,16,k,100,lt,FALSE,pos,0,hw,0,i,7,ph,2_385,d,1_600,e,16,st,SPIN_UP,flt,FALSE,up,TRUE,ig,0,o_pos,0,o_hw,0,o_i,NA,o_up,FALSE,why,NO_COG
[2026-09-15T13:57:06.419] Cog0  BM-TS,seq,1_918,tid,16,k,101,lt,FALSE,pos,0,hw,0,i,8,ph,2_389,d,1_600,e,17,st,SPIN_UP,flt,FALSE,up,TRUE,ig,0,o_pos,0,o_hw,0,o_i,NA,o_up,FALSE,why,NO_COG
[2026-09-15T13:57:06.421] Cog0  BM-TS,seq,1_919,tid,16,k,102,lt,FALSE,pos,0,hw,0,i,6,ph,2_385,d,1_600,e,17,st,SPIN_UP,flt,FALSE,up,TRUE,ig,0,o_pos,0,o_hw,0,o_i,NA,o_up,FALSE,why,NO_COG
[2026-09-15T13:57:06.425] Cog0  BM-TS,seq,1_920,tid,16,k,103,lt,FALSE,pos,0,hw,0,i,7,ph,2_380,d,1_600,e,18,st,SPIN_UP,flt,FALSE,up,TRUE,ig,0,o_pos,0,o_hw,0,o_i,NA,o_up,FALSE,why,NO_COG
[2026-09-15T13:57:06.427] Cog0  BM-TS,seq,1_921,tid,16,k,142,lt,FALSE,pos,1,hw,1,i,8,ph,2_419,d,1_600,e,2,st,SPIN_UP,flt,FALSE,up,TRUE,ig,0,o_pos,0,o_hw,0,o_i,NA,o_up,FALSE,why,NO_COG
[2026-09-15T13:57:06.432] Cog0  BM-TS,seq,1_922,tid,16,k,150,lt,FALSE,pos,1,hw,1,i,7,ph,2_416,d,1_600,e,9,st,SPIN_UP,flt,FALSE,up,TRUE,ig,0,o_pos,0,o_hw,0,o_i,NA,o_up,FALSE,why,NO_COG
[2026-09-15T13:57:06.434] Cog0  BM-TS,seq,1_923,tid,16,k,194,lt,FALSE,pos,2,hw,2,i,8,ph,2_391,d,1_829,e,22,st,SPIN_UP,flt,FALSE,up,TRUE,ig,0,o_pos,0,o_hw,0,o_i,NA,o_up,FALSE,why,NO_COG
[2026-09-15T13:57:06.438] Cog0  BM-TS,seq,1_924,tid,16,k,200,lt,FALSE,pos,2,hw,2,i,4,ph,2_411,d,1_600,e,32,st,SPIN_UP,flt,FALSE,up,TRUE,ig,0,o_pos,0,o_hw,0,o_i,NA,o_up,FALSE,why,NO_COG
[2026-09-15T13:57:06.441] Cog0  BM-TS,seq,1_925,tid,16,k,224,lt,FALSE,pos,3,hw,3,i,8,ph,2_373,d,2_286,e,34,st,SPIN_UP,flt,FALSE,up,TRUE,ig,0,o_pos,0,o_hw,0,o_i,NA,o_up,FALSE,why,NO_COG
[2026-09-15T13:57:06.444] Cog0  BM-TS,seq,1_926,tid,16,k,242,lt,FALSE,pos,4,hw,4,i,9,ph,2_417,d,2_606,e,32,st,SPIN_UP,flt,FALSE,up,TRUE,ig,0,o_pos,0,o_hw,0,o_i,NA,o_up,FALSE,why,NO_COG
[2026-09-15T13:57:06.446] Cog0  BM-TS,seq,1_927,tid,16,k,250,lt,FALSE,pos,4,hw,4,i,5,ph,2_458,d,2_244,e,51,st,SPIN_UP,flt,FALSE,up,TRUE,ig,0,o_pos,0,o_hw,0,o_i,NA,o_up,FALSE,why,NO_COG
[2026-09-15T13:57:06.449] Cog0  BM-TS,seq,1_928,tid,16,k,258,lt,FALSE,pos,5,hw,5,i,11,ph,2_385,d,2_814,e,30,st,SPIN_UP,flt,FALSE,up,TRUE,ig,0,o_pos,0,o_hw,0,o_i,NA,o_up,FALSE,why,NO_COG
[2026-09-15T13:57:06.452] Cog0  BM-TS,seq,1_929,tid,16,k,274,lt,FALSE,pos,6,hw,6,i,12,ph,2_425,d,2_946,e,33,st,SPIN_UP,flt,FALSE,up,TRUE,ig,0,o_pos,0,o_hw,0,o_i,NA,o_up,FALSE,why,NO_COG
[2026-09-15T13:57:06.454] Cog0  BM-TS,seq,1_930,tid,16,k,288,lt,FALSE,pos,7,hw,7,i,11,ph,2_361,d,3_084,e,35,st,SPIN_UP,flt,FALSE,up,TRUE,ig,0,o_pos,0,o_hw,0,o_i,NA,o_up,FALSE,why,NO_COG
[2026-09-15T13:57:06.457] Cog0  BM-TS,seq,1_931,tid,16,k,300,lt,FALSE,pos,8,hw,8,i,15,ph,2_432,d,3_404,e,34,st,SPIN_UP,flt,FALSE,up,TRUE,ig,0,o_pos,0,o_hw,0,o_i,NA,o_up,FALSE,why,NO_COG
[2026-09-15T13:57:06.460] Cog0  BM-TS,seq,1_932,tid,16,k,312,lt,FALSE,pos,9,hw,9,i,14,ph,2_358,d,3_518,e,37,st,SPIN_UP,flt,FALSE,up,TRUE,ig,0,o_pos,0,o_hw,0,o_i,NA,o_up,FALSE,why,NO_COG
[2026-09-15T13:57:06.462] Cog0  BM-TS,seq,1_933,tid,16,k,322,lt,FALSE,pos,10,hw,10,i,17,ph,2_424,d,3_727,e,34,st,SPIN_UP,flt,FALSE,up,TRUE,ig,0,o_pos,0,o_hw,0,o_i,NA,o_up,FALSE,why,NO_COG
[2026-09-15T13:57:06.465] Cog0  BM-TS,seq,1_934,tid,16,k,332,lt,FALSE,pos,11,hw,11,i,18,ph,2_369,d,3_868,e,34,st,SPIN_UP,flt,FALSE,up,TRUE,ig,0,o_pos,0,o_hw,0,o_i,NA,o_up,FALSE,why,NO_COG
[2026-09-15T13:57:06.467] Cog0  BM-TS,seq,1_935,tid,16,k,342,lt,FALSE,pos,12,hw,12,i,18,ph,2_435,d,3_980,e,36,st,SPIN_UP,flt,FALSE,up,TRUE,ig,0,o_pos,0,o_hw,0,o_i,NA,o_up,FALSE,why,NO_COG
[2026-09-15T13:57:06.470] Cog0  BM-TS,seq,1_936,tid,16,k,350,lt,FALSE,pos,13,hw,13,i,17,ph,2_373,d,4_259,e,32,st,SPIN_UP,flt,FALSE,up,TRUE,ig,0,o_pos,0,o_hw,0,o_i,NA,o_up,FALSE,why,NO_COG
[2026-09-15T13:57:06.472] Cog0  BM-TS,seq,1_937,tid,16,k,360,lt,FALSE,pos,14,hw,14,i,20,ph,2_458,d,4_403,e,39,st,SPIN_UP,flt,FALSE,up,TRUE,ig,0,o_pos,0,o_hw,0,o_i,NA,o_up,FALSE,why,NO_COG
[2026-09-15T13:57:06.475] Cog0  BM-TS,seq,1_938,tid,16,k,368,lt,FALSE,pos,15,hw,15,i,21,ph,2_343,d,4_553,e,38,st,SPIN_UP,flt,FALSE,up,TRUE,ig,0,o_pos,0,o_hw,0,o_i,NA,o_up,FALSE,why,NO_COG
[2026-09-15T13:57:06.477] Cog0  BM-TS,seq,1_939,tid,16,k,376,lt,FALSE,pos,16,hw,16,i,25,ph,2_455,d,4_686,e,39,st,SPIN_UP,flt,FALSE,up,TRUE,ig,0,o_pos,0,o_hw,0,o_i,NA,o_up,FALSE,why,NO_COG
[2026-09-15T13:57:06.480] Cog0  BM-TS,seq,1_940,tid,16,k,384,lt,FALSE,pos,17,hw,17,i,24,ph,2_318,d,4_794,e,42,st,SPIN_UP,flt,FALSE,up,TRUE,ig,0,o_pos,0,o_hw,0,o_i,NA,o_up,FALSE,why,NO_COG
[2026-09-15T13:57:06.482] Cog0  BM-TS,seq,1_941,tid,16,k,390,lt,FALSE,pos,18,hw,18,i,30,ph,2_439,d,5_097,e,35,st,SPIN_UP,flt,FALSE,up,TRUE,ig,0,o_pos,0,o_hw,0,o_i,NA,o_up,FALSE,why,NO_COG
[2026-09-15T13:57:06.484] Cog0  BM-TS,seq,1_942,tid,16,k,398,lt,FALSE,pos,19,hw,19,i,26,ph,2_304,d,5_165,e,42,st,SPIN_UP,flt,FALSE,up,TRUE,ig,0,o_pos,0,o_hw,0,o_i,NA,o_up,FALSE,why,NO_COG
[2026-09-15T13:57:06.486] Cog0  BM-TS,seq,1_943,tid,16,k,400,lt,FALSE,pos,19,hw,19,i,29,ph,2_266,d,5_165,e,53,st,SPIN_UP,flt,FALSE,up,TRUE,ig,0,o_pos,0,o_hw,0,o_i,NA,o_up,FALSE,why,NO_COG
[2026-09-15T13:57:06.488] Cog0  BM-TS,seq,1_944,tid,16,k,404,lt,FALSE,pos,20,hw,20,i,31,ph,2_458,d,5_402,e,37,st,SPIN_UP,flt,FALSE,up,TRUE,ig,0,o_pos,0,o_hw,0,o_i,NA,o_up,FALSE,why,NO_COG
[2026-09-15T13:57:06.491] Cog0  BM-TS,seq,1_945,tid,16,k,410,lt,FALSE,pos,21,hw,21,i,35,ph,2_374,d,5_641,e,33,st,SPIN_UP,flt,FALSE,up,TRUE,ig,0,o_pos,0,o_hw,0,o_i,NA,o_up,FALSE,why,NO_COG
[2026-09-15T13:57:06.493] Cog0  BM-TS,seq,1_946,tid,16,k,418,lt,FALSE,pos,22,hw,22,i,35,ph,2_501,d,5_689,e,43,st,SPIN_UP,flt,FALSE,up,TRUE,ig,0,o_pos,0,o_hw,0,o_i,NA,o_up,FALSE,why,NO_COG
[2026-09-15T13:57:06.495] Cog0  BM-TS,seq,1_947,tid,16,k,424,lt,FALSE,pos,23,hw,23,i,37,ph,2_295,d,5_852,e,43,st,SPIN_UP,flt,FALSE,up,TRUE,ig,0,o_pos,0,o_hw,0,o_i,NA,o_up,FALSE,why,NO_COG
[2026-09-15T13:57:06.498] Cog0  BM-TS,seq,1_948,tid,16,k,430,lt,FALSE,pos,24,hw,24,i,39,ph,2_501,d,6_043,e,43,st,SPIN_UP,flt,FALSE,up,TRUE,ig,0,o_pos,0,o_hw,0,o_i,NA,o_up,FALSE,why,NO_COG
[2026-09-15T13:57:06.500] Cog0  BM-TS,seq,1_949,tid,16,k,436,lt,FALSE,pos,25,hw,25,i,42,ph,2_283,d,6_160,e,44,st,SPIN_UP,flt,FALSE,up,TRUE,ig,0,o_pos,0,o_hw,0,o_i,NA,o_up,FALSE,why,NO_COG
[2026-09-15T13:57:06.502] Cog0  BM-TS,seq,1_950,tid,16,k,440,lt,FALSE,pos,26,hw,26,i,48,ph,2_416,d,6_368,e,31,st,SPIN_UP,flt,FALSE,up,TRUE,ig,0,o_pos,0,o_hw,0,o_i,NA,o_up,FALSE,why,NO_COG
[2026-09-15T13:57:06.504] Cog0  BM-TS,seq,1_951,tid,16,k,446,lt,FALSE,pos,27,hw,27,i,47,ph,2_349,d,6_488,e,34,st,SPIN_UP,flt,FALSE,up,TRUE,ig,0,o_pos,0,o_hw,0,o_i,NA,o_up,FALSE,why,NO_COG
[2026-09-15T13:57:06.506] Cog0  BM-TS,seq,1_952,tid,16,k,450,lt,FALSE,pos,27,hw,27,i,51,ph,2_334,d,6_533,e,67,st,SPIN_UP,flt,FALSE,up,TRUE,ig,0,o_pos,0,o_hw,0,o_i,NA,o_up,FALSE,why,NO_COG
[2026-09-15T13:57:06.509] Cog0  BM-TS,seq,1_953,tid,16,k,452,lt,FALSE,pos,28,hw,28,i,51,ph,2_483,d,6_635,e,39,st,SPIN_UP,flt,FALSE,up,TRUE,ig,0,o_pos,0,o_hw,0,o_i,NA,o_up,FALSE,why,NO_COG
[2026-09-15T13:57:06.511] Cog0  BM-TS,seq,1_954,tid,16,k,458,lt,FALSE,pos,29,hw,29,i,50,ph,2_275,d,6_720,e,45,st,SPIN_UP,flt,FALSE,up,TRUE,ig,0,o_pos,0,o_hw,0,o_i,NA,o_up,FALSE,why,NO_COG
[2026-09-15T13:57:06.513] Cog0  BM-TS,seq,1_955,tid,16,k,462,lt,FALSE,pos,30,hw,30,i,55,ph,2_449,d,6_943,e,36,st,SPIN_UP,flt,FALSE,up,TRUE,ig,0,o_pos,0,o_hw,0,o_i,NA,o_up,FALSE,why,NO_COG
[2026-09-15T13:57:06.515] Cog0  BM-TS,seq,1_956,tid,16,k,468,lt,FALSE,pos,31,hw,31,i,53,ph,2_283,d,7_031,e,42,st,SPIN_UP,flt,FALSE,up,TRUE,ig,0,o_pos,0,o_hw,0,o_i,NA,o_up,FALSE,why,NO_COG
[2026-09-15T13:57:06.518] Cog0  BM-TS,seq,1_957,tid,16,k,472,lt,FALSE,pos,32,hw,32,i,60,ph,2_461,d,7_225,e,35,st,SPIN_UP,flt,FALSE,up,TRUE,ig,0,o_pos,0,o_hw,0,o_i,NA,o_up,FALSE,why,NO_COG
[2026-09-15T13:57:06.520] Cog0  BM-TS,seq,1_958,tid,16,k,478,lt,FALSE,pos,33,hw,33,i,56,ph,2_251,d,7_316,e,46,st,SPIN_UP,flt,FALSE,up,TRUE,ig,0,o_pos,0,o_hw,0,o_i,NA,o_up,FALSE,why,NO_COG
[2026-09-15T13:57:06.522] Cog0  BM-TS,seq,1_959,tid,16,k,482,lt,FALSE,pos,34,hw,34,i,59,ph,2_478,d,7_553,e,38,st,SPIN_UP,flt,FALSE,up,TRUE,ig,0,o_pos,0,o_hw,0,o_i,NA,o_up,FALSE,why,NO_COG
[2026-09-15T13:57:06.524] Cog0  BM-TS,seq,1_960,tid,16,k,486,lt,FALSE,pos,35,hw,35,i,73,ph,2_375,d,7_711,e,31,st,SPIN_UP,flt,FALSE,up,TRUE,ig,0,o_pos,0,o_hw,0,o_i,NA,o_up,FALSE,why,NO_COG
[2026-09-15T13:57:06.526] Cog0  BM-TS,seq,1_961,tid,16,k,492,lt,FALSE,pos,36,hw,36,i,68,ph,2_541,d,7_741,e,44,st,SPIN_UP,flt,FALSE,up,TRUE,ig,0,o_pos,0,o_hw,0,o_i,NA,o_up,FALSE,why,NO_COG
[2026-09-15T13:57:06.529] Cog0  BM-TS,seq,1_962,tid,16,k,496,lt,FALSE,pos,37,hw,37,i,72,ph,2_283,d,7_882,e,41,st,SPIN_UP,flt,FALSE,up,TRUE,ig,0,o_pos,0,o_hw,0,o_i,NA,o_up,FALSE,why,NO_COG
[2026-09-15T13:57:06.531] Cog0  BM-TS,seq,1_963,tid,16,k,500,lt,FALSE,pos,38,hw,38,i,69,ph,2_469,d,8_003,e,36,st,SPIN_UP,flt,FALSE,up,TRUE,ig,0,o_pos,0,o_hw,0,o_i,NA,o_up,FALSE,why,NO_COG
[2026-09-15T13:57:06.533] Cog0  BM-TS,seq,1_964,tid,16,k,504,lt,FALSE,pos,39,hw,39,i,76,ph,2_371,d,8_133,e,32,st,SPIN_UP,flt,FALSE,up,TRUE,ig,0,o_pos,0,o_hw,0,o_i,NA,o_up,FALSE,why,NO_COG
[2026-09-15T13:57:06.534] Cog0  BM-TS,seq,1_965,tid,16,k,510,lt,FALSE,pos,40,hw,40,i,70,ph,2_582,d,8_227,e,49,st,SPIN_UP,flt,FALSE,up,TRUE,ig,0,o_pos,0,o_hw,0,o_i,NA,o_up,FALSE,why,NO_COG
[2026-09-15T13:57:06.537] Cog0  BM-TS,seq,1_966,tid,16,k,514,lt,FALSE,pos,41,hw,41,i,72,ph,2_220,d,8_304,e,46,st,SPIN_UP,flt,FALSE,up,TRUE,ig,0,o_pos,0,o_hw,0,o_i,NA,o_up,FALSE,why,NO_COG
[2026-09-15T13:57:06.540] Cog0  BM-TS,seq,1_967,tid,16,k,518,lt,FALSE,pos,42,hw,42,i,72,ph,2_571,d,8_438,e,47,st,SPIN_UP,flt,FALSE,up,TRUE,ig,0,o_pos,0,o_hw,0,o_i,NA,o_up,FALSE,why,NO_COG
[2026-09-15T13:57:06.542] Cog0  BM-TS,seq,1_968,tid,16,k,522,lt,FALSE,pos,43,hw,43,i,72,ph,2_240,d,8_621,e,45,st,SPIN_UP,flt,FALSE,up,TRUE,ig,0,o_pos,0,o_hw,0,o_i,NA,o_up,FALSE,why,NO_COG
[2026-09-15T13:57:06.544] Cog0  BM-TS,seq,1_969,tid,16,k,526,lt,FALSE,pos,44,hw,44,i,76,ph,2_548,d,8_711,e,44,st,SPIN_UP,flt,FALSE,up,TRUE,ig,0,o_pos,0,o_hw,0,o_i,NA,o_up,FALSE,why,NO_COG
[2026-09-15T13:57:06.546] Cog0  BM-TS,seq,1_970,tid,16,k,530,lt,FALSE,pos,45,hw,45,i,82,ph,2_214,d,8_822,e,46,st,SPIN_UP,flt,FALSE,up,TRUE,ig,0,o_pos,0,o_hw,0,o_i,NA,o_up,FALSE,why,NO_COG
[2026-09-15T13:57:06.548] Cog0  BM-TS,seq,1_971,tid,16,k,534,lt,FALSE,pos,46,hw,46,i,78,ph,2_580,d,8_957,e,47,st,SPIN_UP,flt,FALSE,up,TRUE,ig,0,o_pos,0,o_hw,0,o_i,NA,o_up,FALSE,why,NO_COG
[2026-09-15T13:57:06.551] Cog0  BM-TS,seq,1_972,tid,16,k,538,lt,FALSE,pos,47,hw,47,i,79,ph,2_202,d,9_052,e,47,st,SPIN_UP,flt,FALSE,up,TRUE,ig,0,o_pos,0,o_hw,0,o_i,NA,o_up,FALSE,why,NO_COG
[2026-09-15T13:57:06.553] Cog0  BM-TS,seq,1_973,tid,16,k,542,lt,FALSE,pos,48,hw,48,i,88,ph,2_617,d,9_173,e,52,st,SPIN_UP,flt,FALSE,up,TRUE,ig,0,o_pos,0,o_hw,0,o_i,NA,o_up,FALSE,why,NO_COG
[2026-09-15T13:57:06.555] Cog0  BM-TS,seq,1_974,tid,16,k,546,lt,FALSE,pos,49,hw,49,i,81,ph,2_190,d,9_307,e,54,st,SPIN_UP,flt,FALSE,up,TRUE,ig,0,o_pos,0,o_hw,0,o_i,NA,o_up,FALSE,why,NO_COG
[2026-09-15T13:57:06.557] Cog0  BM-TS,seq,1_975,tid,16,k,548,lt,FALSE,pos,50,hw,50,i,95,ph,2_443,d,9_509,e,35,st,SPIN_UP,flt,FALSE,up,TRUE,ig,0,o_pos,0,o_hw,0,o_i,NA,o_up,FALSE,why,NO_COG
[2026-09-15T13:57:06.559] Cog0  BM-TS,seq,1_976,tid,16,k,550,lt,FALSE,pos,50,hw,50,i,81,ph,2_588,d,9_482,e,57,st,SPIN_UP,flt,FALSE,up,TRUE,ig,0,o_pos,0,o_hw,0,o_i,NA,o_up,FALSE,why,NO_COG
[2026-09-15T13:57:06.561] Cog0  BM-TS,seq,1_977,tid,16,k,552,lt,FALSE,pos,51,hw,51,i,90,ph,2_295,d,9_601,e,39,st,SPIN_UP,flt,FALSE,up,TRUE,ig,0,o_pos,0,o_hw,0,o_i,NA,o_up,FALSE,why,NO_COG
[2026-09-15T13:57:06.563] Cog0  BM-TS,seq,1_978,tid,16,k,556,lt,FALSE,pos,52,hw,52,i,98,ph,2_549,d,9_736,e,42,st,SPIN_UP,flt,FALSE,up,TRUE,ig,0,o_pos,0,o_hw,0,o_i,NA,o_up,FALSE,why,NO_COG
[2026-09-15T13:57:06.565] Cog0  BM-TS,seq,1_979,tid,16,k,560,lt,FALSE,pos,53,hw,53,i,103,ph,2_194,d,9_861,e,47,st,SPIN_UP,flt,FALSE,up,TRUE,ig,0,o_pos,0,o_hw,0,o_i,NA,o_up,FALSE,why,NO_COG
[2026-09-15T13:57:06.567] Cog0  BM-TS,seq,1_980,tid,16,k,564,lt,FALSE,pos,54,hw,54,i,91,ph,2_615,d,9_972,e,55,st,SPIN_UP,flt,FALSE,up,TRUE,ig,0,o_pos,0,o_hw,0,o_i,NA,o_up,FALSE,why,NO_COG
[2026-09-15T13:57:06.570] Cog0  BM-TS,seq,1_981,tid,16,k,566,lt,FALSE,pos,55,hw,55,i,111,ph,2_328,d,10_119,e,35,st,SPIN_UP,flt,FALSE,up,TRUE,ig,0,o_pos,0,o_hw,0,o_i,NA,o_up,FALSE,why,NO_COG
[2026-09-15T13:57:06.572] Cog0  BM-TS,seq,1_982,tid,16,k,570,lt,FALSE,pos,56,hw,56,i,104,ph,2_583,d,10_188,e,44,st,SPIN_UP,flt,FALSE,up,TRUE,ig,0,o_pos,0,o_hw,0,o_i,NA,o_up,FALSE,why,NO_COG
[2026-09-15T13:57:06.574] Cog0  BM-TS,seq,1_983,tid,16,k,574,lt,FALSE,pos,57,hw,57,i,94,ph,2_138,d,10_268,e,51,st,SPIN_UP,flt,FALSE,up,TRUE,ig,0,o_pos,0,o_hw,0,o_i,NA,o_up,FALSE,why,NO_COG
[2026-09-15T13:57:06.576] Cog0  BM-TS,seq,1_984,tid,16,k,576,lt,FALSE,pos,58,hw,58,i,107,ph,2_468,d,10_449,e,35,st,SPIN_UP,flt,FALSE,up,TRUE,ig,0,o_pos,0,o_hw,0,o_i,NA,o_up,FALSE,why,NO_COG
[2026-09-15T13:57:06.578] Cog0  BM-TS,seq,1_985,tid,16,k,580,lt,FALSE,pos,59,hw,59,i,107,ph,2_218,d,10_556,e,43,st,SPIN_UP,flt,FALSE,up,TRUE,ig,0,o_pos,0,o_hw,0,o_i,NA,o_up,FALSE,why,NO_COG
[2026-09-15T13:57:06.580] Cog0  BM-TS,seq,1_986,tid,16,k,584,lt,FALSE,pos,60,hw,60,i,115,ph,2_670,d,10_667,e,51,st,SPIN_UP,flt,FALSE,up,TRUE,ig,0,o_pos,0,o_hw,0,o_i,NA,o_up,FALSE,why,NO_COG
[2026-09-15T13:57:06.583] Cog0  BM-TS,seq,1_987,tid,16,k,586,lt,FALSE,pos,61,hw,61,i,107,ph,2_314,d,10_806,e,36,st,SPIN_UP,flt,FALSE,up,TRUE,ig,0,o_pos,0,o_hw,0,o_i,NA,o_up,FALSE,why,NO_COG
[2026-09-15T13:57:06.585] Cog0  BM-TS,seq,1_988,tid,16,k,590,lt,FALSE,pos,62,hw,62,i,124,ph,2_610,d,10_946,e,45,st,SPIN_UP,flt,FALSE,up,TRUE,ig,0,o_pos,0,o_hw,0,o_i,NA,o_up,FALSE,why,NO_COG
[2026-09-15T13:57:06.587] Cog0  BM-TS,seq,1_989,tid,16,k,594,lt,FALSE,pos,63,hw,63,i,123,ph,2_165,d,11_056,e,59,st,SPIN_UP,flt,FALSE,up,TRUE,ig,0,o_pos,0,o_hw,0,o_i,NA,o_up,FALSE,why,NO_COG
[2026-09-15T13:57:06.589] Cog0  BM-TS,seq,1_990,tid,16,k,596,lt,FALSE,pos,64,hw,64,i,120,ph,2_559,d,11_146,e,41,st,SPIN_UP,flt,FALSE,up,TRUE,ig,0,o_pos,0,o_hw,0,o_i,NA,o_up,FALSE,why,NO_COG
[2026-09-15T13:57:06.591] Cog0  BM-TS,seq,1_991,tid,16,k,600,lt,FALSE,pos,65,hw,65,i,134,ph,2_120,d,11_254,e,56,st,SPIN_UP,flt,FALSE,up,TRUE,ig,0,o_pos,0,o_hw,0,o_i,NA,o_up,FALSE,why,NO_COG
[2026-09-15T13:57:06.593] Cog0  BM-TS,seq,1_992,tid,16,k,602,lt,FALSE,pos,66,hw,66,i,129,ph,2_526,d,11_396,e,39,st,SPIN_UP,flt,FALSE,up,TRUE,ig,0,o_pos,0,o_hw,0,o_i,NA,o_up,FALSE,why,NO_COG
[2026-09-15T13:57:06.595] Cog0  BM-TS,seq,1_993,tid,16,k,606,lt,FALSE,pos,67,hw,67,i,129,ph,2_108,d,11_480,e,51,st,SPIN_UP,flt,FALSE,up,TRUE,ig,0,o_pos,0,o_hw,0,o_i,NA,o_up,FALSE,why,NO_COG
[2026-09-15T13:57:06.597] Cog0  BM-TS,seq,1_994,tid,16,k,608,lt,FALSE,pos,68,hw,68,i,129,ph,2_525,d,11_606,e,38,st,SPIN_UP,flt,FALSE,up,TRUE,ig,0,o_pos,0,o_hw,0,o_i,NA,o_up,FALSE,why,NO_COG
[2026-09-15T13:57:06.600] Cog0  BM-TS,seq,1_995,tid,16,k,612,lt,FALSE,pos,69,hw,69,i,141,ph,2_105,d,11_746,e,52,st,SPIN_UP,flt,FALSE,up,TRUE,ig,0,o_pos,0,o_hw,0,o_i,NA,o_up,FALSE,why,NO_COG
[2026-09-15T13:57:06.602] Cog0  BM-TS,seq,1_996,tid,16,k,614,lt,FALSE,pos,70,hw,70,i,139,ph,2_538,d,11_870,e,39,st,SPIN_UP,flt,FALSE,up,TRUE,ig,0,o_pos,0,o_hw,0,o_i,NA,o_up,FALSE,why,NO_COG
[2026-09-15T13:57:06.604] Cog0  BM-TS,seq,1_997,tid,16,k,618,lt,FALSE,pos,71,hw,71,i,141,ph,2_118,d,11_972,e,53,st,SPIN_UP,flt,FALSE,up,TRUE,ig,0,o_pos,0,o_hw,0,o_i,NA,o_up,FALSE,why,NO_COG
[2026-09-15T13:57:06.606] Cog0  BM-TS,seq,1_998,tid,16,k,620,lt,FALSE,pos,72,hw,72,i,143,ph,2_573,d,12_130,e,42,st,SPIN_UP,flt,FALSE,up,TRUE,ig,0,o_pos,0,o_hw,0,o_i,NA,o_up,FALSE,why,NO_COG
[2026-09-15T13:57:06.607] Cog0  BM-TS,seq,1_999,tid,16,k,624,lt,FALSE,pos,73,hw,73,i,145,ph,2_162,d,12_276,e,57,st,SPIN_UP,flt,FALSE,up,TRUE,ig,0,o_pos,0,o_hw,0,o_i,NA,o_up,FALSE,why,NO_COG
[2026-09-15T13:57:06.610] Cog0  BM-TS,seq,2_000,tid,16,k,626,lt,FALSE,pos,74,hw,74,i,144,ph,2_630,d,12_393,e,46,st,SPIN_UP,flt,FALSE,up,TRUE,ig,0,o_pos,0,o_hw,0,o_i,NA,o_up,FALSE,why,NO_COG
[2026-09-15T13:57:06.613] Cog0  BM-TS,seq,2_001,tid,16,k,630,lt,FALSE,pos,75,hw,75,i,149,ph,2_225,d,12_560,e,62,st,SPIN_UP,flt,FALSE,up,TRUE,ig,0,o_pos,0,o_hw,0,o_i,NA,o_up,FALSE,why,NO_COG
[2026-09-15T13:57:06.614] Cog0  BM-TS,seq,2_002,tid,16,k,632,lt,FALSE,pos,76,hw,76,i,156,ph,2_705,d,12_628,e,52,st,SPIN_UP,flt,FALSE,up,TRUE,ig,0,o_pos,0,o_hw,0,o_i,NA,o_up,FALSE,why,NO_COG
[2026-09-15T13:57:06.617] Cog0  BM-TS,seq,2_003,tid,16,k,634,lt,FALSE,pos,77,hw,77,i,167,ph,2_220,d,12_741,e,41,st,SPIN_UP,flt,FALSE,up,TRUE,ig,0,o_pos,0,o_hw,0,o_i,NA,o_up,FALSE,why,NO_COG
[2026-09-15T13:57:06.619] Cog0  BM-TS,seq,2_004,tid,16,k,638,lt,FALSE,pos,78,hw,78,i,151,ph,2_612,d,12_846,e,59,st,SPIN_UP,flt,FALSE,up,TRUE,ig,0,o_pos,0,o_hw,0,o_i,NA,o_up,FALSE,why,NO_COG
[2026-09-15T13:57:06.621] Cog0  BM-TS,seq,2_005,tid,16,k,640,lt,FALSE,pos,79,hw,79,i,186,ph,2_110,d,12_944,e,49,st,SPIN_UP,flt,FALSE,up,TRUE,ig,0,o_pos,0,o_hw,0,o_i,NA,o_up,FALSE,why,NO_COG
[2026-09-15T13:57:06.623] Cog0  BM-TS,seq,2_006,tid,16,k,642,lt,FALSE,pos,80,hw,80,i,174,ph,2_499,d,13_091,e,36,st,SPIN_UP,flt,FALSE,up,TRUE,ig,0,o_pos,0,o_hw,0,o_i,NA,o_up,FALSE,why,NO_COG
[2026-09-15T13:57:06.625] Cog0  BM-TS,seq,2_007,tid,16,k,646,lt,FALSE,pos,81,hw,81,i,178,ph,2_124,d,13_161,e,59,st,SPIN_UP,flt,FALSE,up,TRUE,ig,0,o_pos,0,o_hw,0,o_i,NA,o_up,FALSE,why,NO_COG
[2026-09-15T13:57:06.627] Cog0  BM-TS,seq,2_008,tid,16,k,648,lt,FALSE,pos,82,hw,82,i,180,ph,2_643,d,13_297,e,46,st,SPIN_UP,flt,FALSE,up,TRUE,ig,0,o_pos,0,o_hw,0,o_i,NA,o_up,FALSE,why,NO_COG
[2026-09-15T13:57:06.629] Cog0  BM-TS,seq,2_009,tid,16,k,650,lt,FALSE,pos,83,hw,83,i,173,ph,2_263,d,13_452,e,37,st,SPIN_UP,flt,FALSE,up,TRUE,ig,0,o_pos,0,o_hw,0,o_i,NA,o_up,FALSE,why,NO_COG
[2026-09-15T13:57:06.631] Cog0  BM-TS,seq,2_010,tid,16,k,654,lt,FALSE,pos,84,hw,84,i,167,ph,2_628,d,13_552,e,58,st,SPIN_UP,flt,FALSE,up,TRUE,ig,0,o_pos,0,o_hw,0,o_i,NA,o_up,FALSE,why,NO_COG
[2026-09-15T13:57:06.633] Cog0  BM-TS,seq,2_011,tid,16,k,656,lt,FALSE,pos,85,hw,85,i,183,ph,2_080,d,13_642,e,50,st,SPIN_UP,flt,FALSE,up,TRUE,ig,0,o_pos,0,o_hw,0,o_i,NA,o_up,FALSE,why,NO_COG
[2026-09-15T13:57:06.636] Cog0  BM-TS,seq,2_012,tid,16,k,658,lt,FALSE,pos,86,hw,86,i,199,ph,2_534,d,13_768,e,38,st,SPIN_UP,flt,FALSE,up,TRUE,ig,0,o_pos,0,o_hw,0,o_i,NA,o_up,FALSE,why,NO_COG
[2026-09-15T13:57:06.638] Cog0  BM-TS,seq,2_013,tid,16,k,662,lt,FALSE,pos,87,hw,87,i,165,ph,2_252,d,13_909,e,65,st,SPIN_UP,flt,FALSE,up,TRUE,ig,0,o_pos,0,o_hw,0,o_i,NA,o_up,FALSE,why,NO_COG
[2026-09-15T13:57:06.640] Cog0  BM-TS,seq,2_014,tid,16,k,664,lt,FALSE,pos,88,hw,88,i,203,ph,2_723,d,13_969,e,53,st,SPIN_UP,flt,FALSE,up,TRUE,ig,0,o_pos,0,o_hw,0,o_i,NA,o_up,FALSE,why,NO_COG
[2026-09-15T13:57:06.642] Cog0  BM-TS,seq,2_015,tid,16,k,666,lt,FALSE,pos,89,hw,89,i,197,ph,2_133,d,14_067,e,45,st,SPIN_UP,flt,FALSE,up,TRUE,ig,0,o_pos,0,o_hw,0,o_i,NA,o_up,FALSE,why,NO_COG
[2026-09-15T13:57:06.644] Cog0  BM-TS,seq,2_016,tid,16,k,668,lt,FALSE,pos,90,hw,90,i,197,ph,2_552,d,14_213,e,38,st,SPIN_UP,flt,FALSE,up,TRUE,ig,0,o_pos,0,o_hw,0,o_i,NA,o_up,FALSE,why,NO_COG
[2026-09-15T13:57:06.646] Cog0  BM-TS,seq,2_017,tid,16,k,672,lt,FALSE,pos,91,hw,91,i,175,ph,2_225,d,14_304,e,63,st,SPIN_UP,flt,FALSE,up,TRUE,ig,0,o_pos,0,o_hw,0,o_i,NA,o_up,FALSE,why,NO_COG
[2026-09-15T13:57:06.648] Cog0  BM-TS,seq,2_018,tid,16,k,674,lt,FALSE,pos,92,hw,92,i,206,ph,2_688,d,14_393,e,57,st,SPIN_UP,flt,FALSE,up,TRUE,ig,0,o_pos,0,o_hw,0,o_i,NA,o_up,FALSE,why,NO_COG
[2026-09-15T13:57:06.650] Cog0  BM-TS,seq,2_019,tid,16,k,676,lt,FALSE,pos,93,hw,93,i,214,ph,2_114,d,14_501,e,46,st,SPIN_UP,flt,FALSE,up,TRUE,ig,0,o_pos,0,o_hw,0,o_i,NA,o_up,FALSE,why,NO_COG
[2026-09-15T13:57:06.652] Cog0  BM-TS,seq,2_020,tid,16,k,678,lt,FALSE,pos,94,hw,94,i,193,ph,2_582,d,14_617,e,40,st,SPIN_UP,flt,FALSE,up,TRUE,ig,0,o_pos,0,o_hw,0,o_i,NA,o_up,FALSE,why,NO_COG
[2026-09-15T13:57:06.654] Cog0  BM-TS,seq,2_021,tid,16,k,682,lt,FALSE,pos,95,hw,95,i,202,ph,2_270,d,14_791,e,66,st,SPIN_UP,flt,FALSE,up,TRUE,ig,0,o_pos,0,o_hw,0,o_i,NA,o_up,FALSE,why,NO_COG
[2026-09-15T13:57:06.656] Cog0  BM-TS,seq,2_022,tid,16,k,684,lt,FALSE,pos,96,hw,96,i,192,ph,2_617,d,14_872,e,61,st,SPIN_UP,flt,FALSE,up,TRUE,ig,0,o_pos,0,o_hw,0,o_i,NA,o_up,FALSE,why,NO_COG
[2026-09-15T13:57:06.658] Cog0  BM-TS,seq,2_023,tid,16,k,686,lt,FALSE,pos,97,hw,97,i,227,ph,2_100,d,14_947,e,56,st,SPIN_UP,flt,FALSE,up,TRUE,ig,0,o_pos,0,o_hw,0,o_i,NA,o_up,FALSE,why,NO_COG
[2026-09-15T13:57:06.661] Cog0  BM-TS,seq,2_024,tid,16,k,688,lt,FALSE,pos,98,hw,98,i,223,ph,2_689,d,15_063,e,46,st,SPIN_UP,flt,FALSE,up,TRUE,ig,0,o_pos,0,o_hw,0,o_i,NA,o_up,FALSE,why,NO_COG
[2026-09-15T13:57:06.663] Cog0  BM-TS,seq,2_025,tid,16,k,690,lt,FALSE,pos,99,hw,99,i,215,ph,2_185,d,15_167,e,42,st,SPIN_UP,flt,FALSE,up,TRUE,ig,0,o_pos,0,o_hw,0,o_i,NA,o_up,FALSE,why,NO_COG
[2026-09-15T13:57:06.665] Cog0  BM-TS,seq,2_026,tid,16,k,694,lt,FALSE,pos,100,hw,100,i,196,ph,2_451,d,15_357,e,71,st,SPIN_UP,flt,FALSE,up,TRUE,ig,0,o_pos,0,o_hw,0,o_i,NA,o_up,FALSE,why,NO_COG
[2026-09-15T13:57:06.667] Cog0  BM-TS,seq,2_027,tid,16,k,696,lt,FALSE,pos,101,hw,101,i,206,ph,2_270,d,15_456,e,67,st,SPIN_UP,flt,FALSE,up,TRUE,ig,0,o_pos,0,o_hw,0,o_i,NA,o_up,FALSE,why,NO_COG
[2026-09-15T13:57:06.669] Cog0  BM-TS,seq,2_028,tid,16,k,698,lt,FALSE,pos,102,hw,102,i,244,ph,2_671,d,15_557,e,63,st,SPIN_UP,flt,FALSE,up,TRUE,ig,0,o_pos,0,o_hw,0,o_i,NA,o_up,FALSE,why,NO_COG
[2026-09-15T13:57:06.671] Cog0  BM-TS,seq,2_029,tid,16,k,700,lt,FALSE,pos,103,hw,103,i,231,ph,2_059,d,15_647,e,54,st,SPIN_UP,flt,FALSE,up,TRUE,ig,0,o_pos,0,o_hw,0,o_i,NA,o_up,FALSE,why,NO_COG
[2026-09-15T13:57:06.673] Cog0  BM-TS,seq,2_030,tid,16,k,702,lt,FALSE,pos,104,hw,104,i,233,ph,2_779,d,15_764,e,51,st,SPIN_UP,flt,FALSE,up,TRUE,ig,0,o_pos,0,o_hw,0,o_i,NA,o_up,FALSE,why,NO_COG
[2026-09-15T13:57:06.675] Cog0  BM-TS,seq,2_031,tid,16,k,704,lt,FALSE,pos,105,hw,105,i,275,ph,2_154,d,15_856,e,43,st,SPIN_UP,flt,FALSE,up,TRUE,ig,0,o_pos,0,o_hw,0,o_i,NA,o_up,FALSE,why,NO_COG
[2026-09-15T13:57:06.678] Cog0  BM-TS,seq,2_032,tid,16,k,706,lt,FALSE,pos,106,hw,106,i,242,ph,2_583,d,15_975,e,40,st,SPIN_UP,flt,FALSE,up,TRUE,ig,0,o_pos,0,o_hw,0,o_i,NA,o_up,FALSE,why,NO_COG
[2026-09-15T13:57:06.680] Cog0  BM-TS,seq,2_033,tid,16,k,708,lt,FALSE,pos,107,hw,107,i,234,ph,2_258,d,16_090,e,37,st,SPIN_UP,flt,FALSE,up,TRUE,ig,0,o_pos,0,o_hw,0,o_i,NA,o_up,FALSE,why,NO_COG
[2026-09-15T13:57:06.682] Cog0  BM-TS,seq,2_034,tid,16,k,712,lt,FALSE,pos,108,hw,108,i,229,ph,2_474,d,16_266,e,70,st,SPIN_UP,flt,FALSE,up,TRUE,ig,0,o_pos,0,o_hw,0,o_i,NA,o_up,FALSE,why,NO_COG
[2026-09-15T13:57:06.684] Cog0  BM-TS,seq,2_035,tid,16,k,714,lt,FALSE,pos,109,hw,109,i,228,ph,2_288,d,16_356,e,68,st,SPIN_UP,flt,FALSE,up,TRUE,ig,0,o_pos,0,o_hw,0,o_i,NA,o_up,FALSE,why,NO_COG
[2026-09-15T13:57:06.686] Cog0  BM-TS,seq,2_036,tid,16,k,716,lt,FALSE,pos,110,hw,110,i,248,ph,2_643,d,16_433,e,61,st,SPIN_UP,flt,FALSE,up,TRUE,ig,0,o_pos,0,o_hw,0,o_i,NA,o_up,FALSE,why,NO_COG
[2026-09-15T13:57:06.688] Cog0  BM-TS,seq,2_037,tid,16,k,718,lt,FALSE,pos,111,hw,111,i,252,ph,2_119,d,16_543,e,59,st,SPIN_UP,flt,FALSE,up,TRUE,ig,0,o_pos,0,o_hw,0,o_i,NA,o_up,FALSE,why,NO_COG
[2026-09-15T13:57:06.690] Cog0  BM-TS,seq,2_038,tid,16,k,720,lt,FALSE,pos,112,hw,112,i,270,ph,2_697,d,16_645,e,58,st,SPIN_UP,flt,FALSE,up,TRUE,ig,0,o_pos,0,o_hw,0,o_i,NA,o_up,FALSE,why,NO_COG
[2026-09-15T13:57:06.692] Cog0  BM-TS,seq,2_039,tid,16,k,722,lt,FALSE,pos,113,hw,113,i,282,ph,1_989,d,16_748,e,51,st,SPIN_UP,flt,FALSE,up,TRUE,ig,0,o_pos,0,o_hw,0,o_i,NA,o_up,FALSE,why,NO_COG
[2026-09-15T13:57:06.694] Cog0  BM-TS,seq,2_040,tid,16,k,724,lt,FALSE,pos,114,hw,114,i,270,ph,2_784,d,16_863,e,50,st,SPIN_UP,flt,FALSE,up,TRUE,ig,0,o_pos,0,o_hw,0,o_i,NA,o_up,FALSE,why,NO_COG
[2026-09-15T13:57:06.696] Cog0  BM-TS,seq,2_041,tid,16,k,726,lt,FALSE,pos,115,hw,115,i,305,ph,2_018,d,16_963,e,49,st,SPIN_UP,flt,FALSE,up,TRUE,ig,0,o_pos,0,o_hw,0,o_i,NA,o_up,FALSE,why,NO_COG
[2026-09-15T13:57:06.698] Cog0  BM-TS,seq,2_042,tid,16,k,728,lt,FALSE,pos,116,hw,116,i,296,ph,2_676,d,17_040,e,44,st,SPIN_UP,flt,FALSE,up,TRUE,ig,0,o_pos,0,o_hw,0,o_i,NA,o_up,FALSE,why,NO_COG
[2026-09-15T13:57:06.700] Cog0  BM-TS,seq,2_043,tid,16,k,730,lt,FALSE,pos,117,hw,117,i,265,ph,2_123,d,17_135,e,43,st,SPIN_UP,flt,FALSE,up,TRUE,ig,0,o_pos,0,o_hw,0,o_i,NA,o_up,FALSE,why,NO_COG
[2026-09-15T13:57:06.703] Cog0  BM-TS,seq,2_044,tid,16,k,732,lt,FALSE,pos,118,hw,118,i,309,ph,2_671,d,17_245,e,43,st,SPIN_UP,flt,FALSE,up,TRUE,ig,0,o_pos,0,o_hw,0,o_i,NA,o_up,FALSE,why,NO_COG
[2026-09-15T13:57:06.705] Cog0  BM-TS,seq,2_045,tid,16,k,734,lt,FALSE,pos,119,hw,119,i,291,ph,2_214,d,17_333,e,38,st,SPIN_UP,flt,FALSE,up,TRUE,ig,0,o_pos,0,o_hw,0,o_i,NA,o_up,FALSE,why,NO_COG
[2026-09-15T13:57:06.707] Cog0  BM-TS,seq,2_046,tid,16,k,736,lt,FALSE,pos,120,hw,120,i,271,ph,2_579,d,17_436,e,39,st,SPIN_UP,flt,FALSE,up,TRUE,ig,0,o_pos,0,o_hw,0,o_i,NA,o_up,FALSE,why,NO_COG
[2026-09-15T13:57:06.709] Cog0  BM-TS,seq,2_047,tid,16,k,738,lt,FALSE,pos,121,hw,121,i,311,ph,2_303,d,17_556,e,39,st,SPIN_UP,flt,FALSE,up,TRUE,ig,0,o_pos,0,o_hw,0,o_i,NA,o_up,FALSE,why,NO_COG
[2026-09-15T13:57:06.711] Cog0  BM-TS,seq,2_048,tid,16,k,740,lt,FALSE,pos,122,hw,122,i,300,ph,2_509,d,17_652,e,35,st,SPIN_UP,flt,FALSE,up,TRUE,ig,0,o_pos,0,o_hw,0,o_i,NA,o_up,FALSE,why,NO_COG
[2026-09-15T13:57:06.713] Cog0  BM-TS,seq,2_049,tid,16,k,744,lt,FALSE,pos,123,hw,123,i,301,ph,2_416,d,17_831,e,80,st,SPIN_UP,flt,FALSE,up,TRUE,ig,0,o_pos,0,o_hw,0,o_i,NA,o_up,FALSE,why,NO_COG
[2026-09-15T13:57:06.715] Cog0  BM-TS,seq,2_050,tid,16,k,746,lt,FALSE,pos,124,hw,124,i,293,ph,2_337,d,17_949,e,76,st,SPIN_UP,flt,FALSE,up,TRUE,ig,0,o_pos,0,o_hw,0,o_i,NA,o_up,FALSE,why,NO_COG
[2026-09-15T13:57:06.717] Cog0  BM-TS,seq,2_051,tid,16,k,748,lt,FALSE,pos,125,hw,125,i,287,ph,2_491,d,18_033,e,77,st,SPIN_UP,flt,FALSE,up,TRUE,ig,0,o_pos,0,o_hw,0,o_i,NA,o_up,FALSE,why,NO_COG
[2026-09-15T13:57:06.719] Cog0  BM-TS,seq,2_052,tid,16,k,750,lt,FALSE,pos,126,hw,126,i,314,ph,2_376,d,18_125,e,74,st,SPIN_UP,flt,FALSE,up,TRUE,ig,0,o_pos,0,o_hw,0,o_i,NA,o_up,FALSE,why,NO_COG
[2026-09-15T13:57:06.721] Cog0  BM-TS,seq,2_053,tid,16,k,752,lt,FALSE,pos,127,hw,127,i,289,ph,2_464,d,18_245,e,76,st,SPIN_UP,flt,FALSE,up,TRUE,ig,0,o_pos,0,o_hw,0,o_i,NA,o_up,FALSE,why,NO_COG
[2026-09-15T13:57:06.724] Cog0  BM-TS,seq,2_054,tid,16,k,754,lt,FALSE,pos,128,hw,128,i,295,ph,2_266,d,18_320,e,79,st,SPIN_UP,flt,FALSE,up,TRUE,ig,0,o_pos,0,o_hw,0,o_i,NA,o_up,FALSE,why,NO_COG
[2026-09-15T13:57:06.724] Cog0  BM-TS,seq,2_055,tid,16,k,756,lt,FALSE,pos,129,hw,129,i,326,ph,2_468,d,18_420,e,76,st,SPIN_UP,flt,FALSE,up,TRUE,ig,0,o_pos,0,o_hw,0,o_i,NA,o_up,FALSE,why,NO_COG
[2026-09-15T13:57:06.728] Cog0  BM-TS,seq,2_056,tid,16,k,758,lt,FALSE,pos,131,hw,131,i,295,ph,2_251,d,18_489,e,36,st,SPIN_UP,flt,FALSE,up,TRUE,ig,0,o_pos,0,o_hw,0,o_i,NA,o_up,FALSE,why,NO_COG
[2026-09-15T13:57:06.730] Cog0  BM-TS,seq,2_057,tid,16,k,760,lt,FALSE,pos,132,hw,132,i,309,ph,2_609,d,18_580,e,39,st,SPIN_UP,flt,FALSE,up,TRUE,ig,0,o_pos,0,o_hw,0,o_i,NA,o_up,FALSE,why,NO_COG
[2026-09-15T13:57:06.732] Cog0  BM-TS,seq,2_058,tid,16,k,762,lt,FALSE,pos,133,hw,133,i,338,ph,2_233,d,18_687,e,37,st,SPIN_UP,flt,FALSE,up,TRUE,ig,0,o_pos,0,o_hw,0,o_i,NA,o_up,FALSE,why,NO_COG
[2026-09-15T13:57:06.734] Cog0  BM-TS,seq,2_059,tid,16,k,764,lt,FALSE,pos,134,hw,134,i,296,ph,2_644,d,18_770,e,41,st,SPIN_UP,flt,FALSE,up,TRUE,ig,0,o_pos,0,o_hw,0,o_i,NA,o_up,FALSE,why,NO_COG
[2026-09-15T13:57:06.736] Cog0  BM-TS,seq,2_060,tid,16,k,766,lt,FALSE,pos,135,hw,135,i,327,ph,2_063,d,18_844,e,45,st,SPIN_UP,flt,FALSE,up,TRUE,ig,0,o_pos,0,o_hw,0,o_i,NA,o_up,FALSE,why,NO_COG
[2026-09-15T13:57:06.738] Cog0  BM-TS,seq,2_061,tid,16,k,768,lt,FALSE,pos,136,hw,136,i,352,ph,2_690,d,18_934,e,43,st,SPIN_UP,flt,FALSE,up,TRUE,ig,0,o_pos,0,o_hw,0,o_i,NA,o_up,FALSE,why,NO_COG
[2026-09-15T13:57:06.740] Cog0  BM-TS,seq,2_062,tid,16,k,770,lt,FALSE,pos,137,hw,137,i,301,ph,2_013,d,18_995,e,47,st,SPIN_UP,flt,FALSE,up,TRUE,ig,0,o_pos,0,o_hw,0,o_i,NA,o_up,FALSE,why,NO_COG
[2026-09-15T13:57:06.742] Cog0  BM-TS,seq,2_063,tid,16,k,772,lt,FALSE,pos,138,hw,138,i,334,ph,2_845,d,19_089,e,52,st,SPIN_UP,flt,FALSE,up,TRUE,ig,0,o_pos,0,o_hw,0,o_i,NA,o_up,FALSE,why,NO_COG
[2026-09-15T13:57:06.744] Cog0  BM-TS,seq,2_064,tid,16,k,774,lt,FALSE,pos,139,hw,139,i,347,ph,1_935,d,19_175,e,51,st,SPIN_UP,flt,FALSE,up,TRUE,ig,0,o_pos,0,o_hw,0,o_i,NA,o_up,FALSE,why,NO_COG
[2026-09-15T13:57:06.746] Cog0  BM-TS,seq,2_065,tid,16,k,776,lt,FALSE,pos,140,hw,140,i,304,ph,2_782,d,19_276,e,56,st,SPIN_UP,flt,FALSE,up,TRUE,ig,0,o_pos,0,o_hw,0,o_i,NA,o_up,FALSE,why,NO_COG
[2026-09-15T13:57:06.749] Cog0  BM-TS,seq,2_066,tid,16,k,778,lt,FALSE,pos,141,hw,141,i,356,ph,2_130,d,19_351,e,61,st,SPIN_UP,flt,FALSE,up,TRUE,ig,0,o_pos,0,o_hw,0,o_i,NA,o_up,FALSE,why,NO_COG
[2026-09-15T13:57:06.751] Cog0  BM-TS,seq,2_067,tid,16,k,780,lt,FALSE,pos,142,hw,142,i,322,ph,2_667,d,19_462,e,61,st,SPIN_UP,flt,FALSE,up,TRUE,ig,0,o_pos,0,o_hw,0,o_i,NA,o_up,FALSE,why,NO_COG
[2026-09-15T13:57:06.753] Cog0  BM-TS,seq,2_068,tid,16,k,782,lt,FALSE,pos,143,hw,143,i,282,ph,2_245,d,19_579,e,67,st,SPIN_UP,flt,FALSE,up,TRUE,ig,0,o_pos,0,o_hw,0,o_i,NA,o_up,FALSE,why,NO_COG
[2026-09-15T13:57:06.755] Cog0  BM-TS,seq,2_069,tid,16,k,784,lt,FALSE,pos,144,hw,144,i,347,ph,2_549,d,19_689,e,73,st,SPIN_UP,flt,FALSE,up,TRUE,ig,0,o_pos,0,o_hw,0,o_i,NA,o_up,FALSE,why,NO_COG
[2026-09-15T13:57:06.757] Cog0  BM-TS,seq,2_070,tid,16,k,786,lt,FALSE,pos,145,hw,145,i,317,ph,2_394,d,19_809,e,73,st,SPIN_UP,flt,FALSE,up,TRUE,ig,0,o_pos,0,o_hw,0,o_i,NA,o_up,FALSE,why,NO_COG
[2026-09-15T13:57:06.759] Cog0  BM-TS,seq,2_071,tid,16,k,788,lt,FALSE,pos,147,hw,147,i,310,ph,2_225,d,19_916,e,37,st,SPIN_UP,flt,FALSE,up,TRUE,ig,0,o_pos,0,o_hw,0,o_i,NA,o_up,FALSE,why,NO_COG
[2026-09-15T13:57:06.761] Cog0  BM-TS,seq,2_072,tid,16,k,790,lt,FALSE,pos,148,hw,148,i,382,ph,2_584,d,19_984,e,44,st,SPIN_UP,flt,FALSE,up,TRUE,ig,0,o_pos,0,o_hw,0,o_i,NA,o_up,FALSE,why,NO_COG
[2026-09-15T13:57:06.763] Cog0  BM-TS,seq,2_073,tid,16,k,792,lt,FALSE,pos,149,hw,149,i,351,ph,2_048,d,20_068,e,45,st,SPIN_UP,flt,FALSE,up,TRUE,ig,0,o_pos,0,o_hw,0,o_i,NA,o_up,FALSE,why,NO_COG
[2026-09-15T13:57:06.765] Cog0  BM-TS,seq,2_074,tid,16,k,794,lt,FALSE,pos,150,hw,150,i,330,ph,2_876,d,20_160,e,52,st,SPIN_UP,flt,FALSE,up,TRUE,ig,0,o_pos,0,o_hw,0,o_i,NA,o_up,FALSE,why,NO_COG
[2026-09-15T13:57:06.767] Cog0  BM-TS,seq,2_075,tid,16,k,796,lt,FALSE,pos,151,hw,151,i,385,ph,1_939,d,20_240,e,60,st,SPIN_UP,flt,FALSE,up,TRUE,ig,0,o_pos,0,o_hw,0,o_i,NA,o_up,FALSE,why,NO_COG
[2026-09-15T13:57:06.769] Cog0  BM-TS,seq,2_076,tid,16,k,798,lt,FALSE,pos,152,hw,152,i,333,ph,2_686,d,20_371,e,61,st,SPIN_UP,flt,FALSE,up,TRUE,ig,0,o_pos,0,o_hw,0,o_i,NA,o_up,FALSE,why,NO_COG
[2026-09-15T13:57:06.772] Cog0  BM-TS,seq,2_077,tid,16,k,800,lt,FALSE,pos,153,hw,153,i,291,ph,2_294,d,20_508,e,69,st,SPIN_UP,flt,FALSE,up,TRUE,ig,0,o_pos,0,o_hw,0,o_i,NA,o_up,FALSE,why,NO_COG
[2026-09-15T13:57:06.774] Cog0  BM-TS,seq,2_078,tid,16,k,802,lt,FALSE,pos,154,hw,154,i,355,ph,2_446,d,20_631,e,71,st,SPIN_UP,flt,FALSE,up,TRUE,ig,0,o_pos,0,o_hw,0,o_i,NA,o_up,FALSE,why,NO_COG
[2026-09-15T13:57:06.776] Cog0  BM-TS,seq,2_079,tid,16,k,804,lt,FALSE,pos,156,hw,156,i,354,ph,2_571,d,20_748,e,37,st,SPIN_UP,flt,FALSE,up,TRUE,ig,0,o_pos,0,o_hw,0,o_i,NA,o_up,FALSE,why,NO_COG
[2026-09-15T13:57:06.778] Cog0  BM-TS,seq,2_080,tid,16,k,806,lt,FALSE,pos,157,hw,157,i,330,ph,2_003,d,20_791,e,46,st,SPIN_UP,flt,FALSE,up,TRUE,ig,0,o_pos,0,o_hw,0,o_i,NA,o_up,FALSE,why,NO_COG
[2026-09-15T13:57:06.780] Cog0  BM-TS,seq,2_081,tid,16,k,808,lt,FALSE,pos,158,hw,158,i,399,ph,2_842,d,20_899,e,49,st,SPIN_UP,flt,FALSE,up,TRUE,ig,0,o_pos,0,o_hw,0,o_i,NA,o_up,FALSE,why,NO_COG
[2026-09-15T13:57:06.782] Cog0  BM-TS,seq,2_082,tid,16,k,810,lt,FALSE,pos,159,hw,159,i,351,ph,2_023,d,21_003,e,58,st,SPIN_UP,flt,FALSE,up,TRUE,ig,0,o_pos,0,o_hw,0,o_i,NA,o_up,FALSE,why,NO_COG
[2026-09-15T13:57:06.784] Cog0  BM-TS,seq,2_083,tid,16,k,812,lt,FALSE,pos,160,hw,160,i,328,ph,2_544,d,21_117,e,67,st,SPIN_UP,flt,FALSE,up,TRUE,ig,0,o_pos,0,o_hw,0,o_i,NA,o_up,FALSE,why,NO_COG
[2026-09-15T13:57:06.786] Cog0  BM-TS,seq,2_084,tid,16,k,814,lt,FALSE,pos,161,hw,161,i,546,ph,2_171,d,21_233,e,64,st,AT_SPEED,flt,FALSE,up,TRUE,ig,0,o_pos,0,o_hw,0,o_i,NA,o_up,FALSE,why,NO_COG
[2026-09-15T13:57:06.788] Cog0  BM-TS,seq,2_085,tid,16,k,816,lt,FALSE,pos,162,hw,162,i,437,ph,2_377,d,21_306,e,74,st,AT_SPEED,flt,FALSE,up,TRUE,ig,0,o_pos,0,o_hw,0,o_i,NA,o_up,FALSE,why,NO_COG
[2026-09-15T13:57:06.790] Cog0  BM-TS,seq,2_086,tid,16,k,818,lt,FALSE,pos,164,hw,164,i,444,ph,2_691,d,21_372,e,41,st,AT_SPEED,flt,FALSE,up,TRUE,ig,0,o_pos,0,o_hw,0,o_i,NA,o_up,FALSE,why,NO_COG
[2026-09-15T13:57:06.793] Cog0  BM-TS,seq,2_087,tid,16,k,820,lt,FALSE,pos,165,hw,165,i,469,ph,2_026,d,21_426,e,45,st,AT_SPEED,flt,FALSE,up,TRUE,ig,0,o_pos,0,o_hw,0,o_i,NA,o_up,FALSE,why,NO_COG
[2026-09-15T13:57:06.794] Cog0  BM-TS,seq,2_088,tid,16,k,822,lt,FALSE,pos,166,hw,166,i,415,ph,2_852,d,21_517,e,55,st,AT_SPEED,flt,FALSE,up,TRUE,ig,0,o_pos,0,o_hw,0,o_i,NA,o_up,FALSE,why,NO_COG
[2026-09-15T13:57:06.797] Cog0  BM-TS,seq,2_089,tid,16,k,824,lt,FALSE,pos,167,hw,167,i,456,ph,2_170,d,21_621,e,64,st,AT_SPEED,flt,FALSE,up,TRUE,ig,0,o_pos,0,o_hw,0,o_i,NA,o_up,FALSE,why,NO_COG
[2026-09-15T13:57:06.799] Cog0  BM-TS,seq,2_090,tid,16,k,826,lt,FALSE,pos,168,hw,168,i,446,ph,2_534,d,21_737,e,68,st,AT_SPEED,flt,FALSE,up,TRUE,ig,0,o_pos,0,o_hw,0,o_i,NA,o_up,FALSE,why,NO_COG
[2026-09-15T13:57:06.801] Cog0  BM-TS,seq,2_091,tid,16,k,828,lt,FALSE,pos,169,hw,169,i,390,ph,2_520,d,21_905,e,78,st,AT_SPEED,flt,FALSE,up,TRUE,ig,0,o_pos,0,o_hw,0,o_i,NA,o_up,FALSE,why,NO_COG
[2026-09-15T13:57:06.803] Cog0  BM-TS,seq,2_092,tid,16,k,830,lt,FALSE,pos,171,hw,171,i,499,ph,2_014,d,21_989,e,45,st,AT_SPEED,flt,FALSE,up,TRUE,ig,0,o_pos,0,o_hw,0,o_i,NA,o_up,FALSE,why,NO_COG
[2026-09-15T13:57:06.805] Cog0  BM-TS,seq,2_093,tid,16,k,832,lt,FALSE,pos,172,hw,172,i,489,ph,2_859,d,22_106,e,48,st,AT_SPEED,flt,FALSE,up,TRUE,ig,0,o_pos,0,o_hw,0,o_i,NA,o_up,FALSE,why,NO_COG
[2026-09-15T13:57:06.807] Cog0  BM-TS,seq,2_094,tid,16,k,834,lt,FALSE,pos,173,hw,173,i,429,ph,2_004,d,22_185,e,58,st,AT_SPEED,flt,FALSE,up,TRUE,ig,0,o_pos,0,o_hw,0,o_i,NA,o_up,FALSE,why,NO_COG
[2026-09-15T13:57:06.809] Cog0  BM-TS,seq,2_095,tid,16,k,836,lt,FALSE,pos,174,hw,174,i,540,ph,2_692,d,22_293,e,68,st,AT_SPEED,flt,FALSE,up,TRUE,ig,0,o_pos,0,o_hw,0,o_i,NA,o_up,FALSE,why,NO_COG
[2026-09-15T13:57:06.812] Cog0  BM-TS,seq,2_096,tid,16,k,838,lt,FALSE,pos,175,hw,175,i,505,ph,2_349,d,22_396,e,71,st,AT_SPEED,flt,FALSE,up,TRUE,ig,0,o_pos,0,o_hw,0,o_i,NA,o_up,FALSE,why,NO_COG
[2026-09-15T13:57:06.814] Cog0  BM-TS,seq,2_097,tid,16,k,840,lt,FALSE,pos,177,hw,177,i,519,ph,2_152,d,22_453,e,39,st,AT_SPEED,flt,FALSE,up,TRUE,ig,0,o_pos,0,o_hw,0,o_i,NA,o_up,FALSE,why,NO_COG
[2026-09-15T13:57:06.816] Cog0  BM-TS,seq,2_098,tid,16,k,842,lt,FALSE,pos,178,hw,178,i,652,ph,2_720,d,22_514,e,49,st,AT_SPEED,flt,FALSE,up,TRUE,ig,0,o_pos,0,o_hw,0,o_i,NA,o_up,FALSE,why,NO_COG
[2026-09-15T13:57:06.818] Cog0  BM-TS,seq,2_099,tid,16,k,844,lt,FALSE,pos,179,hw,179,i,569,ph,1_860,d,22_559,e,52,st,AT_SPEED,flt,FALSE,up,TRUE,ig,0,o_pos,0,o_hw,0,o_i,NA,o_up,FALSE,why,NO_COG
[2026-09-15T13:57:06.820] Cog0  BM-TS,seq,2_100,tid,16,k,846,lt,FALSE,pos,180,hw,180,i,525,ph,2_692,d,22_654,e,62,st,AT_SPEED,flt,FALSE,up,TRUE,ig,0,o_pos,0,o_hw,0,o_i,NA,o_up,FALSE,why,NO_COG
[2026-09-15T13:57:06.822] Cog0  BM-TS,seq,2_101,tid,16,k,848,lt,FALSE,pos,181,hw,181,i,645,ph,2_188,d,22_728,e,65,st,AT_SPEED,flt,FALSE,up,TRUE,ig,0,o_pos,0,o_hw,0,o_i,NA,o_up,FALSE,why,NO_COG
[2026-09-15T13:57:06.824] Cog0  BM-TS,seq,2_102,tid,16,k,850,lt,FALSE,pos,182,hw,182,i,601,ph,2_331,d,22_842,e,75,st,AT_SPEED,flt,FALSE,up,TRUE,ig,0,o_pos,0,o_hw,0,o_i,NA,o_up,FALSE,why,NO_COG
[2026-09-15T13:57:06.826] Cog0  BM-TS,seq,2_103,tid,16,k,852,lt,FALSE,pos,184,hw,184,i,594,ph,2_723,d,22_907,e,42,st,AT_SPEED,flt,FALSE,up,TRUE,ig,0,o_pos,0,o_hw,0,o_i,NA,o_up,FALSE,why,NO_COG
[2026-09-15T13:57:06.828] Cog0  BM-TS,seq,2_104,tid,16,k,854,lt,FALSE,pos,185,hw,185,i,699,ph,1_980,d,22_952,e,46,st,AT_SPEED,flt,FALSE,up,TRUE,ig,0,o_pos,0,o_hw,0,o_i,NA,o_up,FALSE,why,NO_COG
[2026-09-15T13:57:06.831] Cog0  BM-TS,seq,2_105,tid,16,k,856,lt,FALSE,pos,186,hw,186,i,609,ph,2_850,d,23_033,e,55,st,AT_SPEED,flt,FALSE,up,TRUE,ig,0,o_pos,0,o_hw,0,o_i,NA,o_up,FALSE,why,NO_COG
[2026-09-15T13:57:06.832] Cog0  BM-TS,seq,2_106,tid,16,k,858,lt,FALSE,pos,187,hw,187,i,601,ph,2_179,d,23_098,e,65,st,AT_SPEED,flt,FALSE,up,TRUE,ig,0,o_pos,0,o_hw,0,o_i,NA,o_up,FALSE,why,NO_COG
[2026-09-15T13:57:06.835] Cog0  BM-TS,seq,2_107,tid,16,k,860,lt,FALSE,pos,188,hw,188,i,693,ph,2_516,d,23_197,e,69,st,AT_SPEED,flt,FALSE,up,TRUE,ig,0,o_pos,0,o_hw,0,o_i,NA,o_up,FALSE,why,NO_COG
[2026-09-15T13:57:06.837] Cog0  BM-TS,seq,2_108,tid,16,k,862,lt,FALSE,pos,190,hw,190,i,659,ph,2_565,d,23_271,e,36,st,AT_SPEED,flt,FALSE,up,TRUE,ig,0,o_pos,0,o_hw,0,o_i,NA,o_up,FALSE,why,NO_COG
[2026-09-15T13:57:06.839] Cog0  BM-TS,seq,2_109,tid,16,k,864,lt,FALSE,pos,191,hw,191,i,706,ph,1_958,d,23_294,e,46,st,AT_SPEED,flt,FALSE,up,TRUE,ig,0,o_pos,0,o_hw,0,o_i,NA,o_up,FALSE,why,NO_COG
[2026-09-15T13:57:06.841] Cog0  BM-TS,seq,2_110,tid,16,k,866,lt,FALSE,pos,192,hw,192,i,742,ph,2_906,d,23_360,e,49,st,AT_SPEED,flt,FALSE,up,TRUE,ig,0,o_pos,0,o_hw,0,o_i,NA,o_up,FALSE,why,NO_COG
[2026-09-15T13:57:06.843] Cog0  BM-TS,seq,2_111,tid,16,k,868,lt,FALSE,pos,193,hw,193,i,654,ph,2_025,d,23_402,e,59,st,AT_SPEED,flt,FALSE,up,TRUE,ig,0,o_pos,0,o_hw,0,o_i,NA,o_up,FALSE,why,NO_COG
[2026-09-15T13:57:06.844] Cog0  BM-TS,seq,2_112,tid,16,k,870,lt,FALSE,pos,194,hw,194,i,755,ph,2_510,d,23_492,e,69,st,AT_SPEED,flt,FALSE,up,TRUE,ig,0,o_pos,0,o_hw,0,o_i,NA,o_up,FALSE,why,NO_COG
[2026-09-15T13:57:06.847] Cog0  BM-TS,seq,2_113,tid,16,k,872,lt,FALSE,pos,195,hw,195,i,773,ph,2_374,d,23_576,e,72,st,AT_SPEED,flt,FALSE,up,TRUE,ig,0,o_pos,0,o_hw,0,o_i,NA,o_up,FALSE,why,NO_COG
[2026-09-15T13:57:06.849] Cog0  BM-TS,seq,2_114,tid,16,k,874,lt,FALSE,pos,197,hw,197,i,711,ph,2_119,d,23_591,e,40,st,AT_SPEED,flt,FALSE,up,TRUE,ig,0,o_pos,0,o_hw,0,o_i,NA,o_up,FALSE,why,NO_COG
[2026-09-15T13:57:06.852] Cog0  BM-TS,seq,2_115,tid,16,k,876,lt,FALSE,pos,198,hw,198,i,849,ph,2_925,d,23_651,e,49,st,AT_SPEED,flt,FALSE,up,TRUE,ig,0,o_pos,0,o_hw,0,o_i,NA,o_up,FALSE,why,NO_COG
[2026-09-15T13:57:06.854] Cog0  BM-TS,seq,2_116,tid,16,k,878,lt,FALSE,pos,199,hw,199,i,766,ph,1_859,d,23_675,e,53,st,AT_SPEED,flt,FALSE,up,TRUE,ig,0,o_pos,0,o_hw,0,o_i,NA,o_up,FALSE,why,NO_COG
[2026-09-15T13:57:06.856] Cog0  BM-TS,seq,2_117,tid,16,k,880,lt,FALSE,pos,200,hw,200,i,689,ph,2_677,d,23_745,e,63,st,AT_SPEED,flt,FALSE,up,TRUE,ig,0,o_pos,0,o_hw,0,o_i,NA,o_up,FALSE,why,NO_COG
[2026-09-15T13:57:06.858] Cog0  BM-TS,seq,2_118,tid,16,k,882,lt,FALSE,pos,201,hw,201,i,879,ph,2_199,d,23_815,e,73,st,AT_SPEED,flt,FALSE,up,TRUE,ig,0,o_pos,0,o_hw,0,o_i,NA,o_up,FALSE,why,NO_COG
[2026-09-15T13:57:06.860] Cog0  BM-TS,seq,2_119,tid,16,k,884,lt,FALSE,pos,203,hw,203,i,804,ph,2_275,d,23_875,e,33,st,AT_SPEED,flt,FALSE,up,TRUE,ig,0,o_pos,0,o_hw,0,o_i,NA,o_up,FALSE,why,NO_COG
[2026-09-15T13:57:06.862] Cog0  BM-TS,seq,2_120,tid,16,k,886,lt,FALSE,pos,204,hw,204,i,776,ph,2_756,d,23_915,e,43,st,AT_SPEED,flt,FALSE,up,TRUE,ig,0,o_pos,0,o_hw,0,o_i,NA,o_up,FALSE,why,NO_COG
[2026-09-15T13:57:06.864] Cog0  BM-TS,seq,2_121,tid,16,k,888,lt,FALSE,pos,205,hw,205,i,908,ph,1_936,d,23_927,e,53,st,AT_SPEED,flt,FALSE,up,TRUE,ig,0,o_pos,0,o_hw,0,o_i,NA,o_up,FALSE,why,NO_COG
[2026-09-15T13:57:06.866] Cog0  BM-TS,seq,2_122,tid,16,k,890,lt,FALSE,pos,206,hw,206,i,789,ph,2_845,d,23_966,e,56,st,AT_SPEED,flt,FALSE,up,TRUE,ig,0,o_pos,0,o_hw,0,o_i,NA,o_up,FALSE,why,NO_COG
[2026-09-15T13:57:06.868] Cog0  BM-TS,seq,2_123,tid,16,k,892,lt,FALSE,pos,207,hw,207,i,785,ph,2_205,d,24_012,e,66,st,AT_SPEED,flt,FALSE,up,TRUE,ig,0,o_pos,0,o_hw,0,o_i,NA,o_up,FALSE,why,NO_COG
[2026-09-15T13:57:06.871] Cog0  BM-TS,seq,2_124,tid,16,k,894,lt,FALSE,pos,208,hw,208,i,910,ph,2_489,d,24_107,e,70,st,AT_SPEED,flt,FALSE,up,TRUE,ig,0,o_pos,0,o_hw,0,o_i,NA,o_up,FALSE,why,NO_COG
[2026-09-15T13:57:06.873] Cog0  BM-TS,seq,2_125,tid,16,k,896,lt,FALSE,pos,210,hw,210,i,875,ph,2_599,d,24_120,e,37,st,AT_SPEED,flt,FALSE,up,TRUE,ig,0,o_pos,0,o_hw,0,o_i,NA,o_up,FALSE,why,NO_COG
[2026-09-15T13:57:06.875] Cog0  BM-TS,seq,2_126,tid,16,k,898,lt,FALSE,pos,211,hw,211,i,847,ph,1_926,d,24_150,e,47,st,AT_SPEED,flt,FALSE,up,TRUE,ig,0,o_pos,0,o_hw,0,o_i,NA,o_up,FALSE,why,NO_COG
[2026-09-15T13:57:06.877] Cog0  BM-TS,seq,2_127,tid,16,k,900,lt,FALSE,pos,212,hw,212,i,904,ph,2_947,d,24_189,e,50,st,AT_SPEED,flt,FALSE,up,TRUE,ig,0,o_pos,0,o_hw,0,o_i,NA,o_up,FALSE,why,NO_COG
[2026-09-15T13:57:06.879] Cog0  BM-TS,seq,2_128,tid,16,k,902,lt,FALSE,pos,213,hw,213,i,816,ph,2_034,d,24_237,e,60,st,AT_SPEED,flt,FALSE,up,TRUE,ig,0,o_pos,0,o_hw,0,o_i,NA,o_up,FALSE,why,NO_COG
[2026-09-15T13:57:06.881] Cog0  BM-TS,seq,2_129,tid,16,k,904,lt,FALSE,pos,214,hw,214,i,854,ph,2_472,d,24_264,e,70,st,AT_SPEED,flt,FALSE,up,TRUE,ig,0,o_pos,0,o_hw,0,o_i,NA,o_up,FALSE,why,NO_COG
[2026-09-15T13:57:06.883] Cog0  BM-TS,seq,2_130,tid,16,k,906,lt,FALSE,pos,216,hw,216,i,965,ph,2_430,d,24_255,e,31,st,AT_SPEED,flt,FALSE,up,TRUE,ig,0,o_pos,0,o_hw,0,o_i,NA,o_up,FALSE,why,NO_COG
[2026-09-15T13:57:06.885] Cog0  BM-TS,seq,2_131,tid,16,k,908,lt,FALSE,pos,217,hw,217,i,855,ph,2_087,d,24_230,e,41,st,AT_SPEED,flt,FALSE,up,TRUE,ig,0,o_pos,0,o_hw,0,o_i,NA,o_up,FALSE,why,NO_COG
[2026-09-15T13:57:06.887] Cog0  BM-TS,seq,2_132,tid,16,k,910,lt,FALSE,pos,218,hw,218,i,866,ph,2_957,d,24_226,e,50,st,AT_SPEED,flt,FALSE,up,TRUE,ig,0,o_pos,0,o_hw,0,o_i,NA,o_up,FALSE,why,NO_COG
[2026-09-15T13:57:06.889] Cog0  BM-TS,seq,2_133,tid,16,k,912,lt,FALSE,pos,219,hw,219,i,891,ph,1_868,d,24_217,e,54,st,AT_SPEED,flt,FALSE,up,TRUE,ig,0,o_pos,0,o_hw,0,o_i,NA,o_up,FALSE,why,NO_COG
[2026-09-15T13:57:06.892] Cog0  BM-TS,seq,2_134,tid,16,k,914,lt,FALSE,pos,220,hw,220,i,811,ph,2_655,d,24_264,e,64,st,AT_SPEED,flt,FALSE,up,TRUE,ig,0,o_pos,0,o_hw,0,o_i,NA,o_up,FALSE,why,NO_COG
[2026-09-15T13:57:06.894] Cog0  BM-TS,seq,2_135,tid,16,k,916,lt,FALSE,pos,221,hw,221,i,940,ph,2_413,d,24_264,e,74,st,AT_SPEED,flt,FALSE,up,TRUE,ig,0,o_pos,0,o_hw,0,o_i,NA,o_up,FALSE,why,NO_COG
[2026-09-15T13:57:06.896] Cog0  BM-TS,seq,2_136,tid,16,k,918,lt,FALSE,pos,223,hw,223,i,937,ph,2_258,d,24_247,e,34,st,AT_SPEED,flt,FALSE,up,TRUE,ig,0,o_pos,0,o_hw,0,o_i,NA,o_up,FALSE,why,NO_COG
[2026-09-15T13:57:06.898] Cog0  BM-TS,seq,2_137,tid,16,k,920,lt,FALSE,pos,224,hw,224,i,832,ph,2_793,d,24_224,e,44,st,AT_SPEED,flt,FALSE,up,TRUE,ig,0,o_pos,0,o_hw,0,o_i,NA,o_up,FALSE,why,NO_COG
[2026-09-15T13:57:06.900] Cog0  BM-TS,seq,2_138,tid,16,k,922,lt,FALSE,pos,225,hw,225,i,961,ph,1_880,d,24_214,e,54,st,AT_SPEED,flt,FALSE,up,TRUE,ig,0,o_pos,0,o_hw,0,o_i,NA,o_up,FALSE,why,NO_COG
[2026-09-15T13:57:06.902] Cog0  BM-TS,seq,2_139,tid,16,k,924,lt,FALSE,pos,226,hw,226,i,874,ph,2_821,d,24_246,e,57,st,AT_SPEED,flt,FALSE,up,TRUE,ig,0,o_pos,0,o_hw,0,o_i,NA,o_up,FALSE,why,NO_COG
[2026-09-15T13:57:06.904] Cog0  BM-TS,seq,2_140,tid,16,k,926,lt,FALSE,pos,227,hw,227,i,833,ph,2_224,d,24_243,e,67,st,AT_SPEED,flt,FALSE,up,TRUE,ig,0,o_pos,0,o_hw,0,o_i,NA,o_up,FALSE,why,NO_COG
[2026-09-15T13:57:06.906] Cog0  BM-TS,seq,2_141,tid,16,k,928,lt,FALSE,pos,229,hw,229,i,994,ph,2_435,d,24_259,e,35,st,AT_SPEED,flt,FALSE,up,TRUE,ig,0,o_pos,0,o_hw,0,o_i,NA,o_up,FALSE,why,NO_COG
[2026-09-15T13:57:06.909] Cog0  BM-TS,seq,2_142,tid,16,k,930,lt,FALSE,pos,230,hw,230,i,907,ph,2_632,d,24_232,e,38,st,AT_SPEED,flt,FALSE,up,TRUE,ig,0,o_pos,0,o_hw,0,o_i,NA,o_up,FALSE,why,NO_COG
[2026-09-15T13:57:06.909] Cog0  BM-TS,seq,2_143,tid,16,k,932,lt,FALSE,pos,231,hw,231,i,844,ph,1_897,d,24_210,e,48,st,AT_SPEED,flt,FALSE,up,TRUE,ig,0,o_pos,0,o_hw,0,o_i,NA,o_up,FALSE,why,NO_COG
[2026-09-15T13:57:06.913] Cog0  BM-TS,seq,2_144,tid,16,k,934,lt,FALSE,pos,232,hw,232,i,942,ph,2_963,d,24_229,e,58,st,AT_SPEED,flt,FALSE,up,TRUE,ig,0,o_pos,0,o_hw,0,o_i,NA,o_up,FALSE,why,NO_COG
[2026-09-15T13:57:06.915] Cog0  BM-TS,seq,2_145,tid,16,k,936,lt,FALSE,pos,233,hw,233,i,836,ph,2_055,d,24_232,e,61,st,AT_SPEED,flt,FALSE,up,TRUE,ig,0,o_pos,0,o_hw,0,o_i,NA,o_up,FALSE,why,NO_COG
[2026-09-15T13:57:06.917] Cog0  BM-TS,seq,2_146,tid,16,k,938,lt,FALSE,pos,234,hw,234,i,843,ph,2_456,d,24_264,e,71,st,AT_SPEED,flt,FALSE,up,TRUE,ig,0,o_pos,0,o_hw,0,o_i,NA,o_up,FALSE,why,NO_COG
[2026-09-15T13:57:06.919] Cog0  BM-TS,seq,2_147,tid,16,k,940,lt,FALSE,pos,236,hw,236,i,988,ph,2_459,d,24_249,e,32,st,AT_SPEED,flt,FALSE,up,TRUE,ig,0,o_pos,0,o_hw,0,o_i,NA,o_up,FALSE,why,NO_COG
[2026-09-15T13:57:06.921] Cog0  BM-TS,seq,2_148,tid,16,k,942,lt,FALSE,pos,237,hw,237,i,874,ph,2_065,d,24_216,e,41,st,AT_SPEED,flt,FALSE,up,TRUE,ig,0,o_pos,0,o_hw,0,o_i,NA,o_up,FALSE,why,NO_COG
[2026-09-15T13:57:06.923] Cog0  BM-TS,seq,2_149,tid,16,k,944,lt,FALSE,pos,238,hw,238,i,841,ph,2_967,d,24_224,e,51,st,AT_SPEED,flt,FALSE,up,TRUE,ig,0,o_pos,0,o_hw,0,o_i,NA,o_up,FALSE,why,NO_COG
[2026-09-15T13:57:06.925] Cog0  BM-TS,seq,2_150,tid,16,k,946,lt,FALSE,pos,239,hw,239,i,918,ph,1_894,d,24_239,e,55,st,AT_SPEED,flt,FALSE,up,TRUE,ig,0,o_pos,0,o_hw,0,o_i,NA,o_up,FALSE,why,NO_COG
[2026-09-15T13:57:06.927] Cog0  BM-TS,seq,2_151,tid,16,k,948,lt,FALSE,pos,240,hw,240,i,829,ph,2_624,d,24_263,e,65,st,AT_SPEED,flt,FALSE,up,TRUE,ig,0,o_pos,0,o_hw,0,o_i,NA,o_up,FALSE,why,NO_COG
[2026-09-15T13:57:06.930] Cog0  BM-TS,seq,2_152,tid,16,k,950,lt,FALSE,pos,241,hw,241,i,877,ph,2_435,d,24_264,e,75,st,AT_SPEED,flt,FALSE,up,TRUE,ig,0,o_pos,0,o_hw,0,o_i,NA,o_up,FALSE,why,NO_COG
[2026-09-15T13:57:06.932] Cog0  BM-TS,seq,2_153,tid,16,k,952,lt,FALSE,pos,243,hw,243,i,981,ph,2_231,d,24_241,e,35,st,AT_SPEED,flt,FALSE,up,TRUE,ig,0,o_pos,0,o_hw,0,o_i,NA,o_up,FALSE,why,NO_COG
[2026-09-15T13:57:06.934] Cog0  BM-TS,seq,2_154,tid,16,k,954,lt,FALSE,pos,244,hw,244,i,854,ph,2_813,d,24_222,e,45,st,AT_SPEED,flt,FALSE,up,TRUE,ig,0,o_pos,0,o_hw,0,o_i,NA,o_up,FALSE,why,NO_COG
[2026-09-15T13:57:06.936] Cog0  BM-TS,seq,2_155,tid,16,k,956,lt,FALSE,pos,245,hw,245,i,854,ph,1_897,d,24_236,e,55,st,AT_SPEED,flt,FALSE,up,TRUE,ig,0,o_pos,0,o_hw,0,o_i,NA,o_up,FALSE,why,NO_COG
[2026-09-15T13:57:06.938] Cog0  BM-TS,seq,2_156,tid,16,k,958,lt,FALSE,pos,246,hw,246,i,900,ph,2_796,d,24_246,e,58,st,AT_SPEED,flt,FALSE,up,TRUE,ig,0,o_pos,0,o_hw,0,o_i,NA,o_up,FALSE,why,NO_COG
[2026-09-15T13:57:06.940] Cog0  BM-TS,seq,2_157,tid,16,k,960,lt,FALSE,pos,247,hw,247,i,831,ph,2_258,d,24_264,e,68,st,AT_SPEED,flt,FALSE,up,TRUE,ig,0,o_pos,0,o_hw,0,o_i,NA,o_up,FALSE,why,NO_COG
[2026-09-15T13:57:06.942] Cog0  BM-TS,seq,2_158,tid,16,k,962,lt,FALSE,pos,249,hw,249,i,926,ph,2_225,d,24_256,e,35,st,AT_SPEED,flt,FALSE,up,TRUE,ig,0,o_pos,0,o_hw,0,o_i,NA,o_up,FALSE,why,NO_COG
[2026-09-15T13:57:06.944] Cog0  BM-TS,seq,2_159,tid,16,k,964,lt,FALSE,pos,250,hw,250,i,948,ph,2_646,d,24_227,e,39,st,AT_SPEED,flt,FALSE,up,TRUE,ig,0,o_pos,0,o_hw,0,o_i,NA,o_up,FALSE,why,NO_COG
[2026-09-15T13:57:06.947] Cog0  BM-TS,seq,2_160,tid,16,k,966,lt,FALSE,pos,251,hw,251,i,832,ph,1_878,d,24_231,e,49,st,AT_SPEED,flt,FALSE,up,TRUE,ig,0,o_pos,0,o_hw,0,o_i,NA,o_up,FALSE,why,NO_COG
[2026-09-15T13:57:06.948] Cog0  BM-TS,seq,2_161,tid,16,k,968,lt,FALSE,pos,252,hw,252,i,906,ph,2_794,d,24_231,e,59,st,AT_SPEED,flt,FALSE,up,TRUE,ig,0,o_pos,0,o_hw,0,o_i,NA,o_up,FALSE,why,NO_COG
[2026-09-15T13:57:06.951] Cog0  BM-TS,seq,2_162,tid,16,k,970,lt,FALSE,pos,253,hw,253,i,856,ph,2_084,d,24_254,e,62,st,AT_SPEED,flt,FALSE,up,TRUE,ig,0,o_pos,0,o_hw,0,o_i,NA,o_up,FALSE,why,NO_COG
[2026-09-15T13:57:06.953] Cog0  BM-TS,seq,2_163,tid,16,k,972,lt,FALSE,pos,254,hw,254,i,851,ph,2_434,d,24_264,e,72,st,AT_SPEED,flt,FALSE,up,TRUE,ig,0,o_pos,0,o_hw,0,o_i,NA,o_up,FALSE,why,NO_COG
[2026-09-15T13:57:06.955] Cog0  BM-TS,seq,2_164,tid,16,k,974,lt,FALSE,pos,256,hw,256,i,1_006,ph,2_666,d,24_245,e,39,st,AT_SPEED,flt,FALSE,up,TRUE,ig,0,o_pos,0,o_hw,0,o_i,NA,o_up,FALSE,why,NO_COG
[2026-09-15T13:57:06.957] Cog0  BM-TS,seq,2_165,tid,16,k,976,lt,FALSE,pos,257,hw,257,i,874,ph,2_035,d,24_233,e,42,st,AT_SPEED,flt,FALSE,up,TRUE,ig,0,o_pos,0,o_hw,0,o_i,NA,o_up,FALSE,why,NO_COG
[2026-09-15T13:57:06.959] Cog0  BM-TS,seq,2_166,tid,16,k,978,lt,FALSE,pos,258,hw,258,i,833,ph,2_952,d,24_222,e,52,st,AT_SPEED,flt,FALSE,up,TRUE,ig,0,o_pos,0,o_hw,0,o_i,NA,o_up,FALSE,why,NO_COG
[2026-09-15T13:57:06.961] Cog0  BM-TS,seq,2_167,tid,16,k,980,lt,FALSE,pos,259,hw,259,i,944,ph,1_919,d,24_237,e,62,st,AT_SPEED,flt,FALSE,up,TRUE,ig,0,o_pos,0,o_hw,0,o_i,NA,o_up,FALSE,why,NO_COG
[2026-09-15T13:57:06.963] Cog0  BM-TS,seq,2_168,tid,16,k,982,lt,FALSE,pos,260,hw,260,i,849,ph,2_599,d,24_263,e,66,st,AT_SPEED,flt,FALSE,up,TRUE,ig,0,o_pos,0,o_hw,0,o_i,NA,o_up,FALSE,why,NO_COG
[2026-09-15T13:57:06.965] Cog0  BM-TS,seq,2_169,tid,16,k,984,lt,FALSE,pos,262,hw,262,i,868,ph,2_491,d,24_262,e,33,st,AT_SPEED,flt,FALSE,up,TRUE,ig,0,o_pos,0,o_hw,0,o_i,NA,o_up,FALSE,why,NO_COG
[2026-09-15T13:57:06.968] Cog0  BM-TS,seq,2_170,tid,16,k,986,lt,FALSE,pos,263,hw,263,i,982,ph,2_204,d,24_235,e,43,st,AT_SPEED,flt,FALSE,up,TRUE,ig,0,o_pos,0,o_hw,0,o_i,NA,o_up,FALSE,why,NO_COG
[2026-09-15T13:57:06.970] Cog0  BM-TS,seq,2_171,tid,16,k,988,lt,FALSE,pos,264,hw,264,i,879,ph,2_838,d,24_222,e,46,st,AT_SPEED,flt,FALSE,up,TRUE,ig,0,o_pos,0,o_hw,0,o_i,NA,o_up,FALSE,why,NO_COG
[2026-09-15T13:57:06.972] Cog0  BM-TS,seq,2_172,tid,16,k,990,lt,FALSE,pos,265,hw,265,i,835,ph,1_932,d,24_233,e,56,st,AT_SPEED,flt,FALSE,up,TRUE,ig,0,o_pos,0,o_hw,0,o_i,NA,o_up,FALSE,why,NO_COG
[2026-09-15T13:57:06.974] Cog0  BM-TS,seq,2_173,tid,16,k,992,lt,FALSE,pos,266,hw,266,i,925,ph,2_767,d,24_243,e,59,st,AT_SPEED,flt,FALSE,up,TRUE,ig,0,o_pos,0,o_hw,0,o_i,NA,o_up,FALSE,why,NO_COG
[2026-09-15T13:57:06.976] Cog0  BM-TS,seq,2_174,tid,16,k,994,lt,FALSE,pos,267,hw,267,i,849,ph,2_276,d,24_264,e,69,st,AT_SPEED,flt,FALSE,up,TRUE,ig,0,o_pos,0,o_hw,0,o_i,NA,o_up,FALSE,why,NO_COG
[2026-09-15T13:57:06.978] Cog0  BM-TS,seq,2_175,tid,16,k,996,lt,FALSE,pos,269,hw,269,i,870,ph,2_191,d,24_248,e,36,st,AT_SPEED,flt,FALSE,up,TRUE,ig,0,o_pos,0,o_hw,0,o_i,NA,o_up,FALSE,why,NO_COG
[2026-09-15T13:57:06.980] Cog0  BM-TS,seq,2_176,tid,16,k,998,lt,FALSE,pos,270,hw,270,i,974,ph,2_670,d,24_225,e,40,st,AT_SPEED,flt,FALSE,up,TRUE,ig,0,o_pos,0,o_hw,0,o_i,NA,o_up,FALSE,why,NO_COG
[2026-09-15T13:57:06.982] Cog0  BM-TS,seq,2_177,tid,16,k,1_000,lt,FALSE,pos,271,hw,271,i,842,ph,1_851,d,24_229,e,50,st,AT_SPEED,flt,FALSE,up,TRUE,ig,0,o_pos,0,o_hw,0,o_i,NA,o_up,FALSE,why,NO_COG
[2026-09-15T13:57:06.984] Cog0  BM-TS,seq,2_178,tid,16,k,1_002,lt,FALSE,pos,272,hw,272,i,862,ph,2_771,d,24_226,e,60,st,AT_SPEED,flt,FALSE,up,TRUE,ig,0,o_pos,0,o_hw,0,o_i,NA,o_up,FALSE,why,NO_COG
[2026-09-15T13:57:06.987] Cog0  BM-TS,seq,2_179,tid,16,k,1_004,lt,FALSE,pos,273,hw,273,i,881,ph,2_113,d,24_254,e,63,st,AT_SPEED,flt,FALSE,up,TRUE,ig,0,o_pos,0,o_hw,0,o_i,NA,o_up,FALSE,why,NO_COG
[2026-09-15T13:57:06.989] Cog0  BM-TS,seq,2_180,tid,16,k,1_006,lt,FALSE,pos,274,hw,274,i,843,ph,2_399,d,24_264,e,73,st,AT_SPEED,flt,FALSE,up,TRUE,ig,0,o_pos,0,o_hw,0,o_i,NA,o_up,FALSE,why,NO_COG
[2026-09-15T13:57:06.991] Cog0  BM-TS,seq,2_181,tid,16,k,1_008,lt,FALSE,pos,276,hw,276,i,938,ph,2_683,d,24_239,e,40,st,AT_SPEED,flt,FALSE,up,TRUE,ig,0,o_pos,0,o_hw,0,o_i,NA,o_up,FALSE,why,NO_COG
[2026-09-15T13:57:06.993] Cog0  BM-TS,seq,2_182,tid,16,k,1_010,lt,FALSE,pos,277,hw,277,i,901,ph,2_021,d,24_230,e,43,st,AT_SPEED,flt,FALSE,up,TRUE,ig,0,o_pos,0,o_hw,0,o_i,NA,o_up,FALSE,why,NO_COG
[2026-09-15T13:57:06.995] Cog0  BM-TS,seq,2_183,tid,16,k,1_012,lt,FALSE,pos,278,hw,278,i,823,ph,2_931,d,24_223,e,53,st,AT_SPEED,flt,FALSE,up,TRUE,ig,0,o_pos,0,o_hw,0,o_i,NA,o_up,FALSE,why,NO_COG
[2026-09-15T13:57:06.997] Cog0  BM-TS,seq,2_184,tid,16,k,1_014,lt,FALSE,pos,279,hw,279,i,909,ph,2_120,d,24_258,e,63,st,AT_SPEED,flt,FALSE,up,TRUE,ig,0,o_pos,0,o_hw,0,o_i,NA,o_up,FALSE,why,NO_COG
[2026-09-15T13:57:06.999] Cog0  BM-TS,seq,2_185,tid,16,k,1_016,lt,FALSE,pos,280,hw,280,i,873,ph,2_570,d,24_263,e,67,st,AT_SPEED,flt,FALSE,up,TRUE,ig,0,o_pos,0,o_hw,0,o_i,NA,o_up,FALSE,why,NO_COG
[2026-09-15T13:57:07.001] Cog0  BM-TS,seq,2_186,tid,16,k,1_018,lt,FALSE,pos,282,hw,282,i,892,ph,2_517,d,24_256,e,34,st,AT_SPEED,flt,FALSE,up,TRUE,ig,0,o_pos,0,o_hw,0,o_i,NA,o_up,FALSE,why,NO_COG
[2026-09-15T13:57:07.004] Cog0  BM-TS,seq,2_187,tid,16,k,1_020,lt,FALSE,pos,283,hw,283,i,978,ph,2_009,d,24_232,e,44,st,AT_SPEED,flt,FALSE,up,TRUE,ig,0,o_pos,0,o_hw,0,o_i,NA,o_up,FALSE,why,NO_COG
[2026-09-15T13:57:07.006] Cog0  BM-TS,seq,2_188,tid,16,k,1_022,lt,FALSE,pos,284,hw,284,i,875,ph,2_869,d,24_225,e,47,st,AT_SPEED,flt,FALSE,up,TRUE,ig,0,o_pos,0,o_hw,0,o_i,NA,o_up,FALSE,why,NO_COG
[2026-09-15T13:57:07.008] Cog0  BM-TS,seq,2_189,tid,16,k,1_024,lt,FALSE,pos,285,hw,285,i,832,ph,1_953,d,24_240,e,57,st,AT_SPEED,flt,FALSE,up,TRUE,ig,0,o_pos,0,o_hw,0,o_i,NA,o_up,FALSE,why,NO_COG
[2026-09-15T13:57:07.010] Cog0  BM-TS,seq,2_190,tid,16,k,1_026,lt,FALSE,pos,286,hw,286,i,956,ph,2_738,d,24_244,e,67,st,AT_SPEED,flt,FALSE,up,TRUE,ig,0,o_pos,0,o_hw,0,o_i,NA,o_up,FALSE,why,NO_COG
[2026-09-15T13:57:07.012] Cog0  BM-TS,seq,2_191,tid,16,k,1_028,lt,FALSE,pos,287,hw,287,i,891,ph,2_308,d,24_264,e,70,st,AT_SPEED,flt,FALSE,up,TRUE,ig,0,o_pos,0,o_hw,0,o_i,NA,o_up,FALSE,why,NO_COG
[2026-09-15T13:57:07.014] Cog0  BM-TS,seq,2_192,tid,16,k,1_030,lt,FALSE,pos,289,hw,289,i,870,ph,2_168,d,24_244,e,37,st,AT_SPEED,flt,FALSE,up,TRUE,ig,0,o_pos,0,o_hw,0,o_i,NA,o_up,FALSE,why,NO_COG
[2026-09-15T13:57:07.017] Cog0  BM-TS,seq,2_193,tid,16,k,1_032,lt,FALSE,pos,290,hw,290,i,967,ph,2_710,d,24_219,e,47,st,AT_SPEED,flt,FALSE,up,TRUE,ig,0,o_pos,0,o_hw,0,o_i,NA,o_up,FALSE,why,NO_COG
[2026-09-15T13:57:07.018] Cog0  BM-TS,seq,2_194,tid,16,k,1_034,lt,FALSE,pos,291,hw,291,i,864,ph,1_834,d,24_232,e,51,st,AT_SPEED,flt,FALSE,up,TRUE,ig,0,o_pos,0,o_hw,0,o_i,NA,o_up,FALSE,why,NO_COG
[2026-09-15T13:57:07.021] Cog0  BM-TS,seq,2_195,tid,16,k,1_036,lt,FALSE,pos,292,hw,292,i,818,ph,2_736,d,24_227,e,61,st,AT_SPEED,flt,FALSE,up,TRUE,ig,0,o_pos,0,o_hw,0,o_i,NA,o_up,FALSE,why,NO_COG
[2026-09-15T13:57:07.023] Cog0  BM-TS,seq,2_196,tid,16,k,1_038,lt,FALSE,pos,293,hw,293,i,922,ph,2_131,d,24_264,e,64,st,AT_SPEED,flt,FALSE,up,TRUE,ig,0,o_pos,0,o_hw,0,o_i,NA,o_up,FALSE,why,NO_COG
[2026-09-15T13:57:07.025] Cog0  BM-TS,seq,2_197,tid,16,k,1_040,lt,FALSE,pos,295,hw,295,i,895,ph,2_345,d,24_259,e,31,st,AT_SPEED,flt,FALSE,up,TRUE,ig,0,o_pos,0,o_hw,0,o_i,NA,o_up,FALSE,why,NO_COG
[2026-09-15T13:57:07.027] Cog0  BM-TS,seq,2_198,tid,16,k,1_042,lt,FALSE,pos,296,hw,296,i,879,ph,2_719,d,24_231,e,41,st,AT_SPEED,flt,FALSE,up,TRUE,ig,0,o_pos,0,o_hw,0,o_i,NA,o_up,FALSE,why,NO_COG
[2026-09-15T13:57:07.029] Cog0  BM-TS,seq,2_199,tid,16,k,1_044,lt,FALSE,pos,297,hw,297,i,924,ph,1_988,d,24_230,e,44,st,AT_SPEED,flt,FALSE,up,TRUE,ig,0,o_pos,0,o_hw,0,o_i,NA,o_up,FALSE,why,NO_COG
[2026-09-15T13:57:07.031] Cog0  BM-TS,seq,2_200,tid,16,k,1_046,lt,FALSE,pos,298,hw,298,i,840,ph,2_894,d,24_221,e,54,st,AT_SPEED,flt,FALSE,up,TRUE,ig,0,o_pos,0,o_hw,0,o_i,NA,o_up,FALSE,why,NO_COG
[2026-09-15T13:57:07.032] Cog0  BM-TS,seq,2_201,tid,16,k,1_048,lt,FALSE,pos,299,hw,299,i,849,ph,2_141,d,24_255,e,64,st,AT_SPEED,flt,FALSE,up,TRUE,ig,0,o_pos,0,o_hw,0,o_i,NA,o_up,FALSE,why,NO_COG
[2026-09-15T13:57:07.035] Cog0  BM-TS,seq,2_202,tid,16,k,1_050,lt,FALSE,pos,300,hw,300,i,904,ph,2_544,d,24_263,e,67,st,AT_SPEED,flt,FALSE,up,TRUE,ig,0,o_pos,0,o_hw,0,o_i,NA,o_up,FALSE,why,NO_COG
[2026-09-15T13:57:07.038] Cog0  BM-TS,seq,2_203,tid,16,k,1_052,lt,FALSE,pos,302,hw,302,i,883,ph,2_551,d,24_248,e,35,st,AT_SPEED,flt,FALSE,up,TRUE,ig,0,o_pos,0,o_hw,0,o_i,NA,o_up,FALSE,why,NO_COG
[2026-09-15T13:57:07.040] Cog0  BM-TS,seq,2_204,tid,16,k,1_054,lt,FALSE,pos,303,hw,303,i,899,ph,1_977,d,24_231,e,45,st,AT_SPEED,flt,FALSE,up,TRUE,ig,0,o_pos,0,o_hw,0,o_i,NA,o_up,FALSE,why,NO_COG
[2026-09-15T13:57:07.042] Cog0  BM-TS,seq,2_205,tid,16,k,1_056,lt,FALSE,pos,304,hw,304,i,897,ph,2_884,d,24_222,e,48,st,AT_SPEED,flt,FALSE,up,TRUE,ig,0,o_pos,0,o_hw,0,o_i,NA,o_up,FALSE,why,NO_COG
[2026-09-15T13:57:07.044] Cog0  BM-TS,seq,2_206,tid,16,k,1_058,lt,FALSE,pos,305,hw,305,i,828,ph,1_977,d,24_235,e,58,st,AT_SPEED,flt,FALSE,up,TRUE,ig,0,o_pos,0,o_hw,0,o_i,NA,o_up,FALSE,why,NO_COG
[2026-09-15T13:57:07.046] Cog0  BM-TS,seq,2_207,tid,16,k,1_060,lt,FALSE,pos,306,hw,306,i,901,ph,2_540,d,24_242,e,68,st,AT_SPEED,flt,FALSE,up,TRUE,ig,0,o_pos,0,o_hw,0,o_i,NA,o_up,FALSE,why,NO_COG
[2026-09-15T13:57:07.048] Cog0  BM-TS,seq,2_208,tid,16,k,1_062,lt,FALSE,pos,308,hw,308,i,903,ph,2_342,d,24_261,e,28,st,AT_SPEED,flt,FALSE,up,TRUE,ig,0,o_pos,0,o_hw,0,o_i,NA,o_up,FALSE,why,NO_COG
[2026-09-15T13:57:07.050] Cog0  BM-TS,seq,2_209,tid,16,k,1_064,lt,FALSE,pos,309,hw,309,i,882,ph,2_151,d,24_237,e,38,st,AT_SPEED,flt,FALSE,up,TRUE,ig,0,o_pos,0,o_hw,0,o_i,NA,o_up,FALSE,why,NO_COG
[2026-09-15T13:57:07.052] Cog0  BM-TS,seq,2_210,tid,16,k,1_066,lt,FALSE,pos,310,hw,310,i,963,ph,2_897,d,24_241,e,48,st,AT_SPEED,flt,FALSE,up,TRUE,ig,0,o_pos,0,o_hw,0,o_i,NA,o_up,FALSE,why,NO_COG
[2026-09-15T13:57:07.055] Cog0  BM-TS,seq,2_211,tid,16,k,1_067,lt,FALSE,pos,310,hw,310,i,917,ph,2_534,d,24_264,e,68,st,AT_SPEED,flt,FALSE,up,TRUE,ig,0,o_pos,0,o_hw,0,o_i,NA,o_up,FALSE,why,NO_COG
[2026-09-15T13:57:07.070] Cog0  BM-TRACE-END,seq,2_212,tid,16,stored,1_068,emitted,395,ksum,223_069,mark_k,4,late,0,skipped,0,lost_head,0,dropped,0,end,FROZEN,rest_k,NA,ig_sum,0,o_ig_sum,0,hw_skip,0,stride,2,why,NOT_REACHED
[2026-09-15T13:57:07.423] Cog0  BM-ABORT,seq,2_213,seg,FAULTB,tid,16,motor,RIGHT,incre,0,reason,ABS_CURRENT,value,1_519,scope,TRIAL,why,NONE
[2026-09-15T13:57:17.415] Cog0  BM-FBTRIAL,seq,2_214,tid,16,motor,RIGHT,trial,1,ramp_inc,22,incre,110_250_000,off_neg,43,off_pos,317,result,OK,t_ms,1_624,i_pk,1_032,duty_pk,24_264,duty_max,24_264,dsat,FALSE,rst,NONE,rst_ms,0,why,NONE
[2026-09-15T13:57:17.417] Cog0  BM-TRACE,seq,2_215,tid,17,seg,FAULTB,life,6,motor,RIGHT,cause,RAMP,incre,110_250_000,off_neg,43,off_pos,317,req_mode,FLOAT,ramp_inc,22,period_us,2_000,decim,1,pre,50,why,NONE
[2026-09-15T13:57:17.419] Cog0  BM-TRACE-END,seq,2_216,tid,17,stored,0,emitted,0,ksum,0,mark_k,NA,late,NA,skipped,NA,lost_head,0,dropped,0,end,ABORT,rest_k,NA,ig_sum,0,o_ig_sum,0,hw_skip,0,stride,1,why,NO_COG
[2026-09-15T13:57:17.422] Cog0  BM-FBTRIAL,seq,2_217,tid,17,motor,RIGHT,trial,2,ramp_inc,100,incre,110_250_000,off_neg,43,off_pos,317,result,SKIPPED,t_ms,NA,i_pk,0,duty_pk,0,duty_max,24_264,dsat,FALSE,rst,NONE,rst_ms,0,why,NO_COG
[2026-09-15T13:57:17.423] Cog0  BM-TRACE,seq,2_218,tid,18,seg,FAULTB,life,6,motor,RIGHT,cause,RAMP,incre,110_250_000,off_neg,43,off_pos,317,req_mode,FLOAT,ramp_inc,22,period_us,2_000,decim,1,pre,50,why,NONE
[2026-09-15T13:57:17.426] Cog0  BM-TRACE-END,seq,2_219,tid,18,stored,0,emitted,0,ksum,0,mark_k,NA,late,NA,skipped,NA,lost_head,0,dropped,0,end,ABORT,rest_k,NA,ig_sum,0,o_ig_sum,0,hw_skip,0,stride,1,why,NO_COG
[2026-09-15T13:57:17.428] Cog0  BM-FBTRIAL,seq,2_220,tid,18,motor,RIGHT,trial,3,ramp_inc,500,incre,110_250_000,off_neg,43,off_pos,317,result,SKIPPED,t_ms,NA,i_pk,0,duty_pk,0,duty_max,24_264,dsat,FALSE,rst,NONE,rst_ms,0,why,NO_COG
[2026-09-15T13:57:17.430] Cog0  BM-TRACE,seq,2_221,tid,19,seg,FAULTB,life,6,motor,RIGHT,cause,RAMP,incre,110_250_000,off_neg,43,off_pos,317,req_mode,FLOAT,ramp_inc,22,period_us,2_000,decim,1,pre,50,why,NONE
[2026-09-15T13:57:17.432] Cog0  BM-TRACE-END,seq,2_222,tid,19,stored,0,emitted,0,ksum,0,mark_k,NA,late,NA,skipped,NA,lost_head,0,dropped,0,end,ABORT,rest_k,NA,ig_sum,0,o_ig_sum,0,hw_skip,0,stride,1,why,NO_COG
[2026-09-15T13:57:17.434] Cog0  BM-FBTRIAL,seq,2_223,tid,19,motor,RIGHT,trial,4,ramp_inc,2_000,incre,110_250_000,off_neg,43,off_pos,317,result,SKIPPED,t_ms,NA,i_pk,0,duty_pk,0,duty_max,24_264,dsat,FALSE,rst,NONE,rst_ms,0,why,NO_COG
[2026-09-15T13:57:17.436] Cog0  BM-TRACE,seq,2_224,tid,20,seg,FAULTB,life,6,motor,RIGHT,cause,RAMP,incre,110_250_000,off_neg,43,off_pos,317,req_mode,FLOAT,ramp_inc,22,period_us,2_000,decim,1,pre,50,why,NONE
[2026-09-15T13:57:17.438] Cog0  BM-TRACE-END,seq,2_225,tid,20,stored,0,emitted,0,ksum,0,mark_k,NA,late,NA,skipped,NA,lost_head,0,dropped,0,end,ABORT,rest_k,NA,ig_sum,0,o_ig_sum,0,hw_skip,0,stride,1,why,NO_COG
[2026-09-15T13:57:17.445] Cog0  BM-FBTRIAL,seq,2_226,tid,20,motor,RIGHT,trial,5,ramp_inc,10_000,incre,110_250_000,off_neg,43,off_pos,317,result,SKIPPED,t_ms,NA,i_pk,0,duty_pk,0,duty_max,24_264,dsat,FALSE,rst,NONE,rst_ms,0,why,NO_COG
[2026-09-15T13:57:17.446] Cog0  BM-SEG,seq,2_227,seg,FAULTB,event,END,attended,FALSE,items,20,faults,3,unrecov,0,ms,103_824,why,NONE
[2026-09-15T13:57:17.448] Cog0  BM-SEG,seq,2_228,seg,OVERSHT,event,BEGIN,attended,FALSE,items,0,faults,0,unrecov,0,ms,0,why,NONE
[2026-09-15T13:57:17.464] Cog3  INIT $0000_A582 $0003_2ECF load
[2026-09-15T13:57:17.464] Cog4  INIT $0000_A582 $0003_31F7 load
[2026-09-15T13:57:17.551] Cog5  INIT $0000_0FA8 $0003_2B38 jump
[2026-09-15T13:57:17.567] Cog0  BM-SSTART,seq,2_229,seg,OVERSHT,life,7,motor,BOTH,ret,5,ret_ok,TRUE,l_st,STOPPED,r_st,STOPPED,ready_ms,0,l_neg,43,l_pos,317,r_neg,43,r_pos,317,l_ig,0,r_ig,0,l_board,REV_B,r_board,REV_B,why,NONE
[2026-09-15T13:57:20.962] Cog0  BM-STRACE,seq,2_230,tid,21,seg,OVERSHT,life,7,motor,BOTH,cause,DISTANCE,l_pwr,75,r_pwr,75,dir,0,req_mode,FLOAT,period_us,2_000,decim,2,pre,50,why,NONE
[2026-09-15T13:57:21.087] Cog0  BM-TS,seq,2_231,tid,21,k,0,lt,FALSE,pos,0,hw,0,i,6,ph,16,d,2_347,e,-98,st,STOPPED,flt,FALSE,up,TRUE,ig,0,o_pos,0,o_hw,0,o_i,0,o_up,TRUE,why,NONE
[2026-09-15T13:57:21.088] Cog0  BM-TS,seq,2_232,tid,21,k,1,lt,FALSE,pos,0,hw,0,i,7,ph,17,d,2_875,e,-98,st,STOPPED,flt,FALSE,up,TRUE,ig,0,o_pos,0,o_hw,0,o_i,0,o_up,TRUE,why,NONE
[2026-09-15T13:57:21.090] Cog0  BM-TS,seq,2_233,tid,21,k,2,lt,FALSE,pos,0,hw,0,i,7,ph,18,d,3_403,e,-98,st,STOPPED,flt,FALSE,up,TRUE,ig,0,o_pos,0,o_hw,0,o_i,0,o_up,TRUE,why,NONE
[2026-09-15T13:57:21.092] Cog0  BM-TS,seq,2_234,tid,21,k,3,lt,FALSE,pos,0,hw,0,i,6,ph,17,d,3_931,e,-98,st,STOPPED,flt,FALSE,up,TRUE,ig,0,o_pos,0,o_hw,0,o_i,-1,o_up,TRUE,why,NONE
[2026-09-15T13:57:21.094] Cog0  BM-TS,seq,2_235,tid,21,k,4,lt,FALSE,pos,0,hw,0,i,7,ph,19,d,4_459,e,-98,st,STOPPED,flt,FALSE,up,TRUE,ig,0,o_pos,0,o_hw,0,o_i,0,o_up,TRUE,why,NONE
[2026-09-15T13:57:21.096] Cog0  BM-TS,seq,2_236,tid,21,k,5,lt,FALSE,pos,0,hw,0,i,6,ph,17,d,4_987,e,-98,st,STOPPED,flt,FALSE,up,TRUE,ig,0,o_pos,0,o_hw,0,o_i,0,o_up,TRUE,why,NONE
[2026-09-15T13:57:21.098] Cog0  BM-TS,seq,2_237,tid,21,k,6,lt,FALSE,pos,0,hw,0,i,7,ph,16,d,5_515,e,-98,st,STOPPED,flt,FALSE,up,TRUE,ig,0,o_pos,0,o_hw,0,o_i,0,o_up,TRUE,why,NONE
[2026-09-15T13:57:21.099] Cog0  BM-TS,seq,2_238,tid,21,k,7,lt,FALSE,pos,0,hw,0,i,7,ph,17,d,6_043,e,-98,st,STOPPED,flt,FALSE,up,TRUE,ig,0,o_pos,0,o_hw,0,o_i,0,o_up,TRUE,why,NONE
[2026-09-15T13:57:21.101] Cog0  BM-TS,seq,2_239,tid,21,k,8,lt,FALSE,pos,0,hw,0,i,6,ph,17,d,6_571,e,-98,st,STOPPED,flt,FALSE,up,TRUE,ig,0,o_pos,0,o_hw,0,o_i,0,o_up,TRUE,why,NONE
[2026-09-15T13:57:21.103] Cog0  BM-TS,seq,2_240,tid,21,k,9,lt,FALSE,pos,0,hw,0,i,9,ph,22,d,7_099,e,-98,st,STOPPED,flt,FALSE,up,TRUE,ig,0,o_pos,0,o_hw,0,o_i,1,o_up,TRUE,why,NONE
[2026-09-15T13:57:21.104] Cog0  BM-TS,seq,2_241,tid,21,k,10,lt,FALSE,pos,0,hw,0,i,8,ph,22,d,7_627,e,-98,st,STOPPED,flt,FALSE,up,TRUE,ig,0,o_pos,0,o_hw,0,o_i,0,o_up,TRUE,why,NONE
[2026-09-15T13:57:21.107] Cog0  BM-TS,seq,2_242,tid,21,k,11,lt,FALSE,pos,0,hw,0,i,6,ph,19,d,8_155,e,-98,st,STOPPED,flt,FALSE,up,TRUE,ig,0,o_pos,0,o_hw,0,o_i,1,o_up,TRUE,why,NONE
[2026-09-15T13:57:21.108] Cog0  BM-TS,seq,2_243,tid,21,k,12,lt,FALSE,pos,0,hw,0,i,6,ph,18,d,8_683,e,-98,st,STOPPED,flt,FALSE,up,TRUE,ig,0,o_pos,0,o_hw,0,o_i,0,o_up,TRUE,why,NONE
[2026-09-15T13:57:21.111] Cog0  BM-TS,seq,2_244,tid,21,k,13,lt,FALSE,pos,0,hw,0,i,6,ph,19,d,9_211,e,-98,st,STOPPED,flt,FALSE,up,TRUE,ig,0,o_pos,0,o_hw,0,o_i,-1,o_up,TRUE,why,NONE
[2026-09-15T13:57:21.112] Cog0  BM-TS,seq,2_245,tid,21,k,14,lt,FALSE,pos,0,hw,0,i,5,ph,18,d,9_739,e,-98,st,STOPPED,flt,FALSE,up,TRUE,ig,0,o_pos,0,o_hw,0,o_i,0,o_up,TRUE,why,NONE
[2026-09-15T13:57:21.114] Cog0  BM-TS,seq,2_246,tid,21,k,15,lt,FALSE,pos,0,hw,0,i,8,ph,19,d,10_267,e,-98,st,STOPPED,flt,FALSE,up,TRUE,ig,0,o_pos,0,o_hw,0,o_i,0,o_up,TRUE,why,NONE
[2026-09-15T13:57:21.116] Cog0  BM-TS,seq,2_247,tid,21,k,16,lt,FALSE,pos,0,hw,0,i,6,ph,20,d,10_795,e,-98,st,STOPPED,flt,FALSE,up,TRUE,ig,0,o_pos,0,o_hw,0,o_i,0,o_up,TRUE,why,NONE
[2026-09-15T13:57:21.118] Cog0  BM-TS,seq,2_248,tid,21,k,17,lt,FALSE,pos,0,hw,0,i,6,ph,18,d,11_323,e,-98,st,STOPPED,flt,FALSE,up,TRUE,ig,0,o_pos,0,o_hw,0,o_i,0,o_up,TRUE,why,NONE
[2026-09-15T13:57:21.120] Cog0  BM-TS,seq,2_249,tid,21,k,18,lt,FALSE,pos,0,hw,0,i,6,ph,14,d,11_851,e,-98,st,STOPPED,flt,FALSE,up,TRUE,ig,0,o_pos,0,o_hw,0,o_i,-1,o_up,TRUE,why,NONE
[2026-09-15T13:57:21.122] Cog0  BM-TS,seq,2_250,tid,21,k,19,lt,FALSE,pos,0,hw,0,i,6,ph,19,d,12_379,e,-98,st,STOPPED,flt,FALSE,up,TRUE,ig,0,o_pos,0,o_hw,0,o_i,0,o_up,TRUE,why,NONE
[2026-09-15T13:57:21.123] Cog0  BM-TS,seq,2_251,tid,21,k,20,lt,FALSE,pos,0,hw,0,i,6,ph,20,d,12_907,e,-98,st,STOPPED,flt,FALSE,up,TRUE,ig,0,o_pos,0,o_hw,0,o_i,0,o_up,TRUE,why,NONE
[2026-09-15T13:57:21.125] Cog0  BM-TS,seq,2_252,tid,21,k,21,lt,FALSE,pos,0,hw,0,i,8,ph,22,d,13_435,e,-98,st,STOPPED,flt,FALSE,up,TRUE,ig,0,o_pos,0,o_hw,0,o_i,0,o_up,TRUE,why,NONE
[2026-09-15T13:57:21.127] Cog0  BM-TS,seq,2_253,tid,21,k,22,lt,FALSE,pos,0,hw,0,i,5,ph,17,d,13_963,e,-98,st,STOPPED,flt,FALSE,up,TRUE,ig,0,o_pos,0,o_hw,0,o_i,1,o_up,TRUE,why,NONE
[2026-09-15T13:57:21.129] Cog0  BM-TS,seq,2_254,tid,21,k,23,lt,FALSE,pos,0,hw,0,i,4,ph,16,d,14_491,e,-98,st,STOPPED,flt,FALSE,up,TRUE,ig,0,o_pos,0,o_hw,0,o_i,0,o_up,TRUE,why,NONE
[2026-09-15T13:57:21.131] Cog0  BM-TS,seq,2_255,tid,21,k,24,lt,FALSE,pos,0,hw,0,i,6,ph,19,d,15_019,e,-98,st,STOPPED,flt,FALSE,up,TRUE,ig,0,o_pos,0,o_hw,0,o_i,0,o_up,TRUE,why,NONE
[2026-09-15T13:57:21.133] Cog0  BM-TS,seq,2_256,tid,21,k,25,lt,FALSE,pos,0,hw,0,i,7,ph,16,d,15_547,e,-98,st,STOPPED,flt,FALSE,up,TRUE,ig,0,o_pos,0,o_hw,0,o_i,0,o_up,TRUE,why,NONE
[2026-09-15T13:57:21.135] Cog0  BM-TS,seq,2_257,tid,21,k,26,lt,FALSE,pos,0,hw,0,i,6,ph,19,d,16_075,e,-98,st,STOPPED,flt,FALSE,up,TRUE,ig,0,o_pos,0,o_hw,0,o_i,0,o_up,TRUE,why,NONE
[2026-09-15T13:57:21.137] Cog0  BM-TS,seq,2_258,tid,21,k,27,lt,FALSE,pos,0,hw,0,i,6,ph,21,d,16_603,e,-98,st,STOPPED,flt,FALSE,up,TRUE,ig,0,o_pos,0,o_hw,0,o_i,-1,o_up,TRUE,why,NONE
[2026-09-15T13:57:21.138] Cog0  BM-TS,seq,2_259,tid,21,k,28,lt,FALSE,pos,0,hw,0,i,8,ph,20,d,17_131,e,-98,st,STOPPED,flt,FALSE,up,TRUE,ig,0,o_pos,0,o_hw,0,o_i,1,o_up,TRUE,why,NONE
[2026-09-15T13:57:21.140] Cog0  BM-TS,seq,2_260,tid,21,k,29,lt,FALSE,pos,0,hw,0,i,8,ph,20,d,17_659,e,-98,st,STOPPED,flt,FALSE,up,TRUE,ig,0,o_pos,0,o_hw,0,o_i,0,o_up,TRUE,why,NONE
[2026-09-15T13:57:21.142] Cog0  BM-TS,seq,2_261,tid,21,k,30,lt,FALSE,pos,0,hw,0,i,6,ph,19,d,18_187,e,-98,st,STOPPED,flt,FALSE,up,TRUE,ig,0,o_pos,0,o_hw,0,o_i,0,o_up,TRUE,why,NONE
[2026-09-15T13:57:21.144] Cog0  BM-TS,seq,2_262,tid,21,k,31,lt,FALSE,pos,0,hw,0,i,8,ph,26,d,18_715,e,-98,st,STOPPED,flt,FALSE,up,TRUE,ig,0,o_pos,0,o_hw,0,o_i,2,o_up,TRUE,why,NONE
[2026-09-15T13:57:21.146] Cog0  BM-TS,seq,2_263,tid,21,k,32,lt,FALSE,pos,0,hw,0,i,7,ph,20,d,19_243,e,-98,st,STOPPED,flt,FALSE,up,TRUE,ig,0,o_pos,0,o_hw,0,o_i,0,o_up,TRUE,why,NONE
[2026-09-15T13:57:21.148] Cog0  BM-TS,seq,2_264,tid,21,k,33,lt,FALSE,pos,0,hw,0,i,6,ph,18,d,19_771,e,-98,st,STOPPED,flt,FALSE,up,TRUE,ig,0,o_pos,0,o_hw,0,o_i,0,o_up,TRUE,why,NONE
[2026-09-15T13:57:21.150] Cog0  BM-TS,seq,2_265,tid,21,k,34,lt,FALSE,pos,0,hw,0,i,4,ph,18,d,20_299,e,-98,st,STOPPED,flt,FALSE,up,TRUE,ig,0,o_pos,0,o_hw,0,o_i,0,o_up,TRUE,why,NONE
[2026-09-15T13:57:21.152] Cog0  BM-TS,seq,2_266,tid,21,k,35,lt,FALSE,pos,0,hw,0,i,6,ph,17,d,20_827,e,-98,st,STOPPED,flt,FALSE,up,TRUE,ig,0,o_pos,0,o_hw,0,o_i,0,o_up,TRUE,why,NONE
[2026-09-15T13:57:21.153] Cog0  BM-TS,seq,2_267,tid,21,k,36,lt,FALSE,pos,0,hw,0,i,6,ph,19,d,21_355,e,-98,st,STOPPED,flt,FALSE,up,TRUE,ig,0,o_pos,0,o_hw,0,o_i,0,o_up,TRUE,why,NONE
[2026-09-15T13:57:21.155] Cog0  BM-TS,seq,2_268,tid,21,k,37,lt,FALSE,pos,0,hw,0,i,8,ph,19,d,21_883,e,-98,st,STOPPED,flt,FALSE,up,TRUE,ig,0,o_pos,0,o_hw,0,o_i,0,o_up,TRUE,why,NONE
[2026-09-15T13:57:21.157] Cog0  BM-TS,seq,2_269,tid,21,k,38,lt,FALSE,pos,0,hw,0,i,6,ph,16,d,22_411,e,-98,st,STOPPED,flt,FALSE,up,TRUE,ig,0,o_pos,0,o_hw,0,o_i,0,o_up,TRUE,why,NONE
[2026-09-15T13:57:21.159] Cog0  BM-TS,seq,2_270,tid,21,k,39,lt,FALSE,pos,0,hw,0,i,7,ph,18,d,22_939,e,-98,st,STOPPED,flt,FALSE,up,TRUE,ig,0,o_pos,0,o_hw,0,o_i,-1,o_up,TRUE,why,NONE
[2026-09-15T13:57:21.161] Cog0  BM-TS,seq,2_271,tid,21,k,40,lt,FALSE,pos,0,hw,0,i,8,ph,18,d,23_467,e,-98,st,STOPPED,flt,FALSE,up,TRUE,ig,0,o_pos,0,o_hw,0,o_i,0,o_up,TRUE,why,NONE
[2026-09-15T13:57:21.161] Cog0  BM-TS,seq,2_272,tid,21,k,41,lt,FALSE,pos,0,hw,0,i,8,ph,20,d,23_995,e,-98,st,STOPPED,flt,FALSE,up,TRUE,ig,0,o_pos,0,o_hw,0,o_i,2,o_up,TRUE,why,NONE
[2026-09-15T13:57:21.164] Cog0  BM-TS,seq,2_273,tid,21,k,42,lt,FALSE,pos,0,hw,0,i,10,ph,24,d,24_264,e,-98,st,STOPPED,flt,FALSE,up,TRUE,ig,0,o_pos,0,o_hw,0,o_i,-3,o_up,TRUE,why,NONE
[2026-09-15T13:57:21.165] Cog0  BM-TS,seq,2_274,tid,21,k,43,lt,FALSE,pos,0,hw,0,i,5,ph,15,d,24_264,e,-98,st,STOPPED,flt,FALSE,up,TRUE,ig,0,o_pos,0,o_hw,0,o_i,0,o_up,TRUE,why,NONE
[2026-09-15T13:57:21.168] Cog0  BM-TS,seq,2_275,tid,21,k,44,lt,FALSE,pos,0,hw,0,i,7,ph,17,d,24_264,e,-98,st,STOPPED,flt,FALSE,up,TRUE,ig,0,o_pos,0,o_hw,0,o_i,1,o_up,TRUE,why,NONE
[2026-09-15T13:57:21.170] Cog0  BM-TS,seq,2_276,tid,21,k,45,lt,FALSE,pos,0,hw,0,i,5,ph,17,d,24_264,e,-98,st,STOPPED,flt,FALSE,up,TRUE,ig,0,o_pos,0,o_hw,0,o_i,0,o_up,TRUE,why,NONE
[2026-09-15T13:57:21.172] Cog0  BM-TS,seq,2_277,tid,21,k,46,lt,FALSE,pos,0,hw,0,i,6,ph,17,d,24_264,e,-98,st,STOPPED,flt,FALSE,up,TRUE,ig,0,o_pos,0,o_hw,0,o_i,2,o_up,TRUE,why,NONE
[2026-09-15T13:57:21.174] Cog0  BM-TS,seq,2_278,tid,21,k,47,lt,FALSE,pos,0,hw,0,i,5,ph,18,d,24_264,e,-98,st,STOPPED,flt,FALSE,up,TRUE,ig,0,o_pos,0,o_hw,0,o_i,0,o_up,TRUE,why,NONE
[2026-09-15T13:57:21.176] Cog0  BM-TS,seq,2_279,tid,21,k,48,lt,FALSE,pos,0,hw,0,i,4,ph,21,d,24_264,e,-98,st,STOPPED,flt,FALSE,up,TRUE,ig,0,o_pos,0,o_hw,0,o_i,0,o_up,TRUE,why,NONE
[2026-09-15T13:57:21.177] Cog0  BM-TS,seq,2_280,tid,21,k,49,lt,FALSE,pos,0,hw,0,i,5,ph,18,d,24_264,e,-98,st,STOPPED,flt,FALSE,up,TRUE,ig,0,o_pos,0,o_hw,0,o_i,1,o_up,TRUE,why,NONE
[2026-09-15T13:57:21.179] Cog0  BM-TS,seq,2_281,tid,21,k,50,lt,FALSE,pos,0,hw,0,i,6,ph,15,d,24_264,e,-98,st,STOPPED,flt,FALSE,up,TRUE,ig,0,o_pos,0,o_hw,0,o_i,0,o_up,TRUE,why,NONE
[2026-09-15T13:57:21.181] Cog0  BM-TS,seq,2_282,tid,21,k,51,lt,FALSE,pos,0,hw,0,i,6,ph,17,d,24_264,e,-98,st,STOPPED,flt,FALSE,up,TRUE,ig,0,o_pos,0,o_hw,0,o_i,0,o_up,TRUE,why,NONE
[2026-09-15T13:57:21.183] Cog0  BM-TS,seq,2_283,tid,21,k,52,lt,FALSE,pos,0,hw,0,i,8,ph,19,d,24_264,e,-98,st,STOPPED,flt,FALSE,up,TRUE,ig,0,o_pos,0,o_hw,0,o_i,0,o_up,TRUE,why,NONE
[2026-09-15T13:57:21.185] Cog0  BM-TS,seq,2_284,tid,21,k,53,lt,FALSE,pos,0,hw,0,i,6,ph,17,d,24_264,e,-98,st,STOPPED,flt,FALSE,up,TRUE,ig,0,o_pos,0,o_hw,0,o_i,0,o_up,TRUE,why,NONE
[2026-09-15T13:57:21.187] Cog0  BM-TS,seq,2_285,tid,21,k,54,lt,FALSE,pos,0,hw,0,i,6,ph,18,d,24_264,e,-98,st,STOPPED,flt,FALSE,up,TRUE,ig,0,o_pos,0,o_hw,0,o_i,0,o_up,TRUE,why,NONE
[2026-09-15T13:57:21.189] Cog0  BM-TS,seq,2_286,tid,21,k,55,lt,FALSE,pos,0,hw,0,i,5,ph,19,d,24_264,e,-98,st,STOPPED,flt,FALSE,up,TRUE,ig,0,o_pos,0,o_hw,0,o_i,1,o_up,TRUE,why,NONE
[2026-09-15T13:57:21.191] Cog0  BM-TS,seq,2_287,tid,21,k,56,lt,FALSE,pos,0,hw,0,i,8,ph,19,d,24_264,e,-98,st,STOPPED,flt,FALSE,up,TRUE,ig,0,o_pos,0,o_hw,0,o_i,0,o_up,TRUE,why,NONE
[2026-09-15T13:57:21.192] Cog0  BM-TS,seq,2_288,tid,21,k,57,lt,FALSE,pos,0,hw,0,i,7,ph,21,d,24_264,e,-98,st,STOPPED,flt,FALSE,up,TRUE,ig,0,o_pos,0,o_hw,0,o_i,-2,o_up,TRUE,why,NONE
[2026-09-15T13:57:21.194] Cog0  BM-TS,seq,2_289,tid,21,k,58,lt,FALSE,pos,0,hw,0,i,8,ph,22,d,24_264,e,-98,st,STOPPED,flt,FALSE,up,TRUE,ig,0,o_pos,0,o_hw,0,o_i,0,o_up,TRUE,why,NONE
[2026-09-15T13:57:21.196] Cog0  BM-TS,seq,2_290,tid,21,k,59,lt,FALSE,pos,0,hw,0,i,6,ph,17,d,24_264,e,-98,st,STOPPED,flt,FALSE,up,TRUE,ig,0,o_pos,0,o_hw,0,o_i,0,o_up,TRUE,why,NONE
[2026-09-15T13:57:21.198] Cog0  BM-TS,seq,2_291,tid,21,k,60,lt,FALSE,pos,0,hw,0,i,7,ph,18,d,24_264,e,-98,st,STOPPED,flt,FALSE,up,TRUE,ig,0,o_pos,0,o_hw,0,o_i,1,o_up,TRUE,why,NONE
[2026-09-15T13:57:21.200] Cog0  BM-TS,seq,2_292,tid,21,k,61,lt,FALSE,pos,0,hw,0,i,7,ph,19,d,24_264,e,-98,st,STOPPED,flt,FALSE,up,TRUE,ig,0,o_pos,0,o_hw,0,o_i,0,o_up,TRUE,why,NONE
[2026-09-15T13:57:21.202] Cog0  BM-TS,seq,2_293,tid,21,k,62,lt,FALSE,pos,0,hw,0,i,6,ph,19,d,24_264,e,-98,st,STOPPED,flt,FALSE,up,TRUE,ig,0,o_pos,0,o_hw,0,o_i,0,o_up,TRUE,why,NONE
[2026-09-15T13:57:21.203] Cog0  BM-TS,seq,2_294,tid,21,k,63,lt,FALSE,pos,0,hw,0,i,8,ph,19,d,24_264,e,-98,st,STOPPED,flt,FALSE,up,TRUE,ig,0,o_pos,0,o_hw,0,o_i,0,o_up,TRUE,why,NONE
[2026-09-15T13:57:21.205] Cog0  BM-TS,seq,2_295,tid,21,k,64,lt,FALSE,pos,0,hw,0,i,4,ph,14,d,24_264,e,-98,st,STOPPED,flt,FALSE,up,TRUE,ig,0,o_pos,0,o_hw,0,o_i,1,o_up,TRUE,why,NONE
[2026-09-15T13:57:21.207] Cog0  BM-TS,seq,2_296,tid,21,k,65,lt,FALSE,pos,0,hw,0,i,6,ph,18,d,24_264,e,-98,st,STOPPED,flt,FALSE,up,TRUE,ig,0,o_pos,0,o_hw,0,o_i,0,o_up,TRUE,why,NONE
[2026-09-15T13:57:21.209] Cog0  BM-TS,seq,2_297,tid,21,k,66,lt,FALSE,pos,0,hw,0,i,6,ph,16,d,24_264,e,-98,st,STOPPED,flt,FALSE,up,TRUE,ig,0,o_pos,0,o_hw,0,o_i,1,o_up,TRUE,why,NONE
[2026-09-15T13:57:21.211] Cog0  BM-TS,seq,2_298,tid,21,k,67,lt,FALSE,pos,0,hw,0,i,7,ph,16,d,24_264,e,-98,st,STOPPED,flt,FALSE,up,TRUE,ig,0,o_pos,0,o_hw,0,o_i,0,o_up,TRUE,why,NONE
[2026-09-15T13:57:21.213] Cog0  BM-TS,seq,2_299,tid,21,k,68,lt,FALSE,pos,0,hw,0,i,8,ph,22,d,24_264,e,-98,st,STOPPED,flt,FALSE,up,TRUE,ig,0,o_pos,0,o_hw,0,o_i,-1,o_up,TRUE,why,NONE
[2026-09-15T13:57:21.215] Cog0  BM-TS,seq,2_300,tid,21,k,69,lt,FALSE,pos,0,hw,0,i,6,ph,21,d,24_264,e,-98,st,STOPPED,flt,FALSE,up,TRUE,ig,0,o_pos,0,o_hw,0,o_i,0,o_up,TRUE,why,NONE
[2026-09-15T13:57:21.217] Cog0  BM-TS,seq,2_301,tid,21,k,70,lt,FALSE,pos,0,hw,0,i,6,ph,16,d,24_264,e,-98,st,STOPPED,flt,FALSE,up,TRUE,ig,0,o_pos,0,o_hw,0,o_i,1,o_up,TRUE,why,NONE
[2026-09-15T13:57:21.218] Cog0  BM-TS,seq,2_302,tid,21,k,71,lt,FALSE,pos,0,hw,0,i,7,ph,19,d,24_264,e,-98,st,STOPPED,flt,FALSE,up,TRUE,ig,0,o_pos,0,o_hw,0,o_i,0,o_up,TRUE,why,NONE
[2026-09-15T13:57:21.220] Cog0  BM-TS,seq,2_303,tid,21,k,72,lt,FALSE,pos,0,hw,0,i,7,ph,19,d,24_264,e,-98,st,STOPPED,flt,FALSE,up,TRUE,ig,0,o_pos,0,o_hw,0,o_i,0,o_up,TRUE,why,NONE
[2026-09-15T13:57:21.222] Cog0  BM-TS,seq,2_304,tid,21,k,73,lt,FALSE,pos,0,hw,0,i,7,ph,22,d,24_264,e,-98,st,STOPPED,flt,FALSE,up,TRUE,ig,0,o_pos,0,o_hw,0,o_i,0,o_up,TRUE,why,NONE
[2026-09-15T13:57:21.224] Cog0  BM-TS,seq,2_305,tid,21,k,74,lt,FALSE,pos,0,hw,0,i,8,ph,18,d,24_264,e,-98,st,STOPPED,flt,FALSE,up,TRUE,ig,0,o_pos,0,o_hw,0,o_i,0,o_up,TRUE,why,NONE
[2026-09-15T13:57:21.226] Cog0  BM-TS,seq,2_306,tid,21,k,75,lt,FALSE,pos,0,hw,0,i,7,ph,22,d,24_264,e,-98,st,STOPPED,flt,FALSE,up,TRUE,ig,0,o_pos,0,o_hw,0,o_i,0,o_up,TRUE,why,NONE
[2026-09-15T13:57:21.226] Cog0  BM-TS,seq,2_307,tid,21,k,76,lt,FALSE,pos,0,hw,0,i,7,ph,20,d,24_264,e,-98,st,STOPPED,flt,FALSE,up,TRUE,ig,0,o_pos,0,o_hw,0,o_i,0,o_up,TRUE,why,NONE
[2026-09-15T13:57:21.229] Cog0  BM-TS,seq,2_308,tid,21,k,77,lt,FALSE,pos,0,hw,0,i,7,ph,17,d,24_264,e,-98,st,STOPPED,flt,FALSE,up,TRUE,ig,0,o_pos,0,o_hw,0,o_i,0,o_up,TRUE,why,NONE
[2026-09-15T13:57:21.231] Cog0  BM-TS,seq,2_309,tid,21,k,78,lt,FALSE,pos,0,hw,0,i,8,ph,28,d,24_264,e,-98,st,STOPPED,flt,FALSE,up,TRUE,ig,0,o_pos,0,o_hw,0,o_i,2,o_up,TRUE,why,NONE
[2026-09-15T13:57:21.233] Cog0  BM-TS,seq,2_310,tid,21,k,79,lt,FALSE,pos,0,hw,0,i,6,ph,22,d,24_264,e,-98,st,STOPPED,flt,FALSE,up,TRUE,ig,0,o_pos,0,o_hw,0,o_i,1,o_up,TRUE,why,NONE
[2026-09-15T13:57:21.235] Cog0  BM-TS,seq,2_311,tid,21,k,80,lt,FALSE,pos,0,hw,0,i,6,ph,18,d,24_264,e,-98,st,STOPPED,flt,FALSE,up,TRUE,ig,0,o_pos,0,o_hw,0,o_i,0,o_up,TRUE,why,NONE
[2026-09-15T13:57:21.237] Cog0  BM-TS,seq,2_312,tid,21,k,81,lt,FALSE,pos,0,hw,0,i,8,ph,22,d,24_264,e,-98,st,STOPPED,flt,FALSE,up,TRUE,ig,0,o_pos,0,o_hw,0,o_i,-1,o_up,TRUE,why,NONE
[2026-09-15T13:57:21.239] Cog0  BM-TS,seq,2_313,tid,21,k,82,lt,FALSE,pos,0,hw,0,i,7,ph,20,d,24_264,e,-98,st,STOPPED,flt,FALSE,up,TRUE,ig,0,o_pos,0,o_hw,0,o_i,1,o_up,TRUE,why,NONE
[2026-09-15T13:57:21.241] Cog0  BM-TS,seq,2_314,tid,21,k,83,lt,FALSE,pos,0,hw,0,i,7,ph,16,d,24_264,e,-98,st,STOPPED,flt,FALSE,up,TRUE,ig,0,o_pos,0,o_hw,0,o_i,-1,o_up,TRUE,why,NONE
[2026-09-15T13:57:21.242] Cog0  BM-TS,seq,2_315,tid,21,k,84,lt,FALSE,pos,0,hw,0,i,6,ph,15,d,24_264,e,-98,st,STOPPED,flt,FALSE,up,TRUE,ig,0,o_pos,0,o_hw,0,o_i,0,o_up,TRUE,why,NONE
[2026-09-15T13:57:21.244] Cog0  BM-TS,seq,2_316,tid,21,k,85,lt,FALSE,pos,0,hw,0,i,6,ph,18,d,24_264,e,-98,st,STOPPED,flt,FALSE,up,TRUE,ig,0,o_pos,0,o_hw,0,o_i,0,o_up,TRUE,why,NONE
[2026-09-15T13:57:21.246] Cog0  BM-TS,seq,2_317,tid,21,k,86,lt,FALSE,pos,0,hw,0,i,9,ph,24,d,24_264,e,-98,st,STOPPED,flt,FALSE,up,TRUE,ig,0,o_pos,0,o_hw,0,o_i,0,o_up,TRUE,why,NONE
[2026-09-15T13:57:21.248] Cog0  BM-TS,seq,2_318,tid,21,k,87,lt,FALSE,pos,0,hw,0,i,8,ph,22,d,24_264,e,-98,st,STOPPED,flt,FALSE,up,TRUE,ig,0,o_pos,0,o_hw,0,o_i,0,o_up,TRUE,why,NONE
[2026-09-15T13:57:21.250] Cog0  BM-TS,seq,2_319,tid,21,k,88,lt,FALSE,pos,0,hw,0,i,8,ph,17,d,24_264,e,-98,st,STOPPED,flt,FALSE,up,TRUE,ig,0,o_pos,0,o_hw,0,o_i,-1,o_up,TRUE,why,NONE
[2026-09-15T13:57:21.252] Cog0  BM-TS,seq,2_320,tid,21,k,89,lt,FALSE,pos,0,hw,0,i,6,ph,20,d,24_264,e,-98,st,STOPPED,flt,FALSE,up,TRUE,ig,0,o_pos,0,o_hw,0,o_i,0,o_up,TRUE,why,NONE
[2026-09-15T13:57:21.254] Cog0  BM-TS,seq,2_321,tid,21,k,90,lt,FALSE,pos,0,hw,0,i,8,ph,18,d,24_264,e,-98,st,STOPPED,flt,FALSE,up,TRUE,ig,0,o_pos,0,o_hw,0,o_i,0,o_up,TRUE,why,NONE
[2026-09-15T13:57:21.256] Cog0  BM-TS,seq,2_322,tid,21,k,91,lt,FALSE,pos,0,hw,0,i,6,ph,19,d,24_264,e,-98,st,STOPPED,flt,FALSE,up,TRUE,ig,0,o_pos,0,o_hw,0,o_i,0,o_up,TRUE,why,NONE
[2026-09-15T13:57:21.257] Cog0  BM-TS,seq,2_323,tid,21,k,92,lt,FALSE,pos,0,hw,0,i,10,ph,25,d,24_264,e,-98,st,STOPPED,flt,FALSE,up,TRUE,ig,0,o_pos,0,o_hw,0,o_i,0,o_up,TRUE,why,NONE
[2026-09-15T13:57:21.259] Cog0  BM-TS,seq,2_324,tid,21,k,93,lt,FALSE,pos,0,hw,0,i,8,ph,17,d,24_264,e,-98,st,STOPPED,flt,FALSE,up,TRUE,ig,0,o_pos,0,o_hw,0,o_i,0,o_up,TRUE,why,NONE
[2026-09-15T13:57:21.261] Cog0  BM-TS,seq,2_325,tid,21,k,94,lt,FALSE,pos,0,hw,0,i,6,ph,21,d,24_264,e,-98,st,STOPPED,flt,FALSE,up,TRUE,ig,0,o_pos,0,o_hw,0,o_i,0,o_up,TRUE,why,NONE
[2026-09-15T13:57:21.263] Cog0  BM-TS,seq,2_326,tid,21,k,95,lt,FALSE,pos,0,hw,0,i,8,ph,20,d,24_264,e,-98,st,STOPPED,flt,FALSE,up,TRUE,ig,0,o_pos,0,o_hw,0,o_i,0,o_up,TRUE,why,NONE
[2026-09-15T13:57:21.265] Cog0  BM-TS,seq,2_327,tid,21,k,96,lt,FALSE,pos,0,hw,0,i,6,ph,20,d,24_264,e,-98,st,STOPPED,flt,FALSE,up,TRUE,ig,0,o_pos,0,o_hw,0,o_i,0,o_up,TRUE,why,NONE
[2026-09-15T13:57:21.267] Cog0  BM-TS,seq,2_328,tid,21,k,97,lt,FALSE,pos,0,hw,0,i,5,ph,16,d,24_264,e,-98,st,STOPPED,flt,FALSE,up,TRUE,ig,0,o_pos,0,o_hw,0,o_i,0,o_up,TRUE,why,NONE
[2026-09-15T13:57:21.268] Cog0  BM-TS,seq,2_329,tid,21,k,98,lt,FALSE,pos,0,hw,0,i,6,ph,16,d,24_264,e,-98,st,STOPPED,flt,FALSE,up,TRUE,ig,0,o_pos,0,o_hw,0,o_i,-1,o_up,TRUE,why,NONE
[2026-09-15T13:57:21.270] Cog0  BM-TS,seq,2_330,tid,21,k,99,lt,FALSE,pos,0,hw,0,i,6,ph,16,d,24_264,e,-98,st,STOPPED,flt,FALSE,up,TRUE,ig,0,o_pos,0,o_hw,0,o_i,-1,o_up,TRUE,why,NONE
[2026-09-15T13:57:21.272] Cog0  BM-TS,seq,2_331,tid,21,k,100,lt,FALSE,pos,0,hw,0,i,8,ph,21,d,24_264,e,-98,st,STOPPED,flt,FALSE,up,TRUE,ig,0,o_pos,0,o_hw,0,o_i,0,o_up,TRUE,why,NONE
[2026-09-15T13:57:21.276] Cog0  BM-TS,seq,2_332,tid,21,k,101,lt,FALSE,pos,0,hw,0,i,12,ph,2_441,d,1_600,e,0,st,SPIN_UP,flt,FALSE,up,TRUE,ig,0,o_pos,0,o_hw,0,o_i,6,o_up,TRUE,why,NONE
[2026-09-15T13:57:21.279] Cog0  BM-TS,seq,2_333,tid,21,k,125,lt,FALSE,pos,0,hw,0,i,13,ph,2_434,d,1_600,e,3,st,SPIN_UP,flt,FALSE,up,TRUE,ig,0,o_pos,0,o_hw,0,o_i,8,o_up,TRUE,why,NONE
[2026-09-15T13:57:21.283] Cog0  BM-TS,seq,2_334,tid,21,k,150,lt,FALSE,pos,0,hw,0,i,16,ph,2_440,d,1_600,e,18,st,SPIN_UP,flt,FALSE,up,TRUE,ig,0,o_pos,0,o_hw,0,o_i,7,o_up,TRUE,why,NONE
[2026-09-15T13:57:21.285] Cog0  BM-TS,seq,2_335,tid,21,k,170,lt,FALSE,pos,1,hw,1,i,12,ph,2_402,d,1_600,e,2,st,SPIN_UP,flt,FALSE,up,TRUE,ig,0,o_pos,0,o_hw,0,o_i,9,o_up,TRUE,why,NONE
[2026-09-15T13:57:21.288] Cog0  BM-TS,seq,2_336,tid,21,k,175,lt,FALSE,pos,1,hw,1,i,13,ph,2_414,d,1_600,e,12,st,SPIN_UP,flt,FALSE,up,TRUE,ig,0,o_pos,-1,o_hw,-1,o_i,8,o_up,TRUE,why,NONE
[2026-09-15T13:57:21.290] Cog0  BM-TS,seq,2_337,tid,21,k,195,lt,FALSE,pos,2,hw,2,i,12,ph,2_442,d,1_739,e,21,st,SPIN_UP,flt,FALSE,up,TRUE,ig,0,o_pos,-1,o_hw,-1,o_i,9,o_up,TRUE,why,NONE
[2026-09-15T13:57:21.293] Cog0  BM-TS,seq,2_338,tid,21,k,200,lt,FALSE,pos,2,hw,2,i,11,ph,2_408,d,1_600,e,37,st,SPIN_UP,flt,FALSE,up,TRUE,ig,0,o_pos,-2,o_hw,-2,o_i,3,o_up,TRUE,why,NONE
[2026-09-15T13:57:21.295] Cog0  BM-TS,seq,2_339,tid,21,k,210,lt,FALSE,pos,3,hw,3,i,14,ph,2_448,d,2_220,e,32,st,SPIN_UP,flt,FALSE,up,TRUE,ig,0,o_pos,-3,o_hw,-3,o_i,11,o_up,TRUE,why,NONE
[2026-09-15T13:57:21.297] Cog0  BM-TS,seq,2_340,tid,21,k,219,lt,FALSE,pos,4,hw,4,i,13,ph,2_424,d,2_394,e,29,st,SPIN_UP,flt,FALSE,up,TRUE,ig,0,o_pos,-3,o_hw,-3,o_i,11,o_up,TRUE,why,NONE
[2026-09-15T13:57:21.300] Cog0  BM-TS,seq,2_341,tid,21,k,225,lt,FALSE,pos,4,hw,4,i,11,ph,2_396,d,2_014,e,59,st,SPIN_UP,flt,FALSE,up,TRUE,ig,0,o_pos,-4,o_hw,-4,o_i,15,o_up,TRUE,why,NONE
[2026-09-15T13:57:21.302] Cog0  BM-TS,seq,2_342,tid,21,k,229,lt,FALSE,pos,5,hw,5,i,21,ph,2_471,d,2_907,e,38,st,SPIN_UP,flt,FALSE,up,TRUE,ig,0,o_pos,-5,o_hw,-5,o_i,15,o_up,TRUE,why,NONE
[2026-09-15T13:57:21.304] Cog0  BM-TS,seq,2_343,tid,21,k,236,lt,FALSE,pos,6,hw,6,i,19,ph,2_395,d,3_269,e,35,st,SPIN_UP,flt,FALSE,up,TRUE,ig,0,o_pos,-6,o_hw,-6,o_i,15,o_up,TRUE,why,NONE
[2026-09-15T13:57:21.306] Cog0  BM-TS,seq,2_344,tid,21,k,241,lt,FALSE,pos,7,hw,7,i,21,ph,2_417,d,3_404,e,25,st,SPIN_UP,flt,FALSE,up,TRUE,ig,0,o_pos,-6,o_hw,-6,o_i,16,o_up,TRUE,why,NONE
[2026-09-15T13:57:21.309] Cog0  BM-TS,seq,2_345,tid,21,k,248,lt,FALSE,pos,8,hw,8,i,21,ph,2_420,d,3_111,e,30,st,SPIN_UP,flt,FALSE,up,TRUE,ig,0,o_pos,-7,o_hw,-7,o_i,17,o_up,TRUE,why,NONE
[2026-09-15T13:57:21.311] Cog0  BM-TS,seq,2_346,tid,21,k,250,lt,FALSE,pos,8,hw,8,i,18,ph,2_371,d,2_828,e,44,st,SPIN_UP,flt,FALSE,up,TRUE,ig,0,o_pos,-8,o_hw,-8,o_i,19,o_up,TRUE,why,NONE
[2026-09-15T13:57:21.313] Cog0  BM-TS,seq,2_347,tid,21,k,254,lt,FALSE,pos,9,hw,9,i,19,ph,2_450,d,3_254,e,32,st,SPIN_UP,flt,FALSE,up,TRUE,ig,0,o_pos,-9,o_hw,-9,o_i,25,o_up,TRUE,why,NONE
[2026-09-15T13:57:21.315] Cog0  BM-TS,seq,2_348,tid,21,k,260,lt,FALSE,pos,10,hw,10,i,19,ph,2_389,d,3_453,e,37,st,SPIN_UP,flt,FALSE,up,TRUE,ig,0,o_pos,-10,o_hw,-10,o_i,30,o_up,TRUE,why,NONE
[2026-09-15T13:57:21.318] Cog0  BM-TS,seq,2_349,tid,21,k,265,lt,FALSE,pos,11,hw,11,i,21,ph,2_470,d,3_899,e,37,st,SPIN_UP,flt,FALSE,up,TRUE,ig,0,o_pos,-11,o_hw,-11,o_i,32,o_up,TRUE,why,NONE
[2026-09-15T13:57:21.320] Cog0  BM-TS,seq,2_350,tid,21,k,270,lt,FALSE,pos,12,hw,12,i,26,ph,2_364,d,4_192,e,41,st,SPIN_UP,flt,FALSE,up,TRUE,ig,0,o_pos,-12,o_hw,-12,o_i,35,o_up,TRUE,why,NONE
[2026-09-15T13:57:21.322] Cog0  BM-TS,seq,2_351,tid,21,k,274,lt,FALSE,pos,13,hw,13,i,27,ph,2_463,d,4_386,e,36,st,SPIN_UP,flt,FALSE,up,TRUE,ig,0,o_pos,-13,o_hw,-13,o_i,37,o_up,TRUE,why,NONE
[2026-09-15T13:57:21.324] Cog0  BM-TS,seq,2_352,tid,21,k,275,lt,FALSE,pos,13,hw,13,i,25,ph,2_527,d,4_287,e,46,st,SPIN_UP,flt,FALSE,up,TRUE,ig,0,o_pos,-13,o_hw,-13,o_i,33,o_up,TRUE,why,NONE
[2026-09-15T13:57:21.326] Cog0  BM-TS,seq,2_353,tid,21,k,278,lt,FALSE,pos,14,hw,14,i,34,ph,2_400,d,4_445,e,33,st,SPIN_UP,flt,FALSE,up,TRUE,ig,0,o_pos,-14,o_hw,-14,o_i,39,o_up,TRUE,why,NONE
[2026-09-15T13:57:21.328] Cog0  BM-TS,seq,2_354,tid,21,k,282,lt,FALSE,pos,15,hw,15,i,32,ph,2_447,d,4_481,e,31,st,SPIN_UP,flt,FALSE,up,TRUE,ig,0,o_pos,-15,o_hw,-15,o_i,44,o_up,TRUE,why,NONE
[2026-09-15T13:57:21.330] Cog0  BM-TS,seq,2_355,tid,21,k,286,lt,FALSE,pos,16,hw,16,i,30,ph,2_398,d,4_518,e,33,st,SPIN_UP,flt,FALSE,up,TRUE,ig,0,o_pos,-16,o_hw,-16,o_i,42,o_up,TRUE,why,NONE
[2026-09-15T13:57:21.333] Cog0  BM-TS,seq,2_356,tid,21,k,290,lt,FALSE,pos,17,hw,17,i,30,ph,2_472,d,4_784,e,36,st,SPIN_UP,flt,FALSE,up,TRUE,ig,0,o_pos,-17,o_hw,-17,o_i,47,o_up,TRUE,why,NONE
[2026-09-15T13:57:21.335] Cog0  BM-TS,seq,2_357,tid,21,k,294,lt,FALSE,pos,18,hw,18,i,29,ph,2_346,d,4_976,e,40,st,SPIN_UP,flt,FALSE,up,TRUE,ig,0,o_pos,-18,o_hw,-18,o_i,51,o_up,TRUE,why,NONE
[2026-09-15T13:57:21.337] Cog0  BM-TS,seq,2_358,tid,21,k,297,lt,FALSE,pos,19,hw,19,i,32,ph,2_464,d,5_264,e,34,st,SPIN_UP,flt,FALSE,up,TRUE,ig,0,o_pos,-19,o_hw,-19,o_i,52,o_up,TRUE,why,NONE
[2026-09-15T13:57:21.339] Cog0  BM-TS,seq,2_359,tid,21,k,300,lt,FALSE,pos,19,hw,19,i,35,ph,2_432,d,5_379,e,71,st,SPIN_UP,flt,FALSE,up,TRUE,ig,0,o_pos,-19,o_hw,-19,o_i,57,o_up,TRUE,why,NONE
[2026-09-15T13:57:21.341] Cog0  BM-TS,seq,2_360,tid,21,k,301,lt,FALSE,pos,20,hw,20,i,34,ph,2_338,d,5_369,e,42,st,SPIN_UP,flt,FALSE,up,TRUE,ig,0,o_pos,-20,o_hw,-20,o_i,56,o_up,TRUE,why,NONE
[2026-09-15T13:57:21.343] Cog0  BM-TS,seq,2_361,tid,21,k,304,lt,FALSE,pos,21,hw,21,i,37,ph,2_488,d,5_532,e,39,st,SPIN_UP,flt,FALSE,up,TRUE,ig,0,o_pos,-21,o_hw,-21,o_i,64,o_up,TRUE,why,NONE
[2026-09-15T13:57:21.345] Cog0  BM-TS,seq,2_362,tid,21,k,307,lt,FALSE,pos,22,hw,22,i,38,ph,2_363,d,5_665,e,36,st,SPIN_UP,flt,FALSE,up,TRUE,ig,0,o_pos,-22,o_hw,-22,o_i,62,o_up,TRUE,why,NONE
[2026-09-15T13:57:21.347] Cog0  BM-TS,seq,2_363,tid,21,k,310,lt,FALSE,pos,23,hw,23,i,45,ph,2_462,d,5_876,e,35,st,SPIN_UP,flt,FALSE,up,TRUE,ig,0,o_pos,-23,o_hw,-23,o_i,71,o_up,TRUE,why,NONE
[2026-09-15T13:57:21.349] Cog0  BM-TS,seq,2_364,tid,21,k,313,lt,FALSE,pos,24,hw,24,i,47,ph,2_369,d,5_999,e,35,st,SPIN_UP,flt,FALSE,up,TRUE,ig,0,o_pos,-24,o_hw,-24,o_i,76,o_up,TRUE,why,NONE
[2026-09-15T13:57:21.351] Cog0  BM-TS,seq,2_365,tid,21,k,316,lt,FALSE,pos,25,hw,25,i,47,ph,2_482,d,6_130,e,36,st,SPIN_UP,flt,FALSE,up,TRUE,ig,0,o_pos,-25,o_hw,-25,o_i,79,o_up,TRUE,why,NONE
[2026-09-15T13:57:21.354] Cog0  BM-TS,seq,2_366,tid,21,k,319,lt,FALSE,pos,26,hw,26,i,51,ph,2_356,d,6_276,e,39,st,SPIN_UP,flt,FALSE,up,TRUE,ig,0,o_pos,-26,o_hw,-26,o_i,77,o_up,TRUE,why,NONE
[2026-09-15T13:57:21.356] Cog0  BM-TS,seq,2_367,tid,21,k,322,lt,FALSE,pos,27,hw,27,i,49,ph,2_529,d,6_454,e,40,st,SPIN_UP,flt,FALSE,up,TRUE,ig,0,o_pos,-27,o_hw,-27,o_i,80,o_up,TRUE,why,NONE
[2026-09-15T13:57:21.358] Cog0  BM-TS,seq,2_368,tid,21,k,325,lt,FALSE,pos,28,hw,28,i,51,ph,2_286,d,6_613,e,45,st,SPIN_UP,flt,FALSE,up,TRUE,ig,0,o_pos,-28,o_hw,-28,o_i,82,o_up,TRUE,why,NONE
[2026-09-15T13:57:21.360] Cog0  BM-TS,seq,2_369,tid,21,k,327,lt,FALSE,pos,29,hw,29,i,59,ph,2_489,d,6_821,e,36,st,SPIN_UP,flt,FALSE,up,TRUE,ig,0,o_pos,-29,o_hw,-29,o_i,83,o_up,TRUE,why,NONE
[2026-09-15T13:57:21.362] Cog0  BM-TS,seq,2_370,tid,21,k,330,lt,FALSE,pos,30,hw,30,i,54,ph,2_294,d,6_896,e,43,st,SPIN_UP,flt,FALSE,up,TRUE,ig,0,o_pos,-30,o_hw,-30,o_i,90,o_up,TRUE,why,NONE
[2026-09-15T13:57:21.364] Cog0  BM-TS,seq,2_371,tid,21,k,332,lt,FALSE,pos,31,hw,31,i,64,ph,2_465,d,7_068,e,33,st,SPIN_UP,flt,FALSE,up,TRUE,ig,0,o_pos,-31,o_hw,-31,o_i,96,o_up,TRUE,why,NONE
[2026-09-15T13:57:21.366] Cog0  BM-TS,seq,2_372,tid,21,k,335,lt,FALSE,pos,32,hw,32,i,59,ph,2_305,d,7_124,e,42,st,SPIN_UP,flt,FALSE,up,TRUE,ig,0,o_pos,-32,o_hw,-32,o_i,90,o_up,TRUE,why,NONE
[2026-09-15T13:57:21.368] Cog0  BM-TS,seq,2_373,tid,21,k,337,lt,FALSE,pos,33,hw,33,i,68,ph,2_463,d,7_341,e,34,st,SPIN_UP,flt,FALSE,up,TRUE,ig,0,o_pos,-33,o_hw,-33,o_i,105,o_up,TRUE,why,NONE
[2026-09-15T13:57:21.371] Cog0  BM-TS,seq,2_374,tid,21,k,340,lt,FALSE,pos,34,hw,34,i,59,ph,2_274,d,7_403,e,45,st,SPIN_UP,flt,FALSE,up,TRUE,ig,0,o_pos,-34,o_hw,-34,o_i,106,o_up,TRUE,why,NONE
[2026-09-15T13:57:21.372] Cog0  BM-TS,seq,2_375,tid,21,k,342,lt,FALSE,pos,35,hw,35,i,68,ph,2_496,d,7_592,e,41,st,SPIN_UP,flt,FALSE,up,TRUE,ig,0,o_pos,-35,o_hw,-35,o_i,112,o_up,TRUE,why,NONE
[2026-09-15T13:57:21.374] Cog0  BM-TS,seq,2_376,tid,21,k,344,lt,FALSE,pos,36,hw,36,i,74,ph,2_358,d,7_789,e,34,st,SPIN_UP,flt,FALSE,up,TRUE,ig,0,o_pos,-36,o_hw,-36,o_i,112,o_up,TRUE,why,NONE
[2026-09-15T13:57:21.377] Cog0  BM-TS,seq,2_377,tid,21,k,347,lt,FALSE,pos,37,hw,37,i,69,ph,2_606,d,7_883,e,49,st,SPIN_UP,flt,FALSE,up,TRUE,ig,0,o_pos,-37,o_hw,-37,o_i,107,o_up,TRUE,why,NONE
[2026-09-15T13:57:21.379] Cog0  BM-TS,seq,2_378,tid,21,k,349,lt,FALSE,pos,38,hw,38,i,72,ph,2_283,d,8_019,e,44,st,SPIN_UP,flt,FALSE,up,TRUE,ig,0,o_pos,-38,o_hw,-38,o_i,118,o_up,TRUE,why,NONE
[2026-09-15T13:57:21.381] Cog0  BM-TS,seq,2_379,tid,21,k,350,lt,FALSE,pos,38,hw,38,i,72,ph,2_332,d,8_071,e,64,st,SPIN_UP,flt,FALSE,up,TRUE,ig,0,o_pos,-38,o_hw,-38,o_i,114,o_up,TRUE,why,NONE
[2026-09-15T13:57:21.383] Cog0  BM-TS,seq,2_380,tid,21,k,351,lt,FALSE,pos,39,hw,39,i,79,ph,2_521,d,8_146,e,40,st,SPIN_UP,flt,FALSE,up,TRUE,ig,0,o_pos,-39,o_hw,-39,o_i,121,o_up,TRUE,why,NONE
[2026-09-15T13:57:21.385] Cog0  BM-TS,seq,2_381,tid,21,k,353,lt,FALSE,pos,40,hw,40,i,83,ph,2_317,d,8_330,e,38,st,SPIN_UP,flt,FALSE,up,TRUE,ig,0,o_pos,-40,o_hw,-40,o_i,136,o_up,TRUE,why,NONE
[2026-09-15T13:57:21.387] Cog0  BM-TS,seq,2_382,tid,21,k,355,lt,FALSE,pos,41,hw,41,i,87,ph,2_481,d,8_483,e,35,st,SPIN_UP,flt,FALSE,up,TRUE,ig,0,o_pos,-41,o_hw,-41,o_i,135,o_up,TRUE,why,NONE
[2026-09-15T13:57:21.389] Cog0  BM-TS,seq,2_383,tid,21,k,357,lt,FALSE,pos,42,hw,42,i,91,ph,2_364,d,8_612,e,33,st,SPIN_UP,flt,FALSE,up,TRUE,ig,0,o_pos,-42,o_hw,-42,o_i,144,o_up,TRUE,why,NONE
[2026-09-15T13:57:21.391] Cog0  BM-TS,seq,2_384,tid,21,k,360,lt,FALSE,pos,43,hw,43,i,83,ph,2_637,d,8_693,e,53,st,SPIN_UP,flt,FALSE,up,TRUE,ig,0,o_pos,-43,o_hw,-43,o_i,141,o_up,TRUE,why,NONE
[2026-09-15T13:57:21.393] Cog0  BM-TS,seq,2_385,tid,21,k,361,lt,FALSE,pos,44,hw,44,i,92,ph,2_373,d,8_849,e,33,st,SPIN_UP,flt,FALSE,up,TRUE,ig,0,o_pos,-43,o_hw,-43,o_i,150,o_up,TRUE,why,NONE
[2026-09-15T13:57:21.395] Cog0  BM-TS,seq,2_386,tid,21,k,363,lt,FALSE,pos,45,hw,44,i,96,ph,2_456,d,8_962,e,32,st,SPIN_UP,flt,FALSE,up,TRUE,ig,0,o_pos,-45,o_hw,-45,o_i,161,o_up,TRUE,why,NONE
[2026-09-15T13:57:21.397] Cog0  BM-TS,seq,2_387,tid,21,k,364,lt,FALSE,pos,45,hw,45,i,79,ph,2_618,d,8_888,e,55,st,SPIN_UP,flt,FALSE,up,TRUE,ig,0,o_pos,-45,o_hw,-45,o_i,133,o_up,TRUE,why,NONE
[2026-09-15T13:57:21.399] Cog0  BM-TS,seq,2_388,tid,21,k,365,lt,FALSE,pos,46,hw,46,i,103,ph,2_378,d,9_075,e,35,st,SPIN_UP,flt,FALSE,up,TRUE,ig,0,o_pos,-46,o_hw,-46,o_i,163,o_up,TRUE,why,NONE
[2026-09-15T13:57:21.401] Cog0  BM-TS,seq,2_389,tid,21,k,367,lt,FALSE,pos,47,hw,47,i,92,ph,2_481,d,9_182,e,36,st,SPIN_UP,flt,FALSE,up,TRUE,ig,0,o_pos,-47,o_hw,-47,o_i,166,o_up,TRUE,why,NONE
[2026-09-15T13:57:21.403] Cog0  BM-TS,seq,2_390,tid,21,k,369,lt,FALSE,pos,48,hw,48,i,95,ph,2_308,d,9_314,e,37,st,SPIN_UP,flt,FALSE,up,TRUE,ig,0,o_pos,-48,o_hw,-48,o_i,167,o_up,TRUE,why,NONE
[2026-09-15T13:57:21.405] Cog0  BM-TS,seq,2_391,tid,21,k,371,lt,FALSE,pos,49,hw,49,i,106,ph,2_538,d,9_421,e,39,st,SPIN_UP,flt,FALSE,up,TRUE,ig,0,o_pos,-49,o_hw,-49,o_i,170,o_up,TRUE,why,NONE
[2026-09-15T13:57:21.408] Cog0  BM-TS,seq,2_392,tid,21,k,373,lt,FALSE,pos,50,hw,50,i,96,ph,2_248,d,9_570,e,45,st,SPIN_UP,flt,FALSE,up,TRUE,ig,0,o_pos,-50,o_hw,-50,o_i,170,o_up,TRUE,why,NONE
[2026-09-15T13:57:21.409] Cog0  BM-TS,seq,2_393,tid,21,k,375,lt,FALSE,pos,51,hw,51,i,98,ph,2_640,d,9_722,e,48,st,SPIN_UP,flt,FALSE,up,TRUE,ig,0,o_pos,-51,o_hw,-51,o_i,167,o_up,TRUE,why,NONE
[2026-09-15T13:57:21.411] Cog0  BM-TS,seq,2_394,tid,21,k,377,lt,FALSE,pos,52,hw,52,i,106,ph,2_161,d,9_844,e,52,st,SPIN_UP,flt,FALSE,up,TRUE,ig,0,o_pos,-52,o_hw,-52,o_i,168,o_up,TRUE,why,NONE
[2026-09-15T13:57:21.414] Cog0  BM-TS,seq,2_395,tid,21,k,378,lt,FALSE,pos,53,hw,53,i,113,ph,2_461,d,9_986,e,34,st,SPIN_UP,flt,FALSE,up,TRUE,ig,0,o_pos,-53,o_hw,-53,o_i,185,o_up,TRUE,why,NONE
[2026-09-15T13:57:21.416] Cog0  BM-TS,seq,2_396,tid,21,k,380,lt,FALSE,pos,54,hw,54,i,115,ph,2_290,d,10_020,e,39,st,SPIN_UP,flt,FALSE,up,TRUE,ig,0,o_pos,-54,o_hw,-54,o_i,197,o_up,TRUE,why,NONE
[2026-09-15T13:57:21.418] Cog0  BM-TS,seq,2_397,tid,21,k,382,lt,FALSE,pos,55,hw,55,i,111,ph,2_631,d,10_129,e,48,st,SPIN_UP,flt,FALSE,up,TRUE,ig,0,o_pos,-55,o_hw,-55,o_i,193,o_up,TRUE,why,NONE
[2026-09-15T13:57:21.420] Cog0  BM-TS,seq,2_398,tid,21,k,384,lt,FALSE,pos,56,hw,56,i,110,ph,2_194,d,10_233,e,54,st,SPIN_UP,flt,FALSE,up,TRUE,ig,0,o_pos,-56,o_hw,-56,o_i,183,o_up,TRUE,why,NONE
[2026-09-15T13:57:21.422] Cog0  BM-TS,seq,2_399,tid,21,k,385,lt,FALSE,pos,57,hw,57,i,120,ph,2_533,d,10_380,e,38,st,SPIN_UP,flt,FALSE,up,TRUE,ig,0,o_pos,-57,o_hw,-57,o_i,214,o_up,TRUE,why,NONE
[2026-09-15T13:57:21.424] Cog0  BM-TS,seq,2_400,tid,21,k,387,lt,FALSE,pos,58,hw,58,i,114,ph,2_218,d,10_490,e,45,st,SPIN_UP,flt,FALSE,up,TRUE,ig,0,o_pos,-58,o_hw,-58,o_i,210,o_up,TRUE,why,NONE
[2026-09-15T13:57:21.426] Cog0  BM-TS,seq,2_401,tid,21,k,389,lt,FALSE,pos,59,hw,59,i,120,ph,2_658,d,10_646,e,53,st,SPIN_UP,flt,FALSE,up,TRUE,ig,0,o_pos,-59,o_hw,-59,o_i,198,o_up,TRUE,why,NONE
[2026-09-15T13:57:21.428] Cog0  BM-TS,seq,2_402,tid,21,k,390,lt,FALSE,pos,60,hw,60,i,116,ph,2_288,d,10_782,e,37,st,SPIN_UP,flt,FALSE,up,TRUE,ig,0,o_pos,-60,o_hw,-60,o_i,224,o_up,TRUE,why,NONE
[2026-09-15T13:57:21.430] Cog0  BM-TS,seq,2_403,tid,21,k,392,lt,FALSE,pos,61,hw,61,i,119,ph,2_625,d,10_877,e,46,st,SPIN_UP,flt,FALSE,up,TRUE,ig,0,o_pos,-61,o_hw,-61,o_i,227,o_up,TRUE,why,NONE
[2026-09-15T13:57:21.432] Cog0  BM-TS,seq,2_404,tid,21,k,394,lt,FALSE,pos,62,hw,62,i,123,ph,2_183,d,10_997,e,56,st,SPIN_UP,flt,FALSE,up,TRUE,ig,0,o_pos,-62,o_hw,-62,o_i,222,o_up,TRUE,why,NONE
[2026-09-15T13:57:21.434] Cog0  BM-TS,seq,2_405,tid,21,k,395,lt,FALSE,pos,63,hw,63,i,124,ph,2_576,d,11_071,e,41,st,SPIN_UP,flt,FALSE,up,TRUE,ig,0,o_pos,-63,o_hw,-63,o_i,236,o_up,TRUE,why,NONE
[2026-09-15T13:57:21.436] Cog0  BM-TS,seq,2_406,tid,21,k,397,lt,FALSE,pos,64,hw,64,i,126,ph,2_122,d,11_126,e,52,st,SPIN_UP,flt,FALSE,up,TRUE,ig,0,o_pos,-64,o_hw,-64,o_i,247,o_up,TRUE,why,NONE
[2026-09-15T13:57:21.438] Cog0  BM-TS,seq,2_407,tid,21,k,398,lt,FALSE,pos,65,hw,65,i,121,ph,2_505,d,11_227,e,38,st,SPIN_UP,flt,FALSE,up,TRUE,ig,0,o_pos,-65,o_hw,-65,o_i,257,o_up,TRUE,why,NONE
[2026-09-15T13:57:21.441] Cog0  BM-TS,seq,2_408,tid,21,k,400,lt,FALSE,pos,66,hw,66,i,128,ph,2_130,d,11_342,e,50,st,SPIN_UP,flt,FALSE,up,TRUE,ig,0,o_pos,-66,o_hw,-66,o_i,250,o_up,TRUE,why,NONE
[2026-09-15T13:57:21.442] Cog0  BM-TS,seq,2_409,tid,21,k,401,lt,FALSE,pos,67,hw,67,i,126,ph,2_505,d,11_497,e,37,st,SPIN_UP,flt,FALSE,up,TRUE,ig,0,o_pos,-67,o_hw,-67,o_i,270,o_up,TRUE,why,NONE
[2026-09-15T13:57:21.445] Cog0  BM-TS,seq,2_410,tid,21,k,403,lt,FALSE,pos,68,hw,68,i,131,ph,2_143,d,11_605,e,49,st,SPIN_UP,flt,FALSE,up,TRUE,ig,0,o_pos,-68,o_hw,-68,o_i,266,o_up,TRUE,why,NONE
[2026-09-15T13:57:21.447] Cog0  BM-TS,seq,2_411,tid,21,k,404,lt,FALSE,pos,69,hw,69,i,129,ph,2_518,d,11_791,e,37,st,SPIN_UP,flt,FALSE,up,TRUE,ig,0,o_pos,-69,o_hw,-69,o_i,268,o_up,TRUE,why,NONE
[2026-09-15T13:57:21.449] Cog0  BM-TS,seq,2_412,tid,21,k,406,lt,FALSE,pos,70,hw,70,i,131,ph,2_105,d,11_868,e,50,st,SPIN_UP,flt,FALSE,up,TRUE,ig,0,o_pos,-70,o_hw,-70,o_i,273,o_up,TRUE,why,NONE
[2026-09-15T13:57:21.451] Cog0  BM-TS,seq,2_413,tid,21,k,407,lt,FALSE,pos,71,hw,71,i,134,ph,2_512,d,12_028,e,38,st,SPIN_UP,flt,FALSE,up,TRUE,ig,0,o_pos,-71,o_hw,-71,o_i,280,o_up,TRUE,why,NONE
[2026-09-15T13:57:21.453] Cog0  BM-TS,seq,2_414,tid,21,k,409,lt,FALSE,pos,72,hw,72,i,134,ph,2_118,d,12_124,e,53,st,SPIN_UP,flt,FALSE,up,TRUE,ig,0,o_pos,-72,o_hw,-72,o_i,265,o_up,TRUE,why,NONE
[2026-09-15T13:57:21.453] Cog0  BM-TS,seq,2_415,tid,21,k,410,lt,FALSE,pos,73,hw,73,i,145,ph,2_589,d,12_223,e,41,st,SPIN_UP,flt,FALSE,up,TRUE,ig,0,o_pos,-73,o_hw,-73,o_i,289,o_up,TRUE,why,NONE
[2026-09-15T13:57:21.457] Cog0  BM-TS,seq,2_416,tid,21,k,412,lt,FALSE,pos,74,hw,74,i,136,ph,2_178,d,12_356,e,58,st,SPIN_UP,flt,FALSE,up,TRUE,ig,0,o_pos,-74,o_hw,-74,o_i,277,o_up,TRUE,why,NONE
[2026-09-15T13:57:21.459] Cog0  BM-TS,seq,2_417,tid,21,k,413,lt,FALSE,pos,75,hw,75,i,139,ph,2_657,d,12_428,e,47,st,SPIN_UP,flt,FALSE,up,TRUE,ig,0,o_pos,-75,o_hw,-75,o_i,282,o_up,TRUE,why,NONE
[2026-09-15T13:57:21.461] Cog0  BM-TS,seq,2_418,tid,21,k,414,lt,FALSE,pos,76,hw,75,i,162,ph,2_364,d,12_568,e,78,st,SPIN_UP,flt,FALSE,up,TRUE,ig,0,o_pos,-76,o_hw,-76,o_i,325,o_up,TRUE,why,NONE
[2026-09-15T13:57:21.463] Cog0  BM-TS,seq,2_419,tid,21,k,415,lt,FALSE,pos,76,hw,76,i,133,ph,2_248,d,12_562,e,64,st,SPIN_UP,flt,FALSE,up,TRUE,ig,0,o_pos,-76,o_hw,-76,o_i,291,o_up,TRUE,why,NONE
[2026-09-15T13:57:21.465] Cog0  BM-TS,seq,2_420,tid,21,k,416,lt,FALSE,pos,77,hw,77,i,143,ph,2_686,d,12_635,e,53,st,SPIN_UP,flt,FALSE,up,TRUE,ig,0,o_pos,-77,o_hw,-77,o_i,289,o_up,TRUE,why,NONE
[2026-09-15T13:57:21.467] Cog0  BM-TS,seq,2_421,tid,21,k,417,lt,FALSE,pos,78,hw,78,i,164,ph,2_248,d,12_760,e,43,st,SPIN_UP,flt,FALSE,up,TRUE,ig,0,o_pos,-78,o_hw,-78,o_i,333,o_up,TRUE,why,NONE
[2026-09-15T13:57:21.469] Cog0  BM-TS,seq,2_422,tid,21,k,419,lt,FALSE,pos,79,hw,79,i,145,ph,2_592,d,12_908,e,62,st,SPIN_UP,flt,FALSE,up,TRUE,ig,0,o_pos,-79,o_hw,-79,o_i,287,o_up,TRUE,why,NONE
[2026-09-15T13:57:21.471] Cog0  BM-TS,seq,2_423,tid,21,k,420,lt,FALSE,pos,80,hw,80,i,164,ph,2_139,d,12_994,e,48,st,SPIN_UP,flt,FALSE,up,TRUE,ig,0,o_pos,-80,o_hw,-80,o_i,330,o_up,TRUE,why,NONE
[2026-09-15T13:57:21.473] Cog0  BM-TS,seq,2_424,tid,21,k,421,lt,FALSE,pos,81,hw,81,i,158,ph,2_554,d,13_122,e,38,st,SPIN_UP,flt,FALSE,up,TRUE,ig,0,o_pos,-81,o_hw,-81,o_i,325,o_up,TRUE,why,NONE
[2026-09-15T13:57:21.475] Cog0  BM-TS,seq,2_425,tid,21,k,423,lt,FALSE,pos,82,hw,82,i,159,ph,2_163,d,13_231,e,59,st,SPIN_UP,flt,FALSE,up,TRUE,ig,0,o_pos,-82,o_hw,-82,o_i,325,o_up,TRUE,why,NONE
[2026-09-15T13:57:21.477] Cog0  BM-TS,seq,2_426,tid,21,k,424,lt,FALSE,pos,83,hw,83,i,158,ph,2_698,d,13_328,e,50,st,SPIN_UP,flt,FALSE,up,TRUE,ig,0,o_pos,-83,o_hw,-83,o_i,328,o_up,TRUE,why,NONE
[2026-09-15T13:57:21.479] Cog0  BM-TS,seq,2_427,tid,21,k,425,lt,FALSE,pos,84,hw,84,i,163,ph,2_203,d,13_451,e,41,st,SPIN_UP,flt,FALSE,up,TRUE,ig,0,o_pos,-84,o_hw,-84,o_i,346,o_up,TRUE,why,NONE
[2026-09-15T13:57:21.481] Cog0  BM-TS,seq,2_428,tid,21,k,427,lt,FALSE,pos,85,hw,85,i,145,ph,2_582,d,13_548,e,63,st,SPIN_UP,flt,FALSE,up,TRUE,ig,0,o_pos,-85,o_hw,-85,o_i,326,o_up,TRUE,why,NONE
[2026-09-15T13:57:21.483] Cog0  BM-TS,seq,2_429,tid,21,k,428,lt,FALSE,pos,86,hw,86,i,173,ph,2_120,d,13_642,e,55,st,SPIN_UP,flt,FALSE,up,TRUE,ig,0,o_pos,-86,o_hw,-86,o_i,339,o_up,TRUE,why,NONE
[2026-09-15T13:57:21.485] Cog0  BM-TS,seq,2_430,tid,21,k,429,lt,FALSE,pos,87,hw,87,i,175,ph,2_608,d,13_756,e,43,st,SPIN_UP,flt,FALSE,up,TRUE,ig,0,o_pos,-87,o_hw,-87,o_i,368,o_up,TRUE,why,NONE
[2026-09-15T13:57:21.488] Cog0  BM-TS,seq,2_431,tid,21,k,430,lt,FALSE,pos,88,hw,88,i,166,ph,2_307,d,13_890,e,35,st,SPIN_UP,flt,FALSE,up,TRUE,ig,0,o_pos,-87,o_hw,-87,o_i,371,o_up,TRUE,why,NONE
[2026-09-15T13:57:21.489] Cog0  BM-TS,seq,2_432,tid,21,k,432,lt,FALSE,pos,89,hw,89,i,171,ph,2_619,d,13_995,e,59,st,SPIN_UP,flt,FALSE,up,TRUE,ig,0,o_pos,-89,o_hw,-89,o_i,356,o_up,TRUE,why,NONE
[2026-09-15T13:57:21.492] Cog0  BM-TS,seq,2_433,tid,21,k,433,lt,FALSE,pos,90,hw,90,i,166,ph,2_049,d,14_088,e,52,st,SPIN_UP,flt,FALSE,up,TRUE,ig,0,o_pos,-90,o_hw,-90,o_i,351,o_up,TRUE,why,NONE
[2026-09-15T13:57:21.494] Cog0  BM-TS,seq,2_434,tid,21,k,434,lt,FALSE,pos,91,hw,91,i,192,ph,2_665,d,14_178,e,45,st,SPIN_UP,flt,FALSE,up,TRUE,ig,0,o_pos,-91,o_hw,-91,o_i,416,o_up,TRUE,why,NONE
[2026-09-15T13:57:21.495] Cog0  BM-TS,seq,2_435,tid,21,k,436,lt,FALSE,pos,92,hw,92,i,166,ph,2_340,d,14_394,e,70,st,SPIN_UP,flt,FALSE,up,TRUE,ig,0,o_pos,-92,o_hw,-92,o_i,369,o_up,TRUE,why,NONE
[2026-09-15T13:57:21.498] Cog0  BM-TS,seq,2_436,tid,21,k,437,lt,FALSE,pos,93,hw,93,i,177,ph,2_626,d,14_441,e,64,st,SPIN_UP,flt,FALSE,up,TRUE,ig,0,o_pos,-93,o_hw,-93,o_i,404,o_up,TRUE,why,NONE
[2026-09-15T13:57:21.500] Cog0  BM-TS,seq,2_437,tid,21,k,438,lt,FALSE,pos,94,hw,94,i,180,ph,2_061,d,14_507,e,54,st,SPIN_UP,flt,FALSE,up,TRUE,ig,0,o_pos,-94,o_hw,-94,o_i,386,o_up,TRUE,why,NONE
[2026-09-15T13:57:21.502] Cog0  BM-TS,seq,2_438,tid,21,k,439,lt,FALSE,pos,95,hw,95,i,179,ph,2_687,d,14_648,e,48,st,SPIN_UP,flt,FALSE,up,TRUE,ig,0,o_pos,-95,o_hw,-95,o_i,394,o_up,TRUE,why,NONE
[2026-09-15T13:57:21.504] Cog0  BM-TS,seq,2_439,tid,21,k,440,lt,FALSE,pos,96,hw,96,i,213,ph,2_227,d,14_771,e,42,st,SPIN_UP,flt,FALSE,up,TRUE,ig,0,o_pos,-96,o_hw,-96,o_i,433,o_up,TRUE,why,NONE
[2026-09-15T13:57:21.506] Cog0  BM-TS,seq,2_440,tid,21,k,442,lt,FALSE,pos,97,hw,97,i,169,ph,2_472,d,14_913,e,70,st,SPIN_UP,flt,FALSE,up,TRUE,ig,0,o_pos,-97,o_hw,-97,o_i,403,o_up,TRUE,why,NONE
[2026-09-15T13:57:21.508] Cog0  BM-TS,seq,2_441,tid,21,k,443,lt,FALSE,pos,98,hw,98,i,197,ph,2_182,d,14_998,e,60,st,SPIN_UP,flt,FALSE,up,TRUE,ig,0,o_pos,-98,o_hw,-98,o_i,430,o_up,TRUE,why,NONE
[2026-09-15T13:57:21.510] Cog0  BM-TS,seq,2_442,tid,21,k,444,lt,FALSE,pos,99,hw,99,i,191,ph,2_691,d,15_086,e,56,st,SPIN_UP,flt,FALSE,up,TRUE,ig,0,o_pos,-99,o_hw,-99,o_i,400,o_up,TRUE,why,NONE
[2026-09-15T13:57:21.512] Cog0  BM-TS,seq,2_443,tid,21,k,445,lt,FALSE,pos,100,hw,100,i,194,ph,2_010,d,15_172,e,51,st,SPIN_UP,flt,FALSE,up,TRUE,ig,0,o_pos,-100,o_hw,-100,o_i,427,o_up,TRUE,why,NONE
[2026-09-15T13:57:21.514] Cog0  BM-TS,seq,2_444,tid,21,k,446,lt,FALSE,pos,101,hw,101,i,216,ph,2_603,d,15_293,e,42,st,SPIN_UP,flt,FALSE,up,TRUE,ig,0,o_pos,-101,o_hw,-101,o_i,483,o_up,TRUE,why,NONE
[2026-09-15T13:57:21.515] Cog0  BM-TS,seq,2_445,tid,21,k,447,lt,FALSE,pos,102,hw,102,i,205,ph,2_221,d,15_440,e,38,st,SPIN_UP,flt,FALSE,up,TRUE,ig,0,o_pos,-102,o_hw,-102,o_i,456,o_up,TRUE,why,NONE
[2026-09-15T13:57:21.518] Cog0  BM-TS,seq,2_446,tid,21,k,449,lt,FALSE,pos,103,hw,103,i,204,ph,2_495,d,15_605,e,69,st,SPIN_UP,flt,FALSE,up,TRUE,ig,0,o_pos,-103,o_hw,-103,o_i,484,o_up,TRUE,why,NONE
[2026-09-15T13:57:21.520] Cog0  BM-TS,seq,2_447,tid,21,k,450,lt,FALSE,pos,104,hw,104,i,185,ph,2_253,d,15_676,e,66,st,SPIN_UP,flt,FALSE,up,TRUE,ig,0,o_pos,-104,o_hw,-104,o_i,455,o_up,TRUE,why,NONE
[2026-09-15T13:57:21.523] Cog0  BM-TS,seq,2_448,tid,21,k,451,lt,FALSE,pos,105,hw,105,i,208,ph,2_599,d,15_772,e,62,st,SPIN_UP,flt,FALSE,up,TRUE,ig,0,o_pos,-105,o_hw,-105,o_i,452,o_up,TRUE,why,NONE
[2026-09-15T13:57:21.525] Cog0  BM-TS,seq,2_449,tid,21,k,452,lt,FALSE,pos,106,hw,106,i,221,ph,2_030,d,15_844,e,55,st,SPIN_UP,flt,FALSE,up,TRUE,ig,0,o_pos,-106,o_hw,-106,o_i,473,o_up,TRUE,why,NONE
[2026-09-15T13:57:21.527] Cog0  BM-TS,seq,2_450,tid,21,k,453,lt,FALSE,pos,107,hw,107,i,211,ph,2_758,d,15_981,e,52,st,SPIN_UP,flt,FALSE,up,TRUE,ig,0,o_pos,-107,o_hw,-107,o_i,460,o_up,TRUE,why,NONE
[2026-09-15T13:57:21.529] Cog0  BM-TS,seq,2_451,tid,21,k,454,lt,FALSE,pos,108,hw,108,i,237,ph,2_012,d,16_104,e,49,st,SPIN_UP,flt,FALSE,up,TRUE,ig,0,o_pos,-108,o_hw,-108,o_i,504,o_up,TRUE,why,NONE
[2026-09-15T13:57:21.531] Cog0  BM-TS,seq,2_452,tid,21,k,455,lt,FALSE,pos,109,hw,109,i,238,ph,2_626,d,16_208,e,42,st,SPIN_UP,flt,FALSE,up,TRUE,ig,0,o_pos,-109,o_hw,-109,o_i,512,o_up,TRUE,why,NONE
[2026-09-15T13:57:21.533] Cog0  BM-TS,seq,2_453,tid,21,k,456,lt,FALSE,pos,110,hw,110,i,223,ph,2_198,d,16_349,e,40,st,SPIN_UP,flt,FALSE,up,TRUE,ig,0,o_pos,-110,o_hw,-110,o_i,499,o_up,TRUE,why,NONE
[2026-09-15T13:57:21.535] Cog0  BM-TS,seq,2_454,tid,21,k,457,lt,FALSE,pos,111,hw,111,i,258,ph,2_563,d,16_463,e,38,st,SPIN_UP,flt,FALSE,up,TRUE,ig,0,o_pos,-111,o_hw,-111,o_i,547,o_up,TRUE,why,NONE
[2026-09-15T13:57:21.537] Cog0  BM-TS,seq,2_455,tid,21,k,459,lt,FALSE,pos,112,hw,112,i,225,ph,2_368,d,16_640,e,73,st,SPIN_UP,flt,FALSE,up,TRUE,ig,0,o_pos,-112,o_hw,-112,o_i,486,o_up,TRUE,why,NONE
[2026-09-15T13:57:21.539] Cog0  BM-TS,seq,2_456,tid,21,k,460,lt,FALSE,pos,113,hw,113,i,252,ph,2_488,d,16_724,e,72,st,SPIN_UP,flt,FALSE,up,TRUE,ig,0,o_pos,-113,o_hw,-113,o_i,555,o_up,TRUE,why,NONE
[2026-09-15T13:57:21.541] Cog0  BM-TS,seq,2_457,tid,21,k,461,lt,FALSE,pos,114,hw,114,i,220,ph,2_232,d,16_806,e,66,st,SPIN_UP,flt,FALSE,up,TRUE,ig,0,o_pos,-114,o_hw,-114,o_i,508,o_up,TRUE,why,NONE
[2026-09-15T13:57:21.543] Cog0  BM-TS,seq,2_458,tid,21,k,462,lt,FALSE,pos,115,hw,115,i,218,ph,2_557,d,16_905,e,65,st,SPIN_UP,flt,FALSE,up,TRUE,ig,0,o_pos,-115,o_hw,-115,o_i,472,o_up,TRUE,why,NONE
[2026-09-15T13:57:21.545] Cog0  BM-TS,seq,2_459,tid,21,k,463,lt,FALSE,pos,116,hw,116,i,262,ph,2_127,d,16_995,e,65,st,SPIN_UP,flt,FALSE,up,TRUE,ig,0,o_pos,-116,o_hw,-116,o_i,545,o_up,TRUE,why,NONE
[2026-09-15T13:57:21.547] Cog0  BM-TS,seq,2_460,tid,21,k,464,lt,FALSE,pos,117,hw,117,i,235,ph,2_668,d,17_100,e,59,st,SPIN_UP,flt,FALSE,up,TRUE,ig,0,o_pos,-117,o_hw,-117,o_i,494,o_up,TRUE,why,NONE
[2026-09-15T13:57:21.550] Cog0  BM-TS,seq,2_461,tid,21,k,465,lt,FALSE,pos,118,hw,118,i,235,ph,2_100,d,17_190,e,59,st,SPIN_UP,flt,FALSE,up,TRUE,ig,0,o_pos,-118,o_hw,-118,o_i,480,o_up,TRUE,why,NONE
[2026-09-15T13:57:21.551] Cog0  BM-TS,seq,2_462,tid,21,k,466,lt,FALSE,pos,119,hw,119,i,282,ph,2_730,d,17_286,e,54,st,SPIN_UP,flt,FALSE,up,TRUE,ig,0,o_pos,-119,o_hw,-119,o_i,536,o_up,TRUE,why,NONE
[2026-09-15T13:57:21.554] Cog0  BM-TS,seq,2_463,tid,21,k,467,lt,FALSE,pos,120,hw,120,i,251,ph,2_006,d,17_387,e,55,st,SPIN_UP,flt,FALSE,up,TRUE,ig,0,o_pos,-120,o_hw,-120,o_i,504,o_up,TRUE,why,NONE
[2026-09-15T13:57:21.556] Cog0  BM-TS,seq,2_464,tid,21,k,468,lt,FALSE,pos,121,hw,121,i,246,ph,2_751,d,17_484,e,55,st,SPIN_UP,flt,FALSE,up,TRUE,ig,0,o_pos,-121,o_hw,-121,o_i,496,o_up,TRUE,why,NONE
[2026-09-15T13:57:21.558] Cog0  BM-TS,seq,2_465,tid,21,k,469,lt,FALSE,pos,122,hw,122,i,285,ph,1_965,d,17_584,e,51,st,SPIN_UP,flt,FALSE,up,TRUE,ig,0,o_pos,-122,o_hw,-122,o_i,550,o_up,TRUE,why,NONE
[2026-09-15T13:57:21.560] Cog0  BM-TS,seq,2_466,tid,21,k,470,lt,FALSE,pos,123,hw,123,i,260,ph,2_795,d,17_678,e,52,st,SPIN_UP,flt,FALSE,up,TRUE,ig,0,o_pos,-123,o_hw,-123,o_i,519,o_up,TRUE,why,NONE
[2026-09-15T13:57:21.562] Cog0  BM-TS,seq,2_467,tid,21,k,471,lt,FALSE,pos,124,hw,124,i,261,ph,1_971,d,17_782,e,54,st,SPIN_UP,flt,FALSE,up,TRUE,ig,0,o_pos,-124,o_hw,-124,o_i,515,o_up,TRUE,why,NONE
[2026-09-15T13:57:21.564] Cog0  BM-TS,seq,2_468,tid,21,k,472,lt,FALSE,pos,125,hw,125,i,284,ph,2_759,d,17_883,e,50,st,SPIN_UP,flt,FALSE,up,TRUE,ig,0,o_pos,-125,o_hw,-125,o_i,559,o_up,TRUE,why,NONE
[2026-09-15T13:57:21.566] Cog0  BM-TS,seq,2_469,tid,21,k,473,lt,FALSE,pos,126,hw,126,i,272,ph,1_930,d,17_977,e,52,st,SPIN_UP,flt,FALSE,up,TRUE,ig,0,o_pos,-126,o_hw,-126,o_i,515,o_up,TRUE,why,NONE
[2026-09-15T13:57:21.568] Cog0  BM-TS,seq,2_470,tid,21,k,474,lt,FALSE,pos,127,hw,127,i,285,ph,2_800,d,18_105,e,54,st,SPIN_DN,flt,FALSE,up,TRUE,ig,0,o_pos,-127,o_hw,-127,o_i,530,o_up,TRUE,why,NONE
[2026-09-15T13:57:21.570] Cog0  BM-TS,seq,2_471,tid,21,k,475,lt,FALSE,pos,128,hw,128,i,296,ph,1_977,d,18_200,e,50,st,SPIN_DN,flt,FALSE,up,TRUE,ig,0,o_pos,-128,o_hw,-128,o_i,570,o_up,TRUE,why,NONE
[2026-09-15T13:57:21.572] Cog0  BM-TS,seq,2_472,tid,21,k,476,lt,FALSE,pos,129,hw,129,i,291,ph,2_819,d,18_282,e,52,st,SPIN_DN,flt,FALSE,up,TRUE,ig,0,o_pos,-129,o_hw,-129,o_i,545,o_up,TRUE,why,NONE
[2026-09-15T13:57:21.574] Cog0  BM-TS,seq,2_473,tid,21,k,477,lt,FALSE,pos,130,hw,130,i,330,ph,1_951,d,18_386,e,53,st,SPIN_DN,flt,FALSE,up,TRUE,ig,0,o_pos,-130,o_hw,-130,o_i,602,o_up,TRUE,why,NONE
[2026-09-15T13:57:21.576] Cog0  BM-TS,seq,2_474,tid,21,k,478,lt,FALSE,pos,131,hw,131,i,338,ph,2_757,d,18_466,e,49,st,SPIN_DN,flt,FALSE,up,TRUE,ig,0,o_pos,-131,o_hw,-131,o_i,635,o_up,TRUE,why,NONE
[2026-09-15T13:57:21.578] Cog0  BM-TS,seq,2_475,tid,21,k,479,lt,FALSE,pos,132,hw,132,i,333,ph,1_917,d,18_533,e,51,st,SPIN_DN,flt,FALSE,up,TRUE,ig,0,o_pos,-132,o_hw,-132,o_i,611,o_up,TRUE,why,NONE
[2026-09-15T13:57:21.581] Cog0  BM-TS,seq,2_476,tid,21,k,480,lt,FALSE,pos,133,hw,133,i,411,ph,2_820,d,18_585,e,52,st,SPIN_DN,flt,FALSE,up,TRUE,ig,0,o_pos,-133,o_hw,-133,o_i,716,o_up,TRUE,why,NONE
[2026-09-15T13:57:21.583] Cog0  BM-TS,seq,2_477,tid,21,k,481,lt,FALSE,pos,134,hw,134,i,402,ph,2_011,d,18_647,e,47,st,SPIN_DN,flt,FALSE,up,TRUE,ig,0,o_pos,-134,o_hw,-134,o_i,729,o_up,TRUE,why,NONE
[2026-09-15T13:57:21.585] Cog0  BM-TS,seq,2_478,tid,21,k,482,lt,FALSE,pos,135,hw,135,i,392,ph,2_757,d,18_706,e,48,st,SPIN_DN,flt,FALSE,up,TRUE,ig,0,o_pos,-135,o_hw,-135,o_i,699,o_up,TRUE,why,NONE
[2026-09-15T13:57:21.587] Cog0  BM-TS,seq,2_479,tid,21,k,483,lt,FALSE,pos,136,hw,136,i,490,ph,2_037,d,18_753,e,48,st,SPIN_DN,flt,FALSE,up,TRUE,ig,0,o_pos,-136,o_hw,-136,o_i,807,o_up,TRUE,why,NONE
[2026-09-15T13:57:21.589] Cog0  BM-TS,seq,2_480,tid,21,k,484,lt,FALSE,pos,137,hw,137,i,457,ph,2_626,d,18_794,e,43,st,SPIN_DN,flt,FALSE,up,TRUE,ig,0,o_pos,-137,o_hw,-137,o_i,786,o_up,TRUE,why,NONE
[2026-09-15T13:57:21.591] Cog0  BM-TS,seq,2_481,tid,21,k,485,lt,FALSE,pos,138,hw,138,i,453,ph,2_038,d,18_829,e,43,st,SPIN_DN,flt,FALSE,up,TRUE,ig,0,o_pos,-138,o_hw,-138,o_i,776,o_up,TRUE,why,NONE
[2026-09-15T13:57:21.593] Cog0  BM-TS,seq,2_482,tid,21,k,486,lt,FALSE,pos,139,hw,139,i,534,ph,2_534,d,18_861,e,43,st,SPIN_DN,flt,FALSE,up,TRUE,ig,0,o_pos,-139,o_hw,-139,o_i,904,o_up,TRUE,why,NONE
[2026-09-15T13:57:21.595] Cog0  BM-TS,seq,2_483,tid,21,k,487,lt,FALSE,pos,140,hw,140,i,492,ph,2_172,d,18_906,e,38,st,SPIN_DN,flt,FALSE,up,TRUE,ig,0,o_pos,-140,o_hw,-140,o_i,868,o_up,TRUE,why,NONE
[2026-09-15T13:57:21.597] Cog0  BM-TS,seq,2_484,tid,21,k,488,lt,FALSE,pos,141,hw,141,i,494,ph,2_539,d,18_952,e,37,st,SPIN_DN,flt,FALSE,up,TRUE,ig,0,o_pos,-141,o_hw,-141,o_i,855,o_up,TRUE,why,NONE
[2026-09-15T13:57:21.599] Cog0  BM-TS,seq,2_485,tid,21,k,489,lt,FALSE,pos,142,hw,142,i,548,ph,2_279,d,18_995,e,32,st,SPIN_DN,flt,FALSE,up,TRUE,ig,0,o_pos,-142,o_hw,-142,o_i,969,o_up,TRUE,why,NONE
[2026-09-15T13:57:21.602] Cog0  BM-TS,seq,2_486,tid,21,k,490,lt,FALSE,pos,143,hw,143,i,531,ph,2_351,d,19_038,e,31,st,SPIN_DN,flt,FALSE,up,TRUE,ig,0,o_pos,-143,o_hw,-143,o_i,926,o_up,TRUE,why,NONE
[2026-09-15T13:57:21.604] Cog0  BM-TS,seq,2_487,tid,21,k,491,lt,FALSE,pos,144,hw,144,i,523,ph,2_334,d,19_061,e,30,st,SPIN_DN,flt,FALSE,up,TRUE,ig,0,o_pos,-143,o_hw,-143,o_i,932,o_up,TRUE,why,NONE
[2026-09-15T13:57:21.606] Cog0  BM-TS,seq,2_488,tid,21,k,493,lt,FALSE,pos,145,hw,145,i,546,ph,2_523,d,19_052,e,65,st,SPIN_DN,flt,FALSE,up,TRUE,ig,0,o_pos,-145,o_hw,-145,o_i,964,o_up,TRUE,why,NONE
[2026-09-15T13:57:21.608] Cog0  BM-TS,seq,2_489,tid,21,k,494,lt,FALSE,pos,146,hw,146,i,547,ph,2_141,d,19_059,e,64,st,SPIN_DN,flt,FALSE,up,TRUE,ig,0,o_pos,-146,o_hw,-146,o_i,1_008,o_up,TRUE,why,NONE
[2026-09-15T13:57:21.610] Cog0  BM-TS,seq,2_490,tid,21,k,495,lt,FALSE,pos,147,hw,147,i,577,ph,2_687,d,19_049,e,57,st,SPIN_DN,flt,FALSE,up,TRUE,ig,0,o_pos,-147,o_hw,-147,o_i,1_055,o_up,TRUE,why,NONE
[2026-09-15T13:57:21.612] Cog0  BM-TS,seq,2_491,tid,21,k,496,lt,FALSE,pos,148,hw,148,i,556,ph,1_925,d,19_049,e,55,st,SPIN_DN,flt,FALSE,up,TRUE,ig,0,o_pos,-148,o_hw,-148,o_i,998,o_up,TRUE,why,NONE
[2026-09-15T13:57:21.614] Cog0  BM-TS,seq,2_492,tid,21,k,497,lt,FALSE,pos,149,hw,149,i,601,ph,2_750,d,19_064,e,53,st,SPIN_DN,flt,FALSE,up,TRUE,ig,0,o_pos,-149,o_hw,-149,o_i,1_024,o_up,TRUE,why,NONE
[2026-09-15T13:57:21.616] Cog0  BM-TS,seq,2_493,tid,21,k,498,lt,FALSE,pos,150,hw,150,i,624,ph,1_953,d,19_064,e,46,st,SPIN_DN,flt,FALSE,up,TRUE,ig,0,o_pos,-150,o_hw,-150,o_i,1_065,o_up,TRUE,why,NONE
[2026-09-15T13:57:21.619] Cog0  BM-TS,seq,2_494,tid,21,k,499,lt,FALSE,pos,151,hw,151,i,620,ph,2_625,d,19_071,e,43,st,SPIN_DN,flt,FALSE,up,TRUE,ig,0,o_pos,-151,o_hw,-151,o_i,1_038,o_up,TRUE,why,NONE
[2026-09-15T13:57:21.621] Cog0  BM-TS,seq,2_495,tid,21,k,500,lt,FALSE,pos,152,hw,152,i,654,ph,2_108,d,19_073,e,41,st,SPIN_DN,flt,FALSE,up,TRUE,ig,0,o_pos,-152,o_hw,-152,o_i,1_083,o_up,TRUE,why,NONE
[2026-09-15T13:57:21.623] Cog0  BM-TS,seq,2_496,tid,21,k,501,lt,FALSE,pos,153,hw,153,i,696,ph,2_415,d,19_070,e,33,st,SPIN_DN,flt,FALSE,up,TRUE,ig,0,o_pos,-153,o_hw,-153,o_i,1_145,o_up,TRUE,why,NONE
[2026-09-15T13:57:21.625] Cog0  BM-TS,seq,2_497,tid,21,k,502,lt,FALSE,pos,154,hw,154,i,653,ph,2_296,d,19_087,e,30,st,SPIN_DN,flt,FALSE,up,TRUE,ig,0,o_pos,-154,o_hw,-154,o_i,1_143,o_up,TRUE,why,NONE
[2026-09-15T13:57:21.627] Cog0  BM-TS,seq,2_498,tid,21,k,504,lt,FALSE,pos,155,hw,155,i,680,ph,2_549,d,19_041,e,61,st,SPIN_DN,flt,FALSE,up,TRUE,ig,0,o_pos,-155,o_hw,-155,o_i,1_184,o_up,TRUE,why,NONE
[2026-09-15T13:57:21.629] Cog0  BM-TS,seq,2_499,tid,21,k,505,lt,FALSE,pos,156,hw,156,i,632,ph,1_968,d,19_016,e,58,st,SPIN_DN,flt,FALSE,up,TRUE,ig,0,o_pos,-156,o_hw,-156,o_i,1_171,o_up,TRUE,why,NONE
[2026-09-15T13:57:21.631] Cog0  BM-TS,seq,2_500,tid,21,k,506,lt,FALSE,pos,157,hw,157,i,711,ph,2_728,d,18_996,e,54,st,SPIN_DN,flt,FALSE,up,TRUE,ig,0,o_pos,-157,o_hw,-157,o_i,1_271,o_up,TRUE,why,NONE
[2026-09-15T13:57:21.633] Cog0  BM-TS,seq,2_501,tid,21,k,507,lt,FALSE,pos,158,hw,158,i,679,ph,1_987,d,18_982,e,45,st,SPIN_DN,flt,FALSE,up,TRUE,ig,0,o_pos,-158,o_hw,-158,o_i,1_188,o_up,TRUE,why,NONE
[2026-09-15T13:57:21.635] Cog0  BM-TS,seq,2_502,tid,21,k,508,lt,FALSE,pos,159,hw,159,i,688,ph,2_585,d,18_971,e,41,st,SPIN_DN,flt,FALSE,up,TRUE,ig,0,o_pos,-159,o_hw,-159,o_i,1_127,o_up,TRUE,why,NONE
[2026-09-15T13:57:21.638] Cog0  BM-TS,seq,2_503,tid,21,k,509,lt,FALSE,pos,160,hw,160,i,771,ph,2_228,d,18_962,e,37,st,SPIN_DN,flt,FALSE,up,TRUE,ig,0,o_pos,-160,o_hw,-160,o_i,1_287,o_up,TRUE,why,NONE
[2026-09-15T13:57:21.640] Cog0  BM-TS,seq,2_504,tid,21,k,510,lt,FALSE,pos,161,hw,161,i,739,ph,2_253,d,18_980,e,28,st,SPIN_DN,flt,FALSE,up,TRUE,ig,0,o_pos,-161,o_hw,-161,o_i,1_265,o_up,TRUE,why,NONE
[2026-09-15T13:57:21.640] Cog0  BM-TS,seq,2_505,tid,21,k,512,lt,FALSE,pos,162,hw,162,i,758,ph,1_933,d,18_887,e,56,st,SPIN_DN,flt,FALSE,up,TRUE,ig,0,o_pos,-162,o_hw,-162,o_i,1_326,o_up,TRUE,why,NONE
[2026-09-15T13:57:21.644] Cog0  BM-TS,seq,2_506,tid,21,k,513,lt,FALSE,pos,163,hw,163,i,710,ph,2_745,d,18_848,e,51,st,SPIN_DN,flt,FALSE,up,TRUE,ig,0,o_pos,-163,o_hw,-163,o_i,1_297,o_up,TRUE,why,NONE
[2026-09-15T13:57:21.646] Cog0  BM-TS,seq,2_507,tid,21,k,514,lt,FALSE,pos,164,hw,164,i,717,ph,1_980,d,18_825,e,46,st,SPIN_DN,flt,FALSE,up,TRUE,ig,0,o_pos,-164,o_hw,-164,o_i,1_266,o_up,TRUE,why,NONE
[2026-09-15T13:57:21.648] Cog0  BM-TS,seq,2_508,tid,21,k,515,lt,FALSE,pos,165,hw,165,i,786,ph,2_454,d,18_790,e,36,st,SPIN_DN,flt,FALSE,up,TRUE,ig,0,o_pos,-165,o_hw,-165,o_i,1_317,o_up,TRUE,why,NONE
[2026-09-15T13:57:21.651] Cog0  BM-TS,seq,2_509,tid,21,k,516,lt,FALSE,pos,166,hw,166,i,774,ph,2_264,d,18_779,e,31,st,SPIN_DN,flt,FALSE,up,TRUE,ig,0,o_pos,-166,o_hw,-166,o_i,1_297,o_up,TRUE,why,NONE
[2026-09-15T13:57:21.652] Cog0  BM-TS,seq,2_510,tid,21,k,518,lt,FALSE,pos,167,hw,167,i,775,ph,2_593,d,18_722,e,57,st,SPIN_DN,flt,FALSE,up,TRUE,ig,0,o_pos,-167,o_hw,-167,o_i,1_403,o_up,TRUE,why,NONE
[2026-09-15T13:57:21.655] Cog0  BM-TS,seq,2_511,tid,21,k,519,lt,FALSE,pos,168,hw,168,i,718,ph,1_830,d,18_683,e,51,st,SPIN_DN,flt,FALSE,up,TRUE,ig,0,o_pos,-168,o_hw,-168,o_i,1_333,o_up,TRUE,why,NONE
[2026-09-15T13:57:21.657] Cog0  BM-TS,seq,2_512,tid,21,k,520,lt,FALSE,pos,169,hw,169,i,764,ph,2_635,d,18_637,e,45,st,SPIN_DN,flt,FALSE,up,TRUE,ig,0,o_pos,-169,o_hw,-169,o_i,1_327,o_up,TRUE,why,NONE
[2026-09-15T13:57:21.659] Cog0  BM-TS,seq,2_513,tid,21,k,521,lt,FALSE,pos,170,hw,170,i,802,ph,2_195,d,18_628,e,34,st,SPIN_DN,flt,FALSE,up,TRUE,ig,0,o_pos,-170,o_hw,-170,o_i,1_360,o_up,TRUE,why,NONE
[2026-09-15T13:57:21.661] Cog0  BM-TS,seq,2_514,tid,21,k,522,lt,FALSE,pos,171,hw,171,i,804,ph,2_274,d,18_649,e,28,st,SPIN_DN,flt,FALSE,up,TRUE,ig,0,o_pos,-171,o_hw,-171,o_i,1_371,o_up,TRUE,why,NONE
[2026-09-15T13:57:21.663] Cog0  BM-TS,seq,2_515,tid,21,k,524,lt,FALSE,pos,172,hw,172,i,800,ph,1_847,d,18_514,e,52,st,SPIN_DN,flt,FALSE,up,TRUE,ig,0,o_pos,-172,o_hw,-172,o_i,1_443,o_up,TRUE,why,NONE
[2026-09-15T13:57:21.665] Cog0  BM-TS,seq,2_516,tid,21,k,525,lt,FALSE,pos,173,hw,173,i,757,ph,2_591,d,18_458,e,45,st,SPIN_DN,flt,FALSE,up,TRUE,ig,0,o_pos,-173,o_hw,-173,o_i,1_372,o_up,TRUE,why,NONE
[2026-09-15T13:57:21.667] Cog0  BM-TS,seq,2_517,tid,21,k,526,lt,FALSE,pos,174,hw,174,i,829,ph,2_109,d,18_439,e,38,st,SPIN_DN,flt,FALSE,up,TRUE,ig,0,o_pos,-174,o_hw,-174,o_i,1_382,o_up,TRUE,why,NONE
[2026-09-15T13:57:21.670] Cog0  BM-TS,seq,2_518,tid,21,k,527,lt,FALSE,pos,175,hw,175,i,836,ph,2_213,d,18_425,e,26,st,SPIN_DN,flt,FALSE,up,TRUE,ig,0,o_pos,-175,o_hw,-175,o_i,1_461,o_up,TRUE,why,NONE
[2026-09-15T13:57:21.672] Cog0  BM-TS,seq,2_519,tid,21,k,529,lt,FALSE,pos,176,hw,176,i,828,ph,1_917,d,18_292,e,53,st,SPIN_DN,flt,FALSE,up,TRUE,ig,0,o_pos,-176,o_hw,-176,o_i,1_529,o_up,TRUE,why,NONE
[2026-09-15T13:57:21.674] Cog0  BM-TS,seq,2_520,tid,21,k,530,lt,FALSE,pos,177,hw,177,i,786,ph,2_529,d,18_249,e,40,st,SPIN_DN,flt,FALSE,up,TRUE,ig,0,o_pos,-177,o_hw,-177,o_i,1_393,o_up,TRUE,why,NONE
[2026-09-15T13:57:21.676] Cog0  BM-TS,seq,2_521,tid,21,k,531,lt,FALSE,pos,178,hw,178,i,814,ph,2_224,d,18_247,e,32,st,SPIN_DN,flt,FALSE,up,TRUE,ig,0,o_pos,-178,o_hw,-178,o_i,1_397,o_up,TRUE,why,NONE
[2026-09-15T13:57:21.678] Cog0  BM-TS,seq,2_522,tid,21,k,533,lt,FALSE,pos,179,hw,179,i,807,ph,2_659,d,18_141,e,53,st,SPIN_DN,flt,FALSE,up,TRUE,ig,0,o_pos,-179,o_hw,-179,o_i,1_490,o_up,TRUE,why,NONE
[2026-09-15T13:57:21.680] Cog0  BM-TS,seq,2_523,tid,21,k,534,lt,FALSE,pos,180,hw,180,i,777,ph,1_957,d,18_074,e,45,st,SPIN_DN,flt,FALSE,up,TRUE,ig,0,o_pos,-180,o_hw,-180,o_i,1_415,o_up,TRUE,why,NONE
[2026-09-15T13:57:21.683] Cog0  BM-TS,seq,2_524,tid,21,k,535,lt,FALSE,pos,181,hw,181,i,873,ph,2_329,d,18_064,e,36,st,SPIN_DN,flt,FALSE,up,TRUE,ig,0,o_pos,-181,o_hw,-181,o_i,1_480,o_up,TRUE,why,NONE
[2026-09-15T13:57:21.684] Cog0  BM-TS,seq,2_525,tid,21,k,537,lt,FALSE,pos,182,hw,182,i,825,ph,1_961,d,17_982,e,56,st,SPIN_DN,flt,FALSE,up,TRUE,ig,0,o_pos,-182,o_hw,-182,o_i,1_467,o_up,TRUE,why,NONE
[2026-09-15T13:57:21.687] Cog0  BM-TS,seq,2_526,tid,21,k,538,lt,FALSE,pos,183,hw,183,i,834,ph,2_556,d,17_918,e,42,st,SPIN_DN,flt,FALSE,up,TRUE,ig,0,o_pos,-183,o_hw,-183,o_i,1_494,o_up,TRUE,why,NONE
[2026-09-15T13:57:21.689] Cog0  BM-TS,seq,2_527,tid,21,k,539,lt,FALSE,pos,184,hw,184,i,843,ph,2_209,d,17_891,e,32,st,SPIN_DN,flt,FALSE,up,TRUE,ig,0,o_pos,-184,o_hw,-184,o_i,1_441,o_up,TRUE,why,NONE
[2026-09-15T13:57:21.691] Cog0  BM-TS,seq,2_528,tid,21,k,541,lt,FALSE,pos,185,hw,185,i,858,ph,2_668,d,17_796,e,51,st,SPIN_DN,flt,FALSE,up,TRUE,ig,0,o_pos,-185,o_hw,-185,o_i,1_557,o_up,TRUE,why,NONE
[2026-09-15T13:57:21.693] Cog0  BM-TS,seq,2_529,tid,21,k,542,lt,FALSE,pos,186,hw,186,i,799,ph,2_034,d,17_717,e,41,st,SPIN_DN,flt,FALSE,up,TRUE,ig,0,o_pos,-186,o_hw,-186,o_i,1_433,o_up,TRUE,why,NONE
[2026-09-15T13:57:21.695] Cog0  BM-TS,seq,2_530,tid,21,k,543,lt,FALSE,pos,187,hw,187,i,852,ph,2_303,d,17_705,e,30,st,SPIN_DN,flt,FALSE,up,TRUE,ig,0,o_pos,-187,o_hw,-187,o_i,1_478,o_up,TRUE,why,NONE
[2026-09-15T13:57:21.697] Cog0  BM-TS,seq,2_531,tid,21,k,545,lt,FALSE,pos,188,hw,188,i,810,ph,1_954,d,17_577,e,48,st,SPIN_DN,flt,FALSE,up,TRUE,ig,0,o_pos,-188,o_hw,-188,o_i,1_519,o_up,TRUE,why,NONE
[2026-09-15T13:57:21.700] Cog0  BM-TS,seq,2_532,tid,21,k,546,lt,FALSE,pos,189,hw,189,i,847,ph,2_451,d,17_531,e,37,st,SPIN_DN,flt,FALSE,up,TRUE,ig,0,o_pos,-189,o_hw,-189,o_i,1_432,o_up,TRUE,why,NONE
[2026-09-15T13:57:21.702] Cog0  BM-TS,seq,2_533,tid,21,k,547,lt,FALSE,pos,190,hw,190,i,881,ph,2_423,d,17_495,e,21,st,SPIN_DN,flt,FALSE,up,TRUE,ig,0,o_pos,-190,o_hw,-190,o_i,1_553,o_up,TRUE,why,NONE
[2026-09-15T13:57:21.704] Cog0  BM-TS,seq,2_534,tid,21,k,549,lt,FALSE,pos,191,hw,191,i,846,ph,2_502,d,17_317,e,41,st,SPIN_DN,flt,FALSE,up,TRUE,ig,0,o_pos,-191,o_hw,-191,o_i,1_493,o_up,TRUE,why,NONE
[2026-09-15T13:57:21.706] Cog0  BM-TS,seq,2_535,tid,21,k,550,lt,FALSE,pos,192,hw,192,i,872,ph,2_319,d,17_311,e,26,st,SPIN_DN,flt,FALSE,up,TRUE,ig,0,o_pos,-192,o_hw,-192,o_i,1_502,o_up,TRUE,why,NONE
[2026-09-15T13:57:21.708] Cog0  BM-TS,seq,2_536,tid,21,k,552,lt,FALSE,pos,193,hw,193,i,844,ph,2_487,d,17_102,e,44,st,SPIN_DN,flt,FALSE,up,TRUE,ig,0,o_pos,-193,o_hw,-193,o_i,1_568,o_up,TRUE,why,NONE
[2026-09-15T13:57:21.710] Cog0  BM-TS,seq,2_537,tid,21,k,553,lt,FALSE,pos,194,hw,194,i,851,ph,2_303,d,17_081,e,28,st,SPIN_DN,flt,FALSE,up,TRUE,ig,0,o_pos,-194,o_hw,-194,o_i,1_503,o_up,TRUE,why,NONE
[2026-09-15T13:57:21.712] Cog0  BM-TS,seq,2_538,tid,21,k,555,lt,FALSE,pos,195,hw,195,i,835,ph,2_519,d,16_928,e,46,st,SPIN_DN,flt,FALSE,up,TRUE,ig,0,o_pos,-195,o_hw,-195,o_i,1_570,o_up,TRUE,why,NONE
[2026-09-15T13:57:21.714] Cog0  BM-TS,seq,2_539,tid,21,k,556,lt,FALSE,pos,196,hw,196,i,847,ph,2_272,d,16_897,e,29,st,SPIN_DN,flt,FALSE,up,TRUE,ig,0,o_pos,-196,o_hw,-196,o_i,1_480,o_up,TRUE,why,NONE
[2026-09-15T13:57:21.717] Cog0  BM-TS,seq,2_540,tid,21,k,558,lt,FALSE,pos,197,hw,197,i,834,ph,2_500,d,16_751,e,46,st,SPIN_DN,flt,FALSE,up,TRUE,ig,0,o_pos,-197,o_hw,-197,o_i,1_568,o_up,TRUE,why,NONE
[2026-09-15T13:57:21.719] Cog0  BM-TS,seq,2_541,tid,21,k,559,lt,FALSE,pos,198,hw,198,i,843,ph,2_265,d,16_735,e,29,st,SPIN_DN,flt,FALSE,up,TRUE,ig,0,o_pos,-198,o_hw,-198,o_i,1_474,o_up,TRUE,why,NONE
[2026-09-15T13:57:21.721] Cog0  BM-TS,seq,2_542,tid,21,k,561,lt,FALSE,pos,199,hw,199,i,830,ph,2_494,d,16_547,e,41,st,SPIN_DN,flt,FALSE,up,TRUE,ig,0,o_pos,-199,o_hw,-199,o_i,1_532,o_up,TRUE,why,NONE
[2026-09-15T13:57:21.723] Cog0  BM-TS,seq,2_543,tid,21,k,562,lt,FALSE,pos,200,hw,200,i,833,ph,2_334,d,16_541,e,27,st,SPIN_DN,flt,FALSE,up,TRUE,ig,0,o_pos,-200,o_hw,-200,o_i,1_479,o_up,TRUE,why,NONE
[2026-09-15T13:57:21.725] Cog0  BM-TS,seq,2_544,tid,21,k,564,lt,FALSE,pos,201,hw,201,i,813,ph,2_445,d,16_333,e,38,st,SPIN_DN,flt,FALSE,up,TRUE,ig,0,o_pos,-201,o_hw,-201,o_i,1_493,o_up,TRUE,why,NONE
[2026-09-15T13:57:21.727] Cog0  BM-TS,seq,2_545,tid,21,k,565,lt,FALSE,pos,202,hw,202,i,825,ph,2_392,d,16_307,e,23,st,SPIN_DN,flt,FALSE,up,TRUE,ig,0,o_pos,-202,o_hw,-202,o_i,1_483,o_up,TRUE,why,NONE
[2026-09-15T13:57:21.730] Cog0  BM-TS,seq,2_546,tid,21,k,567,lt,FALSE,pos,203,hw,203,i,816,ph,2_337,d,16_131,e,33,st,SPIN_DN,flt,FALSE,up,TRUE,ig,0,o_pos,-203,o_hw,-203,o_i,1_457,o_up,TRUE,why,NONE
[2026-09-15T13:57:21.732] Cog0  BM-TS,seq,2_547,tid,21,k,569,lt,FALSE,pos,204,hw,204,i,796,ph,1_994,d,15_973,e,45,st,SPIN_DN,flt,FALSE,up,TRUE,ig,0,o_pos,-204,o_hw,-204,o_i,1_506,o_up,TRUE,why,NONE
[2026-09-15T13:57:21.734] Cog0  BM-TS,seq,2_548,tid,21,k,570,lt,FALSE,pos,205,hw,205,i,815,ph,2_230,d,15_938,e,27,st,SPIN_DN,flt,FALSE,up,TRUE,ig,0,o_pos,-205,o_hw,-205,o_i,1_459,o_up,TRUE,why,NONE
[2026-09-15T13:57:21.736] Cog0  BM-TS,seq,2_549,tid,21,k,572,lt,FALSE,pos,206,hw,206,i,787,ph,2_146,d,15_762,e,38,st,SPIN_DN,flt,FALSE,up,TRUE,ig,0,o_pos,-206,o_hw,-206,o_i,1_437,o_up,TRUE,why,NONE
[2026-09-15T13:57:21.738] Cog0  BM-TS,seq,2_550,tid,21,k,573,lt,FALSE,pos,207,hw,207,i,818,ph,2_124,d,15_756,e,19,st,SPIN_DN,flt,FALSE,up,TRUE,ig,0,o_pos,-207,o_hw,-207,o_i,1_456,o_up,TRUE,why,NONE
[2026-09-15T13:57:21.740] Cog0  BM-TS,seq,2_551,tid,21,k,575,lt,FALSE,pos,208,hw,208,i,818,ph,2_284,d,15_569,e,29,st,SPIN_DN,flt,FALSE,up,TRUE,ig,0,o_pos,-208,o_hw,-208,o_i,1_412,o_up,TRUE,why,NONE
[2026-09-15T13:57:21.743] Cog0  BM-TS,seq,2_552,tid,21,k,577,lt,FALSE,pos,209,hw,209,i,761,ph,2_397,d,15_390,e,35,st,SPIN_DN,flt,FALSE,up,TRUE,ig,0,o_pos,-209,o_hw,-209,o_i,1_343,o_up,TRUE,why,NONE
[2026-09-15T13:57:21.745] Cog0  BM-TS,seq,2_553,tid,21,k,579,lt,FALSE,pos,210,hw,210,i,749,ph,2_074,d,15_213,e,41,st,SPIN_DN,flt,FALSE,up,TRUE,ig,0,o_pos,-210,o_hw,-210,o_i,1_386,o_up,TRUE,why,NONE
[2026-09-15T13:57:21.747] Cog0  BM-TS,seq,2_554,tid,21,k,580,lt,FALSE,pos,211,hw,211,i,782,ph,2_204,d,15_183,e,24,st,SPIN_DN,flt,FALSE,up,TRUE,ig,0,o_pos,-211,o_hw,-211,o_i,1_365,o_up,TRUE,why,NONE
[2026-09-15T13:57:21.749] Cog0  BM-TS,seq,2_555,tid,21,k,582,lt,FALSE,pos,212,hw,212,i,752,ph,2_315,d,14_992,e,28,st,SPIN_DN,flt,FALSE,up,TRUE,ig,0,o_pos,-212,o_hw,-212,o_i,1_315,o_up,TRUE,why,NONE
[2026-09-15T13:57:21.751] Cog0  BM-TS,seq,2_556,tid,21,k,584,lt,FALSE,pos,213,hw,213,i,748,ph,2_355,d,14_816,e,32,st,SPIN_DN,flt,FALSE,up,TRUE,ig,0,o_pos,-213,o_hw,-213,o_i,1_338,o_up,TRUE,why,NONE
[2026-09-15T13:57:21.754] Cog0  BM-TS,seq,2_557,tid,21,k,586,lt,FALSE,pos,214,hw,214,i,711,ph,2_141,d,14_633,e,39,st,SPIN_DN,flt,FALSE,up,TRUE,ig,0,o_pos,-214,o_hw,-214,o_i,1_314,o_up,TRUE,why,NONE
[2026-09-15T13:57:21.755] Cog0  BM-TS,seq,2_558,tid,21,k,587,lt,FALSE,pos,215,hw,215,i,752,ph,2_087,d,14_644,e,17,st,SPIN_DN,flt,FALSE,up,TRUE,ig,0,o_pos,-215,o_hw,-215,o_i,1_349,o_up,TRUE,why,NONE
[2026-09-15T13:57:21.758] Cog0  BM-TS,seq,2_559,tid,21,k,589,lt,FALSE,pos,216,hw,216,i,740,ph,2_395,d,14_433,e,22,st,SPIN_DN,flt,FALSE,up,TRUE,ig,0,o_pos,-216,o_hw,-216,o_i,1_272,o_up,TRUE,why,NONE
[2026-09-15T13:57:21.760] Cog0  BM-TS,seq,2_560,tid,21,k,591,lt,FALSE,pos,217,hw,217,i,716,ph,2_222,d,14_254,e,24,st,SPIN_DN,flt,FALSE,up,TRUE,ig,0,o_pos,-217,o_hw,-217,o_i,1_256,o_up,TRUE,why,NONE
[2026-09-15T13:57:21.762] Cog0  BM-TS,seq,2_561,tid,21,k,593,lt,FALSE,pos,218,hw,218,i,704,ph,2_379,d,14_049,e,25,st,SPIN_DN,flt,FALSE,up,TRUE,ig,0,o_pos,-218,o_hw,-218,o_i,1_244,o_up,TRUE,why,NONE
[2026-09-15T13:57:21.764] Cog0  BM-TS,seq,2_562,tid,21,k,595,lt,FALSE,pos,219,hw,219,i,693,ph,2_299,d,13_851,e,28,st,SPIN_DN,flt,FALSE,up,TRUE,ig,0,o_pos,-219,o_hw,-219,o_i,1_196,o_up,TRUE,why,NONE
[2026-09-15T13:57:21.766] Cog0  BM-TS,seq,2_563,tid,21,k,597,lt,FALSE,pos,220,hw,220,i,664,ph,2_330,d,13_659,e,27,st,SPIN_DN,flt,FALSE,up,TRUE,ig,0,o_pos,-220,o_hw,-220,o_i,1_181,o_up,TRUE,why,NONE
[2026-09-15T13:57:21.768] Cog0  BM-TS,seq,2_564,tid,21,k,599,lt,FALSE,pos,221,hw,221,i,658,ph,2_260,d,13_468,e,26,st,SPIN_DN,flt,FALSE,up,TRUE,ig,0,o_pos,-221,o_hw,-221,o_i,1_164,o_up,TRUE,why,NONE
[2026-09-15T13:57:21.771] Cog0  BM-TS,seq,2_565,tid,21,k,600,lt,FALSE,pos,221,hw,221,i,628,ph,2_570,d,13_348,e,48,st,SPIN_DN,flt,FALSE,up,TRUE,ig,0,o_pos,-221,o_hw,-221,o_i,1_188,o_up,TRUE,why,NONE
[2026-09-15T13:57:21.773] Cog0  BM-TS,seq,2_566,tid,21,k,601,lt,FALSE,pos,222,hw,222,i,655,ph,2_367,d,13_260,e,27,st,SPIN_DN,flt,FALSE,up,TRUE,ig,0,o_pos,-222,o_hw,-222,o_i,1_151,o_up,TRUE,why,NONE
[2026-09-15T13:57:21.774] Cog0  BM-TS,seq,2_567,tid,21,k,603,lt,FALSE,pos,223,hw,223,i,620,ph,2_237,d,13_061,e,24,st,SPIN_DN,flt,FALSE,up,TRUE,ig,0,o_pos,-223,o_hw,-223,o_i,1_124,o_up,TRUE,why,NONE
[2026-09-15T13:57:21.777] Cog0  BM-TS,seq,2_568,tid,21,k,605,lt,FALSE,pos,224,hw,224,i,609,ph,2_431,d,12_845,e,21,st,SPIN_DN,flt,FALSE,up,TRUE,ig,0,o_pos,-224,o_hw,-224,o_i,1_112,o_up,TRUE,why,NONE
[2026-09-15T13:57:21.780] Cog0  BM-TS,seq,2_569,tid,21,k,607,lt,FALSE,pos,225,hw,225,i,609,ph,2_166,d,12_667,e,20,st,SPIN_DN,flt,FALSE,up,TRUE,ig,0,o_pos,-225,o_hw,-225,o_i,1_112,o_up,TRUE,why,NONE
[2026-09-15T13:57:21.782] Cog0  BM-TS,seq,2_570,tid,21,k,610,lt,FALSE,pos,226,hw,226,i,552,ph,2_272,d,12_296,e,33,st,SPIN_DN,flt,FALSE,up,TRUE,ig,0,o_pos,-226,o_hw,-226,o_i,1_056,o_up,TRUE,why,NONE
[2026-09-15T13:57:21.784] Cog0  BM-TS,seq,2_571,tid,21,k,612,lt,FALSE,pos,227,hw,227,i,536,ph,2_323,d,12_108,e,29,st,SPIN_DN,flt,FALSE,up,TRUE,ig,0,o_pos,-227,o_hw,-227,o_i,990,o_up,TRUE,why,NONE
[2026-09-15T13:57:21.786] Cog0  BM-TS,seq,2_572,tid,21,k,614,lt,FALSE,pos,228,hw,228,i,538,ph,2_394,d,11_919,e,23,st,SPIN_DN,flt,FALSE,up,TRUE,ig,0,o_pos,-228,o_hw,-228,o_i,980,o_up,TRUE,why,NONE
[2026-09-15T13:57:21.788] Cog0  BM-TS,seq,2_573,tid,21,k,616,lt,FALSE,pos,229,hw,229,i,534,ph,2_161,d,11_721,e,16,st,SPIN_DN,flt,FALSE,up,TRUE,ig,0,o_pos,-229,o_hw,-229,o_i,984,o_up,TRUE,why,NONE
[2026-09-15T13:57:21.790] Cog0  BM-TS,seq,2_574,tid,21,k,619,lt,FALSE,pos,230,hw,230,i,484,ph,2_362,d,11_363,e,27,st,SPIN_DN,flt,FALSE,up,TRUE,ig,0,o_pos,-230,o_hw,-230,o_i,915,o_up,TRUE,why,NONE
[2026-09-15T13:57:21.793] Cog0  BM-TS,seq,2_575,tid,21,k,621,lt,FALSE,pos,231,hw,231,i,491,ph,2_251,d,11_168,e,20,st,SPIN_DN,flt,FALSE,up,TRUE,ig,0,o_pos,-231,o_hw,-231,o_i,909,o_up,TRUE,why,NONE
[2026-09-15T13:57:21.795] Cog0  BM-TS,seq,2_576,tid,21,k,624,lt,FALSE,pos,232,hw,232,i,449,ph,2_370,d,10_796,e,28,st,SPIN_DN,flt,FALSE,up,TRUE,ig,0,o_pos,-232,o_hw,-232,o_i,858,o_up,TRUE,why,NONE
[2026-09-15T13:57:21.797] Cog0  BM-TS,seq,2_577,tid,21,k,625,lt,FALSE,pos,232,hw,232,i,434,ph,2_178,d,10_637,e,43,st,SPIN_DN,flt,FALSE,up,TRUE,ig,0,o_pos,-232,o_hw,-232,o_i,857,o_up,TRUE,why,NONE
[2026-09-15T13:57:21.799] Cog0  BM-TS,seq,2_578,tid,21,k,626,lt,FALSE,pos,233,hw,233,i,432,ph,2_206,d,10_588,e,18,st,SPIN_DN,flt,FALSE,up,TRUE,ig,0,o_pos,-233,o_hw,-233,o_i,839,o_up,TRUE,why,NONE
[2026-09-15T13:57:21.801] Cog0  BM-TS,seq,2_579,tid,21,k,629,lt,FALSE,pos,234,hw,234,i,395,ph,2_386,d,10_202,e,23,st,SPIN_DN,flt,FALSE,up,TRUE,ig,0,o_pos,-234,o_hw,-234,o_i,789,o_up,TRUE,why,NONE
[2026-09-15T13:57:21.803] Cog0  BM-TS,seq,2_580,tid,21,k,632,lt,FALSE,pos,235,hw,235,i,367,ph,2_342,d,9_850,e,27,st,SPIN_DN,flt,FALSE,up,TRUE,ig,0,o_pos,-235,o_hw,-235,o_i,752,o_up,TRUE,why,NONE
[2026-09-15T13:57:21.806] Cog0  BM-TS,seq,2_581,tid,21,k,634,lt,FALSE,pos,236,hw,236,i,363,ph,2_533,d,9_670,e,14,st,SPIN_DN,flt,FALSE,up,TRUE,ig,0,o_pos,-236,o_hw,-236,o_i,736,o_up,TRUE,why,NONE
[2026-09-15T13:57:21.808] Cog0  BM-TS,seq,2_582,tid,21,k,637,lt,FALSE,pos,237,hw,237,i,337,ph,2_214,d,9_308,e,15,st,SPIN_DN,flt,FALSE,up,TRUE,ig,0,o_pos,-237,o_hw,-237,o_i,701,o_up,TRUE,why,NONE
[2026-09-15T13:57:21.810] Cog0  BM-TS,seq,2_583,tid,21,k,640,lt,FALSE,pos,238,hw,238,i,311,ph,2_511,d,8_949,e,15,st,SPIN_DN,flt,FALSE,up,TRUE,ig,0,o_pos,-238,o_hw,-238,o_i,672,o_up,TRUE,why,NONE
[2026-09-15T13:57:21.812] Cog0  BM-TS,seq,2_584,tid,21,k,644,lt,FALSE,pos,239,hw,239,i,277,ph,2_345,d,8_450,e,27,st,SPIN_DN,flt,FALSE,up,TRUE,ig,0,o_pos,-239,o_hw,-239,o_i,609,o_up,TRUE,why,NONE
[2026-09-15T13:57:21.815] Cog0  BM-TS,seq,2_585,tid,21,k,647,lt,FALSE,pos,240,hw,240,i,252,ph,2_433,d,8_109,e,23,st,SPIN_DN,flt,FALSE,up,TRUE,ig,0,o_pos,-240,o_hw,-240,o_i,579,o_up,TRUE,why,NONE
[2026-09-15T13:57:21.817] Cog0  BM-TS,seq,2_586,tid,21,k,650,lt,FALSE,pos,241,hw,241,i,238,ph,2_254,d,7_773,e,17,st,SPIN_DN,flt,FALSE,up,TRUE,ig,0,o_pos,-241,o_hw,-241,o_i,548,o_up,TRUE,why,NONE
[2026-09-15T13:57:21.819] Cog0  BM-TS,seq,2_587,tid,21,k,654,lt,FALSE,pos,242,hw,242,i,201,ph,2_452,d,7_255,e,20,st,SPIN_DN,flt,FALSE,up,TRUE,ig,0,o_pos,-242,o_hw,-242,o_i,487,o_up,TRUE,why,NONE
[2026-09-15T13:57:21.821] Cog0  BM-TS,seq,2_588,tid,21,k,657,lt,FALSE,pos,243,hw,243,i,183,ph,2_236,d,6_920,e,11,st,SPIN_DN,flt,FALSE,up,TRUE,ig,0,o_pos,-243,o_hw,-243,o_i,457,o_up,TRUE,why,NONE
[2026-09-15T13:57:21.824] Cog0  BM-TS,seq,2_589,tid,21,k,661,lt,FALSE,pos,244,hw,244,i,156,ph,2_542,d,6_422,e,11,st,SPIN_DN,flt,FALSE,up,TRUE,ig,0,o_pos,-244,o_hw,-244,o_i,413,o_up,TRUE,why,NONE
[2026-09-15T13:57:21.826] Cog0  BM-TS,seq,2_590,tid,21,k,666,lt,FALSE,pos,245,hw,245,i,125,ph,2_320,d,5_768,e,17,st,SPIN_DN,flt,FALSE,up,TRUE,ig,0,o_pos,-245,o_hw,-245,o_i,356,o_up,TRUE,why,NONE
[2026-09-15T13:57:21.828] Cog0  BM-TS,seq,2_591,tid,21,k,671,lt,FALSE,pos,246,hw,246,i,98,ph,2_452,d,5_144,e,18,st,SPIN_DN,flt,FALSE,up,TRUE,ig,0,o_pos,-246,o_hw,-246,o_i,294,o_up,TRUE,why,NONE
[2026-09-15T13:57:21.830] Cog0  BM-TS,seq,2_592,tid,21,k,675,lt,FALSE,pos,246,hw,246,i,73,ph,2_281,d,4_633,e,51,st,SPIN_DN,flt,FALSE,up,TRUE,ig,0,o_pos,-247,o_hw,-247,o_i,261,o_up,TRUE,why,NONE
[2026-09-15T13:57:21.833] Cog0  BM-TS,seq,2_593,tid,21,k,676,lt,FALSE,pos,247,hw,247,i,77,ph,2_343,d,4_547,e,16,st,SPIN_DN,flt,FALSE,up,TRUE,ig,0,o_pos,-247,o_hw,-247,o_i,245,o_up,TRUE,why,NONE
[2026-09-15T13:57:21.835] Cog0  BM-TS,seq,2_594,tid,21,k,682,lt,FALSE,pos,248,hw,248,i,54,ph,2_472,d,3_858,e,14,st,SPIN_DN,flt,FALSE,up,TRUE,ig,0,o_pos,-248,o_hw,-248,o_i,190,o_up,TRUE,why,NONE
[2026-09-15T13:57:21.838] Cog0  BM-TS,seq,2_595,tid,21,k,690,lt,FALSE,pos,249,hw,249,i,29,ph,2_390,d,2_989,e,19,st,SPIN_DN,flt,FALSE,up,TRUE,ig,0,o_pos,-249,o_hw,-249,o_i,120,o_up,TRUE,why,NONE
[2026-09-15T13:57:21.840] Cog0  BM-TS,seq,2_596,tid,21,k,699,lt,FALSE,pos,250,hw,250,i,15,ph,2_455,d,2_054,e,15,st,SPIN_DN,flt,FALSE,up,TRUE,ig,0,o_pos,-250,o_hw,-250,o_i,64,o_up,TRUE,why,NONE
[2026-09-15T13:57:21.843] Cog0  BM-TS,seq,2_597,tid,21,k,700,lt,FALSE,pos,250,hw,250,i,12,ph,2_442,d,1_878,e,18,st,SPIN_DN,flt,FALSE,up,TRUE,ig,0,o_pos,-250,o_hw,-250,o_i,56,o_up,TRUE,why,NONE
[2026-09-15T13:57:21.846] Cog0  BM-TS,seq,2_598,tid,21,k,717,lt,FALSE,pos,251,hw,251,i,12,ph,2_389,d,1_600,e,7,st,SPIN_DN,flt,FALSE,up,TRUE,ig,0,o_pos,-251,o_hw,-251,o_i,7,o_up,TRUE,why,NONE
[2026-09-15T13:57:21.848] Cog0  BM-TS,seq,2_599,tid,21,k,720,lt,FALSE,pos,251,hw,251,i,7,ph,16,d,1_600,e,7,st,STOPPED,flt,FALSE,up,TRUE,ig,0,o_pos,-251,o_hw,-251,o_i,0,o_up,TRUE,why,NONE
[2026-09-15T13:57:21.851] Cog0  BM-TS,seq,2_600,tid,21,k,725,lt,FALSE,pos,251,hw,251,i,8,ph,20,d,1_600,e,7,st,STOPPED,flt,FALSE,up,TRUE,ig,0,o_pos,-251,o_hw,-251,o_i,-1,o_up,TRUE,why,NONE
[2026-09-15T13:57:21.855] Cog0  BM-TS,seq,2_601,tid,21,k,750,lt,FALSE,pos,251,hw,251,i,9,ph,24,d,1_600,e,7,st,STOPPED,flt,FALSE,up,TRUE,ig,0,o_pos,-251,o_hw,-251,o_i,0,o_up,TRUE,why,NONE
[2026-09-15T13:57:21.858] Cog0  BM-TS,seq,2_602,tid,21,k,775,lt,FALSE,pos,251,hw,251,i,8,ph,18,d,1_600,e,7,st,STOPPED,flt,FALSE,up,TRUE,ig,0,o_pos,-251,o_hw,-251,o_i,-1,o_up,TRUE,why,NONE
[2026-09-15T13:57:21.862] Cog0  BM-TS,seq,2_603,tid,21,k,800,lt,FALSE,pos,251,hw,251,i,8,ph,20,d,1_600,e,7,st,STOPPED,flt,FALSE,up,TRUE,ig,0,o_pos,-251,o_hw,-251,o_i,1,o_up,TRUE,why,NONE
[2026-09-15T13:57:21.865] Cog0  BM-TS,seq,2_604,tid,21,k,825,lt,FALSE,pos,251,hw,251,i,7,ph,18,d,1_600,e,7,st,STOPPED,flt,FALSE,up,TRUE,ig,0,o_pos,-251,o_hw,-251,o_i,0,o_up,TRUE,why,NONE
[2026-09-15T13:57:21.867] Cog0  BM-TS,seq,2_605,tid,21,k,846,lt,FALSE,pos,251,hw,251,i,8,ph,17,d,1_600,e,7,st,STOPPED,flt,FALSE,up,TRUE,ig,0,o_pos,-251,o_hw,-251,o_i,0,o_up,TRUE,why,NONE
[2026-09-15T13:57:21.878] Cog0  BM-TRACE-END,seq,2_606,tid,21,stored,847,emitted,375,ksum,133_492,mark_k,1,late,0,skipped,0,lost_head,0,dropped,0,end,REST,rest_k,1,ig_sum,0,o_ig_sum,0,hw_skip,0,stride,1,why,NONE
[2026-09-15T13:57:21.894] Cog0  BM-OVERSHOOT,seq,2_607,tid,21,sid,7,motor,BOTH,power,75,dist_ft,2,tgt,105,l_stop,127,r_stop,-127,l_rest,251,r_rest,-251,l_trk,251,r_trk,251,t_stop,1_892,l_ig,0,r_ig,0,why,NONE
[2026-09-15T13:57:25.108] Cog0  BM-STRACE,seq,2_608,tid,22,seg,OVERSHT,life,7,motor,BOTH,cause,DISTANCE,l_pwr,75,r_pwr,75,dir,0,req_mode,FLOAT,period_us,2_000,decim,2,pre,50,why,NONE
[2026-09-15T13:57:25.224] Cog0  BM-TS,seq,2_609,tid,22,k,0,lt,FALSE,pos,0,hw,0,i,7,ph,20,d,1_600,e,7,st,STOPPED,flt,FALSE,up,TRUE,ig,0,o_pos,0,o_hw,0,o_i,0,o_up,TRUE,why,NONE
[2026-09-15T13:57:25.226] Cog0  BM-TS,seq,2_610,tid,22,k,1,lt,FALSE,pos,0,hw,0,i,8,ph,19,d,1_600,e,7,st,STOPPED,flt,FALSE,up,TRUE,ig,0,o_pos,0,o_hw,0,o_i,0,o_up,TRUE,why,NONE
[2026-09-15T13:57:25.228] Cog0  BM-TS,seq,2_611,tid,22,k,2,lt,FALSE,pos,0,hw,0,i,10,ph,22,d,1_600,e,7,st,STOPPED,flt,FALSE,up,TRUE,ig,0,o_pos,0,o_hw,0,o_i,1,o_up,TRUE,why,NONE
[2026-09-15T13:57:25.230] Cog0  BM-TS,seq,2_612,tid,22,k,3,lt,FALSE,pos,0,hw,0,i,8,ph,19,d,1_600,e,7,st,STOPPED,flt,FALSE,up,TRUE,ig,0,o_pos,0,o_hw,0,o_i,0,o_up,TRUE,why,NONE
[2026-09-15T13:57:25.232] Cog0  BM-TS,seq,2_613,tid,22,k,4,lt,FALSE,pos,0,hw,0,i,7,ph,20,d,1_600,e,7,st,STOPPED,flt,FALSE,up,TRUE,ig,0,o_pos,0,o_hw,0,o_i,0,o_up,TRUE,why,NONE
[2026-09-15T13:57:25.233] Cog0  BM-TS,seq,2_614,tid,22,k,5,lt,FALSE,pos,0,hw,0,i,9,ph,18,d,1_600,e,7,st,STOPPED,flt,FALSE,up,TRUE,ig,0,o_pos,0,o_hw,0,o_i,0,o_up,TRUE,why,NONE
[2026-09-15T13:57:25.235] Cog0  BM-TS,seq,2_615,tid,22,k,6,lt,FALSE,pos,0,hw,0,i,7,ph,18,d,1_600,e,7,st,STOPPED,flt,FALSE,up,TRUE,ig,0,o_pos,0,o_hw,0,o_i,0,o_up,TRUE,why,NONE
[2026-09-15T13:57:25.237] Cog0  BM-TS,seq,2_616,tid,22,k,7,lt,FALSE,pos,0,hw,0,i,5,ph,14,d,1_600,e,7,st,STOPPED,flt,FALSE,up,TRUE,ig,0,o_pos,0,o_hw,0,o_i,-1,o_up,TRUE,why,NONE
[2026-09-15T13:57:25.239] Cog0  BM-TS,seq,2_617,tid,22,k,8,lt,FALSE,pos,0,hw,0,i,9,ph,21,d,1_600,e,7,st,STOPPED,flt,FALSE,up,TRUE,ig,0,o_pos,0,o_hw,0,o_i,1,o_up,TRUE,why,NONE
[2026-09-15T13:57:25.241] Cog0  BM-TS,seq,2_618,tid,22,k,9,lt,FALSE,pos,0,hw,0,i,6,ph,18,d,1_600,e,7,st,STOPPED,flt,FALSE,up,TRUE,ig,0,o_pos,0,o_hw,0,o_i,0,o_up,TRUE,why,NONE
[2026-09-15T13:57:25.242] Cog0  BM-TS,seq,2_619,tid,22,k,10,lt,FALSE,pos,0,hw,0,i,8,ph,22,d,1_600,e,7,st,STOPPED,flt,FALSE,up,TRUE,ig,0,o_pos,0,o_hw,0,o_i,1,o_up,TRUE,why,NONE
[2026-09-15T13:57:25.244] Cog0  BM-TS,seq,2_620,tid,22,k,11,lt,FALSE,pos,0,hw,0,i,8,ph,17,d,1_600,e,7,st,STOPPED,flt,FALSE,up,TRUE,ig,0,o_pos,0,o_hw,0,o_i,0,o_up,TRUE,why,NONE
[2026-09-15T13:57:25.246] Cog0  BM-TS,seq,2_621,tid,22,k,12,lt,FALSE,pos,0,hw,0,i,9,ph,19,d,1_600,e,7,st,STOPPED,flt,FALSE,up,TRUE,ig,0,o_pos,0,o_hw,0,o_i,1,o_up,TRUE,why,NONE
[2026-09-15T13:57:25.248] Cog0  BM-TS,seq,2_622,tid,22,k,13,lt,FALSE,pos,0,hw,0,i,8,ph,17,d,1_600,e,7,st,STOPPED,flt,FALSE,up,TRUE,ig,0,o_pos,0,o_hw,0,o_i,1,o_up,TRUE,why,NONE
[2026-09-15T13:57:25.250] Cog0  BM-TS,seq,2_623,tid,22,k,14,lt,FALSE,pos,0,hw,0,i,7,ph,17,d,1_600,e,7,st,STOPPED,flt,FALSE,up,TRUE,ig,0,o_pos,0,o_hw,0,o_i,-1,o_up,TRUE,why,NONE
[2026-09-15T13:57:25.252] Cog0  BM-TS,seq,2_624,tid,22,k,15,lt,FALSE,pos,0,hw,0,i,7,ph,19,d,1_600,e,7,st,STOPPED,flt,FALSE,up,TRUE,ig,0,o_pos,0,o_hw,0,o_i,1,o_up,TRUE,why,NONE
[2026-09-15T13:57:25.254] Cog0  BM-TS,seq,2_625,tid,22,k,16,lt,FALSE,pos,0,hw,0,i,8,ph,20,d,1_600,e,7,st,STOPPED,flt,FALSE,up,TRUE,ig,0,o_pos,0,o_hw,0,o_i,0,o_up,TRUE,why,NONE
[2026-09-15T13:57:25.255] Cog0  BM-TS,seq,2_626,tid,22,k,17,lt,FALSE,pos,0,hw,0,i,7,ph,19,d,1_600,e,7,st,STOPPED,flt,FALSE,up,TRUE,ig,0,o_pos,0,o_hw,0,o_i,0,o_up,TRUE,why,NONE
[2026-09-15T13:57:25.257] Cog0  BM-TS,seq,2_627,tid,22,k,18,lt,FALSE,pos,0,hw,0,i,8,ph,19,d,1_600,e,7,st,STOPPED,flt,FALSE,up,TRUE,ig,0,o_pos,0,o_hw,0,o_i,0,o_up,TRUE,why,NONE
[2026-09-15T13:57:25.259] Cog0  BM-TS,seq,2_628,tid,22,k,19,lt,FALSE,pos,0,hw,0,i,7,ph,18,d,1_600,e,7,st,STOPPED,flt,FALSE,up,TRUE,ig,0,o_pos,0,o_hw,0,o_i,0,o_up,TRUE,why,NONE
[2026-09-15T13:57:25.261] Cog0  BM-TS,seq,2_629,tid,22,k,20,lt,FALSE,pos,0,hw,0,i,8,ph,25,d,1_600,e,7,st,STOPPED,flt,FALSE,up,TRUE,ig,0,o_pos,0,o_hw,0,o_i,0,o_up,TRUE,why,NONE
[2026-09-15T13:57:25.263] Cog0  BM-TS,seq,2_630,tid,22,k,21,lt,FALSE,pos,0,hw,0,i,8,ph,18,d,1_600,e,7,st,STOPPED,flt,FALSE,up,TRUE,ig,0,o_pos,0,o_hw,0,o_i,0,o_up,TRUE,why,NONE
[2026-09-15T13:57:25.264] Cog0  BM-TS,seq,2_631,tid,22,k,22,lt,FALSE,pos,0,hw,0,i,9,ph,23,d,1_600,e,7,st,STOPPED,flt,FALSE,up,TRUE,ig,0,o_pos,0,o_hw,0,o_i,0,o_up,TRUE,why,NONE
[2026-09-15T13:57:25.266] Cog0  BM-TS,seq,2_632,tid,22,k,23,lt,FALSE,pos,0,hw,0,i,7,ph,18,d,1_600,e,7,st,STOPPED,flt,FALSE,up,TRUE,ig,0,o_pos,0,o_hw,0,o_i,0,o_up,TRUE,why,NONE
[2026-09-15T13:57:25.268] Cog0  BM-TS,seq,2_633,tid,22,k,24,lt,FALSE,pos,0,hw,0,i,8,ph,19,d,1_600,e,7,st,STOPPED,flt,FALSE,up,TRUE,ig,0,o_pos,0,o_hw,0,o_i,-1,o_up,TRUE,why,NONE
[2026-09-15T13:57:25.270] Cog0  BM-TS,seq,2_634,tid,22,k,25,lt,FALSE,pos,0,hw,0,i,7,ph,20,d,1_600,e,7,st,STOPPED,flt,FALSE,up,TRUE,ig,0,o_pos,0,o_hw,0,o_i,0,o_up,TRUE,why,NONE
[2026-09-15T13:57:25.272] Cog0  BM-TS,seq,2_635,tid,22,k,26,lt,FALSE,pos,0,hw,0,i,7,ph,20,d,1_600,e,7,st,STOPPED,flt,FALSE,up,TRUE,ig,0,o_pos,0,o_hw,0,o_i,0,o_up,TRUE,why,NONE
[2026-09-15T13:57:25.274] Cog0  BM-TS,seq,2_636,tid,22,k,27,lt,FALSE,pos,0,hw,0,i,8,ph,19,d,1_600,e,7,st,STOPPED,flt,FALSE,up,TRUE,ig,0,o_pos,0,o_hw,0,o_i,0,o_up,TRUE,why,NONE
[2026-09-15T13:57:25.275] Cog0  BM-TS,seq,2_637,tid,22,k,28,lt,FALSE,pos,0,hw,0,i,8,ph,18,d,1_600,e,7,st,STOPPED,flt,FALSE,up,TRUE,ig,0,o_pos,0,o_hw,0,o_i,0,o_up,TRUE,why,NONE
[2026-09-15T13:57:25.277] Cog0  BM-TS,seq,2_638,tid,22,k,29,lt,FALSE,pos,0,hw,0,i,8,ph,19,d,1_600,e,7,st,STOPPED,flt,FALSE,up,TRUE,ig,0,o_pos,0,o_hw,0,o_i,-1,o_up,TRUE,why,NONE
[2026-09-15T13:57:25.279] Cog0  BM-TS,seq,2_639,tid,22,k,30,lt,FALSE,pos,0,hw,0,i,8,ph,19,d,1_600,e,7,st,STOPPED,flt,FALSE,up,TRUE,ig,0,o_pos,0,o_hw,0,o_i,-1,o_up,TRUE,why,NONE
[2026-09-15T13:57:25.281] Cog0  BM-TS,seq,2_640,tid,22,k,31,lt,FALSE,pos,0,hw,0,i,8,ph,18,d,1_600,e,7,st,STOPPED,flt,FALSE,up,TRUE,ig,0,o_pos,0,o_hw,0,o_i,-1,o_up,TRUE,why,NONE
[2026-09-15T13:57:25.283] Cog0  BM-TS,seq,2_641,tid,22,k,32,lt,FALSE,pos,0,hw,0,i,8,ph,15,d,1_600,e,7,st,STOPPED,flt,FALSE,up,TRUE,ig,0,o_pos,0,o_hw,0,o_i,0,o_up,TRUE,why,NONE
[2026-09-15T13:57:25.284] Cog0  BM-TS,seq,2_642,tid,22,k,33,lt,FALSE,pos,0,hw,0,i,8,ph,17,d,1_600,e,7,st,STOPPED,flt,FALSE,up,TRUE,ig,0,o_pos,0,o_hw,0,o_i,0,o_up,TRUE,why,NONE
[2026-09-15T13:57:25.286] Cog0  BM-TS,seq,2_643,tid,22,k,34,lt,FALSE,pos,0,hw,0,i,8,ph,18,d,1_600,e,7,st,STOPPED,flt,FALSE,up,TRUE,ig,0,o_pos,0,o_hw,0,o_i,-1,o_up,TRUE,why,NONE
[2026-09-15T13:57:25.288] Cog0  BM-TS,seq,2_644,tid,22,k,35,lt,FALSE,pos,0,hw,0,i,10,ph,23,d,1_600,e,7,st,STOPPED,flt,FALSE,up,TRUE,ig,0,o_pos,0,o_hw,0,o_i,-1,o_up,TRUE,why,NONE
[2026-09-15T13:57:25.290] Cog0  BM-TS,seq,2_645,tid,22,k,36,lt,FALSE,pos,0,hw,0,i,8,ph,18,d,1_600,e,7,st,STOPPED,flt,FALSE,up,TRUE,ig,0,o_pos,0,o_hw,0,o_i,0,o_up,TRUE,why,NONE
[2026-09-15T13:57:25.292] Cog0  BM-TS,seq,2_646,tid,22,k,37,lt,FALSE,pos,0,hw,0,i,8,ph,20,d,1_600,e,7,st,STOPPED,flt,FALSE,up,TRUE,ig,0,o_pos,0,o_hw,0,o_i,-1,o_up,TRUE,why,NONE
[2026-09-15T13:57:25.292] Cog0  BM-TS,seq,2_647,tid,22,k,38,lt,FALSE,pos,0,hw,0,i,8,ph,19,d,1_600,e,7,st,STOPPED,flt,FALSE,up,TRUE,ig,0,o_pos,0,o_hw,0,o_i,0,o_up,TRUE,why,NONE
[2026-09-15T13:57:25.296] Cog0  BM-TS,seq,2_648,tid,22,k,39,lt,FALSE,pos,0,hw,0,i,9,ph,21,d,1_600,e,7,st,STOPPED,flt,FALSE,up,TRUE,ig,0,o_pos,0,o_hw,0,o_i,0,o_up,TRUE,why,NONE
[2026-09-15T13:57:25.297] Cog0  BM-TS,seq,2_649,tid,22,k,40,lt,FALSE,pos,0,hw,0,i,9,ph,18,d,1_600,e,7,st,STOPPED,flt,FALSE,up,TRUE,ig,0,o_pos,0,o_hw,0,o_i,0,o_up,TRUE,why,NONE
[2026-09-15T13:57:25.299] Cog0  BM-TS,seq,2_650,tid,22,k,41,lt,FALSE,pos,0,hw,0,i,8,ph,22,d,1_600,e,7,st,STOPPED,flt,FALSE,up,TRUE,ig,0,o_pos,0,o_hw,0,o_i,0,o_up,TRUE,why,NONE
[2026-09-15T13:57:25.301] Cog0  BM-TS,seq,2_651,tid,22,k,42,lt,FALSE,pos,0,hw,0,i,8,ph,18,d,1_600,e,7,st,STOPPED,flt,FALSE,up,TRUE,ig,0,o_pos,0,o_hw,0,o_i,0,o_up,TRUE,why,NONE
[2026-09-15T13:57:25.303] Cog0  BM-TS,seq,2_652,tid,22,k,43,lt,FALSE,pos,0,hw,0,i,8,ph,20,d,1_600,e,7,st,STOPPED,flt,FALSE,up,TRUE,ig,0,o_pos,0,o_hw,0,o_i,0,o_up,TRUE,why,NONE
[2026-09-15T13:57:25.305] Cog0  BM-TS,seq,2_653,tid,22,k,44,lt,FALSE,pos,0,hw,0,i,8,ph,21,d,1_600,e,7,st,STOPPED,flt,FALSE,up,TRUE,ig,0,o_pos,0,o_hw,0,o_i,-1,o_up,TRUE,why,NONE
[2026-09-15T13:57:25.307] Cog0  BM-TS,seq,2_654,tid,22,k,45,lt,FALSE,pos,0,hw,0,i,7,ph,19,d,1_600,e,7,st,STOPPED,flt,FALSE,up,TRUE,ig,0,o_pos,0,o_hw,0,o_i,-1,o_up,TRUE,why,NONE
[2026-09-15T13:57:25.308] Cog0  BM-TS,seq,2_655,tid,22,k,46,lt,FALSE,pos,0,hw,0,i,8,ph,18,d,1_600,e,7,st,STOPPED,flt,FALSE,up,TRUE,ig,0,o_pos,0,o_hw,0,o_i,-2,o_up,TRUE,why,NONE
[2026-09-15T13:57:25.310] Cog0  BM-TS,seq,2_656,tid,22,k,47,lt,FALSE,pos,0,hw,0,i,8,ph,17,d,1_600,e,7,st,STOPPED,flt,FALSE,up,TRUE,ig,0,o_pos,0,o_hw,0,o_i,0,o_up,TRUE,why,NONE
[2026-09-15T13:57:25.312] Cog0  BM-TS,seq,2_657,tid,22,k,48,lt,FALSE,pos,0,hw,0,i,9,ph,18,d,1_600,e,7,st,STOPPED,flt,FALSE,up,TRUE,ig,0,o_pos,0,o_hw,0,o_i,-1,o_up,TRUE,why,NONE
[2026-09-15T13:57:25.314] Cog0  BM-TS,seq,2_658,tid,22,k,49,lt,FALSE,pos,0,hw,0,i,8,ph,16,d,1_600,e,7,st,STOPPED,flt,FALSE,up,TRUE,ig,0,o_pos,0,o_hw,0,o_i,-2,o_up,TRUE,why,NONE
[2026-09-15T13:57:25.316] Cog0  BM-TS,seq,2_659,tid,22,k,50,lt,FALSE,pos,0,hw,0,i,8,ph,18,d,1_600,e,7,st,STOPPED,flt,FALSE,up,TRUE,ig,0,o_pos,0,o_hw,0,o_i,-4,o_up,TRUE,why,NONE
[2026-09-15T13:57:25.317] Cog0  BM-TS,seq,2_660,tid,22,k,51,lt,FALSE,pos,0,hw,0,i,8,ph,19,d,1_600,e,7,st,STOPPED,flt,FALSE,up,TRUE,ig,0,o_pos,0,o_hw,0,o_i,0,o_up,TRUE,why,NONE
[2026-09-15T13:57:25.319] Cog0  BM-TS,seq,2_661,tid,22,k,52,lt,FALSE,pos,0,hw,0,i,7,ph,15,d,1_600,e,7,st,STOPPED,flt,FALSE,up,TRUE,ig,0,o_pos,0,o_hw,0,o_i,-1,o_up,TRUE,why,NONE
[2026-09-15T13:57:25.321] Cog0  BM-TS,seq,2_662,tid,22,k,53,lt,FALSE,pos,0,hw,0,i,8,ph,19,d,1_600,e,7,st,STOPPED,flt,FALSE,up,TRUE,ig,0,o_pos,0,o_hw,0,o_i,0,o_up,TRUE,why,NONE
[2026-09-15T13:57:25.323] Cog0  BM-TS,seq,2_663,tid,22,k,54,lt,FALSE,pos,0,hw,0,i,6,ph,18,d,1_600,e,7,st,STOPPED,flt,FALSE,up,TRUE,ig,0,o_pos,0,o_hw,0,o_i,-1,o_up,TRUE,why,NONE
[2026-09-15T13:57:25.325] Cog0  BM-TS,seq,2_664,tid,22,k,55,lt,FALSE,pos,0,hw,0,i,8,ph,18,d,1_600,e,7,st,STOPPED,flt,FALSE,up,TRUE,ig,0,o_pos,0,o_hw,0,o_i,0,o_up,TRUE,why,NONE
[2026-09-15T13:57:25.326] Cog0  BM-TS,seq,2_665,tid,22,k,56,lt,FALSE,pos,0,hw,0,i,7,ph,15,d,1_600,e,7,st,STOPPED,flt,FALSE,up,TRUE,ig,0,o_pos,0,o_hw,0,o_i,0,o_up,TRUE,why,NONE
[2026-09-15T13:57:25.329] Cog0  BM-TS,seq,2_666,tid,22,k,57,lt,FALSE,pos,0,hw,0,i,8,ph,21,d,1_600,e,7,st,STOPPED,flt,FALSE,up,TRUE,ig,0,o_pos,0,o_hw,0,o_i,-2,o_up,TRUE,why,NONE
[2026-09-15T13:57:25.330] Cog0  BM-TS,seq,2_667,tid,22,k,58,lt,FALSE,pos,0,hw,0,i,6,ph,16,d,1_600,e,7,st,STOPPED,flt,FALSE,up,TRUE,ig,0,o_pos,0,o_hw,0,o_i,-1,o_up,TRUE,why,NONE
[2026-09-15T13:57:25.332] Cog0  BM-TS,seq,2_668,tid,22,k,59,lt,FALSE,pos,0,hw,0,i,8,ph,18,d,1_600,e,7,st,STOPPED,flt,FALSE,up,TRUE,ig,0,o_pos,0,o_hw,0,o_i,0,o_up,TRUE,why,NONE
[2026-09-15T13:57:25.334] Cog0  BM-TS,seq,2_669,tid,22,k,60,lt,FALSE,pos,0,hw,0,i,8,ph,18,d,1_600,e,7,st,STOPPED,flt,FALSE,up,TRUE,ig,0,o_pos,0,o_hw,0,o_i,-2,o_up,TRUE,why,NONE
[2026-09-15T13:57:25.336] Cog0  BM-TS,seq,2_670,tid,22,k,61,lt,FALSE,pos,0,hw,0,i,8,ph,19,d,1_600,e,7,st,STOPPED,flt,FALSE,up,TRUE,ig,0,o_pos,0,o_hw,0,o_i,-1,o_up,TRUE,why,NONE
[2026-09-15T13:57:25.337] Cog0  BM-TS,seq,2_671,tid,22,k,62,lt,FALSE,pos,0,hw,0,i,7,ph,17,d,1_600,e,7,st,STOPPED,flt,FALSE,up,TRUE,ig,0,o_pos,0,o_hw,0,o_i,-1,o_up,TRUE,why,NONE
[2026-09-15T13:57:25.339] Cog0  BM-TS,seq,2_672,tid,22,k,63,lt,FALSE,pos,0,hw,0,i,8,ph,21,d,1_600,e,7,st,STOPPED,flt,FALSE,up,TRUE,ig,0,o_pos,0,o_hw,0,o_i,-3,o_up,TRUE,why,NONE
[2026-09-15T13:57:25.341] Cog0  BM-TS,seq,2_673,tid,22,k,64,lt,FALSE,pos,0,hw,0,i,7,ph,21,d,1_600,e,7,st,STOPPED,flt,FALSE,up,TRUE,ig,0,o_pos,0,o_hw,0,o_i,-1,o_up,TRUE,why,NONE
[2026-09-15T13:57:25.342] Cog0  BM-TS,seq,2_674,tid,22,k,65,lt,FALSE,pos,0,hw,0,i,8,ph,17,d,1_600,e,7,st,STOPPED,flt,FALSE,up,TRUE,ig,0,o_pos,0,o_hw,0,o_i,0,o_up,TRUE,why,NONE
[2026-09-15T13:57:25.345] Cog0  BM-TS,seq,2_675,tid,22,k,66,lt,FALSE,pos,0,hw,0,i,8,ph,18,d,1_600,e,7,st,STOPPED,flt,FALSE,up,TRUE,ig,0,o_pos,0,o_hw,0,o_i,-1,o_up,TRUE,why,NONE
[2026-09-15T13:57:25.347] Cog0  BM-TS,seq,2_676,tid,22,k,67,lt,FALSE,pos,0,hw,0,i,8,ph,17,d,1_600,e,7,st,STOPPED,flt,FALSE,up,TRUE,ig,0,o_pos,0,o_hw,0,o_i,-2,o_up,TRUE,why,NONE
[2026-09-15T13:57:25.349] Cog0  BM-TS,seq,2_677,tid,22,k,68,lt,FALSE,pos,0,hw,0,i,8,ph,18,d,1_600,e,7,st,STOPPED,flt,FALSE,up,TRUE,ig,0,o_pos,0,o_hw,0,o_i,-1,o_up,TRUE,why,NONE
[2026-09-15T13:57:25.350] Cog0  BM-TS,seq,2_678,tid,22,k,69,lt,FALSE,pos,0,hw,0,i,6,ph,18,d,1_600,e,7,st,STOPPED,flt,FALSE,up,TRUE,ig,0,o_pos,0,o_hw,0,o_i,-2,o_up,TRUE,why,NONE
[2026-09-15T13:57:25.352] Cog0  BM-TS,seq,2_679,tid,22,k,70,lt,FALSE,pos,0,hw,0,i,7,ph,16,d,1_600,e,7,st,STOPPED,flt,FALSE,up,TRUE,ig,0,o_pos,0,o_hw,0,o_i,0,o_up,TRUE,why,NONE
[2026-09-15T13:57:25.354] Cog0  BM-TS,seq,2_680,tid,22,k,71,lt,FALSE,pos,0,hw,0,i,7,ph,16,d,1_600,e,7,st,STOPPED,flt,FALSE,up,TRUE,ig,0,o_pos,0,o_hw,0,o_i,-1,o_up,TRUE,why,NONE
[2026-09-15T13:57:25.356] Cog0  BM-TS,seq,2_681,tid,22,k,72,lt,FALSE,pos,0,hw,0,i,9,ph,22,d,1_600,e,7,st,STOPPED,flt,FALSE,up,TRUE,ig,0,o_pos,0,o_hw,0,o_i,1,o_up,TRUE,why,NONE
[2026-09-15T13:57:25.358] Cog0  BM-TS,seq,2_682,tid,22,k,73,lt,FALSE,pos,0,hw,0,i,9,ph,17,d,1_600,e,7,st,STOPPED,flt,FALSE,up,TRUE,ig,0,o_pos,0,o_hw,0,o_i,-2,o_up,TRUE,why,NONE
[2026-09-15T13:57:25.360] Cog0  BM-TS,seq,2_683,tid,22,k,74,lt,FALSE,pos,0,hw,0,i,8,ph,17,d,1_600,e,7,st,STOPPED,flt,FALSE,up,TRUE,ig,0,o_pos,0,o_hw,0,o_i,-3,o_up,TRUE,why,NONE
[2026-09-15T13:57:25.361] Cog0  BM-TS,seq,2_684,tid,22,k,75,lt,FALSE,pos,0,hw,0,i,8,ph,15,d,1_600,e,7,st,STOPPED,flt,FALSE,up,TRUE,ig,0,o_pos,0,o_hw,0,o_i,-2,o_up,TRUE,why,NONE
[2026-09-15T13:57:25.363] Cog0  BM-TS,seq,2_685,tid,22,k,76,lt,FALSE,pos,0,hw,0,i,8,ph,17,d,1_600,e,7,st,STOPPED,flt,FALSE,up,TRUE,ig,0,o_pos,0,o_hw,0,o_i,0,o_up,TRUE,why,NONE
[2026-09-15T13:57:25.366] Cog0  BM-TS,seq,2_686,tid,22,k,77,lt,FALSE,pos,0,hw,0,i,8,ph,19,d,1_600,e,7,st,STOPPED,flt,FALSE,up,TRUE,ig,0,o_pos,0,o_hw,0,o_i,0,o_up,TRUE,why,NONE
[2026-09-15T13:57:25.367] Cog0  BM-TS,seq,2_687,tid,22,k,78,lt,FALSE,pos,0,hw,0,i,8,ph,19,d,1_600,e,7,st,STOPPED,flt,FALSE,up,TRUE,ig,0,o_pos,0,o_hw,0,o_i,-1,o_up,TRUE,why,NONE
[2026-09-15T13:57:25.369] Cog0  BM-TS,seq,2_688,tid,22,k,79,lt,FALSE,pos,0,hw,0,i,9,ph,19,d,1_600,e,7,st,STOPPED,flt,FALSE,up,TRUE,ig,0,o_pos,0,o_hw,0,o_i,0,o_up,TRUE,why,NONE
[2026-09-15T13:57:25.370] Cog0  BM-TS,seq,2_689,tid,22,k,80,lt,FALSE,pos,0,hw,0,i,8,ph,17,d,1_600,e,7,st,STOPPED,flt,FALSE,up,TRUE,ig,0,o_pos,0,o_hw,0,o_i,0,o_up,TRUE,why,NONE
[2026-09-15T13:57:25.372] Cog0  BM-TS,seq,2_690,tid,22,k,81,lt,FALSE,pos,0,hw,0,i,9,ph,19,d,1_600,e,7,st,STOPPED,flt,FALSE,up,TRUE,ig,0,o_pos,0,o_hw,0,o_i,0,o_up,TRUE,why,NONE
[2026-09-15T13:57:25.374] Cog0  BM-TS,seq,2_691,tid,22,k,82,lt,FALSE,pos,0,hw,0,i,8,ph,16,d,1_600,e,7,st,STOPPED,flt,FALSE,up,TRUE,ig,0,o_pos,0,o_hw,0,o_i,-2,o_up,TRUE,why,NONE
[2026-09-15T13:57:25.375] Cog0  BM-TS,seq,2_692,tid,22,k,83,lt,FALSE,pos,0,hw,0,i,9,ph,22,d,1_600,e,7,st,STOPPED,flt,FALSE,up,TRUE,ig,0,o_pos,0,o_hw,0,o_i,0,o_up,TRUE,why,NONE
[2026-09-15T13:57:25.378] Cog0  BM-TS,seq,2_693,tid,22,k,84,lt,FALSE,pos,0,hw,0,i,9,ph,16,d,1_600,e,7,st,STOPPED,flt,FALSE,up,TRUE,ig,0,o_pos,0,o_hw,0,o_i,-1,o_up,TRUE,why,NONE
[2026-09-15T13:57:25.379] Cog0  BM-TS,seq,2_694,tid,22,k,85,lt,FALSE,pos,0,hw,0,i,10,ph,20,d,1_600,e,7,st,STOPPED,flt,FALSE,up,TRUE,ig,0,o_pos,0,o_hw,0,o_i,-1,o_up,TRUE,why,NONE
[2026-09-15T13:57:25.382] Cog0  BM-TS,seq,2_695,tid,22,k,86,lt,FALSE,pos,0,hw,0,i,8,ph,18,d,1_600,e,7,st,STOPPED,flt,FALSE,up,TRUE,ig,0,o_pos,0,o_hw,0,o_i,-1,o_up,TRUE,why,NONE
[2026-09-15T13:57:25.383] Cog0  BM-TS,seq,2_696,tid,22,k,87,lt,FALSE,pos,0,hw,0,i,8,ph,19,d,1_600,e,7,st,STOPPED,flt,FALSE,up,TRUE,ig,0,o_pos,0,o_hw,0,o_i,0,o_up,TRUE,why,NONE
[2026-09-15T13:57:25.385] Cog0  BM-TS,seq,2_697,tid,22,k,88,lt,FALSE,pos,0,hw,0,i,8,ph,15,d,1_600,e,7,st,STOPPED,flt,FALSE,up,TRUE,ig,0,o_pos,0,o_hw,0,o_i,0,o_up,TRUE,why,NONE
[2026-09-15T13:57:25.387] Cog0  BM-TS,seq,2_698,tid,22,k,89,lt,FALSE,pos,0,hw,0,i,8,ph,23,d,1_600,e,7,st,STOPPED,flt,FALSE,up,TRUE,ig,0,o_pos,0,o_hw,0,o_i,0,o_up,TRUE,why,NONE
[2026-09-15T13:57:25.389] Cog0  BM-TS,seq,2_699,tid,22,k,90,lt,FALSE,pos,0,hw,0,i,7,ph,16,d,1_600,e,7,st,STOPPED,flt,FALSE,up,TRUE,ig,0,o_pos,0,o_hw,0,o_i,-1,o_up,TRUE,why,NONE
[2026-09-15T13:57:25.391] Cog0  BM-TS,seq,2_700,tid,22,k,91,lt,FALSE,pos,0,hw,0,i,8,ph,19,d,1_600,e,7,st,STOPPED,flt,FALSE,up,TRUE,ig,0,o_pos,0,o_hw,0,o_i,1,o_up,TRUE,why,NONE
[2026-09-15T13:57:25.391] Cog0  BM-TS,seq,2_701,tid,22,k,92,lt,FALSE,pos,0,hw,0,i,8,ph,19,d,1_600,e,7,st,STOPPED,flt,FALSE,up,TRUE,ig,0,o_pos,0,o_hw,0,o_i,0,o_up,TRUE,why,NONE
[2026-09-15T13:57:25.394] Cog0  BM-TS,seq,2_702,tid,22,k,93,lt,FALSE,pos,0,hw,0,i,8,ph,17,d,1_600,e,7,st,STOPPED,flt,FALSE,up,TRUE,ig,0,o_pos,0,o_hw,0,o_i,0,o_up,TRUE,why,NONE
[2026-09-15T13:57:25.396] Cog0  BM-TS,seq,2_703,tid,22,k,94,lt,FALSE,pos,0,hw,0,i,8,ph,19,d,1_600,e,7,st,STOPPED,flt,FALSE,up,TRUE,ig,0,o_pos,0,o_hw,0,o_i,0,o_up,TRUE,why,NONE
[2026-09-15T13:57:25.398] Cog0  BM-TS,seq,2_704,tid,22,k,95,lt,FALSE,pos,0,hw,0,i,7,ph,21,d,1_600,e,7,st,STOPPED,flt,FALSE,up,TRUE,ig,0,o_pos,0,o_hw,0,o_i,1,o_up,TRUE,why,NONE
[2026-09-15T13:57:25.400] Cog0  BM-TS,seq,2_705,tid,22,k,96,lt,FALSE,pos,0,hw,0,i,7,ph,18,d,1_600,e,7,st,STOPPED,flt,FALSE,up,TRUE,ig,0,o_pos,0,o_hw,0,o_i,0,o_up,TRUE,why,NONE
[2026-09-15T13:57:25.402] Cog0  BM-TS,seq,2_706,tid,22,k,97,lt,FALSE,pos,0,hw,0,i,7,ph,15,d,1_600,e,7,st,STOPPED,flt,FALSE,up,TRUE,ig,0,o_pos,0,o_hw,0,o_i,0,o_up,TRUE,why,NONE
[2026-09-15T13:57:25.403] Cog0  BM-TS,seq,2_707,tid,22,k,98,lt,FALSE,pos,0,hw,0,i,9,ph,25,d,1_600,e,7,st,STOPPED,flt,FALSE,up,TRUE,ig,0,o_pos,0,o_hw,0,o_i,0,o_up,TRUE,why,NONE
[2026-09-15T13:57:25.405] Cog0  BM-TS,seq,2_708,tid,22,k,99,lt,FALSE,pos,0,hw,0,i,8,ph,16,d,1_600,e,7,st,STOPPED,flt,FALSE,up,TRUE,ig,0,o_pos,0,o_hw,0,o_i,-1,o_up,TRUE,why,NONE
[2026-09-15T13:57:25.407] Cog0  BM-TS,seq,2_709,tid,22,k,100,lt,FALSE,pos,0,hw,0,i,8,ph,21,d,1_600,e,7,st,STOPPED,flt,FALSE,up,TRUE,ig,0,o_pos,0,o_hw,0,o_i,0,o_up,TRUE,why,NONE
[2026-09-15T13:57:25.411] Cog0  BM-TS,seq,2_710,tid,22,k,101,lt,FALSE,pos,0,hw,0,i,14,ph,2_413,d,1_600,e,0,st,SPIN_UP,flt,FALSE,up,TRUE,ig,0,o_pos,0,o_hw,0,o_i,8,o_up,TRUE,why,NONE
[2026-09-15T13:57:25.414] Cog0  BM-TS,seq,2_711,tid,22,k,125,lt,FALSE,pos,0,hw,0,i,16,ph,2_416,d,1_600,e,3,st,SPIN_UP,flt,FALSE,up,TRUE,ig,0,o_pos,0,o_hw,0,o_i,11,o_up,TRUE,why,NONE
[2026-09-15T13:57:25.417] Cog0  BM-TS,seq,2_712,tid,22,k,150,lt,FALSE,pos,0,hw,0,i,13,ph,2_416,d,1_600,e,18,st,SPIN_UP,flt,FALSE,up,TRUE,ig,0,o_pos,0,o_hw,0,o_i,7,o_up,TRUE,why,NONE
[2026-09-15T13:57:25.419] Cog0  BM-TS,seq,2_713,tid,22,k,169,lt,FALSE,pos,1,hw,1,i,16,ph,2_453,d,1_600,e,1,st,SPIN_UP,flt,FALSE,up,TRUE,ig,0,o_pos,0,o_hw,0,o_i,8,o_up,TRUE,why,NONE
[2026-09-15T13:57:25.423] Cog0  BM-TS,seq,2_714,tid,22,k,175,lt,FALSE,pos,1,hw,1,i,17,ph,2_449,d,1_600,e,12,st,SPIN_UP,flt,FALSE,up,TRUE,ig,0,o_pos,0,o_hw,0,o_i,7,o_up,TRUE,why,NONE
[2026-09-15T13:57:25.425] Cog0  BM-TS,seq,2_715,tid,22,k,193,lt,FALSE,pos,2,hw,2,i,14,ph,2_406,d,1_600,e,15,st,SPIN_UP,flt,FALSE,up,TRUE,ig,0,o_pos,-1,o_hw,-1,o_i,7,o_up,TRUE,why,NONE
[2026-09-15T13:57:25.428] Cog0  BM-TS,seq,2_716,tid,22,k,200,lt,FALSE,pos,2,hw,2,i,12,ph,2_452,d,1_600,e,37,st,SPIN_UP,flt,FALSE,up,TRUE,ig,0,o_pos,-2,o_hw,-2,o_i,6,o_up,TRUE,why,NONE
[2026-09-15T13:57:25.430] Cog0  BM-TS,seq,2_717,tid,22,k,209,lt,FALSE,pos,3,hw,3,i,17,ph,2_415,d,2_217,e,28,st,SPIN_UP,flt,FALSE,up,TRUE,ig,0,o_pos,-2,o_hw,-2,o_i,10,o_up,TRUE,why,NONE
[2026-09-15T13:57:25.432] Cog0  BM-TS,seq,2_718,tid,22,k,220,lt,FALSE,pos,4,hw,4,i,17,ph,2_444,d,2_635,e,34,st,SPIN_UP,flt,FALSE,up,TRUE,ig,0,o_pos,-4,o_hw,-4,o_i,12,o_up,TRUE,why,NONE
[2026-09-15T13:57:25.435] Cog0  BM-TS,seq,2_719,tid,22,k,225,lt,FALSE,pos,4,hw,4,i,12,ph,2_471,d,2_468,e,59,st,SPIN_UP,flt,FALSE,up,TRUE,ig,0,o_pos,-4,o_hw,-4,o_i,12,o_up,TRUE,why,NONE
[2026-09-15T13:57:25.437] Cog0  BM-TS,seq,2_720,tid,22,k,228,lt,FALSE,pos,5,hw,5,i,20,ph,2_409,d,3_107,e,33,st,SPIN_UP,flt,FALSE,up,TRUE,ig,0,o_pos,-5,o_hw,-5,o_i,14,o_up,TRUE,why,NONE
[2026-09-15T13:57:25.439] Cog0  BM-TS,seq,2_721,tid,22,k,235,lt,FALSE,pos,6,hw,6,i,20,ph,2_436,d,3_117,e,31,st,SPIN_UP,flt,FALSE,up,TRUE,ig,0,o_pos,-6,o_hw,-6,o_i,17,o_up,TRUE,why,NONE
[2026-09-15T13:57:25.441] Cog0  BM-TS,seq,2_722,tid,22,k,241,lt,FALSE,pos,7,hw,7,i,24,ph,2_442,d,3_097,e,25,st,SPIN_UP,flt,FALSE,up,TRUE,ig,0,o_pos,-6,o_hw,-6,o_i,12,o_up,TRUE,why,NONE
[2026-09-15T13:57:25.443] Cog0  BM-TS,seq,2_723,tid,22,k,248,lt,FALSE,pos,8,hw,8,i,21,ph,2_441,d,3_040,e,31,st,SPIN_UP,flt,FALSE,up,TRUE,ig,0,o_pos,-7,o_hw,-7,o_i,25,o_up,TRUE,why,NONE
[2026-09-15T13:57:25.445] Cog0  BM-TS,seq,2_724,tid,22,k,250,lt,FALSE,pos,8,hw,8,i,16,ph,2_479,d,2_776,e,45,st,SPIN_UP,flt,FALSE,up,TRUE,ig,0,o_pos,-8,o_hw,-8,o_i,22,o_up,TRUE,why,NONE
[2026-09-15T13:57:25.448] Cog0  BM-TS,seq,2_725,tid,22,k,255,lt,FALSE,pos,9,hw,9,i,19,ph,2_379,d,3_206,e,41,st,SPIN_UP,flt,FALSE,up,TRUE,ig,0,o_pos,-9,o_hw,-9,o_i,23,o_up,TRUE,why,NONE
[2026-09-15T13:57:25.450] Cog0  BM-TS,seq,2_726,tid,22,k,260,lt,FALSE,pos,10,hw,10,i,21,ph,2_475,d,3_802,e,38,st,SPIN_UP,flt,FALSE,up,TRUE,ig,0,o_pos,-10,o_hw,-10,o_i,25,o_up,TRUE,why,NONE
[2026-09-15T13:57:25.452] Cog0  BM-TS,seq,2_727,tid,22,k,265,lt,FALSE,pos,11,hw,11,i,21,ph,2_365,d,4_003,e,38,st,SPIN_UP,flt,FALSE,up,TRUE,ig,0,o_pos,-11,o_hw,-11,o_i,32,o_up,TRUE,why,NONE
[2026-09-15T13:57:25.454] Cog0  BM-TS,seq,2_728,tid,22,k,269,lt,FALSE,pos,12,hw,12,i,27,ph,2_445,d,4_234,e,32,st,SPIN_UP,flt,FALSE,up,TRUE,ig,0,o_pos,-12,o_hw,-12,o_i,34,o_up,TRUE,why,NONE
[2026-09-15T13:57:25.457] Cog0  BM-TS,seq,2_729,tid,22,k,273,lt,FALSE,pos,13,hw,12,i,30,ph,2_430,d,4_302,e,27,st,SPIN_UP,flt,FALSE,up,TRUE,ig,0,o_pos,-12,o_hw,-12,o_i,34,o_up,TRUE,why,NONE
[2026-09-15T13:57:25.458] Cog0  BM-TS,seq,2_730,tid,22,k,274,lt,FALSE,pos,13,hw,13,i,27,ph,2_378,d,4_126,e,37,st,SPIN_UP,flt,FALSE,up,TRUE,ig,0,o_pos,-13,o_hw,-13,o_i,34,o_up,TRUE,why,NONE
[2026-09-15T13:57:25.461] Cog0  BM-TS,seq,2_731,tid,22,k,275,lt,FALSE,pos,13,hw,13,i,25,ph,2_326,d,4_045,e,47,st,SPIN_UP,flt,FALSE,up,TRUE,ig,0,o_pos,-13,o_hw,-13,o_i,30,o_up,TRUE,why,NONE
[2026-09-15T13:57:25.463] Cog0  BM-TS,seq,2_732,tid,22,k,278,lt,FALSE,pos,14,hw,14,i,29,ph,2_457,d,4_112,e,35,st,SPIN_UP,flt,FALSE,up,TRUE,ig,0,o_pos,-14,o_hw,-14,o_i,40,o_up,TRUE,why,NONE
[2026-09-15T13:57:25.465] Cog0  BM-TS,seq,2_733,tid,22,k,282,lt,FALSE,pos,15,hw,15,i,27,ph,2_403,d,4_264,e,33,st,SPIN_UP,flt,FALSE,up,TRUE,ig,0,o_pos,-15,o_hw,-15,o_i,42,o_up,TRUE,why,NONE
[2026-09-15T13:57:25.467] Cog0  BM-TS,seq,2_734,tid,22,k,287,lt,FALSE,pos,16,hw,16,i,23,ph,2_517,d,4_443,e,44,st,SPIN_UP,flt,FALSE,up,TRUE,ig,0,o_pos,-16,o_hw,-16,o_i,38,o_up,TRUE,why,NONE
[2026-09-15T13:57:25.469] Cog0  BM-TS,seq,2_735,tid,22,k,290,lt,FALSE,pos,17,hw,17,i,25,ph,2_369,d,4_831,e,36,st,SPIN_UP,flt,FALSE,up,TRUE,ig,0,o_pos,-17,o_hw,-17,o_i,47,o_up,TRUE,why,NONE
[2026-09-15T13:57:25.471] Cog0  BM-TS,seq,2_736,tid,22,k,294,lt,FALSE,pos,18,hw,18,i,33,ph,2_500,d,5_087,e,41,st,SPIN_UP,flt,FALSE,up,TRUE,ig,0,o_pos,-18,o_hw,-18,o_i,50,o_up,TRUE,why,NONE
[2026-09-15T13:57:25.474] Cog0  BM-TS,seq,2_737,tid,22,k,297,lt,FALSE,pos,19,hw,19,i,33,ph,2_367,d,5_335,e,35,st,SPIN_UP,flt,FALSE,up,TRUE,ig,0,o_pos,-19,o_hw,-19,o_i,55,o_up,TRUE,why,NONE
[2026-09-15T13:57:25.475] Cog0  BM-TS,seq,2_738,tid,22,k,300,lt,FALSE,pos,19,hw,19,i,40,ph,2_430,d,5_505,e,73,st,SPIN_UP,flt,FALSE,up,TRUE,ig,0,o_pos,-19,o_hw,-19,o_i,56,o_up,TRUE,why,NONE
[2026-09-15T13:57:25.478] Cog0  BM-TS,seq,2_739,tid,22,k,301,lt,FALSE,pos,20,hw,20,i,36,ph,2_503,d,5_363,e,44,st,SPIN_UP,flt,FALSE,up,TRUE,ig,0,o_pos,-20,o_hw,-20,o_i,57,o_up,TRUE,why,NONE
[2026-09-15T13:57:25.480] Cog0  BM-TS,seq,2_740,tid,22,k,304,lt,FALSE,pos,21,hw,21,i,44,ph,2_356,d,5_514,e,40,st,SPIN_UP,flt,FALSE,up,TRUE,ig,0,o_pos,-21,o_hw,-21,o_i,61,o_up,TRUE,why,NONE
[2026-09-15T13:57:25.482] Cog0  BM-TS,seq,2_741,tid,22,k,307,lt,FALSE,pos,22,hw,22,i,44,ph,2_485,d,5_620,e,38,st,SPIN_UP,flt,FALSE,up,TRUE,ig,0,o_pos,-22,o_hw,-22,o_i,70,o_up,TRUE,why,NONE
[2026-09-15T13:57:25.484] Cog0  BM-TS,seq,2_742,tid,22,k,310,lt,FALSE,pos,23,hw,23,i,42,ph,2_362,d,5_732,e,35,st,SPIN_UP,flt,FALSE,up,TRUE,ig,0,o_pos,-23,o_hw,-23,o_i,72,o_up,TRUE,why,NONE
[2026-09-15T13:57:25.486] Cog0  BM-TS,seq,2_743,tid,22,k,313,lt,FALSE,pos,24,hw,24,i,45,ph,2_460,d,5_918,e,35,st,SPIN_UP,flt,FALSE,up,TRUE,ig,0,o_pos,-24,o_hw,-24,o_i,79,o_up,TRUE,why,NONE
[2026-09-15T13:57:25.488] Cog0  BM-TS,seq,2_744,tid,22,k,316,lt,FALSE,pos,25,hw,25,i,45,ph,2_358,d,6_052,e,36,st,SPIN_UP,flt,FALSE,up,TRUE,ig,0,o_pos,-25,o_hw,-25,o_i,79,o_up,TRUE,why,NONE
[2026-09-15T13:57:25.491] Cog0  BM-TS,seq,2_745,tid,22,k,319,lt,FALSE,pos,26,hw,26,i,42,ph,2_498,d,6_186,e,39,st,SPIN_UP,flt,FALSE,up,TRUE,ig,0,o_pos,-26,o_hw,-26,o_i,80,o_up,TRUE,why,NONE
[2026-09-15T13:57:25.493] Cog0  BM-TS,seq,2_746,tid,22,k,322,lt,FALSE,pos,27,hw,27,i,43,ph,2_322,d,6_388,e,42,st,SPIN_UP,flt,FALSE,up,TRUE,ig,0,o_pos,-27,o_hw,-27,o_i,87,o_up,TRUE,why,NONE
[2026-09-15T13:57:25.495] Cog0  BM-TS,seq,2_747,tid,22,k,325,lt,FALSE,pos,28,hw,28,i,48,ph,2_564,d,6_571,e,47,st,SPIN_UP,flt,FALSE,up,TRUE,ig,0,o_pos,-28,o_hw,-28,o_i,90,o_up,TRUE,why,NONE
[2026-09-15T13:57:25.497] Cog0  BM-TS,seq,2_748,tid,22,k,327,lt,FALSE,pos,29,hw,29,i,53,ph,2_344,d,6_719,e,38,st,SPIN_UP,flt,FALSE,up,TRUE,ig,0,o_pos,-29,o_hw,-29,o_i,100,o_up,TRUE,why,NONE
[2026-09-15T13:57:25.499] Cog0  BM-TS,seq,2_749,tid,22,k,330,lt,FALSE,pos,30,hw,30,i,53,ph,2_529,d,6_803,e,43,st,SPIN_UP,flt,FALSE,up,TRUE,ig,0,o_pos,-30,o_hw,-30,o_i,100,o_up,TRUE,why,NONE
[2026-09-15T13:57:25.501] Cog0  BM-TS,seq,2_750,tid,22,k,332,lt,FALSE,pos,31,hw,31,i,58,ph,2_350,d,7_014,e,36,st,SPIN_UP,flt,FALSE,up,TRUE,ig,0,o_pos,-31,o_hw,-31,o_i,103,o_up,TRUE,why,NONE
[2026-09-15T13:57:25.503] Cog0  BM-TS,seq,2_751,tid,22,k,335,lt,FALSE,pos,32,hw,32,i,58,ph,2_558,d,7_079,e,45,st,SPIN_UP,flt,FALSE,up,TRUE,ig,0,o_pos,-32,o_hw,-32,o_i,109,o_up,TRUE,why,NONE
[2026-09-15T13:57:25.504] Cog0  BM-TS,seq,2_752,tid,22,k,337,lt,FALSE,pos,33,hw,33,i,64,ph,2_349,d,7_272,e,36,st,SPIN_UP,flt,FALSE,up,TRUE,ig,0,o_pos,-33,o_hw,-33,o_i,115,o_up,TRUE,why,NONE
[2026-09-15T13:57:25.507] Cog0  BM-TS,seq,2_753,tid,22,k,340,lt,FALSE,pos,34,hw,34,i,59,ph,2_585,d,7_394,e,47,st,SPIN_UP,flt,FALSE,up,TRUE,ig,0,o_pos,-34,o_hw,-34,o_i,109,o_up,TRUE,why,NONE
[2026-09-15T13:57:25.509] Cog0  BM-TS,seq,2_754,tid,22,k,342,lt,FALSE,pos,35,hw,35,i,64,ph,2_305,d,7_529,e,41,st,SPIN_UP,flt,FALSE,up,TRUE,ig,0,o_pos,-35,o_hw,-35,o_i,120,o_up,TRUE,why,NONE
[2026-09-15T13:57:25.511] Cog0  BM-TS,seq,2_755,tid,22,k,344,lt,FALSE,pos,36,hw,36,i,68,ph,2_482,d,7_780,e,37,st,SPIN_UP,flt,FALSE,up,TRUE,ig,0,o_pos,-36,o_hw,-36,o_i,128,o_up,TRUE,why,NONE
[2026-09-15T13:57:25.513] Cog0  BM-TS,seq,2_756,tid,22,k,347,lt,FALSE,pos,37,hw,37,i,69,ph,2_213,d,7_874,e,51,st,SPIN_UP,flt,FALSE,up,TRUE,ig,0,o_pos,-37,o_hw,-37,o_i,128,o_up,TRUE,why,NONE
[2026-09-15T13:57:25.515] Cog0  BM-TS,seq,2_757,tid,22,k,349,lt,FALSE,pos,38,hw,38,i,71,ph,2_587,d,7_992,e,46,st,SPIN_UP,flt,FALSE,up,TRUE,ig,0,o_pos,-38,o_hw,-38,o_i,124,o_up,TRUE,why,NONE
[2026-09-15T13:57:25.517] Cog0  BM-TS,seq,2_758,tid,22,k,350,lt,FALSE,pos,38,hw,38,i,77,ph,2_512,d,8_063,e,67,st,SPIN_UP,flt,FALSE,up,TRUE,ig,0,o_pos,-38,o_hw,-38,o_i,145,o_up,TRUE,why,NONE
[2026-09-15T13:57:25.519] Cog0  BM-TS,seq,2_759,tid,22,k,351,lt,FALSE,pos,39,hw,39,i,76,ph,2_283,d,8_145,e,42,st,SPIN_UP,flt,FALSE,up,TRUE,ig,0,o_pos,-39,o_hw,-39,o_i,137,o_up,TRUE,why,NONE
[2026-09-15T13:57:25.522] Cog0  BM-TS,seq,2_760,tid,22,k,353,lt,FALSE,pos,40,hw,40,i,83,ph,2_506,d,8_279,e,41,st,SPIN_UP,flt,FALSE,up,TRUE,ig,0,o_pos,-40,o_hw,-40,o_i,147,o_up,TRUE,why,NONE
[2026-09-15T13:57:25.524] Cog0  BM-TS,seq,2_761,tid,22,k,355,lt,FALSE,pos,41,hw,41,i,82,ph,2_318,d,8_417,e,38,st,SPIN_UP,flt,FALSE,up,TRUE,ig,0,o_pos,-41,o_hw,-41,o_i,143,o_up,TRUE,why,NONE
[2026-09-15T13:57:25.526] Cog0  BM-TS,seq,2_762,tid,22,k,357,lt,FALSE,pos,42,hw,42,i,89,ph,2_474,d,8_588,e,36,st,SPIN_UP,flt,FALSE,up,TRUE,ig,0,o_pos,-42,o_hw,-42,o_i,156,o_up,TRUE,why,NONE
[2026-09-15T13:57:25.528] Cog0  BM-TS,seq,2_763,tid,22,k,359,lt,FALSE,pos,43,hw,43,i,94,ph,2_354,d,8_722,e,34,st,SPIN_UP,flt,FALSE,up,TRUE,ig,0,o_pos,-43,o_hw,-43,o_i,167,o_up,TRUE,why,NONE
[2026-09-15T13:57:25.530] Cog0  BM-TS,seq,2_764,tid,22,k,361,lt,FALSE,pos,44,hw,44,i,92,ph,2_486,d,8_849,e,35,st,SPIN_UP,flt,FALSE,up,TRUE,ig,0,o_pos,-44,o_hw,-44,o_i,165,o_up,TRUE,why,NONE
[2026-09-15T13:57:25.532] Cog0  BM-TS,seq,2_765,tid,22,k,363,lt,FALSE,pos,45,hw,45,i,96,ph,2_346,d,8_980,e,35,st,SPIN_UP,flt,FALSE,up,TRUE,ig,0,o_pos,-45,o_hw,-45,o_i,162,o_up,TRUE,why,NONE
[2026-09-15T13:57:25.534] Cog0  BM-TS,seq,2_766,tid,22,k,365,lt,FALSE,pos,46,hw,46,i,98,ph,2_489,d,9_132,e,35,st,SPIN_UP,flt,FALSE,up,TRUE,ig,0,o_pos,-46,o_hw,-46,o_i,173,o_up,TRUE,why,NONE
[2026-09-15T13:57:25.536] Cog0  BM-TS,seq,2_767,tid,22,k,367,lt,FALSE,pos,47,hw,47,i,102,ph,2_296,d,9_233,e,39,st,SPIN_UP,flt,FALSE,up,TRUE,ig,0,o_pos,-47,o_hw,-47,o_i,175,o_up,TRUE,why,NONE
[2026-09-15T13:57:25.538] Cog0  BM-TS,seq,2_768,tid,22,k,369,lt,FALSE,pos,48,hw,48,i,99,ph,2_524,d,9_368,e,40,st,SPIN_UP,flt,FALSE,up,TRUE,ig,0,o_pos,-48,o_hw,-48,o_i,165,o_up,TRUE,why,NONE
[2026-09-15T13:57:25.540] Cog0  BM-TS,seq,2_769,tid,22,k,371,lt,FALSE,pos,49,hw,49,i,103,ph,2_257,d,9_499,e,42,st,SPIN_UP,flt,FALSE,up,TRUE,ig,0,o_pos,-49,o_hw,-49,o_i,180,o_up,TRUE,why,NONE
[2026-09-15T13:57:25.542] Cog0  BM-TS,seq,2_770,tid,22,k,373,lt,FALSE,pos,50,hw,50,i,109,ph,2_587,d,9_615,e,48,st,SPIN_UP,flt,FALSE,up,TRUE,ig,0,o_pos,-50,o_hw,-50,o_i,182,o_up,TRUE,why,NONE
[2026-09-15T13:57:25.544] Cog0  BM-TS,seq,2_771,tid,22,k,375,lt,FALSE,pos,51,hw,51,i,105,ph,2_171,d,9_761,e,51,st,SPIN_UP,flt,FALSE,up,TRUE,ig,0,o_pos,-51,o_hw,-51,o_i,159,o_up,TRUE,why,NONE
[2026-09-15T13:57:25.546] Cog0  BM-TS,seq,2_772,tid,22,k,377,lt,FALSE,pos,52,hw,52,i,102,ph,2_636,d,9_904,e,55,st,SPIN_UP,flt,FALSE,up,TRUE,ig,0,o_pos,-52,o_hw,-52,o_i,176,o_up,TRUE,why,NONE
[2026-09-15T13:57:25.547] Cog0  BM-TS,seq,2_773,tid,22,k,378,lt,FALSE,pos,53,hw,53,i,116,ph,2_299,d,10_027,e,37,st,SPIN_UP,flt,FALSE,up,TRUE,ig,0,o_pos,-53,o_hw,-53,o_i,192,o_up,TRUE,why,NONE
[2026-09-15T13:57:25.551] Cog0  BM-TS,seq,2_774,tid,22,k,380,lt,FALSE,pos,54,hw,54,i,114,ph,2_558,d,10_113,e,42,st,SPIN_UP,flt,FALSE,up,TRUE,ig,0,o_pos,-54,o_hw,-54,o_i,195,o_up,TRUE,why,NONE
[2026-09-15T13:57:25.553] Cog0  BM-TS,seq,2_775,tid,22,k,382,lt,FALSE,pos,55,hw,55,i,121,ph,2_184,d,10_228,e,48,st,SPIN_UP,flt,FALSE,up,TRUE,ig,0,o_pos,-55,o_hw,-55,o_i,188,o_up,TRUE,why,NONE
[2026-09-15T13:57:25.555] Cog0  BM-TS,seq,2_776,tid,22,k,384,lt,FALSE,pos,56,hw,56,i,112,ph,2_618,d,10_359,e,57,st,SPIN_UP,flt,FALSE,up,TRUE,ig,0,o_pos,-56,o_hw,-56,o_i,184,o_up,TRUE,why,NONE
[2026-09-15T13:57:25.557] Cog0  BM-TS,seq,2_777,tid,22,k,385,lt,FALSE,pos,57,hw,57,i,128,ph,2_311,d,10_496,e,38,st,SPIN_UP,flt,FALSE,up,TRUE,ig,0,o_pos,-57,o_hw,-57,o_i,214,o_up,TRUE,why,NONE
[2026-09-15T13:57:25.559] Cog0  BM-TS,seq,2_778,tid,22,k,387,lt,FALSE,pos,58,hw,58,i,126,ph,2_653,d,10_619,e,48,st,SPIN_UP,flt,FALSE,up,TRUE,ig,0,o_pos,-58,o_hw,-58,o_i,195,o_up,TRUE,why,NONE
[2026-09-15T13:57:25.561] Cog0  BM-TS,seq,2_779,tid,22,k,389,lt,FALSE,pos,59,hw,59,i,117,ph,2_183,d,10_751,e,56,st,SPIN_UP,flt,FALSE,up,TRUE,ig,0,o_pos,-59,o_hw,-59,o_i,195,o_up,TRUE,why,NONE
[2026-09-15T13:57:25.563] Cog0  BM-TS,seq,2_780,tid,22,k,390,lt,FALSE,pos,60,hw,60,i,130,ph,2_549,d,10_877,e,41,st,SPIN_UP,flt,FALSE,up,TRUE,ig,0,o_pos,-60,o_hw,-60,o_i,218,o_up,TRUE,why,NONE
[2026-09-15T13:57:25.565] Cog0  BM-TS,seq,2_781,tid,22,k,392,lt,FALSE,pos,61,hw,61,i,123,ph,2_144,d,10_979,e,50,st,SPIN_UP,flt,FALSE,up,TRUE,ig,0,o_pos,-61,o_hw,-61,o_i,198,o_up,TRUE,why,NONE
[2026-09-15T13:57:25.567] Cog0  BM-TS,seq,2_782,tid,22,k,394,lt,FALSE,pos,62,hw,62,i,126,ph,2_601,d,11_150,e,59,st,SPIN_UP,flt,FALSE,up,TRUE,ig,0,o_pos,-62,o_hw,-62,o_i,219,o_up,TRUE,why,NONE
[2026-09-15T13:57:25.569] Cog0  BM-TS,seq,2_783,tid,22,k,395,lt,FALSE,pos,63,hw,63,i,129,ph,2_200,d,11_195,e,45,st,SPIN_UP,flt,FALSE,up,TRUE,ig,0,o_pos,-63,o_hw,-63,o_i,226,o_up,TRUE,why,NONE
[2026-09-15T13:57:25.571] Cog0  BM-TS,seq,2_784,tid,22,k,397,lt,FALSE,pos,64,hw,64,i,126,ph,2_656,d,11_285,e,56,st,SPIN_UP,flt,FALSE,up,TRUE,ig,0,o_pos,-64,o_hw,-64,o_i,218,o_up,TRUE,why,NONE
[2026-09-15T13:57:25.573] Cog0  BM-TS,seq,2_785,tid,22,k,398,lt,FALSE,pos,65,hw,65,i,137,ph,2_235,d,11_389,e,42,st,SPIN_UP,flt,FALSE,up,TRUE,ig,0,o_pos,-65,o_hw,-65,o_i,234,o_up,TRUE,why,NONE
[2026-09-15T13:57:25.576] Cog0  BM-TS,seq,2_786,tid,22,k,400,lt,FALSE,pos,66,hw,66,i,133,ph,2_661,d,11_510,e,54,st,SPIN_UP,flt,FALSE,up,TRUE,ig,0,o_pos,-66,o_hw,-66,o_i,240,o_up,TRUE,why,NONE
[2026-09-15T13:57:25.577] Cog0  BM-TS,seq,2_787,tid,22,k,401,lt,FALSE,pos,67,hw,67,i,140,ph,2_242,d,11_653,e,40,st,SPIN_UP,flt,FALSE,up,TRUE,ig,0,o_pos,-67,o_hw,-67,o_i,248,o_up,TRUE,why,NONE
[2026-09-15T13:57:25.580] Cog0  BM-TS,seq,2_788,tid,22,k,403,lt,FALSE,pos,68,hw,68,i,142,ph,2_689,d,11_758,e,53,st,SPIN_UP,flt,FALSE,up,TRUE,ig,0,o_pos,-68,o_hw,-68,o_i,233,o_up,TRUE,why,NONE
[2026-09-15T13:57:25.582] Cog0  BM-TS,seq,2_789,tid,22,k,404,lt,FALSE,pos,69,hw,69,i,141,ph,2_261,d,11_905,e,40,st,SPIN_UP,flt,FALSE,up,TRUE,ig,0,o_pos,-69,o_hw,-69,o_i,261,o_up,TRUE,why,NONE
[2026-09-15T13:57:25.583] Cog0  BM-TS,seq,2_790,tid,22,k,406,lt,FALSE,pos,70,hw,70,i,138,ph,2_677,d,12_000,e,54,st,SPIN_UP,flt,FALSE,up,TRUE,ig,0,o_pos,-70,o_hw,-70,o_i,243,o_up,TRUE,why,NONE
[2026-09-15T13:57:25.586] Cog0  BM-TS,seq,2_791,tid,22,k,407,lt,FALSE,pos,71,hw,71,i,145,ph,2_213,d,12_116,e,42,st,SPIN_UP,flt,FALSE,up,TRUE,ig,0,o_pos,-71,o_hw,-71,o_i,263,o_up,TRUE,why,NONE
[2026-09-15T13:57:25.588] Cog0  BM-TS,seq,2_792,tid,22,k,409,lt,FALSE,pos,72,hw,72,i,140,ph,2_629,d,12_245,e,57,st,SPIN_UP,flt,FALSE,up,TRUE,ig,0,o_pos,-72,o_hw,-72,o_i,253,o_up,TRUE,why,NONE
[2026-09-15T13:57:25.590] Cog0  BM-TS,seq,2_793,tid,22,k,410,lt,FALSE,pos,73,hw,73,i,154,ph,2_172,d,12_313,e,45,st,SPIN_UP,flt,FALSE,up,TRUE,ig,0,o_pos,-73,o_hw,-73,o_i,277,o_up,TRUE,why,NONE
[2026-09-15T13:57:25.592] Cog0  BM-TS,seq,2_794,tid,22,k,412,lt,FALSE,pos,74,hw,74,i,141,ph,2_596,d,12_473,e,62,st,SPIN_UP,flt,FALSE,up,TRUE,ig,0,o_pos,-74,o_hw,-74,o_i,253,o_up,TRUE,why,NONE
[2026-09-15T13:57:25.594] Cog0  BM-TS,seq,2_795,tid,22,k,413,lt,FALSE,pos,75,hw,75,i,166,ph,2_127,d,12_557,e,50,st,SPIN_UP,flt,FALSE,up,TRUE,ig,0,o_pos,-75,o_hw,-75,o_i,275,o_up,TRUE,why,NONE
[2026-09-15T13:57:25.596] Cog0  BM-TS,seq,2_796,tid,22,k,414,lt,FALSE,pos,76,hw,76,i,168,ph,2_509,d,12_678,e,36,st,SPIN_UP,flt,FALSE,up,TRUE,ig,0,o_pos,-76,o_hw,-76,o_i,303,o_up,TRUE,why,NONE
[2026-09-15T13:57:25.598] Cog0  BM-TS,seq,2_797,tid,22,k,416,lt,FALSE,pos,77,hw,77,i,167,ph,2_145,d,12_755,e,57,st,SPIN_UP,flt,FALSE,up,TRUE,ig,0,o_pos,-77,o_hw,-77,o_i,289,o_up,TRUE,why,NONE
[2026-09-15T13:57:25.600] Cog0  BM-TS,seq,2_798,tid,22,k,417,lt,FALSE,pos,78,hw,78,i,168,ph,2_594,d,12_889,e,43,st,SPIN_UP,flt,FALSE,up,TRUE,ig,0,o_pos,-78,o_hw,-78,o_i,305,o_up,TRUE,why,NONE
[2026-09-15T13:57:25.602] Cog0  BM-TS,seq,2_799,tid,22,k,419,lt,FALSE,pos,79,hw,79,i,161,ph,2_209,d,13_040,e,66,st,SPIN_UP,flt,FALSE,up,TRUE,ig,0,o_pos,-79,o_hw,-79,o_i,310,o_up,TRUE,why,NONE
[2026-09-15T13:57:25.604] Cog0  BM-TS,seq,2_800,tid,22,k,420,lt,FALSE,pos,80,hw,80,i,165,ph,2_725,d,13_102,e,52,st,SPIN_UP,flt,FALSE,up,TRUE,ig,0,o_pos,-80,o_hw,-80,o_i,307,o_up,TRUE,why,NONE
[2026-09-15T13:57:25.606] Cog0  BM-TS,seq,2_801,tid,22,k,421,lt,FALSE,pos,81,hw,81,i,161,ph,2_203,d,13_186,e,43,st,SPIN_UP,flt,FALSE,up,TRUE,ig,0,o_pos,-81,o_hw,-81,o_i,309,o_up,TRUE,why,NONE
[2026-09-15T13:57:25.608] Cog0  BM-TS,seq,2_802,tid,22,k,423,lt,FALSE,pos,82,hw,82,i,149,ph,2_565,d,13_327,e,63,st,SPIN_UP,flt,FALSE,up,TRUE,ig,0,o_pos,-82,o_hw,-82,o_i,312,o_up,TRUE,why,NONE
[2026-09-15T13:57:25.610] Cog0  BM-TS,seq,2_803,tid,22,k,424,lt,FALSE,pos,83,hw,83,i,162,ph,2_089,d,13_370,e,54,st,SPIN_UP,flt,FALSE,up,TRUE,ig,0,o_pos,-83,o_hw,-83,o_i,307,o_up,TRUE,why,NONE
[2026-09-15T13:57:25.612] Cog0  BM-TS,seq,2_804,tid,22,k,425,lt,FALSE,pos,84,hw,84,i,182,ph,2_560,d,13_464,e,45,st,SPIN_UP,flt,FALSE,up,TRUE,ig,0,o_pos,-84,o_hw,-84,o_i,360,o_up,TRUE,why,NONE
[2026-09-15T13:57:25.614] Cog0  BM-TS,seq,2_805,tid,22,k,427,lt,FALSE,pos,85,hw,85,i,148,ph,2_295,d,13_623,e,67,st,SPIN_UP,flt,FALSE,up,TRUE,ig,0,o_pos,-85,o_hw,-85,o_i,321,o_up,TRUE,why,NONE
[2026-09-15T13:57:25.616] Cog0  BM-TS,seq,2_806,tid,22,k,428,lt,FALSE,pos,86,hw,86,i,175,ph,2_693,d,13_690,e,55,st,SPIN_UP,flt,FALSE,up,TRUE,ig,0,o_pos,-86,o_hw,-86,o_i,351,o_up,TRUE,why,NONE
[2026-09-15T13:57:25.618] Cog0  BM-TS,seq,2_807,tid,22,k,429,lt,FALSE,pos,87,hw,87,i,176,ph,2_121,d,13_816,e,47,st,SPIN_UP,flt,FALSE,up,TRUE,ig,0,o_pos,-87,o_hw,-87,o_i,350,o_up,TRUE,why,NONE
[2026-09-15T13:57:25.620] Cog0  BM-TS,seq,2_808,tid,22,k,430,lt,FALSE,pos,88,hw,88,i,175,ph,2_576,d,13_943,e,39,st,SPIN_UP,flt,FALSE,up,TRUE,ig,0,o_pos,-88,o_hw,-88,o_i,344,o_up,TRUE,why,NONE
[2026-09-15T13:57:25.622] Cog0  BM-TS,seq,2_809,tid,22,k,432,lt,FALSE,pos,89,hw,89,i,163,ph,2_208,d,14_061,e,63,st,SPIN_UP,flt,FALSE,up,TRUE,ig,0,o_pos,-89,o_hw,-89,o_i,339,o_up,TRUE,why,NONE
[2026-09-15T13:57:25.624] Cog0  BM-TS,seq,2_810,tid,22,k,433,lt,FALSE,pos,90,hw,90,i,177,ph,2_662,d,14_160,e,56,st,SPIN_UP,flt,FALSE,up,TRUE,ig,0,o_pos,-90,o_hw,-90,o_i,351,o_up,TRUE,why,NONE
[2026-09-15T13:57:25.627] Cog0  BM-TS,seq,2_811,tid,22,k,434,lt,FALSE,pos,91,hw,91,i,187,ph,2_115,d,14_220,e,45,st,SPIN_UP,flt,FALSE,up,TRUE,ig,0,o_pos,-91,o_hw,-91,o_i,381,o_up,TRUE,why,NONE
[2026-09-15T13:57:25.629] Cog0  BM-TS,seq,2_812,tid,22,k,435,lt,FALSE,pos,92,hw,92,i,183,ph,2_552,d,14_326,e,38,st,SPIN_UP,flt,FALSE,up,TRUE,ig,0,o_pos,-92,o_hw,-92,o_i,377,o_up,TRUE,why,NONE
[2026-09-15T13:57:25.631] Cog0  BM-TS,seq,2_813,tid,22,k,437,lt,FALSE,pos,93,hw,93,i,176,ph,2_251,d,14_460,e,64,st,SPIN_UP,flt,FALSE,up,TRUE,ig,0,o_pos,-93,o_hw,-93,o_i,386,o_up,TRUE,why,NONE
[2026-09-15T13:57:25.633] Cog0  BM-TS,seq,2_814,tid,22,k,438,lt,FALSE,pos,94,hw,94,i,168,ph,2_660,d,14_504,e,58,st,SPIN_UP,flt,FALSE,up,TRUE,ig,0,o_pos,-94,o_hw,-94,o_i,343,o_up,TRUE,why,NONE
[2026-09-15T13:57:25.635] Cog0  BM-TS,seq,2_815,tid,22,k,439,lt,FALSE,pos,95,hw,95,i,199,ph,2_035,d,14_600,e,53,st,SPIN_UP,flt,FALSE,up,TRUE,ig,0,o_pos,-95,o_hw,-95,o_i,375,o_up,TRUE,why,NONE
[2026-09-15T13:57:25.637] Cog0  BM-TS,seq,2_816,tid,22,k,440,lt,FALSE,pos,96,hw,96,i,196,ph,2_602,d,14_741,e,42,st,SPIN_UP,flt,FALSE,up,TRUE,ig,0,o_pos,-96,o_hw,-96,o_i,410,o_up,TRUE,why,NONE
[2026-09-15T13:57:25.639] Cog0  BM-TS,seq,2_817,tid,22,k,441,lt,FALSE,pos,97,hw,97,i,183,ph,2_236,d,14_854,e,37,st,SPIN_UP,flt,FALSE,up,TRUE,ig,0,o_pos,-97,o_hw,-97,o_i,400,o_up,TRUE,why,NONE
[2026-09-15T13:57:25.641] Cog0  BM-TS,seq,2_818,tid,22,k,443,lt,FALSE,pos,98,hw,98,i,188,ph,2_554,d,14_993,e,65,st,SPIN_UP,flt,FALSE,up,TRUE,ig,0,o_pos,-98,o_hw,-98,o_i,400,o_up,TRUE,why,NONE
[2026-09-15T13:57:25.643] Cog0  BM-TS,seq,2_819,tid,22,k,444,lt,FALSE,pos,99,hw,99,i,177,ph,2_172,d,15_066,e,61,st,SPIN_UP,flt,FALSE,up,TRUE,ig,0,o_pos,-99,o_hw,-99,o_i,384,o_up,TRUE,why,NONE
[2026-09-15T13:57:25.645] Cog0  BM-TS,seq,2_820,tid,22,k,445,lt,FALSE,pos,100,hw,100,i,212,ph,2_768,d,15_166,e,56,st,SPIN_UP,flt,FALSE,up,TRUE,ig,0,o_pos,-100,o_hw,-100,o_i,439,o_up,TRUE,why,NONE
[2026-09-15T13:57:25.647] Cog0  BM-TS,seq,2_821,tid,22,k,446,lt,FALSE,pos,101,hw,101,i,201,ph,2_065,d,15_257,e,47,st,SPIN_UP,flt,FALSE,up,TRUE,ig,0,o_pos,-101,o_hw,-101,o_i,436,o_up,TRUE,why,NONE
[2026-09-15T13:57:25.649] Cog0  BM-TS,seq,2_822,tid,22,k,447,lt,FALSE,pos,102,hw,102,i,197,ph,2_611,d,15_392,e,43,st,SPIN_UP,flt,FALSE,up,TRUE,ig,0,o_pos,-102,o_hw,-102,o_i,437,o_up,TRUE,why,NONE
[2026-09-15T13:57:25.651] Cog0  BM-TS,seq,2_823,tid,22,k,448,lt,FALSE,pos,103,hw,103,i,228,ph,2_274,d,15_519,e,39,st,SPIN_UP,flt,FALSE,up,TRUE,ig,0,o_pos,-103,o_hw,-103,o_i,493,o_up,TRUE,why,NONE
[2026-09-15T13:57:25.653] Cog0  BM-TS,seq,2_824,tid,22,k,450,lt,FALSE,pos,104,hw,104,i,184,ph,2_462,d,15_617,e,70,st,SPIN_UP,flt,FALSE,up,TRUE,ig,0,o_pos,-104,o_hw,-104,o_i,435,o_up,TRUE,why,NONE
[2026-09-15T13:57:25.655] Cog0  BM-TS,seq,2_825,tid,22,k,451,lt,FALSE,pos,105,hw,105,i,205,ph,2_195,d,15_704,e,62,st,SPIN_UP,flt,FALSE,up,TRUE,ig,0,o_pos,-105,o_hw,-105,o_i,476,o_up,TRUE,why,NONE
[2026-09-15T13:57:25.658] Cog0  BM-TS,seq,2_826,tid,22,k,452,lt,FALSE,pos,106,hw,106,i,187,ph,2_642,d,15_787,e,60,st,SPIN_UP,flt,FALSE,up,TRUE,ig,0,o_pos,-106,o_hw,-106,o_i,430,o_up,TRUE,why,NONE
[2026-09-15T13:57:25.659] Cog0  BM-TS,seq,2_827,tid,22,k,453,lt,FALSE,pos,107,hw,107,i,205,ph,2_076,d,15_883,e,57,st,SPIN_UP,flt,FALSE,up,TRUE,ig,0,o_pos,-107,o_hw,-107,o_i,439,o_up,TRUE,why,NONE
[2026-09-15T13:57:25.662] Cog0  BM-TS,seq,2_828,tid,22,k,454,lt,FALSE,pos,108,hw,108,i,246,ph,2_731,d,16_011,e,49,st,SPIN_DN,flt,FALSE,up,TRUE,ig,0,o_pos,-108,o_hw,-108,o_i,489,o_up,TRUE,why,NONE
[2026-09-15T13:57:25.664] Cog0  BM-TS,seq,2_829,tid,22,k,455,lt,FALSE,pos,109,hw,109,i,222,ph,2_056,d,16_112,e,47,st,SPIN_DN,flt,FALSE,up,TRUE,ig,0,o_pos,-109,o_hw,-109,o_i,480,o_up,TRUE,why,NONE
[2026-09-15T13:57:25.666] Cog0  BM-TS,seq,2_830,tid,22,k,456,lt,FALSE,pos,110,hw,110,i,235,ph,2_666,d,16_203,e,44,st,SPIN_DN,flt,FALSE,up,TRUE,ig,0,o_pos,-110,o_hw,-110,o_i,510,o_up,TRUE,why,NONE
[2026-09-15T13:57:25.666] Cog0  BM-TS,seq,2_831,tid,22,k,457,lt,FALSE,pos,111,hw,111,i,269,ph,2_274,d,16_321,e,35,st,SPIN_DN,flt,FALSE,up,TRUE,ig,0,o_pos,-111,o_hw,-111,o_i,580,o_up,TRUE,why,NONE
[2026-09-15T13:57:25.670] Cog0  BM-TS,seq,2_832,tid,22,k,459,lt,FALSE,pos,112,hw,112,i,264,ph,2_418,d,16_440,e,71,st,SPIN_DN,flt,FALSE,up,TRUE,ig,0,o_pos,-112,o_hw,-112,o_i,592,o_up,TRUE,why,NONE
[2026-09-15T13:57:25.672] Cog0  BM-TS,seq,2_833,tid,22,k,460,lt,FALSE,pos,113,hw,113,i,291,ph,2_143,d,16_476,e,63,st,SPIN_DN,flt,FALSE,up,TRUE,ig,0,o_pos,-113,o_hw,-113,o_i,635,o_up,TRUE,why,NONE
[2026-09-15T13:57:25.674] Cog0  BM-TS,seq,2_834,tid,22,k,461,lt,FALSE,pos,114,hw,114,i,299,ph,2_629,d,16_517,e,59,st,SPIN_DN,flt,FALSE,up,TRUE,ig,0,o_pos,-114,o_hw,-114,o_i,609,o_up,TRUE,why,NONE
[2026-09-15T13:57:25.677] Cog0  BM-TS,seq,2_835,tid,22,k,462,lt,FALSE,pos,115,hw,115,i,342,ph,2_015,d,16_529,e,55,st,SPIN_DN,flt,FALSE,up,TRUE,ig,0,o_pos,-115,o_hw,-115,o_i,653,o_up,TRUE,why,NONE
[2026-09-15T13:57:25.678] Cog0  BM-TS,seq,2_836,tid,22,k,463,lt,FALSE,pos,116,hw,116,i,362,ph,2_668,d,16_541,e,46,st,SPIN_DN,flt,FALSE,up,TRUE,ig,0,o_pos,-116,o_hw,-116,o_i,687,o_up,TRUE,why,NONE
[2026-09-15T13:57:25.680] Cog0  BM-TS,seq,2_837,tid,22,k,464,lt,FALSE,pos,117,hw,117,i,363,ph,2_147,d,16_580,e,41,st,SPIN_DN,flt,FALSE,up,TRUE,ig,0,o_pos,-117,o_hw,-117,o_i,682,o_up,TRUE,why,NONE
[2026-09-15T13:57:25.683] Cog0  BM-TS,seq,2_838,tid,22,k,465,lt,FALSE,pos,118,hw,118,i,405,ph,2_516,d,16_623,e,37,st,SPIN_DN,flt,FALSE,up,TRUE,ig,0,o_pos,-118,o_hw,-118,o_i,748,o_up,TRUE,why,NONE
[2026-09-15T13:57:25.685] Cog0  BM-TS,seq,2_839,tid,22,k,467,lt,FALSE,pos,119,hw,119,i,361,ph,2_180,d,16_653,e,65,st,SPIN_DN,flt,FALSE,up,TRUE,ig,0,o_pos,-119,o_hw,-119,o_i,748,o_up,TRUE,why,NONE
[2026-09-15T13:57:25.687] Cog0  BM-TS,seq,2_840,tid,22,k,468,lt,FALSE,pos,120,hw,120,i,415,ph,2_667,d,16_631,e,60,st,SPIN_DN,flt,FALSE,up,TRUE,ig,0,o_pos,-120,o_hw,-120,o_i,828,o_up,TRUE,why,NONE
[2026-09-15T13:57:25.689] Cog0  BM-TS,seq,2_841,tid,22,k,469,lt,FALSE,pos,121,hw,121,i,406,ph,1_963,d,16_644,e,50,st,SPIN_DN,flt,FALSE,up,TRUE,ig,0,o_pos,-121,o_hw,-121,o_i,772,o_up,TRUE,why,NONE
[2026-09-15T13:57:25.691] Cog0  BM-TS,seq,2_842,tid,22,k,470,lt,FALSE,pos,122,hw,122,i,413,ph,2_642,d,16_653,e,44,st,SPIN_DN,flt,FALSE,up,TRUE,ig,0,o_pos,-122,o_hw,-122,o_i,786,o_up,TRUE,why,NONE
[2026-09-15T13:57:25.693] Cog0  BM-TS,seq,2_843,tid,22,k,471,lt,FALSE,pos,123,hw,123,i,476,ph,2_265,d,16_710,e,39,st,SPIN_DN,flt,FALSE,up,TRUE,ig,0,o_pos,-123,o_hw,-123,o_i,898,o_up,TRUE,why,NONE
[2026-09-15T13:57:25.695] Cog0  BM-TS,seq,2_844,tid,22,k,473,lt,FALSE,pos,124,hw,124,i,430,ph,2_506,d,16_771,e,65,st,SPIN_DN,flt,FALSE,up,TRUE,ig,0,o_pos,-124,o_hw,-124,o_i,852,o_up,TRUE,why,NONE
[2026-09-15T13:57:25.697] Cog0  BM-TS,seq,2_845,tid,22,k,474,lt,FALSE,pos,125,hw,125,i,465,ph,1_950,d,16_724,e,54,st,SPIN_DN,flt,FALSE,up,TRUE,ig,0,o_pos,-125,o_hw,-125,o_i,927,o_up,TRUE,why,NONE
[2026-09-15T13:57:25.700] Cog0  BM-TS,seq,2_846,tid,22,k,475,lt,FALSE,pos,126,hw,126,i,462,ph,2_662,d,16_763,e,48,st,SPIN_DN,flt,FALSE,up,TRUE,ig,0,o_pos,-126,o_hw,-126,o_i,879,o_up,TRUE,why,NONE
[2026-09-15T13:57:25.702] Cog0  BM-TS,seq,2_847,tid,22,k,476,lt,FALSE,pos,127,hw,127,i,484,ph,2_092,d,16_779,e,41,st,SPIN_DN,flt,FALSE,up,TRUE,ig,0,o_pos,-127,o_hw,-127,o_i,871,o_up,TRUE,why,NONE
[2026-09-15T13:57:25.704] Cog0  BM-TS,seq,2_848,tid,22,k,477,lt,FALSE,pos,128,hw,128,i,540,ph,2_347,d,16_806,e,34,st,SPIN_DN,flt,FALSE,up,TRUE,ig,0,o_pos,-128,o_hw,-128,o_i,978,o_up,TRUE,why,NONE
[2026-09-15T13:57:25.706] Cog0  BM-TS,seq,2_849,tid,22,k,479,lt,FALSE,pos,129,hw,129,i,496,ph,2_069,d,16_779,e,58,st,SPIN_DN,flt,FALSE,up,TRUE,ig,0,o_pos,-129,o_hw,-129,o_i,965,o_up,TRUE,why,NONE
[2026-09-15T13:57:25.708] Cog0  BM-TS,seq,2_850,tid,22,k,480,lt,FALSE,pos,130,hw,130,i,536,ph,2_671,d,16_766,e,47,st,SPIN_DN,flt,FALSE,up,TRUE,ig,0,o_pos,-130,o_hw,-130,o_i,974,o_up,TRUE,why,NONE
[2026-09-15T13:57:25.710] Cog0  BM-TS,seq,2_851,tid,22,k,481,lt,FALSE,pos,131,hw,131,i,534,ph,2_131,d,16_758,e,39,st,SPIN_DN,flt,FALSE,up,TRUE,ig,0,o_pos,-131,o_hw,-131,o_i,937,o_up,TRUE,why,NONE
[2026-09-15T13:57:25.712] Cog0  BM-TS,seq,2_852,tid,22,k,482,lt,FALSE,pos,132,hw,132,i,556,ph,2_359,d,16_819,e,31,st,SPIN_DN,flt,FALSE,up,TRUE,ig,0,o_pos,-132,o_hw,-132,o_i,989,o_up,TRUE,why,NONE
[2026-09-15T13:57:25.714] Cog0  BM-TS,seq,2_853,tid,22,k,484,lt,FALSE,pos,133,hw,133,i,530,ph,1_956,d,16_734,e,54,st,SPIN_DN,flt,FALSE,up,TRUE,ig,0,o_pos,-133,o_hw,-133,o_i,999,o_up,TRUE,why,NONE
[2026-09-15T13:57:25.716] Cog0  BM-TS,seq,2_854,tid,22,k,485,lt,FALSE,pos,134,hw,134,i,564,ph,2_646,d,16_709,e,46,st,SPIN_DN,flt,FALSE,up,TRUE,ig,0,o_pos,-134,o_hw,-134,o_i,1_008,o_up,TRUE,why,NONE
[2026-09-15T13:57:25.719] Cog0  BM-TS,seq,2_855,tid,22,k,486,lt,FALSE,pos,135,hw,135,i,609,ph,2_263,d,16_734,e,33,st,SPIN_DN,flt,FALSE,up,TRUE,ig,0,o_pos,-135,o_hw,-135,o_i,1_028,o_up,TRUE,why,NONE
[2026-09-15T13:57:25.721] Cog0  BM-TS,seq,2_856,tid,22,k,488,lt,FALSE,pos,136,hw,136,i,573,ph,2_610,d,16_673,e,58,st,SPIN_DN,flt,FALSE,up,TRUE,ig,0,o_pos,-136,o_hw,-136,o_i,1_098,o_up,TRUE,why,NONE
[2026-09-15T13:57:25.723] Cog0  BM-TS,seq,2_857,tid,22,k,489,lt,FALSE,pos,137,hw,137,i,592,ph,2_028,d,16_636,e,45,st,SPIN_DN,flt,FALSE,up,TRUE,ig,0,o_pos,-137,o_hw,-137,o_i,1_056,o_up,TRUE,why,NONE
[2026-09-15T13:57:25.725] Cog0  BM-TS,seq,2_858,tid,22,k,490,lt,FALSE,pos,138,hw,138,i,603,ph,2_430,d,16_649,e,36,st,SPIN_DN,flt,FALSE,up,TRUE,ig,0,o_pos,-138,o_hw,-138,o_i,1_019,o_up,TRUE,why,NONE
[2026-09-15T13:57:25.727] Cog0  BM-TS,seq,2_859,tid,22,k,492,lt,FALSE,pos,139,hw,139,i,599,ph,1_971,d,16_602,e,55,st,SPIN_DN,flt,FALSE,up,TRUE,ig,0,o_pos,-139,o_hw,-139,o_i,1_096,o_up,TRUE,why,NONE
[2026-09-15T13:57:25.729] Cog0  BM-TS,seq,2_860,tid,22,k,493,lt,FALSE,pos,140,hw,140,i,593,ph,2_629,d,16_560,e,46,st,SPIN_DN,flt,FALSE,up,TRUE,ig,0,o_pos,-140,o_hw,-140,o_i,1_057,o_up,TRUE,why,NONE
[2026-09-15T13:57:25.730] Cog0  BM-TS,seq,2_861,tid,22,k,494,lt,FALSE,pos,141,hw,141,i,663,ph,2_210,d,16_566,e,36,st,SPIN_DN,flt,FALSE,up,TRUE,ig,0,o_pos,-141,o_hw,-141,o_i,1_108,o_up,TRUE,why,NONE
[2026-09-15T13:57:25.733] Cog0  BM-TS,seq,2_862,tid,22,k,496,lt,FALSE,pos,142,hw,142,i,602,ph,2_677,d,16_489,e,54,st,SPIN_DN,flt,FALSE,up,TRUE,ig,0,o_pos,-142,o_hw,-142,o_i,1_093,o_up,TRUE,why,NONE
[2026-09-15T13:57:25.736] Cog0  BM-TS,seq,2_863,tid,22,k,497,lt,FALSE,pos,143,hw,143,i,657,ph,2_104,d,16_438,e,44,st,SPIN_DN,flt,FALSE,up,TRUE,ig,0,o_pos,-143,o_hw,-143,o_i,1_117,o_up,TRUE,why,NONE
[2026-09-15T13:57:25.738] Cog0  BM-TS,seq,2_864,tid,22,k,498,lt,FALSE,pos,144,hw,144,i,654,ph,2_295,d,16_456,e,29,st,SPIN_DN,flt,FALSE,up,TRUE,ig,0,o_pos,-144,o_hw,-144,o_i,1_106,o_up,TRUE,why,NONE
[2026-09-15T13:57:25.740] Cog0  BM-TS,seq,2_865,tid,22,k,500,lt,FALSE,pos,145,hw,145,i,656,ph,1_997,d,16_346,e,46,st,SPIN_DN,flt,FALSE,up,TRUE,ig,0,o_pos,-145,o_hw,-145,o_i,1_148,o_up,TRUE,why,NONE
[2026-09-15T13:57:25.742] Cog0  BM-TS,seq,2_866,tid,22,k,501,lt,FALSE,pos,146,hw,146,i,663,ph,2_425,d,16_341,e,35,st,SPIN_DN,flt,FALSE,up,TRUE,ig,0,o_pos,-146,o_hw,-146,o_i,1_099,o_up,TRUE,why,NONE
[2026-09-15T13:57:25.744] Cog0  BM-TS,seq,2_867,tid,22,k,503,lt,FALSE,pos,147,hw,147,i,663,ph,1_945,d,16_264,e,51,st,SPIN_DN,flt,FALSE,up,TRUE,ig,0,o_pos,-147,o_hw,-147,o_i,1_167,o_up,TRUE,why,NONE
[2026-09-15T13:57:25.746] Cog0  BM-TS,seq,2_868,tid,22,k,504,lt,FALSE,pos,148,hw,148,i,652,ph,2_510,d,16_216,e,39,st,SPIN_DN,flt,FALSE,up,TRUE,ig,0,o_pos,-148,o_hw,-148,o_i,1_062,o_up,TRUE,why,NONE
[2026-09-15T13:57:25.749] Cog0  BM-TS,seq,2_869,tid,22,k,505,lt,FALSE,pos,149,hw,149,i,682,ph,2_343,d,16_237,e,27,st,SPIN_DN,flt,FALSE,up,TRUE,ig,0,o_pos,-149,o_hw,-149,o_i,1_145,o_up,TRUE,why,NONE
[2026-09-15T13:57:25.751] Cog0  BM-TS,seq,2_870,tid,22,k,507,lt,FALSE,pos,150,hw,150,i,654,ph,2_517,d,16_107,e,42,st,SPIN_DN,flt,FALSE,up,TRUE,ig,0,o_pos,-150,o_hw,-150,o_i,1_093,o_up,TRUE,why,NONE
[2026-09-15T13:57:25.753] Cog0  BM-TS,seq,2_871,tid,22,k,508,lt,FALSE,pos,151,hw,151,i,702,ph,2_303,d,16_121,e,29,st,SPIN_DN,flt,FALSE,up,TRUE,ig,0,o_pos,-151,o_hw,-151,o_i,1_130,o_up,TRUE,why,NONE
[2026-09-15T13:57:25.755] Cog0  BM-TS,seq,2_872,tid,22,k,510,lt,FALSE,pos,152,hw,152,i,667,ph,2_561,d,15_964,e,43,st,SPIN_DN,flt,FALSE,up,TRUE,ig,0,o_pos,-152,o_hw,-152,o_i,1_122,o_up,TRUE,why,NONE
[2026-09-15T13:57:25.757] Cog0  BM-TS,seq,2_873,tid,22,k,511,lt,FALSE,pos,153,hw,153,i,706,ph,2_317,d,15_959,e,30,st,SPIN_DN,flt,FALSE,up,TRUE,ig,0,o_pos,-153,o_hw,-153,o_i,1_150,o_up,TRUE,why,NONE
[2026-09-15T13:57:25.759] Cog0  BM-TS,seq,2_874,tid,22,k,513,lt,FALSE,pos,154,hw,154,i,654,ph,2_559,d,15_793,e,42,st,SPIN_DN,flt,FALSE,up,TRUE,ig,0,o_pos,-154,o_hw,-154,o_i,1_091,o_up,TRUE,why,NONE
[2026-09-15T13:57:25.762] Cog0  BM-TS,seq,2_875,tid,22,k,514,lt,FALSE,pos,155,hw,155,i,724,ph,2_316,d,15_805,e,29,st,SPIN_DN,flt,FALSE,up,TRUE,ig,0,o_pos,-155,o_hw,-155,o_i,1_163,o_up,TRUE,why,NONE
[2026-09-15T13:57:25.763] Cog0  BM-TS,seq,2_876,tid,22,k,516,lt,FALSE,pos,156,hw,156,i,656,ph,2_491,d,15_644,e,40,st,SPIN_DN,flt,FALSE,up,TRUE,ig,0,o_pos,-156,o_hw,-156,o_i,1_096,o_up,TRUE,why,NONE
[2026-09-15T13:57:25.766] Cog0  BM-TS,seq,2_877,tid,22,k,517,lt,FALSE,pos,157,hw,157,i,735,ph,2_333,d,15_649,e,26,st,SPIN_DN,flt,FALSE,up,TRUE,ig,0,o_pos,-157,o_hw,-157,o_i,1_176,o_up,TRUE,why,NONE
[2026-09-15T13:57:25.768] Cog0  BM-TS,seq,2_878,tid,22,k,519,lt,FALSE,pos,158,hw,158,i,676,ph,2_452,d,15_478,e,36,st,SPIN_DN,flt,FALSE,up,TRUE,ig,0,o_pos,-158,o_hw,-158,o_i,1_081,o_up,TRUE,why,NONE
[2026-09-15T13:57:25.770] Cog0  BM-TS,seq,2_879,tid,22,k,521,lt,FALSE,pos,159,hw,159,i,673,ph,2_038,d,15_353,e,46,st,SPIN_DN,flt,FALSE,up,TRUE,ig,0,o_pos,-159,o_hw,-159,o_i,1_146,o_up,TRUE,why,NONE
[2026-09-15T13:57:25.772] Cog0  BM-TS,seq,2_880,tid,22,k,522,lt,FALSE,pos,160,hw,160,i,696,ph,2_360,d,15_335,e,31,st,SPIN_DN,flt,FALSE,up,TRUE,ig,0,o_pos,-160,o_hw,-160,o_i,1_089,o_up,TRUE,why,NONE
[2026-09-15T13:57:25.774] Cog0  BM-TS,seq,2_881,tid,22,k,524,lt,FALSE,pos,161,hw,161,i,671,ph,2_123,d,15_144,e,40,st,SPIN_DN,flt,FALSE,up,TRUE,ig,0,o_pos,-161,o_hw,-161,o_i,1_088,o_up,TRUE,why,NONE
[2026-09-15T13:57:25.776] Cog0  BM-TS,seq,2_882,tid,22,k,525,lt,FALSE,pos,162,hw,162,i,692,ph,2_221,d,15_145,e,24,st,SPIN_DN,flt,FALSE,up,TRUE,ig,0,o_pos,-162,o_hw,-162,o_i,1_114,o_up,TRUE,why,NONE
[2026-09-15T13:57:25.779] Cog0  BM-TS,seq,2_883,tid,22,k,527,lt,FALSE,pos,163,hw,163,i,684,ph,2_244,d,14_944,e,32,st,SPIN_DN,flt,FALSE,up,TRUE,ig,0,o_pos,-163,o_hw,-163,o_i,1_080,o_up,TRUE,why,NONE
[2026-09-15T13:57:25.781] Cog0  BM-TS,seq,2_884,tid,22,k,529,lt,FALSE,pos,164,hw,164,i,660,ph,2_480,d,14_773,e,39,st,SPIN_DN,flt,FALSE,up,TRUE,ig,0,o_pos,-164,o_hw,-164,o_i,1_106,o_up,TRUE,why,NONE
[2026-09-15T13:57:25.783] Cog0  BM-TS,seq,2_885,tid,22,k,530,lt,FALSE,pos,165,hw,165,i,682,ph,2_440,d,14_775,e,23,st,SPIN_DN,flt,FALSE,up,TRUE,ig,0,o_pos,-165,o_hw,-165,o_i,1_094,o_up,TRUE,why,NONE
[2026-09-15T13:57:25.785] Cog0  BM-TS,seq,2_886,tid,22,k,532,lt,FALSE,pos,166,hw,166,i,681,ph,2_322,d,14_600,e,29,st,SPIN_DN,flt,FALSE,up,TRUE,ig,0,o_pos,-166,o_hw,-166,o_i,1_092,o_up,TRUE,why,NONE
[2026-09-15T13:57:25.787] Cog0  BM-TS,seq,2_887,tid,22,k,534,lt,FALSE,pos,167,hw,167,i,643,ph,2_195,d,14_418,e,37,st,SPIN_DN,flt,FALSE,up,TRUE,ig,0,o_pos,-167,o_hw,-167,o_i,1_084,o_up,TRUE,why,NONE
[2026-09-15T13:57:25.790] Cog0  BM-TS,seq,2_888,tid,22,k,536,lt,FALSE,pos,168,hw,168,i,623,ph,2_508,d,14_257,e,42,st,SPIN_DN,flt,FALSE,up,TRUE,ig,0,o_pos,-168,o_hw,-168,o_i,1_048,o_up,TRUE,why,NONE
[2026-09-15T13:57:25.792] Cog0  BM-TS,seq,2_889,tid,22,k,537,lt,FALSE,pos,169,hw,169,i,672,ph,2_379,d,14_256,e,24,st,SPIN_DN,flt,FALSE,up,TRUE,ig,0,o_pos,-169,o_hw,-169,o_i,1_101,o_up,TRUE,why,NONE
[2026-09-15T13:57:25.794] Cog0  BM-TS,seq,2_890,tid,22,k,539,lt,FALSE,pos,170,hw,170,i,647,ph,2_292,d,14_085,e,27,st,SPIN_DN,flt,FALSE,up,TRUE,ig,0,o_pos,-170,o_hw,-170,o_i,1_054,o_up,TRUE,why,NONE
[2026-09-15T13:57:25.796] Cog0  BM-TS,seq,2_891,tid,22,k,541,lt,FALSE,pos,171,hw,171,i,627,ph,2_312,d,13_894,e,30,st,SPIN_DN,flt,FALSE,up,TRUE,ig,0,o_pos,-171,o_hw,-171,o_i,1_022,o_up,TRUE,why,NONE
[2026-09-15T13:57:25.798] Cog0  BM-TS,seq,2_892,tid,22,k,543,lt,FALSE,pos,172,hw,172,i,625,ph,2_391,d,13_709,e,36,st,SPIN_DN,flt,FALSE,up,TRUE,ig,0,o_pos,-172,o_hw,-172,o_i,1_046,o_up,TRUE,why,NONE
[2026-09-15T13:57:25.800] Cog0  BM-TS,seq,2_893,tid,22,k,545,lt,FALSE,pos,173,hw,173,i,581,ph,2_195,d,13_490,e,37,st,SPIN_DN,flt,FALSE,up,TRUE,ig,0,o_pos,-173,o_hw,-173,o_i,1_011,o_up,TRUE,why,NONE
[2026-09-15T13:57:25.803] Cog0  BM-TS,seq,2_894,tid,22,k,546,lt,FALSE,pos,174,hw,174,i,611,ph,2_071,d,13_475,e,18,st,SPIN_DN,flt,FALSE,up,TRUE,ig,0,o_pos,-173,o_hw,-173,o_i,1_069,o_up,TRUE,why,NONE
[2026-09-15T13:57:25.805] Cog0  BM-TS,seq,2_895,tid,22,k,548,lt,FALSE,pos,175,hw,175,i,598,ph,2_490,d,13_282,e,18,st,SPIN_DN,flt,FALSE,up,TRUE,ig,0,o_pos,-175,o_hw,-175,o_i,1_012,o_up,TRUE,why,NONE
[2026-09-15T13:57:25.807] Cog0  BM-TS,seq,2_896,tid,22,k,550,lt,FALSE,pos,176,hw,176,i,581,ph,2_163,d,13_089,e,18,st,SPIN_DN,flt,FALSE,up,TRUE,ig,0,o_pos,-176,o_hw,-176,o_i,1_017,o_up,TRUE,why,NONE
[2026-09-15T13:57:25.809] Cog0  BM-TS,seq,2_897,tid,22,k,552,lt,FALSE,pos,177,hw,177,i,578,ph,2_514,d,12_926,e,17,st,SPIN_DN,flt,FALSE,up,TRUE,ig,0,o_pos,-177,o_hw,-177,o_i,1_013,o_up,TRUE,why,NONE
[2026-09-15T13:57:25.811] Cog0  BM-TS,seq,2_898,tid,22,k,554,lt,FALSE,pos,178,hw,178,i,564,ph,2_185,d,12_762,e,18,st,SPIN_DN,flt,FALSE,up,TRUE,ig,0,o_pos,-178,o_hw,-178,o_i,974,o_up,TRUE,why,NONE
[2026-09-15T13:57:25.813] Cog0  BM-TS,seq,2_899,tid,22,k,556,lt,FALSE,pos,179,hw,179,i,544,ph,2_546,d,12_572,e,16,st,SPIN_DN,flt,FALSE,up,TRUE,ig,0,o_pos,-179,o_hw,-179,o_i,978,o_up,TRUE,why,NONE
[2026-09-15T13:57:25.816] Cog0  BM-TS,seq,2_900,tid,22,k,559,lt,FALSE,pos,180,hw,180,i,502,ph,2_395,d,12_228,e,34,st,SPIN_DN,flt,FALSE,up,TRUE,ig,0,o_pos,-180,o_hw,-180,o_i,905,o_up,TRUE,why,NONE
[2026-09-15T13:57:25.818] Cog0  BM-TS,seq,2_901,tid,22,k,561,lt,FALSE,pos,181,hw,181,i,504,ph,2_305,d,12_032,e,30,st,SPIN_DN,flt,FALSE,up,TRUE,ig,0,o_pos,-181,o_hw,-181,o_i,884,o_up,TRUE,why,NONE
[2026-09-15T13:57:25.820] Cog0  BM-TS,seq,2_902,tid,22,k,563,lt,FALSE,pos,182,hw,182,i,501,ph,2_326,d,11_826,e,28,st,SPIN_DN,flt,FALSE,up,TRUE,ig,0,o_pos,-182,o_hw,-182,o_i,904,o_up,TRUE,why,NONE
[2026-09-15T13:57:25.821] Cog0  BM-TS,seq,2_903,tid,22,k,565,lt,FALSE,pos,183,hw,183,i,479,ph,2_427,d,11_645,e,23,st,SPIN_DN,flt,FALSE,up,TRUE,ig,0,o_pos,-183,o_hw,-183,o_i,866,o_up,TRUE,why,NONE
[2026-09-15T13:57:25.824] Cog0  BM-TS,seq,2_904,tid,22,k,567,lt,FALSE,pos,184,hw,184,i,474,ph,2_194,d,11_453,e,17,st,SPIN_DN,flt,FALSE,up,TRUE,ig,0,o_pos,-184,o_hw,-184,o_i,867,o_up,TRUE,why,NONE
[2026-09-15T13:57:25.827] Cog0  BM-TS,seq,2_905,tid,22,k,570,lt,FALSE,pos,185,hw,185,i,435,ph,2_344,d,11_090,e,29,st,SPIN_DN,flt,FALSE,up,TRUE,ig,0,o_pos,-185,o_hw,-185,o_i,814,o_up,TRUE,why,NONE
[2026-09-15T13:57:25.829] Cog0  BM-TS,seq,2_906,tid,22,k,572,lt,FALSE,pos,186,hw,186,i,434,ph,2_244,d,10_927,e,23,st,SPIN_DN,flt,FALSE,up,TRUE,ig,0,o_pos,-186,o_hw,-186,o_i,806,o_up,TRUE,why,NONE
[2026-09-15T13:57:25.831] Cog0  BM-TS,seq,2_907,tid,22,k,575,lt,FALSE,pos,187,hw,187,i,397,ph,2_317,d,10_581,e,31,st,SPIN_DN,flt,FALSE,up,TRUE,ig,0,o_pos,-187,o_hw,-187,o_i,766,o_up,TRUE,why,NONE
[2026-09-15T13:57:25.833] Cog0  BM-TS,seq,2_908,tid,22,k,577,lt,FALSE,pos,188,hw,188,i,400,ph,2_305,d,10_420,e,24,st,SPIN_DN,flt,FALSE,up,TRUE,ig,0,o_pos,-188,o_hw,-188,o_i,744,o_up,TRUE,why,NONE
[2026-09-15T13:57:25.835] Cog0  BM-TS,seq,2_909,tid,22,k,580,lt,FALSE,pos,189,hw,189,i,360,ph,2_350,d,10_052,e,31,st,SPIN_DN,flt,FALSE,up,TRUE,ig,0,o_pos,-189,o_hw,-189,o_i,712,o_up,TRUE,why,NONE
[2026-09-15T13:57:25.838] Cog0  BM-TS,seq,2_910,tid,22,k,582,lt,FALSE,pos,190,hw,190,i,361,ph,2_264,d,9_876,e,19,st,SPIN_DN,flt,FALSE,up,TRUE,ig,0,o_pos,-190,o_hw,-190,o_i,703,o_up,TRUE,why,NONE
[2026-09-15T13:57:25.840] Cog0  BM-TS,seq,2_911,tid,22,k,585,lt,FALSE,pos,191,hw,191,i,324,ph,2_411,d,9_507,e,24,st,SPIN_DN,flt,FALSE,up,TRUE,ig,0,o_pos,-191,o_hw,-191,o_i,666,o_up,TRUE,why,NONE
[2026-09-15T13:57:25.842] Cog0  BM-TS,seq,2_912,tid,22,k,588,lt,FALSE,pos,192,hw,192,i,300,ph,2_343,d,9_181,e,27,st,SPIN_DN,flt,FALSE,up,TRUE,ig,0,o_pos,-192,o_hw,-192,o_i,633,o_up,TRUE,why,NONE
[2026-09-15T13:57:25.844] Cog0  BM-TS,seq,2_913,tid,22,k,591,lt,FALSE,pos,193,hw,193,i,283,ph,2_366,d,8_839,e,28,st,SPIN_DN,flt,FALSE,up,TRUE,ig,0,o_pos,-193,o_hw,-193,o_i,598,o_up,TRUE,why,NONE
[2026-09-15T13:57:25.846] Cog0  BM-TS,seq,2_914,tid,22,k,593,lt,FALSE,pos,194,hw,194,i,276,ph,2_187,d,8_648,e,13,st,SPIN_DN,flt,FALSE,up,TRUE,ig,0,o_pos,-194,o_hw,-194,o_i,592,o_up,TRUE,why,NONE
[2026-09-15T13:57:25.847] Cog0  BM-TS,seq,2_915,tid,22,k,597,lt,FALSE,pos,195,hw,195,i,238,ph,2_398,d,8_147,e,26,st,SPIN_DN,flt,FALSE,up,TRUE,ig,0,o_pos,-195,o_hw,-195,o_i,536,o_up,TRUE,why,NONE
[2026-09-15T13:57:25.851] Cog0  BM-TS,seq,2_916,tid,22,k,600,lt,FALSE,pos,196,hw,196,i,220,ph,2_333,d,7_813,e,22,st,SPIN_DN,flt,FALSE,up,TRUE,ig,0,o_pos,-196,o_hw,-196,o_i,504,o_up,TRUE,why,NONE
[2026-09-15T13:57:25.853] Cog0  BM-TS,seq,2_917,tid,22,k,603,lt,FALSE,pos,197,hw,197,i,205,ph,2_489,d,7_494,e,17,st,SPIN_DN,flt,FALSE,up,TRUE,ig,0,o_pos,-197,o_hw,-197,o_i,486,o_up,TRUE,why,NONE
[2026-09-15T13:57:25.855] Cog0  BM-TS,seq,2_918,tid,22,k,607,lt,FALSE,pos,198,hw,198,i,179,ph,2_319,d,7_023,e,21,st,SPIN_DN,flt,FALSE,up,TRUE,ig,0,o_pos,-198,o_hw,-198,o_i,438,o_up,TRUE,why,NONE
[2026-09-15T13:57:25.858] Cog0  BM-TS,seq,2_919,tid,22,k,610,lt,FALSE,pos,199,hw,199,i,158,ph,2_527,d,6_713,e,12,st,SPIN_DN,flt,FALSE,up,TRUE,ig,0,o_pos,-199,o_hw,-199,o_i,409,o_up,TRUE,why,NONE
[2026-09-15T13:57:25.860] Cog0  BM-TS,seq,2_920,tid,22,k,615,lt,FALSE,pos,200,hw,200,i,138,ph,2_358,d,6_076,e,23,st,SPIN_DN,flt,FALSE,up,TRUE,ig,0,o_pos,-200,o_hw,-200,o_i,352,o_up,TRUE,why,NONE
[2026-09-15T13:57:25.862] Cog0  BM-TS,seq,2_921,tid,22,k,619,lt,FALSE,pos,201,hw,201,i,117,ph,2_460,d,5_658,e,19,st,SPIN_DN,flt,FALSE,up,TRUE,ig,0,o_pos,-201,o_hw,-201,o_i,311,o_up,TRUE,why,NONE
[2026-09-15T13:57:25.865] Cog0  BM-TS,seq,2_922,tid,22,k,623,lt,FALSE,pos,202,hw,202,i,100,ph,2_308,d,5_233,e,13,st,SPIN_DN,flt,FALSE,up,TRUE,ig,0,o_pos,-202,o_hw,-202,o_i,276,o_up,TRUE,why,NONE
[2026-09-15T13:57:25.866] Cog0  BM-TS,seq,2_923,tid,22,k,625,lt,FALSE,pos,202,hw,202,i,82,ph,2_432,d,4_882,e,30,st,SPIN_DN,flt,FALSE,up,TRUE,ig,0,o_pos,-202,o_hw,-202,o_i,244,o_up,TRUE,why,NONE
[2026-09-15T13:57:25.869] Cog0  BM-TS,seq,2_924,tid,22,k,628,lt,FALSE,pos,203,hw,203,i,81,ph,2_511,d,4_639,e,12,st,SPIN_DN,flt,FALSE,up,TRUE,ig,0,o_pos,-203,o_hw,-203,o_i,232,o_up,TRUE,why,NONE
[2026-09-15T13:57:25.872] Cog0  BM-TS,seq,2_925,tid,22,k,635,lt,FALSE,pos,204,hw,204,i,51,ph,2_373,d,3_864,e,21,st,SPIN_DN,flt,FALSE,up,TRUE,ig,0,o_pos,-204,o_hw,-204,o_i,171,o_up,TRUE,why,NONE
[2026-09-15T13:57:25.874] Cog0  BM-TS,seq,2_926,tid,22,k,641,lt,FALSE,pos,205,hw,205,i,36,ph,2_469,d,3_274,e,15,st,SPIN_DN,flt,FALSE,up,TRUE,ig,0,o_pos,-205,o_hw,-204,o_i,127,o_up,TRUE,why,NONE
[2026-09-15T13:57:25.877] Cog0  BM-TS,seq,2_927,tid,22,k,650,lt,FALSE,pos,206,hw,206,i,20,ph,2_389,d,2_278,e,15,st,SPIN_DN,flt,FALSE,up,TRUE,ig,0,o_pos,-206,o_hw,-205,o_i,68,o_up,TRUE,why,NONE
[2026-09-15T13:57:25.880] Cog0  BM-TS,seq,2_928,tid,22,k,666,lt,FALSE,pos,207,hw,207,i,15,ph,2_449,d,1_600,e,15,st,SPIN_DN,flt,FALSE,up,TRUE,ig,0,o_pos,-207,o_hw,-206,o_i,8,o_up,TRUE,why,NONE
[2026-09-15T13:57:25.882] Cog0  BM-TS,seq,2_929,tid,22,k,674,lt,FALSE,pos,207,hw,207,i,9,ph,22,d,1_600,e,20,st,STOPPED,flt,FALSE,up,TRUE,ig,0,o_pos,-207,o_hw,-206,o_i,0,o_up,TRUE,why,NONE
[2026-09-15T13:57:25.885] Cog0  BM-TS,seq,2_930,tid,22,k,675,lt,FALSE,pos,207,hw,207,i,8,ph,19,d,1_600,e,20,st,STOPPED,flt,FALSE,up,TRUE,ig,0,o_pos,-207,o_hw,-206,o_i,0,o_up,TRUE,why,NONE
[2026-09-15T13:57:25.889] Cog0  BM-TS,seq,2_931,tid,22,k,700,lt,FALSE,pos,207,hw,207,i,9,ph,22,d,1_600,e,20,st,STOPPED,flt,FALSE,up,TRUE,ig,0,o_pos,-207,o_hw,-206,o_i,0,o_up,TRUE,why,NONE
[2026-09-15T13:57:25.893] Cog0  BM-TS,seq,2_932,tid,22,k,725,lt,FALSE,pos,207,hw,207,i,8,ph,19,d,1_600,e,20,st,STOPPED,flt,FALSE,up,TRUE,ig,0,o_pos,-207,o_hw,-206,o_i,0,o_up,TRUE,why,NONE
[2026-09-15T13:57:25.896] Cog0  BM-TS,seq,2_933,tid,22,k,750,lt,FALSE,pos,207,hw,207,i,11,ph,18,d,1_600,e,20,st,STOPPED,flt,FALSE,up,TRUE,ig,0,o_pos,-207,o_hw,-206,o_i,0,o_up,TRUE,why,NONE
[2026-09-15T13:57:25.900] Cog0  BM-TS,seq,2_934,tid,22,k,775,lt,FALSE,pos,207,hw,207,i,11,ph,21,d,1_600,e,20,st,STOPPED,flt,FALSE,up,TRUE,ig,0,o_pos,-207,o_hw,-206,o_i,1,o_up,TRUE,why,NONE
[2026-09-15T13:57:25.901] Cog0  BM-TS,seq,2_935,tid,22,k,799,lt,FALSE,pos,207,hw,207,i,9,ph,19,d,1_600,e,20,st,STOPPED,flt,FALSE,up,TRUE,ig,0,o_pos,-207,o_hw,-206,o_i,-1,o_up,TRUE,why,NONE
[2026-09-15T13:57:25.912] Cog0  BM-TRACE-END,seq,2_936,tid,22,stored,800,emitted,327,ksum,105_035,mark_k,1,late,0,skipped,0,lost_head,0,dropped,0,end,REST,rest_k,1,ig_sum,0,o_ig_sum,0,hw_skip,0,stride,1,why,NONE
[2026-09-15T13:57:25.928] Cog0  BM-OVERSHOOT,seq,2_937,tid,22,sid,7,motor,BOTH,power,75,dist_ft,2,tgt,105,l_stop,108,r_stop,-108,l_rest,207,r_rest,-207,l_trk,207,r_trk,207,t_stop,1_812,l_ig,0,r_ig,0,why,NONE
[2026-09-15T13:57:29.435] Cog0  BM-ABORT,seq,2_938,seg,OVERSHT,tid,23,motor,BOTH,incre,0,reason,ABS_CURRENT,value,1_646,scope,TRIAL,why,NONE
[2026-09-15T13:57:29.451] Cog0  BM-STRACE,seq,2_939,tid,23,seg,OVERSHT,life,7,motor,BOTH,cause,DISTANCE,l_pwr,75,r_pwr,75,dir,0,req_mode,FLOAT,period_us,2_000,decim,2,pre,50,why,NONE
[2026-09-15T13:57:29.701] Cog0  BM-TS,seq,2_940,tid,23,k,0,lt,FALSE,pos,0,hw,0,i,8,ph,19,d,1_600,e,20,st,STOPPED,flt,FALSE,up,TRUE,ig,0,o_pos,0,o_hw,0,o_i,0,o_up,TRUE,why,NONE
[2026-09-15T13:57:29.702] Cog0  BM-TS,seq,2_941,tid,23,k,1,lt,FALSE,pos,0,hw,0,i,9,ph,23,d,1_600,e,20,st,STOPPED,flt,FALSE,up,TRUE,ig,0,o_pos,0,o_hw,0,o_i,-1,o_up,TRUE,why,NONE
[2026-09-15T13:57:29.704] Cog0  BM-TS,seq,2_942,tid,23,k,2,lt,FALSE,pos,0,hw,0,i,8,ph,19,d,1_600,e,20,st,STOPPED,flt,FALSE,up,TRUE,ig,0,o_pos,0,o_hw,0,o_i,-1,o_up,TRUE,why,NONE
[2026-09-15T13:57:29.706] Cog0  BM-TS,seq,2_943,tid,23,k,3,lt,FALSE,pos,0,hw,0,i,10,ph,23,d,1_600,e,20,st,STOPPED,flt,FALSE,up,TRUE,ig,0,o_pos,0,o_hw,0,o_i,0,o_up,TRUE,why,NONE
[2026-09-15T13:57:29.708] Cog0  BM-TS,seq,2_944,tid,23,k,4,lt,FALSE,pos,0,hw,0,i,8,ph,21,d,1_600,e,20,st,STOPPED,flt,FALSE,up,TRUE,ig,0,o_pos,0,o_hw,0,o_i,0,o_up,TRUE,why,NONE
[2026-09-15T13:57:29.709] Cog0  BM-TS,seq,2_945,tid,23,k,5,lt,FALSE,pos,0,hw,0,i,10,ph,19,d,1_600,e,20,st,STOPPED,flt,FALSE,up,TRUE,ig,0,o_pos,0,o_hw,0,o_i,0,o_up,TRUE,why,NONE
[2026-09-15T13:57:29.712] Cog0  BM-TS,seq,2_946,tid,23,k,6,lt,FALSE,pos,0,hw,0,i,8,ph,20,d,1_600,e,20,st,STOPPED,flt,FALSE,up,TRUE,ig,0,o_pos,0,o_hw,0,o_i,0,o_up,TRUE,why,NONE
[2026-09-15T13:57:29.713] Cog0  BM-TS,seq,2_947,tid,23,k,7,lt,FALSE,pos,0,hw,0,i,8,ph,18,d,1_600,e,20,st,STOPPED,flt,FALSE,up,TRUE,ig,0,o_pos,0,o_hw,0,o_i,0,o_up,TRUE,why,NONE
[2026-09-15T13:57:29.714] Cog0  BM-TS,seq,2_948,tid,23,k,8,lt,FALSE,pos,0,hw,0,i,9,ph,21,d,1_600,e,20,st,STOPPED,flt,FALSE,up,TRUE,ig,0,o_pos,0,o_hw,0,o_i,-1,o_up,TRUE,why,NONE
[2026-09-15T13:57:29.717] Cog0  BM-TS,seq,2_949,tid,23,k,9,lt,FALSE,pos,0,hw,0,i,8,ph,18,d,1_600,e,20,st,STOPPED,flt,FALSE,up,TRUE,ig,0,o_pos,0,o_hw,0,o_i,0,o_up,TRUE,why,NONE
[2026-09-15T13:57:29.719] Cog0  BM-TS,seq,2_950,tid,23,k,10,lt,FALSE,pos,0,hw,0,i,10,ph,20,d,1_600,e,20,st,STOPPED,flt,FALSE,up,TRUE,ig,0,o_pos,0,o_hw,0,o_i,0,o_up,TRUE,why,NONE
[2026-09-15T13:57:29.721] Cog0  BM-TS,seq,2_951,tid,23,k,11,lt,FALSE,pos,0,hw,0,i,9,ph,19,d,1_600,e,20,st,STOPPED,flt,FALSE,up,TRUE,ig,0,o_pos,0,o_hw,0,o_i,-1,o_up,TRUE,why,NONE
[2026-09-15T13:57:29.722] Cog0  BM-TS,seq,2_952,tid,23,k,12,lt,FALSE,pos,0,hw,0,i,9,ph,15,d,1_600,e,20,st,STOPPED,flt,FALSE,up,TRUE,ig,0,o_pos,0,o_hw,0,o_i,0,o_up,TRUE,why,NONE
[2026-09-15T13:57:29.724] Cog0  BM-TS,seq,2_953,tid,23,k,13,lt,FALSE,pos,0,hw,0,i,10,ph,21,d,1_600,e,20,st,STOPPED,flt,FALSE,up,TRUE,ig,0,o_pos,0,o_hw,0,o_i,0,o_up,TRUE,why,NONE
[2026-09-15T13:57:29.726] Cog0  BM-TS,seq,2_954,tid,23,k,14,lt,FALSE,pos,0,hw,0,i,8,ph,20,d,1_600,e,20,st,STOPPED,flt,FALSE,up,TRUE,ig,0,o_pos,0,o_hw,0,o_i,-1,o_up,TRUE,why,NONE
[2026-09-15T13:57:29.728] Cog0  BM-TS,seq,2_955,tid,23,k,15,lt,FALSE,pos,0,hw,0,i,8,ph,12,d,1_600,e,20,st,STOPPED,flt,FALSE,up,TRUE,ig,0,o_pos,0,o_hw,0,o_i,-1,o_up,TRUE,why,NONE
[2026-09-15T13:57:29.730] Cog0  BM-TS,seq,2_956,tid,23,k,16,lt,FALSE,pos,0,hw,0,i,11,ph,20,d,1_600,e,20,st,STOPPED,flt,FALSE,up,TRUE,ig,0,o_pos,0,o_hw,0,o_i,0,o_up,TRUE,why,NONE
[2026-09-15T13:57:29.732] Cog0  BM-TS,seq,2_957,tid,23,k,17,lt,FALSE,pos,0,hw,0,i,9,ph,18,d,1_600,e,20,st,STOPPED,flt,FALSE,up,TRUE,ig,0,o_pos,0,o_hw,0,o_i,0,o_up,TRUE,why,NONE
[2026-09-15T13:57:29.733] Cog0  BM-TS,seq,2_958,tid,23,k,18,lt,FALSE,pos,0,hw,0,i,9,ph,18,d,1_600,e,20,st,STOPPED,flt,FALSE,up,TRUE,ig,0,o_pos,0,o_hw,0,o_i,0,o_up,TRUE,why,NONE
[2026-09-15T13:57:29.735] Cog0  BM-TS,seq,2_959,tid,23,k,19,lt,FALSE,pos,0,hw,0,i,8,ph,17,d,1_600,e,20,st,STOPPED,flt,FALSE,up,TRUE,ig,0,o_pos,0,o_hw,0,o_i,0,o_up,TRUE,why,NONE
[2026-09-15T13:57:29.737] Cog0  BM-TS,seq,2_960,tid,23,k,20,lt,FALSE,pos,0,hw,0,i,10,ph,19,d,1_600,e,20,st,STOPPED,flt,FALSE,up,TRUE,ig,0,o_pos,0,o_hw,0,o_i,0,o_up,TRUE,why,NONE
[2026-09-15T13:57:29.739] Cog0  BM-TS,seq,2_961,tid,23,k,21,lt,FALSE,pos,0,hw,0,i,8,ph,18,d,1_600,e,20,st,STOPPED,flt,FALSE,up,TRUE,ig,0,o_pos,0,o_hw,0,o_i,-1,o_up,TRUE,why,NONE
[2026-09-15T13:57:29.741] Cog0  BM-TS,seq,2_962,tid,23,k,22,lt,FALSE,pos,0,hw,0,i,9,ph,21,d,1_600,e,20,st,STOPPED,flt,FALSE,up,TRUE,ig,0,o_pos,0,o_hw,0,o_i,0,o_up,TRUE,why,NONE
[2026-09-15T13:57:29.742] Cog0  BM-TS,seq,2_963,tid,23,k,23,lt,FALSE,pos,0,hw,0,i,10,ph,20,d,1_600,e,20,st,STOPPED,flt,FALSE,up,TRUE,ig,0,o_pos,0,o_hw,0,o_i,0,o_up,TRUE,why,NONE
[2026-09-15T13:57:29.744] Cog0  BM-TS,seq,2_964,tid,23,k,24,lt,FALSE,pos,0,hw,0,i,11,ph,19,d,1_600,e,20,st,STOPPED,flt,FALSE,up,TRUE,ig,0,o_pos,0,o_hw,0,o_i,0,o_up,TRUE,why,NONE
[2026-09-15T13:57:29.746] Cog0  BM-TS,seq,2_965,tid,23,k,25,lt,FALSE,pos,0,hw,0,i,10,ph,21,d,1_600,e,20,st,STOPPED,flt,FALSE,up,TRUE,ig,0,o_pos,0,o_hw,0,o_i,-1,o_up,TRUE,why,NONE
[2026-09-15T13:57:29.748] Cog0  BM-TS,seq,2_966,tid,23,k,26,lt,FALSE,pos,0,hw,0,i,10,ph,21,d,1_600,e,20,st,STOPPED,flt,FALSE,up,TRUE,ig,0,o_pos,0,o_hw,0,o_i,0,o_up,TRUE,why,NONE
[2026-09-15T13:57:29.750] Cog0  BM-TS,seq,2_967,tid,23,k,27,lt,FALSE,pos,0,hw,0,i,11,ph,18,d,1_600,e,20,st,STOPPED,flt,FALSE,up,TRUE,ig,0,o_pos,0,o_hw,0,o_i,-1,o_up,TRUE,why,NONE
[2026-09-15T13:57:29.752] Cog0  BM-TS,seq,2_968,tid,23,k,28,lt,FALSE,pos,0,hw,0,i,8,ph,16,d,1_600,e,20,st,STOPPED,flt,FALSE,up,TRUE,ig,0,o_pos,0,o_hw,0,o_i,0,o_up,TRUE,why,NONE
[2026-09-15T13:57:29.754] Cog0  BM-TS,seq,2_969,tid,23,k,29,lt,FALSE,pos,0,hw,0,i,9,ph,15,d,1_600,e,20,st,STOPPED,flt,FALSE,up,TRUE,ig,0,o_pos,0,o_hw,0,o_i,0,o_up,TRUE,why,NONE
[2026-09-15T13:57:29.756] Cog0  BM-TS,seq,2_970,tid,23,k,30,lt,FALSE,pos,0,hw,0,i,8,ph,22,d,1_600,e,20,st,STOPPED,flt,FALSE,up,TRUE,ig,0,o_pos,0,o_hw,0,o_i,0,o_up,TRUE,why,NONE
[2026-09-15T13:57:29.757] Cog0  BM-TS,seq,2_971,tid,23,k,31,lt,FALSE,pos,0,hw,0,i,9,ph,18,d,1_600,e,20,st,STOPPED,flt,FALSE,up,TRUE,ig,0,o_pos,0,o_hw,0,o_i,-2,o_up,TRUE,why,NONE
[2026-09-15T13:57:29.759] Cog0  BM-TS,seq,2_972,tid,23,k,32,lt,FALSE,pos,0,hw,0,i,9,ph,18,d,1_600,e,20,st,STOPPED,flt,FALSE,up,TRUE,ig,0,o_pos,0,o_hw,0,o_i,-1,o_up,TRUE,why,NONE
[2026-09-15T13:57:29.761] Cog0  BM-TS,seq,2_973,tid,23,k,33,lt,FALSE,pos,0,hw,0,i,8,ph,21,d,1_600,e,20,st,STOPPED,flt,FALSE,up,TRUE,ig,0,o_pos,0,o_hw,0,o_i,0,o_up,TRUE,why,NONE
[2026-09-15T13:57:29.763] Cog0  BM-TS,seq,2_974,tid,23,k,34,lt,FALSE,pos,0,hw,0,i,9,ph,16,d,1_600,e,20,st,STOPPED,flt,FALSE,up,TRUE,ig,0,o_pos,0,o_hw,0,o_i,-1,o_up,TRUE,why,NONE
[2026-09-15T13:57:29.765] Cog0  BM-TS,seq,2_975,tid,23,k,35,lt,FALSE,pos,0,hw,0,i,12,ph,20,d,1_600,e,20,st,STOPPED,flt,FALSE,up,TRUE,ig,0,o_pos,0,o_hw,0,o_i,0,o_up,TRUE,why,NONE
[2026-09-15T13:57:29.766] Cog0  BM-TS,seq,2_976,tid,23,k,36,lt,FALSE,pos,0,hw,0,i,11,ph,23,d,1_600,e,20,st,STOPPED,flt,FALSE,up,TRUE,ig,0,o_pos,0,o_hw,0,o_i,1,o_up,TRUE,why,NONE
[2026-09-15T13:57:29.768] Cog0  BM-TS,seq,2_977,tid,23,k,37,lt,FALSE,pos,0,hw,0,i,9,ph,22,d,1_600,e,20,st,STOPPED,flt,FALSE,up,TRUE,ig,0,o_pos,0,o_hw,0,o_i,0,o_up,TRUE,why,NONE
[2026-09-15T13:57:29.770] Cog0  BM-TS,seq,2_978,tid,23,k,38,lt,FALSE,pos,0,hw,0,i,8,ph,14,d,1_600,e,20,st,STOPPED,flt,FALSE,up,TRUE,ig,0,o_pos,0,o_hw,0,o_i,-2,o_up,TRUE,why,NONE
[2026-09-15T13:57:29.772] Cog0  BM-TS,seq,2_979,tid,23,k,39,lt,FALSE,pos,0,hw,0,i,10,ph,19,d,1_600,e,20,st,STOPPED,flt,FALSE,up,TRUE,ig,0,o_pos,0,o_hw,0,o_i,0,o_up,TRUE,why,NONE
[2026-09-15T13:57:29.774] Cog0  BM-TS,seq,2_980,tid,23,k,40,lt,FALSE,pos,0,hw,0,i,11,ph,17,d,1_600,e,20,st,STOPPED,flt,FALSE,up,TRUE,ig,0,o_pos,0,o_hw,0,o_i,0,o_up,TRUE,why,NONE
[2026-09-15T13:57:29.776] Cog0  BM-TS,seq,2_981,tid,23,k,41,lt,FALSE,pos,0,hw,0,i,8,ph,16,d,1_600,e,20,st,STOPPED,flt,FALSE,up,TRUE,ig,0,o_pos,0,o_hw,0,o_i,0,o_up,TRUE,why,NONE
[2026-09-15T13:57:29.777] Cog0  BM-TS,seq,2_982,tid,23,k,42,lt,FALSE,pos,0,hw,0,i,9,ph,19,d,1_600,e,20,st,STOPPED,flt,FALSE,up,TRUE,ig,0,o_pos,0,o_hw,0,o_i,0,o_up,TRUE,why,NONE
[2026-09-15T13:57:29.780] Cog0  BM-TS,seq,2_983,tid,23,k,43,lt,FALSE,pos,0,hw,0,i,10,ph,21,d,1_600,e,20,st,STOPPED,flt,FALSE,up,TRUE,ig,0,o_pos,0,o_hw,0,o_i,0,o_up,TRUE,why,NONE
[2026-09-15T13:57:29.781] Cog0  BM-TS,seq,2_984,tid,23,k,44,lt,FALSE,pos,0,hw,0,i,8,ph,12,d,1_600,e,20,st,STOPPED,flt,FALSE,up,TRUE,ig,0,o_pos,0,o_hw,0,o_i,-2,o_up,TRUE,why,NONE
[2026-09-15T13:57:29.783] Cog0  BM-TS,seq,2_985,tid,23,k,45,lt,FALSE,pos,0,hw,0,i,8,ph,17,d,1_600,e,20,st,STOPPED,flt,FALSE,up,TRUE,ig,0,o_pos,0,o_hw,0,o_i,-1,o_up,TRUE,why,NONE
[2026-09-15T13:57:29.785] Cog0  BM-TS,seq,2_986,tid,23,k,46,lt,FALSE,pos,0,hw,0,i,10,ph,20,d,1_600,e,20,st,STOPPED,flt,FALSE,up,TRUE,ig,0,o_pos,0,o_hw,0,o_i,-1,o_up,TRUE,why,NONE
[2026-09-15T13:57:29.787] Cog0  BM-TS,seq,2_987,tid,23,k,47,lt,FALSE,pos,0,hw,0,i,9,ph,17,d,1_600,e,20,st,STOPPED,flt,FALSE,up,TRUE,ig,0,o_pos,0,o_hw,0,o_i,-1,o_up,TRUE,why,NONE
[2026-09-15T13:57:29.789] Cog0  BM-TS,seq,2_988,tid,23,k,48,lt,FALSE,pos,0,hw,0,i,10,ph,20,d,1_600,e,20,st,STOPPED,flt,FALSE,up,TRUE,ig,0,o_pos,0,o_hw,0,o_i,0,o_up,TRUE,why,NONE
[2026-09-15T13:57:29.789] Cog0  BM-TS,seq,2_989,tid,23,k,49,lt,FALSE,pos,0,hw,0,i,9,ph,17,d,1_600,e,20,st,STOPPED,flt,FALSE,up,TRUE,ig,0,o_pos,0,o_hw,0,o_i,-2,o_up,TRUE,why,NONE
[2026-09-15T13:57:29.792] Cog0  BM-TS,seq,2_990,tid,23,k,50,lt,FALSE,pos,0,hw,0,i,10,ph,17,d,1_600,e,20,st,STOPPED,flt,FALSE,up,TRUE,ig,0,o_pos,0,o_hw,0,o_i,-1,o_up,TRUE,why,NONE
[2026-09-15T13:57:29.794] Cog0  BM-TS,seq,2_991,tid,23,k,51,lt,FALSE,pos,0,hw,0,i,9,ph,21,d,1_600,e,20,st,STOPPED,flt,FALSE,up,TRUE,ig,0,o_pos,0,o_hw,0,o_i,0,o_up,TRUE,why,NONE
[2026-09-15T13:57:29.796] Cog0  BM-TS,seq,2_992,tid,23,k,52,lt,FALSE,pos,0,hw,0,i,11,ph,17,d,1_600,e,20,st,STOPPED,flt,FALSE,up,TRUE,ig,0,o_pos,0,o_hw,0,o_i,0,o_up,TRUE,why,NONE
[2026-09-15T13:57:29.798] Cog0  BM-TS,seq,2_993,tid,23,k,53,lt,FALSE,pos,0,hw,0,i,8,ph,20,d,1_600,e,20,st,STOPPED,flt,FALSE,up,TRUE,ig,0,o_pos,0,o_hw,0,o_i,2,o_up,TRUE,why,NONE
[2026-09-15T13:57:29.800] Cog0  BM-TS,seq,2_994,tid,23,k,54,lt,FALSE,pos,0,hw,0,i,10,ph,22,d,1_600,e,20,st,STOPPED,flt,FALSE,up,TRUE,ig,0,o_pos,0,o_hw,0,o_i,0,o_up,TRUE,why,NONE
[2026-09-15T13:57:29.801] Cog0  BM-TS,seq,2_995,tid,23,k,55,lt,FALSE,pos,0,hw,0,i,10,ph,19,d,1_600,e,20,st,STOPPED,flt,FALSE,up,TRUE,ig,0,o_pos,0,o_hw,0,o_i,-1,o_up,TRUE,why,NONE
[2026-09-15T13:57:29.803] Cog0  BM-TS,seq,2_996,tid,23,k,56,lt,FALSE,pos,0,hw,0,i,9,ph,21,d,1_600,e,20,st,STOPPED,flt,FALSE,up,TRUE,ig,0,o_pos,0,o_hw,0,o_i,-1,o_up,TRUE,why,NONE
[2026-09-15T13:57:29.805] Cog0  BM-TS,seq,2_997,tid,23,k,57,lt,FALSE,pos,0,hw,0,i,9,ph,20,d,1_600,e,20,st,STOPPED,flt,FALSE,up,TRUE,ig,0,o_pos,0,o_hw,0,o_i,-2,o_up,TRUE,why,NONE
[2026-09-15T13:57:29.807] Cog0  BM-TS,seq,2_998,tid,23,k,58,lt,FALSE,pos,0,hw,0,i,9,ph,20,d,1_600,e,20,st,STOPPED,flt,FALSE,up,TRUE,ig,0,o_pos,0,o_hw,0,o_i,-2,o_up,TRUE,why,NONE
[2026-09-15T13:57:29.809] Cog0  BM-TS,seq,2_999,tid,23,k,59,lt,FALSE,pos,0,hw,0,i,10,ph,21,d,1_600,e,20,st,STOPPED,flt,FALSE,up,TRUE,ig,0,o_pos,0,o_hw,0,o_i,-1,o_up,TRUE,why,NONE
[2026-09-15T13:57:29.811] Cog0  BM-TS,seq,3_000,tid,23,k,60,lt,FALSE,pos,0,hw,0,i,8,ph,16,d,1_600,e,20,st,STOPPED,flt,FALSE,up,TRUE,ig,0,o_pos,0,o_hw,0,o_i,0,o_up,TRUE,why,NONE
[2026-09-15T13:57:29.813] Cog0  BM-TS,seq,3_001,tid,23,k,61,lt,FALSE,pos,0,hw,0,i,8,ph,20,d,1_600,e,20,st,STOPPED,flt,FALSE,up,TRUE,ig,0,o_pos,0,o_hw,0,o_i,0,o_up,TRUE,why,NONE
[2026-09-15T13:57:29.815] Cog0  BM-TS,seq,3_002,tid,23,k,62,lt,FALSE,pos,0,hw,0,i,11,ph,25,d,1_600,e,20,st,STOPPED,flt,FALSE,up,TRUE,ig,0,o_pos,0,o_hw,0,o_i,-2,o_up,TRUE,why,NONE
[2026-09-15T13:57:29.816] Cog0  BM-TS,seq,3_003,tid,23,k,63,lt,FALSE,pos,0,hw,0,i,10,ph,21,d,1_600,e,20,st,STOPPED,flt,FALSE,up,TRUE,ig,0,o_pos,0,o_hw,0,o_i,1,o_up,TRUE,why,NONE
[2026-09-15T13:57:29.817] Cog0  BM-TS,seq,3_004,tid,23,k,64,lt,FALSE,pos,0,hw,0,i,9,ph,20,d,1_600,e,20,st,STOPPED,flt,FALSE,up,TRUE,ig,0,o_pos,0,o_hw,0,o_i,1,o_up,TRUE,why,NONE
[2026-09-15T13:57:29.820] Cog0  BM-TS,seq,3_005,tid,23,k,65,lt,FALSE,pos,0,hw,0,i,8,ph,21,d,1_600,e,20,st,STOPPED,flt,FALSE,up,TRUE,ig,0,o_pos,0,o_hw,0,o_i,0,o_up,TRUE,why,NONE
[2026-09-15T13:57:29.822] Cog0  BM-TS,seq,3_006,tid,23,k,66,lt,FALSE,pos,0,hw,0,i,9,ph,19,d,1_600,e,20,st,STOPPED,flt,FALSE,up,TRUE,ig,0,o_pos,0,o_hw,0,o_i,0,o_up,TRUE,why,NONE
[2026-09-15T13:57:29.824] Cog0  BM-TS,seq,3_007,tid,23,k,67,lt,FALSE,pos,0,hw,0,i,9,ph,20,d,1_600,e,20,st,STOPPED,flt,FALSE,up,TRUE,ig,0,o_pos,0,o_hw,0,o_i,-1,o_up,TRUE,why,NONE
[2026-09-15T13:57:29.825] Cog0  BM-TS,seq,3_008,tid,23,k,68,lt,FALSE,pos,0,hw,0,i,8,ph,19,d,1_600,e,20,st,STOPPED,flt,FALSE,up,TRUE,ig,0,o_pos,0,o_hw,0,o_i,-1,o_up,TRUE,why,NONE
[2026-09-15T13:57:29.827] Cog0  BM-TS,seq,3_009,tid,23,k,69,lt,FALSE,pos,0,hw,0,i,10,ph,19,d,1_600,e,20,st,STOPPED,flt,FALSE,up,TRUE,ig,0,o_pos,0,o_hw,0,o_i,-1,o_up,TRUE,why,NONE
[2026-09-15T13:57:29.829] Cog0  BM-TS,seq,3_010,tid,23,k,70,lt,FALSE,pos,0,hw,0,i,9,ph,19,d,1_600,e,20,st,STOPPED,flt,FALSE,up,TRUE,ig,0,o_pos,0,o_hw,0,o_i,-1,o_up,TRUE,why,NONE
[2026-09-15T13:57:29.831] Cog0  BM-TS,seq,3_011,tid,23,k,71,lt,FALSE,pos,0,hw,0,i,9,ph,16,d,1_600,e,20,st,STOPPED,flt,FALSE,up,TRUE,ig,0,o_pos,0,o_hw,0,o_i,-1,o_up,TRUE,why,NONE
[2026-09-15T13:57:29.833] Cog0  BM-TS,seq,3_012,tid,23,k,72,lt,FALSE,pos,0,hw,0,i,8,ph,19,d,1_600,e,20,st,STOPPED,flt,FALSE,up,TRUE,ig,0,o_pos,0,o_hw,0,o_i,-2,o_up,TRUE,why,NONE
[2026-09-15T13:57:29.835] Cog0  BM-TS,seq,3_013,tid,23,k,73,lt,FALSE,pos,0,hw,0,i,8,ph,17,d,1_600,e,20,st,STOPPED,flt,FALSE,up,TRUE,ig,0,o_pos,0,o_hw,0,o_i,0,o_up,TRUE,why,NONE
[2026-09-15T13:57:29.836] Cog0  BM-TS,seq,3_014,tid,23,k,74,lt,FALSE,pos,0,hw,0,i,10,ph,20,d,1_600,e,20,st,STOPPED,flt,FALSE,up,TRUE,ig,0,o_pos,0,o_hw,0,o_i,0,o_up,TRUE,why,NONE
[2026-09-15T13:57:29.838] Cog0  BM-TS,seq,3_015,tid,23,k,75,lt,FALSE,pos,0,hw,0,i,9,ph,21,d,1_600,e,20,st,STOPPED,flt,FALSE,up,TRUE,ig,0,o_pos,0,o_hw,0,o_i,0,o_up,TRUE,why,NONE
[2026-09-15T13:57:29.840] Cog0  BM-TS,seq,3_016,tid,23,k,76,lt,FALSE,pos,0,hw,0,i,8,ph,21,d,1_600,e,20,st,STOPPED,flt,FALSE,up,TRUE,ig,0,o_pos,0,o_hw,0,o_i,0,o_up,TRUE,why,NONE
[2026-09-15T13:57:29.842] Cog0  BM-TS,seq,3_017,tid,23,k,77,lt,FALSE,pos,0,hw,0,i,8,ph,23,d,1_600,e,20,st,STOPPED,flt,FALSE,up,TRUE,ig,0,o_pos,0,o_hw,0,o_i,-2,o_up,TRUE,why,NONE
[2026-09-15T13:57:29.844] Cog0  BM-TS,seq,3_018,tid,23,k,78,lt,FALSE,pos,0,hw,0,i,9,ph,21,d,1_600,e,20,st,STOPPED,flt,FALSE,up,TRUE,ig,0,o_pos,0,o_hw,0,o_i,-1,o_up,TRUE,why,NONE
[2026-09-15T13:57:29.846] Cog0  BM-TS,seq,3_019,tid,23,k,79,lt,FALSE,pos,0,hw,0,i,8,ph,20,d,1_600,e,20,st,STOPPED,flt,FALSE,up,TRUE,ig,0,o_pos,0,o_hw,0,o_i,-1,o_up,TRUE,why,NONE
[2026-09-15T13:57:29.848] Cog0  BM-TS,seq,3_020,tid,23,k,80,lt,FALSE,pos,0,hw,0,i,10,ph,22,d,1_600,e,20,st,STOPPED,flt,FALSE,up,TRUE,ig,0,o_pos,0,o_hw,0,o_i,0,o_up,TRUE,why,NONE
[2026-09-15T13:57:29.849] Cog0  BM-TS,seq,3_021,tid,23,k,81,lt,FALSE,pos,0,hw,0,i,8,ph,18,d,1_600,e,20,st,STOPPED,flt,FALSE,up,TRUE,ig,0,o_pos,0,o_hw,0,o_i,0,o_up,TRUE,why,NONE
[2026-09-15T13:57:29.851] Cog0  BM-TS,seq,3_022,tid,23,k,82,lt,FALSE,pos,0,hw,0,i,8,ph,16,d,1_600,e,20,st,STOPPED,flt,FALSE,up,TRUE,ig,0,o_pos,0,o_hw,0,o_i,-1,o_up,TRUE,why,NONE
[2026-09-15T13:57:29.853] Cog0  BM-TS,seq,3_023,tid,23,k,83,lt,FALSE,pos,0,hw,0,i,8,ph,17,d,1_600,e,20,st,STOPPED,flt,FALSE,up,TRUE,ig,0,o_pos,0,o_hw,0,o_i,-1,o_up,TRUE,why,NONE
[2026-09-15T13:57:29.855] Cog0  BM-TS,seq,3_024,tid,23,k,84,lt,FALSE,pos,0,hw,0,i,10,ph,20,d,1_600,e,20,st,STOPPED,flt,FALSE,up,TRUE,ig,0,o_pos,0,o_hw,0,o_i,0,o_up,TRUE,why,NONE
[2026-09-15T13:57:29.857] Cog0  BM-TS,seq,3_025,tid,23,k,85,lt,FALSE,pos,0,hw,0,i,11,ph,22,d,1_600,e,20,st,STOPPED,flt,FALSE,up,TRUE,ig,0,o_pos,0,o_hw,0,o_i,-2,o_up,TRUE,why,NONE
[2026-09-15T13:57:29.859] Cog0  BM-TS,seq,3_026,tid,23,k,86,lt,FALSE,pos,0,hw,0,i,8,ph,17,d,1_600,e,20,st,STOPPED,flt,FALSE,up,TRUE,ig,0,o_pos,0,o_hw,0,o_i,0,o_up,TRUE,why,NONE
[2026-09-15T13:57:29.860] Cog0  BM-TS,seq,3_027,tid,23,k,87,lt,FALSE,pos,0,hw,0,i,8,ph,21,d,1_600,e,20,st,STOPPED,flt,FALSE,up,TRUE,ig,0,o_pos,0,o_hw,0,o_i,-2,o_up,TRUE,why,NONE
[2026-09-15T13:57:29.862] Cog0  BM-TS,seq,3_028,tid,23,k,88,lt,FALSE,pos,0,hw,0,i,9,ph,19,d,1_600,e,20,st,STOPPED,flt,FALSE,up,TRUE,ig,0,o_pos,0,o_hw,0,o_i,-1,o_up,TRUE,why,NONE
[2026-09-15T13:57:29.864] Cog0  BM-TS,seq,3_029,tid,23,k,89,lt,FALSE,pos,0,hw,0,i,9,ph,18,d,1_600,e,20,st,STOPPED,flt,FALSE,up,TRUE,ig,0,o_pos,0,o_hw,0,o_i,0,o_up,TRUE,why,NONE
[2026-09-15T13:57:29.866] Cog0  BM-TS,seq,3_030,tid,23,k,90,lt,FALSE,pos,0,hw,0,i,9,ph,20,d,1_600,e,20,st,STOPPED,flt,FALSE,up,TRUE,ig,0,o_pos,0,o_hw,0,o_i,-1,o_up,TRUE,why,NONE
[2026-09-15T13:57:29.868] Cog0  BM-TS,seq,3_031,tid,23,k,91,lt,FALSE,pos,0,hw,0,i,8,ph,20,d,1_600,e,20,st,STOPPED,flt,FALSE,up,TRUE,ig,0,o_pos,0,o_hw,0,o_i,-1,o_up,TRUE,why,NONE
[2026-09-15T13:57:29.870] Cog0  BM-TS,seq,3_032,tid,23,k,92,lt,FALSE,pos,0,hw,0,i,8,ph,20,d,1_600,e,20,st,STOPPED,flt,FALSE,up,TRUE,ig,0,o_pos,0,o_hw,0,o_i,0,o_up,TRUE,why,NONE
[2026-09-15T13:57:29.871] Cog0  BM-TS,seq,3_033,tid,23,k,93,lt,FALSE,pos,0,hw,0,i,9,ph,20,d,1_600,e,20,st,STOPPED,flt,FALSE,up,TRUE,ig,0,o_pos,0,o_hw,0,o_i,0,o_up,TRUE,why,NONE
[2026-09-15T13:57:29.873] Cog0  BM-TS,seq,3_034,tid,23,k,94,lt,FALSE,pos,0,hw,0,i,8,ph,16,d,1_600,e,20,st,STOPPED,flt,FALSE,up,TRUE,ig,0,o_pos,0,o_hw,0,o_i,-1,o_up,TRUE,why,NONE
[2026-09-15T13:57:29.875] Cog0  BM-TS,seq,3_035,tid,23,k,95,lt,FALSE,pos,0,hw,0,i,11,ph,20,d,1_600,e,20,st,STOPPED,flt,FALSE,up,TRUE,ig,0,o_pos,0,o_hw,0,o_i,-1,o_up,TRUE,why,NONE
[2026-09-15T13:57:29.877] Cog0  BM-TS,seq,3_036,tid,23,k,96,lt,FALSE,pos,0,hw,0,i,9,ph,18,d,1_600,e,20,st,STOPPED,flt,FALSE,up,TRUE,ig,0,o_pos,0,o_hw,0,o_i,-1,o_up,TRUE,why,NONE
[2026-09-15T13:57:29.879] Cog0  BM-TS,seq,3_037,tid,23,k,97,lt,FALSE,pos,0,hw,0,i,8,ph,22,d,1_600,e,20,st,STOPPED,flt,FALSE,up,TRUE,ig,0,o_pos,0,o_hw,0,o_i,0,o_up,TRUE,why,NONE
[2026-09-15T13:57:29.881] Cog0  BM-TS,seq,3_038,tid,23,k,98,lt,FALSE,pos,0,hw,0,i,10,ph,22,d,1_600,e,20,st,STOPPED,flt,FALSE,up,TRUE,ig,0,o_pos,0,o_hw,0,o_i,0,o_up,TRUE,why,NONE
[2026-09-15T13:57:29.883] Cog0  BM-TS,seq,3_039,tid,23,k,99,lt,FALSE,pos,0,hw,0,i,10,ph,21,d,1_600,e,20,st,STOPPED,flt,FALSE,up,TRUE,ig,0,o_pos,0,o_hw,0,o_i,-2,o_up,TRUE,why,NONE
[2026-09-15T13:57:29.884] Cog0  BM-TS,seq,3_040,tid,23,k,100,lt,FALSE,pos,0,hw,0,i,10,ph,21,d,1_600,e,20,st,STOPPED,flt,FALSE,up,TRUE,ig,0,o_pos,0,o_hw,0,o_i,0,o_up,TRUE,why,NONE
[2026-09-15T13:57:29.891] Cog0  BM-TS,seq,3_041,tid,23,k,104,lt,FALSE,pos,0,hw,0,i,18,ph,2_438,d,1_600,e,0,st,SPIN_UP,flt,FALSE,up,TRUE,ig,0,o_pos,0,o_hw,0,o_i,8,o_up,TRUE,why,NONE
[2026-09-15T13:57:29.894] Cog0  BM-TS,seq,3_042,tid,23,k,172,lt,FALSE,pos,1,hw,1,i,16,ph,2_397,d,1_600,e,6,st,SPIN_UP,flt,FALSE,up,TRUE,ig,0,o_pos,0,o_hw,0,o_i,6,o_up,TRUE,why,NONE
[2026-09-15T13:57:29.896] Cog0  BM-TS,seq,3_043,tid,23,k,196,lt,FALSE,pos,2,hw,2,i,12,ph,2_425,d,1_600,e,24,st,SPIN_UP,flt,FALSE,up,TRUE,ig,0,o_pos,-1,o_hw,-1,o_i,10,o_up,TRUE,why,NONE
[2026-09-15T13:57:29.899] Cog0  BM-TS,seq,3_044,tid,23,k,200,lt,FALSE,pos,2,hw,2,i,12,ph,2_403,d,1_600,e,37,st,SPIN_UP,flt,FALSE,up,TRUE,ig,0,o_pos,-2,o_hw,-2,o_i,2,o_up,TRUE,why,NONE
[2026-09-15T13:57:29.902] Cog0  BM-TS,seq,3_045,tid,23,k,212,lt,FALSE,pos,3,hw,3,i,12,ph,2_452,d,1_679,e,40,st,SPIN_UP,flt,FALSE,up,TRUE,ig,0,o_pos,-3,o_hw,-3,o_i,6,o_up,TRUE,why,NONE
[2026-09-15T13:57:29.904] Cog0  BM-TS,seq,3_046,tid,23,k,224,lt,FALSE,pos,4,hw,4,i,15,ph,2_359,d,2_616,e,54,st,SPIN_UP,flt,FALSE,up,TRUE,ig,0,o_pos,-4,o_hw,-4,o_i,9,o_up,TRUE,why,NONE
[2026-09-15T13:57:29.906] Cog0  BM-TS,seq,3_047,tid,23,k,228,lt,FALSE,pos,5,hw,5,i,22,ph,2_460,d,3_101,e,33,st,SPIN_UP,flt,FALSE,up,TRUE,ig,0,o_pos,-5,o_hw,-5,o_i,16,o_up,TRUE,why,NONE
[2026-09-15T13:57:29.909] Cog0  BM-TS,seq,3_048,tid,23,k,236,lt,FALSE,pos,6,hw,6,i,18,ph,2_395,d,2_737,e,36,st,SPIN_UP,flt,FALSE,up,TRUE,ig,0,o_pos,-6,o_hw,-6,o_i,12,o_up,TRUE,why,NONE
[2026-09-15T13:57:29.911] Cog0  BM-TS,seq,3_049,tid,23,k,244,lt,FALSE,pos,7,hw,7,i,13,ph,2_480,d,2_564,e,45,st,SPIN_UP,flt,FALSE,up,TRUE,ig,0,o_pos,-7,o_hw,-7,o_i,12,o_up,TRUE,why,NONE
[2026-09-15T13:57:29.913] Cog0  BM-TS,seq,3_050,tid,23,k,252,lt,FALSE,pos,8,hw,8,i,13,ph,2_377,d,2_892,e,60,st,SPIN_UP,flt,FALSE,up,TRUE,ig,0,o_pos,-8,o_hw,-8,o_i,19,o_up,TRUE,why,NONE
[2026-09-15T13:57:29.915] Cog0  BM-TS,seq,3_051,tid,23,k,256,lt,FALSE,pos,9,hw,9,i,21,ph,2_502,d,3_552,e,48,st,SPIN_UP,flt,FALSE,up,TRUE,ig,0,o_pos,-9,o_hw,-9,o_i,19,o_up,TRUE,why,NONE
[2026-09-15T13:57:29.917] Cog0  BM-TS,seq,3_052,tid,23,k,260,lt,FALSE,pos,10,hw,10,i,25,ph,2_376,d,4_079,e,38,st,SPIN_UP,flt,FALSE,up,TRUE,ig,0,o_pos,-10,o_hw,-10,o_i,27,o_up,TRUE,why,NONE
[2026-09-15T13:57:29.920] Cog0  BM-TS,seq,3_053,tid,23,k,264,lt,FALSE,pos,11,hw,11,i,29,ph,2_429,d,4_318,e,29,st,SPIN_UP,flt,FALSE,up,TRUE,ig,0,o_pos,-11,o_hw,-11,o_i,31,o_up,TRUE,why,NONE
[2026-09-15T13:57:29.922] Cog0  BM-TS,seq,3_054,tid,23,k,272,lt,FALSE,pos,12,hw,12,i,38,ph,2_363,d,4_090,e,59,st,SPIN_UP,flt,FALSE,up,TRUE,ig,0,o_pos,-12,o_hw,-12,o_i,28,o_up,TRUE,why,NONE
[2026-09-15T13:57:29.924] Cog0  BM-TS,seq,3_055,tid,23,k,276,lt,FALSE,pos,13,hw,13,i,25,ph,2_514,d,3_932,e,56,st,SPIN_UP,flt,FALSE,up,TRUE,ig,0,o_pos,-13,o_hw,-13,o_i,32,o_up,TRUE,why,NONE
[2026-09-15T13:57:29.927] Cog0  BM-TS,seq,3_056,tid,23,k,280,lt,FALSE,pos,14,hw,14,i,29,ph,2_330,d,3_966,e,55,st,SPIN_UP,flt,FALSE,up,TRUE,ig,0,o_pos,-14,o_hw,-14,o_i,30,o_up,TRUE,why,NONE
[2026-09-15T13:57:29.929] Cog0  BM-TS,seq,3_057,tid,23,k,284,lt,FALSE,pos,15,hw,15,i,27,ph,2_525,d,4_269,e,54,st,SPIN_UP,flt,FALSE,up,TRUE,ig,0,o_pos,-15,o_hw,-15,o_i,36,o_up,TRUE,why,NONE
[2026-09-15T13:57:29.931] Cog0  BM-TS,seq,3_058,tid,23,k,288,lt,FALSE,pos,16,hw,16,i,27,ph,2_323,d,4_598,e,56,st,SPIN_UP,flt,FALSE,up,TRUE,ig,0,o_pos,-16,o_hw,-16,o_i,38,o_up,TRUE,why,NONE
[2026-09-15T13:57:29.933] Cog0  BM-TS,seq,3_059,tid,23,k,292,lt,FALSE,pos,17,hw,17,i,29,ph,2_518,d,4_919,e,59,st,SPIN_UP,flt,FALSE,up,TRUE,ig,0,o_pos,-17,o_hw,-17,o_i,41,o_up,TRUE,why,NONE
[2026-09-15T13:57:29.935] Cog0  BM-TS,seq,3_060,tid,23,k,296,lt,FALSE,pos,18,hw,18,i,36,ph,2_362,d,5_224,e,65,st,SPIN_UP,flt,FALSE,up,TRUE,ig,0,o_pos,-18,o_hw,-18,o_i,47,o_up,TRUE,why,NONE
[2026-09-15T13:57:29.937] Cog0  BM-TS,seq,3_061,tid,23,k,300,lt,FALSE,pos,20,hw,20,i,44,ph,2_414,d,5_528,e,30,st,SPIN_UP,flt,FALSE,up,TRUE,ig,0,o_pos,-19,o_hw,-19,o_i,52,o_up,TRUE,why,NONE
[2026-09-15T13:57:29.940] Cog0  BM-TS,seq,3_062,tid,23,k,304,lt,FALSE,pos,21,hw,21,i,44,ph,2_486,d,5_519,e,39,st,SPIN_UP,flt,FALSE,up,TRUE,ig,0,o_pos,-21,o_hw,-21,o_i,53,o_up,TRUE,why,NONE
[2026-09-15T13:57:29.942] Cog0  BM-TS,seq,3_063,tid,23,k,308,lt,FALSE,pos,22,hw,22,i,41,ph,2_264,d,5_622,e,51,st,SPIN_UP,flt,FALSE,up,TRUE,ig,0,o_pos,-22,o_hw,-22,o_i,55,o_up,TRUE,why,NONE
[2026-09-15T13:57:29.944] Cog0  BM-TS,seq,3_064,tid,23,k,312,lt,FALSE,pos,23,hw,23,i,48,ph,2_506,d,5_814,e,63,st,SPIN_UP,flt,FALSE,up,TRUE,ig,0,o_pos,-23,o_hw,-23,o_i,66,o_up,TRUE,why,NONE
[2026-09-15T13:57:29.946] Cog0  BM-TS,seq,3_065,tid,23,k,316,lt,FALSE,pos,25,hw,25,i,49,ph,2_494,d,6_130,e,36,st,SPIN_UP,flt,FALSE,up,TRUE,ig,0,o_pos,-25,o_hw,-25,o_i,72,o_up,TRUE,why,NONE
[2026-09-15T13:57:29.948] Cog0  BM-TS,seq,3_066,tid,23,k,320,lt,FALSE,pos,26,hw,26,i,46,ph,2_273,d,6_219,e,55,st,SPIN_UP,flt,FALSE,up,TRUE,ig,0,o_pos,-26,o_hw,-26,o_i,76,o_up,TRUE,why,NONE
[2026-09-15T13:57:29.951] Cog0  BM-TS,seq,3_067,tid,23,k,324,lt,FALSE,pos,27,hw,27,i,59,ph,2_396,d,6_668,e,73,st,SPIN_UP,flt,FALSE,up,TRUE,ig,0,o_pos,-28,o_hw,-28,o_i,83,o_up,TRUE,why,NONE
[2026-09-15T13:57:29.952] Cog0  BM-TS,seq,3_068,tid,23,k,328,lt,FALSE,pos,29,hw,29,i,55,ph,2_597,d,6_767,e,53,st,SPIN_UP,flt,FALSE,up,TRUE,ig,0,o_pos,-29,o_hw,-29,o_i,78,o_up,TRUE,why,NONE
[2026-09-15T13:57:29.955] Cog0  BM-TS,seq,3_069,tid,23,k,332,lt,FALSE,pos,31,hw,31,i,69,ph,2_477,d,7_100,e,36,st,SPIN_UP,flt,FALSE,up,TRUE,ig,0,o_pos,-31,o_hw,-31,o_i,93,o_up,TRUE,why,NONE
[2026-09-15T13:57:29.957] Cog0  BM-TS,seq,3_070,tid,23,k,336,lt,FALSE,pos,32,hw,32,i,60,ph,2_297,d,7_218,e,61,st,SPIN_UP,flt,FALSE,up,TRUE,ig,0,o_pos,-32,o_hw,-32,o_i,90,o_up,TRUE,why,NONE
[2026-09-15T13:57:29.959] Cog0  BM-TS,seq,3_071,tid,23,k,340,lt,FALSE,pos,34,hw,34,i,65,ph,2_250,d,7_450,e,47,st,SPIN_UP,flt,FALSE,up,TRUE,ig,0,o_pos,-34,o_hw,-34,o_i,92,o_up,TRUE,why,NONE
[2026-09-15T13:57:29.961] Cog0  BM-TS,seq,3_072,tid,23,k,344,lt,FALSE,pos,36,hw,36,i,81,ph,2_368,d,7_761,e,34,st,SPIN_UP,flt,FALSE,up,TRUE,ig,0,o_pos,-36,o_hw,-36,o_i,114,o_up,TRUE,why,NONE
[2026-09-15T13:57:29.964] Cog0  BM-TS,seq,3_073,tid,23,k,348,lt,FALSE,pos,37,hw,37,i,77,ph,2_456,d,7_937,e,69,st,SPIN_UP,flt,FALSE,up,TRUE,ig,0,o_pos,-37,o_hw,-37,o_i,118,o_up,TRUE,why,NONE
[2026-09-15T13:57:29.966] Cog0  BM-TS,seq,3_074,tid,23,k,352,lt,FALSE,pos,39,hw,39,i,72,ph,2_539,d,8_132,e,63,st,SPIN_UP,flt,FALSE,up,TRUE,ig,0,o_pos,-39,o_hw,-39,o_i,124,o_up,TRUE,why,NONE
[2026-09-15T13:57:29.968] Cog0  BM-TS,seq,3_075,tid,23,k,356,lt,FALSE,pos,41,hw,41,i,77,ph,2_595,d,8_379,e,57,st,SPIN_UP,flt,FALSE,up,TRUE,ig,0,o_pos,-41,o_hw,-41,o_i,120,o_up,TRUE,why,NONE
[2026-09-15T13:57:29.970] Cog0  BM-TS,seq,3_076,tid,23,k,360,lt,FALSE,pos,43,hw,43,i,79,ph,2_608,d,8_650,e,56,st,SPIN_UP,flt,FALSE,up,TRUE,ig,0,o_pos,-43,o_hw,-43,o_i,133,o_up,TRUE,why,NONE
[2026-09-15T13:57:29.972] Cog0  BM-TS,seq,3_077,tid,23,k,364,lt,FALSE,pos,45,hw,45,i,85,ph,2_590,d,8_860,e,55,st,SPIN_UP,flt,FALSE,up,TRUE,ig,0,o_pos,-45,o_hw,-45,o_i,151,o_up,TRUE,why,NONE
[2026-09-15T13:57:29.975] Cog0  BM-TS,seq,3_078,tid,23,k,368,lt,FALSE,pos,47,hw,47,i,80,ph,2_585,d,9_099,e,59,st,SPIN_UP,flt,FALSE,up,TRUE,ig,0,o_pos,-47,o_hw,-47,o_i,145,o_up,TRUE,why,NONE
[2026-09-15T13:57:29.977] Cog0  BM-TS,seq,3_079,tid,23,k,372,lt,FALSE,pos,49,hw,49,i,88,ph,2_502,d,9_426,e,66,st,SPIN_UP,flt,FALSE,up,TRUE,ig,0,o_pos,-49,o_hw,-49,o_i,175,o_up,TRUE,why,NONE
[2026-09-15T13:57:29.979] Cog0  BM-TS,seq,3_080,tid,23,k,376,lt,FALSE,pos,51,hw,51,i,103,ph,2_402,d,9_840,e,73,st,SPIN_UP,flt,FALSE,up,TRUE,ig,0,o_pos,-51,o_hw,-51,o_i,193,o_up,TRUE,why,NONE
[2026-09-15T13:57:29.981] Cog0  BM-TS,seq,3_081,tid,23,k,380,lt,FALSE,pos,54,hw,54,i,105,ph,2_258,d,10_022,e,42,st,SPIN_UP,flt,FALSE,up,TRUE,ig,0,o_pos,-54,o_hw,-54,o_i,187,o_up,TRUE,why,NONE
[2026-09-15T13:57:29.984] Cog0  BM-TS,seq,3_082,tid,23,k,384,lt,FALSE,pos,56,hw,56,i,109,ph,2_171,d,10_184,e,54,st,SPIN_UP,flt,FALSE,up,TRUE,ig,0,o_pos,-56,o_hw,-56,o_i,200,o_up,TRUE,why,NONE
[2026-09-15T13:57:29.985] Cog0  BM-TS,seq,3_083,tid,23,k,388,lt,FALSE,pos,58,hw,58,i,106,ph,2_389,d,10_537,e,72,st,SPIN_UP,flt,FALSE,up,TRUE,ig,0,o_pos,-58,o_hw,-58,o_i,231,o_up,TRUE,why,NONE
[2026-09-15T13:57:29.988] Cog0  BM-TS,seq,3_084,tid,23,k,392,lt,FALSE,pos,61,hw,61,i,119,ph,2_674,d,10_819,e,50,st,SPIN_UP,flt,FALSE,up,TRUE,ig,0,o_pos,-61,o_hw,-61,o_i,222,o_up,TRUE,why,NONE
[2026-09-15T13:57:29.990] Cog0  BM-TS,seq,3_085,tid,23,k,396,lt,FALSE,pos,63,hw,63,i,121,ph,2_446,d,11_174,e,70,st,SPIN_UP,flt,FALSE,up,TRUE,ig,0,o_pos,-63,o_hw,-63,o_i,253,o_up,TRUE,why,NONE
[2026-09-15T13:57:29.992] Cog0  BM-TS,seq,3_086,tid,23,k,400,lt,FALSE,pos,66,hw,66,i,119,ph,2_155,d,11_356,e,54,st,SPIN_UP,flt,FALSE,up,TRUE,ig,0,o_pos,-66,o_hw,-66,o_i,242,o_up,TRUE,why,NONE
[2026-09-15T13:57:29.994] Cog0  BM-TS,seq,3_087,tid,23,k,404,lt,FALSE,pos,69,hw,69,i,139,ph,2_486,d,11_740,e,40,st,SPIN_UP,flt,FALSE,up,TRUE,ig,0,o_pos,-69,o_hw,-69,o_i,299,o_up,TRUE,why,NONE
[2026-09-15T13:57:29.997] Cog0  BM-TS,seq,3_088,tid,23,k,408,lt,FALSE,pos,71,hw,71,i,131,ph,2_489,d,12_061,e,69,st,SPIN_UP,flt,FALSE,up,TRUE,ig,0,o_pos,-71,o_hw,-71,o_i,282,o_up,TRUE,why,NONE
[2026-09-15T13:57:29.999] Cog0  BM-TS,seq,3_089,tid,23,k,412,lt,FALSE,pos,74,hw,74,i,137,ph,2_211,d,12_367,e,62,st,SPIN_UP,flt,FALSE,up,TRUE,ig,0,o_pos,-74,o_hw,-74,o_i,278,o_up,TRUE,why,NONE
[2026-09-15T13:57:30.001] Cog0  BM-TS,seq,3_090,tid,23,k,416,lt,FALSE,pos,77,hw,77,i,153,ph,2_705,d,12_625,e,53,st,SPIN_UP,flt,FALSE,up,TRUE,ig,0,o_pos,-77,o_hw,-77,o_i,301,o_up,TRUE,why,NONE
[2026-09-15T13:57:30.003] Cog0  BM-TS,seq,3_091,tid,23,k,420,lt,FALSE,pos,80,hw,80,i,154,ph,2_073,d,12_963,e,52,st,SPIN_UP,flt,FALSE,up,TRUE,ig,0,o_pos,-80,o_hw,-80,o_i,308,o_up,TRUE,why,NONE
[2026-09-15T13:57:30.006] Cog0  BM-TS,seq,3_092,tid,23,k,424,lt,FALSE,pos,83,hw,83,i,175,ph,2_714,d,13_330,e,54,st,SPIN_UP,flt,FALSE,up,TRUE,ig,0,o_pos,-83,o_hw,-83,o_i,352,o_up,TRUE,why,NONE
[2026-09-15T13:57:30.008] Cog0  BM-TS,seq,3_093,tid,23,k,428,lt,FALSE,pos,86,hw,86,i,163,ph,2_089,d,13_689,e,55,st,SPIN_UP,flt,FALSE,up,TRUE,ig,0,o_pos,-86,o_hw,-86,o_i,345,o_up,TRUE,why,NONE
[2026-09-15T13:57:30.010] Cog0  BM-TS,seq,3_094,tid,23,k,432,lt,FALSE,pos,89,hw,89,i,159,ph,2_575,d,14_036,e,63,st,SPIN_UP,flt,FALSE,up,TRUE,ig,0,o_pos,-89,o_hw,-89,o_i,357,o_up,TRUE,why,NONE
[2026-09-15T13:57:30.012] Cog0  BM-TS,seq,3_095,tid,23,k,436,lt,FALSE,pos,92,hw,92,i,188,ph,2_316,d,14_429,e,70,st,SPIN_UP,flt,FALSE,up,TRUE,ig,0,o_pos,-92,o_hw,-92,o_i,418,o_up,TRUE,why,NONE
[2026-09-15T13:57:30.014] Cog0  BM-TS,seq,3_096,tid,23,k,440,lt,FALSE,pos,96,hw,96,i,195,ph,2_179,d,14_815,e,42,st,SPIN_UP,flt,FALSE,up,TRUE,ig,0,o_pos,-96,o_hw,-96,o_i,418,o_up,TRUE,why,NONE
[2026-09-15T13:57:30.017] Cog0  BM-TS,seq,3_097,tid,23,k,444,lt,FALSE,pos,99,hw,99,i,210,ph,2_593,d,15_145,e,61,st,SPIN_UP,flt,FALSE,up,TRUE,ig,0,o_pos,-99,o_hw,-99,o_i,457,o_up,TRUE,why,NONE
[2026-09-15T13:57:30.019] Cog0  BM-TS,seq,3_098,tid,23,k,448,lt,FALSE,pos,103,hw,103,i,226,ph,2_495,d,15_644,e,35,st,SPIN_UP,flt,FALSE,up,TRUE,ig,0,o_pos,-103,o_hw,-103,o_i,479,o_up,TRUE,why,NONE
[2026-09-15T13:57:30.021] Cog0  BM-TS,seq,3_099,tid,23,k,452,lt,FALSE,pos,106,hw,106,i,202,ph,2_125,d,15_944,e,60,st,SPIN_UP,flt,FALSE,up,TRUE,ig,0,o_pos,-106,o_hw,-106,o_i,443,o_up,TRUE,why,NONE
[2026-09-15T13:57:30.023] Cog0  BM-TS,seq,3_100,tid,23,k,456,lt,FALSE,pos,110,hw,110,i,257,ph,2_163,d,16_399,e,40,st,SPIN_UP,flt,FALSE,up,TRUE,ig,0,o_pos,-110,o_hw,-110,o_i,527,o_up,TRUE,why,NONE
[2026-09-15T13:57:30.026] Cog0  BM-TS,seq,3_101,tid,23,k,460,lt,FALSE,pos,113,hw,113,i,224,ph,2_421,d,16_801,e,72,st,SPIN_UP,flt,FALSE,up,TRUE,ig,0,o_pos,-113,o_hw,-113,o_i,484,o_up,TRUE,why,NONE
[2026-09-15T13:57:30.028] Cog0  BM-TS,seq,3_102,tid,23,k,464,lt,FALSE,pos,117,hw,117,i,256,ph,2_533,d,17_155,e,65,st,SPIN_UP,flt,FALSE,up,TRUE,ig,0,o_pos,-117,o_hw,-117,o_i,502,o_up,TRUE,why,NONE
[2026-09-15T13:57:30.030] Cog0  BM-TS,seq,3_103,tid,23,k,468,lt,FALSE,pos,121,hw,121,i,276,ph,2_751,d,17_537,e,55,st,SPIN_UP,flt,FALSE,up,TRUE,ig,0,o_pos,-121,o_hw,-121,o_i,494,o_up,TRUE,why,NONE
[2026-09-15T13:57:30.033] Cog0  BM-TS,seq,3_104,tid,23,k,472,lt,FALSE,pos,125,hw,125,i,264,ph,2_754,d,17_939,e,55,st,SPIN_UP,flt,FALSE,up,TRUE,ig,0,o_pos,-125,o_hw,-125,o_i,502,o_up,TRUE,why,NONE
[2026-09-15T13:57:30.035] Cog0  BM-TS,seq,3_105,tid,23,k,476,lt,FALSE,pos,129,hw,129,i,314,ph,2_778,d,18_346,e,59,st,SPIN_UP,flt,FALSE,up,TRUE,ig,0,o_pos,-129,o_hw,-129,o_i,568,o_up,TRUE,why,NONE
[2026-09-15T13:57:30.037] Cog0  BM-TS,seq,3_106,tid,23,k,480,lt,FALSE,pos,133,hw,133,i,268,ph,2_660,d,18_756,e,60,st,SPIN_UP,flt,FALSE,up,TRUE,ig,0,o_pos,-133,o_hw,-133,o_i,520,o_up,TRUE,why,NONE
[2026-09-15T13:57:30.039] Cog0  BM-TS,seq,3_107,tid,23,k,484,lt,FALSE,pos,137,hw,137,i,275,ph,2_457,d,19_139,e,71,st,SPIN_UP,flt,FALSE,up,TRUE,ig,0,o_pos,-137,o_hw,-137,o_i,572,o_up,TRUE,why,NONE
[2026-09-15T13:57:30.042] Cog0  BM-TS,seq,3_108,tid,23,k,488,lt,FALSE,pos,142,hw,142,i,332,ph,2_177,d,19_581,e,37,st,SPIN_UP,flt,FALSE,up,TRUE,ig,0,o_pos,-142,o_hw,-142,o_i,652,o_up,TRUE,why,NONE
[2026-09-15T13:57:30.044] Cog0  BM-TS,seq,3_109,tid,23,k,492,lt,FALSE,pos,146,hw,146,i,295,ph,1_940,d,19_944,e,55,st,SPIN_UP,flt,FALSE,up,TRUE,ig,0,o_pos,-146,o_hw,-146,o_i,583,o_up,TRUE,why,NONE
[2026-09-15T13:57:30.046] Cog0  BM-TS,seq,3_110,tid,23,k,496,lt,FALSE,pos,150,hw,150,i,343,ph,2_325,d,20_369,e,77,st,SPIN_UP,flt,FALSE,up,TRUE,ig,0,o_pos,-150,o_hw,-150,o_i,695,o_up,TRUE,why,NONE
[2026-09-15T13:57:30.049] Cog0  BM-TS,seq,3_111,tid,23,k,500,lt,FALSE,pos,155,hw,155,i,329,ph,2_825,d,20_748,e,54,st,SPIN_UP,flt,FALSE,up,TRUE,ig,0,o_pos,-155,o_hw,-155,o_i,660,o_up,TRUE,why,NONE
[2026-09-15T13:57:30.051] Cog0  BM-TS,seq,3_112,tid,23,k,504,lt,FALSE,pos,160,hw,160,i,320,ph,2_069,d,21_212,e,41,st,SPIN_UP,flt,FALSE,up,TRUE,ig,0,o_pos,-160,o_hw,-160,o_i,672,o_up,TRUE,why,NONE
[2026-09-15T13:57:30.053] Cog0  BM-TS,seq,3_113,tid,23,k,508,lt,FALSE,pos,164,hw,164,i,392,ph,2_024,d,21_474,e,61,st,AT_SPEED,flt,FALSE,up,TRUE,ig,0,o_pos,-164,o_hw,-164,o_i,768,o_up,TRUE,why,NONE
[2026-09-15T13:57:30.055] Cog0  BM-TS,seq,3_114,tid,23,k,512,lt,FALSE,pos,169,hw,169,i,377,ph,2_867,d,21_885,e,51,st,AT_SPEED,flt,FALSE,up,TRUE,ig,0,o_pos,-169,o_hw,-169,o_i,743,o_up,TRUE,why,NONE
[2026-09-15T13:57:30.058] Cog0  BM-TS,seq,3_115,tid,23,k,516,lt,FALSE,pos,174,hw,174,i,453,ph,2_078,d,22_270,e,41,st,AT_SPEED,flt,FALSE,up,TRUE,ig,0,o_pos,-174,o_hw,-174,o_i,939,o_up,TRUE,why,NONE
[2026-09-15T13:57:30.060] Cog0  BM-TS,seq,3_116,tid,23,k,520,lt,FALSE,pos,178,hw,178,i,471,ph,2_164,d,22_523,e,67,st,AT_SPEED,flt,FALSE,up,TRUE,ig,0,o_pos,-178,o_hw,-178,o_i,882,o_up,TRUE,why,NONE
[2026-09-15T13:57:30.062] Cog0  BM-TS,seq,3_117,tid,23,k,524,lt,FALSE,pos,183,hw,183,i,491,ph,2_750,d,22_828,e,57,st,AT_SPEED,flt,FALSE,up,TRUE,ig,0,o_pos,-183,o_hw,-183,o_i,792,o_up,TRUE,why,NONE
[2026-09-15T13:57:30.064] Cog0  BM-TS,seq,3_118,tid,23,k,528,lt,FALSE,pos,188,hw,188,i,675,ph,2_042,d,23_074,e,47,st,AT_SPEED,flt,FALSE,up,TRUE,ig,0,o_pos,-188,o_hw,-188,o_i,918,o_up,TRUE,why,NONE
[2026-09-15T13:57:30.067] Cog0  BM-TS,seq,3_119,tid,23,k,532,lt,FALSE,pos,192,hw,192,i,607,ph,2_345,d,23_379,e,73,st,AT_SPEED,flt,FALSE,up,TRUE,ig,0,o_pos,-192,o_hw,-192,o_i,832,o_up,TRUE,why,NONE
[2026-09-15T13:57:30.069] Cog0  BM-TS,seq,3_120,tid,23,k,536,lt,FALSE,pos,197,hw,197,i,615,ph,2_641,d,23_578,e,63,st,AT_SPEED,flt,FALSE,up,TRUE,ig,0,o_pos,-197,o_hw,-197,o_i,898,o_up,TRUE,why,NONE
[2026-09-15T13:57:30.071] Cog0  BM-TS,seq,3_121,tid,23,k,540,lt,FALSE,pos,202,hw,202,i,765,ph,1_863,d,23_805,e,46,st,AT_SPEED,flt,FALSE,up,TRUE,ig,0,o_pos,-202,o_hw,-202,o_i,851,o_up,TRUE,why,NONE
[2026-09-15T13:57:30.073] Cog0  BM-TS,seq,3_122,tid,23,k,544,lt,FALSE,pos,207,hw,207,i,723,ph,2_491,d,24_052,e,36,st,AT_SPEED,flt,FALSE,up,TRUE,ig,0,o_pos,-207,o_hw,-207,o_i,815,o_up,TRUE,why,NONE
[2026-09-15T13:57:30.076] Cog0  BM-TS,seq,3_123,tid,23,k,548,lt,FALSE,pos,211,hw,211,i,842,ph,2_455,d,24_254,e,69,st,AT_SPEED,flt,FALSE,up,TRUE,ig,0,o_pos,-211,o_hw,-211,o_i,901,o_up,TRUE,why,NONE
[2026-09-15T13:57:30.078] Cog0  BM-TS,seq,3_124,tid,23,k,552,lt,FALSE,pos,216,hw,216,i,795,ph,1_794,d,24_224,e,52,st,AT_SPEED,flt,FALSE,up,TRUE,ig,0,o_pos,-216,o_hw,-216,o_i,789,o_up,TRUE,why,NONE
[2026-09-15T13:57:30.081] Cog0  BM-TS,seq,3_125,tid,23,k,556,lt,FALSE,pos,221,hw,221,i,778,ph,2_689,d,24_238,e,42,st,AT_SPEED,flt,FALSE,up,TRUE,ig,0,o_pos,-221,o_hw,-221,o_i,862,o_up,TRUE,why,NONE
[2026-09-15T13:57:30.083] Cog0  BM-TS,seq,3_126,tid,23,k,560,lt,FALSE,pos,225,hw,225,i,876,ph,2_429,d,24_264,e,74,st,AT_SPEED,flt,FALSE,up,TRUE,ig,0,o_pos,-225,o_hw,-225,o_i,872,o_up,TRUE,why,NONE
[2026-09-15T13:57:30.085] Cog0  BM-TS,seq,3_127,tid,23,k,564,lt,FALSE,pos,230,hw,230,i,765,ph,1_901,d,24_247,e,58,st,AT_SPEED,flt,FALSE,up,TRUE,ig,0,o_pos,-230,o_hw,-230,o_i,773,o_up,TRUE,why,NONE
[2026-09-15T13:57:30.087] Cog0  BM-TS,seq,3_128,tid,23,k,568,lt,FALSE,pos,235,hw,235,i,750,ph,2_830,d,24_212,e,48,st,AT_SPEED,flt,FALSE,up,TRUE,ig,0,o_pos,-235,o_hw,-235,o_i,920,o_up,TRUE,why,NONE
[2026-09-15T13:57:30.090] Cog0  BM-TS,seq,3_129,tid,23,k,572,lt,FALSE,pos,240,hw,240,i,872,ph,2_288,d,24_254,e,31,st,AT_SPEED,flt,FALSE,up,TRUE,ig,0,o_pos,-239,o_hw,-239,o_i,835,o_up,TRUE,why,NONE
[2026-09-15T13:57:30.092] Cog0  BM-TS,seq,3_130,tid,23,k,576,lt,FALSE,pos,244,hw,244,i,761,ph,2_078,d,24_262,e,64,st,AT_SPEED,flt,FALSE,up,TRUE,ig,0,o_pos,-244,o_hw,-244,o_i,788,o_up,TRUE,why,NONE
[2026-09-15T13:57:30.094] Cog0  BM-TS,seq,3_131,tid,23,k,580,lt,FALSE,pos,249,hw,249,i,778,ph,2_830,d,24_219,e,54,st,AT_SPEED,flt,FALSE,up,TRUE,ig,0,o_pos,-249,o_hw,-249,o_i,872,o_up,TRUE,why,NONE
[2026-09-15T13:57:30.096] Cog0  BM-TS,seq,3_132,tid,23,k,584,lt,FALSE,pos,254,hw,254,i,823,ph,2_097,d,24_229,e,37,st,AT_SPEED,flt,FALSE,up,TRUE,ig,0,o_pos,-254,o_hw,-254,o_i,824,o_up,TRUE,why,NONE
[2026-09-15T13:57:30.099] Cog0  BM-TS,seq,3_133,tid,23,k,588,lt,FALSE,pos,258,hw,258,i,743,ph,2_246,d,24_264,e,70,st,AT_SPEED,flt,FALSE,up,TRUE,ig,0,o_pos,-258,o_hw,-258,o_i,955,o_up,TRUE,why,NONE
[2026-09-15T13:57:30.101] Cog0  BM-TS,seq,3_134,tid,23,k,592,lt,FALSE,pos,263,hw,263,i,845,ph,2_880,d,24_222,e,60,st,AT_SPEED,flt,FALSE,up,TRUE,ig,0,o_pos,-263,o_hw,-263,o_i,811,o_up,TRUE,why,NONE
[2026-09-15T13:57:30.103] Cog0  BM-TS,seq,3_135,tid,23,k,596,lt,FALSE,pos,268,hw,268,i,789,ph,1_943,d,24_231,e,43,st,AT_SPEED,flt,FALSE,up,TRUE,ig,0,o_pos,-268,o_hw,-268,o_i,794,o_up,TRUE,why,NONE
[2026-09-15T13:57:30.106] Cog0  BM-TS,seq,3_136,tid,23,k,600,lt,FALSE,pos,272,hw,272,i,780,ph,2_375,d,24_264,e,76,st,AT_SPEED,flt,FALSE,up,TRUE,ig,0,o_pos,-272,o_hw,-272,o_i,892,o_up,TRUE,why,NONE
[2026-09-15T13:57:30.108] Cog0  BM-TS,seq,3_137,tid,23,k,604,lt,FALSE,pos,277,hw,277,i,797,ph,2_706,d,24_246,e,59,st,AT_SPEED,flt,FALSE,up,TRUE,ig,0,o_pos,-277,o_hw,-277,o_i,768,o_up,TRUE,why,NONE
[2026-09-15T13:57:30.110] Cog0  BM-TS,seq,3_138,tid,23,k,608,lt,FALSE,pos,282,hw,282,i,745,ph,1_838,d,24_240,e,49,st,AT_SPEED,flt,FALSE,up,TRUE,ig,0,o_pos,-282,o_hw,-282,o_i,876,o_up,TRUE,why,NONE
[2026-09-15T13:57:30.112] Cog0  BM-TS,seq,3_139,tid,23,k,612,lt,FALSE,pos,287,hw,287,i,877,ph,2_593,d,24_246,e,39,st,AT_SPEED,flt,FALSE,up,TRUE,ig,0,o_pos,-287,o_hw,-287,o_i,879,o_up,TRUE,why,NONE
[2026-09-15T13:57:30.115] Cog0  BM-TS,seq,3_140,tid,23,k,616,lt,FALSE,pos,291,hw,291,i,781,ph,2_536,d,24_264,e,65,st,AT_SPEED,flt,FALSE,up,TRUE,ig,0,o_pos,-291,o_hw,-291,o_i,797,o_up,TRUE,why,NONE
[2026-09-15T13:57:30.117] Cog0  BM-TS,seq,3_141,tid,23,k,620,lt,FALSE,pos,296,hw,296,i,733,ph,1_811,d,24_237,e,55,st,AT_SPEED,flt,FALSE,up,TRUE,ig,0,o_pos,-296,o_hw,-296,o_i,892,o_up,TRUE,why,NONE
[2026-09-15T13:57:30.119] Cog0  BM-TS,seq,3_142,tid,23,k,624,lt,FALSE,pos,301,hw,301,i,888,ph,2_590,d,24_229,e,38,st,AT_SPEED,flt,FALSE,up,TRUE,ig,0,o_pos,-301,o_hw,-301,o_i,820,o_up,TRUE,why,NONE
[2026-09-15T13:57:30.121] Cog0  BM-TS,seq,3_143,tid,23,k,628,lt,FALSE,pos,305,hw,305,i,758,ph,2_415,d,24_264,e,71,st,AT_SPEED,flt,FALSE,up,TRUE,ig,0,o_pos,-305,o_hw,-305,o_i,886,o_up,TRUE,why,NONE
[2026-09-15T13:57:30.124] Cog0  BM-TS,seq,3_144,tid,23,k,632,lt,FALSE,pos,310,hw,310,i,733,ph,1_997,d,24_223,e,61,st,AT_SPEED,flt,FALSE,up,TRUE,ig,0,o_pos,-310,o_hw,-310,o_i,810,o_up,TRUE,why,NONE
[2026-09-15T13:57:30.126] Cog0  BM-TS,seq,3_145,tid,23,k,636,lt,FALSE,pos,315,hw,315,i,826,ph,2_691,d,24_227,e,44,st,AT_SPEED,flt,FALSE,up,TRUE,ig,0,o_pos,-315,o_hw,-315,o_i,800,o_up,TRUE,why,NONE
[2026-09-15T13:57:30.129] Cog0  BM-TS,seq,3_146,tid,23,k,640,lt,FALSE,pos,320,hw,320,i,770,ph,2_173,d,24_253,e,34,st,AT_SPEED,flt,FALSE,up,TRUE,ig,0,o_pos,-319,o_hw,-319,o_i,927,o_up,TRUE,why,NONE
[2026-09-15T13:57:30.131] Cog0  BM-TS,seq,3_147,tid,23,k,644,lt,FALSE,pos,324,hw,324,i,879,ph,2_003,d,24_240,e,67,st,AT_SPEED,flt,FALSE,up,TRUE,ig,0,o_pos,-324,o_hw,-324,o_i,792,o_up,TRUE,why,NONE
[2026-09-15T13:57:30.133] Cog0  BM-TS,seq,3_148,tid,23,k,648,lt,FALSE,pos,329,hw,329,i,774,ph,2_891,d,24_229,e,50,st,AT_SPEED,flt,FALSE,up,TRUE,ig,0,o_pos,-329,o_hw,-329,o_i,812,o_up,TRUE,why,NONE
[2026-09-15T13:57:30.135] Cog0  BM-TS,seq,3_149,tid,23,k,652,lt,FALSE,pos,334,hw,334,i,773,ph,2_004,d,24_230,e,40,st,AT_SPEED,flt,FALSE,up,TRUE,ig,0,o_pos,-334,o_hw,-334,o_i,880,o_up,TRUE,why,NONE
[2026-09-15T13:57:30.138] Cog0  BM-TS,seq,3_150,tid,23,k,656,lt,FALSE,pos,338,hw,338,i,824,ph,2_125,d,24_263,e,66,st,AT_SPEED,flt,FALSE,up,TRUE,ig,0,o_pos,-338,o_hw,-338,o_i,811,o_up,TRUE,why,NONE
[2026-09-15T13:57:30.140] Cog0  BM-TS,seq,3_151,tid,23,k,660,lt,FALSE,pos,343,hw,343,i,730,ph,2_785,d,24_234,e,56,st,AT_SPEED,flt,FALSE,up,TRUE,ig,0,o_pos,-343,o_hw,-343,o_i,892,o_up,TRUE,why,NONE
[2026-09-15T13:57:30.142] Cog0  BM-TS,seq,3_152,tid,23,k,664,lt,FALSE,pos,348,hw,348,i,804,ph,1_905,d,24_222,e,46,st,AT_SPEED,flt,FALSE,up,TRUE,ig,0,o_pos,-348,o_hw,-348,o_i,841,o_up,TRUE,why,NONE
[2026-09-15T13:57:30.144] Cog0  BM-TS,seq,3_153,tid,23,k,668,lt,FALSE,pos,353,hw,353,i,823,ph,2_313,d,24_261,e,30,st,AT_SPEED,flt,FALSE,up,TRUE,ig,0,o_pos,-352,o_hw,-352,o_i,811,o_up,TRUE,why,NONE
[2026-09-15T13:57:30.147] Cog0  BM-TS,seq,3_154,tid,23,k,672,lt,FALSE,pos,357,hw,357,i,740,ph,2_598,d,24_250,e,62,st,AT_SPEED,flt,FALSE,up,TRUE,ig,0,o_pos,-357,o_hw,-357,o_i,849,o_up,TRUE,why,NONE
[2026-09-15T13:57:30.149] Cog0  BM-TS,seq,3_155,tid,23,k,676,lt,FALSE,pos,362,hw,362,i,859,ph,1_881,d,24_221,e,52,st,AT_SPEED,flt,FALSE,up,TRUE,ig,0,o_pos,-362,o_hw,-362,o_i,832,o_up,TRUE,why,NONE
[2026-09-15T13:57:30.151] Cog0  BM-TS,seq,3_156,tid,23,k,680,lt,FALSE,pos,367,hw,367,i,787,ph,2_507,d,24_247,e,36,st,AT_SPEED,flt,FALSE,up,TRUE,ig,0,o_pos,-366,o_hw,-366,o_i,929,o_up,TRUE,why,NONE
[2026-09-15T13:57:30.154] Cog0  BM-TS,seq,3_157,tid,23,k,684,lt,FALSE,pos,371,hw,371,i,744,ph,2_485,d,24_264,e,68,st,AT_SPEED,flt,FALSE,up,TRUE,ig,0,o_pos,-371,o_hw,-371,o_i,831,o_up,TRUE,why,NONE
[2026-09-15T13:57:30.156] Cog0  BM-TS,seq,3_158,tid,23,k,688,lt,FALSE,pos,376,hw,376,i,810,ph,1_737,d,24_226,e,52,st,AT_SPEED,flt,FALSE,up,TRUE,ig,0,o_pos,-376,o_hw,-376,o_i,768,o_up,TRUE,why,NONE
[2026-09-15T13:57:30.158] Cog0  BM-TS,seq,3_159,tid,23,k,692,lt,FALSE,pos,381,hw,381,i,773,ph,2_619,d,24_242,e,42,st,AT_SPEED,flt,FALSE,up,TRUE,ig,0,o_pos,-381,o_hw,-381,o_i,905,o_up,TRUE,why,NONE
[2026-09-15T13:57:30.161] Cog0  BM-TS,seq,3_160,tid,23,k,696,lt,FALSE,pos,385,hw,385,i,853,ph,2_291,d,24_264,e,74,st,AT_SPEED,flt,FALSE,up,TRUE,ig,0,o_pos,-385,o_hw,-385,o_i,811,o_up,TRUE,why,NONE
[2026-09-15T13:57:30.163] Cog0  BM-TS,seq,3_161,tid,23,k,700,lt,FALSE,pos,390,hw,390,i,763,ph,1_934,d,24_248,e,58,st,AT_SPEED,flt,FALSE,up,TRUE,ig,0,o_pos,-390,o_hw,-390,o_i,803,o_up,TRUE,why,NONE
[2026-09-15T13:57:30.165] Cog0  BM-TS,seq,3_162,tid,23,k,704,lt,FALSE,pos,395,hw,395,i,751,ph,2_815,d,24_221,e,48,st,AT_SPEED,flt,FALSE,up,TRUE,ig,0,o_pos,-395,o_hw,-395,o_i,884,o_up,TRUE,why,NONE
[2026-09-15T13:57:30.167] Cog0  BM-TS,seq,3_163,tid,23,k,708,lt,FALSE,pos,400,hw,400,i,867,ph,2_249,d,24_255,e,31,st,AT_SPEED,flt,FALSE,up,TRUE,ig,0,o_pos,-399,o_hw,-399,o_i,795,o_up,TRUE,why,NONE
[2026-09-15T13:57:30.170] Cog0  BM-TS,seq,3_164,tid,23,k,712,lt,FALSE,pos,404,hw,404,i,756,ph,2_037,d,24_264,e,64,st,AT_SPEED,flt,FALSE,up,TRUE,ig,0,o_pos,-404,o_hw,-404,o_i,890,o_up,TRUE,why,NONE
[2026-09-15T13:57:30.172] Cog0  BM-TS,seq,3_165,tid,23,k,716,lt,FALSE,pos,409,hw,409,i,773,ph,2_873,d,24_219,e,53,st,AT_SPEED,flt,FALSE,up,TRUE,ig,0,o_pos,-409,o_hw,-409,o_i,807,o_up,TRUE,why,NONE
[2026-09-15T13:57:30.174] Cog0  BM-TS,seq,3_166,tid,23,k,720,lt,FALSE,pos,414,hw,414,i,803,ph,2_141,d,24_234,e,37,st,AT_SPEED,flt,FALSE,up,TRUE,ig,0,o_pos,-414,o_hw,-413,o_i,829,o_up,TRUE,why,NONE
[2026-09-15T13:57:30.177] Cog0  BM-TS,seq,3_167,tid,23,k,724,lt,FALSE,pos,418,hw,418,i,728,ph,2_216,d,24_263,e,69,st,AT_SPEED,flt,FALSE,up,TRUE,ig,0,o_pos,-418,o_hw,-418,o_i,862,o_up,TRUE,why,NONE
[2026-09-15T13:57:30.179] Cog0  BM-TS,seq,3_168,tid,23,k,728,lt,FALSE,pos,423,hw,423,i,839,ph,2_841,d,24_226,e,59,st,AT_SPEED,flt,FALSE,up,TRUE,ig,0,o_pos,-423,o_hw,-423,o_i,764,o_up,TRUE,why,NONE
[2026-09-15T13:57:30.181] Cog0  BM-TS,seq,3_169,tid,23,k,732,lt,FALSE,pos,428,hw,428,i,782,ph,1_949,d,24_233,e,43,st,AT_SPEED,flt,FALSE,up,TRUE,ig,0,o_pos,-428,o_hw,-428,o_i,946,o_up,TRUE,why,NONE
[2026-09-15T13:57:30.183] Cog0  BM-TS,seq,3_170,tid,23,k,736,lt,FALSE,pos,432,hw,432,i,807,ph,2_409,d,24_264,e,75,st,AT_SPEED,flt,FALSE,up,TRUE,ig,0,o_pos,-432,o_hw,-432,o_i,836,o_up,TRUE,why,NONE
[2026-09-15T13:57:30.186] Cog0  BM-TS,seq,3_171,tid,23,k,740,lt,FALSE,pos,437,hw,437,i,804,ph,2_734,d,24_238,e,59,st,AT_SPEED,flt,FALSE,up,TRUE,ig,0,o_pos,-437,o_hw,-437,o_i,777,o_up,TRUE,why,NONE
[2026-09-15T13:57:30.188] Cog0  BM-TS,seq,3_172,tid,23,k,744,lt,FALSE,pos,442,hw,442,i,742,ph,1_799,d,24_233,e,49,st,AT_SPEED,flt,FALSE,up,TRUE,ig,0,o_pos,-442,o_hw,-442,o_i,889,o_up,TRUE,why,NONE
[2026-09-15T13:57:30.190] Cog0  BM-TS,seq,3_173,tid,23,k,748,lt,FALSE,pos,447,hw,447,i,889,ph,2_376,d,24_251,e,39,st,AT_SPEED,flt,FALSE,up,TRUE,ig,0,o_pos,-446,o_hw,-446,o_i,815,o_up,TRUE,why,NONE
[2026-09-15T13:57:30.192] Cog0  BM-TS,seq,3_174,tid,23,k,752,lt,FALSE,pos,451,hw,451,i,748,ph,2_547,d,24_264,e,65,st,AT_SPEED,flt,FALSE,up,TRUE,ig,0,o_pos,-451,o_hw,-451,o_i,898,o_up,TRUE,why,NONE
[2026-09-15T13:57:30.195] Cog0  BM-TS,seq,3_175,tid,23,k,756,lt,FALSE,pos,456,hw,456,i,740,ph,1_856,d,24_241,e,55,st,AT_SPEED,flt,FALSE,up,TRUE,ig,0,o_pos,-456,o_hw,-456,o_i,832,o_up,TRUE,why,NONE
[2026-09-15T13:57:30.197] Cog0  BM-TS,seq,3_176,tid,23,k,760,lt,FALSE,pos,461,hw,461,i,859,ph,2_559,d,24_230,e,38,st,AT_SPEED,flt,FALSE,up,TRUE,ig,0,o_pos,-461,o_hw,-461,o_i,814,o_up,TRUE,why,NONE
[2026-09-15T13:57:30.199] Cog0  BM-TS,seq,3_177,tid,23,k,764,lt,FALSE,pos,465,hw,465,i,749,ph,2_360,d,24_264,e,71,st,AT_SPEED,flt,FALSE,up,TRUE,ig,0,o_pos,-465,o_hw,-465,o_i,902,o_up,TRUE,why,NONE
[2026-09-15T13:57:30.202] Cog0  BM-TS,seq,3_178,tid,23,k,768,lt,FALSE,pos,470,hw,470,i,825,ph,1_969,d,24_222,e,61,st,AT_SPEED,flt,FALSE,up,TRUE,ig,0,o_pos,-470,o_hw,-470,o_i,772,o_up,TRUE,why,NONE
[2026-09-15T13:57:30.204] Cog0  BM-TS,seq,3_179,tid,23,k,772,lt,FALSE,pos,475,hw,475,i,793,ph,2_739,d,24_234,e,44,st,AT_SPEED,flt,FALSE,up,TRUE,ig,0,o_pos,-475,o_hw,-475,o_i,847,o_up,TRUE,why,NONE
[2026-09-15T13:57:30.206] Cog0  BM-TS,seq,3_180,tid,23,k,776,lt,FALSE,pos,480,hw,480,i,761,ph,2_227,d,24_260,e,34,st,AT_SPEED,flt,FALSE,up,TRUE,ig,0,o_pos,-479,o_hw,-479,o_i,849,o_up,TRUE,why,NONE
[2026-09-15T13:57:30.209] Cog0  BM-TS,seq,3_181,tid,23,k,780,lt,FALSE,pos,484,hw,484,i,826,ph,1_963,d,24_243,e,60,st,AT_SPEED,flt,FALSE,up,TRUE,ig,0,o_pos,-484,o_hw,-484,o_i,750,o_up,TRUE,why,NONE
[2026-09-15T13:57:30.211] Cog0  BM-TS,seq,3_182,tid,23,k,784,lt,FALSE,pos,489,hw,489,i,735,ph,2_834,d,24_233,e,50,st,AT_SPEED,flt,FALSE,up,TRUE,ig,0,o_pos,-489,o_hw,-489,o_i,901,o_up,TRUE,why,NONE
[2026-09-15T13:57:30.213] Cog0  BM-TS,seq,3_183,tid,23,k,788,lt,FALSE,pos,494,hw,494,i,829,ph,2_023,d,24_240,e,40,st,AT_SPEED,flt,FALSE,up,TRUE,ig,0,o_pos,-493,o_hw,-493,o_i,828,o_up,TRUE,why,NONE
[2026-09-15T13:57:30.215] Cog0  BM-TS,seq,3_184,tid,23,k,792,lt,FALSE,pos,498,hw,498,i,791,ph,2_159,d,24_264,e,66,st,AT_SPEED,flt,FALSE,up,TRUE,ig,0,o_pos,-498,o_hw,-498,o_i,848,o_up,TRUE,why,NONE
[2026-09-15T13:57:30.218] Cog0  BM-TS,seq,3_185,tid,23,k,796,lt,FALSE,pos,503,hw,503,i,723,ph,2_808,d,24_235,e,56,st,AT_SPEED,flt,FALSE,up,TRUE,ig,0,o_pos,-503,o_hw,-503,o_i,849,o_up,TRUE,why,NONE
[2026-09-15T13:57:30.220] Cog0  BM-TS,seq,3_186,tid,23,k,800,lt,FALSE,pos,508,hw,508,i,889,ph,2_027,d,24_222,e,46,st,AT_SPEED,flt,FALSE,up,TRUE,ig,0,o_pos,-508,o_hw,-508,o_i,799,o_up,TRUE,why,NONE
[2026-09-15T13:57:30.222] Cog0  BM-TS,seq,3_187,tid,23,k,804,lt,FALSE,pos,512,hw,512,i,765,ph,2_264,d,24_264,e,72,st,AT_SPEED,flt,FALSE,up,TRUE,ig,0,o_pos,-512,o_hw,-512,o_i,922,o_up,TRUE,why,NONE
[2026-09-15T13:57:30.224] Cog0  BM-TS,seq,3_188,tid,23,k,808,lt,FALSE,pos,517,hw,517,i,762,ph,2_640,d,24_236,e,62,st,AT_SPEED,flt,FALSE,up,TRUE,ig,0,o_pos,-517,o_hw,-517,o_i,781,o_up,TRUE,why,NONE
[2026-09-15T13:57:30.227] Cog0  BM-TS,seq,3_189,tid,23,k,812,lt,FALSE,pos,522,hw,522,i,812,ph,1_923,d,24_224,e,45,st,AT_SPEED,flt,FALSE,up,TRUE,ig,0,o_pos,-522,o_hw,-522,o_i,830,o_up,TRUE,why,NONE
[2026-09-15T13:57:30.229] Cog0  BM-TS,seq,3_190,tid,23,k,816,lt,FALSE,pos,527,hw,527,i,751,ph,2_477,d,24_244,e,35,st,AT_SPEED,flt,FALSE,up,TRUE,ig,0,o_pos,-526,o_hw,-526,o_i,894,o_up,TRUE,why,NONE
[2026-09-15T13:57:30.232] Cog0  BM-TS,seq,3_191,tid,23,k,820,lt,FALSE,pos,531,hw,531,i,856,ph,2_620,d,24_264,e,68,st,SPIN_DN,flt,FALSE,up,TRUE,ig,0,o_pos,-531,o_hw,-531,o_i,775,o_up,TRUE,why,NONE
[2026-09-15T13:57:30.234] Cog0  BM-TS,seq,3_192,tid,23,k,824,lt,FALSE,pos,536,hw,536,i,798,ph,1_766,d,24_227,e,50,st,SPIN_DN,flt,FALSE,up,TRUE,ig,0,o_pos,-536,o_hw,-536,o_i,947,o_up,TRUE,why,NONE
[2026-09-15T13:57:30.236] Cog0  BM-TS,seq,3_193,tid,23,k,828,lt,FALSE,pos,541,hw,541,i,900,ph,2_491,d,24_251,e,35,st,SPIN_DN,flt,FALSE,up,TRUE,ig,0,o_pos,-540,o_hw,-540,o_i,927,o_up,TRUE,why,NONE
[2026-09-15T13:57:30.238] Cog0  BM-TS,seq,3_194,tid,23,k,832,lt,FALSE,pos,545,hw,545,i,942,ph,2_828,d,24_206,e,54,st,SPIN_DN,flt,FALSE,up,TRUE,ig,0,o_pos,-545,o_hw,-545,o_i,934,o_up,TRUE,why,NONE
[2026-09-15T13:57:30.241] Cog0  BM-TS,seq,3_195,tid,23,k,836,lt,FALSE,pos,550,hw,550,i,970,ph,2_141,d,24_246,e,34,st,SPIN_DN,flt,FALSE,up,TRUE,ig,0,o_pos,-549,o_hw,-549,o_i,1_105,o_up,TRUE,why,NONE
[2026-09-15T13:57:30.243] Cog0  BM-TS,seq,3_196,tid,23,k,840,lt,FALSE,pos,554,hw,554,i,1_073,ph,1_764,d,24_203,e,53,st,SPIN_DN,flt,FALSE,up,TRUE,ig,0,o_pos,-554,o_hw,-554,o_i,1_026,o_up,TRUE,why,NONE
[2026-09-15T13:57:30.245] Cog0  BM-TS,seq,3_197,tid,23,k,844,lt,FALSE,pos,558,hw,558,i,1_072,ph,2_059,d,24_246,e,64,st,SPIN_DN,flt,FALSE,up,TRUE,ig,0,o_pos,-558,o_hw,-558,o_i,1_213,o_up,TRUE,why,NONE
[2026-09-15T13:57:30.247] Cog0  BM-TS,seq,3_198,tid,23,k,848,lt,FALSE,pos,563,hw,563,i,1_114,ph,2_434,d,24_227,e,35,st,SPIN_DN,flt,FALSE,up,TRUE,ig,0,o_pos,-563,o_hw,-563,o_i,1_239,o_up,TRUE,why,NONE
[2026-09-15T13:57:30.250] Cog0  BM-TS,seq,3_199,tid,23,k,852,lt,FALSE,pos,567,hw,567,i,1_179,ph,2_556,d,24_170,e,41,st,SPIN_DN,flt,FALSE,up,TRUE,ig,0,o_pos,-567,o_hw,-567,o_i,1_180,o_up,TRUE,why,NONE
[2026-09-15T13:57:30.252] Cog0  BM-TS,seq,3_200,tid,23,k,856,lt,FALSE,pos,571,hw,571,i,1_133,ph,2_781,d,24_144,e,49,st,SPIN_DN,flt,FALSE,up,TRUE,ig,0,o_pos,-571,o_hw,-571,o_i,1_292,o_up,TRUE,why,NONE
[2026-09-15T13:57:30.255] Cog0  BM-TS,seq,3_201,tid,23,k,860,lt,FALSE,pos,575,hw,575,i,1_268,ph,2_762,d,24_082,e,54,st,SPIN_DN,flt,FALSE,up,TRUE,ig,0,o_pos,-575,o_hw,-575,o_i,1_323,o_up,TRUE,why,NONE
[2026-09-15T13:57:30.257] Cog0  BM-TS,seq,3_202,tid,23,k,864,lt,FALSE,pos,579,hw,579,i,1_269,ph,2_785,d,23_988,e,51,st,SPIN_DN,flt,FALSE,up,TRUE,ig,0,o_pos,-579,o_hw,-579,o_i,1_396,o_up,TRUE,why,NONE
[2026-09-15T13:57:30.259] Cog0  BM-TS,seq,3_203,tid,23,k,868,lt,FALSE,pos,583,hw,583,i,1_235,ph,2_819,d,23_888,e,51,st,SPIN_DN,flt,FALSE,up,TRUE,ig,0,o_pos,-583,o_hw,-583,o_i,1_459,o_up,TRUE,why,NONE
[2026-09-15T13:57:30.261] Cog0  BM-TS,seq,3_204,tid,23,k,872,lt,FALSE,pos,587,hw,587,i,1_341,ph,2_593,d,23_773,e,43,st,SPIN_DN,flt,FALSE,up,TRUE,ig,0,o_pos,-587,o_hw,-587,o_i,1_437,o_up,TRUE,why,NONE
[2026-09-15T13:57:30.264] Cog0  BM-TS,seq,3_205,tid,23,k,876,lt,FALSE,pos,591,hw,591,i,1_324,ph,2_409,d,23_666,e,37,st,SPIN_DN,flt,FALSE,up,TRUE,ig,0,o_pos,-591,o_hw,-591,o_i,1_646,o_up,TRUE,why,NONE
[2026-09-15T13:57:30.266] Cog0  BM-TS,seq,3_206,tid,23,k,877,lt,FALSE,pos,-458,hw,592,i,NA,ph,NA,d,NA,e,NA,st,UNKNOWN,flt,FALSE,up,FALSE,ig,0,o_pos,458,o_hw,-592,o_i,NA,o_up,FALSE,why,NO_COG
[2026-09-15T13:57:30.282] Cog0  BM-TRACE-END,seq,3_207,tid,23,stored,878,emitted,267,ksum,96_023,mark_k,1,late,0,skipped,0,lost_head,0,dropped,0,end,ABORT,rest_k,1,ig_sum,0,o_ig_sum,0,hw_skip,0,stride,4,why,NONE
[2026-09-15T13:57:30.284] Cog0  BM-OVERSHOOT,seq,3_208,tid,23,sid,7,motor,BOTH,power,75,dist_ft,10,tgt,529,l_stop,531,r_stop,-531,l_rest,-458,r_rest,458,l_trk,0,r_trk,0,t_stop,3_276,l_ig,0,r_ig,0,why,NONE
[2026-09-15T13:57:30.286] Cog0  BM-STRACE,seq,3_209,tid,24,seg,OVERSHT,life,7,motor,BOTH,cause,DISTANCE,l_pwr,75,r_pwr,75,dir,0,req_mode,FLOAT,period_us,2_000,decim,2,pre,50,why,NO_COG
[2026-09-15T13:57:30.288] Cog0  BM-TRACE-END,seq,3_210,tid,24,stored,0,emitted,0,ksum,0,mark_k,NA,late,NA,skipped,NA,lost_head,0,dropped,0,end,ABORT,rest_k,NA,ig_sum,0,o_ig_sum,0,hw_skip,0,stride,1,why,NO_COG
[2026-09-15T13:57:30.295] Cog0  BM-OVERSHOOT,seq,3_211,tid,24,sid,7,motor,BOTH,power,75,dist_ft,10,tgt,529,l_stop,NA,r_stop,NA,l_rest,NA,r_rest,NA,l_trk,0,r_trk,0,t_stop,NA,l_ig,0,r_ig,0,why,NO_COG
[2026-09-15T13:57:30.301] Cog0  BM-SEG,seq,3_212,seg,OVERSHT,event,END,attended,FALSE,items,4,faults,0,unrecov,0,ms,12_848,why,NONE
[2026-09-15T13:57:30.303] Cog0  BM-INST,seq,3_213,event,STOP,cog,2,state,EXITED,ack_ms,5,samples,11_618,late,0,skipped,0,max_late_us,0,clamps,0,why,NONE
[2026-09-15T13:57:30.304] Cog0  SIGNOFF,sf,1,bin,DUAL,cell,R14-DUAL-NOSTALL-B,task,3508,motor,NONE,crit,ENDED_BY_COG0,measured,TRUE,lo,TRUE,hi,TRUE,units,BOOL,n,1,verdict,PASS
[2026-09-15T13:57:30.306] Cog0  SIGNOFF,sf,1,bin,DUAL,cell,R14-DUAL-DBGMASK-B,task,3508,motor,NONE,crit,QUIET_MASKS,measured,TRUE,lo,TRUE,hi,TRUE,units,BOOL,n,1,verdict,PASS
[2026-09-15T13:57:30.307] Cog0  SIGNOFF,sf,1,bin,DUAL,cell,R14-DUAL-TRACES-B,task,3508,motor,NONE,crit,TRACE_DATA_LOST,measured,0,lo,0,hi,0,units,COUNT,n,11,verdict,PASS
[2026-09-15T13:57:30.309] Cog0  SIGNOFF,sf,1,bin,DUAL,cell,R14-DUAL-RSTPROV-B,task,3508,motor,LEFT,crit,RESET_UNCLEARED,measured,0,lo,0,hi,0,units,COUNT,n,3,verdict,PASS
[2026-09-15T13:57:30.309] Cog0  SIGNOFF,sf,1,bin,DUAL,cell,R14-DUAL-RAMPREST-B,task,3508,motor,LEFT,crit,RAMP_RESTORED,measured,TRUE,lo,TRUE,hi,TRUE,units,BOOL,n,1,verdict,PASS
[2026-09-15T13:57:30.312] Cog0  SIGNOFF,sf,1,bin,DUAL,cell,R14-DUAL-RSTPROV-B,task,3508,motor,RIGHT,crit,RESET_UNCLEARED,measured,NA,lo,0,hi,0,units,COUNT,n,0,verdict,NOMEAS
[2026-09-15T13:57:30.313] Cog0  SIGNOFF,sf,1,bin,DUAL,cell,R14-DUAL-RAMPREST-B,task,3508,motor,RIGHT,crit,RAMP_RESTORED,measured,TRUE,lo,TRUE,hi,TRUE,units,BOOL,n,1,verdict,PASS
[2026-09-15T13:57:30.314] Cog0  BM-TRAP,seq,3_214,code,0,returned,TRUE
[2026-09-15T13:57:30.330] Cog0  BM-END,seq,3_215,exit,COMPLETE,part,B,segs,3,last_seg,OVERSHT,records,3_215,trap_code,0,unrecov,0,why,NONE
[2026-09-15T13:57:30.330] Cog0  DEBUG_END_SESSION

=== Debug Logger Session Ended at 2026-09-15T13:57:30.334 ===
