=== Debug Logger Session Started at 2026-09-15T14:21:03.521 ===
PNut-Term-TS: v1.0.8
Program: debug
=====================================

[2026-09-15T14:21:03.420] [SYSTEM] BAUD_RATE_SET 2000000 baud (preferences/default)

=== Session ended - Download Started at 2026-09-15T14:21:03.649 ===
=== Debug Logger Session Started at 2026-09-15T14:21:03.653 ===
PNut-Term-TS: v1.0.8
Program: debug
=====================================

[2026-09-15T14:21:03.650] [SYSTEM] [DOWNLOAD TO RAM] File: test_bench_dual.bin | Size: 54742 bytes | Modified: 2026-09-15T20:21:02.644Z
[2026-09-15T14:21:03.653] [SYSTEM] Download Session Started
[2026-09-15T14:21:05.116] [SYSTEM] [DOWNLOAD SUCCESS] test_bench_dual.bin successfully downloaded to RAM
[2026-09-15T14:21:05.127] Cog0  INIT $0000_0000 $0000_0000 load
[2026-09-15T14:21:05.127] Cog0  INIT $0000_0FA8 $0003_389C jump
[2026-09-15T14:21:05.127] Cog1  INIT $0000_0FA8 $0003_2308 jump
[2026-09-15T14:21:05.127] Cog0  BM-WDSTART,seq,1,started,TRUE,cog,1
[2026-09-15T14:21:05.129] Cog0  BM-BANNER,seq,2,src_rev,7,fmt,1,part,UI,cfg_id,BENCH,frame,MOTOR,clkfreq,270_000_000,left_base,32,right_base,16,voltage_enum,6,det_mode,30,motor_type,0,quiet,TRUE,mdbg,3,sdbg,3
[2026-09-15T14:21:05.129] Cog0  BM-BUILD,seq,3,sf,1,inst_hz,500,inst_ticks,540_000,ring,4_096,slongs,9,waitms_max,7_953,wd_stall_ms,4_000,abs_abort_mV,1_500,ladder_max,165_000_000,rwire_mohm,20,pack_mV,18_500,fault_cool_ms,5_000
[2026-09-15T14:21:05.130] Cog0  SIGNOFF-DECL,sf,1,bin,DUAL,cell,R14-DUAL-NOSTALL-U,task,3508
[2026-09-15T14:21:05.131] Cog0  SIGNOFF-DECL,sf,1,bin,DUAL,cell,R14-DUAL-DBGMASK-U,task,3508
[2026-09-15T14:21:05.132] Cog0  SIGNOFF-DECL,sf,1,bin,DUAL,cell,R14-DUAL-UICHECK-U,task,3508
[2026-09-15T14:21:05.133] Cog0  BM-PLAN,seq,4,seg,UICHECK,order,1,attended,TRUE,part,UI,finds,AC,est_s,120,est_kb,100
[2026-09-15T14:21:05.133] Cog0  * PANIC PROCEDURE IS PHYSICAL BATTERY DISCONNECT ONLY -- emergencyCutoff() self-cancels in about 250 ms (finding S-4)
[2026-09-15T14:21:05.139] Cog2  INIT $0000_0FA8 $0003_044C jump
[2026-09-15T14:21:05.140] Cog0  BM-INST,seq,5,event,START,cog,2,state,IDLE,ack_ms,5,samples,0,late,0,skipped,0,max_late_us,0,clamps,0,why,NONE
[2026-09-15T14:21:05.140] Cog0  BM-SEG,seq,6,seg,UICHECK,event,BEGIN,attended,TRUE,items,0,faults,0,unrecov,0,ms,0,why,NONE
[2026-09-15T14:21:05.217] `PLOT bmpanel TITLE 'Motion harness operator panel' SIZE 480 260 POS 60 80 HIDEXY UPDATE<CR><LF>`bmpanel cartesian 1<CR><LF>`bmpanel LAYER 1 'bm_bg.bmp'<CR><LF>`bmpanel LAYER 2 'bm_prompt.bmp'<CR><LF>`bmpanel LAYER 3 'bm_state.bmp'<CR><LF>`bmpanel LAYER 4 'bm_buttons.bmp'<CR><LF>`bmpanel LAYER 5 'bm_digits.bmp'<CR><LF>`bmpanel crop 1<CR><LF>`bmpanel update<CR><LF>`bmpanel crop 2 0, 456, 456, 76, 12, 34<CR><LF>`bmpanel crop 3 0, 320, 300, 32, 12, 116<CR><LF>`bmpanel crop 4 0, 0, 108, 36, 12, 156<CR><LF>`bmpanel crop 1 128, 156, 108, 36<CR><LF>`bmpanel crop 1 244, 156, 108, 36<CR><LF>`bmpanel crop 1 12, 198, 108, 36<CR><LF>`bmpanel crop 1 128, 198, 108, 36<CR><LF>`bmpanel crop 1 244, 198, 108, 36<CR><LF>`bmpanel crop 1 360, 198, 108, 36<CR><LF>`bmpanel crop 5 200, 0, 20, 32, 404, 116<CR><LF>`bmpanel crop 5 200, 0, 20, 32, 424, 116<CR><LF>`bmpanel crop 5 200, 0, 20, 32, 444, 116<CR><LF>`bmpanel update<CR><LF>`bmpanel crop 2 0, 456, 456, 76, 12, 34<CR><LF>`bmpanel crop 3 0, 320, 300, 32, 12, 116<CR><LF>`bmpanel crop 4 0, 0, 108, 36, 12, 156<CR><LF>`bmpanel crop 1 128, 156, 108, 36<CR><LF>`bmpanel crop 1 244, 156, 108, 36<CR><LF>`bmpanel crop 1 12, 198, 108, 36<CR><LF>`bmpanel crop 1 128, 198, 108, 36<CR><LF>`bmpanel crop 1 244, 198, 108, 36<CR><LF>`bmpanel crop 1 360, 198, 108, 36<CR><LF>`bmpanel crop 5 200, 0, 20, 32, 404, 116<CR><LF>`bmpanel crop 5 60, 0, 20, 32, 424, 116<CR><LF>`bmpanel crop 5 0, 0, 20, 32, 444, 116<CR><LF>`bmpanel update<CR><LF>`bmpanel PC_KEY<CR><LF>
[2026-09-15T14:21:05.501] `bmpanel PC_MOUSE<CR><LF>
[2026-09-15T14:21:05.586] `bmpanel PC_KEY<CR><LF>`bmpanel PC_MOUSE<CR><LF>
[2026-09-15T14:21:05.662] `bmpanel PC_KEY<CR><LF>`bmpanel PC_MOUSE<CR><LF>
[2026-09-15T14:21:05.740] `bmpanel PC_KEY<CR><LF>`bmpanel PC_MOUSE<CR><LF>
[2026-09-15T14:21:05.824] `bmpanel PC_KEY<CR><LF>`bmpanel PC_MOUSE<CR><LF>
[2026-09-15T14:21:05.904] `bmpanel PC_KEY<CR><LF>`bmpanel PC_MOUSE<CR><LF>
[2026-09-15T14:21:05.982] `bmpanel PC_KEY<CR><LF>`bmpanel PC_MOUSE<CR><LF>
[2026-09-15T14:21:06.061] `bmpanel PC_KEY<CR><LF>`bmpanel PC_MOUSE<CR><LF>
[2026-09-15T14:21:06.142] `bmpanel PC_KEY<CR><LF>`bmpanel PC_MOUSE<CR><LF>
[2026-09-15T14:21:06.222] `bmpanel PC_KEY<CR><LF>`bmpanel PC_MOUSE<CR><LF>
[2026-09-15T14:21:06.307] `bmpanel crop 2 0, 456, 456, 76, 12, 34<CR><LF>`bmpanel crop 3 0, 320, 300, 32, 12, 116<CR><LF>`bmpanel crop 4 0, 0, 108, 36, 12, 156<CR><LF>`bmpanel crop 1 128, 156, 108, 36<CR><LF>`bmpanel crop 1 244, 156, 108, 36<CR><LF>`bmpanel crop 1 12, 198, 108, 36<CR><LF>`bmpanel crop 1 128, 198, 108, 36<CR><LF>`bmpanel crop 1 244, 198, 108, 36<CR><LF>`bmpanel crop 1 360, 198, 108, 36<CR><LF>`bmpanel crop 5 200, 0, 20, 32, 404, 116<CR><LF>`bmpanel crop 5 40, 0, 20, 32, 424, 116<CR><LF>`bmpanel crop 5 180, 0, 20, 32, 444, 116<CR><LF>`bmpanel update<CR><LF>`bmpanel PC_KEY<CR><LF>`bmpanel PC_MOUSE<CR><LF>
[2026-09-15T14:21:06.388] `bmpanel PC_KEY<CR><LF>`bmpanel PC_MOUSE<CR><LF>
[2026-09-15T14:21:06.467] `bmpanel PC_KEY<CR><LF>`bmpanel PC_MOUSE<CR><LF>
[2026-09-15T14:21:06.547] `bmpanel PC_KEY<CR><LF>`bmpanel PC_MOUSE<CR><LF>
[2026-09-15T14:21:06.626] `bmpanel PC_KEY<CR><LF>`bmpanel PC_MOUSE<CR><LF>
[2026-09-15T14:21:06.708] `bmpanel PC_KEY<CR><LF>`bmpanel PC_MOUSE<CR><LF>
[2026-09-15T14:21:06.787] `bmpanel PC_KEY<CR><LF>`bmpanel PC_MOUSE<CR><LF>
[2026-09-15T14:21:06.870] `bmpanel PC_KEY<CR><LF>`bmpanel PC_MOUSE<CR><LF>
[2026-09-15T14:21:06.946] `bmpanel PC_KEY<CR><LF>`bmpanel PC_MOUSE<CR><LF>
[2026-09-15T14:21:07.027] `bmpanel PC_KEY<CR><LF>`bmpanel PC_MOUSE<CR><LF>
[2026-09-15T14:21:07.106] `bmpanel PC_KEY<CR><LF>`bmpanel PC_MOUSE<CR><LF>
[2026-09-15T14:21:07.186] `bmpanel PC_KEY<CR><LF>`bmpanel PC_MOUSE<CR><LF>
[2026-09-15T14:21:07.271] `bmpanel crop 2 0, 456, 456, 76, 12, 34<CR><LF>`bmpanel crop 3 0, 320, 300, 32, 12, 116<CR><LF>`bmpanel crop 4 0, 0, 108, 36, 12, 156<CR><LF>`bmpanel crop 1 128, 156, 108, 36<CR><LF>`bmpanel crop 1 244, 156, 108, 36<CR><LF>`bmpanel crop 1 12, 198, 108, 36<CR><LF>`bmpanel crop 1 128, 198, 108, 36<CR><LF>`bmpanel crop 1 244, 198, 108, 36<CR><LF>`bmpanel crop 1 360, 198, 108, 36<CR><LF>`bmpanel crop 5 200, 0, 20, 32, 404, 116<CR><LF>`bmpanel crop 5 40, 0, 20, 32, 424, 116<CR><LF>`bmpanel crop 5 160, 0, 20, 32, 444, 116<CR><LF>`bmpanel update<CR><LF>`bmpanel PC_KEY<CR><LF>`bmpanel PC_MOUSE<CR><LF>
[2026-09-15T14:21:07.354] `bmpanel PC_KEY<CR><LF>`bmpanel PC_MOUSE<CR><LF>
[2026-09-15T14:21:07.431] `bmpanel PC_KEY<CR><LF>`bmpanel PC_MOUSE<CR><LF>
[2026-09-15T14:21:07.512] `bmpanel PC_KEY<CR><LF>`bmpanel PC_MOUSE<CR><LF>
[2026-09-15T14:21:07.593] `bmpanel PC_KEY<CR><LF>`bmpanel PC_MOUSE<CR><LF>
[2026-09-15T14:21:07.672] `bmpanel PC_KEY<CR><LF>`bmpanel PC_MOUSE<CR><LF>
[2026-09-15T14:21:07.754] `bmpanel PC_KEY<CR><LF>`bmpanel PC_MOUSE<CR><LF>
[2026-09-15T14:21:07.833] `bmpanel PC_KEY<CR><LF>`bmpanel PC_MOUSE<CR><LF>
[2026-09-15T14:21:07.913] `bmpanel PC_KEY<CR><LF>`bmpanel PC_MOUSE<CR><LF>
[2026-09-15T14:21:07.995] `bmpanel PC_KEY<CR><LF>`bmpanel PC_MOUSE<CR><LF>
[2026-09-15T14:21:08.073] `bmpanel PC_KEY<CR><LF>`bmpanel PC_MOUSE<CR><LF>
[2026-09-15T14:21:08.152] `bmpanel PC_KEY<CR><LF>`bmpanel PC_MOUSE<CR><LF>
[2026-09-15T14:21:08.240] `bmpanel crop 2 0, 456, 456, 76, 12, 34<CR><LF>`bmpanel crop 3 0, 320, 300, 32, 12, 116<CR><LF>`bmpanel crop 4 0, 0, 108, 36, 12, 156<CR><LF>`bmpanel crop 1 128, 156, 108, 36<CR><LF>`bmpanel crop 1 244, 156, 108, 36<CR><LF>`bmpanel crop 1 12, 198, 108, 36<CR><LF>`bmpanel crop 1 128, 198, 108, 36<CR><LF>`bmpanel crop 1 244, 198, 108, 36<CR><LF>`bmpanel crop 1 360, 198, 108, 36<CR><LF>`bmpanel crop 5 200, 0, 20, 32, 404, 116<CR><LF>`bmpanel crop 5 40, 0, 20, 32, 424, 116<CR><LF>`bmpanel crop 5 140, 0, 20, 32, 444, 116<CR><LF>`bmpanel update<CR><LF>`bmpanel PC_KEY<CR><LF>`bmpanel PC_MOUSE<CR><LF>
[2026-09-15T14:21:08.319] `bmpanel PC_KEY<CR><LF>`bmpanel PC_MOUSE<CR><LF>
[2026-09-15T14:21:08.399] `bmpanel PC_KEY<CR><LF>`bmpanel PC_MOUSE<CR><LF>
[2026-09-15T14:21:08.481] `bmpanel PC_KEY<CR><LF>`bmpanel PC_MOUSE<CR><LF>
[2026-09-15T14:21:08.558] `bmpanel PC_KEY<CR><LF>`bmpanel PC_MOUSE<CR><LF>
[2026-09-15T14:21:08.639] `bmpanel PC_KEY<CR><LF>`bmpanel PC_MOUSE<CR><LF>
[2026-09-15T14:21:08.719] `bmpanel PC_KEY<CR><LF>`bmpanel PC_MOUSE<CR><LF>
[2026-09-15T14:21:08.798] `bmpanel PC_KEY<CR><LF>`bmpanel PC_MOUSE<CR><LF>
[2026-09-15T14:21:08.879] `bmpanel PC_KEY<CR><LF>`bmpanel PC_MOUSE<CR><LF>
[2026-09-15T14:21:08.957] `bmpanel PC_KEY<CR><LF>`bmpanel PC_MOUSE<CR><LF>
[2026-09-15T14:21:09.037] `bmpanel PC_KEY<CR><LF>`bmpanel PC_MOUSE<CR><LF>
[2026-09-15T14:21:09.118] `bmpanel PC_KEY<CR><LF>`bmpanel PC_MOUSE<CR><LF>
[2026-09-15T14:21:09.199] `bmpanel PC_KEY<CR><LF>`bmpanel PC_MOUSE<CR><LF>
[2026-09-15T14:21:09.284] `bmpanel crop 2 0, 456, 456, 76, 12, 34<CR><LF>`bmpanel crop 3 0, 320, 300, 32, 12, 116<CR><LF>`bmpanel crop 4 0, 0, 108, 36, 12, 156<CR><LF>`bmpanel crop 1 128, 156, 108, 36<CR><LF>`bmpanel crop 1 244, 156, 108, 36<CR><LF>`bmpanel crop 1 12, 198, 108, 36<CR><LF>`bmpanel crop 1 128, 198, 108, 36<CR><LF>`bmpanel crop 1 244, 198, 108, 36<CR><LF>`bmpanel crop 1 360, 198, 108, 36<CR><LF>`bmpanel crop 5 200, 0, 20, 32, 404, 116<CR><LF>`bmpanel crop 5 40, 0, 20, 32, 424, 116<CR><LF>`bmpanel crop 5 120, 0, 20, 32, 444, 116<CR><LF>`bmpanel update<CR><LF>`bmpanel PC_KEY<CR><LF>`bmpanel PC_MOUSE<CR><LF>
[2026-09-15T14:21:09.366] `bmpanel PC_KEY<CR><LF>`bmpanel PC_MOUSE<CR><LF>
[2026-09-15T14:21:09.445] `bmpanel PC_KEY<CR><LF>`bmpanel PC_MOUSE<CR><LF>
[2026-09-15T14:21:09.524] `bmpanel PC_KEY<CR><LF>`bmpanel PC_MOUSE<CR><LF>
[2026-09-15T14:21:09.606] `bmpanel PC_KEY<CR><LF>`bmpanel PC_MOUSE<CR><LF>
[2026-09-15T14:21:09.684] `bmpanel PC_KEY<CR><LF>`bmpanel PC_MOUSE<CR><LF>
[2026-09-15T14:21:09.764] `bmpanel PC_KEY<CR><LF>`bmpanel PC_MOUSE<CR><LF>
[2026-09-15T14:21:09.882] `bmpanel PC_KEY<CR><LF>`bmpanel PC_MOUSE<CR><LF>`bmpanel crop 2 0, 456, 456, 76, 12, 34<CR><LF>`bmpanel crop 3 0, 448, 300, 32, 12, 116<CR><LF>`bmpanel crop 4 0, 0, 108, 36, 12, 156<CR><LF>`bmpanel crop 1 128, 156, 108, 36<CR><LF>`bmpanel crop 1 244, 156, 108, 36<CR><LF>`bmpanel crop 1 12, 198, 108, 36<CR><LF>`bmpanel crop 1 128, 198, 108, 36<CR><LF>`bmpanel crop 1 244, 198, 108, 36<CR><LF>`bmpanel crop 1 360, 198, 108, 36<CR><LF>`bmpanel crop 5 200, 0, 20, 32, 404, 116<CR><LF>`bmpanel crop 5 200, 0, 20, 32, 424, 116<CR><LF>`bmpanel crop 5 200, 0, 20, 32, 444, 116<CR><LF>`bmpanel update<CR><LF>`bmpanel crop 2 0, 456, 456, 76, 12, 34<CR><LF>`bmpanel crop 3 0, 448, 300, 32, 12, 116<CR><LF>`bmpanel crop 4 0, 0, 108, 36, 12, 156<CR><LF>`bmpanel crop 1 128, 156, 108, 36<CR><LF>`bmpanel crop 1 244, 156, 108, 36<CR><LF>`bmpanel crop 1 12, 198, 108, 36<CR><LF>`bmpanel crop 1 128, 198, 108, 36<CR><LF>`bmpanel crop 1 244, 198, 108, 36<CR><LF>`bmpanel crop 1 360, 198, 108, 36<CR><LF>`bmpanel crop 5 200, 0, 20, 32, 404, 116<CR><LF>`bmpanel crop 5 40, 0, 20, 32, 424, 116<CR><LF>`bmpanel crop 5 120, 0, 20, 32, 444, 116<CR><LF>`bmpanel update<CR><LF>`bmpanel PC_KEY<CR><LF>`bmpanel PC_MOUSE<CR><LF>
[2026-09-15T14:21:09.962] `bmpanel PC_KEY<CR><LF>`bmpanel PC_MOUSE<CR><LF>
[2026-09-15T14:21:10.046] `bmpanel PC_KEY<CR><LF>`bmpanel PC_MOUSE<CR><LF>
[2026-09-15T14:21:10.124] `bmpanel PC_KEY<CR><LF>`bmpanel PC_MOUSE<CR><LF>
[2026-09-15T14:21:10.202] `bmpanel PC_KEY<CR><LF>`bmpanel PC_MOUSE<CR><LF>
[2026-09-15T14:21:10.287] `bmpanel crop 2 0, 456, 456, 76, 12, 34<CR><LF>`bmpanel crop 3 0, 448, 300, 32, 12, 116<CR><LF>`bmpanel crop 4 0, 0, 108, 36, 12, 156<CR><LF>`bmpanel crop 1 128, 156, 108, 36<CR><LF>`bmpanel crop 1 244, 156, 108, 36<CR><LF>`bmpanel crop 1 12, 198, 108, 36<CR><LF>`bmpanel crop 1 128, 198, 108, 36<CR><LF>`bmpanel crop 1 244, 198, 108, 36<CR><LF>`bmpanel crop 1 360, 198, 108, 36<CR><LF>`bmpanel crop 5 200, 0, 20, 32, 404, 116<CR><LF>`bmpanel crop 5 40, 0, 20, 32, 424, 116<CR><LF>`bmpanel crop 5 100, 0, 20, 32, 444, 116<CR><LF>`bmpanel update<CR><LF>`bmpanel PC_KEY<CR><LF>`bmpanel PC_MOUSE<CR><LF>
[2026-09-15T14:21:10.368] `bmpanel PC_KEY<CR><LF>`bmpanel PC_MOUSE<CR><LF>
[2026-09-15T14:21:10.448] `bmpanel PC_KEY<CR><LF>`bmpanel PC_MOUSE<CR><LF>
[2026-09-15T14:21:10.532] `bmpanel PC_KEY<CR><LF>`bmpanel PC_MOUSE<CR><LF>
[2026-09-15T14:21:10.609] `bmpanel PC_KEY<CR><LF>`bmpanel PC_MOUSE<CR><LF>
[2026-09-15T14:21:10.688] `bmpanel PC_KEY<CR><LF>`bmpanel PC_MOUSE<CR><LF>
[2026-09-15T14:21:10.767] `bmpanel PC_KEY<CR><LF>`bmpanel PC_MOUSE<CR><LF>
[2026-09-15T14:21:10.849] `bmpanel PC_KEY<CR><LF>`bmpanel PC_MOUSE<CR><LF>
[2026-09-15T14:21:10.929] `bmpanel PC_KEY<CR><LF>`bmpanel PC_MOUSE<CR><LF>
[2026-09-15T14:21:11.009] `bmpanel PC_KEY<CR><LF>`bmpanel PC_MOUSE<CR><LF>
[2026-09-15T14:21:11.089] `bmpanel PC_KEY<CR><LF>`bmpanel PC_MOUSE<CR><LF>
[2026-09-15T14:21:11.169] `bmpanel PC_KEY<CR><LF>`bmpanel PC_MOUSE<CR><LF>
[2026-09-15T14:21:11.254] `bmpanel crop 2 0, 456, 456, 76, 12, 34<CR><LF>`bmpanel crop 3 0, 448, 300, 32, 12, 116<CR><LF>`bmpanel crop 4 0, 0, 108, 36, 12, 156<CR><LF>`bmpanel crop 1 128, 156, 108, 36<CR><LF>`bmpanel crop 1 244, 156, 108, 36<CR><LF>`bmpanel crop 1 12, 198, 108, 36<CR><LF>`bmpanel crop 1 128, 198, 108, 36<CR><LF>`bmpanel crop 1 244, 198, 108, 36<CR><LF>`bmpanel crop 1 360, 198, 108, 36<CR><LF>`bmpanel crop 5 200, 0, 20, 32, 404, 116<CR><LF>`bmpanel crop 5 40, 0, 20, 32, 424, 116<CR><LF>`bmpanel crop 5 80, 0, 20, 32, 444, 116<CR><LF>`bmpanel update<CR><LF>`bmpanel PC_KEY<CR><LF>`bmpanel PC_MOUSE<CR><LF>
[2026-09-15T14:21:11.334] `bmpanel PC_KEY<CR><LF>`bmpanel PC_MOUSE<CR><LF>
[2026-09-15T14:21:11.413] `bmpanel PC_KEY<CR><LF>`bmpanel PC_MOUSE<CR><LF>
[2026-09-15T14:21:11.495] `bmpanel PC_KEY<CR><LF>`bmpanel PC_MOUSE<CR><LF>
[2026-09-15T14:21:11.574] `bmpanel PC_KEY<CR><LF>`bmpanel PC_MOUSE<CR><LF>
[2026-09-15T14:21:11.655] `bmpanel PC_KEY<CR><LF>`bmpanel PC_MOUSE<CR><LF>
[2026-09-15T14:21:11.734] `bmpanel PC_KEY<CR><LF>`bmpanel PC_MOUSE<CR><LF>
[2026-09-15T14:21:11.814] `bmpanel PC_KEY<CR><LF>`bmpanel PC_MOUSE<CR><LF>
[2026-09-15T14:21:11.893] `bmpanel PC_KEY<CR><LF>`bmpanel PC_MOUSE<CR><LF>
[2026-09-15T14:21:11.974] `bmpanel PC_KEY<CR><LF>`bmpanel PC_MOUSE<CR><LF>
[2026-09-15T14:21:12.053] `bmpanel PC_KEY<CR><LF>`bmpanel PC_MOUSE<CR><LF>
[2026-09-15T14:21:12.134] `bmpanel PC_KEY<CR><LF>`bmpanel PC_MOUSE<CR><LF>
[2026-09-15T14:21:12.214] `bmpanel PC_KEY<CR><LF>`bmpanel PC_MOUSE<CR><LF>
[2026-09-15T14:21:12.302] `bmpanel crop 2 0, 456, 456, 76, 12, 34<CR><LF>`bmpanel crop 3 0, 448, 300, 32, 12, 116<CR><LF>`bmpanel crop 4 0, 0, 108, 36, 12, 156<CR><LF>`bmpanel crop 1 128, 156, 108, 36<CR><LF>`bmpanel crop 1 244, 156, 108, 36<CR><LF>`bmpanel crop 1 12, 198, 108, 36<CR><LF>`bmpanel crop 1 128, 198, 108, 36<CR><LF>`bmpanel crop 1 244, 198, 108, 36<CR><LF>`bmpanel crop 1 360, 198, 108, 36<CR><LF>`bmpanel crop 5 200, 0, 20, 32, 404, 116<CR><LF>`bmpanel crop 5 40, 0, 20, 32, 424, 116<CR><LF>`bmpanel crop 5 60, 0, 20, 32, 444, 116<CR><LF>`bmpanel update<CR><LF>`bmpanel PC_KEY<CR><LF>`bmpanel PC_MOUSE<CR><LF>
[2026-09-15T14:21:12.379] `bmpanel PC_KEY<CR><LF>`bmpanel PC_MOUSE<CR><LF>
[2026-09-15T14:21:12.459] `bmpanel PC_KEY<CR><LF>`bmpanel PC_MOUSE<CR><LF>
[2026-09-15T14:21:12.538] `bmpanel PC_KEY<CR><LF>`bmpanel PC_MOUSE<CR><LF>
[2026-09-15T14:21:12.619] `bmpanel PC_KEY<CR><LF>`bmpanel PC_MOUSE<CR><LF>
[2026-09-15T14:21:12.699] `bmpanel PC_KEY<CR><LF>`bmpanel PC_MOUSE<CR><LF>
[2026-09-15T14:21:12.779] `bmpanel PC_KEY<CR><LF>`bmpanel PC_MOUSE<CR><LF>
[2026-09-15T14:21:12.859] `bmpanel PC_KEY<CR><LF>`bmpanel PC_MOUSE<CR><LF>
[2026-09-15T14:21:12.943] `bmpanel PC_KEY<CR><LF>`bmpanel PC_MOUSE<CR><LF>
[2026-09-15T14:21:13.018] `bmpanel PC_KEY<CR><LF>`bmpanel PC_MOUSE<CR><LF>
[2026-09-15T14:21:13.100] `bmpanel PC_KEY<CR><LF>`bmpanel PC_MOUSE<CR><LF>
[2026-09-15T14:21:13.179] `bmpanel PC_KEY<CR><LF>`bmpanel PC_MOUSE<CR><LF>
[2026-09-15T14:21:13.266] `bmpanel crop 2 0, 456, 456, 76, 12, 34<CR><LF>`bmpanel crop 3 0, 448, 300, 32, 12, 116<CR><LF>`bmpanel crop 4 0, 0, 108, 36, 12, 156<CR><LF>`bmpanel crop 1 128, 156, 108, 36<CR><LF>`bmpanel crop 1 244, 156, 108, 36<CR><LF>`bmpanel crop 1 12, 198, 108, 36<CR><LF>`bmpanel crop 1 128, 198, 108, 36<CR><LF>`bmpanel crop 1 244, 198, 108, 36<CR><LF>`bmpanel crop 1 360, 198, 108, 36<CR><LF>`bmpanel crop 5 200, 0, 20, 32, 404, 116<CR><LF>`bmpanel crop 5 40, 0, 20, 32, 424, 116<CR><LF>`bmpanel crop 5 40, 0, 20, 32, 444, 116<CR><LF>`bmpanel update<CR><LF>`bmpanel PC_KEY<CR><LF>`bmpanel PC_MOUSE<CR><LF>
[2026-09-15T14:21:13.346] `bmpanel PC_KEY<CR><LF>`bmpanel PC_MOUSE<CR><LF>
[2026-09-15T14:21:13.426] `bmpanel PC_KEY<CR><LF>`bmpanel PC_MOUSE<CR><LF>
[2026-09-15T14:21:13.507] `bmpanel PC_KEY<CR><LF>`bmpanel PC_MOUSE<CR><LF>
[2026-09-15T14:21:13.585] `bmpanel PC_KEY<CR><LF>`bmpanel PC_MOUSE<CR><LF>
[2026-09-15T14:21:13.665] `bmpanel PC_KEY<CR><LF>`bmpanel PC_MOUSE<CR><LF>
[2026-09-15T14:21:13.744] `bmpanel PC_KEY<CR><LF>`bmpanel PC_MOUSE<CR><LF>
[2026-09-15T14:21:13.826] `bmpanel PC_KEY<CR><LF>`bmpanel PC_MOUSE<CR><LF>
[2026-09-15T14:21:13.907] `bmpanel PC_KEY<CR><LF>`bmpanel PC_MOUSE<CR><LF>
[2026-09-15T14:21:13.984] `bmpanel PC_KEY<CR><LF>`bmpanel PC_MOUSE<CR><LF>
[2026-09-15T14:21:14.064] `bmpanel PC_KEY<CR><LF>`bmpanel PC_MOUSE<CR><LF>
[2026-09-15T14:21:14.144] `bmpanel PC_KEY<CR><LF>`bmpanel PC_MOUSE<CR><LF>
[2026-09-15T14:21:14.235] `bmpanel crop 2 0, 456, 456, 76, 12, 34<CR><LF>`bmpanel crop 3 0, 448, 300, 32, 12, 116<CR><LF>`bmpanel crop 4 0, 0, 108, 36, 12, 156<CR><LF>`bmpanel crop 1 128, 156, 108, 36<CR><LF>`bmpanel crop 1 244, 156, 108, 36<CR><LF>`bmpanel crop 1 12, 198, 108, 36<CR><LF>`bmpanel crop 1 128, 198, 108, 36<CR><LF>`bmpanel crop 1 244, 198, 108, 36<CR><LF>`bmpanel crop 1 360, 198, 108, 36<CR><LF>`bmpanel crop 5 200, 0, 20, 32, 404, 116<CR><LF>`bmpanel crop 5 40, 0, 20, 32, 424, 116<CR><LF>`bmpanel crop 5 20, 0, 20, 32, 444, 116<CR><LF>`bmpanel update<CR><LF>`bmpanel PC_KEY<CR><LF>`bmpanel crop 2 0, 456, 456, 76, 12, 34<CR><LF>`bmpanel crop 3 0, 320, 300, 32, 12, 116<CR><LF>`bmpanel crop 4 108, 0, 108, 36, 12, 156<CR><LF>`bmpanel crop 1 128, 156, 108, 36<CR><LF>`bmpanel crop 1 244, 156, 108, 36<CR><LF>`bmpanel crop 1 12, 198, 108, 36<CR><LF>`bmpanel crop 1 128, 198, 108, 36<CR><LF>`bmpanel crop 1 244, 198, 108, 36<CR><LF>`bmpanel crop 1 360, 198, 108, 36<CR><LF>`bmpanel crop 5 200, 0, 20, 32, 404, 116<CR><LF>`bmpanel crop 5 200, 0, 20, 32, 424, 116<CR><LF>`bmpanel crop 5 200, 0, 20, 32, 444, 116<CR><LF>`bmpanel update<CR><LF>
[2026-09-15T14:21:14.669] Cog0  BM-UISTEP,seq,7,step,1,kind,CONTROL,tested,START,got,NA,key,TRUE,click,TRUE,press_x,65,press_y,172,prompt,6,result,OK,wait_ms,9_523,why,NONE
[2026-09-15T14:21:14.758] `bmpanel crop 2 0, 456, 456, 76, 12, 34<CR><LF>`bmpanel crop 3 0, 320, 300, 32, 12, 116<CR><LF>`bmpanel crop 1 12, 156, 108, 36<CR><LF>`bmpanel crop 4 0, 36, 108, 36, 128, 156<CR><LF>`bmpanel crop 1 244, 156, 108, 36<CR><LF>`bmpanel crop 1 12, 198, 108, 36<CR><LF>`bmpanel crop 1 128, 198, 108, 36<CR><LF>`bmpanel crop 1 244, 198, 108, 36<CR><LF>`bmpanel crop 1 360, 198, 108, 36<CR><LF>`bmpanel crop 5 200, 0, 20, 32, 404, 116<CR><LF>`bmpanel crop 5 200, 0, 20, 32, 424, 116<CR><LF>`bmpanel crop 5 200, 0, 20, 32, 444, 116<CR><LF>`bmpanel update<CR><LF>`bmpanel crop 2 0, 456, 456, 76, 12, 34<CR><LF>`bmpanel crop 3 0, 320, 300, 32, 12, 116<CR><LF>`bmpanel crop 1 12, 156, 108, 36<CR><LF>`bmpanel crop 4 0, 36, 108, 36, 128, 156<CR><LF>`bmpanel crop 1 244, 156, 108, 36<CR><LF>`bmpanel crop 1 12, 198, 108, 36<CR><LF>`bmpanel crop 1 128, 198, 108, 36<CR><LF>`bmpanel crop 1 244, 198, 108, 36<CR><LF>`bmpanel crop 1 360, 198, 108, 36<CR><LF>`bmpanel crop 5 200, 0, 20, 32, 404, 116<CR><LF>`bmpanel crop 5 60, 0, 20, 32, 424, 116<CR><LF>`bmpanel crop 5 0, 0, 20, 32, 444, 116<CR><LF>`bmpanel update<CR><LF>`bmpanel PC_KEY<CR><LF>`bmpanel PC_MOUSE<CR><LF>
[2026-09-15T14:21:14.836] `bmpanel PC_KEY<CR><LF>`bmpanel PC_MOUSE<CR><LF>
[2026-09-15T14:21:14.917] `bmpanel PC_KEY<CR><LF>`bmpanel PC_MOUSE<CR><LF>
[2026-09-15T14:21:14.998] `bmpanel PC_KEY<CR><LF>`bmpanel PC_MOUSE<CR><LF>
[2026-09-15T14:21:15.076] `bmpanel PC_KEY<CR><LF>`bmpanel PC_MOUSE<CR><LF>
[2026-09-15T14:21:15.157] `bmpanel PC_KEY<CR><LF>`bmpanel PC_MOUSE<CR><LF>
[2026-09-15T14:21:15.239] `bmpanel PC_KEY<CR><LF>`bmpanel PC_MOUSE<CR><LF>
[2026-09-15T14:21:15.318] `bmpanel PC_KEY<CR><LF>`bmpanel PC_MOUSE<CR><LF>
[2026-09-15T14:21:15.397] `bmpanel PC_KEY<CR><LF>`bmpanel PC_MOUSE<CR><LF>
[2026-09-15T14:21:15.476] `bmpanel PC_KEY<CR><LF>`bmpanel PC_MOUSE<CR><LF>
[2026-09-15T14:21:15.556] `bmpanel PC_KEY<CR><LF>`bmpanel PC_MOUSE<CR><LF>
[2026-09-15T14:21:15.637] `bmpanel PC_KEY<CR><LF>`bmpanel PC_MOUSE<CR><LF>
[2026-09-15T14:21:15.716] `bmpanel PC_KEY<CR><LF>`bmpanel PC_MOUSE<CR><LF>
[2026-09-15T14:21:15.801] `bmpanel crop 2 0, 456, 456, 76, 12, 34<CR><LF>`bmpanel crop 3 0, 320, 300, 32, 12, 116<CR><LF>`bmpanel crop 1 12, 156, 108, 36<CR><LF>`bmpanel crop 4 0, 36, 108, 36, 128, 156<CR><LF>`bmpanel crop 1 244, 156, 108, 36<CR><LF>`bmpanel crop 1 12, 198, 108, 36<CR><LF>`bmpanel crop 1 128, 198, 108, 36<CR><LF>`bmpanel crop 1 244, 198, 108, 36<CR><LF>`bmpanel crop 1 360, 198, 108, 36<CR><LF>`bmpanel crop 5 200, 0, 20, 32, 404, 116<CR><LF>`bmpanel crop 5 40, 0, 20, 32, 424, 116<CR><LF>`bmpanel crop 5 180, 0, 20, 32, 444, 116<CR><LF>`bmpanel update<CR><LF>`bmpanel PC_KEY<CR><LF>`bmpanel PC_MOUSE<CR><LF>
[2026-09-15T14:21:15.882] `bmpanel PC_KEY<CR><LF>`bmpanel PC_MOUSE<CR><LF>
[2026-09-15T14:21:15.961] `bmpanel PC_KEY<CR><LF>`bmpanel PC_MOUSE<CR><LF>
[2026-09-15T14:21:16.041] `bmpanel PC_KEY<CR><LF>`bmpanel PC_MOUSE<CR><LF>
[2026-09-15T14:21:16.122] `bmpanel PC_KEY<CR><LF>`bmpanel PC_MOUSE<CR><LF>
[2026-09-15T14:21:16.202] `bmpanel PC_KEY<CR><LF>`bmpanel PC_MOUSE<CR><LF>
[2026-09-15T14:21:16.282] `bmpanel PC_KEY<CR><LF>`bmpanel PC_MOUSE<CR><LF>
[2026-09-15T14:21:16.365] `bmpanel PC_KEY<CR><LF>`bmpanel PC_MOUSE<CR><LF>
[2026-09-15T14:21:16.444] `bmpanel PC_KEY<CR><LF>`bmpanel PC_MOUSE<CR><LF>
[2026-09-15T14:21:16.523] `bmpanel PC_KEY<CR><LF>`bmpanel PC_MOUSE<CR><LF>
[2026-09-15T14:21:16.604] `bmpanel PC_KEY<CR><LF>`bmpanel PC_MOUSE<CR><LF>
[2026-09-15T14:21:16.682] `bmpanel PC_KEY<CR><LF>`bmpanel PC_MOUSE<CR><LF>
[2026-09-15T14:21:16.768] `bmpanel crop 2 0, 456, 456, 76, 12, 34<CR><LF>`bmpanel crop 3 0, 320, 300, 32, 12, 116<CR><LF>`bmpanel crop 1 12, 156, 108, 36<CR><LF>`bmpanel crop 4 0, 36, 108, 36, 128, 156<CR><LF>`bmpanel crop 1 244, 156, 108, 36<CR><LF>`bmpanel crop 1 12, 198, 108, 36<CR><LF>`bmpanel crop 1 128, 198, 108, 36<CR><LF>`bmpanel crop 1 244, 198, 108, 36<CR><LF>`bmpanel crop 1 360, 198, 108, 36<CR><LF>`bmpanel crop 5 200, 0, 20, 32, 404, 116<CR><LF>`bmpanel crop 5 40, 0, 20, 32, 424, 116<CR><LF>`bmpanel crop 5 160, 0, 20, 32, 444, 116<CR><LF>`bmpanel update<CR><LF>`bmpanel PC_KEY<CR><LF>`bmpanel PC_MOUSE<CR><LF>
[2026-09-15T14:21:16.848] `bmpanel PC_KEY<CR><LF>`bmpanel PC_MOUSE<CR><LF>
[2026-09-15T14:21:16.931] `bmpanel PC_KEY<CR><LF>`bmpanel PC_MOUSE<CR><LF>
[2026-09-15T14:21:17.009] `bmpanel PC_KEY<CR><LF>`bmpanel PC_MOUSE<CR><LF>
[2026-09-15T14:21:17.088] `bmpanel PC_KEY<CR><LF>`bmpanel PC_MOUSE<CR><LF>
[2026-09-15T14:21:17.168] `bmpanel PC_KEY<CR><LF>`bmpanel PC_MOUSE<CR><LF>
[2026-09-15T14:21:17.249] `bmpanel PC_KEY<CR><LF>`bmpanel PC_MOUSE<CR><LF>
[2026-09-15T14:21:17.329] `bmpanel PC_KEY<CR><LF>`bmpanel PC_MOUSE<CR><LF>
[2026-09-15T14:21:17.408] `bmpanel PC_KEY<CR><LF>`bmpanel PC_MOUSE<CR><LF>
[2026-09-15T14:21:17.491] `bmpanel PC_KEY<CR><LF>`bmpanel PC_MOUSE<CR><LF>
[2026-09-15T14:21:17.605] `bmpanel PC_KEY<CR><LF>`bmpanel PC_MOUSE<CR><LF>`bmpanel crop 2 0, 456, 456, 76, 12, 34<CR><LF>`bmpanel crop 3 0, 448, 300, 32, 12, 116<CR><LF>`bmpanel crop 1 12, 156, 108, 36<CR><LF>`bmpanel crop 4 0, 36, 108, 36, 128, 156<CR><LF>`bmpanel crop 1 244, 156, 108, 36<CR><LF>`bmpanel crop 1 12, 198, 108, 36<CR><LF>`bmpanel crop 1 128, 198, 108, 36<CR><LF>`bmpanel crop 1 244, 198, 108, 36<CR><LF>`bmpanel crop 1 360, 198, 108, 36<CR><LF>`bmpanel crop 5 200, 0, 20, 32, 404, 116<CR><LF>`bmpanel crop 5 200, 0, 20, 32, 424, 116<CR><LF>`bmpanel crop 5 200, 0, 20, 32, 444, 116<CR><LF>`bmpanel update<CR><LF>`bmpanel crop 2 0, 456, 456, 76, 12, 34<CR><LF>`bmpanel crop 3 0, 448, 300, 32, 12, 116<CR><LF>`bmpanel crop 1 12, 156, 108, 36<CR><LF>`bmpanel crop 4 0, 36, 108, 36, 128, 156<CR><LF>`bmpanel crop 1 244, 156, 108, 36<CR><LF>`bmpanel crop 1 12, 198, 108, 36<CR><LF>`bmpanel crop 1 128, 198, 108, 36<CR><LF>`bmpanel crop 1 244, 198, 108, 36<CR><LF>`bmpanel crop 1 360, 198, 108, 36<CR><LF>`bmpanel crop 5 200, 0, 20, 32, 404, 116<CR><LF>`bmpanel crop 5 40, 0, 20, 32, 424, 116<CR><LF>`bmpanel crop 5 160, 0, 20, 32, 444, 116<CR><LF>`bmpanel update<CR><LF>`bmpanel PC_KEY<CR><LF>`bmpanel PC_MOUSE<CR><LF>
[2026-09-15T14:21:17.685] `bmpanel PC_KEY<CR><LF>`bmpanel PC_MOUSE<CR><LF>
[2026-09-15T14:21:17.773] `bmpanel crop 2 0, 456, 456, 76, 12, 34<CR><LF>`bmpanel crop 3 0, 448, 300, 32, 12, 116<CR><LF>`bmpanel crop 1 12, 156, 108, 36<CR><LF>`bmpanel crop 4 0, 36, 108, 36, 128, 156<CR><LF>`bmpanel crop 1 244, 156, 108, 36<CR><LF>`bmpanel crop 1 12, 198, 108, 36<CR><LF>`bmpanel crop 1 128, 198, 108, 36<CR><LF>`bmpanel crop 1 244, 198, 108, 36<CR><LF>`bmpanel crop 1 360, 198, 108, 36<CR><LF>`bmpanel crop 5 200, 0, 20, 32, 404, 116<CR><LF>`bmpanel crop 5 40, 0, 20, 32, 424, 116<CR><LF>`bmpanel crop 5 140, 0, 20, 32, 444, 116<CR><LF>`bmpanel update<CR><LF>`bmpanel PC_KEY<CR><LF>`bmpanel PC_MOUSE<CR><LF>
[2026-09-15T14:21:17.851] `bmpanel PC_KEY<CR><LF>`bmpanel PC_MOUSE<CR><LF>
[2026-09-15T14:21:17.931] `bmpanel PC_KEY<CR><LF>`bmpanel PC_MOUSE<CR><LF>
[2026-09-15T14:21:18.011] `bmpanel PC_KEY<CR><LF>`bmpanel PC_MOUSE<CR><LF>
[2026-09-15T14:21:18.092] `bmpanel PC_KEY<CR><LF>`bmpanel PC_MOUSE<CR><LF>
[2026-09-15T14:21:18.171] `bmpanel PC_KEY<CR><LF>`bmpanel PC_MOUSE<CR><LF>
[2026-09-15T14:21:18.253] `bmpanel PC_KEY<CR><LF>`bmpanel PC_MOUSE<CR><LF>
[2026-09-15T14:21:18.332] `bmpanel PC_KEY<CR><LF>`bmpanel PC_MOUSE<CR><LF>
[2026-09-15T14:21:18.412] `bmpanel PC_KEY<CR><LF>`bmpanel PC_MOUSE<CR><LF>
[2026-09-15T14:21:18.494] `bmpanel PC_KEY<CR><LF>`bmpanel PC_MOUSE<CR><LF>
[2026-09-15T14:21:18.571] `bmpanel PC_KEY<CR><LF>`bmpanel PC_MOUSE<CR><LF>
[2026-09-15T14:21:18.651] `bmpanel PC_KEY<CR><LF>`bmpanel PC_MOUSE<CR><LF>
[2026-09-15T14:21:18.732] `bmpanel PC_KEY<CR><LF>`bmpanel PC_MOUSE<CR><LF>
[2026-09-15T14:21:18.817] `bmpanel crop 2 0, 456, 456, 76, 12, 34<CR><LF>`bmpanel crop 3 0, 448, 300, 32, 12, 116<CR><LF>`bmpanel crop 1 12, 156, 108, 36<CR><LF>`bmpanel crop 4 0, 36, 108, 36, 128, 156<CR><LF>`bmpanel crop 1 244, 156, 108, 36<CR><LF>`bmpanel crop 1 12, 198, 108, 36<CR><LF>`bmpanel crop 1 128, 198, 108, 36<CR><LF>`bmpanel crop 1 244, 198, 108, 36<CR><LF>`bmpanel crop 1 360, 198, 108, 36<CR><LF>`bmpanel crop 5 200, 0, 20, 32, 404, 116<CR><LF>`bmpanel crop 5 40, 0, 20, 32, 424, 116<CR><LF>`bmpanel crop 5 120, 0, 20, 32, 444, 116<CR><LF>`bmpanel update<CR><LF>`bmpanel PC_KEY<CR><LF>`bmpanel PC_MOUSE<CR><LF>
[2026-09-15T14:21:18.899] `bmpanel PC_KEY<CR><LF>`bmpanel crop 2 0, 456, 456, 76, 12, 34<CR><LF>`bmpanel crop 3 0, 320, 300, 32, 12, 116<CR><LF>`bmpanel crop 1 12, 156, 108, 36<CR><LF>`bmpanel crop 4 108, 36, 108, 36, 128, 156<CR><LF>`bmpanel crop 1 244, 156, 108, 36<CR><LF>`bmpanel crop 1 12, 198, 108, 36<CR><LF>`bmpanel crop 1 128, 198, 108, 36<CR><LF>`bmpanel crop 1 244, 198, 108, 36<CR><LF>`bmpanel crop 1 360, 198, 108, 36<CR><LF>`bmpanel crop 5 200, 0, 20, 32, 404, 116<CR><LF>`bmpanel crop 5 200, 0, 20, 32, 424, 116<CR><LF>`bmpanel crop 5 200, 0, 20, 32, 444, 116<CR><LF>`bmpanel update<CR><LF>
[2026-09-15T14:21:19.336] Cog0  BM-UISTEP,seq,8,step,2,kind,CONTROL,tested,SKIP,got,NA,key,TRUE,click,TRUE,press_x,165,press_y,163,prompt,6,result,OK,wait_ms,4_663,why,NONE
[2026-09-15T14:21:19.422] `bmpanel crop 2 0, 456, 456, 76, 12, 34<CR><LF>`bmpanel crop 3 0, 320, 300, 32, 12, 116<CR><LF>`bmpanel crop 1 12, 156, 108, 36<CR><LF>`bmpanel crop 1 128, 156, 108, 36<CR><LF>`bmpanel crop 4 0, 72, 108, 36, 244, 156<CR><LF>`bmpanel crop 1 12, 198, 108, 36<CR><LF>`bmpanel crop 1 128, 198, 108, 36<CR><LF>`bmpanel crop 1 244, 198, 108, 36<CR><LF>`bmpanel crop 1 360, 198, 108, 36<CR><LF>`bmpanel crop 5 200, 0, 20, 32, 404, 116<CR><LF>`bmpanel crop 5 200, 0, 20, 32, 424, 116<CR><LF>`bmpanel crop 5 200, 0, 20, 32, 444, 116<CR><LF>`bmpanel update<CR><LF>`bmpanel crop 2 0, 456, 456, 76, 12, 34<CR><LF>`bmpanel crop 3 0, 320, 300, 32, 12, 116<CR><LF>`bmpanel crop 1 12, 156, 108, 36<CR><LF>`bmpanel crop 1 128, 156, 108, 36<CR><LF>`bmpanel crop 4 0, 72, 108, 36, 244, 156<CR><LF>`bmpanel crop 1 12, 198, 108, 36<CR><LF>`bmpanel crop 1 128, 198, 108, 36<CR><LF>`bmpanel crop 1 244, 198, 108, 36<CR><LF>`bmpanel crop 1 360, 198, 108, 36<CR><LF>`bmpanel crop 5 200, 0, 20, 32, 404, 116<CR><LF>`bmpanel crop 5 60, 0, 20, 32, 424, 116<CR><LF>`bmpanel crop 5 0, 0, 20, 32, 444, 116<CR><LF>`bmpanel update<CR><LF>`bmpanel PC_KEY<CR><LF>`bmpanel PC_MOUSE<CR><LF>
[2026-09-15T14:21:19.502] `bmpanel PC_KEY<CR><LF>`bmpanel PC_MOUSE<CR><LF>
[2026-09-15T14:21:19.582] `bmpanel PC_KEY<CR><LF>`bmpanel PC_MOUSE<CR><LF>
[2026-09-15T14:21:19.663] `bmpanel PC_KEY<CR><LF>`bmpanel PC_MOUSE<CR><LF>
[2026-09-15T14:21:19.743] `bmpanel PC_KEY<CR><LF>`bmpanel PC_MOUSE<CR><LF>
[2026-09-15T14:21:19.825] `bmpanel PC_KEY<CR><LF>`bmpanel PC_MOUSE<CR><LF>
[2026-09-15T14:21:19.903] `bmpanel PC_KEY<CR><LF>`bmpanel PC_MOUSE<CR><LF>
[2026-09-15T14:21:19.985] `bmpanel PC_KEY<CR><LF>`bmpanel PC_MOUSE<CR><LF>
[2026-09-15T14:21:20.063] `bmpanel PC_KEY<CR><LF>`bmpanel PC_MOUSE<CR><LF>
[2026-09-15T14:21:20.144] `bmpanel PC_KEY<CR><LF>`bmpanel PC_MOUSE<CR><LF>
[2026-09-15T14:21:20.224] `bmpanel PC_KEY<CR><LF>`bmpanel PC_MOUSE<CR><LF>
[2026-09-15T14:21:20.303] `bmpanel PC_KEY<CR><LF>`bmpanel PC_MOUSE<CR><LF>
[2026-09-15T14:21:20.384] `bmpanel PC_KEY<CR><LF>`bmpanel PC_MOUSE<CR><LF>
[2026-09-15T14:21:20.470] `bmpanel crop 2 0, 456, 456, 76, 12, 34<CR><LF>`bmpanel crop 3 0, 320, 300, 32, 12, 116<CR><LF>`bmpanel crop 1 12, 156, 108, 36<CR><LF>`bmpanel crop 1 128, 156, 108, 36<CR><LF>`bmpanel crop 4 0, 72, 108, 36, 244, 156<CR><LF>`bmpanel crop 1 12, 198, 108, 36<CR><LF>`bmpanel crop 1 128, 198, 108, 36<CR><LF>`bmpanel crop 1 244, 198, 108, 36<CR><LF>`bmpanel crop 1 360, 198, 108, 36<CR><LF>`bmpanel crop 5 200, 0, 20, 32, 404, 116<CR><LF>`bmpanel crop 5 40, 0, 20, 32, 424, 116<CR><LF>`bmpanel crop 5 180, 0, 20, 32, 444, 116<CR><LF>`bmpanel update<CR><LF>`bmpanel PC_KEY<CR><LF>`bmpanel PC_MOUSE<CR><LF>
[2026-09-15T14:21:20.549] `bmpanel PC_KEY<CR><LF>`bmpanel PC_MOUSE<CR><LF>
[2026-09-15T14:21:20.628] `bmpanel PC_KEY<CR><LF>`bmpanel PC_MOUSE<CR><LF>
[2026-09-15T14:21:20.708] `bmpanel PC_KEY<CR><LF>`bmpanel PC_MOUSE<CR><LF>
[2026-09-15T14:21:20.791] `bmpanel PC_KEY<CR><LF>`bmpanel PC_MOUSE<CR><LF>
[2026-09-15T14:21:20.868] `bmpanel PC_KEY<CR><LF>`bmpanel PC_MOUSE<CR><LF>
[2026-09-15T14:21:20.949] `bmpanel PC_KEY<CR><LF>`bmpanel PC_MOUSE<CR><LF>
[2026-09-15T14:21:21.032] `bmpanel PC_KEY<CR><LF>`bmpanel PC_MOUSE<CR><LF>
[2026-09-15T14:21:21.109] `bmpanel PC_KEY<CR><LF>`bmpanel PC_MOUSE<CR><LF>
[2026-09-15T14:21:21.189] `bmpanel PC_KEY<CR><LF>`bmpanel PC_MOUSE<CR><LF>
[2026-09-15T14:21:21.271] `bmpanel PC_KEY<CR><LF>`bmpanel PC_MOUSE<CR><LF>
[2026-09-15T14:21:21.348] `bmpanel PC_KEY<CR><LF>`bmpanel PC_MOUSE<CR><LF>
[2026-09-15T14:21:21.433] `bmpanel crop 2 0, 456, 456, 76, 12, 34<CR><LF>`bmpanel crop 3 0, 320, 300, 32, 12, 116<CR><LF>`bmpanel crop 1 12, 156, 108, 36<CR><LF>`bmpanel crop 1 128, 156, 108, 36<CR><LF>`bmpanel crop 4 0, 72, 108, 36, 244, 156<CR><LF>`bmpanel crop 1 12, 198, 108, 36<CR><LF>`bmpanel crop 1 128, 198, 108, 36<CR><LF>`bmpanel crop 1 244, 198, 108, 36<CR><LF>`bmpanel crop 1 360, 198, 108, 36<CR><LF>`bmpanel crop 5 200, 0, 20, 32, 404, 116<CR><LF>`bmpanel crop 5 40, 0, 20, 32, 424, 116<CR><LF>`bmpanel crop 5 160, 0, 20, 32, 444, 116<CR><LF>`bmpanel update<CR><LF>`bmpanel PC_KEY<CR><LF>`bmpanel PC_MOUSE<CR><LF>
[2026-09-15T14:21:21.513] `bmpanel PC_KEY<CR><LF>`bmpanel PC_MOUSE<CR><LF>
[2026-09-15T14:21:21.595] `bmpanel PC_KEY<CR><LF>`bmpanel PC_MOUSE<CR><LF>
[2026-09-15T14:21:21.673] `bmpanel PC_KEY<CR><LF>`bmpanel PC_MOUSE<CR><LF>
[2026-09-15T14:21:21.755] `bmpanel PC_KEY<CR><LF>`bmpanel PC_MOUSE<CR><LF>
[2026-09-15T14:21:21.838] `bmpanel PC_KEY<CR><LF>`bmpanel PC_MOUSE<CR><LF>
[2026-09-15T14:21:21.914] `bmpanel PC_KEY<CR><LF>`bmpanel PC_MOUSE<CR><LF>
[2026-09-15T14:21:21.994] `bmpanel PC_KEY<CR><LF>`bmpanel PC_MOUSE<CR><LF>
[2026-09-15T14:21:22.075] `bmpanel PC_KEY<CR><LF>`bmpanel PC_MOUSE<CR><LF>
[2026-09-15T14:21:22.154] `bmpanel PC_KEY<CR><LF>`bmpanel PC_MOUSE<CR><LF>
[2026-09-15T14:21:22.234] `bmpanel PC_KEY<CR><LF>`bmpanel PC_MOUSE<CR><LF>
[2026-09-15T14:21:22.317] `bmpanel PC_KEY<CR><LF>`bmpanel PC_MOUSE<CR><LF>
[2026-09-15T14:21:22.481] `bmpanel PC_KEY<CR><LF>`bmpanel PC_MOUSE<CR><LF>`bmpanel crop 2 0, 456, 456, 76, 12, 34<CR><LF>`bmpanel crop 3 0, 320, 300, 32, 12, 116<CR><LF>`bmpanel crop 1 12, 156, 108, 36<CR><LF>`bmpanel crop 1 128, 156, 108, 36<CR><LF>`bmpanel crop 4 0, 72, 108, 36, 244, 156<CR><LF>`bmpanel crop 1 12, 198, 108, 36<CR><LF>`bmpanel crop 1 128, 198, 108, 36<CR><LF>`bmpanel crop 1 244, 198, 108, 36<CR><LF>`bmpanel crop 1 360, 198, 108, 36<CR><LF>`bmpanel crop 5 200, 0, 20, 32, 404, 116<CR><LF>`bmpanel crop 5 40, 0, 20, 32, 424, 116<CR><LF>`bmpanel crop 5 140, 0, 20, 32, 444, 116<CR><LF>`bmpanel update<CR><LF>`bmpanel PC_KEY<CR><LF>`bmpanel PC_MOUSE<CR><LF>
[2026-09-15T14:21:22.559] `bmpanel PC_KEY<CR><LF>`bmpanel PC_MOUSE<CR><LF>
[2026-09-15T14:21:22.643] `bmpanel PC_KEY<CR><LF>`bmpanel PC_MOUSE<CR><LF>
[2026-09-15T14:21:22.758] `bmpanel PC_KEY<CR><LF>`bmpanel PC_MOUSE<CR><LF>`bmpanel crop 2 0, 456, 456, 76, 12, 34<CR><LF>`bmpanel crop 3 0, 448, 300, 32, 12, 116<CR><LF>`bmpanel crop 1 12, 156, 108, 36<CR><LF>`bmpanel crop 1 128, 156, 108, 36<CR><LF>`bmpanel crop 4 0, 72, 108, 36, 244, 156<CR><LF>`bmpanel crop 1 12, 198, 108, 36<CR><LF>`bmpanel crop 1 128, 198, 108, 36<CR><LF>`bmpanel crop 1 244, 198, 108, 36<CR><LF>`bmpanel crop 1 360, 198, 108, 36<CR><LF>`bmpanel crop 5 200, 0, 20, 32, 404, 116<CR><LF>`bmpanel crop 5 200, 0, 20, 32, 424, 116<CR><LF>`bmpanel crop 5 200, 0, 20, 32, 444, 116<CR><LF>`bmpanel update<CR><LF>`bmpanel crop 2 0, 456, 456, 76, 12, 34<CR><LF>`bmpanel crop 3 0, 448, 300, 32, 12, 116<CR><LF>`bmpanel crop 1 12, 156, 108, 36<CR><LF>`bmpanel crop 1 128, 156, 108, 36<CR><LF>`bmpanel crop 4 0, 72, 108, 36, 244, 156<CR><LF>`bmpanel crop 1 12, 198, 108, 36<CR><LF>`bmpanel crop 1 128, 198, 108, 36<CR><LF>`bmpanel crop 1 244, 198, 108, 36<CR><LF>`bmpanel crop 1 360, 198, 108, 36<CR><LF>`bmpanel crop 5 200, 0, 20, 32, 404, 116<CR><LF>`bmpanel crop 5 40, 0, 20, 32, 424, 116<CR><LF>`bmpanel crop 5 140, 0, 20, 32, 444, 116<CR><LF>`bmpanel update<CR><LF>`bmpanel PC_KEY<CR><LF>`bmpanel PC_MOUSE<CR><LF>
[2026-09-15T14:21:22.838] `bmpanel PC_KEY<CR><LF>`bmpanel PC_MOUSE<CR><LF>
[2026-09-15T14:21:22.917] `bmpanel PC_KEY<CR><LF>`bmpanel PC_MOUSE<CR><LF>
[2026-09-15T14:21:23.000] `bmpanel PC_KEY<CR><LF>`bmpanel PC_MOUSE<CR><LF>
[2026-09-15T14:21:23.077] `bmpanel PC_KEY<CR><LF>`bmpanel PC_MOUSE<CR><LF>
[2026-09-15T14:21:23.157] `bmpanel PC_KEY<CR><LF>`bmpanel PC_MOUSE<CR><LF>
[2026-09-15T14:21:23.237] `bmpanel PC_KEY<CR><LF>`bmpanel PC_MOUSE<CR><LF>
[2026-09-15T14:21:23.326] `bmpanel PC_KEY<CR><LF>`bmpanel crop 2 0, 456, 456, 76, 12, 34<CR><LF>`bmpanel crop 3 0, 320, 300, 32, 12, 116<CR><LF>`bmpanel crop 1 12, 156, 108, 36<CR><LF>`bmpanel crop 1 128, 156, 108, 36<CR><LF>`bmpanel crop 4 108, 72, 108, 36, 244, 156<CR><LF>`bmpanel crop 1 12, 198, 108, 36<CR><LF>`bmpanel crop 1 128, 198, 108, 36<CR><LF>`bmpanel crop 1 244, 198, 108, 36<CR><LF>`bmpanel crop 1 360, 198, 108, 36<CR><LF>`bmpanel crop 5 200, 0, 20, 32, 404, 116<CR><LF>`bmpanel crop 5 200, 0, 20, 32, 424, 116<CR><LF>`bmpanel crop 5 200, 0, 20, 32, 444, 116<CR><LF>`bmpanel update<CR><LF>
[2026-09-15T14:21:23.759] Cog0  BM-UISTEP,seq,9,step,3,kind,CONTROL,tested,STOP,got,NA,key,TRUE,click,TRUE,press_x,286,press_y,182,prompt,6,result,OK,wait_ms,4_419,why,NONE
[2026-09-15T14:21:23.831] `bmpanel crop 2 0, 456, 456, 76, 12, 34<CR><LF>`bmpanel crop 3 0, 320, 300, 32, 12, 116<CR><LF>`bmpanel crop 1 12, 156, 108, 36<CR><LF>`bmpanel crop 1 128, 156, 108, 36<CR><LF>`bmpanel crop 1 244, 156, 108, 36<CR><LF>`bmpanel crop 4 0, 108, 108, 36, 12, 198<CR><LF>`bmpanel crop 1 128, 198, 108, 36<CR><LF>`bmpanel crop 1 244, 198, 108, 36<CR><LF>`bmpanel crop 1 360, 198, 108, 36<CR><LF>`bmpanel crop 5 200, 0, 20, 32, 404, 116<CR><LF>`bmpanel crop 5 200, 0, 20, 32, 424, 116<CR><LF>`bmpanel crop 5 200, 0, 20, 32, 444, 116<CR><LF>`bmpanel update<CR><LF>`bmpanel crop 2 0, 456, 456, 76, 12, 34<CR><LF>`bmpanel crop 3 0, 320, 300, 32, 12, 116<CR><LF>`bmpanel crop 1 12, 156, 108, 36<CR><LF>`bmpanel crop 1 128, 156, 108, 36<CR><LF>`bmpanel crop 1 244, 156, 108, 36<CR><LF>`bmpanel crop 4 0, 108, 108, 36, 12, 198<CR><LF>`bmpanel crop 1 128, 198, 108, 36<CR><LF>`bmpanel crop 1 244, 198, 108, 36<CR><LF>`bmpanel crop 1 360, 198, 108, 36<CR><LF>`bmpanel crop 5 200, 0, 20, 32, 404, 116<CR><LF>`bmpanel crop 5 60, 0, 20, 32, 424, 116<CR><LF>`bmpanel crop 5 0, 0, 20, 32, 444, 116<CR><LF>`bmpanel update<CR><LF>`bmpanel PC_KEY<CR><LF>`bmpanel PC_MOUSE<CR><LF>
[2026-09-15T14:21:23.911] `bmpanel PC_KEY<CR><LF>`bmpanel PC_MOUSE<CR><LF>
[2026-09-15T14:21:23.990] `bmpanel PC_KEY<CR><LF>`bmpanel PC_MOUSE<CR><LF>
[2026-09-15T14:21:24.070] `bmpanel PC_KEY<CR><LF>`bmpanel PC_MOUSE<CR><LF>
[2026-09-15T14:21:24.151] `bmpanel PC_KEY<CR><LF>`bmpanel PC_MOUSE<CR><LF>
[2026-09-15T14:21:24.230] `bmpanel PC_KEY<CR><LF>`bmpanel PC_MOUSE<CR><LF>
[2026-09-15T14:21:24.310] `bmpanel PC_KEY<CR><LF>`bmpanel PC_MOUSE<CR><LF>
[2026-09-15T14:21:24.390] `bmpanel PC_KEY<CR><LF>`bmpanel PC_MOUSE<CR><LF>
[2026-09-15T14:21:24.471] `bmpanel PC_KEY<CR><LF>`bmpanel PC_MOUSE<CR><LF>
[2026-09-15T14:21:24.553] `bmpanel PC_KEY<CR><LF>`bmpanel PC_MOUSE<CR><LF>
[2026-09-15T14:21:24.630] `bmpanel PC_KEY<CR><LF>`bmpanel PC_MOUSE<CR><LF>
[2026-09-15T14:21:24.712] `bmpanel PC_KEY<CR><LF>`bmpanel PC_MOUSE<CR><LF>
[2026-09-15T14:21:24.790] `bmpanel PC_KEY<CR><LF>`bmpanel PC_MOUSE<CR><LF>
[2026-09-15T14:21:24.875] `bmpanel crop 2 0, 456, 456, 76, 12, 34<CR><LF>`bmpanel crop 3 0, 320, 300, 32, 12, 116<CR><LF>`bmpanel crop 1 12, 156, 108, 36<CR><LF>`bmpanel crop 1 128, 156, 108, 36<CR><LF>`bmpanel crop 1 244, 156, 108, 36<CR><LF>`bmpanel crop 4 0, 108, 108, 36, 12, 198<CR><LF>`bmpanel crop 1 128, 198, 108, 36<CR><LF>`bmpanel crop 1 244, 198, 108, 36<CR><LF>`bmpanel crop 1 360, 198, 108, 36<CR><LF>`bmpanel crop 5 200, 0, 20, 32, 404, 116<CR><LF>`bmpanel crop 5 40, 0, 20, 32, 424, 116<CR><LF>`bmpanel crop 5 180, 0, 20, 32, 444, 116<CR><LF>`bmpanel update<CR><LF>`bmpanel PC_KEY<CR><LF>`bmpanel PC_MOUSE<CR><LF>
[2026-09-15T14:21:24.955] `bmpanel PC_KEY<CR><LF>`bmpanel PC_MOUSE<CR><LF>
[2026-09-15T14:21:25.037] `bmpanel PC_KEY<CR><LF>`bmpanel PC_MOUSE<CR><LF>
[2026-09-15T14:21:25.117] `bmpanel PC_KEY<CR><LF>`bmpanel PC_MOUSE<CR><LF>
[2026-09-15T14:21:25.196] `bmpanel PC_KEY<CR><LF>`bmpanel PC_MOUSE<CR><LF>
[2026-09-15T14:21:25.278] `bmpanel PC_KEY<CR><LF>`bmpanel PC_MOUSE<CR><LF>
[2026-09-15T14:21:25.357] `bmpanel PC_KEY<CR><LF>`bmpanel PC_MOUSE<CR><LF>
[2026-09-15T14:21:25.436] `bmpanel PC_KEY<CR><LF>`bmpanel PC_MOUSE<CR><LF>
[2026-09-15T14:21:25.516] `bmpanel PC_KEY<CR><LF>`bmpanel PC_MOUSE<CR><LF>
[2026-09-15T14:21:25.596] `bmpanel PC_KEY<CR><LF>`bmpanel PC_MOUSE<CR><LF>
[2026-09-15T14:21:25.677] `bmpanel PC_KEY<CR><LF>`bmpanel PC_MOUSE<CR><LF>
[2026-09-15T14:21:25.756] `bmpanel PC_KEY<CR><LF>`bmpanel PC_MOUSE<CR><LF>
[2026-09-15T14:21:25.837] `bmpanel PC_KEY<CR><LF>`bmpanel PC_MOUSE<CR><LF>
[2026-09-15T14:21:25.923] `bmpanel crop 2 0, 456, 456, 76, 12, 34<CR><LF>`bmpanel crop 3 0, 320, 300, 32, 12, 116<CR><LF>`bmpanel crop 1 12, 156, 108, 36<CR><LF>`bmpanel crop 1 128, 156, 108, 36<CR><LF>`bmpanel crop 1 244, 156, 108, 36<CR><LF>`bmpanel crop 4 0, 108, 108, 36, 12, 198<CR><LF>`bmpanel crop 1 128, 198, 108, 36<CR><LF>`bmpanel crop 1 244, 198, 108, 36<CR><LF>`bmpanel crop 1 360, 198, 108, 36<CR><LF>`bmpanel crop 5 200, 0, 20, 32, 404, 116<CR><LF>`bmpanel crop 5 40, 0, 20, 32, 424, 116<CR><LF>`bmpanel crop 5 160, 0, 20, 32, 444, 116<CR><LF>`bmpanel update<CR><LF>`bmpanel PC_KEY<CR><LF>`bmpanel PC_MOUSE<CR><LF>
[2026-09-15T14:21:26.005] `bmpanel PC_KEY<CR><LF>`bmpanel PC_MOUSE<CR><LF>
[2026-09-15T14:21:26.119] `bmpanel PC_KEY<CR><LF>`bmpanel PC_MOUSE<CR><LF>`bmpanel crop 2 0, 456, 456, 76, 12, 34<CR><LF>`bmpanel crop 3 0, 448, 300, 32, 12, 116<CR><LF>`bmpanel crop 1 12, 156, 108, 36<CR><LF>`bmpanel crop 1 128, 156, 108, 36<CR><LF>`bmpanel crop 1 244, 156, 108, 36<CR><LF>`bmpanel crop 4 0, 108, 108, 36, 12, 198<CR><LF>`bmpanel crop 1 128, 198, 108, 36<CR><LF>`bmpanel crop 1 244, 198, 108, 36<CR><LF>`bmpanel crop 1 360, 198, 108, 36<CR><LF>`bmpanel crop 5 200, 0, 20, 32, 404, 116<CR><LF>`bmpanel crop 5 200, 0, 20, 32, 424, 116<CR><LF>`bmpanel crop 5 200, 0, 20, 32, 444, 116<CR><LF>`bmpanel update<CR><LF>`bmpanel crop 2 0, 456, 456, 76, 12, 34<CR><LF>`bmpanel crop 3 0, 448, 300, 32, 12, 116<CR><LF>`bmpanel crop 1 12, 156, 108, 36<CR><LF>`bmpanel crop 1 128, 156, 108, 36<CR><LF>`bmpanel crop 1 244, 156, 108, 36<CR><LF>`bmpanel crop 4 0, 108, 108, 36, 12, 198<CR><LF>`bmpanel crop 1 128, 198, 108, 36<CR><LF>`bmpanel crop 1 244, 198, 108, 36<CR><LF>`bmpanel crop 1 360, 198, 108, 36<CR><LF>`bmpanel crop 5 200, 0, 20, 32, 404, 116<CR><LF>`bmpanel crop 5 40, 0, 20, 32, 424, 116<CR><LF>`bmpanel crop 5 160, 0, 20, 32, 444, 116<CR><LF>`bmpanel update<CR><LF>`bmpanel PC_KEY<CR><LF>`bmpanel PC_MOUSE<CR><LF>
[2026-09-15T14:21:26.200] `bmpanel PC_KEY<CR><LF>`bmpanel PC_MOUSE<CR><LF>
[2026-09-15T14:21:26.279] `bmpanel PC_KEY<CR><LF>`bmpanel PC_MOUSE<CR><LF>
[2026-09-15T14:21:26.362] `bmpanel PC_KEY<CR><LF>`bmpanel PC_MOUSE<CR><LF>
[2026-09-15T14:21:26.440] `bmpanel PC_KEY<CR><LF>`bmpanel PC_MOUSE<CR><LF>
[2026-09-15T14:21:26.521] `bmpanel PC_KEY<CR><LF>`bmpanel PC_MOUSE<CR><LF>
[2026-09-15T14:21:26.599] `bmpanel PC_KEY<CR><LF>`bmpanel PC_MOUSE<CR><LF>
[2026-09-15T14:21:26.681] `bmpanel PC_KEY<CR><LF>`bmpanel PC_MOUSE<CR><LF>
[2026-09-15T14:21:26.761] `bmpanel PC_KEY<CR><LF>`bmpanel PC_MOUSE<CR><LF>
[2026-09-15T14:21:26.847] `bmpanel crop 2 0, 456, 456, 76, 12, 34<CR><LF>`bmpanel crop 3 0, 448, 300, 32, 12, 116<CR><LF>`bmpanel crop 1 12, 156, 108, 36<CR><LF>`bmpanel crop 1 128, 156, 108, 36<CR><LF>`bmpanel crop 1 244, 156, 108, 36<CR><LF>`bmpanel crop 4 0, 108, 108, 36, 12, 198<CR><LF>`bmpanel crop 1 128, 198, 108, 36<CR><LF>`bmpanel crop 1 244, 198, 108, 36<CR><LF>`bmpanel crop 1 360, 198, 108, 36<CR><LF>`bmpanel crop 5 200, 0, 20, 32, 404, 116<CR><LF>`bmpanel crop 5 40, 0, 20, 32, 424, 116<CR><LF>`bmpanel crop 5 140, 0, 20, 32, 444, 116<CR><LF>`bmpanel update<CR><LF>`bmpanel PC_KEY<CR><LF>`bmpanel PC_MOUSE<CR><LF>
[2026-09-15T14:21:26.927] `bmpanel PC_KEY<CR><LF>`bmpanel PC_MOUSE<CR><LF>
[2026-09-15T14:21:27.005] `bmpanel PC_KEY<CR><LF>`bmpanel PC_MOUSE<CR><LF>
[2026-09-15T14:21:27.087] `bmpanel PC_KEY<CR><LF>`bmpanel PC_MOUSE<CR><LF>
[2026-09-15T14:21:27.166] `bmpanel PC_KEY<CR><LF>`bmpanel PC_MOUSE<CR><LF>
[2026-09-15T14:21:27.246] `bmpanel PC_KEY<CR><LF>`bmpanel PC_MOUSE<CR><LF>
[2026-09-15T14:21:27.331] `bmpanel PC_KEY<CR><LF>`bmpanel crop 2 0, 456, 456, 76, 12, 34<CR><LF>`bmpanel crop 3 0, 320, 300, 32, 12, 116<CR><LF>`bmpanel crop 1 12, 156, 108, 36<CR><LF>`bmpanel crop 1 128, 156, 108, 36<CR><LF>`bmpanel crop 1 244, 156, 108, 36<CR><LF>`bmpanel crop 4 108, 108, 108, 36, 12, 198<CR><LF>`bmpanel crop 1 128, 198, 108, 36<CR><LF>`bmpanel crop 1 244, 198, 108, 36<CR><LF>`bmpanel crop 1 360, 198, 108, 36<CR><LF>`bmpanel crop 5 200, 0, 20, 32, 404, 116<CR><LF>`bmpanel crop 5 200, 0, 20, 32, 424, 116<CR><LF>`bmpanel crop 5 200, 0, 20, 32, 444, 116<CR><LF>`bmpanel update<CR><LF>
[2026-09-15T14:21:27.765] Cog0  BM-UISTEP,seq,10,step,4,kind,CONTROL,tested,LEFT,got,NA,key,TRUE,click,TRUE,press_x,77,press_y,217,prompt,6,result,OK,wait_ms,4_002,why,NONE
[2026-09-15T14:21:27.837] `bmpanel crop 2 0, 456, 456, 76, 12, 34<CR><LF>`bmpanel crop 3 0, 320, 300, 32, 12, 116<CR><LF>`bmpanel crop 1 12, 156, 108, 36<CR><LF>`bmpanel crop 1 128, 156, 108, 36<CR><LF>`bmpanel crop 1 244, 156, 108, 36<CR><LF>`bmpanel crop 1 12, 198, 108, 36<CR><LF>`bmpanel crop 4 0, 144, 108, 36, 128, 198<CR><LF>`bmpanel crop 1 244, 198, 108, 36<CR><LF>`bmpanel crop 1 360, 198, 108, 36<CR><LF>`bmpanel crop 5 200, 0, 20, 32, 404, 116<CR><LF>`bmpanel crop 5 200, 0, 20, 32, 424, 116<CR><LF>`bmpanel crop 5 200, 0, 20, 32, 444, 116<CR><LF>`bmpanel update<CR><LF>`bmpanel crop 2 0, 456, 456, 76, 12, 34<CR><LF>`bmpanel crop 3 0, 320, 300, 32, 12, 116<CR><LF>`bmpanel crop 1 12, 156, 108, 36<CR><LF>`bmpanel crop 1 128, 156, 108, 36<CR><LF>`bmpanel crop 1 244, 156, 108, 36<CR><LF>`bmpanel crop 1 12, 198, 108, 36<CR><LF>`bmpanel crop 4 0, 144, 108, 36, 128, 198<CR><LF>`bmpanel crop 1 244, 198, 108, 36<CR><LF>`bmpanel crop 1 360, 198, 108, 36<CR><LF>`bmpanel crop 5 200, 0, 20, 32, 404, 116<CR><LF>`bmpanel crop 5 60, 0, 20, 32, 424, 116<CR><LF>`bmpanel crop 5 0, 0, 20, 32, 444, 116<CR><LF>`bmpanel update<CR><LF>`bmpanel PC_KEY<CR><LF>`bmpanel PC_MOUSE<CR><LF>
[2026-09-15T14:21:27.916] `bmpanel PC_KEY<CR><LF>`bmpanel PC_MOUSE<CR><LF>
[2026-09-15T14:21:27.998] `bmpanel PC_KEY<CR><LF>`bmpanel PC_MOUSE<CR><LF>
[2026-09-15T14:21:28.077] `bmpanel PC_KEY<CR><LF>`bmpanel PC_MOUSE<CR><LF>
[2026-09-15T14:21:28.156] `bmpanel PC_KEY<CR><LF>`bmpanel PC_MOUSE<CR><LF>
[2026-09-15T14:21:28.236] `bmpanel PC_KEY<CR><LF>`bmpanel PC_MOUSE<CR><LF>
[2026-09-15T14:21:28.315] `bmpanel PC_KEY<CR><LF>`bmpanel PC_MOUSE<CR><LF>
[2026-09-15T14:21:28.397] `bmpanel PC_KEY<CR><LF>`bmpanel PC_MOUSE<CR><LF>
[2026-09-15T14:21:28.476] `bmpanel PC_KEY<CR><LF>`bmpanel PC_MOUSE<CR><LF>
[2026-09-15T14:21:28.556] `bmpanel PC_KEY<CR><LF>`bmpanel PC_MOUSE<CR><LF>
[2026-09-15T14:21:28.638] `bmpanel PC_KEY<CR><LF>`bmpanel PC_MOUSE<CR><LF>
[2026-09-15T14:21:28.717] `bmpanel PC_KEY<CR><LF>`bmpanel PC_MOUSE<CR><LF>
[2026-09-15T14:21:28.796] `bmpanel PC_KEY<CR><LF>`bmpanel PC_MOUSE<CR><LF>
[2026-09-15T14:21:28.881] `bmpanel crop 2 0, 456, 456, 76, 12, 34<CR><LF>`bmpanel crop 3 0, 320, 300, 32, 12, 116<CR><LF>`bmpanel crop 1 12, 156, 108, 36<CR><LF>`bmpanel crop 1 128, 156, 108, 36<CR><LF>`bmpanel crop 1 244, 156, 108, 36<CR><LF>`bmpanel crop 1 12, 198, 108, 36<CR><LF>`bmpanel crop 4 0, 144, 108, 36, 128, 198<CR><LF>`bmpanel crop 1 244, 198, 108, 36<CR><LF>`bmpanel crop 1 360, 198, 108, 36<CR><LF>`bmpanel crop 5 200, 0, 20, 32, 404, 116<CR><LF>`bmpanel crop 5 40, 0, 20, 32, 424, 116<CR><LF>`bmpanel crop 5 180, 0, 20, 32, 444, 116<CR><LF>`bmpanel update<CR><LF>`bmpanel PC_KEY<CR><LF>`bmpanel PC_MOUSE<CR><LF>
[2026-09-15T14:21:28.964] `bmpanel PC_KEY<CR><LF>`bmpanel PC_MOUSE<CR><LF>
[2026-09-15T14:21:29.041] `bmpanel PC_KEY<CR><LF>`bmpanel PC_MOUSE<CR><LF>
[2026-09-15T14:21:29.123] `bmpanel PC_KEY<CR><LF>`bmpanel PC_MOUSE<CR><LF>
[2026-09-15T14:21:29.202] `bmpanel PC_KEY<CR><LF>`bmpanel PC_MOUSE<CR><LF>
[2026-09-15T14:21:29.281] `bmpanel PC_KEY<CR><LF>`bmpanel PC_MOUSE<CR><LF>
[2026-09-15T14:21:29.399] `bmpanel PC_KEY<CR><LF>`bmpanel PC_MOUSE<CR><LF>`bmpanel crop 2 0, 456, 456, 76, 12, 34<CR><LF>`bmpanel crop 3 0, 448, 300, 32, 12, 116<CR><LF>`bmpanel crop 1 12, 156, 108, 36<CR><LF>`bmpanel crop 1 128, 156, 108, 36<CR><LF>`bmpanel crop 1 244, 156, 108, 36<CR><LF>`bmpanel crop 1 12, 198, 108, 36<CR><LF>`bmpanel crop 4 0, 144, 108, 36, 128, 198<CR><LF>`bmpanel crop 1 244, 198, 108, 36<CR><LF>`bmpanel crop 1 360, 198, 108, 36<CR><LF>`bmpanel crop 5 200, 0, 20, 32, 404, 116<CR><LF>`bmpanel crop 5 200, 0, 20, 32, 424, 116<CR><LF>`bmpanel crop 5 200, 0, 20, 32, 444, 116<CR><LF>`bmpanel update<CR><LF>`bmpanel crop 2 0, 456, 456, 76, 12, 34<CR><LF>`bmpanel crop 3 0, 448, 300, 32, 12, 116<CR><LF>`bmpanel crop 1 12, 156, 108, 36<CR><LF>`bmpanel crop 1 128, 156, 108, 36<CR><LF>`bmpanel crop 1 244, 156, 108, 36<CR><LF>`bmpanel crop 1 12, 198, 108, 36<CR><LF>`bmpanel crop 4 0, 144, 108, 36, 128, 198<CR><LF>`bmpanel crop 1 244, 198, 108, 36<CR><LF>`bmpanel crop 1 360, 198, 108, 36<CR><LF>`bmpanel crop 5 200, 0, 20, 32, 404, 116<CR><LF>`bmpanel crop 5 40, 0, 20, 32, 424, 116<CR><LF>`bmpanel crop 5 180, 0, 20, 32, 444, 116<CR><LF>`bmpanel update<CR><LF>`bmpanel PC_KEY<CR><LF>`bmpanel PC_MOUSE<CR><LF>
[2026-09-15T14:21:29.481] `bmpanel PC_KEY<CR><LF>`bmpanel PC_MOUSE<CR><LF>
[2026-09-15T14:21:29.561] `bmpanel PC_KEY<CR><LF>`bmpanel PC_MOUSE<CR><LF>
[2026-09-15T14:21:29.639] `bmpanel PC_KEY<CR><LF>`bmpanel PC_MOUSE<CR><LF>
[2026-09-15T14:21:29.720] `bmpanel PC_KEY<CR><LF>`bmpanel PC_MOUSE<CR><LF>
[2026-09-15T14:21:29.799] `bmpanel PC_KEY<CR><LF>`bmpanel PC_MOUSE<CR><LF>
[2026-09-15T14:21:29.884] `bmpanel crop 2 0, 456, 456, 76, 12, 34<CR><LF>`bmpanel crop 3 0, 448, 300, 32, 12, 116<CR><LF>`bmpanel crop 1 12, 156, 108, 36<CR><LF>`bmpanel crop 1 128, 156, 108, 36<CR><LF>`bmpanel crop 1 244, 156, 108, 36<CR><LF>`bmpanel crop 1 12, 198, 108, 36<CR><LF>`bmpanel crop 4 0, 144, 108, 36, 128, 198<CR><LF>`bmpanel crop 1 244, 198, 108, 36<CR><LF>`bmpanel crop 1 360, 198, 108, 36<CR><LF>`bmpanel crop 5 200, 0, 20, 32, 404, 116<CR><LF>`bmpanel crop 5 40, 0, 20, 32, 424, 116<CR><LF>`bmpanel crop 5 160, 0, 20, 32, 444, 116<CR><LF>`bmpanel update<CR><LF>`bmpanel PC_KEY<CR><LF>`bmpanel PC_MOUSE<CR><LF>
[2026-09-15T14:21:29.964] `bmpanel PC_KEY<CR><LF>`bmpanel PC_MOUSE<CR><LF>
[2026-09-15T14:21:30.047] `bmpanel PC_KEY<CR><LF>`bmpanel PC_MOUSE<CR><LF>
[2026-09-15T14:21:30.127] `bmpanel PC_KEY<CR><LF>`bmpanel PC_MOUSE<CR><LF>
[2026-09-15T14:21:30.204] `bmpanel PC_KEY<CR><LF>`bmpanel PC_MOUSE<CR><LF>
[2026-09-15T14:21:30.284] `bmpanel PC_KEY<CR><LF>`bmpanel PC_MOUSE<CR><LF>
[2026-09-15T14:21:30.365] `bmpanel PC_KEY<CR><LF>`bmpanel PC_MOUSE<CR><LF>
[2026-09-15T14:21:30.446] `bmpanel PC_KEY<CR><LF>`bmpanel PC_MOUSE<CR><LF>
[2026-09-15T14:21:30.527] `bmpanel PC_KEY<CR><LF>`bmpanel PC_MOUSE<CR><LF>
[2026-09-15T14:21:30.605] `bmpanel PC_KEY<CR><LF>`bmpanel PC_MOUSE<CR><LF>
[2026-09-15T14:21:30.687] `bmpanel PC_KEY<CR><LF>`bmpanel PC_MOUSE<CR><LF>
[2026-09-15T14:21:30.769] `bmpanel PC_KEY<CR><LF>`bmpanel PC_MOUSE<CR><LF>
[2026-09-15T14:21:30.845] `bmpanel PC_KEY<CR><LF>`bmpanel PC_MOUSE<CR><LF>
[2026-09-15T14:21:30.932] `bmpanel crop 2 0, 456, 456, 76, 12, 34<CR><LF>`bmpanel crop 3 0, 448, 300, 32, 12, 116<CR><LF>`bmpanel crop 1 12, 156, 108, 36<CR><LF>`bmpanel crop 1 128, 156, 108, 36<CR><LF>`bmpanel crop 1 244, 156, 108, 36<CR><LF>`bmpanel crop 1 12, 198, 108, 36<CR><LF>`bmpanel crop 4 0, 144, 108, 36, 128, 198<CR><LF>`bmpanel crop 1 244, 198, 108, 36<CR><LF>`bmpanel crop 1 360, 198, 108, 36<CR><LF>`bmpanel crop 5 200, 0, 20, 32, 404, 116<CR><LF>`bmpanel crop 5 40, 0, 20, 32, 424, 116<CR><LF>`bmpanel crop 5 140, 0, 20, 32, 444, 116<CR><LF>`bmpanel update<CR><LF>`bmpanel PC_KEY<CR><LF>`bmpanel PC_MOUSE<CR><LF>
[2026-09-15T14:21:31.013] `bmpanel PC_KEY<CR><LF>`bmpanel PC_MOUSE<CR><LF>
[2026-09-15T14:21:31.090] `bmpanel PC_KEY<CR><LF>`bmpanel PC_MOUSE<CR><LF>
[2026-09-15T14:21:31.171] `bmpanel PC_KEY<CR><LF>`bmpanel PC_MOUSE<CR><LF>
[2026-09-15T14:21:31.251] `bmpanel PC_KEY<CR><LF>`bmpanel PC_MOUSE<CR><LF>
[2026-09-15T14:21:31.330] `bmpanel PC_KEY<CR><LF>`bmpanel PC_MOUSE<CR><LF>
[2026-09-15T14:21:31.414] `bmpanel PC_KEY<CR><LF>`bmpanel PC_MOUSE<CR><LF>
[2026-09-15T14:21:31.492] `bmpanel PC_KEY<CR><LF>`bmpanel PC_MOUSE<CR><LF>
[2026-09-15T14:21:31.571] `bmpanel PC_KEY<CR><LF>`bmpanel PC_MOUSE<CR><LF>
[2026-09-15T14:21:31.654] `bmpanel PC_KEY<CR><LF>`bmpanel PC_MOUSE<CR><LF>
[2026-09-15T14:21:31.730] `bmpanel PC_KEY<CR><LF>`bmpanel PC_MOUSE<CR><LF>
[2026-09-15T14:21:31.811] `bmpanel PC_KEY<CR><LF>`bmpanel PC_MOUSE<CR><LF>
[2026-09-15T14:21:31.895] `bmpanel crop 2 0, 456, 456, 76, 12, 34<CR><LF>`bmpanel crop 3 0, 448, 300, 32, 12, 116<CR><LF>`bmpanel crop 1 12, 156, 108, 36<CR><LF>`bmpanel crop 1 128, 156, 108, 36<CR><LF>`bmpanel crop 1 244, 156, 108, 36<CR><LF>`bmpanel crop 1 12, 198, 108, 36<CR><LF>`bmpanel crop 4 0, 144, 108, 36, 128, 198<CR><LF>`bmpanel crop 1 244, 198, 108, 36<CR><LF>`bmpanel crop 1 360, 198, 108, 36<CR><LF>`bmpanel crop 5 200, 0, 20, 32, 404, 116<CR><LF>`bmpanel crop 5 40, 0, 20, 32, 424, 116<CR><LF>`bmpanel crop 5 120, 0, 20, 32, 444, 116<CR><LF>`bmpanel update<CR><LF>`bmpanel PC_KEY<CR><LF>`bmpanel PC_MOUSE<CR><LF>
[2026-09-15T14:21:31.977] `bmpanel PC_KEY<CR><LF>`bmpanel PC_MOUSE<CR><LF>
[2026-09-15T14:21:32.056] `bmpanel PC_KEY<CR><LF>`bmpanel PC_MOUSE<CR><LF>
[2026-09-15T14:21:32.136] `bmpanel PC_KEY<CR><LF>`bmpanel PC_MOUSE<CR><LF>
[2026-09-15T14:21:32.216] `bmpanel PC_KEY<CR><LF>`bmpanel PC_MOUSE<CR><LF>
[2026-09-15T14:21:32.298] `bmpanel PC_KEY<CR><LF>`bmpanel PC_MOUSE<CR><LF>
[2026-09-15T14:21:32.376] `bmpanel PC_KEY<CR><LF>`bmpanel PC_MOUSE<CR><LF>
[2026-09-15T14:21:32.457] `bmpanel PC_KEY<CR><LF>`bmpanel PC_MOUSE<CR><LF>
[2026-09-15T14:21:32.536] `bmpanel PC_KEY<CR><LF>`bmpanel PC_MOUSE<CR><LF>
[2026-09-15T14:21:32.616] `bmpanel PC_KEY<CR><LF>`bmpanel PC_MOUSE<CR><LF>
[2026-09-15T14:21:32.697] `bmpanel PC_KEY<CR><LF>`bmpanel PC_MOUSE<CR><LF>
[2026-09-15T14:21:32.777] `bmpanel PC_KEY<CR><LF>`bmpanel PC_MOUSE<CR><LF>
[2026-09-15T14:21:32.865] `bmpanel crop 2 0, 456, 456, 76, 12, 34<CR><LF>`bmpanel crop 3 0, 448, 300, 32, 12, 116<CR><LF>`bmpanel crop 1 12, 156, 108, 36<CR><LF>`bmpanel crop 1 128, 156, 108, 36<CR><LF>`bmpanel crop 1 244, 156, 108, 36<CR><LF>`bmpanel crop 1 12, 198, 108, 36<CR><LF>`bmpanel crop 4 0, 144, 108, 36, 128, 198<CR><LF>`bmpanel crop 1 244, 198, 108, 36<CR><LF>`bmpanel crop 1 360, 198, 108, 36<CR><LF>`bmpanel crop 5 200, 0, 20, 32, 404, 116<CR><LF>`bmpanel crop 5 40, 0, 20, 32, 424, 116<CR><LF>`bmpanel crop 5 100, 0, 20, 32, 444, 116<CR><LF>`bmpanel update<CR><LF>`bmpanel PC_KEY<CR><LF>`bmpanel PC_MOUSE<CR><LF>
[2026-09-15T14:21:32.943] `bmpanel PC_KEY<CR><LF>`bmpanel PC_MOUSE<CR><LF>
[2026-09-15T14:21:33.021] `bmpanel PC_KEY<CR><LF>`bmpanel PC_MOUSE<CR><LF>
[2026-09-15T14:21:33.103] `bmpanel PC_KEY<CR><LF>`bmpanel PC_MOUSE<CR><LF>
[2026-09-15T14:21:33.182] `bmpanel PC_KEY<CR><LF>`bmpanel PC_MOUSE<CR><LF>
[2026-09-15T14:21:33.263] `bmpanel PC_KEY<CR><LF>`bmpanel PC_MOUSE<CR><LF>
[2026-09-15T14:21:33.341] `bmpanel PC_KEY<CR><LF>`bmpanel PC_MOUSE<CR><LF>
[2026-09-15T14:21:33.423] `bmpanel PC_KEY<CR><LF>`bmpanel PC_MOUSE<CR><LF>
[2026-09-15T14:21:33.503] `bmpanel PC_KEY<CR><LF>`bmpanel PC_MOUSE<CR><LF>
[2026-09-15T14:21:33.581] `bmpanel PC_KEY<CR><LF>`bmpanel PC_MOUSE<CR><LF>
[2026-09-15T14:21:33.662] `bmpanel PC_KEY<CR><LF>`bmpanel PC_MOUSE<CR><LF>
[2026-09-15T14:21:33.742] `bmpanel PC_KEY<CR><LF>`bmpanel PC_MOUSE<CR><LF>
[2026-09-15T14:21:33.822] `bmpanel PC_KEY<CR><LF>`bmpanel PC_MOUSE<CR><LF>
[2026-09-15T14:21:33.907] `bmpanel crop 2 0, 456, 456, 76, 12, 34<CR><LF>`bmpanel crop 3 0, 448, 300, 32, 12, 116<CR><LF>`bmpanel crop 1 12, 156, 108, 36<CR><LF>`bmpanel crop 1 128, 156, 108, 36<CR><LF>`bmpanel crop 1 244, 156, 108, 36<CR><LF>`bmpanel crop 1 12, 198, 108, 36<CR><LF>`bmpanel crop 4 0, 144, 108, 36, 128, 198<CR><LF>`bmpanel crop 1 244, 198, 108, 36<CR><LF>`bmpanel crop 1 360, 198, 108, 36<CR><LF>`bmpanel crop 5 200, 0, 20, 32, 404, 116<CR><LF>`bmpanel crop 5 40, 0, 20, 32, 424, 116<CR><LF>`bmpanel crop 5 80, 0, 20, 32, 444, 116<CR><LF>`bmpanel update<CR><LF>`bmpanel PC_KEY<CR><LF>`bmpanel PC_MOUSE<CR><LF>
[2026-09-15T14:21:33.988] `bmpanel PC_KEY<CR><LF>`bmpanel PC_MOUSE<CR><LF>
[2026-09-15T14:21:34.071] `bmpanel PC_KEY<CR><LF>`bmpanel PC_MOUSE<CR><LF>
[2026-09-15T14:21:34.155] `bmpanel PC_KEY<CR><LF>`bmpanel crop 2 0, 456, 456, 76, 12, 34<CR><LF>`bmpanel crop 3 0, 320, 300, 32, 12, 116<CR><LF>`bmpanel crop 1 12, 156, 108, 36<CR><LF>`bmpanel crop 1 128, 156, 108, 36<CR><LF>`bmpanel crop 1 244, 156, 108, 36<CR><LF>`bmpanel crop 1 12, 198, 108, 36<CR><LF>`bmpanel crop 4 108, 144, 108, 36, 128, 198<CR><LF>`bmpanel crop 1 244, 198, 108, 36<CR><LF>`bmpanel crop 1 360, 198, 108, 36<CR><LF>`bmpanel crop 5 200, 0, 20, 32, 404, 116<CR><LF>`bmpanel crop 5 200, 0, 20, 32, 424, 116<CR><LF>`bmpanel crop 5 200, 0, 20, 32, 444, 116<CR><LF>`bmpanel update<CR><LF>
[2026-09-15T14:21:34.590] Cog0  BM-UISTEP,seq,11,step,5,kind,CONTROL,tested,RIGHT,got,NA,key,TRUE,click,TRUE,press_x,194,press_y,218,prompt,6,result,OK,wait_ms,6_821,why,NONE
[2026-09-15T14:21:34.678] `bmpanel crop 2 0, 456, 456, 76, 12, 34<CR><LF>`bmpanel crop 3 0, 320, 300, 32, 12, 116<CR><LF>`bmpanel crop 1 12, 156, 108, 36<CR><LF>`bmpanel crop 1 128, 156, 108, 36<CR><LF>`bmpanel crop 1 244, 156, 108, 36<CR><LF>`bmpanel crop 1 12, 198, 108, 36<CR><LF>`bmpanel crop 1 128, 198, 108, 36<CR><LF>`bmpanel crop 4 0, 180, 108, 36, 244, 198<CR><LF>`bmpanel crop 1 360, 198, 108, 36<CR><LF>`bmpanel crop 5 200, 0, 20, 32, 404, 116<CR><LF>`bmpanel crop 5 200, 0, 20, 32, 424, 116<CR><LF>`bmpanel crop 5 200, 0, 20, 32, 444, 116<CR><LF>`bmpanel update<CR><LF>`bmpanel crop 2 0, 456, 456, 76, 12, 34<CR><LF>`bmpanel crop 3 0, 320, 300, 32, 12, 116<CR><LF>`bmpanel crop 1 12, 156, 108, 36<CR><LF>`bmpanel crop 1 128, 156, 108, 36<CR><LF>`bmpanel crop 1 244, 156, 108, 36<CR><LF>`bmpanel crop 1 12, 198, 108, 36<CR><LF>`bmpanel crop 1 128, 198, 108, 36<CR><LF>`bmpanel crop 4 0, 180, 108, 36, 244, 198<CR><LF>`bmpanel crop 1 360, 198, 108, 36<CR><LF>`bmpanel crop 5 200, 0, 20, 32, 404, 116<CR><LF>`bmpanel crop 5 60, 0, 20, 32, 424, 116<CR><LF>`bmpanel crop 5 0, 0, 20, 32, 444, 116<CR><LF>`bmpanel update<CR><LF>`bmpanel PC_KEY<CR><LF>`bmpanel PC_MOUSE<CR><LF>
[2026-09-15T14:21:34.758] `bmpanel PC_KEY<CR><LF>`bmpanel PC_MOUSE<CR><LF>
[2026-09-15T14:21:34.839] `bmpanel PC_KEY<CR><LF>`bmpanel PC_MOUSE<CR><LF>
[2026-09-15T14:21:34.917] `bmpanel PC_KEY<CR><LF>`bmpanel PC_MOUSE<CR><LF>
[2026-09-15T14:21:34.998] `bmpanel PC_KEY<CR><LF>`bmpanel PC_MOUSE<CR><LF>
[2026-09-15T14:21:35.079] `bmpanel PC_KEY<CR><LF>`bmpanel PC_MOUSE<CR><LF>
[2026-09-15T14:21:35.157] `bmpanel PC_KEY<CR><LF>`bmpanel PC_MOUSE<CR><LF>
[2026-09-15T14:21:35.238] `bmpanel PC_KEY<CR><LF>`bmpanel PC_MOUSE<CR><LF>
[2026-09-15T14:21:35.321] `bmpanel PC_KEY<CR><LF>`bmpanel PC_MOUSE<CR><LF>
[2026-09-15T14:21:35.399] `bmpanel PC_KEY<CR><LF>`bmpanel PC_MOUSE<CR><LF>
[2026-09-15T14:21:35.478] `bmpanel PC_KEY<CR><LF>`bmpanel PC_MOUSE<CR><LF>
[2026-09-15T14:21:35.558] `bmpanel PC_KEY<CR><LF>`bmpanel PC_MOUSE<CR><LF>
[2026-09-15T14:21:35.723] `bmpanel PC_KEY<CR><LF>`bmpanel PC_MOUSE<CR><LF>`bmpanel crop 2 0, 456, 456, 76, 12, 34<CR><LF>`bmpanel crop 3 0, 320, 300, 32, 12, 116<CR><LF>`bmpanel crop 1 12, 156, 108, 36<CR><LF>`bmpanel crop 1 128, 156, 108, 36<CR><LF>`bmpanel crop 1 244, 156, 108, 36<CR><LF>`bmpanel crop 1 12, 198, 108, 36<CR><LF>`bmpanel crop 1 128, 198, 108, 36<CR><LF>`bmpanel crop 4 0, 180, 108, 36, 244, 198<CR><LF>`bmpanel crop 1 360, 198, 108, 36<CR><LF>`bmpanel crop 5 200, 0, 20, 32, 404, 116<CR><LF>`bmpanel crop 5 40, 0, 20, 32, 424, 116<CR><LF>`bmpanel crop 5 180, 0, 20, 32, 444, 116<CR><LF>`bmpanel update<CR><LF>`bmpanel PC_KEY<CR><LF>`bmpanel PC_MOUSE<CR><LF>
[2026-09-15T14:21:35.804] `bmpanel PC_KEY<CR><LF>`bmpanel PC_MOUSE<CR><LF>
[2026-09-15T14:21:35.883] `bmpanel PC_KEY<CR><LF>`bmpanel PC_MOUSE<CR><LF>
[2026-09-15T14:21:35.962] `bmpanel PC_KEY<CR><LF>`bmpanel PC_MOUSE<CR><LF>
[2026-09-15T14:21:36.044] `bmpanel PC_KEY<CR><LF>`bmpanel PC_MOUSE<CR><LF>
[2026-09-15T14:21:36.123] `bmpanel PC_KEY<CR><LF>`bmpanel PC_MOUSE<CR><LF>
[2026-09-15T14:21:36.203] `bmpanel PC_KEY<CR><LF>`bmpanel PC_MOUSE<CR><LF>
[2026-09-15T14:21:36.282] `bmpanel PC_KEY<CR><LF>`bmpanel PC_MOUSE<CR><LF>
[2026-09-15T14:21:36.366] `bmpanel PC_KEY<CR><LF>`bmpanel PC_MOUSE<CR><LF>
[2026-09-15T14:21:36.484] `bmpanel PC_KEY<CR><LF>`bmpanel PC_MOUSE<CR><LF>`bmpanel crop 2 0, 456, 456, 76, 12, 34<CR><LF>`bmpanel crop 3 0, 448, 300, 32, 12, 116<CR><LF>`bmpanel crop 1 12, 156, 108, 36<CR><LF>`bmpanel crop 1 128, 156, 108, 36<CR><LF>`bmpanel crop 1 244, 156, 108, 36<CR><LF>`bmpanel crop 1 12, 198, 108, 36<CR><LF>`bmpanel crop 1 128, 198, 108, 36<CR><LF>`bmpanel crop 4 0, 180, 108, 36, 244, 198<CR><LF>`bmpanel crop 1 360, 198, 108, 36<CR><LF>`bmpanel crop 5 200, 0, 20, 32, 404, 116<CR><LF>`bmpanel crop 5 200, 0, 20, 32, 424, 116<CR><LF>`bmpanel crop 5 200, 0, 20, 32, 444, 116<CR><LF>`bmpanel update<CR><LF>`bmpanel crop 2 0, 456, 456, 76, 12, 34<CR><LF>`bmpanel crop 3 0, 448, 300, 32, 12, 116<CR><LF>`bmpanel crop 1 12, 156, 108, 36<CR><LF>`bmpanel crop 1 128, 156, 108, 36<CR><LF>`bmpanel crop 1 244, 156, 108, 36<CR><LF>`bmpanel crop 1 12, 198, 108, 36<CR><LF>`bmpanel crop 1 128, 198, 108, 36<CR><LF>`bmpanel crop 4 0, 180, 108, 36, 244, 198<CR><LF>`bmpanel crop 1 360, 198, 108, 36<CR><LF>`bmpanel crop 5 200, 0, 20, 32, 404, 116<CR><LF>`bmpanel crop 5 40, 0, 20, 32, 424, 116<CR><LF>`bmpanel crop 5 180, 0, 20, 32, 444, 116<CR><LF>`bmpanel update<CR><LF>`bmpanel PC_KEY<CR><LF>`bmpanel PC_MOUSE<CR><LF>
[2026-09-15T14:21:36.561] `bmpanel PC_KEY<CR><LF>`bmpanel PC_MOUSE<CR><LF>
[2026-09-15T14:21:36.641] `bmpanel PC_KEY<CR><LF>`bmpanel PC_MOUSE<CR><LF>
[2026-09-15T14:21:36.725] `bmpanel crop 2 0, 456, 456, 76, 12, 34<CR><LF>`bmpanel crop 3 0, 448, 300, 32, 12, 116<CR><LF>`bmpanel crop 1 12, 156, 108, 36<CR><LF>`bmpanel crop 1 128, 156, 108, 36<CR><LF>`bmpanel crop 1 244, 156, 108, 36<CR><LF>`bmpanel crop 1 12, 198, 108, 36<CR><LF>`bmpanel crop 1 128, 198, 108, 36<CR><LF>`bmpanel crop 4 0, 180, 108, 36, 244, 198<CR><LF>`bmpanel crop 1 360, 198, 108, 36<CR><LF>`bmpanel crop 5 200, 0, 20, 32, 404, 116<CR><LF>`bmpanel crop 5 40, 0, 20, 32, 424, 116<CR><LF>`bmpanel crop 5 160, 0, 20, 32, 444, 116<CR><LF>`bmpanel update<CR><LF>`bmpanel PC_KEY<CR><LF>`bmpanel PC_MOUSE<CR><LF>
[2026-09-15T14:21:36.807] `bmpanel PC_KEY<CR><LF>`bmpanel PC_MOUSE<CR><LF>
[2026-09-15T14:21:36.886] `bmpanel PC_KEY<CR><LF>`bmpanel PC_MOUSE<CR><LF>
[2026-09-15T14:21:36.967] `bmpanel PC_KEY<CR><LF>`bmpanel PC_MOUSE<CR><LF>
[2026-09-15T14:21:37.046] `bmpanel PC_KEY<CR><LF>`bmpanel PC_MOUSE<CR><LF>
[2026-09-15T14:21:37.126] `bmpanel PC_KEY<CR><LF>`bmpanel PC_MOUSE<CR><LF>
[2026-09-15T14:21:37.208] `bmpanel PC_KEY<CR><LF>`bmpanel PC_MOUSE<CR><LF>
[2026-09-15T14:21:37.289] `bmpanel PC_KEY<CR><LF>`bmpanel PC_MOUSE<CR><LF>
[2026-09-15T14:21:37.367] `bmpanel PC_KEY<CR><LF>`bmpanel PC_MOUSE<CR><LF>
[2026-09-15T14:21:37.448] `bmpanel PC_KEY<CR><LF>`bmpanel PC_MOUSE<CR><LF>
[2026-09-15T14:21:37.527] `bmpanel PC_KEY<CR><LF>`bmpanel PC_MOUSE<CR><LF>
[2026-09-15T14:21:37.607] `bmpanel PC_KEY<CR><LF>`bmpanel PC_MOUSE<CR><LF>
[2026-09-15T14:21:37.692] `bmpanel crop 2 0, 456, 456, 76, 12, 34<CR><LF>`bmpanel crop 3 0, 448, 300, 32, 12, 116<CR><LF>`bmpanel crop 1 12, 156, 108, 36<CR><LF>`bmpanel crop 1 128, 156, 108, 36<CR><LF>`bmpanel crop 1 244, 156, 108, 36<CR><LF>`bmpanel crop 1 12, 198, 108, 36<CR><LF>`bmpanel crop 1 128, 198, 108, 36<CR><LF>`bmpanel crop 4 0, 180, 108, 36, 244, 198<CR><LF>`bmpanel crop 1 360, 198, 108, 36<CR><LF>`bmpanel crop 5 200, 0, 20, 32, 404, 116<CR><LF>`bmpanel crop 5 40, 0, 20, 32, 424, 116<CR><LF>`bmpanel crop 5 140, 0, 20, 32, 444, 116<CR><LF>`bmpanel update<CR><LF>`bmpanel PC_KEY<CR><LF>`bmpanel PC_MOUSE<CR><LF>
[2026-09-15T14:21:37.773] `bmpanel PC_KEY<CR><LF>`bmpanel PC_MOUSE<CR><LF>
[2026-09-15T14:21:37.851] `bmpanel PC_KEY<CR><LF>`bmpanel PC_MOUSE<CR><LF>
[2026-09-15T14:21:37.931] `bmpanel PC_KEY<CR><LF>`bmpanel PC_MOUSE<CR><LF>
[2026-09-15T14:21:38.016] `bmpanel PC_KEY<CR><LF>`bmpanel crop 2 0, 456, 456, 76, 12, 34<CR><LF>`bmpanel crop 3 0, 320, 300, 32, 12, 116<CR><LF>`bmpanel crop 1 12, 156, 108, 36<CR><LF>`bmpanel crop 1 128, 156, 108, 36<CR><LF>`bmpanel crop 1 244, 156, 108, 36<CR><LF>`bmpanel crop 1 12, 198, 108, 36<CR><LF>`bmpanel crop 1 128, 198, 108, 36<CR><LF>`bmpanel crop 4 108, 180, 108, 36, 244, 198<CR><LF>`bmpanel crop 1 360, 198, 108, 36<CR><LF>`bmpanel crop 5 200, 0, 20, 32, 404, 116<CR><LF>`bmpanel crop 5 200, 0, 20, 32, 424, 116<CR><LF>`bmpanel crop 5 200, 0, 20, 32, 444, 116<CR><LF>`bmpanel update<CR><LF>
[2026-09-15T14:21:38.451] Cog0  BM-UISTEP,seq,12,step,6,kind,CONTROL,tested,STRAIGHT,got,NA,key,TRUE,click,TRUE,press_x,271,press_y,219,prompt,6,result,OK,wait_ms,3_857,why,NONE
[2026-09-15T14:21:38.538] `bmpanel crop 2 0, 456, 456, 76, 12, 34<CR><LF>`bmpanel crop 3 0, 320, 300, 32, 12, 116<CR><LF>`bmpanel crop 1 12, 156, 108, 36<CR><LF>`bmpanel crop 1 128, 156, 108, 36<CR><LF>`bmpanel crop 1 244, 156, 108, 36<CR><LF>`bmpanel crop 1 12, 198, 108, 36<CR><LF>`bmpanel crop 1 128, 198, 108, 36<CR><LF>`bmpanel crop 1 244, 198, 108, 36<CR><LF>`bmpanel crop 4 0, 216, 108, 36, 360, 198<CR><LF>`bmpanel crop 5 200, 0, 20, 32, 404, 116<CR><LF>`bmpanel crop 5 200, 0, 20, 32, 424, 116<CR><LF>`bmpanel crop 5 200, 0, 20, 32, 444, 116<CR><LF>`bmpanel update<CR><LF>`bmpanel crop 2 0, 456, 456, 76, 12, 34<CR><LF>`bmpanel crop 3 0, 320, 300, 32, 12, 116<CR><LF>`bmpanel crop 1 12, 156, 108, 36<CR><LF>`bmpanel crop 1 128, 156, 108, 36<CR><LF>`bmpanel crop 1 244, 156, 108, 36<CR><LF>`bmpanel crop 1 12, 198, 108, 36<CR><LF>`bmpanel crop 1 128, 198, 108, 36<CR><LF>`bmpanel crop 1 244, 198, 108, 36<CR><LF>`bmpanel crop 4 0, 216, 108, 36, 360, 198<CR><LF>`bmpanel crop 5 200, 0, 20, 32, 404, 116<CR><LF>`bmpanel crop 5 60, 0, 20, 32, 424, 116<CR><LF>`bmpanel crop 5 0, 0, 20, 32, 444, 116<CR><LF>`bmpanel update<CR><LF>`bmpanel PC_KEY<CR><LF>`bmpanel PC_MOUSE<CR><LF>
[2026-09-15T14:21:38.619] `bmpanel PC_KEY<CR><LF>`bmpanel PC_MOUSE<CR><LF>
[2026-09-15T14:21:38.701] `bmpanel PC_KEY<CR><LF>`bmpanel PC_MOUSE<CR><LF>
[2026-09-15T14:21:38.781] `bmpanel PC_KEY<CR><LF>`bmpanel PC_MOUSE<CR><LF>
[2026-09-15T14:21:38.860] `bmpanel PC_KEY<CR><LF>`bmpanel PC_MOUSE<CR><LF>
[2026-09-15T14:21:38.940] `bmpanel PC_KEY<CR><LF>`bmpanel PC_MOUSE<CR><LF>
[2026-09-15T14:21:39.019] `bmpanel PC_KEY<CR><LF>`bmpanel PC_MOUSE<CR><LF>
[2026-09-15T14:21:39.101] `bmpanel PC_KEY<CR><LF>`bmpanel PC_MOUSE<CR><LF>
[2026-09-15T14:21:39.179] `bmpanel PC_KEY<CR><LF>`bmpanel PC_MOUSE<CR><LF>
[2026-09-15T14:21:39.259] `bmpanel PC_KEY<CR><LF>`bmpanel PC_MOUSE<CR><LF>
[2026-09-15T14:21:39.339] `bmpanel PC_KEY<CR><LF>`bmpanel PC_MOUSE<CR><LF>
[2026-09-15T14:21:39.418] `bmpanel PC_KEY<CR><LF>`bmpanel PC_MOUSE<CR><LF>
[2026-09-15T14:21:39.584] `bmpanel PC_KEY<CR><LF>`bmpanel PC_MOUSE<CR><LF>`bmpanel crop 2 0, 456, 456, 76, 12, 34<CR><LF>`bmpanel crop 3 0, 320, 300, 32, 12, 116<CR><LF>`bmpanel crop 1 12, 156, 108, 36<CR><LF>`bmpanel crop 1 128, 156, 108, 36<CR><LF>`bmpanel crop 1 244, 156, 108, 36<CR><LF>`bmpanel crop 1 12, 198, 108, 36<CR><LF>`bmpanel crop 1 128, 198, 108, 36<CR><LF>`bmpanel crop 1 244, 198, 108, 36<CR><LF>`bmpanel crop 4 0, 216, 108, 36, 360, 198<CR><LF>`bmpanel crop 5 200, 0, 20, 32, 404, 116<CR><LF>`bmpanel crop 5 40, 0, 20, 32, 424, 116<CR><LF>`bmpanel crop 5 180, 0, 20, 32, 444, 116<CR><LF>`bmpanel update<CR><LF>`bmpanel PC_KEY<CR><LF>`bmpanel PC_MOUSE<CR><LF>
[2026-09-15T14:21:39.664] `bmpanel PC_KEY<CR><LF>`bmpanel PC_MOUSE<CR><LF>
[2026-09-15T14:21:39.744] `bmpanel PC_KEY<CR><LF>`bmpanel PC_MOUSE<CR><LF>
[2026-09-15T14:21:39.824] `bmpanel PC_KEY<CR><LF>`bmpanel PC_MOUSE<CR><LF>
[2026-09-15T14:21:39.904] `bmpanel PC_KEY<CR><LF>`bmpanel PC_MOUSE<CR><LF>
[2026-09-15T14:21:39.984] `bmpanel PC_KEY<CR><LF>`bmpanel PC_MOUSE<CR><LF>
[2026-09-15T14:21:40.067] `bmpanel PC_KEY<CR><LF>`bmpanel PC_MOUSE<CR><LF>
[2026-09-15T14:21:40.147] `bmpanel PC_KEY<CR><LF>`bmpanel PC_MOUSE<CR><LF>
[2026-09-15T14:21:40.264] `bmpanel PC_KEY<CR><LF>`bmpanel PC_MOUSE<CR><LF>`bmpanel crop 2 0, 456, 456, 76, 12, 34<CR><LF>`bmpanel crop 3 0, 448, 300, 32, 12, 116<CR><LF>`bmpanel crop 1 12, 156, 108, 36<CR><LF>`bmpanel crop 1 128, 156, 108, 36<CR><LF>`bmpanel crop 1 244, 156, 108, 36<CR><LF>`bmpanel crop 1 12, 198, 108, 36<CR><LF>`bmpanel crop 1 128, 198, 108, 36<CR><LF>`bmpanel crop 1 244, 198, 108, 36<CR><LF>`bmpanel crop 4 0, 216, 108, 36, 360, 198<CR><LF>`bmpanel crop 5 200, 0, 20, 32, 404, 116<CR><LF>`bmpanel crop 5 200, 0, 20, 32, 424, 116<CR><LF>`bmpanel crop 5 200, 0, 20, 32, 444, 116<CR><LF>`bmpanel update<CR><LF>`bmpanel crop 2 0, 456, 456, 76, 12, 34<CR><LF>`bmpanel crop 3 0, 448, 300, 32, 12, 116<CR><LF>`bmpanel crop 1 12, 156, 108, 36<CR><LF>`bmpanel crop 1 128, 156, 108, 36<CR><LF>`bmpanel crop 1 244, 156, 108, 36<CR><LF>`bmpanel crop 1 12, 198, 108, 36<CR><LF>`bmpanel crop 1 128, 198, 108, 36<CR><LF>`bmpanel crop 1 244, 198, 108, 36<CR><LF>`bmpanel crop 4 0, 216, 108, 36, 360, 198<CR><LF>`bmpanel crop 5 200, 0, 20, 32, 404, 116<CR><LF>`bmpanel crop 5 40, 0, 20, 32, 424, 116<CR><LF>`bmpanel crop 5 180, 0, 20, 32, 444, 116<CR><LF>`bmpanel update<CR><LF>`bmpanel PC_KEY<CR><LF>`bmpanel PC_MOUSE<CR><LF>
[2026-09-15T14:21:40.343] `bmpanel PC_KEY<CR><LF>`bmpanel PC_MOUSE<CR><LF>
[2026-09-15T14:21:40.423] `bmpanel PC_KEY<CR><LF>`bmpanel PC_MOUSE<CR><LF>
[2026-09-15T14:21:40.502] `bmpanel PC_KEY<CR><LF>`bmpanel PC_MOUSE<CR><LF>
[2026-09-15T14:21:40.588] `bmpanel crop 2 0, 456, 456, 76, 12, 34<CR><LF>`bmpanel crop 3 0, 448, 300, 32, 12, 116<CR><LF>`bmpanel crop 1 12, 156, 108, 36<CR><LF>`bmpanel crop 1 128, 156, 108, 36<CR><LF>`bmpanel crop 1 244, 156, 108, 36<CR><LF>`bmpanel crop 1 12, 198, 108, 36<CR><LF>`bmpanel crop 1 128, 198, 108, 36<CR><LF>`bmpanel crop 1 244, 198, 108, 36<CR><LF>`bmpanel crop 4 0, 216, 108, 36, 360, 198<CR><LF>`bmpanel crop 5 200, 0, 20, 32, 404, 116<CR><LF>`bmpanel crop 5 40, 0, 20, 32, 424, 116<CR><LF>`bmpanel crop 5 160, 0, 20, 32, 444, 116<CR><LF>`bmpanel update<CR><LF>`bmpanel PC_KEY<CR><LF>`bmpanel PC_MOUSE<CR><LF>
[2026-09-15T14:21:40.666] `bmpanel PC_KEY<CR><LF>`bmpanel PC_MOUSE<CR><LF>
[2026-09-15T14:21:40.747] `bmpanel PC_KEY<CR><LF>`bmpanel PC_MOUSE<CR><LF>
[2026-09-15T14:21:40.829] `bmpanel PC_KEY<CR><LF>`bmpanel PC_MOUSE<CR><LF>
[2026-09-15T14:21:40.908] `bmpanel PC_KEY<CR><LF>`bmpanel PC_MOUSE<CR><LF>
[2026-09-15T14:21:40.988] `bmpanel PC_KEY<CR><LF>`bmpanel PC_MOUSE<CR><LF>
[2026-09-15T14:21:41.070] `bmpanel PC_KEY<CR><LF>`bmpanel PC_MOUSE<CR><LF>
[2026-09-15T14:21:41.148] `bmpanel PC_KEY<CR><LF>`bmpanel PC_MOUSE<CR><LF>
[2026-09-15T14:21:41.228] `bmpanel PC_KEY<CR><LF>`bmpanel PC_MOUSE<CR><LF>
[2026-09-15T14:21:41.309] `bmpanel PC_KEY<CR><LF>`bmpanel PC_MOUSE<CR><LF>
[2026-09-15T14:21:41.389] `bmpanel PC_KEY<CR><LF>`bmpanel PC_MOUSE<CR><LF>
[2026-09-15T14:21:41.468] `bmpanel PC_KEY<CR><LF>`bmpanel PC_MOUSE<CR><LF>
[2026-09-15T14:21:41.553] `bmpanel crop 2 0, 456, 456, 76, 12, 34<CR><LF>`bmpanel crop 3 0, 448, 300, 32, 12, 116<CR><LF>`bmpanel crop 1 12, 156, 108, 36<CR><LF>`bmpanel crop 1 128, 156, 108, 36<CR><LF>`bmpanel crop 1 244, 156, 108, 36<CR><LF>`bmpanel crop 1 12, 198, 108, 36<CR><LF>`bmpanel crop 1 128, 198, 108, 36<CR><LF>`bmpanel crop 1 244, 198, 108, 36<CR><LF>`bmpanel crop 4 0, 216, 108, 36, 360, 198<CR><LF>`bmpanel crop 5 200, 0, 20, 32, 404, 116<CR><LF>`bmpanel crop 5 40, 0, 20, 32, 424, 116<CR><LF>`bmpanel crop 5 140, 0, 20, 32, 444, 116<CR><LF>`bmpanel update<CR><LF>`bmpanel PC_KEY<CR><LF>`bmpanel PC_MOUSE<CR><LF>
[2026-09-15T14:21:41.635] `bmpanel PC_KEY<CR><LF>`bmpanel PC_MOUSE<CR><LF>
[2026-09-15T14:21:41.713] `bmpanel PC_KEY<CR><LF>`bmpanel PC_MOUSE<CR><LF>
[2026-09-15T14:21:41.794] `bmpanel PC_KEY<CR><LF>`bmpanel PC_MOUSE<CR><LF>
[2026-09-15T14:21:41.873] `bmpanel PC_KEY<CR><LF>`bmpanel PC_MOUSE<CR><LF>
[2026-09-15T14:21:41.952] `bmpanel PC_KEY<CR><LF>`bmpanel PC_MOUSE<CR><LF>
[2026-09-15T14:21:42.033] `bmpanel PC_KEY<CR><LF>`bmpanel PC_MOUSE<CR><LF>
[2026-09-15T14:21:42.116] `bmpanel PC_KEY<CR><LF>`bmpanel crop 2 0, 456, 456, 76, 12, 34<CR><LF>`bmpanel crop 3 0, 320, 300, 32, 12, 116<CR><LF>`bmpanel crop 1 12, 156, 108, 36<CR><LF>`bmpanel crop 1 128, 156, 108, 36<CR><LF>`bmpanel crop 1 244, 156, 108, 36<CR><LF>`bmpanel crop 1 12, 198, 108, 36<CR><LF>`bmpanel crop 1 128, 198, 108, 36<CR><LF>`bmpanel crop 1 244, 198, 108, 36<CR><LF>`bmpanel crop 4 108, 216, 108, 36, 360, 198<CR><LF>`bmpanel crop 5 200, 0, 20, 32, 404, 116<CR><LF>`bmpanel crop 5 200, 0, 20, 32, 424, 116<CR><LF>`bmpanel crop 5 200, 0, 20, 32, 444, 116<CR><LF>`bmpanel update<CR><LF>
[2026-09-15T14:21:42.553] Cog0  BM-UISTEP,seq,13,step,7,kind,CONTROL,tested,NOMOVE,got,NA,key,TRUE,click,TRUE,press_x,414,press_y,215,prompt,6,result,OK,wait_ms,4_097,why,NONE
[2026-09-15T14:21:42.640] `bmpanel crop 2 0, 532, 456, 76, 12, 34<CR><LF>`bmpanel crop 3 0, 320, 300, 32, 12, 116<CR><LF>`bmpanel crop 4 0, 0, 108, 36, 12, 156<CR><LF>`bmpanel crop 1 128, 156, 108, 36<CR><LF>`bmpanel crop 1 244, 156, 108, 36<CR><LF>`bmpanel crop 1 12, 198, 108, 36<CR><LF>`bmpanel crop 1 128, 198, 108, 36<CR><LF>`bmpanel crop 1 244, 198, 108, 36<CR><LF>`bmpanel crop 1 360, 198, 108, 36<CR><LF>`bmpanel crop 5 200, 0, 20, 32, 404, 116<CR><LF>`bmpanel crop 5 200, 0, 20, 32, 424, 116<CR><LF>`bmpanel crop 5 200, 0, 20, 32, 444, 116<CR><LF>`bmpanel update<CR><LF>`bmpanel crop 2 0, 532, 456, 76, 12, 34<CR><LF>`bmpanel crop 3 0, 320, 300, 32, 12, 116<CR><LF>`bmpanel crop 4 0, 0, 108, 36, 12, 156<CR><LF>`bmpanel crop 1 128, 156, 108, 36<CR><LF>`bmpanel crop 1 244, 156, 108, 36<CR><LF>`bmpanel crop 1 12, 198, 108, 36<CR><LF>`bmpanel crop 1 128, 198, 108, 36<CR><LF>`bmpanel crop 1 244, 198, 108, 36<CR><LF>`bmpanel crop 1 360, 198, 108, 36<CR><LF>`bmpanel crop 5 200, 0, 20, 32, 404, 116<CR><LF>`bmpanel crop 5 60, 0, 20, 32, 424, 116<CR><LF>`bmpanel crop 5 0, 0, 20, 32, 444, 116<CR><LF>`bmpanel update<CR><LF>`bmpanel PC_KEY<CR><LF>`bmpanel PC_MOUSE<CR><LF>
[2026-09-15T14:21:42.720] `bmpanel PC_KEY<CR><LF>`bmpanel PC_MOUSE<CR><LF>
[2026-09-15T14:21:42.799] `bmpanel PC_KEY<CR><LF>`bmpanel PC_MOUSE<CR><LF>
[2026-09-15T14:21:42.880] `bmpanel PC_KEY<CR><LF>`bmpanel PC_MOUSE<CR><LF>
[2026-09-15T14:21:42.961] `bmpanel PC_KEY<CR><LF>`bmpanel PC_MOUSE<CR><LF>
[2026-09-15T14:21:43.040] `bmpanel PC_KEY<CR><LF>`bmpanel PC_MOUSE<CR><LF>
[2026-09-15T14:21:43.122] `bmpanel PC_KEY<CR><LF>`bmpanel PC_MOUSE<CR><LF>
[2026-09-15T14:21:43.201] `bmpanel PC_KEY<CR><LF>`bmpanel PC_MOUSE<CR><LF>
[2026-09-15T14:21:43.280] `bmpanel PC_KEY<CR><LF>`bmpanel PC_MOUSE<CR><LF>
[2026-09-15T14:21:43.361] `bmpanel PC_KEY<CR><LF>`bmpanel PC_MOUSE<CR><LF>
[2026-09-15T14:21:43.444] `bmpanel PC_KEY<CR><LF>`bmpanel PC_MOUSE<CR><LF>
[2026-09-15T14:21:43.521] `bmpanel PC_KEY<CR><LF>`bmpanel PC_MOUSE<CR><LF>
[2026-09-15T14:21:43.600] `bmpanel PC_KEY<CR><LF>`bmpanel PC_MOUSE<CR><LF>
[2026-09-15T14:21:43.686] `bmpanel crop 2 0, 532, 456, 76, 12, 34<CR><LF>`bmpanel crop 3 0, 320, 300, 32, 12, 116<CR><LF>`bmpanel crop 4 0, 0, 108, 36, 12, 156<CR><LF>`bmpanel crop 1 128, 156, 108, 36<CR><LF>`bmpanel crop 1 244, 156, 108, 36<CR><LF>`bmpanel crop 1 12, 198, 108, 36<CR><LF>`bmpanel crop 1 128, 198, 108, 36<CR><LF>`bmpanel crop 1 244, 198, 108, 36<CR><LF>`bmpanel crop 1 360, 198, 108, 36<CR><LF>`bmpanel crop 5 200, 0, 20, 32, 404, 116<CR><LF>`bmpanel crop 5 40, 0, 20, 32, 424, 116<CR><LF>`bmpanel crop 5 180, 0, 20, 32, 444, 116<CR><LF>`bmpanel update<CR><LF>`bmpanel PC_KEY<CR><LF>`bmpanel PC_MOUSE<CR><LF>
[2026-09-15T14:21:43.765] `bmpanel PC_KEY<CR><LF>`bmpanel PC_MOUSE<CR><LF>
[2026-09-15T14:21:43.845] `bmpanel PC_KEY<CR><LF>`bmpanel PC_MOUSE<CR><LF>
[2026-09-15T14:21:43.926] `bmpanel PC_KEY<CR><LF>`bmpanel PC_MOUSE<CR><LF>
[2026-09-15T14:21:44.006] `bmpanel PC_KEY<CR><LF>`bmpanel PC_MOUSE<CR><LF>
[2026-09-15T14:21:44.085] `bmpanel PC_KEY<CR><LF>`bmpanel PC_MOUSE<CR><LF>
[2026-09-15T14:21:44.165] `bmpanel PC_KEY<CR><LF>`bmpanel PC_MOUSE<CR><LF>
[2026-09-15T14:21:44.248] `bmpanel PC_KEY<CR><LF>`bmpanel PC_MOUSE<CR><LF>
[2026-09-15T14:21:44.326] `bmpanel PC_KEY<CR><LF>`bmpanel PC_MOUSE<CR><LF>
[2026-09-15T14:21:44.406] `bmpanel PC_KEY<CR><LF>`bmpanel PC_MOUSE<CR><LF>
[2026-09-15T14:21:44.486] `bmpanel PC_KEY<CR><LF>`bmpanel PC_MOUSE<CR><LF>
[2026-09-15T14:21:44.565] `bmpanel PC_KEY<CR><LF>`bmpanel PC_MOUSE<CR><LF>
[2026-09-15T14:21:44.651] `bmpanel crop 2 0, 532, 456, 76, 12, 34<CR><LF>`bmpanel crop 3 0, 320, 300, 32, 12, 116<CR><LF>`bmpanel crop 4 0, 0, 108, 36, 12, 156<CR><LF>`bmpanel crop 1 128, 156, 108, 36<CR><LF>`bmpanel crop 1 244, 156, 108, 36<CR><LF>`bmpanel crop 1 12, 198, 108, 36<CR><LF>`bmpanel crop 1 128, 198, 108, 36<CR><LF>`bmpanel crop 1 244, 198, 108, 36<CR><LF>`bmpanel crop 1 360, 198, 108, 36<CR><LF>`bmpanel crop 5 200, 0, 20, 32, 404, 116<CR><LF>`bmpanel crop 5 40, 0, 20, 32, 424, 116<CR><LF>`bmpanel crop 5 160, 0, 20, 32, 444, 116<CR><LF>`bmpanel update<CR><LF>`bmpanel PC_KEY<CR><LF>`bmpanel PC_MOUSE<CR><LF>
[2026-09-15T14:21:44.732] `bmpanel PC_KEY<CR><LF>`bmpanel PC_MOUSE<CR><LF>
[2026-09-15T14:21:44.811] `bmpanel PC_KEY<CR><LF>`bmpanel PC_MOUSE<CR><LF>
[2026-09-15T14:21:44.891] `bmpanel PC_KEY<CR><LF>`bmpanel PC_MOUSE<CR><LF>
[2026-09-15T14:21:44.971] `bmpanel PC_KEY<CR><LF>`bmpanel PC_MOUSE<CR><LF>
[2026-09-15T14:21:45.051] `bmpanel PC_KEY<CR><LF>`bmpanel PC_MOUSE<CR><LF>
[2026-09-15T14:21:45.131] `bmpanel PC_KEY<CR><LF>`bmpanel PC_MOUSE<CR><LF>
[2026-09-15T14:21:45.211] `bmpanel PC_KEY<CR><LF>`bmpanel PC_MOUSE<CR><LF>
[2026-09-15T14:21:45.291] `bmpanel PC_KEY<CR><LF>`bmpanel PC_MOUSE<CR><LF>
[2026-09-15T14:21:45.375] `bmpanel PC_KEY<CR><LF>`bmpanel PC_MOUSE<CR><LF>
[2026-09-15T14:21:45.453] `bmpanel PC_KEY<CR><LF>`bmpanel PC_MOUSE<CR><LF>
[2026-09-15T14:21:45.531] `bmpanel PC_KEY<CR><LF>`bmpanel PC_MOUSE<CR><LF>
[2026-09-15T14:21:45.610] `bmpanel PC_KEY<CR><LF>`bmpanel PC_MOUSE<CR><LF>
[2026-09-15T14:21:45.697] `bmpanel crop 2 0, 532, 456, 76, 12, 34<CR><LF>`bmpanel crop 3 0, 320, 300, 32, 12, 116<CR><LF>`bmpanel crop 4 0, 0, 108, 36, 12, 156<CR><LF>`bmpanel crop 1 128, 156, 108, 36<CR><LF>`bmpanel crop 1 244, 156, 108, 36<CR><LF>`bmpanel crop 1 12, 198, 108, 36<CR><LF>`bmpanel crop 1 128, 198, 108, 36<CR><LF>`bmpanel crop 1 244, 198, 108, 36<CR><LF>`bmpanel crop 1 360, 198, 108, 36<CR><LF>`bmpanel crop 5 200, 0, 20, 32, 404, 116<CR><LF>`bmpanel crop 5 40, 0, 20, 32, 424, 116<CR><LF>`bmpanel crop 5 140, 0, 20, 32, 444, 116<CR><LF>`bmpanel update<CR><LF>`bmpanel PC_KEY<CR><LF>`bmpanel PC_MOUSE<CR><LF>
[2026-09-15T14:21:45.778] `bmpanel PC_KEY<CR><LF>`bmpanel PC_MOUSE<CR><LF>
[2026-09-15T14:21:45.857] `bmpanel PC_KEY<CR><LF>`bmpanel PC_MOUSE<CR><LF>
[2026-09-15T14:21:45.936] `bmpanel PC_KEY<CR><LF>`bmpanel PC_MOUSE<CR><LF>
[2026-09-15T14:21:46.020] `bmpanel PC_KEY<CR><LF>`bmpanel PC_MOUSE<CR><LF>
[2026-09-15T14:21:46.098] `bmpanel PC_KEY<CR><LF>`bmpanel PC_MOUSE<CR><LF>
[2026-09-15T14:21:46.177] `bmpanel PC_KEY<CR><LF>`bmpanel PC_MOUSE<CR><LF>
[2026-09-15T14:21:46.257] `bmpanel PC_KEY<CR><LF>`bmpanel PC_MOUSE<CR><LF>
[2026-09-15T14:21:46.337] `bmpanel PC_KEY<CR><LF>`bmpanel PC_MOUSE<CR><LF>
[2026-09-15T14:21:46.417] `bmpanel PC_KEY<CR><LF>`bmpanel PC_MOUSE<CR><LF>
[2026-09-15T14:21:46.497] `bmpanel PC_KEY<CR><LF>`bmpanel PC_MOUSE<CR><LF>
[2026-09-15T14:21:46.578] `bmpanel PC_KEY<CR><LF>`bmpanel PC_MOUSE<CR><LF>
[2026-09-15T14:21:46.662] `bmpanel crop 2 0, 532, 456, 76, 12, 34<CR><LF>`bmpanel crop 3 0, 320, 300, 32, 12, 116<CR><LF>`bmpanel crop 4 0, 0, 108, 36, 12, 156<CR><LF>`bmpanel crop 1 128, 156, 108, 36<CR><LF>`bmpanel crop 1 244, 156, 108, 36<CR><LF>`bmpanel crop 1 12, 198, 108, 36<CR><LF>`bmpanel crop 1 128, 198, 108, 36<CR><LF>`bmpanel crop 1 244, 198, 108, 36<CR><LF>`bmpanel crop 1 360, 198, 108, 36<CR><LF>`bmpanel crop 5 200, 0, 20, 32, 404, 116<CR><LF>`bmpanel crop 5 40, 0, 20, 32, 424, 116<CR><LF>`bmpanel crop 5 120, 0, 20, 32, 444, 116<CR><LF>`bmpanel update<CR><LF>`bmpanel PC_KEY<CR><LF>`bmpanel PC_MOUSE<CR><LF>
[2026-09-15T14:21:46.742] `bmpanel PC_KEY<CR><LF>`bmpanel PC_MOUSE<CR><LF>
[2026-09-15T14:21:46.822] `bmpanel PC_KEY<CR><LF>`bmpanel PC_MOUSE<CR><LF>
[2026-09-15T14:21:46.906] `bmpanel PC_KEY<CR><LF>`bmpanel PC_MOUSE<CR><LF>
[2026-09-15T14:21:46.983] `bmpanel PC_KEY<CR><LF>`bmpanel PC_MOUSE<CR><LF>
[2026-09-15T14:21:47.062] `bmpanel PC_KEY<CR><LF>`bmpanel PC_MOUSE<CR><LF>
[2026-09-15T14:21:47.142] `bmpanel PC_KEY<CR><LF>`bmpanel PC_MOUSE<CR><LF>
[2026-09-15T14:21:47.223] `bmpanel PC_KEY<CR><LF>`bmpanel PC_MOUSE<CR><LF>
[2026-09-15T14:21:47.304] `bmpanel PC_KEY<CR><LF>`bmpanel PC_MOUSE<CR><LF>
[2026-09-15T14:21:47.382] `bmpanel PC_KEY<CR><LF>`bmpanel PC_MOUSE<CR><LF>
[2026-09-15T14:21:47.464] `bmpanel PC_KEY<CR><LF>`bmpanel PC_MOUSE<CR><LF>
[2026-09-15T14:21:47.543] `bmpanel PC_KEY<CR><LF>`bmpanel PC_MOUSE<CR><LF>
[2026-09-15T14:21:47.623] `bmpanel PC_KEY<CR><LF>`bmpanel PC_MOUSE<CR><LF>
[2026-09-15T14:21:47.707] `bmpanel crop 2 0, 532, 456, 76, 12, 34<CR><LF>`bmpanel crop 3 0, 320, 300, 32, 12, 116<CR><LF>`bmpanel crop 4 0, 0, 108, 36, 12, 156<CR><LF>`bmpanel crop 1 128, 156, 108, 36<CR><LF>`bmpanel crop 1 244, 156, 108, 36<CR><LF>`bmpanel crop 1 12, 198, 108, 36<CR><LF>`bmpanel crop 1 128, 198, 108, 36<CR><LF>`bmpanel crop 1 244, 198, 108, 36<CR><LF>`bmpanel crop 1 360, 198, 108, 36<CR><LF>`bmpanel crop 5 200, 0, 20, 32, 404, 116<CR><LF>`bmpanel crop 5 40, 0, 20, 32, 424, 116<CR><LF>`bmpanel crop 5 100, 0, 20, 32, 444, 116<CR><LF>`bmpanel update<CR><LF>`bmpanel PC_KEY<CR><LF>`bmpanel PC_MOUSE<CR><LF>
[2026-09-15T14:21:47.788] `bmpanel PC_KEY<CR><LF>`bmpanel PC_MOUSE<CR><LF>
[2026-09-15T14:21:47.869] `bmpanel PC_KEY<CR><LF>`bmpanel PC_MOUSE<CR><LF>
[2026-09-15T14:21:47.947] `bmpanel PC_KEY<CR><LF>`bmpanel PC_MOUSE<CR><LF>
[2026-09-15T14:21:48.028] `bmpanel PC_KEY<CR><LF>`bmpanel PC_MOUSE<CR><LF>
[2026-09-15T14:21:48.108] `bmpanel PC_KEY<CR><LF>`bmpanel PC_MOUSE<CR><LF>
[2026-09-15T14:21:48.188] `bmpanel PC_KEY<CR><LF>`bmpanel PC_MOUSE<CR><LF>
[2026-09-15T14:21:48.270] `bmpanel PC_KEY<CR><LF>`bmpanel PC_MOUSE<CR><LF>
[2026-09-15T14:21:48.348] `bmpanel PC_KEY<CR><LF>`bmpanel PC_MOUSE<CR><LF>
[2026-09-15T14:21:48.428] `bmpanel PC_KEY<CR><LF>`bmpanel PC_MOUSE<CR><LF>
[2026-09-15T14:21:48.510] `bmpanel PC_KEY<CR><LF>`bmpanel PC_MOUSE<CR><LF>
[2026-09-15T14:21:48.589] `bmpanel PC_KEY<CR><LF>`bmpanel PC_MOUSE<CR><LF>
[2026-09-15T14:21:48.673] `bmpanel crop 2 0, 532, 456, 76, 12, 34<CR><LF>`bmpanel crop 3 0, 320, 300, 32, 12, 116<CR><LF>`bmpanel crop 4 0, 0, 108, 36, 12, 156<CR><LF>`bmpanel crop 1 128, 156, 108, 36<CR><LF>`bmpanel crop 1 244, 156, 108, 36<CR><LF>`bmpanel crop 1 12, 198, 108, 36<CR><LF>`bmpanel crop 1 128, 198, 108, 36<CR><LF>`bmpanel crop 1 244, 198, 108, 36<CR><LF>`bmpanel crop 1 360, 198, 108, 36<CR><LF>`bmpanel crop 5 200, 0, 20, 32, 404, 116<CR><LF>`bmpanel crop 5 40, 0, 20, 32, 424, 116<CR><LF>`bmpanel crop 5 80, 0, 20, 32, 444, 116<CR><LF>`bmpanel update<CR><LF>`bmpanel PC_KEY<CR><LF>`bmpanel PC_MOUSE<CR><LF>
[2026-09-15T14:21:48.753] `bmpanel PC_KEY<CR><LF>`bmpanel PC_MOUSE<CR><LF>
[2026-09-15T14:21:48.832] `bmpanel PC_KEY<CR><LF>`bmpanel PC_MOUSE<CR><LF>
[2026-09-15T14:21:48.913] `bmpanel PC_KEY<CR><LF>`bmpanel PC_MOUSE<CR><LF>
[2026-09-15T14:21:48.994] `bmpanel PC_KEY<CR><LF>`bmpanel PC_MOUSE<CR><LF>
[2026-09-15T14:21:49.073] `bmpanel PC_KEY<CR><LF>`bmpanel PC_MOUSE<CR><LF>
[2026-09-15T14:21:49.154] `bmpanel PC_KEY<CR><LF>`bmpanel PC_MOUSE<CR><LF>
[2026-09-15T14:21:49.236] `bmpanel PC_KEY<CR><LF>`bmpanel PC_MOUSE<CR><LF>
[2026-09-15T14:21:49.313] `bmpanel PC_KEY<CR><LF>`bmpanel PC_MOUSE<CR><LF>
[2026-09-15T14:21:49.394] `bmpanel PC_KEY<CR><LF>`bmpanel PC_MOUSE<CR><LF>
[2026-09-15T14:21:49.475] `bmpanel PC_KEY<CR><LF>`bmpanel PC_MOUSE<CR><LF>
[2026-09-15T14:21:49.554] `bmpanel PC_KEY<CR><LF>`bmpanel PC_MOUSE<CR><LF>
[2026-09-15T14:21:49.634] `bmpanel PC_KEY<CR><LF>`bmpanel PC_MOUSE<CR><LF>
[2026-09-15T14:21:49.721] `bmpanel crop 2 0, 532, 456, 76, 12, 34<CR><LF>`bmpanel crop 3 0, 320, 300, 32, 12, 116<CR><LF>`bmpanel crop 4 0, 0, 108, 36, 12, 156<CR><LF>`bmpanel crop 1 128, 156, 108, 36<CR><LF>`bmpanel crop 1 244, 156, 108, 36<CR><LF>`bmpanel crop 1 12, 198, 108, 36<CR><LF>`bmpanel crop 1 128, 198, 108, 36<CR><LF>`bmpanel crop 1 244, 198, 108, 36<CR><LF>`bmpanel crop 1 360, 198, 108, 36<CR><LF>`bmpanel crop 5 200, 0, 20, 32, 404, 116<CR><LF>`bmpanel crop 5 40, 0, 20, 32, 424, 116<CR><LF>`bmpanel crop 5 60, 0, 20, 32, 444, 116<CR><LF>`bmpanel update<CR><LF>`bmpanel PC_KEY<CR><LF>`bmpanel PC_MOUSE<CR><LF>
[2026-09-15T14:21:49.798] `bmpanel PC_KEY<CR><LF>`bmpanel PC_MOUSE<CR><LF>
[2026-09-15T14:21:49.879] `bmpanel PC_KEY<CR><LF>`bmpanel PC_MOUSE<CR><LF>
[2026-09-15T14:21:49.960] `bmpanel PC_KEY<CR><LF>`bmpanel PC_MOUSE<CR><LF>
[2026-09-15T14:21:50.042] `bmpanel PC_KEY<CR><LF>`bmpanel PC_MOUSE<CR><LF>
[2026-09-15T14:21:50.121] `bmpanel PC_KEY<CR><LF>`bmpanel PC_MOUSE<CR><LF>
[2026-09-15T14:21:50.200] `bmpanel PC_KEY<CR><LF>`bmpanel PC_MOUSE<CR><LF>
[2026-09-15T14:21:50.280] `bmpanel PC_KEY<CR><LF>`bmpanel PC_MOUSE<CR><LF>
[2026-09-15T14:21:50.358] `bmpanel PC_KEY<CR><LF>`bmpanel PC_MOUSE<CR><LF>
[2026-09-15T14:21:50.440] `bmpanel PC_KEY<CR><LF>`bmpanel PC_MOUSE<CR><LF>
[2026-09-15T14:21:50.518] `bmpanel PC_KEY<CR><LF>`bmpanel PC_MOUSE<CR><LF>
[2026-09-15T14:21:50.600] `bmpanel PC_KEY<CR><LF>`bmpanel PC_MOUSE<CR><LF>
[2026-09-15T14:21:50.684] `bmpanel crop 2 0, 532, 456, 76, 12, 34<CR><LF>`bmpanel crop 3 0, 320, 300, 32, 12, 116<CR><LF>`bmpanel crop 4 0, 0, 108, 36, 12, 156<CR><LF>`bmpanel crop 1 128, 156, 108, 36<CR><LF>`bmpanel crop 1 244, 156, 108, 36<CR><LF>`bmpanel crop 1 12, 198, 108, 36<CR><LF>`bmpanel crop 1 128, 198, 108, 36<CR><LF>`bmpanel crop 1 244, 198, 108, 36<CR><LF>`bmpanel crop 1 360, 198, 108, 36<CR><LF>`bmpanel crop 5 200, 0, 20, 32, 404, 116<CR><LF>`bmpanel crop 5 40, 0, 20, 32, 424, 116<CR><LF>`bmpanel crop 5 40, 0, 20, 32, 444, 116<CR><LF>`bmpanel update<CR><LF>`bmpanel PC_KEY<CR><LF>`bmpanel PC_MOUSE<CR><LF>
[2026-09-15T14:21:50.763] `bmpanel PC_KEY<CR><LF>`bmpanel PC_MOUSE<CR><LF>
[2026-09-15T14:21:50.844] `bmpanel PC_KEY<CR><LF>`bmpanel PC_MOUSE<CR><LF>
[2026-09-15T14:21:50.928] `bmpanel PC_KEY<CR><LF>`bmpanel PC_MOUSE<CR><LF>
[2026-09-15T14:21:51.005] `bmpanel PC_KEY<CR><LF>`bmpanel PC_MOUSE<CR><LF>
[2026-09-15T14:21:51.084] `bmpanel PC_KEY<CR><LF>`bmpanel PC_MOUSE<CR><LF>
[2026-09-15T14:21:51.166] `bmpanel PC_KEY<CR><LF>`bmpanel PC_MOUSE<CR><LF>
[2026-09-15T14:21:51.244] `bmpanel PC_KEY<CR><LF>`bmpanel PC_MOUSE<CR><LF>
[2026-09-15T14:21:51.326] `bmpanel PC_KEY<CR><LF>`bmpanel PC_MOUSE<CR><LF>
[2026-09-15T14:21:51.405] `bmpanel PC_KEY<CR><LF>`bmpanel PC_MOUSE<CR><LF>
[2026-09-15T14:21:51.485] `bmpanel PC_KEY<CR><LF>`bmpanel PC_MOUSE<CR><LF>
[2026-09-15T14:21:51.566] `bmpanel PC_KEY<CR><LF>`bmpanel PC_MOUSE<CR><LF>
[2026-09-15T14:21:51.652] `bmpanel crop 2 0, 532, 456, 76, 12, 34<CR><LF>`bmpanel crop 3 0, 320, 300, 32, 12, 116<CR><LF>`bmpanel crop 4 0, 0, 108, 36, 12, 156<CR><LF>`bmpanel crop 1 128, 156, 108, 36<CR><LF>`bmpanel crop 1 244, 156, 108, 36<CR><LF>`bmpanel crop 1 12, 198, 108, 36<CR><LF>`bmpanel crop 1 128, 198, 108, 36<CR><LF>`bmpanel crop 1 244, 198, 108, 36<CR><LF>`bmpanel crop 1 360, 198, 108, 36<CR><LF>`bmpanel crop 5 200, 0, 20, 32, 404, 116<CR><LF>`bmpanel crop 5 40, 0, 20, 32, 424, 116<CR><LF>`bmpanel crop 5 20, 0, 20, 32, 444, 116<CR><LF>`bmpanel update<CR><LF>`bmpanel PC_KEY<CR><LF>`bmpanel PC_MOUSE<CR><LF>
[2026-09-15T14:21:51.730] `bmpanel PC_KEY<CR><LF>`bmpanel PC_MOUSE<CR><LF>
[2026-09-15T14:21:51.810] `bmpanel PC_KEY<CR><LF>`bmpanel PC_MOUSE<CR><LF>
[2026-09-15T14:21:51.889] `bmpanel PC_KEY<CR><LF>`bmpanel PC_MOUSE<CR><LF>
[2026-09-15T14:21:51.972] `bmpanel PC_KEY<CR><LF>`bmpanel PC_MOUSE<CR><LF>
[2026-09-15T14:21:52.050] `bmpanel PC_KEY<CR><LF>`bmpanel PC_MOUSE<CR><LF>
[2026-09-15T14:21:52.130] `bmpanel PC_KEY<CR><LF>`bmpanel PC_MOUSE<CR><LF>
[2026-09-15T14:21:52.210] `bmpanel PC_KEY<CR><LF>`bmpanel PC_MOUSE<CR><LF>
[2026-09-15T14:21:52.293] `bmpanel PC_KEY<CR><LF>`bmpanel PC_MOUSE<CR><LF>
[2026-09-15T14:21:52.371] `bmpanel PC_KEY<CR><LF>`bmpanel PC_MOUSE<CR><LF>
[2026-09-15T14:21:52.490] `bmpanel PC_KEY<CR><LF>`bmpanel PC_MOUSE<CR><LF>`bmpanel crop 2 0, 0, 456, 76, 12, 34<CR><LF>`bmpanel crop 3 0, 0, 300, 32, 12, 116<CR><LF>`bmpanel crop 4 0, 0, 108, 36, 12, 156<CR><LF>`bmpanel crop 4 0, 36, 108, 36, 128, 156<CR><LF>`bmpanel crop 1 244, 156, 108, 36<CR><LF>`bmpanel crop 1 12, 198, 108, 36<CR><LF>`bmpanel crop 1 128, 198, 108, 36<CR><LF>`bmpanel crop 1 244, 198, 108, 36<CR><LF>`bmpanel crop 1 360, 198, 108, 36<CR><LF>`bmpanel crop 5 200, 0, 20, 32, 404, 116<CR><LF>`bmpanel crop 5 200, 0, 20, 32, 424, 116<CR><LF>`bmpanel crop 5 200, 0, 20, 32, 444, 116<CR><LF>`bmpanel update<CR><LF>`bmpanel crop 2 0, 0, 456, 76, 12, 34<CR><LF>`bmpanel crop 3 0, 0, 300, 32, 12, 116<CR><LF>`bmpanel crop 4 0, 0, 108, 36, 12, 156<CR><LF>`bmpanel crop 4 0, 36, 108, 36, 128, 156<CR><LF>`bmpanel crop 1 244, 156, 108, 36<CR><LF>`bmpanel crop 1 12, 198, 108, 36<CR><LF>`bmpanel crop 1 128, 198, 108, 36<CR><LF>`bmpanel crop 1 244, 198, 108, 36<CR><LF>`bmpanel crop 1 360, 198, 108, 36<CR><LF>`bmpanel crop 5 200, 0, 20, 32, 404, 116<CR><LF>`bmpanel crop 5 60, 0, 20, 32, 424, 116<CR><LF>`bmpanel crop 5 0, 0, 20, 32, 444, 116<CR><LF>`bmpanel update<CR><LF>`bmpanel PC_KEY<CR><LF>`bmpanel PC_MOUSE<CR><LF>
[2026-09-15T14:21:52.567] `bmpanel PC_KEY<CR><LF>`bmpanel PC_MOUSE<CR><LF>
[2026-09-15T14:21:52.648] `bmpanel PC_KEY<CR><LF>`bmpanel PC_MOUSE<CR><LF>
[2026-09-15T14:21:52.729] `bmpanel PC_KEY<CR><LF>`bmpanel PC_MOUSE<CR><LF>
[2026-09-15T14:21:52.807] `bmpanel PC_KEY<CR><LF>`bmpanel PC_MOUSE<CR><LF>
[2026-09-15T14:21:52.888] `bmpanel PC_KEY<CR><LF>`bmpanel PC_MOUSE<CR><LF>
[2026-09-15T14:21:52.971] `bmpanel PC_KEY<CR><LF>`bmpanel PC_MOUSE<CR><LF>
[2026-09-15T14:21:53.050] `bmpanel PC_KEY<CR><LF>`bmpanel PC_MOUSE<CR><LF>
[2026-09-15T14:21:53.128] `bmpanel PC_KEY<CR><LF>`bmpanel PC_MOUSE<CR><LF>
[2026-09-15T14:21:53.212] `bmpanel PC_KEY<CR><LF>`bmpanel PC_MOUSE<CR><LF>
[2026-09-15T14:21:53.289] `bmpanel PC_KEY<CR><LF>`bmpanel PC_MOUSE<CR><LF>
[2026-09-15T14:21:53.369] `bmpanel PC_KEY<CR><LF>`bmpanel PC_MOUSE<CR><LF>
[2026-09-15T14:21:53.449] `bmpanel PC_KEY<CR><LF>`bmpanel PC_MOUSE<CR><LF>
[2026-09-15T14:21:53.536] `bmpanel crop 2 0, 0, 456, 76, 12, 34<CR><LF>`bmpanel crop 3 0, 0, 300, 32, 12, 116<CR><LF>`bmpanel crop 4 0, 0, 108, 36, 12, 156<CR><LF>`bmpanel crop 4 0, 36, 108, 36, 128, 156<CR><LF>`bmpanel crop 1 244, 156, 108, 36<CR><LF>`bmpanel crop 1 12, 198, 108, 36<CR><LF>`bmpanel crop 1 128, 198, 108, 36<CR><LF>`bmpanel crop 1 244, 198, 108, 36<CR><LF>`bmpanel crop 1 360, 198, 108, 36<CR><LF>`bmpanel crop 5 200, 0, 20, 32, 404, 116<CR><LF>`bmpanel crop 5 40, 0, 20, 32, 424, 116<CR><LF>`bmpanel crop 5 180, 0, 20, 32, 444, 116<CR><LF>`bmpanel update<CR><LF>`bmpanel PC_KEY<CR><LF>`bmpanel PC_MOUSE<CR><LF>
[2026-09-15T14:21:53.614] `bmpanel PC_KEY<CR><LF>`bmpanel PC_MOUSE<CR><LF>
[2026-09-15T14:21:53.696] `bmpanel PC_KEY<CR><LF>`bmpanel PC_MOUSE<CR><LF>
[2026-09-15T14:21:53.774] `bmpanel PC_KEY<CR><LF>`bmpanel PC_MOUSE<CR><LF>
[2026-09-15T14:21:53.854] `bmpanel PC_KEY<CR><LF>`bmpanel PC_MOUSE<CR><LF>
[2026-09-15T14:21:53.955] `bmpanel PC_KEY<CR><LF>`bmpanel PC_MOUSE<CR><LF>`bmpanel crop 2 0, 0, 456, 76, 12, 34<CR><LF>`bmpanel crop 3 0, 0, 300, 32, 12, 116<CR><LF>`bmpanel crop 1 12, 156, 108, 36<CR><LF>`bmpanel crop 4 108, 36, 108, 36, 128, 156<CR><LF>`bmpanel crop 1 244, 156, 108, 36<CR><LF>`bmpanel crop 1 12, 198, 108, 36<CR><LF>`bmpanel crop 1 128, 198, 108, 36<CR><LF>`bmpanel crop 1 244, 198, 108, 36<CR><LF>`bmpanel crop 1 360, 198, 108, 36<CR><LF>`bmpanel crop 5 200, 0, 20, 32, 404, 116<CR><LF>`bmpanel crop 5 200, 0, 20, 32, 424, 116<CR><LF>`bmpanel crop 5 200, 0, 20, 32, 444, 116<CR><LF>`bmpanel update<CR><LF>
[2026-09-15T14:21:54.390] Cog0  BM-UISTEP,seq,14,step,8,kind,PREVIEW,tested,NA,got,SKIP,key,FALSE,click,TRUE,press_x,193,press_y,182,prompt,0,result,WRONG,wait_ms,1_984,why,OPERATOR_SKIP
[2026-09-15T14:21:54.478] `bmpanel crop 2 0, 76, 456, 76, 12, 34<CR><LF>`bmpanel crop 3 0, 64, 300, 32, 12, 116<CR><LF>`bmpanel crop 4 0, 0, 108, 36, 12, 156<CR><LF>`bmpanel crop 4 0, 36, 108, 36, 128, 156<CR><LF>`bmpanel crop 1 244, 156, 108, 36<CR><LF>`bmpanel crop 1 12, 198, 108, 36<CR><LF>`bmpanel crop 1 128, 198, 108, 36<CR><LF>`bmpanel crop 1 244, 198, 108, 36<CR><LF>`bmpanel crop 1 360, 198, 108, 36<CR><LF>`bmpanel crop 5 200, 0, 20, 32, 404, 116<CR><LF>`bmpanel crop 5 200, 0, 20, 32, 424, 116<CR><LF>`bmpanel crop 5 200, 0, 20, 32, 444, 116<CR><LF>`bmpanel update<CR><LF>`bmpanel crop 2 0, 76, 456, 76, 12, 34<CR><LF>`bmpanel crop 3 0, 64, 300, 32, 12, 116<CR><LF>`bmpanel crop 4 0, 0, 108, 36, 12, 156<CR><LF>`bmpanel crop 4 0, 36, 108, 36, 128, 156<CR><LF>`bmpanel crop 1 244, 156, 108, 36<CR><LF>`bmpanel crop 1 12, 198, 108, 36<CR><LF>`bmpanel crop 1 128, 198, 108, 36<CR><LF>`bmpanel crop 1 244, 198, 108, 36<CR><LF>`bmpanel crop 1 360, 198, 108, 36<CR><LF>`bmpanel crop 5 200, 0, 20, 32, 404, 116<CR><LF>`bmpanel crop 5 60, 0, 20, 32, 424, 116<CR><LF>`bmpanel crop 5 0, 0, 20, 32, 444, 116<CR><LF>`bmpanel update<CR><LF>`bmpanel PC_KEY<CR><LF>`bmpanel PC_MOUSE<CR><LF>
[2026-09-15T14:21:54.559] `bmpanel PC_KEY<CR><LF>`bmpanel PC_MOUSE<CR><LF>
[2026-09-15T14:21:54.636] `bmpanel PC_KEY<CR><LF>`bmpanel PC_MOUSE<CR><LF>
[2026-09-15T14:21:54.717] `bmpanel PC_KEY<CR><LF>`bmpanel PC_MOUSE<CR><LF>
[2026-09-15T14:21:54.799] `bmpanel PC_KEY<CR><LF>`bmpanel PC_MOUSE<CR><LF>
[2026-09-15T14:21:54.878] `bmpanel PC_KEY<CR><LF>`bmpanel PC_MOUSE<CR><LF>
[2026-09-15T14:21:54.957] `bmpanel PC_KEY<CR><LF>`bmpanel PC_MOUSE<CR><LF>
[2026-09-15T14:21:55.038] `bmpanel PC_KEY<CR><LF>`bmpanel PC_MOUSE<CR><LF>
[2026-09-15T14:21:55.119] `bmpanel PC_KEY<CR><LF>`bmpanel PC_MOUSE<CR><LF>
[2026-09-15T14:21:55.197] `bmpanel PC_KEY<CR><LF>`bmpanel PC_MOUSE<CR><LF>
[2026-09-15T14:21:55.277] `bmpanel PC_KEY<CR><LF>`bmpanel PC_MOUSE<CR><LF>
[2026-09-15T14:21:55.357] `bmpanel PC_KEY<CR><LF>`bmpanel PC_MOUSE<CR><LF>
[2026-09-15T14:21:55.437] `bmpanel PC_KEY<CR><LF>`bmpanel PC_MOUSE<CR><LF>
[2026-09-15T14:21:55.506] `bmpanel crop 2 0, 76, 456, 76, 12, 34<CR><LF>`bmpanel crop 3 0, 64, 300, 32, 12, 116<CR><LF>`bmpanel crop 4 0, 0, 108, 36, 12, 156<CR><LF>`bmpanel crop 4 0, 36, 108, 36, 128, 156<CR><LF>`bmpanel crop 1 244, 156, 108, 36<CR><LF>`bmpanel crop 1 12, 198, 108, 36<CR><LF>`bmpanel crop 1 128, 198, 108, 36<CR><LF>`bmpanel crop 1 244, 198, 108, 36<CR><LF>`bmpanel crop 1 360, 198, 108, 36<CR><LF>`bmpanel crop 5 200, 0, 20, 32, 404, 116<CR><LF>`bmpanel crop 5 40, 0, 20, 32, 424, 116<CR><LF>`bmpanel crop 5 180, 0, 20, 32, 444, 116<CR><LF>`bmpanel update<CR><LF>`bmpanel PC_KEY<CR><LF>`bmpanel PC_MOUSE<CR><LF>
[2026-09-15T14:21:55.587] `bmpanel PC_KEY<CR><LF>`bmpanel PC_MOUSE<CR><LF>
[2026-09-15T14:21:55.669] `bmpanel PC_KEY<CR><LF>`bmpanel PC_MOUSE<CR><LF>
[2026-09-15T14:21:55.745] `bmpanel PC_KEY<CR><LF>`bmpanel PC_MOUSE<CR><LF>
[2026-09-15T14:21:55.826] `bmpanel PC_KEY<CR><LF>`bmpanel PC_MOUSE<CR><LF>
[2026-09-15T14:21:55.909] `bmpanel PC_KEY<CR><LF>`bmpanel PC_MOUSE<CR><LF>
[2026-09-15T14:21:55.986] `bmpanel PC_KEY<CR><LF>`bmpanel PC_MOUSE<CR><LF>
[2026-09-15T14:21:56.066] `bmpanel PC_KEY<CR><LF>`bmpanel PC_MOUSE<CR><LF>
[2026-09-15T14:21:56.147] `bmpanel PC_KEY<CR><LF>`bmpanel PC_MOUSE<CR><LF>
[2026-09-15T14:21:56.227] `bmpanel PC_KEY<CR><LF>`bmpanel PC_MOUSE<CR><LF>
[2026-09-15T14:21:56.308] `bmpanel PC_KEY<CR><LF>`bmpanel PC_MOUSE<CR><LF>
[2026-09-15T14:21:56.387] `bmpanel PC_KEY<CR><LF>`bmpanel PC_MOUSE<CR><LF>
[2026-09-15T14:21:56.467] `bmpanel PC_KEY<CR><LF>`bmpanel PC_MOUSE<CR><LF>
[2026-09-15T14:21:56.536] `bmpanel crop 2 0, 76, 456, 76, 12, 34<CR><LF>`bmpanel crop 3 0, 64, 300, 32, 12, 116<CR><LF>`bmpanel crop 4 0, 0, 108, 36, 12, 156<CR><LF>`bmpanel crop 4 0, 36, 108, 36, 128, 156<CR><LF>`bmpanel crop 1 244, 156, 108, 36<CR><LF>`bmpanel crop 1 12, 198, 108, 36<CR><LF>`bmpanel crop 1 128, 198, 108, 36<CR><LF>`bmpanel crop 1 244, 198, 108, 36<CR><LF>`bmpanel crop 1 360, 198, 108, 36<CR><LF>`bmpanel crop 5 200, 0, 20, 32, 404, 116<CR><LF>`bmpanel crop 5 40, 0, 20, 32, 424, 116<CR><LF>`bmpanel crop 5 160, 0, 20, 32, 444, 116<CR><LF>`bmpanel update<CR><LF>`bmpanel PC_KEY<CR><LF>`bmpanel PC_MOUSE<CR><LF>
[2026-09-15T14:21:56.635] `bmpanel PC_KEY<CR><LF>`bmpanel PC_MOUSE<CR><LF>`bmpanel crop 2 0, 76, 456, 76, 12, 34<CR><LF>`bmpanel crop 3 0, 64, 300, 32, 12, 116<CR><LF>`bmpanel crop 1 12, 156, 108, 36<CR><LF>`bmpanel crop 4 108, 36, 108, 36, 128, 156<CR><LF>`bmpanel crop 1 244, 156, 108, 36<CR><LF>`bmpanel crop 1 12, 198, 108, 36<CR><LF>`bmpanel crop 1 128, 198, 108, 36<CR><LF>`bmpanel crop 1 244, 198, 108, 36<CR><LF>`bmpanel crop 1 360, 198, 108, 36<CR><LF>`bmpanel crop 5 200, 0, 20, 32, 404, 116<CR><LF>`bmpanel crop 5 200, 0, 20, 32, 424, 116<CR><LF>`bmpanel crop 5 200, 0, 20, 32, 444, 116<CR><LF>`bmpanel update<CR><LF>
[2026-09-15T14:21:57.071] Cog0  BM-UISTEP,seq,15,step,9,kind,PREVIEW,tested,NA,got,SKIP,key,FALSE,click,TRUE,press_x,193,press_y,182,prompt,1,result,WRONG,wait_ms,2_677,why,OPERATOR_SKIP
[2026-09-15T14:21:57.158] `bmpanel crop 2 0, 152, 456, 76, 12, 34<CR><LF>`bmpanel crop 3 0, 96, 300, 32, 12, 116<CR><LF>`bmpanel crop 4 0, 0, 108, 36, 12, 156<CR><LF>`bmpanel crop 4 0, 36, 108, 36, 128, 156<CR><LF>`bmpanel crop 1 244, 156, 108, 36<CR><LF>`bmpanel crop 1 12, 198, 108, 36<CR><LF>`bmpanel crop 1 128, 198, 108, 36<CR><LF>`bmpanel crop 1 244, 198, 108, 36<CR><LF>`bmpanel crop 1 360, 198, 108, 36<CR><LF>`bmpanel crop 5 200, 0, 20, 32, 404, 116<CR><LF>`bmpanel crop 5 200, 0, 20, 32, 424, 116<CR><LF>`bmpanel crop 5 200, 0, 20, 32, 444, 116<CR><LF>`bmpanel update<CR><LF>`bmpanel crop 2 0, 152, 456, 76, 12, 34<CR><LF>`bmpanel crop 3 0, 96, 300, 32, 12, 116<CR><LF>`bmpanel crop 4 0, 0, 108, 36, 12, 156<CR><LF>`bmpanel crop 4 0, 36, 108, 36, 128, 156<CR><LF>`bmpanel crop 1 244, 156, 108, 36<CR><LF>`bmpanel crop 1 12, 198, 108, 36<CR><LF>`bmpanel crop 1 128, 198, 108, 36<CR><LF>`bmpanel crop 1 244, 198, 108, 36<CR><LF>`bmpanel crop 1 360, 198, 108, 36<CR><LF>`bmpanel crop 5 200, 0, 20, 32, 404, 116<CR><LF>`bmpanel crop 5 60, 0, 20, 32, 424, 116<CR><LF>`bmpanel crop 5 0, 0, 20, 32, 444, 116<CR><LF>`bmpanel update<CR><LF>`bmpanel PC_KEY<CR><LF>`bmpanel PC_MOUSE<CR><LF>
[2026-09-15T14:21:57.240] `bmpanel PC_KEY<CR><LF>`bmpanel PC_MOUSE<CR><LF>
[2026-09-15T14:21:57.319] `bmpanel PC_KEY<CR><LF>`bmpanel PC_MOUSE<CR><LF>
[2026-09-15T14:21:57.398] `bmpanel PC_KEY<CR><LF>`bmpanel PC_MOUSE<CR><LF>
[2026-09-15T14:21:57.479] `bmpanel PC_KEY<CR><LF>`bmpanel PC_MOUSE<CR><LF>
[2026-09-15T14:21:57.560] `bmpanel PC_KEY<CR><LF>`bmpanel PC_MOUSE<CR><LF>
[2026-09-15T14:21:57.639] `bmpanel PC_KEY<CR><LF>`bmpanel PC_MOUSE<CR><LF>
[2026-09-15T14:21:57.721] `bmpanel PC_KEY<CR><LF>`bmpanel PC_MOUSE<CR><LF>
[2026-09-15T14:21:57.797] `bmpanel PC_KEY<CR><LF>`bmpanel PC_MOUSE<CR><LF>
[2026-09-15T14:21:57.881] `bmpanel PC_KEY<CR><LF>`bmpanel PC_MOUSE<CR><LF>
[2026-09-15T14:21:57.960] `bmpanel PC_KEY<CR><LF>`bmpanel PC_MOUSE<CR><LF>
[2026-09-15T14:21:58.039] `bmpanel PC_KEY<CR><LF>`bmpanel PC_MOUSE<CR><LF>
[2026-09-15T14:21:58.118] `bmpanel PC_KEY<CR><LF>`bmpanel PC_MOUSE<CR><LF>
[2026-09-15T14:21:58.204] `bmpanel crop 2 0, 152, 456, 76, 12, 34<CR><LF>`bmpanel crop 3 0, 96, 300, 32, 12, 116<CR><LF>`bmpanel crop 4 0, 0, 108, 36, 12, 156<CR><LF>`bmpanel crop 4 0, 36, 108, 36, 128, 156<CR><LF>`bmpanel crop 1 244, 156, 108, 36<CR><LF>`bmpanel crop 1 12, 198, 108, 36<CR><LF>`bmpanel crop 1 128, 198, 108, 36<CR><LF>`bmpanel crop 1 244, 198, 108, 36<CR><LF>`bmpanel crop 1 360, 198, 108, 36<CR><LF>`bmpanel crop 5 200, 0, 20, 32, 404, 116<CR><LF>`bmpanel crop 5 40, 0, 20, 32, 424, 116<CR><LF>`bmpanel crop 5 180, 0, 20, 32, 444, 116<CR><LF>`bmpanel update<CR><LF>`bmpanel PC_KEY<CR><LF>`bmpanel PC_MOUSE<CR><LF>
[2026-09-15T14:21:58.284] `bmpanel PC_KEY<CR><LF>`bmpanel PC_MOUSE<CR><LF>
[2026-09-15T14:21:58.364] `bmpanel PC_KEY<CR><LF>`bmpanel PC_MOUSE<CR><LF>
[2026-09-15T14:21:58.447] `bmpanel PC_KEY<CR><LF>`bmpanel PC_MOUSE<CR><LF>
[2026-09-15T14:21:58.524] `bmpanel PC_KEY<CR><LF>`bmpanel PC_MOUSE<CR><LF>
[2026-09-15T14:21:58.603] `bmpanel PC_KEY<CR><LF>`bmpanel PC_MOUSE<CR><LF>
[2026-09-15T14:21:58.686] `bmpanel PC_KEY<CR><LF>`bmpanel PC_MOUSE<CR><LF>
[2026-09-15T14:21:58.764] `bmpanel PC_KEY<CR><LF>`bmpanel PC_MOUSE<CR><LF>
[2026-09-15T14:21:58.844] `bmpanel PC_KEY<CR><LF>`bmpanel PC_MOUSE<CR><LF>
[2026-09-15T14:21:58.926] `bmpanel PC_KEY<CR><LF>`bmpanel PC_MOUSE<CR><LF>
[2026-09-15T14:21:59.005] `bmpanel PC_KEY<CR><LF>`bmpanel PC_MOUSE<CR><LF>
[2026-09-15T14:21:59.084] `bmpanel PC_KEY<CR><LF>`bmpanel PC_MOUSE<CR><LF>
[2026-09-15T14:21:59.171] `bmpanel crop 2 0, 152, 456, 76, 12, 34<CR><LF>`bmpanel crop 3 0, 96, 300, 32, 12, 116<CR><LF>`bmpanel crop 4 0, 0, 108, 36, 12, 156<CR><LF>`bmpanel crop 4 0, 36, 108, 36, 128, 156<CR><LF>`bmpanel crop 1 244, 156, 108, 36<CR><LF>`bmpanel crop 1 12, 198, 108, 36<CR><LF>`bmpanel crop 1 128, 198, 108, 36<CR><LF>`bmpanel crop 1 244, 198, 108, 36<CR><LF>`bmpanel crop 1 360, 198, 108, 36<CR><LF>`bmpanel crop 5 200, 0, 20, 32, 404, 116<CR><LF>`bmpanel crop 5 40, 0, 20, 32, 424, 116<CR><LF>`bmpanel crop 5 160, 0, 20, 32, 444, 116<CR><LF>`bmpanel update<CR><LF>`bmpanel PC_KEY<CR><LF>`bmpanel PC_MOUSE<CR><LF>
[2026-09-15T14:21:59.251] `bmpanel PC_KEY<CR><LF>`bmpanel PC_MOUSE<CR><LF>
[2026-09-15T14:21:59.328] `bmpanel PC_KEY<CR><LF>`bmpanel PC_MOUSE<CR><LF>
[2026-09-15T14:21:59.409] `bmpanel PC_KEY<CR><LF>`bmpanel PC_MOUSE<CR><LF>
[2026-09-15T14:21:59.492] `bmpanel PC_KEY<CR><LF>`bmpanel PC_MOUSE<CR><LF>
[2026-09-15T14:21:59.568] `bmpanel PC_KEY<CR><LF>`bmpanel PC_MOUSE<CR><LF>
[2026-09-15T14:21:59.650] `bmpanel PC_KEY<CR><LF>`bmpanel PC_MOUSE<CR><LF>
[2026-09-15T14:21:59.731] `bmpanel PC_KEY<CR><LF>`bmpanel PC_MOUSE<CR><LF>
[2026-09-15T14:21:59.809] `bmpanel PC_KEY<CR><LF>`bmpanel PC_MOUSE<CR><LF>
[2026-09-15T14:21:59.889] `bmpanel PC_KEY<CR><LF>`bmpanel PC_MOUSE<CR><LF>
[2026-09-15T14:21:59.972] `bmpanel PC_KEY<CR><LF>`bmpanel PC_MOUSE<CR><LF>
[2026-09-15T14:22:00.052] `bmpanel PC_KEY<CR><LF>`bmpanel PC_MOUSE<CR><LF>
[2026-09-15T14:22:00.130] `bmpanel PC_KEY<CR><LF>`bmpanel PC_MOUSE<CR><LF>
[2026-09-15T14:22:00.214] `bmpanel crop 2 0, 152, 456, 76, 12, 34<CR><LF>`bmpanel crop 3 0, 96, 300, 32, 12, 116<CR><LF>`bmpanel crop 4 0, 0, 108, 36, 12, 156<CR><LF>`bmpanel crop 4 0, 36, 108, 36, 128, 156<CR><LF>`bmpanel crop 1 244, 156, 108, 36<CR><LF>`bmpanel crop 1 12, 198, 108, 36<CR><LF>`bmpanel crop 1 128, 198, 108, 36<CR><LF>`bmpanel crop 1 244, 198, 108, 36<CR><LF>`bmpanel crop 1 360, 198, 108, 36<CR><LF>`bmpanel crop 5 200, 0, 20, 32, 404, 116<CR><LF>`bmpanel crop 5 40, 0, 20, 32, 424, 116<CR><LF>`bmpanel crop 5 140, 0, 20, 32, 444, 116<CR><LF>`bmpanel update<CR><LF>`bmpanel PC_KEY<CR><LF>`bmpanel PC_MOUSE<CR><LF>
[2026-09-15T14:22:00.294] `bmpanel PC_KEY<CR><LF>`bmpanel PC_MOUSE<CR><LF>
[2026-09-15T14:22:00.377] `bmpanel PC_KEY<CR><LF>`bmpanel PC_MOUSE<CR><LF>
[2026-09-15T14:22:00.456] `bmpanel PC_KEY<CR><LF>`bmpanel PC_MOUSE<CR><LF>
[2026-09-15T14:22:00.535] `bmpanel PC_KEY<CR><LF>`bmpanel PC_MOUSE<CR><LF>
[2026-09-15T14:22:00.615] `bmpanel PC_KEY<CR><LF>`bmpanel PC_MOUSE<CR><LF>
[2026-09-15T14:22:00.696] `bmpanel PC_KEY<CR><LF>`bmpanel PC_MOUSE<CR><LF>
[2026-09-15T14:22:00.774] `bmpanel PC_KEY<CR><LF>`bmpanel PC_MOUSE<CR><LF>
[2026-09-15T14:22:00.855] `bmpanel PC_KEY<CR><LF>`bmpanel PC_MOUSE<CR><LF>
[2026-09-15T14:22:00.938] `bmpanel PC_KEY<CR><LF>`bmpanel PC_MOUSE<CR><LF>
[2026-09-15T14:22:01.014] `bmpanel PC_KEY<CR><LF>`bmpanel PC_MOUSE<CR><LF>
[2026-09-15T14:22:01.095] `bmpanel PC_KEY<CR><LF>`bmpanel PC_MOUSE<CR><LF>
[2026-09-15T14:22:01.181] `bmpanel crop 2 0, 152, 456, 76, 12, 34<CR><LF>`bmpanel crop 3 0, 96, 300, 32, 12, 116<CR><LF>`bmpanel crop 4 0, 0, 108, 36, 12, 156<CR><LF>`bmpanel crop 4 0, 36, 108, 36, 128, 156<CR><LF>`bmpanel crop 1 244, 156, 108, 36<CR><LF>`bmpanel crop 1 12, 198, 108, 36<CR><LF>`bmpanel crop 1 128, 198, 108, 36<CR><LF>`bmpanel crop 1 244, 198, 108, 36<CR><LF>`bmpanel crop 1 360, 198, 108, 36<CR><LF>`bmpanel crop 5 200, 0, 20, 32, 404, 116<CR><LF>`bmpanel crop 5 40, 0, 20, 32, 424, 116<CR><LF>`bmpanel crop 5 120, 0, 20, 32, 444, 116<CR><LF>`bmpanel update<CR><LF>`bmpanel PC_KEY<CR><LF>`bmpanel PC_MOUSE<CR><LF>
[2026-09-15T14:22:01.260] `bmpanel PC_KEY<CR><LF>`bmpanel PC_MOUSE<CR><LF>
[2026-09-15T14:22:01.340] `bmpanel PC_KEY<CR><LF>`bmpanel PC_MOUSE<CR><LF>
[2026-09-15T14:22:01.423] `bmpanel PC_KEY<CR><LF>`bmpanel PC_MOUSE<CR><LF>
[2026-09-15T14:22:01.502] `bmpanel PC_KEY<CR><LF>`bmpanel PC_MOUSE<CR><LF>
[2026-09-15T14:22:01.580] `bmpanel PC_KEY<CR><LF>`bmpanel PC_MOUSE<CR><LF>
[2026-09-15T14:22:01.662] `bmpanel PC_KEY<CR><LF>`bmpanel PC_MOUSE<CR><LF>
[2026-09-15T14:22:01.741] `bmpanel PC_KEY<CR><LF>`bmpanel PC_MOUSE<CR><LF>
[2026-09-15T14:22:01.820] `bmpanel PC_KEY<CR><LF>`bmpanel PC_MOUSE<CR><LF>
[2026-09-15T14:22:01.903] `bmpanel PC_KEY<CR><LF>`bmpanel PC_MOUSE<CR><LF>
[2026-09-15T14:22:01.982] `bmpanel PC_KEY<CR><LF>`bmpanel PC_MOUSE<CR><LF>
[2026-09-15T14:22:02.061] `bmpanel PC_KEY<CR><LF>`bmpanel PC_MOUSE<CR><LF>
[2026-09-15T14:22:02.160] `bmpanel PC_KEY<CR><LF>`bmpanel PC_MOUSE<CR><LF>`bmpanel crop 2 0, 152, 456, 76, 12, 34<CR><LF>`bmpanel crop 3 0, 96, 300, 32, 12, 116<CR><LF>`bmpanel crop 1 12, 156, 108, 36<CR><LF>`bmpanel crop 4 108, 36, 108, 36, 128, 156<CR><LF>`bmpanel crop 1 244, 156, 108, 36<CR><LF>`bmpanel crop 1 12, 198, 108, 36<CR><LF>`bmpanel crop 1 128, 198, 108, 36<CR><LF>`bmpanel crop 1 244, 198, 108, 36<CR><LF>`bmpanel crop 1 360, 198, 108, 36<CR><LF>`bmpanel crop 5 200, 0, 20, 32, 404, 116<CR><LF>`bmpanel crop 5 200, 0, 20, 32, 424, 116<CR><LF>`bmpanel crop 5 200, 0, 20, 32, 444, 116<CR><LF>`bmpanel update<CR><LF>
[2026-09-15T14:22:02.597] Cog0  BM-UISTEP,seq,16,step,10,kind,PREVIEW,tested,NA,got,SKIP,key,FALSE,click,TRUE,press_x,192,press_y,181,prompt,2,result,WRONG,wait_ms,5_521,why,OPERATOR_SKIP
[2026-09-15T14:22:02.684] `bmpanel crop 2 0, 380, 456, 76, 12, 34<CR><LF>`bmpanel crop 3 0, 288, 300, 32, 12, 116<CR><LF>`bmpanel crop 4 0, 0, 108, 36, 12, 156<CR><LF>`bmpanel crop 4 0, 36, 108, 36, 128, 156<CR><LF>`bmpanel crop 1 244, 156, 108, 36<CR><LF>`bmpanel crop 1 12, 198, 108, 36<CR><LF>`bmpanel crop 1 128, 198, 108, 36<CR><LF>`bmpanel crop 1 244, 198, 108, 36<CR><LF>`bmpanel crop 1 360, 198, 108, 36<CR><LF>`bmpanel crop 5 200, 0, 20, 32, 404, 116<CR><LF>`bmpanel crop 5 200, 0, 20, 32, 424, 116<CR><LF>`bmpanel crop 5 200, 0, 20, 32, 444, 116<CR><LF>`bmpanel update<CR><LF>`bmpanel crop 2 0, 380, 456, 76, 12, 34<CR><LF>`bmpanel crop 3 0, 288, 300, 32, 12, 116<CR><LF>`bmpanel crop 4 0, 0, 108, 36, 12, 156<CR><LF>`bmpanel crop 4 0, 36, 108, 36, 128, 156<CR><LF>`bmpanel crop 1 244, 156, 108, 36<CR><LF>`bmpanel crop 1 12, 198, 108, 36<CR><LF>`bmpanel crop 1 128, 198, 108, 36<CR><LF>`bmpanel crop 1 244, 198, 108, 36<CR><LF>`bmpanel crop 1 360, 198, 108, 36<CR><LF>`bmpanel crop 5 200, 0, 20, 32, 404, 116<CR><LF>`bmpanel crop 5 60, 0, 20, 32, 424, 116<CR><LF>`bmpanel crop 5 0, 0, 20, 32, 444, 116<CR><LF>`bmpanel update<CR><LF>`bmpanel PC_KEY<CR><LF>`bmpanel PC_MOUSE<CR><LF>
[2026-09-15T14:22:02.766] `bmpanel PC_KEY<CR><LF>`bmpanel PC_MOUSE<CR><LF>
[2026-09-15T14:22:02.844] `bmpanel PC_KEY<CR><LF>`bmpanel PC_MOUSE<CR><LF>
[2026-09-15T14:22:02.924] `bmpanel PC_KEY<CR><LF>`bmpanel PC_MOUSE<CR><LF>
[2026-09-15T14:22:03.007] `bmpanel PC_KEY<CR><LF>`bmpanel PC_MOUSE<CR><LF>
[2026-09-15T14:22:03.084] `bmpanel PC_KEY<CR><LF>`bmpanel PC_MOUSE<CR><LF>
[2026-09-15T14:22:03.164] `bmpanel PC_KEY<CR><LF>`bmpanel PC_MOUSE<CR><LF>
[2026-09-15T14:22:03.247] `bmpanel PC_KEY<CR><LF>`bmpanel PC_MOUSE<CR><LF>
[2026-09-15T14:22:03.324] `bmpanel PC_KEY<CR><LF>`bmpanel PC_MOUSE<CR><LF>
[2026-09-15T14:22:03.404] `bmpanel PC_KEY<CR><LF>`bmpanel PC_MOUSE<CR><LF>
[2026-09-15T14:22:03.485] `bmpanel PC_KEY<CR><LF>`bmpanel PC_MOUSE<CR><LF>
[2026-09-15T14:22:03.565] `bmpanel PC_KEY<CR><LF>`bmpanel PC_MOUSE<CR><LF>
[2026-09-15T14:22:03.644] `bmpanel PC_KEY<CR><LF>`bmpanel PC_MOUSE<CR><LF>
[2026-09-15T14:22:03.729] `bmpanel crop 2 0, 380, 456, 76, 12, 34<CR><LF>`bmpanel crop 3 0, 288, 300, 32, 12, 116<CR><LF>`bmpanel crop 4 0, 0, 108, 36, 12, 156<CR><LF>`bmpanel crop 4 0, 36, 108, 36, 128, 156<CR><LF>`bmpanel crop 1 244, 156, 108, 36<CR><LF>`bmpanel crop 1 12, 198, 108, 36<CR><LF>`bmpanel crop 1 128, 198, 108, 36<CR><LF>`bmpanel crop 1 244, 198, 108, 36<CR><LF>`bmpanel crop 1 360, 198, 108, 36<CR><LF>`bmpanel crop 5 200, 0, 20, 32, 404, 116<CR><LF>`bmpanel crop 5 40, 0, 20, 32, 424, 116<CR><LF>`bmpanel crop 5 180, 0, 20, 32, 444, 116<CR><LF>`bmpanel update<CR><LF>`bmpanel PC_KEY<CR><LF>`bmpanel PC_MOUSE<CR><LF>
[2026-09-15T14:22:03.810] `bmpanel PC_KEY<CR><LF>`bmpanel PC_MOUSE<CR><LF>
[2026-09-15T14:22:03.892] `bmpanel PC_KEY<CR><LF>`bmpanel PC_MOUSE<CR><LF>
[2026-09-15T14:22:03.972] `bmpanel PC_KEY<CR><LF>`bmpanel PC_MOUSE<CR><LF>
[2026-09-15T14:22:04.050] `bmpanel PC_KEY<CR><LF>`bmpanel PC_MOUSE<CR><LF>
[2026-09-15T14:22:04.132] `bmpanel PC_KEY<CR><LF>`bmpanel PC_MOUSE<CR><LF>
[2026-09-15T14:22:04.210] `bmpanel PC_KEY<CR><LF>`bmpanel PC_MOUSE<CR><LF>
[2026-09-15T14:22:04.292] `bmpanel PC_KEY<CR><LF>`bmpanel PC_MOUSE<CR><LF>
[2026-09-15T14:22:04.369] `bmpanel PC_KEY<CR><LF>`bmpanel PC_MOUSE<CR><LF>
[2026-09-15T14:22:04.450] `bmpanel PC_KEY<CR><LF>`bmpanel PC_MOUSE<CR><LF>
[2026-09-15T14:22:04.530] `bmpanel PC_KEY<CR><LF>`bmpanel PC_MOUSE<CR><LF>
[2026-09-15T14:22:04.611] `bmpanel PC_KEY<CR><LF>`bmpanel PC_MOUSE<CR><LF>
[2026-09-15T14:22:04.694] `bmpanel crop 2 0, 380, 456, 76, 12, 34<CR><LF>`bmpanel crop 3 0, 288, 300, 32, 12, 116<CR><LF>`bmpanel crop 4 0, 0, 108, 36, 12, 156<CR><LF>`bmpanel crop 4 0, 36, 108, 36, 128, 156<CR><LF>`bmpanel crop 1 244, 156, 108, 36<CR><LF>`bmpanel crop 1 12, 198, 108, 36<CR><LF>`bmpanel crop 1 128, 198, 108, 36<CR><LF>`bmpanel crop 1 244, 198, 108, 36<CR><LF>`bmpanel crop 1 360, 198, 108, 36<CR><LF>`bmpanel crop 5 200, 0, 20, 32, 404, 116<CR><LF>`bmpanel crop 5 40, 0, 20, 32, 424, 116<CR><LF>`bmpanel crop 5 160, 0, 20, 32, 444, 116<CR><LF>`bmpanel update<CR><LF>`bmpanel PC_KEY<CR><LF>`bmpanel PC_MOUSE<CR><LF>
[2026-09-15T14:22:04.775] `bmpanel PC_KEY<CR><LF>`bmpanel PC_MOUSE<CR><LF>
[2026-09-15T14:22:04.858] `bmpanel PC_KEY<CR><LF>`bmpanel PC_MOUSE<CR><LF>
[2026-09-15T14:22:04.937] `bmpanel PC_KEY<CR><LF>`bmpanel PC_MOUSE<CR><LF>
[2026-09-15T14:22:05.016] `bmpanel PC_KEY<CR><LF>`bmpanel PC_MOUSE<CR><LF>
[2026-09-15T14:22:05.097] `bmpanel PC_KEY<CR><LF>`bmpanel PC_MOUSE<CR><LF>
[2026-09-15T14:22:05.175] `bmpanel PC_KEY<CR><LF>`bmpanel PC_MOUSE<CR><LF>
[2026-09-15T14:22:05.259] `bmpanel PC_KEY<CR><LF>`bmpanel crop 2 0, 380, 456, 76, 12, 34<CR><LF>`bmpanel crop 3 0, 288, 300, 32, 12, 116<CR><LF>`bmpanel crop 4 108, 0, 108, 36, 12, 156<CR><LF>`bmpanel crop 1 128, 156, 108, 36<CR><LF>`bmpanel crop 1 244, 156, 108, 36<CR><LF>`bmpanel crop 1 12, 198, 108, 36<CR><LF>`bmpanel crop 1 128, 198, 108, 36<CR><LF>`bmpanel crop 1 244, 198, 108, 36<CR><LF>`bmpanel crop 1 360, 198, 108, 36<CR><LF>`bmpanel crop 5 200, 0, 20, 32, 404, 116<CR><LF>`bmpanel crop 5 200, 0, 20, 32, 424, 116<CR><LF>`bmpanel crop 5 200, 0, 20, 32, 444, 116<CR><LF>`bmpanel update<CR><LF>
[2026-09-15T14:22:05.695] Cog0  BM-UISTEP,seq,17,step,11,kind,PREVIEW,tested,NA,got,START,key,TRUE,click,FALSE,press_x,NA,press_y,NA,prompt,5,result,OK,wait_ms,3_094,why,NONE
[2026-09-15T14:22:05.783] `bmpanel crop 2 0, 228, 456, 76, 12, 34<CR><LF>`bmpanel crop 3 0, 0, 300, 32, 12, 116<CR><LF>`bmpanel crop 4 0, 0, 108, 36, 12, 156<CR><LF>`bmpanel crop 4 0, 36, 108, 36, 128, 156<CR><LF>`bmpanel crop 1 244, 156, 108, 36<CR><LF>`bmpanel crop 1 12, 198, 108, 36<CR><LF>`bmpanel crop 1 128, 198, 108, 36<CR><LF>`bmpanel crop 1 244, 198, 108, 36<CR><LF>`bmpanel crop 1 360, 198, 108, 36<CR><LF>`bmpanel crop 5 200, 0, 20, 32, 404, 116<CR><LF>`bmpanel crop 5 200, 0, 20, 32, 424, 116<CR><LF>`bmpanel crop 5 200, 0, 20, 32, 444, 116<CR><LF>`bmpanel update<CR><LF>`bmpanel crop 2 0, 228, 456, 76, 12, 34<CR><LF>`bmpanel crop 3 0, 0, 300, 32, 12, 116<CR><LF>`bmpanel crop 4 0, 0, 108, 36, 12, 156<CR><LF>`bmpanel crop 4 0, 36, 108, 36, 128, 156<CR><LF>`bmpanel crop 1 244, 156, 108, 36<CR><LF>`bmpanel crop 1 12, 198, 108, 36<CR><LF>`bmpanel crop 1 128, 198, 108, 36<CR><LF>`bmpanel crop 1 244, 198, 108, 36<CR><LF>`bmpanel crop 1 360, 198, 108, 36<CR><LF>`bmpanel crop 5 200, 0, 20, 32, 404, 116<CR><LF>`bmpanel crop 5 60, 0, 20, 32, 424, 116<CR><LF>`bmpanel crop 5 0, 0, 20, 32, 444, 116<CR><LF>`bmpanel update<CR><LF>`bmpanel PC_KEY<CR><LF>`bmpanel PC_MOUSE<CR><LF>
[2026-09-15T14:22:05.862] `bmpanel PC_KEY<CR><LF>`bmpanel PC_MOUSE<CR><LF>
[2026-09-15T14:22:05.942] `bmpanel PC_KEY<CR><LF>`bmpanel PC_MOUSE<CR><LF>
[2026-09-15T14:22:06.022] `bmpanel PC_KEY<CR><LF>`bmpanel PC_MOUSE<CR><LF>
[2026-09-15T14:22:06.102] `bmpanel PC_KEY<CR><LF>`bmpanel PC_MOUSE<CR><LF>
[2026-09-15T14:22:06.183] `bmpanel PC_KEY<CR><LF>`bmpanel PC_MOUSE<CR><LF>
[2026-09-15T14:22:06.263] `bmpanel PC_KEY<CR><LF>`bmpanel PC_MOUSE<CR><LF>
[2026-09-15T14:22:06.342] `bmpanel PC_KEY<CR><LF>`bmpanel PC_MOUSE<CR><LF>
[2026-09-15T14:22:06.425] `bmpanel PC_KEY<CR><LF>`bmpanel PC_MOUSE<CR><LF>
[2026-09-15T14:22:06.501] `bmpanel PC_KEY<CR><LF>`bmpanel PC_MOUSE<CR><LF>
[2026-09-15T14:22:06.582] `bmpanel PC_KEY<CR><LF>`bmpanel PC_MOUSE<CR><LF>
[2026-09-15T14:22:06.665] `bmpanel PC_KEY<CR><LF>`bmpanel PC_MOUSE<CR><LF>
[2026-09-15T14:22:06.743] `bmpanel PC_KEY<CR><LF>`bmpanel PC_MOUSE<CR><LF>
[2026-09-15T14:22:06.813] `bmpanel crop 2 0, 228, 456, 76, 12, 34<CR><LF>`bmpanel crop 3 0, 0, 300, 32, 12, 116<CR><LF>`bmpanel crop 4 0, 0, 108, 36, 12, 156<CR><LF>`bmpanel crop 4 0, 36, 108, 36, 128, 156<CR><LF>`bmpanel crop 1 244, 156, 108, 36<CR><LF>`bmpanel crop 1 12, 198, 108, 36<CR><LF>`bmpanel crop 1 128, 198, 108, 36<CR><LF>`bmpanel crop 1 244, 198, 108, 36<CR><LF>`bmpanel crop 1 360, 198, 108, 36<CR><LF>`bmpanel crop 5 200, 0, 20, 32, 404, 116<CR><LF>`bmpanel crop 5 40, 0, 20, 32, 424, 116<CR><LF>`bmpanel crop 5 180, 0, 20, 32, 444, 116<CR><LF>`bmpanel update<CR><LF>`bmpanel PC_KEY<CR><LF>`bmpanel PC_MOUSE<CR><LF>
[2026-09-15T14:22:06.893] `bmpanel PC_KEY<CR><LF>`bmpanel PC_MOUSE<CR><LF>
[2026-09-15T14:22:06.971] `bmpanel PC_KEY<CR><LF>`bmpanel PC_MOUSE<CR><LF>
[2026-09-15T14:22:07.051] `bmpanel PC_KEY<CR><LF>`bmpanel PC_MOUSE<CR><LF>
[2026-09-15T14:22:07.131] `bmpanel PC_KEY<CR><LF>`bmpanel PC_MOUSE<CR><LF>
[2026-09-15T14:22:07.212] `bmpanel PC_KEY<CR><LF>`bmpanel PC_MOUSE<CR><LF>
[2026-09-15T14:22:07.292] `bmpanel PC_KEY<CR><LF>`bmpanel PC_MOUSE<CR><LF>
[2026-09-15T14:22:07.372] `bmpanel PC_KEY<CR><LF>`bmpanel PC_MOUSE<CR><LF>
[2026-09-15T14:22:07.452] `bmpanel PC_KEY<CR><LF>`bmpanel PC_MOUSE<CR><LF>
[2026-09-15T14:22:07.535] `bmpanel PC_KEY<CR><LF>`bmpanel crop 2 0, 228, 456, 76, 12, 34<CR><LF>`bmpanel crop 3 0, 0, 300, 32, 12, 116<CR><LF>`bmpanel crop 1 12, 156, 108, 36<CR><LF>`bmpanel crop 4 108, 36, 108, 36, 128, 156<CR><LF>`bmpanel crop 1 244, 156, 108, 36<CR><LF>`bmpanel crop 1 12, 198, 108, 36<CR><LF>`bmpanel crop 1 128, 198, 108, 36<CR><LF>`bmpanel crop 1 244, 198, 108, 36<CR><LF>`bmpanel crop 1 360, 198, 108, 36<CR><LF>`bmpanel crop 5 200, 0, 20, 32, 404, 116<CR><LF>`bmpanel crop 5 200, 0, 20, 32, 424, 116<CR><LF>`bmpanel crop 5 200, 0, 20, 32, 444, 116<CR><LF>`bmpanel update<CR><LF>
[2026-09-15T14:22:07.971] Cog0  BM-UISTEP,seq,18,step,12,kind,PREVIEW,tested,NA,got,SKIP,key,TRUE,click,FALSE,press_x,NA,press_y,NA,prompt,3,result,WRONG,wait_ms,2_272,why,OPERATOR_SKIP
[2026-09-15T14:22:08.058] `bmpanel crop 2 0, 228, 456, 76, 12, 34<CR><LF>`bmpanel crop 3 0, 128, 300, 32, 12, 116<CR><LF>`bmpanel crop 4 0, 0, 108, 36, 12, 156<CR><LF>`bmpanel crop 4 0, 36, 108, 36, 128, 156<CR><LF>`bmpanel crop 1 244, 156, 108, 36<CR><LF>`bmpanel crop 1 12, 198, 108, 36<CR><LF>`bmpanel crop 1 128, 198, 108, 36<CR><LF>`bmpanel crop 1 244, 198, 108, 36<CR><LF>`bmpanel crop 1 360, 198, 108, 36<CR><LF>`bmpanel crop 5 200, 0, 20, 32, 404, 116<CR><LF>`bmpanel crop 5 200, 0, 20, 32, 424, 116<CR><LF>`bmpanel crop 5 200, 0, 20, 32, 444, 116<CR><LF>`bmpanel update<CR><LF>`bmpanel crop 2 0, 228, 456, 76, 12, 34<CR><LF>`bmpanel crop 3 0, 128, 300, 32, 12, 116<CR><LF>`bmpanel crop 4 0, 0, 108, 36, 12, 156<CR><LF>`bmpanel crop 4 0, 36, 108, 36, 128, 156<CR><LF>`bmpanel crop 1 244, 156, 108, 36<CR><LF>`bmpanel crop 1 12, 198, 108, 36<CR><LF>`bmpanel crop 1 128, 198, 108, 36<CR><LF>`bmpanel crop 1 244, 198, 108, 36<CR><LF>`bmpanel crop 1 360, 198, 108, 36<CR><LF>`bmpanel crop 5 200, 0, 20, 32, 404, 116<CR><LF>`bmpanel crop 5 60, 0, 20, 32, 424, 116<CR><LF>`bmpanel crop 5 0, 0, 20, 32, 444, 116<CR><LF>`bmpanel update<CR><LF>`bmpanel PC_KEY<CR><LF>`bmpanel PC_MOUSE<CR><LF>
[2026-09-15T14:22:08.138] `bmpanel PC_KEY<CR><LF>`bmpanel PC_MOUSE<CR><LF>
[2026-09-15T14:22:08.218] `bmpanel PC_KEY<CR><LF>`bmpanel PC_MOUSE<CR><LF>
[2026-09-15T14:22:08.297] `bmpanel PC_KEY<CR><LF>`bmpanel PC_MOUSE<CR><LF>
[2026-09-15T14:22:08.377] `bmpanel PC_KEY<CR><LF>`bmpanel PC_MOUSE<CR><LF>
[2026-09-15T14:22:08.460] `bmpanel PC_KEY<CR><LF>`bmpanel PC_MOUSE<CR><LF>
[2026-09-15T14:22:08.538] `bmpanel PC_KEY<CR><LF>`bmpanel PC_MOUSE<CR><LF>
[2026-09-15T14:22:08.619] `bmpanel PC_KEY<CR><LF>`bmpanel PC_MOUSE<CR><LF>
[2026-09-15T14:22:08.698] `bmpanel PC_KEY<CR><LF>`bmpanel PC_MOUSE<CR><LF>
[2026-09-15T14:22:08.779] `bmpanel PC_KEY<CR><LF>`bmpanel PC_MOUSE<CR><LF>
[2026-09-15T14:22:08.860] `bmpanel PC_KEY<CR><LF>`bmpanel PC_MOUSE<CR><LF>
[2026-09-15T14:22:08.942] `bmpanel PC_KEY<CR><LF>`bmpanel PC_MOUSE<CR><LF>
[2026-09-15T14:22:09.019] `bmpanel PC_KEY<CR><LF>`bmpanel PC_MOUSE<CR><LF>
[2026-09-15T14:22:09.104] `bmpanel crop 2 0, 228, 456, 76, 12, 34<CR><LF>`bmpanel crop 3 0, 128, 300, 32, 12, 116<CR><LF>`bmpanel crop 4 0, 0, 108, 36, 12, 156<CR><LF>`bmpanel crop 4 0, 36, 108, 36, 128, 156<CR><LF>`bmpanel crop 1 244, 156, 108, 36<CR><LF>`bmpanel crop 1 12, 198, 108, 36<CR><LF>`bmpanel crop 1 128, 198, 108, 36<CR><LF>`bmpanel crop 1 244, 198, 108, 36<CR><LF>`bmpanel crop 1 360, 198, 108, 36<CR><LF>`bmpanel crop 5 200, 0, 20, 32, 404, 116<CR><LF>`bmpanel crop 5 40, 0, 20, 32, 424, 116<CR><LF>`bmpanel crop 5 180, 0, 20, 32, 444, 116<CR><LF>`bmpanel update<CR><LF>`bmpanel PC_KEY<CR><LF>`bmpanel PC_MOUSE<CR><LF>
[2026-09-15T14:22:09.185] `bmpanel PC_KEY<CR><LF>`bmpanel PC_MOUSE<CR><LF>
[2026-09-15T14:22:09.264] `bmpanel PC_KEY<CR><LF>`bmpanel PC_MOUSE<CR><LF>
[2026-09-15T14:22:09.343] `bmpanel PC_KEY<CR><LF>`bmpanel PC_MOUSE<CR><LF>
[2026-09-15T14:22:09.423] `bmpanel PC_KEY<CR><LF>`bmpanel PC_MOUSE<CR><LF>
[2026-09-15T14:22:09.504] `bmpanel PC_KEY<CR><LF>`bmpanel PC_MOUSE<CR><LF>
[2026-09-15T14:22:09.586] `bmpanel PC_KEY<CR><LF>`bmpanel PC_MOUSE<CR><LF>
[2026-09-15T14:22:09.665] `bmpanel PC_KEY<CR><LF>`bmpanel PC_MOUSE<CR><LF>
[2026-09-15T14:22:09.743] `bmpanel PC_KEY<CR><LF>`bmpanel PC_MOUSE<CR><LF>
[2026-09-15T14:22:09.824] `bmpanel PC_KEY<CR><LF>`bmpanel PC_MOUSE<CR><LF>
[2026-09-15T14:22:09.906] `bmpanel PC_KEY<CR><LF>`bmpanel PC_MOUSE<CR><LF>
[2026-09-15T14:22:10.069] `bmpanel PC_KEY<CR><LF>`bmpanel PC_MOUSE<CR><LF>`bmpanel crop 2 0, 228, 456, 76, 12, 34<CR><LF>`bmpanel crop 3 0, 128, 300, 32, 12, 116<CR><LF>`bmpanel crop 4 0, 0, 108, 36, 12, 156<CR><LF>`bmpanel crop 4 0, 36, 108, 36, 128, 156<CR><LF>`bmpanel crop 1 244, 156, 108, 36<CR><LF>`bmpanel crop 1 12, 198, 108, 36<CR><LF>`bmpanel crop 1 128, 198, 108, 36<CR><LF>`bmpanel crop 1 244, 198, 108, 36<CR><LF>`bmpanel crop 1 360, 198, 108, 36<CR><LF>`bmpanel crop 5 200, 0, 20, 32, 404, 116<CR><LF>`bmpanel crop 5 40, 0, 20, 32, 424, 116<CR><LF>`bmpanel crop 5 160, 0, 20, 32, 444, 116<CR><LF>`bmpanel update<CR><LF>`bmpanel PC_KEY<CR><LF>`bmpanel PC_MOUSE<CR><LF>
[2026-09-15T14:22:10.150] `bmpanel PC_KEY<CR><LF>`bmpanel PC_MOUSE<CR><LF>
[2026-09-15T14:22:10.231] `bmpanel PC_KEY<CR><LF>`bmpanel PC_MOUSE<CR><LF>
[2026-09-15T14:22:10.309] `bmpanel PC_KEY<CR><LF>`bmpanel PC_MOUSE<CR><LF>
[2026-09-15T14:22:10.388] `bmpanel PC_KEY<CR><LF>`bmpanel PC_MOUSE<CR><LF>
[2026-09-15T14:22:10.469] `bmpanel PC_KEY<CR><LF>`bmpanel PC_MOUSE<CR><LF>
[2026-09-15T14:22:10.552] `bmpanel PC_KEY<CR><LF>`bmpanel PC_MOUSE<CR><LF>
[2026-09-15T14:22:10.632] `bmpanel PC_KEY<CR><LF>`bmpanel PC_MOUSE<CR><LF>
[2026-09-15T14:22:10.711] `bmpanel PC_KEY<CR><LF>`bmpanel PC_MOUSE<CR><LF>
[2026-09-15T14:22:10.789] `bmpanel PC_KEY<CR><LF>`bmpanel PC_MOUSE<CR><LF>
[2026-09-15T14:22:10.872] `bmpanel PC_KEY<CR><LF>`bmpanel PC_MOUSE<CR><LF>
[2026-09-15T14:22:10.949] `bmpanel PC_KEY<CR><LF>`bmpanel PC_MOUSE<CR><LF>
[2026-09-15T14:22:11.030] `bmpanel PC_KEY<CR><LF>`bmpanel PC_MOUSE<CR><LF>
[2026-09-15T14:22:11.115] `bmpanel crop 2 0, 228, 456, 76, 12, 34<CR><LF>`bmpanel crop 3 0, 128, 300, 32, 12, 116<CR><LF>`bmpanel crop 4 0, 0, 108, 36, 12, 156<CR><LF>`bmpanel crop 4 0, 36, 108, 36, 128, 156<CR><LF>`bmpanel crop 1 244, 156, 108, 36<CR><LF>`bmpanel crop 1 12, 198, 108, 36<CR><LF>`bmpanel crop 1 128, 198, 108, 36<CR><LF>`bmpanel crop 1 244, 198, 108, 36<CR><LF>`bmpanel crop 1 360, 198, 108, 36<CR><LF>`bmpanel crop 5 200, 0, 20, 32, 404, 116<CR><LF>`bmpanel crop 5 40, 0, 20, 32, 424, 116<CR><LF>`bmpanel crop 5 140, 0, 20, 32, 444, 116<CR><LF>`bmpanel update<CR><LF>`bmpanel PC_KEY<CR><LF>`bmpanel PC_MOUSE<CR><LF>
[2026-09-15T14:22:11.194] `bmpanel PC_KEY<CR><LF>`bmpanel PC_MOUSE<CR><LF>
[2026-09-15T14:22:11.276] `bmpanel PC_KEY<CR><LF>`bmpanel PC_MOUSE<CR><LF>
[2026-09-15T14:22:11.355] `bmpanel PC_KEY<CR><LF>`bmpanel PC_MOUSE<CR><LF>
[2026-09-15T14:22:11.434] `bmpanel PC_KEY<CR><LF>`bmpanel PC_MOUSE<CR><LF>
[2026-09-15T14:22:11.518] `bmpanel PC_KEY<CR><LF>`bmpanel PC_MOUSE<CR><LF>
[2026-09-15T14:22:11.594] `bmpanel PC_KEY<CR><LF>`bmpanel PC_MOUSE<CR><LF>
[2026-09-15T14:22:11.675] `bmpanel PC_KEY<CR><LF>`bmpanel PC_MOUSE<CR><LF>
[2026-09-15T14:22:11.755] `bmpanel PC_KEY<CR><LF>`bmpanel PC_MOUSE<CR><LF>
[2026-09-15T14:22:11.836] `bmpanel PC_KEY<CR><LF>`bmpanel PC_MOUSE<CR><LF>
[2026-09-15T14:22:11.915] `bmpanel PC_KEY<CR><LF>`bmpanel PC_MOUSE<CR><LF>
[2026-09-15T14:22:12.014] `bmpanel PC_KEY<CR><LF>`bmpanel PC_MOUSE<CR><LF>`bmpanel crop 2 0, 228, 456, 76, 12, 34<CR><LF>`bmpanel crop 3 0, 128, 300, 32, 12, 116<CR><LF>`bmpanel crop 4 108, 0, 108, 36, 12, 156<CR><LF>`bmpanel crop 1 128, 156, 108, 36<CR><LF>`bmpanel crop 1 244, 156, 108, 36<CR><LF>`bmpanel crop 1 12, 198, 108, 36<CR><LF>`bmpanel crop 1 128, 198, 108, 36<CR><LF>`bmpanel crop 1 244, 198, 108, 36<CR><LF>`bmpanel crop 1 360, 198, 108, 36<CR><LF>`bmpanel crop 5 200, 0, 20, 32, 404, 116<CR><LF>`bmpanel crop 5 200, 0, 20, 32, 424, 116<CR><LF>`bmpanel crop 5 200, 0, 20, 32, 444, 116<CR><LF>`bmpanel update<CR><LF>
[2026-09-15T14:22:12.450] Cog0  BM-UISTEP,seq,19,step,13,kind,PREVIEW,tested,NA,got,START,key,FALSE,click,TRUE,press_x,50,press_y,168,prompt,3,result,OK,wait_ms,4_475,why,NONE
[2026-09-15T14:22:12.539] `bmpanel crop 2 0, 304, 456, 76, 12, 34<CR><LF>`bmpanel crop 3 0, 160, 300, 32, 12, 116<CR><LF>`bmpanel crop 4 0, 0, 108, 36, 12, 156<CR><LF>`bmpanel crop 4 0, 36, 108, 36, 128, 156<CR><LF>`bmpanel crop 1 244, 156, 108, 36<CR><LF>`bmpanel crop 1 12, 198, 108, 36<CR><LF>`bmpanel crop 1 128, 198, 108, 36<CR><LF>`bmpanel crop 1 244, 198, 108, 36<CR><LF>`bmpanel crop 1 360, 198, 108, 36<CR><LF>`bmpanel crop 5 200, 0, 20, 32, 404, 116<CR><LF>`bmpanel crop 5 200, 0, 20, 32, 424, 116<CR><LF>`bmpanel crop 5 200, 0, 20, 32, 444, 116<CR><LF>`bmpanel update<CR><LF>`bmpanel crop 2 0, 304, 456, 76, 12, 34<CR><LF>`bmpanel crop 3 0, 160, 300, 32, 12, 116<CR><LF>`bmpanel crop 4 0, 0, 108, 36, 12, 156<CR><LF>`bmpanel crop 4 0, 36, 108, 36, 128, 156<CR><LF>`bmpanel crop 1 244, 156, 108, 36<CR><LF>`bmpanel crop 1 12, 198, 108, 36<CR><LF>`bmpanel crop 1 128, 198, 108, 36<CR><LF>`bmpanel crop 1 244, 198, 108, 36<CR><LF>`bmpanel crop 1 360, 198, 108, 36<CR><LF>`bmpanel crop 5 200, 0, 20, 32, 404, 116<CR><LF>`bmpanel crop 5 60, 0, 20, 32, 424, 116<CR><LF>`bmpanel crop 5 0, 0, 20, 32, 444, 116<CR><LF>`bmpanel update<CR><LF>`bmpanel PC_KEY<CR><LF>`bmpanel PC_MOUSE<CR><LF>
[2026-09-15T14:22:12.619] `bmpanel PC_KEY<CR><LF>`bmpanel PC_MOUSE<CR><LF>
[2026-09-15T14:22:12.699] `bmpanel PC_KEY<CR><LF>`bmpanel PC_MOUSE<CR><LF>
[2026-09-15T14:22:12.778] `bmpanel PC_KEY<CR><LF>`bmpanel PC_MOUSE<CR><LF>
[2026-09-15T14:22:12.857] `bmpanel PC_KEY<CR><LF>`bmpanel PC_MOUSE<CR><LF>
[2026-09-15T14:22:12.940] `bmpanel PC_KEY<CR><LF>`bmpanel PC_MOUSE<CR><LF>
[2026-09-15T14:22:13.017] `bmpanel PC_KEY<CR><LF>`bmpanel PC_MOUSE<CR><LF>
[2026-09-15T14:22:13.101] `bmpanel PC_KEY<CR><LF>`bmpanel PC_MOUSE<CR><LF>
[2026-09-15T14:22:13.180] `bmpanel PC_KEY<CR><LF>`bmpanel PC_MOUSE<CR><LF>
[2026-09-15T14:22:13.258] `bmpanel PC_KEY<CR><LF>`bmpanel PC_MOUSE<CR><LF>
[2026-09-15T14:22:13.338] `bmpanel PC_KEY<CR><LF>`bmpanel PC_MOUSE<CR><LF>
[2026-09-15T14:22:13.418] `bmpanel PC_KEY<CR><LF>`bmpanel PC_MOUSE<CR><LF>
[2026-09-15T14:22:13.498] `bmpanel PC_KEY<CR><LF>`bmpanel PC_MOUSE<CR><LF>
[2026-09-15T14:22:13.583] `bmpanel crop 2 0, 304, 456, 76, 12, 34<CR><LF>`bmpanel crop 3 0, 160, 300, 32, 12, 116<CR><LF>`bmpanel crop 4 0, 0, 108, 36, 12, 156<CR><LF>`bmpanel crop 4 0, 36, 108, 36, 128, 156<CR><LF>`bmpanel crop 1 244, 156, 108, 36<CR><LF>`bmpanel crop 1 12, 198, 108, 36<CR><LF>`bmpanel crop 1 128, 198, 108, 36<CR><LF>`bmpanel crop 1 244, 198, 108, 36<CR><LF>`bmpanel crop 1 360, 198, 108, 36<CR><LF>`bmpanel crop 5 200, 0, 20, 32, 404, 116<CR><LF>`bmpanel crop 5 40, 0, 20, 32, 424, 116<CR><LF>`bmpanel crop 5 180, 0, 20, 32, 444, 116<CR><LF>`bmpanel update<CR><LF>`bmpanel PC_KEY<CR><LF>`bmpanel PC_MOUSE<CR><LF>
[2026-09-15T14:22:13.663] `bmpanel PC_KEY<CR><LF>`bmpanel PC_MOUSE<CR><LF>
[2026-09-15T14:22:13.742] `bmpanel PC_KEY<CR><LF>`bmpanel PC_MOUSE<CR><LF>
[2026-09-15T14:22:13.822] `bmpanel PC_KEY<CR><LF>`bmpanel PC_MOUSE<CR><LF>
[2026-09-15T14:22:13.905] `bmpanel PC_KEY<CR><LF>`bmpanel PC_MOUSE<CR><LF>
[2026-09-15T14:22:13.986] `bmpanel PC_KEY<CR><LF>`bmpanel PC_MOUSE<CR><LF>
[2026-09-15T14:22:14.062] `bmpanel PC_KEY<CR><LF>`bmpanel PC_MOUSE<CR><LF>
[2026-09-15T14:22:14.144] `bmpanel PC_KEY<CR><LF>`bmpanel PC_MOUSE<CR><LF>
[2026-09-15T14:22:14.226] `bmpanel PC_KEY<CR><LF>`bmpanel PC_MOUSE<CR><LF>
[2026-09-15T14:22:14.303] `bmpanel PC_KEY<CR><LF>`bmpanel PC_MOUSE<CR><LF>
[2026-09-15T14:22:14.384] `bmpanel PC_KEY<CR><LF>`bmpanel PC_MOUSE<CR><LF>
[2026-09-15T14:22:14.464] `bmpanel PC_KEY<CR><LF>`bmpanel PC_MOUSE<CR><LF>
[2026-09-15T14:22:14.549] `bmpanel crop 2 0, 304, 456, 76, 12, 34<CR><LF>`bmpanel crop 3 0, 160, 300, 32, 12, 116<CR><LF>`bmpanel crop 4 0, 0, 108, 36, 12, 156<CR><LF>`bmpanel crop 4 0, 36, 108, 36, 128, 156<CR><LF>`bmpanel crop 1 244, 156, 108, 36<CR><LF>`bmpanel crop 1 12, 198, 108, 36<CR><LF>`bmpanel crop 1 128, 198, 108, 36<CR><LF>`bmpanel crop 1 244, 198, 108, 36<CR><LF>`bmpanel crop 1 360, 198, 108, 36<CR><LF>`bmpanel crop 5 200, 0, 20, 32, 404, 116<CR><LF>`bmpanel crop 5 40, 0, 20, 32, 424, 116<CR><LF>`bmpanel crop 5 160, 0, 20, 32, 444, 116<CR><LF>`bmpanel update<CR><LF>`bmpanel PC_KEY<CR><LF>`bmpanel PC_MOUSE<CR><LF>
[2026-09-15T14:22:14.629] `bmpanel PC_KEY<CR><LF>`bmpanel PC_MOUSE<CR><LF>
[2026-09-15T14:22:14.709] `bmpanel PC_KEY<CR><LF>`bmpanel PC_MOUSE<CR><LF>
[2026-09-15T14:22:14.788] `bmpanel PC_KEY<CR><LF>`bmpanel PC_MOUSE<CR><LF>
[2026-09-15T14:22:14.868] `bmpanel PC_KEY<CR><LF>`bmpanel PC_MOUSE<CR><LF>
[2026-09-15T14:22:14.951] `bmpanel PC_KEY<CR><LF>`bmpanel PC_MOUSE<CR><LF>
[2026-09-15T14:22:15.028] `bmpanel PC_KEY<CR><LF>`bmpanel PC_MOUSE<CR><LF>
[2026-09-15T14:22:15.109] `bmpanel PC_KEY<CR><LF>`bmpanel PC_MOUSE<CR><LF>
[2026-09-15T14:22:15.188] `bmpanel PC_KEY<CR><LF>`bmpanel PC_MOUSE<CR><LF>
[2026-09-15T14:22:15.268] `bmpanel PC_KEY<CR><LF>`bmpanel PC_MOUSE<CR><LF>
[2026-09-15T14:22:15.350] `bmpanel PC_KEY<CR><LF>`bmpanel PC_MOUSE<CR><LF>
[2026-09-15T14:22:15.448] `bmpanel PC_KEY<CR><LF>`bmpanel PC_MOUSE<CR><LF>`bmpanel crop 2 0, 304, 456, 76, 12, 34<CR><LF>`bmpanel crop 3 0, 160, 300, 32, 12, 116<CR><LF>`bmpanel crop 4 108, 0, 108, 36, 12, 156<CR><LF>`bmpanel crop 1 128, 156, 108, 36<CR><LF>`bmpanel crop 1 244, 156, 108, 36<CR><LF>`bmpanel crop 1 12, 198, 108, 36<CR><LF>`bmpanel crop 1 128, 198, 108, 36<CR><LF>`bmpanel crop 1 244, 198, 108, 36<CR><LF>`bmpanel crop 1 360, 198, 108, 36<CR><LF>`bmpanel crop 5 200, 0, 20, 32, 404, 116<CR><LF>`bmpanel crop 5 200, 0, 20, 32, 424, 116<CR><LF>`bmpanel crop 5 200, 0, 20, 32, 444, 116<CR><LF>`bmpanel update<CR><LF>
[2026-09-15T14:22:15.885] Cog0  BM-UISTEP,seq,20,step,14,kind,PREVIEW,tested,NA,got,START,key,FALSE,click,TRUE,press_x,57,press_y,172,prompt,4,result,OK,wait_ms,3_430,why,NONE
[2026-09-15T14:22:15.972] `bmpanel crop 2 0, 608, 456, 76, 12, 34<CR><LF>`bmpanel crop 3 0, 384, 300, 32, 12, 116<CR><LF>`bmpanel crop 4 0, 0, 108, 36, 12, 156<CR><LF>`bmpanel crop 1 128, 156, 108, 36<CR><LF>`bmpanel crop 1 244, 156, 108, 36<CR><LF>`bmpanel crop 1 12, 198, 108, 36<CR><LF>`bmpanel crop 1 128, 198, 108, 36<CR><LF>`bmpanel crop 1 244, 198, 108, 36<CR><LF>`bmpanel crop 1 360, 198, 108, 36<CR><LF>`bmpanel crop 5 200, 0, 20, 32, 404, 116<CR><LF>`bmpanel crop 5 200, 0, 20, 32, 424, 116<CR><LF>`bmpanel crop 5 200, 0, 20, 32, 444, 116<CR><LF>`bmpanel update<CR><LF>`bmpanel crop 2 0, 608, 456, 76, 12, 34<CR><LF>`bmpanel crop 3 0, 384, 300, 32, 12, 116<CR><LF>`bmpanel crop 4 0, 0, 108, 36, 12, 156<CR><LF>`bmpanel crop 1 128, 156, 108, 36<CR><LF>`bmpanel crop 1 244, 156, 108, 36<CR><LF>`bmpanel crop 1 12, 198, 108, 36<CR><LF>`bmpanel crop 1 128, 198, 108, 36<CR><LF>`bmpanel crop 1 244, 198, 108, 36<CR><LF>`bmpanel crop 1 360, 198, 108, 36<CR><LF>`bmpanel crop 5 200, 0, 20, 32, 404, 116<CR><LF>`bmpanel crop 5 60, 0, 20, 32, 424, 116<CR><LF>`bmpanel crop 5 0, 0, 20, 32, 444, 116<CR><LF>`bmpanel update<CR><LF>`bmpanel PC_KEY<CR><LF>`bmpanel PC_MOUSE<CR><LF>
[2026-09-15T14:22:16.052] `bmpanel PC_KEY<CR><LF>`bmpanel PC_MOUSE<CR><LF>
[2026-09-15T14:22:16.131] `bmpanel PC_KEY<CR><LF>`bmpanel PC_MOUSE<CR><LF>
[2026-09-15T14:22:16.211] `bmpanel PC_KEY<CR><LF>`bmpanel PC_MOUSE<CR><LF>
[2026-09-15T14:22:16.291] `bmpanel PC_KEY<CR><LF>`bmpanel PC_MOUSE<CR><LF>
[2026-09-15T14:22:16.372] `bmpanel PC_KEY<CR><LF>`bmpanel PC_MOUSE<CR><LF>
[2026-09-15T14:22:16.454] `bmpanel PC_KEY<CR><LF>`bmpanel PC_MOUSE<CR><LF>
[2026-09-15T14:22:16.531] `bmpanel PC_KEY<CR><LF>`bmpanel PC_MOUSE<CR><LF>
[2026-09-15T14:22:16.612] `bmpanel PC_KEY<CR><LF>`bmpanel PC_MOUSE<CR><LF>
[2026-09-15T14:22:16.693] `bmpanel PC_KEY<CR><LF>`bmpanel PC_MOUSE<CR><LF>
[2026-09-15T14:22:16.774] `bmpanel PC_KEY<CR><LF>`bmpanel PC_MOUSE<CR><LF>
[2026-09-15T14:22:16.852] `bmpanel PC_KEY<CR><LF>`bmpanel PC_MOUSE<CR><LF>
[2026-09-15T14:22:16.932] `bmpanel PC_KEY<CR><LF>`bmpanel PC_MOUSE<CR><LF>
[2026-09-15T14:22:17.017] `bmpanel crop 2 0, 608, 456, 76, 12, 34<CR><LF>`bmpanel crop 3 0, 384, 300, 32, 12, 116<CR><LF>`bmpanel crop 4 0, 0, 108, 36, 12, 156<CR><LF>`bmpanel crop 1 128, 156, 108, 36<CR><LF>`bmpanel crop 1 244, 156, 108, 36<CR><LF>`bmpanel crop 1 12, 198, 108, 36<CR><LF>`bmpanel crop 1 128, 198, 108, 36<CR><LF>`bmpanel crop 1 244, 198, 108, 36<CR><LF>`bmpanel crop 1 360, 198, 108, 36<CR><LF>`bmpanel crop 5 200, 0, 20, 32, 404, 116<CR><LF>`bmpanel crop 5 40, 0, 20, 32, 424, 116<CR><LF>`bmpanel crop 5 180, 0, 20, 32, 444, 116<CR><LF>`bmpanel update<CR><LF>`bmpanel PC_KEY<CR><LF>`bmpanel PC_MOUSE<CR><LF>
[2026-09-15T14:22:17.096] `bmpanel PC_KEY<CR><LF>`bmpanel PC_MOUSE<CR><LF>
[2026-09-15T14:22:17.176] `bmpanel PC_KEY<CR><LF>`bmpanel PC_MOUSE<CR><LF>
[2026-09-15T14:22:17.258] `bmpanel PC_KEY<CR><LF>`bmpanel PC_MOUSE<CR><LF>
[2026-09-15T14:22:17.338] `bmpanel PC_KEY<CR><LF>`bmpanel PC_MOUSE<CR><LF>
[2026-09-15T14:22:17.420] `bmpanel PC_KEY<CR><LF>`bmpanel PC_MOUSE<CR><LF>
[2026-09-15T14:22:17.497] `bmpanel PC_KEY<CR><LF>`bmpanel PC_MOUSE<CR><LF>
[2026-09-15T14:22:17.579] `bmpanel PC_KEY<CR><LF>`bmpanel PC_MOUSE<CR><LF>
[2026-09-15T14:22:17.661] `bmpanel PC_KEY<CR><LF>`bmpanel PC_MOUSE<CR><LF>
[2026-09-15T14:22:17.739] `bmpanel PC_KEY<CR><LF>`bmpanel PC_MOUSE<CR><LF>
[2026-09-15T14:22:17.818] `bmpanel PC_KEY<CR><LF>`bmpanel PC_MOUSE<CR><LF>
[2026-09-15T14:22:17.983] `bmpanel PC_KEY<CR><LF>`bmpanel PC_MOUSE<CR><LF>`bmpanel crop 2 0, 608, 456, 76, 12, 34<CR><LF>`bmpanel crop 3 0, 384, 300, 32, 12, 116<CR><LF>`bmpanel crop 4 0, 0, 108, 36, 12, 156<CR><LF>`bmpanel crop 1 128, 156, 108, 36<CR><LF>`bmpanel crop 1 244, 156, 108, 36<CR><LF>`bmpanel crop 1 12, 198, 108, 36<CR><LF>`bmpanel crop 1 128, 198, 108, 36<CR><LF>`bmpanel crop 1 244, 198, 108, 36<CR><LF>`bmpanel crop 1 360, 198, 108, 36<CR><LF>`bmpanel crop 5 200, 0, 20, 32, 404, 116<CR><LF>`bmpanel crop 5 40, 0, 20, 32, 424, 116<CR><LF>`bmpanel crop 5 160, 0, 20, 32, 444, 116<CR><LF>`bmpanel update<CR><LF>`bmpanel PC_KEY<CR><LF>`bmpanel PC_MOUSE<CR><LF>
[2026-09-15T14:22:18.064] `bmpanel PC_KEY<CR><LF>`bmpanel PC_MOUSE<CR><LF>
[2026-09-15T14:22:18.144] `bmpanel PC_KEY<CR><LF>`bmpanel PC_MOUSE<CR><LF>
[2026-09-15T14:22:18.222] `bmpanel PC_KEY<CR><LF>`bmpanel PC_MOUSE<CR><LF>
[2026-09-15T14:22:18.305] `bmpanel PC_KEY<CR><LF>`bmpanel PC_MOUSE<CR><LF>
[2026-09-15T14:22:18.385] `bmpanel PC_KEY<CR><LF>`bmpanel PC_MOUSE<CR><LF>
[2026-09-15T14:22:18.464] `bmpanel PC_KEY<CR><LF>`bmpanel PC_MOUSE<CR><LF>
[2026-09-15T14:22:18.546] `bmpanel PC_KEY<CR><LF>`bmpanel PC_MOUSE<CR><LF>
[2026-09-15T14:22:18.623] `bmpanel PC_KEY<CR><LF>`bmpanel PC_MOUSE<CR><LF>
[2026-09-15T14:22:18.703] `bmpanel PC_KEY<CR><LF>`bmpanel PC_MOUSE<CR><LF>
[2026-09-15T14:22:18.783] `bmpanel PC_KEY<CR><LF>`bmpanel PC_MOUSE<CR><LF>
[2026-09-15T14:22:18.863] `bmpanel PC_KEY<CR><LF>`bmpanel PC_MOUSE<CR><LF>
[2026-09-15T14:22:18.944] `bmpanel PC_KEY<CR><LF>`bmpanel PC_MOUSE<CR><LF>
[2026-09-15T14:22:19.030] `bmpanel crop 2 0, 608, 456, 76, 12, 34<CR><LF>`bmpanel crop 3 0, 384, 300, 32, 12, 116<CR><LF>`bmpanel crop 4 0, 0, 108, 36, 12, 156<CR><LF>`bmpanel crop 1 128, 156, 108, 36<CR><LF>`bmpanel crop 1 244, 156, 108, 36<CR><LF>`bmpanel crop 1 12, 198, 108, 36<CR><LF>`bmpanel crop 1 128, 198, 108, 36<CR><LF>`bmpanel crop 1 244, 198, 108, 36<CR><LF>`bmpanel crop 1 360, 198, 108, 36<CR><LF>`bmpanel crop 5 200, 0, 20, 32, 404, 116<CR><LF>`bmpanel crop 5 40, 0, 20, 32, 424, 116<CR><LF>`bmpanel crop 5 140, 0, 20, 32, 444, 116<CR><LF>`bmpanel update<CR><LF>`bmpanel PC_KEY<CR><LF>`bmpanel PC_MOUSE<CR><LF>
[2026-09-15T14:22:19.110] `bmpanel PC_KEY<CR><LF>`bmpanel PC_MOUSE<CR><LF>
[2026-09-15T14:22:19.188] `bmpanel PC_KEY<CR><LF>`bmpanel PC_MOUSE<CR><LF>
[2026-09-15T14:22:19.271] `bmpanel PC_KEY<CR><LF>`bmpanel PC_MOUSE<CR><LF>
[2026-09-15T14:22:19.349] `bmpanel PC_KEY<CR><LF>`bmpanel PC_MOUSE<CR><LF>
[2026-09-15T14:22:19.430] `bmpanel PC_KEY<CR><LF>`bmpanel PC_MOUSE<CR><LF>
[2026-09-15T14:22:19.512] `bmpanel PC_KEY<CR><LF>`bmpanel PC_MOUSE<CR><LF>
[2026-09-15T14:22:19.589] `bmpanel PC_KEY<CR><LF>`bmpanel PC_MOUSE<CR><LF>
[2026-09-15T14:22:19.670] `bmpanel PC_KEY<CR><LF>`bmpanel PC_MOUSE<CR><LF>
[2026-09-15T14:22:19.748] `bmpanel PC_KEY<CR><LF>`bmpanel PC_MOUSE<CR><LF>
[2026-09-15T14:22:19.787] `bmpanel PC_KEY<CR><LF>`bmpanel PC_MOUSE<CR><LF>Cog0  BM-SEG,seq,21,seg,UICHECK,event,END,attended,TRUE,items,0,faults,0,unrecov,0,ms,74_641,why,NONE
[2026-09-15T14:22:19.788] Cog0  BM-INST,seq,22,event,STOP,cog,2,state,EXITED,ack_ms,5,samples,0,late,0,skipped,0,max_late_us,0,clamps,0,why,NONE
[2026-09-15T14:22:19.790] Cog0  SIGNOFF,sf,1,bin,DUAL,cell,R14-DUAL-NOSTALL-U,task,3508,motor,NONE,crit,ENDED_BY_COG0,measured,TRUE,lo,TRUE,hi,TRUE,units,BOOL,n,1,verdict,PASS
[2026-09-15T14:22:19.791] Cog0  SIGNOFF,sf,1,bin,DUAL,cell,R14-DUAL-DBGMASK-U,task,3508,motor,NONE,crit,QUIET_MASKS,measured,TRUE,lo,TRUE,hi,TRUE,units,BOOL,n,1,verdict,PASS
[2026-09-15T14:22:19.792] Cog0  SIGNOFF,sf,1,bin,DUAL,cell,R14-DUAL-UICHECK-U,task,3508,motor,NONE,crit,UI_CONTROLS_OK,measured,FALSE,lo,TRUE,hi,TRUE,units,BOOL,n,14,verdict,FAIL
[2026-09-15T14:22:19.793] Cog0  BM-TRAP,seq,23,code,0,returned,TRUE
[2026-09-15T14:22:19.809] Cog0  BM-END,seq,24,exit,COMPLETE,part,UI,segs,1,last_seg,UICHECK,records,24,trap_code,0,unrecov,0,why,NONE
[2026-09-15T14:22:19.810] Cog0  DEBUG_END_SESSION

=== Debug Logger Session Ended at 2026-09-15T14:22:19.812 ===
