=== Debug Logger Session Started at 2026-09-15T14:32:37.700 ===
PNut-Term-TS: v1.0.8
Program: debug
=====================================

[2026-09-15T14:32:37.598] [SYSTEM] BAUD_RATE_SET 2000000 baud (preferences/default)

=== Session ended - Download Started at 2026-09-15T14:32:37.827 ===
=== Debug Logger Session Started at 2026-09-15T14:32:37.830 ===
PNut-Term-TS: v1.0.8
Program: debug
=====================================

[2026-09-15T14:32:37.827] [SYSTEM] [DOWNLOAD TO RAM] File: test_bench_detect.bin | Size: 30896 bytes | Modified: 2026-09-15T20:32:36.814Z
[2026-09-15T14:32:37.829] [SYSTEM] Download Session Started
[2026-09-15T14:32:39.123] [SYSTEM] [DOWNLOAD SUCCESS] test_bench_detect.bin successfully downloaded to RAM
[2026-09-15T14:32:39.138] Cog0  INIT $0000_0000 $0000_0000 load
[2026-09-15T14:32:39.138] Cog0  INIT $0000_0FA8 $0000_6910 jump
[2026-09-15T14:32:39.139] Cog0  BD-BANNER,fmt,2,tool,test_bench_detect,purpose,getBoardType_characterization
[2026-09-15T14:32:39.139] Cog0  BD-CFG,cfg_id,BENCH,cfg_file,isp_bldc_motor_userconfig_bench,motor_type,0,drive_voltage,6,wheel_dia_x10,65,left_base,32,right_base,16
[2026-09-15T14:32:39.140] Cog0  BD-CLK,clkfreq_declared,270_000_000,clkfreq_runtime,270_000_000,match,1
[2026-09-15T14:32:39.140] Cog0  BD-BUILD,src_rev,3,lib_linked,1,phase2_compiled,1,rail_declared,UNDECLARED,n_rep,32,n_live,8,probe_max,2_000,cal_iter,500,tail_groups,1
[2026-09-15T14:32:39.141] Cog0  BD-RUN,run_ct,14_615_923,run_ts,HOSTLOG
[2026-09-15T14:32:39.142] Cog0  BD-ENUM,grp,0,gnm,P0_P15,local,0,lib,0,match,1
[2026-09-15T14:32:39.142] Cog0  BD-ENUM,grp,8,gnm,P8_P23,local,8,lib,8,match,1
[2026-09-15T14:32:39.143] Cog0  BD-ENUM,grp,16,gnm,P16_P31,local,16,lib,16,match,1
[2026-09-15T14:32:39.143] Cog0  BD-ENUM,grp,24,gnm,NO_USE_P24_P39,local,24,lib,24,match,1
[2026-09-15T14:32:39.144] Cog0  BD-ENUM,grp,32,gnm,P32_P47,local,32,lib,32,match,1
[2026-09-15T14:32:39.144] Cog0  BD-ENUM,grp,40,gnm,P40_P55,local,40,lib,40,match,1
[2026-09-15T14:32:39.145] Cog0  BD-MAP,grp,0,gnm,P0_P15,pin,4,ovl,NONE,guard,NONE
[2026-09-15T14:32:39.145] Cog0  BD-MAP,grp,8,gnm,P8_P23,pin,12,ovl,NONE,guard,NONE
[2026-09-15T14:32:39.146] Cog0  BD-MAP,grp,16,gnm,P16_P31,pin,20,ovl,SELF,guard,NONE
[2026-09-15T14:32:39.147] Cog0  BD-MAP,grp,24,gnm,NO_USE_P24_P39,pin,28,ovl,RIGHT+12_PWM_W_L,guard,GATE_OVERLAP
[2026-09-15T14:32:39.148] Cog0  BD-MAP,grp,32,gnm,P32_P47,pin,36,ovl,SELF,guard,NONE
[2026-09-15T14:32:39.148] Cog0  BD-MAP,grp,40,gnm,P40_P55,pin,44,ovl,LEFT+12_PWM_W_L,guard,GATE_OVERLAP
[2026-09-15T14:32:39.149] Cog0  BD-PLAN,sw,1,phase,1,groups,ALL,n,32,cog,NONE,cogst,NONE,clr,NOCLR
[2026-09-15T14:32:39.150] Cog0  BD-PLAN,sw,2,phase,1,groups,ALL,n,32,cog,NONE,cogst,NONE,clr,CLR
[2026-09-15T14:32:39.151] Cog0  BD-PLAN,sw,3,phase,2,groups,P0_P15,n,8,cog,P0_P15,cogst,RUNNING,clr,NOCLR
[2026-09-15T14:32:39.151] Cog0  BD-PLAN,sw,4,phase,2,groups,ALL,n,32,cog,P0_P15,cogst,STOPPED,clr,NOCLR
[2026-09-15T14:32:39.152] Cog0  BD-PLAN,sw,5,phase,2,groups,ALL,n,32,cog,P0_P15,cogst,STOPPED,clr,CLR
[2026-09-15T14:32:39.153] Cog0  BD-PLAN,sw,6,phase,2,groups,P16_P31,n,8,cog,P16_P31,cogst,RUNNING,clr,NOCLR
[2026-09-15T14:32:39.154] Cog0  BD-PLAN,sw,7,phase,2,groups,ALL,n,32,cog,P16_P31,cogst,STOPPED,clr,NOCLR
[2026-09-15T14:32:39.154] Cog0  BD-PLAN,sw,8,phase,2,groups,ALL,n,32,cog,P16_P31,cogst,STOPPED,clr,CLR
[2026-09-15T14:32:39.155] Cog0  BD-GATE,mark,build,answer,COMPILED
[2026-09-15T14:32:39.156] Cog0  BD-NOTE,*** THIS BUILD STARTS A REAL DRIVER COG *** -- phase 2 is compiled in
[2026-09-15T14:32:39.158] Cog0  BD-NOTE,MOTORS MAY STAY CONNECTED -- the gate-input guard never pulses a board's gate input (GATE_OVERLAP) and refuses a driver cog that overlaps another board (COG_OVERLAP)
[2026-09-15T14:32:39.159] Cog0  BD-NOTE,PANIC PROCEDURE IS PHYSICAL BATTERY DISCONNECT ONLY -- emergencyCutoff() self-cancels in about 250 ms (finding S-4) and is NOT a panic button
[2026-09-15T14:32:39.161] Cog0  BD-NOTE,phase 2 starts a driver cog at commanded zero on P0_P15 then on P16_P31 and stops it; nothing is ever commanded to turn
[2026-09-15T14:32:39.162] Cog0  BD-NOTE,the gate on phase 2 is compile-time only -- there is no keypress and no runtime branch anywhere in this binary
[2026-09-15T14:32:39.163] Cog0  BD-NOTE,BD-GATE answer and BD-BUILD phase2_compiled carry the same fact from two places and MUST agree; a disagreement voids the run
[2026-09-15T14:32:39.165] Cog0  BD-NOTE,sweeping a group briefly drives its base+4 -- GUARD: a group whose base+4 lands on a declared board's pin other than that board's own base+4 is never swept
[2026-09-15T14:32:39.167] Cog0  BD-NOTE,GUARD: it is computed from the declared LEFT_MOTOR_BASE and RIGHT_MOTOR_BASE in every sweep; on the bench bases that skips NO_USE_P24_P39 (P28 = RIGHT base+12) and P40_P55 (P44 = LEFT base+12)
[2026-09-15T14:32:39.168] Cog0  BD-NOTE,GUARD: a skipped cell emits one BD-SKIPPED record with its reason and no BD-REP; BD-SWEEP end counts cells and skipped and reps so cells plus skipped equals the plan
[2026-09-15T14:32:39.170] Cog0  BD-NOTE,-D DETECT_NO_TAIL drops P8_P23 and NO_USE_P24_P39 only; it is not a safety build because the guard runs in every build
[2026-09-15T14:32:39.171] Cog0  BD-NOTE,P44 is PINS_P40_P55's sense pin and IS the LEFT board's W low-side gate input -- it is NOT unconnected; the calibration pin is P15, which is outside both board ranges
[2026-09-15T14:32:39.173] Cog0  BD-NOTE,VOID RULE: a log with no BD-BANNER or with cfg_id not equal to BENCH or with BD-CLK match 0 is VOID -- not suspect but void
[2026-09-15T14:32:39.174] Cog0  BD-NOTE,VOID RULE: any BD-ENUM match 0 voids the run -- the local pin-group table has drifted from the library's
[2026-09-15T14:32:39.175] Cog0  BD-NOTE,SUM RULE: sum 0 is real data on a Rev A board and is also what a loop that never executed produces
[2026-09-15T14:32:39.176] Cog0  BD-NOTE,SUM RULE: sum 0 is trustworthy ONLY when sumtix is at least 500 -- 500 Spin2 pinreads cannot complete in under 500 ticks
[2026-09-15T14:32:39.177] Cog0  BD-NOTE,CAL RULE: BD-CAL is emitted three times against a pin held driven high so the loop can never exit early
[2026-09-15T14:32:39.179] Cog0  BD-NOTE,CAL RULE: if the three tix_per_iter values differ by more than a few percent then every sumtix and every fltix in this log is void
[2026-09-15T14:32:39.180] Cog0  BD-NOTE,CROSS-CHECK: iter and (fltix / tix_per_iter) are two independent routes to the same number; if they disagree the instrumentation is lying
[2026-09-15T14:32:39.182] Cog0  BD-NOTE,R1 NOTE: pre and post are each assembled from TWO 8-pin pinread calls (low half in bits 0-7 high half in bits 8-15)
[2026-09-15T14:32:39.183] Cog0  BD-NOTE,R1 NOTE: that split is required because ADDPINS cannot cross a 32-pin port boundary; pre and post are therefore NOT atomic
[2026-09-15T14:32:39.184] Cog0  BD-NOTE,R1 NOTE: the lost atomicity is acceptable because pre and post are context snapshots and are not the measured interval
[2026-09-15T14:32:39.186] Cog0  BD-NOTE,HALL: bits 5 6 and 7 of a pre field are pin_hall_u/v/w so with a motor plugged in a valid 3-bit hall code is objective evidence the rail is powered
[2026-09-15T14:32:39.187] Cog0  BD-NOTE,DIFF: take the A/B diff over ^BD- lines only and exclude everything between a BD-LIB mark begin and its matching mark end
[2026-09-15T14:32:39.188] Cog0  BD-NOTE,DIFF: that exclusion is required because the library's own output line count varies with its own verdict
[2026-09-15T14:32:39.190] Cog0  BD-NOTE,DIFF: logs from different build variants are not comparable -- compare a default-build log only against another default-build log
[2026-09-15T14:32:39.191] Cog0  BD-NOTE,LIBVRD: a bare abort returns 0 and is indistinguishable from a completed call so ABORT appears only for a valued abort
[2026-09-15T14:32:39.192] Cog0  BD-NOTE,LIBVRD: ground truth for an abort is the library's own ! ERROR: line inside the BD-LIB bracket
[2026-09-15T14:32:39.193] Cog0  BD-NOTE,UNREACHABLE: cold-after-a-cog-has-run is impossible in one power cycle by definition -- that is why every cog NONE cell is phase 1
[2026-09-15T14:32:39.194] Cog0  BD-NOTE,UNREACHABLE: and it is why phase 2 can never be re-run without a reset
[2026-09-15T14:32:39.195] Cog0  BD-NOTE,UNREACHABLE: cogst RUNNING is measured only on the cog's OWN group because the cog's effect is per-pin
[2026-09-15T14:32:39.197] Cog0  BD-NOTE,UNREACHABLE: cogst RUNNING with clr CLR is meaningless and dangerous -- pinclear on a running driver's own pins destroys it -- so it is not in the matrix
[2026-09-15T14:32:39.198] Cog0  BD-NOTE,sweeps 3 and 6 deliberately charge and float a pin the running driver cog owns as an ADC smart pin -- that is exactly the T0-10 condition
[2026-09-15T14:32:39.200] Cog0  BD-NOTE,sweeps 3 and 6 are bounded at n_live rather than n_rep to minimise interference with that running cog
[2026-09-15T14:32:39.200] Cog0  BD-CAL,idx,1,iter,500,tix,204_064,tix_per_iter,408
[2026-09-15T14:32:39.201] Cog0  BD-PHASE,n,1,mark,begin,recs,NOMEAS,reason,NA
[2026-09-15T14:32:39.216] Cog0  BD-SWEEP,sw,1,mark,begin,cells,NOMEAS,skipped,NOMEAS,reps,NOMEAS
[2026-09-15T14:32:39.376] Cog0  BD-REP,sw,1,grp,0,gnm,P0_P15,pin,4,ovl,NONE,rep,1,cog,NONE,cogst,NONE,clr,NOCLR,sum,500,sumtix,100_048,vrd,NODET,iter,NEVER,fltix,NEVER,bnc,NOMEAS,exit,MAXED,pre,$FCFF,post,$FCFF
[2026-09-15T14:32:39.378] Cog0  BD-REP,sw,1,grp,0,gnm,P0_P15,pin,4,ovl,NONE,rep,2,cog,NONE,cogst,NONE,clr,NOCLR,sum,500,sumtix,100_048,vrd,NODET,iter,NEVER,fltix,NEVER,bnc,NOMEAS,exit,MAXED,pre,$FCFF,post,$FCFF
[2026-09-15T14:32:39.380] Cog0  BD-REP,sw,1,grp,0,gnm,P0_P15,pin,4,ovl,NONE,rep,3,cog,NONE,cogst,NONE,clr,NOCLR,sum,500,sumtix,100_048,vrd,NODET,iter,NEVER,fltix,NEVER,bnc,NOMEAS,exit,MAXED,pre,$FCFF,post,$FCFF
[2026-09-15T14:32:39.382] Cog0  BD-REP,sw,1,grp,0,gnm,P0_P15,pin,4,ovl,NONE,rep,4,cog,NONE,cogst,NONE,clr,NOCLR,sum,500,sumtix,100_048,vrd,NODET,iter,NEVER,fltix,NEVER,bnc,NOMEAS,exit,MAXED,pre,$FCFF,post,$FCFF
[2026-09-15T14:32:39.384] Cog0  BD-REP,sw,1,grp,0,gnm,P0_P15,pin,4,ovl,NONE,rep,5,cog,NONE,cogst,NONE,clr,NOCLR,sum,500,sumtix,100_048,vrd,NODET,iter,NEVER,fltix,NEVER,bnc,NOMEAS,exit,MAXED,pre,$FCFF,post,$FCFF
[2026-09-15T14:32:39.386] Cog0  BD-REP,sw,1,grp,0,gnm,P0_P15,pin,4,ovl,NONE,rep,6,cog,NONE,cogst,NONE,clr,NOCLR,sum,500,sumtix,100_048,vrd,NODET,iter,NEVER,fltix,NEVER,bnc,NOMEAS,exit,MAXED,pre,$FCFF,post,$FCFF
[2026-09-15T14:32:39.388] Cog0  BD-REP,sw,1,grp,0,gnm,P0_P15,pin,4,ovl,NONE,rep,7,cog,NONE,cogst,NONE,clr,NOCLR,sum,500,sumtix,100_048,vrd,NODET,iter,NEVER,fltix,NEVER,bnc,NOMEAS,exit,MAXED,pre,$FCFF,post,$FCFF
[2026-09-15T14:32:39.389] Cog0  BD-REP,sw,1,grp,0,gnm,P0_P15,pin,4,ovl,NONE,rep,8,cog,NONE,cogst,NONE,clr,NOCLR,sum,500,sumtix,100_048,vrd,NODET,iter,NEVER,fltix,NEVER,bnc,NOMEAS,exit,MAXED,pre,$FCFF,post,$FCFF
[2026-09-15T14:32:39.391] Cog0  BD-REP,sw,1,grp,0,gnm,P0_P15,pin,4,ovl,NONE,rep,9,cog,NONE,cogst,NONE,clr,NOCLR,sum,500,sumtix,100_048,vrd,NODET,iter,NEVER,fltix,NEVER,bnc,NOMEAS,exit,MAXED,pre,$FCFF,post,$FCFF
[2026-09-15T14:32:39.395] Cog0  BD-REP,sw,1,grp,0,gnm,P0_P15,pin,4,ovl,NONE,rep,10,cog,NONE,cogst,NONE,clr,NOCLR,sum,500,sumtix,100_048,vrd,NODET,iter,NEVER,fltix,NEVER,bnc,NOMEAS,exit,MAXED,pre,$FCFF,post,$FCFF
[2026-09-15T14:32:39.396] Cog0  BD-REP,sw,1,grp,0,gnm,P0_P15,pin,4,ovl,NONE,rep,11,cog,NONE,cogst,NONE,clr,NOCLR,sum,500,sumtix,100_048,vrd,NODET,iter,NEVER,fltix,NEVER,bnc,NOMEAS,exit,MAXED,pre,$FCFF,post,$FCFF
[2026-09-15T14:32:39.398] Cog0  BD-REP,sw,1,grp,0,gnm,P0_P15,pin,4,ovl,NONE,rep,12,cog,NONE,cogst,NONE,clr,NOCLR,sum,500,sumtix,100_048,vrd,NODET,iter,NEVER,fltix,NEVER,bnc,NOMEAS,exit,MAXED,pre,$FCFF,post,$FCFF
[2026-09-15T14:32:39.400] Cog0  BD-REP,sw,1,grp,0,gnm,P0_P15,pin,4,ovl,NONE,rep,13,cog,NONE,cogst,NONE,clr,NOCLR,sum,500,sumtix,100_048,vrd,NODET,iter,NEVER,fltix,NEVER,bnc,NOMEAS,exit,MAXED,pre,$FCFF,post,$FCFF
[2026-09-15T14:32:39.402] Cog0  BD-REP,sw,1,grp,0,gnm,P0_P15,pin,4,ovl,NONE,rep,14,cog,NONE,cogst,NONE,clr,NOCLR,sum,500,sumtix,100_048,vrd,NODET,iter,NEVER,fltix,NEVER,bnc,NOMEAS,exit,MAXED,pre,$FCFF,post,$FCFF
[2026-09-15T14:32:39.404] Cog0  BD-REP,sw,1,grp,0,gnm,P0_P15,pin,4,ovl,NONE,rep,15,cog,NONE,cogst,NONE,clr,NOCLR,sum,500,sumtix,100_048,vrd,NODET,iter,NEVER,fltix,NEVER,bnc,NOMEAS,exit,MAXED,pre,$FCFF,post,$FCFF
[2026-09-15T14:32:39.406] Cog0  BD-REP,sw,1,grp,0,gnm,P0_P15,pin,4,ovl,NONE,rep,16,cog,NONE,cogst,NONE,clr,NOCLR,sum,500,sumtix,100_048,vrd,NODET,iter,NEVER,fltix,NEVER,bnc,NOMEAS,exit,MAXED,pre,$FCFF,post,$FCFF
[2026-09-15T14:32:39.408] Cog0  BD-REP,sw,1,grp,0,gnm,P0_P15,pin,4,ovl,NONE,rep,17,cog,NONE,cogst,NONE,clr,NOCLR,sum,500,sumtix,100_048,vrd,NODET,iter,NEVER,fltix,NEVER,bnc,NOMEAS,exit,MAXED,pre,$FCFF,post,$FCFF
[2026-09-15T14:32:39.410] Cog0  BD-REP,sw,1,grp,0,gnm,P0_P15,pin,4,ovl,NONE,rep,18,cog,NONE,cogst,NONE,clr,NOCLR,sum,500,sumtix,100_048,vrd,NODET,iter,NEVER,fltix,NEVER,bnc,NOMEAS,exit,MAXED,pre,$FCFF,post,$FCFF
[2026-09-15T14:32:39.412] Cog0  BD-REP,sw,1,grp,0,gnm,P0_P15,pin,4,ovl,NONE,rep,19,cog,NONE,cogst,NONE,clr,NOCLR,sum,500,sumtix,100_048,vrd,NODET,iter,NEVER,fltix,NEVER,bnc,NOMEAS,exit,MAXED,pre,$FCFF,post,$FCFF
[2026-09-15T14:32:39.414] Cog0  BD-REP,sw,1,grp,0,gnm,P0_P15,pin,4,ovl,NONE,rep,20,cog,NONE,cogst,NONE,clr,NOCLR,sum,500,sumtix,100_048,vrd,NODET,iter,NEVER,fltix,NEVER,bnc,NOMEAS,exit,MAXED,pre,$FCFF,post,$FCFF
[2026-09-15T14:32:39.416] Cog0  BD-REP,sw,1,grp,0,gnm,P0_P15,pin,4,ovl,NONE,rep,21,cog,NONE,cogst,NONE,clr,NOCLR,sum,500,sumtix,100_048,vrd,NODET,iter,NEVER,fltix,NEVER,bnc,NOMEAS,exit,MAXED,pre,$FCFF,post,$FCFF
[2026-09-15T14:32:39.417] Cog0  BD-REP,sw,1,grp,0,gnm,P0_P15,pin,4,ovl,NONE,rep,22,cog,NONE,cogst,NONE,clr,NOCLR,sum,500,sumtix,100_048,vrd,NODET,iter,NEVER,fltix,NEVER,bnc,NOMEAS,exit,MAXED,pre,$FCFF,post,$FCFF
[2026-09-15T14:32:39.419] Cog0  BD-REP,sw,1,grp,0,gnm,P0_P15,pin,4,ovl,NONE,rep,23,cog,NONE,cogst,NONE,clr,NOCLR,sum,500,sumtix,100_048,vrd,NODET,iter,NEVER,fltix,NEVER,bnc,NOMEAS,exit,MAXED,pre,$FCFF,post,$FCFF
[2026-09-15T14:32:39.421] Cog0  BD-REP,sw,1,grp,0,gnm,P0_P15,pin,4,ovl,NONE,rep,24,cog,NONE,cogst,NONE,clr,NOCLR,sum,500,sumtix,100_048,vrd,NODET,iter,NEVER,fltix,NEVER,bnc,NOMEAS,exit,MAXED,pre,$FCFF,post,$FCFF
[2026-09-15T14:32:39.423] Cog0  BD-REP,sw,1,grp,0,gnm,P0_P15,pin,4,ovl,NONE,rep,25,cog,NONE,cogst,NONE,clr,NOCLR,sum,500,sumtix,100_048,vrd,NODET,iter,NEVER,fltix,NEVER,bnc,NOMEAS,exit,MAXED,pre,$FCFF,post,$FCFF
[2026-09-15T14:32:39.425] Cog0  BD-REP,sw,1,grp,0,gnm,P0_P15,pin,4,ovl,NONE,rep,26,cog,NONE,cogst,NONE,clr,NOCLR,sum,500,sumtix,100_048,vrd,NODET,iter,NEVER,fltix,NEVER,bnc,NOMEAS,exit,MAXED,pre,$FCFF,post,$FCFF
[2026-09-15T14:32:39.427] Cog0  BD-REP,sw,1,grp,0,gnm,P0_P15,pin,4,ovl,NONE,rep,27,cog,NONE,cogst,NONE,clr,NOCLR,sum,500,sumtix,100_048,vrd,NODET,iter,NEVER,fltix,NEVER,bnc,NOMEAS,exit,MAXED,pre,$FCFF,post,$FCFF
[2026-09-15T14:32:39.429] Cog0  BD-REP,sw,1,grp,0,gnm,P0_P15,pin,4,ovl,NONE,rep,28,cog,NONE,cogst,NONE,clr,NOCLR,sum,500,sumtix,100_048,vrd,NODET,iter,NEVER,fltix,NEVER,bnc,NOMEAS,exit,MAXED,pre,$FCFF,post,$FCFF
[2026-09-15T14:32:39.431] Cog0  BD-REP,sw,1,grp,0,gnm,P0_P15,pin,4,ovl,NONE,rep,29,cog,NONE,cogst,NONE,clr,NOCLR,sum,500,sumtix,100_048,vrd,NODET,iter,NEVER,fltix,NEVER,bnc,NOMEAS,exit,MAXED,pre,$FCFF,post,$FCFF
[2026-09-15T14:32:39.433] Cog0  BD-REP,sw,1,grp,0,gnm,P0_P15,pin,4,ovl,NONE,rep,30,cog,NONE,cogst,NONE,clr,NOCLR,sum,500,sumtix,100_048,vrd,NODET,iter,NEVER,fltix,NEVER,bnc,NOMEAS,exit,MAXED,pre,$FCFF,post,$FCFF
[2026-09-15T14:32:39.435] Cog0  BD-REP,sw,1,grp,0,gnm,P0_P15,pin,4,ovl,NONE,rep,31,cog,NONE,cogst,NONE,clr,NOCLR,sum,500,sumtix,100_048,vrd,NODET,iter,NEVER,fltix,NEVER,bnc,NOMEAS,exit,MAXED,pre,$FCFF,post,$FCFF
[2026-09-15T14:32:39.437] Cog0  BD-REP,sw,1,grp,0,gnm,P0_P15,pin,4,ovl,NONE,rep,32,cog,NONE,cogst,NONE,clr,NOCLR,sum,500,sumtix,100_048,vrd,NODET,iter,NEVER,fltix,NEVER,bnc,NOMEAS,exit,MAXED,pre,$FCFF,post,$FCFF
[2026-09-15T14:32:39.437] Cog0  BD-LIB,sw,1,grp,0,mark,begin
[2026-09-15T14:32:39.437] Cog0  --- pinSum = 500, Board not detected!, highTimeUs = 370
[2026-09-15T14:32:39.438] Cog0  MOT: fwdDegrees = 43, offset_fwd = $1E93_E93E
[2026-09-15T14:32:39.438] Cog0       revDegrees = 317, offset_rev = $E16C_16C1
[2026-09-15T14:32:39.438] Cog0   - Calc FRAME: frame_cnt = 6_136
[2026-09-15T14:32:39.439] Cog0  * init values dead_gap = 70, pwm_limit = 3_033, adc_fram = 6_136, duty_min = 1_600, duty_max = 24_264
[2026-09-15T14:32:39.439] Cog0  *      values duty_up = 18, duty_dn = 4, cfg_ctcks = 135_000
[2026-09-15T14:32:39.439] Cog0  *VAL* legalVoltage = 6
[2026-09-15T14:32:39.440] Cog0  * ENTRY CFG selectedPower = 6
[2026-09-15T14:32:39.441] Cog0  * EXIT 2 CFG eUserSelectedVolts = 6 maxFwdIncreAtPwr = 147_000_000 minFwdIncreAtPwr = 544_628
[2026-09-15T14:32:39.442] Cog0  --- pinSum = 500, Board not detected!, highTimeUs = 370
[2026-09-15T14:32:39.444] Cog0  BD-LIB,sw,1,grp,0,mark,end,libvrd,NODET,trapped,0
[2026-09-15T14:32:39.460] Cog0  BD-CELL,sw,1,grp,0,gnm,P0_P15,cog,NONE,cogst,NONE,clr,NOCLR,n,32,sum_min,500,sum_max,500,sum_mean,500,va,0,vb,0,vn,32,modal,NODET,fl_min,NEVER,fl_max,NEVER,fl_never,32,bnc_max,NOMEAS,libvrd,NODET,agree,1
[2026-09-15T14:32:39.526] Cog0  BD-REP,sw,1,grp,16,gnm,P16_P31,pin,20,ovl,SELF,rep,1,cog,NONE,cogst,NONE,clr,NOCLR,sum,0,sumtix,100_048,vrd,REVA,iter,1,fltix,472,bnc,0,exit,LOW,pre,$00A0,post,$00A0
[2026-09-15T14:32:39.528] Cog0  BD-REP,sw,1,grp,16,gnm,P16_P31,pin,20,ovl,SELF,rep,2,cog,NONE,cogst,NONE,clr,NOCLR,sum,0,sumtix,100_048,vrd,REVA,iter,1,fltix,472,bnc,0,exit,LOW,pre,$00A0,post,$00A0
[2026-09-15T14:32:39.529] Cog0  BD-REP,sw,1,grp,16,gnm,P16_P31,pin,20,ovl,SELF,rep,3,cog,NONE,cogst,NONE,clr,NOCLR,sum,0,sumtix,100_048,vrd,REVA,iter,1,fltix,472,bnc,0,exit,LOW,pre,$00A0,post,$00A0
[2026-09-15T14:32:39.531] Cog0  BD-REP,sw,1,grp,16,gnm,P16_P31,pin,20,ovl,SELF,rep,4,cog,NONE,cogst,NONE,clr,NOCLR,sum,0,sumtix,100_048,vrd,REVA,iter,1,fltix,472,bnc,0,exit,LOW,pre,$00A0,post,$00A0
[2026-09-15T14:32:39.533] Cog0  BD-REP,sw,1,grp,16,gnm,P16_P31,pin,20,ovl,SELF,rep,5,cog,NONE,cogst,NONE,clr,NOCLR,sum,0,sumtix,100_048,vrd,REVA,iter,1,fltix,472,bnc,0,exit,LOW,pre,$00A0,post,$00A0
[2026-09-15T14:32:39.535] Cog0  BD-REP,sw,1,grp,16,gnm,P16_P31,pin,20,ovl,SELF,rep,6,cog,NONE,cogst,NONE,clr,NOCLR,sum,0,sumtix,100_048,vrd,REVA,iter,1,fltix,472,bnc,0,exit,LOW,pre,$00A0,post,$00A0
[2026-09-15T14:32:39.536] Cog0  BD-REP,sw,1,grp,16,gnm,P16_P31,pin,20,ovl,SELF,rep,7,cog,NONE,cogst,NONE,clr,NOCLR,sum,0,sumtix,100_048,vrd,REVA,iter,1,fltix,472,bnc,0,exit,LOW,pre,$00A0,post,$00A0
[2026-09-15T14:32:39.538] Cog0  BD-REP,sw,1,grp,16,gnm,P16_P31,pin,20,ovl,SELF,rep,8,cog,NONE,cogst,NONE,clr,NOCLR,sum,0,sumtix,100_048,vrd,REVA,iter,1,fltix,472,bnc,0,exit,LOW,pre,$00A0,post,$00A0
[2026-09-15T14:32:39.540] Cog0  BD-REP,sw,1,grp,16,gnm,P16_P31,pin,20,ovl,SELF,rep,9,cog,NONE,cogst,NONE,clr,NOCLR,sum,0,sumtix,100_048,vrd,REVA,iter,1,fltix,472,bnc,0,exit,LOW,pre,$00A0,post,$00A0
[2026-09-15T14:32:39.542] Cog0  BD-REP,sw,1,grp,16,gnm,P16_P31,pin,20,ovl,SELF,rep,10,cog,NONE,cogst,NONE,clr,NOCLR,sum,0,sumtix,100_048,vrd,REVA,iter,1,fltix,472,bnc,0,exit,LOW,pre,$00A0,post,$00A0
[2026-09-15T14:32:39.544] Cog0  BD-REP,sw,1,grp,16,gnm,P16_P31,pin,20,ovl,SELF,rep,11,cog,NONE,cogst,NONE,clr,NOCLR,sum,0,sumtix,100_048,vrd,REVA,iter,1,fltix,472,bnc,0,exit,LOW,pre,$00A0,post,$00A0
[2026-09-15T14:32:39.545] Cog0  BD-REP,sw,1,grp,16,gnm,P16_P31,pin,20,ovl,SELF,rep,12,cog,NONE,cogst,NONE,clr,NOCLR,sum,0,sumtix,100_048,vrd,REVA,iter,1,fltix,472,bnc,0,exit,LOW,pre,$00A0,post,$00A0
[2026-09-15T14:32:39.547] Cog0  BD-REP,sw,1,grp,16,gnm,P16_P31,pin,20,ovl,SELF,rep,13,cog,NONE,cogst,NONE,clr,NOCLR,sum,0,sumtix,100_048,vrd,REVA,iter,1,fltix,472,bnc,0,exit,LOW,pre,$00A0,post,$00A0
[2026-09-15T14:32:39.549] Cog0  BD-REP,sw,1,grp,16,gnm,P16_P31,pin,20,ovl,SELF,rep,14,cog,NONE,cogst,NONE,clr,NOCLR,sum,0,sumtix,100_048,vrd,REVA,iter,1,fltix,472,bnc,0,exit,LOW,pre,$00A0,post,$00A0
[2026-09-15T14:32:39.551] Cog0  BD-REP,sw,1,grp,16,gnm,P16_P31,pin,20,ovl,SELF,rep,15,cog,NONE,cogst,NONE,clr,NOCLR,sum,0,sumtix,100_048,vrd,REVA,iter,1,fltix,472,bnc,0,exit,LOW,pre,$00A0,post,$00A0
[2026-09-15T14:32:39.553] Cog0  BD-REP,sw,1,grp,16,gnm,P16_P31,pin,20,ovl,SELF,rep,16,cog,NONE,cogst,NONE,clr,NOCLR,sum,0,sumtix,100_048,vrd,REVA,iter,1,fltix,472,bnc,0,exit,LOW,pre,$00A0,post,$00A0
[2026-09-15T14:32:39.555] Cog0  BD-REP,sw,1,grp,16,gnm,P16_P31,pin,20,ovl,SELF,rep,17,cog,NONE,cogst,NONE,clr,NOCLR,sum,0,sumtix,100_048,vrd,REVA,iter,1,fltix,472,bnc,0,exit,LOW,pre,$00A0,post,$00A0
[2026-09-15T14:32:39.556] Cog0  BD-REP,sw,1,grp,16,gnm,P16_P31,pin,20,ovl,SELF,rep,18,cog,NONE,cogst,NONE,clr,NOCLR,sum,0,sumtix,100_048,vrd,REVA,iter,1,fltix,472,bnc,0,exit,LOW,pre,$00A0,post,$00A0
[2026-09-15T14:32:39.558] Cog0  BD-REP,sw,1,grp,16,gnm,P16_P31,pin,20,ovl,SELF,rep,19,cog,NONE,cogst,NONE,clr,NOCLR,sum,0,sumtix,100_048,vrd,REVA,iter,1,fltix,472,bnc,0,exit,LOW,pre,$00A0,post,$00A0
[2026-09-15T14:32:39.560] Cog0  BD-REP,sw,1,grp,16,gnm,P16_P31,pin,20,ovl,SELF,rep,20,cog,NONE,cogst,NONE,clr,NOCLR,sum,0,sumtix,100_048,vrd,REVA,iter,1,fltix,472,bnc,0,exit,LOW,pre,$00A0,post,$00A0
[2026-09-15T14:32:39.562] Cog0  BD-REP,sw,1,grp,16,gnm,P16_P31,pin,20,ovl,SELF,rep,21,cog,NONE,cogst,NONE,clr,NOCLR,sum,0,sumtix,100_048,vrd,REVA,iter,1,fltix,472,bnc,0,exit,LOW,pre,$00A0,post,$00A0
[2026-09-15T14:32:39.563] Cog0  BD-REP,sw,1,grp,16,gnm,P16_P31,pin,20,ovl,SELF,rep,22,cog,NONE,cogst,NONE,clr,NOCLR,sum,0,sumtix,100_048,vrd,REVA,iter,1,fltix,472,bnc,0,exit,LOW,pre,$00A0,post,$00A0
[2026-09-15T14:32:39.565] Cog0  BD-REP,sw,1,grp,16,gnm,P16_P31,pin,20,ovl,SELF,rep,23,cog,NONE,cogst,NONE,clr,NOCLR,sum,0,sumtix,100_048,vrd,REVA,iter,1,fltix,472,bnc,0,exit,LOW,pre,$00A0,post,$00A0
[2026-09-15T14:32:39.567] Cog0  BD-REP,sw,1,grp,16,gnm,P16_P31,pin,20,ovl,SELF,rep,24,cog,NONE,cogst,NONE,clr,NOCLR,sum,0,sumtix,100_048,vrd,REVA,iter,1,fltix,472,bnc,0,exit,LOW,pre,$00A0,post,$00A0
[2026-09-15T14:32:39.569] Cog0  BD-REP,sw,1,grp,16,gnm,P16_P31,pin,20,ovl,SELF,rep,25,cog,NONE,cogst,NONE,clr,NOCLR,sum,0,sumtix,100_048,vrd,REVA,iter,1,fltix,472,bnc,0,exit,LOW,pre,$00A0,post,$00A0
[2026-09-15T14:32:39.570] Cog0  BD-REP,sw,1,grp,16,gnm,P16_P31,pin,20,ovl,SELF,rep,26,cog,NONE,cogst,NONE,clr,NOCLR,sum,0,sumtix,100_048,vrd,REVA,iter,1,fltix,472,bnc,0,exit,LOW,pre,$00A0,post,$00A0
[2026-09-15T14:32:39.572] Cog0  BD-REP,sw,1,grp,16,gnm,P16_P31,pin,20,ovl,SELF,rep,27,cog,NONE,cogst,NONE,clr,NOCLR,sum,0,sumtix,100_048,vrd,REVA,iter,1,fltix,472,bnc,0,exit,LOW,pre,$00A0,post,$00A0
[2026-09-15T14:32:39.574] Cog0  BD-REP,sw,1,grp,16,gnm,P16_P31,pin,20,ovl,SELF,rep,28,cog,NONE,cogst,NONE,clr,NOCLR,sum,0,sumtix,100_048,vrd,REVA,iter,1,fltix,472,bnc,0,exit,LOW,pre,$00A0,post,$00A0
[2026-09-15T14:32:39.576] Cog0  BD-REP,sw,1,grp,16,gnm,P16_P31,pin,20,ovl,SELF,rep,29,cog,NONE,cogst,NONE,clr,NOCLR,sum,0,sumtix,100_048,vrd,REVA,iter,1,fltix,472,bnc,0,exit,LOW,pre,$00A0,post,$00A0
[2026-09-15T14:32:39.578] Cog0  BD-REP,sw,1,grp,16,gnm,P16_P31,pin,20,ovl,SELF,rep,30,cog,NONE,cogst,NONE,clr,NOCLR,sum,0,sumtix,100_048,vrd,REVA,iter,1,fltix,472,bnc,0,exit,LOW,pre,$00A0,post,$00A0
[2026-09-15T14:32:39.579] Cog0  BD-REP,sw,1,grp,16,gnm,P16_P31,pin,20,ovl,SELF,rep,31,cog,NONE,cogst,NONE,clr,NOCLR,sum,0,sumtix,100_048,vrd,REVA,iter,1,fltix,472,bnc,0,exit,LOW,pre,$00A0,post,$00A0
[2026-09-15T14:32:39.581] Cog0  BD-REP,sw,1,grp,16,gnm,P16_P31,pin,20,ovl,SELF,rep,32,cog,NONE,cogst,NONE,clr,NOCLR,sum,0,sumtix,100_048,vrd,REVA,iter,1,fltix,472,bnc,0,exit,LOW,pre,$00A0,post,$00A0
[2026-09-15T14:32:39.582] Cog0  BD-LIB,sw,1,grp,16,mark,begin
[2026-09-15T14:32:39.583] Cog0  --- pinSum = 0, 64010 Rev A, highTimeUs = 0
[2026-09-15T14:32:39.583] Cog0  MOT: fwdDegrees = 43, offset_fwd = $1E93_E93E
[2026-09-15T14:32:39.583] Cog0       revDegrees = 317, offset_rev = $E16C_16C1
[2026-09-15T14:32:39.583] Cog0   - Calc FRAME: frame_cnt = 6_136
[2026-09-15T14:32:39.584] Cog0  * init values dead_gap = 70, pwm_limit = 3_033, adc_fram = 6_136, duty_min = 1_600, duty_max = 24_264
[2026-09-15T14:32:39.584] Cog0  *      values duty_up = 18, duty_dn = 4, cfg_ctcks = 135_000
[2026-09-15T14:32:39.584] Cog0  *VAL* legalVoltage = 6
[2026-09-15T14:32:39.585] Cog0  * ENTRY CFG selectedPower = 6
[2026-09-15T14:32:39.587] Cog0  * EXIT 2 CFG eUserSelectedVolts = 6 maxFwdIncreAtPwr = 147_000_000 minFwdIncreAtPwr = 544_628
[2026-09-15T14:32:39.587] Cog0  --- pinSum = 0, 64010 Rev A, highTimeUs = 0
[2026-09-15T14:32:39.589] Cog0  BD-LIB,sw,1,grp,16,mark,end,libvrd,REVA,trapped,0
[2026-09-15T14:32:39.605] Cog0  BD-CELL,sw,1,grp,16,gnm,P16_P31,cog,NONE,cogst,NONE,clr,NOCLR,n,32,sum_min,0,sum_max,0,sum_mean,0,va,32,vb,0,vn,0,modal,REVA,fl_min,1,fl_max,1,fl_never,0,bnc_max,0,libvrd,REVA,agree,1
[2026-09-15T14:32:39.671] Cog0  BD-REP,sw,1,grp,32,gnm,P32_P47,pin,36,ovl,SELF,rep,1,cog,NONE,cogst,NONE,clr,NOCLR,sum,0,sumtix,100_048,vrd,REVA,iter,1,fltix,472,bnc,0,exit,LOW,pre,$0060,post,$0060
[2026-09-15T14:32:39.672] Cog0  BD-REP,sw,1,grp,32,gnm,P32_P47,pin,36,ovl,SELF,rep,2,cog,NONE,cogst,NONE,clr,NOCLR,sum,0,sumtix,100_048,vrd,REVA,iter,1,fltix,472,bnc,0,exit,LOW,pre,$0060,post,$0060
[2026-09-15T14:32:39.674] Cog0  BD-REP,sw,1,grp,32,gnm,P32_P47,pin,36,ovl,SELF,rep,3,cog,NONE,cogst,NONE,clr,NOCLR,sum,0,sumtix,100_048,vrd,REVA,iter,1,fltix,472,bnc,0,exit,LOW,pre,$0060,post,$0060
[2026-09-15T14:32:39.676] Cog0  BD-REP,sw,1,grp,32,gnm,P32_P47,pin,36,ovl,SELF,rep,4,cog,NONE,cogst,NONE,clr,NOCLR,sum,0,sumtix,100_048,vrd,REVA,iter,1,fltix,472,bnc,0,exit,LOW,pre,$0060,post,$0060
[2026-09-15T14:32:39.678] Cog0  BD-REP,sw,1,grp,32,gnm,P32_P47,pin,36,ovl,SELF,rep,5,cog,NONE,cogst,NONE,clr,NOCLR,sum,0,sumtix,100_048,vrd,REVA,iter,1,fltix,472,bnc,0,exit,LOW,pre,$0060,post,$0060
[2026-09-15T14:32:39.679] Cog0  BD-REP,sw,1,grp,32,gnm,P32_P47,pin,36,ovl,SELF,rep,6,cog,NONE,cogst,NONE,clr,NOCLR,sum,0,sumtix,100_048,vrd,REVA,iter,1,fltix,472,bnc,0,exit,LOW,pre,$0060,post,$0060
[2026-09-15T14:32:39.681] Cog0  BD-REP,sw,1,grp,32,gnm,P32_P47,pin,36,ovl,SELF,rep,7,cog,NONE,cogst,NONE,clr,NOCLR,sum,0,sumtix,100_048,vrd,REVA,iter,1,fltix,472,bnc,0,exit,LOW,pre,$0060,post,$0060
[2026-09-15T14:32:39.683] Cog0  BD-REP,sw,1,grp,32,gnm,P32_P47,pin,36,ovl,SELF,rep,8,cog,NONE,cogst,NONE,clr,NOCLR,sum,0,sumtix,100_048,vrd,REVA,iter,1,fltix,472,bnc,0,exit,LOW,pre,$0060,post,$0060
[2026-09-15T14:32:39.685] Cog0  BD-REP,sw,1,grp,32,gnm,P32_P47,pin,36,ovl,SELF,rep,9,cog,NONE,cogst,NONE,clr,NOCLR,sum,0,sumtix,100_048,vrd,REVA,iter,1,fltix,472,bnc,0,exit,LOW,pre,$0060,post,$0060
[2026-09-15T14:32:39.687] Cog0  BD-REP,sw,1,grp,32,gnm,P32_P47,pin,36,ovl,SELF,rep,10,cog,NONE,cogst,NONE,clr,NOCLR,sum,0,sumtix,100_048,vrd,REVA,iter,1,fltix,472,bnc,0,exit,LOW,pre,$0060,post,$0060
[2026-09-15T14:32:39.688] Cog0  BD-REP,sw,1,grp,32,gnm,P32_P47,pin,36,ovl,SELF,rep,11,cog,NONE,cogst,NONE,clr,NOCLR,sum,0,sumtix,100_048,vrd,REVA,iter,1,fltix,472,bnc,0,exit,LOW,pre,$0060,post,$0060
[2026-09-15T14:32:39.690] Cog0  BD-REP,sw,1,grp,32,gnm,P32_P47,pin,36,ovl,SELF,rep,12,cog,NONE,cogst,NONE,clr,NOCLR,sum,0,sumtix,100_048,vrd,REVA,iter,1,fltix,472,bnc,0,exit,LOW,pre,$0060,post,$0060
[2026-09-15T14:32:39.692] Cog0  BD-REP,sw,1,grp,32,gnm,P32_P47,pin,36,ovl,SELF,rep,13,cog,NONE,cogst,NONE,clr,NOCLR,sum,0,sumtix,100_048,vrd,REVA,iter,1,fltix,472,bnc,0,exit,LOW,pre,$0060,post,$0060
[2026-09-15T14:32:39.694] Cog0  BD-REP,sw,1,grp,32,gnm,P32_P47,pin,36,ovl,SELF,rep,14,cog,NONE,cogst,NONE,clr,NOCLR,sum,0,sumtix,100_048,vrd,REVA,iter,1,fltix,472,bnc,0,exit,LOW,pre,$0060,post,$0060
[2026-09-15T14:32:39.695] Cog0  BD-REP,sw,1,grp,32,gnm,P32_P47,pin,36,ovl,SELF,rep,15,cog,NONE,cogst,NONE,clr,NOCLR,sum,0,sumtix,100_048,vrd,REVA,iter,1,fltix,472,bnc,0,exit,LOW,pre,$0060,post,$0060
[2026-09-15T14:32:39.697] Cog0  BD-REP,sw,1,grp,32,gnm,P32_P47,pin,36,ovl,SELF,rep,16,cog,NONE,cogst,NONE,clr,NOCLR,sum,0,sumtix,100_048,vrd,REVA,iter,1,fltix,472,bnc,0,exit,LOW,pre,$0060,post,$0060
[2026-09-15T14:32:39.699] Cog0  BD-REP,sw,1,grp,32,gnm,P32_P47,pin,36,ovl,SELF,rep,17,cog,NONE,cogst,NONE,clr,NOCLR,sum,0,sumtix,100_048,vrd,REVA,iter,1,fltix,472,bnc,0,exit,LOW,pre,$0060,post,$0060
[2026-09-15T14:32:39.701] Cog0  BD-REP,sw,1,grp,32,gnm,P32_P47,pin,36,ovl,SELF,rep,18,cog,NONE,cogst,NONE,clr,NOCLR,sum,0,sumtix,100_048,vrd,REVA,iter,1,fltix,472,bnc,0,exit,LOW,pre,$0060,post,$0060
[2026-09-15T14:32:39.703] Cog0  BD-REP,sw,1,grp,32,gnm,P32_P47,pin,36,ovl,SELF,rep,19,cog,NONE,cogst,NONE,clr,NOCLR,sum,0,sumtix,100_048,vrd,REVA,iter,1,fltix,472,bnc,0,exit,LOW,pre,$0060,post,$0060
[2026-09-15T14:32:39.704] Cog0  BD-REP,sw,1,grp,32,gnm,P32_P47,pin,36,ovl,SELF,rep,20,cog,NONE,cogst,NONE,clr,NOCLR,sum,0,sumtix,100_048,vrd,REVA,iter,1,fltix,472,bnc,0,exit,LOW,pre,$0060,post,$0060
[2026-09-15T14:32:39.706] Cog0  BD-REP,sw,1,grp,32,gnm,P32_P47,pin,36,ovl,SELF,rep,21,cog,NONE,cogst,NONE,clr,NOCLR,sum,0,sumtix,100_048,vrd,REVA,iter,1,fltix,472,bnc,0,exit,LOW,pre,$0060,post,$0060
[2026-09-15T14:32:39.708] Cog0  BD-REP,sw,1,grp,32,gnm,P32_P47,pin,36,ovl,SELF,rep,22,cog,NONE,cogst,NONE,clr,NOCLR,sum,0,sumtix,100_048,vrd,REVA,iter,1,fltix,472,bnc,0,exit,LOW,pre,$0060,post,$0060
[2026-09-15T14:32:39.710] Cog0  BD-REP,sw,1,grp,32,gnm,P32_P47,pin,36,ovl,SELF,rep,23,cog,NONE,cogst,NONE,clr,NOCLR,sum,0,sumtix,100_048,vrd,REVA,iter,1,fltix,472,bnc,0,exit,LOW,pre,$0060,post,$0060
[2026-09-15T14:32:39.712] Cog0  BD-REP,sw,1,grp,32,gnm,P32_P47,pin,36,ovl,SELF,rep,24,cog,NONE,cogst,NONE,clr,NOCLR,sum,0,sumtix,100_048,vrd,REVA,iter,1,fltix,472,bnc,0,exit,LOW,pre,$0060,post,$0060
[2026-09-15T14:32:39.714] Cog0  BD-REP,sw,1,grp,32,gnm,P32_P47,pin,36,ovl,SELF,rep,25,cog,NONE,cogst,NONE,clr,NOCLR,sum,0,sumtix,100_048,vrd,REVA,iter,1,fltix,472,bnc,0,exit,LOW,pre,$0060,post,$0060
[2026-09-15T14:32:39.715] Cog0  BD-REP,sw,1,grp,32,gnm,P32_P47,pin,36,ovl,SELF,rep,26,cog,NONE,cogst,NONE,clr,NOCLR,sum,0,sumtix,100_048,vrd,REVA,iter,1,fltix,472,bnc,0,exit,LOW,pre,$0060,post,$0060
[2026-09-15T14:32:39.717] Cog0  BD-REP,sw,1,grp,32,gnm,P32_P47,pin,36,ovl,SELF,rep,27,cog,NONE,cogst,NONE,clr,NOCLR,sum,0,sumtix,100_048,vrd,REVA,iter,1,fltix,472,bnc,0,exit,LOW,pre,$0060,post,$0060
[2026-09-15T14:32:39.719] Cog0  BD-REP,sw,1,grp,32,gnm,P32_P47,pin,36,ovl,SELF,rep,28,cog,NONE,cogst,NONE,clr,NOCLR,sum,0,sumtix,100_048,vrd,REVA,iter,1,fltix,472,bnc,0,exit,LOW,pre,$0060,post,$0060
[2026-09-15T14:32:39.721] Cog0  BD-REP,sw,1,grp,32,gnm,P32_P47,pin,36,ovl,SELF,rep,29,cog,NONE,cogst,NONE,clr,NOCLR,sum,0,sumtix,100_048,vrd,REVA,iter,1,fltix,472,bnc,0,exit,LOW,pre,$0060,post,$0060
[2026-09-15T14:32:39.723] Cog0  BD-REP,sw,1,grp,32,gnm,P32_P47,pin,36,ovl,SELF,rep,30,cog,NONE,cogst,NONE,clr,NOCLR,sum,0,sumtix,100_048,vrd,REVA,iter,1,fltix,472,bnc,0,exit,LOW,pre,$0060,post,$0060
[2026-09-15T14:32:39.724] Cog0  BD-REP,sw,1,grp,32,gnm,P32_P47,pin,36,ovl,SELF,rep,31,cog,NONE,cogst,NONE,clr,NOCLR,sum,0,sumtix,100_048,vrd,REVA,iter,1,fltix,472,bnc,0,exit,LOW,pre,$0060,post,$0060
[2026-09-15T14:32:39.725] Cog0  BD-REP,sw,1,grp,32,gnm,P32_P47,pin,36,ovl,SELF,rep,32,cog,NONE,cogst,NONE,clr,NOCLR,sum,0,sumtix,100_048,vrd,REVA,iter,1,fltix,472,bnc,0,exit,LOW,pre,$0060,post,$0060
[2026-09-15T14:32:39.727] Cog0  BD-LIB,sw,1,grp,32,mark,begin
[2026-09-15T14:32:39.727] Cog0  --- pinSum = 0, 64010 Rev A, highTimeUs = 0
[2026-09-15T14:32:39.727] Cog0  MOT: fwdDegrees = 43, offset_fwd = $1E93_E93E
[2026-09-15T14:32:39.728] Cog0       revDegrees = 317, offset_rev = $E16C_16C1
[2026-09-15T14:32:39.728] Cog0   - Calc FRAME: frame_cnt = 6_136
[2026-09-15T14:32:39.729] Cog0  * init values dead_gap = 70, pwm_limit = 3_033, adc_fram = 6_136, duty_min = 1_600, duty_max = 24_264
[2026-09-15T14:32:39.729] Cog0  *      values duty_up = 18, duty_dn = 4, cfg_ctcks = 135_000
[2026-09-15T14:32:39.729] Cog0  *VAL* legalVoltage = 6
[2026-09-15T14:32:39.729] Cog0  * ENTRY CFG selectedPower = 6
[2026-09-15T14:32:39.732] Cog0  * EXIT 2 CFG eUserSelectedVolts = 6 maxFwdIncreAtPwr = 147_000_000 minFwdIncreAtPwr = 544_628
[2026-09-15T14:32:39.732] Cog0  --- pinSum = 0, 64010 Rev A, highTimeUs = 0
[2026-09-15T14:32:39.733] Cog0  BD-LIB,sw,1,grp,32,mark,end,libvrd,REVA,trapped,0
[2026-09-15T14:32:39.735] Cog0  BD-CELL,sw,1,grp,32,gnm,P32_P47,cog,NONE,cogst,NONE,clr,NOCLR,n,32,sum_min,0,sum_max,0,sum_mean,0,va,32,vb,0,vn,0,modal,REVA,fl_min,1,fl_max,1,fl_never,0,bnc_max,0,libvrd,REVA,agree,1
[2026-09-15T14:32:39.751] Cog0  BD-SKIPPED,sw,1,grp,40,gnm,P40_P55,pin,44,ovl,LEFT+12_PWM_W_L,cog,NONE,cogst,NONE,clr,NOCLR,n,32,reason,GATE_OVERLAP
[2026-09-15T14:32:39.912] Cog0  BD-REP,sw,1,grp,8,gnm,P8_P23,pin,12,ovl,NONE,rep,1,cog,NONE,cogst,NONE,clr,NOCLR,sum,500,sumtix,100_048,vrd,NODET,iter,NEVER,fltix,NEVER,bnc,NOMEAS,exit,MAXED,pre,$A0FC,post,$A0FC
[2026-09-15T14:32:39.914] Cog0  BD-REP,sw,1,grp,8,gnm,P8_P23,pin,12,ovl,NONE,rep,2,cog,NONE,cogst,NONE,clr,NOCLR,sum,500,sumtix,100_048,vrd,NODET,iter,NEVER,fltix,NEVER,bnc,NOMEAS,exit,MAXED,pre,$A0FC,post,$A0FC
[2026-09-15T14:32:39.916] Cog0  BD-REP,sw,1,grp,8,gnm,P8_P23,pin,12,ovl,NONE,rep,3,cog,NONE,cogst,NONE,clr,NOCLR,sum,500,sumtix,100_048,vrd,NODET,iter,NEVER,fltix,NEVER,bnc,NOMEAS,exit,MAXED,pre,$A0FC,post,$A0FC
[2026-09-15T14:32:39.917] Cog0  BD-REP,sw,1,grp,8,gnm,P8_P23,pin,12,ovl,NONE,rep,4,cog,NONE,cogst,NONE,clr,NOCLR,sum,500,sumtix,100_048,vrd,NODET,iter,NEVER,fltix,NEVER,bnc,NOMEAS,exit,MAXED,pre,$A0FC,post,$A0FC
[2026-09-15T14:32:39.919] Cog0  BD-REP,sw,1,grp,8,gnm,P8_P23,pin,12,ovl,NONE,rep,5,cog,NONE,cogst,NONE,clr,NOCLR,sum,500,sumtix,100_048,vrd,NODET,iter,NEVER,fltix,NEVER,bnc,NOMEAS,exit,MAXED,pre,$A0FC,post,$A0FC
[2026-09-15T14:32:39.922] Cog0  BD-REP,sw,1,grp,8,gnm,P8_P23,pin,12,ovl,NONE,rep,6,cog,NONE,cogst,NONE,clr,NOCLR,sum,500,sumtix,100_048,vrd,NODET,iter,NEVER,fltix,NEVER,bnc,NOMEAS,exit,MAXED,pre,$A0FC,post,$A0FC
[2026-09-15T14:32:39.923] Cog0  BD-REP,sw,1,grp,8,gnm,P8_P23,pin,12,ovl,NONE,rep,7,cog,NONE,cogst,NONE,clr,NOCLR,sum,500,sumtix,100_048,vrd,NODET,iter,NEVER,fltix,NEVER,bnc,NOMEAS,exit,MAXED,pre,$A0FC,post,$A0FC
[2026-09-15T14:32:39.925] Cog0  BD-REP,sw,1,grp,8,gnm,P8_P23,pin,12,ovl,NONE,rep,8,cog,NONE,cogst,NONE,clr,NOCLR,sum,500,sumtix,100_048,vrd,NODET,iter,NEVER,fltix,NEVER,bnc,NOMEAS,exit,MAXED,pre,$A0FC,post,$A0FC
[2026-09-15T14:32:39.927] Cog0  BD-REP,sw,1,grp,8,gnm,P8_P23,pin,12,ovl,NONE,rep,9,cog,NONE,cogst,NONE,clr,NOCLR,sum,500,sumtix,100_048,vrd,NODET,iter,NEVER,fltix,NEVER,bnc,NOMEAS,exit,MAXED,pre,$A0FC,post,$A0FC
[2026-09-15T14:32:39.929] Cog0  BD-REP,sw,1,grp,8,gnm,P8_P23,pin,12,ovl,NONE,rep,10,cog,NONE,cogst,NONE,clr,NOCLR,sum,500,sumtix,100_048,vrd,NODET,iter,NEVER,fltix,NEVER,bnc,NOMEAS,exit,MAXED,pre,$A0FC,post,$A0FC
[2026-09-15T14:32:39.931] Cog0  BD-REP,sw,1,grp,8,gnm,P8_P23,pin,12,ovl,NONE,rep,11,cog,NONE,cogst,NONE,clr,NOCLR,sum,500,sumtix,100_048,vrd,NODET,iter,NEVER,fltix,NEVER,bnc,NOMEAS,exit,MAXED,pre,$A0FC,post,$A0FC
[2026-09-15T14:32:39.933] Cog0  BD-REP,sw,1,grp,8,gnm,P8_P23,pin,12,ovl,NONE,rep,12,cog,NONE,cogst,NONE,clr,NOCLR,sum,500,sumtix,100_048,vrd,NODET,iter,NEVER,fltix,NEVER,bnc,NOMEAS,exit,MAXED,pre,$A0FC,post,$A0FC
[2026-09-15T14:32:39.935] Cog0  BD-REP,sw,1,grp,8,gnm,P8_P23,pin,12,ovl,NONE,rep,13,cog,NONE,cogst,NONE,clr,NOCLR,sum,500,sumtix,100_048,vrd,NODET,iter,NEVER,fltix,NEVER,bnc,NOMEAS,exit,MAXED,pre,$A0FC,post,$A0FC
[2026-09-15T14:32:39.937] Cog0  BD-REP,sw,1,grp,8,gnm,P8_P23,pin,12,ovl,NONE,rep,14,cog,NONE,cogst,NONE,clr,NOCLR,sum,500,sumtix,100_048,vrd,NODET,iter,NEVER,fltix,NEVER,bnc,NOMEAS,exit,MAXED,pre,$A0FC,post,$A0FC
[2026-09-15T14:32:39.938] Cog0  BD-REP,sw,1,grp,8,gnm,P8_P23,pin,12,ovl,NONE,rep,15,cog,NONE,cogst,NONE,clr,NOCLR,sum,500,sumtix,100_048,vrd,NODET,iter,NEVER,fltix,NEVER,bnc,NOMEAS,exit,MAXED,pre,$A0FC,post,$A0FC
[2026-09-15T14:32:39.940] Cog0  BD-REP,sw,1,grp,8,gnm,P8_P23,pin,12,ovl,NONE,rep,16,cog,NONE,cogst,NONE,clr,NOCLR,sum,500,sumtix,100_048,vrd,NODET,iter,NEVER,fltix,NEVER,bnc,NOMEAS,exit,MAXED,pre,$A0FC,post,$A0FC
[2026-09-15T14:32:39.942] Cog0  BD-REP,sw,1,grp,8,gnm,P8_P23,pin,12,ovl,NONE,rep,17,cog,NONE,cogst,NONE,clr,NOCLR,sum,500,sumtix,100_048,vrd,NODET,iter,NEVER,fltix,NEVER,bnc,NOMEAS,exit,MAXED,pre,$A0FC,post,$A0FC
[2026-09-15T14:32:39.944] Cog0  BD-REP,sw,1,grp,8,gnm,P8_P23,pin,12,ovl,NONE,rep,18,cog,NONE,cogst,NONE,clr,NOCLR,sum,500,sumtix,100_048,vrd,NODET,iter,NEVER,fltix,NEVER,bnc,NOMEAS,exit,MAXED,pre,$A0FC,post,$A0FC
[2026-09-15T14:32:39.946] Cog0  BD-REP,sw,1,grp,8,gnm,P8_P23,pin,12,ovl,NONE,rep,19,cog,NONE,cogst,NONE,clr,NOCLR,sum,500,sumtix,100_048,vrd,NODET,iter,NEVER,fltix,NEVER,bnc,NOMEAS,exit,MAXED,pre,$A0FC,post,$A0FC
[2026-09-15T14:32:39.948] Cog0  BD-REP,sw,1,grp,8,gnm,P8_P23,pin,12,ovl,NONE,rep,20,cog,NONE,cogst,NONE,clr,NOCLR,sum,500,sumtix,100_048,vrd,NODET,iter,NEVER,fltix,NEVER,bnc,NOMEAS,exit,MAXED,pre,$A0FC,post,$A0FC
[2026-09-15T14:32:39.950] Cog0  BD-REP,sw,1,grp,8,gnm,P8_P23,pin,12,ovl,NONE,rep,21,cog,NONE,cogst,NONE,clr,NOCLR,sum,500,sumtix,100_048,vrd,NODET,iter,NEVER,fltix,NEVER,bnc,NOMEAS,exit,MAXED,pre,$A0FC,post,$A0FC
[2026-09-15T14:32:39.952] Cog0  BD-REP,sw,1,grp,8,gnm,P8_P23,pin,12,ovl,NONE,rep,22,cog,NONE,cogst,NONE,clr,NOCLR,sum,500,sumtix,100_048,vrd,NODET,iter,NEVER,fltix,NEVER,bnc,NOMEAS,exit,MAXED,pre,$A0FC,post,$A0FC
[2026-09-15T14:32:39.954] Cog0  BD-REP,sw,1,grp,8,gnm,P8_P23,pin,12,ovl,NONE,rep,23,cog,NONE,cogst,NONE,clr,NOCLR,sum,500,sumtix,100_048,vrd,NODET,iter,NEVER,fltix,NEVER,bnc,NOMEAS,exit,MAXED,pre,$A0FC,post,$A0FC
[2026-09-15T14:32:39.956] Cog0  BD-REP,sw,1,grp,8,gnm,P8_P23,pin,12,ovl,NONE,rep,24,cog,NONE,cogst,NONE,clr,NOCLR,sum,500,sumtix,100_048,vrd,NODET,iter,NEVER,fltix,NEVER,bnc,NOMEAS,exit,MAXED,pre,$A0FC,post,$A0FC
[2026-09-15T14:32:39.958] Cog0  BD-REP,sw,1,grp,8,gnm,P8_P23,pin,12,ovl,NONE,rep,25,cog,NONE,cogst,NONE,clr,NOCLR,sum,500,sumtix,100_048,vrd,NODET,iter,NEVER,fltix,NEVER,bnc,NOMEAS,exit,MAXED,pre,$A0FC,post,$A0FC
[2026-09-15T14:32:39.960] Cog0  BD-REP,sw,1,grp,8,gnm,P8_P23,pin,12,ovl,NONE,rep,26,cog,NONE,cogst,NONE,clr,NOCLR,sum,500,sumtix,100_048,vrd,NODET,iter,NEVER,fltix,NEVER,bnc,NOMEAS,exit,MAXED,pre,$A0FC,post,$A0FC
[2026-09-15T14:32:39.961] Cog0  BD-REP,sw,1,grp,8,gnm,P8_P23,pin,12,ovl,NONE,rep,27,cog,NONE,cogst,NONE,clr,NOCLR,sum,500,sumtix,100_048,vrd,NODET,iter,NEVER,fltix,NEVER,bnc,NOMEAS,exit,MAXED,pre,$A0FC,post,$A0FC
[2026-09-15T14:32:39.963] Cog0  BD-REP,sw,1,grp,8,gnm,P8_P23,pin,12,ovl,NONE,rep,28,cog,NONE,cogst,NONE,clr,NOCLR,sum,500,sumtix,100_048,vrd,NODET,iter,NEVER,fltix,NEVER,bnc,NOMEAS,exit,MAXED,pre,$A0FC,post,$A0FC
[2026-09-15T14:32:39.965] Cog0  BD-REP,sw,1,grp,8,gnm,P8_P23,pin,12,ovl,NONE,rep,29,cog,NONE,cogst,NONE,clr,NOCLR,sum,500,sumtix,100_048,vrd,NODET,iter,NEVER,fltix,NEVER,bnc,NOMEAS,exit,MAXED,pre,$A0FC,post,$A0FC
[2026-09-15T14:32:39.967] Cog0  BD-REP,sw,1,grp,8,gnm,P8_P23,pin,12,ovl,NONE,rep,30,cog,NONE,cogst,NONE,clr,NOCLR,sum,500,sumtix,100_048,vrd,NODET,iter,NEVER,fltix,NEVER,bnc,NOMEAS,exit,MAXED,pre,$A0FC,post,$A0FC
[2026-09-15T14:32:39.969] Cog0  BD-REP,sw,1,grp,8,gnm,P8_P23,pin,12,ovl,NONE,rep,31,cog,NONE,cogst,NONE,clr,NOCLR,sum,500,sumtix,100_048,vrd,NODET,iter,NEVER,fltix,NEVER,bnc,NOMEAS,exit,MAXED,pre,$A0FC,post,$A0FC
[2026-09-15T14:32:39.970] Cog0  BD-REP,sw,1,grp,8,gnm,P8_P23,pin,12,ovl,NONE,rep,32,cog,NONE,cogst,NONE,clr,NOCLR,sum,500,sumtix,100_048,vrd,NODET,iter,NEVER,fltix,NEVER,bnc,NOMEAS,exit,MAXED,pre,$A0FC,post,$A0FC
[2026-09-15T14:32:39.972] Cog0  BD-LIB,sw,1,grp,8,mark,begin
[2026-09-15T14:32:39.972] Cog0  --- pinSum = 500, Board not detected!, highTimeUs = 370
[2026-09-15T14:32:39.972] Cog0  MOT: fwdDegrees = 43, offset_fwd = $1E93_E93E
[2026-09-15T14:32:39.973] Cog0       revDegrees = 317, offset_rev = $E16C_16C1
[2026-09-15T14:32:39.973] Cog0   - Calc FRAME: frame_cnt = 6_136
[2026-09-15T14:32:39.973] Cog0  * init values dead_gap = 70, pwm_limit = 3_033, adc_fram = 6_136, duty_min = 1_600, duty_max = 24_264
[2026-09-15T14:32:39.974] Cog0  *      values duty_up = 18, duty_dn = 4, cfg_ctcks = 135_000
[2026-09-15T14:32:39.974] Cog0  *VAL* legalVoltage = 6
[2026-09-15T14:32:39.974] Cog0  * ENTRY CFG selectedPower = 6
[2026-09-15T14:32:39.976] Cog0  * EXIT 2 CFG eUserSelectedVolts = 6 maxFwdIncreAtPwr = 147_000_000 minFwdIncreAtPwr = 544_628
[2026-09-15T14:32:39.977] Cog0  --- pinSum = 500, Board not detected!, highTimeUs = 370
[2026-09-15T14:32:39.978] Cog0  BD-LIB,sw,1,grp,8,mark,end,libvrd,NODET,trapped,0
[2026-09-15T14:32:39.980] Cog0  BD-CELL,sw,1,grp,8,gnm,P8_P23,cog,NONE,cogst,NONE,clr,NOCLR,n,32,sum_min,500,sum_max,500,sum_mean,500,va,0,vb,0,vn,32,modal,NODET,fl_min,NEVER,fl_max,NEVER,fl_never,32,bnc_max,NOMEAS,libvrd,NODET,agree,1
[2026-09-15T14:32:39.981] Cog0  BD-SKIPPED,sw,1,grp,24,gnm,NO_USE_P24_P39,pin,28,ovl,RIGHT+12_PWM_W_L,cog,NONE,cogst,NONE,clr,NOCLR,n,32,reason,GATE_OVERLAP
[2026-09-15T14:32:39.982] Cog0  BD-SWEEP,sw,1,mark,end,cells,4,skipped,2,reps,128
[2026-09-15T14:32:39.983] Cog0  BD-NOTE,sweep 2 follows a pinclear of every swept group -- two 8-pin calls per group per ruling R1
[2026-09-15T14:32:39.999] Cog0  BD-SWEEP,sw,2,mark,begin,cells,NOMEAS,skipped,NOMEAS,reps,NOMEAS
[2026-09-15T14:32:40.159] Cog0  BD-REP,sw,2,grp,0,gnm,P0_P15,pin,4,ovl,NONE,rep,1,cog,NONE,cogst,NONE,clr,CLR,sum,500,sumtix,100_048,vrd,NODET,iter,NEVER,fltix,NEVER,bnc,NOMEAS,exit,MAXED,pre,$FCFF,post,$FCFF
[2026-09-15T14:32:40.161] Cog0  BD-REP,sw,2,grp,0,gnm,P0_P15,pin,4,ovl,NONE,rep,2,cog,NONE,cogst,NONE,clr,CLR,sum,500,sumtix,100_048,vrd,NODET,iter,NEVER,fltix,NEVER,bnc,NOMEAS,exit,MAXED,pre,$FCFF,post,$FCFF
[2026-09-15T14:32:40.163] Cog0  BD-REP,sw,2,grp,0,gnm,P0_P15,pin,4,ovl,NONE,rep,3,cog,NONE,cogst,NONE,clr,CLR,sum,500,sumtix,100_048,vrd,NODET,iter,NEVER,fltix,NEVER,bnc,NOMEAS,exit,MAXED,pre,$FCFF,post,$FCFF
[2026-09-15T14:32:40.164] Cog0  BD-REP,sw,2,grp,0,gnm,P0_P15,pin,4,ovl,NONE,rep,4,cog,NONE,cogst,NONE,clr,CLR,sum,500,sumtix,100_048,vrd,NODET,iter,NEVER,fltix,NEVER,bnc,NOMEAS,exit,MAXED,pre,$FCFF,post,$FCFF
[2026-09-15T14:32:40.166] Cog0  BD-REP,sw,2,grp,0,gnm,P0_P15,pin,4,ovl,NONE,rep,5,cog,NONE,cogst,NONE,clr,CLR,sum,500,sumtix,100_048,vrd,NODET,iter,NEVER,fltix,NEVER,bnc,NOMEAS,exit,MAXED,pre,$FCFF,post,$FCFF
[2026-09-15T14:32:40.168] Cog0  BD-REP,sw,2,grp,0,gnm,P0_P15,pin,4,ovl,NONE,rep,6,cog,NONE,cogst,NONE,clr,CLR,sum,500,sumtix,100_048,vrd,NODET,iter,NEVER,fltix,NEVER,bnc,NOMEAS,exit,MAXED,pre,$FCFF,post,$FCFF
[2026-09-15T14:32:40.170] Cog0  BD-REP,sw,2,grp,0,gnm,P0_P15,pin,4,ovl,NONE,rep,7,cog,NONE,cogst,NONE,clr,CLR,sum,500,sumtix,100_048,vrd,NODET,iter,NEVER,fltix,NEVER,bnc,NOMEAS,exit,MAXED,pre,$FCFF,post,$FCFF
[2026-09-15T14:32:40.172] Cog0  BD-REP,sw,2,grp,0,gnm,P0_P15,pin,4,ovl,NONE,rep,8,cog,NONE,cogst,NONE,clr,CLR,sum,500,sumtix,100_048,vrd,NODET,iter,NEVER,fltix,NEVER,bnc,NOMEAS,exit,MAXED,pre,$FCFF,post,$FCFF
[2026-09-15T14:32:40.174] Cog0  BD-REP,sw,2,grp,0,gnm,P0_P15,pin,4,ovl,NONE,rep,9,cog,NONE,cogst,NONE,clr,CLR,sum,500,sumtix,100_048,vrd,NODET,iter,NEVER,fltix,NEVER,bnc,NOMEAS,exit,MAXED,pre,$FCFF,post,$FCFF
[2026-09-15T14:32:40.176] Cog0  BD-REP,sw,2,grp,0,gnm,P0_P15,pin,4,ovl,NONE,rep,10,cog,NONE,cogst,NONE,clr,CLR,sum,500,sumtix,100_048,vrd,NODET,iter,NEVER,fltix,NEVER,bnc,NOMEAS,exit,MAXED,pre,$FCFF,post,$FCFF
[2026-09-15T14:32:40.178] Cog0  BD-REP,sw,2,grp,0,gnm,P0_P15,pin,4,ovl,NONE,rep,11,cog,NONE,cogst,NONE,clr,CLR,sum,500,sumtix,100_048,vrd,NODET,iter,NEVER,fltix,NEVER,bnc,NOMEAS,exit,MAXED,pre,$FCFF,post,$FCFF
[2026-09-15T14:32:40.180] Cog0  BD-REP,sw,2,grp,0,gnm,P0_P15,pin,4,ovl,NONE,rep,12,cog,NONE,cogst,NONE,clr,CLR,sum,500,sumtix,100_048,vrd,NODET,iter,NEVER,fltix,NEVER,bnc,NOMEAS,exit,MAXED,pre,$FCFF,post,$FCFF
[2026-09-15T14:32:40.182] Cog0  BD-REP,sw,2,grp,0,gnm,P0_P15,pin,4,ovl,NONE,rep,13,cog,NONE,cogst,NONE,clr,CLR,sum,500,sumtix,100_048,vrd,NODET,iter,NEVER,fltix,NEVER,bnc,NOMEAS,exit,MAXED,pre,$FCFF,post,$FCFF
[2026-09-15T14:32:40.183] Cog0  BD-REP,sw,2,grp,0,gnm,P0_P15,pin,4,ovl,NONE,rep,14,cog,NONE,cogst,NONE,clr,CLR,sum,500,sumtix,100_048,vrd,NODET,iter,NEVER,fltix,NEVER,bnc,NOMEAS,exit,MAXED,pre,$FCFF,post,$FCFF
[2026-09-15T14:32:40.185] Cog0  BD-REP,sw,2,grp,0,gnm,P0_P15,pin,4,ovl,NONE,rep,15,cog,NONE,cogst,NONE,clr,CLR,sum,500,sumtix,100_048,vrd,NODET,iter,NEVER,fltix,NEVER,bnc,NOMEAS,exit,MAXED,pre,$FCFF,post,$FCFF
[2026-09-15T14:32:40.187] Cog0  BD-REP,sw,2,grp,0,gnm,P0_P15,pin,4,ovl,NONE,rep,16,cog,NONE,cogst,NONE,clr,CLR,sum,500,sumtix,100_048,vrd,NODET,iter,NEVER,fltix,NEVER,bnc,NOMEAS,exit,MAXED,pre,$FCFF,post,$FCFF
[2026-09-15T14:32:40.189] Cog0  BD-REP,sw,2,grp,0,gnm,P0_P15,pin,4,ovl,NONE,rep,17,cog,NONE,cogst,NONE,clr,CLR,sum,500,sumtix,100_048,vrd,NODET,iter,NEVER,fltix,NEVER,bnc,NOMEAS,exit,MAXED,pre,$FCFF,post,$FCFF
[2026-09-15T14:32:40.191] Cog0  BD-REP,sw,2,grp,0,gnm,P0_P15,pin,4,ovl,NONE,rep,18,cog,NONE,cogst,NONE,clr,CLR,sum,500,sumtix,100_048,vrd,NODET,iter,NEVER,fltix,NEVER,bnc,NOMEAS,exit,MAXED,pre,$FCFF,post,$FCFF
[2026-09-15T14:32:40.193] Cog0  BD-REP,sw,2,grp,0,gnm,P0_P15,pin,4,ovl,NONE,rep,19,cog,NONE,cogst,NONE,clr,CLR,sum,500,sumtix,100_048,vrd,NODET,iter,NEVER,fltix,NEVER,bnc,NOMEAS,exit,MAXED,pre,$FCFF,post,$FCFF
[2026-09-15T14:32:40.195] Cog0  BD-REP,sw,2,grp,0,gnm,P0_P15,pin,4,ovl,NONE,rep,20,cog,NONE,cogst,NONE,clr,CLR,sum,500,sumtix,100_048,vrd,NODET,iter,NEVER,fltix,NEVER,bnc,NOMEAS,exit,MAXED,pre,$FCFF,post,$FCFF
[2026-09-15T14:32:40.197] Cog0  BD-REP,sw,2,grp,0,gnm,P0_P15,pin,4,ovl,NONE,rep,21,cog,NONE,cogst,NONE,clr,CLR,sum,500,sumtix,100_048,vrd,NODET,iter,NEVER,fltix,NEVER,bnc,NOMEAS,exit,MAXED,pre,$FCFF,post,$FCFF
[2026-09-15T14:32:40.199] Cog0  BD-REP,sw,2,grp,0,gnm,P0_P15,pin,4,ovl,NONE,rep,22,cog,NONE,cogst,NONE,clr,CLR,sum,500,sumtix,100_048,vrd,NODET,iter,NEVER,fltix,NEVER,bnc,NOMEAS,exit,MAXED,pre,$FCFF,post,$FCFF
[2026-09-15T14:32:40.200] Cog0  BD-REP,sw,2,grp,0,gnm,P0_P15,pin,4,ovl,NONE,rep,23,cog,NONE,cogst,NONE,clr,CLR,sum,500,sumtix,100_048,vrd,NODET,iter,NEVER,fltix,NEVER,bnc,NOMEAS,exit,MAXED,pre,$FCFF,post,$FCFF
[2026-09-15T14:32:40.202] Cog0  BD-REP,sw,2,grp,0,gnm,P0_P15,pin,4,ovl,NONE,rep,24,cog,NONE,cogst,NONE,clr,CLR,sum,500,sumtix,100_048,vrd,NODET,iter,NEVER,fltix,NEVER,bnc,NOMEAS,exit,MAXED,pre,$FCFF,post,$FCFF
[2026-09-15T14:32:40.204] Cog0  BD-REP,sw,2,grp,0,gnm,P0_P15,pin,4,ovl,NONE,rep,25,cog,NONE,cogst,NONE,clr,CLR,sum,500,sumtix,100_048,vrd,NODET,iter,NEVER,fltix,NEVER,bnc,NOMEAS,exit,MAXED,pre,$FCFF,post,$FCFF
[2026-09-15T14:32:40.206] Cog0  BD-REP,sw,2,grp,0,gnm,P0_P15,pin,4,ovl,NONE,rep,26,cog,NONE,cogst,NONE,clr,CLR,sum,500,sumtix,100_048,vrd,NODET,iter,NEVER,fltix,NEVER,bnc,NOMEAS,exit,MAXED,pre,$FCFF,post,$FCFF
[2026-09-15T14:32:40.208] Cog0  BD-REP,sw,2,grp,0,gnm,P0_P15,pin,4,ovl,NONE,rep,27,cog,NONE,cogst,NONE,clr,CLR,sum,500,sumtix,100_048,vrd,NODET,iter,NEVER,fltix,NEVER,bnc,NOMEAS,exit,MAXED,pre,$FCFF,post,$FCFF
[2026-09-15T14:32:40.210] Cog0  BD-REP,sw,2,grp,0,gnm,P0_P15,pin,4,ovl,NONE,rep,28,cog,NONE,cogst,NONE,clr,CLR,sum,500,sumtix,100_048,vrd,NODET,iter,NEVER,fltix,NEVER,bnc,NOMEAS,exit,MAXED,pre,$FCFF,post,$FCFF
[2026-09-15T14:32:40.212] Cog0  BD-REP,sw,2,grp,0,gnm,P0_P15,pin,4,ovl,NONE,rep,29,cog,NONE,cogst,NONE,clr,CLR,sum,500,sumtix,100_048,vrd,NODET,iter,NEVER,fltix,NEVER,bnc,NOMEAS,exit,MAXED,pre,$FCFF,post,$FCFF
[2026-09-15T14:32:40.214] Cog0  BD-REP,sw,2,grp,0,gnm,P0_P15,pin,4,ovl,NONE,rep,30,cog,NONE,cogst,NONE,clr,CLR,sum,500,sumtix,100_048,vrd,NODET,iter,NEVER,fltix,NEVER,bnc,NOMEAS,exit,MAXED,pre,$FCFF,post,$FCFF
[2026-09-15T14:32:40.216] Cog0  BD-REP,sw,2,grp,0,gnm,P0_P15,pin,4,ovl,NONE,rep,31,cog,NONE,cogst,NONE,clr,CLR,sum,500,sumtix,100_048,vrd,NODET,iter,NEVER,fltix,NEVER,bnc,NOMEAS,exit,MAXED,pre,$FCFF,post,$FCFF
[2026-09-15T14:32:40.218] Cog0  BD-REP,sw,2,grp,0,gnm,P0_P15,pin,4,ovl,NONE,rep,32,cog,NONE,cogst,NONE,clr,CLR,sum,500,sumtix,100_048,vrd,NODET,iter,NEVER,fltix,NEVER,bnc,NOMEAS,exit,MAXED,pre,$FCFF,post,$FCFF
[2026-09-15T14:32:40.218] Cog0  BD-LIB,sw,2,grp,0,mark,begin
[2026-09-15T14:32:40.218] Cog0  --- pinSum = 500, Board not detected!, highTimeUs = 370
[2026-09-15T14:32:40.219] Cog0  MOT: fwdDegrees = 43, offset_fwd = $1E93_E93E
[2026-09-15T14:32:40.219] Cog0       revDegrees = 317, offset_rev = $E16C_16C1
[2026-09-15T14:32:40.219] Cog0   - Calc FRAME: frame_cnt = 6_136
[2026-09-15T14:32:40.220] Cog0  * init values dead_gap = 70, pwm_limit = 3_033, adc_fram = 6_136, duty_min = 1_600, duty_max = 24_264
[2026-09-15T14:32:40.220] Cog0  *      values duty_up = 18, duty_dn = 4, cfg_ctcks = 135_000
[2026-09-15T14:32:40.220] Cog0  *VAL* legalVoltage = 6
[2026-09-15T14:32:40.221] Cog0  * ENTRY CFG selectedPower = 6
[2026-09-15T14:32:40.222] Cog0  * EXIT 2 CFG eUserSelectedVolts = 6 maxFwdIncreAtPwr = 147_000_000 minFwdIncreAtPwr = 544_628
[2026-09-15T14:32:40.223] Cog0  --- pinSum = 500, Board not detected!, highTimeUs = 370
[2026-09-15T14:32:40.225] Cog0  BD-LIB,sw,2,grp,0,mark,end,libvrd,NODET,trapped,0
[2026-09-15T14:32:40.242] Cog0  BD-CELL,sw,2,grp,0,gnm,P0_P15,cog,NONE,cogst,NONE,clr,CLR,n,32,sum_min,500,sum_max,500,sum_mean,500,va,0,vb,0,vn,32,modal,NODET,fl_min,NEVER,fl_max,NEVER,fl_never,32,bnc_max,NOMEAS,libvrd,NODET,agree,1
[2026-09-15T14:32:40.307] Cog0  BD-REP,sw,2,grp,16,gnm,P16_P31,pin,20,ovl,SELF,rep,1,cog,NONE,cogst,NONE,clr,CLR,sum,0,sumtix,100_048,vrd,REVA,iter,1,fltix,472,bnc,0,exit,LOW,pre,$00A0,post,$00A0
[2026-09-15T14:32:40.309] Cog0  BD-REP,sw,2,grp,16,gnm,P16_P31,pin,20,ovl,SELF,rep,2,cog,NONE,cogst,NONE,clr,CLR,sum,0,sumtix,100_048,vrd,REVA,iter,1,fltix,472,bnc,0,exit,LOW,pre,$00A0,post,$00A0
[2026-09-15T14:32:40.311] Cog0  BD-REP,sw,2,grp,16,gnm,P16_P31,pin,20,ovl,SELF,rep,3,cog,NONE,cogst,NONE,clr,CLR,sum,0,sumtix,100_048,vrd,REVA,iter,1,fltix,472,bnc,0,exit,LOW,pre,$00A0,post,$00A0
[2026-09-15T14:32:40.312] Cog0  BD-REP,sw,2,grp,16,gnm,P16_P31,pin,20,ovl,SELF,rep,4,cog,NONE,cogst,NONE,clr,CLR,sum,0,sumtix,100_048,vrd,REVA,iter,1,fltix,472,bnc,0,exit,LOW,pre,$00A0,post,$00A0
[2026-09-15T14:32:40.314] Cog0  BD-REP,sw,2,grp,16,gnm,P16_P31,pin,20,ovl,SELF,rep,5,cog,NONE,cogst,NONE,clr,CLR,sum,0,sumtix,100_048,vrd,REVA,iter,1,fltix,472,bnc,0,exit,LOW,pre,$00A0,post,$00A0
[2026-09-15T14:32:40.316] Cog0  BD-REP,sw,2,grp,16,gnm,P16_P31,pin,20,ovl,SELF,rep,6,cog,NONE,cogst,NONE,clr,CLR,sum,0,sumtix,100_048,vrd,REVA,iter,1,fltix,472,bnc,0,exit,LOW,pre,$00A0,post,$00A0
[2026-09-15T14:32:40.317] Cog0  BD-REP,sw,2,grp,16,gnm,P16_P31,pin,20,ovl,SELF,rep,7,cog,NONE,cogst,NONE,clr,CLR,sum,0,sumtix,100_048,vrd,REVA,iter,1,fltix,472,bnc,0,exit,LOW,pre,$00A0,post,$00A0
[2026-09-15T14:32:40.319] Cog0  BD-REP,sw,2,grp,16,gnm,P16_P31,pin,20,ovl,SELF,rep,8,cog,NONE,cogst,NONE,clr,CLR,sum,0,sumtix,100_048,vrd,REVA,iter,1,fltix,472,bnc,0,exit,LOW,pre,$00A0,post,$00A0
[2026-09-15T14:32:40.321] Cog0  BD-REP,sw,2,grp,16,gnm,P16_P31,pin,20,ovl,SELF,rep,9,cog,NONE,cogst,NONE,clr,CLR,sum,0,sumtix,100_048,vrd,REVA,iter,1,fltix,472,bnc,0,exit,LOW,pre,$00A0,post,$00A0
[2026-09-15T14:32:40.323] Cog0  BD-REP,sw,2,grp,16,gnm,P16_P31,pin,20,ovl,SELF,rep,10,cog,NONE,cogst,NONE,clr,CLR,sum,0,sumtix,100_048,vrd,REVA,iter,1,fltix,472,bnc,0,exit,LOW,pre,$00A0,post,$00A0
[2026-09-15T14:32:40.325] Cog0  BD-REP,sw,2,grp,16,gnm,P16_P31,pin,20,ovl,SELF,rep,11,cog,NONE,cogst,NONE,clr,CLR,sum,0,sumtix,100_048,vrd,REVA,iter,1,fltix,472,bnc,0,exit,LOW,pre,$00A0,post,$00A0
[2026-09-15T14:32:40.326] Cog0  BD-REP,sw,2,grp,16,gnm,P16_P31,pin,20,ovl,SELF,rep,12,cog,NONE,cogst,NONE,clr,CLR,sum,0,sumtix,100_048,vrd,REVA,iter,1,fltix,472,bnc,0,exit,LOW,pre,$00A0,post,$00A0
[2026-09-15T14:32:40.328] Cog0  BD-REP,sw,2,grp,16,gnm,P16_P31,pin,20,ovl,SELF,rep,13,cog,NONE,cogst,NONE,clr,CLR,sum,0,sumtix,100_048,vrd,REVA,iter,1,fltix,472,bnc,0,exit,LOW,pre,$00A0,post,$00A0
[2026-09-15T14:32:40.330] Cog0  BD-REP,sw,2,grp,16,gnm,P16_P31,pin,20,ovl,SELF,rep,14,cog,NONE,cogst,NONE,clr,CLR,sum,0,sumtix,100_048,vrd,REVA,iter,1,fltix,472,bnc,0,exit,LOW,pre,$00A0,post,$00A0
[2026-09-15T14:32:40.332] Cog0  BD-REP,sw,2,grp,16,gnm,P16_P31,pin,20,ovl,SELF,rep,15,cog,NONE,cogst,NONE,clr,CLR,sum,0,sumtix,100_048,vrd,REVA,iter,1,fltix,472,bnc,0,exit,LOW,pre,$00A0,post,$00A0
[2026-09-15T14:32:40.333] Cog0  BD-REP,sw,2,grp,16,gnm,P16_P31,pin,20,ovl,SELF,rep,16,cog,NONE,cogst,NONE,clr,CLR,sum,0,sumtix,100_048,vrd,REVA,iter,1,fltix,472,bnc,0,exit,LOW,pre,$00A0,post,$00A0
[2026-09-15T14:32:40.335] Cog0  BD-REP,sw,2,grp,16,gnm,P16_P31,pin,20,ovl,SELF,rep,17,cog,NONE,cogst,NONE,clr,CLR,sum,0,sumtix,100_048,vrd,REVA,iter,1,fltix,472,bnc,0,exit,LOW,pre,$00A0,post,$00A0
[2026-09-15T14:32:40.337] Cog0  BD-REP,sw,2,grp,16,gnm,P16_P31,pin,20,ovl,SELF,rep,18,cog,NONE,cogst,NONE,clr,CLR,sum,0,sumtix,100_048,vrd,REVA,iter,1,fltix,472,bnc,0,exit,LOW,pre,$00A0,post,$00A0
[2026-09-15T14:32:40.339] Cog0  BD-REP,sw,2,grp,16,gnm,P16_P31,pin,20,ovl,SELF,rep,19,cog,NONE,cogst,NONE,clr,CLR,sum,0,sumtix,100_048,vrd,REVA,iter,1,fltix,472,bnc,0,exit,LOW,pre,$00A0,post,$00A0
[2026-09-15T14:32:40.341] Cog0  BD-REP,sw,2,grp,16,gnm,P16_P31,pin,20,ovl,SELF,rep,20,cog,NONE,cogst,NONE,clr,CLR,sum,0,sumtix,100_048,vrd,REVA,iter,1,fltix,472,bnc,0,exit,LOW,pre,$00A0,post,$00A0
[2026-09-15T14:32:40.342] Cog0  BD-REP,sw,2,grp,16,gnm,P16_P31,pin,20,ovl,SELF,rep,21,cog,NONE,cogst,NONE,clr,CLR,sum,0,sumtix,100_048,vrd,REVA,iter,1,fltix,472,bnc,0,exit,LOW,pre,$00A0,post,$00A0
[2026-09-15T14:32:40.344] Cog0  BD-REP,sw,2,grp,16,gnm,P16_P31,pin,20,ovl,SELF,rep,22,cog,NONE,cogst,NONE,clr,CLR,sum,0,sumtix,100_048,vrd,REVA,iter,1,fltix,472,bnc,0,exit,LOW,pre,$00A0,post,$00A0
[2026-09-15T14:32:40.346] Cog0  BD-REP,sw,2,grp,16,gnm,P16_P31,pin,20,ovl,SELF,rep,23,cog,NONE,cogst,NONE,clr,CLR,sum,0,sumtix,100_048,vrd,REVA,iter,1,fltix,472,bnc,0,exit,LOW,pre,$00A0,post,$00A0
[2026-09-15T14:32:40.348] Cog0  BD-REP,sw,2,grp,16,gnm,P16_P31,pin,20,ovl,SELF,rep,24,cog,NONE,cogst,NONE,clr,CLR,sum,0,sumtix,100_048,vrd,REVA,iter,1,fltix,472,bnc,0,exit,LOW,pre,$00A0,post,$00A0
[2026-09-15T14:32:40.350] Cog0  BD-REP,sw,2,grp,16,gnm,P16_P31,pin,20,ovl,SELF,rep,25,cog,NONE,cogst,NONE,clr,CLR,sum,0,sumtix,100_048,vrd,REVA,iter,1,fltix,472,bnc,0,exit,LOW,pre,$00A0,post,$00A0
[2026-09-15T14:32:40.351] Cog0  BD-REP,sw,2,grp,16,gnm,P16_P31,pin,20,ovl,SELF,rep,26,cog,NONE,cogst,NONE,clr,CLR,sum,0,sumtix,100_048,vrd,REVA,iter,1,fltix,472,bnc,0,exit,LOW,pre,$00A0,post,$00A0
[2026-09-15T14:32:40.353] Cog0  BD-REP,sw,2,grp,16,gnm,P16_P31,pin,20,ovl,SELF,rep,27,cog,NONE,cogst,NONE,clr,CLR,sum,0,sumtix,100_048,vrd,REVA,iter,1,fltix,472,bnc,0,exit,LOW,pre,$00A0,post,$00A0
[2026-09-15T14:32:40.355] Cog0  BD-REP,sw,2,grp,16,gnm,P16_P31,pin,20,ovl,SELF,rep,28,cog,NONE,cogst,NONE,clr,CLR,sum,0,sumtix,100_048,vrd,REVA,iter,1,fltix,472,bnc,0,exit,LOW,pre,$00A0,post,$00A0
[2026-09-15T14:32:40.357] Cog0  BD-REP,sw,2,grp,16,gnm,P16_P31,pin,20,ovl,SELF,rep,29,cog,NONE,cogst,NONE,clr,CLR,sum,0,sumtix,100_048,vrd,REVA,iter,1,fltix,472,bnc,0,exit,LOW,pre,$00A0,post,$00A0
[2026-09-15T14:32:40.359] Cog0  BD-REP,sw,2,grp,16,gnm,P16_P31,pin,20,ovl,SELF,rep,30,cog,NONE,cogst,NONE,clr,CLR,sum,0,sumtix,100_048,vrd,REVA,iter,1,fltix,472,bnc,0,exit,LOW,pre,$00A0,post,$00A0
[2026-09-15T14:32:40.360] Cog0  BD-REP,sw,2,grp,16,gnm,P16_P31,pin,20,ovl,SELF,rep,31,cog,NONE,cogst,NONE,clr,CLR,sum,0,sumtix,100_048,vrd,REVA,iter,1,fltix,472,bnc,0,exit,LOW,pre,$00A0,post,$00A0
[2026-09-15T14:32:40.361] Cog0  BD-REP,sw,2,grp,16,gnm,P16_P31,pin,20,ovl,SELF,rep,32,cog,NONE,cogst,NONE,clr,CLR,sum,0,sumtix,100_048,vrd,REVA,iter,1,fltix,472,bnc,0,exit,LOW,pre,$00A0,post,$00A0
[2026-09-15T14:32:40.363] Cog0  BD-LIB,sw,2,grp,16,mark,begin
[2026-09-15T14:32:40.363] Cog0  --- pinSum = 0, 64010 Rev A, highTimeUs = 0
[2026-09-15T14:32:40.363] Cog0  MOT: fwdDegrees = 43, offset_fwd = $1E93_E93E
[2026-09-15T14:32:40.363] Cog0       revDegrees = 317, offset_rev = $E16C_16C1
[2026-09-15T14:32:40.364] Cog0   - Calc FRAME: frame_cnt = 6_136
[2026-09-15T14:32:40.364] Cog0  * init values dead_gap = 70, pwm_limit = 3_033, adc_fram = 6_136, duty_min = 1_600, duty_max = 24_264
[2026-09-15T14:32:40.365] Cog0  *      values duty_up = 18, duty_dn = 4, cfg_ctcks = 135_000
[2026-09-15T14:32:40.365] Cog0  *VAL* legalVoltage = 6
[2026-09-15T14:32:40.365] Cog0  * ENTRY CFG selectedPower = 6
[2026-09-15T14:32:40.367] Cog0  * EXIT 2 CFG eUserSelectedVolts = 6 maxFwdIncreAtPwr = 147_000_000 minFwdIncreAtPwr = 544_628
[2026-09-15T14:32:40.367] Cog0  --- pinSum = 0, 64010 Rev A, highTimeUs = 0
[2026-09-15T14:32:40.369] Cog0  BD-LIB,sw,2,grp,16,mark,end,libvrd,REVA,trapped,0
[2026-09-15T14:32:40.385] Cog0  BD-CELL,sw,2,grp,16,gnm,P16_P31,cog,NONE,cogst,NONE,clr,CLR,n,32,sum_min,0,sum_max,0,sum_mean,0,va,32,vb,0,vn,0,modal,REVA,fl_min,1,fl_max,1,fl_never,0,bnc_max,0,libvrd,REVA,agree,1
[2026-09-15T14:32:40.451] Cog0  BD-REP,sw,2,grp,32,gnm,P32_P47,pin,36,ovl,SELF,rep,1,cog,NONE,cogst,NONE,clr,CLR,sum,0,sumtix,100_048,vrd,REVA,iter,1,fltix,472,bnc,0,exit,LOW,pre,$0060,post,$0060
[2026-09-15T14:32:40.453] Cog0  BD-REP,sw,2,grp,32,gnm,P32_P47,pin,36,ovl,SELF,rep,2,cog,NONE,cogst,NONE,clr,CLR,sum,0,sumtix,100_048,vrd,REVA,iter,1,fltix,472,bnc,0,exit,LOW,pre,$0060,post,$0060
[2026-09-15T14:32:40.455] Cog0  BD-REP,sw,2,grp,32,gnm,P32_P47,pin,36,ovl,SELF,rep,3,cog,NONE,cogst,NONE,clr,CLR,sum,0,sumtix,100_048,vrd,REVA,iter,1,fltix,472,bnc,0,exit,LOW,pre,$0060,post,$0060
[2026-09-15T14:32:40.457] Cog0  BD-REP,sw,2,grp,32,gnm,P32_P47,pin,36,ovl,SELF,rep,4,cog,NONE,cogst,NONE,clr,CLR,sum,0,sumtix,100_048,vrd,REVA,iter,1,fltix,472,bnc,0,exit,LOW,pre,$0060,post,$0060
[2026-09-15T14:32:40.458] Cog0  BD-REP,sw,2,grp,32,gnm,P32_P47,pin,36,ovl,SELF,rep,5,cog,NONE,cogst,NONE,clr,CLR,sum,0,sumtix,100_048,vrd,REVA,iter,1,fltix,472,bnc,0,exit,LOW,pre,$0060,post,$0060
[2026-09-15T14:32:40.460] Cog0  BD-REP,sw,2,grp,32,gnm,P32_P47,pin,36,ovl,SELF,rep,6,cog,NONE,cogst,NONE,clr,CLR,sum,0,sumtix,100_048,vrd,REVA,iter,1,fltix,472,bnc,0,exit,LOW,pre,$0060,post,$0060
[2026-09-15T14:32:40.462] Cog0  BD-REP,sw,2,grp,32,gnm,P32_P47,pin,36,ovl,SELF,rep,7,cog,NONE,cogst,NONE,clr,CLR,sum,0,sumtix,100_048,vrd,REVA,iter,1,fltix,472,bnc,0,exit,LOW,pre,$0060,post,$0060
[2026-09-15T14:32:40.464] Cog0  BD-REP,sw,2,grp,32,gnm,P32_P47,pin,36,ovl,SELF,rep,8,cog,NONE,cogst,NONE,clr,CLR,sum,0,sumtix,100_048,vrd,REVA,iter,1,fltix,472,bnc,0,exit,LOW,pre,$0060,post,$0060
[2026-09-15T14:32:40.465] Cog0  BD-REP,sw,2,grp,32,gnm,P32_P47,pin,36,ovl,SELF,rep,9,cog,NONE,cogst,NONE,clr,CLR,sum,0,sumtix,100_048,vrd,REVA,iter,1,fltix,472,bnc,0,exit,LOW,pre,$0060,post,$0060
[2026-09-15T14:32:40.467] Cog0  BD-REP,sw,2,grp,32,gnm,P32_P47,pin,36,ovl,SELF,rep,10,cog,NONE,cogst,NONE,clr,CLR,sum,0,sumtix,100_048,vrd,REVA,iter,1,fltix,472,bnc,0,exit,LOW,pre,$0060,post,$0060
[2026-09-15T14:32:40.469] Cog0  BD-REP,sw,2,grp,32,gnm,P32_P47,pin,36,ovl,SELF,rep,11,cog,NONE,cogst,NONE,clr,CLR,sum,0,sumtix,100_048,vrd,REVA,iter,1,fltix,472,bnc,0,exit,LOW,pre,$0060,post,$0060
[2026-09-15T14:32:40.471] Cog0  BD-REP,sw,2,grp,32,gnm,P32_P47,pin,36,ovl,SELF,rep,12,cog,NONE,cogst,NONE,clr,CLR,sum,0,sumtix,100_048,vrd,REVA,iter,1,fltix,472,bnc,0,exit,LOW,pre,$0060,post,$0060
[2026-09-15T14:32:40.472] Cog0  BD-REP,sw,2,grp,32,gnm,P32_P47,pin,36,ovl,SELF,rep,13,cog,NONE,cogst,NONE,clr,CLR,sum,0,sumtix,100_048,vrd,REVA,iter,1,fltix,472,bnc,0,exit,LOW,pre,$0060,post,$0060
[2026-09-15T14:32:40.474] Cog0  BD-REP,sw,2,grp,32,gnm,P32_P47,pin,36,ovl,SELF,rep,14,cog,NONE,cogst,NONE,clr,CLR,sum,0,sumtix,100_048,vrd,REVA,iter,1,fltix,472,bnc,0,exit,LOW,pre,$0060,post,$0060
[2026-09-15T14:32:40.476] Cog0  BD-REP,sw,2,grp,32,gnm,P32_P47,pin,36,ovl,SELF,rep,15,cog,NONE,cogst,NONE,clr,CLR,sum,0,sumtix,100_048,vrd,REVA,iter,1,fltix,472,bnc,0,exit,LOW,pre,$0060,post,$0060
[2026-09-15T14:32:40.478] Cog0  BD-REP,sw,2,grp,32,gnm,P32_P47,pin,36,ovl,SELF,rep,16,cog,NONE,cogst,NONE,clr,CLR,sum,0,sumtix,100_048,vrd,REVA,iter,1,fltix,472,bnc,0,exit,LOW,pre,$0060,post,$0060
[2026-09-15T14:32:40.479] Cog0  BD-REP,sw,2,grp,32,gnm,P32_P47,pin,36,ovl,SELF,rep,17,cog,NONE,cogst,NONE,clr,CLR,sum,0,sumtix,100_048,vrd,REVA,iter,1,fltix,472,bnc,0,exit,LOW,pre,$0060,post,$0060
[2026-09-15T14:32:40.481] Cog0  BD-REP,sw,2,grp,32,gnm,P32_P47,pin,36,ovl,SELF,rep,18,cog,NONE,cogst,NONE,clr,CLR,sum,0,sumtix,100_048,vrd,REVA,iter,1,fltix,472,bnc,0,exit,LOW,pre,$0060,post,$0060
[2026-09-15T14:32:40.483] Cog0  BD-REP,sw,2,grp,32,gnm,P32_P47,pin,36,ovl,SELF,rep,19,cog,NONE,cogst,NONE,clr,CLR,sum,0,sumtix,100_048,vrd,REVA,iter,1,fltix,472,bnc,0,exit,LOW,pre,$0060,post,$0060
[2026-09-15T14:32:40.485] Cog0  BD-REP,sw,2,grp,32,gnm,P32_P47,pin,36,ovl,SELF,rep,20,cog,NONE,cogst,NONE,clr,CLR,sum,0,sumtix,100_048,vrd,REVA,iter,1,fltix,472,bnc,0,exit,LOW,pre,$0060,post,$0060
[2026-09-15T14:32:40.487] Cog0  BD-REP,sw,2,grp,32,gnm,P32_P47,pin,36,ovl,SELF,rep,21,cog,NONE,cogst,NONE,clr,CLR,sum,0,sumtix,100_048,vrd,REVA,iter,1,fltix,472,bnc,0,exit,LOW,pre,$0060,post,$0060
[2026-09-15T14:32:40.488] Cog0  BD-REP,sw,2,grp,32,gnm,P32_P47,pin,36,ovl,SELF,rep,22,cog,NONE,cogst,NONE,clr,CLR,sum,0,sumtix,100_048,vrd,REVA,iter,1,fltix,472,bnc,0,exit,LOW,pre,$0060,post,$0060
[2026-09-15T14:32:40.490] Cog0  BD-REP,sw,2,grp,32,gnm,P32_P47,pin,36,ovl,SELF,rep,23,cog,NONE,cogst,NONE,clr,CLR,sum,0,sumtix,100_048,vrd,REVA,iter,1,fltix,472,bnc,0,exit,LOW,pre,$0060,post,$0060
[2026-09-15T14:32:40.492] Cog0  BD-REP,sw,2,grp,32,gnm,P32_P47,pin,36,ovl,SELF,rep,24,cog,NONE,cogst,NONE,clr,CLR,sum,0,sumtix,100_048,vrd,REVA,iter,1,fltix,472,bnc,0,exit,LOW,pre,$0060,post,$0060
[2026-09-15T14:32:40.494] Cog0  BD-REP,sw,2,grp,32,gnm,P32_P47,pin,36,ovl,SELF,rep,25,cog,NONE,cogst,NONE,clr,CLR,sum,0,sumtix,100_048,vrd,REVA,iter,1,fltix,472,bnc,0,exit,LOW,pre,$0060,post,$0060
[2026-09-15T14:32:40.495] Cog0  BD-REP,sw,2,grp,32,gnm,P32_P47,pin,36,ovl,SELF,rep,26,cog,NONE,cogst,NONE,clr,CLR,sum,0,sumtix,100_048,vrd,REVA,iter,1,fltix,472,bnc,0,exit,LOW,pre,$0060,post,$0060
[2026-09-15T14:32:40.497] Cog0  BD-REP,sw,2,grp,32,gnm,P32_P47,pin,36,ovl,SELF,rep,27,cog,NONE,cogst,NONE,clr,CLR,sum,0,sumtix,100_048,vrd,REVA,iter,1,fltix,472,bnc,0,exit,LOW,pre,$0060,post,$0060
[2026-09-15T14:32:40.499] Cog0  BD-REP,sw,2,grp,32,gnm,P32_P47,pin,36,ovl,SELF,rep,28,cog,NONE,cogst,NONE,clr,CLR,sum,0,sumtix,100_048,vrd,REVA,iter,1,fltix,472,bnc,0,exit,LOW,pre,$0060,post,$0060
[2026-09-15T14:32:40.501] Cog0  BD-REP,sw,2,grp,32,gnm,P32_P47,pin,36,ovl,SELF,rep,29,cog,NONE,cogst,NONE,clr,CLR,sum,0,sumtix,100_048,vrd,REVA,iter,1,fltix,472,bnc,0,exit,LOW,pre,$0060,post,$0060
[2026-09-15T14:32:40.503] Cog0  BD-REP,sw,2,grp,32,gnm,P32_P47,pin,36,ovl,SELF,rep,30,cog,NONE,cogst,NONE,clr,CLR,sum,0,sumtix,100_048,vrd,REVA,iter,1,fltix,472,bnc,0,exit,LOW,pre,$0060,post,$0060
[2026-09-15T14:32:40.504] Cog0  BD-REP,sw,2,grp,32,gnm,P32_P47,pin,36,ovl,SELF,rep,31,cog,NONE,cogst,NONE,clr,CLR,sum,0,sumtix,100_048,vrd,REVA,iter,1,fltix,472,bnc,0,exit,LOW,pre,$0060,post,$0060
[2026-09-15T14:32:40.505] Cog0  BD-REP,sw,2,grp,32,gnm,P32_P47,pin,36,ovl,SELF,rep,32,cog,NONE,cogst,NONE,clr,CLR,sum,0,sumtix,100_048,vrd,REVA,iter,1,fltix,472,bnc,0,exit,LOW,pre,$0060,post,$0060
[2026-09-15T14:32:40.507] Cog0  BD-LIB,sw,2,grp,32,mark,begin
[2026-09-15T14:32:40.507] Cog0  --- pinSum = 0, 64010 Rev A, highTimeUs = 0
[2026-09-15T14:32:40.507] Cog0  MOT: fwdDegrees = 43, offset_fwd = $1E93_E93E
[2026-09-15T14:32:40.508] Cog0       revDegrees = 317, offset_rev = $E16C_16C1
[2026-09-15T14:32:40.508] Cog0   - Calc FRAME: frame_cnt = 6_136
[2026-09-15T14:32:40.509] Cog0  * init values dead_gap = 70, pwm_limit = 3_033, adc_fram = 6_136, duty_min = 1_600, duty_max = 24_264
[2026-09-15T14:32:40.509] Cog0  *      values duty_up = 18, duty_dn = 4, cfg_ctcks = 135_000
[2026-09-15T14:32:40.509] Cog0  *VAL* legalVoltage = 6
[2026-09-15T14:32:40.509] Cog0  * ENTRY CFG selectedPower = 6
[2026-09-15T14:32:40.511] Cog0  * EXIT 2 CFG eUserSelectedVolts = 6 maxFwdIncreAtPwr = 147_000_000 minFwdIncreAtPwr = 544_628
[2026-09-15T14:32:40.512] Cog0  --- pinSum = 0, 64010 Rev A, highTimeUs = 0
[2026-09-15T14:32:40.513] Cog0  BD-LIB,sw,2,grp,32,mark,end,libvrd,REVA,trapped,0
[2026-09-15T14:32:40.515] Cog0  BD-CELL,sw,2,grp,32,gnm,P32_P47,cog,NONE,cogst,NONE,clr,CLR,n,32,sum_min,0,sum_max,0,sum_mean,0,va,32,vb,0,vn,0,modal,REVA,fl_min,1,fl_max,1,fl_never,0,bnc_max,0,libvrd,REVA,agree,1
[2026-09-15T14:32:40.531] Cog0  BD-SKIPPED,sw,2,grp,40,gnm,P40_P55,pin,44,ovl,LEFT+12_PWM_W_L,cog,NONE,cogst,NONE,clr,CLR,n,32,reason,GATE_OVERLAP
[2026-09-15T14:32:40.691] Cog0  BD-REP,sw,2,grp,8,gnm,P8_P23,pin,12,ovl,NONE,rep,1,cog,NONE,cogst,NONE,clr,CLR,sum,500,sumtix,100_048,vrd,NODET,iter,NEVER,fltix,NEVER,bnc,NOMEAS,exit,MAXED,pre,$A0FC,post,$A0FC
[2026-09-15T14:32:40.693] Cog0  BD-REP,sw,2,grp,8,gnm,P8_P23,pin,12,ovl,NONE,rep,2,cog,NONE,cogst,NONE,clr,CLR,sum,500,sumtix,100_048,vrd,NODET,iter,NEVER,fltix,NEVER,bnc,NOMEAS,exit,MAXED,pre,$A0FC,post,$A0FC
[2026-09-15T14:32:40.695] Cog0  BD-REP,sw,2,grp,8,gnm,P8_P23,pin,12,ovl,NONE,rep,3,cog,NONE,cogst,NONE,clr,CLR,sum,500,sumtix,100_048,vrd,NODET,iter,NEVER,fltix,NEVER,bnc,NOMEAS,exit,MAXED,pre,$A0FC,post,$A0FC
[2026-09-15T14:32:40.697] Cog0  BD-REP,sw,2,grp,8,gnm,P8_P23,pin,12,ovl,NONE,rep,4,cog,NONE,cogst,NONE,clr,CLR,sum,500,sumtix,100_048,vrd,NODET,iter,NEVER,fltix,NEVER,bnc,NOMEAS,exit,MAXED,pre,$A0FC,post,$A0FC
[2026-09-15T14:32:40.699] Cog0  BD-REP,sw,2,grp,8,gnm,P8_P23,pin,12,ovl,NONE,rep,5,cog,NONE,cogst,NONE,clr,CLR,sum,500,sumtix,100_048,vrd,NODET,iter,NEVER,fltix,NEVER,bnc,NOMEAS,exit,MAXED,pre,$A0FC,post,$A0FC
[2026-09-15T14:32:40.701] Cog0  BD-REP,sw,2,grp,8,gnm,P8_P23,pin,12,ovl,NONE,rep,6,cog,NONE,cogst,NONE,clr,CLR,sum,500,sumtix,100_048,vrd,NODET,iter,NEVER,fltix,NEVER,bnc,NOMEAS,exit,MAXED,pre,$A0FC,post,$A0FC
[2026-09-15T14:32:40.703] Cog0  BD-REP,sw,2,grp,8,gnm,P8_P23,pin,12,ovl,NONE,rep,7,cog,NONE,cogst,NONE,clr,CLR,sum,500,sumtix,100_048,vrd,NODET,iter,NEVER,fltix,NEVER,bnc,NOMEAS,exit,MAXED,pre,$A0FC,post,$A0FC
[2026-09-15T14:32:40.704] Cog0  BD-REP,sw,2,grp,8,gnm,P8_P23,pin,12,ovl,NONE,rep,8,cog,NONE,cogst,NONE,clr,CLR,sum,500,sumtix,100_048,vrd,NODET,iter,NEVER,fltix,NEVER,bnc,NOMEAS,exit,MAXED,pre,$A0FC,post,$A0FC
[2026-09-15T14:32:40.706] Cog0  BD-REP,sw,2,grp,8,gnm,P8_P23,pin,12,ovl,NONE,rep,9,cog,NONE,cogst,NONE,clr,CLR,sum,500,sumtix,100_048,vrd,NODET,iter,NEVER,fltix,NEVER,bnc,NOMEAS,exit,MAXED,pre,$A0FC,post,$A0FC
[2026-09-15T14:32:40.708] Cog0  BD-REP,sw,2,grp,8,gnm,P8_P23,pin,12,ovl,NONE,rep,10,cog,NONE,cogst,NONE,clr,CLR,sum,500,sumtix,100_048,vrd,NODET,iter,NEVER,fltix,NEVER,bnc,NOMEAS,exit,MAXED,pre,$A0FC,post,$A0FC
[2026-09-15T14:32:40.710] Cog0  BD-REP,sw,2,grp,8,gnm,P8_P23,pin,12,ovl,NONE,rep,11,cog,NONE,cogst,NONE,clr,CLR,sum,500,sumtix,100_048,vrd,NODET,iter,NEVER,fltix,NEVER,bnc,NOMEAS,exit,MAXED,pre,$A0FC,post,$A0FC
[2026-09-15T14:32:40.712] Cog0  BD-REP,sw,2,grp,8,gnm,P8_P23,pin,12,ovl,NONE,rep,12,cog,NONE,cogst,NONE,clr,CLR,sum,500,sumtix,100_048,vrd,NODET,iter,NEVER,fltix,NEVER,bnc,NOMEAS,exit,MAXED,pre,$A0FC,post,$A0FC
[2026-09-15T14:32:40.714] Cog0  BD-REP,sw,2,grp,8,gnm,P8_P23,pin,12,ovl,NONE,rep,13,cog,NONE,cogst,NONE,clr,CLR,sum,500,sumtix,100_048,vrd,NODET,iter,NEVER,fltix,NEVER,bnc,NOMEAS,exit,MAXED,pre,$A0FC,post,$A0FC
[2026-09-15T14:32:40.716] Cog0  BD-REP,sw,2,grp,8,gnm,P8_P23,pin,12,ovl,NONE,rep,14,cog,NONE,cogst,NONE,clr,CLR,sum,500,sumtix,100_048,vrd,NODET,iter,NEVER,fltix,NEVER,bnc,NOMEAS,exit,MAXED,pre,$A0FC,post,$A0FC
[2026-09-15T14:32:40.718] Cog0  BD-REP,sw,2,grp,8,gnm,P8_P23,pin,12,ovl,NONE,rep,15,cog,NONE,cogst,NONE,clr,CLR,sum,500,sumtix,100_048,vrd,NODET,iter,NEVER,fltix,NEVER,bnc,NOMEAS,exit,MAXED,pre,$A0FC,post,$A0FC
[2026-09-15T14:32:40.720] Cog0  BD-REP,sw,2,grp,8,gnm,P8_P23,pin,12,ovl,NONE,rep,16,cog,NONE,cogst,NONE,clr,CLR,sum,500,sumtix,100_048,vrd,NODET,iter,NEVER,fltix,NEVER,bnc,NOMEAS,exit,MAXED,pre,$A0FC,post,$A0FC
[2026-09-15T14:32:40.722] Cog0  BD-REP,sw,2,grp,8,gnm,P8_P23,pin,12,ovl,NONE,rep,17,cog,NONE,cogst,NONE,clr,CLR,sum,500,sumtix,100_048,vrd,NODET,iter,NEVER,fltix,NEVER,bnc,NOMEAS,exit,MAXED,pre,$A0FC,post,$A0FC
[2026-09-15T14:32:40.723] Cog0  BD-REP,sw,2,grp,8,gnm,P8_P23,pin,12,ovl,NONE,rep,18,cog,NONE,cogst,NONE,clr,CLR,sum,500,sumtix,100_048,vrd,NODET,iter,NEVER,fltix,NEVER,bnc,NOMEAS,exit,MAXED,pre,$A0FC,post,$A0FC
[2026-09-15T14:32:40.725] Cog0  BD-REP,sw,2,grp,8,gnm,P8_P23,pin,12,ovl,NONE,rep,19,cog,NONE,cogst,NONE,clr,CLR,sum,500,sumtix,100_048,vrd,NODET,iter,NEVER,fltix,NEVER,bnc,NOMEAS,exit,MAXED,pre,$A0FC,post,$A0FC
[2026-09-15T14:32:40.727] Cog0  BD-REP,sw,2,grp,8,gnm,P8_P23,pin,12,ovl,NONE,rep,20,cog,NONE,cogst,NONE,clr,CLR,sum,500,sumtix,100_048,vrd,NODET,iter,NEVER,fltix,NEVER,bnc,NOMEAS,exit,MAXED,pre,$A0FC,post,$A0FC
[2026-09-15T14:32:40.729] Cog0  BD-REP,sw,2,grp,8,gnm,P8_P23,pin,12,ovl,NONE,rep,21,cog,NONE,cogst,NONE,clr,CLR,sum,500,sumtix,100_048,vrd,NODET,iter,NEVER,fltix,NEVER,bnc,NOMEAS,exit,MAXED,pre,$A0FC,post,$A0FC
[2026-09-15T14:32:40.731] Cog0  BD-REP,sw,2,grp,8,gnm,P8_P23,pin,12,ovl,NONE,rep,22,cog,NONE,cogst,NONE,clr,CLR,sum,500,sumtix,100_048,vrd,NODET,iter,NEVER,fltix,NEVER,bnc,NOMEAS,exit,MAXED,pre,$A0FC,post,$A0FC
[2026-09-15T14:32:40.733] Cog0  BD-REP,sw,2,grp,8,gnm,P8_P23,pin,12,ovl,NONE,rep,23,cog,NONE,cogst,NONE,clr,CLR,sum,500,sumtix,100_048,vrd,NODET,iter,NEVER,fltix,NEVER,bnc,NOMEAS,exit,MAXED,pre,$A0FC,post,$A0FC
[2026-09-15T14:32:40.735] Cog0  BD-REP,sw,2,grp,8,gnm,P8_P23,pin,12,ovl,NONE,rep,24,cog,NONE,cogst,NONE,clr,CLR,sum,500,sumtix,100_048,vrd,NODET,iter,NEVER,fltix,NEVER,bnc,NOMEAS,exit,MAXED,pre,$A0FC,post,$A0FC
[2026-09-15T14:32:40.737] Cog0  BD-REP,sw,2,grp,8,gnm,P8_P23,pin,12,ovl,NONE,rep,25,cog,NONE,cogst,NONE,clr,CLR,sum,500,sumtix,100_048,vrd,NODET,iter,NEVER,fltix,NEVER,bnc,NOMEAS,exit,MAXED,pre,$A0FC,post,$A0FC
[2026-09-15T14:32:40.739] Cog0  BD-REP,sw,2,grp,8,gnm,P8_P23,pin,12,ovl,NONE,rep,26,cog,NONE,cogst,NONE,clr,CLR,sum,500,sumtix,100_048,vrd,NODET,iter,NEVER,fltix,NEVER,bnc,NOMEAS,exit,MAXED,pre,$A0FC,post,$A0FC
[2026-09-15T14:32:40.741] Cog0  BD-REP,sw,2,grp,8,gnm,P8_P23,pin,12,ovl,NONE,rep,27,cog,NONE,cogst,NONE,clr,CLR,sum,500,sumtix,100_048,vrd,NODET,iter,NEVER,fltix,NEVER,bnc,NOMEAS,exit,MAXED,pre,$A0FC,post,$A0FC
[2026-09-15T14:32:40.743] Cog0  BD-REP,sw,2,grp,8,gnm,P8_P23,pin,12,ovl,NONE,rep,28,cog,NONE,cogst,NONE,clr,CLR,sum,500,sumtix,100_048,vrd,NODET,iter,NEVER,fltix,NEVER,bnc,NOMEAS,exit,MAXED,pre,$A0FC,post,$A0FC
[2026-09-15T14:32:40.744] Cog0  BD-REP,sw,2,grp,8,gnm,P8_P23,pin,12,ovl,NONE,rep,29,cog,NONE,cogst,NONE,clr,CLR,sum,500,sumtix,100_048,vrd,NODET,iter,NEVER,fltix,NEVER,bnc,NOMEAS,exit,MAXED,pre,$A0FC,post,$A0FC
[2026-09-15T14:32:40.746] Cog0  BD-REP,sw,2,grp,8,gnm,P8_P23,pin,12,ovl,NONE,rep,30,cog,NONE,cogst,NONE,clr,CLR,sum,500,sumtix,100_048,vrd,NODET,iter,NEVER,fltix,NEVER,bnc,NOMEAS,exit,MAXED,pre,$A0FC,post,$A0FC
[2026-09-15T14:32:40.748] Cog0  BD-REP,sw,2,grp,8,gnm,P8_P23,pin,12,ovl,NONE,rep,31,cog,NONE,cogst,NONE,clr,CLR,sum,500,sumtix,100_048,vrd,NODET,iter,NEVER,fltix,NEVER,bnc,NOMEAS,exit,MAXED,pre,$A0FC,post,$A0FC
[2026-09-15T14:32:40.749] Cog0  BD-REP,sw,2,grp,8,gnm,P8_P23,pin,12,ovl,NONE,rep,32,cog,NONE,cogst,NONE,clr,CLR,sum,500,sumtix,100_048,vrd,NODET,iter,NEVER,fltix,NEVER,bnc,NOMEAS,exit,MAXED,pre,$A0FC,post,$A0FC
[2026-09-15T14:32:40.751] Cog0  BD-LIB,sw,2,grp,8,mark,begin
[2026-09-15T14:32:40.751] Cog0  --- pinSum = 500, Board not detected!, highTimeUs = 370
[2026-09-15T14:32:40.752] Cog0  MOT: fwdDegrees = 43, offset_fwd = $1E93_E93E
[2026-09-15T14:32:40.752] Cog0       revDegrees = 317, offset_rev = $E16C_16C1
[2026-09-15T14:32:40.752] Cog0   - Calc FRAME: frame_cnt = 6_136
[2026-09-15T14:32:40.753] Cog0  * init values dead_gap = 70, pwm_limit = 3_033, adc_fram = 6_136, duty_min = 1_600, duty_max = 24_264
[2026-09-15T14:32:40.753] Cog0  *      values duty_up = 18, duty_dn = 4, cfg_ctcks = 135_000
[2026-09-15T14:32:40.753] Cog0  *VAL* legalVoltage = 6
[2026-09-15T14:32:40.753] Cog0  * ENTRY CFG selectedPower = 6
[2026-09-15T14:32:40.755] Cog0  * EXIT 2 CFG eUserSelectedVolts = 6 maxFwdIncreAtPwr = 147_000_000 minFwdIncreAtPwr = 544_628
[2026-09-15T14:32:40.756] Cog0  --- pinSum = 500, Board not detected!, highTimeUs = 370
[2026-09-15T14:32:40.758] Cog0  BD-LIB,sw,2,grp,8,mark,end,libvrd,NODET,trapped,0
[2026-09-15T14:32:40.759] Cog0  BD-CELL,sw,2,grp,8,gnm,P8_P23,cog,NONE,cogst,NONE,clr,CLR,n,32,sum_min,500,sum_max,500,sum_mean,500,va,0,vb,0,vn,32,modal,NODET,fl_min,NEVER,fl_max,NEVER,fl_never,32,bnc_max,NOMEAS,libvrd,NODET,agree,1
[2026-09-15T14:32:40.760] Cog0  BD-SKIPPED,sw,2,grp,24,gnm,NO_USE_P24_P39,pin,28,ovl,RIGHT+12_PWM_W_L,cog,NONE,cogst,NONE,clr,CLR,n,32,reason,GATE_OVERLAP
[2026-09-15T14:32:40.761] Cog0  BD-SWEEP,sw,2,mark,end,cells,4,skipped,2,reps,128
[2026-09-15T14:32:40.762] Cog0  BD-CAL,idx,2,iter,500,tix,204_064,tix_per_iter,408
[2026-09-15T14:32:40.762] Cog0  BD-PHASE,n,1,mark,end,recs,256,reason,NA
[2026-09-15T14:32:40.763] Cog0  BD-PHASE,n,2,mark,begin,recs,NOMEAS,reason,NA
[2026-09-15T14:32:40.764] Cog0  BD-PH2,grp,0,step,pre,detmode,BRD_REV_B,start_ret,NOMEAS,motorcog,NOMEAS,pins,$FCFF
[2026-09-15T14:32:40.765] Cog0  BD-PH2,grp,0,step,starting,detmode,BRD_REV_B,start_ret,NOMEAS,motorcog,NOMEAS,pins,$FCFF
[2026-09-15T14:32:40.765] Cog0  MOT: fwdDegrees = 43, offset_fwd = $1E93_E93E
[2026-09-15T14:32:40.765] Cog0       revDegrees = 317, offset_rev = $E16C_16C1
[2026-09-15T14:32:40.765] Cog0   - Calc FRAME: frame_cnt = 6_136
[2026-09-15T14:32:40.766] Cog0  * init values dead_gap = 70, pwm_limit = 3_033, adc_fram = 6_136, duty_min = 1_600, duty_max = 24_264
[2026-09-15T14:32:40.766] Cog0  *      values duty_up = 18, duty_dn = 4, cfg_ctcks = 135_000
[2026-09-15T14:32:40.767] Cog0  *VAL* legalVoltage = 6
[2026-09-15T14:32:40.767] Cog0  * ENTRY CFG selectedPower = 6
[2026-09-15T14:32:40.767] Cog0  * EXIT 2 CFG eUserSelectedVolts = 6 maxFwdIncreAtPwr = 147_000_000 minFwdIncreAtPwr = 544_628
[2026-09-15T14:32:40.768] Cog0  -MOT- inincr = 0 nTgtIncr = $0000_0000 0 sync = 0
[2026-09-15T14:32:40.768] Cog0  * Motor COG #1
[2026-09-15T14:32:40.768] Cog1  INIT $0000_456E $0000_680B load
[2026-09-15T14:32:40.784] Cog0  BD-PH2,grp,0,step,started,detmode,BRD_REV_B,start_ret,0,motorcog,2,pins,$C0E0
[2026-09-15T14:32:40.970] Cog0  BD-PH2,grp,0,step,running,detmode,BRD_REV_B,start_ret,NOMEAS,motorcog,NOMEAS,pins,$C0E8
[2026-09-15T14:32:40.985] Cog0  BD-SWEEP,sw,3,mark,begin,cells,NOMEAS,skipped,NOMEAS,reps,NOMEAS
[2026-09-15T14:32:40.992] Cog0  BD-REP,sw,3,grp,0,gnm,P0_P15,pin,4,ovl,NONE,rep,1,cog,P0_P15,cogst,RUNNING,clr,NOCLR,sum,2,sumtix,100_048,vrd,NODET,iter,1,fltix,480,bnc,0,exit,LOW,pre,$C0E8,post,$C0E8
[2026-09-15T14:32:40.994] Cog0  BD-REP,sw,3,grp,0,gnm,P0_P15,pin,4,ovl,NONE,rep,2,cog,P0_P15,cogst,RUNNING,clr,NOCLR,sum,3,sumtix,100_048,vrd,NODET,iter,1,fltix,480,bnc,1,exit,LOW,pre,$C0E8,post,$C0E8
[2026-09-15T14:32:40.996] Cog0  BD-REP,sw,3,grp,0,gnm,P0_P15,pin,4,ovl,NONE,rep,3,cog,P0_P15,cogst,RUNNING,clr,NOCLR,sum,3,sumtix,100_048,vrd,NODET,iter,1,fltix,480,bnc,0,exit,LOW,pre,$C0E8,post,$C0E8
[2026-09-15T14:32:40.998] Cog0  BD-REP,sw,3,grp,0,gnm,P0_P15,pin,4,ovl,NONE,rep,4,cog,P0_P15,cogst,RUNNING,clr,NOCLR,sum,3,sumtix,100_048,vrd,NODET,iter,1,fltix,480,bnc,0,exit,LOW,pre,$C0E8,post,$C0E8
[2026-09-15T14:32:41.000] Cog0  BD-REP,sw,3,grp,0,gnm,P0_P15,pin,4,ovl,NONE,rep,5,cog,P0_P15,cogst,RUNNING,clr,NOCLR,sum,3,sumtix,100_048,vrd,NODET,iter,1,fltix,480,bnc,1,exit,LOW,pre,$C0E8,post,$C0E8
[2026-09-15T14:32:41.002] Cog0  BD-REP,sw,3,grp,0,gnm,P0_P15,pin,4,ovl,NONE,rep,6,cog,P0_P15,cogst,RUNNING,clr,NOCLR,sum,2,sumtix,100_048,vrd,NODET,iter,1,fltix,480,bnc,0,exit,LOW,pre,$C0E8,post,$C0E8
[2026-09-15T14:32:41.003] Cog0  BD-REP,sw,3,grp,0,gnm,P0_P15,pin,4,ovl,NONE,rep,7,cog,P0_P15,cogst,RUNNING,clr,NOCLR,sum,1,sumtix,100_048,vrd,NODET,iter,1,fltix,480,bnc,3,exit,LOW,pre,$C0E8,post,$C0E8
[2026-09-15T14:32:41.004] Cog0  BD-REP,sw,3,grp,0,gnm,P0_P15,pin,4,ovl,NONE,rep,8,cog,P0_P15,cogst,RUNNING,clr,NOCLR,sum,2,sumtix,100_048,vrd,NODET,iter,1,fltix,480,bnc,0,exit,LOW,pre,$C0E8,post,$C0E8
[2026-09-15T14:32:41.005] Cog0  BD-LIB,sw,3,grp,0,mark,begin
[2026-09-15T14:32:41.005] Cog0  BLDC: getBoardType() driver running, not measured; returning revision recorded at start 22
[2026-09-15T14:32:41.005] Cog0  MOT: fwdDegrees = 43, offset_fwd = $1E93_E93E
[2026-09-15T14:32:41.006] Cog0       revDegrees = 317, offset_rev = $E16C_16C1
[2026-09-15T14:32:41.006] Cog0   - Calc FRAME: frame_cnt = 6_136
[2026-09-15T14:32:41.006] Cog0  * init values dead_gap = 70, pwm_limit = 3_033, adc_fram = 6_136, duty_min = 1_600, duty_max = 24_264
[2026-09-15T14:32:41.007] Cog0  *      values duty_up = 18, duty_dn = 4, cfg_ctcks = 135_000
[2026-09-15T14:32:41.007] Cog0  *VAL* legalVoltage = 6
[2026-09-15T14:32:41.007] Cog0  * ENTRY CFG selectedPower = 6
[2026-09-15T14:32:41.008] Cog0  * EXIT 2 CFG eUserSelectedVolts = 6 maxFwdIncreAtPwr = 147_000_000 minFwdIncreAtPwr = 544_628
[2026-09-15T14:32:41.009] Cog0  BLDC: getBoardType() driver running, not measured; returning revision recorded at start 22
[2026-09-15T14:32:41.010] Cog0  BD-LIB,sw,3,grp,0,mark,end,libvrd,REVB,trapped,0
[2026-09-15T14:32:41.011] Cog0  BD-CELL,sw,3,grp,0,gnm,P0_P15,cog,P0_P15,cogst,RUNNING,clr,NOCLR,n,8,sum_min,1,sum_max,3,sum_mean,2,va,0,vb,0,vn,8,modal,NODET,fl_min,1,fl_max,1,fl_never,0,bnc_max,3,libvrd,REVB,agree,0
[2026-09-15T14:32:41.012] Cog0  BD-SWEEP,sw,3,mark,end,cells,1,skipped,0,reps,8
[2026-09-15T14:32:41.013] Cog0  BD-PH2,grp,0,step,stopping,detmode,BRD_REV_B,start_ret,NOMEAS,motorcog,NOMEAS,pins,$C0E8
[2026-09-15T14:32:41.014] Cog0  BD-PH2,grp,0,step,stopped,detmode,BRD_REV_B,start_ret,NOMEAS,motorcog,NOMEAS,pins,$D4FF
[2026-09-15T14:32:41.029] Cog0  BD-SWEEP,sw,4,mark,begin,cells,NOMEAS,skipped,NOMEAS,reps,NOMEAS
[2026-09-15T14:32:41.192] Cog0  BD-REP,sw,4,grp,0,gnm,P0_P15,pin,4,ovl,NONE,rep,1,cog,P0_P15,cogst,STOPPED,clr,NOCLR,sum,500,sumtix,100_056,vrd,NODET,iter,NEVER,fltix,NEVER,bnc,NOMEAS,exit,MAXED,pre,$D4FF,post,$D4FF
[2026-09-15T14:32:41.194] Cog0  BD-REP,sw,4,grp,0,gnm,P0_P15,pin,4,ovl,NONE,rep,2,cog,P0_P15,cogst,STOPPED,clr,NOCLR,sum,500,sumtix,100_056,vrd,NODET,iter,NEVER,fltix,NEVER,bnc,NOMEAS,exit,MAXED,pre,$D4FF,post,$D4FF
[2026-09-15T14:32:41.196] Cog0  BD-REP,sw,4,grp,0,gnm,P0_P15,pin,4,ovl,NONE,rep,3,cog,P0_P15,cogst,STOPPED,clr,NOCLR,sum,500,sumtix,100_056,vrd,NODET,iter,NEVER,fltix,NEVER,bnc,NOMEAS,exit,MAXED,pre,$D4FF,post,$D4FF
[2026-09-15T14:32:41.198] Cog0  BD-REP,sw,4,grp,0,gnm,P0_P15,pin,4,ovl,NONE,rep,4,cog,P0_P15,cogst,STOPPED,clr,NOCLR,sum,500,sumtix,100_056,vrd,NODET,iter,NEVER,fltix,NEVER,bnc,NOMEAS,exit,MAXED,pre,$D4FF,post,$D4FF
[2026-09-15T14:32:41.200] Cog0  BD-REP,sw,4,grp,0,gnm,P0_P15,pin,4,ovl,NONE,rep,5,cog,P0_P15,cogst,STOPPED,clr,NOCLR,sum,500,sumtix,100_056,vrd,NODET,iter,NEVER,fltix,NEVER,bnc,NOMEAS,exit,MAXED,pre,$D4FF,post,$D4FF
[2026-09-15T14:32:41.202] Cog0  BD-REP,sw,4,grp,0,gnm,P0_P15,pin,4,ovl,NONE,rep,6,cog,P0_P15,cogst,STOPPED,clr,NOCLR,sum,500,sumtix,100_056,vrd,NODET,iter,NEVER,fltix,NEVER,bnc,NOMEAS,exit,MAXED,pre,$D4FF,post,$D4FF
[2026-09-15T14:32:41.204] Cog0  BD-REP,sw,4,grp,0,gnm,P0_P15,pin,4,ovl,NONE,rep,7,cog,P0_P15,cogst,STOPPED,clr,NOCLR,sum,500,sumtix,100_056,vrd,NODET,iter,NEVER,fltix,NEVER,bnc,NOMEAS,exit,MAXED,pre,$D4FF,post,$D4FF
[2026-09-15T14:32:41.205] Cog0  BD-REP,sw,4,grp,0,gnm,P0_P15,pin,4,ovl,NONE,rep,8,cog,P0_P15,cogst,STOPPED,clr,NOCLR,sum,500,sumtix,100_056,vrd,NODET,iter,NEVER,fltix,NEVER,bnc,NOMEAS,exit,MAXED,pre,$D4FF,post,$D4FF
[2026-09-15T14:32:41.207] Cog0  BD-REP,sw,4,grp,0,gnm,P0_P15,pin,4,ovl,NONE,rep,9,cog,P0_P15,cogst,STOPPED,clr,NOCLR,sum,500,sumtix,100_056,vrd,NODET,iter,NEVER,fltix,NEVER,bnc,NOMEAS,exit,MAXED,pre,$D4FF,post,$D4FF
[2026-09-15T14:32:41.209] Cog0  BD-REP,sw,4,grp,0,gnm,P0_P15,pin,4,ovl,NONE,rep,10,cog,P0_P15,cogst,STOPPED,clr,NOCLR,sum,500,sumtix,100_056,vrd,NODET,iter,NEVER,fltix,NEVER,bnc,NOMEAS,exit,MAXED,pre,$D4FF,post,$D4FF
[2026-09-15T14:32:41.211] Cog0  BD-REP,sw,4,grp,0,gnm,P0_P15,pin,4,ovl,NONE,rep,11,cog,P0_P15,cogst,STOPPED,clr,NOCLR,sum,500,sumtix,100_056,vrd,NODET,iter,NEVER,fltix,NEVER,bnc,NOMEAS,exit,MAXED,pre,$D4FF,post,$D4FF
[2026-09-15T14:32:41.214] Cog0  BD-REP,sw,4,grp,0,gnm,P0_P15,pin,4,ovl,NONE,rep,12,cog,P0_P15,cogst,STOPPED,clr,NOCLR,sum,500,sumtix,100_056,vrd,NODET,iter,NEVER,fltix,NEVER,bnc,NOMEAS,exit,MAXED,pre,$D4FF,post,$D4FF
[2026-09-15T14:32:41.215] Cog0  BD-REP,sw,4,grp,0,gnm,P0_P15,pin,4,ovl,NONE,rep,13,cog,P0_P15,cogst,STOPPED,clr,NOCLR,sum,500,sumtix,100_056,vrd,NODET,iter,NEVER,fltix,NEVER,bnc,NOMEAS,exit,MAXED,pre,$D4FF,post,$D4FF
[2026-09-15T14:32:41.217] Cog0  BD-REP,sw,4,grp,0,gnm,P0_P15,pin,4,ovl,NONE,rep,14,cog,P0_P15,cogst,STOPPED,clr,NOCLR,sum,500,sumtix,100_056,vrd,NODET,iter,NEVER,fltix,NEVER,bnc,NOMEAS,exit,MAXED,pre,$D4FF,post,$D4FF
[2026-09-15T14:32:41.219] Cog0  BD-REP,sw,4,grp,0,gnm,P0_P15,pin,4,ovl,NONE,rep,15,cog,P0_P15,cogst,STOPPED,clr,NOCLR,sum,500,sumtix,100_056,vrd,NODET,iter,NEVER,fltix,NEVER,bnc,NOMEAS,exit,MAXED,pre,$D4FF,post,$D4FF
[2026-09-15T14:32:41.221] Cog0  BD-REP,sw,4,grp,0,gnm,P0_P15,pin,4,ovl,NONE,rep,16,cog,P0_P15,cogst,STOPPED,clr,NOCLR,sum,500,sumtix,100_056,vrd,NODET,iter,NEVER,fltix,NEVER,bnc,NOMEAS,exit,MAXED,pre,$D4FF,post,$D4FF
[2026-09-15T14:32:41.223] Cog0  BD-REP,sw,4,grp,0,gnm,P0_P15,pin,4,ovl,NONE,rep,17,cog,P0_P15,cogst,STOPPED,clr,NOCLR,sum,500,sumtix,100_056,vrd,NODET,iter,NEVER,fltix,NEVER,bnc,NOMEAS,exit,MAXED,pre,$D4FF,post,$D4FF
[2026-09-15T14:32:41.225] Cog0  BD-REP,sw,4,grp,0,gnm,P0_P15,pin,4,ovl,NONE,rep,18,cog,P0_P15,cogst,STOPPED,clr,NOCLR,sum,500,sumtix,100_056,vrd,NODET,iter,NEVER,fltix,NEVER,bnc,NOMEAS,exit,MAXED,pre,$D4FF,post,$D4FF
[2026-09-15T14:32:41.227] Cog0  BD-REP,sw,4,grp,0,gnm,P0_P15,pin,4,ovl,NONE,rep,19,cog,P0_P15,cogst,STOPPED,clr,NOCLR,sum,500,sumtix,100_056,vrd,NODET,iter,NEVER,fltix,NEVER,bnc,NOMEAS,exit,MAXED,pre,$D4FF,post,$D4FF
[2026-09-15T14:32:41.229] Cog0  BD-REP,sw,4,grp,0,gnm,P0_P15,pin,4,ovl,NONE,rep,20,cog,P0_P15,cogst,STOPPED,clr,NOCLR,sum,500,sumtix,100_056,vrd,NODET,iter,NEVER,fltix,NEVER,bnc,NOMEAS,exit,MAXED,pre,$D4FF,post,$D4FF
[2026-09-15T14:32:41.231] Cog0  BD-REP,sw,4,grp,0,gnm,P0_P15,pin,4,ovl,NONE,rep,21,cog,P0_P15,cogst,STOPPED,clr,NOCLR,sum,500,sumtix,100_056,vrd,NODET,iter,NEVER,fltix,NEVER,bnc,NOMEAS,exit,MAXED,pre,$D4FF,post,$D4FF
[2026-09-15T14:32:41.233] Cog0  BD-REP,sw,4,grp,0,gnm,P0_P15,pin,4,ovl,NONE,rep,22,cog,P0_P15,cogst,STOPPED,clr,NOCLR,sum,500,sumtix,100_056,vrd,NODET,iter,NEVER,fltix,NEVER,bnc,NOMEAS,exit,MAXED,pre,$D4FF,post,$D4FF
[2026-09-15T14:32:41.235] Cog0  BD-REP,sw,4,grp,0,gnm,P0_P15,pin,4,ovl,NONE,rep,23,cog,P0_P15,cogst,STOPPED,clr,NOCLR,sum,500,sumtix,100_056,vrd,NODET,iter,NEVER,fltix,NEVER,bnc,NOMEAS,exit,MAXED,pre,$D4FF,post,$D4FF
[2026-09-15T14:32:41.237] Cog0  BD-REP,sw,4,grp,0,gnm,P0_P15,pin,4,ovl,NONE,rep,24,cog,P0_P15,cogst,STOPPED,clr,NOCLR,sum,500,sumtix,100_056,vrd,NODET,iter,NEVER,fltix,NEVER,bnc,NOMEAS,exit,MAXED,pre,$D4FF,post,$D4FF
[2026-09-15T14:32:41.239] Cog0  BD-REP,sw,4,grp,0,gnm,P0_P15,pin,4,ovl,NONE,rep,25,cog,P0_P15,cogst,STOPPED,clr,NOCLR,sum,500,sumtix,100_056,vrd,NODET,iter,NEVER,fltix,NEVER,bnc,NOMEAS,exit,MAXED,pre,$D4FF,post,$D4FF
[2026-09-15T14:32:41.241] Cog0  BD-REP,sw,4,grp,0,gnm,P0_P15,pin,4,ovl,NONE,rep,26,cog,P0_P15,cogst,STOPPED,clr,NOCLR,sum,500,sumtix,100_056,vrd,NODET,iter,NEVER,fltix,NEVER,bnc,NOMEAS,exit,MAXED,pre,$D4FF,post,$D4FF
[2026-09-15T14:32:41.243] Cog0  BD-REP,sw,4,grp,0,gnm,P0_P15,pin,4,ovl,NONE,rep,27,cog,P0_P15,cogst,STOPPED,clr,NOCLR,sum,500,sumtix,100_056,vrd,NODET,iter,NEVER,fltix,NEVER,bnc,NOMEAS,exit,MAXED,pre,$D4FF,post,$D4FF
[2026-09-15T14:32:41.245] Cog0  BD-REP,sw,4,grp,0,gnm,P0_P15,pin,4,ovl,NONE,rep,28,cog,P0_P15,cogst,STOPPED,clr,NOCLR,sum,500,sumtix,100_056,vrd,NODET,iter,NEVER,fltix,NEVER,bnc,NOMEAS,exit,MAXED,pre,$D4FF,post,$D4FF
[2026-09-15T14:32:41.247] Cog0  BD-REP,sw,4,grp,0,gnm,P0_P15,pin,4,ovl,NONE,rep,29,cog,P0_P15,cogst,STOPPED,clr,NOCLR,sum,500,sumtix,100_056,vrd,NODET,iter,NEVER,fltix,NEVER,bnc,NOMEAS,exit,MAXED,pre,$D4FF,post,$D4FF
[2026-09-15T14:32:41.249] Cog0  BD-REP,sw,4,grp,0,gnm,P0_P15,pin,4,ovl,NONE,rep,30,cog,P0_P15,cogst,STOPPED,clr,NOCLR,sum,500,sumtix,100_056,vrd,NODET,iter,NEVER,fltix,NEVER,bnc,NOMEAS,exit,MAXED,pre,$D4FF,post,$D4FF
[2026-09-15T14:32:41.250] Cog0  BD-REP,sw,4,grp,0,gnm,P0_P15,pin,4,ovl,NONE,rep,31,cog,P0_P15,cogst,STOPPED,clr,NOCLR,sum,500,sumtix,100_056,vrd,NODET,iter,NEVER,fltix,NEVER,bnc,NOMEAS,exit,MAXED,pre,$D4FF,post,$D4FF
[2026-09-15T14:32:41.251] Cog0  BD-REP,sw,4,grp,0,gnm,P0_P15,pin,4,ovl,NONE,rep,32,cog,P0_P15,cogst,STOPPED,clr,NOCLR,sum,500,sumtix,100_056,vrd,NODET,iter,NEVER,fltix,NEVER,bnc,NOMEAS,exit,MAXED,pre,$D4FF,post,$D4FF
[2026-09-15T14:32:41.253] Cog0  BD-LIB,sw,4,grp,0,mark,begin
[2026-09-15T14:32:41.254] Cog0  --- pinSum = 500, Board not detected!, highTimeUs = 385
[2026-09-15T14:32:41.254] Cog0  MOT: fwdDegrees = 43, offset_fwd = $1E93_E93E
[2026-09-15T14:32:41.255] Cog0       revDegrees = 317, offset_rev = $E16C_16C1
[2026-09-15T14:32:41.255] Cog0   - Calc FRAME: frame_cnt = 6_136
[2026-09-15T14:32:41.255] Cog0  * init values dead_gap = 70, pwm_limit = 3_033, adc_fram = 6_136, duty_min = 1_600, duty_max = 24_264
[2026-09-15T14:32:41.255] Cog0  *      values duty_up = 18, duty_dn = 4, cfg_ctcks = 135_000
[2026-09-15T14:32:41.256] Cog0  *VAL* legalVoltage = 6
[2026-09-15T14:32:41.256] Cog0  * ENTRY CFG selectedPower = 6
[2026-09-15T14:32:41.258] Cog0  * EXIT 2 CFG eUserSelectedVolts = 6 maxFwdIncreAtPwr = 147_000_000 minFwdIncreAtPwr = 544_628
[2026-09-15T14:32:41.258] Cog0  --- pinSum = 500, Board not detected!, highTimeUs = 385
[2026-09-15T14:32:41.260] Cog0  BD-LIB,sw,4,grp,0,mark,end,libvrd,NODET,trapped,0
[2026-09-15T14:32:41.276] Cog0  BD-CELL,sw,4,grp,0,gnm,P0_P15,cog,P0_P15,cogst,STOPPED,clr,NOCLR,n,32,sum_min,500,sum_max,500,sum_mean,500,va,0,vb,0,vn,32,modal,NODET,fl_min,NEVER,fl_max,NEVER,fl_never,32,bnc_max,NOMEAS,libvrd,NODET,agree,1
[2026-09-15T14:32:41.342] Cog0  BD-REP,sw,4,grp,16,gnm,P16_P31,pin,20,ovl,SELF,rep,1,cog,P0_P15,cogst,STOPPED,clr,NOCLR,sum,0,sumtix,100_056,vrd,REVA,iter,1,fltix,480,bnc,0,exit,LOW,pre,$00A0,post,$00A0
[2026-09-15T14:32:41.344] Cog0  BD-REP,sw,4,grp,16,gnm,P16_P31,pin,20,ovl,SELF,rep,2,cog,P0_P15,cogst,STOPPED,clr,NOCLR,sum,0,sumtix,100_056,vrd,REVA,iter,1,fltix,480,bnc,0,exit,LOW,pre,$00A0,post,$00A0
[2026-09-15T14:32:41.346] Cog0  BD-REP,sw,4,grp,16,gnm,P16_P31,pin,20,ovl,SELF,rep,3,cog,P0_P15,cogst,STOPPED,clr,NOCLR,sum,0,sumtix,100_056,vrd,REVA,iter,1,fltix,480,bnc,0,exit,LOW,pre,$00A0,post,$00A0
[2026-09-15T14:32:41.348] Cog0  BD-REP,sw,4,grp,16,gnm,P16_P31,pin,20,ovl,SELF,rep,4,cog,P0_P15,cogst,STOPPED,clr,NOCLR,sum,0,sumtix,100_056,vrd,REVA,iter,1,fltix,480,bnc,0,exit,LOW,pre,$00A0,post,$00A0
[2026-09-15T14:32:41.350] Cog0  BD-REP,sw,4,grp,16,gnm,P16_P31,pin,20,ovl,SELF,rep,5,cog,P0_P15,cogst,STOPPED,clr,NOCLR,sum,0,sumtix,100_056,vrd,REVA,iter,1,fltix,480,bnc,0,exit,LOW,pre,$00A0,post,$00A0
[2026-09-15T14:32:41.351] Cog0  BD-REP,sw,4,grp,16,gnm,P16_P31,pin,20,ovl,SELF,rep,6,cog,P0_P15,cogst,STOPPED,clr,NOCLR,sum,0,sumtix,100_056,vrd,REVA,iter,1,fltix,480,bnc,0,exit,LOW,pre,$00A0,post,$00A0
[2026-09-15T14:32:41.353] Cog0  BD-REP,sw,4,grp,16,gnm,P16_P31,pin,20,ovl,SELF,rep,7,cog,P0_P15,cogst,STOPPED,clr,NOCLR,sum,0,sumtix,100_056,vrd,REVA,iter,1,fltix,480,bnc,0,exit,LOW,pre,$00A0,post,$00A0
[2026-09-15T14:32:41.355] Cog0  BD-REP,sw,4,grp,16,gnm,P16_P31,pin,20,ovl,SELF,rep,8,cog,P0_P15,cogst,STOPPED,clr,NOCLR,sum,0,sumtix,100_056,vrd,REVA,iter,1,fltix,480,bnc,0,exit,LOW,pre,$00A0,post,$00A0
[2026-09-15T14:32:41.357] Cog0  BD-REP,sw,4,grp,16,gnm,P16_P31,pin,20,ovl,SELF,rep,9,cog,P0_P15,cogst,STOPPED,clr,NOCLR,sum,0,sumtix,100_056,vrd,REVA,iter,1,fltix,480,bnc,0,exit,LOW,pre,$00A0,post,$00A0
[2026-09-15T14:32:41.359] Cog0  BD-REP,sw,4,grp,16,gnm,P16_P31,pin,20,ovl,SELF,rep,10,cog,P0_P15,cogst,STOPPED,clr,NOCLR,sum,0,sumtix,100_056,vrd,REVA,iter,1,fltix,480,bnc,0,exit,LOW,pre,$00A0,post,$00A0
[2026-09-15T14:32:41.361] Cog0  BD-REP,sw,4,grp,16,gnm,P16_P31,pin,20,ovl,SELF,rep,11,cog,P0_P15,cogst,STOPPED,clr,NOCLR,sum,0,sumtix,100_056,vrd,REVA,iter,1,fltix,480,bnc,0,exit,LOW,pre,$00A0,post,$00A0
[2026-09-15T14:32:41.362] Cog0  BD-REP,sw,4,grp,16,gnm,P16_P31,pin,20,ovl,SELF,rep,12,cog,P0_P15,cogst,STOPPED,clr,NOCLR,sum,0,sumtix,100_056,vrd,REVA,iter,1,fltix,480,bnc,0,exit,LOW,pre,$00A0,post,$00A0
[2026-09-15T14:32:41.364] Cog0  BD-REP,sw,4,grp,16,gnm,P16_P31,pin,20,ovl,SELF,rep,13,cog,P0_P15,cogst,STOPPED,clr,NOCLR,sum,0,sumtix,100_056,vrd,REVA,iter,1,fltix,480,bnc,0,exit,LOW,pre,$00A0,post,$00A0
[2026-09-15T14:32:41.366] Cog0  BD-REP,sw,4,grp,16,gnm,P16_P31,pin,20,ovl,SELF,rep,14,cog,P0_P15,cogst,STOPPED,clr,NOCLR,sum,0,sumtix,100_056,vrd,REVA,iter,1,fltix,480,bnc,0,exit,LOW,pre,$00A0,post,$00A0
[2026-09-15T14:32:41.368] Cog0  BD-REP,sw,4,grp,16,gnm,P16_P31,pin,20,ovl,SELF,rep,15,cog,P0_P15,cogst,STOPPED,clr,NOCLR,sum,0,sumtix,100_056,vrd,REVA,iter,1,fltix,480,bnc,0,exit,LOW,pre,$00A0,post,$00A0
[2026-09-15T14:32:41.370] Cog0  BD-REP,sw,4,grp,16,gnm,P16_P31,pin,20,ovl,SELF,rep,16,cog,P0_P15,cogst,STOPPED,clr,NOCLR,sum,0,sumtix,100_056,vrd,REVA,iter,1,fltix,480,bnc,0,exit,LOW,pre,$00A0,post,$00A0
[2026-09-15T14:32:41.371] Cog0  BD-REP,sw,4,grp,16,gnm,P16_P31,pin,20,ovl,SELF,rep,17,cog,P0_P15,cogst,STOPPED,clr,NOCLR,sum,0,sumtix,100_056,vrd,REVA,iter,1,fltix,480,bnc,0,exit,LOW,pre,$00A0,post,$00A0
[2026-09-15T14:32:41.373] Cog0  BD-REP,sw,4,grp,16,gnm,P16_P31,pin,20,ovl,SELF,rep,18,cog,P0_P15,cogst,STOPPED,clr,NOCLR,sum,0,sumtix,100_056,vrd,REVA,iter,1,fltix,480,bnc,0,exit,LOW,pre,$00A0,post,$00A0
[2026-09-15T14:32:41.375] Cog0  BD-REP,sw,4,grp,16,gnm,P16_P31,pin,20,ovl,SELF,rep,19,cog,P0_P15,cogst,STOPPED,clr,NOCLR,sum,0,sumtix,100_056,vrd,REVA,iter,1,fltix,480,bnc,0,exit,LOW,pre,$00A0,post,$00A0
[2026-09-15T14:32:41.377] Cog0  BD-REP,sw,4,grp,16,gnm,P16_P31,pin,20,ovl,SELF,rep,20,cog,P0_P15,cogst,STOPPED,clr,NOCLR,sum,0,sumtix,100_056,vrd,REVA,iter,1,fltix,480,bnc,0,exit,LOW,pre,$00A0,post,$00A0
[2026-09-15T14:32:41.379] Cog0  BD-REP,sw,4,grp,16,gnm,P16_P31,pin,20,ovl,SELF,rep,21,cog,P0_P15,cogst,STOPPED,clr,NOCLR,sum,0,sumtix,100_056,vrd,REVA,iter,1,fltix,480,bnc,0,exit,LOW,pre,$00A0,post,$00A0
[2026-09-15T14:32:41.381] Cog0  BD-REP,sw,4,grp,16,gnm,P16_P31,pin,20,ovl,SELF,rep,22,cog,P0_P15,cogst,STOPPED,clr,NOCLR,sum,0,sumtix,100_056,vrd,REVA,iter,1,fltix,480,bnc,0,exit,LOW,pre,$00A0,post,$00A0
[2026-09-15T14:32:41.383] Cog0  BD-REP,sw,4,grp,16,gnm,P16_P31,pin,20,ovl,SELF,rep,23,cog,P0_P15,cogst,STOPPED,clr,NOCLR,sum,0,sumtix,100_056,vrd,REVA,iter,1,fltix,480,bnc,0,exit,LOW,pre,$00A0,post,$00A0
[2026-09-15T14:32:41.385] Cog0  BD-REP,sw,4,grp,16,gnm,P16_P31,pin,20,ovl,SELF,rep,24,cog,P0_P15,cogst,STOPPED,clr,NOCLR,sum,0,sumtix,100_056,vrd,REVA,iter,1,fltix,480,bnc,0,exit,LOW,pre,$00A0,post,$00A0
[2026-09-15T14:32:41.387] Cog0  BD-REP,sw,4,grp,16,gnm,P16_P31,pin,20,ovl,SELF,rep,25,cog,P0_P15,cogst,STOPPED,clr,NOCLR,sum,0,sumtix,100_056,vrd,REVA,iter,1,fltix,480,bnc,0,exit,LOW,pre,$00A0,post,$00A0
[2026-09-15T14:32:41.388] Cog0  BD-REP,sw,4,grp,16,gnm,P16_P31,pin,20,ovl,SELF,rep,26,cog,P0_P15,cogst,STOPPED,clr,NOCLR,sum,0,sumtix,100_056,vrd,REVA,iter,1,fltix,480,bnc,0,exit,LOW,pre,$00A0,post,$00A0
[2026-09-15T14:32:41.390] Cog0  BD-REP,sw,4,grp,16,gnm,P16_P31,pin,20,ovl,SELF,rep,27,cog,P0_P15,cogst,STOPPED,clr,NOCLR,sum,0,sumtix,100_056,vrd,REVA,iter,1,fltix,480,bnc,0,exit,LOW,pre,$00A0,post,$00A0
[2026-09-15T14:32:41.392] Cog0  BD-REP,sw,4,grp,16,gnm,P16_P31,pin,20,ovl,SELF,rep,28,cog,P0_P15,cogst,STOPPED,clr,NOCLR,sum,0,sumtix,100_056,vrd,REVA,iter,1,fltix,480,bnc,0,exit,LOW,pre,$00A0,post,$00A0
[2026-09-15T14:32:41.394] Cog0  BD-REP,sw,4,grp,16,gnm,P16_P31,pin,20,ovl,SELF,rep,29,cog,P0_P15,cogst,STOPPED,clr,NOCLR,sum,0,sumtix,100_056,vrd,REVA,iter,1,fltix,480,bnc,0,exit,LOW,pre,$00A0,post,$00A0
[2026-09-15T14:32:41.396] Cog0  BD-REP,sw,4,grp,16,gnm,P16_P31,pin,20,ovl,SELF,rep,30,cog,P0_P15,cogst,STOPPED,clr,NOCLR,sum,0,sumtix,100_056,vrd,REVA,iter,1,fltix,480,bnc,0,exit,LOW,pre,$00A0,post,$00A0
[2026-09-15T14:32:41.397] Cog0  BD-REP,sw,4,grp,16,gnm,P16_P31,pin,20,ovl,SELF,rep,31,cog,P0_P15,cogst,STOPPED,clr,NOCLR,sum,0,sumtix,100_056,vrd,REVA,iter,1,fltix,480,bnc,0,exit,LOW,pre,$00A0,post,$00A0
[2026-09-15T14:32:41.400] Cog0  BD-REP,sw,4,grp,16,gnm,P16_P31,pin,20,ovl,SELF,rep,32,cog,P0_P15,cogst,STOPPED,clr,NOCLR,sum,0,sumtix,100_056,vrd,REVA,iter,1,fltix,480,bnc,0,exit,LOW,pre,$00A0,post,$00A0
[2026-09-15T14:32:41.400] Cog0  BD-LIB,sw,4,grp,16,mark,begin
[2026-09-15T14:32:41.400] Cog0  --- pinSum = 0, 64010 Rev A, highTimeUs = 0
[2026-09-15T14:32:41.401] Cog0  MOT: fwdDegrees = 43, offset_fwd = $1E93_E93E
[2026-09-15T14:32:41.401] Cog0       revDegrees = 317, offset_rev = $E16C_16C1
[2026-09-15T14:32:41.401] Cog0   - Calc FRAME: frame_cnt = 6_136
[2026-09-15T14:32:41.402] Cog0  * init values dead_gap = 70, pwm_limit = 3_033, adc_fram = 6_136, duty_min = 1_600, duty_max = 24_264
[2026-09-15T14:32:41.402] Cog0  *      values duty_up = 18, duty_dn = 4, cfg_ctcks = 135_000
[2026-09-15T14:32:41.402] Cog0  *VAL* legalVoltage = 6
[2026-09-15T14:32:41.402] Cog0  * ENTRY CFG selectedPower = 6
[2026-09-15T14:32:41.404] Cog0  * EXIT 2 CFG eUserSelectedVolts = 6 maxFwdIncreAtPwr = 147_000_000 minFwdIncreAtPwr = 544_628
[2026-09-15T14:32:41.405] Cog0  --- pinSum = 0, 64010 Rev A, highTimeUs = 0
[2026-09-15T14:32:41.407] Cog0  BD-LIB,sw,4,grp,16,mark,end,libvrd,REVA,trapped,0
[2026-09-15T14:32:41.423] Cog0  BD-CELL,sw,4,grp,16,gnm,P16_P31,cog,P0_P15,cogst,STOPPED,clr,NOCLR,n,32,sum_min,0,sum_max,0,sum_mean,0,va,32,vb,0,vn,0,modal,REVA,fl_min,1,fl_max,1,fl_never,0,bnc_max,0,libvrd,REVA,agree,1
[2026-09-15T14:32:41.489] Cog0  BD-REP,sw,4,grp,32,gnm,P32_P47,pin,36,ovl,SELF,rep,1,cog,P0_P15,cogst,STOPPED,clr,NOCLR,sum,0,sumtix,100_056,vrd,REVA,iter,1,fltix,480,bnc,0,exit,LOW,pre,$0060,post,$0060
[2026-09-15T14:32:41.491] Cog0  BD-REP,sw,4,grp,32,gnm,P32_P47,pin,36,ovl,SELF,rep,2,cog,P0_P15,cogst,STOPPED,clr,NOCLR,sum,0,sumtix,100_056,vrd,REVA,iter,1,fltix,480,bnc,0,exit,LOW,pre,$0060,post,$0060
[2026-09-15T14:32:41.492] Cog0  BD-REP,sw,4,grp,32,gnm,P32_P47,pin,36,ovl,SELF,rep,3,cog,P0_P15,cogst,STOPPED,clr,NOCLR,sum,0,sumtix,100_056,vrd,REVA,iter,1,fltix,480,bnc,0,exit,LOW,pre,$0060,post,$0060
[2026-09-15T14:32:41.494] Cog0  BD-REP,sw,4,grp,32,gnm,P32_P47,pin,36,ovl,SELF,rep,4,cog,P0_P15,cogst,STOPPED,clr,NOCLR,sum,0,sumtix,100_056,vrd,REVA,iter,1,fltix,480,bnc,0,exit,LOW,pre,$0060,post,$0060
[2026-09-15T14:32:41.496] Cog0  BD-REP,sw,4,grp,32,gnm,P32_P47,pin,36,ovl,SELF,rep,5,cog,P0_P15,cogst,STOPPED,clr,NOCLR,sum,0,sumtix,100_056,vrd,REVA,iter,1,fltix,480,bnc,0,exit,LOW,pre,$0060,post,$0060
[2026-09-15T14:32:41.498] Cog0  BD-REP,sw,4,grp,32,gnm,P32_P47,pin,36,ovl,SELF,rep,6,cog,P0_P15,cogst,STOPPED,clr,NOCLR,sum,0,sumtix,100_056,vrd,REVA,iter,1,fltix,480,bnc,0,exit,LOW,pre,$0060,post,$0060
[2026-09-15T14:32:41.500] Cog0  BD-REP,sw,4,grp,32,gnm,P32_P47,pin,36,ovl,SELF,rep,7,cog,P0_P15,cogst,STOPPED,clr,NOCLR,sum,0,sumtix,100_056,vrd,REVA,iter,1,fltix,480,bnc,0,exit,LOW,pre,$0060,post,$0060
[2026-09-15T14:32:41.501] Cog0  BD-REP,sw,4,grp,32,gnm,P32_P47,pin,36,ovl,SELF,rep,8,cog,P0_P15,cogst,STOPPED,clr,NOCLR,sum,0,sumtix,100_056,vrd,REVA,iter,1,fltix,480,bnc,0,exit,LOW,pre,$0060,post,$0060
[2026-09-15T14:32:41.503] Cog0  BD-REP,sw,4,grp,32,gnm,P32_P47,pin,36,ovl,SELF,rep,9,cog,P0_P15,cogst,STOPPED,clr,NOCLR,sum,0,sumtix,100_056,vrd,REVA,iter,1,fltix,480,bnc,0,exit,LOW,pre,$0060,post,$0060
[2026-09-15T14:32:41.505] Cog0  BD-REP,sw,4,grp,32,gnm,P32_P47,pin,36,ovl,SELF,rep,10,cog,P0_P15,cogst,STOPPED,clr,NOCLR,sum,0,sumtix,100_056,vrd,REVA,iter,1,fltix,480,bnc,0,exit,LOW,pre,$0060,post,$0060
[2026-09-15T14:32:41.507] Cog0  BD-REP,sw,4,grp,32,gnm,P32_P47,pin,36,ovl,SELF,rep,11,cog,P0_P15,cogst,STOPPED,clr,NOCLR,sum,0,sumtix,100_056,vrd,REVA,iter,1,fltix,480,bnc,0,exit,LOW,pre,$0060,post,$0060
[2026-09-15T14:32:41.509] Cog0  BD-REP,sw,4,grp,32,gnm,P32_P47,pin,36,ovl,SELF,rep,12,cog,P0_P15,cogst,STOPPED,clr,NOCLR,sum,0,sumtix,100_056,vrd,REVA,iter,1,fltix,480,bnc,0,exit,LOW,pre,$0060,post,$0060
[2026-09-15T14:32:41.511] Cog0  BD-REP,sw,4,grp,32,gnm,P32_P47,pin,36,ovl,SELF,rep,13,cog,P0_P15,cogst,STOPPED,clr,NOCLR,sum,0,sumtix,100_056,vrd,REVA,iter,1,fltix,480,bnc,0,exit,LOW,pre,$0060,post,$0060
[2026-09-15T14:32:41.513] Cog0  BD-REP,sw,4,grp,32,gnm,P32_P47,pin,36,ovl,SELF,rep,14,cog,P0_P15,cogst,STOPPED,clr,NOCLR,sum,0,sumtix,100_056,vrd,REVA,iter,1,fltix,480,bnc,0,exit,LOW,pre,$0060,post,$0060
[2026-09-15T14:32:41.515] Cog0  BD-REP,sw,4,grp,32,gnm,P32_P47,pin,36,ovl,SELF,rep,15,cog,P0_P15,cogst,STOPPED,clr,NOCLR,sum,0,sumtix,100_056,vrd,REVA,iter,1,fltix,480,bnc,0,exit,LOW,pre,$0060,post,$0060
[2026-09-15T14:32:41.516] Cog0  BD-REP,sw,4,grp,32,gnm,P32_P47,pin,36,ovl,SELF,rep,16,cog,P0_P15,cogst,STOPPED,clr,NOCLR,sum,0,sumtix,100_056,vrd,REVA,iter,1,fltix,480,bnc,0,exit,LOW,pre,$0060,post,$0060
[2026-09-15T14:32:41.518] Cog0  BD-REP,sw,4,grp,32,gnm,P32_P47,pin,36,ovl,SELF,rep,17,cog,P0_P15,cogst,STOPPED,clr,NOCLR,sum,0,sumtix,100_056,vrd,REVA,iter,1,fltix,480,bnc,0,exit,LOW,pre,$0060,post,$0060
[2026-09-15T14:32:41.520] Cog0  BD-REP,sw,4,grp,32,gnm,P32_P47,pin,36,ovl,SELF,rep,18,cog,P0_P15,cogst,STOPPED,clr,NOCLR,sum,0,sumtix,100_056,vrd,REVA,iter,1,fltix,480,bnc,0,exit,LOW,pre,$0060,post,$0060
[2026-09-15T14:32:41.522] Cog0  BD-REP,sw,4,grp,32,gnm,P32_P47,pin,36,ovl,SELF,rep,19,cog,P0_P15,cogst,STOPPED,clr,NOCLR,sum,0,sumtix,100_056,vrd,REVA,iter,1,fltix,480,bnc,0,exit,LOW,pre,$0060,post,$0060
[2026-09-15T14:32:41.524] Cog0  BD-REP,sw,4,grp,32,gnm,P32_P47,pin,36,ovl,SELF,rep,20,cog,P0_P15,cogst,STOPPED,clr,NOCLR,sum,0,sumtix,100_056,vrd,REVA,iter,1,fltix,480,bnc,0,exit,LOW,pre,$0060,post,$0060
[2026-09-15T14:32:41.526] Cog0  BD-REP,sw,4,grp,32,gnm,P32_P47,pin,36,ovl,SELF,rep,21,cog,P0_P15,cogst,STOPPED,clr,NOCLR,sum,0,sumtix,100_056,vrd,REVA,iter,1,fltix,480,bnc,0,exit,LOW,pre,$0060,post,$0060
[2026-09-15T14:32:41.527] Cog0  BD-REP,sw,4,grp,32,gnm,P32_P47,pin,36,ovl,SELF,rep,22,cog,P0_P15,cogst,STOPPED,clr,NOCLR,sum,0,sumtix,100_056,vrd,REVA,iter,1,fltix,480,bnc,0,exit,LOW,pre,$0060,post,$0060
[2026-09-15T14:32:41.529] Cog0  BD-REP,sw,4,grp,32,gnm,P32_P47,pin,36,ovl,SELF,rep,23,cog,P0_P15,cogst,STOPPED,clr,NOCLR,sum,0,sumtix,100_056,vrd,REVA,iter,1,fltix,480,bnc,0,exit,LOW,pre,$0060,post,$0060
[2026-09-15T14:32:41.531] Cog0  BD-REP,sw,4,grp,32,gnm,P32_P47,pin,36,ovl,SELF,rep,24,cog,P0_P15,cogst,STOPPED,clr,NOCLR,sum,0,sumtix,100_056,vrd,REVA,iter,1,fltix,480,bnc,0,exit,LOW,pre,$0060,post,$0060
[2026-09-15T14:32:41.533] Cog0  BD-REP,sw,4,grp,32,gnm,P32_P47,pin,36,ovl,SELF,rep,25,cog,P0_P15,cogst,STOPPED,clr,NOCLR,sum,0,sumtix,100_056,vrd,REVA,iter,1,fltix,480,bnc,0,exit,LOW,pre,$0060,post,$0060
[2026-09-15T14:32:41.535] Cog0  BD-REP,sw,4,grp,32,gnm,P32_P47,pin,36,ovl,SELF,rep,26,cog,P0_P15,cogst,STOPPED,clr,NOCLR,sum,0,sumtix,100_056,vrd,REVA,iter,1,fltix,480,bnc,0,exit,LOW,pre,$0060,post,$0060
[2026-09-15T14:32:41.536] Cog0  BD-REP,sw,4,grp,32,gnm,P32_P47,pin,36,ovl,SELF,rep,27,cog,P0_P15,cogst,STOPPED,clr,NOCLR,sum,0,sumtix,100_056,vrd,REVA,iter,1,fltix,480,bnc,0,exit,LOW,pre,$0060,post,$0060
[2026-09-15T14:32:41.538] Cog0  BD-REP,sw,4,grp,32,gnm,P32_P47,pin,36,ovl,SELF,rep,28,cog,P0_P15,cogst,STOPPED,clr,NOCLR,sum,0,sumtix,100_056,vrd,REVA,iter,1,fltix,480,bnc,0,exit,LOW,pre,$0060,post,$0060
[2026-09-15T14:32:41.540] Cog0  BD-REP,sw,4,grp,32,gnm,P32_P47,pin,36,ovl,SELF,rep,29,cog,P0_P15,cogst,STOPPED,clr,NOCLR,sum,0,sumtix,100_056,vrd,REVA,iter,1,fltix,480,bnc,0,exit,LOW,pre,$0060,post,$0060
[2026-09-15T14:32:41.542] Cog0  BD-REP,sw,4,grp,32,gnm,P32_P47,pin,36,ovl,SELF,rep,30,cog,P0_P15,cogst,STOPPED,clr,NOCLR,sum,0,sumtix,100_056,vrd,REVA,iter,1,fltix,480,bnc,0,exit,LOW,pre,$0060,post,$0060
[2026-09-15T14:32:41.544] Cog0  BD-REP,sw,4,grp,32,gnm,P32_P47,pin,36,ovl,SELF,rep,31,cog,P0_P15,cogst,STOPPED,clr,NOCLR,sum,0,sumtix,100_056,vrd,REVA,iter,1,fltix,480,bnc,0,exit,LOW,pre,$0060,post,$0060
[2026-09-15T14:32:41.547] Cog0  BD-REP,sw,4,grp,32,gnm,P32_P47,pin,36,ovl,SELF,rep,32,cog,P0_P15,cogst,STOPPED,clr,NOCLR,sum,0,sumtix,100_056,vrd,REVA,iter,1,fltix,480,bnc,0,exit,LOW,pre,$0060,post,$0060
[2026-09-15T14:32:41.547] Cog0  BD-LIB,sw,4,grp,32,mark,begin
[2026-09-15T14:32:41.547] Cog0  --- pinSum = 0, 64010 Rev A, highTimeUs = 0
[2026-09-15T14:32:41.547] Cog0  MOT: fwdDegrees = 43, offset_fwd = $1E93_E93E
[2026-09-15T14:32:41.547] Cog0       revDegrees = 317, offset_rev = $E16C_16C1
[2026-09-15T14:32:41.548] Cog0   - Calc FRAME: frame_cnt = 6_136
[2026-09-15T14:32:41.548] Cog0  * init values dead_gap = 70, pwm_limit = 3_033, adc_fram = 6_136, duty_min = 1_600, duty_max = 24_264
[2026-09-15T14:32:41.548] Cog0  *      values duty_up = 18, duty_dn = 4, cfg_ctcks = 135_000
[2026-09-15T14:32:41.549] Cog0  *VAL* legalVoltage = 6
[2026-09-15T14:32:41.549] Cog0  * ENTRY CFG selectedPower = 6
[2026-09-15T14:32:41.551] Cog0  * EXIT 2 CFG eUserSelectedVolts = 6 maxFwdIncreAtPwr = 147_000_000 minFwdIncreAtPwr = 544_628
[2026-09-15T14:32:41.551] Cog0  --- pinSum = 0, 64010 Rev A, highTimeUs = 0
[2026-09-15T14:32:41.553] Cog0  BD-LIB,sw,4,grp,32,mark,end,libvrd,REVA,trapped,0
[2026-09-15T14:32:41.555] Cog0  BD-CELL,sw,4,grp,32,gnm,P32_P47,cog,P0_P15,cogst,STOPPED,clr,NOCLR,n,32,sum_min,0,sum_max,0,sum_mean,0,va,32,vb,0,vn,0,modal,REVA,fl_min,1,fl_max,1,fl_never,0,bnc_max,0,libvrd,REVA,agree,1
[2026-09-15T14:32:41.570] Cog0  BD-SKIPPED,sw,4,grp,40,gnm,P40_P55,pin,44,ovl,LEFT+12_PWM_W_L,cog,P0_P15,cogst,STOPPED,clr,NOCLR,n,32,reason,GATE_OVERLAP
[2026-09-15T14:32:41.733] Cog0  BD-REP,sw,4,grp,8,gnm,P8_P23,pin,12,ovl,NONE,rep,1,cog,P0_P15,cogst,STOPPED,clr,NOCLR,sum,500,sumtix,100_056,vrd,NODET,iter,NEVER,fltix,NEVER,bnc,NOMEAS,exit,MAXED,pre,$A0FC,post,$A0FC
[2026-09-15T14:32:41.735] Cog0  BD-REP,sw,4,grp,8,gnm,P8_P23,pin,12,ovl,NONE,rep,2,cog,P0_P15,cogst,STOPPED,clr,NOCLR,sum,500,sumtix,100_056,vrd,NODET,iter,NEVER,fltix,NEVER,bnc,NOMEAS,exit,MAXED,pre,$A0FC,post,$A0FC
[2026-09-15T14:32:41.737] Cog0  BD-REP,sw,4,grp,8,gnm,P8_P23,pin,12,ovl,NONE,rep,3,cog,P0_P15,cogst,STOPPED,clr,NOCLR,sum,500,sumtix,100_056,vrd,NODET,iter,NEVER,fltix,NEVER,bnc,NOMEAS,exit,MAXED,pre,$A0FC,post,$A0FC
[2026-09-15T14:32:41.739] Cog0  BD-REP,sw,4,grp,8,gnm,P8_P23,pin,12,ovl,NONE,rep,4,cog,P0_P15,cogst,STOPPED,clr,NOCLR,sum,500,sumtix,100_056,vrd,NODET,iter,NEVER,fltix,NEVER,bnc,NOMEAS,exit,MAXED,pre,$A0FC,post,$A0FC
[2026-09-15T14:32:41.741] Cog0  BD-REP,sw,4,grp,8,gnm,P8_P23,pin,12,ovl,NONE,rep,5,cog,P0_P15,cogst,STOPPED,clr,NOCLR,sum,500,sumtix,100_056,vrd,NODET,iter,NEVER,fltix,NEVER,bnc,NOMEAS,exit,MAXED,pre,$A0FC,post,$A0FC
[2026-09-15T14:32:41.743] Cog0  BD-REP,sw,4,grp,8,gnm,P8_P23,pin,12,ovl,NONE,rep,6,cog,P0_P15,cogst,STOPPED,clr,NOCLR,sum,500,sumtix,100_056,vrd,NODET,iter,NEVER,fltix,NEVER,bnc,NOMEAS,exit,MAXED,pre,$A0FC,post,$A0FC
[2026-09-15T14:32:41.745] Cog0  BD-REP,sw,4,grp,8,gnm,P8_P23,pin,12,ovl,NONE,rep,7,cog,P0_P15,cogst,STOPPED,clr,NOCLR,sum,500,sumtix,100_056,vrd,NODET,iter,NEVER,fltix,NEVER,bnc,NOMEAS,exit,MAXED,pre,$A0FC,post,$A0FC
[2026-09-15T14:32:41.747] Cog0  BD-REP,sw,4,grp,8,gnm,P8_P23,pin,12,ovl,NONE,rep,8,cog,P0_P15,cogst,STOPPED,clr,NOCLR,sum,500,sumtix,100_056,vrd,NODET,iter,NEVER,fltix,NEVER,bnc,NOMEAS,exit,MAXED,pre,$A0FC,post,$A0FC
[2026-09-15T14:32:41.749] Cog0  BD-REP,sw,4,grp,8,gnm,P8_P23,pin,12,ovl,NONE,rep,9,cog,P0_P15,cogst,STOPPED,clr,NOCLR,sum,500,sumtix,100_056,vrd,NODET,iter,NEVER,fltix,NEVER,bnc,NOMEAS,exit,MAXED,pre,$A0FC,post,$A0FC
[2026-09-15T14:32:41.751] Cog0  BD-REP,sw,4,grp,8,gnm,P8_P23,pin,12,ovl,NONE,rep,10,cog,P0_P15,cogst,STOPPED,clr,NOCLR,sum,500,sumtix,100_056,vrd,NODET,iter,NEVER,fltix,NEVER,bnc,NOMEAS,exit,MAXED,pre,$A0FC,post,$A0FC
[2026-09-15T14:32:41.753] Cog0  BD-REP,sw,4,grp,8,gnm,P8_P23,pin,12,ovl,NONE,rep,11,cog,P0_P15,cogst,STOPPED,clr,NOCLR,sum,500,sumtix,100_056,vrd,NODET,iter,NEVER,fltix,NEVER,bnc,NOMEAS,exit,MAXED,pre,$A0FC,post,$A0FC
[2026-09-15T14:32:41.755] Cog0  BD-REP,sw,4,grp,8,gnm,P8_P23,pin,12,ovl,NONE,rep,12,cog,P0_P15,cogst,STOPPED,clr,NOCLR,sum,500,sumtix,100_056,vrd,NODET,iter,NEVER,fltix,NEVER,bnc,NOMEAS,exit,MAXED,pre,$A0FC,post,$A0FC
[2026-09-15T14:32:41.757] Cog0  BD-REP,sw,4,grp,8,gnm,P8_P23,pin,12,ovl,NONE,rep,13,cog,P0_P15,cogst,STOPPED,clr,NOCLR,sum,500,sumtix,100_056,vrd,NODET,iter,NEVER,fltix,NEVER,bnc,NOMEAS,exit,MAXED,pre,$A0FC,post,$A0FC
[2026-09-15T14:32:41.759] Cog0  BD-REP,sw,4,grp,8,gnm,P8_P23,pin,12,ovl,NONE,rep,14,cog,P0_P15,cogst,STOPPED,clr,NOCLR,sum,500,sumtix,100_056,vrd,NODET,iter,NEVER,fltix,NEVER,bnc,NOMEAS,exit,MAXED,pre,$A0FC,post,$A0FC
[2026-09-15T14:32:41.761] Cog0  BD-REP,sw,4,grp,8,gnm,P8_P23,pin,12,ovl,NONE,rep,15,cog,P0_P15,cogst,STOPPED,clr,NOCLR,sum,500,sumtix,100_056,vrd,NODET,iter,NEVER,fltix,NEVER,bnc,NOMEAS,exit,MAXED,pre,$A0FC,post,$A0FC
[2026-09-15T14:32:41.763] Cog0  BD-REP,sw,4,grp,8,gnm,P8_P23,pin,12,ovl,NONE,rep,16,cog,P0_P15,cogst,STOPPED,clr,NOCLR,sum,500,sumtix,100_056,vrd,NODET,iter,NEVER,fltix,NEVER,bnc,NOMEAS,exit,MAXED,pre,$A0FC,post,$A0FC
[2026-09-15T14:32:41.765] Cog0  BD-REP,sw,4,grp,8,gnm,P8_P23,pin,12,ovl,NONE,rep,17,cog,P0_P15,cogst,STOPPED,clr,NOCLR,sum,500,sumtix,100_056,vrd,NODET,iter,NEVER,fltix,NEVER,bnc,NOMEAS,exit,MAXED,pre,$A0FC,post,$A0FC
[2026-09-15T14:32:41.767] Cog0  BD-REP,sw,4,grp,8,gnm,P8_P23,pin,12,ovl,NONE,rep,18,cog,P0_P15,cogst,STOPPED,clr,NOCLR,sum,500,sumtix,100_056,vrd,NODET,iter,NEVER,fltix,NEVER,bnc,NOMEAS,exit,MAXED,pre,$A0FC,post,$A0FC
[2026-09-15T14:32:41.768] Cog0  BD-REP,sw,4,grp,8,gnm,P8_P23,pin,12,ovl,NONE,rep,19,cog,P0_P15,cogst,STOPPED,clr,NOCLR,sum,500,sumtix,100_056,vrd,NODET,iter,NEVER,fltix,NEVER,bnc,NOMEAS,exit,MAXED,pre,$A0FC,post,$A0FC
[2026-09-15T14:32:41.771] Cog0  BD-REP,sw,4,grp,8,gnm,P8_P23,pin,12,ovl,NONE,rep,20,cog,P0_P15,cogst,STOPPED,clr,NOCLR,sum,500,sumtix,100_056,vrd,NODET,iter,NEVER,fltix,NEVER,bnc,NOMEAS,exit,MAXED,pre,$A0FC,post,$A0FC
[2026-09-15T14:32:41.773] Cog0  BD-REP,sw,4,grp,8,gnm,P8_P23,pin,12,ovl,NONE,rep,21,cog,P0_P15,cogst,STOPPED,clr,NOCLR,sum,500,sumtix,100_056,vrd,NODET,iter,NEVER,fltix,NEVER,bnc,NOMEAS,exit,MAXED,pre,$A0FC,post,$A0FC
[2026-09-15T14:32:41.775] Cog0  BD-REP,sw,4,grp,8,gnm,P8_P23,pin,12,ovl,NONE,rep,22,cog,P0_P15,cogst,STOPPED,clr,NOCLR,sum,500,sumtix,100_056,vrd,NODET,iter,NEVER,fltix,NEVER,bnc,NOMEAS,exit,MAXED,pre,$A0FC,post,$A0FC
[2026-09-15T14:32:41.777] Cog0  BD-REP,sw,4,grp,8,gnm,P8_P23,pin,12,ovl,NONE,rep,23,cog,P0_P15,cogst,STOPPED,clr,NOCLR,sum,500,sumtix,100_056,vrd,NODET,iter,NEVER,fltix,NEVER,bnc,NOMEAS,exit,MAXED,pre,$A0FC,post,$A0FC
[2026-09-15T14:32:41.779] Cog0  BD-REP,sw,4,grp,8,gnm,P8_P23,pin,12,ovl,NONE,rep,24,cog,P0_P15,cogst,STOPPED,clr,NOCLR,sum,500,sumtix,100_056,vrd,NODET,iter,NEVER,fltix,NEVER,bnc,NOMEAS,exit,MAXED,pre,$A0FC,post,$A0FC
[2026-09-15T14:32:41.781] Cog0  BD-REP,sw,4,grp,8,gnm,P8_P23,pin,12,ovl,NONE,rep,25,cog,P0_P15,cogst,STOPPED,clr,NOCLR,sum,500,sumtix,100_056,vrd,NODET,iter,NEVER,fltix,NEVER,bnc,NOMEAS,exit,MAXED,pre,$A0FC,post,$A0FC
[2026-09-15T14:32:41.782] Cog0  BD-REP,sw,4,grp,8,gnm,P8_P23,pin,12,ovl,NONE,rep,26,cog,P0_P15,cogst,STOPPED,clr,NOCLR,sum,500,sumtix,100_056,vrd,NODET,iter,NEVER,fltix,NEVER,bnc,NOMEAS,exit,MAXED,pre,$A0FC,post,$A0FC
[2026-09-15T14:32:41.784] Cog0  BD-REP,sw,4,grp,8,gnm,P8_P23,pin,12,ovl,NONE,rep,27,cog,P0_P15,cogst,STOPPED,clr,NOCLR,sum,500,sumtix,100_056,vrd,NODET,iter,NEVER,fltix,NEVER,bnc,NOMEAS,exit,MAXED,pre,$A0FC,post,$A0FC
[2026-09-15T14:32:41.787] Cog0  BD-REP,sw,4,grp,8,gnm,P8_P23,pin,12,ovl,NONE,rep,28,cog,P0_P15,cogst,STOPPED,clr,NOCLR,sum,500,sumtix,100_056,vrd,NODET,iter,NEVER,fltix,NEVER,bnc,NOMEAS,exit,MAXED,pre,$A0FC,post,$A0FC
[2026-09-15T14:32:41.789] Cog0  BD-REP,sw,4,grp,8,gnm,P8_P23,pin,12,ovl,NONE,rep,29,cog,P0_P15,cogst,STOPPED,clr,NOCLR,sum,500,sumtix,100_056,vrd,NODET,iter,NEVER,fltix,NEVER,bnc,NOMEAS,exit,MAXED,pre,$A0FC,post,$A0FC
[2026-09-15T14:32:41.790] Cog0  BD-REP,sw,4,grp,8,gnm,P8_P23,pin,12,ovl,NONE,rep,30,cog,P0_P15,cogst,STOPPED,clr,NOCLR,sum,500,sumtix,100_056,vrd,NODET,iter,NEVER,fltix,NEVER,bnc,NOMEAS,exit,MAXED,pre,$A0FC,post,$A0FC
[2026-09-15T14:32:41.793] Cog0  BD-REP,sw,4,grp,8,gnm,P8_P23,pin,12,ovl,NONE,rep,31,cog,P0_P15,cogst,STOPPED,clr,NOCLR,sum,500,sumtix,100_056,vrd,NODET,iter,NEVER,fltix,NEVER,bnc,NOMEAS,exit,MAXED,pre,$A0FC,post,$A0FC
[2026-09-15T14:32:41.794] Cog0  BD-REP,sw,4,grp,8,gnm,P8_P23,pin,12,ovl,NONE,rep,32,cog,P0_P15,cogst,STOPPED,clr,NOCLR,sum,500,sumtix,100_056,vrd,NODET,iter,NEVER,fltix,NEVER,bnc,NOMEAS,exit,MAXED,pre,$A0FC,post,$A0FC
[2026-09-15T14:32:41.795] Cog0  BD-LIB,sw,4,grp,8,mark,begin
[2026-09-15T14:32:41.796] Cog0  --- pinSum = 500, Board not detected!, highTimeUs = 385
[2026-09-15T14:32:41.796] Cog0  MOT: fwdDegrees = 43, offset_fwd = $1E93_E93E
[2026-09-15T14:32:41.796] Cog0       revDegrees = 317, offset_rev = $E16C_16C1
[2026-09-15T14:32:41.796] Cog0   - Calc FRAME: frame_cnt = 6_136
[2026-09-15T14:32:41.797] Cog0  * init values dead_gap = 70, pwm_limit = 3_033, adc_fram = 6_136, duty_min = 1_600, duty_max = 24_264
[2026-09-15T14:32:41.797] Cog0  *      values duty_up = 18, duty_dn = 4, cfg_ctcks = 135_000
[2026-09-15T14:32:41.797] Cog0  *VAL* legalVoltage = 6
[2026-09-15T14:32:41.798] Cog0  * ENTRY CFG selectedPower = 6
[2026-09-15T14:32:41.798] Cog0  * EXIT 2 CFG eUserSelectedVolts = 6 maxFwdIncreAtPwr = 147_000_000 minFwdIncreAtPwr = 544_628
[2026-09-15T14:32:41.802] Cog0  --- pinSum = 500, Board not detected!, highTimeUs = 385
[2026-09-15T14:32:41.802] Cog0  BD-LIB,sw,4,grp,8,mark,end,libvrd,NODET,trapped,0
[2026-09-15T14:32:41.804] Cog0  BD-CELL,sw,4,grp,8,gnm,P8_P23,cog,P0_P15,cogst,STOPPED,clr,NOCLR,n,32,sum_min,500,sum_max,500,sum_mean,500,va,0,vb,0,vn,32,modal,NODET,fl_min,NEVER,fl_max,NEVER,fl_never,32,bnc_max,NOMEAS,libvrd,NODET,agree,1
[2026-09-15T14:32:41.804] Cog0  BD-SKIPPED,sw,4,grp,24,gnm,NO_USE_P24_P39,pin,28,ovl,RIGHT+12_PWM_W_L,cog,P0_P15,cogst,STOPPED,clr,NOCLR,n,32,reason,GATE_OVERLAP
[2026-09-15T14:32:41.805] Cog0  BD-SWEEP,sw,4,mark,end,cells,4,skipped,2,reps,128
[2026-09-15T14:32:41.820] Cog0  BD-SWEEP,sw,5,mark,begin,cells,NOMEAS,skipped,NOMEAS,reps,NOMEAS
[2026-09-15T14:32:41.983] Cog0  BD-REP,sw,5,grp,0,gnm,P0_P15,pin,4,ovl,NONE,rep,1,cog,P0_P15,cogst,STOPPED,clr,CLR,sum,500,sumtix,100_056,vrd,NODET,iter,NEVER,fltix,NEVER,bnc,NOMEAS,exit,MAXED,pre,$FCFF,post,$FCFF
[2026-09-15T14:32:41.985] Cog0  BD-REP,sw,5,grp,0,gnm,P0_P15,pin,4,ovl,NONE,rep,2,cog,P0_P15,cogst,STOPPED,clr,CLR,sum,500,sumtix,100_056,vrd,NODET,iter,NEVER,fltix,NEVER,bnc,NOMEAS,exit,MAXED,pre,$FCFF,post,$FCFF
[2026-09-15T14:32:41.987] Cog0  BD-REP,sw,5,grp,0,gnm,P0_P15,pin,4,ovl,NONE,rep,3,cog,P0_P15,cogst,STOPPED,clr,CLR,sum,500,sumtix,100_056,vrd,NODET,iter,NEVER,fltix,NEVER,bnc,NOMEAS,exit,MAXED,pre,$FCFF,post,$FCFF
[2026-09-15T14:32:41.989] Cog0  BD-REP,sw,5,grp,0,gnm,P0_P15,pin,4,ovl,NONE,rep,4,cog,P0_P15,cogst,STOPPED,clr,CLR,sum,500,sumtix,100_056,vrd,NODET,iter,NEVER,fltix,NEVER,bnc,NOMEAS,exit,MAXED,pre,$FCFF,post,$FCFF
[2026-09-15T14:32:41.991] Cog0  BD-REP,sw,5,grp,0,gnm,P0_P15,pin,4,ovl,NONE,rep,5,cog,P0_P15,cogst,STOPPED,clr,CLR,sum,500,sumtix,100_056,vrd,NODET,iter,NEVER,fltix,NEVER,bnc,NOMEAS,exit,MAXED,pre,$FCFF,post,$FCFF
[2026-09-15T14:32:41.993] Cog0  BD-REP,sw,5,grp,0,gnm,P0_P15,pin,4,ovl,NONE,rep,6,cog,P0_P15,cogst,STOPPED,clr,CLR,sum,500,sumtix,100_056,vrd,NODET,iter,NEVER,fltix,NEVER,bnc,NOMEAS,exit,MAXED,pre,$FCFF,post,$FCFF
[2026-09-15T14:32:41.995] Cog0  BD-REP,sw,5,grp,0,gnm,P0_P15,pin,4,ovl,NONE,rep,7,cog,P0_P15,cogst,STOPPED,clr,CLR,sum,500,sumtix,100_056,vrd,NODET,iter,NEVER,fltix,NEVER,bnc,NOMEAS,exit,MAXED,pre,$FCFF,post,$FCFF
[2026-09-15T14:32:41.997] Cog0  BD-REP,sw,5,grp,0,gnm,P0_P15,pin,4,ovl,NONE,rep,8,cog,P0_P15,cogst,STOPPED,clr,CLR,sum,500,sumtix,100_056,vrd,NODET,iter,NEVER,fltix,NEVER,bnc,NOMEAS,exit,MAXED,pre,$FCFF,post,$FCFF
[2026-09-15T14:32:41.999] Cog0  BD-REP,sw,5,grp,0,gnm,P0_P15,pin,4,ovl,NONE,rep,9,cog,P0_P15,cogst,STOPPED,clr,CLR,sum,500,sumtix,100_056,vrd,NODET,iter,NEVER,fltix,NEVER,bnc,NOMEAS,exit,MAXED,pre,$FCFF,post,$FCFF
[2026-09-15T14:32:42.001] Cog0  BD-REP,sw,5,grp,0,gnm,P0_P15,pin,4,ovl,NONE,rep,10,cog,P0_P15,cogst,STOPPED,clr,CLR,sum,500,sumtix,100_056,vrd,NODET,iter,NEVER,fltix,NEVER,bnc,NOMEAS,exit,MAXED,pre,$FCFF,post,$FCFF
[2026-09-15T14:32:42.003] Cog0  BD-REP,sw,5,grp,0,gnm,P0_P15,pin,4,ovl,NONE,rep,11,cog,P0_P15,cogst,STOPPED,clr,CLR,sum,500,sumtix,100_056,vrd,NODET,iter,NEVER,fltix,NEVER,bnc,NOMEAS,exit,MAXED,pre,$FCFF,post,$FCFF
[2026-09-15T14:32:42.005] Cog0  BD-REP,sw,5,grp,0,gnm,P0_P15,pin,4,ovl,NONE,rep,12,cog,P0_P15,cogst,STOPPED,clr,CLR,sum,500,sumtix,100_056,vrd,NODET,iter,NEVER,fltix,NEVER,bnc,NOMEAS,exit,MAXED,pre,$FCFF,post,$FCFF
[2026-09-15T14:32:42.006] Cog0  BD-REP,sw,5,grp,0,gnm,P0_P15,pin,4,ovl,NONE,rep,13,cog,P0_P15,cogst,STOPPED,clr,CLR,sum,500,sumtix,100_056,vrd,NODET,iter,NEVER,fltix,NEVER,bnc,NOMEAS,exit,MAXED,pre,$FCFF,post,$FCFF
[2026-09-15T14:32:42.008] Cog0  BD-REP,sw,5,grp,0,gnm,P0_P15,pin,4,ovl,NONE,rep,14,cog,P0_P15,cogst,STOPPED,clr,CLR,sum,500,sumtix,100_056,vrd,NODET,iter,NEVER,fltix,NEVER,bnc,NOMEAS,exit,MAXED,pre,$FCFF,post,$FCFF
[2026-09-15T14:32:42.010] Cog0  BD-REP,sw,5,grp,0,gnm,P0_P15,pin,4,ovl,NONE,rep,15,cog,P0_P15,cogst,STOPPED,clr,CLR,sum,500,sumtix,100_056,vrd,NODET,iter,NEVER,fltix,NEVER,bnc,NOMEAS,exit,MAXED,pre,$FCFF,post,$FCFF
[2026-09-15T14:32:42.012] Cog0  BD-REP,sw,5,grp,0,gnm,P0_P15,pin,4,ovl,NONE,rep,16,cog,P0_P15,cogst,STOPPED,clr,CLR,sum,500,sumtix,100_056,vrd,NODET,iter,NEVER,fltix,NEVER,bnc,NOMEAS,exit,MAXED,pre,$FCFF,post,$FCFF
[2026-09-15T14:32:42.014] Cog0  BD-REP,sw,5,grp,0,gnm,P0_P15,pin,4,ovl,NONE,rep,17,cog,P0_P15,cogst,STOPPED,clr,CLR,sum,500,sumtix,100_056,vrd,NODET,iter,NEVER,fltix,NEVER,bnc,NOMEAS,exit,MAXED,pre,$FCFF,post,$FCFF
[2026-09-15T14:32:42.017] Cog0  BD-REP,sw,5,grp,0,gnm,P0_P15,pin,4,ovl,NONE,rep,18,cog,P0_P15,cogst,STOPPED,clr,CLR,sum,500,sumtix,100_056,vrd,NODET,iter,NEVER,fltix,NEVER,bnc,NOMEAS,exit,MAXED,pre,$FCFF,post,$FCFF
[2026-09-15T14:32:42.018] Cog0  BD-REP,sw,5,grp,0,gnm,P0_P15,pin,4,ovl,NONE,rep,19,cog,P0_P15,cogst,STOPPED,clr,CLR,sum,500,sumtix,100_056,vrd,NODET,iter,NEVER,fltix,NEVER,bnc,NOMEAS,exit,MAXED,pre,$FCFF,post,$FCFF
[2026-09-15T14:32:42.020] Cog0  BD-REP,sw,5,grp,0,gnm,P0_P15,pin,4,ovl,NONE,rep,20,cog,P0_P15,cogst,STOPPED,clr,CLR,sum,500,sumtix,100_056,vrd,NODET,iter,NEVER,fltix,NEVER,bnc,NOMEAS,exit,MAXED,pre,$FCFF,post,$FCFF
[2026-09-15T14:32:42.022] Cog0  BD-REP,sw,5,grp,0,gnm,P0_P15,pin,4,ovl,NONE,rep,21,cog,P0_P15,cogst,STOPPED,clr,CLR,sum,500,sumtix,100_056,vrd,NODET,iter,NEVER,fltix,NEVER,bnc,NOMEAS,exit,MAXED,pre,$FCFF,post,$FCFF
[2026-09-15T14:32:42.024] Cog0  BD-REP,sw,5,grp,0,gnm,P0_P15,pin,4,ovl,NONE,rep,22,cog,P0_P15,cogst,STOPPED,clr,CLR,sum,500,sumtix,100_056,vrd,NODET,iter,NEVER,fltix,NEVER,bnc,NOMEAS,exit,MAXED,pre,$FCFF,post,$FCFF
[2026-09-15T14:32:42.026] Cog0  BD-REP,sw,5,grp,0,gnm,P0_P15,pin,4,ovl,NONE,rep,23,cog,P0_P15,cogst,STOPPED,clr,CLR,sum,500,sumtix,100_056,vrd,NODET,iter,NEVER,fltix,NEVER,bnc,NOMEAS,exit,MAXED,pre,$FCFF,post,$FCFF
[2026-09-15T14:32:42.028] Cog0  BD-REP,sw,5,grp,0,gnm,P0_P15,pin,4,ovl,NONE,rep,24,cog,P0_P15,cogst,STOPPED,clr,CLR,sum,500,sumtix,100_056,vrd,NODET,iter,NEVER,fltix,NEVER,bnc,NOMEAS,exit,MAXED,pre,$FCFF,post,$FCFF
[2026-09-15T14:32:42.030] Cog0  BD-REP,sw,5,grp,0,gnm,P0_P15,pin,4,ovl,NONE,rep,25,cog,P0_P15,cogst,STOPPED,clr,CLR,sum,500,sumtix,100_056,vrd,NODET,iter,NEVER,fltix,NEVER,bnc,NOMEAS,exit,MAXED,pre,$FCFF,post,$FCFF
[2026-09-15T14:32:42.032] Cog0  BD-REP,sw,5,grp,0,gnm,P0_P15,pin,4,ovl,NONE,rep,26,cog,P0_P15,cogst,STOPPED,clr,CLR,sum,500,sumtix,100_056,vrd,NODET,iter,NEVER,fltix,NEVER,bnc,NOMEAS,exit,MAXED,pre,$FCFF,post,$FCFF
[2026-09-15T14:32:42.034] Cog0  BD-REP,sw,5,grp,0,gnm,P0_P15,pin,4,ovl,NONE,rep,27,cog,P0_P15,cogst,STOPPED,clr,CLR,sum,500,sumtix,100_056,vrd,NODET,iter,NEVER,fltix,NEVER,bnc,NOMEAS,exit,MAXED,pre,$FCFF,post,$FCFF
[2026-09-15T14:32:42.036] Cog0  BD-REP,sw,5,grp,0,gnm,P0_P15,pin,4,ovl,NONE,rep,28,cog,P0_P15,cogst,STOPPED,clr,CLR,sum,500,sumtix,100_056,vrd,NODET,iter,NEVER,fltix,NEVER,bnc,NOMEAS,exit,MAXED,pre,$FCFF,post,$FCFF
[2026-09-15T14:32:42.038] Cog0  BD-REP,sw,5,grp,0,gnm,P0_P15,pin,4,ovl,NONE,rep,29,cog,P0_P15,cogst,STOPPED,clr,CLR,sum,500,sumtix,100_056,vrd,NODET,iter,NEVER,fltix,NEVER,bnc,NOMEAS,exit,MAXED,pre,$FCFF,post,$FCFF
[2026-09-15T14:32:42.039] Cog0  BD-REP,sw,5,grp,0,gnm,P0_P15,pin,4,ovl,NONE,rep,30,cog,P0_P15,cogst,STOPPED,clr,CLR,sum,500,sumtix,100_056,vrd,NODET,iter,NEVER,fltix,NEVER,bnc,NOMEAS,exit,MAXED,pre,$FCFF,post,$FCFF
[2026-09-15T14:32:42.041] Cog0  BD-REP,sw,5,grp,0,gnm,P0_P15,pin,4,ovl,NONE,rep,31,cog,P0_P15,cogst,STOPPED,clr,CLR,sum,500,sumtix,100_056,vrd,NODET,iter,NEVER,fltix,NEVER,bnc,NOMEAS,exit,MAXED,pre,$FCFF,post,$FCFF
[2026-09-15T14:32:42.042] Cog0  BD-REP,sw,5,grp,0,gnm,P0_P15,pin,4,ovl,NONE,rep,32,cog,P0_P15,cogst,STOPPED,clr,CLR,sum,500,sumtix,100_056,vrd,NODET,iter,NEVER,fltix,NEVER,bnc,NOMEAS,exit,MAXED,pre,$FCFF,post,$FCFF
[2026-09-15T14:32:42.044] Cog0  BD-LIB,sw,5,grp,0,mark,begin
[2026-09-15T14:32:42.044] Cog0  --- pinSum = 500, Board not detected!, highTimeUs = 385
[2026-09-15T14:32:42.045] Cog0  MOT: fwdDegrees = 43, offset_fwd = $1E93_E93E
[2026-09-15T14:32:42.045] Cog0       revDegrees = 317, offset_rev = $E16C_16C1
[2026-09-15T14:32:42.045] Cog0   - Calc FRAME: frame_cnt = 6_136
[2026-09-15T14:32:42.046] Cog0  * init values dead_gap = 70, pwm_limit = 3_033, adc_fram = 6_136, duty_min = 1_600, duty_max = 24_264
[2026-09-15T14:32:42.046] Cog0  *      values duty_up = 18, duty_dn = 4, cfg_ctcks = 135_000
[2026-09-15T14:32:42.046] Cog0  *VAL* legalVoltage = 6
[2026-09-15T14:32:42.046] Cog0  * ENTRY CFG selectedPower = 6
[2026-09-15T14:32:42.049] Cog0  * EXIT 2 CFG eUserSelectedVolts = 6 maxFwdIncreAtPwr = 147_000_000 minFwdIncreAtPwr = 544_628
[2026-09-15T14:32:42.049] Cog0  --- pinSum = 500, Board not detected!, highTimeUs = 385
[2026-09-15T14:32:42.051] Cog0  BD-LIB,sw,5,grp,0,mark,end,libvrd,NODET,trapped,0
[2026-09-15T14:32:42.067] Cog0  BD-CELL,sw,5,grp,0,gnm,P0_P15,cog,P0_P15,cogst,STOPPED,clr,CLR,n,32,sum_min,500,sum_max,500,sum_mean,500,va,0,vb,0,vn,32,modal,NODET,fl_min,NEVER,fl_max,NEVER,fl_never,32,bnc_max,NOMEAS,libvrd,NODET,agree,1
[2026-09-15T14:32:42.133] Cog0  BD-REP,sw,5,grp,16,gnm,P16_P31,pin,20,ovl,SELF,rep,1,cog,P0_P15,cogst,STOPPED,clr,CLR,sum,0,sumtix,100_056,vrd,REVA,iter,1,fltix,480,bnc,0,exit,LOW,pre,$00A0,post,$00A0
[2026-09-15T14:32:42.135] Cog0  BD-REP,sw,5,grp,16,gnm,P16_P31,pin,20,ovl,SELF,rep,2,cog,P0_P15,cogst,STOPPED,clr,CLR,sum,0,sumtix,100_056,vrd,REVA,iter,1,fltix,480,bnc,0,exit,LOW,pre,$00A0,post,$00A0
[2026-09-15T14:32:42.137] Cog0  BD-REP,sw,5,grp,16,gnm,P16_P31,pin,20,ovl,SELF,rep,3,cog,P0_P15,cogst,STOPPED,clr,CLR,sum,0,sumtix,100_056,vrd,REVA,iter,1,fltix,480,bnc,0,exit,LOW,pre,$00A0,post,$00A0
[2026-09-15T14:32:42.138] Cog0  BD-REP,sw,5,grp,16,gnm,P16_P31,pin,20,ovl,SELF,rep,4,cog,P0_P15,cogst,STOPPED,clr,CLR,sum,0,sumtix,100_056,vrd,REVA,iter,1,fltix,480,bnc,0,exit,LOW,pre,$00A0,post,$00A0
[2026-09-15T14:32:42.140] Cog0  BD-REP,sw,5,grp,16,gnm,P16_P31,pin,20,ovl,SELF,rep,5,cog,P0_P15,cogst,STOPPED,clr,CLR,sum,0,sumtix,100_056,vrd,REVA,iter,1,fltix,480,bnc,0,exit,LOW,pre,$00A0,post,$00A0
[2026-09-15T14:32:42.142] Cog0  BD-REP,sw,5,grp,16,gnm,P16_P31,pin,20,ovl,SELF,rep,6,cog,P0_P15,cogst,STOPPED,clr,CLR,sum,0,sumtix,100_056,vrd,REVA,iter,1,fltix,480,bnc,0,exit,LOW,pre,$00A0,post,$00A0
[2026-09-15T14:32:42.144] Cog0  BD-REP,sw,5,grp,16,gnm,P16_P31,pin,20,ovl,SELF,rep,7,cog,P0_P15,cogst,STOPPED,clr,CLR,sum,0,sumtix,100_056,vrd,REVA,iter,1,fltix,480,bnc,0,exit,LOW,pre,$00A0,post,$00A0
[2026-09-15T14:32:42.146] Cog0  BD-REP,sw,5,grp,16,gnm,P16_P31,pin,20,ovl,SELF,rep,8,cog,P0_P15,cogst,STOPPED,clr,CLR,sum,0,sumtix,100_056,vrd,REVA,iter,1,fltix,480,bnc,0,exit,LOW,pre,$00A0,post,$00A0
[2026-09-15T14:32:42.148] Cog0  BD-REP,sw,5,grp,16,gnm,P16_P31,pin,20,ovl,SELF,rep,9,cog,P0_P15,cogst,STOPPED,clr,CLR,sum,0,sumtix,100_056,vrd,REVA,iter,1,fltix,480,bnc,0,exit,LOW,pre,$00A0,post,$00A0
[2026-09-15T14:32:42.149] Cog0  BD-REP,sw,5,grp,16,gnm,P16_P31,pin,20,ovl,SELF,rep,10,cog,P0_P15,cogst,STOPPED,clr,CLR,sum,0,sumtix,100_056,vrd,REVA,iter,1,fltix,480,bnc,0,exit,LOW,pre,$00A0,post,$00A0
[2026-09-15T14:32:42.151] Cog0  BD-REP,sw,5,grp,16,gnm,P16_P31,pin,20,ovl,SELF,rep,11,cog,P0_P15,cogst,STOPPED,clr,CLR,sum,0,sumtix,100_056,vrd,REVA,iter,1,fltix,480,bnc,0,exit,LOW,pre,$00A0,post,$00A0
[2026-09-15T14:32:42.153] Cog0  BD-REP,sw,5,grp,16,gnm,P16_P31,pin,20,ovl,SELF,rep,12,cog,P0_P15,cogst,STOPPED,clr,CLR,sum,0,sumtix,100_056,vrd,REVA,iter,1,fltix,480,bnc,0,exit,LOW,pre,$00A0,post,$00A0
[2026-09-15T14:32:42.155] Cog0  BD-REP,sw,5,grp,16,gnm,P16_P31,pin,20,ovl,SELF,rep,13,cog,P0_P15,cogst,STOPPED,clr,CLR,sum,0,sumtix,100_056,vrd,REVA,iter,1,fltix,480,bnc,0,exit,LOW,pre,$00A0,post,$00A0
[2026-09-15T14:32:42.157] Cog0  BD-REP,sw,5,grp,16,gnm,P16_P31,pin,20,ovl,SELF,rep,14,cog,P0_P15,cogst,STOPPED,clr,CLR,sum,0,sumtix,100_056,vrd,REVA,iter,1,fltix,480,bnc,0,exit,LOW,pre,$00A0,post,$00A0
[2026-09-15T14:32:42.158] Cog0  BD-REP,sw,5,grp,16,gnm,P16_P31,pin,20,ovl,SELF,rep,15,cog,P0_P15,cogst,STOPPED,clr,CLR,sum,0,sumtix,100_056,vrd,REVA,iter,1,fltix,480,bnc,0,exit,LOW,pre,$00A0,post,$00A0
[2026-09-15T14:32:42.160] Cog0  BD-REP,sw,5,grp,16,gnm,P16_P31,pin,20,ovl,SELF,rep,16,cog,P0_P15,cogst,STOPPED,clr,CLR,sum,0,sumtix,100_056,vrd,REVA,iter,1,fltix,480,bnc,0,exit,LOW,pre,$00A0,post,$00A0
[2026-09-15T14:32:42.162] Cog0  BD-REP,sw,5,grp,16,gnm,P16_P31,pin,20,ovl,SELF,rep,17,cog,P0_P15,cogst,STOPPED,clr,CLR,sum,0,sumtix,100_056,vrd,REVA,iter,1,fltix,480,bnc,0,exit,LOW,pre,$00A0,post,$00A0
[2026-09-15T14:32:42.164] Cog0  BD-REP,sw,5,grp,16,gnm,P16_P31,pin,20,ovl,SELF,rep,18,cog,P0_P15,cogst,STOPPED,clr,CLR,sum,0,sumtix,100_056,vrd,REVA,iter,1,fltix,480,bnc,0,exit,LOW,pre,$00A0,post,$00A0
[2026-09-15T14:32:42.166] Cog0  BD-REP,sw,5,grp,16,gnm,P16_P31,pin,20,ovl,SELF,rep,19,cog,P0_P15,cogst,STOPPED,clr,CLR,sum,0,sumtix,100_056,vrd,REVA,iter,1,fltix,480,bnc,0,exit,LOW,pre,$00A0,post,$00A0
[2026-09-15T14:32:42.167] Cog0  BD-REP,sw,5,grp,16,gnm,P16_P31,pin,20,ovl,SELF,rep,20,cog,P0_P15,cogst,STOPPED,clr,CLR,sum,0,sumtix,100_056,vrd,REVA,iter,1,fltix,480,bnc,0,exit,LOW,pre,$00A0,post,$00A0
[2026-09-15T14:32:42.169] Cog0  BD-REP,sw,5,grp,16,gnm,P16_P31,pin,20,ovl,SELF,rep,21,cog,P0_P15,cogst,STOPPED,clr,CLR,sum,0,sumtix,100_056,vrd,REVA,iter,1,fltix,480,bnc,0,exit,LOW,pre,$00A0,post,$00A0
[2026-09-15T14:32:42.171] Cog0  BD-REP,sw,5,grp,16,gnm,P16_P31,pin,20,ovl,SELF,rep,22,cog,P0_P15,cogst,STOPPED,clr,CLR,sum,0,sumtix,100_056,vrd,REVA,iter,1,fltix,480,bnc,0,exit,LOW,pre,$00A0,post,$00A0
[2026-09-15T14:32:42.173] Cog0  BD-REP,sw,5,grp,16,gnm,P16_P31,pin,20,ovl,SELF,rep,23,cog,P0_P15,cogst,STOPPED,clr,CLR,sum,0,sumtix,100_056,vrd,REVA,iter,1,fltix,480,bnc,0,exit,LOW,pre,$00A0,post,$00A0
[2026-09-15T14:32:42.175] Cog0  BD-REP,sw,5,grp,16,gnm,P16_P31,pin,20,ovl,SELF,rep,24,cog,P0_P15,cogst,STOPPED,clr,CLR,sum,0,sumtix,100_056,vrd,REVA,iter,1,fltix,480,bnc,0,exit,LOW,pre,$00A0,post,$00A0
[2026-09-15T14:32:42.177] Cog0  BD-REP,sw,5,grp,16,gnm,P16_P31,pin,20,ovl,SELF,rep,25,cog,P0_P15,cogst,STOPPED,clr,CLR,sum,0,sumtix,100_056,vrd,REVA,iter,1,fltix,480,bnc,0,exit,LOW,pre,$00A0,post,$00A0
[2026-09-15T14:32:42.179] Cog0  BD-REP,sw,5,grp,16,gnm,P16_P31,pin,20,ovl,SELF,rep,26,cog,P0_P15,cogst,STOPPED,clr,CLR,sum,0,sumtix,100_056,vrd,REVA,iter,1,fltix,480,bnc,0,exit,LOW,pre,$00A0,post,$00A0
[2026-09-15T14:32:42.180] Cog0  BD-REP,sw,5,grp,16,gnm,P16_P31,pin,20,ovl,SELF,rep,27,cog,P0_P15,cogst,STOPPED,clr,CLR,sum,0,sumtix,100_056,vrd,REVA,iter,1,fltix,480,bnc,0,exit,LOW,pre,$00A0,post,$00A0
[2026-09-15T14:32:42.182] Cog0  BD-REP,sw,5,grp,16,gnm,P16_P31,pin,20,ovl,SELF,rep,28,cog,P0_P15,cogst,STOPPED,clr,CLR,sum,0,sumtix,100_056,vrd,REVA,iter,1,fltix,480,bnc,0,exit,LOW,pre,$00A0,post,$00A0
[2026-09-15T14:32:42.184] Cog0  BD-REP,sw,5,grp,16,gnm,P16_P31,pin,20,ovl,SELF,rep,29,cog,P0_P15,cogst,STOPPED,clr,CLR,sum,0,sumtix,100_056,vrd,REVA,iter,1,fltix,480,bnc,0,exit,LOW,pre,$00A0,post,$00A0
[2026-09-15T14:32:42.186] Cog0  BD-REP,sw,5,grp,16,gnm,P16_P31,pin,20,ovl,SELF,rep,30,cog,P0_P15,cogst,STOPPED,clr,CLR,sum,0,sumtix,100_056,vrd,REVA,iter,1,fltix,480,bnc,0,exit,LOW,pre,$00A0,post,$00A0
[2026-09-15T14:32:42.188] Cog0  BD-REP,sw,5,grp,16,gnm,P16_P31,pin,20,ovl,SELF,rep,31,cog,P0_P15,cogst,STOPPED,clr,CLR,sum,0,sumtix,100_056,vrd,REVA,iter,1,fltix,480,bnc,0,exit,LOW,pre,$00A0,post,$00A0
[2026-09-15T14:32:42.190] Cog0  BD-REP,sw,5,grp,16,gnm,P16_P31,pin,20,ovl,SELF,rep,32,cog,P0_P15,cogst,STOPPED,clr,CLR,sum,0,sumtix,100_056,vrd,REVA,iter,1,fltix,480,bnc,0,exit,LOW,pre,$00A0,post,$00A0
[2026-09-15T14:32:42.190] Cog0  BD-LIB,sw,5,grp,16,mark,begin
[2026-09-15T14:32:42.191] Cog0  --- pinSum = 0, 64010 Rev A, highTimeUs = 0
[2026-09-15T14:32:42.191] Cog0  MOT: fwdDegrees = 43, offset_fwd = $1E93_E93E
[2026-09-15T14:32:42.191] Cog0       revDegrees = 317, offset_rev = $E16C_16C1
[2026-09-15T14:32:42.191] Cog0   - Calc FRAME: frame_cnt = 6_136
[2026-09-15T14:32:42.192] Cog0  * init values dead_gap = 70, pwm_limit = 3_033, adc_fram = 6_136, duty_min = 1_600, duty_max = 24_264
[2026-09-15T14:32:42.192] Cog0  *      values duty_up = 18, duty_dn = 4, cfg_ctcks = 135_000
[2026-09-15T14:32:42.193] Cog0  *VAL* legalVoltage = 6
[2026-09-15T14:32:42.193] Cog0  * ENTRY CFG selectedPower = 6
[2026-09-15T14:32:42.195] Cog0  * EXIT 2 CFG eUserSelectedVolts = 6 maxFwdIncreAtPwr = 147_000_000 minFwdIncreAtPwr = 544_628
[2026-09-15T14:32:42.195] Cog0  --- pinSum = 0, 64010 Rev A, highTimeUs = 0
[2026-09-15T14:32:42.197] Cog0  BD-LIB,sw,5,grp,16,mark,end,libvrd,REVA,trapped,0
[2026-09-15T14:32:42.213] Cog0  BD-CELL,sw,5,grp,16,gnm,P16_P31,cog,P0_P15,cogst,STOPPED,clr,CLR,n,32,sum_min,0,sum_max,0,sum_mean,0,va,32,vb,0,vn,0,modal,REVA,fl_min,1,fl_max,1,fl_never,0,bnc_max,0,libvrd,REVA,agree,1
[2026-09-15T14:32:42.279] Cog0  BD-REP,sw,5,grp,32,gnm,P32_P47,pin,36,ovl,SELF,rep,1,cog,P0_P15,cogst,STOPPED,clr,CLR,sum,0,sumtix,100_056,vrd,REVA,iter,1,fltix,480,bnc,0,exit,LOW,pre,$0060,post,$0060
[2026-09-15T14:32:42.281] Cog0  BD-REP,sw,5,grp,32,gnm,P32_P47,pin,36,ovl,SELF,rep,2,cog,P0_P15,cogst,STOPPED,clr,CLR,sum,0,sumtix,100_056,vrd,REVA,iter,1,fltix,480,bnc,0,exit,LOW,pre,$0060,post,$0060
[2026-09-15T14:32:42.283] Cog0  BD-REP,sw,5,grp,32,gnm,P32_P47,pin,36,ovl,SELF,rep,3,cog,P0_P15,cogst,STOPPED,clr,CLR,sum,0,sumtix,100_056,vrd,REVA,iter,1,fltix,480,bnc,0,exit,LOW,pre,$0060,post,$0060
[2026-09-15T14:32:42.284] Cog0  BD-REP,sw,5,grp,32,gnm,P32_P47,pin,36,ovl,SELF,rep,4,cog,P0_P15,cogst,STOPPED,clr,CLR,sum,0,sumtix,100_056,vrd,REVA,iter,1,fltix,480,bnc,0,exit,LOW,pre,$0060,post,$0060
[2026-09-15T14:32:42.286] Cog0  BD-REP,sw,5,grp,32,gnm,P32_P47,pin,36,ovl,SELF,rep,5,cog,P0_P15,cogst,STOPPED,clr,CLR,sum,0,sumtix,100_056,vrd,REVA,iter,1,fltix,480,bnc,0,exit,LOW,pre,$0060,post,$0060
[2026-09-15T14:32:42.288] Cog0  BD-REP,sw,5,grp,32,gnm,P32_P47,pin,36,ovl,SELF,rep,6,cog,P0_P15,cogst,STOPPED,clr,CLR,sum,0,sumtix,100_056,vrd,REVA,iter,1,fltix,480,bnc,0,exit,LOW,pre,$0060,post,$0060
[2026-09-15T14:32:42.290] Cog0  BD-REP,sw,5,grp,32,gnm,P32_P47,pin,36,ovl,SELF,rep,7,cog,P0_P15,cogst,STOPPED,clr,CLR,sum,0,sumtix,100_056,vrd,REVA,iter,1,fltix,480,bnc,0,exit,LOW,pre,$0060,post,$0060
[2026-09-15T14:32:42.292] Cog0  BD-REP,sw,5,grp,32,gnm,P32_P47,pin,36,ovl,SELF,rep,8,cog,P0_P15,cogst,STOPPED,clr,CLR,sum,0,sumtix,100_056,vrd,REVA,iter,1,fltix,480,bnc,0,exit,LOW,pre,$0060,post,$0060
[2026-09-15T14:32:42.293] Cog0  BD-REP,sw,5,grp,32,gnm,P32_P47,pin,36,ovl,SELF,rep,9,cog,P0_P15,cogst,STOPPED,clr,CLR,sum,0,sumtix,100_056,vrd,REVA,iter,1,fltix,480,bnc,0,exit,LOW,pre,$0060,post,$0060
[2026-09-15T14:32:42.295] Cog0  BD-REP,sw,5,grp,32,gnm,P32_P47,pin,36,ovl,SELF,rep,10,cog,P0_P15,cogst,STOPPED,clr,CLR,sum,0,sumtix,100_056,vrd,REVA,iter,1,fltix,480,bnc,0,exit,LOW,pre,$0060,post,$0060
[2026-09-15T14:32:42.297] Cog0  BD-REP,sw,5,grp,32,gnm,P32_P47,pin,36,ovl,SELF,rep,11,cog,P0_P15,cogst,STOPPED,clr,CLR,sum,0,sumtix,100_056,vrd,REVA,iter,1,fltix,480,bnc,0,exit,LOW,pre,$0060,post,$0060
[2026-09-15T14:32:42.299] Cog0  BD-REP,sw,5,grp,32,gnm,P32_P47,pin,36,ovl,SELF,rep,12,cog,P0_P15,cogst,STOPPED,clr,CLR,sum,0,sumtix,100_056,vrd,REVA,iter,1,fltix,480,bnc,0,exit,LOW,pre,$0060,post,$0060
[2026-09-15T14:32:42.301] Cog0  BD-REP,sw,5,grp,32,gnm,P32_P47,pin,36,ovl,SELF,rep,13,cog,P0_P15,cogst,STOPPED,clr,CLR,sum,0,sumtix,100_056,vrd,REVA,iter,1,fltix,480,bnc,0,exit,LOW,pre,$0060,post,$0060
[2026-09-15T14:32:42.302] Cog0  BD-REP,sw,5,grp,32,gnm,P32_P47,pin,36,ovl,SELF,rep,14,cog,P0_P15,cogst,STOPPED,clr,CLR,sum,0,sumtix,100_056,vrd,REVA,iter,1,fltix,480,bnc,0,exit,LOW,pre,$0060,post,$0060
[2026-09-15T14:32:42.304] Cog0  BD-REP,sw,5,grp,32,gnm,P32_P47,pin,36,ovl,SELF,rep,15,cog,P0_P15,cogst,STOPPED,clr,CLR,sum,0,sumtix,100_056,vrd,REVA,iter,1,fltix,480,bnc,0,exit,LOW,pre,$0060,post,$0060
[2026-09-15T14:32:42.306] Cog0  BD-REP,sw,5,grp,32,gnm,P32_P47,pin,36,ovl,SELF,rep,16,cog,P0_P15,cogst,STOPPED,clr,CLR,sum,0,sumtix,100_056,vrd,REVA,iter,1,fltix,480,bnc,0,exit,LOW,pre,$0060,post,$0060
[2026-09-15T14:32:42.308] Cog0  BD-REP,sw,5,grp,32,gnm,P32_P47,pin,36,ovl,SELF,rep,17,cog,P0_P15,cogst,STOPPED,clr,CLR,sum,0,sumtix,100_056,vrd,REVA,iter,1,fltix,480,bnc,0,exit,LOW,pre,$0060,post,$0060
[2026-09-15T14:32:42.310] Cog0  BD-REP,sw,5,grp,32,gnm,P32_P47,pin,36,ovl,SELF,rep,18,cog,P0_P15,cogst,STOPPED,clr,CLR,sum,0,sumtix,100_056,vrd,REVA,iter,1,fltix,480,bnc,0,exit,LOW,pre,$0060,post,$0060
[2026-09-15T14:32:42.312] Cog0  BD-REP,sw,5,grp,32,gnm,P32_P47,pin,36,ovl,SELF,rep,19,cog,P0_P15,cogst,STOPPED,clr,CLR,sum,0,sumtix,100_056,vrd,REVA,iter,1,fltix,480,bnc,0,exit,LOW,pre,$0060,post,$0060
[2026-09-15T14:32:42.313] Cog0  BD-REP,sw,5,grp,32,gnm,P32_P47,pin,36,ovl,SELF,rep,20,cog,P0_P15,cogst,STOPPED,clr,CLR,sum,0,sumtix,100_056,vrd,REVA,iter,1,fltix,480,bnc,0,exit,LOW,pre,$0060,post,$0060
[2026-09-15T14:32:42.315] Cog0  BD-REP,sw,5,grp,32,gnm,P32_P47,pin,36,ovl,SELF,rep,21,cog,P0_P15,cogst,STOPPED,clr,CLR,sum,0,sumtix,100_056,vrd,REVA,iter,1,fltix,480,bnc,0,exit,LOW,pre,$0060,post,$0060
[2026-09-15T14:32:42.317] Cog0  BD-REP,sw,5,grp,32,gnm,P32_P47,pin,36,ovl,SELF,rep,22,cog,P0_P15,cogst,STOPPED,clr,CLR,sum,0,sumtix,100_056,vrd,REVA,iter,1,fltix,480,bnc,0,exit,LOW,pre,$0060,post,$0060
[2026-09-15T14:32:42.319] Cog0  BD-REP,sw,5,grp,32,gnm,P32_P47,pin,36,ovl,SELF,rep,23,cog,P0_P15,cogst,STOPPED,clr,CLR,sum,0,sumtix,100_056,vrd,REVA,iter,1,fltix,480,bnc,0,exit,LOW,pre,$0060,post,$0060
[2026-09-15T14:32:42.321] Cog0  BD-REP,sw,5,grp,32,gnm,P32_P47,pin,36,ovl,SELF,rep,24,cog,P0_P15,cogst,STOPPED,clr,CLR,sum,0,sumtix,100_056,vrd,REVA,iter,1,fltix,480,bnc,0,exit,LOW,pre,$0060,post,$0060
[2026-09-15T14:32:42.323] Cog0  BD-REP,sw,5,grp,32,gnm,P32_P47,pin,36,ovl,SELF,rep,25,cog,P0_P15,cogst,STOPPED,clr,CLR,sum,0,sumtix,100_056,vrd,REVA,iter,1,fltix,480,bnc,0,exit,LOW,pre,$0060,post,$0060
[2026-09-15T14:32:42.325] Cog0  BD-REP,sw,5,grp,32,gnm,P32_P47,pin,36,ovl,SELF,rep,26,cog,P0_P15,cogst,STOPPED,clr,CLR,sum,0,sumtix,100_056,vrd,REVA,iter,1,fltix,480,bnc,0,exit,LOW,pre,$0060,post,$0060
[2026-09-15T14:32:42.326] Cog0  BD-REP,sw,5,grp,32,gnm,P32_P47,pin,36,ovl,SELF,rep,27,cog,P0_P15,cogst,STOPPED,clr,CLR,sum,0,sumtix,100_056,vrd,REVA,iter,1,fltix,480,bnc,0,exit,LOW,pre,$0060,post,$0060
[2026-09-15T14:32:42.328] Cog0  BD-REP,sw,5,grp,32,gnm,P32_P47,pin,36,ovl,SELF,rep,28,cog,P0_P15,cogst,STOPPED,clr,CLR,sum,0,sumtix,100_056,vrd,REVA,iter,1,fltix,480,bnc,0,exit,LOW,pre,$0060,post,$0060
[2026-09-15T14:32:42.330] Cog0  BD-REP,sw,5,grp,32,gnm,P32_P47,pin,36,ovl,SELF,rep,29,cog,P0_P15,cogst,STOPPED,clr,CLR,sum,0,sumtix,100_056,vrd,REVA,iter,1,fltix,480,bnc,0,exit,LOW,pre,$0060,post,$0060
[2026-09-15T14:32:42.332] Cog0  BD-REP,sw,5,grp,32,gnm,P32_P47,pin,36,ovl,SELF,rep,30,cog,P0_P15,cogst,STOPPED,clr,CLR,sum,0,sumtix,100_056,vrd,REVA,iter,1,fltix,480,bnc,0,exit,LOW,pre,$0060,post,$0060
[2026-09-15T14:32:42.334] Cog0  BD-REP,sw,5,grp,32,gnm,P32_P47,pin,36,ovl,SELF,rep,31,cog,P0_P15,cogst,STOPPED,clr,CLR,sum,0,sumtix,100_056,vrd,REVA,iter,1,fltix,480,bnc,0,exit,LOW,pre,$0060,post,$0060
[2026-09-15T14:32:42.336] Cog0  BD-REP,sw,5,grp,32,gnm,P32_P47,pin,36,ovl,SELF,rep,32,cog,P0_P15,cogst,STOPPED,clr,CLR,sum,0,sumtix,100_056,vrd,REVA,iter,1,fltix,480,bnc,0,exit,LOW,pre,$0060,post,$0060
[2026-09-15T14:32:42.336] Cog0  BD-LIB,sw,5,grp,32,mark,begin
[2026-09-15T14:32:42.337] Cog0  --- pinSum = 0, 64010 Rev A, highTimeUs = 0
[2026-09-15T14:32:42.337] Cog0  MOT: fwdDegrees = 43, offset_fwd = $1E93_E93E
[2026-09-15T14:32:42.337] Cog0       revDegrees = 317, offset_rev = $E16C_16C1
[2026-09-15T14:32:42.337] Cog0   - Calc FRAME: frame_cnt = 6_136
[2026-09-15T14:32:42.338] Cog0  * init values dead_gap = 70, pwm_limit = 3_033, adc_fram = 6_136, duty_min = 1_600, duty_max = 24_264
[2026-09-15T14:32:42.338] Cog0  *      values duty_up = 18, duty_dn = 4, cfg_ctcks = 135_000
[2026-09-15T14:32:42.338] Cog0  *VAL* legalVoltage = 6
[2026-09-15T14:32:42.338] Cog0  * ENTRY CFG selectedPower = 6
[2026-09-15T14:32:42.340] Cog0  * EXIT 2 CFG eUserSelectedVolts = 6 maxFwdIncreAtPwr = 147_000_000 minFwdIncreAtPwr = 544_628
[2026-09-15T14:32:42.341] Cog0  --- pinSum = 0, 64010 Rev A, highTimeUs = 0
[2026-09-15T14:32:42.343] Cog0  BD-LIB,sw,5,grp,32,mark,end,libvrd,REVA,trapped,0
[2026-09-15T14:32:42.344] Cog0  BD-CELL,sw,5,grp,32,gnm,P32_P47,cog,P0_P15,cogst,STOPPED,clr,CLR,n,32,sum_min,0,sum_max,0,sum_mean,0,va,32,vb,0,vn,0,modal,REVA,fl_min,1,fl_max,1,fl_never,0,bnc_max,0,libvrd,REVA,agree,1
[2026-09-15T14:32:42.360] Cog0  BD-SKIPPED,sw,5,grp,40,gnm,P40_P55,pin,44,ovl,LEFT+12_PWM_W_L,cog,P0_P15,cogst,STOPPED,clr,CLR,n,32,reason,GATE_OVERLAP
[2026-09-15T14:32:42.523] Cog0  BD-REP,sw,5,grp,8,gnm,P8_P23,pin,12,ovl,NONE,rep,1,cog,P0_P15,cogst,STOPPED,clr,CLR,sum,500,sumtix,100_056,vrd,NODET,iter,NEVER,fltix,NEVER,bnc,NOMEAS,exit,MAXED,pre,$A0FC,post,$A0FC
[2026-09-15T14:32:42.525] Cog0  BD-REP,sw,5,grp,8,gnm,P8_P23,pin,12,ovl,NONE,rep,2,cog,P0_P15,cogst,STOPPED,clr,CLR,sum,500,sumtix,100_056,vrd,NODET,iter,NEVER,fltix,NEVER,bnc,NOMEAS,exit,MAXED,pre,$A0FC,post,$A0FC
[2026-09-15T14:32:42.527] Cog0  BD-REP,sw,5,grp,8,gnm,P8_P23,pin,12,ovl,NONE,rep,3,cog,P0_P15,cogst,STOPPED,clr,CLR,sum,500,sumtix,100_056,vrd,NODET,iter,NEVER,fltix,NEVER,bnc,NOMEAS,exit,MAXED,pre,$A0FC,post,$A0FC
[2026-09-15T14:32:42.529] Cog0  BD-REP,sw,5,grp,8,gnm,P8_P23,pin,12,ovl,NONE,rep,4,cog,P0_P15,cogst,STOPPED,clr,CLR,sum,500,sumtix,100_056,vrd,NODET,iter,NEVER,fltix,NEVER,bnc,NOMEAS,exit,MAXED,pre,$A0FC,post,$A0FC
[2026-09-15T14:32:42.531] Cog0  BD-REP,sw,5,grp,8,gnm,P8_P23,pin,12,ovl,NONE,rep,5,cog,P0_P15,cogst,STOPPED,clr,CLR,sum,500,sumtix,100_056,vrd,NODET,iter,NEVER,fltix,NEVER,bnc,NOMEAS,exit,MAXED,pre,$A0FC,post,$A0FC
[2026-09-15T14:32:42.533] Cog0  BD-REP,sw,5,grp,8,gnm,P8_P23,pin,12,ovl,NONE,rep,6,cog,P0_P15,cogst,STOPPED,clr,CLR,sum,500,sumtix,100_056,vrd,NODET,iter,NEVER,fltix,NEVER,bnc,NOMEAS,exit,MAXED,pre,$A0FC,post,$A0FC
[2026-09-15T14:32:42.534] Cog0  BD-REP,sw,5,grp,8,gnm,P8_P23,pin,12,ovl,NONE,rep,7,cog,P0_P15,cogst,STOPPED,clr,CLR,sum,500,sumtix,100_056,vrd,NODET,iter,NEVER,fltix,NEVER,bnc,NOMEAS,exit,MAXED,pre,$A0FC,post,$A0FC
[2026-09-15T14:32:42.536] Cog0  BD-REP,sw,5,grp,8,gnm,P8_P23,pin,12,ovl,NONE,rep,8,cog,P0_P15,cogst,STOPPED,clr,CLR,sum,500,sumtix,100_056,vrd,NODET,iter,NEVER,fltix,NEVER,bnc,NOMEAS,exit,MAXED,pre,$A0FC,post,$A0FC
[2026-09-15T14:32:42.538] Cog0  BD-REP,sw,5,grp,8,gnm,P8_P23,pin,12,ovl,NONE,rep,9,cog,P0_P15,cogst,STOPPED,clr,CLR,sum,500,sumtix,100_056,vrd,NODET,iter,NEVER,fltix,NEVER,bnc,NOMEAS,exit,MAXED,pre,$A0FC,post,$A0FC
[2026-09-15T14:32:42.540] Cog0  BD-REP,sw,5,grp,8,gnm,P8_P23,pin,12,ovl,NONE,rep,10,cog,P0_P15,cogst,STOPPED,clr,CLR,sum,500,sumtix,100_056,vrd,NODET,iter,NEVER,fltix,NEVER,bnc,NOMEAS,exit,MAXED,pre,$A0FC,post,$A0FC
[2026-09-15T14:32:42.542] Cog0  BD-REP,sw,5,grp,8,gnm,P8_P23,pin,12,ovl,NONE,rep,11,cog,P0_P15,cogst,STOPPED,clr,CLR,sum,500,sumtix,100_056,vrd,NODET,iter,NEVER,fltix,NEVER,bnc,NOMEAS,exit,MAXED,pre,$A0FC,post,$A0FC
[2026-09-15T14:32:42.544] Cog0  BD-REP,sw,5,grp,8,gnm,P8_P23,pin,12,ovl,NONE,rep,12,cog,P0_P15,cogst,STOPPED,clr,CLR,sum,500,sumtix,100_056,vrd,NODET,iter,NEVER,fltix,NEVER,bnc,NOMEAS,exit,MAXED,pre,$A0FC,post,$A0FC
[2026-09-15T14:32:42.546] Cog0  BD-REP,sw,5,grp,8,gnm,P8_P23,pin,12,ovl,NONE,rep,13,cog,P0_P15,cogst,STOPPED,clr,CLR,sum,500,sumtix,100_056,vrd,NODET,iter,NEVER,fltix,NEVER,bnc,NOMEAS,exit,MAXED,pre,$A0FC,post,$A0FC
[2026-09-15T14:32:42.548] Cog0  BD-REP,sw,5,grp,8,gnm,P8_P23,pin,12,ovl,NONE,rep,14,cog,P0_P15,cogst,STOPPED,clr,CLR,sum,500,sumtix,100_056,vrd,NODET,iter,NEVER,fltix,NEVER,bnc,NOMEAS,exit,MAXED,pre,$A0FC,post,$A0FC
[2026-09-15T14:32:42.550] Cog0  BD-REP,sw,5,grp,8,gnm,P8_P23,pin,12,ovl,NONE,rep,15,cog,P0_P15,cogst,STOPPED,clr,CLR,sum,500,sumtix,100_056,vrd,NODET,iter,NEVER,fltix,NEVER,bnc,NOMEAS,exit,MAXED,pre,$A0FC,post,$A0FC
[2026-09-15T14:32:42.552] Cog0  BD-REP,sw,5,grp,8,gnm,P8_P23,pin,12,ovl,NONE,rep,16,cog,P0_P15,cogst,STOPPED,clr,CLR,sum,500,sumtix,100_056,vrd,NODET,iter,NEVER,fltix,NEVER,bnc,NOMEAS,exit,MAXED,pre,$A0FC,post,$A0FC
[2026-09-15T14:32:42.554] Cog0  BD-REP,sw,5,grp,8,gnm,P8_P23,pin,12,ovl,NONE,rep,17,cog,P0_P15,cogst,STOPPED,clr,CLR,sum,500,sumtix,100_056,vrd,NODET,iter,NEVER,fltix,NEVER,bnc,NOMEAS,exit,MAXED,pre,$A0FC,post,$A0FC
[2026-09-15T14:32:42.556] Cog0  BD-REP,sw,5,grp,8,gnm,P8_P23,pin,12,ovl,NONE,rep,18,cog,P0_P15,cogst,STOPPED,clr,CLR,sum,500,sumtix,100_056,vrd,NODET,iter,NEVER,fltix,NEVER,bnc,NOMEAS,exit,MAXED,pre,$A0FC,post,$A0FC
[2026-09-15T14:32:42.558] Cog0  BD-REP,sw,5,grp,8,gnm,P8_P23,pin,12,ovl,NONE,rep,19,cog,P0_P15,cogst,STOPPED,clr,CLR,sum,500,sumtix,100_056,vrd,NODET,iter,NEVER,fltix,NEVER,bnc,NOMEAS,exit,MAXED,pre,$A0FC,post,$A0FC
[2026-09-15T14:32:42.560] Cog0  BD-REP,sw,5,grp,8,gnm,P8_P23,pin,12,ovl,NONE,rep,20,cog,P0_P15,cogst,STOPPED,clr,CLR,sum,500,sumtix,100_056,vrd,NODET,iter,NEVER,fltix,NEVER,bnc,NOMEAS,exit,MAXED,pre,$A0FC,post,$A0FC
[2026-09-15T14:32:42.562] Cog0  BD-REP,sw,5,grp,8,gnm,P8_P23,pin,12,ovl,NONE,rep,21,cog,P0_P15,cogst,STOPPED,clr,CLR,sum,500,sumtix,100_056,vrd,NODET,iter,NEVER,fltix,NEVER,bnc,NOMEAS,exit,MAXED,pre,$A0FC,post,$A0FC
[2026-09-15T14:32:42.564] Cog0  BD-REP,sw,5,grp,8,gnm,P8_P23,pin,12,ovl,NONE,rep,22,cog,P0_P15,cogst,STOPPED,clr,CLR,sum,500,sumtix,100_056,vrd,NODET,iter,NEVER,fltix,NEVER,bnc,NOMEAS,exit,MAXED,pre,$A0FC,post,$A0FC
[2026-09-15T14:32:42.566] Cog0  BD-REP,sw,5,grp,8,gnm,P8_P23,pin,12,ovl,NONE,rep,23,cog,P0_P15,cogst,STOPPED,clr,CLR,sum,500,sumtix,100_056,vrd,NODET,iter,NEVER,fltix,NEVER,bnc,NOMEAS,exit,MAXED,pre,$A0FC,post,$A0FC
[2026-09-15T14:32:42.568] Cog0  BD-REP,sw,5,grp,8,gnm,P8_P23,pin,12,ovl,NONE,rep,24,cog,P0_P15,cogst,STOPPED,clr,CLR,sum,500,sumtix,100_056,vrd,NODET,iter,NEVER,fltix,NEVER,bnc,NOMEAS,exit,MAXED,pre,$A0FC,post,$A0FC
[2026-09-15T14:32:42.569] Cog0  BD-REP,sw,5,grp,8,gnm,P8_P23,pin,12,ovl,NONE,rep,25,cog,P0_P15,cogst,STOPPED,clr,CLR,sum,500,sumtix,100_056,vrd,NODET,iter,NEVER,fltix,NEVER,bnc,NOMEAS,exit,MAXED,pre,$A0FC,post,$A0FC
[2026-09-15T14:32:42.571] Cog0  BD-REP,sw,5,grp,8,gnm,P8_P23,pin,12,ovl,NONE,rep,26,cog,P0_P15,cogst,STOPPED,clr,CLR,sum,500,sumtix,100_056,vrd,NODET,iter,NEVER,fltix,NEVER,bnc,NOMEAS,exit,MAXED,pre,$A0FC,post,$A0FC
[2026-09-15T14:32:42.574] Cog0  BD-REP,sw,5,grp,8,gnm,P8_P23,pin,12,ovl,NONE,rep,27,cog,P0_P15,cogst,STOPPED,clr,CLR,sum,500,sumtix,100_056,vrd,NODET,iter,NEVER,fltix,NEVER,bnc,NOMEAS,exit,MAXED,pre,$A0FC,post,$A0FC
[2026-09-15T14:32:42.575] Cog0  BD-REP,sw,5,grp,8,gnm,P8_P23,pin,12,ovl,NONE,rep,28,cog,P0_P15,cogst,STOPPED,clr,CLR,sum,500,sumtix,100_056,vrd,NODET,iter,NEVER,fltix,NEVER,bnc,NOMEAS,exit,MAXED,pre,$A0FC,post,$A0FC
[2026-09-15T14:32:42.578] Cog0  BD-REP,sw,5,grp,8,gnm,P8_P23,pin,12,ovl,NONE,rep,29,cog,P0_P15,cogst,STOPPED,clr,CLR,sum,500,sumtix,100_056,vrd,NODET,iter,NEVER,fltix,NEVER,bnc,NOMEAS,exit,MAXED,pre,$A0FC,post,$A0FC
[2026-09-15T14:32:42.580] Cog0  BD-REP,sw,5,grp,8,gnm,P8_P23,pin,12,ovl,NONE,rep,30,cog,P0_P15,cogst,STOPPED,clr,CLR,sum,500,sumtix,100_056,vrd,NODET,iter,NEVER,fltix,NEVER,bnc,NOMEAS,exit,MAXED,pre,$A0FC,post,$A0FC
[2026-09-15T14:32:42.581] Cog0  BD-REP,sw,5,grp,8,gnm,P8_P23,pin,12,ovl,NONE,rep,31,cog,P0_P15,cogst,STOPPED,clr,CLR,sum,500,sumtix,100_056,vrd,NODET,iter,NEVER,fltix,NEVER,bnc,NOMEAS,exit,MAXED,pre,$A0FC,post,$A0FC
[2026-09-15T14:32:42.582] Cog0  BD-REP,sw,5,grp,8,gnm,P8_P23,pin,12,ovl,NONE,rep,32,cog,P0_P15,cogst,STOPPED,clr,CLR,sum,500,sumtix,100_056,vrd,NODET,iter,NEVER,fltix,NEVER,bnc,NOMEAS,exit,MAXED,pre,$A0FC,post,$A0FC
[2026-09-15T14:32:42.584] Cog0  BD-LIB,sw,5,grp,8,mark,begin
[2026-09-15T14:32:42.585] Cog0  --- pinSum = 500, Board not detected!, highTimeUs = 385
[2026-09-15T14:32:42.585] Cog0  MOT: fwdDegrees = 43, offset_fwd = $1E93_E93E
[2026-09-15T14:32:42.585] Cog0       revDegrees = 317, offset_rev = $E16C_16C1
[2026-09-15T14:32:42.585] Cog0   - Calc FRAME: frame_cnt = 6_136
[2026-09-15T14:32:42.586] Cog0  * init values dead_gap = 70, pwm_limit = 3_033, adc_fram = 6_136, duty_min = 1_600, duty_max = 24_264
[2026-09-15T14:32:42.586] Cog0  *      values duty_up = 18, duty_dn = 4, cfg_ctcks = 135_000
[2026-09-15T14:32:42.586] Cog0  *VAL* legalVoltage = 6
[2026-09-15T14:32:42.586] Cog0  * ENTRY CFG selectedPower = 6
[2026-09-15T14:32:42.588] Cog0  * EXIT 2 CFG eUserSelectedVolts = 6 maxFwdIncreAtPwr = 147_000_000 minFwdIncreAtPwr = 544_628
[2026-09-15T14:32:42.589] Cog0  --- pinSum = 500, Board not detected!, highTimeUs = 385
[2026-09-15T14:32:42.590] Cog0  BD-LIB,sw,5,grp,8,mark,end,libvrd,NODET,trapped,0
[2026-09-15T14:32:42.592] Cog0  BD-CELL,sw,5,grp,8,gnm,P8_P23,cog,P0_P15,cogst,STOPPED,clr,CLR,n,32,sum_min,500,sum_max,500,sum_mean,500,va,0,vb,0,vn,32,modal,NODET,fl_min,NEVER,fl_max,NEVER,fl_never,32,bnc_max,NOMEAS,libvrd,NODET,agree,1
[2026-09-15T14:32:42.593] Cog0  BD-SKIPPED,sw,5,grp,24,gnm,NO_USE_P24_P39,pin,28,ovl,RIGHT+12_PWM_W_L,cog,P0_P15,cogst,STOPPED,clr,CLR,n,32,reason,GATE_OVERLAP
[2026-09-15T14:32:42.594] Cog0  BD-SWEEP,sw,5,mark,end,cells,4,skipped,2,reps,128
[2026-09-15T14:32:42.595] Cog0  BD-PH2,grp,16,step,pre,detmode,BRD_REV_B,start_ret,NOMEAS,motorcog,NOMEAS,pins,$00A0
[2026-09-15T14:32:42.596] Cog0  BD-PH2,grp,16,step,starting,detmode,BRD_REV_B,start_ret,NOMEAS,motorcog,NOMEAS,pins,$00A0
[2026-09-15T14:32:42.596] Cog0  MOT: fwdDegrees = 43, offset_fwd = $1E93_E93E
[2026-09-15T14:32:42.596] Cog0       revDegrees = 317, offset_rev = $E16C_16C1
[2026-09-15T14:32:42.596] Cog0   - Calc FRAME: frame_cnt = 6_136
[2026-09-15T14:32:42.597] Cog0  * init values dead_gap = 70, pwm_limit = 3_033, adc_fram = 6_136, duty_min = 1_600, duty_max = 24_264
[2026-09-15T14:32:42.597] Cog0  *      values duty_up = 18, duty_dn = 4, cfg_ctcks = 135_000
[2026-09-15T14:32:42.598] Cog0  *VAL* legalVoltage = 6
[2026-09-15T14:32:42.598] Cog0  * ENTRY CFG selectedPower = 6
[2026-09-15T14:32:42.598] Cog0  * EXIT 2 CFG eUserSelectedVolts = 6 maxFwdIncreAtPwr = 147_000_000 minFwdIncreAtPwr = 544_628
[2026-09-15T14:32:42.598] Cog0  -MOT- inincr = 0 nTgtIncr = $0000_0000 0 sync = 0
[2026-09-15T14:32:42.599] Cog0  * Motor COG #1
[2026-09-15T14:32:42.599] Cog1  INIT $0000_456E $0000_680B load
[2026-09-15T14:32:42.615] Cog0  BD-PH2,grp,16,step,started,detmode,BRD_REV_B,start_ret,0,motorcog,2,pins,$00A0
[2026-09-15T14:32:42.801] Cog0  BD-PH2,grp,16,step,running,detmode,BRD_REV_B,start_ret,NOMEAS,motorcog,NOMEAS,pins,$00A8
[2026-09-15T14:32:42.816] Cog0  BD-SWEEP,sw,6,mark,begin,cells,NOMEAS,skipped,NOMEAS,reps,NOMEAS
[2026-09-15T14:32:42.823] Cog0  BD-REP,sw,6,grp,16,gnm,P16_P31,pin,20,ovl,SELF,rep,1,cog,P16_P31,cogst,RUNNING,clr,NOCLR,sum,2,sumtix,100_048,vrd,NODET,iter,1,fltix,480,bnc,1,exit,LOW,pre,$00A8,post,$00A8
[2026-09-15T14:32:42.825] Cog0  BD-REP,sw,6,grp,16,gnm,P16_P31,pin,20,ovl,SELF,rep,2,cog,P16_P31,cogst,RUNNING,clr,NOCLR,sum,1,sumtix,100_048,vrd,NODET,iter,1,fltix,480,bnc,0,exit,LOW,pre,$00A8,post,$00A8
[2026-09-15T14:32:42.827] Cog0  BD-REP,sw,6,grp,16,gnm,P16_P31,pin,20,ovl,SELF,rep,3,cog,P16_P31,cogst,RUNNING,clr,NOCLR,sum,0,sumtix,100_048,vrd,REVA,iter,1,fltix,480,bnc,0,exit,LOW,pre,$00A8,post,$00A8
[2026-09-15T14:32:42.829] Cog0  BD-REP,sw,6,grp,16,gnm,P16_P31,pin,20,ovl,SELF,rep,4,cog,P16_P31,cogst,RUNNING,clr,NOCLR,sum,1,sumtix,100_048,vrd,NODET,iter,1,fltix,480,bnc,2,exit,LOW,pre,$00A8,post,$00A8
[2026-09-15T14:32:42.831] Cog0  BD-REP,sw,6,grp,16,gnm,P16_P31,pin,20,ovl,SELF,rep,5,cog,P16_P31,cogst,RUNNING,clr,NOCLR,sum,2,sumtix,100_048,vrd,NODET,iter,1,fltix,480,bnc,0,exit,LOW,pre,$00A8,post,$00A8
[2026-09-15T14:32:42.833] Cog0  BD-REP,sw,6,grp,16,gnm,P16_P31,pin,20,ovl,SELF,rep,6,cog,P16_P31,cogst,RUNNING,clr,NOCLR,sum,3,sumtix,100_048,vrd,NODET,iter,1,fltix,480,bnc,3,exit,LOW,pre,$00A8,post,$00A8
[2026-09-15T14:32:42.835] Cog0  BD-REP,sw,6,grp,16,gnm,P16_P31,pin,20,ovl,SELF,rep,7,cog,P16_P31,cogst,RUNNING,clr,NOCLR,sum,3,sumtix,100_048,vrd,NODET,iter,1,fltix,480,bnc,0,exit,LOW,pre,$00A8,post,$00A8
[2026-09-15T14:32:42.836] Cog0  BD-REP,sw,6,grp,16,gnm,P16_P31,pin,20,ovl,SELF,rep,8,cog,P16_P31,cogst,RUNNING,clr,NOCLR,sum,2,sumtix,100_048,vrd,NODET,iter,1,fltix,480,bnc,0,exit,LOW,pre,$00A8,post,$00A8
[2026-09-15T14:32:42.836] Cog0  BD-LIB,sw,6,grp,16,mark,begin
[2026-09-15T14:32:42.836] Cog0  BLDC: getBoardType() driver running, not measured; returning revision recorded at start 22
[2026-09-15T14:32:42.837] Cog0  MOT: fwdDegrees = 43, offset_fwd = $1E93_E93E
[2026-09-15T14:32:42.837] Cog0       revDegrees = 317, offset_rev = $E16C_16C1
[2026-09-15T14:32:42.837] Cog0   - Calc FRAME: frame_cnt = 6_136
[2026-09-15T14:32:42.838] Cog0  * init values dead_gap = 70, pwm_limit = 3_033, adc_fram = 6_136, duty_min = 1_600, duty_max = 24_264
[2026-09-15T14:32:42.838] Cog0  *      values duty_up = 18, duty_dn = 4, cfg_ctcks = 135_000
[2026-09-15T14:32:42.838] Cog0  *VAL* legalVoltage = 6
[2026-09-15T14:32:42.838] Cog0  * ENTRY CFG selectedPower = 6
[2026-09-15T14:32:42.839] Cog0  * EXIT 2 CFG eUserSelectedVolts = 6 maxFwdIncreAtPwr = 147_000_000 minFwdIncreAtPwr = 544_628
[2026-09-15T14:32:42.840] Cog0  BLDC: getBoardType() driver running, not measured; returning revision recorded at start 22
[2026-09-15T14:32:42.841] Cog0  BD-LIB,sw,6,grp,16,mark,end,libvrd,REVB,trapped,0
[2026-09-15T14:32:42.842] Cog0  BD-CELL,sw,6,grp,16,gnm,P16_P31,cog,P16_P31,cogst,RUNNING,clr,NOCLR,n,8,sum_min,0,sum_max,3,sum_mean,1,va,1,vb,0,vn,7,modal,NODET,fl_min,1,fl_max,1,fl_never,0,bnc_max,3,libvrd,REVB,agree,0
[2026-09-15T14:32:42.843] Cog0  BD-SWEEP,sw,6,mark,end,cells,1,skipped,0,reps,8
[2026-09-15T14:32:42.844] Cog0  BD-PH2,grp,16,step,stopping,detmode,BRD_REV_B,start_ret,NOMEAS,motorcog,NOMEAS,pins,$00A8
[2026-09-15T14:32:42.845] Cog0  BD-PH2,grp,16,step,stopped,detmode,BRD_REV_B,start_ret,NOMEAS,motorcog,NOMEAS,pins,$00A0
[2026-09-15T14:32:42.861] Cog0  BD-SWEEP,sw,7,mark,begin,cells,NOMEAS,skipped,NOMEAS,reps,NOMEAS
[2026-09-15T14:32:43.023] Cog0  BD-REP,sw,7,grp,0,gnm,P0_P15,pin,4,ovl,NONE,rep,1,cog,P16_P31,cogst,STOPPED,clr,NOCLR,sum,500,sumtix,100_056,vrd,NODET,iter,NEVER,fltix,NEVER,bnc,NOMEAS,exit,MAXED,pre,$FCFF,post,$FCFF
[2026-09-15T14:32:43.025] Cog0  BD-REP,sw,7,grp,0,gnm,P0_P15,pin,4,ovl,NONE,rep,2,cog,P16_P31,cogst,STOPPED,clr,NOCLR,sum,500,sumtix,100_056,vrd,NODET,iter,NEVER,fltix,NEVER,bnc,NOMEAS,exit,MAXED,pre,$FCFF,post,$FCFF
[2026-09-15T14:32:43.027] Cog0  BD-REP,sw,7,grp,0,gnm,P0_P15,pin,4,ovl,NONE,rep,3,cog,P16_P31,cogst,STOPPED,clr,NOCLR,sum,500,sumtix,100_056,vrd,NODET,iter,NEVER,fltix,NEVER,bnc,NOMEAS,exit,MAXED,pre,$FCFF,post,$FCFF
[2026-09-15T14:32:43.029] Cog0  BD-REP,sw,7,grp,0,gnm,P0_P15,pin,4,ovl,NONE,rep,4,cog,P16_P31,cogst,STOPPED,clr,NOCLR,sum,500,sumtix,100_056,vrd,NODET,iter,NEVER,fltix,NEVER,bnc,NOMEAS,exit,MAXED,pre,$FCFF,post,$FCFF
[2026-09-15T14:32:43.031] Cog0  BD-REP,sw,7,grp,0,gnm,P0_P15,pin,4,ovl,NONE,rep,5,cog,P16_P31,cogst,STOPPED,clr,NOCLR,sum,500,sumtix,100_056,vrd,NODET,iter,NEVER,fltix,NEVER,bnc,NOMEAS,exit,MAXED,pre,$FCFF,post,$FCFF
[2026-09-15T14:32:43.033] Cog0  BD-REP,sw,7,grp,0,gnm,P0_P15,pin,4,ovl,NONE,rep,6,cog,P16_P31,cogst,STOPPED,clr,NOCLR,sum,500,sumtix,100_056,vrd,NODET,iter,NEVER,fltix,NEVER,bnc,NOMEAS,exit,MAXED,pre,$FCFF,post,$FCFF
[2026-09-15T14:32:43.035] Cog0  BD-REP,sw,7,grp,0,gnm,P0_P15,pin,4,ovl,NONE,rep,7,cog,P16_P31,cogst,STOPPED,clr,NOCLR,sum,500,sumtix,100_056,vrd,NODET,iter,NEVER,fltix,NEVER,bnc,NOMEAS,exit,MAXED,pre,$FCFF,post,$FCFF
[2026-09-15T14:32:43.037] Cog0  BD-REP,sw,7,grp,0,gnm,P0_P15,pin,4,ovl,NONE,rep,8,cog,P16_P31,cogst,STOPPED,clr,NOCLR,sum,500,sumtix,100_056,vrd,NODET,iter,NEVER,fltix,NEVER,bnc,NOMEAS,exit,MAXED,pre,$FCFF,post,$FCFF
[2026-09-15T14:32:43.039] Cog0  BD-REP,sw,7,grp,0,gnm,P0_P15,pin,4,ovl,NONE,rep,9,cog,P16_P31,cogst,STOPPED,clr,NOCLR,sum,500,sumtix,100_056,vrd,NODET,iter,NEVER,fltix,NEVER,bnc,NOMEAS,exit,MAXED,pre,$FCFF,post,$FCFF
[2026-09-15T14:32:43.041] Cog0  BD-REP,sw,7,grp,0,gnm,P0_P15,pin,4,ovl,NONE,rep,10,cog,P16_P31,cogst,STOPPED,clr,NOCLR,sum,500,sumtix,100_056,vrd,NODET,iter,NEVER,fltix,NEVER,bnc,NOMEAS,exit,MAXED,pre,$FCFF,post,$FCFF
[2026-09-15T14:32:43.043] Cog0  BD-REP,sw,7,grp,0,gnm,P0_P15,pin,4,ovl,NONE,rep,11,cog,P16_P31,cogst,STOPPED,clr,NOCLR,sum,500,sumtix,100_056,vrd,NODET,iter,NEVER,fltix,NEVER,bnc,NOMEAS,exit,MAXED,pre,$FCFF,post,$FCFF
[2026-09-15T14:32:43.045] Cog0  BD-REP,sw,7,grp,0,gnm,P0_P15,pin,4,ovl,NONE,rep,12,cog,P16_P31,cogst,STOPPED,clr,NOCLR,sum,500,sumtix,100_056,vrd,NODET,iter,NEVER,fltix,NEVER,bnc,NOMEAS,exit,MAXED,pre,$FCFF,post,$FCFF
[2026-09-15T14:32:43.047] Cog0  BD-REP,sw,7,grp,0,gnm,P0_P15,pin,4,ovl,NONE,rep,13,cog,P16_P31,cogst,STOPPED,clr,NOCLR,sum,500,sumtix,100_056,vrd,NODET,iter,NEVER,fltix,NEVER,bnc,NOMEAS,exit,MAXED,pre,$FCFF,post,$FCFF
[2026-09-15T14:32:43.049] Cog0  BD-REP,sw,7,grp,0,gnm,P0_P15,pin,4,ovl,NONE,rep,14,cog,P16_P31,cogst,STOPPED,clr,NOCLR,sum,500,sumtix,100_056,vrd,NODET,iter,NEVER,fltix,NEVER,bnc,NOMEAS,exit,MAXED,pre,$FCFF,post,$FCFF
[2026-09-15T14:32:43.051] Cog0  BD-REP,sw,7,grp,0,gnm,P0_P15,pin,4,ovl,NONE,rep,15,cog,P16_P31,cogst,STOPPED,clr,NOCLR,sum,500,sumtix,100_056,vrd,NODET,iter,NEVER,fltix,NEVER,bnc,NOMEAS,exit,MAXED,pre,$FCFF,post,$FCFF
[2026-09-15T14:32:43.053] Cog0  BD-REP,sw,7,grp,0,gnm,P0_P15,pin,4,ovl,NONE,rep,16,cog,P16_P31,cogst,STOPPED,clr,NOCLR,sum,500,sumtix,100_056,vrd,NODET,iter,NEVER,fltix,NEVER,bnc,NOMEAS,exit,MAXED,pre,$FCFF,post,$FCFF
[2026-09-15T14:32:43.054] Cog0  BD-REP,sw,7,grp,0,gnm,P0_P15,pin,4,ovl,NONE,rep,17,cog,P16_P31,cogst,STOPPED,clr,NOCLR,sum,500,sumtix,100_056,vrd,NODET,iter,NEVER,fltix,NEVER,bnc,NOMEAS,exit,MAXED,pre,$FCFF,post,$FCFF
[2026-09-15T14:32:43.057] Cog0  BD-REP,sw,7,grp,0,gnm,P0_P15,pin,4,ovl,NONE,rep,18,cog,P16_P31,cogst,STOPPED,clr,NOCLR,sum,500,sumtix,100_056,vrd,NODET,iter,NEVER,fltix,NEVER,bnc,NOMEAS,exit,MAXED,pre,$FCFF,post,$FCFF
[2026-09-15T14:32:43.057] Cog0  BD-REP,sw,7,grp,0,gnm,P0_P15,pin,4,ovl,NONE,rep,19,cog,P16_P31,cogst,STOPPED,clr,NOCLR,sum,500,sumtix,100_056,vrd,NODET,iter,NEVER,fltix,NEVER,bnc,NOMEAS,exit,MAXED,pre,$FCFF,post,$FCFF
[2026-09-15T14:32:43.061] Cog0  BD-REP,sw,7,grp,0,gnm,P0_P15,pin,4,ovl,NONE,rep,20,cog,P16_P31,cogst,STOPPED,clr,NOCLR,sum,500,sumtix,100_056,vrd,NODET,iter,NEVER,fltix,NEVER,bnc,NOMEAS,exit,MAXED,pre,$FCFF,post,$FCFF
[2026-09-15T14:32:43.063] Cog0  BD-REP,sw,7,grp,0,gnm,P0_P15,pin,4,ovl,NONE,rep,21,cog,P16_P31,cogst,STOPPED,clr,NOCLR,sum,500,sumtix,100_056,vrd,NODET,iter,NEVER,fltix,NEVER,bnc,NOMEAS,exit,MAXED,pre,$FCFF,post,$FCFF
[2026-09-15T14:32:43.064] Cog0  BD-REP,sw,7,grp,0,gnm,P0_P15,pin,4,ovl,NONE,rep,22,cog,P16_P31,cogst,STOPPED,clr,NOCLR,sum,500,sumtix,100_056,vrd,NODET,iter,NEVER,fltix,NEVER,bnc,NOMEAS,exit,MAXED,pre,$FCFF,post,$FCFF
[2026-09-15T14:32:43.066] Cog0  BD-REP,sw,7,grp,0,gnm,P0_P15,pin,4,ovl,NONE,rep,23,cog,P16_P31,cogst,STOPPED,clr,NOCLR,sum,500,sumtix,100_056,vrd,NODET,iter,NEVER,fltix,NEVER,bnc,NOMEAS,exit,MAXED,pre,$FCFF,post,$FCFF
[2026-09-15T14:32:43.068] Cog0  BD-REP,sw,7,grp,0,gnm,P0_P15,pin,4,ovl,NONE,rep,24,cog,P16_P31,cogst,STOPPED,clr,NOCLR,sum,500,sumtix,100_056,vrd,NODET,iter,NEVER,fltix,NEVER,bnc,NOMEAS,exit,MAXED,pre,$FCFF,post,$FCFF
[2026-09-15T14:32:43.070] Cog0  BD-REP,sw,7,grp,0,gnm,P0_P15,pin,4,ovl,NONE,rep,25,cog,P16_P31,cogst,STOPPED,clr,NOCLR,sum,500,sumtix,100_056,vrd,NODET,iter,NEVER,fltix,NEVER,bnc,NOMEAS,exit,MAXED,pre,$FCFF,post,$FCFF
[2026-09-15T14:32:43.072] Cog0  BD-REP,sw,7,grp,0,gnm,P0_P15,pin,4,ovl,NONE,rep,26,cog,P16_P31,cogst,STOPPED,clr,NOCLR,sum,500,sumtix,100_056,vrd,NODET,iter,NEVER,fltix,NEVER,bnc,NOMEAS,exit,MAXED,pre,$FCFF,post,$FCFF
[2026-09-15T14:32:43.074] Cog0  BD-REP,sw,7,grp,0,gnm,P0_P15,pin,4,ovl,NONE,rep,27,cog,P16_P31,cogst,STOPPED,clr,NOCLR,sum,500,sumtix,100_056,vrd,NODET,iter,NEVER,fltix,NEVER,bnc,NOMEAS,exit,MAXED,pre,$FCFF,post,$FCFF
[2026-09-15T14:32:43.076] Cog0  BD-REP,sw,7,grp,0,gnm,P0_P15,pin,4,ovl,NONE,rep,28,cog,P16_P31,cogst,STOPPED,clr,NOCLR,sum,500,sumtix,100_056,vrd,NODET,iter,NEVER,fltix,NEVER,bnc,NOMEAS,exit,MAXED,pre,$FCFF,post,$FCFF
[2026-09-15T14:32:43.078] Cog0  BD-REP,sw,7,grp,0,gnm,P0_P15,pin,4,ovl,NONE,rep,29,cog,P16_P31,cogst,STOPPED,clr,NOCLR,sum,500,sumtix,100_056,vrd,NODET,iter,NEVER,fltix,NEVER,bnc,NOMEAS,exit,MAXED,pre,$FCFF,post,$FCFF
[2026-09-15T14:32:43.080] Cog0  BD-REP,sw,7,grp,0,gnm,P0_P15,pin,4,ovl,NONE,rep,30,cog,P16_P31,cogst,STOPPED,clr,NOCLR,sum,500,sumtix,100_056,vrd,NODET,iter,NEVER,fltix,NEVER,bnc,NOMEAS,exit,MAXED,pre,$FCFF,post,$FCFF
[2026-09-15T14:32:43.082] Cog0  BD-REP,sw,7,grp,0,gnm,P0_P15,pin,4,ovl,NONE,rep,31,cog,P16_P31,cogst,STOPPED,clr,NOCLR,sum,500,sumtix,100_056,vrd,NODET,iter,NEVER,fltix,NEVER,bnc,NOMEAS,exit,MAXED,pre,$FCFF,post,$FCFF
[2026-09-15T14:32:43.083] Cog0  BD-REP,sw,7,grp,0,gnm,P0_P15,pin,4,ovl,NONE,rep,32,cog,P16_P31,cogst,STOPPED,clr,NOCLR,sum,500,sumtix,100_056,vrd,NODET,iter,NEVER,fltix,NEVER,bnc,NOMEAS,exit,MAXED,pre,$FCFF,post,$FCFF
[2026-09-15T14:32:43.085] Cog0  BD-LIB,sw,7,grp,0,mark,begin
[2026-09-15T14:32:43.085] Cog0  --- pinSum = 500, Board not detected!, highTimeUs = 385
[2026-09-15T14:32:43.085] Cog0  MOT: fwdDegrees = 43, offset_fwd = $1E93_E93E
[2026-09-15T14:32:43.086] Cog0       revDegrees = 317, offset_rev = $E16C_16C1
[2026-09-15T14:32:43.086] Cog0   - Calc FRAME: frame_cnt = 6_136
[2026-09-15T14:32:43.087] Cog0  * init values dead_gap = 70, pwm_limit = 3_033, adc_fram = 6_136, duty_min = 1_600, duty_max = 24_264
[2026-09-15T14:32:43.087] Cog0  *      values duty_up = 18, duty_dn = 4, cfg_ctcks = 135_000
[2026-09-15T14:32:43.087] Cog0  *VAL* legalVoltage = 6
[2026-09-15T14:32:43.087] Cog0  * ENTRY CFG selectedPower = 6
[2026-09-15T14:32:43.088] Cog0  * EXIT 2 CFG eUserSelectedVolts = 6 maxFwdIncreAtPwr = 147_000_000 minFwdIncreAtPwr = 544_628
[2026-09-15T14:32:43.091] Cog0  --- pinSum = 500, Board not detected!, highTimeUs = 385
[2026-09-15T14:32:43.091] Cog0  BD-LIB,sw,7,grp,0,mark,end,libvrd,NODET,trapped,0
[2026-09-15T14:32:43.108] Cog0  BD-CELL,sw,7,grp,0,gnm,P0_P15,cog,P16_P31,cogst,STOPPED,clr,NOCLR,n,32,sum_min,500,sum_max,500,sum_mean,500,va,0,vb,0,vn,32,modal,NODET,fl_min,NEVER,fl_max,NEVER,fl_never,32,bnc_max,NOMEAS,libvrd,NODET,agree,1
[2026-09-15T14:32:43.174] Cog0  BD-REP,sw,7,grp,16,gnm,P16_P31,pin,20,ovl,SELF,rep,1,cog,P16_P31,cogst,STOPPED,clr,NOCLR,sum,0,sumtix,100_056,vrd,REVA,iter,1,fltix,480,bnc,0,exit,LOW,pre,$00A0,post,$00A0
[2026-09-15T14:32:43.176] Cog0  BD-REP,sw,7,grp,16,gnm,P16_P31,pin,20,ovl,SELF,rep,2,cog,P16_P31,cogst,STOPPED,clr,NOCLR,sum,0,sumtix,100_056,vrd,REVA,iter,1,fltix,480,bnc,0,exit,LOW,pre,$00A0,post,$00A0
[2026-09-15T14:32:43.178] Cog0  BD-REP,sw,7,grp,16,gnm,P16_P31,pin,20,ovl,SELF,rep,3,cog,P16_P31,cogst,STOPPED,clr,NOCLR,sum,0,sumtix,100_056,vrd,REVA,iter,1,fltix,480,bnc,0,exit,LOW,pre,$00A0,post,$00A0
[2026-09-15T14:32:43.179] Cog0  BD-REP,sw,7,grp,16,gnm,P16_P31,pin,20,ovl,SELF,rep,4,cog,P16_P31,cogst,STOPPED,clr,NOCLR,sum,0,sumtix,100_056,vrd,REVA,iter,1,fltix,480,bnc,0,exit,LOW,pre,$00A0,post,$00A0
[2026-09-15T14:32:43.181] Cog0  BD-REP,sw,7,grp,16,gnm,P16_P31,pin,20,ovl,SELF,rep,5,cog,P16_P31,cogst,STOPPED,clr,NOCLR,sum,0,sumtix,100_056,vrd,REVA,iter,1,fltix,480,bnc,0,exit,LOW,pre,$00A0,post,$00A0
[2026-09-15T14:32:43.183] Cog0  BD-REP,sw,7,grp,16,gnm,P16_P31,pin,20,ovl,SELF,rep,6,cog,P16_P31,cogst,STOPPED,clr,NOCLR,sum,0,sumtix,100_056,vrd,REVA,iter,1,fltix,480,bnc,0,exit,LOW,pre,$00A0,post,$00A0
[2026-09-15T14:32:43.185] Cog0  BD-REP,sw,7,grp,16,gnm,P16_P31,pin,20,ovl,SELF,rep,7,cog,P16_P31,cogst,STOPPED,clr,NOCLR,sum,0,sumtix,100_056,vrd,REVA,iter,1,fltix,480,bnc,0,exit,LOW,pre,$00A0,post,$00A0
[2026-09-15T14:32:43.187] Cog0  BD-REP,sw,7,grp,16,gnm,P16_P31,pin,20,ovl,SELF,rep,8,cog,P16_P31,cogst,STOPPED,clr,NOCLR,sum,0,sumtix,100_056,vrd,REVA,iter,1,fltix,480,bnc,0,exit,LOW,pre,$00A0,post,$00A0
[2026-09-15T14:32:43.189] Cog0  BD-REP,sw,7,grp,16,gnm,P16_P31,pin,20,ovl,SELF,rep,9,cog,P16_P31,cogst,STOPPED,clr,NOCLR,sum,0,sumtix,100_056,vrd,REVA,iter,1,fltix,480,bnc,0,exit,LOW,pre,$00A0,post,$00A0
[2026-09-15T14:32:43.191] Cog0  BD-REP,sw,7,grp,16,gnm,P16_P31,pin,20,ovl,SELF,rep,10,cog,P16_P31,cogst,STOPPED,clr,NOCLR,sum,0,sumtix,100_056,vrd,REVA,iter,1,fltix,480,bnc,0,exit,LOW,pre,$00A0,post,$00A0
[2026-09-15T14:32:43.192] Cog0  BD-REP,sw,7,grp,16,gnm,P16_P31,pin,20,ovl,SELF,rep,11,cog,P16_P31,cogst,STOPPED,clr,NOCLR,sum,0,sumtix,100_056,vrd,REVA,iter,1,fltix,480,bnc,0,exit,LOW,pre,$00A0,post,$00A0
[2026-09-15T14:32:43.194] Cog0  BD-REP,sw,7,grp,16,gnm,P16_P31,pin,20,ovl,SELF,rep,12,cog,P16_P31,cogst,STOPPED,clr,NOCLR,sum,0,sumtix,100_056,vrd,REVA,iter,1,fltix,480,bnc,0,exit,LOW,pre,$00A0,post,$00A0
[2026-09-15T14:32:43.195] Cog0  BD-REP,sw,7,grp,16,gnm,P16_P31,pin,20,ovl,SELF,rep,13,cog,P16_P31,cogst,STOPPED,clr,NOCLR,sum,0,sumtix,100_056,vrd,REVA,iter,1,fltix,480,bnc,0,exit,LOW,pre,$00A0,post,$00A0
[2026-09-15T14:32:43.198] Cog0  BD-REP,sw,7,grp,16,gnm,P16_P31,pin,20,ovl,SELF,rep,14,cog,P16_P31,cogst,STOPPED,clr,NOCLR,sum,0,sumtix,100_056,vrd,REVA,iter,1,fltix,480,bnc,0,exit,LOW,pre,$00A0,post,$00A0
[2026-09-15T14:32:43.200] Cog0  BD-REP,sw,7,grp,16,gnm,P16_P31,pin,20,ovl,SELF,rep,15,cog,P16_P31,cogst,STOPPED,clr,NOCLR,sum,0,sumtix,100_056,vrd,REVA,iter,1,fltix,480,bnc,0,exit,LOW,pre,$00A0,post,$00A0
[2026-09-15T14:32:43.201] Cog0  BD-REP,sw,7,grp,16,gnm,P16_P31,pin,20,ovl,SELF,rep,16,cog,P16_P31,cogst,STOPPED,clr,NOCLR,sum,0,sumtix,100_056,vrd,REVA,iter,1,fltix,480,bnc,0,exit,LOW,pre,$00A0,post,$00A0
[2026-09-15T14:32:43.203] Cog0  BD-REP,sw,7,grp,16,gnm,P16_P31,pin,20,ovl,SELF,rep,17,cog,P16_P31,cogst,STOPPED,clr,NOCLR,sum,0,sumtix,100_056,vrd,REVA,iter,1,fltix,480,bnc,0,exit,LOW,pre,$00A0,post,$00A0
[2026-09-15T14:32:43.205] Cog0  BD-REP,sw,7,grp,16,gnm,P16_P31,pin,20,ovl,SELF,rep,18,cog,P16_P31,cogst,STOPPED,clr,NOCLR,sum,0,sumtix,100_056,vrd,REVA,iter,1,fltix,480,bnc,0,exit,LOW,pre,$00A0,post,$00A0
[2026-09-15T14:32:43.207] Cog0  BD-REP,sw,7,grp,16,gnm,P16_P31,pin,20,ovl,SELF,rep,19,cog,P16_P31,cogst,STOPPED,clr,NOCLR,sum,0,sumtix,100_056,vrd,REVA,iter,1,fltix,480,bnc,0,exit,LOW,pre,$00A0,post,$00A0
[2026-09-15T14:32:43.209] Cog0  BD-REP,sw,7,grp,16,gnm,P16_P31,pin,20,ovl,SELF,rep,20,cog,P16_P31,cogst,STOPPED,clr,NOCLR,sum,0,sumtix,100_056,vrd,REVA,iter,1,fltix,480,bnc,0,exit,LOW,pre,$00A0,post,$00A0
[2026-09-15T14:32:43.211] Cog0  BD-REP,sw,7,grp,16,gnm,P16_P31,pin,20,ovl,SELF,rep,21,cog,P16_P31,cogst,STOPPED,clr,NOCLR,sum,0,sumtix,100_056,vrd,REVA,iter,1,fltix,480,bnc,0,exit,LOW,pre,$00A0,post,$00A0
[2026-09-15T14:32:43.213] Cog0  BD-REP,sw,7,grp,16,gnm,P16_P31,pin,20,ovl,SELF,rep,22,cog,P16_P31,cogst,STOPPED,clr,NOCLR,sum,0,sumtix,100_056,vrd,REVA,iter,1,fltix,480,bnc,0,exit,LOW,pre,$00A0,post,$00A0
[2026-09-15T14:32:43.215] Cog0  BD-REP,sw,7,grp,16,gnm,P16_P31,pin,20,ovl,SELF,rep,23,cog,P16_P31,cogst,STOPPED,clr,NOCLR,sum,0,sumtix,100_056,vrd,REVA,iter,1,fltix,480,bnc,0,exit,LOW,pre,$00A0,post,$00A0
[2026-09-15T14:32:43.216] Cog0  BD-REP,sw,7,grp,16,gnm,P16_P31,pin,20,ovl,SELF,rep,24,cog,P16_P31,cogst,STOPPED,clr,NOCLR,sum,0,sumtix,100_056,vrd,REVA,iter,1,fltix,480,bnc,0,exit,LOW,pre,$00A0,post,$00A0
[2026-09-15T14:32:43.218] Cog0  BD-REP,sw,7,grp,16,gnm,P16_P31,pin,20,ovl,SELF,rep,25,cog,P16_P31,cogst,STOPPED,clr,NOCLR,sum,0,sumtix,100_056,vrd,REVA,iter,1,fltix,480,bnc,0,exit,LOW,pre,$00A0,post,$00A0
[2026-09-15T14:32:43.220] Cog0  BD-REP,sw,7,grp,16,gnm,P16_P31,pin,20,ovl,SELF,rep,26,cog,P16_P31,cogst,STOPPED,clr,NOCLR,sum,0,sumtix,100_056,vrd,REVA,iter,1,fltix,480,bnc,0,exit,LOW,pre,$00A0,post,$00A0
[2026-09-15T14:32:43.222] Cog0  BD-REP,sw,7,grp,16,gnm,P16_P31,pin,20,ovl,SELF,rep,27,cog,P16_P31,cogst,STOPPED,clr,NOCLR,sum,0,sumtix,100_056,vrd,REVA,iter,1,fltix,480,bnc,0,exit,LOW,pre,$00A0,post,$00A0
[2026-09-15T14:32:43.224] Cog0  BD-REP,sw,7,grp,16,gnm,P16_P31,pin,20,ovl,SELF,rep,28,cog,P16_P31,cogst,STOPPED,clr,NOCLR,sum,0,sumtix,100_056,vrd,REVA,iter,1,fltix,480,bnc,0,exit,LOW,pre,$00A0,post,$00A0
[2026-09-15T14:32:43.226] Cog0  BD-REP,sw,7,grp,16,gnm,P16_P31,pin,20,ovl,SELF,rep,29,cog,P16_P31,cogst,STOPPED,clr,NOCLR,sum,0,sumtix,100_056,vrd,REVA,iter,1,fltix,480,bnc,0,exit,LOW,pre,$00A0,post,$00A0
[2026-09-15T14:32:43.228] Cog0  BD-REP,sw,7,grp,16,gnm,P16_P31,pin,20,ovl,SELF,rep,30,cog,P16_P31,cogst,STOPPED,clr,NOCLR,sum,0,sumtix,100_056,vrd,REVA,iter,1,fltix,480,bnc,0,exit,LOW,pre,$00A0,post,$00A0
[2026-09-15T14:32:43.229] Cog0  BD-REP,sw,7,grp,16,gnm,P16_P31,pin,20,ovl,SELF,rep,31,cog,P16_P31,cogst,STOPPED,clr,NOCLR,sum,0,sumtix,100_056,vrd,REVA,iter,1,fltix,480,bnc,0,exit,LOW,pre,$00A0,post,$00A0
[2026-09-15T14:32:43.232] Cog0  BD-REP,sw,7,grp,16,gnm,P16_P31,pin,20,ovl,SELF,rep,32,cog,P16_P31,cogst,STOPPED,clr,NOCLR,sum,0,sumtix,100_056,vrd,REVA,iter,1,fltix,480,bnc,0,exit,LOW,pre,$00A0,post,$00A0
[2026-09-15T14:32:43.232] Cog0  BD-LIB,sw,7,grp,16,mark,begin
[2026-09-15T14:32:43.232] Cog0  --- pinSum = 0, 64010 Rev A, highTimeUs = 0
[2026-09-15T14:32:43.233] Cog0  MOT: fwdDegrees = 43, offset_fwd = $1E93_E93E
[2026-09-15T14:32:43.233] Cog0       revDegrees = 317, offset_rev = $E16C_16C1
[2026-09-15T14:32:43.233] Cog0   - Calc FRAME: frame_cnt = 6_136
[2026-09-15T14:32:43.234] Cog0  * init values dead_gap = 70, pwm_limit = 3_033, adc_fram = 6_136, duty_min = 1_600, duty_max = 24_264
[2026-09-15T14:32:43.234] Cog0  *      values duty_up = 18, duty_dn = 4, cfg_ctcks = 135_000
[2026-09-15T14:32:43.234] Cog0  *VAL* legalVoltage = 6
[2026-09-15T14:32:43.234] Cog0  * ENTRY CFG selectedPower = 6
[2026-09-15T14:32:43.236] Cog0  * EXIT 2 CFG eUserSelectedVolts = 6 maxFwdIncreAtPwr = 147_000_000 minFwdIncreAtPwr = 544_628
[2026-09-15T14:32:43.237] Cog0  --- pinSum = 0, 64010 Rev A, highTimeUs = 0
[2026-09-15T14:32:43.239] Cog0  BD-LIB,sw,7,grp,16,mark,end,libvrd,REVA,trapped,0
[2026-09-15T14:32:43.255] Cog0  BD-CELL,sw,7,grp,16,gnm,P16_P31,cog,P16_P31,cogst,STOPPED,clr,NOCLR,n,32,sum_min,0,sum_max,0,sum_mean,0,va,32,vb,0,vn,0,modal,REVA,fl_min,1,fl_max,1,fl_never,0,bnc_max,0,libvrd,REVA,agree,1
[2026-09-15T14:32:43.321] Cog0  BD-REP,sw,7,grp,32,gnm,P32_P47,pin,36,ovl,SELF,rep,1,cog,P16_P31,cogst,STOPPED,clr,NOCLR,sum,0,sumtix,100_056,vrd,REVA,iter,1,fltix,480,bnc,0,exit,LOW,pre,$0060,post,$0060
[2026-09-15T14:32:43.322] Cog0  BD-REP,sw,7,grp,32,gnm,P32_P47,pin,36,ovl,SELF,rep,2,cog,P16_P31,cogst,STOPPED,clr,NOCLR,sum,0,sumtix,100_056,vrd,REVA,iter,1,fltix,480,bnc,0,exit,LOW,pre,$0060,post,$0060
[2026-09-15T14:32:43.324] Cog0  BD-REP,sw,7,grp,32,gnm,P32_P47,pin,36,ovl,SELF,rep,3,cog,P16_P31,cogst,STOPPED,clr,NOCLR,sum,0,sumtix,100_056,vrd,REVA,iter,1,fltix,480,bnc,0,exit,LOW,pre,$0060,post,$0060
[2026-09-15T14:32:43.326] Cog0  BD-REP,sw,7,grp,32,gnm,P32_P47,pin,36,ovl,SELF,rep,4,cog,P16_P31,cogst,STOPPED,clr,NOCLR,sum,0,sumtix,100_056,vrd,REVA,iter,1,fltix,480,bnc,0,exit,LOW,pre,$0060,post,$0060
[2026-09-15T14:32:43.328] Cog0  BD-REP,sw,7,grp,32,gnm,P32_P47,pin,36,ovl,SELF,rep,5,cog,P16_P31,cogst,STOPPED,clr,NOCLR,sum,0,sumtix,100_056,vrd,REVA,iter,1,fltix,480,bnc,0,exit,LOW,pre,$0060,post,$0060
[2026-09-15T14:32:43.330] Cog0  BD-REP,sw,7,grp,32,gnm,P32_P47,pin,36,ovl,SELF,rep,6,cog,P16_P31,cogst,STOPPED,clr,NOCLR,sum,0,sumtix,100_056,vrd,REVA,iter,1,fltix,480,bnc,0,exit,LOW,pre,$0060,post,$0060
[2026-09-15T14:32:43.332] Cog0  BD-REP,sw,7,grp,32,gnm,P32_P47,pin,36,ovl,SELF,rep,7,cog,P16_P31,cogst,STOPPED,clr,NOCLR,sum,0,sumtix,100_056,vrd,REVA,iter,1,fltix,480,bnc,0,exit,LOW,pre,$0060,post,$0060
[2026-09-15T14:32:43.334] Cog0  BD-REP,sw,7,grp,32,gnm,P32_P47,pin,36,ovl,SELF,rep,8,cog,P16_P31,cogst,STOPPED,clr,NOCLR,sum,0,sumtix,100_056,vrd,REVA,iter,1,fltix,480,bnc,0,exit,LOW,pre,$0060,post,$0060
[2026-09-15T14:32:43.335] Cog0  BD-REP,sw,7,grp,32,gnm,P32_P47,pin,36,ovl,SELF,rep,9,cog,P16_P31,cogst,STOPPED,clr,NOCLR,sum,0,sumtix,100_056,vrd,REVA,iter,1,fltix,480,bnc,0,exit,LOW,pre,$0060,post,$0060
[2026-09-15T14:32:43.337] Cog0  BD-REP,sw,7,grp,32,gnm,P32_P47,pin,36,ovl,SELF,rep,10,cog,P16_P31,cogst,STOPPED,clr,NOCLR,sum,0,sumtix,100_056,vrd,REVA,iter,1,fltix,480,bnc,0,exit,LOW,pre,$0060,post,$0060
[2026-09-15T14:32:43.339] Cog0  BD-REP,sw,7,grp,32,gnm,P32_P47,pin,36,ovl,SELF,rep,11,cog,P16_P31,cogst,STOPPED,clr,NOCLR,sum,0,sumtix,100_056,vrd,REVA,iter,1,fltix,480,bnc,0,exit,LOW,pre,$0060,post,$0060
[2026-09-15T14:32:43.341] Cog0  BD-REP,sw,7,grp,32,gnm,P32_P47,pin,36,ovl,SELF,rep,12,cog,P16_P31,cogst,STOPPED,clr,NOCLR,sum,0,sumtix,100_056,vrd,REVA,iter,1,fltix,480,bnc,0,exit,LOW,pre,$0060,post,$0060
[2026-09-15T14:32:43.343] Cog0  BD-REP,sw,7,grp,32,gnm,P32_P47,pin,36,ovl,SELF,rep,13,cog,P16_P31,cogst,STOPPED,clr,NOCLR,sum,0,sumtix,100_056,vrd,REVA,iter,1,fltix,480,bnc,0,exit,LOW,pre,$0060,post,$0060
[2026-09-15T14:32:43.345] Cog0  BD-REP,sw,7,grp,32,gnm,P32_P47,pin,36,ovl,SELF,rep,14,cog,P16_P31,cogst,STOPPED,clr,NOCLR,sum,0,sumtix,100_056,vrd,REVA,iter,1,fltix,480,bnc,0,exit,LOW,pre,$0060,post,$0060
[2026-09-15T14:32:43.347] Cog0  BD-REP,sw,7,grp,32,gnm,P32_P47,pin,36,ovl,SELF,rep,15,cog,P16_P31,cogst,STOPPED,clr,NOCLR,sum,0,sumtix,100_056,vrd,REVA,iter,1,fltix,480,bnc,0,exit,LOW,pre,$0060,post,$0060
[2026-09-15T14:32:43.348] Cog0  BD-REP,sw,7,grp,32,gnm,P32_P47,pin,36,ovl,SELF,rep,16,cog,P16_P31,cogst,STOPPED,clr,NOCLR,sum,0,sumtix,100_056,vrd,REVA,iter,1,fltix,480,bnc,0,exit,LOW,pre,$0060,post,$0060
[2026-09-15T14:32:43.350] Cog0  BD-REP,sw,7,grp,32,gnm,P32_P47,pin,36,ovl,SELF,rep,17,cog,P16_P31,cogst,STOPPED,clr,NOCLR,sum,0,sumtix,100_056,vrd,REVA,iter,1,fltix,480,bnc,0,exit,LOW,pre,$0060,post,$0060
[2026-09-15T14:32:43.352] Cog0  BD-REP,sw,7,grp,32,gnm,P32_P47,pin,36,ovl,SELF,rep,18,cog,P16_P31,cogst,STOPPED,clr,NOCLR,sum,0,sumtix,100_056,vrd,REVA,iter,1,fltix,480,bnc,0,exit,LOW,pre,$0060,post,$0060
[2026-09-15T14:32:43.354] Cog0  BD-REP,sw,7,grp,32,gnm,P32_P47,pin,36,ovl,SELF,rep,19,cog,P16_P31,cogst,STOPPED,clr,NOCLR,sum,0,sumtix,100_056,vrd,REVA,iter,1,fltix,480,bnc,0,exit,LOW,pre,$0060,post,$0060
[2026-09-15T14:32:43.356] Cog0  BD-REP,sw,7,grp,32,gnm,P32_P47,pin,36,ovl,SELF,rep,20,cog,P16_P31,cogst,STOPPED,clr,NOCLR,sum,0,sumtix,100_056,vrd,REVA,iter,1,fltix,480,bnc,0,exit,LOW,pre,$0060,post,$0060
[2026-09-15T14:32:43.358] Cog0  BD-REP,sw,7,grp,32,gnm,P32_P47,pin,36,ovl,SELF,rep,21,cog,P16_P31,cogst,STOPPED,clr,NOCLR,sum,0,sumtix,100_056,vrd,REVA,iter,1,fltix,480,bnc,0,exit,LOW,pre,$0060,post,$0060
[2026-09-15T14:32:43.359] Cog0  BD-REP,sw,7,grp,32,gnm,P32_P47,pin,36,ovl,SELF,rep,22,cog,P16_P31,cogst,STOPPED,clr,NOCLR,sum,0,sumtix,100_056,vrd,REVA,iter,1,fltix,480,bnc,0,exit,LOW,pre,$0060,post,$0060
[2026-09-15T14:32:43.361] Cog0  BD-REP,sw,7,grp,32,gnm,P32_P47,pin,36,ovl,SELF,rep,23,cog,P16_P31,cogst,STOPPED,clr,NOCLR,sum,0,sumtix,100_056,vrd,REVA,iter,1,fltix,480,bnc,0,exit,LOW,pre,$0060,post,$0060
[2026-09-15T14:32:43.363] Cog0  BD-REP,sw,7,grp,32,gnm,P32_P47,pin,36,ovl,SELF,rep,24,cog,P16_P31,cogst,STOPPED,clr,NOCLR,sum,0,sumtix,100_056,vrd,REVA,iter,1,fltix,480,bnc,0,exit,LOW,pre,$0060,post,$0060
[2026-09-15T14:32:43.365] Cog0  BD-REP,sw,7,grp,32,gnm,P32_P47,pin,36,ovl,SELF,rep,25,cog,P16_P31,cogst,STOPPED,clr,NOCLR,sum,0,sumtix,100_056,vrd,REVA,iter,1,fltix,480,bnc,0,exit,LOW,pre,$0060,post,$0060
[2026-09-15T14:32:43.367] Cog0  BD-REP,sw,7,grp,32,gnm,P32_P47,pin,36,ovl,SELF,rep,26,cog,P16_P31,cogst,STOPPED,clr,NOCLR,sum,0,sumtix,100_056,vrd,REVA,iter,1,fltix,480,bnc,0,exit,LOW,pre,$0060,post,$0060
[2026-09-15T14:32:43.369] Cog0  BD-REP,sw,7,grp,32,gnm,P32_P47,pin,36,ovl,SELF,rep,27,cog,P16_P31,cogst,STOPPED,clr,NOCLR,sum,0,sumtix,100_056,vrd,REVA,iter,1,fltix,480,bnc,0,exit,LOW,pre,$0060,post,$0060
[2026-09-15T14:32:43.371] Cog0  BD-REP,sw,7,grp,32,gnm,P32_P47,pin,36,ovl,SELF,rep,28,cog,P16_P31,cogst,STOPPED,clr,NOCLR,sum,0,sumtix,100_056,vrd,REVA,iter,1,fltix,480,bnc,0,exit,LOW,pre,$0060,post,$0060
[2026-09-15T14:32:43.373] Cog0  BD-REP,sw,7,grp,32,gnm,P32_P47,pin,36,ovl,SELF,rep,29,cog,P16_P31,cogst,STOPPED,clr,NOCLR,sum,0,sumtix,100_056,vrd,REVA,iter,1,fltix,480,bnc,0,exit,LOW,pre,$0060,post,$0060
[2026-09-15T14:32:43.374] Cog0  BD-REP,sw,7,grp,32,gnm,P32_P47,pin,36,ovl,SELF,rep,30,cog,P16_P31,cogst,STOPPED,clr,NOCLR,sum,0,sumtix,100_056,vrd,REVA,iter,1,fltix,480,bnc,0,exit,LOW,pre,$0060,post,$0060
[2026-09-15T14:32:43.376] Cog0  BD-REP,sw,7,grp,32,gnm,P32_P47,pin,36,ovl,SELF,rep,31,cog,P16_P31,cogst,STOPPED,clr,NOCLR,sum,0,sumtix,100_056,vrd,REVA,iter,1,fltix,480,bnc,0,exit,LOW,pre,$0060,post,$0060
[2026-09-15T14:32:43.377] Cog0  BD-REP,sw,7,grp,32,gnm,P32_P47,pin,36,ovl,SELF,rep,32,cog,P16_P31,cogst,STOPPED,clr,NOCLR,sum,0,sumtix,100_056,vrd,REVA,iter,1,fltix,480,bnc,0,exit,LOW,pre,$0060,post,$0060
[2026-09-15T14:32:43.379] Cog0  BD-LIB,sw,7,grp,32,mark,begin
[2026-09-15T14:32:43.379] Cog0  --- pinSum = 0, 64010 Rev A, highTimeUs = 0
[2026-09-15T14:32:43.380] Cog0  MOT: fwdDegrees = 43, offset_fwd = $1E93_E93E
[2026-09-15T14:32:43.380] Cog0       revDegrees = 317, offset_rev = $E16C_16C1
[2026-09-15T14:32:43.380] Cog0   - Calc FRAME: frame_cnt = 6_136
[2026-09-15T14:32:43.381] Cog0  * init values dead_gap = 70, pwm_limit = 3_033, adc_fram = 6_136, duty_min = 1_600, duty_max = 24_264
[2026-09-15T14:32:43.381] Cog0  *      values duty_up = 18, duty_dn = 4, cfg_ctcks = 135_000
[2026-09-15T14:32:43.381] Cog0  *VAL* legalVoltage = 6
[2026-09-15T14:32:43.381] Cog0  * ENTRY CFG selectedPower = 6
[2026-09-15T14:32:43.384] Cog0  * EXIT 2 CFG eUserSelectedVolts = 6 maxFwdIncreAtPwr = 147_000_000 minFwdIncreAtPwr = 544_628
[2026-09-15T14:32:43.384] Cog0  --- pinSum = 0, 64010 Rev A, highTimeUs = 0
[2026-09-15T14:32:43.385] Cog0  BD-LIB,sw,7,grp,32,mark,end,libvrd,REVA,trapped,0
[2026-09-15T14:32:43.387] Cog0  BD-CELL,sw,7,grp,32,gnm,P32_P47,cog,P16_P31,cogst,STOPPED,clr,NOCLR,n,32,sum_min,0,sum_max,0,sum_mean,0,va,32,vb,0,vn,0,modal,REVA,fl_min,1,fl_max,1,fl_never,0,bnc_max,0,libvrd,REVA,agree,1
[2026-09-15T14:32:43.403] Cog0  BD-SKIPPED,sw,7,grp,40,gnm,P40_P55,pin,44,ovl,LEFT+12_PWM_W_L,cog,P16_P31,cogst,STOPPED,clr,NOCLR,n,32,reason,GATE_OVERLAP
[2026-09-15T14:32:43.566] Cog0  BD-REP,sw,7,grp,8,gnm,P8_P23,pin,12,ovl,NONE,rep,1,cog,P16_P31,cogst,STOPPED,clr,NOCLR,sum,500,sumtix,100_056,vrd,NODET,iter,NEVER,fltix,NEVER,bnc,NOMEAS,exit,MAXED,pre,$A0FC,post,$A0FC
[2026-09-15T14:32:43.568] Cog0  BD-REP,sw,7,grp,8,gnm,P8_P23,pin,12,ovl,NONE,rep,2,cog,P16_P31,cogst,STOPPED,clr,NOCLR,sum,500,sumtix,100_056,vrd,NODET,iter,NEVER,fltix,NEVER,bnc,NOMEAS,exit,MAXED,pre,$A0FC,post,$A0FC
[2026-09-15T14:32:43.570] Cog0  BD-REP,sw,7,grp,8,gnm,P8_P23,pin,12,ovl,NONE,rep,3,cog,P16_P31,cogst,STOPPED,clr,NOCLR,sum,500,sumtix,100_056,vrd,NODET,iter,NEVER,fltix,NEVER,bnc,NOMEAS,exit,MAXED,pre,$A0FC,post,$A0FC
[2026-09-15T14:32:43.572] Cog0  BD-REP,sw,7,grp,8,gnm,P8_P23,pin,12,ovl,NONE,rep,4,cog,P16_P31,cogst,STOPPED,clr,NOCLR,sum,500,sumtix,100_056,vrd,NODET,iter,NEVER,fltix,NEVER,bnc,NOMEAS,exit,MAXED,pre,$A0FC,post,$A0FC
[2026-09-15T14:32:43.573] Cog0  BD-REP,sw,7,grp,8,gnm,P8_P23,pin,12,ovl,NONE,rep,5,cog,P16_P31,cogst,STOPPED,clr,NOCLR,sum,500,sumtix,100_056,vrd,NODET,iter,NEVER,fltix,NEVER,bnc,NOMEAS,exit,MAXED,pre,$A0FC,post,$A0FC
[2026-09-15T14:32:43.575] Cog0  BD-REP,sw,7,grp,8,gnm,P8_P23,pin,12,ovl,NONE,rep,6,cog,P16_P31,cogst,STOPPED,clr,NOCLR,sum,500,sumtix,100_056,vrd,NODET,iter,NEVER,fltix,NEVER,bnc,NOMEAS,exit,MAXED,pre,$A0FC,post,$A0FC
[2026-09-15T14:32:43.577] Cog0  BD-REP,sw,7,grp,8,gnm,P8_P23,pin,12,ovl,NONE,rep,7,cog,P16_P31,cogst,STOPPED,clr,NOCLR,sum,500,sumtix,100_056,vrd,NODET,iter,NEVER,fltix,NEVER,bnc,NOMEAS,exit,MAXED,pre,$A0FC,post,$A0FC
[2026-09-15T14:32:43.579] Cog0  BD-REP,sw,7,grp,8,gnm,P8_P23,pin,12,ovl,NONE,rep,8,cog,P16_P31,cogst,STOPPED,clr,NOCLR,sum,500,sumtix,100_056,vrd,NODET,iter,NEVER,fltix,NEVER,bnc,NOMEAS,exit,MAXED,pre,$A0FC,post,$A0FC
[2026-09-15T14:32:43.582] Cog0  BD-REP,sw,7,grp,8,gnm,P8_P23,pin,12,ovl,NONE,rep,9,cog,P16_P31,cogst,STOPPED,clr,NOCLR,sum,500,sumtix,100_056,vrd,NODET,iter,NEVER,fltix,NEVER,bnc,NOMEAS,exit,MAXED,pre,$A0FC,post,$A0FC
[2026-09-15T14:32:43.583] Cog0  BD-REP,sw,7,grp,8,gnm,P8_P23,pin,12,ovl,NONE,rep,10,cog,P16_P31,cogst,STOPPED,clr,NOCLR,sum,500,sumtix,100_056,vrd,NODET,iter,NEVER,fltix,NEVER,bnc,NOMEAS,exit,MAXED,pre,$A0FC,post,$A0FC
[2026-09-15T14:32:43.585] Cog0  BD-REP,sw,7,grp,8,gnm,P8_P23,pin,12,ovl,NONE,rep,11,cog,P16_P31,cogst,STOPPED,clr,NOCLR,sum,500,sumtix,100_056,vrd,NODET,iter,NEVER,fltix,NEVER,bnc,NOMEAS,exit,MAXED,pre,$A0FC,post,$A0FC
[2026-09-15T14:32:43.587] Cog0  BD-REP,sw,7,grp,8,gnm,P8_P23,pin,12,ovl,NONE,rep,12,cog,P16_P31,cogst,STOPPED,clr,NOCLR,sum,500,sumtix,100_056,vrd,NODET,iter,NEVER,fltix,NEVER,bnc,NOMEAS,exit,MAXED,pre,$A0FC,post,$A0FC
[2026-09-15T14:32:43.589] Cog0  BD-REP,sw,7,grp,8,gnm,P8_P23,pin,12,ovl,NONE,rep,13,cog,P16_P31,cogst,STOPPED,clr,NOCLR,sum,500,sumtix,100_056,vrd,NODET,iter,NEVER,fltix,NEVER,bnc,NOMEAS,exit,MAXED,pre,$A0FC,post,$A0FC
[2026-09-15T14:32:43.591] Cog0  BD-REP,sw,7,grp,8,gnm,P8_P23,pin,12,ovl,NONE,rep,14,cog,P16_P31,cogst,STOPPED,clr,NOCLR,sum,500,sumtix,100_056,vrd,NODET,iter,NEVER,fltix,NEVER,bnc,NOMEAS,exit,MAXED,pre,$A0FC,post,$A0FC
[2026-09-15T14:32:43.593] Cog0  BD-REP,sw,7,grp,8,gnm,P8_P23,pin,12,ovl,NONE,rep,15,cog,P16_P31,cogst,STOPPED,clr,NOCLR,sum,500,sumtix,100_056,vrd,NODET,iter,NEVER,fltix,NEVER,bnc,NOMEAS,exit,MAXED,pre,$A0FC,post,$A0FC
[2026-09-15T14:32:43.595] Cog0  BD-REP,sw,7,grp,8,gnm,P8_P23,pin,12,ovl,NONE,rep,16,cog,P16_P31,cogst,STOPPED,clr,NOCLR,sum,500,sumtix,100_056,vrd,NODET,iter,NEVER,fltix,NEVER,bnc,NOMEAS,exit,MAXED,pre,$A0FC,post,$A0FC
[2026-09-15T14:32:43.597] Cog0  BD-REP,sw,7,grp,8,gnm,P8_P23,pin,12,ovl,NONE,rep,17,cog,P16_P31,cogst,STOPPED,clr,NOCLR,sum,500,sumtix,100_056,vrd,NODET,iter,NEVER,fltix,NEVER,bnc,NOMEAS,exit,MAXED,pre,$A0FC,post,$A0FC
[2026-09-15T14:32:43.599] Cog0  BD-REP,sw,7,grp,8,gnm,P8_P23,pin,12,ovl,NONE,rep,18,cog,P16_P31,cogst,STOPPED,clr,NOCLR,sum,500,sumtix,100_056,vrd,NODET,iter,NEVER,fltix,NEVER,bnc,NOMEAS,exit,MAXED,pre,$A0FC,post,$A0FC
[2026-09-15T14:32:43.601] Cog0  BD-REP,sw,7,grp,8,gnm,P8_P23,pin,12,ovl,NONE,rep,19,cog,P16_P31,cogst,STOPPED,clr,NOCLR,sum,500,sumtix,100_056,vrd,NODET,iter,NEVER,fltix,NEVER,bnc,NOMEAS,exit,MAXED,pre,$A0FC,post,$A0FC
[2026-09-15T14:32:43.603] Cog0  BD-REP,sw,7,grp,8,gnm,P8_P23,pin,12,ovl,NONE,rep,20,cog,P16_P31,cogst,STOPPED,clr,NOCLR,sum,500,sumtix,100_056,vrd,NODET,iter,NEVER,fltix,NEVER,bnc,NOMEAS,exit,MAXED,pre,$A0FC,post,$A0FC
[2026-09-15T14:32:43.605] Cog0  BD-REP,sw,7,grp,8,gnm,P8_P23,pin,12,ovl,NONE,rep,21,cog,P16_P31,cogst,STOPPED,clr,NOCLR,sum,500,sumtix,100_056,vrd,NODET,iter,NEVER,fltix,NEVER,bnc,NOMEAS,exit,MAXED,pre,$A0FC,post,$A0FC
[2026-09-15T14:32:43.607] Cog0  BD-REP,sw,7,grp,8,gnm,P8_P23,pin,12,ovl,NONE,rep,22,cog,P16_P31,cogst,STOPPED,clr,NOCLR,sum,500,sumtix,100_056,vrd,NODET,iter,NEVER,fltix,NEVER,bnc,NOMEAS,exit,MAXED,pre,$A0FC,post,$A0FC
[2026-09-15T14:32:43.609] Cog0  BD-REP,sw,7,grp,8,gnm,P8_P23,pin,12,ovl,NONE,rep,23,cog,P16_P31,cogst,STOPPED,clr,NOCLR,sum,500,sumtix,100_056,vrd,NODET,iter,NEVER,fltix,NEVER,bnc,NOMEAS,exit,MAXED,pre,$A0FC,post,$A0FC
[2026-09-15T14:32:43.611] Cog0  BD-REP,sw,7,grp,8,gnm,P8_P23,pin,12,ovl,NONE,rep,24,cog,P16_P31,cogst,STOPPED,clr,NOCLR,sum,500,sumtix,100_056,vrd,NODET,iter,NEVER,fltix,NEVER,bnc,NOMEAS,exit,MAXED,pre,$A0FC,post,$A0FC
[2026-09-15T14:32:43.613] Cog0  BD-REP,sw,7,grp,8,gnm,P8_P23,pin,12,ovl,NONE,rep,25,cog,P16_P31,cogst,STOPPED,clr,NOCLR,sum,500,sumtix,100_056,vrd,NODET,iter,NEVER,fltix,NEVER,bnc,NOMEAS,exit,MAXED,pre,$A0FC,post,$A0FC
[2026-09-15T14:32:43.615] Cog0  BD-REP,sw,7,grp,8,gnm,P8_P23,pin,12,ovl,NONE,rep,26,cog,P16_P31,cogst,STOPPED,clr,NOCLR,sum,500,sumtix,100_056,vrd,NODET,iter,NEVER,fltix,NEVER,bnc,NOMEAS,exit,MAXED,pre,$A0FC,post,$A0FC
[2026-09-15T14:32:43.617] Cog0  BD-REP,sw,7,grp,8,gnm,P8_P23,pin,12,ovl,NONE,rep,27,cog,P16_P31,cogst,STOPPED,clr,NOCLR,sum,500,sumtix,100_056,vrd,NODET,iter,NEVER,fltix,NEVER,bnc,NOMEAS,exit,MAXED,pre,$A0FC,post,$A0FC
[2026-09-15T14:32:43.619] Cog0  BD-REP,sw,7,grp,8,gnm,P8_P23,pin,12,ovl,NONE,rep,28,cog,P16_P31,cogst,STOPPED,clr,NOCLR,sum,500,sumtix,100_056,vrd,NODET,iter,NEVER,fltix,NEVER,bnc,NOMEAS,exit,MAXED,pre,$A0FC,post,$A0FC
[2026-09-15T14:32:43.621] Cog0  BD-REP,sw,7,grp,8,gnm,P8_P23,pin,12,ovl,NONE,rep,29,cog,P16_P31,cogst,STOPPED,clr,NOCLR,sum,500,sumtix,100_056,vrd,NODET,iter,NEVER,fltix,NEVER,bnc,NOMEAS,exit,MAXED,pre,$A0FC,post,$A0FC
[2026-09-15T14:32:43.623] Cog0  BD-REP,sw,7,grp,8,gnm,P8_P23,pin,12,ovl,NONE,rep,30,cog,P16_P31,cogst,STOPPED,clr,NOCLR,sum,500,sumtix,100_056,vrd,NODET,iter,NEVER,fltix,NEVER,bnc,NOMEAS,exit,MAXED,pre,$A0FC,post,$A0FC
[2026-09-15T14:32:43.625] Cog0  BD-REP,sw,7,grp,8,gnm,P8_P23,pin,12,ovl,NONE,rep,31,cog,P16_P31,cogst,STOPPED,clr,NOCLR,sum,500,sumtix,100_056,vrd,NODET,iter,NEVER,fltix,NEVER,bnc,NOMEAS,exit,MAXED,pre,$A0FC,post,$A0FC
[2026-09-15T14:32:43.626] Cog0  BD-REP,sw,7,grp,8,gnm,P8_P23,pin,12,ovl,NONE,rep,32,cog,P16_P31,cogst,STOPPED,clr,NOCLR,sum,500,sumtix,100_056,vrd,NODET,iter,NEVER,fltix,NEVER,bnc,NOMEAS,exit,MAXED,pre,$A0FC,post,$A0FC
[2026-09-15T14:32:43.628] Cog0  BD-LIB,sw,7,grp,8,mark,begin
[2026-09-15T14:32:43.628] Cog0  --- pinSum = 500, Board not detected!, highTimeUs = 385
[2026-09-15T14:32:43.628] Cog0  MOT: fwdDegrees = 43, offset_fwd = $1E93_E93E
[2026-09-15T14:32:43.629] Cog0       revDegrees = 317, offset_rev = $E16C_16C1
[2026-09-15T14:32:43.629] Cog0   - Calc FRAME: frame_cnt = 6_136
[2026-09-15T14:32:43.629] Cog0  * init values dead_gap = 70, pwm_limit = 3_033, adc_fram = 6_136, duty_min = 1_600, duty_max = 24_264
[2026-09-15T14:32:43.630] Cog0  *      values duty_up = 18, duty_dn = 4, cfg_ctcks = 135_000
[2026-09-15T14:32:43.630] Cog0  *VAL* legalVoltage = 6
[2026-09-15T14:32:43.630] Cog0  * ENTRY CFG selectedPower = 6
[2026-09-15T14:32:43.632] Cog0  * EXIT 2 CFG eUserSelectedVolts = 6 maxFwdIncreAtPwr = 147_000_000 minFwdIncreAtPwr = 544_628
[2026-09-15T14:32:43.633] Cog0  --- pinSum = 500, Board not detected!, highTimeUs = 385
[2026-09-15T14:32:43.634] Cog0  BD-LIB,sw,7,grp,8,mark,end,libvrd,NODET,trapped,0
[2026-09-15T14:32:43.636] Cog0  BD-CELL,sw,7,grp,8,gnm,P8_P23,cog,P16_P31,cogst,STOPPED,clr,NOCLR,n,32,sum_min,500,sum_max,500,sum_mean,500,va,0,vb,0,vn,32,modal,NODET,fl_min,NEVER,fl_max,NEVER,fl_never,32,bnc_max,NOMEAS,libvrd,NODET,agree,1
[2026-09-15T14:32:43.637] Cog0  BD-SKIPPED,sw,7,grp,24,gnm,NO_USE_P24_P39,pin,28,ovl,RIGHT+12_PWM_W_L,cog,P16_P31,cogst,STOPPED,clr,NOCLR,n,32,reason,GATE_OVERLAP
[2026-09-15T14:32:43.638] Cog0  BD-SWEEP,sw,7,mark,end,cells,4,skipped,2,reps,128
[2026-09-15T14:32:43.653] Cog0  BD-SWEEP,sw,8,mark,begin,cells,NOMEAS,skipped,NOMEAS,reps,NOMEAS
[2026-09-15T14:32:43.816] Cog0  BD-REP,sw,8,grp,0,gnm,P0_P15,pin,4,ovl,NONE,rep,1,cog,P16_P31,cogst,STOPPED,clr,CLR,sum,500,sumtix,100_056,vrd,NODET,iter,NEVER,fltix,NEVER,bnc,NOMEAS,exit,MAXED,pre,$FCFF,post,$FCFF
[2026-09-15T14:32:43.818] Cog0  BD-REP,sw,8,grp,0,gnm,P0_P15,pin,4,ovl,NONE,rep,2,cog,P16_P31,cogst,STOPPED,clr,CLR,sum,500,sumtix,100_056,vrd,NODET,iter,NEVER,fltix,NEVER,bnc,NOMEAS,exit,MAXED,pre,$FCFF,post,$FCFF
[2026-09-15T14:32:43.820] Cog0  BD-REP,sw,8,grp,0,gnm,P0_P15,pin,4,ovl,NONE,rep,3,cog,P16_P31,cogst,STOPPED,clr,CLR,sum,500,sumtix,100_056,vrd,NODET,iter,NEVER,fltix,NEVER,bnc,NOMEAS,exit,MAXED,pre,$FCFF,post,$FCFF
[2026-09-15T14:32:43.822] Cog0  BD-REP,sw,8,grp,0,gnm,P0_P15,pin,4,ovl,NONE,rep,4,cog,P16_P31,cogst,STOPPED,clr,CLR,sum,500,sumtix,100_056,vrd,NODET,iter,NEVER,fltix,NEVER,bnc,NOMEAS,exit,MAXED,pre,$FCFF,post,$FCFF
[2026-09-15T14:32:43.824] Cog0  BD-REP,sw,8,grp,0,gnm,P0_P15,pin,4,ovl,NONE,rep,5,cog,P16_P31,cogst,STOPPED,clr,CLR,sum,500,sumtix,100_056,vrd,NODET,iter,NEVER,fltix,NEVER,bnc,NOMEAS,exit,MAXED,pre,$FCFF,post,$FCFF
[2026-09-15T14:32:43.826] Cog0  BD-REP,sw,8,grp,0,gnm,P0_P15,pin,4,ovl,NONE,rep,6,cog,P16_P31,cogst,STOPPED,clr,CLR,sum,500,sumtix,100_056,vrd,NODET,iter,NEVER,fltix,NEVER,bnc,NOMEAS,exit,MAXED,pre,$FCFF,post,$FCFF
[2026-09-15T14:32:43.828] Cog0  BD-REP,sw,8,grp,0,gnm,P0_P15,pin,4,ovl,NONE,rep,7,cog,P16_P31,cogst,STOPPED,clr,CLR,sum,500,sumtix,100_056,vrd,NODET,iter,NEVER,fltix,NEVER,bnc,NOMEAS,exit,MAXED,pre,$FCFF,post,$FCFF
[2026-09-15T14:32:43.830] Cog0  BD-REP,sw,8,grp,0,gnm,P0_P15,pin,4,ovl,NONE,rep,8,cog,P16_P31,cogst,STOPPED,clr,CLR,sum,500,sumtix,100_056,vrd,NODET,iter,NEVER,fltix,NEVER,bnc,NOMEAS,exit,MAXED,pre,$FCFF,post,$FCFF
[2026-09-15T14:32:43.831] Cog0  BD-REP,sw,8,grp,0,gnm,P0_P15,pin,4,ovl,NONE,rep,9,cog,P16_P31,cogst,STOPPED,clr,CLR,sum,500,sumtix,100_056,vrd,NODET,iter,NEVER,fltix,NEVER,bnc,NOMEAS,exit,MAXED,pre,$FCFF,post,$FCFF
[2026-09-15T14:32:43.833] Cog0  BD-REP,sw,8,grp,0,gnm,P0_P15,pin,4,ovl,NONE,rep,10,cog,P16_P31,cogst,STOPPED,clr,CLR,sum,500,sumtix,100_056,vrd,NODET,iter,NEVER,fltix,NEVER,bnc,NOMEAS,exit,MAXED,pre,$FCFF,post,$FCFF
[2026-09-15T14:32:43.835] Cog0  BD-REP,sw,8,grp,0,gnm,P0_P15,pin,4,ovl,NONE,rep,11,cog,P16_P31,cogst,STOPPED,clr,CLR,sum,500,sumtix,100_056,vrd,NODET,iter,NEVER,fltix,NEVER,bnc,NOMEAS,exit,MAXED,pre,$FCFF,post,$FCFF
[2026-09-15T14:32:43.837] Cog0  BD-REP,sw,8,grp,0,gnm,P0_P15,pin,4,ovl,NONE,rep,12,cog,P16_P31,cogst,STOPPED,clr,CLR,sum,500,sumtix,100_056,vrd,NODET,iter,NEVER,fltix,NEVER,bnc,NOMEAS,exit,MAXED,pre,$FCFF,post,$FCFF
[2026-09-15T14:32:43.839] Cog0  BD-REP,sw,8,grp,0,gnm,P0_P15,pin,4,ovl,NONE,rep,13,cog,P16_P31,cogst,STOPPED,clr,CLR,sum,500,sumtix,100_056,vrd,NODET,iter,NEVER,fltix,NEVER,bnc,NOMEAS,exit,MAXED,pre,$FCFF,post,$FCFF
[2026-09-15T14:32:43.841] Cog0  BD-REP,sw,8,grp,0,gnm,P0_P15,pin,4,ovl,NONE,rep,14,cog,P16_P31,cogst,STOPPED,clr,CLR,sum,500,sumtix,100_056,vrd,NODET,iter,NEVER,fltix,NEVER,bnc,NOMEAS,exit,MAXED,pre,$FCFF,post,$FCFF
[2026-09-15T14:32:43.843] Cog0  BD-REP,sw,8,grp,0,gnm,P0_P15,pin,4,ovl,NONE,rep,15,cog,P16_P31,cogst,STOPPED,clr,CLR,sum,500,sumtix,100_056,vrd,NODET,iter,NEVER,fltix,NEVER,bnc,NOMEAS,exit,MAXED,pre,$FCFF,post,$FCFF
[2026-09-15T14:32:43.845] Cog0  BD-REP,sw,8,grp,0,gnm,P0_P15,pin,4,ovl,NONE,rep,16,cog,P16_P31,cogst,STOPPED,clr,CLR,sum,500,sumtix,100_056,vrd,NODET,iter,NEVER,fltix,NEVER,bnc,NOMEAS,exit,MAXED,pre,$FCFF,post,$FCFF
[2026-09-15T14:32:43.847] Cog0  BD-REP,sw,8,grp,0,gnm,P0_P15,pin,4,ovl,NONE,rep,17,cog,P16_P31,cogst,STOPPED,clr,CLR,sum,500,sumtix,100_056,vrd,NODET,iter,NEVER,fltix,NEVER,bnc,NOMEAS,exit,MAXED,pre,$FCFF,post,$FCFF
[2026-09-15T14:32:43.849] Cog0  BD-REP,sw,8,grp,0,gnm,P0_P15,pin,4,ovl,NONE,rep,18,cog,P16_P31,cogst,STOPPED,clr,CLR,sum,500,sumtix,100_056,vrd,NODET,iter,NEVER,fltix,NEVER,bnc,NOMEAS,exit,MAXED,pre,$FCFF,post,$FCFF
[2026-09-15T14:32:43.851] Cog0  BD-REP,sw,8,grp,0,gnm,P0_P15,pin,4,ovl,NONE,rep,19,cog,P16_P31,cogst,STOPPED,clr,CLR,sum,500,sumtix,100_056,vrd,NODET,iter,NEVER,fltix,NEVER,bnc,NOMEAS,exit,MAXED,pre,$FCFF,post,$FCFF
[2026-09-15T14:32:43.853] Cog0  BD-REP,sw,8,grp,0,gnm,P0_P15,pin,4,ovl,NONE,rep,20,cog,P16_P31,cogst,STOPPED,clr,CLR,sum,500,sumtix,100_056,vrd,NODET,iter,NEVER,fltix,NEVER,bnc,NOMEAS,exit,MAXED,pre,$FCFF,post,$FCFF
[2026-09-15T14:32:43.855] Cog0  BD-REP,sw,8,grp,0,gnm,P0_P15,pin,4,ovl,NONE,rep,21,cog,P16_P31,cogst,STOPPED,clr,CLR,sum,500,sumtix,100_056,vrd,NODET,iter,NEVER,fltix,NEVER,bnc,NOMEAS,exit,MAXED,pre,$FCFF,post,$FCFF
[2026-09-15T14:32:43.857] Cog0  BD-REP,sw,8,grp,0,gnm,P0_P15,pin,4,ovl,NONE,rep,22,cog,P16_P31,cogst,STOPPED,clr,CLR,sum,500,sumtix,100_056,vrd,NODET,iter,NEVER,fltix,NEVER,bnc,NOMEAS,exit,MAXED,pre,$FCFF,post,$FCFF
[2026-09-15T14:32:43.859] Cog0  BD-REP,sw,8,grp,0,gnm,P0_P15,pin,4,ovl,NONE,rep,23,cog,P16_P31,cogst,STOPPED,clr,CLR,sum,500,sumtix,100_056,vrd,NODET,iter,NEVER,fltix,NEVER,bnc,NOMEAS,exit,MAXED,pre,$FCFF,post,$FCFF
[2026-09-15T14:32:43.861] Cog0  BD-REP,sw,8,grp,0,gnm,P0_P15,pin,4,ovl,NONE,rep,24,cog,P16_P31,cogst,STOPPED,clr,CLR,sum,500,sumtix,100_056,vrd,NODET,iter,NEVER,fltix,NEVER,bnc,NOMEAS,exit,MAXED,pre,$FCFF,post,$FCFF
[2026-09-15T14:32:43.863] Cog0  BD-REP,sw,8,grp,0,gnm,P0_P15,pin,4,ovl,NONE,rep,25,cog,P16_P31,cogst,STOPPED,clr,CLR,sum,500,sumtix,100_056,vrd,NODET,iter,NEVER,fltix,NEVER,bnc,NOMEAS,exit,MAXED,pre,$FCFF,post,$FCFF
[2026-09-15T14:32:43.865] Cog0  BD-REP,sw,8,grp,0,gnm,P0_P15,pin,4,ovl,NONE,rep,26,cog,P16_P31,cogst,STOPPED,clr,CLR,sum,500,sumtix,100_056,vrd,NODET,iter,NEVER,fltix,NEVER,bnc,NOMEAS,exit,MAXED,pre,$FCFF,post,$FCFF
[2026-09-15T14:32:43.867] Cog0  BD-REP,sw,8,grp,0,gnm,P0_P15,pin,4,ovl,NONE,rep,27,cog,P16_P31,cogst,STOPPED,clr,CLR,sum,500,sumtix,100_056,vrd,NODET,iter,NEVER,fltix,NEVER,bnc,NOMEAS,exit,MAXED,pre,$FCFF,post,$FCFF
[2026-09-15T14:32:43.869] Cog0  BD-REP,sw,8,grp,0,gnm,P0_P15,pin,4,ovl,NONE,rep,28,cog,P16_P31,cogst,STOPPED,clr,CLR,sum,500,sumtix,100_056,vrd,NODET,iter,NEVER,fltix,NEVER,bnc,NOMEAS,exit,MAXED,pre,$FCFF,post,$FCFF
[2026-09-15T14:32:43.871] Cog0  BD-REP,sw,8,grp,0,gnm,P0_P15,pin,4,ovl,NONE,rep,29,cog,P16_P31,cogst,STOPPED,clr,CLR,sum,500,sumtix,100_056,vrd,NODET,iter,NEVER,fltix,NEVER,bnc,NOMEAS,exit,MAXED,pre,$FCFF,post,$FCFF
[2026-09-15T14:32:43.873] Cog0  BD-REP,sw,8,grp,0,gnm,P0_P15,pin,4,ovl,NONE,rep,30,cog,P16_P31,cogst,STOPPED,clr,CLR,sum,500,sumtix,100_056,vrd,NODET,iter,NEVER,fltix,NEVER,bnc,NOMEAS,exit,MAXED,pre,$FCFF,post,$FCFF
[2026-09-15T14:32:43.874] Cog0  BD-REP,sw,8,grp,0,gnm,P0_P15,pin,4,ovl,NONE,rep,31,cog,P16_P31,cogst,STOPPED,clr,CLR,sum,500,sumtix,100_056,vrd,NODET,iter,NEVER,fltix,NEVER,bnc,NOMEAS,exit,MAXED,pre,$FCFF,post,$FCFF
[2026-09-15T14:32:43.876] Cog0  BD-REP,sw,8,grp,0,gnm,P0_P15,pin,4,ovl,NONE,rep,32,cog,P16_P31,cogst,STOPPED,clr,CLR,sum,500,sumtix,100_056,vrd,NODET,iter,NEVER,fltix,NEVER,bnc,NOMEAS,exit,MAXED,pre,$FCFF,post,$FCFF
[2026-09-15T14:32:43.877] Cog0  BD-LIB,sw,8,grp,0,mark,begin
[2026-09-15T14:32:43.878] Cog0  --- pinSum = 500, Board not detected!, highTimeUs = 385
[2026-09-15T14:32:43.878] Cog0  MOT: fwdDegrees = 43, offset_fwd = $1E93_E93E
[2026-09-15T14:32:43.878] Cog0       revDegrees = 317, offset_rev = $E16C_16C1
[2026-09-15T14:32:43.878] Cog0   - Calc FRAME: frame_cnt = 6_136
[2026-09-15T14:32:43.879] Cog0  * init values dead_gap = 70, pwm_limit = 3_033, adc_fram = 6_136, duty_min = 1_600, duty_max = 24_264
[2026-09-15T14:32:43.879] Cog0  *      values duty_up = 18, duty_dn = 4, cfg_ctcks = 135_000
[2026-09-15T14:32:43.879] Cog0  *VAL* legalVoltage = 6
[2026-09-15T14:32:43.880] Cog0  * ENTRY CFG selectedPower = 6
[2026-09-15T14:32:43.881] Cog0  * EXIT 2 CFG eUserSelectedVolts = 6 maxFwdIncreAtPwr = 147_000_000 minFwdIncreAtPwr = 544_628
[2026-09-15T14:32:43.882] Cog0  --- pinSum = 500, Board not detected!, highTimeUs = 385
[2026-09-15T14:32:43.884] Cog0  BD-LIB,sw,8,grp,0,mark,end,libvrd,NODET,trapped,0
[2026-09-15T14:32:43.901] Cog0  BD-CELL,sw,8,grp,0,gnm,P0_P15,cog,P16_P31,cogst,STOPPED,clr,CLR,n,32,sum_min,500,sum_max,500,sum_mean,500,va,0,vb,0,vn,32,modal,NODET,fl_min,NEVER,fl_max,NEVER,fl_never,32,bnc_max,NOMEAS,libvrd,NODET,agree,1
[2026-09-15T14:32:43.966] Cog0  BD-REP,sw,8,grp,16,gnm,P16_P31,pin,20,ovl,SELF,rep,1,cog,P16_P31,cogst,STOPPED,clr,CLR,sum,0,sumtix,100_056,vrd,REVA,iter,1,fltix,480,bnc,0,exit,LOW,pre,$00A0,post,$00A0
[2026-09-15T14:32:43.968] Cog0  BD-REP,sw,8,grp,16,gnm,P16_P31,pin,20,ovl,SELF,rep,2,cog,P16_P31,cogst,STOPPED,clr,CLR,sum,0,sumtix,100_056,vrd,REVA,iter,1,fltix,480,bnc,0,exit,LOW,pre,$00A0,post,$00A0
[2026-09-15T14:32:43.970] Cog0  BD-REP,sw,8,grp,16,gnm,P16_P31,pin,20,ovl,SELF,rep,3,cog,P16_P31,cogst,STOPPED,clr,CLR,sum,0,sumtix,100_056,vrd,REVA,iter,1,fltix,480,bnc,0,exit,LOW,pre,$00A0,post,$00A0
[2026-09-15T14:32:43.971] Cog0  BD-REP,sw,8,grp,16,gnm,P16_P31,pin,20,ovl,SELF,rep,4,cog,P16_P31,cogst,STOPPED,clr,CLR,sum,0,sumtix,100_056,vrd,REVA,iter,1,fltix,480,bnc,0,exit,LOW,pre,$00A0,post,$00A0
[2026-09-15T14:32:43.973] Cog0  BD-REP,sw,8,grp,16,gnm,P16_P31,pin,20,ovl,SELF,rep,5,cog,P16_P31,cogst,STOPPED,clr,CLR,sum,0,sumtix,100_056,vrd,REVA,iter,1,fltix,480,bnc,0,exit,LOW,pre,$00A0,post,$00A0
[2026-09-15T14:32:43.975] Cog0  BD-REP,sw,8,grp,16,gnm,P16_P31,pin,20,ovl,SELF,rep,6,cog,P16_P31,cogst,STOPPED,clr,CLR,sum,0,sumtix,100_056,vrd,REVA,iter,1,fltix,480,bnc,0,exit,LOW,pre,$00A0,post,$00A0
[2026-09-15T14:32:43.977] Cog0  BD-REP,sw,8,grp,16,gnm,P16_P31,pin,20,ovl,SELF,rep,7,cog,P16_P31,cogst,STOPPED,clr,CLR,sum,0,sumtix,100_056,vrd,REVA,iter,1,fltix,480,bnc,0,exit,LOW,pre,$00A0,post,$00A0
[2026-09-15T14:32:43.979] Cog0  BD-REP,sw,8,grp,16,gnm,P16_P31,pin,20,ovl,SELF,rep,8,cog,P16_P31,cogst,STOPPED,clr,CLR,sum,0,sumtix,100_056,vrd,REVA,iter,1,fltix,480,bnc,0,exit,LOW,pre,$00A0,post,$00A0
[2026-09-15T14:32:43.981] Cog0  BD-REP,sw,8,grp,16,gnm,P16_P31,pin,20,ovl,SELF,rep,9,cog,P16_P31,cogst,STOPPED,clr,CLR,sum,0,sumtix,100_056,vrd,REVA,iter,1,fltix,480,bnc,0,exit,LOW,pre,$00A0,post,$00A0
[2026-09-15T14:32:43.982] Cog0  BD-REP,sw,8,grp,16,gnm,P16_P31,pin,20,ovl,SELF,rep,10,cog,P16_P31,cogst,STOPPED,clr,CLR,sum,0,sumtix,100_056,vrd,REVA,iter,1,fltix,480,bnc,0,exit,LOW,pre,$00A0,post,$00A0
[2026-09-15T14:32:43.984] Cog0  BD-REP,sw,8,grp,16,gnm,P16_P31,pin,20,ovl,SELF,rep,11,cog,P16_P31,cogst,STOPPED,clr,CLR,sum,0,sumtix,100_056,vrd,REVA,iter,1,fltix,480,bnc,0,exit,LOW,pre,$00A0,post,$00A0
[2026-09-15T14:32:43.986] Cog0  BD-REP,sw,8,grp,16,gnm,P16_P31,pin,20,ovl,SELF,rep,12,cog,P16_P31,cogst,STOPPED,clr,CLR,sum,0,sumtix,100_056,vrd,REVA,iter,1,fltix,480,bnc,0,exit,LOW,pre,$00A0,post,$00A0
[2026-09-15T14:32:43.988] Cog0  BD-REP,sw,8,grp,16,gnm,P16_P31,pin,20,ovl,SELF,rep,13,cog,P16_P31,cogst,STOPPED,clr,CLR,sum,0,sumtix,100_056,vrd,REVA,iter,1,fltix,480,bnc,0,exit,LOW,pre,$00A0,post,$00A0
[2026-09-15T14:32:43.990] Cog0  BD-REP,sw,8,grp,16,gnm,P16_P31,pin,20,ovl,SELF,rep,14,cog,P16_P31,cogst,STOPPED,clr,CLR,sum,0,sumtix,100_056,vrd,REVA,iter,1,fltix,480,bnc,0,exit,LOW,pre,$00A0,post,$00A0
[2026-09-15T14:32:43.991] Cog0  BD-REP,sw,8,grp,16,gnm,P16_P31,pin,20,ovl,SELF,rep,15,cog,P16_P31,cogst,STOPPED,clr,CLR,sum,0,sumtix,100_056,vrd,REVA,iter,1,fltix,480,bnc,0,exit,LOW,pre,$00A0,post,$00A0
[2026-09-15T14:32:43.993] Cog0  BD-REP,sw,8,grp,16,gnm,P16_P31,pin,20,ovl,SELF,rep,16,cog,P16_P31,cogst,STOPPED,clr,CLR,sum,0,sumtix,100_056,vrd,REVA,iter,1,fltix,480,bnc,0,exit,LOW,pre,$00A0,post,$00A0
[2026-09-15T14:32:43.995] Cog0  BD-REP,sw,8,grp,16,gnm,P16_P31,pin,20,ovl,SELF,rep,17,cog,P16_P31,cogst,STOPPED,clr,CLR,sum,0,sumtix,100_056,vrd,REVA,iter,1,fltix,480,bnc,0,exit,LOW,pre,$00A0,post,$00A0
[2026-09-15T14:32:43.997] Cog0  BD-REP,sw,8,grp,16,gnm,P16_P31,pin,20,ovl,SELF,rep,18,cog,P16_P31,cogst,STOPPED,clr,CLR,sum,0,sumtix,100_056,vrd,REVA,iter,1,fltix,480,bnc,0,exit,LOW,pre,$00A0,post,$00A0
[2026-09-15T14:32:43.999] Cog0  BD-REP,sw,8,grp,16,gnm,P16_P31,pin,20,ovl,SELF,rep,19,cog,P16_P31,cogst,STOPPED,clr,CLR,sum,0,sumtix,100_056,vrd,REVA,iter,1,fltix,480,bnc,0,exit,LOW,pre,$00A0,post,$00A0
[2026-09-15T14:32:44.001] Cog0  BD-REP,sw,8,grp,16,gnm,P16_P31,pin,20,ovl,SELF,rep,20,cog,P16_P31,cogst,STOPPED,clr,CLR,sum,0,sumtix,100_056,vrd,REVA,iter,1,fltix,480,bnc,0,exit,LOW,pre,$00A0,post,$00A0
[2026-09-15T14:32:44.003] Cog0  BD-REP,sw,8,grp,16,gnm,P16_P31,pin,20,ovl,SELF,rep,21,cog,P16_P31,cogst,STOPPED,clr,CLR,sum,0,sumtix,100_056,vrd,REVA,iter,1,fltix,480,bnc,0,exit,LOW,pre,$00A0,post,$00A0
[2026-09-15T14:32:44.005] Cog0  BD-REP,sw,8,grp,16,gnm,P16_P31,pin,20,ovl,SELF,rep,22,cog,P16_P31,cogst,STOPPED,clr,CLR,sum,0,sumtix,100_056,vrd,REVA,iter,1,fltix,480,bnc,0,exit,LOW,pre,$00A0,post,$00A0
[2026-09-15T14:32:44.006] Cog0  BD-REP,sw,8,grp,16,gnm,P16_P31,pin,20,ovl,SELF,rep,23,cog,P16_P31,cogst,STOPPED,clr,CLR,sum,0,sumtix,100_056,vrd,REVA,iter,1,fltix,480,bnc,0,exit,LOW,pre,$00A0,post,$00A0
[2026-09-15T14:32:44.008] Cog0  BD-REP,sw,8,grp,16,gnm,P16_P31,pin,20,ovl,SELF,rep,24,cog,P16_P31,cogst,STOPPED,clr,CLR,sum,0,sumtix,100_056,vrd,REVA,iter,1,fltix,480,bnc,0,exit,LOW,pre,$00A0,post,$00A0
[2026-09-15T14:32:44.010] Cog0  BD-REP,sw,8,grp,16,gnm,P16_P31,pin,20,ovl,SELF,rep,25,cog,P16_P31,cogst,STOPPED,clr,CLR,sum,0,sumtix,100_056,vrd,REVA,iter,1,fltix,480,bnc,0,exit,LOW,pre,$00A0,post,$00A0
[2026-09-15T14:32:44.012] Cog0  BD-REP,sw,8,grp,16,gnm,P16_P31,pin,20,ovl,SELF,rep,26,cog,P16_P31,cogst,STOPPED,clr,CLR,sum,0,sumtix,100_056,vrd,REVA,iter,1,fltix,480,bnc,0,exit,LOW,pre,$00A0,post,$00A0
[2026-09-15T14:32:44.014] Cog0  BD-REP,sw,8,grp,16,gnm,P16_P31,pin,20,ovl,SELF,rep,27,cog,P16_P31,cogst,STOPPED,clr,CLR,sum,0,sumtix,100_056,vrd,REVA,iter,1,fltix,480,bnc,0,exit,LOW,pre,$00A0,post,$00A0
[2026-09-15T14:32:44.016] Cog0  BD-REP,sw,8,grp,16,gnm,P16_P31,pin,20,ovl,SELF,rep,28,cog,P16_P31,cogst,STOPPED,clr,CLR,sum,0,sumtix,100_056,vrd,REVA,iter,1,fltix,480,bnc,0,exit,LOW,pre,$00A0,post,$00A0
[2026-09-15T14:32:44.017] Cog0  BD-REP,sw,8,grp,16,gnm,P16_P31,pin,20,ovl,SELF,rep,29,cog,P16_P31,cogst,STOPPED,clr,CLR,sum,0,sumtix,100_056,vrd,REVA,iter,1,fltix,480,bnc,0,exit,LOW,pre,$00A0,post,$00A0
[2026-09-15T14:32:44.019] Cog0  BD-REP,sw,8,grp,16,gnm,P16_P31,pin,20,ovl,SELF,rep,30,cog,P16_P31,cogst,STOPPED,clr,CLR,sum,0,sumtix,100_056,vrd,REVA,iter,1,fltix,480,bnc,0,exit,LOW,pre,$00A0,post,$00A0
[2026-09-15T14:32:44.021] Cog0  BD-REP,sw,8,grp,16,gnm,P16_P31,pin,20,ovl,SELF,rep,31,cog,P16_P31,cogst,STOPPED,clr,CLR,sum,0,sumtix,100_056,vrd,REVA,iter,1,fltix,480,bnc,0,exit,LOW,pre,$00A0,post,$00A0
[2026-09-15T14:32:44.022] Cog0  BD-REP,sw,8,grp,16,gnm,P16_P31,pin,20,ovl,SELF,rep,32,cog,P16_P31,cogst,STOPPED,clr,CLR,sum,0,sumtix,100_056,vrd,REVA,iter,1,fltix,480,bnc,0,exit,LOW,pre,$00A0,post,$00A0
[2026-09-15T14:32:44.024] Cog0  BD-LIB,sw,8,grp,16,mark,begin
[2026-09-15T14:32:44.024] Cog0  --- pinSum = 0, 64010 Rev A, highTimeUs = 0
[2026-09-15T14:32:44.024] Cog0  MOT: fwdDegrees = 43, offset_fwd = $1E93_E93E
[2026-09-15T14:32:44.024] Cog0       revDegrees = 317, offset_rev = $E16C_16C1
[2026-09-15T14:32:44.025] Cog0   - Calc FRAME: frame_cnt = 6_136
[2026-09-15T14:32:44.025] Cog0  * init values dead_gap = 70, pwm_limit = 3_033, adc_fram = 6_136, duty_min = 1_600, duty_max = 24_264
[2026-09-15T14:32:44.026] Cog0  *      values duty_up = 18, duty_dn = 4, cfg_ctcks = 135_000
[2026-09-15T14:32:44.026] Cog0  *VAL* legalVoltage = 6
[2026-09-15T14:32:44.026] Cog0  * ENTRY CFG selectedPower = 6
[2026-09-15T14:32:44.028] Cog0  * EXIT 2 CFG eUserSelectedVolts = 6 maxFwdIncreAtPwr = 147_000_000 minFwdIncreAtPwr = 544_628
[2026-09-15T14:32:44.028] Cog0  --- pinSum = 0, 64010 Rev A, highTimeUs = 0
[2026-09-15T14:32:44.030] Cog0  BD-LIB,sw,8,grp,16,mark,end,libvrd,REVA,trapped,0
[2026-09-15T14:32:44.047] Cog0  BD-CELL,sw,8,grp,16,gnm,P16_P31,cog,P16_P31,cogst,STOPPED,clr,CLR,n,32,sum_min,0,sum_max,0,sum_mean,0,va,32,vb,0,vn,0,modal,REVA,fl_min,1,fl_max,1,fl_never,0,bnc_max,0,libvrd,REVA,agree,1
[2026-09-15T14:32:44.112] Cog0  BD-REP,sw,8,grp,32,gnm,P32_P47,pin,36,ovl,SELF,rep,1,cog,P16_P31,cogst,STOPPED,clr,CLR,sum,0,sumtix,100_056,vrd,REVA,iter,1,fltix,480,bnc,0,exit,LOW,pre,$0060,post,$0060
[2026-09-15T14:32:44.114] Cog0  BD-REP,sw,8,grp,32,gnm,P32_P47,pin,36,ovl,SELF,rep,2,cog,P16_P31,cogst,STOPPED,clr,CLR,sum,0,sumtix,100_056,vrd,REVA,iter,1,fltix,480,bnc,0,exit,LOW,pre,$0060,post,$0060
[2026-09-15T14:32:44.116] Cog0  BD-REP,sw,8,grp,32,gnm,P32_P47,pin,36,ovl,SELF,rep,3,cog,P16_P31,cogst,STOPPED,clr,CLR,sum,0,sumtix,100_056,vrd,REVA,iter,1,fltix,480,bnc,0,exit,LOW,pre,$0060,post,$0060
[2026-09-15T14:32:44.118] Cog0  BD-REP,sw,8,grp,32,gnm,P32_P47,pin,36,ovl,SELF,rep,4,cog,P16_P31,cogst,STOPPED,clr,CLR,sum,0,sumtix,100_056,vrd,REVA,iter,1,fltix,480,bnc,0,exit,LOW,pre,$0060,post,$0060
[2026-09-15T14:32:44.120] Cog0  BD-REP,sw,8,grp,32,gnm,P32_P47,pin,36,ovl,SELF,rep,5,cog,P16_P31,cogst,STOPPED,clr,CLR,sum,0,sumtix,100_056,vrd,REVA,iter,1,fltix,480,bnc,0,exit,LOW,pre,$0060,post,$0060
[2026-09-15T14:32:44.121] Cog0  BD-REP,sw,8,grp,32,gnm,P32_P47,pin,36,ovl,SELF,rep,6,cog,P16_P31,cogst,STOPPED,clr,CLR,sum,0,sumtix,100_056,vrd,REVA,iter,1,fltix,480,bnc,0,exit,LOW,pre,$0060,post,$0060
[2026-09-15T14:32:44.123] Cog0  BD-REP,sw,8,grp,32,gnm,P32_P47,pin,36,ovl,SELF,rep,7,cog,P16_P31,cogst,STOPPED,clr,CLR,sum,0,sumtix,100_056,vrd,REVA,iter,1,fltix,480,bnc,0,exit,LOW,pre,$0060,post,$0060
[2026-09-15T14:32:44.125] Cog0  BD-REP,sw,8,grp,32,gnm,P32_P47,pin,36,ovl,SELF,rep,8,cog,P16_P31,cogst,STOPPED,clr,CLR,sum,0,sumtix,100_056,vrd,REVA,iter,1,fltix,480,bnc,0,exit,LOW,pre,$0060,post,$0060
[2026-09-15T14:32:44.127] Cog0  BD-REP,sw,8,grp,32,gnm,P32_P47,pin,36,ovl,SELF,rep,9,cog,P16_P31,cogst,STOPPED,clr,CLR,sum,0,sumtix,100_056,vrd,REVA,iter,1,fltix,480,bnc,0,exit,LOW,pre,$0060,post,$0060
[2026-09-15T14:32:44.129] Cog0  BD-REP,sw,8,grp,32,gnm,P32_P47,pin,36,ovl,SELF,rep,10,cog,P16_P31,cogst,STOPPED,clr,CLR,sum,0,sumtix,100_056,vrd,REVA,iter,1,fltix,480,bnc,0,exit,LOW,pre,$0060,post,$0060
[2026-09-15T14:32:44.130] Cog0  BD-REP,sw,8,grp,32,gnm,P32_P47,pin,36,ovl,SELF,rep,11,cog,P16_P31,cogst,STOPPED,clr,CLR,sum,0,sumtix,100_056,vrd,REVA,iter,1,fltix,480,bnc,0,exit,LOW,pre,$0060,post,$0060
[2026-09-15T14:32:44.132] Cog0  BD-REP,sw,8,grp,32,gnm,P32_P47,pin,36,ovl,SELF,rep,12,cog,P16_P31,cogst,STOPPED,clr,CLR,sum,0,sumtix,100_056,vrd,REVA,iter,1,fltix,480,bnc,0,exit,LOW,pre,$0060,post,$0060
[2026-09-15T14:32:44.134] Cog0  BD-REP,sw,8,grp,32,gnm,P32_P47,pin,36,ovl,SELF,rep,13,cog,P16_P31,cogst,STOPPED,clr,CLR,sum,0,sumtix,100_056,vrd,REVA,iter,1,fltix,480,bnc,0,exit,LOW,pre,$0060,post,$0060
[2026-09-15T14:32:44.136] Cog0  BD-REP,sw,8,grp,32,gnm,P32_P47,pin,36,ovl,SELF,rep,14,cog,P16_P31,cogst,STOPPED,clr,CLR,sum,0,sumtix,100_056,vrd,REVA,iter,1,fltix,480,bnc,0,exit,LOW,pre,$0060,post,$0060
[2026-09-15T14:32:44.138] Cog0  BD-REP,sw,8,grp,32,gnm,P32_P47,pin,36,ovl,SELF,rep,15,cog,P16_P31,cogst,STOPPED,clr,CLR,sum,0,sumtix,100_056,vrd,REVA,iter,1,fltix,480,bnc,0,exit,LOW,pre,$0060,post,$0060
[2026-09-15T14:32:44.139] Cog0  BD-REP,sw,8,grp,32,gnm,P32_P47,pin,36,ovl,SELF,rep,16,cog,P16_P31,cogst,STOPPED,clr,CLR,sum,0,sumtix,100_056,vrd,REVA,iter,1,fltix,480,bnc,0,exit,LOW,pre,$0060,post,$0060
[2026-09-15T14:32:44.141] Cog0  BD-REP,sw,8,grp,32,gnm,P32_P47,pin,36,ovl,SELF,rep,17,cog,P16_P31,cogst,STOPPED,clr,CLR,sum,0,sumtix,100_056,vrd,REVA,iter,1,fltix,480,bnc,0,exit,LOW,pre,$0060,post,$0060
[2026-09-15T14:32:44.143] Cog0  BD-REP,sw,8,grp,32,gnm,P32_P47,pin,36,ovl,SELF,rep,18,cog,P16_P31,cogst,STOPPED,clr,CLR,sum,0,sumtix,100_056,vrd,REVA,iter,1,fltix,480,bnc,0,exit,LOW,pre,$0060,post,$0060
[2026-09-15T14:32:44.145] Cog0  BD-REP,sw,8,grp,32,gnm,P32_P47,pin,36,ovl,SELF,rep,19,cog,P16_P31,cogst,STOPPED,clr,CLR,sum,0,sumtix,100_056,vrd,REVA,iter,1,fltix,480,bnc,0,exit,LOW,pre,$0060,post,$0060
[2026-09-15T14:32:44.147] Cog0  BD-REP,sw,8,grp,32,gnm,P32_P47,pin,36,ovl,SELF,rep,20,cog,P16_P31,cogst,STOPPED,clr,CLR,sum,0,sumtix,100_056,vrd,REVA,iter,1,fltix,480,bnc,0,exit,LOW,pre,$0060,post,$0060
[2026-09-15T14:32:44.149] Cog0  BD-REP,sw,8,grp,32,gnm,P32_P47,pin,36,ovl,SELF,rep,21,cog,P16_P31,cogst,STOPPED,clr,CLR,sum,0,sumtix,100_056,vrd,REVA,iter,1,fltix,480,bnc,0,exit,LOW,pre,$0060,post,$0060
[2026-09-15T14:32:44.151] Cog0  BD-REP,sw,8,grp,32,gnm,P32_P47,pin,36,ovl,SELF,rep,22,cog,P16_P31,cogst,STOPPED,clr,CLR,sum,0,sumtix,100_056,vrd,REVA,iter,1,fltix,480,bnc,0,exit,LOW,pre,$0060,post,$0060
[2026-09-15T14:32:44.153] Cog0  BD-REP,sw,8,grp,32,gnm,P32_P47,pin,36,ovl,SELF,rep,23,cog,P16_P31,cogst,STOPPED,clr,CLR,sum,0,sumtix,100_056,vrd,REVA,iter,1,fltix,480,bnc,0,exit,LOW,pre,$0060,post,$0060
[2026-09-15T14:32:44.154] Cog0  BD-REP,sw,8,grp,32,gnm,P32_P47,pin,36,ovl,SELF,rep,24,cog,P16_P31,cogst,STOPPED,clr,CLR,sum,0,sumtix,100_056,vrd,REVA,iter,1,fltix,480,bnc,0,exit,LOW,pre,$0060,post,$0060
[2026-09-15T14:32:44.156] Cog0  BD-REP,sw,8,grp,32,gnm,P32_P47,pin,36,ovl,SELF,rep,25,cog,P16_P31,cogst,STOPPED,clr,CLR,sum,0,sumtix,100_056,vrd,REVA,iter,1,fltix,480,bnc,0,exit,LOW,pre,$0060,post,$0060
[2026-09-15T14:32:44.158] Cog0  BD-REP,sw,8,grp,32,gnm,P32_P47,pin,36,ovl,SELF,rep,26,cog,P16_P31,cogst,STOPPED,clr,CLR,sum,0,sumtix,100_056,vrd,REVA,iter,1,fltix,480,bnc,0,exit,LOW,pre,$0060,post,$0060
[2026-09-15T14:32:44.160] Cog0  BD-REP,sw,8,grp,32,gnm,P32_P47,pin,36,ovl,SELF,rep,27,cog,P16_P31,cogst,STOPPED,clr,CLR,sum,0,sumtix,100_056,vrd,REVA,iter,1,fltix,480,bnc,0,exit,LOW,pre,$0060,post,$0060
[2026-09-15T14:32:44.162] Cog0  BD-REP,sw,8,grp,32,gnm,P32_P47,pin,36,ovl,SELF,rep,28,cog,P16_P31,cogst,STOPPED,clr,CLR,sum,0,sumtix,100_056,vrd,REVA,iter,1,fltix,480,bnc,0,exit,LOW,pre,$0060,post,$0060
[2026-09-15T14:32:44.164] Cog0  BD-REP,sw,8,grp,32,gnm,P32_P47,pin,36,ovl,SELF,rep,29,cog,P16_P31,cogst,STOPPED,clr,CLR,sum,0,sumtix,100_056,vrd,REVA,iter,1,fltix,480,bnc,0,exit,LOW,pre,$0060,post,$0060
[2026-09-15T14:32:44.165] Cog0  BD-REP,sw,8,grp,32,gnm,P32_P47,pin,36,ovl,SELF,rep,30,cog,P16_P31,cogst,STOPPED,clr,CLR,sum,0,sumtix,100_056,vrd,REVA,iter,1,fltix,480,bnc,0,exit,LOW,pre,$0060,post,$0060
[2026-09-15T14:32:44.167] Cog0  BD-REP,sw,8,grp,32,gnm,P32_P47,pin,36,ovl,SELF,rep,31,cog,P16_P31,cogst,STOPPED,clr,CLR,sum,0,sumtix,100_056,vrd,REVA,iter,1,fltix,480,bnc,0,exit,LOW,pre,$0060,post,$0060
[2026-09-15T14:32:44.168] Cog0  BD-REP,sw,8,grp,32,gnm,P32_P47,pin,36,ovl,SELF,rep,32,cog,P16_P31,cogst,STOPPED,clr,CLR,sum,0,sumtix,100_056,vrd,REVA,iter,1,fltix,480,bnc,0,exit,LOW,pre,$0060,post,$0060
[2026-09-15T14:32:44.170] Cog0  BD-LIB,sw,8,grp,32,mark,begin
[2026-09-15T14:32:44.170] Cog0  --- pinSum = 0, 64010 Rev A, highTimeUs = 0
[2026-09-15T14:32:44.170] Cog0  MOT: fwdDegrees = 43, offset_fwd = $1E93_E93E
[2026-09-15T14:32:44.171] Cog0       revDegrees = 317, offset_rev = $E16C_16C1
[2026-09-15T14:32:44.171] Cog0   - Calc FRAME: frame_cnt = 6_136
[2026-09-15T14:32:44.171] Cog0  * init values dead_gap = 70, pwm_limit = 3_033, adc_fram = 6_136, duty_min = 1_600, duty_max = 24_264
[2026-09-15T14:32:44.172] Cog0  *      values duty_up = 18, duty_dn = 4, cfg_ctcks = 135_000
[2026-09-15T14:32:44.172] Cog0  *VAL* legalVoltage = 6
[2026-09-15T14:32:44.172] Cog0  * ENTRY CFG selectedPower = 6
[2026-09-15T14:32:44.174] Cog0  * EXIT 2 CFG eUserSelectedVolts = 6 maxFwdIncreAtPwr = 147_000_000 minFwdIncreAtPwr = 544_628
[2026-09-15T14:32:44.175] Cog0  --- pinSum = 0, 64010 Rev A, highTimeUs = 0
[2026-09-15T14:32:44.176] Cog0  BD-LIB,sw,8,grp,32,mark,end,libvrd,REVA,trapped,0
[2026-09-15T14:32:44.178] Cog0  BD-CELL,sw,8,grp,32,gnm,P32_P47,cog,P16_P31,cogst,STOPPED,clr,CLR,n,32,sum_min,0,sum_max,0,sum_mean,0,va,32,vb,0,vn,0,modal,REVA,fl_min,1,fl_max,1,fl_never,0,bnc_max,0,libvrd,REVA,agree,1
[2026-09-15T14:32:44.194] Cog0  BD-SKIPPED,sw,8,grp,40,gnm,P40_P55,pin,44,ovl,LEFT+12_PWM_W_L,cog,P16_P31,cogst,STOPPED,clr,CLR,n,32,reason,GATE_OVERLAP
[2026-09-15T14:32:44.357] Cog0  BD-REP,sw,8,grp,8,gnm,P8_P23,pin,12,ovl,NONE,rep,1,cog,P16_P31,cogst,STOPPED,clr,CLR,sum,500,sumtix,100_056,vrd,NODET,iter,NEVER,fltix,NEVER,bnc,NOMEAS,exit,MAXED,pre,$A0FC,post,$A0FC
[2026-09-15T14:32:44.359] Cog0  BD-REP,sw,8,grp,8,gnm,P8_P23,pin,12,ovl,NONE,rep,2,cog,P16_P31,cogst,STOPPED,clr,CLR,sum,500,sumtix,100_056,vrd,NODET,iter,NEVER,fltix,NEVER,bnc,NOMEAS,exit,MAXED,pre,$A0FC,post,$A0FC
[2026-09-15T14:32:44.360] Cog0  BD-REP,sw,8,grp,8,gnm,P8_P23,pin,12,ovl,NONE,rep,3,cog,P16_P31,cogst,STOPPED,clr,CLR,sum,500,sumtix,100_056,vrd,NODET,iter,NEVER,fltix,NEVER,bnc,NOMEAS,exit,MAXED,pre,$A0FC,post,$A0FC
[2026-09-15T14:32:44.362] Cog0  BD-REP,sw,8,grp,8,gnm,P8_P23,pin,12,ovl,NONE,rep,4,cog,P16_P31,cogst,STOPPED,clr,CLR,sum,500,sumtix,100_056,vrd,NODET,iter,NEVER,fltix,NEVER,bnc,NOMEAS,exit,MAXED,pre,$A0FC,post,$A0FC
[2026-09-15T14:32:44.364] Cog0  BD-REP,sw,8,grp,8,gnm,P8_P23,pin,12,ovl,NONE,rep,5,cog,P16_P31,cogst,STOPPED,clr,CLR,sum,500,sumtix,100_056,vrd,NODET,iter,NEVER,fltix,NEVER,bnc,NOMEAS,exit,MAXED,pre,$A0FC,post,$A0FC
[2026-09-15T14:32:44.366] Cog0  BD-REP,sw,8,grp,8,gnm,P8_P23,pin,12,ovl,NONE,rep,6,cog,P16_P31,cogst,STOPPED,clr,CLR,sum,500,sumtix,100_056,vrd,NODET,iter,NEVER,fltix,NEVER,bnc,NOMEAS,exit,MAXED,pre,$A0FC,post,$A0FC
[2026-09-15T14:32:44.368] Cog0  BD-REP,sw,8,grp,8,gnm,P8_P23,pin,12,ovl,NONE,rep,7,cog,P16_P31,cogst,STOPPED,clr,CLR,sum,500,sumtix,100_056,vrd,NODET,iter,NEVER,fltix,NEVER,bnc,NOMEAS,exit,MAXED,pre,$A0FC,post,$A0FC
[2026-09-15T14:32:44.370] Cog0  BD-REP,sw,8,grp,8,gnm,P8_P23,pin,12,ovl,NONE,rep,8,cog,P16_P31,cogst,STOPPED,clr,CLR,sum,500,sumtix,100_056,vrd,NODET,iter,NEVER,fltix,NEVER,bnc,NOMEAS,exit,MAXED,pre,$A0FC,post,$A0FC
[2026-09-15T14:32:44.372] Cog0  BD-REP,sw,8,grp,8,gnm,P8_P23,pin,12,ovl,NONE,rep,9,cog,P16_P31,cogst,STOPPED,clr,CLR,sum,500,sumtix,100_056,vrd,NODET,iter,NEVER,fltix,NEVER,bnc,NOMEAS,exit,MAXED,pre,$A0FC,post,$A0FC
[2026-09-15T14:32:44.374] Cog0  BD-REP,sw,8,grp,8,gnm,P8_P23,pin,12,ovl,NONE,rep,10,cog,P16_P31,cogst,STOPPED,clr,CLR,sum,500,sumtix,100_056,vrd,NODET,iter,NEVER,fltix,NEVER,bnc,NOMEAS,exit,MAXED,pre,$A0FC,post,$A0FC
[2026-09-15T14:32:44.376] Cog0  BD-REP,sw,8,grp,8,gnm,P8_P23,pin,12,ovl,NONE,rep,11,cog,P16_P31,cogst,STOPPED,clr,CLR,sum,500,sumtix,100_056,vrd,NODET,iter,NEVER,fltix,NEVER,bnc,NOMEAS,exit,MAXED,pre,$A0FC,post,$A0FC
[2026-09-15T14:32:44.378] Cog0  BD-REP,sw,8,grp,8,gnm,P8_P23,pin,12,ovl,NONE,rep,12,cog,P16_P31,cogst,STOPPED,clr,CLR,sum,500,sumtix,100_056,vrd,NODET,iter,NEVER,fltix,NEVER,bnc,NOMEAS,exit,MAXED,pre,$A0FC,post,$A0FC
[2026-09-15T14:32:44.380] Cog0  BD-REP,sw,8,grp,8,gnm,P8_P23,pin,12,ovl,NONE,rep,13,cog,P16_P31,cogst,STOPPED,clr,CLR,sum,500,sumtix,100_056,vrd,NODET,iter,NEVER,fltix,NEVER,bnc,NOMEAS,exit,MAXED,pre,$A0FC,post,$A0FC
[2026-09-15T14:32:44.382] Cog0  BD-REP,sw,8,grp,8,gnm,P8_P23,pin,12,ovl,NONE,rep,14,cog,P16_P31,cogst,STOPPED,clr,CLR,sum,500,sumtix,100_056,vrd,NODET,iter,NEVER,fltix,NEVER,bnc,NOMEAS,exit,MAXED,pre,$A0FC,post,$A0FC
[2026-09-15T14:32:44.384] Cog0  BD-REP,sw,8,grp,8,gnm,P8_P23,pin,12,ovl,NONE,rep,15,cog,P16_P31,cogst,STOPPED,clr,CLR,sum,500,sumtix,100_056,vrd,NODET,iter,NEVER,fltix,NEVER,bnc,NOMEAS,exit,MAXED,pre,$A0FC,post,$A0FC
[2026-09-15T14:32:44.386] Cog0  BD-REP,sw,8,grp,8,gnm,P8_P23,pin,12,ovl,NONE,rep,16,cog,P16_P31,cogst,STOPPED,clr,CLR,sum,500,sumtix,100_056,vrd,NODET,iter,NEVER,fltix,NEVER,bnc,NOMEAS,exit,MAXED,pre,$A0FC,post,$A0FC
[2026-09-15T14:32:44.388] Cog0  BD-REP,sw,8,grp,8,gnm,P8_P23,pin,12,ovl,NONE,rep,17,cog,P16_P31,cogst,STOPPED,clr,CLR,sum,500,sumtix,100_056,vrd,NODET,iter,NEVER,fltix,NEVER,bnc,NOMEAS,exit,MAXED,pre,$A0FC,post,$A0FC
[2026-09-15T14:32:44.390] Cog0  BD-REP,sw,8,grp,8,gnm,P8_P23,pin,12,ovl,NONE,rep,18,cog,P16_P31,cogst,STOPPED,clr,CLR,sum,500,sumtix,100_056,vrd,NODET,iter,NEVER,fltix,NEVER,bnc,NOMEAS,exit,MAXED,pre,$A0FC,post,$A0FC
[2026-09-15T14:32:44.392] Cog0  BD-REP,sw,8,grp,8,gnm,P8_P23,pin,12,ovl,NONE,rep,19,cog,P16_P31,cogst,STOPPED,clr,CLR,sum,500,sumtix,100_056,vrd,NODET,iter,NEVER,fltix,NEVER,bnc,NOMEAS,exit,MAXED,pre,$A0FC,post,$A0FC
[2026-09-15T14:32:44.394] Cog0  BD-REP,sw,8,grp,8,gnm,P8_P23,pin,12,ovl,NONE,rep,20,cog,P16_P31,cogst,STOPPED,clr,CLR,sum,500,sumtix,100_056,vrd,NODET,iter,NEVER,fltix,NEVER,bnc,NOMEAS,exit,MAXED,pre,$A0FC,post,$A0FC
[2026-09-15T14:32:44.396] Cog0  BD-REP,sw,8,grp,8,gnm,P8_P23,pin,12,ovl,NONE,rep,21,cog,P16_P31,cogst,STOPPED,clr,CLR,sum,500,sumtix,100_056,vrd,NODET,iter,NEVER,fltix,NEVER,bnc,NOMEAS,exit,MAXED,pre,$A0FC,post,$A0FC
[2026-09-15T14:32:44.397] Cog0  BD-REP,sw,8,grp,8,gnm,P8_P23,pin,12,ovl,NONE,rep,22,cog,P16_P31,cogst,STOPPED,clr,CLR,sum,500,sumtix,100_056,vrd,NODET,iter,NEVER,fltix,NEVER,bnc,NOMEAS,exit,MAXED,pre,$A0FC,post,$A0FC
[2026-09-15T14:32:44.400] Cog0  BD-REP,sw,8,grp,8,gnm,P8_P23,pin,12,ovl,NONE,rep,23,cog,P16_P31,cogst,STOPPED,clr,CLR,sum,500,sumtix,100_056,vrd,NODET,iter,NEVER,fltix,NEVER,bnc,NOMEAS,exit,MAXED,pre,$A0FC,post,$A0FC
[2026-09-15T14:32:44.402] Cog0  BD-REP,sw,8,grp,8,gnm,P8_P23,pin,12,ovl,NONE,rep,24,cog,P16_P31,cogst,STOPPED,clr,CLR,sum,500,sumtix,100_056,vrd,NODET,iter,NEVER,fltix,NEVER,bnc,NOMEAS,exit,MAXED,pre,$A0FC,post,$A0FC
[2026-09-15T14:32:44.404] Cog0  BD-REP,sw,8,grp,8,gnm,P8_P23,pin,12,ovl,NONE,rep,25,cog,P16_P31,cogst,STOPPED,clr,CLR,sum,500,sumtix,100_056,vrd,NODET,iter,NEVER,fltix,NEVER,bnc,NOMEAS,exit,MAXED,pre,$A0FC,post,$A0FC
[2026-09-15T14:32:44.405] Cog0  BD-REP,sw,8,grp,8,gnm,P8_P23,pin,12,ovl,NONE,rep,26,cog,P16_P31,cogst,STOPPED,clr,CLR,sum,500,sumtix,100_056,vrd,NODET,iter,NEVER,fltix,NEVER,bnc,NOMEAS,exit,MAXED,pre,$A0FC,post,$A0FC
[2026-09-15T14:32:44.407] Cog0  BD-REP,sw,8,grp,8,gnm,P8_P23,pin,12,ovl,NONE,rep,27,cog,P16_P31,cogst,STOPPED,clr,CLR,sum,500,sumtix,100_056,vrd,NODET,iter,NEVER,fltix,NEVER,bnc,NOMEAS,exit,MAXED,pre,$A0FC,post,$A0FC
[2026-09-15T14:32:44.409] Cog0  BD-REP,sw,8,grp,8,gnm,P8_P23,pin,12,ovl,NONE,rep,28,cog,P16_P31,cogst,STOPPED,clr,CLR,sum,500,sumtix,100_056,vrd,NODET,iter,NEVER,fltix,NEVER,bnc,NOMEAS,exit,MAXED,pre,$A0FC,post,$A0FC
[2026-09-15T14:32:44.411] Cog0  BD-REP,sw,8,grp,8,gnm,P8_P23,pin,12,ovl,NONE,rep,29,cog,P16_P31,cogst,STOPPED,clr,CLR,sum,500,sumtix,100_056,vrd,NODET,iter,NEVER,fltix,NEVER,bnc,NOMEAS,exit,MAXED,pre,$A0FC,post,$A0FC
[2026-09-15T14:32:44.413] Cog0  BD-REP,sw,8,grp,8,gnm,P8_P23,pin,12,ovl,NONE,rep,30,cog,P16_P31,cogst,STOPPED,clr,CLR,sum,500,sumtix,100_056,vrd,NODET,iter,NEVER,fltix,NEVER,bnc,NOMEAS,exit,MAXED,pre,$A0FC,post,$A0FC
[2026-09-15T14:32:44.415] Cog0  BD-REP,sw,8,grp,8,gnm,P8_P23,pin,12,ovl,NONE,rep,31,cog,P16_P31,cogst,STOPPED,clr,CLR,sum,500,sumtix,100_056,vrd,NODET,iter,NEVER,fltix,NEVER,bnc,NOMEAS,exit,MAXED,pre,$A0FC,post,$A0FC
[2026-09-15T14:32:44.416] Cog0  BD-REP,sw,8,grp,8,gnm,P8_P23,pin,12,ovl,NONE,rep,32,cog,P16_P31,cogst,STOPPED,clr,CLR,sum,500,sumtix,100_056,vrd,NODET,iter,NEVER,fltix,NEVER,bnc,NOMEAS,exit,MAXED,pre,$A0FC,post,$A0FC
[2026-09-15T14:32:44.418] Cog0  BD-LIB,sw,8,grp,8,mark,begin
[2026-09-15T14:32:44.418] Cog0  --- pinSum = 500, Board not detected!, highTimeUs = 385
[2026-09-15T14:32:44.419] Cog0  MOT: fwdDegrees = 43, offset_fwd = $1E93_E93E
[2026-09-15T14:32:44.419] Cog0       revDegrees = 317, offset_rev = $E16C_16C1
[2026-09-15T14:32:44.419] Cog0   - Calc FRAME: frame_cnt = 6_136
[2026-09-15T14:32:44.420] Cog0  * init values dead_gap = 70, pwm_limit = 3_033, adc_fram = 6_136, duty_min = 1_600, duty_max = 24_264
[2026-09-15T14:32:44.420] Cog0  *      values duty_up = 18, duty_dn = 4, cfg_ctcks = 135_000
[2026-09-15T14:32:44.420] Cog0  *VAL* legalVoltage = 6
[2026-09-15T14:32:44.420] Cog0  * ENTRY CFG selectedPower = 6
[2026-09-15T14:32:44.422] Cog0  * EXIT 2 CFG eUserSelectedVolts = 6 maxFwdIncreAtPwr = 147_000_000 minFwdIncreAtPwr = 544_628
[2026-09-15T14:32:44.423] Cog0  --- pinSum = 500, Board not detected!, highTimeUs = 385
[2026-09-15T14:32:44.425] Cog0  BD-LIB,sw,8,grp,8,mark,end,libvrd,NODET,trapped,0
[2026-09-15T14:32:44.426] Cog0  BD-CELL,sw,8,grp,8,gnm,P8_P23,cog,P16_P31,cogst,STOPPED,clr,CLR,n,32,sum_min,500,sum_max,500,sum_mean,500,va,0,vb,0,vn,32,modal,NODET,fl_min,NEVER,fl_max,NEVER,fl_never,32,bnc_max,NOMEAS,libvrd,NODET,agree,1
[2026-09-15T14:32:44.427] Cog0  BD-SKIPPED,sw,8,grp,24,gnm,NO_USE_P24_P39,pin,28,ovl,RIGHT+12_PWM_W_L,cog,P16_P31,cogst,STOPPED,clr,CLR,n,32,reason,GATE_OVERLAP
[2026-09-15T14:32:44.428] Cog0  BD-SWEEP,sw,8,mark,end,cells,4,skipped,2,reps,128
[2026-09-15T14:32:44.429] Cog0  BD-PHASE,n,2,mark,end,recs,528,reason,NA
[2026-09-15T14:32:44.430] Cog0  BD-CAL,idx,3,iter,500,tix,204_064,tix_per_iter,408
[2026-09-15T14:32:44.445] Cog0  BD-DONE,recs,784,phase2,RAN
[2026-09-15T14:32:44.445] Cog0  DEBUG_END_SESSION

=== Debug Logger Session Ended at 2026-09-15T14:32:44.448 ===
