=== Debug Logger Session Started at 2026-09-22T18:52:55.228 ===
PNut-Term-TS: v1.0.8
Program: debug
=====================================

[2026-09-22T18:52:55.125] [SYSTEM] BAUD_RATE_SET 2000000 baud (preferences/default)

=== Session ended - Download Started at 2026-09-22T18:52:55.360 ===
=== Debug Logger Session Started at 2026-09-22T18:52:55.364 ===
PNut-Term-TS: v1.0.8
Program: debug
=====================================

[2026-09-22T18:52:55.360] [SYSTEM] [DOWNLOAD TO RAM] File: test_bench_dual.bin | Size: 91449 bytes | Modified: 2026-09-23T00:52:54.333Z
[2026-09-22T18:52:55.364] [SYSTEM] Download Session Started
[2026-09-22T18:52:57.057] [SYSTEM] [DOWNLOAD SUCCESS] test_bench_dual.bin successfully downloaded to RAM
[2026-09-22T18:52:57.074] Cog0  INIT $0000_0000 $0000_0000 load
[2026-09-22T18:52:57.075] Cog0  INIT $0000_0FA8 $0004_7C7C jump
[2026-09-22T18:52:57.087] Cog1  INIT $0000_0FA8 $0004_3704 jump
[2026-09-22T18:52:57.087] Cog0  BM-WDSTART,seq,1,started,TRUE,cog,1
[2026-09-22T18:52:57.089] Cog0  BM-BANNER,seq,2,src_rev,32,fmt,18,part,LIM,cfg_id,BENCH,frame,MOTOR,clkfreq,270_000_000,left_base,32,right_base,16,voltage_enum,6,det_mode,30,motor_type,0,quiet,TRUE,mdbg,3,sdbg,3
[2026-09-22T18:52:57.090] Cog0  BM-BUILD,seq,3,sf,1,inst_hz,500,inst_ticks,540_000,ring,4_096,slongs,11,waitms_max,7_953,wd_stall_ms,4_000,abs_abort_mV,1_500,ladder_max,165_000_000,rwire_mohm,20,pack_mV,18_500,fault_cool_ms,5_000,drv_rev,6
[2026-09-22T18:52:57.091] Cog0  SIGNOFF-DECL,sf,1,bin,DUAL,cell,R18-DUAL-NOSTALL-M,task,3508
[2026-09-22T18:52:57.092] Cog0  SIGNOFF-DECL,sf,1,bin,DUAL,cell,R18-DUAL-DBGMASK-M,task,3508
[2026-09-22T18:52:57.092] Cog0  SIGNOFF-DECL,sf,1,bin,DUAL,cell,R14-DUAL-TRACES-M,task,3508
[2026-09-22T18:52:57.093] Cog0  SIGNOFF-DECL,sf,1,bin,DUAL,cell,R18-DUAL-TOPSPD-M,task,3508
[2026-09-22T18:52:57.094] Cog0  SIGNOFF-DECL,sf,1,bin,DUAL,cell,R18-DUAL-PWMCLIP-M,task,3508
[2026-09-22T18:52:57.096] Cog0  BM-PLAN,seq,4,seg,PREFLT,order,1,attended,FALSE,part,LIM,finds,NONE,est_s,5,est_kb,2
[2026-09-22T18:52:57.096] Cog0  BM-PLAN,seq,5,seg,LIMTOP,order,2,attended,FALSE,part,LIM,finds,E1_E2_TOP,est_s,360,est_kb,90
[2026-09-22T18:52:57.099] Cog0  * PANIC PROCEDURE IS PHYSICAL BATTERY DISCONNECT ONLY -- no operator control can stop a runaway (finding S-4: the e-stop now latches, task 3556)
[2026-09-22T18:52:57.115] Cog2  INIT $0000_0FA8 $0004_0DB8 jump
[2026-09-22T18:52:57.116] Cog0  BM-INST,seq,6,event,START,cog,2,state,IDLE,ack_ms,5,samples,0,late,0,skipped,0,max_late_us,0,clamps,0,why,NONE
[2026-09-22T18:52:57.126] Cog0  BM-SEG,seq,7,seg,PREFLT,event,BEGIN,attended,FALSE,items,0,faults,0,unrecov,0,ms,0,why,NONE
[2026-09-22T18:52:57.142] Cog3  INIT $0001_1BE2 $0004_5343 load
[2026-09-22T18:52:57.142] Cog4  INIT $0000_0FA8 $0004_4E13 jump
[2026-09-22T18:52:59.238] Cog0  BM-START,seq,8,seg,PREFLT,motor,LEFT,life,1,cog_ret,3,cog_ok,TRUE,board,REV_B,board_enum,22,ready,TRUE,ready_ms,0,off_neg,17,off_pos,336,missed,0,illegal,0,zero_x10,76,ph_x10,1_689,why,NONE
[2026-09-22T18:53:00.151] Cog0  BM-PREFLT,seq,9,motor,LEFT,incre,18_375_000,ticks,19,hw_ticks,19,moved,TRUE,why,NONE
[2026-09-22T18:53:00.153] Cog3  INIT $0001_1BE2 $0004_5C4B load
[2026-09-22T18:53:00.169] Cog4  INIT $0000_0FA8 $0004_571B jump
[2026-09-22T18:53:02.266] Cog0  BM-START,seq,10,seg,PREFLT,motor,RIGHT,life,2,cog_ret,3,cog_ok,TRUE,board,REV_B,board_enum,22,ready,TRUE,ready_ms,0,off_neg,17,off_pos,336,missed,0,illegal,0,zero_x10,4,ph_x10,1_589,why,NONE
[2026-09-22T18:53:03.172] Cog0  BM-PREFLT,seq,11,motor,RIGHT,incre,18_375_000,ticks,18,hw_ticks,18,moved,TRUE,why,NONE
[2026-09-22T18:53:03.173] Cog0  BM-SEG,seq,12,seg,PREFLT,event,END,attended,FALSE,items,2,faults,0,unrecov,0,ms,6_057,why,NONE
[2026-09-22T18:53:03.174] Cog0  BM-SEG,seq,13,seg,LIMTOP,event,BEGIN,attended,FALSE,items,0,faults,0,unrecov,0,ms,0,why,NONE
[2026-09-22T18:53:03.184] Cog0  BM-CLIPTEST,seq,14,room_ok,0,room_high,-1,room_low,-1,judge_ok,TRUE
[2026-09-22T18:53:03.184] Cog3  INIT $0001_1BE2 $0004_5343 load
[2026-09-22T18:53:03.200] Cog4  INIT $0000_0FA8 $0004_4E13 jump
[2026-09-22T18:53:05.296] Cog0  BM-START,seq,15,seg,LIMTOP,motor,LEFT,life,3,cog_ret,3,cog_ok,TRUE,board,REV_B,board_enum,22,ready,TRUE,ready_ms,0,off_neg,17,off_pos,336,missed,0,illegal,0,zero_x10,77,ph_x10,1_682,why,NONE
[2026-09-22T18:53:07.213] Cog0  BM-RUNG,seq,16,seg,LIMTOP,life,3,rid,1,rung,0,motor,LEFT,incre,-5_000_000,result,OK,off_neg,17,off_pos,336,steady_ms,324,win_ms,1_001,ticks,-13,rate_x10,-129,pred_x10,-133,why,NONE
[2026-09-22T18:53:07.215] Cog0  BM-RUNG2,seq,17,rid,1,motor,LEFT,incre,-5_000_000,zero_x10,77,i_x10,137,inet_x10,60,i_min,10,i_max,18,ph_x10,24_114,phu_x10,7_896,phv_x10,8_273,phw_x10,7_945,duty,1_600,duty_pk,1_600,duty_max,27_648,err,-19,err_pk,43,n,502,why,NONE
[2026-09-22T18:53:07.217] Cog0  BM-RUNGTR,seq,18,rid,1,motor,LEFT,incre,-5_000_000,from_incre,0,from_rest,TRUE,tr_ms,829,tr_err_pk,102,tr_i_pk,21,tr_i_over,3,tr_over,59,tr_n,416,why,NONE
[2026-09-22T18:53:07.218] Cog0  BM-RUNGHL,seq,19,rid,1,motor,LEFT,incre,-5_000_000,tr_lag,1,tr_cap,0,win_lag,0,win_cap,0,drv_incr,-5_000_000,why,NONE
[2026-09-22T18:53:07.220] Cog0  BM-RUNG3,seq,20,rid,1,motor,LEFT,incre,-5_000_000,missed_d,0,illegal_d,0,hw_ticks,-13,hw_skip,0,amps_x10k,444,rs_impl,308,late,0,skipped,0,clamps,0,idle_up,FALSE,idle_i,0,why,NONE
[2026-09-22T18:53:07.236] Cog0  BM-CLIP,seq,21,rid,1,motor,LEFT,incre,-5_000_000,duty_max,27_648,frame_half,3_068,dead_gap,70,lvl_min,1_412,lvl_max,1_586,room,1_412,n,923
[2026-09-22T18:53:09.153] Cog0  BM-RUNG,seq,22,seg,LIMTOP,life,3,rid,2,rung,1,motor,LEFT,incre,-10_000_000,result,OK,off_neg,17,off_pos,336,steady_ms,324,win_ms,1_001,ticks,-27,rate_x10,-269,pred_x10,-267,why,NONE
[2026-09-22T18:53:09.155] Cog0  BM-RUNG2,seq,23,rid,2,motor,LEFT,incre,-10_000_000,zero_x10,77,i_x10,109,inet_x10,32,i_min,8,i_max,15,ph_x10,24_114,phu_x10,7_933,phv_x10,8_234,phw_x10,7_946,duty,1_973,duty_pk,2_179,duty_max,27_648,err,-48,err_pk,75,n,502,why,NONE
[2026-09-22T18:53:09.156] Cog0  BM-RUNGTR,seq,24,rid,2,motor,LEFT,incre,-10_000_000,from_incre,-5_000_000,from_rest,FALSE,tr_ms,829,tr_err_pk,77,tr_i_pk,17,tr_i_over,2,tr_over,2,tr_n,416,why,NONE
[2026-09-22T18:53:09.158] Cog0  BM-RUNGHL,seq,25,rid,2,motor,LEFT,incre,-10_000_000,tr_lag,0,tr_cap,0,win_lag,0,win_cap,0,drv_incr,-10_000_000,why,NONE
[2026-09-22T18:53:09.160] Cog0  BM-RUNG3,seq,26,rid,2,motor,LEFT,incre,-10_000_000,missed_d,0,illegal_d,0,hw_ticks,-27,hw_skip,0,amps_x10k,247,rs_impl,441,late,0,skipped,0,clamps,0,idle_up,FALSE,idle_i,0,why,NONE
[2026-09-22T18:53:09.176] Cog0  BM-CLIP,seq,27,rid,2,motor,LEFT,incre,-10_000_000,duty_max,27_648,frame_half,3_068,dead_gap,70,lvl_min,1_383,lvl_max,1_615,room,1_383,n,923
[2026-09-22T18:53:11.242] Cog0  BM-RUNG,seq,28,seg,LIMTOP,life,3,rid,3,rung,2,motor,LEFT,incre,-20_000_000,result,OK,off_neg,17,off_pos,336,steady_ms,469,win_ms,1_001,ticks,-54,rate_x10,-539,pred_x10,-534,why,NONE
[2026-09-22T18:53:11.244] Cog0  BM-RUNG2,seq,29,rid,3,motor,LEFT,incre,-20_000_000,zero_x10,77,i_x10,138,inet_x10,61,i_min,10,i_max,18,ph_x10,24_116,phu_x10,7_889,phv_x10,8_245,phw_x10,7_982,duty,3_458,duty_pk,3_710,duty_max,27_648,err,-48,err_pk,75,n,502,why,NONE
[2026-09-22T18:53:11.245] Cog0  BM-RUNGTR,seq,30,rid,3,motor,LEFT,incre,-20_000_000,from_incre,-10_000_000,from_rest,FALSE,tr_ms,975,tr_err_pk,73,tr_i_pk,19,tr_i_over,1,tr_over,-2,tr_n,489,why,NONE
[2026-09-22T18:53:11.247] Cog0  BM-RUNGHL,seq,31,rid,3,motor,LEFT,incre,-20_000_000,tr_lag,0,tr_cap,0,win_lag,0,win_cap,0,drv_incr,-20_000_000,why,NONE
[2026-09-22T18:53:11.249] Cog0  BM-RUNG3,seq,32,rid,3,motor,LEFT,incre,-20_000_000,missed_d,0,illegal_d,0,hw_ticks,-54,hw_skip,0,amps_x10k,458,rs_impl,301,late,0,skipped,0,clamps,0,idle_up,FALSE,idle_i,0,why,NONE
[2026-09-22T18:53:11.265] Cog0  BM-CLIP,seq,33,rid,3,motor,LEFT,incre,-20_000_000,duty_max,27_648,frame_half,3_068,dead_gap,70,lvl_min,1_301,lvl_max,1_697,room,1_301,n,996
[2026-09-22T18:53:13.541] Cog0  BM-RUNG,seq,34,seg,LIMTOP,life,3,rid,4,rung,3,motor,LEFT,incre,-40_000_000,result,OK,off_neg,15,off_pos,337,steady_ms,676,win_ms,1_003,ticks,-107,rate_x10,-1_066,pred_x10,-1_068,why,NONE
[2026-09-22T18:53:13.541] Cog0  BM-RUNG2,seq,35,rid,4,motor,LEFT,incre,-40_000_000,zero_x10,77,i_x10,171,inet_x10,94,i_min,12,i_max,23,ph_x10,24_102,phu_x10,7_885,phv_x10,8_240,phw_x10,7_976,duty,6_381,duty_pk,6_551,duty_max,27_648,err,-47,err_pk,74,n,503,why,NONE
[2026-09-22T18:53:13.544] Cog0  BM-RUNGTR,seq,36,rid,4,motor,LEFT,incre,-40_000_000,from_incre,-20_000_000,from_rest,FALSE,tr_ms,1_179,tr_err_pk,77,tr_i_pk,26,tr_i_over,3,tr_over,3,tr_n,591,why,NONE
[2026-09-22T18:53:13.546] Cog0  BM-RUNGHL,seq,37,rid,4,motor,LEFT,incre,-40_000_000,tr_lag,0,tr_cap,0,win_lag,0,win_cap,0,drv_incr,-40_000_000,why,NONE
[2026-09-22T18:53:13.547] Cog0  BM-RUNG3,seq,38,rid,4,motor,LEFT,incre,-40_000_000,missed_d,0,illegal_d,0,hw_ticks,-107,hw_skip,0,amps_x10k,678,rs_impl,252,late,0,skipped,0,clamps,0,idle_up,FALSE,idle_i,0,why,NONE
[2026-09-22T18:53:13.564] Cog0  BM-CLIP,seq,39,rid,4,motor,LEFT,incre,-40_000_000,duty_max,27_648,frame_half,3_068,dead_gap,70,lvl_min,1_144,lvl_max,1_854,room,1_144,n,1_099
[2026-09-22T18:53:15.840] Cog0  BM-RUNG,seq,40,seg,LIMTOP,life,3,rid,5,rung,4,motor,LEFT,incre,-60_000_000,result,OK,off_neg,1,off_pos,351,steady_ms,676,win_ms,1_001,ticks,-160,rate_x10,-1_598,pred_x10,-1_603,why,NONE
[2026-09-22T18:53:15.840] Cog0  BM-RUNG2,seq,41,rid,5,motor,LEFT,incre,-60_000_000,zero_x10,77,i_x10,211,inet_x10,134,i_min,14,i_max,30,ph_x10,24_107,phu_x10,7_910,phv_x10,8_244,phw_x10,7_952,duty,9_399,duty_pk,9_527,duty_max,27_648,err,-47,err_pk,71,n,502,why,NONE
[2026-09-22T18:53:15.843] Cog0  BM-RUNGTR,seq,42,rid,5,motor,LEFT,incre,-60_000_000,from_incre,-40_000_000,from_rest,FALSE,tr_ms,1_181,tr_err_pk,73,tr_i_pk,33,tr_i_over,3,tr_over,2,tr_n,592,why,NONE
[2026-09-22T18:53:15.845] Cog0  BM-RUNGHL,seq,43,rid,5,motor,LEFT,incre,-60_000_000,tr_lag,0,tr_cap,0,win_lag,0,win_cap,0,drv_incr,-60_000_000,why,NONE
[2026-09-22T18:53:15.846] Cog0  BM-RUNG3,seq,44,rid,5,motor,LEFT,incre,-60_000_000,missed_d,0,illegal_d,0,hw_ticks,-160,hw_skip,0,amps_x10k,933,rs_impl,226,late,0,skipped,0,clamps,0,idle_up,FALSE,idle_i,0,why,NONE
[2026-09-22T18:53:15.862] Cog0  BM-CLIP,seq,45,rid,5,motor,LEFT,incre,-60_000_000,duty_max,27_648,frame_half,3_068,dead_gap,70,lvl_min,985,lvl_max,2_014,room,984,n,1_099
[2026-09-22T18:53:18.138] Cog0  BM-RUNG,seq,46,seg,LIMTOP,life,3,rid,6,rung,5,motor,LEFT,incre,-80_000_000,result,OK,off_neg,3,off_pos,349,steady_ms,676,win_ms,1_003,ticks,-214,rate_x10,-2_133,pred_x10,-2_137,why,NONE
[2026-09-22T18:53:18.140] Cog0  BM-RUNG2,seq,47,rid,6,motor,LEFT,incre,-80_000_000,zero_x10,77,i_x10,264,inet_x10,187,i_min,16,i_max,41,ph_x10,24_102,phu_x10,7_904,phv_x10,8_243,phw_x10,7_954,duty,12_398,duty_pk,12_606,duty_max,27_648,err,-48,err_pk,73,n,503,why,NONE
[2026-09-22T18:53:18.142] Cog0  BM-RUNGTR,seq,48,rid,6,motor,LEFT,incre,-80_000_000,from_incre,-60_000_000,from_rest,FALSE,tr_ms,1_179,tr_err_pk,73,tr_i_pk,42,tr_i_over,1,tr_over,0,tr_n,591,why,NONE
[2026-09-22T18:53:18.143] Cog0  BM-RUNGHL,seq,49,rid,6,motor,LEFT,incre,-80_000_000,tr_lag,0,tr_cap,0,win_lag,0,win_cap,0,drv_incr,-80_000_000,why,NONE
[2026-09-22T18:53:18.145] Cog0  BM-RUNG3,seq,50,rid,6,motor,LEFT,incre,-80_000_000,missed_d,0,illegal_d,0,hw_ticks,-214,hw_skip,0,amps_x10k,1_315,rs_impl,200,late,0,skipped,0,clamps,0,idle_up,FALSE,idle_i,0,why,NONE
[2026-09-22T18:53:18.162] Cog0  BM-CLIP,seq,51,rid,6,motor,LEFT,incre,-80_000_000,duty_max,27_648,frame_half,3_068,dead_gap,70,lvl_min,819,lvl_max,2_180,room,818,n,1_099
[2026-09-22T18:53:20.437] Cog0  BM-RUNG,seq,52,seg,LIMTOP,life,3,rid,7,rung,6,motor,LEFT,incre,-100_000_000,result,OK,off_neg,4,off_pos,348,steady_ms,676,win_ms,1_001,ticks,-268,rate_x10,-2_677,pred_x10,-2_672,why,NONE
[2026-09-22T18:53:20.439] Cog0  BM-RUNG2,seq,53,rid,7,motor,LEFT,incre,-100_000_000,zero_x10,77,i_x10,319,inet_x10,242,i_min,20,i_max,45,ph_x10,24_087,phu_x10,7_865,phv_x10,8_221,phw_x10,7_999,duty,15_423,duty_pk,15_564,duty_max,27_648,err,-47,err_pk,71,n,502,why,NONE
[2026-09-22T18:53:20.441] Cog0  BM-RUNGTR,seq,54,rid,7,motor,LEFT,incre,-100_000_000,from_incre,-80_000_000,from_rest,FALSE,tr_ms,1_181,tr_err_pk,72,tr_i_pk,56,tr_i_over,11,tr_over,1,tr_n,592,why,NONE
[2026-09-22T18:53:20.442] Cog0  BM-RUNGHL,seq,55,rid,7,motor,LEFT,incre,-100_000_000,tr_lag,0,tr_cap,0,win_lag,0,win_cap,0,drv_incr,-100_000_000,why,NONE
[2026-09-22T18:53:20.444] Cog0  BM-RUNG3,seq,56,rid,7,motor,LEFT,incre,-100_000_000,missed_d,0,illegal_d,0,hw_ticks,-268,hw_skip,0,amps_x10k,1_650,rs_impl,193,late,0,skipped,0,clamps,0,idle_up,FALSE,idle_i,0,why,NONE
[2026-09-22T18:53:20.461] Cog0  BM-CLIP,seq,57,rid,7,motor,LEFT,incre,-100_000_000,duty_max,27_648,frame_half,3_068,dead_gap,70,lvl_min,657,lvl_max,2_342,room,656,n,1_099
[2026-09-22T18:53:22.736] Cog0  BM-RUNG,seq,58,seg,LIMTOP,life,3,rid,8,rung,7,motor,LEFT,incre,-120_000_000,result,OK,off_neg,4,off_pos,348,steady_ms,676,win_ms,1_003,ticks,-322,rate_x10,-3_210,pred_x10,-3_206,why,NONE
[2026-09-22T18:53:22.738] Cog0  BM-RUNG2,seq,59,rid,8,motor,LEFT,incre,-120_000_000,zero_x10,77,i_x10,367,inet_x10,290,i_min,21,i_max,54,ph_x10,24_086,phu_x10,7_868,phv_x10,8_236,phw_x10,7_982,duty,18_444,duty_pk,18_539,duty_max,27_648,err,-47,err_pk,72,n,503,why,NONE
[2026-09-22T18:53:22.739] Cog0  BM-RUNGTR,seq,60,rid,8,motor,LEFT,incre,-120_000_000,from_incre,-100_000_000,from_rest,FALSE,tr_ms,1_179,tr_err_pk,73,tr_i_pk,84,tr_i_over,30,tr_over,1,tr_n,591,why,NONE
[2026-09-22T18:53:22.740] Cog0  BM-RUNGHL,seq,61,rid,8,motor,LEFT,incre,-120_000_000,tr_lag,0,tr_cap,0,win_lag,0,win_cap,0,drv_incr,-120_000_000,why,NONE
[2026-09-22T18:53:22.743] Cog0  BM-RUNG3,seq,62,rid,8,motor,LEFT,incre,-120_000_000,missed_d,0,illegal_d,0,hw_ticks,-322,hw_skip,0,amps_x10k,1_970,rs_impl,186,late,0,skipped,0,clamps,0,idle_up,FALSE,idle_i,0,why,NONE
[2026-09-22T18:53:22.759] Cog0  BM-CLIP,seq,63,rid,8,motor,LEFT,incre,-120_000_000,duty_max,27_648,frame_half,3_068,dead_gap,70,lvl_min,493,lvl_max,2_505,room,493,n,1_099
[2026-09-22T18:53:25.035] Cog0  BM-RUNG,seq,64,seg,LIMTOP,life,3,rid,9,rung,8,motor,LEFT,incre,-140_000_000,result,OK,off_neg,4,off_pos,348,steady_ms,676,win_ms,1_001,ticks,-375,rate_x10,-3_746,pred_x10,-3_741,why,NONE
[2026-09-22T18:53:25.037] Cog0  BM-RUNG2,seq,65,rid,9,motor,LEFT,incre,-140_000_000,zero_x10,77,i_x10,439,inet_x10,362,i_min,21,i_max,60,ph_x10,24_084,phu_x10,7_920,phv_x10,8_216,phw_x10,7_947,duty,21_489,duty_pk,21_583,duty_max,27_648,err,-47,err_pk,72,n,502,why,NONE
[2026-09-22T18:53:25.038] Cog0  BM-RUNGTR,seq,66,rid,9,motor,LEFT,incre,-140_000_000,from_incre,-120_000_000,from_rest,FALSE,tr_ms,1_181,tr_err_pk,72,tr_i_pk,158,tr_i_over,98,tr_over,0,tr_n,592,why,NONE
[2026-09-22T18:53:25.040] Cog0  BM-RUNGHL,seq,67,rid,9,motor,LEFT,incre,-140_000_000,tr_lag,0,tr_cap,0,win_lag,0,win_cap,0,drv_incr,-140_000_000,why,NONE
[2026-09-22T18:53:25.042] Cog0  BM-RUNG3,seq,68,rid,9,motor,LEFT,incre,-140_000_000,missed_d,0,illegal_d,0,hw_ticks,-375,hw_skip,0,amps_x10k,2_406,rs_impl,182,late,0,skipped,0,clamps,0,idle_up,FALSE,idle_i,0,why,NONE
[2026-09-22T18:53:25.058] Cog0  BM-CLIP,seq,69,rid,9,motor,LEFT,incre,-140_000_000,duty_max,27_648,frame_half,3_068,dead_gap,70,lvl_min,321,lvl_max,2_677,room,321,n,1_099
[2026-09-22T18:53:27.042] Cog0  BM-RUNG,seq,70,seg,LIMTOP,life,3,rid,10,rung,9,motor,LEFT,incre,-147_000_000,result,OK,off_neg,4,off_pos,348,steady_ms,389,win_ms,1_001,ticks,-394,rate_x10,-3_936,pred_x10,-3_928,why,NONE
[2026-09-22T18:53:27.044] Cog0  BM-RUNG2,seq,71,rid,10,motor,LEFT,incre,-147_000_000,zero_x10,77,i_x10,462,inet_x10,385,i_min,25,i_max,68,ph_x10,24_081,phu_x10,7_827,phv_x10,8_234,phw_x10,8_020,duty,22_556,duty_pk,22_650,duty_max,27_648,err,-48,err_pk,73,n,502,why,NONE
[2026-09-22T18:53:27.045] Cog0  BM-RUNGTR,seq,72,rid,10,motor,LEFT,incre,-147_000_000,from_incre,-140_000_000,from_rest,FALSE,tr_ms,893,tr_err_pk,73,tr_i_pk,191,tr_i_over,123,tr_over,0,tr_n,448,why,NONE
[2026-09-22T18:53:27.048] Cog0  BM-RUNGHL,seq,73,rid,10,motor,LEFT,incre,-147_000_000,tr_lag,0,tr_cap,0,win_lag,0,win_cap,0,drv_incr,-147_000_000,why,NONE
[2026-09-22T18:53:27.049] Cog0  BM-RUNG3,seq,74,rid,10,motor,LEFT,incre,-147_000_000,missed_d,0,illegal_d,0,hw_ticks,-394,hw_skip,0,amps_x10k,2_586,rs_impl,178,late,0,skipped,0,clamps,0,idle_up,FALSE,idle_i,0,why,NONE
[2026-09-22T18:53:27.065] Cog0  BM-CLIP,seq,75,rid,10,motor,LEFT,incre,-147_000_000,duty_max,27_648,frame_half,3_068,dead_gap,70,lvl_min,270,lvl_max,2_729,room,269,n,956
[2026-09-22T18:53:29.075] Cog0  BM-RUNG,seq,76,seg,LIMTOP,life,3,rid,11,rung,10,motor,LEFT,incre,-155_000_000,result,OK,off_neg,4,off_pos,348,steady_ms,414,win_ms,1_001,ticks,-415,rate_x10,-4_145,pred_x10,-4_142,why,NONE
[2026-09-22T18:53:29.077] Cog0  BM-RUNG2,seq,77,rid,11,motor,LEFT,incre,-155_000_000,zero_x10,77,i_x10,489,inet_x10,412,i_min,24,i_max,68,ph_x10,24_084,phu_x10,7_863,phv_x10,8_227,phw_x10,7_993,duty,23_787,duty_pk,23_909,duty_max,27_648,err,-48,err_pk,73,n,502,why,NONE
[2026-09-22T18:53:29.078] Cog0  BM-RUNGTR,seq,78,rid,11,motor,LEFT,incre,-155_000_000,from_incre,-147_000_000,from_rest,FALSE,tr_ms,919,tr_err_pk,74,tr_i_pk,222,tr_i_over,154,tr_over,1,tr_n,461,why,NONE
[2026-09-22T18:53:29.080] Cog0  BM-RUNGHL,seq,79,rid,11,motor,LEFT,incre,-155_000_000,tr_lag,0,tr_cap,0,win_lag,0,win_cap,0,drv_incr,-155_000_000,why,NONE
[2026-09-22T18:53:29.082] Cog0  BM-RUNG3,seq,80,rid,11,motor,LEFT,incre,-155_000_000,missed_d,0,illegal_d,0,hw_ticks,-415,hw_skip,0,amps_x10k,2_861,rs_impl,170,late,0,skipped,0,clamps,0,idle_up,FALSE,idle_i,0,why,NONE
[2026-09-22T18:53:29.098] Cog0  BM-CLIP,seq,81,rid,11,motor,LEFT,incre,-155_000_000,duty_max,27_648,frame_half,3_068,dead_gap,70,lvl_min,204,lvl_max,2_795,room,203,n,968
[2026-09-22T18:53:31.164] Cog0  BM-RUNG,seq,82,seg,LIMTOP,life,3,rid,12,rung,11,motor,LEFT,incre,-165_000_000,result,OK,off_neg,4,off_pos,348,steady_ms,469,win_ms,1_001,ticks,-442,rate_x10,-4_415,pred_x10,-4_409,why,NONE
[2026-09-22T18:53:31.166] Cog0  BM-RUNG2,seq,83,rid,12,motor,LEFT,incre,-165_000_000,zero_x10,77,i_x10,526,inet_x10,449,i_min,26,i_max,77,ph_x10,24_080,phu_x10,7_888,phv_x10,8_241,phw_x10,7_950,duty,25_334,duty_pk,25_444,duty_max,27_648,err,-47,err_pk,74,n,502,why,NONE
[2026-09-22T18:53:31.167] Cog0  BM-RUNGTR,seq,84,rid,12,motor,LEFT,incre,-165_000_000,from_incre,-155_000_000,from_rest,FALSE,tr_ms,973,tr_err_pk,76,tr_i_pk,288,tr_i_over,211,tr_over,2,tr_n,488,why,NONE
[2026-09-22T18:53:31.169] Cog0  BM-RUNGHL,seq,85,rid,12,motor,LEFT,incre,-165_000_000,tr_lag,0,tr_cap,0,win_lag,0,win_cap,0,drv_incr,-165_000_000,why,NONE
[2026-09-22T18:53:31.171] Cog0  BM-RUNG3,seq,86,rid,12,motor,LEFT,incre,-165_000_000,missed_d,0,illegal_d,0,hw_ticks,-442,hw_skip,0,amps_x10k,3_041,rs_impl,172,late,0,skipped,0,clamps,0,idle_up,FALSE,idle_i,0,why,NONE
[2026-09-22T18:53:31.186] Cog0  BM-CLIP,seq,87,rid,12,motor,LEFT,incre,-165_000_000,duty_max,27_648,frame_half,3_068,dead_gap,70,lvl_min,114,lvl_max,2_885,room,113,n,996
[2026-09-22T18:53:33.253] Cog0  BM-RUNG,seq,88,seg,LIMTOP,life,3,rid,13,rung,12,motor,LEFT,incre,-175_000_000,result,OK,off_neg,4,off_pos,348,steady_ms,469,win_ms,1_003,ticks,-470,rate_x10,-4_685,pred_x10,-4_676,why,NONE
[2026-09-22T18:53:33.255] Cog0  BM-RUNG2,seq,89,rid,13,motor,LEFT,incre,-175_000_000,zero_x10,77,i_x10,563,inet_x10,486,i_min,26,i_max,82,ph_x10,24_086,phu_x10,7_881,phv_x10,8_276,phw_x10,7_928,duty,26_889,duty_pk,27_014,duty_max,27_648,err,-48,err_pk,74,n,503,why,NONE
[2026-09-22T18:53:33.256] Cog0  BM-RUNGTR,seq,90,rid,13,motor,LEFT,incre,-175_000_000,from_incre,-165_000_000,from_rest,FALSE,tr_ms,973,tr_err_pk,76,tr_i_pk,325,tr_i_over,243,tr_over,2,tr_n,488,why,NONE
[2026-09-22T18:53:33.258] Cog0  BM-RUNGHL,seq,91,rid,13,motor,LEFT,incre,-175_000_000,tr_lag,0,tr_cap,0,win_lag,0,win_cap,0,drv_incr,-175_000_000,why,NONE
[2026-09-22T18:53:33.260] Cog0  BM-RUNG3,seq,92,rid,13,motor,LEFT,incre,-175_000_000,missed_d,0,illegal_d,0,hw_ticks,-470,hw_skip,0,amps_x10k,3_278,rs_impl,171,late,0,skipped,0,clamps,0,idle_up,FALSE,idle_i,0,why,NONE
[2026-09-22T18:53:33.275] Cog0  BM-CLIP,seq,93,rid,13,motor,LEFT,incre,-175_000_000,duty_max,27_648,frame_half,3_068,dead_gap,70,lvl_min,34,lvl_max,2_965,room,33,n,995
[2026-09-22T18:53:35.342] Cog0  BM-RUNG,seq,94,seg,LIMTOP,life,3,rid,14,rung,13,motor,LEFT,incre,-185_000_000,result,OK,off_neg,4,off_pos,348,steady_ms,469,win_ms,1_003,ticks,-497,rate_x10,-4_955,pred_x10,-4_944,why,NONE
[2026-09-22T18:53:35.344] Cog0  BM-RUNG2,seq,95,rid,14,motor,LEFT,incre,-185_000_000,zero_x10,77,i_x10,569,inet_x10,492,i_min,33,i_max,85,ph_x10,24_078,phu_x10,7_898,phv_x10,8_229,phw_x10,7_951,duty,27_624,duty_pk,27_648,duty_max,27_648,err,-50,err_pk,76,n,503,why,NONE
[2026-09-22T18:53:35.345] Cog0  BM-RUNGTR,seq,96,rid,14,motor,LEFT,incre,-185_000_000,from_incre,-175_000_000,from_rest,FALSE,tr_ms,973,tr_err_pk,76,tr_i_pk,353,tr_i_over,268,tr_over,0,tr_n,488,why,NONE
[2026-09-22T18:53:35.347] Cog0  BM-RUNGHL,seq,97,rid,14,motor,LEFT,incre,-185_000_000,tr_lag,0,tr_cap,3_164,win_lag,0,win_cap,5_842,drv_incr,-185_000_000,why,NONE
[2026-09-22T18:53:35.349] Cog0  BM-RUNG3,seq,98,rid,14,motor,LEFT,incre,-185_000_000,missed_d,0,illegal_d,0,hw_ticks,-491,hw_skip,6,amps_x10k,3_198,rs_impl,177,late,0,skipped,0,clamps,0,idle_up,FALSE,idle_i,0,why,NONE
[2026-09-22T18:53:35.365] Cog0  BM-CLIP,seq,99,rid,14,motor,LEFT,incre,-185_000_000,duty_max,27_648,frame_half,3_068,dead_gap,70,lvl_min,4,lvl_max,2_994,room,4,n,996
[2026-09-22T18:53:37.431] Cog0  BM-RUNG,seq,100,seg,LIMTOP,life,3,rid,15,rung,14,motor,LEFT,incre,-195_000_000,result,OK,off_neg,4,off_pos,348,steady_ms,470,win_ms,1_001,ticks,-523,rate_x10,-5_224,pred_x10,-5_211,why,NONE
[2026-09-22T18:53:37.433] Cog0  BM-RUNG2,seq,101,rid,15,motor,LEFT,incre,-195_000_000,zero_x10,77,i_x10,784,inet_x10,707,i_min,38,i_max,117,ph_x10,24_307,phu_x10,8_190,phv_x10,7_940,phw_x10,8_177,duty,27_633,duty_pk,27_648,duty_max,27_648,err,-52,err_pk,79,n,502,why,NONE
[2026-09-22T18:53:37.434] Cog0  BM-RUNGTR,seq,102,rid,15,motor,LEFT,incre,-195_000_000,from_incre,-185_000_000,from_rest,FALSE,tr_ms,975,tr_err_pk,78,tr_i_pk,520,tr_i_over,403,tr_over,-1,tr_n,489,why,NONE
[2026-09-22T18:53:37.436] Cog0  BM-RUNGHL,seq,103,rid,15,motor,LEFT,incre,-195_000_000,tr_lag,0,tr_cap,8_603,win_lag,0,win_cap,10_244,drv_incr,-195_000_000,why,NONE
[2026-09-22T18:53:37.438] Cog0  BM-RUNG3,seq,104,rid,15,motor,LEFT,incre,-195_000_000,missed_d,0,illegal_d,0,hw_ticks,-477,hw_skip,40,amps_x10k,4_736,rs_impl,165,late,0,skipped,0,clamps,0,idle_up,FALSE,idle_i,0,why,NONE
[2026-09-22T18:53:37.454] Cog0  BM-CLIP,seq,105,rid,15,motor,LEFT,incre,-195_000_000,duty_max,27_648,frame_half,3_068,dead_gap,70,lvl_min,4,lvl_max,2_994,room,4,n,996
[2026-09-22T18:53:39.525] Cog0  BM-RUNG,seq,106,seg,LIMTOP,life,3,rid,16,rung,15,motor,LEFT,incre,-205_000_000,result,OK,off_neg,4,off_pos,348,steady_ms,469,win_ms,1_007,ticks,-553,rate_x10,-5_491,pred_x10,-5_478,why,NONE
[2026-09-22T18:53:39.527] Cog0  BM-RUNG2,seq,107,rid,16,motor,LEFT,incre,-205_000_000,zero_x10,77,i_x10,1_188,inet_x10,1_111,i_min,53,i_max,175,ph_x10,24_061,phu_x10,7_878,phv_x10,8_237,phw_x10,7_946,duty,27_638,duty_pk,27_648,duty_max,27_648,err,-54,err_pk,80,n,505,why,NONE
[2026-09-22T18:53:39.529] Cog0  BM-RUNGTR,seq,108,rid,16,motor,LEFT,incre,-205_000_000,from_incre,-195_000_000,from_rest,FALSE,tr_ms,973,tr_err_pk,81,tr_i_pk,659,tr_i_over,484,tr_over,1,tr_n,488,why,NONE
[2026-09-22T18:53:39.531] Cog0  BM-RUNGHL,seq,109,rid,16,motor,LEFT,incre,-205_000_000,tr_lag,0,tr_cap,12_381,win_lag,0,win_cap,14_048,drv_incr,-205_000_000,why,NONE
[2026-09-22T18:53:39.532] Cog0  BM-RUNG3,seq,110,rid,16,motor,LEFT,incre,-205_000_000,missed_d,0,illegal_d,0,hw_ticks,-455,hw_skip,90,amps_x10k,7_628,rs_impl,155,late,0,skipped,0,clamps,0,idle_up,FALSE,idle_i,0,why,NONE
[2026-09-22T18:53:39.549] Cog0  BM-CLIP,seq,111,rid,16,motor,LEFT,incre,-205_000_000,duty_max,27_648,frame_half,3_068,dead_gap,70,lvl_min,4,lvl_max,2_995,room,3,n,999
[2026-09-22T18:53:41.614] Cog0  BM-RUNG,seq,112,seg,LIMTOP,life,3,rid,17,rung,16,motor,LEFT,incre,-215_000_000,result,OK,off_neg,4,off_pos,348,steady_ms,470,win_ms,1_001,ticks,-576,rate_x10,-5_754,pred_x10,-5_745,why,NONE
[2026-09-22T18:53:41.616] Cog0  BM-RUNG2,seq,113,rid,17,motor,LEFT,incre,-215_000_000,zero_x10,77,i_x10,1_704,inet_x10,1_627,i_min,80,i_max,244,ph_x10,24_028,phu_x10,7_869,phv_x10,8_198,phw_x10,7_960,duty,27_641,duty_pk,27_648,duty_max,27_648,err,-56,err_pk,83,n,502,why,NONE
[2026-09-22T18:53:41.618] Cog0  BM-RUNGTR,seq,114,rid,17,motor,LEFT,incre,-215_000_000,from_incre,-205_000_000,from_rest,FALSE,tr_ms,975,tr_err_pk,83,tr_i_pk,808,tr_i_over,564,tr_over,0,tr_n,489,why,NONE
[2026-09-22T18:53:41.620] Cog0  BM-RUNGHL,seq,115,rid,17,motor,LEFT,incre,-215_000_000,tr_lag,0,tr_cap,15_588,win_lag,0,win_cap,17_116,drv_incr,-215_000_000,why,NONE
[2026-09-22T18:53:41.622] Cog0  BM-RUNG3,seq,116,rid,17,motor,LEFT,incre,-215_000_000,missed_d,0,illegal_d,0,hw_ticks,-426,hw_skip,145,amps_x10k,11_010,rs_impl,154,late,0,skipped,0,clamps,0,idle_up,FALSE,idle_i,0,why,NONE
[2026-09-22T18:53:41.638] Cog0  BM-CLIP,seq,117,rid,17,motor,LEFT,incre,-215_000_000,duty_max,27_648,frame_half,3_068,dead_gap,70,lvl_min,3,lvl_max,2_995,room,3,n,996
[2026-09-22T18:53:43.704] Cog0  BM-RUNG,seq,118,seg,LIMTOP,life,3,rid,18,rung,17,motor,LEFT,incre,-225_000_000,result,OK,off_neg,4,off_pos,348,steady_ms,469,win_ms,1_003,ticks,-604,rate_x10,-6_021,pred_x10,-6_013,why,NONE
[2026-09-22T18:53:43.706] Cog0  BM-RUNG2,seq,119,rid,18,motor,LEFT,incre,-225_000_000,zero_x10,77,i_x10,2_287,inet_x10,2_210,i_min,108,i_max,322,ph_x10,23_971,phu_x10,7_857,phv_x10,8_196,phw_x10,7_918,duty,27_643,duty_pk,27_648,duty_max,27_648,err,-57,err_pk,84,n,503,why,NONE
[2026-09-22T18:53:43.707] Cog0  BM-RUNGTR,seq,120,rid,18,motor,LEFT,incre,-225_000_000,from_incre,-215_000_000,from_rest,FALSE,tr_ms,973,tr_err_pk,84,tr_i_pk,1_004,tr_i_over,682,tr_over,0,tr_n,488,why,NONE
[2026-09-22T18:53:43.709] Cog0  BM-RUNGHL,seq,121,rid,18,motor,LEFT,incre,-225_000_000,tr_lag,0,tr_cap,18_410,win_lag,0,win_cap,19_813,drv_incr,-225_000_000,why,NONE
[2026-09-22T18:53:43.711] Cog0  BM-RUNG3,seq,122,rid,18,motor,LEFT,incre,-225_000_000,missed_d,0,illegal_d,0,hw_ticks,-400,hw_skip,200,amps_x10k,14_743,rs_impl,155,late,0,skipped,0,clamps,0,idle_up,FALSE,idle_i,0,why,NONE
[2026-09-22T18:53:43.727] Cog0  BM-CLIP,seq,123,rid,18,motor,LEFT,incre,-225_000_000,duty_max,27_648,frame_half,3_068,dead_gap,70,lvl_min,3,lvl_max,2_995,room,3,n,996
[2026-09-22T18:53:45.793] Cog0  BM-RUNG,seq,124,seg,LIMTOP,life,3,rid,19,rung,18,motor,LEFT,incre,-235_000_000,result,OK,off_neg,4,off_pos,348,steady_ms,469,win_ms,1_001,ticks,-630,rate_x10,-6_293,pred_x10,-6_280,why,NONE
[2026-09-22T18:53:45.795] Cog0  BM-RUNG2,seq,125,rid,19,motor,LEFT,incre,-235_000_000,zero_x10,77,i_x10,2_897,inet_x10,2_820,i_min,152,i_max,389,ph_x10,23_986,phu_x10,7_853,phv_x10,8_221,phw_x10,7_911,duty,27_644,duty_pk,27_648,duty_max,27_648,err,-58,err_pk,85,n,502,why,NONE
[2026-09-22T18:53:45.797] Cog0  BM-RUNGTR,seq,126,rid,19,motor,LEFT,incre,-235_000_000,from_incre,-225_000_000,from_rest,FALSE,tr_ms,973,tr_err_pk,89,tr_i_pk,1_192,tr_i_over,803,tr_over,4,tr_n,488,why,NONE
[2026-09-22T18:53:45.799] Cog0  BM-RUNGHL,seq,127,rid,19,motor,LEFT,incre,-235_000_000,tr_lag,0,tr_cap,20_857,win_lag,0,win_cap,22_195,drv_incr,-235_000_000,why,NONE
[2026-09-22T18:53:45.800] Cog0  BM-RUNG3,seq,128,rid,19,motor,LEFT,incre,-235_000_000,missed_d,0,illegal_d,0,hw_ticks,-372,hw_skip,256,amps_x10k,18_807,rs_impl,154,late,0,skipped,0,clamps,0,idle_up,FALSE,idle_i,0,why,NONE
[2026-09-22T18:53:45.816] Cog0  BM-CLIP,seq,129,rid,19,motor,LEFT,incre,-235_000_000,duty_max,27_648,frame_half,3_068,dead_gap,70,lvl_min,3,lvl_max,2_996,room,2,n,996
[2026-09-22T18:53:47.882] Cog0  BM-RUNG,seq,130,seg,LIMTOP,life,3,rid,20,rung,19,motor,LEFT,incre,-245_000_000,result,OK,off_neg,4,off_pos,348,steady_ms,470,win_ms,1_001,ticks,-656,rate_x10,-6_553,pred_x10,-6_547,why,NONE
[2026-09-22T18:53:47.884] Cog0  BM-RUNG2,seq,131,rid,20,motor,LEFT,incre,-245_000_000,zero_x10,77,i_x10,3_520,inet_x10,3_443,i_min,205,i_max,470,ph_x10,23_914,phu_x10,7_861,phv_x10,8_167,phw_x10,7_885,duty,27_645,duty_pk,27_648,duty_max,27_648,err,-60,err_pk,87,n,502,why,NONE
[2026-09-22T18:53:47.886] Cog0  BM-RUNGTR,seq,132,rid,20,motor,LEFT,incre,-245_000_000,from_incre,-235_000_000,from_rest,FALSE,tr_ms,975,tr_err_pk,92,tr_i_pk,1_298,tr_i_over,828,tr_over,5,tr_n,489,why,NONE
[2026-09-22T18:53:47.888] Cog0  BM-RUNGHL,seq,133,rid,20,motor,LEFT,incre,-245_000_000,tr_lag,0,tr_cap,22_771,win_lag,0,win_cap,24_218,drv_incr,-245_000_000,why,NONE
[2026-09-22T18:53:47.890] Cog0  BM-RUNG3,seq,134,rid,20,motor,LEFT,incre,-245_000_000,missed_d,0,illegal_d,0,hw_ticks,-345,hw_skip,311,amps_x10k,22_806,rs_impl,154,late,0,skipped,0,clamps,0,idle_up,FALSE,idle_i,0,why,NONE
[2026-09-22T18:53:47.906] Cog0  BM-CLIP,seq,135,rid,20,motor,LEFT,incre,-245_000_000,duty_max,27_648,frame_half,3_068,dead_gap,70,lvl_min,3,lvl_max,2_996,room,2,n,996
[2026-09-22T18:53:50.473] Cog0  BM-TOPSPD,seq,136,motor,LEFT,sign,-1,top,245_000_000,unsat,175_000_000,edge,NA,edge_why,NONE,follow_pct,98
[2026-09-22T18:53:50.473] Cog3  INIT $0001_1BE2 $0004_5343 load
[2026-09-22T18:53:50.488] Cog4  INIT $0000_0FA8 $0004_4E13 jump
[2026-09-22T18:53:52.585] Cog0  BM-START,seq,137,seg,LIMTOP,motor,LEFT,life,4,cog_ret,3,cog_ok,TRUE,board,REV_B,board_enum,22,ready,TRUE,ready_ms,0,off_neg,17,off_pos,336,missed,0,illegal,0,zero_x10,81,ph_x10,1_643,why,NONE
[2026-09-22T18:53:54.500] Cog0  BM-RUNG,seq,138,seg,LIMTOP,life,4,rid,21,rung,0,motor,LEFT,incre,5_000_000,result,OK,off_neg,17,off_pos,336,steady_ms,323,win_ms,1_001,ticks,13,rate_x10,129,pred_x10,133,why,NONE
[2026-09-22T18:53:54.503] Cog0  BM-RUNG2,seq,139,rid,21,motor,LEFT,incre,5_000_000,zero_x10,81,i_x10,133,inet_x10,52,i_min,9,i_max,18,ph_x10,24_065,phu_x10,7_839,phv_x10,8_232,phw_x10,7_993,duty,1_600,duty_pk,1_600,duty_max,27_648,err,20,err_pk,43,n,502,why,NONE
[2026-09-22T18:53:54.505] Cog0  BM-RUNGTR,seq,140,rid,21,motor,LEFT,incre,5_000_000,from_incre,0,from_rest,TRUE,tr_ms,829,tr_err_pk,44,tr_i_pk,19,tr_i_over,1,tr_over,1,tr_n,416,why,NONE
[2026-09-22T18:53:54.507] Cog0  BM-RUNGHL,seq,141,rid,21,motor,LEFT,incre,5_000_000,tr_lag,0,tr_cap,0,win_lag,0,win_cap,0,drv_incr,5_000_000,why,NONE
[2026-09-22T18:53:54.508] Cog0  BM-RUNG3,seq,142,rid,21,motor,LEFT,incre,5_000_000,missed_d,0,illegal_d,0,hw_ticks,13,hw_skip,0,amps_x10k,418,rs_impl,318,late,0,skipped,0,clamps,0,idle_up,FALSE,idle_i,0,why,NONE
[2026-09-22T18:53:54.524] Cog0  BM-CLIP,seq,143,rid,21,motor,LEFT,incre,5_000_000,duty_max,27_648,frame_half,3_068,dead_gap,70,lvl_min,1_412,lvl_max,1_586,room,1_412,n,923
[2026-09-22T18:53:56.442] Cog0  BM-RUNG,seq,144,seg,LIMTOP,life,4,rid,22,rung,1,motor,LEFT,incre,10_000_000,result,OK,off_neg,17,off_pos,336,steady_ms,323,win_ms,1_001,ticks,27,rate_x10,269,pred_x10,267,why,NONE
[2026-09-22T18:53:56.443] Cog0  BM-RUNG2,seq,145,rid,22,motor,LEFT,incre,10_000_000,zero_x10,81,i_x10,116,inet_x10,35,i_min,8,i_max,16,ph_x10,24_054,phu_x10,7_881,phv_x10,8_190,phw_x10,7_981,duty,1_963,duty_pk,2_152,duty_max,27_648,err,47,err_pk,76,n,502,why,NONE
[2026-09-22T18:53:56.445] Cog0  BM-RUNGTR,seq,146,rid,22,motor,LEFT,incre,10_000_000,from_incre,5_000_000,from_rest,FALSE,tr_ms,829,tr_err_pk,78,tr_i_pk,17,tr_i_over,1,tr_over,2,tr_n,416,why,NONE
[2026-09-22T18:53:56.447] Cog0  BM-RUNGHL,seq,147,rid,22,motor,LEFT,incre,10_000_000,tr_lag,0,tr_cap,0,win_lag,0,win_cap,0,drv_incr,10_000_000,why,NONE
[2026-09-22T18:53:56.449] Cog0  BM-RUNG3,seq,148,rid,22,motor,LEFT,incre,10_000_000,missed_d,0,illegal_d,0,hw_ticks,27,hw_skip,0,amps_x10k,318,rs_impl,364,late,0,skipped,0,clamps,0,idle_up,FALSE,idle_i,0,why,NONE
[2026-09-22T18:53:56.465] Cog0  BM-CLIP,seq,149,rid,22,motor,LEFT,incre,10_000_000,duty_max,27_648,frame_half,3_068,dead_gap,70,lvl_min,1_383,lvl_max,1_615,room,1_383,n,923
[2026-09-22T18:53:58.530] Cog0  BM-RUNG,seq,150,seg,LIMTOP,life,4,rid,23,rung,2,motor,LEFT,incre,20_000_000,result,OK,off_neg,17,off_pos,336,steady_ms,469,win_ms,1_001,ticks,54,rate_x10,539,pred_x10,534,why,NONE
[2026-09-22T18:53:58.532] Cog0  BM-RUNG2,seq,151,rid,23,motor,LEFT,incre,20_000_000,zero_x10,81,i_x10,144,inet_x10,63,i_min,11,i_max,20,ph_x10,24_060,phu_x10,7_867,phv_x10,8_239,phw_x10,7_953,duty,3_485,duty_pk,3_753,duty_max,27_648,err,48,err_pk,77,n,502,why,NONE
[2026-09-22T18:53:58.534] Cog0  BM-RUNGTR,seq,152,rid,23,motor,LEFT,incre,20_000_000,from_incre,10_000_000,from_rest,FALSE,tr_ms,973,tr_err_pk,76,tr_i_pk,20,tr_i_over,0,tr_over,-1,tr_n,488,why,NONE
[2026-09-22T18:53:58.535] Cog0  BM-RUNGHL,seq,153,rid,23,motor,LEFT,incre,20_000_000,tr_lag,0,tr_cap,0,win_lag,0,win_cap,0,drv_incr,20_000_000,why,NONE
[2026-09-22T18:53:58.537] Cog0  BM-RUNG3,seq,154,rid,23,motor,LEFT,incre,20_000_000,missed_d,0,illegal_d,0,hw_ticks,54,hw_skip,0,amps_x10k,489,rs_impl,294,late,0,skipped,0,clamps,0,idle_up,FALSE,idle_i,0,why,NONE
[2026-09-22T18:53:58.553] Cog0  BM-CLIP,seq,155,rid,23,motor,LEFT,incre,20_000_000,duty_max,27_648,frame_half,3_068,dead_gap,70,lvl_min,1_298,lvl_max,1_700,room,1_298,n,996
[2026-09-22T18:54:00.829] Cog0  BM-RUNG,seq,156,seg,LIMTOP,life,4,rid,24,rung,3,motor,LEFT,incre,40_000_000,result,OK,off_neg,15,off_pos,337,steady_ms,676,win_ms,1_001,ticks,106,rate_x10,1_058,pred_x10,1_068,why,NONE
[2026-09-22T18:54:00.831] Cog0  BM-RUNG2,seq,157,rid,24,motor,LEFT,incre,40_000_000,zero_x10,81,i_x10,177,inet_x10,96,i_min,12,i_max,26,ph_x10,24_061,phu_x10,7_865,phv_x10,8_241,phw_x10,7_954,duty,6_362,duty_pk,6_620,duty_max,27_648,err,48,err_pk,75,n,502,why,NONE
[2026-09-22T18:54:00.833] Cog0  BM-RUNGTR,seq,158,rid,24,motor,LEFT,incre,40_000_000,from_incre,20_000_000,from_rest,FALSE,tr_ms,1_181,tr_err_pk,78,tr_i_pk,38,tr_i_over,12,tr_over,3,tr_n,592,why,NONE
[2026-09-22T18:54:00.834] Cog0  BM-RUNGHL,seq,159,rid,24,motor,LEFT,incre,40_000_000,tr_lag,0,tr_cap,0,win_lag,0,win_cap,0,drv_incr,40_000_000,why,NONE
[2026-09-22T18:54:00.836] Cog0  BM-RUNG3,seq,160,rid,24,motor,LEFT,incre,40_000_000,missed_d,0,illegal_d,0,hw_ticks,106,hw_skip,0,amps_x10k,711,rs_impl,248,late,0,skipped,0,clamps,0,idle_up,FALSE,idle_i,0,why,NONE
[2026-09-22T18:54:00.853] Cog0  BM-CLIP,seq,161,rid,24,motor,LEFT,incre,40_000_000,duty_max,27_648,frame_half,3_068,dead_gap,70,lvl_min,1_138,lvl_max,1_861,room,1_137,n,1_100
[2026-09-22T18:54:03.128] Cog0  BM-RUNG,seq,162,seg,LIMTOP,life,4,rid,25,rung,4,motor,LEFT,incre,60_000_000,result,OK,off_neg,1,off_pos,351,steady_ms,675,win_ms,1_003,ticks,161,rate_x10,1_605,pred_x10,1_603,why,NONE
[2026-09-22T18:54:03.130] Cog0  BM-RUNG2,seq,163,rid,25,motor,LEFT,incre,60_000_000,zero_x10,81,i_x10,214,inet_x10,133,i_min,15,i_max,30,ph_x10,24_061,phu_x10,7_866,phv_x10,8_217,phw_x10,7_977,duty,9_400,duty_pk,9_537,duty_max,27_648,err,47,err_pk,72,n,503,why,NONE
[2026-09-22T18:54:03.131] Cog0  BM-RUNGTR,seq,164,rid,25,motor,LEFT,incre,60_000_000,from_incre,40_000_000,from_rest,FALSE,tr_ms,1_181,tr_err_pk,72,tr_i_pk,34,tr_i_over,4,tr_over,0,tr_n,592,why,NONE
[2026-09-22T18:54:03.133] Cog0  BM-RUNGHL,seq,165,rid,25,motor,LEFT,incre,60_000_000,tr_lag,0,tr_cap,0,win_lag,0,win_cap,0,drv_incr,60_000_000,why,NONE
[2026-09-22T18:54:03.135] Cog0  BM-RUNG3,seq,166,rid,25,motor,LEFT,incre,60_000_000,missed_d,0,illegal_d,0,hw_ticks,161,hw_skip,0,amps_x10k,958,rs_impl,223,late,0,skipped,0,clamps,0,idle_up,FALSE,idle_i,0,why,NONE
[2026-09-22T18:54:03.152] Cog0  BM-CLIP,seq,167,rid,25,motor,LEFT,incre,60_000_000,duty_max,27_648,frame_half,3_068,dead_gap,70,lvl_min,982,lvl_max,2_016,room,982,n,1_099
[2026-09-22T18:54:05.427] Cog0  BM-RUNG,seq,168,seg,LIMTOP,life,4,rid,26,rung,5,motor,LEFT,incre,80_000_000,result,OK,off_neg,3,off_pos,349,steady_ms,676,win_ms,1_001,ticks,214,rate_x10,2_137,pred_x10,2_137,why,NONE
[2026-09-22T18:54:05.428] Cog0  BM-RUNG2,seq,169,rid,26,motor,LEFT,incre,80_000_000,zero_x10,81,i_x10,266,inet_x10,185,i_min,16,i_max,40,ph_x10,24_056,phu_x10,7_860,phv_x10,8_211,phw_x10,7_984,duty,12_410,duty_pk,12_611,duty_max,27_648,err,48,err_pk,73,n,502,why,NONE
[2026-09-22T18:54:05.430] Cog0  BM-RUNGTR,seq,170,rid,26,motor,LEFT,incre,80_000_000,from_incre,60_000_000,from_rest,FALSE,tr_ms,1_181,tr_err_pk,73,tr_i_pk,42,tr_i_over,2,tr_over,0,tr_n,592,why,NONE
[2026-09-22T18:54:05.432] Cog0  BM-RUNGHL,seq,171,rid,26,motor,LEFT,incre,80_000_000,tr_lag,0,tr_cap,0,win_lag,0,win_cap,0,drv_incr,80_000_000,why,NONE
[2026-09-22T18:54:05.434] Cog0  BM-RUNG3,seq,172,rid,26,motor,LEFT,incre,80_000_000,missed_d,0,illegal_d,0,hw_ticks,214,hw_skip,0,amps_x10k,1_303,rs_impl,204,late,0,skipped,0,clamps,0,idle_up,FALSE,idle_i,0,why,NONE
[2026-09-22T18:54:05.450] Cog0  BM-CLIP,seq,173,rid,26,motor,LEFT,incre,80_000_000,duty_max,27_648,frame_half,3_068,dead_gap,70,lvl_min,819,lvl_max,2_179,room,819,n,1_100
[2026-09-22T18:54:07.726] Cog0  BM-RUNG,seq,174,seg,LIMTOP,life,4,rid,27,rung,6,motor,LEFT,incre,100_000_000,result,OK,off_neg,4,off_pos,348,steady_ms,675,win_ms,1_003,ticks,268,rate_x10,2_671,pred_x10,2_672,why,NONE
[2026-09-22T18:54:07.728] Cog0  BM-RUNG2,seq,175,rid,27,motor,LEFT,incre,100_000_000,zero_x10,81,i_x10,317,inet_x10,236,i_min,17,i_max,46,ph_x10,24_069,phu_x10,7_866,phv_x10,8_247,phw_x10,7_954,duty,15_436,duty_pk,15_616,duty_max,27_648,err,47,err_pk,73,n,503,why,NONE
[2026-09-22T18:54:07.729] Cog0  BM-RUNGTR,seq,176,rid,27,motor,LEFT,incre,100_000_000,from_incre,80_000_000,from_rest,FALSE,tr_ms,1_181,tr_err_pk,74,tr_i_pk,51,tr_i_over,5,tr_over,1,tr_n,592,why,NONE
[2026-09-22T18:54:07.731] Cog0  BM-RUNGHL,seq,177,rid,27,motor,LEFT,incre,100_000_000,tr_lag,0,tr_cap,0,win_lag,0,win_cap,0,drv_incr,100_000_000,why,NONE
[2026-09-22T18:54:07.733] Cog0  BM-RUNG3,seq,178,rid,27,motor,LEFT,incre,100_000_000,missed_d,0,illegal_d,0,hw_ticks,268,hw_skip,0,amps_x10k,1_634,rs_impl,194,late,0,skipped,0,clamps,0,idle_up,FALSE,idle_i,0,why,NONE
[2026-09-22T18:54:07.749] Cog0  BM-CLIP,seq,179,rid,27,motor,LEFT,incre,100_000_000,duty_max,27_648,frame_half,3_068,dead_gap,70,lvl_min,658,lvl_max,2_340,room,658,n,1_099
[2026-09-22T18:54:10.025] Cog0  BM-RUNG,seq,180,seg,LIMTOP,life,4,rid,28,rung,7,motor,LEFT,incre,120_000_000,result,OK,off_neg,4,off_pos,348,steady_ms,676,win_ms,1_001,ticks,322,rate_x10,3_216,pred_x10,3_206,why,NONE
[2026-09-22T18:54:10.027] Cog0  BM-RUNG2,seq,181,rid,28,motor,LEFT,incre,120_000_000,zero_x10,81,i_x10,371,inet_x10,290,i_min,20,i_max,51,ph_x10,24_073,phu_x10,7_870,phv_x10,8_258,phw_x10,7_944,duty,18_464,duty_pk,18_602,duty_max,27_648,err,48,err_pk,72,n,502,why,NONE
[2026-09-22T18:54:10.028] Cog0  BM-RUNGTR,seq,182,rid,28,motor,LEFT,incre,120_000_000,from_incre,100_000_000,from_rest,FALSE,tr_ms,1_181,tr_err_pk,73,tr_i_pk,82,tr_i_over,31,tr_over,1,tr_n,592,why,NONE
[2026-09-22T18:54:10.030] Cog0  BM-RUNGHL,seq,183,rid,28,motor,LEFT,incre,120_000_000,tr_lag,0,tr_cap,0,win_lag,0,win_cap,0,drv_incr,120_000_000,why,NONE
[2026-09-22T18:54:10.032] Cog0  BM-RUNG3,seq,184,rid,28,motor,LEFT,incre,120_000_000,missed_d,0,illegal_d,0,hw_ticks,322,hw_skip,0,amps_x10k,2_050,rs_impl,180,late,0,skipped,0,clamps,0,idle_up,FALSE,idle_i,0,why,NONE
[2026-09-22T18:54:10.048] Cog0  BM-CLIP,seq,185,rid,28,motor,LEFT,incre,120_000_000,duty_max,27_648,frame_half,3_068,dead_gap,70,lvl_min,491,lvl_max,2_507,room,491,n,1_100
[2026-09-22T18:54:12.324] Cog0  BM-RUNG,seq,186,seg,LIMTOP,life,4,rid,29,rung,8,motor,LEFT,incre,140_000_000,result,OK,off_neg,4,off_pos,348,steady_ms,676,win_ms,1_003,ticks,376,rate_x10,3_748,pred_x10,3_741,why,NONE
[2026-09-22T18:54:12.326] Cog0  BM-RUNG2,seq,187,rid,29,motor,LEFT,incre,140_000_000,zero_x10,81,i_x10,430,inet_x10,349,i_min,26,i_max,62,ph_x10,24_058,phu_x10,7_871,phv_x10,8_194,phw_x10,7_993,duty,21_497,duty_pk,21_588,duty_max,27_648,err,47,err_pk,73,n,503,why,NONE
[2026-09-22T18:54:12.327] Cog0  BM-RUNGTR,seq,188,rid,29,motor,LEFT,incre,140_000_000,from_incre,120_000_000,from_rest,FALSE,tr_ms,1_179,tr_err_pk,73,tr_i_pk,144,tr_i_over,82,tr_over,0,tr_n,591,why,NONE
[2026-09-22T18:54:12.329] Cog0  BM-RUNGHL,seq,189,rid,29,motor,LEFT,incre,140_000_000,tr_lag,0,tr_cap,0,win_lag,0,win_cap,0,drv_incr,140_000_000,why,NONE
[2026-09-22T18:54:12.331] Cog0  BM-RUNG3,seq,190,rid,29,motor,LEFT,incre,140_000_000,missed_d,0,illegal_d,0,hw_ticks,376,hw_skip,0,amps_x10k,2_415,rs_impl,178,late,0,skipped,0,clamps,0,idle_up,FALSE,idle_i,0,why,NONE
[2026-09-22T18:54:12.347] Cog0  BM-CLIP,seq,191,rid,29,motor,LEFT,incre,140_000_000,duty_max,27_648,frame_half,3_068,dead_gap,70,lvl_min,327,lvl_max,2_672,room,326,n,1_099
[2026-09-22T18:54:14.331] Cog0  BM-RUNG,seq,192,seg,LIMTOP,life,4,rid,30,rung,9,motor,LEFT,incre,147_000_000,result,OK,off_neg,4,off_pos,348,steady_ms,389,win_ms,1_003,ticks,394,rate_x10,3_928,pred_x10,3_928,why,NONE
[2026-09-22T18:54:14.333] Cog0  BM-RUNG2,seq,193,rid,30,motor,LEFT,incre,147_000_000,zero_x10,81,i_x10,453,inet_x10,372,i_min,26,i_max,64,ph_x10,24_046,phu_x10,7_815,phv_x10,8_250,phw_x10,7_980,duty,22_571,duty_pk,22_675,duty_max,27_648,err,47,err_pk,73,n,503,why,NONE
[2026-09-22T18:54:14.334] Cog0  BM-RUNGTR,seq,194,rid,30,motor,LEFT,incre,147_000_000,from_incre,140_000_000,from_rest,FALSE,tr_ms,893,tr_err_pk,76,tr_i_pk,184,tr_i_over,120,tr_over,3,tr_n,448,why,NONE
[2026-09-22T18:54:14.336] Cog0  BM-RUNGHL,seq,195,rid,30,motor,LEFT,incre,147_000_000,tr_lag,0,tr_cap,0,win_lag,0,win_cap,0,drv_incr,147_000_000,why,NONE
[2026-09-22T18:54:14.338] Cog0  BM-RUNG3,seq,196,rid,30,motor,LEFT,incre,147_000_000,missed_d,0,illegal_d,0,hw_ticks,394,hw_skip,0,amps_x10k,2_489,rs_impl,182,late,0,skipped,0,clamps,0,idle_up,FALSE,idle_i,0,why,NONE
[2026-09-22T18:54:14.354] Cog0  BM-CLIP,seq,197,rid,30,motor,LEFT,incre,147_000_000,duty_max,27_648,frame_half,3_068,dead_gap,70,lvl_min,267,lvl_max,2_732,room,266,n,955
[2026-09-22T18:54:16.364] Cog0  BM-RUNG,seq,198,seg,LIMTOP,life,4,rid,31,rung,10,motor,LEFT,incre,155_000_000,result,OK,off_neg,4,off_pos,348,steady_ms,415,win_ms,1_001,ticks,416,rate_x10,4_155,pred_x10,4_142,why,NONE
[2026-09-22T18:54:16.367] Cog0  BM-RUNG2,seq,199,rid,31,motor,LEFT,incre,155_000_000,zero_x10,81,i_x10,481,inet_x10,400,i_min,25,i_max,72,ph_x10,24_045,phu_x10,7_868,phv_x10,8_230,phw_x10,7_946,duty,23_796,duty_pk,23_906,duty_max,27_648,err,48,err_pk,73,n,502,why,NONE
[2026-09-22T18:54:16.368] Cog0  BM-RUNGTR,seq,200,rid,31,motor,LEFT,incre,155_000_000,from_incre,147_000_000,from_rest,FALSE,tr_ms,919,tr_err_pk,72,tr_i_pk,220,tr_i_over,148,tr_over,-1,tr_n,461,why,NONE
[2026-09-22T18:54:16.369] Cog0  BM-RUNGHL,seq,201,rid,31,motor,LEFT,incre,155_000_000,tr_lag,0,tr_cap,0,win_lag,0,win_cap,0,drv_incr,155_000_000,why,NONE
[2026-09-22T18:54:16.372] Cog0  BM-RUNG3,seq,202,rid,31,motor,LEFT,incre,155_000_000,missed_d,0,illegal_d,0,hw_ticks,416,hw_skip,0,amps_x10k,2_715,rs_impl,177,late,0,skipped,0,clamps,0,idle_up,FALSE,idle_i,0,why,NONE
[2026-09-22T18:54:16.388] Cog0  BM-CLIP,seq,203,rid,31,motor,LEFT,incre,155_000_000,duty_max,27_648,frame_half,3_068,dead_gap,70,lvl_min,200,lvl_max,2_798,room,200,n,969
[2026-09-22T18:54:18.453] Cog0  BM-RUNG,seq,204,seg,LIMTOP,life,4,rid,32,rung,11,motor,LEFT,incre,165_000_000,result,OK,off_neg,4,off_pos,348,steady_ms,469,win_ms,1_001,ticks,442,rate_x10,4_415,pred_x10,4_409,why,NONE
[2026-09-22T18:54:18.455] Cog0  BM-RUNG2,seq,205,rid,32,motor,LEFT,incre,165_000_000,zero_x10,81,i_x10,513,inet_x10,432,i_min,27,i_max,77,ph_x10,24_059,phu_x10,7_845,phv_x10,8_214,phw_x10,7_999,duty,25_347,duty_pk,25_462,duty_max,27_648,err,47,err_pk,71,n,502,why,NONE
[2026-09-22T18:54:18.457] Cog0  BM-RUNGTR,seq,206,rid,32,motor,LEFT,incre,165_000_000,from_incre,155_000_000,from_rest,FALSE,tr_ms,973,tr_err_pk,76,tr_i_pk,291,tr_i_over,214,tr_over,5,tr_n,488,why,NONE
[2026-09-22T18:54:18.459] Cog0  BM-RUNGHL,seq,207,rid,32,motor,LEFT,incre,165_000_000,tr_lag,0,tr_cap,0,win_lag,0,win_cap,0,drv_incr,165_000_000,why,NONE
[2026-09-22T18:54:18.461] Cog0  BM-RUNG3,seq,208,rid,32,motor,LEFT,incre,165_000_000,missed_d,0,illegal_d,0,hw_ticks,442,hw_skip,0,amps_x10k,2_951,rs_impl,173,late,0,skipped,0,clamps,0,idle_up,FALSE,idle_i,0,why,NONE
[2026-09-22T18:54:18.476] Cog0  BM-CLIP,seq,209,rid,32,motor,LEFT,incre,165_000_000,duty_max,27_648,frame_half,3_068,dead_gap,70,lvl_min,117,lvl_max,2_881,room,117,n,996
[2026-09-22T18:54:20.543] Cog0  BM-RUNG,seq,210,seg,LIMTOP,life,4,rid,33,rung,12,motor,LEFT,incre,175_000_000,result,OK,off_neg,4,off_pos,348,steady_ms,469,win_ms,1_003,ticks,469,rate_x10,4_675,pred_x10,4_676,why,NONE
[2026-09-22T18:54:20.545] Cog0  BM-RUNG2,seq,211,rid,33,motor,LEFT,incre,175_000_000,zero_x10,81,i_x10,554,inet_x10,473,i_min,25,i_max,85,ph_x10,24_017,phu_x10,7_813,phv_x10,8_227,phw_x10,7_976,duty,26_906,duty_pk,27_026,duty_max,27_648,err,47,err_pk,73,n,503,why,NONE
[2026-09-22T18:54:20.546] Cog0  BM-RUNGTR,seq,212,rid,33,motor,LEFT,incre,175_000_000,from_incre,165_000_000,from_rest,FALSE,tr_ms,973,tr_err_pk,74,tr_i_pk,285,tr_i_over,200,tr_over,1,tr_n,488,why,NONE
[2026-09-22T18:54:20.548] Cog0  BM-RUNGHL,seq,213,rid,33,motor,LEFT,incre,175_000_000,tr_lag,0,tr_cap,0,win_lag,0,win_cap,0,drv_incr,175_000_000,why,NONE
[2026-09-22T18:54:20.550] Cog0  BM-RUNG3,seq,214,rid,33,motor,LEFT,incre,175_000_000,missed_d,0,illegal_d,0,hw_ticks,469,hw_skip,0,amps_x10k,3_240,rs_impl,170,late,0,skipped,0,clamps,0,idle_up,FALSE,idle_i,0,why,NONE
[2026-09-22T18:54:20.565] Cog0  BM-CLIP,seq,215,rid,33,motor,LEFT,incre,175_000_000,duty_max,27_648,frame_half,3_068,dead_gap,70,lvl_min,33,lvl_max,2_966,room,32,n,996
[2026-09-22T18:54:22.632] Cog0  BM-RUNG,seq,216,seg,LIMTOP,life,4,rid,34,rung,13,motor,LEFT,incre,185_000_000,result,OK,off_neg,4,off_pos,348,steady_ms,469,win_ms,1_001,ticks,495,rate_x10,4_945,pred_x10,4_944,why,NONE
[2026-09-22T18:54:22.634] Cog0  BM-RUNG2,seq,217,rid,34,motor,LEFT,incre,185_000_000,zero_x10,81,i_x10,570,inet_x10,489,i_min,29,i_max,82,ph_x10,24_031,phu_x10,7_843,phv_x10,8_246,phw_x10,7_941,duty,27_625,duty_pk,27_648,duty_max,27_648,err,50,err_pk,76,n,502,why,NONE
[2026-09-22T18:54:22.635] Cog0  BM-RUNGTR,seq,218,rid,34,motor,LEFT,incre,185_000_000,from_incre,175_000_000,from_rest,FALSE,tr_ms,973,tr_err_pk,80,tr_i_pk,371,tr_i_over,289,tr_over,4,tr_n,488,why,NONE
[2026-09-22T18:54:22.637] Cog0  BM-RUNGHL,seq,219,rid,34,motor,LEFT,incre,185_000_000,tr_lag,0,tr_cap,3_283,win_lag,0,win_cap,5_732,drv_incr,185_000_000,why,NONE
[2026-09-22T18:54:22.639] Cog0  BM-RUNG3,seq,220,rid,34,motor,LEFT,incre,185_000_000,missed_d,0,illegal_d,0,hw_ticks,485,hw_skip,7,amps_x10k,3_187,rs_impl,178,late,0,skipped,0,clamps,0,idle_up,FALSE,idle_i,0,why,NONE
[2026-09-22T18:54:22.655] Cog0  BM-CLIP,seq,221,rid,34,motor,LEFT,incre,185_000_000,duty_max,27_648,frame_half,3_068,dead_gap,70,lvl_min,4,lvl_max,2_994,room,4,n,996
[2026-09-22T18:54:24.720] Cog0  BM-RUNG,seq,222,seg,LIMTOP,life,4,rid,35,rung,14,motor,LEFT,incre,195_000_000,result,OK,off_neg,4,off_pos,348,steady_ms,469,win_ms,1_001,ticks,522,rate_x10,5_214,pred_x10,5_211,why,NONE
[2026-09-22T18:54:24.722] Cog0  BM-RUNG2,seq,223,rid,35,motor,LEFT,incre,195_000_000,zero_x10,81,i_x10,785,inet_x10,704,i_min,38,i_max,118,ph_x10,24_133,phu_x10,7_927,phv_x10,8_562,phw_x10,7_644,duty,27_632,duty_pk,27_648,duty_max,27_648,err,52,err_pk,80,n,502,why,NONE
[2026-09-22T18:54:24.724] Cog0  BM-RUNGTR,seq,224,rid,35,motor,LEFT,incre,195_000_000,from_incre,185_000_000,from_rest,FALSE,tr_ms,975,tr_err_pk,79,tr_i_pk,502,tr_i_over,384,tr_over,-1,tr_n,489,why,NONE
[2026-09-22T18:54:24.726] Cog0  BM-RUNGHL,seq,225,rid,35,motor,LEFT,incre,195_000_000,tr_lag,0,tr_cap,8_453,win_lag,0,win_cap,10_032,drv_incr,195_000_000,why,NONE
[2026-09-22T18:54:24.728] Cog0  BM-RUNG3,seq,226,rid,35,motor,LEFT,incre,195_000_000,missed_d,0,illegal_d,0,hw_ticks,478,hw_skip,40,amps_x10k,4_804,rs_impl,163,late,0,skipped,0,clamps,0,idle_up,FALSE,idle_i,0,why,NONE
[2026-09-22T18:54:24.744] Cog0  BM-CLIP,seq,227,rid,35,motor,LEFT,incre,195_000_000,duty_max,27_648,frame_half,3_068,dead_gap,70,lvl_min,4,lvl_max,2_994,room,4,n,995
[2026-09-22T18:54:26.810] Cog0  BM-RUNG,seq,228,seg,LIMTOP,life,4,rid,36,rung,15,motor,LEFT,incre,205_000_000,result,OK,off_neg,4,off_pos,348,steady_ms,471,win_ms,1_001,ticks,549,rate_x10,5_484,pred_x10,5_478,why,NONE
[2026-09-22T18:54:26.813] Cog0  BM-RUNG2,seq,229,rid,36,motor,LEFT,incre,205_000_000,zero_x10,81,i_x10,1_190,inet_x10,1_109,i_min,48,i_max,181,ph_x10,24_000,phu_x10,7_887,phv_x10,8_166,phw_x10,7_946,duty,27_637,duty_pk,27_648,duty_max,27_648,err,54,err_pk,79,n,502,why,NONE
[2026-09-22T18:54:26.814] Cog0  BM-RUNGTR,seq,230,rid,36,motor,LEFT,incre,205_000_000,from_incre,195_000_000,from_rest,FALSE,tr_ms,975,tr_err_pk,80,tr_i_pk,646,tr_i_over,465,tr_over,1,tr_n,489,why,NONE
[2026-09-22T18:54:26.816] Cog0  BM-RUNGHL,seq,231,rid,36,motor,LEFT,incre,205_000_000,tr_lag,0,tr_cap,12_193,win_lag,0,win_cap,13_678,drv_incr,205_000_000,why,NONE
[2026-09-22T18:54:26.818] Cog0  BM-RUNG3,seq,232,rid,36,motor,LEFT,incre,205_000_000,missed_d,0,illegal_d,0,hw_ticks,453,hw_skip,91,amps_x10k,7_557,rs_impl,157,late,0,skipped,0,clamps,0,idle_up,FALSE,idle_i,0,why,NONE
[2026-09-22T18:54:26.834] Cog0  BM-CLIP,seq,233,rid,36,motor,LEFT,incre,205_000_000,duty_max,27_648,frame_half,3_068,dead_gap,70,lvl_min,3,lvl_max,2_995,room,3,n,997
[2026-09-22T18:54:28.900] Cog0  BM-RUNG,seq,234,seg,LIMTOP,life,4,rid,37,rung,16,motor,LEFT,incre,215_000_000,result,OK,off_neg,4,off_pos,348,steady_ms,470,win_ms,1_003,ticks,576,rate_x10,5_742,pred_x10,5_745,why,NONE
[2026-09-22T18:54:28.902] Cog0  BM-RUNG2,seq,235,rid,37,motor,LEFT,incre,215_000_000,zero_x10,81,i_x10,1_718,inet_x10,1_637,i_min,76,i_max,250,ph_x10,23_989,phu_x10,7_815,phv_x10,8_231,phw_x10,7_942,duty,27_640,duty_pk,27_648,duty_max,27_648,err,56,err_pk,83,n,503,why,NONE
[2026-09-22T18:54:28.902] Cog0  BM-RUNGTR,seq,236,rid,37,motor,LEFT,incre,215_000_000,from_incre,205_000_000,from_rest,FALSE,tr_ms,973,tr_err_pk,82,tr_i_pk,842,tr_i_over,592,tr_over,-1,tr_n,488,why,NONE
[2026-09-22T18:54:28.905] Cog0  BM-RUNGHL,seq,237,rid,37,motor,LEFT,incre,215_000_000,tr_lag,0,tr_cap,15_286,win_lag,0,win_cap,16_701,drv_incr,215_000_000,why,NONE
[2026-09-22T18:54:28.907] Cog0  BM-RUNG3,seq,238,rid,37,motor,LEFT,incre,215_000_000,missed_d,0,illegal_d,0,hw_ticks,428,hw_skip,145,amps_x10k,11_031,rs_impl,155,late,0,skipped,0,clamps,0,idle_up,FALSE,idle_i,0,why,NONE
[2026-09-22T18:54:28.923] Cog0  BM-CLIP,seq,239,rid,37,motor,LEFT,incre,215_000_000,duty_max,27_648,frame_half,3_068,dead_gap,70,lvl_min,3,lvl_max,2_995,room,3,n,996
[2026-09-22T18:54:30.989] Cog0  BM-RUNG,seq,240,seg,LIMTOP,life,4,rid,38,rung,17,motor,LEFT,incre,225_000_000,result,OK,off_neg,4,off_pos,348,steady_ms,469,win_ms,1_001,ticks,603,rate_x10,6_023,pred_x10,6_013,why,NONE
[2026-09-22T18:54:30.991] Cog0  BM-RUNG2,seq,241,rid,38,motor,LEFT,incre,225_000_000,zero_x10,81,i_x10,2_293,inet_x10,2_212,i_min,102,i_max,329,ph_x10,23_938,phu_x10,7_841,phv_x10,8_214,phw_x10,7_882,duty,27_643,duty_pk,27_648,duty_max,27_648,err,57,err_pk,84,n,502,why,NONE
[2026-09-22T18:54:30.991] Cog0  BM-RUNGTR,seq,242,rid,38,motor,LEFT,incre,225_000_000,from_incre,215_000_000,from_rest,FALSE,tr_ms,975,tr_err_pk,85,tr_i_pk,933,tr_i_over,604,tr_over,1,tr_n,489,why,NONE
[2026-09-22T18:54:30.995] Cog0  BM-RUNGHL,seq,243,rid,38,motor,LEFT,incre,225_000_000,tr_lag,0,tr_cap,17_911,win_lag,0,win_cap,19_389,drv_incr,225_000_000,why,NONE
[2026-09-22T18:54:30.996] Cog0  BM-RUNG3,seq,244,rid,38,motor,LEFT,incre,225_000_000,missed_d,0,illegal_d,0,hw_ticks,399,hw_skip,201,amps_x10k,14_680,rs_impl,156,late,0,skipped,0,clamps,0,idle_up,FALSE,idle_i,0,why,NONE
[2026-09-22T18:54:31.012] Cog0  BM-CLIP,seq,245,rid,38,motor,LEFT,incre,225_000_000,duty_max,27_648,frame_half,3_068,dead_gap,70,lvl_min,3,lvl_max,2_995,room,3,n,996
[2026-09-22T18:54:33.078] Cog0  BM-RUNG,seq,246,seg,LIMTOP,life,4,rid,39,rung,18,motor,LEFT,incre,235_000_000,result,OK,off_neg,4,off_pos,348,steady_ms,469,win_ms,1_003,ticks,631,rate_x10,6_291,pred_x10,6_280,why,NONE
[2026-09-22T18:54:33.080] Cog0  BM-RUNG2,seq,247,rid,39,motor,LEFT,incre,235_000_000,zero_x10,81,i_x10,2_916,inet_x10,2_835,i_min,143,i_max,414,ph_x10,23_951,phu_x10,7_850,phv_x10,8_198,phw_x10,7_902,duty,27_644,duty_pk,27_648,duty_max,27_648,err,58,err_pk,88,n,503,why,NONE
[2026-09-22T18:54:33.082] Cog0  BM-RUNGTR,seq,248,rid,39,motor,LEFT,incre,235_000_000,from_incre,225_000_000,from_rest,FALSE,tr_ms,973,tr_err_pk,88,tr_i_pk,1_147,tr_i_over,733,tr_over,0,tr_n,488,why,NONE
[2026-09-22T18:54:33.084] Cog0  BM-RUNGHL,seq,249,rid,39,motor,LEFT,incre,235_000_000,tr_lag,0,tr_cap,20_343,win_lag,0,win_cap,21_744,drv_incr,235_000_000,why,NONE
[2026-09-22T18:54:33.085] Cog0  BM-RUNG3,seq,250,rid,39,motor,LEFT,incre,235_000_000,missed_d,0,illegal_d,0,hw_ticks,373,hw_skip,256,amps_x10k,19_054,rs_impl,153,late,0,skipped,0,clamps,0,idle_up,FALSE,idle_i,0,why,NONE
[2026-09-22T18:54:33.101] Cog0  BM-CLIP,seq,251,rid,39,motor,LEFT,incre,235_000_000,duty_max,27_648,frame_half,3_068,dead_gap,70,lvl_min,3,lvl_max,2_995,room,3,n,996
[2026-09-22T18:54:35.167] Cog0  BM-RUNG,seq,252,seg,LIMTOP,life,4,rid,40,rung,19,motor,LEFT,incre,245_000_000,result,OK,off_neg,4,off_pos,348,steady_ms,470,win_ms,1_003,ticks,657,rate_x10,6_550,pred_x10,6_547,why,NONE
[2026-09-22T18:54:35.169] Cog0  BM-RUNG2,seq,253,rid,40,motor,LEFT,incre,245_000_000,zero_x10,81,i_x10,3_554,inet_x10,3_473,i_min,174,i_max,481,ph_x10,23_861,phu_x10,7_835,phv_x10,8_165,phw_x10,7_860,duty,27_645,duty_pk,27_648,duty_max,27_648,err,59,err_pk,89,n,503,why,NONE
[2026-09-22T18:54:35.171] Cog0  BM-RUNGTR,seq,254,rid,40,motor,LEFT,incre,245_000_000,from_incre,235_000_000,from_rest,FALSE,tr_ms,973,tr_err_pk,87,tr_i_pk,1_183,tr_i_over,702,tr_over,-2,tr_n,488,why,NONE
[2026-09-22T18:54:35.173] Cog0  BM-RUNGHL,seq,255,rid,40,motor,LEFT,incre,245_000_000,tr_lag,0,tr_cap,22_403,win_lag,0,win_cap,23_773,drv_incr,245_000_000,why,NONE
[2026-09-22T18:54:35.174] Cog0  BM-RUNG3,seq,256,rid,40,motor,LEFT,incre,245_000_000,missed_d,0,illegal_d,0,hw_ticks,347,hw_skip,311,amps_x10k,23_178,rs_impl,153,late,0,skipped,0,clamps,0,idle_up,FALSE,idle_i,0,why,NONE
[2026-09-22T18:54:35.191] Cog0  BM-CLIP,seq,257,rid,40,motor,LEFT,incre,245_000_000,duty_max,27_648,frame_half,3_068,dead_gap,70,lvl_min,3,lvl_max,2_995,room,3,n,996
[2026-09-22T18:54:37.763] Cog0  BM-TOPSPD,seq,258,motor,LEFT,sign,1,top,245_000_000,unsat,175_000_000,edge,NA,edge_why,NONE,follow_pct,98
[2026-09-22T18:54:37.763] Cog3  INIT $0001_1BE2 $0004_5C4B load
[2026-09-22T18:54:37.778] Cog4  INIT $0000_0FA8 $0004_571B jump
[2026-09-22T18:54:39.874] Cog0  BM-START,seq,259,seg,LIMTOP,motor,RIGHT,life,5,cog_ret,3,cog_ok,TRUE,board,REV_B,board_enum,22,ready,TRUE,ready_ms,0,off_neg,17,off_pos,336,missed,0,illegal,0,zero_x10,-4,ph_x10,1_616,why,NONE
[2026-09-22T18:54:41.792] Cog0  BM-RUNG,seq,260,seg,LIMTOP,life,5,rid,41,rung,0,motor,RIGHT,incre,-5_000_000,result,OK,off_neg,17,off_pos,336,steady_ms,323,win_ms,1_001,ticks,-13,rate_x10,-129,pred_x10,-133,why,NONE
[2026-09-22T18:54:41.793] Cog0  BM-RUNG2,seq,261,rid,41,motor,RIGHT,incre,-5_000_000,zero_x10,-4,i_x10,48,inet_x10,52,i_min,2,i_max,8,ph_x10,23_741,phu_x10,7_894,phv_x10,7_922,phw_x10,7_924,duty,1_600,duty_pk,1_600,duty_max,27_648,err,-20,err_pk,43,n,502,why,NONE
[2026-09-22T18:54:41.795] Cog0  BM-RUNGTR,seq,262,rid,41,motor,RIGHT,incre,-5_000_000,from_incre,0,from_rest,TRUE,tr_ms,829,tr_err_pk,111,tr_i_pk,11,tr_i_over,3,tr_over,68,tr_n,416,why,NONE
[2026-09-22T18:54:41.797] Cog0  BM-RUNGHL,seq,263,rid,41,motor,RIGHT,incre,-5_000_000,tr_lag,0,tr_cap,0,win_lag,0,win_cap,0,drv_incr,-5_000_000,why,NONE
[2026-09-22T18:54:41.798] Cog0  BM-RUNG3,seq,264,rid,41,motor,RIGHT,incre,-5_000_000,missed_d,0,illegal_d,0,hw_ticks,-13,hw_skip,0,amps_x10k,306,rs_impl,156,late,0,skipped,0,clamps,0,idle_up,FALSE,idle_i,0,why,NONE
[2026-09-22T18:54:41.815] Cog0  BM-CLIP,seq,265,rid,41,motor,RIGHT,incre,-5_000_000,duty_max,27_648,frame_half,3_068,dead_gap,70,lvl_min,1_412,lvl_max,1_586,room,1_412,n,923
[2026-09-22T18:54:43.732] Cog0  BM-RUNG,seq,266,seg,LIMTOP,life,5,rid,42,rung,1,motor,RIGHT,incre,-10_000_000,result,OK,off_neg,17,off_pos,336,steady_ms,323,win_ms,1_001,ticks,-28,rate_x10,-279,pred_x10,-267,why,NONE
[2026-09-22T18:54:43.733] Cog0  BM-RUNG2,seq,267,rid,42,motor,RIGHT,incre,-10_000_000,zero_x10,-4,i_x10,37,inet_x10,41,i_min,0,i_max,8,ph_x10,23_739,phu_x10,7_929,phv_x10,7_920,phw_x10,7_889,duty,2_063,duty_pk,2_339,duty_max,27_648,err,-48,err_pk,80,n,502,why,NONE
[2026-09-22T18:54:43.735] Cog0  BM-RUNGTR,seq,268,rid,42,motor,RIGHT,incre,-10_000_000,from_incre,-5_000_000,from_rest,FALSE,tr_ms,827,tr_err_pk,78,tr_i_pk,8,tr_i_over,0,tr_over,-2,tr_n,415,why,NONE
[2026-09-22T18:54:43.737] Cog0  BM-RUNGHL,seq,269,rid,42,motor,RIGHT,incre,-10_000_000,tr_lag,0,tr_cap,0,win_lag,0,win_cap,0,drv_incr,-10_000_000,why,NONE
[2026-09-22T18:54:43.739] Cog0  BM-RUNG3,seq,270,rid,42,motor,RIGHT,incre,-10_000_000,missed_d,0,illegal_d,0,hw_ticks,-28,hw_skip,0,amps_x10k,246,rs_impl,150,late,0,skipped,0,clamps,0,idle_up,FALSE,idle_i,0,why,NONE
[2026-09-22T18:54:43.755] Cog0  BM-CLIP,seq,271,rid,42,motor,RIGHT,incre,-10_000_000,duty_max,27_648,frame_half,3_068,dead_gap,70,lvl_min,1_375,lvl_max,1_623,room,1_375,n,923
[2026-09-22T18:54:45.826] Cog0  BM-RUNG,seq,272,seg,LIMTOP,life,5,rid,43,rung,2,motor,RIGHT,incre,-20_000_000,result,OK,off_neg,17,off_pos,336,steady_ms,475,win_ms,1_001,ticks,-54,rate_x10,-539,pred_x10,-534,why,NONE
[2026-09-22T18:54:45.827] Cog0  BM-RUNG2,seq,273,rid,43,motor,RIGHT,incre,-20_000_000,zero_x10,-4,i_x10,66,inet_x10,70,i_min,3,i_max,13,ph_x10,23_761,phu_x10,7_929,phv_x10,7_895,phw_x10,7_936,duty,3_538,duty_pk,3_881,duty_max,27_648,err,-48,err_pk,78,n,502,why,NONE
[2026-09-22T18:54:45.829] Cog0  BM-RUNGTR,seq,274,rid,43,motor,RIGHT,incre,-20_000_000,from_incre,-10_000_000,from_rest,FALSE,tr_ms,979,tr_err_pk,80,tr_i_pk,14,tr_i_over,1,tr_over,2,tr_n,491,why,NONE
[2026-09-22T18:54:45.831] Cog0  BM-RUNGHL,seq,275,rid,43,motor,RIGHT,incre,-20_000_000,tr_lag,0,tr_cap,0,win_lag,0,win_cap,0,drv_incr,-20_000_000,why,NONE
[2026-09-22T18:54:45.833] Cog0  BM-RUNG3,seq,276,rid,43,motor,RIGHT,incre,-20_000_000,missed_d,0,illegal_d,0,hw_ticks,-54,hw_skip,0,amps_x10k,446,rs_impl,147,late,0,skipped,0,clamps,0,idle_up,FALSE,idle_i,0,why,NONE
[2026-09-22T18:54:45.849] Cog0  BM-CLIP,seq,277,rid,43,motor,RIGHT,incre,-20_000_000,duty_max,27_648,frame_half,3_068,dead_gap,70,lvl_min,1_290,lvl_max,1_709,room,1_289,n,999
[2026-09-22T18:54:48.125] Cog0  BM-RUNG,seq,278,seg,LIMTOP,life,5,rid,44,rung,3,motor,RIGHT,incre,-40_000_000,result,OK,off_neg,15,off_pos,337,steady_ms,675,win_ms,1_003,ticks,-108,rate_x10,-1_076,pred_x10,-1_068,why,NONE
[2026-09-22T18:54:48.127] Cog0  BM-RUNG2,seq,279,rid,44,motor,RIGHT,incre,-40_000_000,zero_x10,-4,i_x10,97,inet_x10,101,i_min,5,i_max,17,ph_x10,23_755,phu_x10,7_928,phv_x10,7_891,phw_x10,7_934,duty,6_488,duty_pk,6_600,duty_max,27_648,err,-48,err_pk,74,n,503,why,NONE
[2026-09-22T18:54:48.128] Cog0  BM-RUNGTR,seq,280,rid,44,motor,RIGHT,incre,-40_000_000,from_incre,-20_000_000,from_rest,FALSE,tr_ms,1_179,tr_err_pk,77,tr_i_pk,30,tr_i_over,13,tr_over,3,tr_n,591,why,NONE
[2026-09-22T18:54:48.130] Cog0  BM-RUNGHL,seq,281,rid,44,motor,RIGHT,incre,-40_000_000,tr_lag,0,tr_cap,0,win_lag,0,win_cap,0,drv_incr,-40_000_000,why,NONE
[2026-09-22T18:54:48.132] Cog0  BM-RUNG3,seq,282,rid,44,motor,RIGHT,incre,-40_000_000,missed_d,0,illegal_d,0,hw_ticks,-108,hw_skip,0,amps_x10k,651,rs_impl,149,late,0,skipped,0,clamps,0,idle_up,FALSE,idle_i,0,why,NONE
[2026-09-22T18:54:48.148] Cog0  BM-CLIP,seq,283,rid,44,motor,RIGHT,incre,-40_000_000,duty_max,27_648,frame_half,3_068,dead_gap,70,lvl_min,1_139,lvl_max,1_860,room,1_138,n,1_099
[2026-09-22T18:54:50.424] Cog0  BM-RUNG,seq,284,seg,LIMTOP,life,5,rid,45,rung,4,motor,RIGHT,incre,-60_000_000,result,OK,off_neg,1,off_pos,351,steady_ms,675,win_ms,1_003,ticks,-161,rate_x10,-1_605,pred_x10,-1_603,why,NONE
[2026-09-22T18:54:50.426] Cog0  BM-RUNG2,seq,285,rid,45,motor,RIGHT,incre,-60_000_000,zero_x10,-4,i_x10,144,inet_x10,148,i_min,8,i_max,22,ph_x10,23_742,phu_x10,7_919,phv_x10,7_906,phw_x10,7_915,duty,9_520,duty_pk,9_623,duty_max,27_648,err,-48,err_pk,70,n,503,why,NONE
[2026-09-22T18:54:50.427] Cog0  BM-RUNGTR,seq,286,rid,45,motor,RIGHT,incre,-60_000_000,from_incre,-40_000_000,from_rest,FALSE,tr_ms,1_181,tr_err_pk,72,tr_i_pk,30,tr_i_over,8,tr_over,2,tr_n,592,why,NONE
[2026-09-22T18:54:50.429] Cog0  BM-RUNGHL,seq,287,rid,45,motor,RIGHT,incre,-60_000_000,tr_lag,0,tr_cap,0,win_lag,0,win_cap,0,drv_incr,-60_000_000,why,NONE
[2026-09-22T18:54:50.431] Cog0  BM-RUNG3,seq,288,rid,45,motor,RIGHT,incre,-60_000_000,missed_d,0,illegal_d,0,hw_ticks,-161,hw_skip,0,amps_x10k,959,rs_impl,150,late,0,skipped,0,clamps,0,idle_up,FALSE,idle_i,0,why,NONE
[2026-09-22T18:54:50.448] Cog0  BM-CLIP,seq,289,rid,45,motor,RIGHT,incre,-60_000_000,duty_max,27_648,frame_half,3_068,dead_gap,70,lvl_min,982,lvl_max,2_017,room,981,n,1_099
[2026-09-22T18:54:52.723] Cog0  BM-RUNG,seq,290,seg,LIMTOP,life,5,rid,46,rung,5,motor,RIGHT,incre,-80_000_000,result,OK,off_neg,3,off_pos,349,steady_ms,676,win_ms,1_001,ticks,-215,rate_x10,-2_147,pred_x10,-2_137,why,NONE
[2026-09-22T18:54:52.725] Cog0  BM-RUNG2,seq,291,rid,46,motor,RIGHT,incre,-80_000_000,zero_x10,-4,i_x10,209,inet_x10,213,i_min,9,i_max,37,ph_x10,23_748,phu_x10,7_913,phv_x10,7_922,phw_x10,7_913,duty,12_527,duty_pk,12_699,duty_max,27_648,err,-48,err_pk,73,n,502,why,NONE
[2026-09-22T18:54:52.726] Cog0  BM-RUNGTR,seq,292,rid,46,motor,RIGHT,incre,-80_000_000,from_incre,-60_000_000,from_rest,FALSE,tr_ms,1_181,tr_err_pk,74,tr_i_pk,38,tr_i_over,1,tr_over,1,tr_n,592,why,NONE
[2026-09-22T18:54:52.729] Cog0  BM-RUNGHL,seq,293,rid,46,motor,RIGHT,incre,-80_000_000,tr_lag,0,tr_cap,0,win_lag,0,win_cap,0,drv_incr,-80_000_000,why,NONE
[2026-09-22T18:54:52.730] Cog0  BM-RUNG3,seq,294,rid,46,motor,RIGHT,incre,-80_000_000,missed_d,0,illegal_d,0,hw_ticks,-215,hw_skip,0,amps_x10k,1_370,rs_impl,152,late,0,skipped,0,clamps,0,idle_up,FALSE,idle_i,0,why,NONE
[2026-09-22T18:54:52.746] Cog0  BM-CLIP,seq,295,rid,46,motor,RIGHT,incre,-80_000_000,duty_max,27_648,frame_half,3_068,dead_gap,70,lvl_min,814,lvl_max,2_184,room,814,n,1_100
[2026-09-22T18:54:55.022] Cog0  BM-RUNG,seq,296,seg,LIMTOP,life,5,rid,47,rung,6,motor,RIGHT,incre,-100_000_000,result,OK,off_neg,4,off_pos,348,steady_ms,676,win_ms,1_003,ticks,-269,rate_x10,-2_681,pred_x10,-2_672,why,NONE
[2026-09-22T18:54:55.024] Cog0  BM-RUNG2,seq,297,rid,47,motor,RIGHT,incre,-100_000_000,zero_x10,-4,i_x10,260,inet_x10,264,i_min,7,i_max,51,ph_x10,23_764,phu_x10,7_935,phv_x10,7_893,phw_x10,7_934,duty,15_552,duty_pk,15_692,duty_max,27_648,err,-48,err_pk,73,n,503,why,NONE
[2026-09-22T18:54:55.026] Cog0  BM-RUNGTR,seq,298,rid,47,motor,RIGHT,incre,-100_000_000,from_incre,-80_000_000,from_rest,FALSE,tr_ms,1_179,tr_err_pk,73,tr_i_pk,68,tr_i_over,17,tr_over,0,tr_n,591,why,NONE
[2026-09-22T18:54:55.028] Cog0  BM-RUNGHL,seq,299,rid,47,motor,RIGHT,incre,-100_000_000,tr_lag,0,tr_cap,0,win_lag,0,win_cap,0,drv_incr,-100_000_000,why,NONE
[2026-09-22T18:54:55.029] Cog0  BM-RUNG3,seq,300,rid,47,motor,RIGHT,incre,-100_000_000,missed_d,0,illegal_d,0,hw_ticks,-269,hw_skip,0,amps_x10k,1_730,rs_impl,150,late,0,skipped,0,clamps,0,idle_up,FALSE,idle_i,0,why,NONE
[2026-09-22T18:54:55.045] Cog0  BM-CLIP,seq,301,rid,47,motor,RIGHT,incre,-100_000_000,duty_max,27_648,frame_half,3_068,dead_gap,70,lvl_min,651,lvl_max,2_347,room,651,n,1_099
[2026-09-22T18:54:57.321] Cog0  BM-RUNG,seq,302,seg,LIMTOP,life,5,rid,48,rung,7,motor,RIGHT,incre,-120_000_000,result,OK,off_neg,4,off_pos,348,steady_ms,676,win_ms,1_001,ticks,-322,rate_x10,-3_216,pred_x10,-3_206,why,NONE
[2026-09-22T18:54:57.323] Cog0  BM-RUNG2,seq,303,rid,48,motor,RIGHT,incre,-120_000_000,zero_x10,-4,i_x10,327,inet_x10,331,i_min,10,i_max,59,ph_x10,23_760,phu_x10,7_941,phv_x10,7_865,phw_x10,7_953,duty,18_595,duty_pk,18_731,duty_max,27_648,err,-47,err_pk,74,n,502,why,NONE
[2026-09-22T18:54:57.325] Cog0  BM-RUNGTR,seq,304,rid,48,motor,RIGHT,incre,-120_000_000,from_incre,-100_000_000,from_rest,FALSE,tr_ms,1_181,tr_err_pk,73,tr_i_pk,94,tr_i_over,35,tr_over,-1,tr_n,592,why,NONE
[2026-09-22T18:54:57.327] Cog0  BM-RUNGHL,seq,305,rid,48,motor,RIGHT,incre,-120_000_000,tr_lag,0,tr_cap,0,win_lag,0,win_cap,0,drv_incr,-120_000_000,why,NONE
[2026-09-22T18:54:57.329] Cog0  BM-RUNG3,seq,306,rid,48,motor,RIGHT,incre,-120_000_000,missed_d,0,illegal_d,0,hw_ticks,-322,hw_skip,0,amps_x10k,2_182,rs_impl,149,late,0,skipped,0,clamps,0,idle_up,FALSE,idle_i,0,why,NONE
[2026-09-22T18:54:57.344] Cog0  BM-CLIP,seq,307,rid,48,motor,RIGHT,incre,-120_000_000,duty_max,27_648,frame_half,3_068,dead_gap,70,lvl_min,485,lvl_max,2_514,room,484,n,1_099
[2026-09-22T18:54:59.620] Cog0  BM-RUNG,seq,308,seg,LIMTOP,life,5,rid,49,rung,8,motor,RIGHT,incre,-140_000_000,result,OK,off_neg,4,off_pos,348,steady_ms,675,win_ms,1_001,ticks,-375,rate_x10,-3_746,pred_x10,-3_741,why,NONE
[2026-09-22T18:54:59.623] Cog0  BM-RUNG2,seq,309,rid,49,motor,RIGHT,incre,-140_000_000,zero_x10,-4,i_x10,396,inet_x10,400,i_min,5,i_max,64,ph_x10,23_763,phu_x10,7_914,phv_x10,7_945,phw_x10,7_903,duty,21_648,duty_pk,21_767,duty_max,27_648,err,-48,err_pk,74,n,502,why,NONE
[2026-09-22T18:54:59.624] Cog0  BM-RUNGTR,seq,310,rid,49,motor,RIGHT,incre,-140_000_000,from_incre,-120_000_000,from_rest,FALSE,tr_ms,1_181,tr_err_pk,73,tr_i_pk,135,tr_i_over,71,tr_over,-1,tr_n,592,why,NONE
[2026-09-22T18:54:59.626] Cog0  BM-RUNGHL,seq,311,rid,49,motor,RIGHT,incre,-140_000_000,tr_lag,0,tr_cap,0,win_lag,0,win_cap,0,drv_incr,-140_000_000,why,NONE
[2026-09-22T18:54:59.628] Cog0  BM-RUNG3,seq,312,rid,49,motor,RIGHT,incre,-140_000_000,missed_d,0,illegal_d,0,hw_ticks,-375,hw_skip,0,amps_x10k,2_664,rs_impl,148,late,0,skipped,0,clamps,0,idle_up,FALSE,idle_i,0,why,NONE
[2026-09-22T18:54:59.643] Cog0  BM-CLIP,seq,313,rid,49,motor,RIGHT,incre,-140_000_000,duty_max,27_648,frame_half,3_068,dead_gap,70,lvl_min,323,lvl_max,2_675,room,323,n,1_099
[2026-09-22T18:55:01.628] Cog0  BM-RUNG,seq,314,seg,LIMTOP,life,5,rid,50,rung,9,motor,RIGHT,incre,-147_000_000,result,OK,off_neg,4,off_pos,348,steady_ms,389,win_ms,1_001,ticks,-394,rate_x10,-3_936,pred_x10,-3_928,why,NONE
[2026-09-22T18:55:01.630] Cog0  BM-RUNG2,seq,315,rid,50,motor,RIGHT,incre,-147_000_000,zero_x10,-4,i_x10,419,inet_x10,423,i_min,11,i_max,71,ph_x10,23_757,phu_x10,7_912,phv_x10,7_864,phw_x10,7_980,duty,22_723,duty_pk,22_843,duty_max,27_648,err,-48,err_pk,73,n,502,why,NONE
[2026-09-22T18:55:01.631] Cog0  BM-RUNGTR,seq,316,rid,50,motor,RIGHT,incre,-147_000_000,from_incre,-140_000_000,from_rest,FALSE,tr_ms,893,tr_err_pk,73,tr_i_pk,183,tr_i_over,112,tr_over,0,tr_n,448,why,NONE
[2026-09-22T18:55:01.633] Cog0  BM-RUNGHL,seq,317,rid,50,motor,RIGHT,incre,-147_000_000,tr_lag,0,tr_cap,0,win_lag,0,win_cap,0,drv_incr,-147_000_000,why,NONE
[2026-09-22T18:55:01.635] Cog0  BM-RUNG3,seq,318,rid,50,motor,RIGHT,incre,-147_000_000,missed_d,0,illegal_d,0,hw_ticks,-394,hw_skip,0,amps_x10k,2_792,rs_impl,150,late,0,skipped,0,clamps,0,idle_up,FALSE,idle_i,0,why,NONE
[2026-09-22T18:55:01.651] Cog0  BM-CLIP,seq,319,rid,50,motor,RIGHT,incre,-147_000_000,duty_max,27_648,frame_half,3_068,dead_gap,70,lvl_min,260,lvl_max,2_739,room,259,n,956
[2026-09-22T18:55:03.661] Cog0  BM-RUNG,seq,320,seg,LIMTOP,life,5,rid,51,rung,10,motor,RIGHT,incre,-155_000_000,result,OK,off_neg,4,off_pos,348,steady_ms,415,win_ms,1_003,ticks,-415,rate_x10,-4_137,pred_x10,-4_142,why,NONE
[2026-09-22T18:55:03.664] Cog0  BM-RUNG2,seq,321,rid,51,motor,RIGHT,incre,-155_000_000,zero_x10,-4,i_x10,448,inet_x10,452,i_min,9,i_max,73,ph_x10,23_775,phu_x10,7_965,phv_x10,7_890,phw_x10,7_920,duty,23_950,duty_pk,24_068,duty_max,27_648,err,-48,err_pk,74,n,503,why,NONE
[2026-09-22T18:55:03.665] Cog0  BM-RUNGTR,seq,322,rid,51,motor,RIGHT,incre,-155_000_000,from_incre,-147_000_000,from_rest,FALSE,tr_ms,919,tr_err_pk,76,tr_i_pk,219,tr_i_over,146,tr_over,2,tr_n,461,why,NONE
[2026-09-22T18:55:03.667] Cog0  BM-RUNGHL,seq,323,rid,51,motor,RIGHT,incre,-155_000_000,tr_lag,0,tr_cap,0,win_lag,0,win_cap,0,drv_incr,-155_000_000,why,NONE
[2026-09-22T18:55:03.669] Cog0  BM-RUNG3,seq,324,rid,51,motor,RIGHT,incre,-155_000_000,missed_d,0,illegal_d,0,hw_ticks,-415,hw_skip,0,amps_x10k,3_061,rs_impl,146,late,0,skipped,0,clamps,0,idle_up,FALSE,idle_i,0,why,NONE
[2026-09-22T18:55:03.685] Cog0  BM-CLIP,seq,325,rid,51,motor,RIGHT,incre,-155_000_000,duty_max,27_648,frame_half,3_068,dead_gap,70,lvl_min,191,lvl_max,2_807,room,191,n,968
[2026-09-22T18:55:05.752] Cog0  BM-RUNG,seq,326,seg,LIMTOP,life,5,rid,52,rung,11,motor,RIGHT,incre,-165_000_000,result,OK,off_neg,4,off_pos,348,steady_ms,471,win_ms,1_003,ticks,-443,rate_x10,-4_416,pred_x10,-4_409,why,NONE
[2026-09-22T18:55:05.754] Cog0  BM-RUNG2,seq,327,rid,52,motor,RIGHT,incre,-165_000_000,zero_x10,-4,i_x10,485,inet_x10,489,i_min,6,i_max,80,ph_x10,23_754,phu_x10,7_925,phv_x10,7_900,phw_x10,7_928,duty,25_493,duty_pk,25_619,duty_max,27_648,err,-47,err_pk,74,n,503,why,NONE
[2026-09-22T18:55:05.756] Cog0  BM-RUNGTR,seq,328,rid,52,motor,RIGHT,incre,-165_000_000,from_incre,-155_000_000,from_rest,FALSE,tr_ms,975,tr_err_pk,74,tr_i_pk,271,tr_i_over,191,tr_over,0,tr_n,489,why,NONE
[2026-09-22T18:55:05.757] Cog0  BM-RUNGHL,seq,329,rid,52,motor,RIGHT,incre,-165_000_000,tr_lag,0,tr_cap,0,win_lag,0,win_cap,0,drv_incr,-165_000_000,why,NONE
[2026-09-22T18:55:05.759] Cog0  BM-RUNG3,seq,330,rid,52,motor,RIGHT,incre,-165_000_000,missed_d,0,illegal_d,0,hw_ticks,-443,hw_skip,0,amps_x10k,3_270,rs_impl,148,late,0,skipped,0,clamps,0,idle_up,FALSE,idle_i,0,why,NONE
[2026-09-22T18:55:05.776] Cog0  BM-CLIP,seq,331,rid,52,motor,RIGHT,incre,-165_000_000,duty_max,27_648,frame_half,3_068,dead_gap,70,lvl_min,108,lvl_max,2_891,room,107,n,996
[2026-09-22T18:55:07.841] Cog0  BM-RUNG,seq,332,seg,LIMTOP,life,5,rid,53,rung,12,motor,RIGHT,incre,-175_000_000,result,OK,off_neg,4,off_pos,348,steady_ms,469,win_ms,1_001,ticks,-468,rate_x10,-4_675,pred_x10,-4_676,why,NONE
[2026-09-22T18:55:07.843] Cog0  BM-RUNG2,seq,333,rid,53,motor,RIGHT,incre,-175_000_000,zero_x10,-4,i_x10,528,inet_x10,532,i_min,12,i_max,95,ph_x10,23_746,phu_x10,7_920,phv_x10,7_874,phw_x10,7_952,duty,27_043,duty_pk,27_167,duty_max,27_648,err,-48,err_pk,74,n,502,why,NONE
[2026-09-22T18:55:07.845] Cog0  BM-RUNGTR,seq,334,rid,53,motor,RIGHT,incre,-175_000_000,from_incre,-165_000_000,from_rest,FALSE,tr_ms,975,tr_err_pk,75,tr_i_pk,326,tr_i_over,231,tr_over,1,tr_n,489,why,NONE
[2026-09-22T18:55:07.847] Cog0  BM-RUNGHL,seq,335,rid,53,motor,RIGHT,incre,-175_000_000,tr_lag,0,tr_cap,0,win_lag,0,win_cap,0,drv_incr,-175_000_000,why,NONE
[2026-09-22T18:55:07.848] Cog0  BM-RUNG3,seq,336,rid,53,motor,RIGHT,incre,-175_000_000,missed_d,0,illegal_d,0,hw_ticks,-468,hw_skip,0,amps_x10k,3_511,rs_impl,150,late,0,skipped,0,clamps,0,idle_up,FALSE,idle_i,0,why,NONE
[2026-09-22T18:55:07.865] Cog0  BM-CLIP,seq,337,rid,53,motor,RIGHT,incre,-175_000_000,duty_max,27_648,frame_half,3_068,dead_gap,70,lvl_min,31,lvl_max,2_967,room,31,n,996
[2026-09-22T18:55:09.930] Cog0  BM-RUNG,seq,338,seg,LIMTOP,life,5,rid,54,rung,13,motor,RIGHT,incre,-185_000_000,result,OK,off_neg,4,off_pos,348,steady_ms,469,win_ms,1_003,ticks,-496,rate_x10,-4_945,pred_x10,-4_944,why,NONE
[2026-09-22T18:55:09.932] Cog0  BM-RUNG2,seq,339,rid,54,motor,RIGHT,incre,-185_000_000,zero_x10,-4,i_x10,576,inet_x10,580,i_min,15,i_max,97,ph_x10,23_764,phu_x10,7_909,phv_x10,7_917,phw_x10,7_937,duty,27_627,duty_pk,27_648,duty_max,27_648,err,-51,err_pk,76,n,503,why,NONE
[2026-09-22T18:55:09.934] Cog0  BM-RUNGTR,seq,340,rid,54,motor,RIGHT,incre,-185_000_000,from_incre,-175_000_000,from_rest,FALSE,tr_ms,973,tr_err_pk,76,tr_i_pk,362,tr_i_over,265,tr_over,0,tr_n,488,why,NONE
[2026-09-22T18:55:09.936] Cog0  BM-RUNGHL,seq,341,rid,54,motor,RIGHT,incre,-185_000_000,tr_lag,0,tr_cap,3_729,win_lag,0,win_cap,6_229,drv_incr,-185_000_000,why,NONE
[2026-09-22T18:55:09.937] Cog0  BM-RUNG3,seq,342,rid,54,motor,RIGHT,incre,-185_000_000,missed_d,0,illegal_d,0,hw_ticks,-492,hw_skip,4,amps_x10k,4_057,rs_impl,141,late,0,skipped,0,clamps,0,idle_up,FALSE,idle_i,0,why,NONE
[2026-09-22T18:55:09.954] Cog0  BM-CLIP,seq,343,rid,54,motor,RIGHT,incre,-185_000_000,duty_max,27_648,frame_half,3_068,dead_gap,70,lvl_min,4,lvl_max,2_994,room,4,n,996
[2026-09-22T18:55:12.019] Cog0  BM-RUNG,seq,344,seg,LIMTOP,life,5,rid,55,rung,14,motor,RIGHT,incre,-195_000_000,result,OK,off_neg,4,off_pos,348,steady_ms,469,win_ms,1_003,ticks,-523,rate_x10,-5_214,pred_x10,-5_211,why,NONE
[2026-09-22T18:55:12.022] Cog0  BM-RUNG2,seq,345,rid,55,motor,RIGHT,incre,-195_000_000,zero_x10,-4,i_x10,842,inet_x10,846,i_min,25,i_max,139,ph_x10,23_523,phu_x10,7_677,phv_x10,8_180,phw_x10,7_664,duty,27_633,duty_pk,27_648,duty_max,27_648,err,-53,err_pk,80,n,503,why,NONE
[2026-09-22T18:55:12.023] Cog0  BM-RUNGTR,seq,346,rid,55,motor,RIGHT,incre,-195_000_000,from_incre,-185_000_000,from_rest,FALSE,tr_ms,973,tr_err_pk,80,tr_i_pk,550,tr_i_over,411,tr_over,0,tr_n,488,why,NONE
[2026-09-22T18:55:12.025] Cog0  BM-RUNGHL,seq,347,rid,55,motor,RIGHT,incre,-195_000_000,tr_lag,0,tr_cap,9_046,win_lag,0,win_cap,10_768,drv_incr,-195_000_000,why,NONE
[2026-09-22T18:55:12.027] Cog0  BM-RUNG3,seq,348,rid,55,motor,RIGHT,incre,-195_000_000,missed_d,0,illegal_d,0,hw_ticks,-481,hw_skip,36,amps_x10k,5_650,rs_impl,149,late,0,skipped,0,clamps,0,idle_up,FALSE,idle_i,0,why,NONE
[2026-09-22T18:55:12.043] Cog0  BM-CLIP,seq,349,rid,55,motor,RIGHT,incre,-195_000_000,duty_max,27_648,frame_half,3_068,dead_gap,70,lvl_min,4,lvl_max,2_994,room,4,n,996
[2026-09-22T18:55:14.109] Cog0  BM-RUNG,seq,350,seg,LIMTOP,life,5,rid,56,rung,15,motor,RIGHT,incre,-205_000_000,result,OK,off_neg,4,off_pos,348,steady_ms,469,win_ms,1_001,ticks,-549,rate_x10,-5_484,pred_x10,-5_478,why,NONE
[2026-09-22T18:55:14.111] Cog0  BM-RUNG2,seq,351,rid,56,motor,RIGHT,incre,-205_000_000,zero_x10,-4,i_x10,1_317,inet_x10,1_321,i_min,39,i_max,217,ph_x10,23_755,phu_x10,7_889,phv_x10,7_932,phw_x10,7_932,duty,27_638,duty_pk,27_648,duty_max,27_648,err,-54,err_pk,83,n,502,why,NONE
[2026-09-22T18:55:14.113] Cog0  BM-RUNGTR,seq,352,rid,56,motor,RIGHT,incre,-205_000_000,from_incre,-195_000_000,from_rest,FALSE,tr_ms,975,tr_err_pk,85,tr_i_pk,656,tr_i_over,439,tr_over,2,tr_n,489,why,NONE
[2026-09-22T18:55:14.114] Cog0  BM-RUNGHL,seq,353,rid,56,motor,RIGHT,incre,-205_000_000,tr_lag,0,tr_cap,12_914,win_lag,0,win_cap,14_452,drv_incr,-205_000_000,why,NONE
[2026-09-22T18:55:14.116] Cog0  BM-RUNG3,seq,354,rid,56,motor,RIGHT,incre,-205_000_000,missed_d,0,illegal_d,0,hw_ticks,-453,hw_skip,90,amps_x10k,8_879,rs_impl,148,late,0,skipped,0,clamps,0,idle_up,FALSE,idle_i,0,why,NONE
[2026-09-22T18:55:14.132] Cog0  BM-CLIP,seq,355,rid,56,motor,RIGHT,incre,-205_000_000,duty_max,27_648,frame_half,3_068,dead_gap,70,lvl_min,4,lvl_max,2_995,room,3,n,996
[2026-09-22T18:55:16.198] Cog0  BM-RUNG,seq,356,seg,LIMTOP,life,5,rid,57,rung,16,motor,RIGHT,incre,-215_000_000,result,OK,off_neg,4,off_pos,348,steady_ms,469,win_ms,1_003,ticks,-577,rate_x10,-5_752,pred_x10,-5_745,why,NONE
[2026-09-22T18:55:16.200] Cog0  BM-RUNG2,seq,357,rid,57,motor,RIGHT,incre,-215_000_000,zero_x10,-4,i_x10,1_896,inet_x10,1_900,i_min,71,i_max,288,ph_x10,23_735,phu_x10,7_921,phv_x10,7_874,phw_x10,7_939,duty,27_641,duty_pk,27_648,duty_max,27_648,err,-56,err_pk,82,n,503,why,NONE
[2026-09-22T18:55:16.202] Cog0  BM-RUNGTR,seq,358,rid,57,motor,RIGHT,incre,-215_000_000,from_incre,-205_000_000,from_rest,FALSE,tr_ms,973,tr_err_pk,85,tr_i_pk,889,tr_i_over,601,tr_over,3,tr_n,488,why,NONE
[2026-09-22T18:55:16.204] Cog0  BM-RUNGHL,seq,359,rid,57,motor,RIGHT,incre,-215_000_000,tr_lag,0,tr_cap,16_097,win_lag,0,win_cap,17_512,drv_incr,-215_000_000,why,NONE
[2026-09-22T18:55:16.205] Cog0  BM-RUNG3,seq,360,rid,57,motor,RIGHT,incre,-215_000_000,missed_d,0,illegal_d,0,hw_ticks,-427,hw_skip,145,amps_x10k,12_543,rs_impl,151,late,0,skipped,0,clamps,0,idle_up,FALSE,idle_i,0,why,NONE
[2026-09-22T18:55:16.222] Cog0  BM-CLIP,seq,361,rid,57,motor,RIGHT,incre,-215_000_000,duty_max,27_648,frame_half,3_068,dead_gap,70,lvl_min,3,lvl_max,2_995,room,3,n,996
[2026-09-22T18:55:18.287] Cog0  BM-RUNG,seq,362,seg,LIMTOP,life,5,rid,58,rung,17,motor,RIGHT,incre,-225_000_000,result,OK,off_neg,4,off_pos,348,steady_ms,470,win_ms,1_003,ticks,-604,rate_x10,-6_021,pred_x10,-6_013,why,NONE
[2026-09-22T18:55:18.290] Cog0  BM-RUNG2,seq,363,rid,58,motor,RIGHT,incre,-225_000_000,zero_x10,-4,i_x10,2_538,inet_x10,2_542,i_min,94,i_max,404,ph_x10,23_729,phu_x10,7_912,phv_x10,7_907,phw_x10,7_909,duty,27_643,duty_pk,27_648,duty_max,27_648,err,-57,err_pk,85,n,503,why,NONE
[2026-09-22T18:55:18.291] Cog0  BM-RUNGTR,seq,364,rid,58,motor,RIGHT,incre,-225_000_000,from_incre,-215_000_000,from_rest,FALSE,tr_ms,973,tr_err_pk,87,tr_i_pk,996,tr_i_over,592,tr_over,2,tr_n,488,why,NONE
[2026-09-22T18:55:18.293] Cog0  BM-RUNGHL,seq,365,rid,58,motor,RIGHT,incre,-225_000_000,tr_lag,0,tr_cap,18_790,win_lag,0,win_cap,20_262,drv_incr,-225_000_000,why,NONE
[2026-09-22T18:55:18.295] Cog0  BM-RUNG3,seq,366,rid,58,motor,RIGHT,incre,-225_000_000,missed_d,0,illegal_d,0,hw_ticks,-400,hw_skip,201,amps_x10k,16_769,rs_impl,151,late,0,skipped,0,clamps,0,idle_up,FALSE,idle_i,0,why,NONE
[2026-09-22T18:55:18.311] Cog0  BM-CLIP,seq,367,rid,58,motor,RIGHT,incre,-225_000_000,duty_max,27_648,frame_half,3_068,dead_gap,70,lvl_min,3,lvl_max,2_995,room,3,n,996
[2026-09-22T18:55:20.377] Cog0  BM-RUNG,seq,368,seg,LIMTOP,life,5,rid,59,rung,18,motor,RIGHT,incre,-235_000_000,result,OK,off_neg,4,off_pos,348,steady_ms,469,win_ms,1_001,ticks,-630,rate_x10,-6_293,pred_x10,-6_280,why,NONE
[2026-09-22T18:55:20.379] Cog0  BM-RUNG2,seq,369,rid,59,motor,RIGHT,incre,-235_000_000,zero_x10,-4,i_x10,3_207,inet_x10,3_211,i_min,62,i_max,515,ph_x10,23_766,phu_x10,7_946,phv_x10,7_901,phw_x10,7_919,duty,27_644,duty_pk,27_648,duty_max,27_648,err,-59,err_pk,87,n,502,why,NONE
[2026-09-22T18:55:20.381] Cog0  BM-RUNGTR,seq,370,rid,59,motor,RIGHT,incre,-235_000_000,from_incre,-225_000_000,from_rest,FALSE,tr_ms,975,tr_err_pk,88,tr_i_pk,1_291,tr_i_over,776,tr_over,1,tr_n,489,why,NONE
[2026-09-22T18:55:20.382] Cog0  BM-RUNGHL,seq,371,rid,59,motor,RIGHT,incre,-235_000_000,tr_lag,0,tr_cap,21_130,win_lag,0,win_cap,22_601,drv_incr,-235_000_000,why,NONE
[2026-09-22T18:55:20.384] Cog0  BM-RUNG3,seq,372,rid,59,motor,RIGHT,incre,-235_000_000,missed_d,0,illegal_d,0,hw_ticks,-372,hw_skip,256,amps_x10k,21_409,rs_impl,149,late,0,skipped,0,clamps,0,idle_up,FALSE,idle_i,0,why,NONE
[2026-09-22T18:55:20.400] Cog0  BM-CLIP,seq,373,rid,59,motor,RIGHT,incre,-235_000_000,duty_max,27_648,frame_half,3_068,dead_gap,70,lvl_min,3,lvl_max,2_996,room,2,n,996
[2026-09-22T18:55:22.466] Cog0  BM-RUNG,seq,374,seg,LIMTOP,life,5,rid,60,rung,19,motor,RIGHT,incre,-245_000_000,result,OK,off_neg,4,off_pos,348,steady_ms,470,win_ms,1_001,ticks,-656,rate_x10,-6_553,pred_x10,-6_547,why,NONE
[2026-09-22T18:55:22.468] Cog0  BM-RUNG2,seq,375,rid,60,motor,RIGHT,incre,-245_000_000,zero_x10,-4,i_x10,3_898,inet_x10,3_902,i_min,142,i_max,617,ph_x10,23_770,phu_x10,7_962,phv_x10,7_889,phw_x10,7_918,duty,27_645,duty_pk,27_648,duty_max,27_648,err,-60,err_pk,90,n,502,why,NONE
[2026-09-22T18:55:22.470] Cog0  BM-RUNGTR,seq,376,rid,60,motor,RIGHT,incre,-245_000_000,from_incre,-235_000_000,from_rest,FALSE,tr_ms,975,tr_err_pk,91,tr_i_pk,1_460,tr_i_over,843,tr_over,1,tr_n,489,why,NONE
[2026-09-22T18:55:22.472] Cog0  BM-RUNGHL,seq,377,rid,60,motor,RIGHT,incre,-245_000_000,tr_lag,0,tr_cap,23_118,win_lag,0,win_cap,24_609,drv_incr,-245_000_000,why,NONE
[2026-09-22T18:55:22.473] Cog0  BM-RUNG3,seq,378,rid,60,motor,RIGHT,incre,-245_000_000,missed_d,0,illegal_d,0,hw_ticks,-346,hw_skip,311,amps_x10k,26_102,rs_impl,149,late,0,skipped,0,clamps,0,idle_up,FALSE,idle_i,0,why,NONE
[2026-09-22T18:55:22.474] Cog0  BM-CLIP,seq,379,rid,60,motor,RIGHT,incre,-245_000_000,duty_max,27_648,frame_half,3_068,dead_gap,70,lvl_min,3,lvl_max,2_995,room,3,n,996
[2026-09-22T18:55:25.057] Cog0  BM-TOPSPD,seq,380,motor,RIGHT,sign,-1,top,245_000_000,unsat,175_000_000,edge,NA,edge_why,NONE,follow_pct,98
[2026-09-22T18:55:25.057] Cog3  INIT $0001_1BE2 $0004_5C4B load
[2026-09-22T18:55:25.072] Cog4  INIT $0000_0FA8 $0004_571B jump
[2026-09-22T18:55:27.168] Cog0  BM-START,seq,381,seg,LIMTOP,motor,RIGHT,life,6,cog_ret,3,cog_ok,TRUE,board,REV_B,board_enum,22,ready,TRUE,ready_ms,0,off_neg,17,off_pos,336,missed,0,illegal,0,zero_x10,3,ph_x10,1_585,why,NONE
[2026-09-22T18:55:29.081] Cog0  BM-RUNG,seq,382,seg,LIMTOP,life,6,rid,61,rung,0,motor,RIGHT,incre,5_000_000,result,OK,off_neg,17,off_pos,336,steady_ms,323,win_ms,1_003,ticks,13,rate_x10,129,pred_x10,133,why,NONE
[2026-09-22T18:55:29.082] Cog0  BM-RUNG2,seq,383,rid,61,motor,RIGHT,incre,5_000_000,zero_x10,3,i_x10,59,inet_x10,56,i_min,3,i_max,9,ph_x10,23_754,phu_x10,7_898,phv_x10,7_914,phw_x10,7_941,duty,1_600,duty_pk,1_600,duty_max,27_648,err,21,err_pk,45,n,503,why,NONE
[2026-09-22T18:55:29.084] Cog0  BM-RUNGTR,seq,384,rid,61,motor,RIGHT,incre,5_000_000,from_incre,0,from_rest,TRUE,tr_ms,823,tr_err_pk,68,tr_i_pk,12,tr_i_over,3,tr_over,23,tr_n,413,why,NONE
[2026-09-22T18:55:29.086] Cog0  BM-RUNGHL,seq,385,rid,61,motor,RIGHT,incre,5_000_000,tr_lag,0,tr_cap,0,win_lag,0,win_cap,0,drv_incr,5_000_000,why,NONE
[2026-09-22T18:55:29.087] Cog0  BM-RUNG3,seq,386,rid,61,motor,RIGHT,incre,5_000_000,missed_d,0,illegal_d,0,hw_ticks,13,hw_skip,0,amps_x10k,399,rs_impl,147,late,0,skipped,0,clamps,0,idle_up,FALSE,idle_i,0,why,NONE
[2026-09-22T18:55:29.103] Cog0  BM-CLIP,seq,387,rid,61,motor,RIGHT,incre,5_000_000,duty_max,27_648,frame_half,3_068,dead_gap,70,lvl_min,1_412,lvl_max,1_586,room,1_412,n,920
[2026-09-22T18:55:31.021] Cog0  BM-RUNG,seq,388,seg,LIMTOP,life,6,rid,62,rung,1,motor,RIGHT,incre,10_000_000,result,OK,off_neg,17,off_pos,336,steady_ms,323,win_ms,1_003,ticks,27,rate_x10,269,pred_x10,267,why,NONE
[2026-09-22T18:55:31.023] Cog0  BM-RUNG2,seq,389,rid,62,motor,RIGHT,incre,10_000_000,zero_x10,3,i_x10,44,inet_x10,41,i_min,1,i_max,8,ph_x10,23_746,phu_x10,7_897,phv_x10,7_873,phw_x10,7_975,duty,2_027,duty_pk,2_242,duty_max,27_648,err,47,err_pk,77,n,503,why,NONE
[2026-09-22T18:55:31.024] Cog0  BM-RUNGTR,seq,390,rid,62,motor,RIGHT,incre,10_000_000,from_incre,5_000_000,from_rest,FALSE,tr_ms,827,tr_err_pk,78,tr_i_pk,8,tr_i_over,0,tr_over,1,tr_n,415,why,NONE
[2026-09-22T18:55:31.026] Cog0  BM-RUNGHL,seq,391,rid,62,motor,RIGHT,incre,10_000_000,tr_lag,0,tr_cap,0,win_lag,0,win_cap,0,drv_incr,10_000_000,why,NONE
[2026-09-22T18:55:31.028] Cog0  BM-RUNG3,seq,392,rid,62,motor,RIGHT,incre,10_000_000,missed_d,0,illegal_d,0,hw_ticks,27,hw_skip,0,amps_x10k,288,rs_impl,152,late,0,skipped,0,clamps,0,idle_up,FALSE,idle_i,0,why,NONE
[2026-09-22T18:55:31.044] Cog0  BM-CLIP,seq,393,rid,62,motor,RIGHT,incre,10_000_000,duty_max,27_648,frame_half,3_068,dead_gap,70,lvl_min,1_379,lvl_max,1_619,room,1_379,n,922
[2026-09-22T18:55:33.111] Cog0  BM-RUNG,seq,394,seg,LIMTOP,life,6,rid,63,rung,2,motor,RIGHT,incre,20_000_000,result,OK,off_neg,17,off_pos,336,steady_ms,471,win_ms,1_003,ticks,54,rate_x10,538,pred_x10,534,why,NONE
[2026-09-22T18:55:33.112] Cog0  BM-RUNG2,seq,395,rid,63,motor,RIGHT,incre,20_000_000,zero_x10,3,i_x10,78,inet_x10,75,i_min,3,i_max,14,ph_x10,23_746,phu_x10,7_926,phv_x10,7_887,phw_x10,7_933,duty,3_570,duty_pk,3_872,duty_max,27_648,err,48,err_pk,78,n,503,why,NONE
[2026-09-22T18:55:33.114] Cog0  BM-RUNGTR,seq,396,rid,63,motor,RIGHT,incre,20_000_000,from_incre,10_000_000,from_rest,FALSE,tr_ms,975,tr_err_pk,78,tr_i_pk,14,tr_i_over,0,tr_over,0,tr_n,489,why,NONE
[2026-09-22T18:55:33.116] Cog0  BM-RUNGHL,seq,397,rid,63,motor,RIGHT,incre,20_000_000,tr_lag,0,tr_cap,0,win_lag,0,win_cap,0,drv_incr,20_000_000,why,NONE
[2026-09-22T18:55:33.118] Cog0  BM-RUNG3,seq,398,rid,63,motor,RIGHT,incre,20_000_000,missed_d,0,illegal_d,0,hw_ticks,54,hw_skip,0,amps_x10k,526,rs_impl,148,late,0,skipped,0,clamps,0,idle_up,FALSE,idle_i,0,why,NONE
[2026-09-22T18:55:33.134] Cog0  BM-CLIP,seq,399,rid,63,motor,RIGHT,incre,20_000_000,duty_max,27_648,frame_half,3_068,dead_gap,70,lvl_min,1_290,lvl_max,1_709,room,1_289,n,996
[2026-09-22T18:55:35.411] Cog0  BM-RUNG,seq,400,seg,LIMTOP,life,6,rid,64,rung,3,motor,RIGHT,incre,40_000_000,result,OK,off_neg,15,off_pos,337,steady_ms,677,win_ms,1_003,ticks,108,rate_x10,1_076,pred_x10,1_068,why,NONE
[2026-09-22T18:55:35.413] Cog0  BM-RUNG2,seq,401,rid,64,motor,RIGHT,incre,40_000_000,zero_x10,3,i_x10,106,inet_x10,103,i_min,4,i_max,19,ph_x10,23_733,phu_x10,7_926,phv_x10,7_884,phw_x10,7_922,duty,6_464,duty_pk,6_661,duty_max,27_648,err,48,err_pk,74,n,503,why,NONE
[2026-09-22T18:55:35.414] Cog0  BM-RUNGTR,seq,402,rid,64,motor,RIGHT,incre,40_000_000,from_incre,20_000_000,from_rest,FALSE,tr_ms,1_181,tr_err_pk,78,tr_i_pk,27,tr_i_over,8,tr_over,4,tr_n,592,why,NONE
[2026-09-22T18:55:35.416] Cog0  BM-RUNGHL,seq,403,rid,64,motor,RIGHT,incre,40_000_000,tr_lag,0,tr_cap,0,win_lag,0,win_cap,0,drv_incr,40_000_000,why,NONE
[2026-09-22T18:55:35.418] Cog0  BM-RUNG3,seq,404,rid,64,motor,RIGHT,incre,40_000_000,missed_d,0,illegal_d,0,hw_ticks,108,hw_skip,0,amps_x10k,710,rs_impl,149,late,0,skipped,0,clamps,0,idle_up,FALSE,idle_i,0,why,NONE
[2026-09-22T18:55:35.434] Cog0  BM-CLIP,seq,405,rid,64,motor,RIGHT,incre,40_000_000,duty_max,27_648,frame_half,3_068,dead_gap,70,lvl_min,1_132,lvl_max,1_866,room,1_132,n,1_099
[2026-09-22T18:55:37.710] Cog0  BM-RUNG,seq,406,seg,LIMTOP,life,6,rid,65,rung,4,motor,RIGHT,incre,60_000_000,result,OK,off_neg,1,off_pos,351,steady_ms,675,win_ms,1_001,ticks,161,rate_x10,1_608,pred_x10,1_603,why,NONE
[2026-09-22T18:55:37.712] Cog0  BM-RUNG2,seq,407,rid,65,motor,RIGHT,incre,60_000_000,zero_x10,3,i_x10,163,inet_x10,160,i_min,10,i_max,25,ph_x10,23_739,phu_x10,7_903,phv_x10,7_888,phw_x10,7_947,duty,9_512,duty_pk,9_649,duty_max,27_648,err,47,err_pk,73,n,502,why,NONE
[2026-09-22T18:55:37.713] Cog0  BM-RUNGTR,seq,408,rid,65,motor,RIGHT,incre,60_000_000,from_incre,40_000_000,from_rest,FALSE,tr_ms,1_181,tr_err_pk,76,tr_i_pk,34,tr_i_over,9,tr_over,3,tr_n,592,why,NONE
[2026-09-22T18:55:37.715] Cog0  BM-RUNGHL,seq,409,rid,65,motor,RIGHT,incre,60_000_000,tr_lag,0,tr_cap,0,win_lag,0,win_cap,0,drv_incr,60_000_000,why,NONE
[2026-09-22T18:55:37.717] Cog0  BM-RUNG3,seq,410,rid,65,motor,RIGHT,incre,60_000_000,missed_d,0,illegal_d,0,hw_ticks,161,hw_skip,0,amps_x10k,1_083,rs_impl,150,late,0,skipped,0,clamps,0,idle_up,FALSE,idle_i,0,why,NONE
[2026-09-22T18:55:37.733] Cog0  BM-CLIP,seq,411,rid,65,motor,RIGHT,incre,60_000_000,duty_max,27_648,frame_half,3_068,dead_gap,70,lvl_min,976,lvl_max,2_023,room,975,n,1_099
[2026-09-22T18:55:40.008] Cog0  BM-RUNG,seq,412,seg,LIMTOP,life,6,rid,66,rung,5,motor,RIGHT,incre,80_000_000,result,OK,off_neg,3,off_pos,349,steady_ms,675,win_ms,1_003,ticks,214,rate_x10,2_133,pred_x10,2_137,why,NONE
[2026-09-22T18:55:40.011] Cog0  BM-RUNG2,seq,413,rid,66,motor,RIGHT,incre,80_000_000,zero_x10,3,i_x10,225,inet_x10,222,i_min,12,i_max,38,ph_x10,23_746,phu_x10,7_903,phv_x10,7_891,phw_x10,7_952,duty,12_535,duty_pk,12_754,duty_max,27_648,err,47,err_pk,72,n,503,why,NONE
[2026-09-22T18:55:40.012] Cog0  BM-RUNGTR,seq,414,rid,66,motor,RIGHT,incre,80_000_000,from_incre,60_000_000,from_rest,FALSE,tr_ms,1_179,tr_err_pk,73,tr_i_pk,42,tr_i_over,4,tr_over,1,tr_n,591,why,NONE
[2026-09-22T18:55:40.014] Cog0  BM-RUNGHL,seq,415,rid,66,motor,RIGHT,incre,80_000_000,tr_lag,0,tr_cap,0,win_lag,0,win_cap,0,drv_incr,80_000_000,why,NONE
[2026-09-22T18:55:40.016] Cog0  BM-RUNG3,seq,416,rid,66,motor,RIGHT,incre,80_000_000,missed_d,0,illegal_d,0,hw_ticks,214,hw_skip,0,amps_x10k,1_494,rs_impl,150,late,0,skipped,0,clamps,0,idle_up,FALSE,idle_i,0,why,NONE
[2026-09-22T18:55:40.032] Cog0  BM-CLIP,seq,417,rid,66,motor,RIGHT,incre,80_000_000,duty_max,27_648,frame_half,3_068,dead_gap,70,lvl_min,812,lvl_max,2_187,room,811,n,1_099
[2026-09-22T18:55:42.307] Cog0  BM-RUNG,seq,418,seg,LIMTOP,life,6,rid,67,rung,6,motor,RIGHT,incre,100_000_000,result,OK,off_neg,4,off_pos,348,steady_ms,675,win_ms,1_001,ticks,268,rate_x10,2_677,pred_x10,2_672,why,NONE
[2026-09-22T18:55:42.310] Cog0  BM-RUNG2,seq,419,rid,67,motor,RIGHT,incre,100_000_000,zero_x10,3,i_x10,289,inet_x10,286,i_min,13,i_max,47,ph_x10,23_728,phu_x10,7_931,phv_x10,7_878,phw_x10,7_918,duty,15_589,duty_pk,15_784,duty_max,27_648,err,48,err_pk,73,n,502,why,NONE
[2026-09-22T18:55:42.311] Cog0  BM-RUNGTR,seq,420,rid,67,motor,RIGHT,incre,100_000_000,from_incre,80_000_000,from_rest,FALSE,tr_ms,1_181,tr_err_pk,73,tr_i_pk,60,tr_i_over,13,tr_over,0,tr_n,592,why,NONE
[2026-09-22T18:55:42.312] Cog0  BM-RUNGHL,seq,421,rid,67,motor,RIGHT,incre,100_000_000,tr_lag,0,tr_cap,0,win_lag,0,win_cap,0,drv_incr,100_000_000,why,NONE
[2026-09-22T18:55:42.315] Cog0  BM-RUNG3,seq,422,rid,67,motor,RIGHT,incre,100_000_000,missed_d,0,illegal_d,0,hw_ticks,268,hw_skip,0,amps_x10k,1_899,rs_impl,152,late,0,skipped,0,clamps,0,idle_up,FALSE,idle_i,0,why,NONE
[2026-09-22T18:55:42.331] Cog0  BM-CLIP,seq,423,rid,67,motor,RIGHT,incre,100_000_000,duty_max,27_648,frame_half,3_068,dead_gap,70,lvl_min,648,lvl_max,2_350,room,648,n,1_099
[2026-09-22T18:55:44.607] Cog0  BM-RUNG,seq,424,seg,LIMTOP,life,6,rid,68,rung,7,motor,RIGHT,incre,120_000_000,result,OK,off_neg,4,off_pos,348,steady_ms,676,win_ms,1_001,ticks,322,rate_x10,3_216,pred_x10,3_206,why,NONE
[2026-09-22T18:55:44.609] Cog0  BM-RUNG2,seq,425,rid,68,motor,RIGHT,incre,120_000_000,zero_x10,3,i_x10,353,inet_x10,350,i_min,9,i_max,61,ph_x10,23_746,phu_x10,7_941,phv_x10,7_891,phw_x10,7_913,duty,18_630,duty_pk,18_801,duty_max,27_648,err,47,err_pk,73,n,502,why,NONE
[2026-09-22T18:55:44.610] Cog0  BM-RUNGTR,seq,426,rid,68,motor,RIGHT,incre,120_000_000,from_incre,100_000_000,from_rest,FALSE,tr_ms,1_181,tr_err_pk,74,tr_i_pk,80,tr_i_over,19,tr_over,1,tr_n,592,why,NONE
[2026-09-22T18:55:44.611] Cog0  BM-RUNGHL,seq,427,rid,68,motor,RIGHT,incre,120_000_000,tr_lag,0,tr_cap,0,win_lag,0,win_cap,0,drv_incr,120_000_000,why,NONE
[2026-09-22T18:55:44.614] Cog0  BM-RUNG3,seq,428,rid,68,motor,RIGHT,incre,120_000_000,missed_d,0,illegal_d,0,hw_ticks,322,hw_skip,0,amps_x10k,2_325,rs_impl,151,late,0,skipped,0,clamps,0,idle_up,FALSE,idle_i,0,why,NONE
[2026-09-22T18:55:44.630] Cog0  BM-CLIP,seq,429,rid,68,motor,RIGHT,incre,120_000_000,duty_max,27_648,frame_half,3_068,dead_gap,70,lvl_min,482,lvl_max,2_516,room,482,n,1_100
[2026-09-22T18:55:46.906] Cog0  BM-RUNG,seq,430,seg,LIMTOP,life,6,rid,69,rung,8,motor,RIGHT,incre,140_000_000,result,OK,off_neg,4,off_pos,348,steady_ms,676,win_ms,1_003,ticks,376,rate_x10,3_748,pred_x10,3_741,why,NONE
[2026-09-22T18:55:46.908] Cog0  BM-RUNG2,seq,431,rid,69,motor,RIGHT,incre,140_000_000,zero_x10,3,i_x10,422,inet_x10,419,i_min,8,i_max,72,ph_x10,23_730,phu_x10,7_905,phv_x10,7_874,phw_x10,7_950,duty,21_702,duty_pk,21_831,duty_max,27_648,err,48,err_pk,74,n,503,why,NONE
[2026-09-22T18:55:46.909] Cog0  BM-RUNGTR,seq,432,rid,69,motor,RIGHT,incre,140_000_000,from_incre,120_000_000,from_rest,FALSE,tr_ms,1_179,tr_err_pk,76,tr_i_pk,166,tr_i_over,94,tr_over,2,tr_n,591,why,NONE
[2026-09-22T18:55:46.911] Cog0  BM-RUNGHL,seq,433,rid,69,motor,RIGHT,incre,140_000_000,tr_lag,0,tr_cap,0,win_lag,0,win_cap,0,drv_incr,140_000_000,why,NONE
[2026-09-22T18:55:46.913] Cog0  BM-RUNG3,seq,434,rid,69,motor,RIGHT,incre,140_000_000,missed_d,0,illegal_d,0,hw_ticks,376,hw_skip,0,amps_x10k,2_799,rs_impl,150,late,0,skipped,0,clamps,0,idle_up,FALSE,idle_i,0,why,NONE
[2026-09-22T18:55:46.930] Cog0  BM-CLIP,seq,435,rid,69,motor,RIGHT,incre,140_000_000,duty_max,27_648,frame_half,3_068,dead_gap,70,lvl_min,309,lvl_max,2_689,room,309,n,1_099
[2026-09-22T18:55:48.913] Cog0  BM-RUNG,seq,436,seg,LIMTOP,life,6,rid,70,rung,9,motor,RIGHT,incre,147_000_000,result,OK,off_neg,4,off_pos,348,steady_ms,389,win_ms,1_003,ticks,394,rate_x10,3_928,pred_x10,3_928,why,NONE
[2026-09-22T18:55:48.915] Cog0  BM-RUNG2,seq,437,rid,70,motor,RIGHT,incre,147_000_000,zero_x10,3,i_x10,450,inet_x10,447,i_min,11,i_max,72,ph_x10,23_760,phu_x10,7_981,phv_x10,7_875,phw_x10,7_902,duty,22_775,duty_pk,22_896,duty_max,27_648,err,47,err_pk,72,n,503,why,NONE
[2026-09-22T18:55:48.916] Cog0  BM-RUNGTR,seq,438,rid,70,motor,RIGHT,incre,147_000_000,from_incre,140_000_000,from_rest,FALSE,tr_ms,893,tr_err_pk,72,tr_i_pk,180,tr_i_over,108,tr_over,0,tr_n,448,why,NONE
[2026-09-22T18:55:48.918] Cog0  BM-RUNGHL,seq,439,rid,70,motor,RIGHT,incre,147_000_000,tr_lag,0,tr_cap,0,win_lag,0,win_cap,0,drv_incr,147_000_000,why,NONE
[2026-09-22T18:55:48.920] Cog0  BM-RUNG3,seq,440,rid,70,motor,RIGHT,incre,147_000_000,missed_d,0,illegal_d,0,hw_ticks,394,hw_skip,0,amps_x10k,3_005,rs_impl,149,late,0,skipped,0,clamps,0,idle_up,FALSE,idle_i,0,why,NONE
[2026-09-22T18:55:48.936] Cog0  BM-CLIP,seq,441,rid,70,motor,RIGHT,incre,147_000_000,duty_max,27_648,frame_half,3_068,dead_gap,70,lvl_min,256,lvl_max,2_742,room,256,n,955
[2026-09-22T18:55:50.947] Cog0  BM-RUNG,seq,442,seg,LIMTOP,life,6,rid,71,rung,10,motor,RIGHT,incre,155_000_000,result,OK,off_neg,4,off_pos,348,steady_ms,414,win_ms,1_001,ticks,415,rate_x10,4_145,pred_x10,4_142,why,NONE
[2026-09-22T18:55:50.949] Cog0  BM-RUNG2,seq,443,rid,71,motor,RIGHT,incre,155_000_000,zero_x10,3,i_x10,478,inet_x10,475,i_min,5,i_max,81,ph_x10,23_734,phu_x10,7_939,phv_x10,7_856,phw_x10,7_938,duty,24_017,duty_pk,24_147,duty_max,27_648,err,47,err_pk,72,n,502,why,NONE
[2026-09-22T18:55:50.950] Cog0  BM-RUNGTR,seq,444,rid,71,motor,RIGHT,incre,155_000_000,from_incre,147_000_000,from_rest,FALSE,tr_ms,919,tr_err_pk,74,tr_i_pk,228,tr_i_over,147,tr_over,2,tr_n,461,why,NONE
[2026-09-22T18:55:50.952] Cog0  BM-RUNGHL,seq,445,rid,71,motor,RIGHT,incre,155_000_000,tr_lag,0,tr_cap,0,win_lag,0,win_cap,0,drv_incr,155_000_000,why,NONE
[2026-09-22T18:55:50.954] Cog0  BM-RUNG3,seq,446,rid,71,motor,RIGHT,incre,155_000_000,missed_d,0,illegal_d,0,hw_ticks,415,hw_skip,0,amps_x10k,3_140,rs_impl,152,late,0,skipped,0,clamps,0,idle_up,FALSE,idle_i,0,why,NONE
[2026-09-22T18:55:50.970] Cog0  BM-CLIP,seq,447,rid,71,motor,RIGHT,incre,155_000_000,duty_max,27_648,frame_half,3_068,dead_gap,70,lvl_min,190,lvl_max,2_809,room,189,n,969
[2026-09-22T18:55:53.036] Cog0  BM-RUNG,seq,448,seg,LIMTOP,life,6,rid,72,rung,11,motor,RIGHT,incre,165_000_000,result,OK,off_neg,4,off_pos,348,steady_ms,470,win_ms,1_003,ticks,443,rate_x10,4_416,pred_x10,4_409,why,NONE
[2026-09-22T18:55:53.038] Cog0  BM-RUNG2,seq,449,rid,72,motor,RIGHT,incre,165_000_000,zero_x10,3,i_x10,517,inet_x10,514,i_min,18,i_max,90,ph_x10,23_733,phu_x10,7_897,phv_x10,7_885,phw_x10,7_950,duty,25_582,duty_pk,25_729,duty_max,27_648,err,48,err_pk,73,n,503,why,NONE
[2026-09-22T18:55:53.039] Cog0  BM-RUNGTR,seq,450,rid,72,motor,RIGHT,incre,165_000_000,from_incre,155_000_000,from_rest,FALSE,tr_ms,973,tr_err_pk,75,tr_i_pk,284,tr_i_over,194,tr_over,2,tr_n,488,why,NONE
[2026-09-22T18:55:53.041] Cog0  BM-RUNGHL,seq,451,rid,72,motor,RIGHT,incre,165_000_000,tr_lag,0,tr_cap,0,win_lag,0,win_cap,0,drv_incr,165_000_000,why,NONE
[2026-09-22T18:55:53.043] Cog0  BM-RUNG3,seq,452,rid,72,motor,RIGHT,incre,165_000_000,missed_d,0,illegal_d,0,hw_ticks,443,hw_skip,0,amps_x10k,3_494,rs_impl,147,late,0,skipped,0,clamps,0,idle_up,FALSE,idle_i,0,why,NONE
[2026-09-22T18:55:53.058] Cog0  BM-CLIP,seq,453,rid,72,motor,RIGHT,incre,165_000_000,duty_max,27_648,frame_half,3_068,dead_gap,70,lvl_min,98,lvl_max,2_900,room,98,n,996
[2026-09-22T18:55:55.126] Cog0  BM-RUNG,seq,454,seg,LIMTOP,life,6,rid,73,rung,12,motor,RIGHT,incre,175_000_000,result,OK,off_neg,4,off_pos,348,steady_ms,471,win_ms,1_003,ticks,469,rate_x10,4_675,pred_x10,4_676,why,NONE
[2026-09-22T18:55:55.128] Cog0  BM-RUNG2,seq,455,rid,73,motor,RIGHT,incre,175_000_000,zero_x10,3,i_x10,565,inet_x10,562,i_min,9,i_max,98,ph_x10,23_732,phu_x10,7_931,phv_x10,7_900,phw_x10,7_900,duty,27_161,duty_pk,27_295,duty_max,27_648,err,47,err_pk,74,n,503,why,NONE
[2026-09-22T18:55:55.129] Cog0  BM-RUNGTR,seq,456,rid,73,motor,RIGHT,incre,175_000_000,from_incre,165_000_000,from_rest,FALSE,tr_ms,975,tr_err_pk,74,tr_i_pk,305,tr_i_over,207,tr_over,0,tr_n,489,why,NONE
[2026-09-22T18:55:55.131] Cog0  BM-RUNGHL,seq,457,rid,73,motor,RIGHT,incre,175_000_000,tr_lag,0,tr_cap,0,win_lag,0,win_cap,0,drv_incr,175_000_000,why,NONE
[2026-09-22T18:55:55.133] Cog0  BM-RUNG3,seq,458,rid,73,motor,RIGHT,incre,175_000_000,missed_d,0,illegal_d,0,hw_ticks,469,hw_skip,0,amps_x10k,3_755,rs_impl,150,late,0,skipped,0,clamps,0,idle_up,FALSE,idle_i,0,why,NONE
[2026-09-22T18:55:55.149] Cog0  BM-CLIP,seq,459,rid,73,motor,RIGHT,incre,175_000_000,duty_max,27_648,frame_half,3_068,dead_gap,70,lvl_min,18,lvl_max,2_981,room,17,n,996
[2026-09-22T18:55:57.220] Cog0  BM-RUNG,seq,460,seg,LIMTOP,life,6,rid,74,rung,13,motor,RIGHT,incre,185_000_000,result,OK,off_neg,4,off_pos,348,steady_ms,469,win_ms,1_007,ticks,498,rate_x10,4_945,pred_x10,4_944,why,NONE
[2026-09-22T18:55:57.222] Cog0  BM-RUNG2,seq,461,rid,74,motor,RIGHT,incre,185_000_000,zero_x10,3,i_x10,590,inet_x10,587,i_min,20,i_max,94,ph_x10,23_731,phu_x10,7_916,phv_x10,7_901,phw_x10,7_912,duty,27_628,duty_pk,27_648,duty_max,27_648,err,51,err_pk,78,n,505,why,NONE
[2026-09-22T18:55:57.224] Cog0  BM-RUNGTR,seq,462,rid,74,motor,RIGHT,incre,185_000_000,from_incre,175_000_000,from_rest,FALSE,tr_ms,975,tr_err_pk,79,tr_i_pk,403,tr_i_over,309,tr_over,1,tr_n,489,why,NONE
[2026-09-22T18:55:57.226] Cog0  BM-RUNGHL,seq,463,rid,74,motor,RIGHT,incre,185_000_000,tr_lag,0,tr_cap,4_168,win_lag,0,win_cap,7_068,drv_incr,185_000_000,why,NONE
[2026-09-22T18:55:57.228] Cog0  BM-RUNG3,seq,464,rid,74,motor,RIGHT,incre,185_000_000,missed_d,0,illegal_d,0,hw_ticks,484,hw_skip,13,amps_x10k,3_994,rs_impl,147,late,0,skipped,0,clamps,0,idle_up,FALSE,idle_i,0,why,NONE
[2026-09-22T18:55:57.244] Cog0  BM-CLIP,seq,465,rid,74,motor,RIGHT,incre,185_000_000,duty_max,27_648,frame_half,3_068,dead_gap,70,lvl_min,4,lvl_max,2_994,room,4,n,998
[2026-09-22T18:55:59.309] Cog0  BM-RUNG,seq,466,seg,LIMTOP,life,6,rid,75,rung,14,motor,RIGHT,incre,195_000_000,result,OK,off_neg,4,off_pos,348,steady_ms,469,win_ms,1_003,ticks,523,rate_x10,5_214,pred_x10,5_211,why,NONE
[2026-09-22T18:55:59.311] Cog0  BM-RUNG2,seq,467,rid,75,motor,RIGHT,incre,195_000_000,zero_x10,3,i_x10,863,inet_x10,860,i_min,21,i_max,154,ph_x10,23_970,phu_x10,8_218,phv_x10,8_096,phw_x10,7_655,duty,27_634,duty_pk,27_648,duty_max,27_648,err,53,err_pk,79,n,503,why,NONE
[2026-09-22T18:55:59.313] Cog0  BM-RUNGTR,seq,468,rid,75,motor,RIGHT,incre,195_000_000,from_incre,185_000_000,from_rest,FALSE,tr_ms,973,tr_err_pk,80,tr_i_pk,544,tr_i_over,390,tr_over,1,tr_n,488,why,NONE
[2026-09-22T18:55:59.315] Cog0  BM-RUNGHL,seq,469,rid,75,motor,RIGHT,incre,195_000_000,tr_lag,0,tr_cap,9_535,win_lag,0,win_cap,11_345,drv_incr,195_000_000,why,NONE
[2026-09-22T18:55:59.317] Cog0  BM-RUNG3,seq,470,rid,75,motor,RIGHT,incre,195_000_000,missed_d,0,illegal_d,0,hw_ticks,481,hw_skip,37,amps_x10k,5_755,rs_impl,149,late,0,skipped,0,clamps,0,idle_up,FALSE,idle_i,0,why,NONE
[2026-09-22T18:55:59.333] Cog0  BM-CLIP,seq,471,rid,75,motor,RIGHT,incre,195_000_000,duty_max,27_648,frame_half,3_068,dead_gap,70,lvl_min,4,lvl_max,2_995,room,3,n,996
[2026-09-22T18:56:01.400] Cog0  BM-RUNG,seq,472,seg,LIMTOP,life,6,rid,76,rung,15,motor,RIGHT,incre,205_000_000,result,OK,off_neg,4,off_pos,348,steady_ms,470,win_ms,1_003,ticks,550,rate_x10,5_483,pred_x10,5_478,why,NONE
[2026-09-22T18:56:01.402] Cog0  BM-RUNG2,seq,473,rid,76,motor,RIGHT,incre,205_000_000,zero_x10,3,i_x10,1_345,inet_x10,1_342,i_min,30,i_max,257,ph_x10,23_743,phu_x10,7_956,phv_x10,7_865,phw_x10,7_921,duty,27_638,duty_pk,27_648,duty_max,27_648,err,55,err_pk,81,n,503,why,NONE
[2026-09-22T18:56:01.403] Cog0  BM-RUNGTR,seq,474,rid,76,motor,RIGHT,incre,205_000_000,from_incre,195_000_000,from_rest,FALSE,tr_ms,975,tr_err_pk,85,tr_i_pk,652,tr_i_over,395,tr_over,4,tr_n,489,why,NONE
[2026-09-22T18:56:01.405] Cog0  BM-RUNGHL,seq,475,rid,76,motor,RIGHT,incre,205_000_000,tr_lag,0,tr_cap,13_301,win_lag,0,win_cap,14_881,drv_incr,205_000_000,why,NONE
[2026-09-22T18:56:01.407] Cog0  BM-RUNG3,seq,476,rid,76,motor,RIGHT,incre,205_000_000,missed_d,0,illegal_d,0,hw_ticks,454,hw_skip,91,amps_x10k,8_678,rs_impl,154,late,0,skipped,0,clamps,0,idle_up,FALSE,idle_i,0,why,NONE
[2026-09-22T18:56:01.423] Cog0  BM-CLIP,seq,477,rid,76,motor,RIGHT,incre,205_000_000,duty_max,27_648,frame_half,3_068,dead_gap,70,lvl_min,4,lvl_max,2_995,room,3,n,996
[2026-09-22T18:56:03.489] Cog0  BM-RUNG,seq,478,seg,LIMTOP,life,6,rid,77,rung,16,motor,RIGHT,incre,215_000_000,result,OK,off_neg,4,off_pos,348,steady_ms,469,win_ms,1_001,ticks,575,rate_x10,5_744,pred_x10,5_745,why,NONE
[2026-09-22T18:56:03.491] Cog0  BM-RUNG2,seq,479,rid,77,motor,RIGHT,incre,215_000_000,zero_x10,3,i_x10,1_933,inet_x10,1_930,i_min,56,i_max,329,ph_x10,23_709,phu_x10,7_892,phv_x10,7_876,phw_x10,7_941,duty,27_641,duty_pk,27_648,duty_max,27_648,err,56,err_pk,84,n,502,why,NONE
[2026-09-22T18:56:03.493] Cog0  BM-RUNGTR,seq,480,rid,77,motor,RIGHT,incre,215_000_000,from_incre,205_000_000,from_rest,FALSE,tr_ms,975,tr_err_pk,85,tr_i_pk,1_000,tr_i_over,671,tr_over,1,tr_n,489,why,NONE
[2026-09-22T18:56:03.495] Cog0  BM-RUNGHL,seq,481,rid,77,motor,RIGHT,incre,215_000_000,tr_lag,0,tr_cap,16_377,win_lag,0,win_cap,17_890,drv_incr,215_000_000,why,NONE
[2026-09-22T18:56:03.496] Cog0  BM-RUNG3,seq,482,rid,77,motor,RIGHT,incre,215_000_000,missed_d,0,illegal_d,0,hw_ticks,427,hw_skip,145,amps_x10k,12_930,rs_impl,149,late,0,skipped,0,clamps,0,idle_up,FALSE,idle_i,0,why,NONE
[2026-09-22T18:56:03.512] Cog0  BM-CLIP,seq,483,rid,77,motor,RIGHT,incre,215_000_000,duty_max,27_648,frame_half,3_068,dead_gap,70,lvl_min,4,lvl_max,2_995,room,3,n,996
[2026-09-22T18:56:05.578] Cog0  BM-RUNG,seq,484,seg,LIMTOP,life,6,rid,78,rung,17,motor,RIGHT,incre,225_000_000,result,OK,off_neg,4,off_pos,348,steady_ms,469,win_ms,1_001,ticks,603,rate_x10,6_023,pred_x10,6_013,why,NONE
[2026-09-22T18:56:05.580] Cog0  BM-RUNG2,seq,485,rid,78,motor,RIGHT,incre,225_000_000,zero_x10,3,i_x10,2_581,inet_x10,2_578,i_min,68,i_max,439,ph_x10,23_745,phu_x10,7_921,phv_x10,7_921,phw_x10,7_901,duty,27_643,duty_pk,27_648,duty_max,27_648,err,57,err_pk,86,n,502,why,NONE
[2026-09-22T18:56:05.582] Cog0  BM-RUNGTR,seq,486,rid,78,motor,RIGHT,incre,225_000_000,from_incre,215_000_000,from_rest,FALSE,tr_ms,975,tr_err_pk,90,tr_i_pk,1_095,tr_i_over,656,tr_over,4,tr_n,489,why,NONE
[2026-09-22T18:56:05.584] Cog0  BM-RUNGHL,seq,487,rid,78,motor,RIGHT,incre,225_000_000,tr_lag,0,tr_cap,19_029,win_lag,0,win_cap,20_426,drv_incr,225_000_000,why,NONE
[2026-09-22T18:56:05.585] Cog0  BM-RUNG3,seq,488,rid,78,motor,RIGHT,incre,225_000_000,missed_d,0,illegal_d,0,hw_ticks,399,hw_skip,201,amps_x10k,17_181,rs_impl,150,late,0,skipped,0,clamps,0,idle_up,FALSE,idle_i,0,why,NONE
[2026-09-22T18:56:05.601] Cog0  BM-CLIP,seq,489,rid,78,motor,RIGHT,incre,225_000_000,duty_max,27_648,frame_half,3_068,dead_gap,70,lvl_min,3,lvl_max,2_995,room,3,n,995
[2026-09-22T18:56:07.668] Cog0  BM-RUNG,seq,490,seg,LIMTOP,life,6,rid,79,rung,18,motor,RIGHT,incre,235_000_000,result,OK,off_neg,4,off_pos,348,steady_ms,471,win_ms,1_001,ticks,514,rate_x10,5_134,pred_x10,6_280,why,NONE
[2026-09-22T18:56:07.670] Cog0  BM-RUNG2,seq,491,rid,79,motor,RIGHT,incre,235_000_000,zero_x10,3,i_x10,2_429,inet_x10,2_426,i_min,-7,i_max,3_718,ph_x10,23_026,phu_x10,7_688,phv_x10,7_624,phw_x10,7_714,duty,27_107,duty_pk,27_648,duty_max,27_648,err,54,err_pk,111,n,502,why,NONE
[2026-09-22T18:56:07.672] Cog0  BM-RUNGTR,seq,492,rid,79,motor,RIGHT,incre,235_000_000,from_incre,225_000_000,from_rest,FALSE,tr_ms,975,tr_err_pk,112,tr_i_pk,3_574,tr_i_over,-144,tr_over,1,tr_n,489,why,NONE
[2026-09-22T18:56:07.674] Cog0  BM-RUNGHL,seq,493,rid,79,motor,RIGHT,incre,235_000_000,tr_lag,9,tr_cap,19_250,win_lag,23,win_cap,11_484,drv_incr,212_833_360,why,NONE
[2026-09-22T18:56:07.676] Cog0  BM-RUNG3,seq,494,rid,79,motor,RIGHT,incre,235_000_000,missed_d,0,illegal_d,0,hw_ticks,424,hw_skip,128,amps_x10k,17_040,rs_impl,142,late,0,skipped,0,clamps,0,idle_up,FALSE,idle_i,0,why,NONE
[2026-09-22T18:56:07.678] Cog0  BM-CLIP,seq,495,rid,79,motor,RIGHT,incre,235_000_000,duty_max,27_648,frame_half,3_068,dead_gap,70,lvl_min,3,lvl_max,2_996,room,2,n,997
[2026-09-22T18:56:07.695] Cog0  BM-RUNG,seq,496,seg,LIMTOP,life,6,rid,80,rung,19,motor,RIGHT,incre,245_000_000,result,SKIPPED,off_neg,4,off_pos,348,steady_ms,NA,win_ms,NA,ticks,NA,rate_x10,NA,pred_x10,6_547,why,PAST_EDGE
[2026-09-22T18:56:09.583] Cog0  BM-TOPSPD,seq,497,motor,RIGHT,sign,1,top,225_000_000,unsat,175_000_000,edge,235_000_000,edge_why,HOLD,follow_pct,98
[2026-09-22T18:56:09.594] Cog0  BM-SEG,seq,498,seg,LIMTOP,event,END,attended,FALSE,items,80,faults,0,unrecov,0,ms,186_418,why,NONE
[2026-09-22T18:56:09.597] Cog0  BM-INST,seq,499,event,STOP,cog,2,state,EXITED,ack_ms,7,samples,84_261,late,0,skipped,0,max_late_us,0,clamps,0,why,NONE
[2026-09-22T18:56:09.598] Cog0  BM-LAG,seq,500,motor,LEFT,part,LIM,max_err,102,samples,42_629,lo,0,hi,124,hold,100,fault,125,sat,127,why,NONE
[2026-09-22T18:56:09.600] Cog0  BM-LAG,seq,501,motor,RIGHT,part,LIM,max_err,112,samples,41_632,lo,0,hi,124,hold,100,fault,125,sat,127,why,NONE
[2026-09-22T18:56:09.601] Cog0  SIGNOFF,sf,1,bin,DUAL,cell,R18-DUAL-NOSTALL-M,task,3508,motor,NONE,crit,ENDED_BY_COG0,measured,TRUE,lo,TRUE,hi,TRUE,units,BOOL,n,1,verdict,PASS
[2026-09-22T18:56:09.603] Cog0  SIGNOFF,sf,1,bin,DUAL,cell,R18-DUAL-DBGMASK-M,task,3508,motor,NONE,crit,QUIET_MASKS,measured,TRUE,lo,TRUE,hi,TRUE,units,BOOL,n,1,verdict,PASS
[2026-09-22T18:56:09.604] Cog0  SIGNOFF,sf,1,bin,DUAL,cell,R14-DUAL-TRACES-M,task,3508,motor,NONE,crit,TRACE_DATA_LOST,measured,NA,lo,0,hi,0,units,COUNT,n,0,verdict,NOMEAS
[2026-09-22T18:56:09.606] Cog0  SIGNOFF,sf,1,bin,DUAL,cell,R18-DUAL-TOPSPD-M,task,3508,motor,LEFT,crit,TOP_INCRE_E6,measured,245,lo,147,hi,245,units,INCR_E6,n,2,verdict,PASS
[2026-09-22T18:56:09.608] Cog0  SIGNOFF,sf,1,bin,DUAL,cell,R18-DUAL-PWMCLIP-M,task,3508,motor,LEFT,crit,LEAST_RAIL_ROOM,measured,2,lo,0,hi,999_999_999,units,PWM_CNT,n,40,verdict,PASS
[2026-09-22T18:56:09.610] Cog0  SIGNOFF,sf,1,bin,DUAL,cell,R18-DUAL-TOPSPD-M,task,3508,motor,RIGHT,crit,TOP_INCRE_E6,measured,225,lo,147,hi,245,units,INCR_E6,n,2,verdict,PASS
[2026-09-22T18:56:09.610] Cog0  SIGNOFF,sf,1,bin,DUAL,cell,R18-DUAL-PWMCLIP-M,task,3508,motor,RIGHT,crit,LEAST_RAIL_ROOM,measured,2,lo,0,hi,999_999_999,units,PWM_CNT,n,39,verdict,PASS
[2026-09-22T18:56:09.612] Cog0  BM-TRAP,seq,502,code,0,returned,TRUE
[2026-09-22T18:56:09.628] Cog0  BM-END,seq,503,exit,COMPLETE,part,LIM,segs,2,last_seg,LIMTOP,records,503,trap_code,0,unrecov,0,why,NONE
[2026-09-22T18:56:09.628] Cog0  DEBUG_END_SESSION

=== Debug Logger Session Ended at 2026-09-22T18:56:09.630 ===
